B11,B12,B2,B3,B4,B8,NDBI,NDVI,builtup,lon,lat
2554.5,1685.0,454.0,738.0,672.0,2635.0,-0.015512092038989067,0.5935893654823303,0,36.973264705669116,-1.2457387202527463
2522.5,1790.0,479.5,704.0,875.0,2323.0,0.041172221302986145,0.4527829885482788,0,36.96589852033934,-1.2170824626893337
2165.5,1263.5,424.5,757.5,693.0,3136.0,-0.1830613911151886,0.6380255818367004,0,36.94047619779876,-1.2236401642634063
3182.0,2479.0,654.0,930.0,1120.0,2432.0,0.1335945874452591,0.36936935782432556,0,36.96832397160646,-1.2356775890706078
2944.0,2165.0,900.0,1190.0,1302.0,2713.0,0.04083436354994774,0.35143211483955383,0,36.98296651073761,-1.2328928116898372
1971.0,1213.0,430.0,698.5,639.0,2249.5,-0.06598744541406631,0.5575558543205261,0,36.940566029327165,-1.2345996107296644
2527.5,1740.0,560.0,818.0,908.5,2497.5,0.005970149300992489,0.4665296673774719,0,36.97667830374877,-1.2101654350016133
3189.0,2457.5,596.0,851.5,1002.0,2360.0,0.14939628541469574,0.40392622351646423,0,36.969940939117876,-1.2341504530876046
2653.0,2009.0,786.0,1122.0,1230.0,2755.0,-0.018860947340726852,0.3826850652694702,0,36.93814057806004,-1.2290300559681233
2309.0,1332.0,466.0,754.0,661.0,3284.0,-0.17432504892349243,0.6648922562599182,0,36.943171143651114,-1.2265147731725887
2982.0,2215.0,714.0,966.5,1227.0,2111.5,0.17090409994125366,0.2649393379688263,0,36.960598460163034,-1.231725001820482
2855.0,1921.0,584.0,797.0,904.0,2098.0,0.1528366655111313,0.3977348506450653,0,36.98009190182843,-1.222292691337227
3206.0,2328.0,730.0,1028.0,1198.0,2598.0,0.10475534200668335,0.3688092827796936,0,36.96949178147582,-1.235497926013784
2110.0,1248.5,356.0,650.5,436.0,3469.0,-0.2435920387506485,0.7766965627670288,0,36.97470201012371,-1.227772414570356
3572.5,2958.0,844.5,1127.0,1525.0,2245.5,0.2280852496623993,0.1910887211561203,0,36.953681432475314,-1.2323538225193655
2491.5,1536.0,449.0,655.0,629.5,2605.5,-0.022366097196936607,0.6108191609382629,0,36.94847120382742,-1.2438522581560953
3168.0,2277.5,624.0,922.0,1042.0,2576.5,0.10296805948019028,0.4240707457065582,0,36.940835523912405,-1.225885952473705
2405.0,1640.0,531.0,759.0,854.0,2306.5,0.020906293764710426,0.4595791697502136,0,36.959700144878916,-1.2224723543940508
2491.0,1719.0,595.0,820.0,1000.0,2558.0,-0.013269954361021519,0.43788644671440125,0,36.97074942287358,-1.2327131486330134
3430.0,2630.5,759.5,1019.5,1302.0,2363.5,0.18408560752868652,0.2895921468734741,0,36.97245622191341,-1.237025061996787
2958.0,2317.5,626.5,844.0,999.0,1994.5,0.19454820454120636,0.3325538635253906,0,36.97074942287358,-1.2368453989399633
3047.0,2175.5,690.0,1099.0,1101.0,2778.0,0.046180255711078644,0.43232792615890503,0,36.9791037550159,-1.2421454591162684
2999.5,2098.0,688.0,936.0,1095.0,2495.5,0.09171974658966064,0.3900570869445801,0,36.96167643850398,-1.225885952473705
2839.5,2060.0,614.0,800.0,1082.0,2218.5,0.12277580052614212,0.3443417549133301,0,36.94326097517953,-1.2188790932575728
3240.0,2565.0,783.0,1110.0,1300.0,2563.0,0.11666379123926163,0.326947957277298,0,36.976318977635124,-1.2429539428719758
2363.0,1608.0,521.0,808.0,753.0,2412.0,-0.0102617796510458,0.5241706371307373,0,36.95215429649231,-1.2381928718661424
2279.5,1645.5,480.0,733.5,695.5,2599.5,-0.06558720767498016,0.5778452157974243,0,36.94999833981042,-1.201541608274066
2099.0,1130.0,284.5,562.5,367.5,3448.0,-0.24319452047348022,0.8073647022247314,0,36.965808688810924,-1.2195079139564564
3024.0,2419.0,704.0,978.0,1268.0,2176.0,0.16307692229747772,0.2636469304561615,0,36.94550676338982,-1.2292995505533593
2322.0,1191.0,441.0,802.0,513.0,4384.0,-0.30748581886291504,0.7904839515686035,0,36.965629025754104,-1.2506794543154038
2378.0,1607.0,527.0,695.0,900.0,2154.0,0.049426302313804626,0.41060903668403625,0,36.9520644649639,-1.2177112833882173
2586.5,2122.0,642.5,972.5,1029.0,2688.5,-0.01933649368584156,0.4464021623134613,0,36.94595592103189,-1.233431800860309
2782.0,2017.0,544.0,860.0,867.0,2973.0,-0.033188533037900925,0.5484374761581421,0,36.945416931861416,-1.227772414570356
2487.0,1653.0,524.0,786.0,858.0,2392.0,0.01947120390832424,0.47200000286102295,0,36.96023913404939,-1.2415166384173846
2829.5,1930.5,612.5,886.0,1084.0,2417.5,0.07852105796337128,0.3808367848396301,0,36.95996963946415,-1.224089321905466
2974.5,2036.5,664.5,936.5,1206.0,2311.5,0.12542565166950226,0.3142857253551483,0,36.94362030129317,-1.223999490377054
3033.0,2207.0,674.0,984.0,936.0,3131.0,-0.015898767858743668,0.5397098660469055,0,36.96742565632234,-1.2231910066213465
2634.0,1910.0,710.5,1079.0,1008.5,3016.0,-0.06761062145233154,0.4988197386264801,0,36.978025776674954,-1.2105247611152612
2156.0,1534.0,540.0,756.0,710.0,2370.0,-0.04728236794471741,0.5389610528945923,0,36.96742565632234,-1.229479213610183
2494.0,1896.0,566.0,778.0,966.0,2407.0,0.017751479521393776,0.42721614241600037,0,36.966796835623455,-1.2487929922187528
2591.0,1761.0,595.5,908.0,861.5,2848.0,-0.04725133255124092,0.5355169177055359,0,36.978744428902246,-1.210704424172085
2780.0,1854.0,600.0,819.0,1060.0,2308.0,0.09276729822158813,0.3705463111400604,0,36.949908508282014,-1.2217537021667553
2661.5,2087.5,672.5,937.5,1061.0,2432.0,0.045057427138090134,0.39249929785728455,0,36.96904262383376,-1.208817962075434
2840.0,2349.0,673.0,902.0,1036.0,2308.0,0.10334110260009766,0.380382776260376,0,36.96841380313487,-1.2079196467913145
2747.0,2354.0,805.0,1110.0,1326.0,2238.0,0.10210631787776947,0.25589224696159363,0,36.969940939117876,-1.2249876371895854
2489.5,1732.0,501.5,715.0,791.0,1899.0,0.13455623388290405,0.41189590096473694,0,36.97622914610671,-1.2457387202527463
2918.0,1956.0,766.0,1028.0,1294.0,2464.0,0.08435525745153427,0.31133580207824707,0,36.950088171338834,-1.225796120945293
2102.5,1218.5,403.5,667.0,582.0,2948.0,-0.16740916669368744,0.6702549457550049,0,36.98152920628302,-1.2244486480191137
2520.0,1574.0,523.0,794.0,784.0,3008.0,-0.08827786147594452,0.5864979028701782,0,36.96428155282793,-1.2300182027806548
3257.0,2380.5,769.0,1137.0,1183.0,2898.0,0.058326564729213715,0.4202401340007782,0,36.96464087894157,-1.2245384795475258
3190.0,2197.0,604.0,876.0,1130.0,2438.0,0.13361762464046478,0.3665919303894043,0,36.96041879710621,-1.2325334855761894
2519.0,1621.0,515.0,800.0,792.0,2610.0,-0.017742250114679337,0.5343915224075317,0,36.96509003658363,-1.2438522581560953
2875.0,2398.0,653.0,830.0,1088.0,1980.0,0.1843460351228714,0.2907431423664093,0,36.96715616173711,-1.2386420295082021
3469.0,2598.0,822.0,1098.0,1184.0,2614.0,0.14055564999580383,0.3765139579772949,0,36.94685423631601,-1.2293893820817712
2736.0,2431.0,916.0,1156.0,1384.0,2406.0,0.06417736411094666,0.2696569859981537,0,36.95448991623102,-1.237204725053611
2574.5,1776.5,649.0,922.5,926.0,2600.5,-0.005024154670536518,0.4748333990573883,0,36.962035764617625,-1.2398996709059695
3179.0,2307.0,754.5,1032.0,1184.0,2705.5,0.08046562969684601,0.3911813795566559,0,36.949189856054716,-1.2290300559681233
1569.0,1140.0,488.0,736.0,838.0,1671.0,-0.031481482088565826,0.3320047855377197,0,36.94092535544082,-1.23531826295696
3463.5,2748.5,865.0,1152.0,1426.0,2470.5,0.16734075546264648,0.2680610716342926,0,36.97200706427135,-1.2382827033945545
2516.5,1606.5,496.0,704.0,828.5,2345.5,0.03517071157693863,0.47794580459594727,0,36.98431398366379,-1.226065615530529
3348.0,2255.0,683.5,953.0,1195.0,2612.5,0.12339568883180618,0.37229153513908386,0,36.96140694391874,-1.2321741594625417
2205.0,1167.0,403.0,670.0,546.0,3691.0,-0.2520352900028229,0.7422704696655273,0,36.970839254401994,-1.248703160690341
2131.0,1164.0,347.5,651.5,411.5,3526.0,-0.24659714102745056,0.7909841537475586,0,36.96140694391874,-1.2400793339627934
2721.0,1803.0,641.0,946.0,1078.0,2599.0,0.022932330146431923,0.4136524200439453,0,36.98018173335684,-1.2084586359617864
2135.0,1269.0,459.0,703.0,580.0,3270.0,-0.2099907547235489,0.6987013220787048,0,36.951794970378664,-1.2416064699457967
2583.0,2013.0,884.0,1176.0,1400.0,2384.0,0.04006442427635193,0.260042279958725,0,36.96005947099256,-1.1984873363080595
2360.0,1554.0,462.0,692.0,821.0,2134.0,0.050289273262023926,0.44433164596557617,0,36.95314244330484,-1.2170824626893337
2837.0,2282.5,1151.0,1382.0,1656.0,2303.5,0.10378368198871613,0.16353075206279755,0,36.97937324960113,-1.2381030403377304
3174.0,2201.5,653.5,936.0,1172.0,2752.0,0.07121160626411438,0.4026503562927246,0,36.95619671527085,-1.2252571317748213
2381.5,1412.5,538.0,851.0,831.0,2942.5,-0.10537189990282059,0.5595600605010986,0,36.94892036146948,-1.2342402846160165
2452.0,1856.5,820.0,1127.0,1206.0,2662.0,-0.04106374830007553,0.3764219284057617,0,36.96931211841899,-1.229479213610183
2900.0,2296.0,883.0,1122.0,1238.0,2306.0,0.11409911513328552,0.30135440826416016,0,36.97829527126019,-1.2424149537015041
2805.0,2211.0,543.0,760.0,824.0,2328.0,0.09292811155319214,0.4771573543548584,0,36.96796464549281,-1.2149265060074468
2407.5,1626.5,472.5,677.5,809.5,2225.0,0.03939557448029518,0.4664689302444458,0,36.961137449333506,-1.220316397712164
2557.0,1829.0,499.0,774.0,748.0,2769.0,-0.03980473056435585,0.5746374726295471,0,36.972995211083884,-1.2289402244397114
3209.5,2469.5,680.0,998.0,1287.0,2263.0,0.1729556918144226,0.27492958307266235,0,36.97119858051565,-1.2356775890706078
2569.0,1690.0,590.0,828.0,818.0,2752.0,-0.03439203277230263,0.5417367219924927,0,36.98386482602173,-1.2251673002464094
3230.0,2425.0,713.0,1007.0,1275.0,2506.0,0.12622036039829254,0.32557523250579834,0,36.94110501849764,-1.22795207762718
2690.0,2251.0,1332.0,1662.0,1798.0,2614.0,0.014328808523714542,0.18495014309883118,0,36.96733582479393,-1.2289402244397114
2624.0,1825.0,506.0,682.0,794.0,1921.0,0.1546754688024521,0.4151012897491455,0,36.98260718462396,-1.2208553868826357
2200.0,1501.5,458.0,726.5,544.5,3071.0,-0.16524378955364227,0.6987968683242798,0,36.93499647456563,-1.2213045445246955
2698.5,2291.0,1120.0,1400.0,1718.0,2040.0,0.13896802067756653,0.08568387478590012,0,36.96023913404939,-1.2017212713308898
3111.0,2124.0,634.0,881.0,1047.0,2497.0,0.10948644578456879,0.40914222598075867,0,36.96221542767445,-1.2233706696781703
2620.0,2326.0,1404.0,1602.0,1844.0,2072.0,0.11679454147815704,0.05822267755866051,0,36.97937324960113,-1.2325334855761894
2541.0,1727.0,494.0,728.0,761.0,2516.0,0.004943642299622297,0.5355508327484131,0,36.97155790662929,-1.2288503929112995
2841.0,2160.0,606.0,882.0,901.0,2558.0,0.05241711437702179,0.4790401756763458,0,36.97200706427135,-1.2019907659161257
3146.0,2485.0,809.0,1096.0,1384.0,2443.0,0.1257827877998352,0.27671805024147034,0,36.97847493431701,-1.2398098393775576
2647.0,1581.0,536.0,830.0,862.0,2917.0,-0.04852623865008354,0.5437946319580078,0,36.95978997640733,-1.235228431428548
3303.0,2564.0,829.0,1118.0,1415.0,2374.0,0.1636427640914917,0.25310108065605164,0,36.95026783439566,-1.231455507235246
2488.0,1549.0,530.0,712.0,888.0,2352.0,0.028099173679947853,0.45185184478759766,0,36.957274693611794,-1.2172621257461576
3464.5,3033.0,854.5,1237.0,1736.0,2405.0,0.18050941824913025,0.1615551859140396,0,36.9393083879294,-1.224089321905466
2551.0,1529.0,470.0,688.0,659.0,2322.0,0.04699363932013512,0.5578665137290955,0,36.982337690038726,-1.2121417286266762
2731.0,1847.0,600.5,877.5,996.0,2613.0,0.022080838680267334,0.44804656505584717,0,36.95763401972544,-1.2042365541264246
2558.0,1808.5,648.0,961.0,954.0,3090.5,-0.09427281469106674,0.5282482504844666,0,36.94496777421936,-1.2345996107296644
2798.0,2265.0,807.0,1008.0,1218.0,2155.0,0.129820317029953,0.2777942419052124,0,36.96625784645299,-1.2347792737864882
2066.5,1485.0,568.0,792.0,845.0,2121.0,-0.01301492564380169,0.43020904064178467,0,36.95493907387308,-1.2019009343877138
2250.0,1638.0,509.5,699.5,731.5,2083.0,0.03854142501950264,0.4801918566226959,0,36.96598835186775,-1.243043774400388
2143.0,1090.0,392.0,690.0,404.0,4056.0,-0.3085981607437134,0.8188340663909912,0,36.96275441684492,-1.2515777695995234
2882.0,2624.5,902.0,1182.0,1330.0,2194.5,0.13542795181274414,0.24528302252292633,0,36.94901019299789,-1.2395403447923217
2930.0,2119.5,634.0,861.0,1033.5,2276.0,0.12562428414821625,0.37543436884880066,0,36.96365273212904,-1.2382827033945545
2245.0,1277.5,412.0,683.5,577.0,3027.0,-0.14833080768585205,0.6798002123832703,0,36.94029653474193,-1.2410674807753248
2430.0,1517.0,482.0,754.0,719.0,2812.0,-0.07287295162677765,0.5927499532699585,0,36.95763401972544,-1.237204725053611
2942.0,1860.0,608.0,872.0,956.0,2316.0,0.11905667185783386,0.4156479239463806,0,36.98108004864096,-1.2161841474052142
3183.5,2231.5,702.0,957.5,1213.0,2434.5,0.13332146406173706,0.33488690853118896,0,36.95475941081626,-1.2256164578884692
3404.0,2418.0,840.0,1100.0,1394.0,2408.0,0.17136958241462708,0.26670172810554504,0,36.94514743727618,-1.229748708195419
2753.0,1890.0,556.0,794.0,899.0,2038.0,0.14923815429210663,0.38781067728996277,0,36.98152920628302,-1.2199570715985162
2402.0,1707.0,505.0,755.0,883.0,2348.0,0.011368420906364918,0.4534199833869934,0,36.94766272007171,-1.2136688646096796
3003.0,2151.0,619.0,860.0,996.0,2344.0,0.1232466772198677,0.4035928249359131,0,36.968503634663286,-1.2342402846160165
2482.0,1552.0,554.0,806.0,954.0,2262.0,0.0463743694126606,0.40671640634536743,0,36.98269701615237,-1.2230113435645225
2599.0,2368.0,1030.0,1364.0,1584.0,2048.0,0.11857111752033234,0.12775330245494843,0,36.985930951175206,-1.2288503929112995
2222.0,1540.5,624.0,876.5,954.5,2463.0,-0.0514407679438591,0.4414045214653015,0,36.94335080670794,-1.2067518369219592
2505.0,1536.0,536.0,772.0,654.0,2687.0,-0.03505392745137215,0.6085004210472107,0,36.94065586085558,-1.233431800860309
2020.0,1372.0,600.0,896.0,787.0,2912.0,-0.18085968494415283,0.5744795799255371,0,36.9498186767536,-1.2457387202527463
2380.0,1517.0,450.0,691.0,739.0,2368.0,0.002527379896491766,0.5242999792098999,0,36.93993720862829,-1.235228431428548
2959.0,2375.0,674.0,883.0,1128.0,2148.0,0.15880164504051208,0.311355322599411,0,36.96742565632234,-1.237114893525199
2757.0,2156.5,683.0,985.0,964.5,2427.0,0.06365741044282913,0.43122512102127075,0,36.958711998066384,-1.2405284916048531
3162.0,2369.0,814.0,1120.0,1380.0,2821.0,0.05699481815099716,0.34301355481147766,0,36.94047619779876,-1.227682583041944
2710.0,2188.0,632.0,803.0,1002.0,1730.0,0.22072072327136993,0.2664714455604553,0,36.970390096759935,-1.2387318610366143
3390.0,2449.0,710.0,966.0,1176.0,2429.0,0.16514864563941956,0.34757280349731445,0,36.95017800286725,-1.2324436540477774
2863.5,1989.0,641.0,889.0,1129.0,2502.0,0.06737489253282547,0.37813276052474976,0,36.96005947099256,-1.2269639308146485
2293.5,1506.5,464.0,765.0,709.0,2948.5,-0.12495230883359909,0.6123034954071045,0,36.97667830374877,-1.2251673002464094
2438.0,1949.0,615.0,858.0,1064.0,2131.0,0.067191943526268,0.33395931124687195,0,36.9625747537881,-1.220226566183752
1964.0,1547.0,694.0,896.0,910.0,2378.0,-0.09534776955842972,0.44647201895713806,0,36.95538823151514,-1.199385651592179
2463.0,1595.0,484.5,712.0,745.5,2941.5,-0.08853732794523239,0.5956062078475952,0,36.972995211083884,-1.2475353508209854
1987.0,1170.0,454.0,822.0,586.0,3066.0,-0.21353651583194733,0.6790799498558044,0,36.9633832375438,-1.2469963616505138
2529.5,1646.5,645.5,896.0,1065.0,2407.0,0.0248151533305645,0.38652074337005615,0,36.93948805098623,-1.2213045445246955
3015.0,1803.0,578.0,850.0,932.0,2324.0,0.12942498922348022,0.42751842737197876,0,36.98170886933984,-1.2116027394562046
2224.0,1429.0,374.0,638.5,537.5,3338.0,-0.20028766989707947,0.72261643409729,0,36.963023911430156,-1.2455590571959225
2640.0,1869.0,621.0,918.0,876.5,2477.5,0.0317537859082222,0.4773404896259308,0,36.96967144453264,-1.2435827635708596
2403.0,2022.0,892.0,1002.0,1174.0,1430.0,0.2538481652736664,0.09831029176712036,0,36.96688666715187,-1.2249876371895854
2787.0,1951.5,539.0,801.5,1030.0,2547.5,0.04489642754197121,0.4241788983345032,0,36.9596103133505,-1.2237299957918182
2893.0,1907.0,609.0,889.0,995.0,2276.0,0.11936544626951218,0.3916233479976654,0,36.97937324960113,-1.2122315601550884
2914.5,2941.5,1121.0,1309.0,1584.0,1956.0,0.19679704308509827,0.10508474707603455,0,36.97191723274294,-1.2443014157981551
2595.0,1763.0,533.5,793.5,868.0,2333.5,0.05305873975157738,0.4577541649341583,0,36.959700144878916,-1.2268740992862364
2825.0,2209.0,634.0,890.0,1020.0,2688.0,0.024850353598594666,0.44983819127082825,0,36.9580831773675,-1.2059433531662516
2061.0,1325.0,390.0,673.0,582.0,3300.0,-0.23111359775066376,0.7001545429229736,0,36.96625784645299,-1.2325334855761894
2589.0,1819.0,524.0,754.0,816.0,2699.0,-0.020801816135644913,0.5357041358947754,0,36.9355354637361,-1.2230113435645225
2111.0,1132.0,334.0,633.0,454.0,3488.0,-0.245936781167984,0.7696600556373596,0,36.95547806304355,-1.2437624266276834
2696.0,1681.0,548.0,776.0,892.0,2272.0,0.08534621447324753,0.4361567497253418,0,36.953681432475314,-1.2161841474052142
2804.5,1925.5,492.0,792.0,737.0,2661.0,0.02625560387969017,0.5662153959274292,0,36.95224412802072,-1.233431800860309
2616.0,1947.0,752.0,978.0,1054.0,2568.0,0.009259259328246117,0.41800111532211304,0,36.969222286890584,-1.2036077334275408
2195.0,1082.0,350.0,638.0,411.0,4532.0,-0.34740597009658813,0.8337042331695557,0,36.96428155282793,-1.2513981065426993
2552.0,1596.0,492.0,796.0,684.0,3440.0,-0.14819759130477905,0.668283224105835,0,36.95691536749814,-1.2307368550079505
3518.0,2514.0,841.0,1170.0,1374.0,2952.0,0.08748067915439606,0.36477115750312805,0,36.96041879710621,-1.2496913075028724
2985.0,1878.0,620.0,890.0,1004.0,2319.0,0.12556561827659607,0.39572674036026,0,36.980630890998896,-1.2155553267063306
2537.5,2041.5,1096.0,1353.0,1635.0,2433.5,0.020921343937516212,0.19626398384571075,0,36.95026783439566,-1.2039670595411887
2536.5,1789.5,624.5,888.5,929.5,2810.0,-0.051154959946870804,0.5028747320175171,0,36.94469827963412,-1.2324436540477774
2614.0,2061.5,635.0,886.0,1061.0,2464.0,0.029539188370108604,0.3980141878128052,0,36.933199843997386,-1.222113028280403
2443.5,1539.5,444.5,713.0,669.0,2457.0,-0.002754820976406336,0.5719769597053528,0,36.95538823151514,-1.2394505132639098
3378.0,2335.0,656.0,932.0,1272.0,2233.0,0.20406344532966614,0.27417975664138794,0,36.953411937890074,-1.2229215120361105
2365.0,1567.0,431.5,697.5,724.0,2441.5,-0.015915947034955025,0.5425683259963989,0,36.96023913404939,-1.2443014157981551
2721.0,1949.5,574.5,856.5,1065.0,2596.0,0.023509498685598373,0.4181917607784271,0,36.95745435666861,-1.2310063495931862
2534.5,1844.5,466.0,768.5,628.0,2650.0,-0.022277943789958954,0.6168395280838013,0,36.96284424837333,-1.2414268068889727
2979.0,2359.0,830.0,1072.0,1342.0,2295.0,0.12969283759593964,0.26202914118766785,0,36.982786847680785,-1.2338809585023687
2933.0,1953.0,586.0,862.0,1140.0,2532.0,0.07337602972984314,0.379084974527359,0,36.95952048182209,-1.2309165180647743
2507.0,1589.0,571.5,839.0,865.0,2891.5,-0.07122348994016647,0.5394649505615234,0,36.95853233500956,-1.237384388110435
3054.5,2389.0,753.5,1015.0,1235.0,2117.0,0.18128202855587006,0.2631264925003052,0,36.95098648662295,-1.2310063495931862
2652.0,1797.0,640.0,933.0,947.0,2557.0,0.01823766529560089,0.4594748914241791,0,36.969401949947404,-1.2043263856548365
3089.0,2836.0,1898.0,2226.0,2338.0,2814.0,0.04658647999167442,0.09239130467176437,0,36.96814430854964,-1.2217537021667553
2221.0,1371.0,466.0,723.0,650.0,3013.5,-0.1513993740081787,0.6451480984687805,0,36.9730850426123,-1.2441217527413313
2780.5,1860.5,543.0,830.0,807.0,3120.0,-0.0575374960899353,0.5889992117881775,0,36.973264705669116,-1.2470861931789257
2697.5,1816.0,568.0,795.0,842.5,2279.0,0.08409524708986282,0.4601954221725464,0,36.98269701615237,-1.2186994302007488
2574.0,2151.0,802.0,1108.0,1260.0,2480.0,0.01859913021326065,0.32620319724082947,0,36.985122467419494,-1.2328029801614253
2782.5,2000.5,530.5,790.0,974.5,2301.5,0.0946105420589447,0.4050671458244324,0,36.96526969964046,-1.2213943760531074
2589.0,1614.0,570.0,836.0,867.0,2249.0,0.07027697563171387,0.4435173273086548,0,36.9641018897711,-1.2261554470589409
2627.0,1966.5,565.0,802.0,834.0,2242.5,0.07896088063716888,0.4578254520893097,0,36.9678748139644,-1.242504785229916
2838.0,1917.0,644.0,916.0,995.0,2746.0,0.01647564396262169,0.46805667877197266,0,36.96104761780509,-1.237204725053611
3124.0,2265.0,798.0,1104.0,1316.0,2600.0,0.09154437482357025,0.32788559794425964,0,36.94424912199206,-1.2274130884567083
2335.0,1736.0,558.0,736.0,854.0,2208.0,0.02795509621500969,0.4421946406364441,0,36.97533083082259,-1.2256164578884692
2396.0,2001.5,608.0,905.0,1056.0,2084.0,0.06964285671710968,0.3273885250091553,0,36.93688293666228,-1.2377437142240826
2710.0,2086.0,586.0,860.0,1006.0,2698.0,0.002218934940174222,0.45680344104766846,0,36.957005199026554,-1.2343301161444284
2930.5,2361.5,1404.0,1784.0,2064.0,2721.0,0.03706980496644974,0.13730408251285553,0,36.951345812736605,-1.2363962412979035
2394.0,1671.0,489.0,734.0,800.0,2250.0,0.03100775182247162,0.4754098355770111,0,36.96176627003239,-1.218429935615513
2962.5,2124.5,694.0,906.5,1112.0,2347.0,0.11592428386211395,0.35703960061073303,0,36.962035764617625,-1.2264249416441768
2638.0,2263.0,831.0,982.0,1204.0,1942.0,0.15196506679058075,0.23458360135555267,0,36.977307124447655,-1.235138599900136
2225.5,1348.0,424.0,665.0,585.5,2489.0,-0.05589139834046364,0.6191250681877136,0,36.95907132418003,-1.2423251221730922
2411.5,1670.0,568.0,837.0,876.0,2536.0,-0.025164224207401276,0.48651817440986633,0,36.94793221465695,-1.2026195866150093
2611.0,1776.0,525.0,824.0,778.0,3300.0,-0.11656234413385391,0.6184403896331787,0,36.96814430854964,-1.2493319813892245
2670.0,1857.0,520.0,778.0,790.0,2590.0,0.015209125354886055,0.5325443744659424,0,36.94451861657729,-1.2080094783197266
3370.5,2618.5,777.5,1044.0,1351.0,2100.0,0.23224568367004395,0.21703854203224182,0,36.95448991623102,-1.2310961811215981
2250.5,1538.5,463.5,697.5,691.0,2568.0,-0.06589187681674957,0.5759435296058655,0,36.96841380313487,-1.2325334855761894
2819.5,1996.5,645.0,841.5,1100.0,2211.0,0.12096212804317474,0.33554816246032715,0,36.9430813121227,-1.218519767143925
2699.5,1934.0,630.0,913.5,949.0,2543.5,0.02975395694375038,0.4565497636795044,0,36.94712373090124,-1.2322639909909536
2164.0,1267.0,455.0,704.0,615.0,2786.0,-0.12565656006336212,0.6383416652679443,0,36.94424912199206,-1.2356775890706078
2318.0,1457.0,424.0,664.0,636.0,2802.0,-0.09453125298023224,0.6300174593925476,0,36.958711998066384,-1.1985771678364716
2188.0,1192.0,411.0,676.0,538.0,3607.0,-0.2448662668466568,0.7404101490974426,0,36.95736452514021,-1.2436725950992715
2268.5,1551.5,508.0,739.5,687.0,2111.0,0.03596301004290581,0.5089349746704102,0,36.9685934661917,-1.243043774400388
2532.0,1861.0,702.0,938.0,1034.0,2460.0,0.014423076994717121,0.4081282317638397,0,36.96886296077693,-1.2148366744790349
2723.0,1745.0,510.0,776.5,687.0,3168.0,-0.07553895562887192,0.6435797810554504,0,36.95116614967978,-1.2282215722124157
3068.0,3114.5,1192.0,1493.0,1801.0,2240.0,0.15599095821380615,0.10863647609949112,0,36.971647738157706,-1.2442115842697432
2971.0,1963.0,641.0,880.0,1042.0,2417.0,0.10282108187675476,0.3975137174129486,0,36.94613558408871,-1.214387516836975
2616.0,1698.0,612.0,836.0,949.0,2387.0,0.04577253758907318,0.4310551583766937,0,36.950357665924074,-1.2223825228656389
2301.5,2077.5,922.5,1076.0,1270.0,1656.0,0.16310802102088928,0.1319207102060318,0,36.97622914610671,-1.2330724747466613
2078.0,1353.0,456.0,723.0,606.0,2416.0,-0.07521139085292816,0.5989410877227783,0,36.95044749745248,-1.237384388110435
3025.0,2019.0,703.0,993.0,1136.0,2640.0,0.06796116381883621,0.39830508828163147,0,36.957005199026554,-1.227682583041944
2573.5,1832.0,495.0,732.5,816.0,2332.0,0.04923045635223389,0.481575608253479,0,36.95898149265162,-1.2253469633032332
2630.0,1658.0,630.0,922.0,888.0,3280.0,-0.10998307913541794,0.5738963484764099,0,36.96724599326552,-1.2217537021667553
2060.0,1212.0,382.0,594.0,526.0,2690.0,-0.1326315850019455,0.6728855967521667,0,36.94892036146948,-1.2412471438321488
3461.0,2607.0,719.5,1011.0,1254.0,2609.0,0.1403624415397644,0.3507636487483978,0,36.9535916009469,-1.2301978658374786
2284.5,1538.5,479.5,693.0,674.0,2344.0,-0.012855136767029762,0.553346574306488,0,36.94164400766811,-1.2414268068889727
2748.5,2481.5,1084.0,1298.0,1573.0,2003.0,0.15689782798290253,0.12024608254432678,0,36.94622541561712,-1.2339707900307806
2948.0,2380.0,811.0,1031.0,1187.0,2000.5,0.1914721578359604,0.25521567463874817,0,36.97856476584543,-1.2382827033945545
2829.0,1913.5,589.0,838.5,928.5,2511.0,0.059550561010837555,0.46009594202041626,0,36.963023911430156,-1.2329826432182491
2952.5,2275.5,594.5,877.5,1147.0,2373.0,0.10881607234477997,0.3482954502105713,0,36.942991480594294,-1.229748708195419
2471.0,1587.5,470.0,727.0,722.0,3296.0,-0.14305531978607178,0.6406172513961792,0,36.943710132821586,-1.2378335457524947
2668.5,1868.5,599.0,826.0,989.0,2309.0,0.07222501188516617,0.40024256706237793,0,36.94865086688424,-1.2159146528199782
2675.0,2110.0,780.0,1088.0,1236.0,2342.0,0.06637432426214218,0.30911123752593994,0,36.98000207030002,-1.241157312303737
3256.5,2377.5,688.5,988.5,1185.0,2554.0,0.12090181559324265,0.3661406934261322,0,36.95619671527085,-1.231545338763658
2679.0,1898.0,540.0,742.0,852.0,2078.0,0.1263401359319687,0.41843003034591675,0,36.9783851027886,-1.2273232569282961
2432.0,1700.0,386.0,597.0,538.0,2996.0,-0.10390567779541016,0.6955291628837585,0,36.94344063823635,-1.2399895024343814
3023.0,2233.0,687.0,1002.0,966.0,3104.0,-0.013220173306763172,0.5253071188926697,0,36.97479184165212,-1.2233706696781703
2433.5,1532.0,518.5,763.0,771.0,2564.0,-0.026113055646419525,0.5376312136650085,0,36.95790351431067,-1.2267842677578245
2782.0,2491.0,998.0,1262.0,1606.0,2232.0,0.10969285666942596,0.1631057858467102,0,36.97676813527718,-1.2391810186786738
2688.0,1773.0,518.0,787.0,899.0,2358.0,0.06539833545684814,0.44795823097229004,0,36.94478811116253,-1.212501054740324
2920.0,2519.0,1492.0,1798.0,2084.0,2652.0,0.0480976328253746,0.11993243545293808,0,36.93616428443498,-1.2246283110759377
2144.0,1219.0,382.0,659.0,516.0,3500.0,-0.24025513231754303,0.7430278658866882,0,36.95790351431067,-1.244570910383391
2837.0,1880.0,580.0,836.0,907.0,2313.0,0.10174757242202759,0.4366459548473358,0,36.98206819545349,-1.2173519572745695
2913.0,1983.0,652.0,902.0,1130.0,3096.0,-0.030454318970441818,0.4652153253555298,0,36.95098648662295,-1.2269639308146485
2907.5,2377.5,919.5,1196.0,1366.0,2458.0,0.08377597481012344,0.2855648398399353,0,36.983505499908084,-1.2366657358831392
2653.0,1584.0,552.0,777.0,882.0,2458.0,0.03815300390124321,0.4718562960624695,0,36.958262840424325,-1.218160441030277
2319.0,1902.0,773.5,1047.0,1127.0,2104.5,0.048491012305021286,0.30249109864234924,0,36.98072072252731,-1.2356775890706078
2596.0,1639.0,575.0,880.0,888.0,3039.0,-0.07861579209566116,0.5477463603019714,0,36.95691536749814,-1.235228431428548
2267.5,1362.0,434.0,654.0,628.5,2499.0,-0.048568133264780045,0.5980815291404724,0,36.96841380313487,-1.2454692256675106
2242.0,1187.0,358.0,642.0,448.0,4043.0,-0.28655529022216797,0.8004898428916931,0,36.93805074653164,-1.2391810186786738
2478.0,1535.0,445.0,750.0,728.0,3272.0,-0.1380869597196579,0.6359999775886536,0,36.98413432060696,-1.224179153433878
2276.0,1619.0,496.0,766.0,810.0,2906.0,-0.12157468497753143,0.5640473365783691,0,36.95350176941849,-1.2442115842697432
2433.0,1457.0,470.0,740.0,604.0,2547.0,-0.022891566157341003,0.6166296601295471,0,36.957005199026554,-1.2301080343090667
2543.0,1698.0,521.0,767.0,784.0,2602.0,-0.011467443779110909,0.5369167327880859,0,36.958262840424325,-1.2213045445246955
2676.0,1925.5,597.5,808.5,1027.0,2172.0,0.10396039485931396,0.35792434215545654,0,36.94927968758313,-1.2158248212915663
2544.0,2054.0,740.0,975.0,1118.0,2058.0,0.10560625791549683,0.29596978425979614,0,36.9730850426123,-1.2293893820817712
3023.0,1992.0,724.0,946.0,1196.0,2395.0,0.11590992659330368,0.33389028906822205,0,36.943979627406826,-1.2168129681040978
2891.5,2135.0,604.5,871.0,1064.0,2223.0,0.1307068169116974,0.35260117053985596,0,36.979912238771604,-1.227862246098768
2293.0,1235.0,514.0,748.0,519.0,4168.0,-0.2902027666568756,0.7785363793373108,0,36.96320357448698,-1.2486133291619288
3115.5,2515.5,875.0,1118.0,1335.0,2268.0,0.15742546319961548,0.2589508891105652,0,36.965808688810924,-1.235138599900136
2731.0,2279.0,662.0,885.0,1114.0,2138.0,0.12179092317819595,0.31488314270973206,0,36.98269701615237,-1.233611463917133
2624.0,1756.0,558.0,738.0,776.0,2114.0,0.1076403558254242,0.46297577023506165,0,36.98152920628302,-1.2195079139564564
2198.5,1347.0,419.5,708.5,558.5,3526.5,-0.2319650650024414,0.7265605926513672,0,36.96464087894157,-1.2155553267063306
3326.5,2614.5,823.5,1111.0,1443.0,2646.5,0.11384563893079758,0.2942902445793152,0,36.940116871685106,-1.2265147731725887
2405.0,2103.0,990.0,1236.0,1442.0,2048.0,0.08017066866159439,0.1736389696598053,0,36.97667830374877,-1.2340606215591927
3278.0,2424.0,713.0,1058.0,1154.0,2963.0,0.0504726804792881,0.4393976330757141,0,36.93661344207704,-1.2236401642634063
3191.5,2269.0,648.0,877.0,1184.0,2165.0,0.191636323928833,0.2929232716560364,0,36.952962780248015,-1.2243588164907018
2274.0,1528.0,474.0,739.0,647.0,2864.0,-0.11483067274093628,0.6314440369606018,0,36.964910373526806,-1.229748708195419
2733.5,2087.0,751.5,942.5,1149.0,1880.5,0.18487213551998138,0.2414589822292328,0,36.94883052994107,-1.2326233171046015
2311.0,1501.0,582.0,850.0,824.0,2276.0,0.0076302592642605305,0.46838709712028503,0,36.94173383919652,-1.2324436540477774
2473.0,1609.0,524.5,853.0,818.0,2989.0,-0.09447088837623596,0.5702652931213379,0,36.95197463343548,-1.2054043639957799
2450.0,2012.0,666.0,878.0,1126.0,2204.0,0.05285775661468506,0.3237237334251404,0,36.96913245536217,-1.2133993700244436
2590.5,1822.0,587.0,766.0,1000.0,2161.5,0.0902777761220932,0.36738890409469604,0,36.95125598120819,-1.2190587563143966
2624.5,1763.0,669.0,1007.0,1025.0,2738.0,-0.021165501326322556,0.45522189140319824,0,36.96509003658363,-1.2096264458311417
2435.0,1656.5,522.5,743.0,831.0,2212.0,0.04798794910311699,0.45382845401763916,0,36.94883052994107,-1.218519767143925
3079.5,2358.5,776.0,1041.0,1189.0,2485.0,0.10683798789978027,0.3527490496635437,0,36.978744428902246,-1.2391810186786738
2894.0,2078.0,675.0,906.0,1208.0,2214.0,0.13312451541423798,0.29398012161254883,0,36.94406945893523,-1.2226520174508748
3004.0,2104.0,704.0,936.0,1068.0,2570.0,0.07786150276660919,0.41286420822143555,0,36.951345812736605,-1.233431800860309
3160.0,2442.0,874.0,1176.0,1376.0,2459.0,0.12475529313087463,0.2823989689350128,0,36.9791037550159,-1.2397200078491457
3340.5,2374.0,733.0,1079.0,1198.0,2740.5,0.09866797924041748,0.3916465640068054,0,36.94999833981042,-1.2302876973658907
2147.5,1328.5,497.0,752.0,637.0,2649.0,-0.1045554056763649,0.6122945547103882,0,36.93876939875893,-1.2388216925650262
2682.0,1794.5,554.0,904.0,936.0,2849.5,-0.03028111718595028,0.5054814219474792,0,36.95475941081626,-1.2029789127286572
2342.5,1616.0,521.0,793.0,770.0,2920.0,-0.10973871499300003,0.5826558470726013,0,36.93742192583275,-1.229479213610183
2783.0,1724.0,522.0,713.0,869.0,2199.0,0.11722199618816376,0.43350717425346375,0,36.953411937890074,-1.2141180222517394
3163.0,2408.0,656.0,875.0,1144.0,2135.0,0.19403548538684845,0.3022262752056122,0,36.95448991623102,-1.221933365223579
3265.5,2511.0,730.0,995.0,1269.0,2376.0,0.15767082571983337,0.3037036955356598,0,36.963742563657455,-1.2391810186786738
2189.5,1407.5,494.0,811.5,727.0,3220.0,-0.1904982030391693,0.6316189765930176,0,36.97784611361813,-1.2249876371895854
2540.0,2028.0,570.0,783.0,1044.0,1936.0,0.13494190573692322,0.29932886362075806,0,36.97488167318053,-1.2152858321210946
2498.5,1626.0,465.5,755.5,721.0,2804.5,-0.05770318582653999,0.5909799933433533,0,36.976857966805596,-1.2283114037408276
3114.0,2055.0,622.0,880.0,1134.0,2342.0,0.14149560034275055,0.3475258946418762,0,36.95898149265162,-1.2327131486330134
2503.5,1629.0,457.0,728.0,718.0,3595.5,-0.17904575169086456,0.6670916676521301,0,36.94901019299789,-1.2425946167583282
2408.0,1378.0,470.5,716.5,596.0,3565.0,-0.1937050074338913,0.713530421257019,0,36.94478811116253,-1.2434031005140356
2785.0,2377.5,989.5,1240.0,1391.0,2435.0,0.06704980880022049,0.2728698253631592,0,36.9558373891572,-1.2363064097694914
2480.0,1726.0,588.0,868.0,876.0,2624.0,-0.02821316570043564,0.49942857027053833,0,36.95260345413437,-1.2401691654912055
3323.0,2828.0,799.0,1040.0,1438.0,2153.0,0.2136595994234085,0.19910888373851776,0,36.9498186767536,-1.2232808381497584
2485.0,1523.0,616.0,916.0,972.0,3228.0,-0.1300542652606964,0.5371428728103638,0,36.94137451308288,-1.2322639909909536
2863.0,2169.0,760.0,1011.0,1114.0,2674.0,0.03413400799036026,0.41182681918144226,0,36.972995211083884,-1.212680717797148
2712.0,1834.0,681.0,972.0,1096.0,3090.0,-0.0651499480009079,0.47634974122047424,0,36.95646620985608,-1.2345996107296644
2484.0,2161.0,899.5,1112.0,1332.0,1874.5,0.139841690659523,0.16918759047985077,0,36.973534200254356,-1.23531826295696
2545.0,2258.0,1302.0,1568.0,1782.0,2083.0,0.09982714056968689,0.07787839323282242,0,36.979193586544305,-1.2328029801614253
2755.0,2117.0,799.0,1094.0,1188.0,2592.0,0.030484383925795555,0.37142857909202576,0,36.94622541561712,-1.233341969331897
3411.5,2722.0,798.5,1111.0,1474.0,2310.5,0.1924152374267578,0.22103315591812134,0,36.95556789457196,-1.2319944964057177
2028.0,1540.0,767.0,850.0,795.5,1723.5,0.08116753399372101,0.3684001564979553,0,36.97245622191341,-1.2056738585810158
2970.5,2235.0,744.0,979.0,1291.0,2460.5,0.09390535950660706,0.31174197793006897,0,36.94209316531017,-1.216363810462038
2380.5,1504.5,434.0,669.0,686.0,3226.0,-0.15080709755420685,0.6492842435836792,0,36.96464087894157,-1.2433132689856237
3371.0,2397.0,700.0,938.0,1212.0,2508.0,0.1467936784029007,0.34838709235191345,0,36.96212559614604,-1.2328029801614253
2957.0,2600.5,725.5,1058.0,1256.0,2565.0,0.07098877429962158,0.3425804674625397,0,36.960598460163034,-1.2018111028593017
2206.5,1457.0,439.0,768.0,662.0,2885.5,-0.13334642350673676,0.6267794370651245,0,36.96841380313487,-1.2475353508209854
2624.0,1756.0,516.0,714.0,742.0,2106.0,0.10951374471187592,0.47893258929252625,0,36.98143937475461,-1.2194180824280445
2383.0,1610.0,621.0,812.0,1024.0,2256.0,0.02737659029662609,0.37560975551605225,0,36.949639013696775,-1.220046903126928
3271.5,2815.5,933.5,1216.0,1520.0,2386.0,0.156517893075943,0.2217101901769638,0,36.97748678750448,-1.2403488285480293
2087.0,1191.0,378.0,625.0,472.0,3062.0,-0.18935716152191162,0.7328805923461914,0,36.94362030129317,-1.2367555674115511
2804.0,1949.5,608.5,830.0,1051.0,2279.0,0.10328546166419983,0.3687687814235687,0,36.94945935063995,-1.2149265060074468
2324.0,1732.0,554.0,708.0,902.0,1973.0,0.0816848948597908,0.3725217282772064,0,36.96050862863462,-1.2170824626893337
2637.0,1779.0,494.0,750.0,720.0,3066.0,-0.07522356510162354,0.6196513175964355,0,36.95332210636167,-1.2275029199851202
3774.0,2825.0,903.0,1206.0,1512.0,2758.0,0.15554194152355194,0.2918032705783844,0,36.95224412802072,-1.231545338763658
2666.0,1904.0,607.0,852.0,964.0,2530.0,0.02617398090660572,0.4481969177722931,0,36.948201709242184,-1.2118722340414405
2807.0,2182.5,637.0,827.0,1059.0,1975.0,0.1739857792854309,0.30191168189048767,0,36.951525475793424,-1.2235503327349941
2247.5,1367.5,400.0,604.5,534.5,2332.0,-0.01845179684460163,0.6270713210105896,0,36.980451227942076,-1.2083688044333742
2495.0,2239.0,926.0,1158.0,1416.0,1908.0,0.13331818580627441,0.14801444113254547,0,36.98530213047632,-1.2285808983260635
2111.0,1579.0,465.0,706.0,596.0,2916.0,-0.16013526916503906,0.660592257976532,0,36.937242262775925,-1.222202859808815
2539.0,1747.0,542.0,848.0,1022.0,2495.0,0.008740563876926899,0.41882285475730896,0,36.94739322548648,-1.2262452785873528
3455.0,2715.5,731.5,981.0,1295.0,2265.0,0.2080419510602951,0.27247190475463867,0,36.97056975981676,-1.2359470836558437
2754.0,2052.0,568.5,855.0,886.0,2717.5,0.006670931354165077,0.5082558393478394,0,36.950896655094546,-1.2036975649559527
2640.5,2167.0,777.0,934.0,1200.0,2195.5,0.09201819449663162,0.2931821644306183,0,36.976139314578305,-1.2359470836558437
2662.5,2273.0,1140.0,1372.0,1552.0,2178.0,0.10009296238422394,0.16782841086387634,0,36.97524099929418,-1.2187892617291607
1482.0,845.0,392.0,598.0,582.0,2110.0,-0.17483295500278473,0.5676077008247375,0,36.94424912199206,-1.2441217527413313
2410.0,1555.5,568.0,784.0,920.5,2199.0,0.0457799956202507,0.4098413288593292,0,36.9596103133505,-1.221933365223579
2302.5,1486.0,463.5,694.0,758.0,2459.0,-0.03286779299378395,0.5287535190582275,0,36.97793594514654,-1.21277054932556
2283.5,1381.5,371.5,632.0,465.5,3606.5,-0.22461800277233124,0.7713654041290283,0,36.9393083879294,-1.2368453989399633
2873.0,2015.0,634.0,840.0,973.0,2172.0,0.138949453830719,0.3812400698661804,0,36.982786847680785,-1.2160044843483901
2116.5,1309.0,415.0,671.0,572.5,2565.5,-0.09589918702840805,0.6351178884506226,0,36.94236265989541,-1.2423251221730922
2933.5,1998.5,560.5,834.0,1032.0,2430.5,0.09377330541610718,0.4038989245891571,0,36.940566029327165,-1.2206757238258117
2977.0,2451.0,706.0,946.0,1182.0,2056.0,0.18299224972724915,0.2699196934700012,0,36.9678748139644,-1.2407081546616772
2404.0,1835.5,980.0,1262.0,1526.0,2360.0,0.009235936217010021,0.2146165668964386,0,36.94874069841266,-1.201451776745654
2520.5,1654.0,507.0,741.0,828.0,2376.0,0.029510874301195145,0.483146071434021,0,36.9588018295948,-1.2263351101157647
3293.5,2117.5,931.5,1293.0,1518.0,2853.0,0.07166679948568344,0.3054220974445343,0,36.948201709242184,-1.227862246098768
2359.5,1526.0,646.5,927.0,1011.5,2722.0,-0.07133720070123672,0.4581491947174072,0,36.94236265989541,-1.2364860728263154
2169.0,1243.0,394.0,696.0,540.0,3532.0,-0.23908086121082306,0.7347740530967712,0,36.95332210636167,-1.2419657960594443
3037.0,2069.0,780.0,1120.0,1278.0,2654.0,0.0672992467880249,0.3499491214752197,0,36.93787108347481,-1.2262452785873528
2182.0,1420.0,631.0,838.0,970.0,2396.0,-0.04674530401825905,0.42364823818206787,0,36.98395465755014,-1.2232808381497584
2442.0,1741.0,510.0,716.0,732.0,2064.0,0.08388815075159073,0.4763948619365692,0,36.96356290060063,-1.218160441030277
3249.5,2701.0,834.0,1104.0,1415.0,2284.0,0.17448270320892334,0.23492835462093353,0,36.94901019299789,-1.2310063495931862
3141.0,2636.0,668.0,906.0,1188.0,1992.0,0.2238457053899765,0.2528301775455475,0,36.96652734103822,-1.2407081546616772
2657.0,2025.0,776.0,1042.0,1196.0,2847.0,-0.03452035039663315,0.4083601236343384,0,36.96904262383376,-1.2293893820817712
2765.0,2028.5,635.5,873.5,1083.0,2329.5,0.0854843482375145,0.36527472734451294,0,36.96023913404939,-1.2345097792012525
2141.0,1674.0,677.0,1009.0,1026.0,2801.0,-0.13354916870594025,0.4638097584247589,0,36.945596594918236,-1.2083688044333742
2378.0,1830.0,712.0,994.0,1018.0,2592.0,-0.043058350682258606,0.43601107597351074,0,36.94901019299789,-1.2027094181434212
2517.0,1676.0,567.0,855.0,957.0,2546.0,-0.005727829411625862,0.45361119508743286,0,36.96149677544715,-1.2380132088093185
2434.0,1525.0,530.0,783.0,814.0,2792.0,-0.06850363314151764,0.5485302209854126,0,36.9558373891572,-1.2302876973658907
3351.0,2544.0,914.0,1246.0,1418.0,2734.0,0.10139688104391098,0.31695568561553955,0,36.980630890998896,-1.2396301763207336
2831.0,1789.0,588.0,980.0,949.0,3866.0,-0.1545468121767044,0.6058151721954346,0,36.96446121588475,-1.22381982732023
2389.0,1640.5,450.0,660.5,766.0,2163.5,0.04953322187066078,0.47704386711120605,0,36.96140694391874,-1.220226566183752
2314.0,1378.0,485.5,756.0,689.0,2425.5,-0.02352568879723549,0.5575533509254456,0,36.95925098723686,-1.2415166384173846
2401.0,1633.0,452.0,694.0,686.0,2514.0,-0.022990845143795013,0.5712500214576721,0,36.941284681554464,-1.23163517029207
3425.0,2221.0,744.0,1116.0,1118.0,3082.0,0.05271246284246445,0.46761906147003174,0,36.97335453719753,-1.240977649246913
2198.0,1423.0,472.0,750.0,698.0,2957.0,-0.1472356915473938,0.6180574297904968,0,36.95502890540149,-1.2280419091555919
3366.5,2712.0,633.0,886.0,1146.0,2442.5,0.15906351804733276,0.3612930178642273,0,36.956376378327676,-1.2223825228656389
2413.0,1647.0,518.0,684.0,912.0,2008.0,0.09160823374986649,0.375342458486557,0,36.94550676338982,-1.2189689247859847
2936.0,2239.0,800.0,979.0,1258.0,2286.0,0.12447338551282883,0.29006773233413696,0,36.96742565632234,-1.2394505132639098
2731.0,2364.5,1176.0,1535.0,1707.0,2550.5,0.034175895154476166,0.19812096655368805,0,36.94856103535583,-1.2102552665300252
2383.5,1684.5,500.5,737.0,732.0,2663.5,-0.055478502064943314,0.5688410997390747,0,36.94856103535583,-1.2030687442570691
2675.0,2170.5,642.0,908.0,1053.0,3160.5,-0.08319766819477081,0.5001779794692993,0,36.94793221465695,-1.2083688044333742
2344.0,1611.0,567.0,796.0,1001.0,2411.0,-0.014090430922806263,0.41324737668037415,0,36.958891661123204,-1.2455590571959225
3242.0,2707.0,689.0,925.0,1300.0,1918.0,0.2565891444683075,0.19204474985599518,0,36.966796835623455,-1.2410674807753248
2382.0,1586.0,506.0,708.0,722.0,2310.0,0.01534526888281107,0.5237467288970947,0,36.98530213047632,-1.2187892617291607
2882.0,1963.5,611.5,861.5,1005.0,2379.5,0.09550508111715317,0.4061161279678345,0,36.96383239518586,-1.233611463917133
2660.0,1940.0,536.5,782.0,846.5,2661.0,-0.00018793459457810968,0.5173200368881226,0,36.94847120382742,-1.2398098393775576
3248.0,2341.5,797.0,1101.0,1275.0,2926.5,0.05206899344921112,0.3930739164352417,0,36.95080682356613,-1.2286707298544755
2349.0,1496.5,411.0,678.5,533.0,2679.5,-0.06572536379098892,0.668171226978302,0,36.95377126400373,-1.2381030403377304
2400.0,1623.0,744.0,952.0,900.0,2624.0,-0.04458598792552948,0.48921680450439453,0,36.93589478984975,-1.2225621859224627
2842.5,2129.0,591.0,796.0,1034.0,2030.0,0.1667521744966507,0.3250652849674225,0,36.95287294871961,-1.2213943760531074
2703.0,1898.0,623.0,892.0,932.0,2446.0,0.04991260543465614,0.4481942057609558,0,36.97200706427135,-1.233341969331897
2356.0,1525.0,548.0,800.0,788.0,2639.0,-0.05665665492415428,0.5401225686073303,0,36.9385897357021,-1.2232808381497584
3025.0,2439.0,813.0,1080.0,1298.0,2313.0,0.13338328897953033,0.2810855805873871,0,36.973893526368,-1.2401691654912055
3132.0,2328.0,824.0,1100.0,1386.0,2563.0,0.09991220384836197,0.2980501353740692,0,36.95143564426501,-1.229838539723831
2472.5,1540.5,450.0,725.0,697.5,2532.5,-0.011988012120127678,0.5681114792823792,0,36.96544936269728,-1.2190587563143966
2433.0,1501.0,470.0,824.0,661.0,3363.0,-0.16045548021793365,0.6714711785316467,0,36.98530213047632,-1.223999490377054
2632.0,2151.0,868.0,1166.0,1358.0,2302.0,0.06688285619020462,0.2579234838485718,0,36.97649864069195,-1.2306470234795384
2898.0,2119.0,647.0,1000.0,1006.0,3112.0,-0.035607319325208664,0.5114133358001709,0,36.96131711239033,-1.2002839668762986
3563.0,2645.0,780.0,1050.0,1390.0,2553.0,0.16514061391353607,0.2949530780315399,0,36.9633832375438,-1.2236401642634063
3168.0,2395.0,764.0,1020.0,1292.0,2335.0,0.15137198567390442,0.2875654697418213,0,36.96868329772011,-1.2372945565820228
2284.0,1399.0,546.0,802.0,731.0,3156.0,-0.16029411554336548,0.6238744258880615,0,36.95053732898089,-1.2344199476728404
3091.0,2345.5,831.5,1129.0,1495.0,2295.0,0.1477905660867691,0.21108178794384003,0,36.944428785048885,-1.2303775288943026
2638.5,1930.0,614.5,805.0,1058.0,2213.5,0.08759274333715439,0.35320189595222473,0,36.96320357448698,-1.2204960607689879
2996.0,2642.0,612.0,882.0,1194.0,2322.0,0.12673938274383545,0.32081910967826843,0,36.935355800679275,-1.2234605012065822
2553.0,1764.0,483.5,725.5,742.5,2475.5,0.015412150882184505,0.5385332703590393,0,36.9596103133505,-1.2169926311609218
2356.0,1676.0,488.5,707.0,726.0,2216.0,0.030621172860264778,0.5064581632614136,0,36.94667457325918,-1.2120518970982643
3340.0,2782.5,915.0,1191.0,1504.0,2514.5,0.14100264012813568,0.2514619827270508,0,36.97524099929418,-1.2413369753605608
2439.0,1544.0,506.0,760.0,834.0,2618.0,-0.035396479070186615,0.5168018341064453,0,36.95853233500956,-1.199565314649003
2451.0,1657.0,523.0,711.0,766.0,2188.0,0.05669325217604637,0.4813811779022217,0,36.944159290463645,-1.210884087228909
3361.5,2705.5,1796.0,2040.0,1982.0,2699.0,0.10931441187858582,0.15317240357398987,0,36.97506133623736,-1.242504785229916
2902.0,2548.0,1024.0,1328.0,1600.0,2319.0,0.11166442930698395,0.1834651678800583,0,36.95071699203772,-1.2442115842697432
2936.5,2023.5,602.0,806.0,1068.0,2461.5,0.08799555152654648,0.3948151171207428,0,36.949189856054716,-1.214387516836975
3041.0,2481.0,860.0,1038.0,1346.0,2214.0,0.15737393498420715,0.2438202202320099,0,36.9776664505613,-1.2364860728263154
2204.0,1238.5,424.5,734.0,656.0,3188.0,-0.18249258399009705,0.6586888432502747,0,36.93966771404305,-1.2402589970196174
2643.0,1846.0,602.0,848.0,880.0,2376.0,0.05319784954190254,0.45945945382118225,0,36.95098648662295,-1.2368453989399633
2516.0,1885.0,508.0,752.0,716.0,2761.0,-0.0464278943836689,0.588150680065155,0,36.95215429649231,-1.2062128477514875
2164.5,1494.0,477.5,703.0,721.5,2268.0,-0.023350253701210022,0.5173105597496033,0,36.96446121588475,-1.2159146528199782
2729.0,1957.0,550.0,847.0,868.0,2862.0,-0.02378823049366474,0.5345844626426697,0,36.97506133623736,-1.2252571317748213
2448.0,1615.5,540.0,674.0,854.0,1995.5,0.10183414071798325,0.40059658885002136,0,36.94523726880459,-1.2192384193712205
2068.0,1288.0,326.0,552.0,465.0,2320.0,-0.05742935463786125,0.6660681962966919,0,36.960598460163034,-1.2188790932575728
2666.0,1747.5,579.0,776.0,938.0,2161.0,0.10461984574794769,0.3946434259414673,0,36.9543102531742,-1.2148366744790349
2943.5,2275.5,665.0,864.5,1091.0,2076.5,0.1727091670036316,0.3111286461353302,0,36.96428155282793,-1.2391810186786738
2534.0,1728.0,564.5,728.5,964.5,2233.0,0.06314244121313095,0.3967161774635315,0,36.94613558408871,-1.2193282508996326
2689.0,1854.0,556.0,760.0,845.0,2140.0,0.11368813365697861,0.43383583426475525,0,36.98188853239667,-1.221933365223579
2102.0,1190.0,372.0,629.0,498.0,3555.0,-0.25684991478919983,0.7542561292648315,0,36.95691536749814,-1.242774279815152
2804.5,1791.0,506.0,807.0,864.0,2918.5,-0.01991962268948555,0.5431593060493469,0,36.96383239518586,-1.2480743399914571
2521.0,2327.0,1009.0,1186.0,1458.0,1966.0,0.123690664768219,0.14836448431015015,0,36.97739695597607,-1.2337911269739568
3073.0,2426.0,746.0,938.0,1204.0,2162.0,0.17402100563049316,0.2846108078956604,0,36.96526969964046,-1.2356775890706078
2147.0,1082.0,406.0,708.0,428.0,4082.0,-0.3106437623500824,0.8101995587348938,0,36.963742563657455,-1.2514879380711112
2457.5,1852.0,544.0,842.5,1048.0,2304.5,0.03212935850024223,0.37479493021965027,0,36.93805074653164,-1.2380132088093185
2603.0,1855.0,613.5,830.5,946.5,2251.5,0.07240704447031021,0.4080675542354584,0,36.963293406015396,-1.220046903126928
2421.0,2095.0,1024.0,1276.0,1576.0,2456.0,-0.007176543120294809,0.2182539701461792,0,36.94712373090124,-1.2100756034732014
2695.0,1767.0,534.0,783.0,864.0,2236.0,0.09308456629514694,0.4425806403160095,0,36.96401205824269,-1.2262452785873528
2236.0,1648.0,502.0,720.0,760.0,2604.0,-0.07603305578231812,0.5481569766998291,0,36.94092535544082,-1.2311860126500103
3903.0,3833.0,2062.0,2044.0,2166.0,2556.0,0.2085462212562561,0.08259212225675583,0,36.95017800286725,-1.2440319212129194
3149.0,2322.5,764.5,1055.0,1257.0,2477.0,0.11944542825222015,0.32672736048698425,0,36.97263588497024,-1.2404386600764412
2536.0,1915.0,593.0,849.5,1014.0,2259.5,0.05765822157263756,0.3804796040058136,0,36.97649864069195,-1.2100756034732014
2750.0,1755.0,545.0,766.0,864.0,2331.0,0.08246408402919769,0.4591549336910248,0,36.97883426043066,-1.212680717797148
2575.0,2071.0,747.0,1038.0,1126.0,2347.0,0.04632263258099556,0.3515692353248596,0,36.96446121588475,-1.212680717797148
2727.0,1847.0,635.0,906.0,1075.0,2573.5,0.02895953133702278,0.4107167422771454,0,36.958891661123204,-1.2366657358831392
2371.0,1241.0,466.0,774.0,532.0,3964.0,-0.25146013498306274,0.7633451819419861,0,36.96275441684492,-1.248703160690341
2987.0,1869.0,654.0,854.0,1104.0,2252.0,0.14029395580291748,0.34207388758659363,0,36.945866089503475,-1.2169027996325097
2784.0,2148.0,642.0,841.0,1054.0,2198.0,0.11762344092130661,0.35178351402282715,0,36.96778498243599,-1.237204725053611
2623.5,1944.5,600.0,826.0,1021.5,2194.5,0.0890410989522934,0.364738792181015,0,36.96598835186775,-1.2170824626893337
3232.0,2329.0,678.0,986.0,1064.0,2336.0,0.16091954708099365,0.3741176426410675,0,36.94721356242965,-1.2292097190249471
2762.0,1874.0,513.0,689.0,918.5,2067.0,0.1439221352338791,0.3846926689147949,0,36.953681432475314,-1.2157349897631544
3067.0,1999.0,770.0,1116.0,1150.0,3012.0,0.009047540836036205,0.44738107919692993,0,36.973534200254356,-1.2410674807753248
2350.0,1578.0,543.0,741.0,767.0,2208.0,0.03115401417016983,0.48436975479125977,0,36.94469827963412,-1.2112434133425567
2401.0,1709.0,630.0,968.5,1059.0,2945.5,-0.10184232890605927,0.4710950255393982,0,36.933918496224685,-1.222202859808815
3031.0,2148.0,683.0,925.0,1250.0,2119.0,0.17708738148212433,0.25794005393981934,0,36.950627160509306,-1.2236401642634063
2724.5,2011.0,634.0,866.5,1119.0,2323.5,0.07943739742040634,0.3498910665512085,0,36.950627160509306,-1.21645364199045
2244.0,1331.5,500.5,803.0,708.5,3139.5,-0.1663416028022766,0.6317567825317383,0,36.94218299683858,-1.2368453989399633
2889.0,2101.0,580.0,810.0,946.0,2229.0,0.1289566308259964,0.40409448742866516,0,36.963922226714274,-1.2342402846160165
2153.0,1591.0,608.0,789.0,1032.0,1379.0,0.21913929283618927,0.14392368495464325,0,36.94550676338982,-1.2085484674901983
2730.0,2041.5,620.0,775.0,1073.0,2074.5,0.13643459975719452,0.31818902492523193,0,36.95305261177643,-1.2211248814678715
3195.0,2057.0,720.0,994.0,1290.0,2471.0,0.1277797371149063,0.31401222944259644,0,36.957993345839085,-1.2326233171046015
2944.0,2190.0,688.0,966.0,1078.0,2392.0,0.1034482792019844,0.37867435812950134,0,36.97569015693624,-1.2376538826956707
2511.0,1634.0,616.0,818.0,954.0,2274.0,0.049529779702425,0.4089219272136688,0,36.95520856845832,-1.2168129681040978
2446.0,1627.0,499.0,788.0,816.0,2980.0,-0.09841503947973251,0.5700737833976746,0,36.95404075858896,-1.240887817718501
2824.5,2163.5,770.0,1054.0,1231.0,2584.0,0.04446704313158989,0.35465267300605774,0,36.947752551600125,-1.2328928116898372
2813.0,2206.0,736.0,971.0,1216.0,2294.0,0.1016252189874649,0.30712249875068665,0,36.97577998846465,-1.2367555674115511
1821.0,1368.0,640.0,809.0,952.0,1506.0,0.09467989206314087,0.22538650035858154,0,36.977756282089715,-1.244660741911803
2966.0,2069.0,782.0,1086.0,1224.0,2820.0,0.025233320891857147,0.39465874433517456,0,36.9482915407706,-1.2288503929112995
2061.0,1325.0,392.0,670.0,528.0,3385.0,-0.24311421811580658,0.7301303148269653,0,36.96625784645299,-1.2324436540477774
2354.0,1826.0,470.0,727.5,672.5,3056.0,-0.12975969910621643,0.6392651200294495,0,36.94972884522519,-1.2407081546616772
2979.5,2247.5,621.5,884.0,1068.0,2491.0,0.08929713815450668,0.3998314142227173,0,36.98395465755014,-1.2329826432182491
2325.5,1936.0,741.5,1008.5,1158.0,1971.0,0.08250901848077774,0.2598274350166321,0,36.94658474173077,-1.2103450980584374
2501.0,1683.0,574.0,900.0,1018.0,2666.0,-0.03193342313170433,0.44733986258506775,0,36.94164400766811,-1.2231011750929344
2559.5,2154.0,931.0,1135.0,1302.0,2101.5,0.09826217591762543,0.23490524291992188,0,36.9776664505613,-1.2310063495931862
2585.0,1904.5,566.0,721.0,933.5,1931.5,0.14469169080257416,0.34834206104278564,0,36.95332210636167,-1.2195977454848683
2600.0,1666.0,469.0,745.0,748.0,2520.0,0.015625,0.5422276854515076,0,36.970839254401994,-1.246637035536866
2190.0,1549.0,444.0,684.0,576.0,2750.0,-0.11336032301187515,0.6536380052566528,0,36.94802204618536,-1.2375640511672588
2851.0,1974.0,678.0,980.0,1204.0,2514.0,0.06281454116106033,0.3523399531841278,0,36.962484922259684,-1.2305571919511265
2484.0,1870.0,578.0,792.0,874.0,2389.0,0.019495178014039993,0.4642966687679291,0,36.945416931861416,-1.2091772881890819
2527.0,1691.5,470.5,721.5,684.0,2534.0,-0.0013831258984282613,0.574891209602356,0,36.95520856845832,-1.2394505132639098
3128.0,2475.0,961.0,1192.0,1514.0,2332.0,0.1457875519990921,0.21268850564956665,0,36.97829527126019,-1.240977649246913
2749.5,1943.5,597.0,802.5,1024.0,2331.5,0.08226726949214935,0.38965877890586853,0,36.9491000245263,-1.2169027996325097
2342.5,1564.0,496.0,743.5,728.5,2471.0,-0.026695750653743744,0.5446163415908813,0,36.984942804362674,-1.2230113435645225
2632.0,2022.0,1138.0,1440.0,1556.0,2373.0,0.05174825340509415,0.2079409509897232,0,36.94613558408871,-1.2358572521274316
2615.5,1768.5,520.0,701.5,881.5,2116.0,0.10556905716657639,0.4118432104587555,0,36.953950927060546,-1.2151960005926827
3234.0,2496.0,720.0,979.5,1318.0,2018.5,0.23141361773014069,0.2099505513906479,0,36.94945935063995,-1.2326233171046015
2198.0,1261.5,421.0,724.0,622.0,3410.0,-0.21611982583999634,0.6914682388305664,0,36.93948805098623,-1.2395403447923217
2891.5,1983.5,624.5,882.0,1089.0,2315.5,0.11062031984329224,0.3602584898471832,0,36.940386366270346,-1.2209452184110476
2371.0,1670.0,588.0,785.0,973.0,2062.0,0.06970448791980743,0.3588138520717621,0,36.951525475793424,-1.2175316203313935
2980.5,2333.0,1078.0,1461.0,1754.0,2761.5,0.03814002126455307,0.22312036156654358,0,36.98386482602173,-1.2304673604227145
2370.0,1981.0,810.0,1050.0,1084.0,2454.0,-0.017412934452295303,0.387224406003952,0,36.957813682782266,-1.2005534614615345
2374.0,1433.5,508.0,802.0,692.0,3288.0,-0.16142705082893372,0.6522613167762756,0,36.94406945893523,-1.2375640511672588
2557.0,1932.0,582.0,886.0,1250.0,1970.0,0.12966644763946533,0.22360248863697052,0,36.93805074653164,-1.2387318610366143
2720.0,1693.0,600.0,863.0,920.0,2438.0,0.054672352969646454,0.45205479860305786,0,36.980451227942076,-1.2113332448709688
2041.0,1675.0,762.0,956.0,1050.0,2015.0,0.006410256493836641,0.3148450255393982,0,36.95143564426501,-1.2455590571959225
2059.0,1050.0,325.0,606.0,364.0,3908.0,-0.30987095832824707,0.829587996006012,0,36.94478811116253,-1.2366657358831392
3468.0,2524.0,720.0,1038.0,1204.0,2663.0,0.1312999576330185,0.37729504704475403,0,36.978205439731774,-1.2437624266276834
1951.0,1122.5,313.0,484.0,358.5,3202.0,-0.2427712082862854,0.79862380027771,0,36.94793221465695,-1.2438522581560953
2728.0,2017.0,781.0,1041.5,1145.0,2298.0,0.08555511385202408,0.33488237857818604,0,36.96571885728252,-1.2420556275878565
2596.0,1953.0,622.5,924.0,1124.0,2412.5,0.03663771599531174,0.3643432855606079,0,36.94119485002605,-1.2254367948316451
2077.5,1098.0,376.0,650.0,452.5,3634.5,-0.2725840210914612,0.7785661816596985,0,36.94146434461129,-1.2237299957918182
2989.0,2409.0,687.0,913.0,1164.0,2120.0,0.17009200155735016,0.2911083996295929,0,36.96455104741316,-1.2363064097694914
2671.0,1857.0,624.0,880.0,817.0,2768.0,-0.01783416047692299,0.5442119836807251,0,36.973713863311175,-1.2307368550079505
2439.0,1524.0,471.0,752.0,600.0,3592.0,-0.19117890298366547,0.7137404680252075,0,36.95520856845832,-1.2285808983260635
2404.5,1838.5,642.5,921.5,1071.0,2457.0,-0.010799136012792587,0.3928571343421936,0,36.95053732898089,-1.2080094783197266
2933.0,2221.0,650.0,845.0,1036.0,2109.0,0.1634272187948227,0.34117648005485535,0,36.968952792305345,-1.2345097792012525
2642.0,1717.5,546.5,829.5,900.5,2740.0,-0.01820884458720684,0.5052877068519592,0,36.96095778627668,-1.2359470836558437
2308.0,1357.5,451.0,751.0,592.0,3494.0,-0.20441226661205292,0.7102300524711609,0,36.94263215448064,-1.226065615530529
2107.0,1120.0,375.0,628.0,439.0,3336.0,-0.22579459846019745,0.7674171924591064,0,36.94793221465695,-1.2410674807753248
2621.0,1699.0,530.0,796.0,758.0,3624.0,-0.16060848534107208,0.6540392637252808,0,36.95475941081626,-1.2284910667976516
2959.0,2394.0,732.0,922.0,1180.0,2044.0,0.18289026618003845,0.2679900825023651,0,36.96949178147582,-1.2404386600764412
2962.0,2182.0,755.0,1068.0,1316.0,2398.0,0.1052238792181015,0.29133009910583496,0,36.93993720862829,-1.2284012352692397
2713.5,2218.5,653.0,915.0,968.0,2213.0,0.10159341990947723,0.39138635993003845,0,36.96320357448698,-1.2413369753605608
2449.0,1637.0,421.0,731.0,546.0,2757.0,-0.059162504971027374,0.6693914532661438,0,36.96284424837333,-1.2416064699457967
2803.5,1887.5,604.0,846.0,919.0,2239.5,0.1118381917476654,0.41807821393013,0,36.984942804362674,-1.2174417888029816
2788.5,1952.5,559.0,842.0,1099.0,2390.5,0.07684881240129471,0.37011033296585083,0,36.96437138435633,-1.2173519572745695
2423.0,1713.0,492.0,754.0,720.0,2697.0,-0.05351562425494194,0.5785776972770691,0,36.95098648662295,-1.2016314398024779
2828.0,2154.0,676.0,867.0,1126.0,2197.0,0.12557214498519897,0.32229912281036377,0,36.96814430854964,-1.2394505132639098
2415.0,1390.0,406.0,641.0,607.0,2479.0,-0.013077237643301487,0.6066104769706726,0,36.95763401972544,-1.218340104087101
2479.0,1745.0,500.0,783.0,692.0,3322.0,-0.14531977474689484,0.6552067995071411,0,36.93472697998039,-1.2232808381497584
2294.0,2021.5,1021.0,1224.0,1472.0,1885.5,0.09773896634578705,0.12315711379051208,0,36.97847493431701,-1.2340606215591927
2631.0,1508.0,528.0,879.0,756.0,2824.0,-0.03538038581609726,0.5776536464691162,0,36.94784238312854,-1.2252571317748213
2590.0,1661.0,530.0,818.0,858.0,2713.0,-0.023194417357444763,0.5194623470306396,0,36.959879807935735,-1.2433132689856237
2718.0,1525.0,560.0,834.0,714.0,3932.0,-0.1825563907623291,0.6926388144493103,0,36.96086795474827,-1.2498709705596962
2808.5,1900.5,601.0,868.0,982.5,2342.5,0.09046787023544312,0.40902256965637207,0,36.95772385125385,-1.2287605613828874
3344.0,2555.5,679.5,925.5,1197.0,2459.0,0.15250732004642487,0.3451859951019287,0,36.94200333378176,-1.220316397712164
2470.5,1841.5,584.0,754.5,995.5,1862.0,0.14045009016990662,0.30323708057403564,0,36.9535916009469,-1.2186095986723369
3025.5,2120.5,575.0,791.0,1071.0,2321.0,0.13176845014095306,0.36851415038108826,0,36.9415541761397,-1.22013673465534
2448.0,2382.0,874.0,1060.0,1362.0,1679.0,0.18633389472961426,0.10424202680587769,0,36.977307124447655,-1.2320843279341296
2585.0,1589.5,589.5,895.5,932.0,3074.0,-0.08641102910041809,0.534697949886322,0,36.93903889334417,-1.2396301763207336
3074.0,3101.0,2160.0,2414.0,2692.0,2798.0,0.047002725303173065,0.019307833164930344,0,36.97425285248165,-1.2306470234795384
2903.0,1911.0,615.0,892.0,980.0,2313.0,0.11311350017786026,0.40479806065559387,0,36.97847493431701,-1.214387516836975
2854.0,1991.5,670.5,948.0,1217.0,2381.5,0.09024926275014877,0.32360705733299255,0,36.95664587291291,-1.2233706696781703
2281.5,1473.0,389.0,639.0,498.0,3380.0,-0.19402985274791718,0.7431665658950806,0,36.94200333378176,-1.2420556275878565
2486.0,1995.0,1036.0,894.0,790.0,2374.0,0.023045267909765244,0.500632107257843,0,36.963023911430156,-1.2099857719447895
2259.5,1278.5,422.0,686.5,521.0,3442.0,-0.2074015587568283,0.7370678782463074,0,36.93966771404305,-1.2410674807753248
2698.5,2055.5,584.0,805.0,1085.0,2114.0,0.12145454436540604,0.3216630220413208,0,36.95269328566278,-1.2055840270526037
2654.0,1639.0,548.0,870.0,834.0,3240.0,-0.09942314028739929,0.5905743837356567,0,36.97407318942483,-1.2469065301221018
2260.5,1204.0,386.5,691.5,396.0,4663.5,-0.34705373644828796,0.8434627652168274,0,36.96239509073127,-1.25005063361652
2672.0,2291.0,490.0,786.0,714.0,2544.0,0.024539876729249954,0.5616942644119263,0,36.97092908593041,-1.2451997310822747
2892.0,2089.5,640.0,929.5,1023.5,2563.0,0.06031164154410362,0.429248571395874,0,36.94388979587841,-1.2301978658374786
2912.5,2271.0,936.5,1212.0,1397.0,2290.0,0.11965401470661163,0.24220232665538788,0,36.97577998846465,-1.2365759043547273
2469.0,1823.5,608.5,864.5,886.0,2359.5,0.022677849978208542,0.45401325821876526,0,36.97218672732818,-1.2079196467913145
3336.0,2322.0,746.0,1042.0,1070.0,2765.0,0.09359121322631836,0.4419817328453064,0,36.969401949947404,-1.2242689849622899
2184.0,1451.0,429.5,694.5,616.0,2914.5,-0.14327743649482727,0.6510409116744995,0,36.93715243124751,-1.22795207762718
2855.5,2073.0,666.0,871.0,1166.0,2270.0,0.11423275619745255,0.3213038444519043,0,36.95448991623102,-1.2211248814678715
3367.5,2454.0,880.0,1211.0,1438.0,2786.5,0.09441013634204865,0.31920936703681946,0,36.98000207030002,-1.2388216925650262
2889.0,2203.0,633.0,886.0,1084.0,2250.0,0.12434326112270355,0.3497300446033478,0,36.97128841204405,-1.233431800860309
2665.0,1460.5,509.0,882.5,644.0,3753.0,-0.1695232093334198,0.7070730328559875,0,36.962035764617625,-1.2498709705596962
2281.0,1146.0,402.0,717.0,502.0,3796.0,-0.24930064380168915,0.7664029598236084,0,36.98584111964679,-1.224089321905466
2657.5,1915.0,573.0,752.5,969.0,2054.0,0.12809084355831146,0.35891497135162354,0,36.94550676338982,-1.2187892617291607
2456.0,2192.0,1006.0,1276.0,1468.0,2242.0,0.045551300048828125,0.20862533152103424,0,36.97811560820337,-1.2329826432182491
3088.0,2056.0,609.0,822.0,1056.0,2414.0,0.12250091135501862,0.3913544714450836,0,36.95934081876527,-1.2337911269739568
2620.5,1885.0,566.5,705.5,967.0,2056.5,0.12059012055397034,0.36034396290779114,0,36.94469827963412,-1.2187892617291607
2450.5,2253.5,1290.0,1525.0,1732.0,2425.5,0.005127153359353542,0.16680698096752167,0,36.95673570444132,-1.2469963616505138
3237.0,2228.5,726.5,999.0,1203.0,2670.0,0.09598781168460846,0.3787761330604553,0,36.96176627003239,-1.2251673002464094
2380.0,1483.0,450.0,752.0,593.0,3896.0,-0.2415551245212555,0.7357985973358154,0,36.95197463343548,-1.227772414570356
2619.0,2135.5,978.0,1270.0,1457.0,2466.0,0.03008849546313286,0.2572011351585388,0,36.977127461390836,-1.2283114037408276
2620.5,1802.5,649.0,919.5,1084.0,2724.0,-0.0193657036870718,0.4306722581386566,0,36.95098648662295,-1.2343301161444284
2611.0,2028.0,883.0,1210.0,1328.0,2401.0,0.04189944267272949,0.2877447009086609,0,36.94838137229901,-1.208817962075434
4049.0,3883.0,1015.0,1070.0,1384.0,2224.0,0.29092937707901,0.2328159660100937,0,36.95233395954914,-1.2444810788549792
3293.0,2605.0,736.0,959.5,1212.0,2217.0,0.19528131186962128,0.2930883765220642,0,36.964910373526806,-1.2345097792012525
1905.0,1099.0,366.0,532.0,442.0,2511.0,-0.13722826540470123,0.7006434202194214,0,36.94505760574776,-1.240797986190089
3179.5,2251.0,741.0,1046.0,1196.0,2747.0,0.07297730445861816,0.3933553099632263,0,36.94074569238399,-1.2255266263600573
2683.5,2120.0,666.0,903.0,1108.0,2614.5,0.013023782521486282,0.4047011435031891,0,36.97577998846465,-1.2359470836558437
2334.0,1620.0,526.0,813.0,733.0,2674.0,-0.06789137423038483,0.5697094202041626,0,36.95952048182209,-1.2457387202527463
2662.0,1734.0,522.0,755.0,816.0,2416.0,0.048444271087646484,0.49504950642585754,0,36.95996963946415,-1.231365675706834
2326.0,1547.0,634.0,926.0,986.0,2559.0,-0.0476970300078392,0.44372355937957764,0,36.94568642644665,-1.2414268068889727
2528.0,1544.0,531.0,822.0,776.0,2623.0,-0.018443020060658455,0.5433951020240784,0,36.982786847680785,-1.21277054932556
2963.0,2468.0,997.0,1223.0,1372.0,2552.5,0.07442661374807358,0.30080264806747437,0,36.96796464549281,-1.2172621257461576
2557.5,1800.0,752.5,1016.0,1012.0,2381.0,0.03573959693312645,0.4034777581691742,0,36.97829527126019,-1.2075603206776668
2959.0,2252.0,714.0,924.0,1134.0,2408.0,0.10266443341970444,0.3596837818622589,0,36.95952048182209,-1.2486133291619288
2776.0,1970.5,609.0,826.5,1019.0,2199.0,0.11597990244626999,0.3666873872280121,0,36.980451227942076,-1.2266046047010006
2634.5,1726.5,608.5,823.0,952.0,2403.0,0.04595533385872841,0.4324888288974762,0,36.9498186767536,-1.2251673002464094
3260.0,2795.0,1250.0,1436.0,1500.0,2512.0,0.12959112226963043,0.2522432804107666,0,36.96526969964046,-1.2245384795475258
2679.0,1784.0,545.0,780.0,814.0,2232.0,0.09102015942335129,0.46552854776382446,0,36.98197836392508,-1.218519767143925
2393.0,1408.0,492.0,767.0,747.0,3055.0,-0.12151248008012772,0.6070489287376404,0,36.97290537955547,-1.248433666105105
3238.0,2464.0,718.0,964.0,1314.0,2161.0,0.19948138296604156,0.2437410056591034,0,36.95017800286725,-1.2232808381497584
2280.5,1424.5,501.5,773.0,708.5,3361.5,-0.19159872829914093,0.6518427729606628,0,36.94200333378176,-1.2261554470589409
2945.0,2121.0,630.0,853.0,1100.0,2168.0,0.15196557343006134,0.32680538296699524,0,36.96356290060063,-1.2338809585023687
2451.0,1767.0,660.0,927.0,1098.0,2160.0,0.06310995668172836,0.32596686482429504,0,36.94954918216836,-1.2100756034732014
2931.5,2080.0,631.0,870.5,1110.0,2410.5,0.09752901643514633,0.3694077432155609,0,36.957544188197026,-1.2255266263600573
2629.5,2116.0,747.0,995.0,1057.0,2265.0,0.07447134703397751,0.3636363744735718,0,36.9783851027886,-1.2324436540477774
2132.0,1300.5,429.5,617.5,636.0,2227.5,-0.021906182169914246,0.5557883977890015,0,36.98557162506155,-1.2228316805076986
2920.0,1924.0,596.0,836.0,943.0,2192.0,0.142410010099411,0.3984051048755646,0,36.978025776674954,-1.2148366744790349
2988.0,2026.0,838.0,1160.0,1190.0,2543.0,0.08045561611652374,0.36244308948516846,0,36.946494910202354,-1.2281317406840038
2534.0,1928.0,623.0,885.0,1018.0,2647.0,-0.021810460835695267,0.4444747567176819,0,36.935355800679275,-1.223909658848642
2456.0,2120.0,879.0,1114.0,1274.0,1982.0,0.10680487006902695,0.21744471788406372,0,36.982337690038726,-1.2347792737864882
2535.0,1679.5,595.0,838.5,983.0,2509.0,0.005154639016836882,0.4369988441467285,0,36.963922226714274,-1.216543473518862
2036.0,1109.0,344.0,598.0,429.0,3332.0,-0.24143069982528687,0.7718691825866699,0,36.944608448105704,-1.2369352304683752
3084.0,2155.0,730.0,1020.0,1100.0,3074.0,0.0016239038668572903,0.47292765974998474,0,36.96724599326552,-1.2228316805076986
2958.0,2388.0,646.0,831.5,1089.0,1984.0,0.19708620011806488,0.29124632477760315,0,36.96365273212904,-1.2356775890706078
2416.0,1973.0,771.5,1046.0,1174.0,2386.0,0.006247397046536207,0.3404494524002075,0,36.94362030129317,-1.2344199476728404
2389.0,1469.0,475.0,704.0,647.0,2800.0,-0.07920601218938828,0.6246011257171631,0,36.96571885728252,-1.231725001820482
2329.5,1470.5,519.0,785.0,733.0,3110.5,-0.14356617629528046,0.6185768246650696,0,36.96904262383376,-1.231725001820482
3820.0,3210.0,1730.0,2303.0,2873.0,3498.0,0.04400109499692917,0.09810076653957367,0,36.951345812736605,-1.2398098393775576
2361.0,1543.0,489.0,655.0,698.0,2117.0,0.05448861047625542,0.5040852427482605,0,36.952513622605956,-1.2169027996325097
3134.5,2081.5,879.5,1193.0,1319.0,3215.5,-0.012755905278027058,0.41823795437812805,0,36.95026783439566,-1.2284910667976516
2544.0,1677.5,505.0,670.5,898.0,2003.5,0.1188565120100975,0.3810098171234131,0,36.95242379107754,-1.2186095986723369
2340.0,1528.0,536.5,828.0,733.5,3494.0,-0.1978059709072113,0.6529864072799683,0,36.97101891745882,-1.2491523183324007
2682.0,2267.0,1122.0,1418.0,1674.0,2182.0,0.1027960553765297,0.13174274563789368,0,36.954400084702606,-1.2401691654912055
2552.0,1790.0,569.5,737.0,943.0,2094.0,0.09857942163944244,0.3789924383163452,0,36.95080682356613,-1.2191485878428086
2262.5,1283.0,466.5,782.5,698.5,3256.0,-0.18003080785274506,0.6467315554618835,0,36.98269701615237,-1.223999490377054
2647.5,2110.5,541.0,793.0,815.5,2643.5,0.0007560007506981492,0.5284764170646667,0,36.96437138435633,-1.2248079741327615
3274.0,2167.0,638.0,860.0,1092.0,2380.0,0.1581181436777115,0.3709677457809448,0,36.95763401972544,-1.2330724747466613
2049.0,1346.0,406.0,633.0,568.0,2483.0,-0.09576345980167389,0.6276630759239197,0,36.95763401972544,-1.2168129681040978
2388.0,1422.0,464.0,831.0,659.0,3476.0,-0.1855388879776001,0.6812575459480286,0,36.98476314130585,-1.223909658848642
3010.5,2261.5,830.5,1108.0,1240.0,2540.0,0.08476714044809341,0.34391534328460693,0,36.98009190182843,-1.239270850207086
2574.0,1659.0,556.0,794.0,902.0,2518.0,0.010997643694281578,0.47251462936401367,0,36.966796835623455,-1.218519767143925
2904.0,2363.0,829.0,1041.0,1243.0,1938.0,0.1995043307542801,0.2184847593307495,0,36.964910373526806,-1.2346894422580763
2552.5,2038.0,706.0,935.5,1096.0,2221.5,0.06933388859033585,0.3392615020275116,0,36.954220421645786,-1.239270850207086
2857.0,1908.0,642.0,871.0,1120.0,2299.0,0.10822343081235886,0.34483766555786133,0,36.94927968758313,-1.2223825228656389
2709.0,1807.0,620.0,870.0,992.0,2574.0,0.025553662329912186,0.4436343312263489,0,36.96589852033934,-1.2310063495931862
2882.0,1919.0,623.0,890.0,987.0,2380.0,0.09540098905563354,0.4137214124202728,0,36.98188853239667,-1.2170824626893337
2962.0,2303.0,870.0,1159.0,1358.0,2461.0,0.09238428622484207,0.2888190746307373,0,36.98170886933984,-1.2364860728263154
2758.0,2119.0,1018.0,1416.0,1638.0,2600.0,0.029488615691661835,0.2269938588142395,0,36.95188480190708,-1.2400793339627934
2349.0,1588.0,563.0,731.0,886.0,2075.0,0.06193489953875542,0.40155354142189026,0,36.95592722068561,-1.2174417888029816
2235.5,1338.5,375.0,677.5,472.0,3146.5,-0.169267937541008,0.7391183972358704,0,36.961137449333506,-1.2398098393775576
2581.0,1766.0,573.0,853.0,891.0,2641.0,-0.011489850468933582,0.49546998739242554,0,36.957274693611794,-1.1994754831205912
1512.0,884.5,411.5,687.0,558.0,2429.0,-0.23268206417560577,0.626380980014801,0,36.93814057806004,-1.2412471438321488
2937.0,1978.0,602.0,856.0,1031.0,2506.0,0.07918427139520645,0.4170200824737549,0,36.957993345839085,-1.2252571317748213
2889.0,1894.0,618.0,890.0,929.0,2457.0,0.08080808073282242,0.4512699246406555,0,36.98260718462396,-1.2171722942177456
2512.5,1781.5,520.0,815.5,842.0,2557.0,-0.008777986280620098,0.5045601725578308,0,36.972096895799766,-1.2434929320424477
3117.0,2270.0,678.0,956.0,1096.0,2510.0,0.10787275433540344,0.3921242356300354,0,36.966796835623455,-1.2255266263600573
2475.0,1801.0,617.0,930.0,1068.0,2384.0,0.018728133291006088,0.3812282681465149,0,36.9520644649639,-1.2442115842697432
3320.5,2615.5,883.5,1153.0,1471.0,2328.5,0.17560629546642303,0.22568759322166443,0,36.949908508282014,-1.2312758441784222
2804.5,1929.0,654.5,831.0,997.0,2144.0,0.13347479701042175,0.36517032980918884,0,36.96176627003239,-1.2268740992862364
2226.0,1243.0,370.0,616.0,523.0,3010.0,-0.14973261952400208,0.7039343118667603,0,36.947303393958066,-1.240887817718501
2601.0,2313.0,879.0,1136.0,1422.0,2220.0,0.07902924716472626,0.2191103845834732,0,36.96553919422569,-1.2132197069676198
2762.0,1725.0,566.0,798.0,844.0,2341.0,0.08250048756599426,0.4700157046318054,0,36.98413432060696,-1.2189689247859847
2750.0,1748.0,618.5,892.0,941.0,2560.5,0.035684023052453995,0.46251606941223145,0,36.944877942690944,-1.2247181426043496
2460.0,1640.0,566.0,781.0,950.0,2381.0,0.016318941488862038,0.42960071563720703,0,36.957544188197026,-1.2216638706383431
2326.0,1533.0,458.0,696.0,756.0,2988.0,-0.12457659095525742,0.5961538553237915,0,36.94406945893523,-1.2404386600764412
3688.5,2808.0,849.5,1101.0,1305.0,2586.5,0.1756175309419632,0.3293074667453766,0,36.97407318942483,-1.2421454591162684
2338.0,1433.5,506.0,748.0,848.0,2442.0,-0.021757321432232857,0.4844984710216522,0,36.96086795474827,-1.2438522581560953
2719.0,1981.0,592.0,780.0,1012.0,2100.0,0.12844988703727722,0.34961438179016113,0,36.96913245536217,-1.2199570715985162
2526.0,1699.0,608.0,850.0,912.0,2320.0,0.0425092875957489,0.4356435537338257,0,36.97865459737383,-1.2231910066213465
2329.0,1513.0,497.0,739.5,690.0,2617.0,-0.05822887271642685,0.5827033519744873,0,36.96886296077693,-1.2312758441784222
3068.0,2449.0,604.0,863.0,1144.0,2209.0,0.16278187930583954,0.3176259994506836,0,36.94137451308288,-1.2268740992862364
2445.5,1490.5,423.0,715.0,545.0,3108.5,-0.11937342584133148,0.701655924320221,0,36.96284424837333,-1.243043774400388
2789.5,1863.5,566.0,840.0,1034.0,2540.0,0.046814899891614914,0.42137661576271057,0,36.958711998066384,-1.2360369151842556
2472.0,1744.0,623.0,959.0,1172.0,2352.0,0.024875622242689133,0.33484676480293274,0,36.96005947099256,-1.2194180824280445
2973.0,2142.0,810.0,1021.0,1278.0,2251.0,0.138208270072937,0.27571550011634827,0,36.94622541561712,-1.2246283110759377
1203.0,744.0,448.5,612.0,688.0,955.5,0.11466296017169952,0.16276240348815918,0,36.96913245536217,-1.2470861931789257
2677.5,1808.5,578.0,812.5,950.0,2446.0,0.04518395662307739,0.44051826000213623,0,36.97811560820337,-1.2118722340414405
2365.5,1675.5,619.5,908.5,912.0,2803.5,-0.0847359225153923,0.5090835690498352,0,36.95287294871961,-1.2024399235581855
3190.0,2205.0,653.5,915.0,1109.0,2529.0,0.11557964980602264,0.39032435417175293,0,36.962305259202864,-1.2248079741327615
2098.0,1224.0,383.0,626.0,502.0,3472.0,-0.24667863547801971,0.7473578453063965,0,36.94236265989541,-1.2434929320424477
3151.0,2581.5,944.5,1237.0,1419.0,2544.5,0.10648757964372635,0.28396618366241455,0,36.98359533143649,-1.2366657358831392
2826.5,2254.0,712.5,918.0,1210.0,1995.0,0.17245671153068542,0.24492979049682617,0,36.953232274833255,-1.2214842075815193
2253.0,1382.0,413.5,601.0,632.0,2322.0,-0.01508196722716093,0.5721056461334229,0,36.98575128811838,-1.2229215120361105
2509.5,1645.0,514.0,806.0,809.0,2925.0,-0.0764559730887413,0.5666845440864563,0,36.96023913404939,-1.2291198874965352
2714.0,2317.0,1110.0,1354.0,1554.0,2134.0,0.11963696032762527,0.15726681053638458,0,36.97883426043066,-1.2326233171046015
2313.0,1528.5,553.5,868.0,885.0,2999.5,-0.1292235255241394,0.5443428754806519,0,36.97694779833401,-1.2254367948316451
2568.0,1628.5,518.5,814.0,692.0,3266.5,-0.11971891671419144,0.6503726243972778,0,36.954669579287845,-1.2293893820817712
2466.0,2228.0,915.0,1124.0,1262.0,2042.0,0.09405501186847687,0.23607748746871948,0,36.94927968758313,-1.237025061996787
2406.0,1268.0,407.0,738.0,526.0,3727.0,-0.21539214253425598,0.7526451945304871,0,36.96500020505522,-1.2491523183324007
2502.0,1683.0,447.0,686.0,724.0,2824.0,-0.06045813113451004,0.5918827652931213,0,36.97200706427135,-1.2469963616505138
2725.5,1810.0,541.5,772.5,834.0,2492.0,0.04475323483347893,0.4984966814517975,0,36.9580831773675,-1.2284910667976516
2624.0,1773.0,574.0,865.5,867.0,2559.0,0.012540999799966812,0.49387040734291077,0,36.95071699203772,-1.2098061088879655
2193.0,1528.0,528.5,780.0,712.0,2921.5,-0.14243817329406738,0.6080913543701172,0,36.93733209430434,-1.2293893820817712
2351.0,1581.0,514.0,741.0,772.0,2381.0,-0.00633981404826045,0.5103076696395874,0,36.98018173335684,-1.2178909464450411
2245.5,1310.5,514.0,756.5,717.0,2536.0,-0.06075499206781387,0.5591761469841003,0,36.94353046976476,-1.226065615530529
2190.0,1195.5,364.0,637.5,473.0,3870.0,-0.2772277295589447,0.7821782231330872,0,36.95493907387308,-1.2420556275878565
3054.0,1999.0,686.0,921.0,1186.0,2292.0,0.1425364762544632,0.31799885630607605,0,36.94406945893523,-1.216543473518862
2744.0,1915.0,613.0,865.5,1053.0,2486.0,0.049330782145261765,0.4049166440963745,0,36.94892036146948,-1.2158248212915663
2826.0,2215.0,977.5,1243.0,1430.0,2191.5,0.12645739316940308,0.21027198433876038,0,36.965359531168865,-1.2248079741327615
2316.0,1377.0,372.0,684.0,532.0,3696.0,-0.22954091429710388,0.748344361782074,0,36.96931211841899,-1.2488828237471647
2698.0,2015.0,508.0,783.0,881.0,2481.0,0.04189997911453247,0.47590720653533936,0,36.94254232295223,-1.2293893820817712
2627.5,1887.0,591.0,898.5,904.5,2725.0,-0.018215786665678024,0.5015842318534851,0,36.977307124447655,-1.2289402244397114
3375.0,3039.0,693.0,942.0,1398.0,1979.0,0.26073962450027466,0.17204619944095612,0,36.94847120382742,-1.2306470234795384
2341.5,2220.0,935.5,1115.0,1376.0,1738.0,0.14793479442596436,0.1162491962313652,0,36.97551049387942,-1.2319944964057177
2206.0,1346.5,474.5,788.5,584.5,3531.0,-0.23095694184303284,0.7159518599510193,0,36.96886296077693,-1.2482540030482812
2786.0,2120.0,714.0,912.0,1144.0,2120.0,0.1357521414756775,0.29901960492134094,0,36.96688666715187,-1.2358572521274316
2699.0,1794.0,552.0,736.0,822.0,2082.0,0.12905250489711761,0.43388429284095764,0,36.98314617379443,-1.2192384193712205
3387.0,2758.0,738.0,972.0,1373.0,2101.0,0.2343294471502304,0.2095567137002945,0,36.94784238312854,-1.2305571919511265
2683.0,1870.0,493.0,736.0,864.0,2520.0,0.03132807835936546,0.4893617033958435,0,36.97128841204405,-1.246457372480042
2654.0,1742.0,538.0,790.0,928.0,2383.0,0.05380186438560486,0.43944427371025085,0,36.95996963946415,-1.2229215120361105
2056.0,1019.5,374.0,621.5,431.0,4498.0,-0.3725968897342682,0.8251166343688965,0,36.94388979587841,-1.225706289416881
2543.0,2137.0,838.0,1030.0,1202.0,2296.0,0.05104360356926918,0.3127501308917999,0,36.98431398366379,-1.229569045138595
2186.0,1343.0,435.0,781.0,644.0,3296.0,-0.20248085260391235,0.6730964183807373,0,36.957813682782266,-1.2001043038194747
3202.0,2700.0,1208.0,1666.0,2248.0,2674.0,0.08985704928636551,0.08655018359422684,0,36.98458347824902,-1.2304673604227145
2615.5,1987.0,761.0,986.0,1121.0,1960.0,0.14326302707195282,0.272314190864563,0,36.95233395954914,-1.2338809585023687
2275.5,1559.0,442.5,695.0,774.0,2386.0,-0.02370481565594673,0.5101265907287598,0,36.94433895352047,-1.2057636901094277
3398.5,2592.0,881.0,1162.0,1491.0,2445.5,0.16307324171066284,0.2424742728471756,0,36.953232274833255,-1.2320843279341296
2286.0,1466.0,501.0,776.0,654.0,3123.0,-0.15474209189414978,0.6536933779716492,0,36.9678748139644,-1.229569045138595
2926.0,2061.0,871.0,1222.0,1382.0,2593.0,0.060337018221616745,0.3046540915966034,0,36.98036139641366,-1.240618323133265
2117.0,1680.0,816.0,1160.0,1432.0,1288.0,0.24346549808979034,-0.052941177040338516,0,36.97146807510088,-1.238911524093438
2265.0,1313.0,443.0,823.0,552.0,3718.0,-0.2428547590970993,0.7414519786834717,0,36.9828766792092,-1.2242689849622899
2406.0,1503.5,417.5,663.0,634.0,2557.5,-0.030522815883159637,0.6026946306228638,0,36.963473069072215,-1.2032484073138932
2543.0,1655.5,536.0,707.0,848.0,2110.5,0.0929407998919487,0.4267365336418152,0,36.94972884522519,-1.2211248814678715
2656.0,1690.0,552.0,786.0,844.0,2880.0,-0.040462426841259,0.5467239618301392,0,36.96742565632234,-1.2215740391099312
3101.0,2353.0,732.0,964.0,1236.0,2845.0,0.04305415228009224,0.3942660987377167,0,36.96985110758946,-1.2245384795475258
2912.0,2427.0,900.0,1278.0,1642.0,2628.5,0.051168665289878845,0.23100338876247406,0,36.951794970378664,-1.2504099597301679
2548.5,1799.0,510.5,767.0,738.0,2333.5,0.04403932765126228,0.5194530487060547,0,36.964910373526806,-1.240797986190089
2472.5,1593.5,512.0,801.0,728.0,2989.0,-0.09457109123468399,0.6082862615585327,0,36.95386109553214,-1.2043263856548365
2258.0,1185.0,448.0,716.0,611.0,3764.0,-0.2500830292701721,0.7206857204437256,0,36.9543102531742,-1.2435827635708596
2483.5,1576.5,564.0,882.0,857.5,2901.0,-0.07753737270832062,0.5437009334564209,0,36.960149302520975,-1.2288503929112995
2806.0,1911.5,693.0,935.0,1138.0,2460.5,0.0656033381819725,0.3675142526626587,0,36.93966771404305,-1.2218435336951672
2686.0,2161.0,637.0,884.0,1010.0,2264.0,0.08525252342224121,0.38301771879196167,0,36.971108748987234,-1.2456488887243344
3210.5,2321.5,727.0,997.0,1341.0,2314.0,0.16227713227272034,0.266210675239563,0,36.95664587291291,-1.2253469633032332
3505.0,2644.0,852.0,1107.0,1425.0,2633.5,0.14197279512882233,0.29777011275291443,0,36.948201709242184,-1.229569045138595
2405.0,1528.5,541.5,815.5,747.5,2841.0,-0.08311094343662262,0.5833913683891296,0,36.96913245536217,-1.2330724747466613
2494.5,1557.5,441.5,758.5,566.0,3444.0,-0.1598888635635376,0.7177057266235352,0,36.97030026523152,-1.2319046648773058
2999.0,2837.5,1316.0,1732.0,2007.0,2785.5,0.03690898045897484,0.16244131326675415,0,36.94838137229901,-1.2492421498608126
2908.0,2577.0,1082.0,1312.0,1584.0,2376.0,0.10068130493164062,0.20000000298023224,0,36.97569015693624,-1.233341969331897
2641.0,1909.0,460.0,706.0,662.0,2718.0,-0.014368352480232716,0.6082839965820312,0,36.95934081876527,-1.2062128477514875
2420.0,2044.0,828.0,1044.0,1212.0,2017.0,0.09082713723182678,0.2493031919002533,0,36.97694779833401,-1.2169926311609218
2758.0,1862.0,705.0,1015.0,1204.0,2785.0,-0.004871008452028036,0.39633992314338684,0,36.94263215448064,-1.2359470836558437
2886.0,2297.0,842.0,1184.0,1384.0,2723.0,0.02906043827533722,0.3260287344455719,0,36.957274693611794,-1.2397200078491457
2839.0,2406.0,949.5,1269.0,1480.0,2413.0,0.08111196011304855,0.23966093361377716,0,36.97173756968611,-1.2424149537015041
3346.0,2731.0,858.0,1222.0,1560.0,2548.0,0.13539192080497742,0.2405063360929489,0,36.937242262775925,-1.2253469633032332
2961.0,1926.0,669.0,905.0,1188.0,2390.0,0.10670902580022812,0.335941880941391,0,36.94065586085558,-1.2188790932575728
2856.0,2333.0,817.0,1056.0,1230.0,2304.0,0.10697674751281738,0.3039049208164215,0,36.96805447702123,-1.240887817718501
2774.0,2351.5,944.5,1258.0,1487.0,2572.0,0.03778526186943054,0.26730722188949585,0,36.9685934661917,-1.2080094783197266
3032.0,2033.0,659.0,881.0,1136.0,2353.0,0.12609098851680756,0.3488105535507202,0,36.952783117191196,-1.222202859808815
2659.0,1991.0,682.0,994.0,932.0,2669.0,-0.0018768769223242998,0.48236599564552307,0,36.983236005322844,-1.2338809585023687
3066.5,2544.0,715.0,1045.0,1430.0,2173.0,0.17053154110908508,0.20621703565120697,0,36.97200706427135,-1.2255266263600573
2851.0,2363.0,858.0,1086.0,1286.0,2249.0,0.11803921312093735,0.27241867780685425,0,36.97497150470895,-1.2380132088093185
2266.5,1410.0,444.0,681.0,611.0,2643.5,-0.07678207755088806,0.6245198845863342,0,36.94290164906588,-1.243043774400388
2847.0,1880.0,596.0,846.0,912.0,2346.0,0.09647602587938309,0.440147340297699,0,36.985122467419494,-1.2180706095018652
3712.0,2964.5,939.0,1249.0,1462.0,2663.5,0.16445769369602203,0.29123741388320923,0,36.97407318942483,-1.2424149537015041
3087.0,2321.0,746.0,973.5,1246.0,2281.5,0.15004190802574158,0.29355067014694214,0,36.972995211083884,-1.239270850207086
2286.0,1253.0,432.0,717.0,597.0,3528.0,-0.2136222869157791,0.7105454802513123,0,36.95260345413437,-1.2429539428719758
2447.0,1670.0,486.0,751.5,749.0,2823.0,-0.07134725153446198,0.5806270837783813,0,36.949189856054716,-1.2038772280127767
2680.5,1972.0,669.0,942.5,1125.0,2673.5,0.0013074337039142847,0.40766093134880066,0,36.970210433703116,-1.205314532467368
2603.0,2101.0,840.0,1072.0,1202.0,2048.0,0.11932917684316635,0.2603076994419098,0,36.95547806304355,-1.2340606215591927
2258.5,1476.5,447.0,684.0,606.5,2586.0,-0.06760243326425552,0.6200469732284546,0,36.94496777421936,-1.23531826295696
2014.0,1277.0,440.0,786.0,577.0,3208.0,-0.22864802181720734,0.6951122879981995,0,36.96886296077693,-1.2486133291619288
2509.0,1541.0,499.0,809.0,782.0,3184.0,-0.11856666207313538,0.6056479811668396,0,36.984044489078556,-1.2246283110759377
3073.5,2029.0,645.5,911.0,1098.0,2575.0,0.08825352042913437,0.4021236002445221,0,36.95628654679926,-1.2252571317748213
2838.0,2001.0,574.0,798.0,997.0,2092.0,0.15131846070289612,0.3544836640357971,0,36.980630890998896,-1.237025061996787
3345.0,2490.0,781.0,1054.0,1437.0,2447.0,0.15504144132137299,0.260041207075119,0,36.9430813121227,-1.2149265060074468
2710.0,2382.0,1068.0,1346.0,1582.0,1984.0,0.1546655297279358,0.11273135244846344,0,36.97092908593041,-1.2391810186786738
3144.5,2084.0,660.0,886.5,1082.0,2621.5,0.09070412814617157,0.4156878590583801,0,36.954400084702606,-1.2251673002464094
3307.5,2481.5,785.0,1077.0,1261.0,2747.0,0.09257577359676361,0.3707584738731384,0,36.95475941081626,-1.2329826432182491
2923.0,1922.5,610.0,818.5,1068.0,2418.0,0.09455158561468124,0.38726332783699036,0,36.94469827963412,-1.2210350499394595
2248.5,1468.5,511.0,787.0,881.5,2683.0,-0.08810706436634064,0.5054004788398743,0,36.94092535544082,-1.223999490377054
2596.0,1546.0,492.0,850.0,722.0,3387.0,-0.13220791518688202,0.6485763192176819,0,36.98009190182843,-1.2256164578884692
1864.0,1181.0,368.0,518.0,458.0,2048.0,-0.047034766525030136,0.6344772577285767,0,36.94622541561712,-1.2439420896845075
2803.0,2001.0,634.0,809.0,946.0,2040.0,0.1575469821691513,0.36637642979621887,0,36.9844038151922,-1.2210350499394595
2359.0,1764.5,570.0,788.0,916.0,2224.0,0.029456688091158867,0.41656050086021423,0,36.972366390385,-1.205045037882132
2629.0,2270.0,521.0,689.0,946.0,1345.0,0.32310014963150024,0.17415975034236908,0,36.95242379107754,-1.2092671197174938
2510.0,2040.0,694.0,886.0,1140.0,2025.0,0.10694597661495209,0.27962085604667664,0,36.979193586544305,-1.2415166384173846
2330.0,1466.0,422.0,685.5,592.5,3072.0,-0.13735653460025787,0.6766270995140076,0,36.958711998066384,-1.242504785229916
3063.0,2142.0,614.0,901.0,1038.0,2420.0,0.11727156490087509,0.39965298771858215,0,36.970659591345175,-1.2338809585023687
3274.5,2479.0,784.0,1026.0,1296.0,2217.5,0.192461758852005,0.2622740864753723,0,36.972276558856585,-1.2356775890706078
2635.0,2265.0,897.5,1193.0,1439.0,2226.5,0.08402756601572037,0.2148410826921463,0,36.97748678750448,-1.2310063495931862
2862.5,2530.0,982.0,1229.0,1520.0,2091.0,0.15574845671653748,0.15812794864177704,0,36.97676813527718,-1.23900135562185
2722.0,2002.0,576.0,829.0,912.0,2466.0,0.04934464022517204,0.4600355327129364,0,36.95978997640733,-1.2159146528199782
2514.5,1868.5,596.5,882.0,848.5,2534.0,-0.003862533485516906,0.49830007553100586,0,36.9730850426123,-1.2027992496718334
2491.0,1562.5,484.5,795.0,679.5,3333.5,-0.14464761316776276,0.6613506078720093,0,36.95574755762879,-1.240977649246913
2471.0,1487.0,466.0,695.5,743.0,2208.0,0.056208591908216476,0.49644187092781067,0,36.9596103133505,-1.2255266263600573
2330.0,1854.0,896.0,1090.0,1136.0,2263.0,0.014587415382266045,0.3315681219100952,0,36.957274693611794,-1.2007331245183583
2247.0,1747.0,1334.0,1704.0,1918.0,2510.0,-0.055286943912506104,0.13369466364383698,0,36.946315247145534,-1.2074704891492547
2677.0,1794.0,622.0,852.0,1090.0,2364.0,0.062090855091810226,0.36884769797325134,0,36.95475941081626,-1.2193282508996326
2209.5,1047.5,353.0,626.5,363.0,5148.5,-0.39942920207977295,0.8682754039764404,0,36.96526969964046,-1.2513981065426993
2806.0,2097.0,772.0,1024.0,1230.0,2404.0,0.07715930789709091,0.32305997610092163,0,36.986110614232025,-1.225885952473705
2983.0,1952.0,638.0,962.0,982.0,2931.0,0.008792695589363575,0.49808332324028015,0,36.97434268401006,-1.246457372480042
2731.0,1986.0,594.0,874.0,1050.0,2433.0,0.057707205414772034,0.3970714807510376,0,36.946494910202354,-1.2153756636495066
2938.0,2175.0,714.0,956.0,1114.0,2343.0,0.11266805231571198,0.35551056265830994,0,36.96805447702123,-1.2354080944853718
2390.0,1423.0,443.0,692.0,560.0,2927.0,-0.10099679976701736,0.6788070201873779,0,36.957813682782266,-1.2379233772809066
2850.0,2019.0,597.0,845.5,1034.0,2319.5,0.10262114554643631,0.3833308517932892,0,36.95448991623102,-1.2302876973658907
2293.5,1280.0,445.0,707.0,687.0,3232.5,-0.16992399096488953,0.6494450569152832,0,36.939577882514634,-1.2405284916048531
2533.0,1860.0,507.5,721.5,901.0,2071.0,0.10034752637147903,0.3936742842197418,0,36.963293406015396,-1.2191485878428086
2847.0,1879.0,620.0,850.0,991.0,2388.0,0.08767908066511154,0.4134359359741211,0,36.98143937475461,-1.2231011750929344
2767.0,1968.0,536.0,760.0,826.0,2545.0,0.04179216921329498,0.5099377036094666,0,36.95898149265162,-1.2456488887243344
3398.5,2904.0,1300.0,1723.0,2023.0,2803.5,0.09593679755926132,0.16171137988567352,0,36.95413059011737,-1.2396301763207336
2356.0,1664.0,574.0,748.0,980.0,2040.0,0.07188352942466736,0.3509933650493622,0,36.951345812736605,-1.2176214518598054
2826.0,2470.0,1190.0,1476.0,1838.0,2484.0,0.06440678238868713,0.1494678407907486,0,36.9791037550159,-1.2310961811215981
2459.0,1553.0,526.0,797.0,736.0,3152.0,-0.12350739538669586,0.6213991641998291,0,36.963742563657455,-1.22795207762718
2579.0,2037.0,639.0,838.0,1100.0,1964.0,0.1353731006383896,0.2819843292236328,0,36.950896655094546,-1.2226520174508748
1259.0,754.0,369.0,518.0,412.0,1681.0,-0.14353741705417633,0.6063067317008972,0,36.940835523912405,-1.2361267467126675
2910.0,2058.0,714.0,1038.0,1175.0,2719.0,0.0339314267039299,0.3965074419975281,0,36.97622914610671,-1.2112434133425567
2762.0,1791.0,566.0,820.0,852.0,2250.0,0.10215482860803604,0.45067697763442993,0,36.98359533143649,-1.2193282508996326
2996.0,1904.0,636.0,816.0,1120.0,2266.0,0.13873052597045898,0.33845245838165283,0,36.94622541561712,-1.2170824626893337
2858.5,1870.5,609.0,879.5,1025.0,2308.0,0.10655182600021362,0.384938508272171,0,36.980451227942076,-1.2263351101157647
2230.0,1481.0,346.0,568.0,453.0,2476.0,-0.052273694425821304,0.6906794309616089,0,36.96095778627668,-1.2190587563143966
2484.0,1492.0,515.0,802.0,816.0,3033.0,-0.09951060265302658,0.5759937763214111,0,36.975420662351006,-1.2273232569282961
2624.0,1747.0,481.0,696.0,694.0,2802.0,-0.03280501440167427,0.6029748320579529,0,36.95772385125385,-1.2198672400701043
2525.0,1932.0,538.0,789.0,933.0,2409.0,0.023510336875915527,0.44165170192718506,0,36.95053732898089,-1.205224700938956
2129.0,1296.0,475.0,750.0,682.0,2940.0,-0.15999211370944977,0.6234124898910522,0,36.938230409588456,-1.222113028280403
2635.0,2076.5,639.0,871.0,890.0,2477.0,0.03090766817331314,0.47133946418762207,0,36.96913245536217,-1.20495520635372
2672.0,1813.0,553.0,725.0,914.0,2030.0,0.13653764128684998,0.3790760934352875,0,36.95413059011737,-1.2149265060074468
2483.5,1669.5,567.5,758.5,851.0,2206.5,0.05906183272600174,0.4433360695838928,0,36.947752551600125,-1.2177112833882173
2772.0,1794.0,540.0,784.0,842.0,2291.0,0.09500296413898468,0.4624960124492645,0,36.98009190182843,-1.2129502123823839
3299.5,2724.5,727.0,951.0,1320.0,2287.0,0.1812404841184616,0.26808983087539673,0,36.94245249142382,-1.214387516836975
2925.0,2441.5,786.5,1097.0,1276.0,2543.0,0.06986100971698761,0.33176225423812866,0,36.976588472220364,-1.2417861330026205
2989.0,2966.0,2050.0,2262.0,2426.0,2934.0,0.00928583461791277,0.09477611631155014,0,36.9746121785953,-1.2287605613828874
2157.0,2028.5,916.0,1104.0,1368.0,1647.0,0.13406939804553986,0.09253731369972229,0,36.977576619032895,-1.231455507235246
2218.0,1528.0,419.0,675.0,654.0,2778.0,-0.11208967119455338,0.618881106376648,0,36.9348168115088,-1.223909658848642
2615.0,2113.0,917.0,1196.0,1274.0,2358.0,0.05167906731367111,0.29845815896987915,0,36.94514743727618,-1.2065721738651354
3277.0,2431.5,763.0,1052.0,1299.0,2328.0,0.16931311786174774,0.28370553255081177,0,36.9475728885433,-1.2293893820817712
2669.5,1809.5,571.5,852.0,816.0,2943.0,-0.0487305112183094,0.5658419728279114,0,36.9783851027886,-1.210794255700497
2730.0,2209.0,901.0,1201.0,1367.0,2443.5,0.055378369987010956,0.28250885009765625,0,36.94739322548648,-1.2326233171046015
2711.0,1835.0,623.0,928.5,863.5,2971.0,-0.04575853422284126,0.5496153235435486,0,36.971647738157706,-1.2416064699457967
2290.0,1444.0,524.0,792.0,798.5,2827.0,-0.10494430363178253,0.5595090389251709,0,36.94326097517953,-1.2363962412979035
2810.0,2276.0,783.5,1028.0,1276.0,2015.0,0.1647668331861496,0.22455181181430817,0,36.948201709242184,-1.2074704891492547
2951.0,2703.0,1167.0,1514.0,1856.0,2292.5,0.12558405101299286,0.10521875321865082,0,36.937511757361165,-1.2379233772809066
2618.0,1617.0,529.0,696.0,868.0,2132.0,0.10231579095125198,0.42133334279060364,0,36.95484924234467,-1.2170824626893337
3357.0,2538.0,742.0,1001.0,1297.0,2324.0,0.18183419108390808,0.2836233079433441,0,36.95215429649231,-1.2303775288943026
2685.0,1768.0,530.5,777.0,830.0,2803.5,-0.021590597927570343,0.5431402325630188,0,36.967515487850754,-1.2451997310822747
2894.0,1816.0,786.0,1168.0,1138.0,3471.0,-0.09065200388431549,0.5061835646629333,0,36.96500020505522,-1.2093569512459057
3314.0,2640.0,894.0,1252.0,1438.0,3300.0,0.0021167220547795296,0.3929928243160248,0,36.968503634663286,-1.223999490377054
2691.0,1781.5,460.0,721.5,742.0,2937.0,-0.043710023164749146,0.5966295003890991,0,36.973713863311175,-1.2474455192925735
2620.5,1833.5,679.0,922.5,1005.0,2477.0,0.028151053935289383,0.42274555563926697,0,36.97290537955547,-1.2331623062750732
2082.0,1283.0,588.0,841.0,910.0,2170.0,-0.020696142688393593,0.40909090638160706,0,36.966617172566636,-1.233611463917133
2671.5,1682.5,580.5,866.0,925.5,3104.5,-0.07496537268161774,0.5406947731971741,0,36.95835267195274,-1.242864111343564
2207.0,1263.5,384.0,646.0,485.0,3290.0,-0.19701655209064484,0.7430463433265686,0,36.958891661123204,-1.2398098393775576
2282.0,1411.0,465.0,740.0,594.0,3465.0,-0.20584653317928314,0.707317054271698,0,36.96455104741316,-1.2497811390312843
2547.5,1720.0,606.0,851.5,1057.0,2089.0,0.09888924658298492,0.3280355930328369,0,36.952962780248015,-1.218519767143925
2766.0,2029.5,682.5,980.5,1141.0,2355.5,0.08015229552984238,0.34734734892845154,0,36.98332583685126,-1.2321741594625417
2328.0,1652.0,518.0,728.0,922.0,2170.0,0.03512672334909439,0.40362223982810974,0,36.95242379107754,-1.2171722942177456
2450.5,1535.5,414.0,672.0,480.0,3481.5,-0.17380310595035553,0.7576675415039062,0,36.94945935063995,-1.2401691654912055
2672.0,1810.5,559.0,839.5,882.0,2626.0,0.008682521991431713,0.49714937806129456,0,36.97811560820337,-1.229479213610183
2666.0,2000.0,614.0,904.0,950.0,2324.0,0.06853707134723663,0.41967013478279114,0,36.942721986009055,-1.2340606215591927
1878.5,1187.0,395.5,605.0,577.5,2892.0,-0.2124515175819397,0.6670989990234375,0,36.98099021711255,-1.2186994302007488
2520.0,1574.0,542.0,816.0,734.0,3327.0,-0.13801950216293335,0.6385126709938049,0,36.964191721299514,-1.2301080343090667
2270.0,1644.0,558.0,794.0,808.0,2466.0,-0.04138513654470444,0.5064141750335693,0,36.94344063823635,-1.2094467827743178
2730.0,1620.0,584.0,821.0,860.0,2587.0,0.026894865557551384,0.5010153651237488,0,36.98054105947049,-1.2101654350016133
2145.0,1163.0,352.0,574.0,430.0,2586.0,-0.0932149663567543,0.7148541212081909,0,36.947303393958066,-1.2391810186786738
2855.0,2218.5,654.0,952.0,1065.0,2649.0,0.037427324801683426,0.4264943599700928,0,36.94945935063995,-1.233611463917133
2985.0,1926.0,606.0,794.0,1064.0,2204.0,0.15051069855690002,0.3488371968269348,0,36.94451861657729,-1.2170824626893337
2278.0,1416.0,428.0,674.0,634.0,2812.0,-0.10491158813238144,0.6320371627807617,0,36.95996963946415,-1.2412471438321488
3023.5,2077.5,605.0,898.0,989.5,2533.5,0.08817707747220993,0.43826285004615784,0,36.97640880916354,-1.2114230763993807
2049.5,1165.0,378.0,681.5,515.0,3251.5,-0.22674967348575592,0.7265365719795227,0,36.93805074653164,-1.240977649246913
2903.0,1839.0,605.0,872.0,950.0,2418.0,0.09114827960729599,0.43586698174476624,0,36.97982240724319,-1.214746842950623
2330.0,1802.0,591.0,924.0,918.0,2907.0,-0.11017758399248123,0.5199999809265137,0,36.9625747537881,-1.2005534614615345
2635.0,1971.0,614.0,838.0,944.0,1998.0,0.13749191164970398,0.3582596778869629,0,36.984493646720615,-1.2194180824280445
2630.0,1998.0,564.0,848.0,798.0,2539.0,0.017604952678084373,0.5217260718345642,0,36.95628654679926,-1.2377437142240826
2199.5,1510.5,585.5,775.0,955.0,2041.5,0.037255365401506424,0.36258968710899353,0,36.95377126400373,-1.218429935615513
3433.0,2751.0,660.0,918.0,1218.0,2340.0,0.18932963907718658,0.3153457045555115,0,36.95592722068561,-1.2329826432182491
3127.0,2394.0,889.0,1161.0,1373.0,2523.5,0.10680470615625381,0.29526498913764954,0,36.97335453719753,-1.2396301763207336
2765.5,1782.5,564.5,921.5,867.5,3043.5,-0.04785677418112755,0.5563794374465942,0,36.975869819993065,-1.2273232569282961
1903.0,1250.0,498.0,689.0,752.0,1738.0,0.04531722143292427,0.3959839344024658,0,36.96949178147582,-1.2485234976335169
3472.0,2615.0,798.0,1076.0,1288.0,2950.0,0.0812830924987793,0.3921661078929901,0,36.97784611361813,-1.2436725950992715
2567.0,1832.0,692.0,1010.0,1022.0,2662.0,-0.018167909234762192,0.44516828656196594,0,36.976588472220364,-1.223909658848642
2433.0,1796.5,552.5,797.0,931.5,2177.0,0.05553145334124565,0.40067556500434875,0,36.94936951911154,-1.2086382990186102
2780.0,1970.0,580.0,792.0,960.0,2060.0,0.1487603336572647,0.3642384111881256,0,36.98485297283426,-1.2253469633032332
2246.0,1358.0,429.0,648.0,598.0,2567.0,-0.06669437140226364,0.6221169233322144,0,36.946494910202354,-1.2380132088093185
3077.0,2348.0,824.0,1058.0,1352.0,2162.0,0.17465165257453918,0.2305065393447876,0,36.964191721299514,-1.2234605012065822
2786.5,2537.5,911.0,1171.0,1463.0,2051.5,0.1519222855567932,0.16744914650917053,0,36.97694779833401,-1.23900135562185
2539.0,1653.5,557.0,841.0,893.5,2820.5,-0.05252355709671974,0.5188475847244263,0,36.96122728086192,-1.238911524093438
2272.0,1378.0,430.0,726.0,558.0,3391.0,-0.1975984424352646,0.7173967957496643,0,36.97119858051565,-1.2493319813892245
2469.0,2229.5,1058.0,1236.0,1467.0,1854.5,0.14213022589683533,0.11666415631771088,0,36.976139314578305,-1.23163517029207
2568.0,1440.5,528.0,878.5,591.0,4057.0,-0.2247547209262848,0.7456970810890198,0,36.96167643850398,-1.2498709705596962
2443.0,1641.0,570.0,844.0,684.0,3541.0,-0.18348930776119232,0.6762130260467529,0,36.96383239518586,-1.227592751513532
2882.0,1914.0,674.0,970.0,980.0,2586.0,0.05413313955068588,0.4503645598888397,0,36.95017800286725,-1.2249876371895854
3125.5,2248.0,682.5,967.5,1121.0,2491.5,0.11287163943052292,0.379377156496048,0,36.96931211841899,-1.2339707900307806
2810.0,2600.0,1230.0,1316.0,1512.0,2060.0,0.15400411188602448,0.15341545641422272,1,36.94721356242965,-1.2461878778948061
3028.0,2506.5,1027.0,1341.0,1547.0,2755.5,0.04711679741740227,0.28088319301605225,1,36.94622541561712,-1.2048653748253082
3197.0,3113.0,1780.0,1854.0,1892.0,2293.0,0.16466301679611206,0.0958184003829956,1,36.9475728885433,-1.2448404049686268
2361.0,2036.0,942.5,1116.0,1283.0,1569.0,0.2015267163515091,0.1002805083990097,1,36.980451227942076,-1.2319046648773058
2646.0,1740.0,548.0,824.0,831.0,2601.0,0.008576328866183758,0.5157342553138733,1,36.97676813527718,-1.2141180222517394
2500.0,2021.0,944.5,1249.0,1266.0,2467.0,0.006643849425017834,0.32172515988349915,1,36.97470201012371,-1.2217537021667553
2548.0,1973.0,645.0,968.0,1020.0,2614.0,-0.012785742059350014,0.43863511085510254,1,36.9535916009469,-1.2111535818141448
2046.0,1578.0,400.0,598.0,626.0,1884.0,0.04122137278318405,0.5011951923370361,1,36.95772385125385,-1.2514879380711112
2570.0,2271.5,866.5,1108.0,1584.0,2114.5,0.09723556041717529,0.1434365212917328,1,36.957274693611794,-1.2478946769346333
2122.0,1595.0,693.0,943.0,976.0,2075.5,0.011078022420406342,0.36031460762023926,1,36.95143564426501,-1.2472658562357497
1895.5,1487.5,621.0,889.0,945.0,2347.0,-0.10642310231924057,0.42588090896606445,1,36.946045752560295,-1.2063925108083113
2761.0,2835.5,1126.0,1322.0,1646.0,1975.0,0.1659628450870514,0.09085887670516968,1,36.958891661123204,-1.2072908260924309
2897.0,2803.0,1550.0,1760.0,1962.0,2148.0,0.14846383035182953,0.045255474746227264,1,36.94999833981042,-1.2489726552755767
2373.0,2154.0,894.0,1055.0,1617.0,1825.5,0.13040371239185333,0.06056644767522812,1,36.93993720862829,-1.2122315601550884
2581.0,1830.0,639.0,980.0,880.0,2745.0,-0.030792338773608208,0.5144827365875244,1,36.97506133623736,-1.207111163035607
2423.0,2066.0,839.0,1120.0,1282.0,2119.0,0.0669308677315712,0.24610409140586853,1,36.946494910202354,-1.2044162171832484
2237.0,1990.0,936.0,1094.0,1208.0,1947.0,0.06931166350841522,0.2342313826084137,1,36.959700144878916,-1.2141180222517394
2542.5,2127.5,734.0,982.0,1145.0,2364.5,0.036274708807468414,0.34748539328575134,1,36.95835267195274,-1.2501404651449322
2697.0,2197.5,699.0,1002.0,1215.0,2495.0,0.03890600800514221,0.34501346945762634,1,36.957005199026554,-1.2042365541264246
2261.0,1886.0,1014.0,1232.0,1490.0,1952.0,0.0733444094657898,0.1342242956161499,1,36.947752551600125,-1.2098061088879655
2751.0,2224.0,954.0,1226.0,1350.0,2576.0,0.032851509749889374,0.3122771382331848,1,36.93427782233833,-1.2254367948316451
2530.0,2039.0,824.0,1108.0,1216.0,2364.0,0.0339190848171711,0.32067039608955383,1,36.976588472220364,-1.205045037882132
2317.0,1669.0,526.0,794.0,808.0,2480.0,-0.03397957235574722,0.5085158348083496,1,36.94047619779876,-1.2072908260924309
2488.0,2359.0,1130.0,1334.0,1560.0,1911.0,0.13116617500782013,0.10112359374761581,1,36.93499647456563,-1.2142976853085632
2473.0,2019.0,650.0,850.0,966.0,1998.0,0.10624021291732788,0.3481781482696533,1,36.96005947099256,-1.2054941955241918
2784.0,2471.0,924.0,1256.0,1418.0,2652.0,0.024282561615109444,0.3031941056251526,1,36.96167643850398,-1.2062128477514875
3010.5,2535.0,777.0,1057.0,1137.0,2665.0,0.06087569519877434,0.4018937349319458,1,36.965808688810924,-1.2041467225980125
2581.0,1936.0,657.0,918.0,982.0,2673.0,-0.017510468140244484,0.46265390515327454,1,36.94191350225335,-1.214477348365387
2161.0,1577.0,431.0,664.0,572.0,2426.0,-0.057771965861320496,0.6184122562408447,1,36.9596103133505,-1.2515777695995234
2548.0,2127.0,1110.0,1262.0,1328.0,2294.0,0.05245766043663025,0.2667034864425659,1,36.97137824357247,-1.223999490377054
2913.0,2622.0,2170.0,1738.0,1448.0,2205.0,0.13833528757095337,0.2072269320487976,1,36.95080682356613,-1.244660741911803
2792.0,2496.0,898.0,1179.0,1385.0,2432.0,0.06891270726919174,0.27429917454719543,1,36.966078183396164,-1.2048653748253082
2805.0,2459.0,1007.0,1259.0,1562.0,2486.0,0.06029105931520462,0.22826087474822998,1,36.97667830374877,-1.2055840270526037
2625.0,2168.0,627.0,940.5,875.5,2673.0,-0.009060022421181202,0.5065520405769348,1,36.95538823151514,-1.2504997912585798
2649.5,2406.5,615.0,824.0,943.0,2515.5,0.025943852961063385,0.45467689633369446,1,36.97281554802706,-1.2061230162230756
2532.5,2404.0,1278.0,1487.0,1589.0,2066.0,0.10144612193107605,0.13050615787506104,1,36.95386109553214,-1.246457372480042
2576.0,1928.5,553.0,854.5,887.5,2826.0,-0.04627915471792221,0.5220142602920532,1,36.93382866469627,-1.2236401642634063
2339.0,2068.5,676.5,887.0,1054.0,2022.5,0.07256677746772766,0.3148057758808136,1,36.95116614967978,-1.2105247611152612
2363.0,1949.0,546.0,856.0,730.0,2712.0,-0.0687684714794159,0.5758280158042908,1,36.95646620985608,-1.2027094181434212
2848.0,2381.0,872.0,1164.0,1338.0,2872.0,-0.004195804242044687,0.36437055468559265,1,36.968503634663286,-1.2289402244397114
2772.5,2200.0,757.0,1082.0,1214.0,2635.5,0.025332840159535408,0.3692687451839447,1,36.98161903781143,-1.2300182027806548
2325.0,2182.5,1046.0,1154.0,1501.0,1708.5,0.15284492075443268,0.06465181708335876,1,36.956556041384495,-1.2476251823493973
2856.0,2536.0,928.0,1188.0,1734.0,2338.0,0.0997304618358612,0.14833006262779236,1,36.970839254401994,-1.2036077334275408
2569.5,2252.0,1147.0,1333.0,1580.0,2378.0,0.03870641812682152,0.20161697268486023,1,36.971827401214526,-1.2081891413765504
3023.0,2744.5,1156.0,1562.0,1957.0,2814.0,0.03580606356263161,0.17962691187858582,1,36.95053732898089,-1.2498709705596962
2621.5,2278.0,881.0,1235.0,1543.0,2313.5,0.0624113492667675,0.19979256391525269,1,36.94613558408871,-1.2082789729049623
2510.0,2067.0,784.0,1074.0,1164.0,2318.0,0.039768021553754807,0.3314187228679657,1,36.95736452514021,-1.2132197069676198
2915.0,2436.0,839.5,1058.0,1837.0,3069.0,-0.025735294446349144,0.25112107396125793,1,36.96967144453264,-1.2010924506320062
2280.0,2199.5,928.0,1138.0,1306.0,1454.0,0.22121049463748932,0.05362318828701973,1,36.952783117191196,-1.2499608020881081
2747.0,2627.0,1312.0,1558.0,1710.0,2029.0,0.15033501386642456,0.08531692624092102,1,36.95718486208338,-1.2075603206776668
3398.0,2800.5,1043.0,908.5,871.0,2408.0,0.17051325738430023,0.46874046325683594,1,36.977576619032895,-1.2111535818141448
2828.5,2335.0,947.5,1229.0,1340.0,2460.0,0.06967949122190475,0.2947368323802948,1,36.977127461390836,-1.2231910066213465
2571.0,2051.0,672.0,894.0,957.0,2601.0,-0.005800464190542698,0.46205732226371765,1,36.938949061815755,-1.2086382990186102
2641.0,2595.0,1293.0,1522.0,1858.0,2064.0,0.12263549119234085,0.052524223923683167,1,36.95260345413437,-1.2115129079277926
2577.0,2147.0,1164.0,1382.0,1500.0,2193.0,0.08050314337015152,0.1876523196697235,1,36.95529839998673,-1.2121417286266762
2826.0,2569.0,1150.0,1428.0,1302.0,3233.0,-0.06717280298471451,0.42579934000968933,1,36.940386366270346,-1.2170824626893337
2960.0,2598.0,976.5,1274.0,1516.0,2583.0,0.06801371276378632,0.2603074014186859,1,36.98377499449332,-1.2319046648773058
2582.0,2118.5,1163.0,1395.0,1533.0,2103.0,0.10224119573831558,0.1567656695842743,1,36.96886296077693,-1.2019009343877138
2499.0,2135.5,598.5,861.0,861.0,2262.5,0.04966922104358673,0.4486953616142273,1,36.97524099929418,-1.2039670595411887
2683.0,2290.0,741.0,922.0,1282.0,2117.0,0.11791666597127914,0.24566048383712769,1,36.966796835623455,-1.2065721738651354
2718.0,2606.0,1288.0,1376.0,1682.0,1867.0,0.1856052279472351,0.05212736129760742,1,36.949908508282014,-1.2478048454062214
2720.5,2363.0,837.5,1089.0,1388.0,2191.5,0.10769543796777725,0.22447268664836884,1,36.975420662351006,-1.2114230763993807
2678.5,2080.0,759.5,1074.0,1133.0,2704.5,-0.004830020479857922,0.40951138734817505,1,36.964730710469986,-1.2055840270526037
2387.0,1881.0,584.0,902.0,872.0,2546.0,-0.03223190829157829,0.4897601008415222,1,36.97434268401006,-1.2113332448709688
2585.0,1987.0,606.0,863.0,1003.5,2647.0,-0.011850153096020222,0.450212299823761,1,36.96733582479393,-1.206841668450371
2864.5,2418.5,825.0,1142.0,1326.0,2425.5,0.08298676460981369,0.2930827736854553,1,36.97030026523152,-1.214746842950623
2655.0,2022.0,802.0,1116.0,1166.0,2742.0,-0.01612006686627865,0.40327534079551697,1,36.960149302520975,-1.2061230162230756
2590.5,1949.0,741.0,984.5,1034.0,2466.5,0.02452046610414982,0.40922725200653076,1,36.97173756968611,-1.2099857719447895
2573.0,2254.0,1162.0,1470.0,1720.0,2089.0,0.10381810367107391,0.09687582403421402,1,36.95835267195274,-1.2018111028593017
2362.0,1822.0,990.0,1294.0,1416.0,2410.0,-0.010058675892651081,0.25980135798454285,1,36.954669579287845,-1.2460980463663942
2825.0,2119.0,520.0,796.0,880.0,2721.0,0.01875225454568863,0.5112468600273132,1,36.96320357448698,-1.2080993098481385
2556.5,2276.0,1149.0,1430.0,1639.0,2157.0,0.08475655317306519,0.13645942509174347,1,36.938679567230515,-1.216273978933626
2421.0,2436.5,1142.0,1359.0,1646.0,1777.0,0.15340638160705566,0.03827052190899849,1,36.93544563220769,-1.2361267467126675
2260.0,2032.0,952.0,1252.0,1508.0,1781.0,0.11853501945734024,0.0830039530992508,1,36.93625411596339,-1.216543473518862
2651.0,2183.0,843.0,1158.0,1221.0,2509.5,0.02741982415318489,0.3453960716724396,1,36.956825535969735,-1.2081891413765504
2521.0,1979.5,872.5,1145.0,1169.0,2333.0,0.03873094171285629,0.3323814868927002,1,36.97200706427135,-1.2047755432968963
2448.0,2132.0,819.5,1059.0,1298.0,2042.5,0.0903017446398735,0.2228708267211914,1,36.93517613762245,-1.2138485276665034
2567.0,2119.0,987.0,1292.0,1508.0,2375.0,0.03885066881775856,0.22328096628189087,1,36.95898149265162,-1.2019907659161257
2299.0,1628.0,396.5,649.0,646.5,2553.5,-0.05244719237089157,0.5959374904632568,1,36.9430813121227,-1.2386420295082021
2659.0,2575.0,1442.0,1394.0,1560.0,1622.0,0.24223312735557556,0.01948460005223751,1,36.95404075858896,-1.2458285517811585
2891.0,2723.0,1346.0,1636.0,1876.0,2373.0,0.09840425848960876,0.11696869879961014,1,36.95574755762879,-1.2489726552755767
2794.0,2358.0,956.5,1269.0,1422.0,2719.0,0.013604207895696163,0.3132093548774719,1,36.93921855640099,-1.2207655553542238
2432.0,2313.0,983.0,1138.0,1366.0,1640.0,0.19449901580810547,0.09115102887153625,1,36.957274693611794,-1.2055840270526037
2713.5,2271.5,745.0,1004.5,1303.0,2490.0,0.042951859533786774,0.3129448890686035,1,36.97560032540783,-1.210884087228909
3139.0,2926.0,1204.0,1502.0,1582.0,2476.0,0.11807657778263092,0.22030556201934814,1,36.972366390385,-1.212680717797148
2671.0,2354.0,900.0,1050.0,1082.0,2573.0,0.018688024953007698,0.4079343378543854,1,36.972546053441825,-1.218519767143925
2508.0,2015.0,772.0,1020.0,1064.0,2002.0,0.11219511926174164,0.3059360682964325,1,36.94254232295223,-1.2057636901094277
2908.0,2582.0,958.0,1250.0,1556.0,2408.0,0.09405568242073059,0.21493440866470337,1,36.96526969964046,-1.2074704891492547
2934.5,2901.5,1396.0,1296.0,1331.0,1914.5,0.21035264432430267,0.17978739738464355,1,36.93598462137816,-1.2341504530876046
2262.0,1848.0,593.0,822.0,974.0,1779.0,0.11952487379312515,0.292408287525177,1,36.95269328566278,-1.208997625132258
2440.0,1883.5,790.0,1117.0,1190.0,2539.5,-0.019981926307082176,0.3618447482585907,1,36.960149302520975,-1.2094467827743178
2640.0,2326.0,975.0,1272.0,1398.0,2249.0,0.07997545599937439,0.2333424687385559,1,36.96140694391874,-1.205314532467368
2724.0,2154.0,1166.0,1494.0,1490.0,3035.0,-0.05400243028998375,0.3414364755153656,1,36.94146434461129,-1.2072908260924309
2507.0,1954.0,504.0,772.0,846.0,2474.0,0.006625175476074219,0.49036145210266113,1,36.938679567230515,-1.208907793603846
2587.0,2279.0,1072.0,1258.0,1482.0,2094.0,0.10531937330961227,0.17114093899726868,1,36.972096895799766,-1.2198672400701043
2394.0,1928.0,604.0,869.0,997.5,2601.5,-0.04153738543391228,0.44567936658859253,1,36.95044749745248,-1.2005534614615345
2912.0,2547.0,794.0,1096.0,1294.0,2669.0,0.0435405857861042,0.3469593822956085,1,36.97128841204405,-1.2123213916835003
2413.0,1843.0,1069.0,1320.0,1320.0,2233.0,0.03874300420284271,0.2569659352302551,1,36.97694779833401,-1.2065721738651354
2797.0,2407.5,596.0,861.0,1146.0,1838.0,0.20690399408340454,0.23190347850322723,1,36.96428155282793,-1.2019907659161257
2957.0,2767.0,955.0,1232.0,1682.0,2679.5,0.04923268035054207,0.22870571911334991,1,36.950896655094546,-1.2507692858438157
2601.0,2389.0,1078.0,1278.0,1426.0,2166.0,0.09125235676765442,0.20601336658000946,1,36.97128841204405,-1.2099857719447895
2626.0,2338.0,812.0,1007.0,1252.0,2346.0,0.05631536617875099,0.3040578067302704,1,36.972366390385,-1.2186095986723369
2802.0,2431.5,1214.0,1486.0,1673.0,2289.0,0.10076605528593063,0.15547703206539154,1,36.97290537955547,-1.2136688646096796
2564.5,2358.0,1218.0,1423.0,1590.0,1887.0,0.15219588577747345,0.0854184627532959,1,36.95080682356613,-1.2492421498608126
2756.0,2452.0,1116.0,1360.0,1582.0,2210.0,0.10994764417409897,0.16561181843280792,1,36.97533083082259,-1.2169926311609218
2534.0,1928.0,642.0,940.0,1007.0,2357.0,0.036188919097185135,0.40130797028541565,1,36.98431398366379,-1.2291198874965352
2944.0,2438.0,1065.0,1398.0,1571.0,2501.0,0.08135904371738434,0.22838899493217468,1,36.98224785851031,-1.2320843279341296
2743.0,2559.0,897.0,1166.0,1328.0,2474.0,0.05156220123171806,0.30142030119895935,1,36.953950927060546,-1.206931499978783
2453.0,2357.0,1228.0,1482.0,1780.0,2126.0,0.07141297310590744,0.08858166635036469,1,36.95790351431067,-1.208997625132258
2568.0,2042.0,641.0,819.0,908.0,2344.0,0.04560260474681854,0.44157442450523376,1,36.97416302095324,-1.2080993098481385
2834.0,2540.5,962.5,1228.0,1492.0,2433.0,0.07613442093133926,0.23974522948265076,1,36.971108748987234,-1.2124112232119122
2499.0,1776.0,812.0,1106.0,1098.0,2912.0,-0.07632600516080856,0.4523690640926361,1,36.95691536749814,-1.2381928718661424
2466.5,1784.5,555.0,819.5,801.0,2346.5,0.02493247389793396,0.49102461338043213,1,36.972366390385,-1.2042365541264246
2489.5,2020.0,1125.0,1343.0,1459.0,2481.0,0.001710089505650103,0.25939086079597473,1,36.95907132418003,-1.2036975649559527
2719.0,2241.0,904.0,1154.0,1302.0,2390.0,0.06439616531133652,0.2946912348270416,1,36.96500020505522,-1.2265147731725887
2694.0,2104.0,652.0,878.0,968.0,2210.0,0.09869494289159775,0.39081183075904846,1,36.95332210636167,-1.2116925709846165
2521.0,2136.0,954.0,1222.0,1466.0,2119.0,0.08663792908191681,0.18214784562587738,1,36.94424912199206,-1.246637035536866
2364.5,2040.0,799.0,962.5,1041.0,2097.5,0.059838637709617615,0.3366257846355438,1,36.96832397160646,-1.2001941353478867
2964.0,2685.0,1224.0,1462.0,1852.0,2398.0,0.1055576279759407,0.12847058475017548,1,36.96670700409505,-1.2072908260924309
2524.0,2063.0,1006.0,1194.0,1254.0,1981.0,0.12053274363279343,0.224729523062706,1,36.963473069072215,-1.2061230162230756
2637.5,2396.5,817.0,1105.0,1334.0,2187.0,0.09337755292654037,0.24226072430610657,1,36.95718486208338,-1.2037873964843648
2694.0,2368.5,619.0,871.0,830.0,3006.0,-0.05473684147000313,0.5672575831413269,1,36.94110501849764,-1.2115129079277926
2810.0,2677.0,1000.0,1343.0,1525.0,2405.5,0.0775572806596756,0.22401730716228485,1,36.9701206021747,-1.2262452785873528
2541.0,2313.0,1094.0,1266.0,1426.0,1917.0,0.13997308909893036,0.1468740701675415,1,36.94613558408871,-1.2024399235581855
2634.0,2311.0,771.0,1020.5,1178.0,2579.0,0.01055054645985365,0.3729039132595062,1,36.96401205824269,-1.2054043639957799
2584.0,2103.0,858.0,1232.0,1500.0,2462.0,0.024177566170692444,0.24280665814876556,1,36.93499647456563,-1.2307368550079505
2859.5,2405.0,2357.0,2583.0,2801.0,3187.0,-0.05416356399655342,0.06446225941181183,1,36.94496777421936,-1.2460082148379823
2723.0,2089.0,836.0,1116.0,1288.0,2482.0,0.04630163311958313,0.316710889339447,1,36.95170513885025,-1.2440319212129194
2699.0,2466.5,880.0,1171.0,1440.0,2074.5,0.1308264434337616,0.18053777515888214,1,36.93589478984975,-1.2307368550079505
2950.5,2327.0,758.5,1059.0,1193.0,2730.5,0.03872557729482651,0.39186951518058777,1,36.973264705669116,-1.225796120945293
2922.0,2615.0,857.0,1128.0,1476.0,2326.0,0.11356707662343979,0.22356654703617096,1,36.969940939117876,-1.2133993700244436
3011.5,2913.0,1528.0,1774.0,1930.0,2446.0,0.10361887514591217,0.11791590601205826,1,36.953681432475314,-1.24681669859369
2646.5,2018.5,541.0,713.5,763.0,2449.0,0.03875968977808952,0.524906575679779,1,36.97569015693624,-1.2190587563143966
2235.0,1776.0,460.0,708.0,740.0,2622.0,-0.07967881113290787,0.5597858428955078,1,36.94254232295223,-1.2092671197174938
2806.0,2243.0,716.0,972.0,1126.0,2216.0,0.11748307198286057,0.3261519968509674,1,36.9678748139644,-1.2078298152629026
2388.0,1963.0,646.0,849.0,951.0,2364.0,0.005050505045801401,0.4262443482875824,1,36.96724599326552,-1.212590886268736
2813.5,2608.0,1237.0,1446.0,1509.0,2586.5,0.04203703626990318,0.26309365034103394,1,36.958891661123204,-1.2136688646096796
2627.0,1921.0,732.0,1048.0,1116.0,2764.0,-0.025412725284695625,0.42474228143692017,1,36.96544936269728,-1.206841668450371
2861.5,2716.0,931.0,1271.0,1612.0,1911.0,0.19916187226772308,0.084870845079422,1,36.93715243124751,-1.2346894422580763
2646.0,2289.5,770.0,1077.0,1303.0,2248.5,0.08121360838413239,0.26622554659843445,1,36.934367653866744,-1.220316397712164
2998.0,2840.0,792.0,1120.0,1218.0,2614.0,0.06842480599880219,0.3643006384372711,1,36.974432515538474,-1.2193282508996326
2252.5,2001.5,978.5,1200.0,1476.0,1824.5,0.10497914999723434,0.10559006035327911,1,36.9783851027886,-1.2218435336951672
2470.0,2047.0,854.0,1110.0,1214.0,2518.0,-0.009623095393180847,0.3494105041027069,1,36.93715243124751,-1.2159146528199782
2436.5,1996.5,804.5,1049.0,1176.0,2759.0,-0.06207294762134552,0.40228715538978577,1,36.93652361054863,-1.2141180222517394
2963.0,2824.0,1466.0,1936.0,1954.0,2409.0,0.10312733054161072,0.10428604483604431,1,36.955118736929904,-1.2478048454062214
2488.0,2074.0,812.0,1060.0,1182.0,2433.0,0.011176589876413345,0.34605810046195984,1,36.97452234706689,-1.2180706095018652
2409.0,2360.0,826.0,1078.0,1288.0,1975.5,0.09887102246284485,0.21066339313983917,1,36.9348168115088,-1.2345996107296644
2589.0,2753.5,1082.0,1168.0,1342.0,1686.5,0.2110864222049713,0.11375268548727036,1,36.93499647456563,-1.2361267467126675
3365.0,3394.0,3840.0,4004.0,3820.0,3919.0,-0.07605711370706558,0.012792350724339485,1,36.97452234706689,-1.2310961811215981
2947.5,2598.0,823.5,1085.0,1474.0,2661.0,0.05108317732810974,0.2870616614818573,1,36.966617172566636,-1.2024399235581855
2651.0,1869.0,680.0,1050.0,1152.0,3023.0,-0.06556221097707748,0.44814372062683105,1,36.94092535544082,-1.2080993098481385
2769.0,2438.0,748.0,1004.0,1248.0,2017.0,0.15712495148181915,0.23552833497524261,1,36.95350176941849,-1.2092671197174938
2679.5,2124.5,776.0,1047.0,1229.0,2784.0,-0.019126933068037033,0.3874906599521637,1,36.963293406015396,-1.2116027394562046
2625.5,2197.0,1165.0,1437.0,1575.0,2396.5,0.04559936374425888,0.20684880018234253,1,36.95925098723686,-1.21277054932556
2639.0,2155.0,622.0,906.0,1126.0,2466.0,0.03388834372162819,0.3730512261390686,1,36.9558373891572,-1.2067518369219592
2650.0,2447.5,1196.0,1441.0,1652.0,2143.0,0.1057792603969574,0.12938076257705688,1,36.96715616173711,-1.2105247611152612
2617.5,2323.0,1057.0,1374.0,1578.0,2386.0,0.046267613768577576,0.20383450388908386,1,36.95709503055497,-1.2477150138778093
2765.5,2305.5,682.5,901.0,1147.0,2655.0,0.02038557268679142,0.3966333568096161,1,36.97407318942483,-1.214387516836975
2574.0,2142.0,1028.0,1182.0,1336.0,2164.0,0.08653440326452255,0.23657143115997314,1,36.971647738157706,-1.2216638706383431
2804.0,2295.0,950.0,1214.0,1310.0,2370.0,0.0838809460401535,0.28804346919059753,1,36.96958161300423,-1.222023196751991
2925.5,2443.5,660.0,962.0,954.0,2824.5,0.01756521686911583,0.495037704706192,1,36.972725716498644,-1.2270537623430604
2677.5,2398.0,824.0,1130.0,1296.0,2470.0,0.040310829877853394,0.3117365837097168,1,36.953411937890074,-1.2077399837344907
2469.0,2169.0,892.0,1163.0,1326.0,2304.5,0.034461088478565216,0.269522100687027,1,36.9746121785953,-1.2086382990186102
2835.0,2333.0,1222.0,1448.0,1784.0,2318.0,0.10032990574836731,0.13018040359020233,1,36.96796464549281,-1.201451776745654
2767.5,2217.0,549.0,835.5,1027.0,2342.0,0.08327624946832657,0.39032354950904846,1,36.95197463343548,-1.208817962075434
2445.5,2133.5,1022.0,1265.0,1485.0,1932.0,0.11730439960956573,0.1308165043592453,1,36.959700144878916,-1.2098959404163776
2411.0,2089.0,933.0,1208.0,1352.0,2380.0,0.006470465566962957,0.2754555344581604,1,36.936793105133866,-1.2288503929112995
2591.0,2248.0,811.0,1066.0,1224.0,2143.0,0.09463455528020859,0.27294325828552246,1,36.964910373526806,-1.210704424172085
2738.0,2474.0,956.0,1204.0,1548.0,2472.0,0.0510556623339653,0.22985073924064636,1,36.94191350225335,-1.2135790330812675
2635.0,2316.0,1076.0,1342.0,1722.0,2300.0,0.0678824707865715,0.14370959997177124,1,36.9596103133505,-1.2083688044333742
3006.0,2615.0,880.0,1078.0,1524.0,2138.0,0.16874027252197266,0.1676679402589798,1,36.9730850426123,-1.2179807779734533
2294.0,1637.0,508.0,772.0,716.0,2834.0,-0.10530421137809753,0.596619725227356,1,36.939577882514634,-1.2339707900307806
3002.0,2686.0,914.0,1206.0,1346.0,2056.0,0.18703044950962067,0.2087007611989975,1,36.93760158888957,-1.2206757238258117
2598.0,2402.0,1112.0,1378.0,1526.0,2448.0,0.02972651645541191,0.23200805485248566,1,36.95448991623102,-1.2499608020881081
2437.0,2282.0,874.0,1112.0,1362.0,1892.0,0.12589512765407562,0.1628764569759369,1,36.94281181753747,-1.2111535818141448
2354.0,1840.0,520.0,710.0,795.5,2141.0,0.04738598316907883,0.45819854736328125,1,36.9701206021747,-1.207200994564019
3008.5,2714.0,851.0,1160.0,1512.0,2587.0,0.07532838732004166,0.2622590959072113,1,36.970839254401994,-1.225796120945293
2597.5,2341.5,896.0,1171.0,1475.0,2191.5,0.08477761596441269,0.19541797041893005,1,36.95386109553214,-1.205314532467368
2916.0,2687.0,798.0,1040.0,1330.0,2133.0,0.15508021414279938,0.23187987506389618,1,36.938949061815755,-1.214387516836975
2537.0,2066.0,763.0,1039.0,1241.0,2297.0,0.04964832589030266,0.2984737157821655,1,36.96949178147582,-1.210614592643673
2708.5,2279.0,1480.0,1650.0,1854.0,2485.0,0.04303456097841263,0.1454252153635025,1,36.97245622191341,-1.2045958802400722
2410.0,2121.5,773.0,982.5,1038.0,1968.5,0.10083361715078354,0.30949610471725464,1,36.97524099929418,-1.2104349295868493
2813.0,2776.0,1802.0,1998.0,2172.0,2148.0,0.1340455561876297,-0.0055555556900799274,1,36.94972884522519,-1.248343834576693
2831.0,2547.0,1042.0,1278.0,1462.0,2310.0,0.10134214907884598,0.22481441497802734,1,36.97137824357247,-1.2234605012065822
2700.0,2241.0,808.0,1108.0,1396.0,2413.0,0.056131429970264435,0.266999214887619,1,36.96832397160646,-1.2066620053935473
2543.0,2075.0,863.0,1172.0,1300.0,2250.0,0.061130814254283905,0.26760563254356384,1,36.972096895799766,-1.2027094181434212
2589.0,1902.0,845.0,1144.0,1300.0,2316.0,0.05565749108791351,0.2809734642505646,1,36.98530213047632,-1.2311860126500103
2839.5,2410.5,1108.0,1315.0,1411.0,2112.5,0.14680936932563782,0.1990918070077896,1,36.965179868112045,-1.2042365541264246
2678.5,2333.5,1210.0,1455.0,1628.0,2015.0,0.14136572182178497,0.10623113065958023,1,36.965359531168865,-1.201451776745654
2434.0,2226.0,657.0,824.0,874.0,1982.0,0.10235507041215897,0.3879551887512207,1,36.958262840424325,-1.2064823423367232
2495.5,2280.0,926.5,1190.0,1433.0,1960.5,0.12006283551454544,0.15544423460960388,1,36.93526596915086,-1.2322639909909536
3229.0,3133.5,1462.0,1771.0,2357.0,2596.0,0.10866952687501907,0.048253584653139114,1,36.95736452514021,-1.212680717797148
2665.0,2343.5,834.0,1147.0,1229.0,2684.0,-0.003552065696567297,0.37183746695518494,1,36.956376378327676,-1.210884087228909
2394.0,2024.0,683.5,924.5,1068.0,2548.5,-0.031259484589099884,0.4093737006187439,1,36.95718486208338,-1.250589622786992
2568.0,1956.0,630.0,926.0,1028.0,2370.0,0.040097206830978394,0.394938200712204,1,36.97784611361813,-1.2191485878428086
2304.0,1973.0,1582.0,1792.0,2050.0,2314.0,-0.0021654395386576653,0.060494959354400635,1,36.97344436872594,-1.220046903126928
2503.0,2009.0,699.0,988.0,1018.5,2283.0,0.045967403799295425,0.3830077350139618,1,36.93742192583275,-1.2169926311609218
2223.0,1657.0,691.5,853.5,941.0,1763.0,0.115403912961483,0.3039940893650055,1,36.973534200254356,-1.2032484073138932
2806.0,2243.0,650.0,894.0,983.0,2422.0,0.07345064729452133,0.42261379957199097,1,36.96778498243599,-1.2079196467913145
2886.0,2682.0,1206.0,1400.0,1750.0,2082.0,0.16183574497699738,0.08663883060216904,1,36.97218672732818,-1.2155553267063306
2788.0,2372.0,1488.0,1744.0,1710.0,2705.0,0.015110139735043049,0.22536806762218475,1,36.9746121785953,-1.2133993700244436
3086.0,3315.5,1354.0,1610.0,2510.0,2532.5,0.09851384162902832,0.004462072160094976,1,36.93526596915086,-1.235497926013784
2560.0,2091.0,994.5,1157.0,1323.0,2179.5,0.08028273284435272,0.24453961849212646,1,36.97515116776577,-1.2042365541264246
2500.0,1805.5,650.0,1014.0,974.5,2927.5,-0.07876554876565933,0.5005125403404236,1,36.958891661123204,-1.2115129079277926
2794.0,2213.0,1292.0,1522.0,1676.0,2449.0,0.06580202281475067,0.1873939335346222,1,36.977756282089715,-1.2187892617291607
2710.0,2205.0,754.0,980.0,1190.0,2352.0,0.0707230344414711,0.3280632495880127,1,36.95457974775943,-1.2098061088879655
2369.0,1917.5,1229.0,1499.0,1676.0,2448.0,-0.016400249674916267,0.18719689548015594,1,36.972096895799766,-1.2273232569282961
2494.0,2060.0,849.0,1134.0,1326.0,2121.0,0.0808233991265297,0.23063533008098602,1,36.97380369483959,-1.2098061088879655
2617.0,2018.0,1018.0,1200.0,1738.0,2464.0,0.03011218272149563,0.17277486622333527,1,36.9415541761397,-1.2150163375358587
2402.5,1792.0,691.5,970.0,1036.0,2463.0,-0.012434488162398338,0.4078308045864105,1,36.95215429649231,-1.2010026191035943
2576.0,2447.0,1274.0,1588.0,1772.0,2162.0,0.08737864345312119,0.09913574159145355,1,36.93508630609404,-1.229748708195419
2423.0,2182.5,799.0,1073.0,1333.0,2086.5,0.07462024688720703,0.2203538566827774,1,36.95125598120819,-1.2103450980584374
2632.5,2392.0,965.5,1218.0,1438.0,1874.5,0.16818282008171082,0.13177359104156494,1,36.966347677981396,-1.2005534614615345
2999.0,2827.0,1220.0,1488.0,1746.0,2430.0,0.10480751842260361,0.16379310190677643,1,36.95718486208338,-1.2140281907233272
2604.0,2211.0,684.0,986.0,1086.0,2554.0,0.00969367939978838,0.40329670906066895,1,36.963293406015396,-1.2019009343877138
2679.0,2273.0,1000.0,1246.0,1300.0,2588.0,0.017277387902140617,0.33127573132514954,1,36.97488167318053,-1.2123213916835003
2329.5,1875.0,769.5,1061.0,1181.0,2283.5,0.009971818886697292,0.31822773814201355,1,36.939128724872575,-1.2318148333488939
2718.0,2417.0,774.0,1230.0,1316.0,2758.0,-0.007304601836949587,0.35395190119743347,1,36.96176627003239,-1.2016314398024779
2957.0,2767.0,920.0,1203.0,1425.0,2176.0,0.15215273201465607,0.20855318009853363,1,36.95080682356613,-1.2506794543154038
2829.0,2525.0,992.0,1220.0,1384.0,2164.0,0.1331864595413208,0.21984216570854187,1,36.957274693611794,-1.2138485276665034
3180.0,3085.0,915.0,1084.0,1072.0,2312.0,0.15804806351661682,0.36643025279045105,1,36.939577882514634,-1.2197774085416921
2540.0,1969.0,713.0,977.0,1106.0,2508.0,0.006339144427329302,0.3879358172416687,1,36.952513622605956,-1.2062128477514875
2581.0,2334.0,773.0,877.0,953.0,1690.5,0.2084747701883316,0.2789861857891083,1,36.95556789457196,-1.2474455192925735
2874.0,2341.0,787.0,968.0,1150.0,2357.0,0.09883387386798859,0.3441688120365143,1,36.96742565632234,-1.2047755432968963
2754.0,2506.0,1150.0,1252.0,1460.0,1786.0,0.21321585774421692,0.10043130069971085,1,36.970390096759935,-1.2217537021667553
2896.0,2306.0,687.0,956.0,1032.0,2778.0,0.02079661563038826,0.4582677185535431,1,36.9596103133505,-1.2489726552755767
2855.0,2753.5,876.0,1114.0,1444.0,1685.0,0.257709264755249,0.07702141255140305,1,36.93562529526451,-1.2337911269739568
2999.0,2597.0,1156.0,1494.0,1708.0,2811.0,0.03235800191760063,0.2440805435180664,1,36.97595965152148,-1.2091772881890819
2145.0,1582.0,581.0,830.0,824.0,2226.0,-0.018531229346990585,0.45967212319374084,1,36.94173383919652,-1.2103450980584374
3026.0,2844.0,1186.0,1388.0,1418.0,2481.0,0.09896495193243027,0.27263399958610535,1,36.966347677981396,-1.2267842677578245
2381.0,1804.0,1168.0,1275.0,1272.0,2719.5,-0.0663660392165184,0.36264562606811523,1,36.97200706427135,-1.227592751513532
2326.0,1908.0,775.0,988.0,1068.0,2142.0,0.04118173569440842,0.3345794379711151,1,36.93876939875893,-1.2158248212915663
3006.0,2661.0,894.0,1192.0,1532.0,2352.0,0.12206047028303146,0.2111225575208664,1,36.97119858051565,-1.225885952473705
2829.5,2376.5,690.0,989.0,1167.0,2404.5,0.08119984716176987,0.34649306535720825,1,36.96778498243599,-1.2029789127286572
2331.0,1900.0,794.0,960.0,1006.0,2198.0,0.029366305097937584,0.3720349669456482,1,36.9596103133505,-1.2138485276665034
2517.0,1923.0,590.0,876.0,983.0,2707.0,-0.036370597779750824,0.4672086834907532,1,36.9385897357021,-1.2086382990186102
2355.0,1860.0,522.0,659.0,652.0,1991.0,0.08375518023967743,0.506621241569519,1,36.952513622605956,-1.2076501522060787
2470.0,1870.0,705.0,982.0,1122.0,2192.0,0.05963106080889702,0.32287266850471497,1,36.96356290060063,-1.2079196467913145
2081.0,1397.0,634.0,908.0,879.0,2686.0,-0.12691420316696167,0.5068723559379578,1,36.940566029327165,-1.2434929320424477
2690.0,2433.0,1292.0,1650.0,1622.0,2853.0,-0.029406458139419556,0.2750838100910187,1,36.951525475793424,-1.2458285517811585
2787.0,2590.0,928.0,1218.0,1454.0,2328.0,0.08973606675863266,0.23109465837478638,1,36.97056975981676,-1.2119620655698524
2361.0,2018.5,859.0,1150.0,1226.0,2513.0,-0.031185884028673172,0.3442096710205078,1,36.937242262775925,-1.2110637502857329
2312.5,1909.0,653.0,935.5,951.0,2846.0,-0.10342153906822205,0.4990782141685486,1,36.95898149265162,-1.250589622786992
2899.0,2877.0,1466.0,1476.0,1522.0,2079.0,0.16472478210926056,0.15467925369739532,1,36.958891661123204,-1.2027094181434212
2766.5,2271.0,1192.0,1522.0,1549.0,2857.0,-0.0160931795835495,0.29686790704727173,1,36.97577998846465,-1.2072908260924309
2722.0,2309.0,952.0,1192.0,1372.0,2203.0,0.10538071393966675,0.232447549700737,1,36.96221542767445,-1.2063026792798994
2640.5,2052.5,648.0,903.0,925.0,2330.0,0.06246856600046158,0.43164363503456116,1,36.951076318151365,-1.2102552665300252
2100.5,1743.5,809.0,1002.0,1040.0,2266.0,-0.03790220990777016,0.3708409070968628,1,36.938679567230515,-1.2342402846160165
2398.0,1882.0,804.0,1010.0,1052.0,1819.0,0.13730140030384064,0.2671543061733246,1,36.97137824357247,-1.2028890812002453
2688.0,2279.0,1386.0,1698.0,1988.0,2420.0,0.05246672034263611,0.09800363332033157,1,36.93760158888957,-1.216633305047274
3314.0,2881.0,916.0,1322.0,1546.0,2710.0,0.10026560723781586,0.27349624037742615,1,36.953411937890074,-1.2099857719447895
2702.0,2271.0,726.0,907.0,1100.0,2472.0,0.04445303604006767,0.38409852981567383,1,36.96742565632234,-1.206841668450371
2588.5,1939.0,945.0,1143.0,1228.0,2454.5,0.02657148614525795,0.3330617845058441,1,36.94191350225335,-1.2067518369219592
2533.0,2301.0,1124.0,1306.0,1448.0,2190.0,0.07262333482503891,0.20395821332931519,1,36.9377812519464,-1.2213943760531074
2436.0,1913.0,484.0,764.0,762.0,2706.0,-0.052508752793073654,0.5605536103248596,1,36.957274693611794,-1.2018111028593017
2760.0,2255.5,1124.0,1343.0,1459.0,2358.5,0.07844094932079315,0.23562541604042053,1,36.97191723274294,-1.2063026792798994
3119.0,3142.0,2178.0,2288.0,2488.0,2700.0,0.0720055028796196,0.040863532572984695,1,36.96176627003239,-1.2054941955241918
2633.0,2449.0,1112.0,1240.0,1732.0,2187.0,0.09253112226724625,0.11610104888677597,1,36.9385897357021,-1.2180706095018652
2666.0,2063.0,675.5,956.5,1062.0,2525.0,0.027162397280335426,0.40786170959472656,1,36.96958161300423,-1.2073806576208428
2725.5,2101.5,496.0,754.0,674.0,2769.5,-0.008007279597222805,0.6085378527641296,1,36.973534200254356,-1.225885952473705
2373.0,2113.0,615.0,854.0,1128.0,2084.0,0.06484182178974152,0.2976338863372803,1,36.97344436872594,-1.2091772881890819
2594.5,1970.5,819.5,1160.0,1229.0,2809.0,-0.03969649225473404,0.3912828266620636,1,36.981798700868254,-1.229569045138595
2908.0,2663.0,1038.0,1310.0,1546.0,2590.0,0.05783921480178833,0.25241780281066895,1,36.970659591345175,-1.2155553267063306
2086.0,1574.0,912.0,992.0,1040.0,2269.0,-0.04202066734433174,0.3714112937450409,1,36.93589478984975,-1.214477348365387
2481.0,2486.0,1140.0,1344.0,1616.0,1809.0,0.1566433608531952,0.05635036528110504,1,36.953232274833255,-1.2506794543154038
2561.0,1979.5,858.5,1105.0,1176.0,2312.0,0.05109788477420807,0.32568806409835815,1,36.9730850426123,-1.224179153433878
2314.0,1832.5,775.0,1003.0,1071.0,2392.0,-0.016574585810303688,0.38146117329597473,1,36.94433895352047,-1.205045037882132
2689.0,2138.0,1124.0,1310.0,1434.0,2214.0,0.09687945991754532,0.21381579339504242,1,36.97577998846465,-1.2213045445246955
2512.0,2286.0,892.0,1102.0,1312.0,1643.0,0.20914560556411743,0.11201353371143341,1,36.93903889334417,-1.2113332448709688
2823.0,2489.0,842.0,1087.0,1386.0,2342.0,0.0931268185377121,0.2564377784729004,1,36.97380369483959,-1.2248978056611735
2424.0,2225.0,1090.0,1366.0,1576.0,2208.0,0.04663212597370148,0.16701902449131012,1,36.939398219457814,-1.2341504530876046
3137.0,2681.0,1238.0,1448.0,1660.0,2288.0,0.15649770200252533,0.15906788408756256,1,36.97344436872594,-1.2101654350016133
2620.0,2144.0,622.0,911.0,1054.0,2317.0,0.061373304575681686,0.3746662735939026,1,36.93733209430434,-1.2339707900307806
2120.0,1955.5,1216.0,1323.0,1447.0,1871.5,0.062257297337055206,0.1279192417860031,1,36.94640507867395,-1.2115129079277926
2385.5,1934.5,968.5,1277.0,1460.0,2349.5,0.007602956611663103,0.23349520564079285,1,36.96005947099256,-1.2508591173722277
2878.0,2672.0,1190.0,1558.0,1850.0,2424.0,0.08562806248664856,0.13430042564868927,1,36.960598460163034,-1.2021704289729496
3088.0,2918.0,772.0,916.0,1024.0,2007.0,0.21216879785060883,0.3243153989315033,1,36.954220421645786,-1.2504997912585798
2558.0,2298.0,874.0,1104.0,1276.0,1938.0,0.13790035247802734,0.20597386360168457,1,36.941284681554464,-1.2105247611152612
2621.0,1980.0,940.0,1202.0,1432.0,2632.0,-0.002094041556119919,0.29527559876441956,1,36.97003077064629,-1.2130400439107958
2556.5,2166.0,1047.0,1175.0,1221.0,1753.5,0.18631090223789215,0.1790216863155365,1,36.9701206021747,-1.2085484674901983
2831.0,2796.0,1208.0,1422.0,1692.0,2010.0,0.16959306597709656,0.08589951694011688,1,36.939577882514634,-1.2098061088879655
2562.0,2205.0,872.0,1126.0,1327.0,1947.5,0.13626788556575775,0.18949458003044128,1,36.94658474173077,-1.2102552665300252
2795.0,2381.0,1540.0,1758.0,1698.0,2810.0,-0.002676181960850954,0.246672585606575,1,36.97173756968611,-1.218160441030277
2921.0,2286.5,669.0,987.5,1119.0,2661.0,0.046578288078308105,0.4079365134239197,1,36.97191723274294,-1.2142976853085632
2490.0,2031.0,767.0,1100.0,1100.0,2759.0,-0.05124785751104355,0.42990413308143616,1,36.958262840424325,-1.2489726552755767
2511.0,2414.0,1318.0,1438.0,1516.0,1696.0,0.19372475147247314,0.056039851158857346,1,36.95404075858896,-1.2460082148379823
2411.0,1990.0,950.0,1158.0,1260.0,1906.0,0.11697938293218613,0.2040429562330246,1,36.94550676338982,-1.2039670595411887
2235.0,1836.0,730.0,1009.0,940.0,2403.0,-0.036222510039806366,0.43763086199760437,1,36.96760531937917,-1.220406229240576
2191.0,1985.0,643.0,796.0,946.0,1908.0,0.06904122978448868,0.3370707631111145,1,36.940116871685106,-1.2096264458311417
2565.0,2543.0,1302.0,1496.0,1844.0,2295.0,0.0555555559694767,0.10896351933479309,1,36.9558373891572,-1.2132197069676198
2438.0,2159.0,790.5,1081.0,1364.0,2013.5,0.09536111354827881,0.19230200350284576,1,36.93885923028734,-1.2360369151842556
2198.0,1639.0,442.0,688.0,574.0,2590.0,-0.08187134563922882,0.6371681690216064,1,36.94191350225335,-1.2079196467913145
2089.0,1749.0,1384.0,1484.0,1534.0,1760.0,0.08547674864530563,0.06860959529876709,1,36.942991480594294,-1.2093569512459057
2492.0,2317.0,961.0,1208.0,1316.0,2042.0,0.09925010800361633,0.2162001132965088,1,36.956556041384495,-1.2511286119574636
2913.0,2402.0,600.0,878.0,1250.0,2232.0,0.1323615163564682,0.28202182054519653,1,36.94739322548648,-1.2092671197174938
2828.0,2190.0,622.5,895.5,964.5,2419.0,0.07794930785894394,0.429880291223526,1,36.96509003658363,-1.2141180222517394
2644.0,2300.0,819.0,1114.0,1384.0,2345.0,0.05993185192346573,0.2577098309993744,1,36.9355354637361,-1.2188790932575728
2617.0,2131.0,710.0,1002.0,1064.0,2643.0,-0.004942965693771839,0.42595091462135315,1,36.964910373526806,-1.2072908260924309
2591.0,2404.0,926.0,1204.0,1534.0,1951.0,0.14090709388256073,0.11965566873550415,1,36.93284051788374,-1.227682583041944
2777.0,2185.0,648.5,967.0,966.0,2734.0,0.007802576757967472,0.47783783078193665,1,36.97667830374877,-1.2057636901094277
2834.0,2479.0,886.0,1154.0,1248.0,2372.0,0.08874375373125076,0.3104972243309021,1,36.97155790662929,-1.2151960005926827
2465.0,2274.0,1208.0,1264.0,1554.0,1638.0,0.20155984163284302,0.02631578966975212,1,36.93472697998039,-1.2189689247859847
2487.0,2224.0,1144.0,1332.0,1494.0,2109.0,0.08224543184041977,0.1706910878419876,1,36.956106883742436,-1.2116925709846165
2803.5,2231.0,627.0,895.0,929.5,2750.5,0.009542671963572502,0.4948369562625885,1,36.9603289655778,-1.2101654350016133
3213.0,2768.0,872.0,1126.0,1335.0,2544.5,0.11610942333936691,0.31176698207855225,1,36.96598835186775,-1.2017212713308898
2364.0,1918.0,564.0,850.0,838.0,2866.0,-0.09598470479249954,0.5475162267684937,1,36.9415541761397,-1.2064823423367232
2987.0,2632.0,758.0,991.0,1232.0,2318.0,0.12610743939876556,0.305915504693985,1,36.943710132821586,-1.207200994564019
2501.0,1894.0,484.0,708.0,758.0,2210.0,0.061770323663949966,0.4892183244228363,1,36.945327100333,-1.20495520635372
2640.0,2485.0,1088.0,1204.0,1526.0,2056.0,0.12436115741729736,0.1479620337486267,1,36.94020670321352,-1.2318148333488939
2828.0,2124.0,1470.0,1670.0,1678.0,2664.0,0.02986161597073078,0.22708429396152496,1,36.96742565632234,-1.2292097190249471
2523.0,2009.0,692.0,975.0,1136.0,2399.0,0.02519301138818264,0.3572843074798584,1,36.963293406015396,-1.199385651592179
3065.0,2497.5,1311.0,1316.0,1275.0,2491.0,0.10331173241138458,0.3228890001773834,1,36.9535916009469,-1.2132197069676198
2955.0,2405.5,703.5,909.5,1239.0,2161.5,0.155086487531662,0.2712836265563965,1,36.977307124447655,-1.2062128477514875
2974.0,2694.0,943.0,1224.0,1429.0,2469.5,0.09267934411764145,0.2668975293636322,1,36.95934081876527,-1.2075603206776668
2578.0,2277.0,986.0,1290.0,1432.0,2265.0,0.06462936103343964,0.2253178209066391,1,36.958711998066384,-1.2016314398024779
2359.0,1964.5,927.0,1209.0,1184.0,2628.0,-0.053940244019031525,0.3788037896156311,1,36.93634394749181,-1.2141180222517394
2560.0,2081.0,544.0,798.0,806.0,2702.0,-0.026985937729477882,0.5404788851737976,1,36.97173756968611,-1.2204960607689879
2422.0,1928.0,822.0,1036.0,1098.0,2407.0,0.003106233198195696,0.37346646189689636,1,36.96616801492458,-1.2057636901094277
2391.0,1702.0,752.0,1058.0,982.0,2858.0,-0.08896932750940323,0.4885416626930237,1,36.97128841204405,-1.2280419091555919
2771.0,2239.5,752.0,1000.5,1065.0,2489.0,0.05361216887831688,0.40067529678344727,1,36.96616801492458,-1.2009127875751824
3052.0,3002.0,1454.0,1676.0,1838.0,2329.0,0.1343616396188736,0.11783057451248169,1,36.969940939117876,-1.2274130884567083
2879.0,2263.0,658.0,794.0,890.0,2150.0,0.1449592411518097,0.41447368264198303,1,36.94119485002605,-1.2100756034732014
2252.0,1852.5,599.0,699.5,825.0,1470.5,0.20993955433368683,0.2812023460865021,1,36.94865086688424,-1.2041467225980125
2421.5,2397.0,1242.0,1454.0,1645.0,1733.0,0.16572391986846924,0.02605091780424118,1,36.93787108347481,-1.2362165782410794
2286.0,1894.5,722.0,1014.5,1162.0,2461.5,-0.036966823041439056,0.3586311638355255,1,36.96976127606105,-1.208907793603846
2449.0,1806.0,642.0,917.0,954.0,2530.0,-0.016268327832221985,0.4523536264896393,1,36.95053732898089,-1.2119620655698524
2699.0,2319.0,903.0,1036.0,1660.0,2036.0,0.14002111554145813,0.10173159837722778,1,36.9678748139644,-1.2281317406840038
2561.0,2030.0,696.0,982.0,1058.0,2439.0,0.024399999529123306,0.39490991830825806,1,36.962484922259684,-1.199924640762651
2513.0,1927.0,853.0,1108.0,1260.0,2536.0,-0.0045553576201200485,0.3361433148384094,1,36.96841380313487,-1.20908745666067
2485.0,2313.0,802.0,1064.0,1240.0,1886.0,0.13703957200050354,0.2066538780927658,1,36.95934081876527,-1.203158575785481
3113.5,2481.5,1228.0,1568.0,1700.0,2682.5,0.07436162978410721,0.22418710589408875,1,36.97865459737383,-1.2393606817354978
2614.0,2276.0,1026.0,1294.0,1470.0,2070.0,0.11614005267620087,0.16949152946472168,1,36.93625411596339,-1.2300182027806548
2261.5,1947.5,605.5,746.0,1073.0,1812.0,0.11034736782312393,0.25615251064300537,1,36.96383239518586,-1.2057636901094277
2484.0,2137.0,1039.0,1239.0,1405.0,1962.0,0.11740890890359879,0.16542915999889374,1,36.97524099929418,-1.222202859808815
2510.0,2048.0,927.0,1178.0,1322.0,2330.0,0.03719008341431618,0.2760131359100342,1,36.97955291265796,-1.2176214518598054
2753.5,2015.0,745.5,1043.0,1250.0,2445.0,0.05934404209256172,0.3234100043773651,1,36.94874069841266,-1.2066620053935473
2494.0,2032.5,751.0,1040.0,1189.0,2123.0,0.0803552120923996,0.28200483322143555,1,36.96482054199839,-1.210704424172085
2264.0,2005.5,940.5,1123.0,1382.0,1779.5,0.1198219358921051,0.1257314532995224,1,36.94622541561712,-1.2116925709846165
2972.0,2667.0,836.0,1026.0,977.0,2548.0,0.07681159675121307,0.44567376375198364,1,36.97524099929418,-1.223909658848642
2509.0,2065.0,992.0,1306.0,1432.0,2646.0,-0.02657613903284073,0.29769495129585266,1,36.9596103133505,-1.2511286119574636
2280.0,2199.5,1291.0,1549.0,1696.0,1821.0,0.11192391812801361,0.035541653633117676,1,36.95287294871961,-1.2499608020881081
2864.0,2749.0,1198.0,1432.0,1516.0,2372.0,0.09396485984325409,0.22016461193561554,1,36.972546053441825,-1.2098061088879655
2688.0,2568.0,848.0,1042.0,1730.0,2245.0,0.08980336785316467,0.12955975532531738,1,36.9377812519464,-1.2104349295868493
2309.0,1755.5,615.5,838.0,904.0,2176.5,0.029539627954363823,0.4130823016166687,1,36.94802204618536,-1.212590886268736
3030.0,2663.0,1184.0,1564.0,1842.0,2764.0,0.04590956121683121,0.20017369091510773,1,36.95475941081626,-1.2489726552755767
2657.0,2147.0,538.0,806.0,894.0,2519.0,0.02666151523590088,0.4761207103729248,1,36.956106883742436,-1.210614592643673
2591.5,2015.0,595.0,897.0,1025.5,2423.0,0.033602554351091385,0.4052486717700958,1,36.96652734103822,-1.199565314649003
2879.0,2793.0,1466.0,1682.0,1836.0,2054.0,0.16724103689193726,0.056041132658720016,1,36.949908508282014,-1.24681669859369
2758.0,2766.0,1626.0,1868.0,2066.0,2105.0,0.1342792510986328,0.009350275620818138,1,36.94901019299789,-1.2486133291619288
2476.0,1692.0,622.0,943.0,927.0,2806.0,-0.06247633323073387,0.5033485293388367,1,36.945866089503475,-1.2470861931789257
2672.0,2415.5,1210.0,1468.0,1642.0,2080.5,0.12446080893278122,0.11779718101024628,1,36.963473069072215,-1.212680717797148
2441.0,2384.0,1478.0,1658.0,1696.0,1707.0,0.17695274949073792,0.0032324420753866434,1,36.94883052994107,-1.246637035536866
2421.0,2017.0,864.0,1108.0,1148.0,2148.0,0.05975049361586571,0.303398072719574,1,36.94218299683858,-1.2091772881890819
2525.0,2384.0,1020.0,1246.0,1434.0,1851.5,0.15389008820056915,0.1270735114812851,1,36.94739322548648,-1.2487929922187528
2175.0,1667.5,775.0,1031.0,1133.0,2329.0,-0.03419182822108269,0.3454650342464447,1,36.9535916009469,-1.1997449777058269
2650.5,2628.0,1122.0,1317.0,1537.0,1792.0,0.19324705004692078,0.07659958302974701,1,36.95233395954914,-1.248343834576693
2537.0,2071.0,866.0,1198.0,1186.0,2679.0,-0.027223926037549973,0.3862871825695038,1,36.97973257571478,-1.2180706095018652
2612.0,2240.0,798.0,1136.0,1342.0,2266.0,0.07093071192502975,0.25609755516052246,1,36.9603289655778,-1.214477348365387
2479.5,2166.5,646.0,919.0,889.5,2344.0,0.028091635555028915,0.44982218742370605,1,36.97416302095324,-1.2131298754392077
2644.0,2530.0,1058.0,1254.0,2060.0,2136.0,0.10627614706754684,0.018112488090991974,1,36.938679567230515,-1.2327131486330134
2635.5,2051.0,728.5,988.5,1093.0,2627.5,0.001520045567303896,0.4124445617198944,1,36.9596103133505,-1.2121417286266762
2571.0,2180.0,1410.0,1600.0,1534.0,2244.0,0.06791277229785919,0.1879301220178604,1,36.97649864069195,-1.220316397712164
2772.0,2427.0,1194.0,1396.0,1546.0,2126.0,0.13189056515693665,0.15795207023620605,1,36.976588472220364,-1.2192384193712205
2737.0,2043.0,778.0,1126.0,1168.0,2758.0,-0.003821656107902527,0.40499237179756165,1,36.972546053441825,-1.2175316203313935
2916.5,2625.0,992.0,1263.0,1464.0,2170.5,0.1466483175754547,0.19438712298870087,1,36.96643750950981,-1.2019009343877138
2761.0,2342.0,1272.0,1332.0,1438.0,2234.0,0.10550550371408463,0.21677559614181519,1,36.97577998846465,-1.223999490377054
2424.0,2026.0,742.5,1007.0,1206.0,2020.0,0.09090909361839294,0.2523248493671417,1,36.956825535969735,-1.2135790330812675
2755.0,2538.0,861.0,1104.0,1289.0,2447.5,0.05910619720816612,0.31004950404167175,1,36.95763401972544,-1.2130400439107958
2832.0,2416.0,706.0,1010.0,1098.0,2374.0,0.087975412607193,0.367511510848999,1,36.96823414007805,-1.214657011422211
2468.0,2306.0,1426.0,1772.0,1996.0,2253.0,0.045541197061538696,0.06048481911420822,1,36.972276558856585,-1.2190587563143966
2462.0,2159.0,874.0,1080.0,1254.0,1958.0,0.11402714997529984,0.21917808055877686,1,36.965179868112045,-1.2270537623430604
2588.0,2173.0,640.0,911.0,1034.0,2700.0,-0.021180029958486557,0.4461703300476074,1,36.96284424837333,-1.2018111028593017
2889.0,2661.0,1659.0,1810.0,1912.0,2638.5,0.045318860560655594,0.15965278446674347,1,36.95907132418003,-1.2134892015528556
2719.5,2388.5,1163.0,1154.0,1244.0,2329.5,0.07724301517009735,0.30376380681991577,1,36.96643750950981,-1.2275029199851202
2506.0,2126.0,924.0,1094.0,1312.0,1924.0,0.1313769817352295,0.18912237882614136,1,36.953681432475314,-1.2115129079277926
2842.0,2796.0,1214.0,1388.0,1650.0,1841.0,0.2137518674135208,0.054712116718292236,1,36.94945935063995,-1.248703160690341
2766.5,2432.5,991.0,1283.0,1438.0,2703.0,0.011609836481511593,0.30548176169395447,1,36.93517613762245,-1.218250272558689
2565.0,1898.0,1014.0,1264.0,1386.0,2358.0,0.04204753041267395,0.25961539149284363,1,36.97047992828835,-1.220046903126928
2848.0,2383.0,938.0,1226.0,1520.0,2640.0,0.03790087625384331,0.26923078298568726,1,36.96643750950981,-1.2265147731725887
2539.0,1928.0,857.0,1165.0,1218.0,2701.0,-0.030916031450033188,0.3784128725528717,1,36.953681432475314,-1.2010924506320062
2516.0,2384.0,822.0,1015.0,1274.0,1979.0,0.11946607381105423,0.2167230248451233,1,36.96239509073127,-1.2020805974445377
2948.0,2535.0,1270.0,1632.0,1760.0,2831.0,0.020245717838406563,0.23328250646591187,1,36.972366390385,-1.2189689247859847
2777.0,2458.0,1444.0,1410.0,1342.0,2768.0,0.0016230838373303413,0.34695863723754883,1,36.9588018295948,-1.251937095713171
2852.0,2198.0,832.0,1156.0,1222.0,2566.0,0.05278700590133667,0.3548046350479126,1,36.964730710469986,-1.2065721738651354
2591.0,2270.0,822.0,1018.0,1194.0,1915.0,0.15002219378948212,0.23190736770629883,1,36.93742192583275,-1.2180706095018652
1338.0,1122.0,588.0,626.0,609.0,816.0,0.2423398345708847,0.1452631652355194,1,36.94047619779876,-1.2095366143027297
2438.0,2130.0,846.0,1011.0,1134.0,1588.0,0.21112766861915588,0.16678912937641144,1,36.95907132418003,-1.201451776745654
2609.0,2211.0,824.0,1100.0,1366.0,2482.0,0.024945983663201332,0.29002079367637634,1,36.94335080670794,-1.2405284916048531
2897.0,2578.0,1520.0,1742.0,1808.0,2196.0,0.13763989508152008,0.09690310060977936,1,36.97703762986242,-1.218160441030277
2539.0,1866.0,795.0,1026.0,1112.0,2575.0,-0.007039499469101429,0.39679956436157227,1,36.9415541761397,-1.206931499978783
2549.0,2241.0,1098.0,1336.0,1558.0,2295.0,0.05243600159883499,0.19127951562404633,1,36.95502890540149,-1.2461878778948061
2597.5,2289.0,793.5,1114.0,1450.0,2028.0,0.12312182784080505,0.16618746519088745,1,36.93760158888957,-1.237025061996787
2559.0,2087.0,828.0,1052.0,1190.0,2321.0,0.048770491033792496,0.3221304416656494,1,36.975869819993065,-1.2149265060074468
2122.5,1705.0,949.0,1201.0,1347.0,2092.0,0.0072369202971458435,0.21663273870944977,1,36.95305261177643,-1.2003737984047105
2643.0,2454.0,978.0,1254.0,1318.0,2388.0,0.05068574845790863,0.2887209951877594,1,36.95350176941849,-1.2479845084630452
2377.0,2341.0,1166.0,1426.0,1660.0,1808.0,0.13596177101135254,0.042675893753767014,1,36.934906643037216,-1.2299283712522429
2596.5,2414.5,1039.0,1162.0,1306.0,2171.5,0.08913590759038925,0.24888569116592407,1,36.970210433703116,-1.2074704891492547
2792.5,2274.5,905.0,1181.0,1228.0,2800.0,-0.0013410818064585328,0.39026811718940735,1,36.96652734103822,-1.20908745666067
2686.0,2305.0,1102.0,1410.0,1486.0,2147.0,0.11152493208646774,0.18194329738616943,1,36.96796464549281,-1.2123213916835003
2469.0,1670.0,457.0,639.0,712.0,2114.0,0.07746017724275589,0.4961075782775879,1,36.94424912199206,-1.2072908260924309
2861.0,2470.5,984.0,1251.0,1263.0,2543.0,0.05884530022740364,0.33631110191345215,1,36.96733582479393,-1.199655146177415
2509.0,2110.0,1068.0,1294.0,1360.0,2266.0,0.05089005082845688,0.24986210465431213,1,36.96275441684492,-1.2063026792798994
2928.0,2671.0,1218.0,1467.0,1655.0,2204.0,0.14107561111450195,0.14226482808589935,1,36.97344436872594,-1.2160943158768023
2660.0,2500.0,870.0,1038.0,1284.0,1825.0,0.186176136136055,0.17401093244552612,1,36.9355354637361,-1.2194180824280445
2392.0,1783.0,677.0,901.0,858.0,2742.0,-0.06817296147346497,0.5233333110809326,1,36.93661344207704,-1.2264249416441768
2649.5,2039.0,1056.0,1366.0,1529.0,2646.5,0.0005664652562700212,0.2676326334476471,1,36.946764404787594,-1.2343301161444284
2662.0,2235.0,633.0,900.0,1042.0,2419.0,0.04782523214817047,0.39786189794540405,1,36.959430650293676,-1.205224700938956
2574.0,1918.0,698.0,1004.0,1038.0,2974.0,-0.07209805399179459,0.48255234956741333,1,36.947752551600125,-1.2114230763993807
2641.5,2437.0,1082.0,1351.0,1505.0,2423.0,0.04314345121383667,0.23370672762393951,1,36.93885923028734,-1.2179807779734533
2507.0,2179.0,897.0,1136.0,1306.0,2244.0,0.055356767028570175,0.2642253637313843,1,36.97488167318053,-1.206931499978783
2075.0,1549.5,447.5,682.0,585.5,2613.5,-0.11485549807548523,0.6339480876922607,1,36.968503634663286,-1.2171722942177456
2753.0,2432.5,816.5,1093.0,1203.0,2696.5,0.0103679234161973,0.3829978108406067,1,36.968952792305345,-1.2061230162230756
2990.0,2571.0,1544.0,1790.0,1956.0,2583.0,0.07303068041801453,0.1381361484527588,1,36.96841380313487,-1.2283114037408276
2465.0,2170.0,714.0,968.0,1134.0,1926.0,0.12275107949972153,0.25882354378700256,1,36.961586606975565,-1.2019009343877138
2452.5,1799.0,783.5,1053.0,1095.5,2432.5,0.004094165749847889,0.3789682686328888,1,36.95978997640733,-1.220046903126928
2392.5,2104.0,1230.0,1466.0,1760.0,2261.5,0.028147829696536064,0.12470471113920212,1,36.94856103535583,-1.2080094783197266
2792.0,2441.0,956.0,972.0,936.0,1656.0,0.25539568066596985,0.2777777910232544,1,36.96760531937917,-1.2275029199851202
2744.0,2010.0,882.0,1218.0,1220.0,2945.0,-0.03533134236931801,0.4141656756401062,1,36.944608448105704,-1.206931499978783
2514.0,2007.0,922.0,1204.0,1294.0,2266.0,0.05188284441828728,0.2730337083339691,1,36.973893526368,-1.206931499978783
2567.0,2101.0,915.0,1236.0,1344.0,2589.0,-0.0042668734677135944,0.3165522515773773,1,36.97407318942483,-1.2118722340414405
2272.0,1817.5,542.0,814.5,794.5,2267.0,0.001101564266718924,0.48097339272499084,1,36.973983357896415,-1.203428070370717
2726.0,2427.0,1050.0,1362.0,1578.0,2404.0,0.06276803463697433,0.20743344724178314,1,36.974432515538474,-1.2124112232119122
2441.0,2210.0,1022.0,1206.0,1360.0,2206.0,0.05057026073336601,0.23724061250686646,1,36.97263588497024,-1.20908745666067
2488.0,2369.0,1100.0,1218.0,1470.0,1778.0,0.16643226146697998,0.09482758492231369,1,36.97263588497024,-1.22013673465534
2855.0,2707.0,1132.0,1419.0,1585.0,2453.5,0.07563342154026031,0.21505509316921234,1,36.95996963946415,-1.2134892015528556
3051.0,2679.0,848.5,1068.0,1478.0,2440.0,0.11127299070358276,0.24553343653678894,1,36.9730850426123,-1.2133095384960317
2814.0,2473.0,1704.0,1890.0,2030.0,2302.0,0.10007818788290024,0.06278855353593826,1,36.9685934661917,-1.2214842075815193
2714.0,2534.0,718.0,986.0,1122.0,2714.0,0.0,0.41501563787460327,1,36.95565772610038,-1.2102552665300252
2505.0,2027.0,1018.0,1216.0,1592.0,2106.0,0.08653220534324646,0.13899405300617218,1,36.93302018094057,-1.2233706696781703
2515.5,2008.5,1109.0,1393.0,1441.0,2290.5,0.04681647941470146,0.22765643894672394,1,36.97434268401006,-1.2218435336951672
2651.0,2388.0,1156.0,1344.0,1572.0,1827.0,0.18401071429252625,0.07502206414937973,1,36.939577882514634,-1.2299283712522429
3140.0,2876.0,888.0,1216.0,1424.0,2810.0,0.05546218529343605,0.32735002040863037,1,36.971647738157706,-1.222113028280403
2407.0,2161.0,836.0,1154.0,1316.0,2116.0,0.0643378272652626,0.23310023546218872,1,36.93697276819069,-1.2114230763993807
2708.0,2427.0,1061.0,1276.0,1522.0,2216.0,0.09991876780986786,0.18566077947616577,1,36.936793105133866,-1.2120518970982643
2301.5,2024.5,736.5,945.5,1284.0,2075.0,0.051753684878349304,0.23548674583435059,1,36.93733209430434,-1.2117824025130286
2665.0,2343.0,998.0,1223.0,1348.0,2095.0,0.11974789947271347,0.21696195006370544,1,36.95763401972544,-1.2471760247073376
2622.0,2484.5,1270.0,1320.0,1386.0,1976.0,0.14049586653709412,0.17549078166484833,1,36.9535916009469,-1.2079196467913145
2821.0,2216.0,1032.0,1230.0,1688.0,2461.0,0.06815600395202637,0.18630994856357574,1,36.97416302095324,-1.22381982732023
2567.5,2150.0,720.5,912.0,1045.0,2514.5,0.010428965091705322,0.412838876247406,1,36.97703762986242,-1.2211248814678715
2584.0,2206.5,1116.0,1380.0,1498.0,2611.0,-0.005197305232286453,0.27086883783340454,1,36.956106883742436,-1.2470861931789257
2575.5,2224.5,1024.0,1244.0,1233.0,2444.0,0.026197828352451324,0.32934457063674927,1,36.937062599719106,-1.2131298754392077
2671.0,2383.0,1088.0,1266.0,1440.0,1964.0,0.1525350660085678,0.15393655002117157,1,36.97263588497024,-1.2230113435645225
2094.0,1792.0,996.0,1188.0,1382.0,2234.0,-0.032347504049539566,0.2356194704771042,1,36.9580831773675,-1.2072908260924309
2588.5,2362.5,850.0,1075.0,1202.0,2053.5,0.1152520477771759,0.26155737042427063,1,36.971647738157706,-1.2156451582347425
2798.0,2596.5,1118.0,1445.0,1637.0,2202.0,0.11919999867677689,0.14717374742031097,1,36.96769515090758,-1.2113332448709688
2470.0,2198.0,745.0,1040.0,1074.0,2831.0,-0.06810035556554794,0.4499359726905823,1,36.958262840424325,-1.2133993700244436
2844.5,2895.5,1699.0,2010.0,2216.0,2217.5,0.123864084482193,0.00033833313500508666,1,36.951345812736605,-1.2497811390312843
2635.5,2540.5,1077.0,1281.0,1671.0,1928.5,0.1549079716205597,0.07153771072626114,1,36.93526596915086,-1.2345097792012525
2810.5,2530.5,1046.0,1282.0,1518.0,2235.5,0.11395164579153061,0.19115492701530457,1,36.95547806304355,-1.2451997310822747
3277.0,3034.0,1704.0,1932.0,2120.0,2574.0,0.12015040218830109,0.09671921283006668,1,36.976139314578305,-1.205224700938956
2496.0,2255.0,1050.0,915.0,946.0,1824.0,0.15555556118488312,0.31696751713752747,1,36.93733209430434,-1.2149265060074468
2569.0,2271.0,902.0,1158.0,1260.0,2544.0,0.00488949753344059,0.3375394344329834,1,36.9746121785953,-1.2123213916835003
2823.0,2723.0,1224.0,1472.0,1786.0,2382.0,0.08472622185945511,0.1429942399263382,1,36.966078183396164,-1.2115129079277926
2389.5,1978.0,943.5,1068.0,1047.0,2397.0,-0.001566906925290823,0.39198607206344604,1,36.9340083277531,-1.220316397712164
2710.0,2485.0,616.0,740.0,1448.0,1998.0,0.15123194456100464,0.15960533916950226,1,36.97074942287358,-1.207111163035607
2295.0,1807.0,794.0,1040.0,1235.0,1985.0,0.07242990285158157,0.23291926085948944,1,36.93885923028734,-1.2369352304683752
2754.0,2373.0,1185.0,1412.0,1511.0,2310.5,0.08757033944129944,0.20921103656291962,1,36.966617172566636,-1.2275029199851202
2723.0,2583.0,860.0,1100.0,1248.0,2316.0,0.08076999336481094,0.2996633052825928,1,36.97739695597607,-1.2193282508996326
3431.0,2805.0,1184.0,1488.0,2276.0,3177.0,0.038438256829977036,0.1652301549911499,1,36.96670700409505,-1.2227418489792867
2746.0,2683.5,2088.0,2489.0,2678.0,2778.5,-0.005882885307073593,0.01841839961707592,1,36.934906643037216,-1.233611463917133
2633.0,2178.0,837.0,1140.0,1277.0,2600.0,0.0063061341643333435,0.3412432372570038,1,36.97245622191341,-1.2134892015528556
2849.5,2462.0,830.0,912.0,1034.0,2307.0,0.10520701855421066,0.381023645401001,1,36.97290537955547,-1.2237299957918182
2972.0,2258.0,786.0,1080.0,1310.0,2664.0,0.054648686200380325,0.34071463346481323,1,36.953950927060546,-1.2065721738651354
2591.5,2511.5,1078.0,1320.0,1510.0,1787.0,0.18373872339725494,0.08401577174663544,1,36.938499904173696,-1.2140281907233272
2362.0,2095.0,1384.0,1430.0,1512.0,2012.0,0.0800182893872261,0.1418842226266861,1,36.94020670321352,-1.2157349897631544
2526.0,2109.0,812.0,1094.0,1204.0,2509.0,0.0033763654064387083,0.3514678180217743,1,36.96356290060063,-1.2063925108083113
3254.0,3076.0,2592.0,2852.0,2880.0,2825.0,0.07057081907987595,-0.009640665724873543,1,36.955118736929904,-1.2492421498608126
2967.5,2766.5,1262.0,1502.0,1848.0,2258.0,0.13577647507190704,0.09985387325286865,1,36.93652361054863,-1.2122315601550884
1695.0,1417.0,662.0,783.0,1052.0,1424.0,0.08688682317733765,0.15024232864379883,1,36.95116614967978,-1.2003737984047105
2674.0,2432.0,808.0,1106.0,1282.0,2204.0,0.09635096043348312,0.26448652148246765,1,36.956556041384495,-1.2058535216378397
2436.5,1902.0,417.5,651.5,918.0,2218.0,0.04694381728768349,0.4145408272743225,1,36.949639013696775,-1.2009127875751824
2590.0,2229.0,773.0,1032.0,1166.0,2562.0,0.005434782709926367,0.3744635283946991,1,36.934906643037216,-1.2186095986723369
2984.0,2549.0,987.0,1154.0,1370.0,2222.0,0.1463695764541626,0.237193763256073,1,36.97119858051565,-1.2244486480191137
3066.0,2538.5,692.5,1021.0,1244.0,2525.0,0.09676265716552734,0.3398779630661011,1,36.96437138435633,-1.2024399235581855
2878.0,2538.0,920.0,1228.0,1602.0,2257.0,0.12093476206064224,0.16973309218883514,1,36.93715243124751,-1.2207655553542238
2739.5,2346.0,1141.0,1404.0,1641.0,2312.0,0.08462832868099213,0.16974449157714844,1,36.95538823151514,-1.2086382990186102
2721.0,2296.0,1172.0,1480.0,1620.0,2742.0,-0.003844041842967272,0.2572214603424072,1,36.97200706427135,-1.2024399235581855
2094.0,1680.0,610.0,880.0,970.0,2395.0,-0.06705279648303986,0.4234769642353058,1,36.94784238312854,-1.2091772881890819
2810.0,2288.0,654.0,966.0,1079.0,2768.0,0.007529580499976873,0.43904340267181396,1,36.9678748139644,-1.2032484073138932
2416.0,1903.0,612.0,922.0,882.0,2498.0,-0.016687016934156418,0.4781064987182617,1,36.9746121785953,-1.2136688646096796
2746.0,2735.0,1240.0,1378.0,2002.0,1996.0,0.15816111862659454,-0.0015007504262030125,1,36.93885923028734,-1.2110637502857329
2659.0,2550.0,1426.0,1604.0,1742.0,2100.0,0.11746165156364441,0.09318063408136368,1,36.93948805098623,-1.2287605613828874
2716.5,2147.0,763.5,996.0,1085.0,2538.0,0.03397088125348091,0.401048868894577,1,36.96500020505522,-1.2057636901094277
2270.0,1932.0,558.0,741.0,983.0,1969.0,0.07100731134414673,0.3340108394622803,1,36.95547806304355,-1.1998348092342388
3007.0,2535.0,946.0,1204.0,1368.0,2156.0,0.1648266464471817,0.2236095368862152,1,36.96760531937917,-1.205314532467368
2528.5,2439.0,1361.0,1530.0,1680.0,1877.5,0.1477530598640442,0.05551651492714882,1,36.947752551600125,-1.2480743399914571
2824.0,2825.0,1148.0,1350.0,1584.0,1887.0,0.19889619946479797,0.08729472756385803,1,36.93760158888957,-1.2356775890706078
2549.5,2387.5,1261.0,1641.0,1838.0,2177.0,0.07881096005439758,0.08443337678909302,1,36.93876939875893,-1.2137586961380915
2735.0,2287.0,736.0,1034.0,1122.0,2767.0,-0.005816067103296518,0.4229879081249237,1,36.94406945893523,-1.24681669859369
2431.0,2234.0,1196.0,1450.0,1650.0,2023.0,0.09160305559635162,0.10155186802148819,1,36.94784238312854,-1.2470861931789257
2671.0,2194.0,1454.0,1596.0,1826.0,2290.0,0.07679903507232666,0.11273080855607986,1,36.9701206021747,-1.2205858922973998
2391.0,2042.0,846.0,1074.0,1236.0,2274.0,0.02508038654923439,0.2957265079021454,1,36.957993345839085,-1.20127211368883
2748.5,2643.0,1047.0,1300.0,1540.0,1911.0,0.179740309715271,0.10750506818294525,1,36.948201709242184,-1.2486133291619288
3123.0,3057.0,1298.0,1442.0,1764.0,1977.0,0.22470587491989136,0.05693664774298668,1,36.95898149265162,-1.2025297550865974
2699.0,2281.0,831.0,1130.0,1268.0,2252.0,0.0902847945690155,0.27954545617103577,1,36.956825535969735,-1.2018111028593017
2987.0,2480.0,742.0,944.0,1362.0,2268.0,0.13682207465171814,0.2495867758989334,1,36.97856476584543,-1.2173519572745695
2405.0,1940.0,676.0,988.0,1040.0,2520.0,-0.023350253701210022,0.4157303273677826,1,36.93562529526451,-1.227862246098768
2222.0,1470.0,548.0,742.0,639.0,2921.0,-0.13591289520263672,0.6410112380981445,1,36.95098648662295,-1.2454692256675106
2801.0,2529.0,1002.0,1168.0,1188.0,2048.0,0.15528975427150726,0.2657601833343506,1,36.974432515538474,-1.2083688044333742
2494.5,2048.5,1032.0,1313.0,1435.0,2190.0,0.06500159949064255,0.20827586948871613,1,36.96446121588475,-1.2063925108083113
2425.0,2229.0,1188.0,1496.0,1638.0,2210.0,0.04638619348406792,0.14864864945411682,1,36.982337690038726,-1.2310063495931862
2648.0,1897.0,611.0,842.0,916.0,2548.0,0.0192455742508173,0.47113165259361267,1,36.966347677981396,-1.2065721738651354
2449.5,1794.5,505.5,753.5,695.5,2677.0,-0.04437725618481636,0.5875463485717773,1,36.953411937890074,-1.212590886268736
2569.0,2483.5,1048.0,1355.0,1590.0,1967.0,0.13271604478359222,0.10598818957805634,1,36.937960915003224,-1.2359470836558437
2449.0,2031.0,1368.0,1566.0,1866.0,2488.0,-0.007899533957242966,0.1428571492433548,1,36.971647738157706,-1.2179807779734533
2603.0,2587.0,1340.0,1394.0,1510.0,1669.0,0.21863295137882233,0.050015728920698166,1,36.97290537955547,-1.2161841474052142
2230.5,1906.5,1034.0,1192.0,1299.0,1620.0,0.15855084359645844,0.10996916890144348,1,36.98242752156714,-1.2311860126500103
2883.5,2430.0,975.5,1290.0,1490.0,2583.5,0.05487470328807831,0.2684423625469208,1,36.94766272007171,-1.2095366143027297
2811.0,2166.0,648.0,984.0,979.0,2857.0,-0.008115737698972225,0.4895724654197693,1,36.97119858051565,-1.2226520174508748
2697.0,2053.0,552.0,830.0,864.0,2720.0,-0.004245892632752657,0.5178571343421936,1,36.94101518696923,-1.2062128477514875
2092.0,1521.0,467.0,702.0,702.0,2365.0,-0.061251964420080185,0.5422236919403076,1,36.9415541761397,-1.20908745666067
2517.5,2032.5,935.5,1165.0,1334.0,1917.5,0.13528747856616974,0.17945563793182373,1,36.9520644649639,-1.2077399837344907
2780.0,2226.0,760.0,1058.0,1100.0,2862.0,-0.01453385315835476,0.4447248876094818,1,36.94110501849764,-1.2091772881890819
2330.0,1879.5,810.0,1018.5,1230.0,2211.0,0.026205681264400482,0.2850915491580963,1,36.94433895352047,-1.20495520635372
2509.0,2381.0,1212.0,1438.0,1706.0,1974.0,0.1193397268652916,0.072826087474823,1,36.9482915407706,-1.244930236497039
2430.5,2155.5,978.0,1119.0,1699.0,2052.5,0.08431853353977203,0.09422897547483444,1,36.953681432475314,-1.20495520635372
2381.0,2083.0,930.0,1144.0,1294.0,1780.0,0.14443643391132355,0.1581001877784729,1,36.93670327360545,-1.2285808983260635
2634.0,2036.0,616.5,927.0,967.0,2410.0,0.04440920054912567,0.4273023307323456,1,36.96985110758946,-1.201541608274066
2332.0,1933.5,951.5,1152.0,1313.0,2050.5,0.06423274427652359,0.2192656397819519,1,36.93589478984975,-1.21645364199045
2586.0,2326.0,1046.0,1301.0,1487.0,2406.0,0.036057692021131516,0.23606473207473755,1,36.97263588497024,-1.2101654350016133
2193.0,1972.0,812.5,994.5,1056.0,1401.0,0.22036728262901306,0.14041514694690704,1,36.936793105133866,-1.2345996107296644
2588.0,2260.0,1724.0,2012.0,2098.0,2640.0,-0.00994644220918417,0.11439426243305206,1,36.972096895799766,-1.2082789729049623
2597.0,2054.0,692.0,986.0,1040.0,2770.0,-0.03223402425646782,0.45406824350357056,1,36.96976127606105,-1.2287605613828874
2569.5,2252.5,741.5,1018.0,1227.0,2433.0,0.027286356315016747,0.3295081853866577,1,36.96832397160646,-1.205045037882132
2547.0,1998.0,664.5,920.0,1188.0,2337.5,0.042890775948762894,0.32605305314064026,1,36.93544563220769,-1.2262452785873528
2534.0,1953.0,691.0,985.0,1052.0,2858.0,-0.06008902192115784,0.46189257502555847,1,36.961137449333506,-1.2045958802400722
2360.0,2050.0,942.0,979.0,955.0,1459.5,0.23576384782791138,0.20894594490528107,1,36.97425285248165,-1.2046857117684844
2442.0,2027.0,870.0,1076.0,1284.0,1968.0,0.10748299211263657,0.21033211052417755,1,36.94568642644665,-1.2120518970982643
2285.0,1783.0,914.0,1096.0,1310.0,1910.0,0.08939213305711746,0.18633539974689484,1,36.946045752560295,-1.2046857117684844
2846.5,2047.5,711.0,1066.0,1186.0,3045.0,-0.0336926095187664,0.43937602639198303,1,36.9498186767536,-1.2061230162230756
2603.5,2019.0,607.0,884.5,968.0,2491.5,0.021982336416840553,0.44038155674934387,1,36.97425285248165,-1.2216638706383431
2332.5,2379.5,1155.0,1353.0,1558.0,1723.0,0.15028972923755646,0.050289545208215714,1,36.95071699203772,-1.2495116444460483
2673.0,2139.0,746.0,944.0,1034.0,2179.0,0.10181368142366409,0.35636475682258606,1,36.964730710469986,-1.22795207762718
2580.0,2400.0,1020.0,1252.0,1398.0,2014.0,0.12320417910814285,0.18053928017616272,1,36.93670327360545,-1.235138599900136
2877.0,2577.0,708.0,878.0,1106.0,2460.0,0.07813378423452377,0.37969714403152466,1,36.9588018295948,-1.2056738585810158
2738.0,2291.0,920.0,1298.0,1286.0,3057.0,-0.05504745617508888,0.407782644033432,1,36.939398219457814,-1.2160943158768023
2563.5,2107.5,687.0,870.0,980.5,2234.5,0.06857023388147354,0.3900466561317444,1,36.968952792305345,-1.2064823423367232
2821.0,2124.0,785.0,1074.0,1214.0,2637.0,0.033711981028318405,0.3695144057273865,1,36.96571885728252,-1.2292097190249471
2473.5,2086.0,1016.0,1172.0,1356.0,1552.0,0.22891566157341003,0.06740027666091919,1,36.984044489078556,-1.2306470234795384
2577.0,1965.0,770.0,1056.0,1092.0,2345.0,0.04713531211018562,0.36456212401390076,1,36.96877312924852,-1.2149265060074468
2837.0,2698.0,1390.0,1578.0,1664.0,1966.0,0.18134498596191406,0.08319558948278427,1,36.96652734103822,-1.2271435938714723
2699.5,2327.5,1013.0,1295.0,1390.0,2360.0,0.06710149347782135,0.25866666436195374,1,36.957005199026554,-1.2080993098481385
2899.0,2563.0,1078.0,1354.0,1632.0,2100.0,0.1598319709300995,0.12540192902088165,1,36.93508630609404,-1.2248978056611735
2254.0,1796.0,625.0,860.0,1202.0,2138.0,0.02641165815293789,0.2802395224571228,1,36.94901019299789,-1.2010924506320062
2743.0,2367.0,908.0,1202.0,1394.0,2437.0,0.05907335877418518,0.2722526788711548,1,36.95817300889591,-1.2460980463663942
2750.0,2345.0,1055.0,1353.0,1486.0,2731.5,0.003374988678842783,0.295317143201828,1,36.96571885728252,-1.214657011422211
3040.0,2766.0,1382.0,1610.0,1670.0,2396.0,0.11846946179866791,0.17855386435985565,1,36.97137824357247,-1.2130400439107958
2660.5,2445.5,914.5,1162.0,1461.0,1996.0,0.14270374178886414,0.15475846827030182,1,36.936793105133866,-1.2176214518598054
2910.5,2661.5,1070.0,1327.0,1532.0,2279.0,0.12168802320957184,0.19601154327392578,1,36.96589852033934,-1.2086382990186102
2438.0,1971.0,760.0,1038.0,1004.0,2685.0,-0.048213936388492584,0.4556790590286255,1,36.95763401972544,-1.2098959404163776
2905.0,2269.0,701.0,1018.0,1350.0,2381.0,0.09912977367639542,0.27633342146873474,1,36.93984737709987,-1.2293893820817712
2584.0,2356.0,1154.0,1380.0,1538.0,2141.0,0.09375661611557007,0.16390323638916016,1,36.96149677544715,-1.2064823423367232
2580.0,2400.0,1104.0,1378.0,1506.0,2054.0,0.11350885033607483,0.153932586312294,1,36.93670327360545,-1.235228431428548
2844.5,2748.5,1438.0,1653.0,1858.0,2343.5,0.0965690016746521,0.11555396765470505,1,36.95242379107754,-1.2509489489006396
2572.0,2301.0,871.0,1108.0,1326.0,2254.0,0.06589307636022568,0.25921788811683655,1,36.972276558856585,-1.2193282508996326
2807.0,2677.0,1002.0,1262.0,1394.0,2383.0,0.0816955715417862,0.2618480324745178,1,36.95502890540149,-1.2096264458311417
2312.0,1987.0,878.0,1152.0,1348.0,1884.0,0.10200190544128418,0.16584157943725586,1,36.93742192583275,-1.2117824025130286
2525.0,2214.0,1064.0,1300.0,1440.0,2166.0,0.07652952522039413,0.20133110880851746,1,36.93975754557146,-1.2311860126500103
2860.0,2495.5,959.0,1103.0,1252.0,2592.5,0.04906006529927254,0.34867992997169495,1,36.97030026523152,-1.2056738585810158
2852.0,2087.0,951.0,1268.0,1288.0,2979.0,-0.021780140697956085,0.3962971568107605,1,36.95952048182209,-1.2110637502857329
2415.0,2305.0,890.0,1142.0,1442.0,1687.5,0.1773308962583542,0.07844703644514084,1,36.93733209430434,-1.2363064097694914
2598.5,2466.5,1181.0,1372.0,1424.0,2361.0,0.0478878915309906,0.2475561499595642,1,36.95188480190708,-1.248433666105105
2538.0,2334.0,924.0,1156.0,1332.0,1897.0,0.14453212916851044,0.17497676610946655,1,36.96823414007805,-1.2156451582347425
2529.5,2008.5,978.5,1096.0,1192.0,2036.0,0.10809330642223358,0.2614622116088867,1,36.96958161300423,-1.229479213610183
2476.0,2220.0,1187.0,1366.0,1323.0,1878.0,0.13734497129917145,0.17338331043720245,1,36.972276558856585,-1.210704424172085
2647.5,2485.5,1194.0,1400.0,1597.0,2076.5,0.1208721399307251,0.1305294632911682,1,36.958442503481145,-1.250589622786992
2124.0,1768.0,1064.0,1264.0,1478.0,2132.0,-0.001879699295386672,0.18116343021392822,1,36.952962780248015,-1.2001043038194747
2583.0,2426.0,1212.0,1356.0,1524.0,2222.0,0.07513007521629333,0.1863320916891098,1,36.951525475793424,-1.246547204008454
2379.0,1934.0,578.0,816.0,874.0,2441.0,-0.012863070704042912,0.4726998507976532,1,36.94379996435,-1.2118722340414405
2833.0,2463.5,1100.0,1300.0,1452.0,2078.0,0.15373651683330536,0.17733711004257202,1,36.965179868112045,-1.2041467225980125
2828.0,2540.0,1144.0,1374.0,1526.0,2050.0,0.15949159860610962,0.14653243124485016,1,36.96625784645299,-1.205224700938956
2630.0,2035.0,512.0,749.0,803.0,2327.0,0.061125680804252625,0.4869009554386139,1,36.96913245536217,-1.2129502123823839
2445.0,1862.0,1042.0,1284.0,1328.0,2328.0,0.02451288513839245,0.2735229730606079,1,36.966796835623455,-1.210614592643673
2437.5,1959.5,865.5,1150.0,1260.0,2093.0,0.07604017108678818,0.24843423068523407,1,36.95853233500956,-1.2120518970982643
2193.0,1939.0,996.0,1180.0,1302.0,1832.0,0.08968944102525711,0.1691129505634308,1,36.933649001639445,-1.2269639308146485
2831.0,2661.0,1074.0,1386.0,1620.0,2458.0,0.07052373141050339,0.20549288392066956,1,36.9580831773675,-1.2029789127286572
2169.0,1582.0,530.0,778.0,900.0,2829.0,-0.13205282390117645,0.5172968506813049,1,36.938949061815755,-1.2082789729049623
2432.5,2099.5,713.5,958.0,1091.0,2160.0,0.059335872530937195,0.32882189750671387,1,36.93733209430434,-1.21277054932556
2895.0,2605.0,1882.0,2152.0,2116.0,2376.0,0.09846328943967819,0.05788067728281021,1,36.969401949947404,-1.2151960005926827
3057.0,2690.0,1260.0,1552.0,1722.0,2577.0,0.08519701659679413,0.19888345897197723,1,36.96509003658363,-1.2285808983260635
3123.0,2265.0,1160.0,1454.0,1670.0,3131.0,-0.0012791813351213932,0.304311603307724,1,36.97865459737383,-1.242774279815152
2400.0,1993.0,1548.0,1824.0,2024.0,2464.0,-0.01315789483487606,0.09803921729326248,1,36.9535916009469,-1.199385651592179
2606.0,2430.0,1082.0,1374.0,1622.0,2155.0,0.0947280004620552,0.14111728966236115,1,36.949639013696775,-1.2493319813892245
2773.0,2499.0,1032.0,1268.0,1494.0,2170.0,0.12199069559574127,0.18449781835079193,1,36.972546053441825,-1.2179807779734533
2673.0,2373.5,1009.0,1298.0,1490.0,2216.0,0.09347514808177948,0.19589854776859283,1,36.97407318942483,-1.208997625132258
2877.0,2206.0,794.5,1015.5,1225.0,2652.5,0.04060041531920433,0.3681495785713196,1,36.96931211841899,-1.2285808983260635
2598.0,2471.0,1098.0,1278.0,1758.0,1958.0,0.1404740959405899,0.05382131412625313,1,36.93984737709987,-1.2157349897631544
2677.0,2508.0,952.0,1195.0,1385.0,1893.5,0.1714254468679428,0.15510141849517822,1,36.93409815928151,-1.233521632388721
2681.0,2235.0,626.0,898.0,1058.0,2353.0,0.06515692919492722,0.37965404987335205,1,36.97569015693624,-1.2247181426043496
2791.0,2318.0,1212.0,1572.0,1660.0,2702.0,0.01620243862271309,0.23888124525547028,1,36.95305261177643,-1.2102552665300252
2544.0,2253.0,846.0,1048.0,1070.0,2214.0,0.06935687363147736,0.34835565090179443,1,36.972995211083884,-1.220316397712164
2372.5,2025.5,642.5,936.0,1048.0,2949.5,-0.10841789096593857,0.47567230463027954,1,36.93293034941215,-1.2293893820817712
2629.5,2403.0,967.0,1205.0,1350.0,2444.0,0.03656253218650818,0.28835001587867737,1,36.93652361054863,-1.2359470836558437
2452.0,1972.0,644.5,907.5,941.5,2417.0,0.007188334129750729,0.4393330216407776,1,36.95925098723686,-1.2115129079277926
2550.5,2287.0,799.5,1027.0,1087.0,2370.0,0.03668326511979103,0.371131032705307,1,36.939128724872575,-1.2131298754392077
2435.0,1954.0,1089.0,1257.0,1285.0,2291.5,0.030360732227563858,0.28142037987709045,1,36.934367653866744,-1.2307368550079505
2745.0,1999.0,806.0,1114.0,1146.0,2692.0,0.009748023003339767,0.40281397104263306,1,36.964910373526806,-1.2066620053935473
2933.0,2378.0,744.0,1023.0,1374.0,2231.0,0.13594113290309906,0.2377253770828247,1,36.93661344207704,-1.2209452184110476
2722.5,2166.0,1221.0,1478.0,1516.0,2777.0,-0.00990999210625887,0.29373398423194885,1,36.981798700868254,-1.2287605613828874
2770.0,2302.0,617.5,850.0,1044.0,2368.0,0.07824055850505829,0.3880422115325928,1,36.96976127606105,-1.2072908260924309
2348.0,2059.0,890.0,1172.0,1440.0,2192.0,0.034361232072114944,0.2070484608411789,1,36.93409815928151,-1.2331623062750732
2740.0,2336.0,764.0,1054.0,1202.0,2389.0,0.06843439489603043,0.33054858446121216,1,36.974432515538474,-1.210614592643673
2664.0,2694.5,1331.0,1594.0,1860.0,2013.5,0.13907001912593842,0.03962824493646622,1,36.93517613762245,-1.2364860728263154
3147.0,2711.0,932.0,1188.0,1836.0,2603.5,0.09451352059841156,0.17287983000278473,1,36.96967144453264,-1.2141180222517394
2378.0,2142.0,898.0,1100.0,1310.0,1640.0,0.18367347121238708,0.11186441034078598,1,36.937960915003224,-1.2117824025130286
2807.5,2241.0,737.0,939.0,1053.0,2440.0,0.07003334909677505,0.3970798850059509,1,36.9730850426123,-1.2248978056611735
2777.0,2506.0,1088.0,1336.0,1470.0,2281.0,0.09806247800588608,0.21620900928974152,1,36.966078183396164,-1.2113332448709688
2957.5,2534.5,903.5,1231.0,1444.0,2968.5,-0.0018562268232926726,0.3454957604408264,1,36.95520856845832,-1.2043263856548365
2746.0,2452.0,972.0,1324.0,1492.0,1958.0,0.16751700639724731,0.1350724697113037,1,36.958711998066384,-1.2136688646096796
2544.0,2396.0,896.0,1132.0,1380.0,1942.0,0.1341952681541443,0.1691751927137375,1,36.93814057806004,-1.2186994302007488
2561.0,2533.5,1638.0,1895.0,2115.0,2092.5,0.10067690908908844,-0.005347593687474728,1,36.9355354637361,-1.233521632388721
2525.0,1980.0,736.0,921.0,1015.0,2284.0,0.05011436715722084,0.38466203212738037,1,36.969401949947404,-1.2029789127286572
2563.0,1995.0,850.0,1086.0,1270.0,2519.0,0.008658008649945259,0.32963842153549194,1,36.97524099929418,-1.2212147129962834
2550.0,2201.0,920.0,1214.0,1384.0,1994.0,0.12235915660858154,0.1805802285671234,1,36.96212559614604,-1.203428070370717
2606.0,2114.0,600.0,846.0,982.0,2346.0,0.0525040403008461,0.40985578298568726,1,36.979642744186364,-1.2187892617291607
2694.0,2522.0,1390.0,1552.0,1728.0,2036.0,0.13911205530166626,0.08182784169912338,1,36.949908508282014,-1.2452895626106866
2397.0,1914.5,1158.0,1366.0,1349.0,2400.0,-0.0006253908504731953,0.28034141659736633,1,36.973983357896415,-1.2063925108083113
2386.0,1651.0,548.5,791.5,746.0,2610.0,-0.04483586922287941,0.5554231405258179,1,36.95143564426501,-1.201541608274066
2767.0,2583.0,897.0,1164.0,1322.0,2346.0,0.08233913779258728,0.2791711986064911,1,36.93885923028734,-1.2098959404163776
2566.0,2192.5,764.0,950.0,1130.0,1786.0,0.17922794818878174,0.22496570646762848,1,36.977756282089715,-1.221933365223579
2580.5,2428.0,930.0,1105.0,1756.0,2006.5,0.12513625621795654,0.06657807528972626,1,36.93993720862829,-1.2123213916835003
2925.5,2717.0,1054.0,1389.0,1481.0,2304.0,0.11884501576423645,0.2174372524023056,1,36.95736452514021,-1.2124112232119122
2719.0,2521.5,865.0,1138.0,1247.0,2514.5,0.03907518833875656,0.3369666337966919,1,36.965359531168865,-1.2055840270526037
2613.5,2044.5,606.0,861.0,843.0,2684.5,-0.013401283882558346,0.5220410823822021,1,36.97290537955547,-1.2045060487116603
2841.0,2590.0,1146.0,1340.0,1578.0,2021.0,0.16865487396717072,0.1230897456407547,1,36.97434268401006,-1.2198672400701043
2619.0,2349.0,944.0,1178.0,1512.0,2018.0,0.12960965931415558,0.1433427780866623,1,36.934637148451976,-1.2285808983260635
2483.0,2014.5,746.0,1058.0,1063.0,2809.0,-0.06160241737961769,0.45092976093292236,1,36.96086795474827,-1.2122315601550884
2989.0,2570.0,1604.0,1864.0,2036.0,2343.0,0.12115529179573059,0.07010733336210251,1,36.963922226714274,-1.2078298152629026
2594.0,2373.0,1040.0,1300.0,1481.0,2493.5,0.019754299893975258,0.25474902987480164,1,36.958442503481145,-1.2507692858438157
2522.0,2335.0,640.0,866.0,947.5,1743.5,0.1825108379125595,0.2958008050918579,1,36.965808688810924,-1.2008229560467703
2795.5,2066.5,638.0,905.0,911.5,2850.5,-0.009741409681737423,0.5154173374176025,1,36.971827401214526,-1.2242689849622899
2775.0,2407.0,1218.0,1228.0,1328.0,2007.0,0.16060225665569305,0.20359820127487183,1,36.93517613762245,-1.2199570715985162
2216.0,1607.0,592.0,834.0,869.0,2584.0,-0.07666666805744171,0.49666956067085266,1,36.94164400766811,-1.2061230162230756
2520.0,2340.0,1334.0,1566.0,1862.0,2090.0,0.09327548742294312,0.057692307978868484,1,36.94640507867395,-1.2460082148379823
2453.0,2212.0,835.0,1031.0,1583.0,1900.0,0.12703882157802582,0.09101349115371704,1,36.93571512679292,-1.2285808983260635
2398.0,1892.0,799.0,1021.0,1110.0,2180.0,0.0476190485060215,0.3252279758453369,1,36.940566029327165,-1.2158248212915663
2494.0,2224.0,851.0,1158.0,1484.0,1830.0,0.1535615175962448,0.10440555214881897,1,36.937062599719106,-1.2154654951779185
2934.0,2727.0,1852.0,1540.0,1394.0,1982.0,0.19365337491035461,0.1741706132888794,1,36.95080682356613,-1.244930236497039
2400.0,1955.0,810.0,1050.0,1192.0,1984.0,0.09489051252603531,0.249370276927948,1,36.93589478984975,-1.2151061690642708
2854.0,2566.0,1010.0,1120.0,1058.0,2512.0,0.06373462826013565,0.40728291869163513,1,36.939577882514634,-1.2103450980584374
2867.0,2833.0,1606.0,1760.0,2078.0,2370.0,0.0949016585946083,0.06564748287200928,1,36.952962780248015,-1.2460980463663942
2702.0,2047.0,866.0,1072.0,1206.0,2504.0,0.03803303837776184,0.34986522793769836,1,36.98503263589109,-1.231545338763658
3004.0,2730.0,1158.0,1470.0,1750.0,2630.0,0.06638267636299133,0.2009132355451584,1,36.96311374295857,-1.2084586359617864
1741.0,1191.0,667.0,956.0,871.0,2780.0,-0.22981640696525574,0.5228704214096069,1,36.951525475793424,-1.199924640762651
2860.0,2428.0,1118.0,1216.0,1044.0,1903.0,0.20092378556728363,0.2914828658103943,1,36.96688666715187,-1.2100756034732014
2621.0,2392.0,1119.0,1378.0,1567.0,2263.5,0.07319070398807526,0.1818300485610962,1,36.95853233500956,-1.2469065301221018
2540.0,2124.0,798.0,1048.0,1270.0,2040.0,0.10917030274868011,0.23262840509414673,1,36.971647738157706,-1.2093569512459057
2502.0,2017.0,859.0,1112.0,1082.0,2568.5,-0.013115077279508114,0.4072044789791107,1,36.95934081876527,-1.2504997912585798
2515.5,2008.5,739.0,985.5,1001.5,2707.0,-0.036668263375759125,0.4598894417285919,1,36.97425285248165,-1.2217537021667553
3044.0,2540.0,934.0,1080.0,1320.0,2499.0,0.09832220524549484,0.30871954560279846,1,36.95556789457196,-1.2493319813892245
2778.5,2478.5,597.0,786.0,1301.0,2083.0,0.14306284487247467,0.23108747601509094,1,36.96598835186775,-1.199655146177415
3134.5,2942.0,2254.0,2433.0,2689.0,2871.0,0.04387644678354263,0.03273381292819977,1,36.97146807510088,-1.2273232569282961
2942.0,2676.0,1374.0,1628.0,1814.0,2057.0,0.1770354062318802,0.06277447938919067,1,36.96715616173711,-1.2063925108083113
2742.5,2366.5,712.0,921.5,1112.0,2214.5,0.1065160408616066,0.3314294219017029,1,36.96455104741316,-1.2039670595411887
2895.0,2560.0,955.0,1246.0,1228.0,2380.0,0.0976303294301033,0.3192904591560364,1,36.97030026523152,-1.2136688646096796
3355.0,2839.0,906.0,1164.0,1302.0,2521.0,0.14193329215049744,0.3188595473766327,1,36.97515116776577,-1.2204960607689879
2914.0,2539.0,1242.0,1454.0,1629.0,2076.0,0.16793587803840637,0.12064777314662933,1,36.9821580269819,-1.2323538225193655
2510.0,2249.0,772.0,1072.0,1386.0,2128.0,0.0823630839586258,0.21115538477897644,1,36.95260345413437,-1.2102552665300252
2548.0,2224.0,1000.0,1304.0,1592.0,2059.0,0.10614282637834549,0.12791016697883606,1,36.95305261177643,-1.210614592643673
2807.0,2511.0,860.0,1124.0,1302.0,2590.0,0.040207523852586746,0.3309352397918701,1,36.95664587291291,-1.2013619452172422
2402.0,1990.5,617.5,886.5,839.0,2864.0,-0.08773262798786163,0.5468538999557495,1,36.93382866469627,-1.2308266865363624
2664.0,2391.0,880.0,1192.0,1636.0,2364.0,0.05966586992144585,0.18199999630451202,1,36.95574755762879,-1.2040568910696006
2345.0,2119.0,646.0,778.0,1184.0,1729.0,0.1512027531862259,0.1870923489332199,1,36.970390096759935,-1.2214842075815193
2523.0,1999.0,728.0,1040.0,1184.0,2691.0,-0.03222094476222992,0.3889032304286957,1,36.94074569238399,-1.2172621257461576
2687.0,2115.5,753.5,995.0,1014.0,2328.0,0.07158524543046951,0.39317774772644043,1,36.96571885728252,-1.2062128477514875
2910.5,2300.5,738.0,1076.0,1284.0,2655.0,0.045907825231552124,0.34805789589881897,1,36.96598835186775,-1.2019907659161257
2945.5,2179.0,936.5,1299.0,1546.0,2758.5,0.03278401121497154,0.28168195486068726,1,36.977576619032895,-1.2104349295868493
2391.0,2063.0,986.0,1290.0,1478.0,2252.0,0.029937541112303734,0.2075067013502121,1,36.95898149265162,-1.2045060487116603
2928.0,2424.0,692.0,1024.0,1058.0,3180.0,-0.04125736653804779,0.5007078647613525,1,36.93589478984975,-1.2195079139564564
2556.0,2244.0,634.0,882.0,1022.0,2462.0,0.01873256266117096,0.41331803798675537,1,36.93903889334417,-1.231725001820482
2563.5,2107.5,657.0,932.5,991.5,2555.5,0.0015628052642568946,0.44093599915504456,1,36.96886296077693,-1.2064823423367232
2212.0,1592.0,529.0,792.0,780.0,2241.0,-0.006512463558465242,0.4836146831512451,1,36.94236265989541,-1.2098061088879655
2254.0,1715.0,648.0,900.0,1120.0,2427.0,-0.036957915872335434,0.3684804141521454,1,36.94514743727618,-1.2114230763993807
2909.0,2595.0,1348.0,1634.0,1790.0,2438.0,0.08808677643537521,0.15326395630836487,1,36.95916115570844,-1.2055840270526037
2904.0,2755.0,1314.0,1566.0,1816.0,2144.0,0.15055467188358307,0.08282828330993652,1,36.963922226714274,-1.2076501522060787
2917.0,2818.5,1061.0,1311.0,1771.0,2263.5,0.1261461228132248,0.12207213044166565,1,36.957813682782266,-1.2469963616505138
2362.0,1768.0,576.0,866.0,806.0,2700.0,-0.06677202880382538,0.5402167439460754,1,36.96383239518586,-1.2122315601550884
2726.0,2454.5,1111.0,1347.0,1724.0,2006.0,0.1521555334329605,0.07560321688652039,1,36.973264705669116,-1.2160044843483901
2874.0,2529.0,812.0,1116.0,1274.0,2476.0,0.07439251989126205,0.3205333352088928,1,36.973264705669116,-1.2227418489792867
2595.0,2157.0,910.0,1168.0,1202.0,2479.0,0.022861648350954056,0.3469165861606598,1,36.96275441684492,-1.2075603206776668
2405.0,1999.5,794.0,1041.0,1075.0,2471.0,-0.013535684905946255,0.3936830163002014,1,36.937960915003224,-1.2170824626893337
2319.0,1957.0,1158.0,1374.0,1544.0,2338.0,-0.004079879727214575,0.20453374087810516,1,36.937242262775925,-1.2155553267063306
2658.0,2648.0,1332.0,1488.0,1704.0,1800.0,0.1924629807472229,0.027397260069847107,1,36.95242379107754,-1.2489726552755767
2518.0,1877.0,608.0,905.0,938.0,2820.0,-0.05657549574971199,0.5007982850074768,1,36.96266458531651,-1.2001941353478867
2746.5,2458.5,1068.0,1261.0,1536.0,2056.0,0.14377927780151367,0.14476615190505981,1,36.963293406015396,-1.205314532467368
3395.0,3569.0,1156.0,1265.0,1437.0,1766.0,0.3156365156173706,0.10271620005369186,1,36.95143564426501,-1.2496913075028724
2545.0,2013.0,814.0,1055.0,1101.0,2357.0,0.038351692259311676,0.36321574449539185,1,36.96077812321986,-1.2101654350016133
2507.0,1798.5,529.5,788.5,861.0,2810.0,-0.05698702111840248,0.5309180021286011,1,36.94469827963412,-1.2041467225980125
2402.5,1901.0,811.5,1077.0,1156.0,2359.5,0.009029819630086422,0.3423410654067993,1,36.976588472220364,-1.2066620053935473
3521.0,3371.0,1946.0,2238.0,2372.0,2491.0,0.1713240146636963,0.024470491334795952,1,36.95475941081626,-1.2498709705596962
2726.0,2489.5,1295.0,1478.0,1608.0,1972.0,0.16049382090568542,0.10167597979307175,1,36.97218672732818,-1.2266944362294125
2214.0,1719.0,619.0,936.0,1078.0,2668.0,-0.09299467504024506,0.4244527518749237,1,36.95574755762879,-1.199655146177415
2851.0,2769.5,1282.0,1482.0,1617.0,1770.0,0.23393204808235168,0.04517271742224693,1,36.9520644649639,-1.2482540030482812
2747.0,2160.0,696.0,1004.0,1136.0,2507.0,0.0456794835627079,0.3763381838798523,1,36.96877312924852,-1.2224723543940508
2686.0,2278.5,1100.0,1329.0,1544.0,2277.0,0.08240983635187149,0.19183459877967834,1,36.97425285248165,-1.2133993700244436
2604.0,2217.5,778.5,1052.0,1057.0,2555.0,0.00949796475470066,0.41472867131233215,1,36.95646620985608,-1.2040568910696006
2441.0,1859.0,516.0,760.0,836.0,2626.0,-0.03651075437664986,0.5170421600341797,1,36.95565772610038,-1.1998348092342388
2429.0,2048.0,601.0,882.0,938.0,2349.0,0.016743406653404236,0.4292668104171753,1,36.9588018295948,-1.2046857117684844
2659.5,2540.0,1224.0,1504.0,1745.0,1936.0,0.15743662416934967,0.05188807472586632,1,36.935804958321334,-1.233611463917133
2948.5,2777.0,1100.0,1306.0,1417.0,2095.5,0.16911181807518005,0.19316725432872772,1,36.961137449333506,-1.2085484674901983
2891.5,1987.0,616.5,902.0,930.5,2451.0,0.08245203644037247,0.4496525228023529,1,36.97784611361813,-1.2112434133425567
2782.0,2514.0,1144.0,1406.0,1576.0,2426.0,0.06835637241601944,0.21239380538463593,1,36.95978997640733,-1.2057636901094277
2407.0,1781.0,464.0,667.0,656.0,2485.0,-0.015944398939609528,0.5822986364364624,1,36.970210433703116,-1.2113332448709688
2213.0,1770.0,820.0,970.0,1004.0,2082.0,0.030500581488013268,0.3493195176124573,1,36.967066330208695,-1.2133993700244436
2346.0,1715.0,534.0,727.0,854.0,1766.0,0.1410505771636963,0.34809160232543945,1,36.947752551600125,-1.2112434133425567
2805.0,2410.0,1597.0,1735.0,1823.0,2520.5,0.05342221260070801,0.16058477759361267,1,36.97344436872594,-1.2211248814678715
3072.0,2788.0,794.0,1000.0,1506.0,2110.0,0.18564261496067047,0.16703540086746216,1,36.958711998066384,-1.2024399235581855
2645.0,2108.0,634.0,911.0,938.0,2424.0,0.043598342686891556,0.44199880957603455,1,36.96697649868028,-1.2149265060074468
2870.0,2490.0,1333.0,1685.0,1933.0,2583.0,0.05263157933950424,0.14393268525600433,1,36.96823414007805,-1.2123213916835003
2647.5,2164.5,668.0,968.0,999.0,2726.0,-0.014608727768063545,0.46362414956092834,1,36.95790351431067,-1.2472658562357497
2718.0,2241.0,732.0,968.0,1092.0,2592.0,0.023728813976049423,0.40716612339019775,1,36.96221542767445,-1.207200994564019
2608.0,2313.0,814.0,948.0,1400.0,2093.0,0.10955116152763367,0.19839678704738617,1,36.97047992828835,-1.2129502123823839
2701.0,2386.0,604.0,831.0,1098.0,1742.0,0.21584515273571014,0.22676056623458862,1,36.96086795474827,-1.2006432929899464
2408.5,2250.0,868.0,1050.0,1180.0,1519.5,0.22632382810115814,0.12576402723789215,1,36.938230409588456,-1.2117824025130286
2672.5,2475.5,1519.0,1661.0,1784.0,2131.5,0.11261449009180069,0.08874984085559845,1,36.94892036146948,-1.2477150138778093
2532.5,2417.0,1036.0,1272.0,1476.0,1955.5,0.12856505811214447,0.13973480463027954,1,36.9355354637361,-1.2342402846160165
2783.0,2520.5,846.5,1169.0,1143.0,2724.0,0.010713636875152588,0.4088440537452698,1,36.960598460163034,-1.2120518970982643
3188.5,2933.0,1196.0,1328.0,1864.0,2517.5,0.11759551614522934,0.1491498351097107,1,36.973713863311175,-1.2212147129962834
2477.5,2362.5,1196.0,1456.0,1687.0,1845.0,0.14632736146450043,0.044733863323926926,1,36.937960915003224,-1.2363064097694914
3042.5,3220.0,964.0,1102.0,1621.0,2025.5,0.20067088305950165,0.11092828959226608,1,36.96041879710621,-1.2041467225980125
2434.0,1985.5,739.5,1016.5,1140.0,2328.0,0.022259553894400597,0.3425605595111847,1,36.97703762986242,-1.2225621859224627
2449.5,2116.0,787.5,1026.0,1458.0,2163.0,0.062113821506500244,0.19469760358333588,1,36.967066330208695,-1.2118722340414405
3082.0,2800.0,827.0,1086.0,1578.0,2518.0,0.1007142886519432,0.2294921875,1,36.95862216653797,-1.2478048454062214
2641.5,2130.0,1478.0,1280.0,1251.0,2234.5,0.08347005397081375,0.282168984413147,1,36.96985110758946,-1.2066620053935473
2439.0,2307.0,896.0,1048.0,1056.0,1800.0,0.15074309706687927,0.26050421595573425,1,36.9430813121227,-1.2096264458311417
2696.0,2448.0,1366.0,1580.0,1736.0,2210.5,0.09895037114620209,0.12023311853408813,1,36.97793594514654,-1.2206757238258117
2533.0,2220.0,1062.0,1128.0,1202.0,2319.0,0.04410552233457565,0.3172394335269928,1,36.953950927060546,-1.250320128201756
2765.0,2561.0,984.0,1140.0,1238.0,2232.0,0.10666400194168091,0.28645533323287964,1,36.940835523912405,-1.2063925108083113
2999.0,2741.0,1044.0,1296.0,1400.0,2322.0,0.12723171710968018,0.2477162778377533,1,36.970839254401994,-1.2029789127286572
2258.0,1957.0,940.0,1250.0,1576.0,2668.0,-0.08323182910680771,0.25730443000793457,1,36.95260345413437,-1.1998348092342388
2596.0,2194.0,996.0,1240.0,1880.0,1960.0,0.1395961344242096,0.02083333395421505,1,36.9393083879294,-1.214477348365387
2485.0,2104.0,830.0,1020.0,1162.0,2156.0,0.0708898976445198,0.29957807064056396,1,36.93526596915086,-1.220316397712164
2820.0,2589.5,1211.0,1402.0,1619.0,2168.0,0.13071371614933014,0.1449696272611618,1,36.98125971169778,-1.2302876973658907
2621.0,2413.0,1206.0,1542.0,1888.0,2139.0,0.10126050561666489,0.06232927739620209,1,36.93832024111687,-1.233341969331897
2555.5,2311.5,1539.0,1870.0,2036.0,2283.0,0.05631910637021065,0.05718916282057762,1,36.957274693611794,-1.2115129079277926
2719.0,2425.0,700.5,930.5,1218.0,2270.0,0.08999799191951752,0.3016054928302765,1,36.94972884522519,-1.2007331245183583
2487.0,2363.0,1200.0,1426.0,1620.0,2032.0,0.10068599134683609,0.11281489580869675,1,36.955118736929904,-1.2474455192925735
2776.0,2737.0,1450.0,1650.0,1848.0,2094.0,0.1400410681962967,0.06240487098693848,1,36.94936951911154,-1.2478946769346333
2384.0,2243.0,936.0,1150.0,1290.0,1960.0,0.09760589152574539,0.20615383982658386,1,36.9535916009469,-1.2472658562357497
2688.0,2119.0,690.0,957.0,1192.0,2182.0,0.1039014384150505,0.29342028498649597,1,36.96832397160646,-1.2025297550865974
2656.0,2169.0,726.0,974.0,1194.0,2780.0,-0.022810891270637512,0.3990941047668457,1,36.96356290060063,-1.2081891413765504
2430.0,1842.0,510.0,737.0,728.0,2261.0,0.03602643311023712,0.5128805637359619,1,36.97649864069195,-1.2151960005926827
2469.0,2227.0,1154.0,1449.0,1699.0,2040.0,0.09514304995536804,0.09120085835456848,1,36.93697276819069,-1.212680717797148
3030.5,2790.5,981.0,1213.0,1322.0,2496.0,0.09671582281589508,0.30749082565307617,1,36.976588472220364,-1.222202859808815
2627.5,2342.5,1101.0,1361.0,1477.0,2020.0,0.13071544468402863,0.15527595579624176,1,36.973893526368,-1.206841668450371
2771.0,2398.0,686.0,1007.0,1086.0,2332.0,0.08602782338857651,0.3645406663417816,1,36.97245622191341,-1.216633305047274
2860.0,2472.5,822.5,1101.0,1218.0,2588.0,0.049926578998565674,0.3599579632282257,1,36.96688666715187,-1.2043263856548365
2744.0,2160.0,965.0,1228.0,1416.0,2298.0,0.08845695853233337,0.2374798059463501,1,36.96958161300423,-1.2037873964843648
2178.5,1712.0,767.0,976.5,849.0,2674.0,-0.10211231559515,0.5180243849754333,1,36.93598462137816,-1.2141180222517394
2413.0,1873.0,575.0,805.0,762.0,2446.0,-0.006791520863771439,0.524937629699707,1,36.94164400766811,-1.208997625132258
2032.5,1632.5,582.5,765.5,860.0,1951.0,0.02045939490199089,0.38811811804771423,1,36.947303393958066,-1.2060331846946635
2144.0,1630.5,580.0,801.0,894.0,2528.5,-0.08228999376296997,0.47757488489151,1,36.951076318151365,-1.2001941353478867
2969.5,2439.0,828.0,1094.0,1124.0,2600.5,0.06624775379896164,0.39642906188964844,1,36.97784611361813,-1.210973918757321
2771.0,2530.0,982.0,1228.0,1434.0,2432.0,0.06515471637248993,0.2581479549407959,1,36.95529839998673,-1.2471760247073376
2906.0,2801.0,998.0,1190.0,1466.0,2286.0,0.11941448599100113,0.21855010092258453,1,36.94065586085558,-1.2064823423367232
2720.0,2572.0,1318.0,1607.0,1764.0,2273.0,0.08952533453702927,0.12608373165130615,1,36.9603289655778,-1.2066620053935473
2522.0,2124.0,674.0,930.0,988.0,2710.5,-0.03602484613656998,0.46572935581207275,1,36.972725716498644,-1.210704424172085
2716.0,2300.0,628.0,776.0,1036.0,1609.0,0.25595375895500183,0.21663516759872437,1,36.96356290060063,-1.2001043038194747
2800.0,2617.0,1038.0,1266.0,1538.0,2676.0,0.022644266486167908,0.2700521945953369,1,36.93903889334417,-1.2160044843483901
2485.0,2200.0,912.0,1124.0,1074.0,2046.0,0.09688810259103775,0.3115384578704834,1,36.967515487850754,-1.2150163375358587
2647.5,2261.0,1085.0,1326.0,1350.0,2243.0,0.08271137624979019,0.2485388219356537,1,36.95853233500956,-1.2115129079277926
2488.5,2370.5,1028.0,1267.0,1587.0,1793.5,0.16230733692646027,0.06108563765883446,1,36.93787108347481,-1.2363962412979035
2539.0,2086.0,1298.0,1542.0,1598.0,2244.0,0.06167677044868469,0.16814158856868744,1,36.93589478984975,-1.2170824626893337
2864.0,2630.0,996.0,1222.0,1406.0,2101.0,0.15367573499679565,0.1981750726699829,1,36.97479184165212,-1.2195079139564564
2957.0,2530.0,1118.0,1372.0,1638.0,2482.0,0.08733223378658295,0.20485436916351318,1,36.965629025754104,-1.214567179893799
2700.0,2317.0,640.0,880.0,1014.0,2346.0,0.0701545774936676,0.39642858505249023,1,36.97937324960113,-1.2177112833882173
2622.0,2247.0,665.5,949.5,1051.0,2774.0,-0.028169013559818268,0.45045751333236694,1,36.972276558856585,-1.2264249416441768
2865.0,2647.5,1210.0,1436.0,1665.0,2026.0,0.1715395599603653,0.09780547022819519,1,36.96482054199839,-1.214567179893799
2392.0,2182.0,1410.0,1656.0,1868.0,2014.0,0.08579210191965103,0.03760948032140732,1,36.94047619779876,-1.231455507235246
2500.0,1976.5,1007.5,1238.0,1383.0,2291.0,0.043623462319374084,0.24714207649230957,1,36.94514743727618,-1.2054941955241918
2572.0,2080.0,670.0,986.0,1060.0,2752.0,-0.03380916640162468,0.4438614845275879,1,36.94074569238399,-1.2300182027806548
2653.0,2217.0,802.0,1052.0,1180.0,2425.0,0.04489956796169281,0.3453536629676819,1,36.968503634663286,-1.203338238842305
2611.0,2259.0,954.0,1182.0,1432.0,2062.0,0.11748341470956802,0.18030910193920135,1,36.94945935063995,-1.2114230763993807
2611.0,2214.0,828.0,1163.0,1342.0,2379.5,0.046388138085603714,0.27878543734550476,1,36.957005199026554,-1.2036077334275408
2640.0,2117.5,868.0,923.5,1094.0,2455.5,0.03620842099189758,0.3835751414299011,1,36.97317487414071,-1.2249876371895854
2645.5,2119.5,582.0,846.0,799.5,2705.0,-0.011120456270873547,0.5437294840812683,1,36.958891661123204,-1.2113332448709688
2671.0,1982.0,672.0,957.0,1008.0,2483.0,0.03647652268409729,0.42251503467559814,1,36.9543102531742,-1.2099857719447895
2743.0,2404.0,1604.0,1674.0,1714.0,2522.0,0.04197530820965767,0.1907459795475006,1,36.97344436872594,-1.2226520174508748
3541.0,3377.5,1063.0,937.0,1053.0,1764.0,0.3349670171737671,0.2523961663246155,1,36.965808688810924,-1.2150163375358587
2890.0,2900.0,1520.0,1656.0,1864.0,1937.0,0.19743111729621887,0.019205471500754356,1,36.952962780248015,-1.2491523183324007
3119.0,3142.0,1190.0,1376.0,1718.0,2110.0,0.19296231865882874,0.10240334272384644,1,36.96167643850398,-1.2055840270526037
2415.0,2027.0,742.0,948.0,990.0,2080.0,0.07452725619077682,0.35504886507987976,1,36.97155790662929,-1.2075603206776668
2179.0,1622.5,574.0,820.0,845.0,2465.0,-0.06158484145998955,0.48942598700523376,1,36.953950927060546,-1.2001941353478867
2641.0,2091.0,879.0,1108.0,1158.0,2755.0,-0.0211267601698637,0.4081267714500427,1,36.93418799080992,-1.2284910667976516
2999.0,2619.0,987.0,1324.0,1542.0,2558.0,0.07935936748981476,0.24780488014221191,1,36.937062599719106,-1.2197774085416921
2596.0,2331.0,1294.0,1616.0,1620.0,2462.0,0.026492685079574585,0.2062714397907257,1,36.93643377902022,-1.2156451582347425
2590.5,1949.0,723.0,1035.0,1074.0,2712.5,-0.02300584502518177,0.4327215254306793,1,36.971827401214526,-1.2100756034732014
2183.0,1471.0,505.0,758.0,689.0,2713.0,-0.10825163125991821,0.594944179058075,1,36.951345812736605,-1.2001043038194747
2441.0,1993.0,630.0,886.0,984.0,2242.0,0.04249412938952446,0.38995659351348877,1,36.980630890998896,-1.2305571919511265
2442.0,1682.0,730.5,1026.0,1004.5,2119.0,0.07081780582666397,0.3568112552165985,1,36.9783851027886,-1.208907793603846
2660.0,2146.0,676.0,975.0,1144.0,2378.0,0.05597459152340889,0.35036909580230713,1,36.936074452906574,-1.220226566183752
2806.5,2520.0,888.5,1140.0,1263.0,2422.0,0.07353925704956055,0.3145183026790619,1,36.972725716498644,-1.214477348365387
2541.5,2300.5,823.0,1034.0,1290.0,1749.0,0.18471041321754456,0.15103653073310852,1,36.96544936269728,-1.2010026191035943
2223.0,1813.0,678.0,928.0,1010.0,2164.0,0.013448826037347317,0.3635790944099426,1,36.941823670724936,-1.2064823423367232
2560.5,2036.0,980.0,1117.0,1095.0,2522.0,0.007575012277811766,0.3945258557796478,1,36.97344436872594,-1.208997625132258
2981.5,2623.5,1172.0,1433.0,1569.0,2587.5,0.07074879109859467,0.24503789842128754,1,36.97488167318053,-1.2173519572745695
2688.0,2438.0,935.0,1254.0,1520.0,2333.0,0.07070304453372955,0.21100440621376038,1,36.933649001639445,-1.2286707298544755
2753.0,2352.0,1278.0,1590.0,1744.0,2688.0,0.011946333572268486,0.21299639344215393,1,36.96086795474827,-1.2035179018991289
2195.5,1654.5,578.5,789.0,836.0,2228.0,-0.007347123231738806,0.45430809259414673,1,36.94137451308288,-1.2254367948316451
2686.0,2349.0,770.0,965.0,1418.0,2380.0,0.06040268391370773,0.25329121947288513,1,36.97155790662929,-1.2208553868826357
