{
"type": "FeatureCollection",
"name": "gatharaini_riparian_buffer",
"crs": { "type": "name", "properties": { "name": "urn:ogc:def:crs:OGC:1.3:CRS84" } },
"features": [
{ "type": "Feature", "properties": { }, "geometry": { "type": "Polygon", "coordinates": [ [ [ 36.954365591800752, -1.262288006639016 ], [ 36.954371319302595, -1.262280663271286 ], [ 36.95467941916246, -1.261892563357665 ], [ 36.954715906643656, -1.261851127990802 ], [ 36.955038906489612, -1.261520028040882 ], [ 36.955043612241241, -1.261515263650678 ], [ 36.955184405171401, -1.261374470675368 ], [ 36.955265323789256, -1.261281139538299 ], [ 36.955311497338492, -1.261209001918593 ], [ 36.95534189521991, -1.261166218936559 ], [ 36.955376266655534, -1.261126599918545 ], [ 36.955394409588273, -1.26110762786773 ], [ 36.955492453544416, -1.260981631280144 ], [ 36.955586221099168, -1.260858385875597 ], [ 36.955664783368938, -1.260748825112991 ], [ 36.955695252838268, -1.260698155095064 ], [ 36.95570551819835, -1.260659749529668 ], [ 36.955715387749159, -1.260611102018063 ], [ 36.955709246633354, -1.26054998925491 ], [ 36.955706516403261, -1.260497868266633 ], [ 36.955708775305318, -1.260445724431208 ], [ 36.955732575342253, -1.260185224522968 ], [ 36.955738612737704, -1.260140052796003 ], [ 36.955748396233972, -1.260095550591834 ], [ 36.955773718039524, -1.259999661695386 ], [ 36.955771238417249, -1.259915557722883 ], [ 36.955741366900412, -1.259830217558218 ], [ 36.955674368565965, -1.259653611724155 ], [ 36.955659170932172, -1.259607437825171 ], [ 36.955648143674331, -1.259560079389662 ], [ 36.955641375446874, -1.259511917160496 ], [ 36.955638920663333, -1.259463338342614 ], [ 36.955637420716357, -1.259210438427748 ], [ 36.955639819538931, -1.25915597331667 ], [ 36.955652419557588, -1.259022273363799 ], [ 36.955658580728276, -1.258977147620596 ], [ 36.955677480736348, -1.2588717476583 ], [ 36.955681794236234, -1.258850199751915 ], [ 36.955718494243669, -1.258684299811238 ], [ 36.955730943952666, -1.258637841130612 ], [ 36.955776143948761, -1.258494741180825 ], [ 36.955795408414062, -1.258443029794621 ], [ 36.955819796684956, -1.258393557729561 ], [ 36.955923196646793, -1.258208157785375 ], [ 36.955952323156801, -1.258161627728724 ], [ 36.955985980547574, -1.258118304830472 ], [ 36.956023822923171, -1.258078634318971 ], [ 36.956065461378756, -1.258043023887156 ], [ 36.956110467997291, -1.258011839502726 ], [ 36.95615838024721, -1.257985401647039 ], [ 36.956208705735861, -1.257963982021654 ], [ 36.95626092726976, -1.257947800755952 ], [ 36.956314508169754, -1.25793702414484 ], [ 36.956368897786447, -1.257931762939857 ], [ 36.956397543398204, -1.257930461635955 ], [ 36.956386471285299, -1.257907498420517 ], [ 36.956367816575124, -1.25785624618032 ], [ 36.956346655723557, -1.257787596370995 ], [ 36.956315240667365, -1.257724766212779 ], [ 36.956294771686906, -1.25767858536989 ], [ 36.956278663939642, -1.257630686849053 ], [ 36.956267057384629, -1.257581486838235 ], [ 36.956260052870299, -1.257531412833899 ], [ 36.956257711258189, -1.257480899926565 ], [ 36.956257711272151, -1.257416641480993 ], [ 36.956246053050187, -1.257334692904304 ], [ 36.956243625676791, -1.257315093641112 ], [ 36.956235466196894, -1.257237768144452 ], [ 36.956220514624206, -1.257204143402512 ], [ 36.956192305277696, -1.257161829354958 ], [ 36.956131869894051, -1.257088024648762 ], [ 36.956121529769028, -1.257074994089761 ], [ 36.95603572982214, -1.25696339408788 ], [ 36.956010513893027, -1.256927707646246 ], [ 36.955988239895255, -1.25689009043441 ], [ 36.955928139945144, -1.256778590446984 ], [ 36.955904554832053, -1.256728990095164 ], [ 36.955886079653908, -1.256677241465106 ], [ 36.95587290423191, -1.256623876243935 ], [ 36.955865163935371, -1.256569442728182 ], [ 36.955862938290899, -1.25651450019041 ], [ 36.955866250165315, -1.256459613133075 ], [ 36.955875065530748, -1.256405345488557 ], [ 36.955896320467104, -1.256306320614717 ], [ 36.955900710349603, -1.256273281016867 ], [ 36.955874033697, -1.256202160483167 ], [ 36.955824738147491, -1.256078969366205 ], [ 36.955806905736971, -1.256026929742069 ], [ 36.95579440490669, -1.255973339127812 ], [ 36.955787364373627, -1.255918749330483 ], [ 36.955785856631678, -1.255863722445329 ], [ 36.955789897205257, -1.25580882506814 ], [ 36.955806997221288, -1.255671525116905 ], [ 36.955815370795392, -1.255622574230907 ], [ 36.955828157698654, -1.255574599402536 ], [ 36.955875694825274, -1.255424142131535 ], [ 36.955902289785975, -1.255323266873678 ], [ 36.955907174138893, -1.255254253999292 ], [ 36.955913306548389, -1.255202647322552 ], [ 36.955924317572794, -1.25515186816355 ], [ 36.955952808056317, -1.25504527735926 ], [ 36.955938319749329, -1.255031779862753 ], [ 36.955903736172701, -1.254992687477712 ], [ 36.95587305680052, -1.25495042242358 ], [ 36.955846567251797, -1.25490537818059 ], [ 36.955831464289169, -1.254872913737629 ], [ 36.955780871901439, -1.254861100339943 ], [ 36.955730757069922, -1.254844039656086 ], [ 36.955682545414099, -1.254822116198663 ], [ 36.955636701415642, -1.254795541183609 ], [ 36.955593666745585, -1.254764570640973 ], [ 36.955553856009146, -1.254729502948157 ], [ 36.955517652751389, -1.254690675955374 ], [ 36.955485405762047, -1.254648463730672 ], [ 36.955457425715224, -1.254603272956055 ], [ 36.955433982176352, -1.254555539009448 ], [ 36.955415301005118, -1.254505721770157 ], [ 36.955401562179496, -1.254454301188289 ], [ 36.955392898061902, -1.254401772660848 ], [ 36.955389392123884, -1.254348642258936 ], [ 36.95538169280789, -1.253898720235632 ], [ 36.95537011999356, -1.253599394586246 ], [ 36.955371614218464, -1.253532767500184 ], [ 36.955397314263344, -1.253225667608062 ], [ 36.955400703911309, -1.25319537075752 ], [ 36.955442827690632, -1.252895034079401 ], [ 36.955439225447527, -1.252889478350425 ], [ 36.955411803781068, -1.252842118701428 ], [ 36.955389270535086, -1.252792215599111 ], [ 36.955371855769229, -1.252740278544649 ], [ 36.95535973728439, -1.252686837805419 ], [ 36.955353038807516, -1.252632439001024 ], [ 36.955351828728347, -1.252577637532679 ], [ 36.955356119401202, -1.252522992912656 ], [ 36.955365867018848, -1.252469063051828 ], [ 36.955380972059807, -1.252416398563509 ], [ 36.955401280304393, -1.252365537141791 ], [ 36.955408996099351, -1.252348722532684 ], [ 36.955386477799877, -1.252301653181587 ], [ 36.955383693206493, -1.252295017978454 ], [ 36.955380443905696, -1.252288600394913 ], [ 36.955373407425611, -1.252270508746712 ], [ 36.955365896451418, -1.252252611398368 ], [ 36.955363771432786, -1.252245733434864 ], [ 36.95536116275165, -1.252239026197862 ], [ 36.955355922000813, -1.252220327490408 ], [ 36.955350190118885, -1.252201775336564 ], [ 36.955348745140007, -1.252194720851179 ], [ 36.95534680220149, -1.252187788555053 ], [ 36.955343407651014, -1.252168662867053 ], [ 36.955339510062281, -1.252149634574907 ], [ 36.95533875903903, -1.252142471506101 ], [ 36.95533750055462, -1.252135380912619 ], [ 36.955335984895704, -1.252116012434783 ], [ 36.955333959135913, -1.252096691257024 ], [ 36.955333909300997, -1.252089488589033 ], [ 36.955333347390521, -1.252082307984403 ], [ 36.955333725219617, -1.252062883245466 ], [ 36.955333590797814, -1.252043455255515 ], [ 36.955334242631125, -1.252036282353936 ], [ 36.955334382706042, -1.252029080891222 ], [ 36.955336650384346, -1.252009786961899 ], [ 36.955338408594962, -1.251990439261674 ], [ 36.955339755818954, -1.251983365205366 ], [ 36.955340596530228, -1.251976212238538 ], [ 36.955362096541073, -1.251847712284458 ], [ 36.955367464945347, -1.251823078437965 ], [ 36.955372706876126, -1.251798417014383 ], [ 36.955373130506757, -1.251797081032322 ], [ 36.955373429026267, -1.251795711224012 ], [ 36.955381170534949, -1.251771725609081 ], [ 36.955388788864411, -1.251747700073659 ], [ 36.955447628395092, -1.251589414861726 ], [ 36.955488788919894, -1.251475537428858 ], [ 36.955494646172717, -1.251460070964715 ], [ 36.955533946163889, -1.2513608709983 ], [ 36.955553591707556, -1.251317036596742 ], [ 36.955577016803211, -1.251275125438132 ], [ 36.955604037386806, -1.251235466841893 ], [ 36.955634441142614, -1.251198372427786 ], [ 36.95574014109291, -1.251080472449234 ], [ 36.955776816045415, -1.251043336383387 ], [ 36.955816877250584, -1.251009932006589 ], [ 36.955859951494645, -1.250980570517387 ], [ 36.955905637494055, -1.250955525450522 ], [ 36.955953509633922, -1.250935030128539 ], [ 36.956128309563866, -1.250870030092687 ], [ 36.956156244859571, -1.250860508103004 ], [ 36.956392044770695, -1.250787308047815 ], [ 36.956416231613289, -1.250780417057668 ], [ 36.956619531541179, -1.250727617005515 ], [ 36.95667653510143, -1.250716072501713 ], [ 36.956734442539272, -1.250710775670413 ], [ 36.956792579920261, -1.250711788157503 ], [ 36.956850270633694, -1.250719098180235 ], [ 36.956976970624154, -1.250742198134667 ], [ 36.957000099108775, -1.250746943600074 ], [ 36.957173599101679, -1.250786543537735 ], [ 36.957219095356088, -1.250799057402624 ], [ 36.957263330498598, -1.250815526566399 ], [ 36.957305965809368, -1.25083582492081 ], [ 36.957374714443134, -1.250872342517731 ], [ 36.957517177708333, -1.250907985659397 ], [ 36.957676823374463, -1.250913988992082 ], [ 36.957723131138998, -1.250917746990905 ], [ 36.957768945350637, -1.250925504723676 ], [ 36.958128808046631, -1.251002624485392 ], [ 36.958597484110093, -1.251032602618498 ], [ 36.958640988708041, -1.251037175343798 ], [ 36.958907248184588, -1.251076210342872 ], [ 36.959136599881482, -1.251076210263281 ], [ 36.959200643963435, -1.251080053516689 ], [ 36.959263780608268, -1.251091528872465 ], [ 36.959337287401574, -1.251109493602563 ], [ 36.959403033263847, -1.251097889970061 ], [ 36.959567481490915, -1.250997434344506 ], [ 36.959751033070731, -1.250833613454915 ], [ 36.959649830292186, -1.25058388564281 ], [ 36.959647010598587, -1.25057678507717 ], [ 36.959507537732577, -1.250218252273824 ], [ 36.959356071398936, -1.249859634606957 ], [ 36.959343702650109, -1.249827561261477 ], [ 36.958880203168377, -1.248502561542103 ], [ 36.958873834960059, -1.24848320275405 ], [ 36.958713232750959, -1.247962377074239 ], [ 36.958472810337824, -1.247351626080464 ], [ 36.958466298356349, -1.247334217764269 ], [ 36.958129102502376, -1.246383692379917 ], [ 36.957987007714962, -1.245985966418088 ], [ 36.957983228638653, -1.245975023116008 ], [ 36.957952988119246, -1.245884342778008 ], [ 36.957788498829736, -1.245961879748069 ], [ 36.957739264123674, -1.245982169758863 ], [ 36.957688281852711, -1.245997475482144 ], [ 36.957636048743709, -1.246007647792813 ], [ 36.957583073710545, -1.246012587581247 ], [ 36.95752987289567, -1.246012246718989 ], [ 36.957198672840619, -1.245993646603244 ], [ 36.957147918337327, -1.245988361496507 ], [ 36.957097887822258, -1.245978269383794 ], [ 36.95704902968145, -1.245963460713606 ], [ 36.957001781793764, -1.245944068205427 ], [ 36.956956567606454, -1.245920265660196 ], [ 36.956578624769271, -1.245697760342527 ], [ 36.956068606191899, -1.245507756838125 ], [ 36.956016353063234, -1.245485065935173 ], [ 36.955966768241751, -1.24545695624026 ], [ 36.955920404512028, -1.245423741128323 ], [ 36.955613736861999, -1.245178497447361 ], [ 36.95547968832787, -1.245101099757159 ], [ 36.955420250901824, -1.2450984806871 ], [ 36.955059187083215, -1.245323327753528 ], [ 36.955011571191619, -1.245349734666291 ], [ 36.954961554514753, -1.245371179333068 ], [ 36.954909645926037, -1.245387443574744 ], [ 36.954856373547322, -1.24539836191826 ], [ 36.954754773516939, -1.245413861887936 ], [ 36.954708094863179, -1.245418901776555 ], [ 36.954661157544784, -1.245419834226512 ], [ 36.95461431766001, -1.245416652164004 ], [ 36.954517117647754, -1.24540575212936 ], [ 36.954472648951821, -1.245398863613721 ], [ 36.95442890600544, -1.245388266168448 ], [ 36.95415000600677, -1.245308166069152 ], [ 36.954099358211678, -1.245290841626159 ], [ 36.954050666052872, -1.245268549427768 ], [ 36.954004409147089, -1.24524150905222 ], [ 36.953961043123755, -1.24520998684717 ], [ 36.953920995137054, -1.2451742933061 ], [ 36.953886272300018, -1.245136533689452 ], [ 36.953859803170062, -1.245171344228886 ], [ 36.953826415697471, -1.245207804117135 ], [ 36.95378986018239, -1.245241043427066 ], [ 36.95375044201711, -1.245270784470976 ], [ 36.95370849050903, -1.245296778786424 ], [ 36.953578890450459, -1.245369078772395 ], [ 36.953530253732346, -1.24539307944753 ], [ 36.953479469178014, -1.245412045397172 ], [ 36.953427049720233, -1.245425785062479 ], [ 36.953373524804519, -1.245434159671043 ], [ 36.953319435041635, -1.245437084638434 ], [ 36.95327801489146, -1.245435129374419 ], [ 36.953257315817048, -1.245462682710718 ], [ 36.953225933340555, -1.245497234885437 ], [ 36.953220522600816, -1.245509397286524 ], [ 36.953198389452908, -1.245553619068221 ], [ 36.953172342366706, -1.245595625408386 ], [ 36.953071442323434, -1.245742925446716 ], [ 36.953037861053147, -1.245786947631099 ], [ 36.952911060994175, -1.245936647661141 ], [ 36.952877978876742, -1.245972321328565 ], [ 36.952841845577431, -1.246004858507379 ], [ 36.952802953473743, -1.246033995918874 ], [ 36.952738053443156, -1.246078195916291 ], [ 36.952693423499511, -1.246105514949752 ], [ 36.952646375716668, -1.246128357394685 ], [ 36.952597351989496, -1.246146508704581 ], [ 36.952546812771836, -1.246159798394318 ], [ 36.952461212743529, -1.246177898370606 ], [ 36.95241394330597, -1.246185704228519 ], [ 36.952366171974703, -1.246189255140669 ], [ 36.952318276070876, -1.246188523060645 ], [ 36.952270633899559, -1.246183513771129 ], [ 36.952223621761597, -1.246174266838304 ], [ 36.95210292175819, -1.246144866794937 ], [ 36.952047168989935, -1.246128031741319 ], [ 36.95199354507546, -1.246105243548649 ], [ 36.951942675427617, -1.246076767995092 ], [ 36.951895153336203, -1.246042937190175 ], [ 36.951778628300993, -1.245950089982441 ], [ 36.95175984165364, -1.245936317000371 ], [ 36.951734890305033, -1.245981448397464 ], [ 36.951702887016395, -1.246027409450595 ], [ 36.951666336981965, -1.246069796473034 ], [ 36.951582236941874, -1.246157696486857 ], [ 36.951546187523441, -1.246192056720116 ], [ 36.951507149720833, -1.246222932444508 ], [ 36.951367549654485, -1.246323232441919 ], [ 36.951303511165285, -1.246362768284852 ], [ 36.951245749015001, -1.246393069194469 ], [ 36.951268841695587, -1.246410245584091 ], [ 36.951309532426272, -1.24644753381455 ], [ 36.951346233512183, -1.246488803706666 ], [ 36.951371224299663, -1.246523451409401 ], [ 36.951527326670181, -1.24663816594823 ], [ 36.951567636188123, -1.246670888528802 ], [ 36.951604639512638, -1.24670735373661 ], [ 36.951637995040763, -1.246747224937014 ], [ 36.951801895143639, -1.246963424934956 ], [ 36.951831307049517, -1.247006353670646 ], [ 36.951856487967447, -1.247051926355196 ], [ 36.95187720522916, -1.247099721904123 ], [ 36.951893267409922, -1.247149298693941 ], [ 36.951904526097209, -1.247200198642703 ], [ 36.95191087726208, -1.247251951442615 ], [ 36.951912262220382, -1.247304078905593 ], [ 36.951908668174994, -1.247356099381714 ], [ 36.95190012833411, -1.247407532209556 ], [ 36.951886721604367, -1.247457902157463 ], [ 36.951868571861802, -1.247506743814668 ], [ 36.951773371836588, -1.247729643888906 ], [ 36.951749603606878, -1.247778409032919 ], [ 36.951721109470135, -1.247824537462896 ], [ 36.951688175085465, -1.247867566732773 ], [ 36.951651130626296, -1.247907065466284 ], [ 36.9516103474704, -1.247942637681453 ], [ 36.951566234476672, -1.247973926760493 ], [ 36.951488134440289, -1.248023626755438 ], [ 36.951445497896593, -1.248048097936969 ], [ 36.951400826395528, -1.248068563864419 ], [ 36.951354490375159, -1.248084854824635 ], [ 36.9512454903345, -1.248117654798551 ], [ 36.951198017991985, -1.248129606391716 ], [ 36.951149664328206, -1.24813717513831 ], [ 36.951100827921785, -1.248140298649672 ], [ 36.951051911330495, -1.248138951179159 ], [ 36.951003317773029, -1.248133143834355 ], [ 36.950685517745526, -1.24808034371989 ], [ 36.950641541647464, -1.248071127967597 ], [ 36.950598480694779, -1.248058258626275 ], [ 36.950447604594629, -1.248006189065124 ], [ 36.950258381999085, -1.247973928900334 ], [ 36.9500388085821, -1.248000738491334 ], [ 36.949989644467017, -1.248004455133415 ], [ 36.949940348615002, -1.248003634547358 ], [ 36.949758748585623, -1.247992234483497 ], [ 36.949700793050596, -1.247985411047335 ], [ 36.949643910010238, -1.247972321796833 ], [ 36.949588766152239, -1.247953120142997 ], [ 36.949579921342767, -1.2479489140336 ], [ 36.949564241342898, -1.247957178576069 ], [ 36.949516016896716, -1.247979621337375 ], [ 36.949465831422081, -1.247997176301354 ], [ 36.949414172565497, -1.248009672888919 ], [ 36.949361542290028, -1.248016989672752 ], [ 36.949201542248062, -1.248031189621654 ], [ 36.949144232603764, -1.248033193581563 ], [ 36.949087035788516, -1.248029057919247 ], [ 36.949030599241645, -1.248018829448986 ], [ 36.948975561796459, -1.248002623952557 ], [ 36.948922546449005, -1.247980624868695 ], [ 36.948802946466721, -1.24792332482978 ], [ 36.948753025444788, -1.247896072645543 ], [ 36.948706230522276, -1.247863684890314 ], [ 36.948639630545358, -1.247812184874714 ], [ 36.94860013821031, -1.247778490533391 ], [ 36.948564039964545, -1.247741137962745 ], [ 36.948531668869101, -1.247700471797524 ], [ 36.948503323596299, -1.247656867245287 ], [ 36.948479265674067, -1.247610726624677 ], [ 36.948466986536133, -1.247584146946199 ], [ 36.94837743942184, -1.24747361661784 ], [ 36.948254066465644, -1.247395677173474 ], [ 36.948203885210297, -1.247359799002791 ], [ 36.948158095492708, -1.247318396130253 ], [ 36.948102406937551, -1.247261935978703 ], [ 36.948049746147717, -1.247257723798586 ], [ 36.947973763486218, -1.247247742471687 ], [ 36.94796263346543, -1.247256802445776 ], [ 36.947924541758148, -1.247285116833747 ], [ 36.947899310951179, -1.247300624697167 ], [ 36.947858885221201, -1.247378139606763 ], [ 36.947802649101469, -1.247550052332719 ], [ 36.947788430841889, -1.247588546518348 ], [ 36.947771360058866, -1.247625847804372 ], [ 36.94761676000671, -1.247932547901205 ], [ 36.947583954685882, -1.247988931100527 ], [ 36.947424554618394, -1.248228531164612 ], [ 36.947393050249595, -1.248271204324831 ], [ 36.947357547117093, -1.248310568752024 ], [ 36.947318386204842, -1.248346246377403 ], [ 36.947275943627396, -1.248377894541475 ], [ 36.947230627017476, -1.248405209285091 ], [ 36.947182871610984, -1.248427928268796 ], [ 36.947133136066796, -1.248445833292367 ], [ 36.947081898061633, -1.248458752390506 ], [ 36.94702964970228, -1.248466561484429 ], [ 36.946873649660333, -1.248482061435037 ], [ 36.94681923153388, -1.248484683541182 ], [ 36.946764828413791, -1.248481763004573 ], [ 36.946710996145768, -1.248473329665357 ], [ 36.946658284742909, -1.248459469688932 ], [ 36.946607232766141, -1.248440324685466 ], [ 36.94658244814314, -1.248428034335325 ], [ 36.946513024340291, -1.24847262917777 ], [ 36.946438777723067, -1.248532897376307 ], [ 36.946389384644206, -1.248722077045128 ], [ 36.946372524618688, -1.248775325654246 ], [ 36.946350311000266, -1.248826545795533 ], [ 36.946322979548022, -1.248875193855808 ], [ 36.946225137989735, -1.249030132943533 ], [ 36.94622549752237, -1.249031404432329 ], [ 36.946235552939712, -1.24907318920178 ], [ 36.946253452968868, -1.249162989226915 ], [ 36.946261408632751, -1.249216737026217 ], [ 36.946263981907883, -1.249271016263213 ], [ 36.946261146973349, -1.24932528229317 ], [ 36.946251946985186, -1.249415182325067 ], [ 36.946242548287394, -1.249474532412554 ], [ 36.946221548291987, -1.249572032447544 ], [ 36.946210809246274, -1.24961379610969 ], [ 36.94619094446827, -1.249680064723088 ], [ 36.946212537450073, -1.24972648707054 ], [ 36.946233237391034, -1.249777615643087 ], [ 36.9462486668887, -1.24983059706836 ], [ 36.94625327086716, -1.24985001819312 ], [ 36.946279280021464, -1.249895246294894 ], [ 36.94630176007368, -1.249938763811267 ], [ 36.946320243058317, -1.249984147075701 ], [ 36.946334577883363, -1.250031025096672 ], [ 36.946344647366537, -1.250079014663457 ], [ 36.946361647398334, -1.250183114693988 ], [ 36.946368498400439, -1.250253450479953 ], [ 36.946373498435356, -1.25040805053134 ], [ 36.946370710042501, -1.250483553276034 ], [ 36.946358424933194, -1.250598836922841 ], [ 36.946350224835967, -1.250681618997634 ], [ 36.946342059614814, -1.250735973646511 ], [ 36.946328470899289, -1.250789217496451 ], [ 36.946309598227238, -1.250840803803915 ], [ 36.946285635395824, -1.25089020284615 ], [ 36.946256828471427, -1.250936907360709 ], [ 36.946248296633001, -1.250948041882611 ], [ 36.946248269135474, -1.25094823215422 ], [ 36.946233604157158, -1.251005290387656 ], [ 36.946212875928609, -1.251060410681722 ], [ 36.946197473816369, -1.251095483495424 ], [ 36.9461611252718, -1.251247094287613 ], [ 36.946130661925494, -1.251394219370257 ], [ 36.946123283904114, -1.251507639985759 ], [ 36.946123283921601, -1.25159382031666 ], [ 36.946127367195416, -1.251679655554203 ], [ 36.946127313926176, -1.251732641111569 ], [ 36.946126817831967, -1.251742645721595 ], [ 36.946144291299547, -1.251767656012381 ], [ 36.946172569932308, -1.251812678025582 ], [ 36.946192711016664, -1.251853032226823 ], [ 36.946209541431635, -1.251868588258907 ], [ 36.946246884982138, -1.251911165767674 ], [ 36.946279601186156, -1.251957439526336 ], [ 36.946307331457874, -1.252006902352542 ], [ 36.946329771859631, -1.252059012110107 ], [ 36.946346676433265, -1.252113197651055 ], [ 36.946357859895976, -1.252168865075797 ], [ 36.946388459957639, -1.252376665137893 ], [ 36.946393548385586, -1.252427863457801 ], [ 36.946393794617038, -1.252479316699855 ], [ 36.946388328584206, -1.252608305559217 ], [ 36.946390077779427, -1.252612406756853 ], [ 36.946409024692741, -1.252663867327195 ], [ 36.946422708877719, -1.252716991306814 ], [ 36.946430990285798, -1.252771235008824 ], [ 36.946456390353347, -1.253021335087254 ], [ 36.946457763156971, -1.253037131164572 ], [ 36.946478663229826, -1.253326231257693 ], [ 36.946480008388015, -1.253356489305346 ], [ 36.946489108505794, -1.25390178948853 ], [ 36.946487784367541, -1.253949976961069 ], [ 36.94648221529372, -1.253997855869878 ], [ 36.946462584735016, -1.254119525262537 ], [ 36.946499851480397, -1.254724426124502 ], [ 36.946500463546364, -1.254779441232744 ], [ 36.946495535999155, -1.254834235798965 ], [ 36.946408736063212, -1.255449736019169 ], [ 36.94639716467811, -1.25550835935237 ], [ 36.946379256041901, -1.255565345651578 ], [ 36.946164355999478, -1.256137445848255 ], [ 36.946152032006815, -1.256167499362972 ], [ 36.946010771303143, -1.256484678505889 ], [ 36.945856291771413, -1.256926266763361 ], [ 36.945836760599505, -1.256974554302193 ], [ 36.945812714209339, -1.257020731789149 ], [ 36.945784374698469, -1.257064372719169 ], [ 36.945752003816693, -1.257105074015506 ], [ 36.945509103702435, -1.257382074068262 ], [ 36.945474436634093, -1.257418104012435 ], [ 36.945436611581812, -1.257450757418691 ], [ 36.945395951878531, -1.257479755162303 ], [ 36.945352805088113, -1.257504849367546 ], [ 36.945271021305906, -1.257547465923813 ], [ 36.944917426827764, -1.257878060126984 ], [ 36.944876953890912, -1.257912335048812 ], [ 36.944833337986843, -1.257942452123065 ], [ 36.944786999161146, -1.2579681213059 ], [ 36.944738383682655, -1.257989095389199 ], [ 36.9446879597456, -1.258005172381322 ], [ 36.94463621296061, -1.258016197452371 ], [ 36.944583641678001, -1.258022064425322 ], [ 36.944530752188406, -1.258022716798468 ], [ 36.944478053846822, -1.258018148289616 ], [ 36.94442605416733, -1.258008402896559 ], [ 36.944375253935355, -1.257993574473293 ], [ 36.944326142384909, -1.25797380582615 ], [ 36.944279192486931, -1.257949287338515 ], [ 36.944234856394367, -1.257920255137245 ], [ 36.944193561087687, -1.257886988818656 ], [ 36.944155704262819, -1.257849808755857 ], [ 36.944121650501181, -1.257809073013324 ], [ 36.944091727758547, -1.25776517389863 ], [ 36.944066224206686, -1.257718534184149 ], [ 36.944045385458146, -1.257669603035735 ], [ 36.944029412200884, -1.257618851686815 ], [ 36.944018458265518, -1.257566768900299 ], [ 36.944012629143963, -1.257513856261492 ], [ 36.944011980973407, -1.257460623347529 ], [ 36.944016519995778, -1.257407582819973 ], [ 36.944026202497568, -1.257355245487546 ], [ 36.944040935230895, -1.257304115386852 ], [ 36.9440605763115, -1.257254684928165 ], [ 36.944084936585156, -1.257207430153368 ], [ 36.94411378144936, -1.257162806151307 ], [ 36.944146833112654, -1.257121242675191 ], [ 36.94418377326987, -1.257083140003751 ], [ 36.944591173073015, -1.25670224004634 ], [ 36.944628269443236, -1.256670571962676 ], [ 36.944668051412144, -1.256642399051502 ], [ 36.944710194962823, -1.256617950776427 ], [ 36.944767633113763, -1.256588020402077 ], [ 36.944874358731134, -1.256466311862822 ], [ 36.945001408415763, -1.25610313341314 ], [ 36.945017968240727, -1.25606140056932 ], [ 36.945161758611746, -1.255738541492697 ], [ 36.945349847565083, -1.255237817116305 ], [ 36.945420552522592, -1.254736447828094 ], [ 36.945382948850792, -1.254126073957609 ], [ 36.945382576596131, -1.254065642334772 ], [ 36.945388884898911, -1.254005544014258 ], [ 36.945410484951005, -1.253871668060183 ], [ 36.945402444579798, -1.253389858495598 ], [ 36.945383208711952, -1.253123776828871 ], [ 36.945366995001905, -1.252964128828342 ], [ 36.945349322315522, -1.252922693035531 ], [ 36.945332280680674, -1.252877217396628 ], [ 36.945319351380256, -1.252830389087224 ], [ 36.945310638196041, -1.252782583993147 ], [ 36.945306211067518, -1.252734185840719 ], [ 36.945306105530491, -1.252685583116661 ], [ 36.945313471301382, -1.252511765576448 ], [ 36.945288830825731, -1.25247887660231 ], [ 36.94526234266241, -1.252435626972436 ], [ 36.945239990657541, -1.252390072894544 ], [ 36.945221970866143, -1.252342613935753 ], [ 36.945216496130186, -1.252325884561963 ], [ 36.945169308721013, -1.252258343742098 ], [ 36.94513839586201, -1.25220857756478 ], [ 36.945113005580559, -1.252155741370218 ], [ 36.94509343507503, -1.252100453618145 ], [ 36.945079913422006, -1.252043361464193 ], [ 36.945053913467383, -1.251899461505477 ], [ 36.945046354787976, -1.251837642424656 ], [ 36.945045886250519, -1.25177535876169 ], [ 36.945049372637037, -1.251705050244856 ], [ 36.945045932999477, -1.251632744349311 ], [ 36.945045316259176, -1.251606799924344 ], [ 36.945045316283078, -1.251489899964053 ], [ 36.945046467819715, -1.251454457766891 ], [ 36.945057467846603, -1.251285357826167 ], [ 36.945067652857659, -1.251210122493179 ], [ 36.945107552867995, -1.251017422562406 ], [ 36.945111254917187, -1.251000847159965 ], [ 36.945160954923153, -1.250793547234218 ], [ 36.94517438714432, -1.250746818812304 ], [ 36.945191049553266, -1.250703750318247 ], [ 36.945191602440318, -1.250697590515813 ], [ 36.945198312576068, -1.250648243889268 ], [ 36.945209491054349, -1.25059972466429 ], [ 36.94522504364668, -1.250552441830782 ], [ 36.945244839253313, -1.250506793956593 ], [ 36.945268711008325, -1.25046316582779 ], [ 36.945292985645807, -1.250423254537269 ], [ 36.945294877645239, -1.250405500040924 ], [ 36.945292951707785, -1.250345949648269 ], [ 36.945280820025523, -1.250324853472098 ], [ 36.945256903790352, -1.250278192757604 ], [ 36.945237581179747, -1.250229423562968 ], [ 36.945223033191368, -1.250179002717316 ], [ 36.945218342352383, -1.250159215135746 ], [ 36.945188414606044, -1.250123499901894 ], [ 36.945160186173119, -1.250082768362506 ], [ 36.945135776839408, -1.250039609266409 ], [ 36.945115391166247, -1.24999438430729 ], [ 36.945099199994822, -1.249947472491636 ], [ 36.945087339014378, -1.249899266962566 ], [ 36.945073539036954, -1.249829666982075 ], [ 36.945065601895259, -1.249775535539374 ], [ 36.945063122949556, -1.249720874701101 ], [ 36.945066127419651, -1.249666240572482 ], [ 36.945074584738535, -1.249612188986978 ], [ 36.945088408863384, -1.249559269851406 ], [ 36.945107459150982, -1.249508021551343 ], [ 36.9451374875824, -1.24943819129097 ], [ 36.94517259586533, -1.249321070650475 ], [ 36.945178664410484, -1.249292895279969 ], [ 36.945164338662913, -1.249242232107401 ], [ 36.945151561297656, -1.249209457851552 ], [ 36.945133613300769, -1.249155157555339 ], [ 36.945121448364439, -1.249099256417427 ], [ 36.945115201859188, -1.249042376503967 ], [ 36.945114943295479, -1.248985150772765 ], [ 36.945120675550207, -1.248928216029898 ], [ 36.945129375555489, -1.248871716050146 ], [ 36.945130844133118, -1.248862682943181 ], [ 36.945143444139035, -1.248789082969596 ], [ 36.945153824245011, -1.248741389220518 ], [ 36.945168422802453, -1.248694827983754 ], [ 36.945187121558291, -1.248649776420141 ], [ 36.945209769046606, -1.248606599461746 ], [ 36.945236181815517, -1.248565646855713 ], [ 36.945281117981843, -1.248502400240623 ], [ 36.945368164037099, -1.248364556585692 ], [ 36.945418615572862, -1.248171323039278 ], [ 36.94543532383198, -1.248118480683379 ], [ 36.945457304546778, -1.248067631205962 ], [ 36.945484328034752, -1.248019305947077 ], [ 36.945571827998933, -1.24788000598605 ], [ 36.945606013460981, -1.247831656567125 ], [ 36.945645241335548, -1.24778735464913 ], [ 36.945689042212877, -1.24774763035945 ], [ 36.945859542130691, -1.247609230365279 ], [ 36.945907936186217, -1.247574208940092 ], [ 36.946079336106045, -1.247464108929505 ], [ 36.94611587927313, -1.247442619247724 ], [ 36.946153985054814, -1.247424081768335 ], [ 36.946233785021015, -1.24738908175455 ], [ 36.946305326356743, -1.247363571099972 ], [ 36.946437426308705, -1.247326771066947 ], [ 36.946491410561627, -1.247314695129153 ], [ 36.946546340069197, -1.247308250365744 ], [ 36.946601636565077, -1.2473075046241 ], [ 36.946656717919325, -1.247312465755552 ], [ 36.946716283475318, -1.247320949495603 ], [ 36.946791539006789, -1.247171655353669 ], [ 36.946848951103064, -1.246996147751224 ], [ 36.946864615095706, -1.24695418535337 ], [ 36.94688366769649, -1.246913667849347 ], [ 36.947019367648956, -1.246653467930311 ], [ 36.947045927645242, -1.246608048232056 ], [ 36.947076741183913, -1.246565436890495 ], [ 36.947111517440391, -1.246526036080574 ], [ 36.947149928189177, -1.246490217675583 ], [ 36.947191610901697, -1.24645831973741 ], [ 36.947236172167905, -1.246430643325789 ], [ 36.947321692694487, -1.246383139369339 ], [ 36.947363266566541, -1.246349297691729 ], [ 36.947418849328493, -1.246309627965525 ], [ 36.947506949287579, -1.246254827959083 ], [ 36.947556006035185, -1.246227749579363 ], [ 36.947607587457846, -1.246205935654949 ], [ 36.947661137731842, -1.246189621245786 ], [ 36.947716079817695, -1.246178982151031 ], [ 36.947862579774849, -1.246158482106521 ], [ 36.947910489203402, -1.246153960808552 ], [ 36.947958608347498, -1.246153758306841 ], [ 36.94800655366771, -1.246157876215836 ], [ 36.948107695918303, -1.246171162520648 ], [ 36.948132375418012, -1.246166819666794 ], [ 36.948185178493709, -1.246160211559516 ], [ 36.94823837162479, -1.246158875969828 ], [ 36.948291436386839, -1.246162825914995 ], [ 36.948343855606446, -1.246172022899054 ], [ 36.948395118401585, -1.246186377288002 ], [ 36.948444725160734, -1.246205749183258 ], [ 36.948492192412104, -1.246229949785195 ], [ 36.948684892453691, -1.246340549727323 ], [ 36.948726009752093, -1.246366691174297 ], [ 36.948764618495034, -1.246396456594782 ], [ 36.94880040433884, -1.246429603645948 ], [ 36.948879524820683, -1.246509820286515 ], [ 36.949025633406073, -1.246602122571821 ], [ 36.949073483113736, -1.246636133817641 ], [ 36.949117383043429, -1.24667517073274 ], [ 36.949156814642343, -1.246718772207876 ], [ 36.949279792669948, -1.246870566987467 ], [ 36.949283812161042, -1.246868333008579 ], [ 36.949336215303148, -1.246846097482964 ], [ 36.949390654479579, -1.246829543090459 ], [ 36.949446523626257, -1.246818854129535 ], [ 36.949503200759359, -1.246814149599634 ], [ 36.949563800745743, -1.246812349579346 ], [ 36.949612007798123, -1.246813088959485 ], [ 36.949659956342892, -1.246818161224587 ], [ 36.94970726272124, -1.246827525789452 ], [ 36.949753548412552, -1.246841107724221 ], [ 36.949850348417108, -1.24687430769027 ], [ 36.949892323261835, -1.246890703732505 ], [ 36.949932792004645, -1.2469105687191 ], [ 36.9499442409316, -1.246916797405292 ], [ 36.949958089209673, -1.246917666730618 ], [ 36.949964061427842, -1.246916937527624 ], [ 36.949953272666249, -1.246907453314645 ], [ 36.949847628889209, -1.246838227780729 ], [ 36.94980349404014, -1.246805994504295 ], [ 36.949762820949957, -1.246769437749311 ], [ 36.949726025933515, -1.246728931698052 ], [ 36.949693485611, -1.246684890956233 ], [ 36.949685878831815, -1.246673427210818 ], [ 36.94963594530077, -1.246638285995282 ], [ 36.949598050968348, -1.246609018083766 ], [ 36.949554628043408, -1.246572291582783 ], [ 36.949523419295375, -1.246558809630544 ], [ 36.949474886624294, -1.246534876076529 ], [ 36.949432934330076, -1.246511492813181 ], [ 36.949392191687096, -1.246497118923015 ], [ 36.949341483901065, -1.246473014857768 ], [ 36.949297683909506, -1.24644931484421 ], [ 36.949273931472781, -1.24643532115152 ], [ 36.949268437490844, -1.246432917532284 ], [ 36.949223340516724, -1.246410617271007 ], [ 36.949180502736517, -1.246384187110658 ], [ 36.949140296433917, -1.246353856744262 ], [ 36.949103071023536, -1.246319889759707 ], [ 36.949069150014331, -1.246282581349003 ], [ 36.949038828198127, -1.246242255742936 ], [ 36.949012369087754, -1.246199263393291 ], [ 36.948977469116173, -1.246136163400021 ], [ 36.948953028720055, -1.246086073579461 ], [ 36.94893383020765, -1.246033721667296 ], [ 36.948918130226708, -1.245983021679073 ], [ 36.948903211952107, -1.245922982055248 ], [ 36.948895184981971, -1.245861622942062 ], [ 36.948891384994972, -1.245809922958673 ], [ 36.948890006165456, -1.245759985617181 ], [ 36.948893197287624, -1.245710132352483 ], [ 36.94890093129974, -1.245660785932264 ], [ 36.948913142615346, -1.24561236482602 ], [ 36.94892972767942, -1.245565279656341 ], [ 36.948950545846564, -1.245519929716811 ], [ 36.948975420573682, -1.245476699585838 ], [ 36.948997120564719, -1.24544269959523 ], [ 36.949027696974099, -1.245399577963379 ], [ 36.949062306500352, -1.245359663746922 ], [ 36.949100619081641, -1.245323337597418 ], [ 36.949142269341131, -1.245290945948034 ], [ 36.949186860071414, -1.245262797709705 ], [ 36.949233966022575, -1.245239161325109 ], [ 36.949261776830944, -1.24522687452957 ], [ 36.94936107321125, -1.245178090937143 ], [ 36.94937836437807, -1.245169974125396 ], [ 36.949461864342524, -1.245132574111391 ], [ 36.949513559703703, -1.245112554973881 ], [ 36.949567023408619, -1.245097981577631 ], [ 36.94962169082595, -1.245089007833175 ], [ 36.949676984611834, -1.245085728513058 ], [ 36.949732320807222, -1.245088178250823 ], [ 36.949754230868862, -1.245091438287315 ], [ 36.949760520283093, -1.245089978923012 ], [ 36.949778683868665, -1.24508669959389 ], [ 36.94980527629501, -1.245081580034868 ], [ 36.949878420446026, -1.2450710488929 ], [ 36.949919100810824, -1.245052930838496 ], [ 36.94997155092679, -1.245035773784035 ], [ 36.950025468412989, -1.245024101216852 ], [ 36.95008028875089, -1.245018035349835 ], [ 36.950168788729364, -1.245012835320865 ], [ 36.950224258531826, -1.245012453983266 ], [ 36.950279473507187, -1.245017812985827 ], [ 36.950333848813685, -1.245028855566137 ], [ 36.950386808503275, -1.245045464760812 ], [ 36.950437791622107, -1.245067464644373 ], [ 36.950486258152203, -1.245094622192582 ], [ 36.950611758184102, -1.245173722157063 ], [ 36.950675219907687, -1.24522054133127 ], [ 36.950779719949132, -1.245310141310138 ], [ 36.950791028138951, -1.245320755175437 ], [ 36.950791311038955, -1.245318147696513 ], [ 36.950805715642758, -1.245255491101475 ], [ 36.950833015641621, -1.245162291134418 ], [ 36.950850640212664, -1.245111542029 ], [ 36.950873168832054, -1.245062797891592 ], [ 36.950900380253699, -1.245016537422163 ], [ 36.95093200724331, -1.244973214929467 ], [ 36.950967739202831, -1.244933255869433 ], [ 36.951007225220714, -1.244897052666877 ], [ 36.951050077518062, -1.244864960861653 ], [ 36.951095875256883, -1.244837295617058 ], [ 36.95114416867299, -1.244814328624639 ], [ 36.951194483492912, -1.244796285436035 ], [ 36.951269983464712, -1.24477338541803 ], [ 36.951314129817774, -1.244762020173854 ], [ 36.951359072201321, -1.244754448728422 ], [ 36.951486272165269, -1.244738548689248 ], [ 36.951543076112159, -1.244734499305333 ], [ 36.951599987492692, -1.244736504694451 ], [ 36.951656371010152, -1.244744542471238 ], [ 36.951788671001829, -1.244770642423551 ], [ 36.951849666062436, -1.244786449959425 ], [ 36.951908412486283, -1.24480931138228 ], [ 36.951963071758236, -1.24483436926408 ], [ 36.952090722685242, -1.244877890360924 ], [ 36.952146141346674, -1.244900301103201 ], [ 36.952198756286926, -1.244928745565165 ], [ 36.952276481600499, -1.244976530299071 ], [ 36.952282677589878, -1.244962602791577 ], [ 36.952304873708499, -1.244918268334187 ], [ 36.952329743925922, -1.244878191830356 ], [ 36.952330355379573, -1.24485701010375 ], [ 36.952337042504915, -1.24480430830469 ], [ 36.952348819559518, -1.244752517641485 ], [ 36.952365573580806, -1.244702134876481 ], [ 36.952387143868513, -1.244653643267928 ], [ 36.952413323526073, -1.24460750793457 ], [ 36.952443861445126, -1.244564171394465 ], [ 36.952478464714076, -1.244524049320398 ], [ 36.952516801427592, -1.244487526552928 ], [ 36.952558503870158, -1.244454953409058 ], [ 36.952631703835493, -1.244403353407136 ], [ 36.952677237616271, -1.244374552608463 ], [ 36.952725396302156, -1.244350462251153 ], [ 36.952775700447383, -1.244331322168252 ], [ 36.952827649246927, -1.244317322910218 ], [ 36.952880725522249, -1.24430860384778 ], [ 36.953039025478503, -1.244290703798459 ], [ 36.953117612498396, -1.244287628921594 ], [ 36.95314106352992, -1.244288435715608 ], [ 36.953098235028961, -1.244270843916831 ], [ 36.95281045216332, -1.244204501094676 ], [ 36.952623853906076, -1.244179126962644 ], [ 36.952215867968519, -1.244147928464064 ], [ 36.95216430926753, -1.24414145788344 ], [ 36.952113609147688, -1.244130020636704 ], [ 36.952064238760421, -1.244113723009562 ], [ 36.952016656899971, -1.244092716454826 ], [ 36.951971305739846, -1.244067196184822 ], [ 36.951675837539121, -1.243881569709888 ], [ 36.951414674568042, -1.243759384888222 ], [ 36.951064571145054, -1.243663587993459 ], [ 36.950865152049595, -1.24365775828368 ], [ 36.950838494312812, -1.243656313259437 ], [ 36.950468259987204, -1.243626973515767 ], [ 36.950088417143597, -1.243735843989572 ], [ 36.950031422562965, -1.24374886370864 ], [ 36.949973362452958, -1.243755595722873 ], [ 36.949914919479568, -1.243755960878492 ], [ 36.949856780810343, -1.24374995488272 ], [ 36.949681101523574, -1.243722050057843 ], [ 36.949269509587744, -1.243790855309568 ], [ 36.949227220234526, -1.243796205318499 ], [ 36.948809813707172, -1.243832207900804 ], [ 36.948635814576875, -1.243891413309524 ], [ 36.948584632915619, -1.243906038530626 ], [ 36.948532267994885, -1.243915513588139 ], [ 36.948479230067065, -1.243919746156077 ], [ 36.948426035942347, -1.243918694992151 ], [ 36.948373203952826, -1.24391237033957 ], [ 36.948321248901799, -1.243900833827319 ], [ 36.948270677047397, -1.243884197869465 ], [ 36.948221981169553, -1.243862624569922 ], [ 36.948199729093709, -1.243851415863366 ], [ 36.948091614168021, -1.243879146201078 ], [ 36.947711357695532, -1.244062393629695 ], [ 36.947652804284672, -1.244086469261519 ], [ 36.94735230416741, -1.244189769195352 ], [ 36.947305226005533, -1.244203580219943 ], [ 36.947257095556331, -1.244213027495168 ], [ 36.94720831122121, -1.244218032821292 ], [ 36.947159276814041, -1.244218554766997 ], [ 36.947110398218619, -1.24421458901228 ], [ 36.947062080028928, -1.244206168384196 ], [ 36.94690851654677, -1.244172099194794 ], [ 36.946673583237001, -1.244200886042221 ], [ 36.94650571582725, -1.244302764992219 ], [ 36.94646094652856, -1.244327112231167 ], [ 36.946414095468711, -1.244347101455046 ], [ 36.946365580264079, -1.244362554486331 ], [ 36.945790464691569, -1.244516087678322 ], [ 36.945107333810178, -1.244806370476449 ], [ 36.945080053665798, -1.244817093330776 ], [ 36.944684053508389, -1.244960393246909 ], [ 36.944632817144182, -1.244976088060638 ], [ 36.944580286172872, -1.244986587459592 ], [ 36.944526979268964, -1.244991787776504 ], [ 36.944473422768176, -1.244991637665582 ], [ 36.944420145470588, -1.244986138609541 ], [ 36.944367673419393, -1.244975344904856 ], [ 36.944316524706913, -1.244959363125684 ], [ 36.944267204359122, -1.244938351071488 ], [ 36.944220199349203, -1.244912516209117 ], [ 36.944175973789292, -1.244882113624112 ], [ 36.944087195175989, -1.244814335544171 ], [ 36.943667474334241, -1.244893665293557 ], [ 36.94366175612172, -1.244894713974128 ], [ 36.94317635596957, -1.244981013832755 ], [ 36.943124775487064, -1.244987620900798 ], [ 36.943072802487897, -1.24498919465391 ], [ 36.943020920674854, -1.244985720445995 ], [ 36.942855320654523, -1.244966520386614 ], [ 36.94280373555798, -1.244957970628914 ], [ 36.942753216112934, -1.244944430879229 ], [ 36.942704237631602, -1.24492602852678 ], [ 36.942467437658877, -1.24482362844718 ], [ 36.942405075926722, -1.244791685496961 ], [ 36.942120375993142, -1.244621585413322 ], [ 36.942091035379221, -1.244602739807037 ], [ 36.941929744671647, -1.244491606500409 ], [ 36.941540305648878, -1.244270074859434 ], [ 36.941502024088152, -1.244246119158712 ], [ 36.941323824140291, -1.244123919111429 ], [ 36.941312590053627, -1.244116002892895 ], [ 36.941066290131758, -1.243937702830812 ], [ 36.941009471176152, -1.243890307387135 ], [ 36.94092295899614, -1.24380745671804 ], [ 36.940786470066307, -1.243733953828766 ], [ 36.94057455610568, -1.243660431144905 ], [ 36.940371350001762, -1.243631241687729 ], [ 36.940326836792984, -1.24362291422433 ], [ 36.940283175032746, -1.243610855948854 ], [ 36.940240672815328, -1.243595151949536 ], [ 36.939956872845173, -1.24347645185326 ], [ 36.939909718164714, -1.243453976832596 ], [ 36.939864943476628, -1.243427018146627 ], [ 36.939608043549292, -1.243254818077113 ], [ 36.939556897285577, -1.243215925027116 ], [ 36.939287297393413, -1.242984324972724 ], [ 36.939249225551201, -1.242948264284739 ], [ 36.939214803881448, -1.242908660778095 ], [ 36.939035103990875, -1.24268046077233 ], [ 36.93900877347744, -1.242644010095159 ], [ 36.938985539793578, -1.242605485487422 ], [ 36.938933874649358, -1.242511198193095 ], [ 36.938910239970944, -1.242510626022499 ], [ 36.938856193205957, -1.242506574271218 ], [ 36.938802823954752, -1.242497079988414 ], [ 36.938750671837902, -1.242482239172042 ], [ 36.938700264169327, -1.242462201879294 ], [ 36.938652110624574, -1.242437170709231 ], [ 36.938606698087455, -1.242407398754335 ], [ 36.938174898226443, -1.242092098646421 ], [ 36.938146649223775, -1.242069994328054 ], [ 36.937898280959999, -1.24186197734775 ], [ 36.937791765748393, -1.241780812101623 ], [ 36.937442821269777, -1.241574617485663 ], [ 36.937422289098578, -1.241561854276115 ], [ 36.937307921659681, -1.24148715038662 ], [ 36.937162160528061, -1.24141483318641 ], [ 36.937063997701692, -1.241387528347524 ], [ 36.93700640034919, -1.241397369764311 ], [ 36.936804762042442, -1.241498012689972 ], [ 36.93659506845907, -1.241695091418325 ], [ 36.936492517959081, -1.241817545853738 ], [ 36.936333458494452, -1.242011769250075 ], [ 36.936246587511157, -1.242172039227734 ], [ 36.936169419682109, -1.242316369806094 ], [ 36.936159059502458, -1.242334869769916 ], [ 36.93613059402756, -1.242383451720199 ], [ 36.936060023821824, -1.242540568679755 ], [ 36.936034701834409, -1.242590020359184 ], [ 36.936004480971825, -1.242636601712679 ], [ 36.935936780941674, -1.242730101735809 ], [ 36.935901580752429, -1.242773768173486 ], [ 36.935862078659071, -1.242813532537542 ], [ 36.935818699093559, -1.242848967578475 ], [ 36.935629799003003, -1.242987567576366 ], [ 36.935586615324148, -1.243016164813174 ], [ 36.935540908395055, -1.243040466738346 ], [ 36.935493098644926, -1.243060249814266 ], [ 36.935443625845423, -1.243075332069419 ], [ 36.935392945065502, -1.243085574772151 ], [ 36.935341522485501, -1.243090883706834 ], [ 36.935289831109003, -1.243091210040449 ], [ 36.935238346412028, -1.243086550771739 ], [ 36.935187541969356, -1.243076948758815 ], [ 36.935143258612776, -1.243066343792856 ], [ 36.935058611842202, -1.243148408089814 ], [ 36.93502108869594, -1.24318155504394 ], [ 36.934980679227721, -1.243211065185386 ], [ 36.934937730164023, -1.243236685307886 ], [ 36.934842430121151, -1.243287685296169 ], [ 36.934794566101367, -1.243310341329304 ], [ 36.934744726220636, -1.243328166279507 ], [ 36.934693390464822, -1.24334098848306 ], [ 36.934641053225846, -1.243348684455542 ], [ 36.934588218540355, -1.243351180080978 ], [ 36.934535395235628, -1.243348451325636 ], [ 36.934483092029211, -1.243340524469477 ], [ 36.934431812629732, -1.24332747585299 ], [ 36.934382050885851, -1.243309431141999 ], [ 36.934334286030285, -1.243286564117465 ], [ 36.934288978064487, -1.243259095001768 ], [ 36.934246563328628, -1.243227288337899 ], [ 36.934207450299397, -1.243191450441718 ], [ 36.934172015656138, -1.243151926451928 ], [ 36.934140600653322, -1.243109097006296 ], [ 36.93411350783397, -1.243063374575755 ], [ 36.934090998116169, -1.243015199492219 ], [ 36.934073288280203, -1.24296503570784 ], [ 36.934060548880886, -1.242913366326992 ], [ 36.93405290260511, -1.24286068895366 ], [ 36.934050423090213, -1.242807510899291 ], [ 36.934053134214935, -1.242754344297098 ], [ 36.934061009869417, -1.242701701170017 ], [ 36.93407397420664, -1.242650088499578 ], [ 36.934091902372934, -1.242600003343472 ], [ 36.934114621710343, -1.242551928048638 ], [ 36.934141913419431, -1.242506325606011 ], [ 36.934173514666448, -1.242463635191632 ], [ 36.93420087988639, -1.24243337961654 ], [ 36.933742899705493, -1.24202029761868 ], [ 36.933737342911016, -1.242015214898806 ], [ 36.933429532997067, -1.241729700122187 ], [ 36.933341684880034, -1.241657964132687 ], [ 36.933114868852826, -1.241522118635308 ], [ 36.933046507306813, -1.241517570608394 ], [ 36.932610742839692, -1.241727443135374 ], [ 36.93255842356713, -1.241749318729369 ], [ 36.932504111907029, -1.24176554588266 ], [ 36.932200011801577, -1.241839145801171 ], [ 36.932160694011742, -1.241847116904687 ], [ 36.932120896159546, -1.241852123164229 ], [ 36.931894618704106, -1.241872014824908 ], [ 36.931863911069129, -1.241885632267951 ], [ 36.931809371039151, -1.241906350883196 ], [ 36.931752926846293, -1.241921019645849 ], [ 36.931695238799264, -1.241929466955056 ], [ 36.931636981757826, -1.24193159399123 ], [ 36.931503381732206, -1.241929193944794 ], [ 36.931451943969421, -1.24192578835008 ], [ 36.93140106471477, -1.241917452400561 ], [ 36.931351209382427, -1.241904262349191 ], [ 36.931302834020215, -1.241886338851462 ], [ 36.931235776117553, -1.241857758285 ], [ 36.931229749853181, -1.24185534528938 ], [ 36.931183163940673, -1.241853426633126 ], [ 36.931126430823362, -1.241848055640889 ], [ 36.931070578179742, -1.241836685990977 ], [ 36.931016230322491, -1.241819444772369 ], [ 36.93096399474387, -1.241796524705465 ], [ 36.930914455325251, -1.241768181987981 ], [ 36.9308818895448, -1.241744650128429 ], [ 36.930866224113672, -1.24174187722275 ], [ 36.930813195691144, -1.241726737478403 ], [ 36.930761980893877, -1.241706225641144 ], [ 36.930713115373244, -1.24168055624319 ], [ 36.930667110209583, -1.241649997759227 ], [ 36.930624446566839, -1.241614869798417 ], [ 36.930584146584287, -1.241578069791137 ], [ 36.93054564605869, -1.241539160079386 ], [ 36.930511251109785, -1.241496532075669 ], [ 36.930481314188363, -1.241450622597091 ], [ 36.930456142062972, -1.241401902086521 ], [ 36.930435992676372, -1.241350869791917 ], [ 36.930415292700189, -1.241289569805531 ], [ 36.930400158828675, -1.241235810946244 ], [ 36.930390599310542, -1.241180770416899 ], [ 36.930386715561262, -1.241125032136733 ], [ 36.930387821184617, -1.241091351971847 ], [ 36.930104959988512, -1.241099838967704 ], [ 36.930097430524079, -1.241100011896065 ], [ 36.929507430397379, -1.241109411694828 ], [ 36.929430140243646, -1.241105047005331 ], [ 36.929233979648913, -1.241079651646859 ], [ 36.929232679258234, -1.241080272378654 ], [ 36.928917833832237, -1.241319958200094 ], [ 36.928857354779325, -1.241359876121822 ], [ 36.928670924936064, -1.241465643288499 ], [ 36.928438193847192, -1.241639862803462 ], [ 36.928294365238266, -1.24177375410904 ], [ 36.928236822181375, -1.24182038061275 ], [ 36.927912322026316, -1.242048280603125 ], [ 36.927868297295944, -1.242076121753054 ], [ 36.927821812101328, -1.242099563781852 ], [ 36.927773299031287, -1.242118388539669 ], [ 36.927723209545896, -1.242132420844781 ], [ 36.927447786895435, -1.242195346683958 ], [ 36.927171657332472, -1.242299685617568 ], [ 36.92674002132285, -1.242524976565362 ], [ 36.926692700172332, -1.24254682478227 ], [ 36.926643505435543, -1.242563975738824 ], [ 36.926592896129662, -1.242576269406513 ], [ 36.926240168730139, -1.24264399453269 ], [ 36.925936836828392, -1.242705196448037 ], [ 36.925875680360647, -1.242713902773725 ], [ 36.925813935814901, -1.242715509593516 ], [ 36.925315435724002, -1.242699709418589 ], [ 36.925256814201106, -1.242694617175674 ], [ 36.925199093505881, -1.242683123623901 ], [ 36.925142961547877, -1.242665365743027 ], [ 36.925089087302062, -1.242641555170383 ], [ 36.924768787357813, -1.242478455067804 ], [ 36.924722446189342, -1.242451881041878 ], [ 36.924678941388798, -1.242420827244663 ], [ 36.924638698966078, -1.242385597763347 ], [ 36.924602112984942, -1.242346537574375 ], [ 36.924569541704273, -1.242304029165394 ], [ 36.924541304069905, -1.24225848878979 ], [ 36.924517676591471, -1.242210362390631 ], [ 36.924498890634744, -1.242160121233948 ], [ 36.924450719603776, -1.242008998469307 ], [ 36.924380018112345, -1.241934444489054 ], [ 36.924006551346558, -1.241669961366086 ], [ 36.923962102317176, -1.241634837272805 ], [ 36.923921551554187, -1.241595221933853 ], [ 36.923885344851179, -1.241551550860082 ], [ 36.923698823695752, -1.241300955890004 ], [ 36.923649886188109, -1.24123791473565 ], [ 36.923606889521459, -1.241240719485679 ], [ 36.923552960577581, -1.241238794838739 ], [ 36.923499493149166, -1.241231452115109 ], [ 36.923447023209278, -1.241218764920978 ], [ 36.923396076731777, -1.24120086043701 ], [ 36.923347164418743, -1.241177918143421 ], [ 36.923195364880861, -1.241097172357666 ], [ 36.923105380531247, -1.241090157656061 ], [ 36.923075814158409, -1.241086439308406 ], [ 36.922904886836633, -1.241193352970652 ], [ 36.922863735282291, -1.241216642652446 ], [ 36.922820716680107, -1.241236218399084 ], [ 36.92245167809196, -1.241384919671632 ], [ 36.921994451295724, -1.241609586309844 ], [ 36.921965552288441, -1.241622741098847 ], [ 36.921764352203915, -1.241707241061454 ], [ 36.921707148246163, -1.241727543186041 ], [ 36.92164804009164, -1.24174124743014 ], [ 36.921256439969639, -1.241808947313974 ], [ 36.921203934445899, -1.241815374043252 ], [ 36.921151055890668, -1.241816589932272 ], [ 36.921098313553692, -1.241812583271887 ], [ 36.921046215372741, -1.241803392648974 ], [ 36.920995263081871, -1.241789106574812 ], [ 36.920945947379515, -1.241769862632595 ], [ 36.920898743202706, -1.241745846152546 ], [ 36.920854105153239, -1.241717288426895 ], [ 36.920812463119596, -1.241684464482544 ], [ 36.920774218136884, -1.24164769043227 ], [ 36.920739738524688, -1.241607320430468 ], [ 36.920709356339955, -1.241563743262389 ], [ 36.920683364179141, -1.241517378599974 ], [ 36.92066201236036, -1.241468672960089 ], [ 36.920645506512692, -1.241418095404451 ], [ 36.920634005595915, -1.241366133022247 ], [ 36.920627620369643, -1.241313286239194 ], [ 36.920626412326669, -1.241260063998224 ], [ 36.92063039310078, -1.241206978858106 ], [ 36.920639524354705, -1.241154542057225 ], [ 36.920653718149367, -1.241103258590052 ], [ 36.920672837790775, -1.241053622343925 ], [ 36.920696699146447, -1.241006111342507 ], [ 36.920725072418726, -1.240961183142307 ], [ 36.920757684357831, -1.240919270426048 ], [ 36.920794220893377, -1.24088077683587 ], [ 36.920834330159089, -1.240846073085871 ], [ 36.92087762588136, -1.240815493392097 ], [ 36.920923691099318, -1.240789332253727 ], [ 36.920972082180342, -1.240767841616976 ], [ 36.921022333092459, -1.240751228448674 ], [ 36.921073959892475, -1.240739652743021 ], [ 36.921405493488479, -1.240682336941355 ], [ 36.921535805804254, -1.240627608309954 ], [ 36.921996548467632, -1.240401213743662 ], [ 36.922032683422294, -1.240385081787758 ], [ 36.922376127577415, -1.240246693356237 ], [ 36.92276741297772, -1.240001947132145 ], [ 36.922814218283676, -1.239975819869588 ], [ 36.922863367396751, -1.239954493785038 ], [ 36.922914375652518, -1.239938179177753 ], [ 36.922966740053255, -1.23992703692827 ], [ 36.923019944228102, -1.239921176912055 ], [ 36.923073463525014, -1.23992065691588 ], [ 36.923126770184375, -1.239925482068052 ], [ 36.923179338543306, -1.239935604787715 ], [ 36.923230650219274, -1.239950925254161 ], [ 36.923280199221907, -1.239971292391049 ], [ 36.923327496942655, -1.239996505356199 ], [ 36.923366030347886, -1.240022272211778 ], [ 36.923390019239008, -1.240024142240444 ], [ 36.923444635915907, -1.240031240006013 ], [ 36.923498247904625, -1.240043910162321 ], [ 36.923550295502395, -1.240062020435068 ], [ 36.923600235338427, -1.240085381755702 ], [ 36.92365683529988, -1.240115488576089 ], [ 36.923694150564245, -1.240117516633192 ], [ 36.923748613182468, -1.240126154144874 ], [ 36.924042213167986, -1.240188354037861 ], [ 36.924094319083387, -1.240202163030879 ], [ 36.924144794750028, -1.240221139418369 ], [ 36.924193135701628, -1.240245093546177 ], [ 36.924238858806682, -1.240273786011391 ], [ 36.924281507096957, -1.240306930054868 ], [ 36.924320654334565, -1.240344194427243 ], [ 36.924355909271917, -1.240385206699475 ], [ 36.924551609393411, -1.240637306694967 ], [ 36.924558254972872, -1.240646048889553 ], [ 36.924696784531456, -1.240832165929899 ], [ 36.92504354861687, -1.241077738312969 ], [ 36.925085094220101, -1.241110327720358 ], [ 36.925123280881728, -1.24114684317853 ], [ 36.925315980979988, -1.241350043154924 ], [ 36.925347962009852, -1.241386970201737 ], [ 36.925376502959395, -1.241426650458761 ], [ 36.925401371090487, -1.241468760352639 ], [ 36.925422363615041, -1.24151295649741 ], [ 36.925439309348675, -1.241558878494669 ], [ 36.925456473892517, -1.241612727201342 ], [ 36.925468951390428, -1.241619080864301 ], [ 36.925785823489534, -1.241629124039819 ], [ 36.926030762943569, -1.24157970353017 ], [ 36.926035703853373, -1.241578730758581 ], [ 36.92631362169346, -1.241525369189745 ], [ 36.926703978454512, -1.24132162350116 ], [ 36.926762666253673, -1.241295331902028 ], [ 36.927103266115729, -1.241166631831688 ], [ 36.92717339044102, -1.241145479313409 ], [ 36.92738186498228, -1.241097848976596 ], [ 36.927589615253773, -1.240951943539963 ], [ 36.927727434776685, -1.240823646040546 ], [ 36.927771746274075, -1.240786614978691 ], [ 36.928054946137614, -1.240574614977736 ], [ 36.928111945318058, -1.240537324031688 ], [ 36.928296472255987, -1.240432636310861 ], [ 36.928626566050049, -1.240181341938408 ], [ 36.928672191428603, -1.240150168273191 ], [ 36.928720742760774, -1.240123850091633 ], [ 36.92891494267608, -1.240031150061537 ], [ 36.928962242874206, -1.240011286165605 ], [ 36.929011203794452, -1.239996034071792 ], [ 36.929061382707772, -1.239985531697568 ], [ 36.929112325871365, -1.239979874011162 ], [ 36.929163572631587, -1.239979112172677 ], [ 36.929214659589476, -1.239983253071506 ], [ 36.929529170596474, -1.240023970111525 ], [ 36.930076603964203, -1.240015248099439 ], [ 36.930519439733942, -1.240001960890284 ], [ 36.930578935602078, -1.240003484455471 ], [ 36.930843135563308, -1.240024984361121 ], [ 36.930897511388913, -1.240032227586963 ], [ 36.930950874233716, -1.240044995722149 ], [ 36.931002671445228, -1.240063156534013 ], [ 36.93105236658532, -1.240086521940583 ], [ 36.931099444985819, -1.240114849958425 ], [ 36.931230845023507, -1.240203349922951 ], [ 36.931250958818431, -1.240217575835479 ], [ 36.931368458857314, -1.240304775806587 ], [ 36.931407574026281, -1.240336749897641 ], [ 36.931443551464874, -1.240372260969801 ], [ 36.931476076699852, -1.240410998626869 ], [ 36.931504865433091, -1.240452624269512 ], [ 36.931529666026535, -1.240496774054872 ], [ 36.931606466094024, -1.240649774075835 ], [ 36.931627401614293, -1.240696935110778 ], [ 36.931643785665564, -1.240745886490869 ], [ 36.931655469699045, -1.240796184391241 ], [ 36.931656908397329, -1.24080689154148 ], [ 36.931712003760381, -1.240798976966667 ], [ 36.931987065149677, -1.240774796612293 ], [ 36.93219677463027, -1.240724041466247 ], [ 36.932708556884393, -1.240477556900926 ], [ 36.932759505235659, -1.240456173221424 ], [ 36.932812359442046, -1.240440146714224 ], [ 36.932866565099658, -1.240429645486856 ], [ 36.932921553628702, -1.240424779690519 ], [ 36.932976748237522, -1.24042560036462 ], [ 36.93331494818424, -1.240448100244602 ], [ 36.933365352635178, -1.240453861602091 ], [ 36.933414995674475, -1.240464367045059 ], [ 36.93346343753759, -1.240479523511117 ], [ 36.933510249100536, -1.240499196736674 ], [ 36.933555015681328, -1.240523212446174 ], [ 36.933926515769038, -1.240745712337017 ], [ 36.93399047689919, -1.240790628918049 ], [ 36.934121876948609, -1.240897928889386 ], [ 36.934147556823348, -1.240920284920524 ], [ 36.934465096153332, -1.24121482402648 ], [ 36.935032500407814, -1.241726602041271 ], [ 36.93507226076526, -1.24176640750061 ], [ 36.935107696513199, -1.241810155755155 ], [ 36.935158223763487, -1.241879624009302 ], [ 36.935170801420753, -1.241889512892673 ], [ 36.935187240699875, -1.241857630287655 ], [ 36.935225180679076, -1.241792878215744 ], [ 36.935298080482717, -1.241656530306941 ], [ 36.935299552670074, -1.241653795621818 ], [ 36.935411752628731, -1.241446795685229 ], [ 36.935438363131446, -1.241402806108208 ], [ 36.935468998320538, -1.241361554658528 ], [ 36.935662598230458, -1.24112515470859 ], [ 36.935666391140799, -1.241120574794631 ], [ 36.935791591082193, -1.240971074825202 ], [ 36.935835852811607, -1.240924202544935 ], [ 36.936126752670596, -1.240650802575589 ], [ 36.936166605193542, -1.240616831687526 ], [ 36.936209537150368, -1.240586902321041 ], [ 36.936255145467705, -1.240561295473073 ], [ 36.936598545316322, -1.240389895424164 ], [ 36.936646637922451, -1.240368761167876 ], [ 36.936696544566516, -1.240352434385105 ], [ 36.936747792153746, -1.240341069847615 ], [ 36.937001792075151, -1.240297669772704 ], [ 36.937060373755635, -1.240290952472657 ], [ 36.937119333906658, -1.24029071580579 ], [ 36.937177966959538, -1.240296962604954 ], [ 36.93723557125977, -1.240309618116213 ], [ 36.937498371259792, -1.240382718021837 ], [ 36.937546585692431, -1.240398623042479 ], [ 36.93759310055637, -1.240419020805649 ], [ 36.9378130005922, -1.240528120734842 ], [ 36.937868110687802, -1.240559645559695 ], [ 36.937998986614076, -1.240645132541566 ], [ 36.938364778631133, -1.240861282211661 ], [ 36.93841723252379, -1.240896589035848 ], [ 36.938558832572213, -1.241004489002093 ], [ 36.938578250534704, -1.24102000549779 ], [ 36.938822390817634, -1.241224481137403 ], [ 36.939103894173513, -1.241430034518091 ], [ 36.939150959800081, -1.241431173891844 ], [ 36.939205121379111, -1.241435240093683 ], [ 36.939258601394357, -1.241444771917846 ], [ 36.939310856796801, -1.241459672576416 ], [ 36.939361356972292, -1.241479790765032 ], [ 36.939516056993185, -1.241550690713862 ], [ 36.939566628589731, -1.241577203728909 ], [ 36.939614134276901, -1.241608945783446 ], [ 36.939658042352598, -1.241645561608801 ], [ 36.939697861380466, -1.241686641387106 ], [ 36.939733145690212, -1.241731725338098 ], [ 36.939763500365757, -1.241780308865184 ], [ 36.939850600436792, -1.241937608882093 ], [ 36.939851760147398, -1.24193971425517 ], [ 36.939907780267987, -1.242041949098847 ], [ 36.940027008056248, -1.242193355687648 ], [ 36.940232280413092, -1.242369694885217 ], [ 36.940418877236993, -1.242494770599771 ], [ 36.94059126011701, -1.242566870068359 ], [ 36.940777749765367, -1.242593658164687 ], [ 36.940828069675781, -1.242603362172044 ], [ 36.940877246768899, -1.242617831371813 ], [ 36.941178446784441, -1.242722331266044 ], [ 36.941218443520057, -1.242738028084701 ], [ 36.941257072196571, -1.242756879005504 ], [ 36.941495872242527, -1.242885478931308 ], [ 36.941537444393511, -1.242910342967899 ], [ 36.941576635020439, -1.242938857302631 ], [ 36.941613128641272, -1.242970792397396 ], [ 36.941725734830506, -1.243078632546993 ], [ 36.941936442770142, -1.243231166857133 ], [ 36.942090333032965, -1.243336696471936 ], [ 36.94248029424962, -1.243558524830256 ], [ 36.942519564398559, -1.243583160031787 ], [ 36.942685596579622, -1.243697560176672 ], [ 36.942925175235516, -1.243840701377615 ], [ 36.943057169327176, -1.243897779853327 ], [ 36.94306622064115, -1.243898829277921 ], [ 36.943471381831735, -1.243826794908708 ], [ 36.943941525383977, -1.243737934631756 ], [ 36.943991047663992, -1.243730950224216 ], [ 36.944040999931552, -1.243728615378932 ], [ 36.944267499885243, -1.243728615301454 ], [ 36.944317394422747, -1.243730944706838 ], [ 36.944366860470318, -1.243737912956848 ], [ 36.944415473214448, -1.243749460208705 ], [ 36.9444628151697, -1.243765487295243 ], [ 36.944508479764046, -1.243785856576534 ], [ 36.94455207483054, -1.243810393121895 ], [ 36.944593225975211, -1.243838886212216 ], [ 36.944594480840969, -1.243839844238924 ], [ 36.944701561427479, -1.243801095079254 ], [ 36.945406065840309, -1.243501729507613 ], [ 36.945477519850485, -1.243477145751862 ], [ 36.946014915649165, -1.243333681894216 ], [ 36.94621568406167, -1.243211835117689 ], [ 36.946265771015362, -1.243184950418276 ], [ 36.946318389436577, -1.243163516769014 ], [ 36.946372955693761, -1.243147771907691 ], [ 36.94642886455037, -1.243137890473348 ], [ 36.94686956442613, -1.243083890336872 ], [ 36.946930148255923, -1.243079933733342 ], [ 36.946990789841074, -1.243082859869275 ], [ 36.947050719769493, -1.243092631619085 ], [ 36.947146726415845, -1.243113931336292 ], [ 36.947274415973276, -1.243070036672669 ], [ 36.947674142089305, -1.242877406426947 ], [ 36.947723081258104, -1.242856738246234 ], [ 36.947773802737764, -1.242841014661371 ], [ 36.948128202612779, -1.242750114569418 ], [ 36.948182040682276, -1.242739211559951 ], [ 36.948236701592947, -1.242733879198001 ], [ 36.948291617877253, -1.242734172842577 ], [ 36.948346219416322, -1.242740089445772 ], [ 36.948399939358744, -1.242751567584339 ], [ 36.948452220005372, -1.242768488097381 ], [ 36.948502518599085, -1.242790675323378 ], [ 36.94850346452148, -1.242791151798042 ], [ 36.948526285253095, -1.242783386736585 ], [ 36.948588787221745, -1.242766255435289 ], [ 36.948652879729565, -1.242756794864368 ], [ 36.949113929771791, -1.242717027589011 ], [ 36.949590590122149, -1.242637344598454 ], [ 36.949647898238723, -1.242630911587043 ], [ 36.949705561201462, -1.242630677544453 ], [ 36.949762919005863, -1.242636645150212 ], [ 36.949907455560194, -1.242659603180932 ], [ 36.950266282585972, -1.242556755980571 ], [ 36.950312941084938, -1.242545615130967 ], [ 36.950360398745644, -1.242538692435062 ], [ 36.950408279907947, -1.242536042691137 ], [ 36.950456205559334, -1.242537686874136 ], [ 36.950909794408581, -1.242573631863473 ], [ 36.951159847713207, -1.242580941612271 ], [ 36.951223273009575, -1.24258658269377 ], [ 36.951285594791393, -1.242599712642662 ], [ 36.951741694789142, -1.242724512479599 ], [ 36.95178525762104, -1.242738454169061 ], [ 36.951827490058598, -1.242756061012486 ], [ 36.952160290105219, -1.242911760903581 ], [ 36.952218493999297, -1.242943503709301 ], [ 36.952429673871258, -1.243076176262704 ], [ 36.952721231770376, -1.243098471355923 ], [ 36.95275256341251, -1.243101796697876 ], [ 36.952979063387993, -1.243132596616717 ], [ 36.953027233963979, -1.243141405356523 ], [ 36.953381633950613, -1.243223105229094 ], [ 36.953423828075792, -1.243234663922901 ], [ 36.953464952372485, -1.243249627290249 ], [ 36.953851319347386, -1.243408327149433 ], [ 36.953981287207576, -1.243421915224274 ], [ 36.954030775319531, -1.243429440657834 ], [ 36.954079356524431, -1.243441553953094 ], [ 36.954126611914432, -1.243458150659505 ], [ 36.954172134013866, -1.243479087666765 ], [ 36.954215530292892, -1.243504184438854 ], [ 36.954256426552163, -1.243533224570685 ], [ 36.954375526594006, -1.243626424543268 ], [ 36.954416542881717, -1.24366198745146 ], [ 36.954453807814083, -1.243701512263985 ], [ 36.954486945441253, -1.243744600232755 ], [ 36.954515621451854, -1.243790816662494 ], [ 36.954539546545746, -1.243839695296116 ], [ 36.954558479352684, -1.243890743018682 ], [ 36.954572228867406, -1.243943444832148 ], [ 36.954601228913091, -1.244082744870488 ], [ 36.954604012081298, -1.244097071345031 ], [ 36.954641943336085, -1.244307305385038 ], [ 36.954994312701558, -1.244087872342038 ], [ 36.955041311884344, -1.244061768120933 ], [ 36.95509065783326, -1.244040498833084 ], [ 36.95514186107637, -1.244024275453123 ], [ 36.955194413718857, -1.244013258904441 ], [ 36.955247794480854, -1.24400755846285 ], [ 36.95530147386814, -1.244007230672673 ], [ 36.955657773806003, -1.244022930548679 ], [ 36.95570896655105, -1.244027656168113 ], [ 36.955759479144547, -1.244037269116173 ], [ 36.95580885207147, -1.244051681943997 ], [ 36.955856636184301, -1.244070763537959 ], [ 36.9559023967889, -1.244094340312496 ], [ 36.956185396850358, -1.24425774022805 ], [ 36.956219803282536, -1.244279377716941 ], [ 36.9562524952171, -1.244303558724694 ], [ 36.956523563604733, -1.244520333217005 ], [ 36.956997093636247, -1.244696742835965 ], [ 36.957040492267424, -1.24471511760639 ], [ 36.957082132114067, -1.244737234273804 ], [ 36.957388575327762, -1.244917645543046 ], [ 36.957454308520916, -1.244921337058777 ], [ 36.957547731201167, -1.244877299396506 ], [ 36.957672702510521, -1.244756502179453 ], [ 36.957895704258192, -1.244521341887276 ], [ 36.957934675426849, -1.244484146572642 ], [ 36.957977130919403, -1.244451039548842 ], [ 36.958022649196472, -1.244422349535047 ], [ 36.958070778308354, -1.244398361394058 ], [ 36.958121040382402, -1.244379313303998 ], [ 36.958172936367795, -1.24436539439338 ], [ 36.958348636309466, -1.24432759434511 ], [ 36.958400656909582, -1.244319055156501 ], [ 36.95845325744321, -1.244315670865077 ], [ 36.95850593489056, -1.244317473835382 ], [ 36.958558185496194, -1.244324446826086 ], [ 36.958609509586502, -1.244336523154854 ], [ 36.958659416348006, -1.244353587335974 ], [ 36.958707428521087, -1.244375476184776 ], [ 36.958753086964002, -1.244401980378134 ], [ 36.958795955043676, -1.244432846456191 ], [ 36.95883562281125, -1.244467779246201 ], [ 36.958867107508389, -1.244498367208299 ], [ 36.959076192205835, -1.244701255197102 ], [ 36.959094242243658, -1.24471962485111 ], [ 36.959193565356443, -1.244825641207929 ], [ 36.959361291362363, -1.24486378145562 ], [ 36.959607631264205, -1.244882200915574 ], [ 36.959620175444975, -1.244883287293781 ], [ 36.960347375345997, -1.244954887036194 ], [ 36.960397327894221, -1.244962195728512 ], [ 36.960446382069463, -1.24497417579237 ], [ 36.960494107626843, -1.244990722153331 ], [ 36.960540085974465, -1.245011689686837 ], [ 36.960583913844744, -1.245036894490983 ], [ 36.960789723202822, -1.245168487871301 ], [ 36.960843852396877, -1.24517931369124 ], [ 36.961402088555964, -1.245108704367099 ], [ 36.961835021803118, -1.245028066415421 ], [ 36.961888285308412, -1.245020887738831 ], [ 36.961941994308219, -1.245019083157766 ], [ 36.961995614894583, -1.245022670611683 ], [ 36.962048614038352, -1.245031614439124 ], [ 36.962100464887854, -1.245045825732174 ], [ 36.962150652006216, -1.245065163220357 ], [ 36.962553552054985, -1.245244063086824 ], [ 36.962597002026079, -1.245265756919661 ], [ 36.962638338469773, -1.245291294295803 ], [ 36.962677226653547, -1.245320468420185 ], [ 36.96271335167021, -1.245353043048204 ], [ 36.962746420987983, -1.24538875439875 ], [ 36.962996304318445, -1.245684206949253 ], [ 36.963319593764403, -1.245896378496863 ], [ 36.963380663626985, -1.2459430074634 ], [ 36.963743033278185, -1.246262995387285 ], [ 36.963873913214123, -1.246285371468143 ], [ 36.964232395161936, -1.246249648052048 ], [ 36.964290769605562, -1.246247034425773 ], [ 36.964349082119377, -1.246250796329269 ], [ 36.964406647363937, -1.246260889550054 ], [ 36.96474734735105, -1.246339989428126 ], [ 36.964801623107313, -1.2463556451394 ], [ 36.96485397392231, -1.246376929584067 ], [ 36.964903825342319, -1.246403609205224 ], [ 36.964950630339743, -1.246435391243797 ], [ 36.964993875315727, -1.24647192695099 ], [ 36.965170875393511, -1.246638126920861 ], [ 36.96517148237907, -1.246638697750838 ], [ 36.965308070957576, -1.246767348898492 ], [ 36.965652728377925, -1.246914270968478 ], [ 36.965733711376693, -1.246933517436316 ], [ 36.96633317349032, -1.246933607168581 ], [ 36.966968054065887, -1.246923489709862 ], [ 36.967253042384137, -1.246870772824143 ], [ 36.967510745869738, -1.24677274167676 ], [ 36.967536262831764, -1.24676376426788 ], [ 36.968289962544887, -1.246519764097133 ], [ 36.968337135605957, -1.246506836802165 ], [ 36.968385278432159, -1.246498264995636 ], [ 36.968433994914719, -1.246494119204902 ], [ 36.968482884224869, -1.246494433541041 ], [ 36.968531544111769, -1.246499205418198 ], [ 36.969235144039054, -1.246600805167486 ], [ 36.969291151970737, -1.246611967578003 ], [ 36.969345672513285, -1.24662903046166 ], [ 36.969878572549021, -1.246827530278525 ], [ 36.969928500062011, -1.246849065253765 ], [ 36.969976020516015, -1.246875548770195 ], [ 36.970020651275078, -1.246906711851683 ], [ 36.970061939051995, -1.246942237994587 ], [ 36.970099464512025, -1.24698176638224 ], [ 36.970132846531897, -1.247024895549574 ], [ 36.970161746070595, -1.247071187460535 ], [ 36.97018586961287, -1.247120171956933 ], [ 36.970204972150277, -1.247171351533516 ], [ 36.970320272287374, -1.247534951615658 ], [ 36.970333103028295, -1.247582883100127 ], [ 36.97034152697185, -1.247631794381918 ], [ 36.970345473583009, -1.247681275920907 ], [ 36.970344909816014, -1.247730913402047 ], [ 36.970339840391105, -1.247780291204575 ], [ 36.970287540425623, -1.248131591329006 ], [ 36.970277076002567, -1.248184065344467 ], [ 36.970261525273642, -1.248235246162767 ], [ 36.970241039596232, -1.248284635633552 ], [ 36.970215818360344, -1.248331753041973 ], [ 36.970186107047923, -1.248376139787511 ], [ 36.970003806967604, -1.248621439846122 ], [ 36.969969242807913, -1.248663379923985 ], [ 36.969930672824482, -1.248701618494716 ], [ 36.969644972687888, -1.248957718518323 ], [ 36.969608081488936, -1.248987957421906 ], [ 36.969303451164365, -1.249215909270144 ], [ 36.969304097695606, -1.24922310425927 ], [ 36.969325269792172, -1.249259307655865 ], [ 36.969674922008821, -1.249411651582701 ], [ 36.969706041133236, -1.249426414369958 ], [ 36.969940741173176, -1.249547114296136 ], [ 36.969986081216312, -1.249573296397823 ], [ 36.970028688210078, -1.249603775892686 ], [ 36.970357288326149, -1.249863875818187 ], [ 36.970393055016494, -1.249894829545216 ], [ 36.970425995847371, -1.249928812219174 ], [ 36.970455858521497, -1.249965563563664 ], [ 36.970764248128539, -1.250380932677903 ], [ 36.970907626956603, -1.25049385829133 ], [ 36.970982570692719, -1.250527002477419 ], [ 36.970999905033359, -1.250526117851418 ], [ 36.971016106649756, -1.250518719714453 ], [ 36.971039750058736, -1.250489998902705 ], [ 36.971135025884521, -1.250341294195454 ], [ 36.971167262637096, -1.250296224517693 ], [ 36.971363362548551, -1.250049724571909 ], [ 36.971404421825135, -1.250003748001771 ], [ 36.971450411485087, -1.249962771596056 ], [ 36.971500734321495, -1.249927327461775 ], [ 36.971850705064128, -1.249709627643412 ], [ 36.972163950252927, -1.249396119249586 ], [ 36.972200721453561, -1.249362561239737 ], [ 36.972240403917027, -1.2493325502108 ], [ 36.97228266110627, -1.249306340679172 ], [ 36.972327134648602, -1.249284154921751 ], [ 36.97275213446953, -1.249096154850556 ], [ 36.972782804462277, -1.249083703308536 ], [ 36.973369060968537, -1.248866492177519 ], [ 36.973616064846262, -1.248432431778925 ], [ 36.97374080394836, -1.24783163169393 ], [ 36.973754881095147, -1.247777794163694 ], [ 36.973774366020344, -1.247725692174924 ], [ 36.973799053531586, -1.247675874404374 ], [ 36.973828683649067, -1.247628865474188 ], [ 36.973862944343331, -1.247585160427125 ], [ 36.974329658037654, -1.247048848971861 ], [ 36.974567083924768, -1.246479306877786 ], [ 36.974571470297569, -1.246469080312985 ], [ 36.974745784255667, -1.246073877577872 ], [ 36.974760436225935, -1.245651854716604 ], [ 36.974764336226322, -1.245602977635527 ], [ 36.974772605133893, -1.245554654649023 ], [ 36.974785175393279, -1.245507280545523 ], [ 36.974801944308041, -1.245461242361243 ], [ 36.974822774879677, -1.245416916218256 ], [ 36.974847496926877, -1.245374664251695 ], [ 36.975112696818336, -1.24496496436274 ], [ 36.975145777329864, -1.24491925814015 ], [ 36.975183405184602, -1.2448772661054 ], [ 36.97522517154777, -1.244839444511375 ], [ 36.975270622618844, -1.244806204298341 ], [ 36.975319264562096, -1.244777906628915 ], [ 36.9753705688723, -1.244754858963948 ], [ 36.975961268634158, -1.244525858848762 ], [ 36.976009975830515, -1.244509610672471 ], [ 36.976059997420222, -1.244498097951631 ], [ 36.976110880044963, -1.244491425029417 ], [ 36.976162162542572, -1.244489652384676 ], [ 36.976487421306246, -1.244494003067811 ], [ 36.977850704243146, -1.243940419421127 ], [ 36.978535354765505, -1.243487928342116 ], [ 36.978590243288622, -1.243456131981557 ], [ 36.978648458386679, -1.243431035078535 ], [ 36.979300458129899, -1.243194534943724 ], [ 36.979358820429333, -1.243177045322001 ], [ 36.97941877030609, -1.243166293210583 ], [ 36.980339954390487, -1.243054661143079 ], [ 36.980635594692394, -1.243005083097374 ], [ 36.980839434229289, -1.242916822030149 ], [ 36.981228952683935, -1.242515301441822 ], [ 36.981267154493672, -1.242479558377573 ], [ 36.981308609925726, -1.242447699122508 ], [ 36.981352930774833, -1.242420022019853 ], [ 36.98139970200279, -1.242396786249512 ], [ 36.981967601765461, -1.242148286153369 ], [ 36.982018419506723, -1.24212905050073 ], [ 36.982070902081951, -1.242115058012797 ], [ 36.982124516980463, -1.242106450663918 ], [ 36.982709416821137, -1.242042750483722 ], [ 36.982774212017048, -1.242039645578519 ], [ 36.982838908548956, -1.242044397796784 ], [ 36.983443108482291, -1.242125797583283 ], [ 36.98350711726566, -1.242138428943322 ], [ 36.983569141391158, -1.242158750016389 ], [ 36.984214841445215, -1.242414749798422 ], [ 36.984274492342927, -1.242442746658592 ], [ 36.984330308174265, -1.242477852530239 ], [ 36.984697422903309, -1.242741430282906 ], [ 36.985186601586726, -1.242866098218167 ], [ 36.985235538418195, -1.242881090083925 ], [ 36.985282842839041, -1.242900683713158 ], [ 36.985328088778516, -1.242924702626591 ], [ 36.985370868706447, -1.242952930486384 ], [ 36.985410797303977, -1.242985113044663 ], [ 36.985447514934052, -1.243020960433523 ], [ 36.985480690880742, -1.243060149775925 ], [ 36.985911991144221, -1.243621549766514 ], [ 36.985937210903124, -1.243657270248856 ], [ 36.98595948398772, -1.243694922922721 ], [ 36.986130031850244, -1.244011677540684 ], [ 36.986276119738754, -1.244152120768675 ], [ 36.986476625998307, -1.244146324624278 ], [ 36.986523245873954, -1.244147007493071 ], [ 36.986569632694014, -1.244151742979075 ], [ 36.986615439356221, -1.244160495648017 ], [ 36.986958639343925, -1.24424169552644 ], [ 36.987007826776548, -1.244255843114074 ], [ 36.987055460088072, -1.244274620434085 ], [ 36.987101110196761, -1.244297858340506 ], [ 36.987144365885513, -1.244325347506305 ], [ 36.987184837506121, -1.244356840308962 ], [ 36.987222160489196, -1.244392053061055 ], [ 36.987594365919882, -1.244778208840899 ], [ 36.987669424931219, -1.244841083345715 ], [ 36.987718102215709, -1.244846206286755 ], [ 36.988968600823057, -1.244726343627392 ], [ 36.989028789736139, -1.244723977314633 ], [ 36.989088865132288, -1.244728385235417 ], [ 36.989749631096096, -1.244814438266128 ], [ 36.990426091350393, -1.244612136783193 ], [ 36.991131817261589, -1.24430130274552 ], [ 36.991180307790401, -1.244282690183762 ], [ 36.991230352011677, -1.244268857665939 ], [ 36.991281485982661, -1.244259933429018 ], [ 36.991333235657827, -1.244256000207021 ], [ 36.991385121283606, -1.244257094464002 ], [ 36.991436661845967, -1.244263206055952 ], [ 36.991618161830203, -1.244293705991753 ], [ 36.991667175743451, -1.24430432185421 ], [ 36.991714997603616, -1.244319475578271 ], [ 36.991761213648957, -1.244339036052196 ], [ 36.991805424011396, -1.24436283403626 ], [ 36.991847246176228, -1.244390663627229 ], [ 36.991886318291684, -1.244422284039674 ], [ 36.991922302299784, -1.244457421689438 ], [ 36.992108187346098, -1.244656644414232 ], [ 36.992140992147661, -1.244680785151013 ], [ 36.992191009767311, -1.244669414089946 ], [ 36.99264458312588, -1.244479724501159 ], [ 36.992682852794111, -1.244465405101157 ], [ 36.992722089572446, -1.244454042417683 ], [ 36.993107548468984, -1.244358166338104 ], [ 36.9935978846136, -1.243985082484431 ], [ 36.993864419974933, -1.243757097140678 ], [ 36.994269549972898, -1.243078254826999 ], [ 36.994301321974604, -1.243030866927964 ], [ 36.994337872134174, -1.24298710733825 ], [ 36.994378794569187, -1.242947461999985 ], [ 36.99442363484394, -1.242912371167384 ], [ 36.995033434560312, -1.242485071151655 ], [ 36.995069875029564, -1.242461662583523 ], [ 36.995108062128196, -1.242441268601425 ], [ 36.995931661775288, -1.242043168482861 ], [ 36.995969960676014, -1.24202646075197 ], [ 36.996009429304472, -1.242012786135834 ], [ 36.996743729033604, -1.241789985965524 ], [ 36.996795213046695, -1.241777109171178 ], [ 36.996847705357006, -1.241769388702325 ], [ 36.996900697469407, -1.24176689934796 ], [ 36.996953676047035, -1.241769665223068 ], [ 36.997006127884077, -1.241777659535039 ], [ 36.997057544877151, -1.241790804843081 ], [ 36.997107428947331, -1.241808973808487 ], [ 36.997588851476493, -1.242011810256329 ], [ 36.997877801899314, -1.242087551694458 ], [ 36.997879340518537, -1.242087461789449 ], [ 36.997891523536239, -1.242056107617845 ], [ 36.997910147255745, -1.242013632162875 ], [ 36.997932311064005, -1.241972914970981 ], [ 36.997957852632751, -1.24193425425591 ], [ 36.998052054279214, -1.24180411031653 ], [ 36.998225515587862, -1.241456568476878 ], [ 36.99830134023685, -1.241103298306911 ], [ 36.998337695426599, -1.240768720313526 ], [ 36.998349468583605, -1.240700739545397 ], [ 36.998467468599266, -1.240207339717981 ], [ 36.998483694664372, -1.240152421087645 ], [ 36.998505584867722, -1.240099531162192 ], [ 36.998532895042665, -1.240049259883736 ], [ 36.998565320567494, -1.2400021679856 ], [ 36.998602499763152, -1.239958780737952 ], [ 36.998644017927553, -1.239919582088774 ], [ 36.998928417793479, -1.239678182104782 ], [ 36.99896394455493, -1.23965049271995 ], [ 36.999291944402323, -1.239416192713965 ], [ 36.999343619421722, -1.239383541859139 ], [ 36.99939862961557, -1.239356978284293 ], [ 36.999456270097006, -1.239336842369176 ], [ 36.999873869946185, -1.239217142269371 ], [ 36.999926388240326, -1.239204909538817 ], [ 36.999979857876419, -1.239198017959705 ], [ 37.000033744033509, -1.239196536464419 ], [ 37.000087507724366, -1.239200479871883 ], [ 37.000140611186602, -1.239209808739386 ], [ 37.00091171772543, -1.23938566752031 ], [ 37.001670712494942, -1.239132781246564 ], [ 37.001710491460315, -1.239121213618001 ], [ 37.001751035285963, -1.239112753534221 ], [ 37.00241772753084, -1.239000327027048 ], [ 37.002905177510399, -1.238675164198799 ], [ 37.00333643789039, -1.238082832631236 ], [ 37.003370397213487, -1.23804077016685 ], [ 37.003408356960236, -1.238002328117787 ], [ 37.003449938253688, -1.237967890175217 ], [ 37.003494726070208, -1.237937800065306 ], [ 37.003542273381761, -1.237912358118463 ], [ 37.003592105617713, -1.237891818271721 ], [ 37.003643725401524, -1.23787638553426 ], [ 37.00500092493732, -1.237543885186892 ], [ 37.005053883929122, -1.237533704150962 ], [ 37.005107588533683, -1.237528899315943 ], [ 37.005161501381089, -1.23752951875974 ], [ 37.00521508301766, -1.237535556284677 ], [ 37.005267797303688, -1.237546951479625 ], [ 37.006217158721675, -1.237802776351126 ], [ 37.006306420450628, -1.237720956909043 ], [ 37.006443006235365, -1.237428899559763 ], [ 37.006600732400081, -1.23698700095957 ], [ 37.00681522570104, -1.236385919841517 ], [ 37.006834290368651, -1.236339399044613 ], [ 37.006857555793104, -1.236294856409905 ], [ 37.006884821789193, -1.236252675200452 ], [ 37.006915853749184, -1.236213218360711 ], [ 37.006950384661494, -1.23617682539356 ], [ 37.006988117408163, -1.236143809439124 ], [ 37.007028727321334, -1.236114454580383 ], [ 37.007071864976872, -1.236089013398829 ], [ 37.007117159200867, -1.236067704801068 ], [ 37.007621358995706, -1.235858604711304 ], [ 37.007681093846294, -1.235837863783706 ], [ 37.007742829888272, -1.235824301764607 ], [ 37.008284629726717, -1.235738401608581 ], [ 37.008328394158035, -1.235733297573913 ], [ 37.009229507724761, -1.235665623951746 ], [ 37.00948511326898, -1.235620188520448 ], [ 37.009776284744497, -1.235545497829025 ], [ 37.009825491175782, -1.235535307205708 ], [ 37.009875426527458, -1.235529771898531 ], [ 37.00992565700988, -1.235528939993297 ], [ 37.009975746269518, -1.235532818717217 ], [ 37.010289746232623, -1.235572018607901 ], [ 37.010347019607991, -1.235582353977851 ], [ 37.010402852356336, -1.235598843058521 ], [ 37.010456593817352, -1.235621293691145 ], [ 37.010718293854914, -1.235747693608311 ], [ 37.010776922788686, -1.235780683435265 ], [ 37.011605169253436, -1.236317507715748 ], [ 37.011679088457306, -1.236349596356924 ], [ 37.011707885595456, -1.236351659275555 ], [ 37.011726096694076, -1.236349437853919 ], [ 37.011808506563575, -1.236308278926761 ], [ 37.012064232073328, -1.236161802934226 ], [ 37.012294056543581, -1.235874834941536 ], [ 37.012336665093144, -1.235827608579312 ], [ 37.012384486923978, -1.235785742844683 ], [ 37.013278761651378, -1.235091427186454 ], [ 37.013411688096774, -1.234766613214467 ], [ 37.013262611957686, -1.234510671925279 ], [ 37.013239096331176, -1.234465571527851 ], [ 37.013219886632179, -1.234418450212779 ], [ 37.013205152184554, -1.234369723331844 ], [ 37.013033452418327, -1.233688623501337 ], [ 37.013022973277366, -1.233636428688972 ], [ 37.013017628558941, -1.233583451288869 ], [ 37.013017469755752, -1.233530201705577 ], [ 37.013047400594353, -1.232877117402478 ], [ 37.012946784522711, -1.232137827131431 ], [ 37.012942042248604, -1.232080545478324 ], [ 37.012943348053305, -1.232023080332049 ], [ 37.012950687277517, -1.231966076794301 ], [ 37.012963977531079, -1.231910174784788 ], [ 37.012983069617853, -1.23185600185748 ], [ 37.013007749210622, -1.231804166155763 ], [ 37.01333944909517, -1.231192866337581 ], [ 37.013362264890887, -1.231154641857749 ], [ 37.013388122585461, -1.231118432482619 ], [ 37.013416847478105, -1.231084482851569 ], [ 37.014126866883942, -1.230312023347824 ], [ 37.015080764675105, -1.229156074437936 ], [ 37.015121035376715, -1.229112395548577 ], [ 37.015165822562146, -1.229073425445845 ], [ 37.015214585901525, -1.229039634280646 ], [ 37.015457276032578, -1.228890540258753 ], [ 37.015994866177657, -1.228560246125824 ], [ 37.016040665843114, -1.228535085032052 ], [ 37.016088668041554, -1.228514499055315 ], [ 37.016138422939314, -1.228498681109449 ], [ 37.016189464277893, -1.228487779426571 ], [ 37.016241313743421, -1.228481896168053 ], [ 37.016293485448848, -1.228481086466996 ], [ 37.016345490487318, -1.228485357911699 ], [ 37.016396841513739, -1.228494670474445 ], [ 37.016447057311716, -1.228508936886626 ], [ 37.016495667303126, -1.228528023456504 ], [ 37.016542215957926, -1.228551751322049 ], [ 37.016586267063005, -1.228579898127055 ], [ 37.017043638539022, -1.228904430899577 ], [ 37.017382214945606, -1.228572285276736 ], [ 37.017475910191472, -1.228363654591793 ], [ 37.017270409237071, -1.227905880409271 ], [ 37.017250552421835, -1.227854946423786 ], [ 37.017235893851201, -1.227802258359228 ], [ 37.017226582627856, -1.227748352144748 ], [ 37.017222713462694, -1.227693776100204 ], [ 37.017224325711467, -1.227639085358691 ], [ 37.017231402974488, -1.227584836219928 ], [ 37.017243873263467, -1.227531580491786 ], [ 37.017310557765889, -1.22729983442575 ], [ 37.017367242287548, -1.227102688323259 ], [ 37.017385032160696, -1.22705080391806 ], [ 37.017407939667443, -1.227000994294542 ], [ 37.017435730328302, -1.22695376930014 ], [ 37.017468119680288, -1.226909612326254 ], [ 37.017504776188623, -1.226868975360358 ], [ 37.017545324640302, -1.226832274359423 ], [ 37.017589349984725, -1.226799884992305 ], [ 37.017636401582074, -1.226772138794341 ], [ 37.018097801382389, -1.226530738738203 ], [ 37.018145990599663, -1.226508484607592 ], [ 37.018196118946946, -1.226491103376197 ], [ 37.018247701390948, -1.226478763222373 ], [ 37.018300238828687, -1.226471583547839 ], [ 37.018353222916765, -1.226469633822406 ], [ 37.01877702283484, -1.226475033681671 ], [ 37.018831219023191, -1.226478477782616 ], [ 37.018884795847704, -1.226487393168286 ], [ 37.019887753804504, -1.226707037522153 ], [ 37.020508657032174, -1.226549750269443 ], [ 37.021205832196429, -1.226254619805309 ], [ 37.021256236928082, -1.226236195100071 ], [ 37.021308211180362, -1.226222902756965 ], [ 37.021361240492304, -1.226214874349166 ], [ 37.021414799959466, -1.226212189345478 ], [ 37.021886899864285, -1.226212189190101 ], [ 37.021940441648383, -1.226214872380536 ], [ 37.021993453810289, -1.226222895455316 ], [ 37.022045411962672, -1.226236179052057 ], [ 37.0220958021442, -1.226254591772159 ], [ 37.022144125903495, -1.226277951480572 ], [ 37.022189905229773, -1.226306027107394 ], [ 37.022643605355817, -1.226616426990205 ], [ 37.022689688076362, -1.226651741829584 ], [ 37.022731739899115, -1.22669182969474 ], [ 37.022769275253438, -1.226736227693655 ], [ 37.023056193302317, -1.227115098603506 ], [ 37.023131250714265, -1.22717377056436 ], [ 37.023317453251437, -1.227159307790754 ], [ 37.02370753872372, -1.226990912347095 ], [ 37.023717594316487, -1.226986692047289 ], [ 37.025376695352925, -1.226310100508068 ], [ 37.026022360413627, -1.225580445522447 ], [ 37.026661209306766, -1.224762273889165 ], [ 37.026696282724807, -1.224721672890634 ], [ 37.026735179190467, -1.224684768163319 ], [ 37.026777516156052, -1.224651922666498 ], [ 37.027491015829568, -1.224153122647855 ], [ 37.027532478447235, -1.22412686456413 ], [ 37.027576138400242, -1.224104503833969 ], [ 37.027621635058274, -1.224086225156913 ], [ 37.02766859261984, -1.224072179514849 ], [ 37.028551747282897, -1.223851435318514 ], [ 37.028820856669775, -1.223651723394508 ], [ 37.0289662003239, -1.222958224471673 ], [ 37.028979726986776, -1.222906470463728 ], [ 37.028998253802648, -1.222856309597712 ], [ 37.029290053730449, -1.222171709818134 ], [ 37.029313896260966, -1.222122727113504 ], [ 37.029342505070723, -1.22207640170555 ], [ 37.029375590962644, -1.222033201882783 ], [ 37.029412819482374, -1.221993564338245 ], [ 37.029453814299103, -1.2219578897551 ], [ 37.029498161009769, -1.221926538756378 ], [ 37.029545411328122, -1.221899828259395 ], [ 37.029898430229146, -1.221723146911183 ], [ 37.030133227670866, -1.221523862182933 ], [ 37.030173914825909, -1.221492533941792 ], [ 37.030217373085861, -1.221465234888984 ], [ 37.030263209904824, -1.221442211609329 ], [ 37.030311011252046, -1.221423672065904 ], [ 37.03036034535171, -1.221409783721501 ], [ 37.030773245215109, -1.221314583614833 ], [ 37.03080382339644, -1.221308464385994 ], [ 37.03118672328128, -1.221243364278493 ], [ 37.031247641980634, -1.221236564197626 ], [ 37.031473235265217, -1.221224389981522 ], [ 37.031650989651261, -1.221084843996522 ], [ 37.031844631017854, -1.220735614714289 ], [ 37.031872574351638, -1.22069055507933 ], [ 37.03267187402281, -1.219532055369585 ], [ 37.032705002338858, -1.219488851782493 ], [ 37.033110302157965, -1.219011951875052 ], [ 37.033121798483599, -1.218998857549027 ], [ 37.033371715983094, -1.218723275928606 ], [ 37.033433153436818, -1.21845231726986 ], [ 37.033370677028024, -1.218207019769689 ], [ 37.033360175736348, -1.218155537868994 ], [ 37.033354672923451, -1.218103274813048 ], [ 37.033354220230805, -1.218050721070765 ], [ 37.033358821906447, -1.217998369838991 ], [ 37.033367021912767, -1.217938369859546 ], [ 37.033376678139469, -1.217886529127229 ], [ 37.033391290234796, -1.217835877176009 ], [ 37.033410720085769, -1.217786892765841 ], [ 37.033666937672692, -1.217222318837204 ], [ 37.033742716652903, -1.216547013357094 ], [ 37.033747602325256, -1.216496220888166 ], [ 37.033754757658826, -1.21644622999034 ], [ 37.033766500919455, -1.216397125489348 ], [ 37.033782730325612, -1.216349332984551 ], [ 37.033803305213425, -1.216303266704013 ], [ 37.033828047255831, -1.216259325914173 ], [ 37.03385674200819, -1.216217891459481 ], [ 37.033889140766902, -1.216179322461453 ], [ 37.033924962724981, -1.216143953206117 ], [ 37.034139464405158, -1.215951041558174 ], [ 37.034353866129649, -1.215758029957412 ], [ 37.034405485183143, -1.215716981866739 ], [ 37.036014784450117, -1.214590681824921 ], [ 37.036051479967725, -1.214567152484614 ], [ 37.037507488958717, -1.213714684088676 ], [ 37.0376170253937, -1.213545913893559 ], [ 37.037001103309372, -1.213621343950286 ], [ 37.036949910185669, -1.213625135106382 ], [ 37.036898590906823, -1.213624007591596 ], [ 37.036847610909646, -1.213617971632312 ], [ 37.036797432553769, -1.213607081971715 ], [ 37.036748510928298, -1.21359143737326 ], [ 37.036701289724427, -1.213571179724991 ], [ 37.036656197211357, -1.213546492752625 ], [ 37.036613642352229, -1.213517600353249 ], [ 37.036490564338905, -1.213425159158322 ], [ 37.036394448503657, -1.213389449223478 ], [ 37.036347815909103, -1.213369571353262 ], [ 37.036303242631874, -1.213345376207938 ], [ 37.036261122142243, -1.213317077370485 ], [ 37.036221826258441, -1.213284924649078 ], [ 37.036185701864405, -1.213249201872043 ], [ 37.036173652044177, -1.213234809780784 ], [ 37.036165277477885, -1.213233751313168 ], [ 37.03611291078802, -1.213221709007859 ], [ 37.036061995007231, -1.213204480309088 ], [ 37.036020094255839, -1.213185443239801 ], [ 37.035970537634427, -1.213212354889936 ], [ 37.035962609392918, -1.213216574974515 ], [ 37.035715109286919, -1.213345674944426 ], [ 37.035666513560969, -1.213368021459411 ], [ 37.035615958570951, -1.213385415893692 ], [ 37.035563941026943, -1.2133976873449 ], [ 37.035510972008773, -1.21340471524481 ], [ 37.035457571944541, -1.213406430543799 ], [ 37.035404265497348, -1.213402816389343 ], [ 37.035351576410392, -1.21339390829151 ], [ 37.035300022361128, -1.213379793774093 ], [ 37.035250109874966, -1.213360611514642 ], [ 37.035188209882044, -1.213333211494784 ], [ 37.035138517737686, -1.21330805971012 ], [ 37.035091665438756, -1.213277887453239 ], [ 37.035048151905016, -1.213243016022468 ], [ 37.035008440502331, -1.213203816756541 ], [ 37.035001114340432, -1.213195797789701 ], [ 37.034984821436566, -1.213191726878856 ], [ 37.034936491704364, -1.213174606269809 ], [ 37.034889995380389, -1.213152944294345 ], [ 37.034845752588318, -1.213126936682579 ], [ 37.034804163089674, -1.213096818430154 ], [ 37.034733993312706, -1.213040721939865 ], [ 37.03466606650241, -1.212987013181569 ], [ 37.034646036375833, -1.212990514580678 ], [ 37.034591815959963, -1.212994399646729 ], [ 37.034537482493853, -1.212992768335049 ], [ 37.034483588566388, -1.212985637237125 ], [ 37.0343940885599, -1.212969137206121 ], [ 37.034344748156315, -1.212957605494209 ], [ 37.034296701120638, -1.212941462894525 ], [ 37.034250371772245, -1.212920851968165 ], [ 37.034206169260976, -1.212895954737521 ], [ 37.034164483953745, -1.212866991078689 ], [ 37.034125683987114, -1.212834216779707 ], [ 37.034020484031188, -1.21273651676192 ], [ 37.033981175370101, -1.212695987636273 ], [ 37.033946279097933, -1.212651554445817 ], [ 37.033916175566063, -1.212603701490329 ], [ 37.033891192887367, -1.212552950343156 ], [ 37.033871603359948, -1.212499854166396 ], [ 37.033857620499248, -1.212444991681713 ], [ 37.033828891013663, -1.21230152532341 ], [ 37.033782478416363, -1.212122069253404 ], [ 37.03377174509059, -1.212070358848724 ], [ 37.033766059392242, -1.212017842890997 ], [ 37.033765475231036, -1.211965019320306 ], [ 37.033766945447141, -1.211925656593861 ], [ 37.033748074663713, -1.211911537765349 ], [ 37.033708173081521, -1.211874906076412 ], [ 37.033474473189941, -1.211637706044696 ], [ 37.033438287045144, -1.211597081538132 ], [ 37.033406337959704, -1.211553004160455 ], [ 37.033378949079236, -1.211505919728423 ], [ 37.033356397425521, -1.211456304473274 ], [ 37.033338911094702, -1.211404660223926 ], [ 37.033263814657403, -1.211139957417027 ], [ 37.033242702318518, -1.211133806369221 ], [ 37.033025202331679, -1.211054006296591 ], [ 37.032979439374657, -1.21103477188071 ], [ 37.032935626530723, -1.211011385391614 ], [ 37.03289413469593, -1.210984044807224 ], [ 37.032870778426265, -1.210965355239291 ], [ 37.032706088270821, -1.211021056612728 ], [ 37.032653310921624, -1.211035947711764 ], [ 37.032599303914537, -1.211045366884116 ], [ 37.032544625737316, -1.211049216726466 ], [ 37.032489841818233, -1.211047457428039 ], [ 37.03243551867893, -1.211040107182366 ], [ 37.032382218075995, -1.211027241998995 ], [ 37.032372459373107, -1.211023799536785 ], [ 37.03233884654567, -1.21102698467796 ], [ 37.03223904652328, -1.211030984646161 ], [ 37.032228291749277, -1.211030898018436 ], [ 37.0322024903694, -1.211045161127636 ], [ 37.032155998857831, -1.211065401425345 ], [ 37.032107824911783, -1.211081159603043 ], [ 37.032058393991207, -1.211092296488948 ], [ 37.032046143972359, -1.211093860850864 ], [ 37.032004718651883, -1.211116719713304 ], [ 37.031953520496131, -1.211138409008209 ], [ 37.031900376397218, -1.211154679483782 ], [ 37.031824248005528, -1.211173734134835 ], [ 37.031810224295633, -1.211183260504382 ], [ 37.03157904969477, -1.211397340501001 ], [ 37.031538009478048, -1.211431728037978 ], [ 37.031493790042063, -1.211461859449972 ], [ 37.031446825407592, -1.211487438992837 ], [ 37.031397576539909, -1.211508215599794 ], [ 37.031346526824358, -1.211523985345712 ], [ 37.031145826756017, -1.211575185295773 ], [ 37.031094815677982, -1.21158558927853 ], [ 37.03104304544933, -1.211590992682883 ], [ 37.030990998796881, -1.211591345125765 ], [ 37.030939161024797, -1.21158664332134 ], [ 37.030771261007374, -1.211563143263364 ], [ 37.030707208407449, -1.21155015367186 ], [ 37.030645188015583, -1.211529458671081 ], [ 37.030467756260926, -1.211457969595249 ], [ 37.030467527556922, -1.211458348348852 ], [ 37.03043481602284, -1.211501942714727 ], [ 37.030397914367043, -1.211542004790656 ], [ 37.030357196782575, -1.211578128336413 ], [ 37.030313076157078, -1.211609947049603 ], [ 37.030265999885962, -1.211637138280087 ], [ 37.03010409981686, -1.211720038259464 ], [ 37.030056419518587, -1.211741590823546 ], [ 37.03000688938311, -1.211758393799501 ], [ 37.029839589323885, -1.211806193759987 ], [ 37.029788661009938, -1.211818091712442 ], [ 37.029736827018453, -1.211824967441531 ], [ 37.029549426971457, -1.211840567383758 ], [ 37.029501333648142, -1.211842400817406 ], [ 37.029453269557877, -1.211839909022551 ], [ 37.02940561790421, -1.211833111866023 ], [ 37.029358758602349, -1.211822063540314 ], [ 37.029358303701365, -1.211821912102868 ], [ 37.029328748093626, -1.211826455863779 ], [ 37.029276142168243, -1.211829306775278 ], [ 37.029223511004524, -1.211826975078799 ], [ 37.029215902549815, -1.21182588210061 ], [ 37.029210773006334, -1.211827598876875 ], [ 37.029161474724901, -1.21184151873543 ], [ 37.029111086620738, -1.211850667639449 ], [ 37.029060063376946, -1.211854963033122 ], [ 37.029008865407818, -1.211854366156945 ], [ 37.028957954704218, -1.21184888239731 ], [ 37.028907790664739, -1.211838561238051 ], [ 37.02885882595028, -1.211823495813733 ], [ 37.028811502399392, -1.211803822069372 ], [ 37.028766247041297, -1.2117797175336 ], [ 37.028723468242575, -1.211751399716759 ], [ 37.02865686826307, -1.211702599700754 ], [ 37.028617998965665, -1.211671253941746 ], [ 37.02851164962955, -1.211577047566638 ], [ 37.028419982343763, -1.211497650656735 ], [ 37.028293760055512, -1.211582266081515 ], [ 37.028292416602142, -1.211584598697142 ], [ 37.02826134930983, -1.211628027422956 ], [ 37.028226182137182, -1.211668164100342 ], [ 37.028187257273729, -1.211704618184948 ], [ 37.028144953472712, -1.211737034965493 ], [ 37.028099682365692, -1.211765099015217 ], [ 37.028051884457199, -1.211788537261028 ], [ 37.028002024838401, -1.211807121640677 ], [ 37.027939924815612, -1.211826821626842 ], [ 37.027880173306883, -1.211842057178359 ], [ 37.027819084308227, -1.211850326834466 ], [ 37.027757456719549, -1.21185152244836 ], [ 37.02766845670407, -1.211848122418561 ], [ 37.027667785086372, -1.211848096338935 ], [ 37.02751982620164, -1.21184225794522 ], [ 37.027487951455811, -1.211856566827433 ], [ 37.027470813941243, -1.211863905422022 ], [ 37.027251113853545, -1.211953505382391 ], [ 37.027197666118767, -1.211972081890523 ], [ 37.027142578973844, -1.211984920450014 ], [ 37.027086458668009, -1.211991879769601 ], [ 37.026961958637706, -1.212000679730752 ], [ 37.026905977463109, -1.212001702391701 ], [ 37.026850192923206, -1.211996874373503 ], [ 37.026795206965765, -1.211986247773885 ], [ 37.026741612921278, -1.211969937260646 ], [ 37.026689989100525, -1.211948118834254 ], [ 37.026640892554298, -1.211921027928726 ], [ 37.026610912722489, -1.211900144012018 ], [ 37.026478211125053, -1.211898487680755 ], [ 37.026369804792409, -1.211934246816871 ], [ 37.026224741501537, -1.212036116465531 ], [ 37.026118419115697, -1.212172816636659 ], [ 37.026085177758745, -1.212211629472803 ], [ 37.026048446390028, -1.212247112427211 ], [ 37.026008552719972, -1.212278948927876 ], [ 37.025965852672442, -1.212306854935872 ], [ 37.025920727209311, -1.212330581479384 ], [ 37.025873578931495, -1.21234991687504 ], [ 37.025786978898424, -1.212380716857244 ], [ 37.025739194739828, -1.212395244296364 ], [ 37.025690280257265, -1.21240526016372 ], [ 37.025640654961641, -1.212410678559549 ], [ 37.025590744460018, -1.212411453013821 ], [ 37.025540976805409, -1.212407576884949 ], [ 37.025491778825661, -1.212399083416609 ], [ 37.025443572462748, -1.212386045452687 ], [ 37.025386272464345, -1.212367645433161 ], [ 37.025337688399148, -1.212349409217145 ], [ 37.025291070122314, -1.212326558570465 ], [ 37.025246849067415, -1.212299304967209 ], [ 37.025211061248015, -1.212272167358921 ], [ 37.025099429033475, -1.212359478784764 ], [ 37.025057260338535, -1.21238931848848 ], [ 37.025012452475295, -1.212414967330851 ], [ 37.02496541525624, -1.212436190728133 ], [ 37.024916578883548, -1.212452794571686 ], [ 37.024866390014331, -1.212464627003304 ], [ 37.024851509451018, -1.212466652392158 ], [ 37.024774353620074, -1.212503655671748 ], [ 37.024723398142712, -1.212524945348804 ], [ 37.024670547364785, -1.212540880711226 ], [ 37.024616355013777, -1.212551294801807 ], [ 37.024561388873003, -1.212556078510756 ], [ 37.024535507043716, -1.212555657754627 ], [ 37.024496020290123, -1.212569025899329 ], [ 37.024446246878277, -1.21258073486293 ], [ 37.024395595313912, -1.212587645659181 ], [ 37.024344521115133, -1.212589696138573 ], [ 37.024293483600822, -1.212586867861213 ], [ 37.02428826267591, -1.212586074359303 ], [ 37.023666528216346, -1.212728934010018 ], [ 37.023166594007762, -1.212889219550072 ], [ 37.02311618582408, -1.212902714983976 ], [ 37.022179536883037, -1.213105198330609 ], [ 37.021941321134051, -1.213233900265118 ], [ 37.021896193715442, -1.213255629527189 ], [ 37.021849259138897, -1.213273054127598 ], [ 37.021800921698308, -1.213286023971407 ], [ 37.021751597771789, -1.213294427337011 ], [ 37.021701712234936, -1.213298191838338 ], [ 37.021425394257079, -1.213306095862723 ], [ 37.021380491011904, -1.213318139044065 ], [ 37.021017388374787, -1.213560262756446 ], [ 37.02097340317551, -1.213586655930782 ], [ 37.020927127999748, -1.213608728656403 ], [ 37.020878980537198, -1.213626281700571 ], [ 37.020674380462381, -1.213689981654285 ], [ 37.020617159430607, -1.213704396310588 ], [ 37.020558716118288, -1.213712431294262 ], [ 37.020361827633955, -1.213728520015201 ], [ 37.020337027155762, -1.213745036576541 ], [ 37.020285704589419, -1.213775257964022 ], [ 37.020231387010796, -1.213799605558025 ], [ 37.02017473544791, -1.213817783056599 ], [ 37.020116439332568, -1.213829569245975 ], [ 37.019791539239435, -1.213876669151366 ], [ 37.019743375853203, -1.213881441833537 ], [ 37.01969498128345, -1.213881846977423 ], [ 37.019646745688739, -1.21387788131713 ], [ 37.019599057945889, -1.213869576824322 ], [ 37.019449903592133, -1.213836599613262 ], [ 37.019098431322817, -1.213797741076087 ], [ 37.018944401711806, -1.21384065219627 ], [ 37.018880769901671, -1.213871634410249 ], [ 37.018864301633741, -1.21389113678063 ], [ 37.018827046890202, -1.213930993572323 ], [ 37.018785992404467, -1.213966870051702 ], [ 37.018741555897556, -1.213998401183342 ], [ 37.018694189501851, -1.214025266144879 ], [ 37.01864437516074, -1.214047191591328 ], [ 37.018636044778063, -1.214049889683178 ], [ 37.01858400086634, -1.214097050097761 ], [ 37.018102429761342, -1.214762446599706 ], [ 37.017969666618278, -1.215022641366042 ], [ 37.017941078808356, -1.21507206974622 ], [ 37.017907479823947, -1.215118194198818 ], [ 37.01786924309242, -1.215160502085611 ], [ 37.017826793586273, -1.215198523186656 ], [ 37.017780603099816, -1.215231834926508 ], [ 37.017751727844313, -1.215250422121417 ], [ 37.017742985745457, -1.215277707150359 ], [ 37.017724408363122, -1.215327264431695 ], [ 37.017701118065617, -1.215374762092692 ], [ 37.017673336866267, -1.215419747364914 ], [ 37.017641329587647, -1.215461791429099 ], [ 37.017605401337264, -1.21550049350295 ], [ 37.017565894599052, -1.215535484661544 ], [ 37.017523185968699, -1.215566431354092 ], [ 37.017477682563715, -1.215593038583463 ], [ 37.017429818142631, -1.215615052718271 ], [ 37.017380048970182, -1.215632263910561 ], [ 37.017328849467972, -1.215644508096172 ], [ 37.017276707692083, -1.215651668558668 ], [ 37.01722412068068, -1.215653677041886 ], [ 37.017092696155053, -1.21565223404383 ], [ 37.016880472197656, -1.215774568931064 ], [ 37.016873300421715, -1.21577863018642 ], [ 37.016870649760087, -1.215780104512951 ], [ 37.016870309648034, -1.215786333823675 ], [ 37.016862821009347, -1.21583664568061 ], [ 37.016850683014127, -1.215886030291342 ], [ 37.016834002398824, -1.215934053387607 ], [ 37.016812925845962, -1.215980292673723 ], [ 37.016787638694154, -1.216024341540148 ], [ 37.016758363308433, -1.216065812639061 ], [ 37.016270463094415, -1.216692512777309 ], [ 37.016234206306635, -1.216734464270027 ], [ 37.016193873691968, -1.216772460127851 ], [ 37.016149888926293, -1.216806101221889 ], [ 37.016102714049673, -1.216835034168174 ], [ 37.015458613768466, -1.217185834096456 ], [ 37.015401381189626, -1.217212767430004 ], [ 37.014352450897135, -1.217632873852643 ], [ 37.013599137434575, -1.217971943568353 ], [ 37.013547658736471, -1.217991997852342 ], [ 37.013494412158231, -1.218006647575682 ], [ 37.013439956162344, -1.218015739089235 ], [ 37.01342686353189, -1.218016556085702 ], [ 37.013412053177483, -1.218022418069292 ], [ 37.013362936806878, -1.21803662398494 ], [ 37.013312704514824, -1.218046084146796 ], [ 37.013261807862953, -1.218050713513491 ], [ 37.013258277929154, -1.218050865311625 ], [ 37.013246055720188, -1.218057073626259 ], [ 37.013196546755502, -1.218076335919523 ], [ 37.013145395513106, -1.218090603531913 ], [ 37.013093098044379, -1.218099738100337 ], [ 37.013040161516436, -1.218103651040663 ], [ 37.012987099293703, -1.218102304406766 ], [ 37.012934425959507, -1.218095711258414 ], [ 37.012882652325693, -1.218083935534723 ], [ 37.012832280478975, -1.218067091434001 ], [ 37.012783798911777, -1.218045342306222 ], [ 37.012737677784997, -1.218018899068992 ], [ 37.012694364368521, -1.217988018162028 ], [ 37.012507064433187, -1.217840018120484 ], [ 37.012463212428408, -1.217801330880372 ], [ 37.012423769378472, -1.217758101921998 ], [ 37.012389196945257, -1.217710837220339 ], [ 37.01229656389544, -1.217568685949979 ], [ 37.012178464543844, -1.217424001050293 ], [ 37.011993538293318, -1.21724742053329 ], [ 37.011802279968009, -1.217067220049981 ], [ 37.011779035639954, -1.21705826991552 ], [ 37.011724706026662, -1.217029869244778 ], [ 37.011585562554991, -1.21694670922139 ], [ 37.011524606079867, -1.21692337657693 ], [ 37.011478906810517, -1.216903404525303 ], [ 37.011435234945957, -1.216879270716774 ], [ 37.011330617984328, -1.216814952085323 ], [ 37.011239569832, -1.216784904953074 ], [ 37.011192076044225, -1.216766693272905 ], [ 37.011146497622349, -1.21674406009267 ], [ 37.011103239810026, -1.216717206647382 ], [ 37.010990156272413, -1.21663936895857 ], [ 37.010922954763814, -1.216611625191327 ], [ 37.010879262073473, -1.216591246647244 ], [ 37.010837550867841, -1.216567024307184 ], [ 37.010832829144746, -1.216563683739566 ], [ 37.010803973128304, -1.216559092717403 ], [ 37.010755004342663, -1.216546476568573 ], [ 37.010707425098133, -1.216529298769515 ], [ 37.010661653844039, -1.216507710395778 ], [ 37.010635082438291, -1.216491967228903 ], [ 37.010615402698889, -1.216489298032717 ], [ 37.010402902684874, -1.216448497958286 ], [ 37.010364457264245, -1.216439637849724 ], [ 37.009817657259283, -1.216292237659487 ], [ 37.009771829116737, -1.216277650747829 ], [ 37.009727474279956, -1.216259012604026 ], [ 37.009684945465494, -1.216236471441905 ], [ 37.008769043690243, -1.215697205527619 ], [ 37.007598542363425, -1.215010738851358 ], [ 37.007549525322254, -1.21497827084225 ], [ 37.006560927157182, -1.214242812082925 ], [ 37.006128747903666, -1.214017902298728 ], [ 37.006082168467088, -1.213990608499165 ], [ 37.005718809195756, -1.213752443940201 ], [ 37.004875097634084, -1.213356768017437 ], [ 37.004629212165909, -1.213243346288496 ], [ 37.004605399282156, -1.213237650033084 ], [ 37.004440969097786, -1.213256184189447 ], [ 37.004278892936753, -1.213281884191599 ], [ 37.004006068014704, -1.213348218346558 ], [ 37.003722818084412, -1.213435459605847 ], [ 37.003696808464895, -1.21344275868743 ], [ 37.003016708232025, -1.213615258515016 ], [ 37.002982220217994, -1.213622806583194 ], [ 37.002678820124345, -1.213678806498144 ], [ 37.002628241529436, -1.213685669483522 ], [ 37.002577244761284, -1.21368768676411 ], [ 37.00252628704343, -1.213684840253988 ], [ 37.002475825249242, -1.213677155474654 ], [ 37.002267325237113, -1.213635155401382 ], [ 37.002231516366976, -1.21362665315276 ], [ 37.002097216366344, -1.213589853105926 ], [ 37.002043920986175, -1.213572203300858 ], [ 37.001992737229649, -1.213549072842331 ], [ 37.001944219700455, -1.213520712362025 ], [ 37.001898894112152, -1.213487429161617 ], [ 37.001857251591716, -1.21344958388312 ], [ 37.001819743357991, -1.213407586600986 ], [ 37.001786775832521, -1.213361892378752 ], [ 37.001756220796892, -1.213314540722545 ], [ 37.001281489436209, -1.212891217651913 ], [ 37.000928139503806, -1.212594871439957 ], [ 37.000684379603783, -1.212429363016293 ], [ 37.000348983368838, -1.212294065412875 ], [ 37.000299226943341, -1.212270974131758 ], [ 37.000252056715659, -1.212242917876058 ], [ 37.000207960118701, -1.21221018656534 ], [ 37.00016739282389, -1.212173118428673 ], [ 37.00013077403257, -1.212132096509632 ], [ 37.000098482144182, -1.212087544708023 ], [ 37.000084002387361, -1.212062589493538 ], [ 37.000075221921747, -1.212058986414499 ], [ 37.000027976009449, -1.212033846504518 ], [ 37.000013497674729, -1.212025192033202 ], [ 36.999967963302581, -1.212020475677261 ], [ 36.9999160927498, -1.21200984928882 ], [ 36.999865507950567, -1.211994153004956 ], [ 36.999816696796024, -1.21197353821708 ], [ 36.999770130070402, -1.211948203755611 ], [ 36.999726256910236, -1.211918393972228 ], [ 36.999685500472516, -1.211884396383083 ], [ 36.999604300506824, -1.211809596369068 ], [ 36.999567598362667, -1.211772348619349 ], [ 36.999534642175384, -1.211731707003063 ], [ 36.999505740111999, -1.211688051552857 ], [ 36.999481162430065, -1.21164179048317 ], [ 36.999461138950615, -1.211593356372972 ], [ 36.999446806925761, -1.21154631998775 ], [ 36.999336499206208, -1.211472545133809 ], [ 36.99929466392058, -1.211441539469556 ], [ 36.999255988812948, -1.211406623822833 ], [ 36.999220833210046, -1.2113681225922 ], [ 36.999189523739176, -1.211326393489507 ], [ 36.999162351293478, -1.211281824216368 ], [ 36.99913956832934, -1.211234828862101 ], [ 36.999121386520827, -1.211185844056454 ], [ 36.999107974793084, -1.211135324912909 ], [ 36.999082674831136, -1.211017524944341 ], [ 36.99907385625535, -1.210963290308996 ], [ 36.999070534401199, -1.210908435955318 ], [ 36.99907274335682, -1.21085352479277 ], [ 36.999072822515522, -1.21085296673485 ], [ 36.998903229470692, -1.210858426017091 ], [ 36.998857078288502, -1.210857921685012 ], [ 36.998811139175722, -1.210853445198938 ], [ 36.998558239150107, -1.210817745110293 ], [ 36.998511017687072, -1.210808904052456 ], [ 36.998464765704078, -1.210795866843274 ], [ 36.99841985049644, -1.21077873701394 ], [ 36.998376628743799, -1.210757650595852 ], [ 36.998335443677703, -1.210732775040388 ], [ 36.997810643820635, -1.210382874901681 ], [ 36.997765390712203, -1.210349152551498 ], [ 36.997723879774846, -1.210310862540046 ], [ 36.997686564016803, -1.210268422726428 ], [ 36.997668058564756, -1.210245018757685 ], [ 36.99649550580898, -1.209558334413232 ], [ 36.99551783873865, -1.209165667646754 ], [ 36.99547369092776, -1.209145576367971 ], [ 36.995431514023458, -1.209121575941309 ], [ 36.995391648835501, -1.209093860302252 ], [ 36.995354417493772, -1.209062653406892 ], [ 36.995320120845328, -1.209028207422365 ], [ 36.995277108771056, -1.20898093815156 ], [ 36.995156326274859, -1.208869107314278 ], [ 36.99510444283802, -1.208868791209747 ], [ 36.99505232411515, -1.208863352586493 ], [ 36.995000976348457, -1.208852845973762 ], [ 36.994825676345542, -1.208807945912278 ], [ 36.994764099588501, -1.208788148196286 ], [ 36.994700653941557, -1.208763439211273 ], [ 36.994605908643699, -1.208756451103207 ], [ 36.994556348648992, -1.208750463085124 ], [ 36.994507551551422, -1.208739886078737 ], [ 36.994459935861151, -1.208724810798553 ], [ 36.994413909955867, -1.20870536653869 ], [ 36.994369868578289, -1.208681720063935 ], [ 36.994328189450727, -1.208654074179505 ], [ 36.994289230035442, -1.208622665991613 ], [ 36.994253324468936, -1.208587764873965 ], [ 36.994199124495971, -1.208529964867763 ], [ 36.994163914263716, -1.208488410851231 ], [ 36.994133033392636, -1.208443504198708 ], [ 36.994106794847681, -1.208395700021511 ], [ 36.994085464545577, -1.208345482796097 ], [ 36.994078165612599, -1.208322007979699 ], [ 36.99398967015064, -1.208260179775905 ], [ 36.993823891237447, -1.208182363489073 ], [ 36.993770348791912, -1.208153425676036 ], [ 36.993720383278692, -1.208118605051088 ], [ 36.993704068695394, -1.208105807977693 ], [ 36.993677620498588, -1.208098006701403 ], [ 36.99363219061086, -1.208082363389533 ], [ 36.993588324145755, -1.20806271280767 ], [ 36.9935463692171, -1.208039210898585 ], [ 36.993392086919144, -1.207943487660632 ], [ 36.992809337836199, -1.207711466113954 ], [ 36.992764589880835, -1.207691233385353 ], [ 36.992721854913164, -1.207666989488818 ], [ 36.992681486929996, -1.207638935250047 ], [ 36.992643820321028, -1.20760730305788 ], [ 36.99260916709899, -1.207572354939179 ], [ 36.992547772313259, -1.207504526692625 ], [ 36.992499934377157, -1.2074742115451 ], [ 36.991821547306508, -1.207174244219745 ], [ 36.991797233384865, -1.20717328242631 ], [ 36.991742938354143, -1.207168357656855 ], [ 36.991689415290494, -1.207157937825857 ], [ 36.991637211728815, -1.207142129527563 ], [ 36.991586861705535, -1.207121094479622 ], [ 36.991538880295458, -1.207095047868652 ], [ 36.991493758342635, -1.207064256148958 ], [ 36.991451957439068, -1.207029034316645 ], [ 36.991386157467431, -1.206967634305615 ], [ 36.991382953984264, -1.206964620553861 ], [ 36.99110980541203, -1.206705546272166 ], [ 36.990881122887338, -1.206637610397062 ], [ 36.990842615604166, -1.206624563719323 ], [ 36.990805194164047, -1.20660863450479 ], [ 36.990092894264755, -1.206273034277249 ], [ 36.990080138199843, -1.206266817168753 ], [ 36.98899560943677, -1.205720402377848 ], [ 36.987945016028789, -1.205260964842985 ], [ 36.987890417125129, -1.205233283255168 ], [ 36.987839283861518, -1.20519955657631 ], [ 36.987792274071751, -1.205160218703914 ], [ 36.987556543290964, -1.204939035665182 ], [ 36.987289855937796, -1.20487781899557 ], [ 36.987240044010093, -1.204863823543319 ], [ 36.98719179402697, -1.204845087436396 ], [ 36.987145550202911, -1.204821783169631 ], [ 36.987101738282512, -1.204794125294677 ], [ 36.987060761620917, -1.204762368444743 ], [ 36.987022997470298, -1.204726804990245 ], [ 36.986998382549842, -1.204698707908612 ], [ 36.986933989942749, -1.204677501768101 ], [ 36.98687124078738, -1.204652355434401 ], [ 36.986534140836412, -1.20449195532697 ], [ 36.986488038727842, -1.204467198962155 ], [ 36.986023872830366, -1.204188046013491 ], [ 36.985763076705815, -1.204059180850153 ], [ 36.985729917309641, -1.20404132500155 ], [ 36.985581387875236, -1.203954504054893 ], [ 36.985508839578458, -1.203936317535001 ], [ 36.985439426930213, -1.203913799295813 ], [ 36.984366527029188, -1.203483098937235 ], [ 36.984316257811301, -1.203459842161042 ], [ 36.984268622081117, -1.203431521160191 ], [ 36.984126437928907, -1.203336756751828 ], [ 36.983990217528046, -1.203282355350911 ], [ 36.983947054483963, -1.203262869661367 ], [ 36.98390575520304, -1.203239649682766 ], [ 36.983866637822764, -1.203212874284123 ], [ 36.983339837995779, -1.202817174159859 ], [ 36.983307340032823, -1.202790728955102 ], [ 36.983276975386858, -1.202761828995766 ], [ 36.983232975370939, -1.202716572930248 ], [ 36.98276961948023, -1.202497707453198 ], [ 36.982727175829176, -1.202475289533194 ], [ 36.982686878805303, -1.2024491648677 ], [ 36.982649047107316, -1.202419540070325 ], [ 36.982572931280721, -1.202354265892473 ], [ 36.982407007556795, -1.202327822506804 ], [ 36.982349247741624, -1.202315317510086 ], [ 36.982293194747029, -1.202296524636874 ], [ 36.982094094764967, -1.202217324570161 ], [ 36.98205334324291, -1.20219911819634 ], [ 36.98201422617678, -1.202177584035266 ], [ 36.981805316384481, -1.202051007798577 ], [ 36.981640138958632, -1.201999480509948 ], [ 36.981593192924279, -1.20198239971715 ], [ 36.981548018281103, -1.20196102056254 ], [ 36.981505002530653, -1.201935526433884 ], [ 36.98134890257279, -1.201832926392059 ], [ 36.9813035122191, -1.20179957030533 ], [ 36.981261819508745, -1.201761638263248 ], [ 36.981160381369698, -1.20165918471269 ], [ 36.981074474819437, -1.201638739433435 ], [ 36.981028953818878, -1.201625757933051 ], [ 36.980984739267569, -1.201608808398318 ], [ 36.980942171862921, -1.20158802143508 ], [ 36.980552571938702, -1.201376021317475 ], [ 36.980507869191456, -1.201348798868688 ], [ 36.980238308840917, -1.201166116566957 ], [ 36.980074816539378, -1.201100251817058 ], [ 36.980017933409535, -1.201073363849357 ], [ 36.979964546380089, -1.201039994433483 ], [ 36.979618158206101, -1.200794212220032 ], [ 36.979254273297279, -1.200538525313673 ], [ 36.979211146057978, -1.200504827170093 ], [ 36.979171627141817, -1.200466910452947 ], [ 36.979153933990155, -1.200448123285613 ], [ 36.979139716940331, -1.200444576331721 ], [ 36.978962816940658, -1.200395476269598 ], [ 36.97890980992328, -1.20037774160896 ], [ 36.978858911188645, -1.200354580335259 ], [ 36.978810667421108, -1.200326241215722 ], [ 36.978765596788861, -1.200293028630866 ], [ 36.978724183378517, -1.200255299305151 ], [ 36.978686871995713, -1.200213458475659 ], [ 36.978556770693018, -1.20005140001934 ], [ 36.978034989330261, -1.199754263627867 ], [ 36.977987740272624, -1.199723991500234 ], [ 36.977943867516132, -1.199688947549366 ], [ 36.977903844826201, -1.199649510202409 ], [ 36.977868104392698, -1.199606105329145 ], [ 36.977730001969583, -1.199419436666443 ], [ 36.977716325781401, -1.199413503052345 ], [ 36.977023325892723, -1.199070802834097 ], [ 36.976986667003736, -1.199050868244763 ], [ 36.976951647609219, -1.199028142919942 ], [ 36.976825347647328, -1.198939042888138 ], [ 36.976764673553554, -1.198889251619647 ], [ 36.976613089623832, -1.198745194780525 ], [ 36.976592103314516, -1.198735995005782 ], [ 36.976174903382244, -1.19852879487459 ], [ 36.976126322535443, -1.198501441123789 ], [ 36.976080803819819, -1.198469189919544 ], [ 36.97603883276296, -1.198432385271557 ], [ 36.976002108698864, -1.198396661046435 ], [ 36.975968902125842, -1.19838634745215 ], [ 36.97574490214199, -1.19830314737594 ], [ 36.975702290267151, -1.198285196341886 ], [ 36.975661362025022, -1.198263638758453 ], [ 36.975622418048566, -1.19823863297439 ], [ 36.975525385902507, -1.198170269371987 ], [ 36.975244090929628, -1.198025565194261 ], [ 36.975209146041699, -1.198031427431588 ], [ 36.975153199113315, -1.198034872945442 ], [ 36.975097199204079, -1.198032451632559 ], [ 36.975041751951316, -1.198024189679991 ], [ 36.974987457015246, -1.198010176441066 ], [ 36.974934901593691, -1.197990563469089 ], [ 36.974884654071531, -1.197965562878244 ], [ 36.974837257873659, -1.197935445049535 ], [ 36.974729557906599, -1.19785884502262 ], [ 36.974680285538433, -1.197819256339438 ], [ 36.974391511628873, -1.197557988985974 ], [ 36.974326696953618, -1.197510634559843 ], [ 36.97401178206276, -1.197392366952087 ], [ 36.973958630123185, -1.197369055408316 ], [ 36.973908273509771, -1.197340132210748 ], [ 36.973583949144, -1.197129802899329 ], [ 36.971804240226724, -1.196178443867854 ], [ 36.971204294970889, -1.19586276096878 ], [ 36.970956683023324, -1.195739952183315 ], [ 36.970354707752065, -1.195463857286165 ], [ 36.970312364232385, -1.195442118078337 ], [ 36.970272088342966, -1.195416708368397 ], [ 36.970234193343011, -1.195387825789231 ], [ 36.970213478809818, -1.19536892781869 ], [ 36.970043355028878, -1.195308052241924 ], [ 36.969987738295444, -1.195284545007914 ], [ 36.969979830667285, -1.195280665337379 ], [ 36.969979439897763, -1.195280822646929 ], [ 36.969932564587957, -1.195294885893917 ], [ 36.969719328232152, -1.195348386534555 ], [ 36.969650655545095, -1.195385384791923 ], [ 36.969609569519712, -1.195405317269868 ], [ 36.969566956297854, -1.195421682072822 ], [ 36.969523121027976, -1.195434362014623 ], [ 36.969435038943658, -1.195455825226515 ], [ 36.969303332545046, -1.195516408646265 ], [ 36.969269254147363, -1.195530685519361 ], [ 36.968818653969628, -1.195701485427895 ], [ 36.968743625757973, -1.1957238171694 ], [ 36.968635105052044, -1.195747655852232 ], [ 36.968568709115964, -1.195770669335411 ], [ 36.968418104095441, -1.195837858241329 ], [ 36.968374087915102, -1.195855212642055 ], [ 36.968328730231704, -1.19586861830997 ], [ 36.968282379966084, -1.19587797212027 ], [ 36.968266970655691, -1.195880379820109 ], [ 36.968215044324957, -1.195909808507338 ], [ 36.968169511572817, -1.195932831438261 ], [ 36.968122022221586, -1.195951423591505 ], [ 36.968073000724672, -1.195965418793375 ], [ 36.968022885229509, -1.195974691957114 ], [ 36.967911790407264, -1.195989825218048 ], [ 36.967207357933631, -1.196311283504657 ], [ 36.967156704257135, -1.196331360237332 ], [ 36.967104296819869, -1.196346191520323 ], [ 36.967050670281481, -1.196355626045754 ], [ 36.966996371738773, -1.196359567563341 ], [ 36.966941955144229, -1.196357975862375 ], [ 36.96684336415958, -1.196350062482789 ], [ 36.966842359733235, -1.1963500094892 ], [ 36.966088824903075, -1.196642584723872 ], [ 36.965324961551978, -1.19694601515471 ], [ 36.965270714358397, -1.196964279320206 ], [ 36.96521484956773, -1.196976654037399 ], [ 36.965103962267619, -1.196995070598085 ], [ 36.964918554564456, -1.197071973021583 ], [ 36.964868955355527, -1.197089746185587 ], [ 36.964832464906415, -1.197098901870946 ], [ 36.96481758229713, -1.197107752913565 ], [ 36.964766078328573, -1.197134727666495 ], [ 36.964711990435212, -1.197155969794165 ], [ 36.964655946245493, -1.197171232806513 ], [ 36.964623317632096, -1.197178245085094 ], [ 36.964570247321561, -1.197192430331455 ], [ 36.96447660549611, -1.197225141926356 ], [ 36.964463811991905, -1.197233251034772 ], [ 36.96441588653736, -1.197260297184776 ], [ 36.964365474385289, -1.197282291744342 ], [ 36.964313099426214, -1.19729900614333 ], [ 36.964269390856487, -1.197310523168152 ], [ 36.964222892082489, -1.197329576871316 ], [ 36.96410846625767, -1.19740069019209 ], [ 36.964057711171051, -1.197428564861453 ], [ 36.963949611124853, -1.197480564845012 ], [ 36.963890396864862, -1.197504819434884 ], [ 36.963828745902184, -1.197521846509386 ], [ 36.963729645870153, -1.197542946481999 ], [ 36.963684763660886, -1.197550525965234 ], [ 36.963629763645727, -1.197557425948345 ], [ 36.963601443326674, -1.197560216935775 ], [ 36.963541543312097, -1.197564516916476 ], [ 36.96351787600679, -1.197565690277806 ], [ 36.96349239297551, -1.197566388938692 ], [ 36.963485719535953, -1.19756956035039 ], [ 36.96343978093234, -1.197588833993318 ], [ 36.963392271848107, -1.197603760360583 ], [ 36.9633435973861, -1.197614212177728 ], [ 36.96331097208828, -1.197618098941768 ], [ 36.963310049425786, -1.197618591648644 ], [ 36.963259445086429, -1.197639313218984 ], [ 36.963207016613239, -1.197654772201909 ], [ 36.963193073441225, -1.197657377773547 ], [ 36.963038402113703, -1.197769075300822 ], [ 36.962989605667396, -1.197800460436131 ], [ 36.962937745475223, -1.197826395120655 ], [ 36.962902789522474, -1.197841577539344 ], [ 36.962881245538682, -1.197865572670485 ], [ 36.962839074843309, -1.19790362046337 ], [ 36.962793170444279, -1.197937004415738 ], [ 36.962744039161123, -1.197965355943898 ], [ 36.962692223440591, -1.197988362025968 ], [ 36.962678108575304, -1.197992917951326 ], [ 36.962022308260636, -1.198521005372302 ], [ 36.962019479762922, -1.198523267430331 ], [ 36.96139687946669, -1.199017767442838 ], [ 36.961358612911042, -1.199045514959256 ], [ 36.961181102331437, -1.199162707941549 ], [ 36.96097599345147, -1.199356412277326 ], [ 36.960929350224347, -1.199395723298024 ], [ 36.96087860273613, -1.199429493302443 ], [ 36.960797802699609, -1.199476893294724 ], [ 36.960754822139769, -1.199499562417197 ], [ 36.960658291834136, -1.199545023641172 ], [ 36.960642885079125, -1.199559927785456 ], [ 36.960601196423148, -1.199596313267185 ], [ 36.960556030146378, -1.199628217899766 ], [ 36.960507859645624, -1.199655307284917 ], [ 36.960261207565047, -1.199777783401837 ], [ 36.96010485552663, -1.199855459518292 ], [ 36.960074059224553, -1.199869567083172 ], [ 36.959610059034219, -1.20006466699803 ], [ 36.959593580858431, -1.200071277221556 ], [ 36.959190939294949, -1.200225117908071 ], [ 36.958627683130288, -1.200482194519073 ], [ 36.958471531481564, -1.200600897279887 ], [ 36.958422890362499, -1.200633850429016 ], [ 36.958370980701474, -1.200661290523311 ], [ 36.958316416817986, -1.200682892826511 ], [ 36.958259844442551, -1.200698401689091 ], [ 36.95817970421281, -1.200715720558135 ], [ 36.958038752818432, -1.200788029883205 ], [ 36.958024363115214, -1.200795142587501 ], [ 36.957982963097535, -1.200814842581076 ], [ 36.957896325557975, -1.200856060411274 ], [ 36.957690316649028, -1.200954064575749 ], [ 36.956765032362618, -1.201394024492026 ], [ 36.956486393506466, -1.201548451616205 ], [ 36.95648338630992, -1.201551814611715 ], [ 36.956443971363868, -1.201587964966475 ], [ 36.956401200226182, -1.201620018202039 ], [ 36.956355491562043, -1.201647660565815 ], [ 36.956307292790534, -1.201670621481151 ], [ 36.956257075705139, -1.201688676195699 ], [ 36.956210706635552, -1.201700300565511 ], [ 36.95619981990253, -1.201707207134715 ], [ 36.95616863204372, -1.201723269605302 ], [ 36.956115656168762, -1.201766251934969 ], [ 36.95607587617598, -1.201795609510433 ], [ 36.956033596152906, -1.201821183574288 ], [ 36.955989170236585, -1.201842759918831 ], [ 36.95594297053799, -1.201860157821213 ], [ 36.955933281666397, -1.201862819704752 ], [ 36.955892572754081, -1.201889517140235 ], [ 36.955836645398314, -1.201917513533648 ], [ 36.955704245343519, -1.20197441350992 ], [ 36.955662249282383, -1.20199041444523 ], [ 36.955619075652088, -1.202002841253335 ], [ 36.955595601012185, -1.202008544923251 ], [ 36.955174648684725, -1.202254207951055 ], [ 36.955129207519825, -1.202277900161371 ], [ 36.95508173869635, -1.202297147714458 ], [ 36.955032670171128, -1.202311777083769 ], [ 36.954998144630935, -1.202318568168402 ], [ 36.954941156912064, -1.202365534136179 ], [ 36.954900545367387, -1.202395914003904 ], [ 36.954857282285133, -1.202422326734466 ], [ 36.954811748970258, -1.202444539536138 ], [ 36.954764346736681, -1.202462356633907 ], [ 36.954758795736048, -1.202463863807005 ], [ 36.954744259743528, -1.202482722737632 ], [ 36.954706573400571, -1.20252253497374 ], [ 36.954665076366382, -1.202558302643904 ], [ 36.954440776259517, -1.202732602646259 ], [ 36.954395086659261, -1.202764462811108 ], [ 36.954346379968669, -1.202791417308578 ], [ 36.954295174198244, -1.202813179469881 ], [ 36.954242013936913, -1.202829517848423 ], [ 36.95418746456015, -1.202840258681216 ], [ 36.954132106216974, -1.202845287736837 ], [ 36.954076527659922, -1.202844551530387 ], [ 36.953816027620142, -1.202827551438986 ], [ 36.953767096657224, -1.202822090423407 ], [ 36.953718864887975, -1.202812158347229 ], [ 36.953510464885113, -1.202759158272871 ], [ 36.953484528096816, -1.20275186359343 ], [ 36.953338668723724, -1.202706857734964 ], [ 36.953319181780564, -1.202704131160125 ], [ 36.953308780659981, -1.202705007040354 ], [ 36.953170078966515, -1.202734935662617 ], [ 36.953129677541845, -1.202742046956273 ], [ 36.953088855838892, -1.202746045440213 ], [ 36.952816155774393, -1.20276224535096 ], [ 36.95275905265553, -1.202762587517429 ], [ 36.952702234069768, -1.202756846868632 ], [ 36.952646337819282, -1.20274508784539 ], [ 36.952298037817798, -1.202652187721337 ], [ 36.952285365083547, -1.202648104435294 ], [ 36.95225342373115, -1.202656845935816 ], [ 36.952200242964025, -1.202665781338877 ], [ 36.952152676128989, -1.202671329426933 ], [ 36.951989650785507, -1.202697045515451 ], [ 36.951937900800729, -1.202702648314361 ], [ 36.951885855188884, -1.202703200841728 ], [ 36.951833999307524, -1.202698697945387 ], [ 36.951782816744775, -1.202689181618102 ], [ 36.951732784809508, -1.202674740606007 ], [ 36.951684370080201, -1.202655509580858 ], [ 36.951638024053793, -1.202631667884236 ], [ 36.951594178935167, -1.20260343785501 ], [ 36.95158256998868, -1.202594262196037 ], [ 36.951554767897889, -1.20260062648962 ], [ 36.95150019485704, -1.202607337700929 ], [ 36.951445226472607, -1.202608418235366 ], [ 36.951421655870504, -1.202606455995579 ], [ 36.951371523911455, -1.202615675918222 ], [ 36.951320586931793, -1.202620087525254 ], [ 36.951269463819713, -1.20261962159144 ], [ 36.951218614565782, -1.202614282309613 ], [ 36.95116849669639, -1.202604117721479 ], [ 36.9511658374456, -1.202603308111979 ], [ 36.951121239080209, -1.202601588831732 ], [ 36.951063886791111, -1.202593107158127 ], [ 36.950918086783609, -1.202563407105766 ], [ 36.950900241939074, -1.20255945397934 ], [ 36.950861414930245, -1.202550155503437 ], [ 36.950638789171471, -1.202574828114348 ], [ 36.950590112506191, -1.202577987704821 ], [ 36.950541351379442, -1.202576704916149 ], [ 36.950492905165092, -1.202570990255288 ], [ 36.950445170657687, -1.202560890528124 ], [ 36.950398538822505, -1.202546488455955 ], [ 36.950353391593424, -1.202527901998079 ], [ 36.950291791602282, -1.202499201978043 ], [ 36.950246020117937, -1.202475120699181 ], [ 36.950087373611332, -1.202524276274765 ], [ 36.950032632434663, -1.202538124927367 ], [ 36.949976752510992, -1.202546135473911 ], [ 36.949920346686092, -1.202548220061824 ], [ 36.949864033573263, -1.202544355829675 ], [ 36.949808430768883, -1.202534585157838 ], [ 36.9496163307629, -1.202490285088943 ], [ 36.949579652765856, -1.202480446597892 ], [ 36.949309252772885, -1.202397546502469 ], [ 36.94925969097995, -1.202379645305934 ], [ 36.9492188090193, -1.202360159025551 ], [ 36.949018784335252, -1.202334309060705 ], [ 36.948753262576474, -1.202305796568684 ], [ 36.948561704585345, -1.202336664701175 ], [ 36.948509036172993, -1.202342496949121 ], [ 36.948456053310686, -1.202343095789399 ], [ 36.948403268062272, -1.202338455434894 ], [ 36.948351190581626, -1.202328620733785 ], [ 36.948300324182149, -1.202313686736098 ], [ 36.94808172419468, -1.202237586660078 ], [ 36.948072481962676, -1.202234274114163 ], [ 36.94774114363512, -1.202112086396245 ], [ 36.94726917873988, -1.202030324958359 ], [ 36.947217279237911, -1.20201865466215 ], [ 36.947166774987735, -1.202001893325793 ], [ 36.947118157655609, -1.201980204123864 ], [ 36.947071900538212, -1.201953798204402 ], [ 36.947031963712071, -1.201925426055032 ], [ 36.94702374534932, -1.201924349592556 ], [ 36.946982768282048, -1.201917355625655 ], [ 36.9469750339425, -1.201915724479393 ], [ 36.946932437710608, -1.201924920803588 ], [ 36.94688111485339, -1.201933417680827 ], [ 36.946829217261353, -1.201936895733716 ], [ 36.946777228245793, -1.201935322572383 ], [ 36.946725631969329, -1.20192871284781 ], [ 36.946674908936977, -1.201917128115471 ], [ 36.946625531521335, -1.201900676261926 ], [ 36.946598161133686, -1.201890056196156 ], [ 36.946556090250276, -1.201889096366408 ], [ 36.946501087971761, -1.201882108063947 ], [ 36.946447089878554, -1.201869469884415 ], [ 36.946394667277765, -1.201851315542042 ], [ 36.946344374807474, -1.201827837112806 ], [ 36.946296744568521, -1.201799283002129 ], [ 36.946286595494996, -1.201791675846497 ], [ 36.9462525156505, -1.201778631282146 ], [ 36.946069296086741, -1.201760754386727 ], [ 36.946019492861815, -1.201753519722266 ], [ 36.945970577021974, -1.20174164170874 ], [ 36.945922974932763, -1.201725223879016 ], [ 36.945877101508572, -1.201704409336392 ], [ 36.945870350981309, -1.201700546840527 ], [ 36.945655353419845, -1.201701973543684 ], [ 36.945600265374964, -1.201699499806028 ], [ 36.945545716771832, -1.201691373620563 ], [ 36.945390316763735, -1.201659973564625 ], [ 36.945331696559634, -1.201644634988033 ], [ 36.945275156360687, -1.201622773212927 ], [ 36.945088819003672, -1.201538343903162 ], [ 36.943960084660496, -1.201295832305904 ], [ 36.943910642857453, -1.201282713466713 ], [ 36.94386265864145, -1.201264938003056 ], [ 36.943596218739351, -1.201151519777997 ], [ 36.942879865835771, -1.201005138817108 ], [ 36.942876727008681, -1.201004487636862 ], [ 36.942683926999905, -1.200963887567416 ], [ 36.942656038791455, -1.200957231172305 ], [ 36.942373038790642, -1.200881631071115 ], [ 36.942371718265932, -1.20088127650404 ], [ 36.942085752560118, -1.200804102324496 ], [ 36.941728018300154, -1.200745245945698 ], [ 36.941205297798604, -1.20068458415321 ], [ 36.941031469800087, -1.200692438008106 ], [ 36.940986650824087, -1.200692585463704 ], [ 36.940717150778049, -1.200682185369573 ], [ 36.940710948995843, -1.20068191003073 ], [ 36.940346448936538, -1.200663609902778 ], [ 36.940297148017329, -1.200658841364148 ], [ 36.940248490160336, -1.200649537820373 ], [ 36.940200886253223, -1.200635777834943 ], [ 36.940154738283532, -1.200617677603461 ], [ 36.939978038306727, -1.200538777545044 ], [ 36.939921886361084, -1.200509626941371 ], [ 36.93986950945127, -1.200474062719062 ], [ 36.939675650669187, -1.200325073967639 ], [ 36.939640584108119, -1.20030747773948 ], [ 36.939617797269094, -1.200302308494626 ], [ 36.939573202891367, -1.200290149004927 ], [ 36.939529806998962, -1.200274190095596 ], [ 36.939487928476915, -1.200254549037469 ], [ 36.939457867656117, -1.200238838406491 ], [ 36.939143500870848, -1.200134491508817 ], [ 36.939117178345334, -1.200124985407424 ], [ 36.938805078373591, -1.200002985300705 ], [ 36.938782624920954, -1.19999361643339 ], [ 36.938543494984231, -1.199887416099025 ], [ 36.938376238325475, -1.199834557234096 ], [ 36.938247958477795, -1.199826396893075 ], [ 36.937926914905596, -1.199809656158274 ], [ 36.937875870431462, -1.199804534086015 ], [ 36.937825540953284, -1.199794550847994 ], [ 36.937776382386886, -1.199779796879101 ], [ 36.93772884004111, -1.199760405830421 ], [ 36.937683344583988, -1.199736553358582 ], [ 36.937575621567731, -1.199673341762834 ], [ 36.937531921392733, -1.199660266103968 ], [ 36.937358654627623, -1.199632566651238 ], [ 36.937300939455149, -1.199620044307227 ], [ 36.937244931390779, -1.199601243113858 ], [ 36.937147605010821, -1.199562489348389 ], [ 36.937130120087289, -1.199567946174528 ], [ 36.937078820426088, -1.199581213603635 ], [ 36.936931120378517, -1.199611713561848 ], [ 36.936877958839084, -1.19961993394827 ], [ 36.936824247999745, -1.199622780359512 ], [ 36.93677052274316, -1.199620224450007 ], [ 36.936717318095411, -1.199612291673468 ], [ 36.936619309970659, -1.199592604789902 ], [ 36.936611348793384, -1.199594274546924 ], [ 36.93656289769347, -1.199602139275523 ], [ 36.936513936692684, -1.199605535434451 ], [ 36.936464871747219, -1.199604434865115 ], [ 36.936416109675029, -1.199598846693227 ], [ 36.936368054782761, -1.199588817253077 ], [ 36.936270092007838, -1.199563639869561 ], [ 36.936259988317538, -1.199566233348775 ], [ 36.936211355740511, -1.199574047199907 ], [ 36.936162217563883, -1.199577360351762 ], [ 36.936077817546035, -1.199579160323143 ], [ 36.936045451503695, -1.19957887213704 ], [ 36.935917137939356, -1.199573848573969 ], [ 36.935904556615185, -1.199577230441706 ], [ 36.935902846426643, -1.199577519955819 ], [ 36.935899145668678, -1.199581097302527 ], [ 36.935855874072999, -1.199615127978896 ], [ 36.93580938670344, -1.199644550223255 ], [ 36.935771586686371, -1.199665850219081 ], [ 36.935727000662219, -1.199688313764012 ], [ 36.9356805429913, -1.199706534116299 ], [ 36.93563261126036, -1.199720355345808 ], [ 36.935583615671128, -1.199729659170347 ], [ 36.935533975529843, -1.199734365967835 ], [ 36.935484115658753, -1.199734435457754 ], [ 36.935452434622277, -1.199731520582186 ], [ 36.935443322021619, -1.199734027837752 ], [ 36.935408514456583, -1.199741506844731 ], [ 36.935304490424279, -1.199792045573559 ], [ 36.935269965383405, -1.199807343720129 ], [ 36.935089965310155, -1.199879643684843 ], [ 36.935072932799102, -1.199886151385091 ], [ 36.934914784599393, -1.199943517104606 ], [ 36.934853988439549, -1.199972142120179 ], [ 36.934833695748154, -1.199988610301717 ], [ 36.934815895692005, -1.200001658625884 ], [ 36.934798311175946, -1.200014999737388 ], [ 36.934794525539502, -1.200017324007144 ], [ 36.934790941071213, -1.200019951600055 ], [ 36.934771956047136, -1.200031181013286 ], [ 36.934753157012864, -1.200042723068317 ], [ 36.934749163261792, -1.200044662670933 ], [ 36.934745340171837, -1.200046923982481 ], [ 36.934725353016361, -1.200056226339391 ], [ 36.934705520508992, -1.200065858181749 ], [ 36.934626688599693, -1.200099449372827 ], [ 36.934613410451853, -1.200128489967302 ], [ 36.934587201702897, -1.200178715334849 ], [ 36.934555924950253, -1.200225911116866 ], [ 36.934519922253102, -1.200269561155446 ], [ 36.934479587356122, -1.200309188070908 ], [ 36.934435361383251, -1.200344358482653 ], [ 36.934343361339558, -1.200409958480154 ], [ 36.934298909516919, -1.200438474908022 ], [ 36.934251902667064, -1.200462484324974 ], [ 36.934202790433041, -1.200481757069906 ], [ 36.934152042596871, -1.200496108790278 ], [ 36.934100144585827, -1.200505402205575 ], [ 36.934047592829074, -1.200509548420359 ], [ 36.933994890009075, -1.200508507774634 ], [ 36.933942540253184, -1.20050229022321 ], [ 36.933891044311437, -1.200490955240378 ], [ 36.933826929553554, -1.200473496219653 ], [ 36.933815429782946, -1.200477646220754 ], [ 36.933764627497261, -1.200490540287944 ], [ 36.933712821411042, -1.200498408700261 ], [ 36.933660501069063, -1.200501177105154 ], [ 36.933608160875508, -1.200498819342949 ], [ 36.933556295422058, -1.200491357693942 ], [ 36.933505394814183, -1.200478862667919 ], [ 36.933478007882393, -1.200469221222227 ], [ 36.933477165137198, -1.200470138557927 ], [ 36.933441863842219, -1.200502329010269 ], [ 36.93340387658823, -1.200531256533064 ], [ 36.933209961387526, -1.200665788425563 ], [ 36.933187379297365, -1.200693945164947 ], [ 36.933156721303689, -1.200728973736082 ], [ 36.933123184806838, -1.2007612196805 ], [ 36.93307502667129, -1.200803689830092 ], [ 36.933065056637538, -1.200817559458295 ], [ 36.933001166734719, -1.200970591768825 ], [ 36.932990054824238, -1.201039236422698 ], [ 36.932986369003061, -1.201059559647044 ], [ 36.93295356901119, -1.201222759705722 ], [ 36.932940045158318, -1.201276007544149 ], [ 36.932921237834826, -1.201327604814272 ], [ 36.932897340083692, -1.20137702190883 ], [ 36.932868597197398, -1.201423751598468 ], [ 36.932743325458731, -1.201606082760593 ], [ 36.932717000718355, -1.201695161964468 ], [ 36.932703802701575, -1.201734299721671 ], [ 36.932687682599088, -1.201772312535591 ], [ 36.93263887525994, -1.20187624941559 ], [ 36.932625228382555, -1.201945356005432 ], [ 36.932613239104128, -1.201994132077982 ], [ 36.932596817484921, -1.202041582391588 ], [ 36.932576104408987, -1.202087299861243 ], [ 36.932551277577623, -1.202130892268286 ], [ 36.932522549984839, -1.202171985625449 ], [ 36.932425649940278, -1.202297785653947 ], [ 36.932390058662506, -1.202339450106048 ], [ 36.932350462493531, -1.202377276983484 ], [ 36.93230726767132, -1.202410878200776 ], [ 36.932260917354306, -1.202439909025851 ], [ 36.932211887074793, -1.202464071616704 ], [ 36.932165713633957, -1.20248124577127 ], [ 36.932164967798414, -1.202481766345844 ], [ 36.932123383751829, -1.202505592814423 ], [ 36.93207986402988, -1.202525613149982 ], [ 36.932034751652701, -1.202541669553704 ], [ 36.931940751617852, -1.202570469530986 ], [ 36.931920487530171, -1.202576245160776 ], [ 36.931834087499801, -1.202599045138267 ], [ 36.931784126714753, -1.202609711347971 ], [ 36.931733387185858, -1.202615569933428 ], [ 36.931708528799966, -1.202616055954182 ], [ 36.931664342369878, -1.202631818005378 ], [ 36.931607695478874, -1.20264857158398 ], [ 36.931549567811736, -1.202658988161845 ], [ 36.931490656916424, -1.20266294273795 ], [ 36.930976856810737, -1.202669042562331 ], [ 36.930924001672089, -1.202667057679308 ], [ 36.93087159434063, -1.202659867892847 ], [ 36.930820139527768, -1.202647542445048 ], [ 36.930770132771514, -1.202630200037245 ], [ 36.930722055664184, -1.202608007686831 ], [ 36.930676371214403, -1.202581179118716 ], [ 36.930633519388081, -1.20254997270706 ], [ 36.930593912871352, -1.20251468898698 ], [ 36.930557933096125, -1.202475667760196 ], [ 36.930525926566773, -1.202433284822557 ], [ 36.930498201523086, -1.202387948344922 ], [ 36.930475024971784, -1.202340094942275 ], [ 36.93045662011513, -1.202290185468805 ], [ 36.930443164201407, -1.202238700579737 ], [ 36.930434786817877, -1.20218613610232 ], [ 36.930431568642888, -1.202132998260752 ], [ 36.930433540668865, -1.202079798800979 ], [ 36.930440683903846, -1.202027050062372 ], [ 36.930452929554441, -1.201975260043571 ], [ 36.930470159688291, -1.201924927510219 ], [ 36.93049220836987, -1.201876537191616 ], [ 36.930518863258534, -1.201830555112562 ], [ 36.930549867653433, -1.201787424105195 ], [ 36.9305849229657, -1.201747559544416 ], [ 36.930623691593986, -1.201711345347503 ], [ 36.930665800175738, -1.201679130276872 ], [ 36.930710843182908, -1.201651224581255 ], [ 36.930758386827293, -1.201627897007874 ], [ 36.93080797323821, -1.201609372214195 ], [ 36.930859124871972, -1.201595828604418 ], [ 36.930911349110914, -1.20158739661131 ], [ 36.930964143007508, -1.201584157440001 ], [ 36.931388535161673, -1.201579118779968 ], [ 36.931455357494926, -1.201555282064653 ], [ 36.931503141446512, -1.201540706379123 ], [ 36.931552060465535, -1.20153064400254 ], [ 36.931601694720833, -1.201525181292328 ], [ 36.931615322080582, -1.201524958509123 ], [ 36.931635917625165, -1.201473087466647 ], [ 36.931695532212856, -1.2013461362 ], [ 36.931734599490277, -1.201213938099096 ], [ 36.931753612078289, -1.201160142026369 ], [ 36.931778137162603, -1.201108655341673 ], [ 36.93180790304374, -1.201060048436783 ], [ 36.931918995379114, -1.200898355156925 ], [ 36.931927796023963, -1.200854566600528 ], [ 36.931947545394671, -1.20073256357931 ], [ 36.931961470261712, -1.200670059470498 ], [ 36.93198261798014, -1.200609643182885 ], [ 36.932100517947873, -1.200327243277333 ], [ 36.93212206011178, -1.200281698174388 ], [ 36.932147712219439, -1.200238363952323 ], [ 36.932177252474503, -1.200197615292875 ], [ 36.932189721350625, -1.200181995819664 ], [ 36.932191138935487, -1.200179219715676 ], [ 36.932215230668874, -1.200136845960531 ], [ 36.932243009808992, -1.200096823897169 ], [ 36.93227425136174, -1.200059477680107 ], [ 36.932308702289603, -1.200025109791126 ], [ 36.932346083561121, -1.199993998589436 ], [ 36.932384902030599, -1.199967217313178 ], [ 36.932420320812064, -1.199923054969783 ], [ 36.932454722408906, -1.199884142118562 ], [ 36.932492673289524, -1.199848729504986 ], [ 36.932533823567816, -1.199817143614129 ], [ 36.93269241214913, -1.199707120052467 ], [ 36.932727386660439, -1.199646380605438 ], [ 36.932755639661437, -1.199602362211414 ], [ 36.932787980661125, -1.199561293095299 ], [ 36.932824107852106, -1.199523556515925 ], [ 36.932863684094109, -1.199489504632748 ], [ 36.932906340060207, -1.199459455219576 ], [ 36.932977440027166, -1.199414355214488 ], [ 36.933026934949659, -1.19938650828519 ], [ 36.933079062623079, -1.199364049286283 ], [ 36.933172162586239, -1.199329649266541 ], [ 36.933220133668478, -1.199314440239544 ], [ 36.933269304415013, -1.199303798182085 ], [ 36.933319246649667, -1.199297815765064 ], [ 36.933369525478099, -1.199296545083502 ], [ 36.933419703074847, -1.199299997202884 ], [ 36.933469342495918, -1.199308142062772 ], [ 36.933592042490645, -1.199334242018407 ], [ 36.933639684279974, -1.199346688164624 ], [ 36.933685999320886, -1.199363456993464 ], [ 36.933691371306487, -1.19936598046664 ], [ 36.933699125923511, -1.199364705338821 ], [ 36.933749529216364, -1.199361241612217 ], [ 36.933758226638162, -1.199361465769549 ], [ 36.93377428518653, -1.199342015198591 ], [ 36.933812166149629, -1.1993043970975 ], [ 36.933853548132554, -1.199270722295239 ], [ 36.933898027723075, -1.199241319071036 ], [ 36.93394517131194, -1.199216474062669 ], [ 36.9340601712628, -1.199162974043855 ], [ 36.93407617952608, -1.19915584197171 ], [ 36.93421582166323, -1.199096338747785 ], [ 36.934228204282398, -1.199086289837946 ], [ 36.934281096434248, -1.199048419611244 ], [ 36.934338128064979, -1.19901722381366 ], [ 36.934480428003965, -1.198950223790796 ], [ 36.934526067198277, -1.198931248758 ], [ 36.934698896232916, -1.198868557679728 ], [ 36.934852905940538, -1.198806697058998 ], [ 36.934998309474182, -1.198736054524762 ], [ 36.93505794407325, -1.198711391555286 ], [ 36.935120077885927, -1.198694072258744 ], [ 36.935188453766997, -1.198679380472729 ], [ 36.935234815300007, -1.198663742238263 ], [ 36.935251959966429, -1.198647705692024 ], [ 36.935266959959186, -1.198635105692708 ], [ 36.935308107949375, -1.198603778713528 ], [ 36.935352043382743, -1.198576555312046 ], [ 36.935398363660433, -1.19855368494817 ], [ 36.935446644330199, -1.198535377193175 ], [ 36.935496442975868, -1.198521799809215 ], [ 36.935547303271349, -1.198513077212093 ], [ 36.935598759162126, -1.198509289331158 ], [ 36.935673257433457, -1.198507404865089 ], [ 36.935676038503772, -1.198506426930661 ], [ 36.935732248892698, -1.198493241398171 ], [ 36.935789537829734, -1.198486181410727 ], [ 36.935847248345588, -1.198485327930485 ], [ 36.9359966399455, -1.198491176615526 ], [ 36.936021549882213, -1.198480334066719 ], [ 36.93607349361271, -1.198463758325703 ], [ 36.936126834750787, -1.198452546465763 ], [ 36.936181028046498, -1.198446813094481 ], [ 36.936235519539103, -1.198446616818569 ], [ 36.936289752219572, -1.198451959644967 ], [ 36.936343171724346, -1.198462786960124 ], [ 36.936515471165258, -1.19850693746144 ], [ 36.936547136077934, -1.198501810742999 ], [ 36.936596536461039, -1.198498444795592 ], [ 36.93664603528088, -1.198499656055648 ], [ 36.936695214792238, -1.198505434301145 ], [ 36.936794814784349, -1.198521834265178 ], [ 36.936813281700083, -1.198525208291036 ], [ 36.936821322460162, -1.198526823432311 ], [ 36.936836205395181, -1.198523750105742 ], [ 36.936992879753554, -1.198474853875469 ], [ 36.937046042277359, -1.198461205169307 ], [ 36.937100307951106, -1.198453067084031 ], [ 36.937155114457532, -1.198450523949522 ], [ 36.937209893874993, -1.198453602119095 ], [ 36.93726407856245, -1.19846226969641 ], [ 36.937317107041494, -1.198476436865918 ], [ 36.937475707047824, -1.19852763681 ], [ 36.937509368389811, -1.198539756788418 ], [ 36.93758631903507, -1.198570397213412 ], [ 36.937736045147517, -1.198594333211706 ], [ 36.937805080174407, -1.198610107557866 ], [ 36.937944780177489, -1.198651907508234 ], [ 36.938005242485374, -1.198674030266496 ], [ 36.938062655195267, -1.198703246499933 ], [ 36.938113281154749, -1.198732953643053 ], [ 36.938306784848521, -1.198743043706344 ], [ 36.938312895809673, -1.19874339738792 ], [ 36.938509395779626, -1.198755897318502 ], [ 36.938573841677716, -1.198763942491757 ], [ 36.938636858459866, -1.198779730647032 ], [ 36.938895058468802, -1.198861330555839 ], [ 36.938951174842181, -1.198882583499285 ], [ 36.93920665311925, -1.198996044120386 ], [ 36.939494382736349, -1.19910851762063 ], [ 36.939836598934875, -1.199222108244146 ], [ 36.939877057548138, -1.199237373073725 ], [ 36.939916171317805, -1.199255850808497 ], [ 36.939922805445363, -1.199259317984886 ], [ 36.939941202516671, -1.199263491387931 ], [ 36.940003497233384, -1.199281648920318 ], [ 36.940063174151149, -1.199307206076517 ], [ 36.94020247417501, -1.199377106032305 ], [ 36.940247062809618, -1.199402203370056 ], [ 36.940289090316227, -1.199431437116456 ], [ 36.940473214030249, -1.199572943868871 ], [ 36.940500249124312, -1.199585015555773 ], [ 36.940761550709915, -1.199598134306923 ], [ 36.941005536456643, -1.199607549629574 ], [ 36.94120002997748, -1.199598761934036 ], [ 36.941243041819021, -1.199598547763608 ], [ 36.941285933663487, -1.199601786426208 ], [ 36.941864133596773, -1.199668886219217 ], [ 36.941889346427089, -1.199672421242624 ], [ 36.942286246395447, -1.199737721099624 ], [ 36.942338881522367, -1.199749123506073 ], [ 36.942650221486204, -1.199833145269762 ], [ 36.942918704844637, -1.199904867230599 ], [ 36.943095904329098, -1.19994218199737 ], [ 36.943863633915456, -1.200099060827654 ], [ 36.943915782289992, -1.200112477223155 ], [ 36.943966341118127, -1.200131061952508 ], [ 36.94423528901649, -1.200245547578234 ], [ 36.945370115078646, -1.20048936718581 ], [ 36.945425427319122, -1.200504384732959 ], [ 36.945478843406001, -1.200525226707889 ], [ 36.94566214983687, -1.200608282566222 ], [ 36.945703605561945, -1.200616659062447 ], [ 36.945873062395442, -1.200615534445282 ], [ 36.946001914591299, -1.20060683177135 ], [ 36.946052065802832, -1.200605799297886 ], [ 36.946102095181324, -1.200609464135762 ], [ 36.946151569381392, -1.200617794541267 ], [ 36.946200059866428, -1.200630718358366 ], [ 36.946247146620479, -1.200648123643719 ], [ 36.946292421786382, -1.200669859636247 ], [ 36.946335493198532, -1.200695738063035 ], [ 36.946336954027238, -1.200696812969442 ], [ 36.946428503680302, -1.20070574548413 ], [ 36.946475937451197, -1.200712526900892 ], [ 36.946522585510266, -1.200723521234636 ], [ 36.946568079263542, -1.200738641613036 ], [ 36.946743300781833, -1.200805710108501 ], [ 36.946783560404619, -1.200810595613237 ], [ 36.946835717708503, -1.200822289197772 ], [ 36.946864958405335, -1.200831988617165 ], [ 36.946882894288535, -1.200828699576691 ], [ 36.946934534693398, -1.200821805409832 ], [ 36.946986595144928, -1.200819961217791 ], [ 36.947038589319597, -1.200823184228591 ], [ 36.947090031512914, -1.200831444334937 ], [ 36.94718347703526, -1.200851151618275 ], [ 36.947233592475676, -1.200857716017706 ], [ 36.947291030483576, -1.200865181943498 ], [ 36.947337509135473, -1.200873318734921 ], [ 36.947383102814939, -1.200885515219123 ], [ 36.947427462205368, -1.20090167795298 ], [ 36.94747024744661, -1.200921683105822 ], [ 36.947533047458187, -1.200954483086272 ], [ 36.947576246886065, -1.200979667589809 ], [ 36.947581650991282, -1.200983531498405 ], [ 36.947972121013834, -1.201051174788036 ], [ 36.948019686617066, -1.201061661301394 ], [ 36.948066117801559, -1.201076425882491 ], [ 36.948438711689214, -1.201213827148756 ], [ 36.948524849904182, -1.201243813935049 ], [ 36.94865379519625, -1.201223035273495 ], [ 36.948701083875882, -1.201217557646217 ], [ 36.948748668301228, -1.2012163008995 ], [ 36.948796177316495, -1.201219274836293 ], [ 36.949138877274606, -1.201256074714256 ], [ 36.949150339226328, -1.201257430593656 ], [ 36.949486939190535, -1.201300930473268 ], [ 36.949536367775359, -1.201309689581142 ], [ 36.949584772580089, -1.201323038416693 ], [ 36.949631733879627, -1.201340861230654 ], [ 36.949676844465642, -1.201363003479262 ], [ 36.949719466284122, -1.201389121869482 ], [ 36.949875580232501, -1.20143698366946 ], [ 36.949908324720383, -1.201444534833972 ], [ 36.950045526195602, -1.201402023752062 ], [ 36.950095671647574, -1.201389104100122 ], [ 36.950146817173398, -1.20138108569404 ], [ 36.950198491040645, -1.201378042490741 ], [ 36.950250216643759, -1.201380002559245 ], [ 36.950317316634532, -1.201385802535486 ], [ 36.950357827376209, -1.201390865915291 ], [ 36.950453833353961, -1.20140660166869 ], [ 36.950512256391349, -1.201413339607829 ], [ 36.950556069981324, -1.201420240967205 ], [ 36.95059917157382, -1.201430744360324 ], [ 36.950641269371559, -1.201444778679649 ], [ 36.950656269372772, -1.201450478674519 ], [ 36.950668390549794, -1.201455782442944 ], [ 36.950680755929397, -1.201460480539387 ], [ 36.950703155932167, -1.201470280531957 ], [ 36.950706518943861, -1.201471953871084 ], [ 36.950710009950086, -1.201473336375834 ], [ 36.950713312684876, -1.201475037659996 ], [ 36.950729411540607, -1.201473253484569 ], [ 36.95076878077014, -1.201465084816141 ], [ 36.950826970341296, -1.201456311683814 ], [ 36.950885763299617, -1.20145397510951 ], [ 36.950944458974256, -1.20145810294029 ], [ 36.951002357853596, -1.201468645983023 ], [ 36.951140868720117, -1.201501817125648 ], [ 36.951178135880198, -1.201509408571647 ], [ 36.951215827855748, -1.201506452325346 ], [ 36.951269960676569, -1.201504953132919 ], [ 36.951323969727184, -1.201508928997712 ], [ 36.951327294806276, -1.201509515641459 ], [ 36.951353574614011, -1.201507694259644 ], [ 36.95136742532641, -1.201507442940007 ], [ 36.951383243258789, -1.201502259631416 ], [ 36.951439337325404, -1.20149032500742 ], [ 36.951633137268232, -1.2014598249496 ], [ 36.951685400940185, -1.201454210606089 ], [ 36.951737959415425, -1.201453746773442 ], [ 36.951790312863444, -1.201458437863237 ], [ 36.951841963403453, -1.201468239263741 ], [ 36.951892419839176, -1.201483057764229 ], [ 36.951984719844411, -1.201515157732178 ], [ 36.952033934779351, -1.201535052388621 ], [ 36.952080968818692, -1.201559719180597 ], [ 36.952098834370851, -1.201571469234454 ], [ 36.952103792645751, -1.201570097586691 ], [ 36.952153992970061, -1.201561235426785 ], [ 36.952204800518537, -1.201557185513103 ], [ 36.952255760972292, -1.201557984060265 ], [ 36.952423060946543, -1.201568584001561 ], [ 36.952476189421077, -1.20157462465145 ], [ 36.95252846186888, -1.201585933726132 ], [ 36.95257936389676, -1.201602399937896 ], [ 36.952600636716497, -1.201610473622801 ], [ 36.952838919715148, -1.201674029355474 ], [ 36.952984311560243, -1.201665392165188 ], [ 36.9531165208546, -1.201636864358273 ], [ 36.953184563219466, -1.201626700869832 ], [ 36.953289063193139, -1.201617900836313 ], [ 36.953348727166784, -1.201616214598901 ], [ 36.953408210532004, -1.201621178870857 ], [ 36.953529710519994, -1.201638178827407 ], [ 36.95357196049617, -1.201645827559444 ], [ 36.953613471687433, -1.201656836358508 ], [ 36.953787593857363, -1.20171056276234 ], [ 36.953922079473138, -1.201744764911576 ], [ 36.953926532917791, -1.201737396794377 ], [ 36.953956620733919, -1.20169672650862 ], [ 36.953990349866153, -1.201659061448682 ], [ 36.954027425630144, -1.201624730686575 ], [ 36.954067524102761, -1.201594034163295 ], [ 36.954131524072736, -1.201549634160974 ], [ 36.954178982088088, -1.201520232007302 ], [ 36.954229202763102, -1.201495919334162 ], [ 36.954262275803934, -1.201483960980475 ], [ 36.954295008177752, -1.201464294157618 ], [ 36.954340144787665, -1.201442608997788 ], [ 36.954375305739084, -1.201429589728436 ], [ 36.954488543046132, -1.201336266007853 ], [ 36.954530545535782, -1.201304947426631 ], [ 36.95457536469408, -1.201277871443547 ], [ 36.954622578952552, -1.201255292735429 ], [ 36.95467174421438, -1.201237423677842 ], [ 36.954722398031599, -1.201224432347448 ], [ 36.954774063954844, -1.201216440941086 ], [ 36.954807004230972, -1.201214600350676 ], [ 36.95512265109604, -1.201030392131946 ], [ 36.955168683102926, -1.20100642723484 ], [ 36.955216789085206, -1.200987023004945 ], [ 36.955266524268197, -1.20097235884894 ], [ 36.955322359799176, -1.200958792365838 ], [ 36.955355618261663, -1.20094449925362 ], [ 36.955383093572614, -1.20092410410801 ], [ 36.955429709280793, -1.200893121357546 ], [ 36.955479260731686, -1.200867161425778 ], [ 36.955531215634522, -1.200846503179593 ], [ 36.95553186073586, -1.200846321704969 ], [ 36.955543043846944, -1.200837248203797 ], [ 36.955579177865651, -1.200810352860627 ], [ 36.955617412405786, -1.20078658093221 ], [ 36.955644613629524, -1.200772675771719 ], [ 36.955698172510274, -1.200733921782531 ], [ 36.955755372484063, -1.200698621778016 ], [ 36.9558037575637, -1.200672087093692 ], [ 36.955854581420063, -1.200650663320045 ], [ 36.955892180823369, -1.200639191323511 ], [ 36.956259727428815, -1.200435489525476 ], [ 36.956289479140331, -1.200420190307767 ], [ 36.957229731070981, -1.199973112826953 ], [ 36.957435678327109, -1.19987513784487 ], [ 36.957522255573565, -1.19983394863883 ], [ 36.957556389453138, -1.19981770617677 ], [ 36.957752947071775, -1.19971687021366 ], [ 36.957795409506012, -1.19969736959186 ], [ 36.957839388909861, -1.19968163967472 ], [ 36.957884555483759, -1.19966979842052 ], [ 36.957916998597156, -1.199662787213989 ], [ 36.958025768474222, -1.199580102856241 ], [ 36.958075208788038, -1.199546670585959 ], [ 36.95812801226316, -1.199518933268896 ], [ 36.95876121199634, -1.199229933164243 ], [ 36.958792519242323, -1.199216822969408 ], [ 36.959202725951215, -1.199060091516461 ], [ 36.959642922499533, -1.198875000096914 ], [ 36.95978414437959, -1.198804840581815 ], [ 36.959956090539961, -1.198719459871147 ], [ 36.959975614981737, -1.198700572354157 ], [ 36.960020236890855, -1.198661896880659 ], [ 36.960068784363671, -1.198628351866261 ], [ 36.960120677900754, -1.198600337730273 ], [ 36.960275980129403, -1.19852719759675 ], [ 36.960282984539958, -1.198523088571319 ], [ 36.960477606528528, -1.198339287878813 ], [ 36.960512949641988, -1.198308692356992 ], [ 36.960550787214423, -1.198281285186782 ], [ 36.960747650202812, -1.198151315555233 ], [ 36.961350302285595, -1.197672658962738 ], [ 36.962102191444345, -1.197067194782787 ], [ 36.962147894621722, -1.197034176479429 ], [ 36.962192968716906, -1.197008313150246 ], [ 36.962224810046166, -1.196978803931347 ], [ 36.962266146055661, -1.19694731028892 ], [ 36.962310297050131, -1.196919959635141 ], [ 36.962356854541092, -1.196897005020902 ], [ 36.962457253564033, -1.196853398649702 ], [ 36.962682097800709, -1.196691024829074 ], [ 36.962727107280365, -1.19666181657361 ], [ 36.962774774385892, -1.196637248262774 ], [ 36.962824628520721, -1.196617562449288 ], [ 36.962876177496653, -1.196602953483136 ], [ 36.962899698571086, -1.196598766250923 ], [ 36.962942026446953, -1.196582549135591 ], [ 36.963009526421722, -1.196560749120062 ], [ 36.963067078929889, -1.196545631088084 ], [ 36.963125936038359, -1.196536988102817 ], [ 36.963134362639387, -1.196536695708474 ], [ 36.963134480384241, -1.196536639752608 ], [ 36.963186052027801, -1.196515340040939 ], [ 36.963239533598937, -1.196499515688792 ], [ 36.96329435300629, -1.196489335969587 ], [ 36.963349923847595, -1.196484909776217 ], [ 36.963476677354066, -1.196481434529175 ], [ 36.963510559744215, -1.1964790022259 ], [ 36.963528835994971, -1.196476709380965 ], [ 36.963542776071549, -1.196473741307523 ], [ 36.963566767481034, -1.19646220056509 ], [ 36.96369483368607, -1.196382609928587 ], [ 36.963733956343987, -1.196360504879279 ], [ 36.963774770019086, -1.196341751427675 ], [ 36.96389556997007, -1.196292251404891 ], [ 36.963960730146098, -1.196270420088162 ], [ 36.964008119140587, -1.196244051110493 ], [ 36.964064879837821, -1.196220497523271 ], [ 36.964235779772174, -1.19616079748606 ], [ 36.964274162827941, -1.196148981553336 ], [ 36.964309115259191, -1.196139639039572 ], [ 36.964320818678367, -1.196130187899644 ], [ 36.96436793550545, -1.196099647775765 ], [ 36.964417948286091, -1.196074197074853 ], [ 36.964470316319677, -1.196054110951331 ], [ 36.96452447344226, -1.196039606561922 ], [ 36.964579834147564, -1.196030840717851 ], [ 36.96460226164767, -1.196029665548233 ], [ 36.964750145282871, -1.195968327044727 ], [ 36.964807995815342, -1.195948118961003 ], [ 36.964867750345839, -1.195934646066749 ], [ 36.964982672159486, -1.195915559364095 ], [ 36.965695038080675, -1.195632584804796 ], [ 36.96569701221506, -1.195631911288335 ], [ 36.965698917838807, -1.195631061050032 ], [ 36.96656171749536, -1.195296060878464 ], [ 36.966615559366211, -1.195278366159054 ], [ 36.966670948824792, -1.195266456182817 ], [ 36.966727274200771, -1.195260462473211 ], [ 36.966783913488278, -1.195260451219907 ], [ 36.966887579317635, -1.195265920567388 ], [ 36.967538641700898, -1.194968816484847 ], [ 36.967587253332212, -1.194949435932933 ], [ 36.967637501951728, -1.194934887515107 ], [ 36.967688914677389, -1.194925308144789 ], [ 36.967776064727026, -1.194913436568654 ], [ 36.967823255610519, -1.194886691606728 ], [ 36.967866391304398, -1.19486474805379 ], [ 36.967911306607164, -1.194846782140535 ], [ 36.967957640342064, -1.194832938336365 ], [ 36.968005019926295, -1.194823327963659 ], [ 36.968046520150189, -1.194816843540194 ], [ 36.96815299578995, -1.194769341845331 ], [ 36.968195907787823, -1.194752368784514 ], [ 36.968313907742704, -1.194711468758721 ], [ 36.968374474167042, -1.194694382937759 ], [ 36.968475452724384, -1.194672200966783 ], [ 36.968872063600756, -1.194521865409801 ], [ 36.969033967341481, -1.1944473914423 ], [ 36.969081768894632, -1.194428125185057 ], [ 36.969131178906281, -1.194413538097296 ], [ 36.969202605733564, -1.194396133272228 ], [ 36.969269644386443, -1.194360015318851 ], [ 36.969309613925162, -1.194340568492446 ], [ 36.969351037940605, -1.194324498463005 ], [ 36.969393635396905, -1.194311914255876 ], [ 36.969624227147321, -1.194254059024042 ], [ 36.969736144407328, -1.194202960105396 ], [ 36.969783326515198, -1.194184061737065 ], [ 36.969832066254192, -1.194169716578994 ], [ 36.96988193097544, -1.194160051969522 ], [ 36.96993247804388, -1.194155153699132 ], [ 36.969983258767364, -1.194155065248832 ], [ 36.970051058756148, -1.194158165225395 ], [ 36.970105777028287, -1.194163491785492 ], [ 36.970159671618809, -1.194174400722315 ], [ 36.970212181858201, -1.194190778549907 ], [ 36.970262761478317, -1.194212454889054 ], [ 36.97043290762047, -1.194295932503802 ], [ 36.970568150772834, -1.194344326608306 ], [ 36.970601976293118, -1.194351564371523 ], [ 36.970651563436853, -1.194364684118199 ], [ 36.970699687661586, -1.194382486960727 ], [ 36.970745913482382, -1.194404811798411 ], [ 36.970789822593183, -1.19443145661011 ], [ 36.970831017652174, -1.194462180282437 ], [ 36.970869125877421, -1.194496704791555 ], [ 36.970889138954533, -1.194516649861794 ], [ 36.971411092132598, -1.194756042359181 ], [ 36.97142583561709, -1.194763077592799 ], [ 36.971686535659579, -1.194892377510701 ], [ 36.971698004536222, -1.194898237959557 ], [ 36.972305204647995, -1.195217737773026 ], [ 36.972308309194815, -1.195219384314549 ], [ 36.974109609536406, -1.196182283765385 ], [ 36.974148726227732, -1.196205367684118 ], [ 36.974443175477184, -1.196396322265601 ], [ 36.974772317760355, -1.196519932783775 ], [ 36.974817065253127, -1.196539094586065 ], [ 36.974859914715296, -1.196562237849786 ], [ 36.974900517339577, -1.196589174182395 ], [ 36.975047517386308, -1.196696574146665 ], [ 36.975091214207033, -1.196732143486311 ], [ 36.975291492924946, -1.196913344848966 ], [ 36.975307651083412, -1.196912214495641 ], [ 36.975360708796217, -1.196913770632736 ], [ 36.975413357139402, -1.19692057213648 ], [ 36.975465085490171, -1.19693255304138 ], [ 36.975515392148367, -1.196949597148172 ], [ 36.975563789202369, -1.196971539150889 ], [ 36.976049189287352, -1.197221239000425 ], [ 36.976112981751541, -1.197259866850771 ], [ 36.976183483908812, -1.197309538792616 ], [ 36.976235018517023, -1.197328680199839 ], [ 36.976244696964649, -1.19732835816703 ], [ 36.976295399373178, -1.197331487140011 ], [ 36.9763455839391, -1.197339406568836 ], [ 36.976394804897225, -1.197352046109535 ], [ 36.976442625041507, -1.197369293491584 ], [ 36.976488619608588, -1.197390995515263 ], [ 36.976532380050692, -1.197416959412322 ], [ 36.976573517664647, -1.19744695455832 ], [ 36.976611667044502, -1.197480714521089 ], [ 36.976727414547376, -1.197593310576414 ], [ 36.97700333956498, -1.197730347053109 ], [ 36.977030763401451, -1.197736558041656 ], [ 36.977080567080144, -1.197753095988259 ], [ 36.977128538139304, -1.197774427437279 ], [ 36.977174222406305, -1.197800350430763 ], [ 36.977217187358889, -1.197830619539687 ], [ 36.977257026220244, -1.197864948187477 ], [ 36.977476190296606, -1.198073229139998 ], [ 36.977536155018882, -1.198115532015965 ], [ 36.978167618034014, -1.1984278007061 ], [ 36.97825800815685, -1.198461765446073 ], [ 36.978305332680691, -1.198482190533195 ], [ 36.978350504778106, -1.19850706782591 ], [ 36.978393112166138, -1.198536170271197 ], [ 36.978432765969679, -1.198569232253299 ], [ 36.978469104270708, -1.198605952017942 ], [ 36.978501795411525, -1.198645994426428 ], [ 36.978664780739145, -1.198866296236973 ], [ 36.979176910615685, -1.199157936009089 ], [ 36.979219803020477, -1.19918511780802 ], [ 36.979259968952945, -1.199216234803979 ], [ 36.979297053205734, -1.199251011814386 ], [ 36.979330727824234, -1.199289141289256 ], [ 36.979416222140884, -1.199395635683756 ], [ 36.979547777091824, -1.19942481113116 ], [ 36.979599341514977, -1.199438978390666 ], [ 36.979649258229557, -1.199458216607297 ], [ 36.979697036322179, -1.199482336580487 ], [ 36.97974220591194, -1.19951110109924 ], [ 36.979784322771543, -1.199544227275022 ], [ 36.97982297269612, -1.199581389323908 ], [ 36.97991626727363, -1.199680452436804 ], [ 36.980236226650099, -1.199905274387582 ], [ 36.980238253353789, -1.199906705446035 ], [ 36.980534026413011, -1.200116573066794 ], [ 36.980692083277411, -1.200180247969004 ], [ 36.980743869957927, -1.200204386449864 ], [ 36.98079283055246, -1.200233901011563 ], [ 36.981088235475696, -1.200434098033498 ], [ 36.981392014296766, -1.200599398501093 ], [ 36.981557824965549, -1.200638860394751 ], [ 36.981605738953618, -1.200652646293066 ], [ 36.981652183147112, -1.200670827366442 ], [ 36.981696760523924, -1.200693248196834 ], [ 36.981739090020092, -1.200719717123109 ], [ 36.981778809787301, -1.200750007879457 ], [ 36.981815580286082, -1.200783861529629 ], [ 36.981985546565106, -1.200955528986763 ], [ 36.982031272940546, -1.200985583586037 ], [ 36.982186860839036, -1.20103411929736 ], [ 36.982247669444057, -1.201057217990505 ], [ 36.982305273582462, -1.20108751585009 ], [ 36.982531876594997, -1.201224812029874 ], [ 36.982634210613988, -1.201265519447123 ], [ 36.982708794908014, -1.201277405949807 ], [ 36.982740433554447, -1.201275187561294 ], [ 36.982796215357553, -1.201277100049806 ], [ 36.982851501577088, -1.201284808545777 ], [ 36.982905699355868, -1.201298230388391 ], [ 36.982958227508369, -1.201317221650214 ], [ 36.983008522753032, -1.201341578680543 ], [ 36.983087222768631, -1.201384878656942 ], [ 36.983134348343526, -1.201414064596978 ], [ 36.983178252692539, -1.201447959738234 ], [ 36.983293079107234, -1.201546430593072 ], [ 36.983779080402314, -1.20177599221036 ], [ 36.983821710542976, -1.201798519550241 ], [ 36.983862173216636, -1.201824786192855 ], [ 36.983900145528366, -1.201854582528977 ], [ 36.983935324456446, -1.201887670782182 ], [ 36.984018129710911, -1.201972839738602 ], [ 36.984454144119105, -1.202300346934245 ], [ 36.984576082285287, -1.202349044445804 ], [ 36.984626817331801, -1.202372434264329 ], [ 36.98467487769868, -1.20240097868932 ], [ 36.984817465713242, -1.20249601214102 ], [ 36.98580482506646, -1.202892372732264 ], [ 36.985916160210245, -1.202920282320401 ], [ 36.985964685041182, -1.202934915682239 ], [ 36.986011630680643, -1.202954069595401 ], [ 36.986056582461373, -1.202977574875292 ], [ 36.986255012439685, -1.203093564369781 ], [ 36.9865188231446, -1.203223918896263 ], [ 36.98655776098105, -1.203245200986877 ], [ 36.987018506858014, -1.203522296718689 ], [ 36.987301368636516, -1.203656888805176 ], [ 36.987568609861214, -1.203744898009719 ], [ 36.987617098314246, -1.203763512258337 ], [ 36.987663583437197, -1.203786733817782 ], [ 36.987707634290935, -1.203814347413746 ], [ 36.987748842503045, -1.203846097055534 ], [ 36.98778308048437, -1.203878178735255 ], [ 36.987937743840078, -1.203913680774905 ], [ 36.987992272420385, -1.203929274894209 ], [ 36.988044872217202, -1.20395054706108 ], [ 36.988094961407846, -1.20397726197811 ], [ 36.988141985940075, -1.204009124143892 ], [ 36.988185425660653, -1.204045781121631 ], [ 36.988459557443804, -1.204302994991537 ], [ 36.989438583896003, -1.204731134658573 ], [ 36.9894650614266, -1.204743583005902 ], [ 36.990556324181711, -1.205293389703717 ], [ 36.991225328657848, -1.205608590770066 ], [ 36.991538376909425, -1.2057015893721 ], [ 36.991586095915054, -1.205718248985115 ], [ 36.991632056059558, -1.205739331322933 ], [ 36.991675853751751, -1.20576465125506 ], [ 36.991717104389558, -1.205793986439249 ], [ 36.99175544573734, -1.205827079273932 ], [ 36.992047654895359, -1.206104231683546 ], [ 36.992065896261913, -1.206107568411159 ], [ 36.992114486464139, -1.20612128494136 ], [ 36.992161589134348, -1.206139515409354 ], [ 36.992970089231676, -1.206497015146157 ], [ 36.993005972316055, -1.206514502788055 ], [ 36.993040472959819, -1.206534612255122 ], [ 36.99318407299603, -1.206625612215653 ], [ 36.993223907055501, -1.206653449973107 ], [ 36.99326109398465, -1.206684778714482 ], [ 36.993295332753796, -1.206719344832818 ], [ 36.993321954101141, -1.206748755752198 ], [ 36.993832762015607, -1.206952133537265 ], [ 36.993875977783198, -1.206971590333006 ], [ 36.993917330559654, -1.206994788963887 ], [ 36.994050332510163, -1.207077308864202 ], [ 36.994105879294764, -1.207093693147593 ], [ 36.994153875217606, -1.207110358273222 ], [ 36.994200100282129, -1.207131494950678 ], [ 36.994244144326224, -1.207156915631445 ], [ 36.994285616540182, -1.207186394754335 ], [ 36.994334850935736, -1.207225013906806 ], [ 36.99448700859466, -1.207296436285919 ], [ 36.994527751929873, -1.207317732539614 ], [ 36.994566546888542, -1.207342441370462 ], [ 36.99468163728897, -1.207422850277862 ], [ 36.994749507085899, -1.20745900058787 ], [ 36.99479643911986, -1.207487151734271 ], [ 36.994840298662076, -1.207519940285868 ], [ 36.994880635074757, -1.207557029355172 ], [ 36.994917033918625, -1.207598037868646 ], [ 36.994949121211114, -1.207642544482102 ], [ 36.994996895538058, -1.207716416016215 ], [ 36.995014700196023, -1.207722351713284 ], [ 36.995122902639274, -1.207764491209236 ], [ 36.99516392311201, -1.207774997865251 ], [ 36.995234072197142, -1.207765060358665 ], [ 36.995286428633868, -1.20775438945401 ], [ 36.99534089839068, -1.207746177706916 ], [ 36.995395916369979, -1.20774360380897 ], [ 36.995450908076229, -1.207746694637277 ], [ 36.995505299288119, -1.20775541791808 ], [ 36.99554789928608, -1.207764517903078 ], [ 36.995597390537505, -1.207777588859906 ], [ 36.995645427376637, -1.207795324412056 ], [ 36.995691576906211, -1.207817564731185 ], [ 36.995735423236916, -1.207844109392979 ], [ 36.995776571235233, -1.207874719183221 ], [ 36.995814650084327, -1.207909118253701 ], [ 36.995849316625787, -1.207946996607905 ], [ 36.995880258452075, -1.20798801289477 ], [ 36.99590719672193, -1.208031797484768 ], [ 36.995929888673217, -1.208077955800982 ], [ 36.995953944096769, -1.208133358667012 ], [ 36.996023905366073, -1.208198134756577 ], [ 36.996028170811606, -1.20820243738089 ], [ 36.996931961149777, -1.208565431875084 ], [ 36.996968252463184, -1.208581590896119 ], [ 36.997003264190326, -1.208600393680338 ], [ 36.998297764474174, -1.209358493305991 ], [ 36.998339816454532, -1.20938582720335 ], [ 36.998379167596958, -1.209416969964744 ], [ 36.998415478471053, -1.209451652963148 ], [ 36.998448435870671, -1.209489577034538 ], [ 36.998476982952852, -1.209525680674723 ], [ 36.998828924098248, -1.209760330302678 ], [ 36.998915027945586, -1.20977248490838 ], [ 36.999589470199879, -1.209750773757237 ], [ 36.99966503308999, -1.209753682982004 ], [ 36.999759033078341, -1.20976398294928 ], [ 36.999809647373567, -1.209771994553057 ], [ 36.999859277193273, -1.209784807178398 ], [ 36.999907474068863, -1.209802305047336 ], [ 36.999953802480064, -1.209824330044816 ], [ 36.999997843790517, -1.209850683147299 ], [ 37.000039200030592, -1.209881126221283 ], [ 37.000077497493642, -1.209915384175098 ], [ 37.000208997553599, -1.210044784155652 ], [ 37.000247431612109, -1.210086809744494 ], [ 37.000281262548697, -1.210132669763406 ], [ 37.000310115323863, -1.210181855823074 ], [ 37.000416015412029, -1.210386255848245 ], [ 37.000440981957659, -1.210441867506318 ], [ 37.000457881975002, -1.210485967514795 ], [ 37.000474441201305, -1.210536404771293 ], [ 37.000486020271154, -1.210588230257264 ], [ 37.000492508169451, -1.210640947094185 ], [ 37.000493842692919, -1.210694049857692 ], [ 37.000490011046431, -1.210747029423259 ], [ 37.000481049965785, -1.210799377847477 ], [ 37.000467045365433, -1.210850593238072 ], [ 37.000448131514815, -1.210900184565736 ], [ 37.000425581854508, -1.210945482543949 ], [ 37.000447006204681, -1.210976806072329 ], [ 37.000455076396001, -1.21099152873191 ], [ 37.00049398375095, -1.210999614613655 ], [ 37.000545865138918, -1.211016029203111 ], [ 37.000595839021692, -1.211037622418404 ], [ 37.000643396629961, -1.211064174425939 ], [ 37.000723496649663, -1.211114374403769 ], [ 37.000770829104191, -1.21114770903936 ], [ 37.000814345147802, -1.211185950945615 ], [ 37.00085354489832, -1.211228660826794 ], [ 37.000887978055978, -1.211275348062071 ], [ 37.000917249076245, -1.211325476341431 ], [ 37.000936019167419, -1.21136196713078 ], [ 37.001138716463444, -1.211443734317423 ], [ 37.001190591777522, -1.211467949723762 ], [ 37.001239626315851, -1.211497560427056 ], [ 37.001553626403627, -1.211710760345345 ], [ 37.001597235544111, -1.211743719729332 ], [ 37.001977835687249, -1.212062919651686 ], [ 37.001990223873882, -1.212073633540194 ], [ 37.002525824091272, -1.212551233441637 ], [ 37.002560612505313, -1.212585183500059 ], [ 37.002563223778225, -1.212588235706312 ], [ 37.002586034394341, -1.212592830642869 ], [ 37.002770412827502, -1.21255879896081 ], [ 37.003420295777538, -1.212393962966311 ], [ 37.003706081719038, -1.212305940414418 ], [ 37.003737237512361, -1.21229736308874 ], [ 37.004046937407878, -1.212222063008912 ], [ 37.004089620043622, -1.212213504579923 ], [ 37.004285119986015, -1.212182504523397 ], [ 37.004309013529685, -1.212179265178809 ], [ 37.004578713457136, -1.212148865096852 ], [ 37.004625059420682, -1.212145668595241 ], [ 37.004671506712086, -1.212146500678013 ], [ 37.004717710308398, -1.212151355164584 ], [ 37.004763326996887, -1.212160195994837 ], [ 37.004930126991802, -1.212200095936417 ], [ 37.004980938336971, -1.2122149368197 ], [ 37.005030059289481, -1.212234720242084 ], [ 37.0053257593284, -1.212371120147354 ], [ 37.005328840526104, -1.212372553268854 ], [ 37.006208640646605, -1.212785152988556 ], [ 37.006275131258619, -1.212822291409424 ], [ 37.006647820392061, -1.213066570918212 ], [ 37.007094251987219, -1.213298897386883 ], [ 37.007131566442233, -1.213320252829239 ], [ 37.007167074196708, -1.21334452919095 ], [ 37.008166645252587, -1.214088150186582 ], [ 37.009312157710113, -1.214759960626653 ], [ 37.009312954153238, -1.214760428636916 ], [ 37.010166627532541, -1.215263054923089 ], [ 37.010624280959632, -1.215386423663239 ], [ 37.01075940756909, -1.215412367927359 ], [ 37.010804098392832, -1.215411031927924 ], [ 37.010858152730023, -1.215412146469689 ], [ 37.010911824197507, -1.215418705898651 ], [ 37.010964572772878, -1.215430644216843 ], [ 37.011015867719429, -1.215447841305834 ], [ 37.01106519292621, -1.215470124135346 ], [ 37.011106373792202, -1.215493979199506 ], [ 37.011131104249827, -1.215497829716519 ], [ 37.011178992677991, -1.215509885561727 ], [ 37.011225584441448, -1.215526300583581 ], [ 37.011270488745325, -1.21554693709922 ], [ 37.011313328948461, -1.215571622017371 ], [ 37.011353745722552, -1.215600148290249 ], [ 37.011399300976514, -1.21563554085626 ], [ 37.011451945045849, -1.215657274626558 ], [ 37.011503219081114, -1.215681689748221 ], [ 37.011551659979951, -1.215711393191595 ], [ 37.011648385392675, -1.215777971164987 ], [ 37.011726029966738, -1.21580359487745 ], [ 37.011784059515492, -1.215826565984469 ], [ 37.011839064840032, -1.21585612913787 ], [ 37.011954511044777, -1.215927105503483 ], [ 37.012012293723856, -1.215949223254116 ], [ 37.012054963871485, -1.215967712159141 ], [ 37.012095893753738, -1.215989830619948 ], [ 37.012195317845666, -1.216049252008826 ], [ 37.012212494652687, -1.216052665139135 ], [ 37.012266494543482, -1.216066346225536 ], [ 37.012318803876994, -1.21608556188812 ], [ 37.012368864350449, -1.216110107036803 ], [ 37.012416141663223, -1.216139719699259 ], [ 37.012460131219527, -1.216174083817067 ], [ 37.012500363514015, -1.21621283261892 ], [ 37.012536409142882, -1.21625555253521 ], [ 37.012567883386936, -1.216301787612149 ], [ 37.01256866857473, -1.216303079436953 ], [ 37.012731548169747, -1.216456541756296 ], [ 37.01273416677062, -1.21645902551424 ], [ 37.012944666862744, -1.21666002548058 ], [ 37.012990170782203, -1.216709214443007 ], [ 37.01314787087189, -1.216902414434884 ], [ 37.013164338818392, -1.216924951539463 ], [ 37.013186204211877, -1.216919275673603 ], [ 37.013239367138759, -1.216911047872132 ], [ 37.013293080099309, -1.216908194145554 ], [ 37.013319088778317, -1.216909427952104 ], [ 37.01392266221157, -1.216637756421904 ], [ 37.01394341917873, -1.216628932871965 ], [ 37.014973416992056, -1.216216408389863 ], [ 37.015491085350838, -1.215934467441835 ], [ 37.015748710334471, -1.215603552108053 ], [ 37.015748529534889, -1.215602162034992 ], [ 37.015746746088261, -1.215550399860426 ], [ 37.015749874940703, -1.215498702400579 ], [ 37.01575788757404, -1.215447540852048 ], [ 37.0157707109569, -1.215397381526878 ], [ 37.015788228210397, -1.2153486816023 ], [ 37.015826928201108, -1.215255281632682 ], [ 37.015849062856617, -1.215208328285169 ], [ 37.01587555971566, -1.215163722172782 ], [ 37.015906175614766, -1.215121872648963 ], [ 37.015940629589807, -1.215083163769805 ], [ 37.015978605454386, -1.215047950769526 ], [ 37.016019754701503, -1.215016556800465 ], [ 37.016063699701839, -1.214989269967548 ], [ 37.016348298289195, -1.214830973013904 ], [ 37.016641027674744, -1.21466223116605 ], [ 37.01668368701386, -1.214640117898883 ], [ 37.01672813126752, -1.21462191094173 ], [ 37.016774008195483, -1.214607754593101 ], [ 37.016867408163314, -1.214583454569858 ], [ 37.016874976528847, -1.214581839085464 ], [ 37.016911223199052, -1.214536679288772 ], [ 37.016949959094596, -1.214493395237467 ], [ 37.016993082770888, -1.21445454121105 ], [ 37.017040096996077, -1.214420565211225 ], [ 37.017077210088523, -1.214396675245501 ], [ 37.017162633522211, -1.214229258782823 ], [ 37.017183154330148, -1.214192611333819 ], [ 37.017206434645637, -1.214157674432456 ], [ 37.017745834415976, -1.213412374610998 ], [ 37.01778117923358, -1.213368528240207 ], [ 37.017820860382841, -1.213328616879722 ], [ 37.018007360295847, -1.21315961689565 ], [ 37.018046733944708, -1.213127189517349 ], [ 37.018088969757585, -1.213098642997464 ], [ 37.018133691455425, -1.213074231657497 ], [ 37.018144336760251, -1.213069669927322 ], [ 37.018171433872467, -1.213040768160599 ], [ 37.018213887942885, -1.213004008237816 ], [ 37.018259902375164, -1.212971880411533 ], [ 37.01830898043837, -1.212944731505728 ], [ 37.018518880349632, -1.212842531476023 ], [ 37.018563575042272, -1.212823223273328 ], [ 37.018609817042787, -1.212808048903435 ], [ 37.018910616936864, -1.212724248830999 ], [ 37.018960465438759, -1.212712892147473 ], [ 37.019011158542085, -1.212706338718649 ], [ 37.019062240447134, -1.212704647469185 ], [ 37.0191132518583, -1.212707833606149 ], [ 37.019596251798255, -1.21276123343947 ], [ 37.019653041856834, -1.212770623156102 ], [ 37.019734741022482, -1.212788686340396 ], [ 37.019843043424515, -1.212772985956728 ], [ 37.019887372808185, -1.212743463545841 ], [ 37.01993724702497, -1.212713993056503 ], [ 37.019989971292944, -1.212690070706965 ], [ 37.020044938604009, -1.212671971913005 ], [ 37.02010151612609, -1.212659905044483 ], [ 37.020159052488829, -1.212654009026505 ], [ 37.020233208557087, -1.212650439516341 ], [ 37.020412425621558, -1.212635794698891 ], [ 37.020486508086272, -1.21261272989891 ], [ 37.02085871145691, -1.21236453735278 ], [ 37.020908991644482, -1.212334817480027 ], [ 37.020962167249735, -1.212310738240348 ], [ 37.02101761595987, -1.212292581433115 ], [ 37.021208515893562, -1.212241381386366 ], [ 37.021269730455181, -1.212228736715646 ], [ 37.021331987669001, -1.212223308279178 ], [ 37.021543733987144, -1.212217251183482 ], [ 37.02173687872547, -1.212112899822317 ], [ 37.02178242596959, -1.212090992176655 ], [ 37.021829809731337, -1.212073469452664 ], [ 37.021878614386168, -1.212060485350555 ], [ 37.022864285216961, -1.211847403891944 ], [ 37.023360905718299, -1.211688180424942 ], [ 37.023404537653889, -1.211676195830645 ], [ 37.024187037396082, -1.211496395627165 ], [ 37.024232912958674, -1.211488279678673 ], [ 37.024258162774281, -1.211477375489455 ], [ 37.024311788748527, -1.211460615208415 ], [ 37.024354627306842, -1.211452015990452 ], [ 37.024382519435925, -1.21143352203499 ], [ 37.024429100955764, -1.211408826810064 ], [ 37.02447785395583, -1.211388823498188 ], [ 37.0245374539331, -1.211367723485877 ], [ 37.024589713258557, -1.211352161906497 ], [ 37.024643266707194, -1.21134199140754 ], [ 37.024643507875211, -1.211341970642055 ], [ 37.024670975379848, -1.211320496030226 ], [ 37.024724296317977, -1.211278736249112 ], [ 37.02477065544268, -1.211246207029098 ], [ 37.024820143615393, -1.211218742123788 ], [ 37.024872216821898, -1.211196643450333 ], [ 37.024926302631158, -1.21118015393587 ], [ 37.024981806487887, -1.211169454847225 ], [ 37.025176706432823, -1.211142454790211 ], [ 37.025228521923232, -1.211137826980798 ], [ 37.025280539329351, -1.21113824813291 ], [ 37.025332274152269, -1.211143714324349 ], [ 37.025383244524996, -1.21115417464255 ], [ 37.025432975700653, -1.211169531658775 ], [ 37.025481004474372, -1.211189642335559 ], [ 37.02548431436928, -1.211191422634032 ], [ 37.025535373631378, -1.211192066672061 ], [ 37.025541668344857, -1.211192789604405 ], [ 37.025541685111378, -1.211192776540816 ], [ 37.025818084984991, -1.210998676533696 ], [ 37.025862578268217, -1.210970572777183 ], [ 37.025909578183821, -1.210946961657966 ], [ 37.025958638344306, -1.210928067426009 ], [ 37.026227538244264, -1.210839367367575 ], [ 37.026284622280329, -1.21082396912838 ], [ 37.026343038072703, -1.210814953663085 ], [ 37.026402083355535, -1.210812429354967 ], [ 37.026802683279044, -1.210817429222508 ], [ 37.026852243138833, -1.210820349092175 ], [ 37.026901325874803, -1.210827846122738 ], [ 37.026949515104477, -1.210839856715229 ], [ 37.026996402025183, -1.210856278980883 ], [ 37.027031506902766, -1.210872356272238 ], [ 37.027057354265665, -1.210861814961104 ], [ 37.027195648446238, -1.210799733261039 ], [ 37.027241669594865, -1.210781571984005 ], [ 37.027289150264885, -1.210767730700505 ], [ 37.027337691108777, -1.210758325826344 ], [ 37.027386883862128, -1.210753436463901 ], [ 37.027436314777425, -1.210753103736721 ], [ 37.027552527540983, -1.210757689371651 ], [ 37.027573200075992, -1.210739923171984 ], [ 37.02761519064186, -1.210707291245577 ], [ 37.027660164903708, -1.210678972067787 ], [ 37.027707687195011, -1.210655239967439 ], [ 37.027757297166382, -1.21063632483836 ], [ 37.027762094160515, -1.21063502156575 ], [ 37.027815819807913, -1.210599005553806 ], [ 37.027818626214902, -1.210594941153141 ], [ 37.027854133123554, -1.210553245905785 ], [ 37.027893646013325, -1.210515377196325 ], [ 37.027936760021952, -1.210481723040638 ], [ 37.027983033388864, -1.210452628270879 ], [ 37.028031991981663, -1.210428391002321 ], [ 37.028083134154159, -1.210409259578649 ], [ 37.028135935886439, -1.210395430027428 ], [ 37.028182097634279, -1.210388250699119 ], [ 37.028201950227, -1.210380639975378 ], [ 37.028254977083897, -1.210366326496273 ], [ 37.028267558863305, -1.210364281312303 ], [ 37.028275257321354, -1.21036077944497 ], [ 37.028327396395021, -1.210343246921789 ], [ 37.028381038534008, -1.210331150806866 ], [ 37.028435625776574, -1.210324616919195 ], [ 37.028490590330371, -1.210323713221924 ], [ 37.028545360478297, -1.210328449115494 ], [ 37.028599366525256, -1.210338775339773 ], [ 37.028652046723884, -1.210354584486405 ], [ 37.028702853117593, -1.210375712116112 ], [ 37.028751257240131, -1.210401938468931 ], [ 37.028903557275179, -1.210494838426394 ], [ 37.028940753731504, -1.210519704387856 ], [ 37.028975777629242, -1.210547583935952 ], [ 37.029169032903035, -1.210714970291816 ], [ 37.029203084459034, -1.210712586088455 ], [ 37.029257273095325, -1.210714286893198 ], [ 37.029263668634151, -1.210715140259616 ], [ 37.029307903993598, -1.21070802421784 ], [ 37.029358993655606, -1.210704755836603 ], [ 37.02941016095405, -1.210706380608696 ], [ 37.029460944331085, -1.210712883878218 ], [ 37.02951088569197, -1.210724206982465 ], [ 37.029559534537327, -1.210740247781081 ], [ 37.029582557068089, -1.210749078103295 ], [ 37.029595683882476, -1.210747985365032 ], [ 37.029617604926649, -1.21074172220245 ], [ 37.029686417410382, -1.21062685962066 ], [ 37.029714342999149, -1.21058481158647 ], [ 37.029746037679679, -1.210545563823874 ], [ 37.02978122598067, -1.21050945745131 ], [ 37.029819602066354, -1.210476806284186 ], [ 37.029860832394611, -1.210447894107348 ], [ 37.029904558615975, -1.210422972208606 ], [ 37.029950400688115, -1.210402257194692 ], [ 37.029997960178967, -1.210385929108606 ], [ 37.0303054600694, -1.210296229036773 ], [ 37.030355672959665, -1.210284172029056 ], [ 37.030406801511816, -1.210277005117988 ], [ 37.030458376751334, -1.210274794042255 ], [ 37.03050992560636, -1.210277559083297 ], [ 37.030560975246992, -1.210285274879377 ], [ 37.030611057422234, -1.210297870658077 ], [ 37.030659712755046, -1.210315230885511 ], [ 37.030706494955943, -1.210337196326033 ], [ 37.030750974916586, -1.210363565502778 ], [ 37.030792744645744, -1.210394096545688 ], [ 37.030831421011634, -1.21042850941007 ], [ 37.030837149032557, -1.21043412018742 ], [ 37.030884471574936, -1.21045713568127 ], [ 37.030966501398879, -1.210490186280552 ], [ 37.031110150276689, -1.21035715964938 ], [ 37.031140919141244, -1.210330741234588 ], [ 37.031173569439581, -1.210306719271959 ], [ 37.031300169382128, -1.210220719267169 ], [ 37.031340360224902, -1.210195920719845 ], [ 37.031382550156259, -1.210174751645 ], [ 37.031426416449591, -1.210157373973128 ], [ 37.03147162355512, -1.210143920632945 ], [ 37.031510504054609, -1.210134188966088 ], [ 37.031544232617527, -1.21011028349123 ], [ 37.031589751556496, -1.210084271595962 ], [ 37.031637562619174, -1.210062826323782 ], [ 37.031687214913063, -1.210046149919396 ], [ 37.031710205615632, -1.210040855545414 ], [ 37.031746214574163, -1.210011688677452 ], [ 37.03179252591373, -1.209981468930221 ], [ 37.031841664818742, -1.209956174367165 ], [ 37.031893116062491, -1.209936070205072 ], [ 37.031975516031814, -1.209908670187331 ], [ 37.032024783843404, -1.209894859371762 ], [ 37.032075130359146, -1.209885810597031 ], [ 37.032126102310706, -1.209881605329444 ], [ 37.032177240798873, -1.20988228142939 ], [ 37.032228085425047, -1.209887832810377 ], [ 37.032278178436165, -1.209898209493913 ], [ 37.032327068845845, -1.209913318059375 ], [ 37.032365982114932, -1.209929546668448 ], [ 37.032415436483134, -1.209924836258237 ], [ 37.032473175268251, -1.209925581963514 ], [ 37.032530503469594, -1.209932540287829 ], [ 37.032536200799903, -1.209933866001843 ], [ 37.032737911513756, -1.209865643401226 ], [ 37.032788268916477, -1.209851309075486 ], [ 37.032839770068946, -1.209841957600389 ], [ 37.033018470019243, -1.209818457547943 ], [ 37.033073339593365, -1.209814094464388 ], [ 37.033128365169901, -1.209815386275825 ], [ 37.033182972969435, -1.209822319512438 ], [ 37.033236593568809, -1.209834821878417 ], [ 37.033288667838747, -1.209852763005803 ], [ 37.033338652774226, -1.209875955813851 ], [ 37.033386027156645, -1.209904158459827 ], [ 37.033430296988854, -1.209937076860781 ], [ 37.033471000646301, -1.209974367760098 ], [ 37.033507713690696, -1.210015642306772 ], [ 37.033540053295802, -1.210060470110195 ], [ 37.033563420474202, -1.210096607475325 ], [ 37.03357751456528, -1.210101778543519 ], [ 37.033624053084509, -1.210111957061638 ], [ 37.033678623920615, -1.210126949691557 ], [ 37.033731333129928, -1.210147616189797 ], [ 37.03378160017288, -1.210173728936056 ], [ 37.033828871407756, -1.210205000324922 ], [ 37.033911171433388, -1.210265900305378 ], [ 37.033946266083234, -1.21029421376922 ], [ 37.034090766139819, -1.210421113742049 ], [ 37.03412801647417, -1.210457133271427 ], [ 37.03416167011455, -1.210496576377946 ], [ 37.034191417977723, -1.210539080807166 ], [ 37.034216986851966, -1.210584256188642 ], [ 37.034238141906371, -1.210631687621225 ], [ 37.034254688847533, -1.210680939483583 ], [ 37.034337457567382, -1.210972685194484 ], [ 37.0343965025546, -1.211032614431183 ], [ 37.034476640582263, -1.211065640982212 ], [ 37.034522534834863, -1.211087140336853 ], [ 37.03456622281589, -1.211112878391927 ], [ 37.034607319182314, -1.211142628129363 ], [ 37.034645461449905, -1.211176127146652 ], [ 37.034680313190556, -1.211213079971322 ], [ 37.034791013249894, -1.211342079962908 ], [ 37.034822576835232, -1.211382599287286 ], [ 37.034850181862076, -1.211425947855695 ], [ 37.03487357967942, -1.211471735208627 ], [ 37.034892559532409, -1.21151954891936 ], [ 37.034906950460751, -1.211568958308721 ], [ 37.034916622838615, -1.211619518324554 ], [ 37.034921489542263, -1.211670773550435 ], [ 37.034921506734825, -1.2117222623078 ], [ 37.034916674261169, -1.2117735208146 ], [ 37.034907035649297, -1.211824087362649 ], [ 37.034898577863281, -1.211859328159197 ], [ 37.034931107363157, -1.211867147167382 ], [ 37.03497983670249, -1.211883947981611 ], [ 37.035026750210704, -1.21190535377095 ], [ 37.035071419460003, -1.211931169051981 ], [ 37.03511343651774, -1.211961158072509 ], [ 37.035213736551853, -1.212040258050373 ], [ 37.035214271486488, -1.212040680466149 ], [ 37.035344913850786, -1.212143977389583 ], [ 37.035358304593245, -1.212147379659527 ], [ 37.035407118777833, -1.212164952395399 ], [ 37.035454029877449, -1.212187163983374 ], [ 37.035471791370874, -1.212197781246127 ], [ 37.035488510095405, -1.212204948522174 ], [ 37.035522072205723, -1.212223010563487 ], [ 37.035711862249734, -1.212119945203343 ], [ 37.035761571316613, -1.212096164428281 ], [ 37.035813430656496, -1.2120776098533 ], [ 37.035866899551323, -1.212064474940617 ], [ 37.035921420500735, -1.212056896643648 ], [ 37.035976425034889, -1.212054953979064 ], [ 37.036031339641696, -1.212058667202875 ], [ 37.036085591746563, -1.212067997599224 ], [ 37.036138615682468, -1.212082847883988 ], [ 37.036179052229386, -1.212096446958636 ], [ 37.036189467079261, -1.212096907681864 ], [ 37.036246268680166, -1.212102464237858 ], [ 37.036302168206596, -1.212114034397812 ], [ 37.03635243693558, -1.212130171614235 ], [ 37.036371841430089, -1.2121287884845 ], [ 37.03642688655912, -1.212130535323601 ], [ 37.036481467271194, -1.212137926461284 ], [ 37.036535013768074, -1.212150884737923 ], [ 37.036586967048173, -1.21216927487545 ], [ 37.0366367847422, -1.212192904889528 ], [ 37.036703784754323, -1.212229004869532 ], [ 37.036752861707519, -1.212258935010751 ], [ 37.036798499262332, -1.2122939468729 ], [ 37.036840180167303, -1.212333643635792 ], [ 37.036877432015089, -1.212377575380964 ], [ 37.036914233234732, -1.212425973006038 ], [ 37.036937051304264, -1.212434450591004 ], [ 37.036984573945141, -1.212454759527178 ], [ 37.037029948088765, -1.212479551644781 ], [ 37.037072757436071, -1.212508599481372 ], [ 37.037085275651513, -1.212518001626602 ], [ 37.037512100585701, -1.212465729403775 ], [ 37.037622847298159, -1.212439267062984 ], [ 37.037755610324346, -1.212407515302293 ], [ 37.037991459831616, -1.212341274552483 ], [ 37.038467981578833, -1.212118190240232 ], [ 37.038516979851224, -1.212098132738939 ], [ 37.038567695445131, -1.212083005759819 ], [ 37.038619639942176, -1.212072954984249 ], [ 37.038672313088924, -1.212068077207109 ], [ 37.038725207614569, -1.212068419404525 ], [ 37.038777814116209, -1.212073978281461 ], [ 37.038829625964674, -1.212084700303382 ], [ 37.038880144183615, -1.212100482211867 ], [ 37.038928882254936, -1.212121172019049 ], [ 37.038975370804238, -1.212146570471169 ], [ 37.039019162121122, -1.212176432967701 ], [ 37.039059834470926, -1.212210471916761 ], [ 37.039096996156253, -1.212248359504923 ], [ 37.039130289289268, -1.21228973085412 ], [ 37.039159393238343, -1.212334187535709 ], [ 37.039184027715983, -1.212381301407488 ], [ 37.039203955478108, -1.212430618736946 ], [ 37.039218984608922, -1.212481664570992 ], [ 37.039228970369152, -1.212533947310012 ], [ 37.03923381659002, -1.212586963442231 ], [ 37.039233476599357, -1.212640202392863 ], [ 37.039227953671173, -1.212693151441211 ], [ 37.039217300994096, -1.212745300658471 ], [ 37.039201621159137, -1.212796147818657 ], [ 37.039181065171718, -1.21284520323535 ], [ 37.039155830997366, -1.212891994477582 ], [ 37.039126161655226, -1.212936070919743 ], [ 37.039092342877623, -1.212977008081277 ], [ 37.039054700358321, -1.213014411714682 ], [ 37.039013596615831, -1.213047921602391 ], [ 37.038969427502217, -1.213077215025824 ], [ 37.038922618390764, -1.213102009873341 ], [ 37.038920619358379, -1.213102945722153 ], [ 37.038801294981148, -1.213641735194807 ], [ 37.038788694773466, -1.213688631738462 ], [ 37.03877197695239, -1.213734205726871 ], [ 37.038751275574818, -1.213778091711064 ], [ 37.038726756641076, -1.213819937777868 ], [ 37.038697356629442, -1.213865337789819 ], [ 37.038697055211976, -1.213865802723719 ], [ 37.038340155070536, -1.214415702868174 ], [ 37.03831081048196, -1.214456624031993 ], [ 37.038277814941438, -1.214494623605755 ], [ 37.038241453972162, -1.214529372764713 ], [ 37.038202042219723, -1.214560570811199 ], [ 37.038159920729285, -1.214587947776754 ], [ 37.036612339957102, -1.215494028926989 ], [ 37.035047971109215, -1.216588882454217 ], [ 37.03485803385869, -1.216759870186151 ], [ 37.034797598570265, -1.216814222532546 ], [ 37.034728501079918, -1.217429987147277 ], [ 37.034719172041548, -1.217486330062364 ], [ 37.034704009049136, -1.217541373431345 ], [ 37.034683180190939, -1.217594507074296 ], [ 37.034455386565391, -1.218096449145855 ], [ 37.034509823200437, -1.218310180134838 ], [ 37.03452017083076, -1.218360671847577 ], [ 37.034525709971504, -1.218411924185391 ], [ 37.034526390600988, -1.218463474312668 ], [ 37.034522206572483, -1.218514856704571 ], [ 37.034513195669732, -1.218565607350981 ], [ 37.034391095691433, -1.219104107536235 ], [ 37.03437596426415, -1.219157896553522 ], [ 37.034355413625086, -1.219209832710106 ], [ 37.034329661987535, -1.21925936453099 ], [ 37.034298982790766, -1.219305966071189 ], [ 37.03426370179654, -1.219349142500524 ], [ 37.033923854581637, -1.219723888589439 ], [ 37.033541842830509, -1.220173386149406 ], [ 37.032773094605659, -1.221287604433886 ], [ 37.032539169079463, -1.221709485482113 ], [ 37.032510643729431, -1.221755386938548 ], [ 37.032477714897155, -1.22179819812532 ], [ 37.032440710533997, -1.221837492668989 ], [ 37.03239999918118, -1.221872879219902 ], [ 37.03200269899758, -1.222184779228191 ], [ 37.03195793984662, -1.222216378086695 ], [ 37.031910230669688, -1.222243250786475 ], [ 37.031860062307089, -1.222265120857031 ], [ 37.031807950899648, -1.222281763295793 ], [ 37.031754432578488, -1.222293006883052 ], [ 37.031700057949237, -1.222298735943384 ], [ 37.031336009597645, -1.22231838170888 ], [ 37.030998753524194, -1.222375721293748 ], [ 37.03072834306829, -1.222438068209617 ], [ 37.030543872274279, -1.222594637960436 ], [ 37.030492242582774, -1.222633392438929 ], [ 37.030436388827141, -1.22266567191268 ], [ 37.030202682298039, -1.222782638841769 ], [ 37.030009985521438, -1.22323473000458 ], [ 37.029833299928171, -1.224077775804348 ], [ 37.029818911341316, -1.22413224541594 ], [ 37.029798985700566, -1.224184918542246 ], [ 37.029773738068116, -1.224235226669389 ], [ 37.029743440947776, -1.224282626809584 ], [ 37.029708421343791, -1.224326607361705 ], [ 37.029669057231388, -1.224366693633131 ], [ 37.029625773477136, -1.224402452963237 ], [ 37.029105373237471, -1.224788652961954 ], [ 37.029061399317605, -1.224818053951653 ], [ 37.029014778740809, -1.224842984159633 ], [ 37.028965958731192, -1.224863204434623 ], [ 37.02891540761162, -1.224878520807134 ], [ 37.028024588835471, -1.225101180099342 ], [ 37.027458856212768, -1.225496677350106 ], [ 37.026859690557409, -1.226264026397444 ], [ 37.026838406163989, -1.226289623427721 ], [ 37.026098105829156, -1.227126223579903 ], [ 37.026063609467229, -1.227161784393646 ], [ 37.026026024549942, -1.227194018511495 ], [ 37.025985666512675, -1.227222655405508 ], [ 37.025942874064548, -1.22724745473787 ], [ 37.02589800634567, -1.227268208377959 ], [ 37.024127454622906, -1.227990249056574 ], [ 37.023660361040704, -1.228191887683202 ], [ 37.023605014530368, -1.228212252190643 ], [ 37.023547790062445, -1.228226413761612 ], [ 37.02348937163044, -1.228234203126098 ], [ 37.023006571509576, -1.228271702976135 ], [ 37.022956933263487, -1.228273248882236 ], [ 37.022907364348136, -1.228270189869894 ], [ 37.022858285560559, -1.228262551907917 ], [ 37.022810113536949, -1.228250399836343 ], [ 37.022763257215765, -1.228233836816097 ], [ 37.022718114366228, -1.228213003453151 ], [ 37.022675068211576, -1.22818807660495 ], [ 37.022634484175875, -1.228159267879002 ], [ 37.022339484275491, -1.227928667812537 ], [ 37.022303985240598, -1.227898356449026 ], [ 37.022271217169198, -1.227865075116336 ], [ 37.022241424488051, -1.227829072070192 ], [ 37.021965078250751, -1.227464160617994 ], [ 37.021721054088104, -1.227297210762791 ], [ 37.02152353599412, -1.227297210695667 ], [ 37.020888867459121, -1.22756588017647 ], [ 37.020850651405972, -1.22758036870516 ], [ 37.020811455202924, -1.227591903495106 ], [ 37.020028254934296, -1.227790303298897 ], [ 37.019979592149816, -1.227800256415832 ], [ 37.01993022581344, -1.227805659710385 ], [ 37.019880574926141, -1.227806467322076 ], [ 37.019831060903996, -1.227802672396638 ], [ 37.019782104001322, -1.227794307144226 ], [ 37.018708869515734, -1.227559271770974 ], [ 37.018474909878435, -1.227556290616546 ], [ 37.01833854018696, -1.227627637873282 ], [ 37.018334595393711, -1.227641347087074 ], [ 37.01855859107966, -1.228140319472365 ], [ 37.018577310425407, -1.228187875372351 ], [ 37.018591496536395, -1.228236994399918 ], [ 37.018601023293996, -1.228287239874062 ], [ 37.018605806002505, -1.228338165099323 ], [ 37.018605802142062, -1.228389317337057 ], [ 37.018601011746711, -1.228440241830365 ], [ 37.018591477404122, -1.228490485847059 ], [ 37.018577283876922, -1.228539602704526 ], [ 37.018558557349216, -1.228587155740936 ], [ 37.018322557284783, -1.229112655908633 ], [ 37.01829970434212, -1.229157798673478 ], [ 37.018272766985923, -1.229200598798714 ], [ 37.018241980156056, -1.229240682994104 ], [ 37.018207612366453, -1.229277701656958 ], [ 37.017639012102265, -1.229835501729426 ], [ 37.017596867601739, -1.229872744826677 ], [ 37.017551106349721, -1.22990537863561 ], [ 37.017502223776646, -1.229933049849507 ], [ 37.017450749105642, -1.229955458888829 ], [ 37.017397239622923, -1.229972363144544 ], [ 37.017342274644335, -1.229983579604762 ], [ 37.017020374550306, -1.230031879511534 ], [ 37.016969309155563, -1.230037055100092 ], [ 37.016917986184076, -1.230037318724229 ], [ 37.016866870969153, -1.230032667994181 ], [ 37.016816426960354, -1.230023145077473 ], [ 37.016767111521474, -1.230008836316599 ], [ 37.016719371783729, -1.229989871446092 ], [ 37.016673640591733, -1.229966422416312 ], [ 37.016630332578998, -1.229938701834348 ], [ 37.016254422357584, -1.229671970421988 ], [ 37.016018933596555, -1.229816653961998 ], [ 37.015852747084161, -1.229918748716257 ], [ 37.014946935034274, -1.231016425910544 ], [ 37.014927952974581, -1.231038217133093 ], [ 37.014253525990924, -1.231771953793271 ], [ 37.014038895583688, -1.232167502711229 ], [ 37.014122115842461, -1.23277897294313 ], [ 37.014126556673411, -1.232828184173223 ], [ 37.014126530310591, -1.232877597964689 ], [ 37.01409801534269, -1.233499793896513 ], [ 37.014231248057875, -1.234028301186151 ], [ 37.014476888250044, -1.234450027878442 ], [ 37.014502302288619, -1.234499271286212 ], [ 37.014522585592857, -1.234550870059562 ], [ 37.014537525952186, -1.23460428435653 ], [ 37.014546967055551, -1.234658955340565 ], [ 37.014550810126828, -1.234714311027186 ], [ 37.014549014958234, -1.234769772268279 ], [ 37.014541600331043, -1.234824758811358 ], [ 37.014528643819098, -1.234878695370343 ], [ 37.014510280977191, -1.234931017644409 ], [ 37.01422058091098, -1.23563891787651 ], [ 37.014196422171025, -1.235690165027884 ], [ 37.014167079108383, -1.235738593129738 ], [ 37.014132872509386, -1.235783672753059 ], [ 37.014094176329934, -1.235824911075411 ], [ 37.014051413607241, -1.23586185726854 ], [ 37.013093359801985, -1.236605690520379 ], [ 37.012839343470887, -1.236922865243773 ], [ 37.012805836439043, -1.236960907731119 ], [ 37.012768938451018, -1.236995626254639 ], [ 37.012728973536269, -1.237026715924746 ], [ 37.012686292657264, -1.237053903719612 ], [ 37.012328392498183, -1.237258903685612 ], [ 37.01230138641025, -1.237273367043195 ], [ 37.012122386333388, -1.2373627670192 ], [ 37.012066244233431, -1.237386921152567 ], [ 37.012007748282272, -1.237404529697007 ], [ 37.011947649067636, -1.237415366710144 ], [ 37.011786149022733, -1.237435066661782 ], [ 37.011734652685455, -1.237438840923685 ], [ 37.011683033822457, -1.237437638508488 ], [ 37.011511333795823, -1.237425338449683 ], [ 37.011451458453692, -1.237417638656818 ], [ 37.011392813947694, -1.237403248796707 ], [ 37.011336135762079, -1.237382349339104 ], [ 37.011137335783609, -1.237296049274127 ], [ 37.01109729489599, -1.237276659750456 ], [ 37.011058976816656, -1.237254016603586 ], [ 37.010221568369076, -1.236711253295688 ], [ 37.010069629021203, -1.236637867171413 ], [ 37.009943972672318, -1.236622180095129 ], [ 37.00973181504456, -1.236676602169888 ], [ 37.009692441056387, -1.236685139202464 ], [ 37.009390340963236, -1.236738839117574 ], [ 37.009336705915281, -1.236745602740922 ], [ 37.008430591621895, -1.236813651324823 ], [ 37.00797331357645, -1.236886150593112 ], [ 37.00774894144233, -1.236979201329782 ], [ 37.007615274472201, -1.237353780377075 ], [ 37.007448861116906, -1.237820017883366 ], [ 37.007429276242981, -1.23786764553288 ], [ 37.007236176186673, -1.238280545663774 ], [ 37.007211365075825, -1.238327481532002 ], [ 37.007182108577496, -1.238371747646189 ], [ 37.007148687673237, -1.238412918871523 ], [ 37.007111423339936, -1.238450599796735 ], [ 37.006725223158675, -1.238804599832843 ], [ 37.006683612901973, -1.238839072842417 ], [ 37.006638790321013, -1.238869191212492 ], [ 37.00659120352983, -1.238894653834966 ], [ 37.00654132827767, -1.238915206147602 ], [ 37.00648966319261, -1.23893064267907 ], [ 37.006436724796544, -1.238940809103101 ], [ 37.006383042341206, -1.238945603781378 ], [ 37.006329152516976, -1.238944978779663 ], [ 37.006275594087306, -1.238938940346914 ], [ 37.006222902502429, -1.238927548852904 ], [ 37.005122049453824, -1.238630900756929 ], [ 37.004089732864848, -1.238883807339114 ], [ 37.003717862058657, -1.239394567628652 ], [ 37.003688081923038, -1.239431896669489 ], [ 37.003655148083041, -1.239466437892049 ], [ 37.003619317003668, -1.239497922314452 ], [ 37.003580867711541, -1.239526104758983 ], [ 37.002917667406528, -1.239968504729707 ], [ 37.002869024013215, -1.239997380823599 ], [ 37.002817645800768, -1.240020975732764 ], [ 37.002764096786706, -1.240039030438611 ], [ 37.002708964818986, -1.240051346741608 ], [ 37.001970091994416, -1.240175944828869 ], [ 37.001108187085322, -1.240463118651235 ], [ 37.001061292310794, -1.240476408955433 ], [ 37.001013396809185, -1.240485383119243 ], [ 37.000964891873942, -1.240489967826535 ], [ 37.000916173777306, -1.240490125621907 ], [ 37.000867640532952, -1.240485855216586 ], [ 37.000819688644292, -1.240477191499032 ], [ 37.000036690005871, -1.240298620095989 ], [ 36.999840454690805, -1.24035486851079 ], [ 36.999606192732834, -1.240522208592173 ], [ 36.99947415139529, -1.240634285842521 ], [ 36.999405570366164, -1.240921047604738 ], [ 36.999369904817513, -1.241249279741552 ], [ 36.999360946023003, -1.241304855008504 ], [ 36.999264746045476, -1.241753055165582 ], [ 36.999253298896889, -1.241797274125619 ], [ 36.999238195105306, -1.241840366617683 ], [ 36.999219541828815, -1.241882026909804 ], [ 36.998995441757195, -1.242331027049392 ], [ 36.998973992672511, -1.242369936490802 ], [ 36.998949447578219, -1.242406945801367 ], [ 36.998870128187512, -1.24251652918569 ], [ 36.998829576655979, -1.242620892464185 ], [ 36.998807256755327, -1.242670764099213 ], [ 36.998780060818909, -1.242718120093594 ], [ 36.998748265311988, -1.242762479041417 ], [ 36.998712193457621, -1.242803390003884 ], [ 36.998672211950939, -1.242840437093392 ], [ 36.998439211841081, -1.24303543710503 ], [ 36.998393453589095, -1.243069776682151 ], [ 36.998344344050032, -1.243099053483347 ], [ 36.998292433929528, -1.24312293920435 ], [ 36.998238305338397, -1.243141165995572 ], [ 36.998182565264926, -1.243153529465688 ], [ 36.998125838768168, -1.243159890973626 ], [ 36.997855438702828, -1.243175690887192 ], [ 36.997799271943101, -1.243176022272916 ], [ 36.99774337588449, -1.24317046883032 ], [ 36.997688357512182, -1.243159090865787 ], [ 36.997280157505053, -1.243052090722362 ], [ 36.997207870797226, -1.243027526216483 ], [ 36.996869635044433, -1.242885018019513 ], [ 36.996360625888933, -1.243039460472972 ], [ 36.995613801111027, -1.243400449701435 ], [ 36.995134245781202, -1.243736484305675 ], [ 36.994742950036226, -1.244392145464857 ], [ 36.994710181179009, -1.244440858936863 ], [ 36.994672364353185, -1.244485714723631 ], [ 36.994629944251692, -1.244526185360601 ], [ 36.994284244088291, -1.244821885381416 ], [ 36.994260237125097, -1.24484125990093 ], [ 36.993669336847439, -1.245290859905507 ], [ 36.993624208753381, -1.245321713145626 ], [ 36.99357621314649, -1.245347816918675 ], [ 36.993525841716234, -1.245368903805886 ], [ 36.993473610491115, -1.245384757783866 ], [ 36.993020432073195, -1.245497477605962 ], [ 36.992561816622107, -1.245689275520098 ], [ 36.992518386476434, -1.245705275901121 ], [ 36.992473753428825, -1.245717470140447 ], [ 36.992139453316575, -1.245793470051975 ], [ 36.99208913749704, -1.245802410030603 ], [ 36.992038206706866, -1.245806514604136 ], [ 36.991987118605465, -1.245805746889686 ], [ 36.991936332265723, -1.245800113786337 ], [ 36.99188630404884, -1.245789665913059 ], [ 36.991837483503517, -1.245774497153904 ], [ 36.991790309326312, -1.245754743814281 ], [ 36.991745205419605, -1.245730583396178 ], [ 36.991702577082414, -1.245702233003084 ], [ 36.991431477167787, -1.245502732936709 ], [ 36.991392553234959, -1.245471201668205 ], [ 36.991356697490652, -1.245436178096538 ], [ 36.991323908863649, -1.245401036766809 ], [ 36.990827682390353, -1.24561959724457 ], [ 36.99076511784434, -1.245642630420912 ], [ 36.989947217543232, -1.245887230229032 ], [ 36.989892552758185, -1.245900498304122 ], [ 36.989836812057433, -1.245907961934813 ], [ 36.989780602125755, -1.245909539887187 ], [ 36.989724534754899, -1.245905214987324 ], [ 36.98901055296254, -1.245812231077993 ], [ 36.987766698676218, -1.245931455998043 ], [ 36.987713109995894, -1.245933893604469 ], [ 36.987659545982041, -1.245930957744732 ], [ 36.987394445946983, -1.245903057651855 ], [ 36.987342094817528, -1.245894913739124 ], [ 36.9872907907776, -1.245881636896873 ], [ 36.987241029373365, -1.24586335536677 ], [ 36.987193291250534, -1.245840245730716 ], [ 36.987148037511808, -1.245812531205353 ], [ 36.987105705263112, -1.245780479485839 ], [ 36.986882705347242, -1.245593679439352 ], [ 36.986840639215181, -1.24555444675148 ], [ 36.986558329645121, -1.245261555789928 ], [ 36.986437248230907, -1.245232908279202 ], [ 36.986082073733847, -1.245243175244001 ], [ 36.986028801697223, -1.245242063235718 ], [ 36.985975899054452, -1.245235662607117 ], [ 36.985923882806766, -1.245224035910111 ], [ 36.985873261292802, -1.245207296769282 ], [ 36.985824529220778, -1.245185608771584 ], [ 36.985778162833881, -1.245159183867503 ], [ 36.985734615256092, -1.245128280299806 ], [ 36.985694312063913, -1.24509320007975 ], [ 36.98532421222933, -1.244737400020239 ], [ 36.98528579457129, -1.244696420767026 ], [ 36.985251806909616, -1.244651652062655 ], [ 36.985222615845011, -1.244603576796182 ], [ 36.985032510908802, -1.244250498763283 ], [ 36.984741687282217, -1.243871949055224 ], [ 36.984334598190081, -1.243768201479434 ], [ 36.984286694433486, -1.24375357962703 ], [ 36.984240345025015, -1.243734547783038 ], [ 36.984195949746848, -1.243711270105154 ], [ 36.984153891525892, -1.243683947373057 ], [ 36.983758175525587, -1.243399834365715 ], [ 36.983235082870294, -1.243192444176733 ], [ 36.982760538104579, -1.243128511636189 ], [ 36.982322106142114, -1.243176260021171 ], [ 36.981926416397116, -1.243349404632139 ], [ 36.981536147212125, -1.243751698753684 ], [ 36.981497549989676, -1.243787777001895 ], [ 36.981455638184414, -1.243819890957642 ], [ 36.981410812085365, -1.24384773390911 ], [ 36.981363499815188, -1.243871039935807 ], [ 36.981001599664353, -1.244027739873674 ], [ 36.980940494191394, -1.244049909744612 ], [ 36.98087718280842, -1.24406452041126 ], [ 36.980505082694641, -1.244126920303731 ], [ 36.980480929806419, -1.244130407113109 ], [ 36.979608378344345, -1.24423614514616 ], [ 36.979073831539722, -1.244430041154973 ], [ 36.978397744925644, -1.244876871753542 ], [ 36.978351871267996, -1.244904026369489 ], [ 36.978303560594753, -1.244926495267856 ], [ 36.976790259975751, -1.245540994986933 ], [ 36.976739770112282, -1.245558621793758 ], [ 36.976687794152689, -1.245571129574774 ], [ 36.97663484305393, -1.245578395370964 ], [ 36.976581437359144, -1.245580347755476 ], [ 36.976251752256083, -1.245575937656457 ], [ 36.975920729626232, -1.245704266958164 ], [ 36.975832529183634, -1.245840525312204 ], [ 36.975819464056528, -1.246216845364867 ], [ 36.975815199356184, -1.246268574564543 ], [ 36.975806042214394, -1.246319656736737 ], [ 36.975792076464913, -1.246369624222456 ], [ 36.975773429964505, -1.246418019567744 ], [ 36.975558975251332, -1.246904229106078 ], [ 36.975289816213703, -1.247549893373047 ], [ 36.975264610795676, -1.247602284754668 ], [ 36.975233973152406, -1.247651656302508 ], [ 36.975198256032648, -1.247697439573819 ], [ 36.974767060553496, -1.248192936059713 ], [ 36.97465379629881, -1.248738468514956 ], [ 36.974639382842483, -1.2487933638141 ], [ 36.974619347666128, -1.248846442138947 ], [ 36.974593910247357, -1.248897122036718 ], [ 36.974207010103399, -1.249577022237519 ], [ 36.974178022388458, -1.249622541371016 ], [ 36.974144676923984, -1.249664930261863 ], [ 36.974107304924644, -1.249703767868913 ], [ 36.974066277600024, -1.249738668425295 ], [ 36.974022002467422, -1.249769285270286 ], [ 36.97397491930402, -1.249795314292547 ], [ 36.973925495778673, -1.249816496950848 ], [ 36.973170720335041, -1.250096144764658 ], [ 36.97285282312567, -1.250236767428229 ], [ 36.972566849687396, -1.25052298092589 ], [ 36.972520694188177, -1.250564165461613 ], [ 36.972470165882235, -1.250599772696994 ], [ 36.972146653155527, -1.250801014062238 ], [ 36.972026003385054, -1.250952672194811 ], [ 36.971928274245109, -1.251105205939023 ], [ 36.971890337508356, -1.251157318844756 ], [ 36.971766937452031, -1.251307218876174 ], [ 36.971734124289661, -1.251343591763648 ], [ 36.971698176280157, -1.251376827609215 ], [ 36.971659388254672, -1.251406653826078 ], [ 36.971618078337031, -1.251432825791925 ], [ 36.971574585334572, -1.251455128855183 ], [ 36.971352085239829, -1.251556728819545 ], [ 36.971305126424902, -1.251575552093179 ], [ 36.971256622202375, -1.251589865137785 ], [ 36.971206999138275, -1.251599542078988 ], [ 36.971156693638129, -1.251604497814282 ], [ 36.970909793579146, -1.251617097733803 ], [ 36.970859721952657, -1.251617309061099 ], [ 36.970809846909951, -1.251612842687913 ], [ 36.970760598887686, -1.251603737160789 ], [ 36.970712402911097, -1.251590071063623 ], [ 36.970665674925804, -1.25157196233934 ], [ 36.970411974955717, -1.251459762255349 ], [ 36.970371655631851, -1.251439874755284 ], [ 36.9703331208161, -1.251416678580032 ], [ 36.970296637928534, -1.251390334704426 ], [ 36.970043338017369, -1.25119083464661 ], [ 36.970007179307416, -1.251159669098537 ], [ 36.96997389381675, -1.251125413873042 ], [ 36.969943741200424, -1.251088336190446 ], [ 36.969634954541881, -1.250672431751368 ], [ 36.969403545623429, -1.250489262249763 ], [ 36.969230884061176, -1.250400466906873 ], [ 36.969046166510701, -1.250319985090652 ], [ 36.969022606596951, -1.250341221444547 ], [ 36.968977396385938, -1.250374172849934 ], [ 36.968929042667881, -1.250402241376316 ], [ 36.968878064045015, -1.250425125984332 ], [ 36.968825007272088, -1.250442581233084 ], [ 36.968770441392287, -1.250454419912551 ], [ 36.96871495163419, -1.250460515051439 ], [ 36.968659133134985, -1.250460801278965 ], [ 36.968551340695129, -1.250455729928288 ], [ 36.968543047655395, -1.250458237123352 ], [ 36.968495180272157, -1.250483548642544 ], [ 36.968447674680839, -1.250505774328493 ], [ 36.968398249739344, -1.25052325323649 ], [ 36.968241349681115, -1.250570253199256 ], [ 36.968186936366358, -1.250583499853597 ], [ 36.968131451417804, -1.250590994371741 ], [ 36.968075493404889, -1.250592655903744 ], [ 36.96795609338217, -1.250589955862858 ], [ 36.967904027851255, -1.250586234020467 ], [ 36.967852564146533, -1.250577460725592 ], [ 36.967802184908315, -1.250563718257069 ], [ 36.967753362606437, -1.250545135495856 ], [ 36.967706555109224, -1.250521886716486 ], [ 36.967662201389537, -1.250494189952574 ], [ 36.967620717407961, -1.250462304952021 ], [ 36.967522817445925, -1.250379204931919 ], [ 36.967486543984769, -1.250345432877786 ], [ 36.967453495851828, -1.250308459226307 ], [ 36.967423950803926, -1.250268594727358 ], [ 36.967398157155756, -1.250226174427265 ], [ 36.967341255695473, -1.25012216795342 ], [ 36.967262283414897, -1.250006411777582 ], [ 36.967163036222495, -1.249868637755162 ], [ 36.967138349719043, -1.249831197837074 ], [ 36.967109112924511, -1.249782601891358 ], [ 36.967103702971379, -1.249778615234812 ], [ 36.967066705062656, -1.249765718062674 ], [ 36.967040259531942, -1.249755710636926 ], [ 36.967003975390483, -1.249740876411575 ], [ 36.966964880064289, -1.249735034917943 ], [ 36.966914328238943, -1.249722364080572 ], [ 36.96686522790921, -1.249704840378002 ], [ 36.966818037773329, -1.24968262751822 ], [ 36.966773198684301, -1.249655933015581 ], [ 36.966731129531404, -1.249625006252144 ], [ 36.966692223326895, -1.249590136147936 ], [ 36.966687880457194, -1.249585411784254 ], [ 36.966567845277424, -1.249530549629607 ], [ 36.966536737592499, -1.249514166543586 ], [ 36.966521351129245, -1.249533892772082 ], [ 36.966488563078101, -1.24957212186905 ], [ 36.966452385007372, -1.249607116433067 ], [ 36.966413130455052, -1.249638573183321 ], [ 36.966371139621529, -1.249666219499628 ], [ 36.966326776421212, -1.24968981578498 ], [ 36.966280425328648, -1.249709157542156 ], [ 36.966232488046465, -1.249724077145848 ], [ 36.966183380023985, -1.249734445295497 ], [ 36.966133526856687, -1.249740172135772 ], [ 36.965817026777856, -1.249761572033705 ], [ 36.965772188305657, -1.249762721129056 ], [ 36.965360388225577, -1.249756020988387 ], [ 36.965315566296333, -1.249753409399658 ], [ 36.965271115818624, -1.249747052283835 ], [ 36.965227345217073, -1.249736993750846 ], [ 36.965199015148471, -1.249729220870217 ], [ 36.964783894374783, -1.249705690558619 ], [ 36.964176301526152, -1.249685598912442 ], [ 36.964159545492095, -1.249684781924792 ], [ 36.963655445410893, -1.24965228174855 ], [ 36.963578215124485, -1.249641617118617 ], [ 36.963273315108516, -1.249576617009283 ], [ 36.963221591496712, -1.249562858625957 ], [ 36.963018291502458, -1.249497758554466 ], [ 36.962971693181203, -1.249480418628647 ], [ 36.962926879108792, -1.249458833876592 ], [ 36.962884230031428, -1.249433187685661 ], [ 36.962844108301191, -1.24940369794964 ], [ 36.962806854797364, -1.249370615217553 ], [ 36.962648354870105, -1.249216215192749 ], [ 36.96261573265101, -1.249181509009052 ], [ 36.962592057444311, -1.249151406213114 ], [ 36.962515701957287, -1.24918138940162 ], [ 36.962467848288881, -1.249197624664444 ], [ 36.962418695015316, -1.24920928096803 ], [ 36.962368673617256, -1.249216255990679 ], [ 36.961836173476748, -1.249265055822172 ], [ 36.961771075750391, -1.249267044814963 ], [ 36.961056977717519, -1.249245399874055 ], [ 36.961101012319503, -1.249855167380255 ], [ 36.961165767313979, -1.250716376333119 ], [ 36.961185730114948, -1.250940195133711 ], [ 36.961187880968616, -1.25099164183748 ], [ 36.961185175886982, -1.251043062037301 ], [ 36.961177639241178, -1.251093992463959 ], [ 36.96116533893224, -1.251143974260807 ], [ 36.96114838577941, -1.251192557117895 ], [ 36.961126932521658, -1.25123930332896 ], [ 36.961101172441651, -1.251283791735017 ], [ 36.961071337624325, -1.251325621518748 ], [ 36.961037696865901, -1.251364415815712 ], [ 36.961000553252205, -1.251399825109635 ], [ 36.960960241427998, -1.251431530381436 ], [ 36.960917124581961, -1.2514592459834 ], [ 36.960871591174559, -1.251482722212726 ], [ 36.960824051438209, -1.251501747561187 ], [ 36.96077493368125, -1.251516150620718 ], [ 36.960605672298776, -1.251557122567402 ], [ 36.960474872348328, -1.251637693143098 ], [ 36.960246301373552, -1.251841693948134 ], [ 36.960208619228148, -1.251872392594758 ], [ 36.960168348926743, -1.251899559192758 ], [ 36.959875648791801, -1.252078359169974 ], [ 36.959831662282127, -1.252102488038567 ], [ 36.959785640033715, -1.252122402344997 ], [ 36.959737979604483, -1.252137930062235 ], [ 36.959689092703542, -1.252148937056318 ], [ 36.959412592617007, -1.252197736976417 ], [ 36.959357541780776, -1.252204536901886 ], [ 36.959302088117276, -1.25220560664959 ], [ 36.959246818833691, -1.252200934892449 ], [ 36.959192319184616, -1.252190571100956 ], [ 36.95907209887347, -1.252161189715232 ], [ 36.958868199881472, -1.252161189643477 ], [ 36.95879051111713, -1.252155524708819 ], [ 36.958507271138679, -1.25211400008963 ], [ 36.958021015613291, -1.252082897177699 ], [ 36.957942954458574, -1.252072095338137 ], [ 36.957590020958641, -1.25199646028414 ], [ 36.957421176397034, -1.251990110917309 ], [ 36.957365825373984, -1.251985144120575 ], [ 36.957311276646287, -1.251974467504169 ], [ 36.957051076639928, -1.251909367410909 ], [ 36.95698890049632, -1.251889725621294 ], [ 36.956929533973096, -1.251862674941497 ], [ 36.956865784278378, -1.251828812607515 ], [ 36.956774312522455, -1.251807934871413 ], [ 36.95669774155941, -1.251827821447583 ], [ 36.956488052181136, -1.251892915786688 ], [ 36.956484550316006, -1.251894217966602 ], [ 36.956459811283601, -1.251962662630119 ], [ 36.956458111357101, -1.251967299893399 ], [ 36.956442738774264, -1.252008653956735 ], [ 36.956443022304114, -1.252009246610152 ], [ 36.956465190469274, -1.252062715275053 ], [ 36.956481566754086, -1.252118258527027 ], [ 36.95649196436927, -1.252175242837011 ], [ 36.956512264414485, -1.252333742885138 ], [ 36.9565163620966, -1.252384249124776 ], [ 36.956515759631749, -1.252434919850062 ], [ 36.956510462276519, -1.252485312928548 ], [ 36.9565005162533, -1.252534988650432 ], [ 36.95648865802346, -1.252574651134189 ], [ 36.956488744598133, -1.252574874543153 ], [ 36.956504202503545, -1.252620706082975 ], [ 36.956515540274502, -1.252667741928942 ], [ 36.956522667661581, -1.252715607673882 ], [ 36.956525527930189, -1.252763922304484 ], [ 36.956527227954844, -1.252878822342943 ], [ 36.95652622946826, -1.25292087785414 ], [ 36.956521996254146, -1.252962729046757 ], [ 36.956470214212445, -1.253331928701065 ], [ 36.956448569986577, -1.253590565129293 ], [ 36.956457249320493, -1.253815049664531 ], [ 36.95647328718016, -1.253818832636171 ], [ 36.956523361079945, -1.253836004910394 ], [ 36.956571521263655, -1.253858035103086 ], [ 36.956617303799938, -1.253884710996005 ], [ 36.956660267661462, -1.253915775618388 ], [ 36.956699998973278, -1.253950929722385 ], [ 36.956736114999835, -1.253989834665737 ], [ 36.956768267831819, -1.254032115673963 ], [ 36.956796147737684, -1.254077365450484 ], [ 36.956819486147346, -1.25412514810029 ], [ 36.956838058239306, -1.254175003328849 ], [ 36.956864058270362, -1.254256803347418 ], [ 36.956877505362165, -1.254307411154819 ], [ 36.95688603992614, -1.254359088451596 ], [ 36.95688958237595, -1.254411353340037 ], [ 36.956888822937842, -1.254438174751534 ], [ 36.956920446414394, -1.254484024508079 ], [ 36.956947903705576, -1.254534534353316 ], [ 36.956969887708652, -1.254587688634472 ], [ 36.957021387766048, -1.254733588665155 ], [ 36.95703562885307, -1.254780578420393 ], [ 36.95704558799396, -1.254828672199896 ], [ 36.957051183514068, -1.254877475589373 ], [ 36.957052369524554, -1.25492658835505 ], [ 36.957049136298764, -1.254975607725912 ], [ 36.957031936318288, -1.255130107780607 ], [ 36.957026547470576, -1.255167002829459 ], [ 36.957009447477617, -1.255261402863208 ], [ 36.956999682639285, -1.255305031778151 ], [ 36.956978744217324, -1.255383368295016 ], [ 36.956973926075804, -1.255451445957266 ], [ 36.956967946315189, -1.255502136263395 ], [ 36.956957259266964, -1.255552036456451 ], [ 36.956914259268942, -1.255715136514415 ], [ 36.956906942518742, -1.255740400544255 ], [ 36.956882311816187, -1.255818357943817 ], [ 36.956931950467187, -1.255950695436254 ], [ 36.956950335239775, -1.256009683081042 ], [ 36.956961932641128, -1.256070392999963 ], [ 36.956979032678284, -1.256199093038812 ], [ 36.956983259429947, -1.256246968092074 ], [ 36.956983259440115, -1.256295031788977 ], [ 36.956979032708468, -1.256342906844018 ], [ 36.956970601068136, -1.25640636611868 ], [ 36.957041030076503, -1.256492375099514 ], [ 36.957072669313241, -1.256535132349292 ], [ 36.957141269361365, -1.256638032353544 ], [ 36.957165173387224, -1.256677410944218 ], [ 36.957185665819658, -1.256718691808568 ], [ 36.957254365885156, -1.25687319183385 ], [ 36.957274732840304, -1.256926309181638 ], [ 36.95728945641693, -1.256981282468152 ], [ 36.957298374433314, -1.257037506158892 ], [ 36.957314538056707, -1.257190684330723 ], [ 36.957330247128617, -1.257301106970273 ], [ 36.957333626554693, -1.257348858682737 ], [ 36.957348029951987, -1.257380899679529 ], [ 36.957362983469892, -1.25742315358768 ], [ 36.957381252849785, -1.257482422794249 ], [ 36.957406551427198, -1.257528795299847 ], [ 36.957434217103362, -1.257587617217567 ], [ 36.957454685272054, -1.257649350319844 ], [ 36.957488985318129, -1.257778050352031 ], [ 36.957499639992101, -1.25782694120008 ], [ 36.957499958531642, -1.257829521365913 ], [ 36.957516772562855, -1.257854652354459 ], [ 36.957543739951213, -1.257906114160565 ], [ 36.95756507655436, -1.25796018680502 ], [ 36.95760807660411, -1.258088886833226 ], [ 36.957622665288511, -1.258141039411848 ], [ 36.957632012622256, -1.258194396540516 ], [ 36.957636025368153, -1.258248425998422 ], [ 36.957634663499945, -1.25830258885841 ], [ 36.957627940601519, -1.258356344862636 ], [ 36.957615923731474, -1.258409157811504 ], [ 36.957598732754178, -1.258460500912112 ], [ 36.957576539144235, -1.258509862032852 ], [ 36.957549564276022, -1.258556748811761 ], [ 36.957472264244231, -1.258676848844761 ], [ 36.957467402439981, -1.258684268645322 ], [ 36.957398702411119, -1.25878726867283 ], [ 36.957369013966606, -1.258827611859762 ], [ 36.957335747187535, -1.258865019917289 ], [ 36.957299186984834, -1.25889917246708 ], [ 36.957259646475755, -1.258929777012396 ], [ 36.957217464302161, -1.258956571443117 ], [ 36.957173001730233, -1.25897932628069 ], [ 36.957078601689815, -1.259022226265358 ], [ 36.957029292944355, -1.259041757978765 ], [ 36.95697831696036, -1.259056322001736 ], [ 36.956926166449435, -1.259065777565313 ], [ 36.956873345475586, -1.259070033276668 ], [ 36.956820364583081, -1.259069048002506 ], [ 36.956767735861852, -1.259062831266557 ], [ 36.956740458776018, -1.259056830740407 ], [ 36.956736379634393, -1.259075270244986 ], [ 36.95672344202346, -1.259147419731525 ], [ 36.956715541353958, -1.259231254768484 ], [ 36.956716296039986, -1.259358489907593 ], [ 36.956750931569339, -1.259449788091513 ], [ 36.956755763455888, -1.259463039633652 ], [ 36.956815863523353, -1.259634739669963 ], [ 36.956831586178239, -1.259688313523819 ], [ 36.956841751627607, -1.259743230713054 ], [ 36.956846252080489, -1.259798908916884 ], [ 36.956853552136302, -1.26004650899892 ], [ 36.956852586581299, -1.260098820506844 ], [ 36.956846618691195, -1.260150795102425 ], [ 36.956835703977369, -1.260201949332789 ], [ 36.956801867158639, -1.260330083105132 ], [ 36.95678698994562, -1.260492920141532 ], [ 36.956796153561392, -1.260584110641833 ], [ 36.956798889391038, -1.260638669298497 ], [ 36.956796159708063, -1.260693228267034 ], [ 36.956787992191948, -1.260747234302988 ], [ 36.95675839220057, -1.260893134355194 ], [ 36.956750783750046, -1.260925531463367 ], [ 36.956716383751349, -1.261054231509094 ], [ 36.956700977183289, -1.261102688220658 ], [ 36.956681128132487, -1.261149479139255 ], [ 36.956657011184276, -1.261194192708102 ], [ 36.956575711152396, -1.261329392747097 ], [ 36.956551651443341, -1.261365977193495 ], [ 36.956455851401557, -1.261499577226937 ], [ 36.956446732829463, -1.261511921098716 ], [ 36.956346532784615, -1.261643621129608 ], [ 36.956342935111977, -1.261648296786304 ], [ 36.956226135059268, -1.261798396820573 ], [ 36.956190133480803, -1.261840100199004 ], [ 36.956189301092287, -1.261840970626534 ], [ 36.956150302810961, -1.261901898197269 ], [ 36.956103306581348, -1.261964783303117 ], [ 36.955984006525703, -1.262102383329885 ], [ 36.955957787943227, -1.26213053645385 ], [ 36.955805755402636, -1.262282568943664 ], [ 36.955504389027851, -1.262591492709226 ], [ 36.955216375991093, -1.262954289954639 ], [ 36.954859228361734, -1.263420399442761 ], [ 36.954644054919648, -1.263713996166409 ], [ 36.954539789546203, -1.263880257143546 ], [ 36.954509396271256, -1.263923828041978 ], [ 36.954474906195472, -1.263964190732643 ], [ 36.954436651477579, -1.264000956500483 ], [ 36.95439500053196, -1.264033771270972 ], [ 36.95435035448056, -1.264062319019867 ], [ 36.95430314328987, -1.264086324816837 ], [ 36.954253821630061, -1.264105557473119 ], [ 36.95420286449626, -1.264119831767999 ], [ 36.954150762634058, -1.264129010232553 ], [ 36.954098017813337, -1.264133004473609 ], [ 36.954045137995955, -1.264131776024914 ], [ 36.953992632443736, -1.264125336717624 ], [ 36.953941006814048, -1.264113748566347 ], [ 36.953890758289987, -1.264097123171849 ], [ 36.953842370792266, -1.264075620646245 ], [ 36.953796310318758, -1.264049448071116 ], [ 36.953753020456737, -1.26401885750305 ], [ 36.95371291811086, -1.263984143546258 ], [ 36.953676389488166, -1.263945640515362 ], [ 36.953643786378755, -1.26390371921572 ], [ 36.95361542276779, -1.263858783372396 ], [ 36.953591571811778, -1.263811265742046 ], [ 36.953572463207841, -1.263761623945251 ], [ 36.95355828098171, -1.263710336059359 ], [ 36.953549161715436, -1.263657896014394 ], [ 36.95354519323206, -1.263604808836236 ], [ 36.953546413749869, -1.263551585782916 ], [ 36.953552811514314, -1.263498739421037 ], [ 36.953564324911234, -1.263446778689378 ], [ 36.953580843060266, -1.263396203997684 ], [ 36.953602206882657, -1.263347502407349 ], [ 36.953628210633269, -1.263301142940853 ], [ 36.953742910586861, -1.26311824299222 ], [ 36.95376495015347, -1.263085769438979 ], [ 36.953995150051966, -1.262771669515927 ], [ 36.954002091964007, -1.262762406528545 ], [ 36.954365591800752, -1.262288006639016 ] ], [ [ 36.959144101340875, -1.246018281821597 ], [ 36.959478394002538, -1.246960621666249 ], [ 36.959722989975099, -1.247581973817625 ], [ 36.959736664924677, -1.247620996915514 ], [ 36.959889649896326, -1.248117119241783 ], [ 36.959883068940293, -1.247889103983303 ], [ 36.959799430315435, -1.247021277722979 ], [ 36.95979695792478, -1.246961834949631 ], [ 36.959800967653095, -1.246902477151698 ], [ 36.959829367680214, -1.246670777233755 ], [ 36.959837418216807, -1.246622868873764 ], [ 36.959849695449336, -1.246575877688995 ], [ 36.959866100888597, -1.246530180647032 ], [ 36.960032800848133, -1.246123780783274 ], [ 36.960068134025803, -1.246052848207325 ], [ 36.960087902703449, -1.246019498699265 ], [ 36.959521490143707, -1.245963729599067 ], [ 36.959241568495898, -1.245942798954051 ], [ 36.959201926929751, -1.245938345191146 ], [ 36.95916272116672, -1.245930952906814 ], [ 36.959108497695674, -1.245918622661865 ], [ 36.959143692511731, -1.246017133449732 ], [ 36.959144101340875, -1.246018281821597 ] ], [ [ 36.961189066233601, -1.246279451775788 ], [ 36.96101411670243, -1.246574589466117 ], [ 36.960890309543792, -1.246876420515638 ], [ 36.960878102931403, -1.246976007687451 ], [ 36.960957770076938, -1.247802622408959 ], [ 36.960960060895175, -1.247839247387383 ], [ 36.960969210510846, -1.24815625638063 ], [ 36.961005884731684, -1.248158378549463 ], [ 36.961770915406149, -1.248181566800909 ], [ 36.962194960800808, -1.248142705786871 ], [ 36.962465397845129, -1.248036510639301 ], [ 36.962514833094296, -1.24801982321757 ], [ 36.962565639056457, -1.24800802165309 ], [ 36.962617340264124, -1.248001216391256 ], [ 36.962669452871559, -1.247999471119614 ], [ 36.962721489182869, -1.24800280217176 ], [ 36.962772962216086, -1.248011178374556 ], [ 36.962823390260553, -1.248024521339745 ], [ 36.962872301385076, -1.24804270619759 ], [ 36.963100001409884, -1.24814020612137 ], [ 36.963143963532055, -1.248161443233043 ], [ 36.963185838726524, -1.248186592522492 ], [ 36.963225284235776, -1.248215448137832 ], [ 36.963261977189738, -1.248247773890028 ], [ 36.963295617248498, -1.248283305186167 ], [ 36.963325929060701, -1.248321751195222 ], [ 36.963432253602072, -1.2484699082467 ], [ 36.963465649969571, -1.248502440713189 ], [ 36.963522886109523, -1.248520768644226 ], [ 36.963763353648794, -1.248572032549456 ], [ 36.964220082616308, -1.248601478318411 ], [ 36.964825598173341, -1.24862150086173 ], [ 36.964838206114948, -1.248622066560809 ], [ 36.965316306035348, -1.248649166394275 ], [ 36.965372506156143, -1.248655340822044 ], [ 36.965427754571117, -1.248667406176456 ], [ 36.965445520633629, -1.248672280613468 ], [ 36.965767168510475, -1.248677513723787 ], [ 36.965778023138569, -1.248676779790086 ], [ 36.965796983067811, -1.248643777310214 ], [ 36.965826805825969, -1.248601694679231 ], [ 36.965860472594791, -1.248562659927841 ], [ 36.965897677712746, -1.248527027453906 ], [ 36.96593808339356, -1.248495120765957 ], [ 36.965981322792963, -1.248467229546093 ], [ 36.966064522755168, -1.248419029538189 ], [ 36.966111389110324, -1.248394865768131 ], [ 36.966160374489469, -1.248375420258635 ], [ 36.966211011343269, -1.248360878611183 ], [ 36.966262816359553, -1.248351379621522 ], [ 36.966454616304311, -1.248325879563395 ], [ 36.966501617079018, -1.248321727275671 ], [ 36.966548798564361, -1.248321727957483 ], [ 36.966595799223327, -1.24832588160397 ], [ 36.966642258904464, -1.248334156387394 ], [ 36.966719958901017, -1.248351556359598 ], [ 36.966775327853398, -1.24836711659651 ], [ 36.966828735342631, -1.248388523693242 ], [ 36.966879573827441, -1.248415534132275 ], [ 36.966927264990275, -1.248447840654744 ], [ 36.966971266316079, -1.248485075755684 ], [ 36.966987601463465, -1.248500468151512 ], [ 36.967016858215544, -1.248517522949095 ], [ 36.96705830875937, -1.248547272720031 ], [ 36.967096460373313, -1.248580542320943 ], [ 36.967134817032793, -1.248598073226318 ], [ 36.967234571167332, -1.248642615024221 ], [ 36.96727844090789, -1.248664659364108 ], [ 36.967320138702597, -1.248690625187393 ], [ 36.967344334880543, -1.248708949462942 ], [ 36.967432847834566, -1.24874513658667 ], [ 36.967533094732175, -1.248780081771303 ], [ 36.967582826365764, -1.248800258670196 ], [ 36.967630320094486, -1.248825309121059 ], [ 36.967675105886279, -1.248854985207192 ], [ 36.967708632605827, -1.248879691399347 ], [ 36.967723455125828, -1.248886632097307 ], [ 36.967770401152052, -1.248911513641484 ], [ 36.967814689201191, -1.248940920287851 ], [ 36.967855890121442, -1.24897456708615 ], [ 36.967893604675218, -1.249012127998996 ], [ 36.967927467407748, -1.249053239061067 ], [ 36.967957150188404, -1.249097501906012 ], [ 36.968048877940298, -1.24924996699995 ], [ 36.968083485894581, -1.249298009375636 ], [ 36.968097276719348, -1.249265497951978 ], [ 36.968121677218392, -1.249220357983424 ], [ 36.968150211816436, -1.249177744311233 ], [ 36.968182624470622, -1.249138039310938 ], [ 36.968216030323937, -1.249104224992546 ], [ 36.96821894201824, -1.249060517003586 ], [ 36.968228586172131, -1.249004544643968 ], [ 36.968243992839888, -1.248949894232276 ], [ 36.968323092829415, -1.248716594312953 ], [ 36.968343118173294, -1.248665996387206 ], [ 36.968368083311553, -1.248617674455276 ], [ 36.9683977366074, -1.248572115579357 ], [ 36.968431779169769, -1.248529778971417 ], [ 36.968469867865878, -1.248491091364526 ], [ 36.968511618779878, -1.248456442711634 ], [ 36.968945809342024, -1.248131541971043 ], [ 36.9691731442527, -1.247927760061274 ], [ 36.969241577574273, -1.247835677253137 ], [ 36.96925406317326, -1.247751811354386 ], [ 36.96902529992326, -1.247666599208078 ], [ 36.968501603852481, -1.2475909772029 ], [ 36.967879207441761, -1.247792469233143 ], [ 36.967588753945734, -1.247902958367559 ], [ 36.967542772664615, -1.24791811308719 ], [ 36.9674956263921, -1.247929056494474 ], [ 36.967118826272895, -1.247998756387179 ], [ 36.967074562300034, -1.248005047164895 ], [ 36.967029932636031, -1.248007624441769 ], [ 36.966345932488508, -1.24801852421269 ], [ 36.966341624671152, -1.24801837996625 ], [ 36.966337319631059, -1.248018592185109 ], [ 36.96567081949442, -1.248018491959553 ], [ 36.965608509561875, -1.248014845252003 ], [ 36.965547036270848, -1.248003972787123 ], [ 36.965360636264528, -1.247959672720468 ], [ 36.965316869860011, -1.247947288226863 ], [ 36.965274296100958, -1.247931235462646 ], [ 36.964799496151933, -1.247728835303695 ], [ 36.964756735458749, -1.247708332248339 ], [ 36.96471592826979, -1.247684129899191 ], [ 36.964677389715682, -1.247656415157551 ], [ 36.964641417407584, -1.247625402048935 ], [ 36.96443522077265, -1.24743118766451 ], [ 36.964364212081307, -1.247364511665343 ], [ 36.964250561870081, -1.247338125561694 ], [ 36.963908104566393, -1.247372251845505 ], [ 36.963860230892841, -1.247374865805727 ], [ 36.963812315832364, -1.247373187544374 ], [ 36.963764738509539, -1.247367230340976 ], [ 36.963412038480072, -1.247306930214616 ], [ 36.963363611260526, -1.24729632453946 ], [ 36.963316356644427, -1.24728128659348 ], [ 36.963270674165273, -1.247261943521542 ], [ 36.963226950064161, -1.247238458867973 ], [ 36.963185554024228, -1.247211031193736 ], [ 36.96314683604497, -1.24717989239763 ], [ 36.962698619804748, -1.246784097762872 ], [ 36.962342106165984, -1.246550121194983 ], [ 36.962300219986091, -1.246519654789225 ], [ 36.962261425302543, -1.246485290878146 ], [ 36.962226078762754, -1.246447345376781 ], [ 36.962005558701499, -1.246186610510206 ], [ 36.961867677697839, -1.246125387048489 ], [ 36.961582877924691, -1.246178433516421 ], [ 36.96155200573611, -1.246183256919978 ], [ 36.961219000388766, -1.246225377385163 ], [ 36.961198434674223, -1.246263000532335 ], [ 36.961189066233601, -1.246279451775788 ] ] ] } },
{ "type": "Feature", "properties": { }, "geometry": { "type": "Polygon", "coordinates": [ [ [ 36.933574052540614, -1.222855216623782 ], [ 36.933561205554675, -1.222865806821987 ], [ 36.933548751691013, -1.222876862521798 ], [ 36.933540757099522, -1.222882663163734 ], [ 36.933533132577487, -1.222888948310677 ], [ 36.933519316142963, -1.222898220094741 ], [ 36.933505845605829, -1.222907993922169 ], [ 36.933497324623843, -1.222912977925995 ], [ 36.93348912474665, -1.2229184806109 ], [ 36.933474471923866, -1.22292634468829 ], [ 36.933460114441758, -1.22293474251628 ], [ 36.933451149131123, -1.222938861883313 ], [ 36.933442452868164, -1.222943529112361 ], [ 36.933427104771603, -1.222949909747972 ], [ 36.933411998615512, -1.222956850700656 ], [ 36.933402675317396, -1.222960065759084 ], [ 36.933393566418339, -1.222963852584457 ], [ 36.933180438969714, -1.223040364690681 ], [ 36.932826654823195, -1.223183861511702 ], [ 36.932761231403354, -1.223210333019967 ], [ 36.932725739582516, -1.223223259879815 ], [ 36.932464088292384, -1.2233082541579 ], [ 36.93224853504217, -1.223379442331509 ], [ 36.932195638475918, -1.223393957795512 ], [ 36.932141550453295, -1.223402989229583 ], [ 36.932086830680177, -1.223406443176536 ], [ 36.932032045399694, -1.223404283895346 ], [ 36.931909438006798, -1.223393144433707 ], [ 36.931834694319356, -1.223398573425051 ], [ 36.931779870425451, -1.223399740526058 ], [ 36.9317252124631, -1.223395294675246 ], [ 36.931671286219206, -1.223385281893999 ], [ 36.931618649906234, -1.223369805829288 ], [ 36.931567848383906, -1.223349026680675 ], [ 36.931519407519176, -1.22332315954209 ], [ 36.931473828742696, -1.22329247217518 ], [ 36.931431583858433, -1.223257282237666 ], [ 36.931399732228279, -1.223227877292379 ], [ 36.931372443828685, -1.223222435151256 ], [ 36.931321016724681, -1.223209504428787 ], [ 36.931271100312024, -1.22319155168368 ], [ 36.931223177408889, -1.223168750564984 ], [ 36.931177711551044, -1.223141321617768 ], [ 36.931135142508296, -1.223109530149907 ], [ 36.93109588203081, -1.223073683665784 ], [ 36.931060309866453, -1.223034128892004 ], [ 36.931028770087686, -1.222991248423587 ], [ 36.931001567763552, -1.22294545702339 ], [ 36.930910449748716, -1.222773388326379 ], [ 36.930895227299416, -1.222767693696978 ], [ 36.930836205881768, -1.222741467753096 ], [ 36.930780720785513, -1.222708331388332 ], [ 36.930624520831373, -1.222601831346868 ], [ 36.930582863010365, -1.222570369135574 ], [ 36.930544416726754, -1.222535006911975 ], [ 36.930509540974903, -1.222496074873475 ], [ 36.930478561409046, -1.222453936550754 ], [ 36.930321938919931, -1.22221783995587 ], [ 36.930225349695505, -1.222163775503623 ], [ 36.930015295476174, -1.222080700702159 ], [ 36.929873442452013, -1.22205494830503 ], [ 36.929773819293644, -1.222050948800195 ], [ 36.929725636586895, -1.222046829344511 ], [ 36.929678014641759, -1.22203837979934 ], [ 36.929631336793562, -1.2220256681801 ], [ 36.929580936795396, -1.222009468162218 ], [ 36.929531401678787, -1.221990803984961 ], [ 36.929483922670677, -1.221967342795165 ], [ 36.929438957019649, -1.221939310537396 ], [ 36.929396937769162, -1.22190697717795 ], [ 36.929358269587162, -1.221870654105065 ], [ 36.929323324868868, -1.221830691129961 ], [ 36.929292440150469, -1.22178747311801 ], [ 36.92926591286809, -1.221741416282303 ], [ 36.929243998493362, -1.221692964175176 ], [ 36.929226908073112, -1.221642583416692 ], [ 36.929214806196853, -1.221590759200781 ], [ 36.929207809411764, -1.221537990622571 ], [ 36.929205985100289, -1.221484785871839 ], [ 36.929209350831194, -1.221431657338909 ], [ 36.929217874190421, -1.221379116680051 ], [ 36.929231473093232, -1.221327669890008 ], [ 36.929250016574755, -1.221277812428951 ], [ 36.929273326051245, -1.221230024450969 ], [ 36.92930117703991, -1.221184766180021 ], [ 36.929333301320845, -1.221142473477587 ], [ 36.92936938952009, -1.22110355364524 ], [ 36.929409094089053, -1.221068381502051 ], [ 36.929452032651582, -1.221037295774914 ], [ 36.929497791686437, -1.221010595836401 ], [ 36.929545930509704, -1.220988538821631 ], [ 36.929595985518802, -1.22097133715196 ], [ 36.929647474657173, -1.220959156489174 ], [ 36.929699902056782, -1.220952114140119 ], [ 36.92975276281355, -1.22095027792694 ], [ 36.929805547849817, -1.220953665533895 ], [ 36.929857748817071, -1.220962244337003 ], [ 36.929885211852564, -1.220969598403547 ], [ 36.929953780490195, -1.220972351134635 ], [ 36.930027969903342, -1.220980534682413 ], [ 36.93025876988726, -1.221022434598628 ], [ 36.93031019547545, -1.221034414086789 ], [ 36.930360210199318, -1.221051399248176 ], [ 36.930653010226308, -1.221167199147604 ], [ 36.930717850024386, -1.22119799996674 ], [ 36.93095975007548, -1.221333399893153 ], [ 36.931003210090843, -1.221360519607827 ], [ 36.931043921052449, -1.221391662682312 ], [ 36.931081516512592, -1.221426548791948 ], [ 36.931115658066744, -1.221464863920238 ], [ 36.931146038399589, -1.221506263185253 ], [ 36.931316442812118, -1.221763134640487 ], [ 36.931331574838978, -1.221773451924458 ], [ 36.931477672506013, -1.221828106094994 ], [ 36.931528915201, -1.221850379112985 ], [ 36.931577594476622, -1.221877866820007 ], [ 36.931623188250462, -1.221910274412696 ], [ 36.931665207531807, -1.221947254322061 ], [ 36.931703201666018, -1.221988409941219 ], [ 36.931736763167827, -1.222033299878991 ], [ 36.931765532091639, -1.22208144269367 ], [ 36.931836761231743, -1.222215952714605 ], [ 36.931851524510378, -1.222221080069787 ], [ 36.931896277473946, -1.222241378068756 ], [ 36.93193901005376, -1.222265690024661 ], [ 36.931979367798441, -1.222293814278993 ], [ 36.932001080235707, -1.222312098184015 ], [ 36.932018162586722, -1.222313650184942 ], [ 36.932129264790476, -1.222276957716067 ], [ 36.932131760431623, -1.222276140277483 ], [ 36.932376689444297, -1.22219657785748 ], [ 36.932423956768012, -1.222177452753773 ], [ 36.932787644969451, -1.222029938529589 ], [ 36.932797950988942, -1.222026339195903 ], [ 36.932808033595833, -1.222022147566946 ], [ 36.93292077382408, -1.221981674092005 ], [ 36.933072180501554, -1.221833352033161 ], [ 36.933111054111293, -1.221798776938025 ], [ 36.933153050187606, -1.221768123598222 ], [ 36.933220149167234, -1.221723944979379 ], [ 36.933286684468236, -1.221628819025718 ], [ 36.933326584800142, -1.221578422179593 ], [ 36.933372141035051, -1.221533143078199 ], [ 36.933521540962552, -1.221401343088779 ], [ 36.933570763859144, -1.221362752411129 ], [ 36.933624087995376, -1.221330145986507 ], [ 36.93372662212964, -1.221275362010803 ], [ 36.933841698902114, -1.221213272779039 ], [ 36.933844074014402, -1.221211413194068 ], [ 36.933886830001718, -1.221181168274918 ], [ 36.933932295191354, -1.221155233254691 ], [ 36.933980042147269, -1.22113385195913 ], [ 36.934029621981594, -1.221117225402662 ], [ 36.934080568574849, -1.221105509898597 ], [ 36.934132402957971, -1.221098815589482 ], [ 36.934184637815427, -1.221097205411704 ], [ 36.934236782066513, -1.221100694503663 ], [ 36.934288345482301, -1.221109250063525 ], [ 36.934338843294398, -1.221122791657549 ], [ 36.934387800752482, -1.221141191976242 ], [ 36.934434757587589, -1.221164278031245 ], [ 36.934479272339345, -1.221191832781647 ], [ 36.934534472355757, -1.221229832767129 ], [ 36.934576583933968, -1.221261982919359 ], [ 36.934615364311405, -1.221298130097456 ], [ 36.934650440533474, -1.221337926671221 ], [ 36.934653385965547, -1.221342013699976 ], [ 36.934798741638218, -1.221356621997597 ], [ 36.934883281328396, -1.22135254121046 ], [ 36.9349306358395, -1.221352351647659 ], [ 36.934977824105125, -1.221356346471177 ], [ 36.935024481851727, -1.221364494843015 ], [ 36.935070248901056, -1.221376733861534 ], [ 36.935144448903372, -1.221400133835207 ], [ 36.935194642154684, -1.221419714417696 ], [ 36.935249367121692, -1.221419056946649 ], [ 36.935303448227337, -1.221421142340942 ], [ 36.935357048896343, -1.221428676190093 ], [ 36.935409628670449, -1.221441582530517 ], [ 36.935431588760267, -1.221449392780521 ], [ 36.935631222518985, -1.221393776256044 ], [ 36.935681503089661, -1.221382342806565 ], [ 36.935732638888716, -1.22137579626453 ], [ 36.935784162171757, -1.221374196512335 ], [ 36.935835601649977, -1.221377558183539 ], [ 36.935886486801024, -1.221385850529073 ], [ 36.935949799472205, -1.221399323341455 ], [ 36.935952793510246, -1.221398533382955 ], [ 36.936052493477469, -1.221377333355045 ], [ 36.936101051512857, -1.221369318775734 ], [ 36.93615013339771, -1.221365794982879 ], [ 36.936387333345984, -1.221359694902732 ], [ 36.936434783448938, -1.221360578322122 ], [ 36.936481972396464, -1.221365659542727 ], [ 36.936721572374516, -1.221402259456139 ], [ 36.936763441807393, -1.221410372153076 ], [ 36.936804543078821, -1.221421790694639 ], [ 36.936941543083684, -1.221465790646152 ], [ 36.936989426214268, -1.221483727606403 ], [ 36.937035406772921, -1.221506147441968 ], [ 36.937079071577472, -1.221532848688293 ], [ 36.937120028255116, -1.221563591407955 ], [ 36.937157908768206, -1.221598099346694 ], [ 36.937272208823039, -1.221712599330438 ], [ 36.937309189660368, -1.221753636363695 ], [ 36.937341819121784, -1.221798255798524 ], [ 36.937369756874389, -1.221845992244709 ], [ 36.937408681430476, -1.221921016959593 ], [ 36.9374268143793, -1.221932464829154 ], [ 36.937472471990617, -1.22196873725922 ], [ 36.937532905669713, -1.222022321017663 ], [ 36.93757966472922, -1.222046894376458 ], [ 36.937582819558259, -1.222047978954374 ], [ 36.937655454658838, -1.222057670069746 ], [ 36.937801989674824, -1.222063665022411 ], [ 36.937844946739354, -1.222067158141403 ], [ 36.937887489190643, -1.222074094573505 ], [ 36.937981212646932, -1.22209327476558 ], [ 36.938010489973742, -1.222072510885633 ], [ 36.938055954950329, -1.222046506250036 ], [ 36.938103709731578, -1.222025058662136 ], [ 36.938222409683362, -1.221978558638486 ], [ 36.938277180988678, -1.221960432983911 ], [ 36.938333562578762, -1.221948299779796 ], [ 36.938390909265543, -1.221942297869985 ], [ 36.938448564817008, -1.221942495936453 ], [ 36.938505869466617, -1.221948891713355 ], [ 36.938720269449128, -1.221984591635854 ], [ 36.938778384938757, -1.221997623579972 ], [ 36.938810631905596, -1.222008731341811 ], [ 36.938837045949661, -1.222007629490718 ], [ 36.938888889272874, -1.222010499715795 ], [ 36.938940217644749, -1.222018377564273 ], [ 36.938990554725436, -1.222031189928243 ], [ 36.939039433374425, -1.222048817906322 ], [ 36.939581764601058, -1.222274633352406 ], [ 36.939605041413429, -1.22226602703048 ], [ 36.939740041362754, -1.222223826998501 ], [ 36.939788036194955, -1.222211229484919 ], [ 36.939836978385337, -1.222203126132936 ], [ 36.939886453450711, -1.222199585568911 ], [ 36.939936042395011, -1.222200637777726 ], [ 36.939985325257659, -1.222206273848812 ], [ 36.94003388467015, -1.222216446051636 ], [ 36.940250284667428, -1.222272345973852 ], [ 36.940289000463743, -1.222283919322934 ], [ 36.9403267465498, -1.222298378109219 ], [ 36.940487446568142, -1.222366978055192 ], [ 36.940539182908658, -1.222392426474455 ], [ 36.940587926507092, -1.222423285172157 ], [ 36.940633120968322, -1.222459201905274 ], [ 36.940674250409536, -1.222499766694575 ], [ 36.940699850423044, -1.222527866691954 ], [ 36.940732224732081, -1.222566931752268 ], [ 36.940760821086442, -1.222608877324632 ], [ 36.940769070743251, -1.222623806208237 ], [ 36.940785215982373, -1.222631881799283 ], [ 36.940849415997249, -1.222669881780418 ], [ 36.940884054989304, -1.222692436002763 ], [ 36.940902482553341, -1.222699235962624 ], [ 36.940944382558129, -1.22271713594855 ], [ 36.940995438617151, -1.222742221681139 ], [ 36.941043587425284, -1.222772577461552 ], [ 36.941088293966232, -1.22280786598546 ], [ 36.941129061473085, -1.2228476951371 ], [ 36.941165436948232, -1.222891622346481 ], [ 36.941176120055189, -1.22290770393756 ], [ 36.941183152811064, -1.222910973815881 ], [ 36.941228752819541, -1.222934973801634 ], [ 36.941273403447155, -1.222961295402548 ], [ 36.941315340482916, -1.222991805372294 ], [ 36.941353610564427, -1.223025720181232 ], [ 36.941385922524091, -1.223044300798678 ], [ 36.941430333334893, -1.223076237838036 ], [ 36.941471307223736, -1.223112532008319 ], [ 36.94150842398674, -1.223152811098786 ], [ 36.941541302976304, -1.223196662031603 ], [ 36.941569607004823, -1.223243635098232 ], [ 36.94158190004903, -1.223266582097641 ], [ 36.941602660632732, -1.223268210155646 ], [ 36.941628952426782, -1.223272942812735 ], [ 36.94166879410573, -1.223273268044192 ], [ 36.94172017255007, -1.223278665149511 ], [ 36.941770801671304, -1.223288988111399 ], [ 36.941820216390056, -1.223304142103566 ], [ 36.941867962782375, -1.223323987921826 ], [ 36.941911062788741, -1.223344387907788 ], [ 36.941953464325252, -1.223366825124991 ], [ 36.941993719008273, -1.223392963152877 ], [ 36.942031508837765, -1.223422595509199 ], [ 36.942066535285242, -1.223455488107563 ], [ 36.942104335303817, -1.223494288102571 ], [ 36.94213681428991, -1.223530786830385 ], [ 36.942176930963996, -1.223580187293998 ], [ 36.942211466558092, -1.223594401127424 ], [ 36.942256441756967, -1.223618105897701 ], [ 36.942299001479363, -1.223645964745648 ], [ 36.942362101499462, -1.223691664729872 ], [ 36.942400489678398, -1.223722222738764 ], [ 36.942435965484741, -1.223756159740566 ], [ 36.94246823638737, -1.223793195893593 ], [ 36.942497036282553, -1.223833025800705 ], [ 36.942547236318248, -1.223909525804623 ], [ 36.942575774112989, -1.223958387128242 ], [ 36.942599091054895, -1.224009978693092 ], [ 36.942616932614904, -1.224063737324044 ], [ 36.942623462340535, -1.224087472946687 ], [ 36.942672267555452, -1.224103038793174 ], [ 36.942707167558012, -1.224116038781099 ], [ 36.942761224922826, -1.224139631125441 ], [ 36.94281240069008, -1.224169021557987 ], [ 36.942860083275363, -1.224203858844309 ], [ 36.942903702839935, -1.224243726656393 ], [ 36.942949202862124, -1.224290126650236 ], [ 36.94298220465565, -1.224327014217578 ], [ 36.942992232017801, -1.224339309851956 ], [ 36.943042972399063, -1.224372032197278 ], [ 36.943061032555875, -1.224384202997512 ], [ 36.943112987876773, -1.224420764124805 ], [ 36.943298380329814, -1.224514770329719 ], [ 36.9433265041054, -1.224527091210972 ], [ 36.943377227453823, -1.224552586256956 ], [ 36.943425009304519, -1.22458330324345 ], [ 36.943445892982936, -1.224600080752758 ], [ 36.943522749720806, -1.224626373818906 ], [ 36.943547682196517, -1.224635599227966 ], [ 36.943611682202423, -1.224661099206119 ], [ 36.94365889414437, -1.224682607115608 ], [ 36.943703835612062, -1.224708579290731 ], [ 36.943746091128851, -1.224738775623436 ], [ 36.943782291141844, -1.224767375615244 ], [ 36.943836576757846, -1.224816601560985 ], [ 36.943888176783503, -1.224870201554414 ], [ 36.943918077298399, -1.224903971050119 ], [ 36.943945078718436, -1.224940130373364 ], [ 36.943962856445282, -1.224968600307368 ], [ 36.944043750091659, -1.224983407537099 ], [ 36.944053239624481, -1.224976582659013 ], [ 36.9440872124121, -1.224955776682898 ], [ 36.944179812370209, -1.224903676672881 ], [ 36.944225919268831, -1.224880572943007 ], [ 36.944274006669787, -1.224862004287185 ], [ 36.944323635451219, -1.224848140270108 ], [ 36.94437435241575, -1.224839107494921 ], [ 36.944425694428901, -1.224834988447123 ], [ 36.944477192648343, -1.22483582074129 ], [ 36.944528376805209, -1.224841596777631 ], [ 36.944573476801338, -1.224848896761372 ], [ 36.94462557925749, -1.224860012828664 ], [ 36.94467633731027, -1.224876250393654 ], [ 36.944725255318851, -1.224897450900775 ], [ 36.944771855609886, -1.224923407332379 ], [ 36.944815683141911, -1.224953866230279 ], [ 36.944856309948719, -1.224988530170605 ], [ 36.94486660342352, -1.224999240930984 ], [ 36.944924631872723, -1.225010169719346 ], [ 36.944982027824665, -1.225024295821948 ], [ 36.945245227830533, -1.225104695728566 ], [ 36.945299584808218, -1.225124563489832 ], [ 36.945351514001544, -1.22515017865722 ], [ 36.945400417581162, -1.225181246339486 ], [ 36.945445732549608, -1.225217408873911 ], [ 36.945486937222796, -1.225258249943656 ], [ 36.945522637241687, -1.225297649940067 ], [ 36.945556786994203, -1.225339331290157 ], [ 36.945586648340793, -1.225384224767034 ], [ 36.94561192511653, -1.22543188511793 ], [ 36.945632366626171, -1.225481839648136 ], [ 36.945647770130563, -1.225533592909219 ], [ 36.945656950364715, -1.22558126947203 ], [ 36.945684622505752, -1.225583823878649 ], [ 36.945737385393699, -1.22559410389565 ], [ 36.945788868846464, -1.225609621516957 ], [ 36.945835368849295, -1.225626221500771 ], [ 36.945880529980172, -1.225644697944458 ], [ 36.945923847732857, -1.225667205906789 ], [ 36.945964967733062, -1.225693561254895 ], [ 36.94600355358579, -1.22572354838103 ], [ 36.946031353596787, -1.225747248375421 ], [ 36.946069568293062, -1.225783172866877 ], [ 36.946104144432482, -1.225822655525655 ], [ 36.946134756568014, -1.225865324722965 ], [ 36.946161116563601, -1.225910778836655 ], [ 36.946182976306289, -1.225958590031648 ], [ 36.946200130041575, -1.226008308286779 ], [ 36.946212416310068, -1.226059465630723 ], [ 36.946222331124879, -1.226111734921856 ], [ 36.946237432569831, -1.226120937877333 ], [ 36.946285070199956, -1.22615784593982 ], [ 36.946337470221145, -1.226203345929539 ], [ 36.946340545757053, -1.226206257246314 ], [ 36.946343788974929, -1.226207247025208 ], [ 36.946393926256519, -1.22622829985828 ], [ 36.946441703270665, -1.22625432566802 ], [ 36.946515203288619, -1.226299325646897 ], [ 36.946552657608635, -1.226324472163825 ], [ 36.946587896092815, -1.22635267722412 ], [ 36.94662067285558, -1.226383744020096 ], [ 36.946639357498618, -1.226402997989273 ], [ 36.946676860756959, -1.226390378544011 ], [ 36.946796160713468, -1.226356078514562 ], [ 36.946821786935921, -1.22634999031994 ], [ 36.946839823806386, -1.226332626351454 ], [ 36.946936423759816, -1.226250426356691 ], [ 36.946979381364294, -1.226217441764375 ], [ 36.947025404205206, -1.226188951820457 ], [ 36.94707402978387, -1.226165242830263 ], [ 36.947165429745745, -1.226126242813791 ], [ 36.947223133837859, -1.226105431183951 ], [ 36.94728281251389, -1.226091348700798 ], [ 36.947343693891412, -1.226084177507608 ], [ 36.947466115348213, -1.226076824539046 ], [ 36.947589945542319, -1.226066696409577 ], [ 36.947668861486214, -1.226066076277325 ], [ 36.947787061467785, -1.226073876235695 ], [ 36.947831711448266, -1.226078709712978 ], [ 36.947875806674773, -1.226087267578487 ], [ 36.947971240670569, -1.226109976790577 ], [ 36.948027915843824, -1.22612155556956 ], [ 36.948079069755025, -1.226134660974843 ], [ 36.948128704698078, -1.226152739841979 ], [ 36.948172404702817, -1.22617113982726 ], [ 36.948215987988135, -1.226191841355689 ], [ 36.948257559834644, -1.22621637854648 ], [ 36.948296787875989, -1.226244555225559 ], [ 36.948333358484462, -1.226276146121139 ], [ 36.948386258508101, -1.226326146112368 ], [ 36.94840111934036, -1.226340744589612 ], [ 36.948515960188239, -1.226457989905211 ], [ 36.948531687566792, -1.226473290997231 ], [ 36.948543886780307, -1.226480212424672 ], [ 36.948557692508494, -1.226487396759179 ], [ 36.948568979881806, -1.226482636669078 ], [ 36.948615189490738, -1.226467901804094 ], [ 36.948662527504709, -1.226457405195304 ], [ 36.948712327489332, -1.226448705180754 ], [ 36.948761584472201, -1.226442436086957 ], [ 36.948811205618938, -1.226440755670526 ], [ 36.948860769867181, -1.226443678191112 ], [ 36.948909856637272, -1.226451178849983 ], [ 36.948958049401135, -1.22646319400034 ], [ 36.949004939216735, -1.226479621687522 ], [ 36.949122739227917, -1.22652712164747 ], [ 36.949192236019627, -1.226561152469978 ], [ 36.949257013529959, -1.226598878212608 ], [ 36.949341483186416, -1.226641155368702 ], [ 36.949391716092514, -1.226669771193714 ], [ 36.949438620593277, -1.226703629705111 ], [ 36.94948165875342, -1.226742342589366 ], [ 36.949529899544068, -1.226790654084332 ], [ 36.94953270704567, -1.226792932189411 ], [ 36.949747120025222, -1.226838634348697 ], [ 36.949751261418847, -1.226836628320504 ], [ 36.949799418142128, -1.226818755336812 ], [ 36.949849045613256, -1.226805573892471 ], [ 36.949916045591159, -1.226791173873926 ], [ 36.94997319377994, -1.226782087248299 ], [ 36.95003098041532, -1.226779218559394 ], [ 36.950088739624427, -1.22678260086372 ], [ 36.950145805850241, -1.226792195187757 ], [ 36.950201521520839, -1.226807890977188 ], [ 36.950234511670246, -1.226819138676664 ], [ 36.950262573954532, -1.226824321340895 ], [ 36.950266379973165, -1.2268251992043 ], [ 36.950280550629699, -1.226825475738974 ], [ 36.950332830001713, -1.226831665288552 ], [ 36.950384260158991, -1.226842958296787 ], [ 36.950434350532149, -1.226859247045216 ], [ 36.950807796002891, -1.227001307644536 ], [ 36.950840122767637, -1.227002360181993 ], [ 36.950891358484967, -1.227009008919421 ], [ 36.950941726444292, -1.227020564186233 ], [ 36.950990763930811, -1.227036919828297 ], [ 36.951038020452259, -1.227057925591847 ], [ 36.951081320459515, -1.227079725578094 ], [ 36.951142781397039, -1.227116315527785 ], [ 36.951197656553781, -1.227138265569539 ], [ 36.951315875620026, -1.227178277136161 ], [ 36.951344266653429, -1.227154535674287 ], [ 36.951398257522015, -1.227114815915315 ], [ 36.951455257495503, -1.227078115911767 ], [ 36.951496827779124, -1.227053907131892 ], [ 36.951540374133209, -1.227033519069027 ], [ 36.951585550795791, -1.227017113606611 ], [ 36.951631999060098, -1.227004821005877 ], [ 36.951679350122653, -1.226996738871573 ], [ 36.95176425009884, -1.226986138845384 ], [ 36.951824545680637, -1.226982046882614 ], [ 36.951894090130367, -1.226981260552457 ], [ 36.952206216595336, -1.226965997950759 ], [ 36.952323892017425, -1.226937781265419 ], [ 36.952385414198055, -1.226926776944049 ], [ 36.952461778744983, -1.226917674643067 ], [ 36.952521650647981, -1.226898060820374 ], [ 36.952534361917024, -1.2268899951036 ], [ 36.952571025551769, -1.226868708249093 ], [ 36.952609235708856, -1.226850382727989 ], [ 36.952706235668295, -1.226808482710849 ], [ 36.952759385452779, -1.226788783666605 ], [ 36.952814295627093, -1.226774807196446 ], [ 36.952870359827919, -1.226766707640652 ], [ 36.952926958948147, -1.22676457444186 ], [ 36.953031958928058, -1.22676617440579 ], [ 36.953076330558879, -1.226768694924551 ], [ 36.953120345036972, -1.226774886252517 ], [ 36.953128004309441, -1.226776289844954 ], [ 36.953141113476761, -1.226772560791232 ], [ 36.953144676210805, -1.226771560604505 ], [ 36.95327607616359, -1.226735160571581 ], [ 36.953343863605198, -1.226721023410118 ], [ 36.953705136271346, -1.226669763344166 ], [ 36.953712336669717, -1.22666682248105 ], [ 36.953784652940442, -1.226643115039643 ], [ 36.953813752930337, -1.226635815032027 ], [ 36.953866427346277, -1.22662537461559 ], [ 36.953919872389513, -1.226620260282291 ], [ 36.953973557808268, -1.226620522774197 ], [ 36.95402695096579, -1.226626159487576 ], [ 36.95407952212485, -1.226637114498641 ], [ 36.954130749703538, -1.226653279118342 ], [ 36.954164926057295, -1.226667962686286 ], [ 36.954178385329755, -1.226669564384573 ], [ 36.954222398035775, -1.22667667021112 ], [ 36.954265676850618, -1.226687412260447 ], [ 36.954381776851974, -1.22672141221926 ], [ 36.954431704710323, -1.226738746102097 ], [ 36.954479707333142, -1.226760915091049 ], [ 36.954525323800915, -1.226787706320763 ], [ 36.954568116105769, -1.226818862543298 ], [ 36.954607673357259, -1.226854084598106 ], [ 36.954643615727711, -1.226893034284582 ], [ 36.954675598099335, -1.226935337609447 ], [ 36.954703313378062, -1.226980588377814 ], [ 36.954714905757776, -1.227001773358395 ], [ 36.954719384362271, -1.227007136047731 ], [ 36.954754124356796, -1.227053574019797 ], [ 36.954783728132284, -1.227103486774262 ], [ 36.954800279373494, -1.227139716771975 ], [ 36.955091443605141, -1.227350834523323 ], [ 36.955150436175998, -1.227400404992652 ], [ 36.955337603550028, -1.22758197708668 ], [ 36.955561514758017, -1.227757901626031 ], [ 36.955575447965401, -1.227765078624818 ], [ 36.955617243532124, -1.227789033939126 ], [ 36.955656750920227, -1.227816644104146 ], [ 36.955693655523277, -1.227847689254228 ], [ 36.955695328212116, -1.227849373008661 ], [ 36.955712319826496, -1.227857714667933 ], [ 36.955757815951969, -1.227885982129698 ], [ 36.955800305686445, -1.227918647435642 ], [ 36.955839370914319, -1.227955389147004 ], [ 36.955874627218328, -1.227995845711531 ], [ 36.955925978727926, -1.228061028701158 ], [ 36.95608824184535, -1.228236515453879 ], [ 36.956211190558193, -1.228330291112576 ], [ 36.956521107083269, -1.228560023940591 ], [ 36.956545006014231, -1.228568495554794 ], [ 36.956593928335167, -1.228591613084612 ], [ 36.956640304513471, -1.228619545700249 ], [ 36.956683668248324, -1.228652012546858 ], [ 36.956723583528138, -1.228688687179001 ], [ 36.956759649014572, -1.228729200842938 ], [ 36.956806049042044, -1.228786900840974 ], [ 36.956837499591657, -1.228830382622069 ], [ 36.956853850500053, -1.228843970023962 ], [ 36.957199414594655, -1.22915856134848 ], [ 36.957223476285286, -1.22917047174341 ], [ 36.957288676298319, -1.229206371723542 ], [ 36.957333487682753, -1.229233983593324 ], [ 36.957375415022767, -1.229265855820764 ], [ 36.957414059881962, -1.229301685524034 ], [ 36.957414186609853, -1.229301815068021 ], [ 36.957432369266328, -1.229286963578039 ], [ 36.957476764771997, -1.229254335278094 ], [ 36.957524231353204, -1.229226428135912 ], [ 36.95757427525696, -1.229203532445378 ], [ 36.957626375920611, -1.229185886370784 ], [ 36.957658694041974, -1.229178524725888 ], [ 36.957886213359878, -1.229060391824558 ], [ 36.957886535187441, -1.229060083219365 ], [ 36.957927598528855, -1.229027715283452 ], [ 36.957971577952897, -1.228999493751083 ], [ 36.958018061619889, -1.22897568289966 ], [ 36.958067361598992, -1.228953382891501 ], [ 36.958114792795605, -1.228934588091783 ], [ 36.958161847139955, -1.228920946481741 ], [ 36.958199407369477, -1.228894988057678 ], [ 36.958244764099355, -1.228866856254966 ], [ 36.958292658644474, -1.228843368915277 ], [ 36.958342623039684, -1.228824755527821 ], [ 36.958394169095847, -1.228811197959698 ], [ 36.958446793169742, -1.228802828678897 ], [ 36.958462714595022, -1.228801900949842 ], [ 36.958468707552136, -1.228799529490957 ], [ 36.958582407506718, -1.228756629467847 ], [ 36.958593048342053, -1.228752742361676 ], [ 36.958672848310876, -1.228724542344539 ], [ 36.95872615950455, -1.228708758856726 ], [ 36.95878080198127, -1.228698584085681 ], [ 36.95883619490305, -1.228694126187643 ], [ 36.958891749454743, -1.228695432549754 ], [ 36.958946875102967, -1.228702489286236 ], [ 36.959000985873381, -1.228715221386037 ], [ 36.959023169833536, -1.228721671605794 ], [ 36.959064864879828, -1.228703322076425 ], [ 36.959160093711901, -1.228666314799479 ], [ 36.959181042202324, -1.228617054018569 ], [ 36.959211359607124, -1.22856352056548 ], [ 36.959247513066593, -1.228513792909292 ], [ 36.959580512913533, -1.228106492994805 ], [ 36.959621377245853, -1.228061854880961 ], [ 36.959666940200293, -1.228022090931808 ], [ 36.959673929281337, -1.228016649888899 ], [ 36.959698192169562, -1.227986963838543 ], [ 36.959732030782213, -1.22795238924428 ], [ 36.959768804039371, -1.227920996934527 ], [ 36.959808217625827, -1.227893038158294 ], [ 36.959865517599241, -1.227856138154771 ], [ 36.959880703594315, -1.227846711544216 ], [ 36.959959803558192, -1.227799411537339 ], [ 36.959996118156681, -1.227779551315868 ], [ 36.960033837915219, -1.227762550126249 ], [ 36.960096037889791, -1.227737350114471 ], [ 36.960144005911431, -1.227720513654022 ], [ 36.960193335751796, -1.227708297478429 ], [ 36.960243589180237, -1.227700810112763 ], [ 36.960330889157007, -1.227692010085329 ], [ 36.960335330046156, -1.227691782265066 ], [ 36.960405612762791, -1.227667251821433 ], [ 36.960453358350932, -1.227653037366062 ], [ 36.960502203443838, -1.227643318173176 ], [ 36.960648503400655, -1.227621218129525 ], [ 36.960699547515652, -1.227615992878491 ], [ 36.960750853991115, -1.227615676403346 ], [ 36.960799588389243, -1.227617712520229 ], [ 36.961114722844663, -1.227558210321731 ], [ 36.961165162859686, -1.227551150182394 ], [ 36.96121603975034, -1.227548912980602 ], [ 36.961502347063778, -1.227549950017624 ], [ 36.96152928496101, -1.227531030856614 ], [ 36.961572290558962, -1.227506396563642 ], [ 36.961617359530635, -1.22748583578547 ], [ 36.961664112013217, -1.227469521818573 ], [ 36.961712153954416, -1.227457592165296 ], [ 36.961761080433718, -1.227450147374872 ], [ 36.961810479075218, -1.227447250196022 ], [ 36.961875179061636, -1.227446450174254 ], [ 36.961926526549242, -1.227448280303861 ], [ 36.961977467600356, -1.227455023153145 ], [ 36.962027539303513, -1.227466617448964 ], [ 36.962112439303773, -1.227490617418871 ], [ 36.962158898810813, -1.227506072880359 ], [ 36.962203774255897, -1.22752570551134 ], [ 36.962427243149783, -1.227635867311547 ], [ 36.962536522664756, -1.227665570994706 ], [ 36.96258657828438, -1.22768185316721 ], [ 36.962634818515888, -1.227702969125637 ], [ 36.962680783837257, -1.227728717726163 ], [ 36.962958878160968, -1.227902911297594 ], [ 36.962987424058468, -1.227900124761354 ], [ 36.963040252393846, -1.227900197667617 ], [ 36.963105252382981, -1.227903497645027 ], [ 36.963166631297398, -1.227910177038179 ], [ 36.963226848689011, -1.227923877221669 ], [ 36.963287748689488, -1.227941477200114 ], [ 36.963339865563412, -1.227959488521633 ], [ 36.963389882966389, -1.227982761569448 ], [ 36.963437278109481, -1.228011053091032 ], [ 36.963481555611878, -1.228044067379975 ], [ 36.963493313068376, -1.228054869992859 ], [ 36.963516484476614, -1.228059687408183 ], [ 36.96357304371076, -1.228078179499088 ], [ 36.963627234646644, -1.228102830477265 ], [ 36.963678397583905, -1.228133340251593 ], [ 36.96377839761211, -1.22820074022497 ], [ 36.963814625274985, -1.228227758275434 ], [ 36.963832377033349, -1.228235174937462 ], [ 36.963951852162104, -1.228288496014682 ], [ 36.963969726576607, -1.228296418721265 ], [ 36.964018947261266, -1.228321332210379 ], [ 36.964065383958868, -1.228351172905159 ], [ 36.964108551472442, -1.228385629013737 ], [ 36.96414799876321, -1.228424340519742 ], [ 36.964183313663234, -1.228466902943872 ], [ 36.96421066364698, -1.228503518408738 ], [ 36.964544080984048, -1.228686277081672 ], [ 36.964586949579626, -1.22871244760536 ], [ 36.964627216610381, -1.22874251423389 ], [ 36.96466453363918, -1.22877621679635 ], [ 36.964698577755627, -1.228813263659462 ], [ 36.964844116510754, -1.228987216718883 ], [ 36.965174182797618, -1.229114535050548 ], [ 36.965183668930891, -1.229118298147091 ], [ 36.9653077689428, -1.229168898105252 ], [ 36.965352402107222, -1.22918952666171 ], [ 36.965394984327098, -1.229214158877284 ], [ 36.965628705337835, -1.229364014855177 ], [ 36.965661582349568, -1.229342539467094 ], [ 36.965710247000587, -1.229314265953447 ], [ 36.965761571729729, -1.229291245512896 ], [ 36.965814998719118, -1.229273728341489 ], [ 36.965869947302572, -1.229261904823549 ], [ 36.96592582027651, -1.229255903462505 ], [ 36.966344613119077, -1.229233049688373 ], [ 36.966659258660393, -1.229190940533809 ], [ 36.966713368018894, -1.229186475359143 ], [ 36.966767649173427, -1.229187511643056 ], [ 36.96678367490459, -1.229189452261455 ], [ 36.966807720885939, -1.229183634196038 ], [ 36.96685915633855, -1.229173820950383 ], [ 36.966911295045122, -1.229169076444252 ], [ 36.966963645124579, -1.22916944543824 ], [ 36.96701571270161, -1.229174924451728 ], [ 36.967067006565983, -1.229185461795676 ], [ 36.96711704280662, -1.229200958060328 ], [ 36.96716534937687, -1.229221267052955 ], [ 36.967211470547852, -1.229246197177065 ], [ 36.967254971207844, -1.229275513239895 ], [ 36.967264171374119, -1.229282387472289 ], [ 36.967302581100022, -1.229275705825512 ], [ 36.967355948029372, -1.22927184078745 ], [ 36.9674094327411, -1.229273320385632 ], [ 36.967462508174485, -1.229280130040004 ], [ 36.967464560969844, -1.229280498429536 ], [ 36.96746470782314, -1.229280419783863 ], [ 36.967516017788746, -1.22925942227018 ], [ 36.967569197851837, -1.229243835775489 ], [ 36.967623686399065, -1.229233824903119 ], [ 36.967678907998646, -1.229229495374491 ], [ 36.967734279477177, -1.229230892912615 ], [ 36.967739495076422, -1.229231295159741 ], [ 36.967822351685626, -1.229215492301606 ], [ 36.967873534769112, -1.22920826888464 ], [ 36.967925169929686, -1.229206012898124 ], [ 36.968010298224534, -1.229206405527902 ], [ 36.968163003912586, -1.229193817456686 ], [ 36.968220293994854, -1.229192172142263 ], [ 36.968264867429802, -1.229195672275277 ], [ 36.968291104811172, -1.229190198445741 ], [ 36.968348782422531, -1.229181410199793 ], [ 36.96840706584684, -1.229178947293333 ], [ 36.96846527236324, -1.229182838577066 ], [ 36.968493801616781, -1.229186314545634 ], [ 36.968707182094384, -1.229165368666116 ], [ 36.968756240195042, -1.229162816841862 ], [ 36.968805325375811, -1.229164771205273 ], [ 36.968854029906133, -1.229171215522617 ], [ 36.968901949217269, -1.229182096264008 ], [ 36.969028332467751, -1.229216954869155 ], [ 36.969137137380244, -1.229203284598413 ], [ 36.969193585147373, -1.229199206122334 ], [ 36.969250146636099, -1.229201107402147 ], [ 36.969344746622646, -1.229209307368924 ], [ 36.969392298795654, -1.229215584769318 ], [ 36.969484498788646, -1.229231984736401 ], [ 36.969543272007748, -1.229245895312667 ], [ 36.969555476910777, -1.229250282689994 ], [ 36.969622426752629, -1.229252500114235 ], [ 36.969662680624339, -1.229255354624779 ], [ 36.969689940817119, -1.229259367489444 ], [ 36.969691212117262, -1.229259165141546 ], [ 36.96972259079044, -1.229256512196483 ], [ 36.969730988033611, -1.22922740545076 ], [ 36.969762147556786, -1.229134965553142 ], [ 36.969790211629814, -1.229033375390594 ], [ 36.969807630291726, -1.228980865212008 ], [ 36.969830275178772, -1.228930415187578 ], [ 36.969857910478261, -1.228882550678971 ], [ 36.969890248409861, -1.228837770123588 ], [ 36.969926952222458, -1.228796539844122 ], [ 36.969967639700826, -1.228759289192502 ], [ 36.970011887145859, -1.228726406078913 ], [ 36.970059233786721, -1.228698232932189 ], [ 36.97009042385379, -1.228683765922167 ], [ 36.970113915475601, -1.228643350579734 ], [ 36.970146980462943, -1.228598000239504 ], [ 36.970184533416784, -1.228556339876473 ], [ 36.970226170579686, -1.228518817410018 ], [ 36.970271444282076, -1.228485836270278 ], [ 36.970311644263461, -1.228459636268021 ], [ 36.9703584074364, -1.228432405453515 ], [ 36.97040764413061, -1.228410023311135 ], [ 36.970458859660788, -1.228392714716718 ], [ 36.970487159650588, -1.228384714709783 ], [ 36.970521810158054, -1.228376767042569 ], [ 36.970548313528965, -1.228343300852347 ], [ 36.970582857761904, -1.228307119809344 ], [ 36.970620575676648, -1.228274306131106 ], [ 36.970661144569227, -1.228245140562668 ], [ 36.970686344557564, -1.228228740561234 ], [ 36.970753519603733, -1.228191558171333 ], [ 36.970780813005518, -1.228178905591322 ], [ 36.970808181730924, -1.22815925817565 ], [ 36.970851481710952, -1.228131558172929 ], [ 36.970900289311693, -1.228103811098308 ], [ 36.970951696139373, -1.228081316202954 ], [ 36.970977931040586, -1.228072972376726 ], [ 36.971007715390286, -1.228054506068446 ], [ 36.971060727405408, -1.228025623451851 ], [ 36.97111661221404, -1.228002879567498 ], [ 36.971174670798128, -1.227986558901091 ], [ 36.971303470755416, -1.22795805886619 ], [ 36.971323770657186, -1.22795397671062 ], [ 36.971492770604627, -1.22792337666228 ], [ 36.971536313871205, -1.227917325496444 ], [ 36.971580202232779, -1.227914865687505 ], [ 36.971611446407422, -1.227914398998339 ], [ 36.971698839117742, -1.227878109177115 ], [ 36.971748248197876, -1.227860371514878 ], [ 36.971799136422938, -1.227847552227824 ], [ 36.971851021756095, -1.227839772746653 ], [ 36.97193683411389, -1.227831176831399 ], [ 36.972288074585045, -1.227668485804116 ], [ 36.97234220249981, -1.227646898453957 ], [ 36.972398328061693, -1.22763131347848 ], [ 36.972535628016274, -1.227601113441243 ], [ 36.972604591399552, -1.227590594299265 ], [ 36.97272609136833, -1.227580094260804 ], [ 36.972768388151785, -1.227578119126371 ], [ 36.972771807001585, -1.227578230026602 ], [ 36.972823366286718, -1.227540503696529 ], [ 36.972866453356964, -1.227512042620721 ], [ 36.972912044182983, -1.227487853635413 ], [ 36.972959721932398, -1.227468157898572 ], [ 36.973035633046052, -1.227440989685236 ], [ 36.973078919967314, -1.227387889750903 ], [ 36.97311424588829, -1.227348631847197 ], [ 36.973153207033427, -1.227313028365039 ], [ 36.97323280699554, -1.2272471283684 ], [ 36.97325205595039, -1.227231916460894 ], [ 36.973324547656524, -1.227177259751941 ], [ 36.973331579711733, -1.227147463820073 ], [ 36.97334888633452, -1.227096909665382 ], [ 36.973371053540355, -1.227048315917897 ], [ 36.973413853525663, -1.226965515943408 ], [ 36.973433596452587, -1.22693055148419 ], [ 36.973455858622629, -1.226897155211143 ], [ 36.973549858581663, -1.226766855242981 ], [ 36.973581508973496, -1.226727058683042 ], [ 36.973616730904475, -1.226690427938569 ], [ 36.973770430831351, -1.226544927955188 ], [ 36.973793951687163, -1.226523928994925 ], [ 36.973926551624025, -1.226412329001537 ], [ 36.973971909465618, -1.226378068711513 ], [ 36.974069040871719, -1.226312446627762 ], [ 36.97411916146946, -1.226274838685862 ], [ 36.974419592559123, -1.226024753128834 ], [ 36.974464373257739, -1.225991248984899 ], [ 36.974512355404592, -1.225962584101167 ], [ 36.974563024776636, -1.22593906567875 ], [ 36.974585439607054, -1.22593137533033 ], [ 36.975025069935853, -1.225609700269554 ], [ 36.975065396033905, -1.225582890102847 ], [ 36.975107946053946, -1.225559823481414 ], [ 36.975243145995812, -1.225494223461597 ], [ 36.975287272574448, -1.225475201418044 ], [ 36.975332905668381, -1.225460206464777 ], [ 36.975379683313868, -1.225449357542792 ], [ 36.975515783271334, -1.225424157504142 ], [ 36.975559966884674, -1.225417866967207 ], [ 36.975604516064173, -1.225415276641149 ], [ 36.975744716034413, -1.225412976594409 ], [ 36.97577112764349, -1.225413194752151 ], [ 36.975956962164325, -1.225419315254515 ], [ 36.976095382404658, -1.225411631712856 ], [ 36.976164380084661, -1.225387987360737 ], [ 36.976229820304084, -1.225358122001844 ], [ 36.976271600274274, -1.225341136142779 ], [ 36.976314643854494, -1.225327722107189 ], [ 36.976358650213491, -1.225317973645963 ], [ 36.976449477883669, -1.225301826474632 ], [ 36.97648016746453, -1.225290868927395 ], [ 36.976937914608136, -1.224960660154281 ], [ 36.976993165855042, -1.224925696095807 ], [ 36.97709756580862, -1.224868196084182 ], [ 36.97714109928755, -1.22484672094021 ], [ 36.97724030972401, -1.224803235209516 ], [ 36.977368130272609, -1.224742315651226 ], [ 36.97745521220746, -1.224699304027919 ], [ 36.977535363333232, -1.224530818398195 ], [ 36.97754032927493, -1.224520653332585 ], [ 36.977591229258067, -1.224419153364197 ], [ 36.977619858464919, -1.224368922907105 ], [ 36.977653644163858, -1.224322050152221 ], [ 36.977692201383441, -1.224279069191842 ], [ 36.977753101354644, -1.224218069200236 ], [ 36.977789439380125, -1.224184846094782 ], [ 36.977828629997894, -1.224155088582637 ], [ 36.977870348091528, -1.224129043525667 ], [ 36.977914247577246, -1.224106926988107 ], [ 36.977985947547189, -1.224074826976226 ], [ 36.978036412641259, -1.224055223927831 ], [ 36.978088575773221, -1.224040810813253 ], [ 36.978163575748368, -1.224024110793035 ], [ 36.978215953583998, -1.224015147293673 ], [ 36.978268953731437, -1.224011417633862 ], [ 36.97832206121295, -1.22401295805351 ], [ 36.978360012511018, -1.224017851889651 ], [ 36.978792507741368, -1.223977422100944 ], [ 36.97927953387201, -1.223880133426672 ], [ 36.979323025658417, -1.223860885766386 ], [ 36.979368902141076, -1.223845356864651 ], [ 36.979422902121541, -1.223829756851601 ], [ 36.979476745783771, -1.223817170120388 ], [ 36.979531587105711, -1.223810200206451 ], [ 36.979586849277815, -1.223808920418475 ], [ 36.97971075004164, -1.223812450058602 ], [ 36.979758887314439, -1.223773231817655 ], [ 36.979799311079894, -1.223743321642294 ], [ 36.979842322883115, -1.223717324237514 ], [ 36.979887550041902, -1.223695464862083 ], [ 36.979934600678781, -1.223677932920259 ], [ 36.979983067116429, -1.223664880320612 ], [ 36.980032529410053, -1.22365642015978 ], [ 36.980082558986041, -1.223652625742588 ], [ 36.980165758967722, -1.223650225715141 ], [ 36.980210501050337, -1.223650805265069 ], [ 36.98025504119304, -1.223655118156514 ], [ 36.98029907242681, -1.223663134665469 ], [ 36.980368672423999, -1.22367883464077 ], [ 36.980375492420528, -1.22368041993661 ], [ 36.980631192412794, -1.223741619846011 ], [ 36.980685727408087, -1.223757773920139 ], [ 36.980802006850936, -1.223799039485226 ], [ 36.981020845973504, -1.223849342878692 ], [ 36.981119789444655, -1.223769903165685 ], [ 36.981162710050469, -1.22373878496689 ], [ 36.981208454504873, -1.223712051153135 ], [ 36.981256582222301, -1.223689959210339 ], [ 36.981322982195479, -1.223663359197785 ], [ 36.981344954407156, -1.223655109736834 ], [ 36.981444754368589, -1.223620109715544 ], [ 36.981489992931849, -1.223606450087361 ], [ 36.981536245891178, -1.223596829006486 ], [ 36.981583158089812, -1.223591320349476 ], [ 36.981630369308924, -1.223589966415324 ], [ 36.981733969289152, -1.223591566380228 ], [ 36.981779134418865, -1.223594175029007 ], [ 36.981823923112685, -1.223600586668454 ], [ 36.981868019840668, -1.223610756129825 ], [ 36.982064719840011, -1.223664956060593 ], [ 36.9820871919338, -1.223671680227145 ], [ 36.982238476618363, -1.223720576647797 ], [ 36.982286064077329, -1.223714601004349 ], [ 36.98233967753562, -1.223713274480934 ], [ 36.982351150791665, -1.223714141781405 ], [ 36.98238920003346, -1.223686456282431 ], [ 36.982398922371907, -1.223680790292947 ], [ 36.982418033324592, -1.223660154368623 ], [ 36.982463881536262, -1.223620615331048 ], [ 36.982513835589494, -1.223586485415327 ], [ 36.982572135563061, -1.223551285410554 ], [ 36.982602061872491, -1.223535296545638 ], [ 36.98263653195437, -1.223494123932407 ], [ 36.982670271795001, -1.223457401816759 ], [ 36.982707228493616, -1.223423963457272 ], [ 36.982747087897287, -1.223394093099334 ], [ 36.982789511178424, -1.223368044658337 ], [ 36.982893311132344, -1.223310744646902 ], [ 36.982940813693418, -1.223287493359589 ], [ 36.982990349349457, -1.223269033708076 ], [ 36.983091449311701, -1.223236933684991 ], [ 36.983141326469891, -1.22322373638268 ], [ 36.983143216466999, -1.223220863865343 ], [ 36.983175397810733, -1.22317692670721 ], [ 36.983211803049663, -1.223136466987096 ], [ 36.983252063605235, -1.22309989433282 ], [ 36.983297163583885, -1.223062894334547 ], [ 36.983339123083809, -1.223031745235223 ], [ 36.983383876418138, -1.223004822343227 ], [ 36.983431004822918, -1.222982377580764 ], [ 36.983480067310225, -1.222964620967476 ], [ 36.983540167288034, -1.222946120953484 ], [ 36.983585739077064, -1.22293425643132 ], [ 36.98363216556092, -1.22292643914876 ], [ 36.983667652224092, -1.222922057101634 ], [ 36.983707421798947, -1.222907256867132 ], [ 36.983755293702487, -1.222894327416384 ], [ 36.983804143243205, -1.222885878881909 ], [ 36.983903643215449, -1.222873378851756 ], [ 36.983956228925393, -1.222869389313556 ], [ 36.984008950292854, -1.222870591135694 ], [ 36.984061302633826, -1.222876972814078 ], [ 36.984112784796778, -1.222888473259503 ], [ 36.984162903959977, -1.222904982382521 ], [ 36.984266880892363, -1.222944999340126 ], [ 36.984303884862484, -1.222951192955524 ], [ 36.984320365948079, -1.22294114069931 ], [ 36.984368702992192, -1.222914948789148 ], [ 36.984419436303789, -1.222893841501129 ], [ 36.984472039597236, -1.22287803779381 ], [ 36.984617939547405, -1.222842237755959 ], [ 36.984674606544296, -1.222831528005834 ], [ 36.984732085933089, -1.222826972064342 ], [ 36.984789719968475, -1.222828622066408 ], [ 36.984846849135366, -1.222836459131518 ], [ 36.984902819695805, -1.222850393579536 ], [ 36.985038461954211, -1.222892027401886 ], [ 36.985376982543578, -1.222850236462484 ], [ 36.985426187578035, -1.222846452849143 ], [ 36.985475530194719, -1.222847214718509 ], [ 36.985524596770553, -1.222852515684485 ], [ 36.985572975996341, -1.222862311311239 ], [ 36.985620262324652, -1.222876519485578 ], [ 36.985666059369343, -1.222895021105344 ], [ 36.985852004539844, -1.222980286408553 ], [ 36.986091353655986, -1.222975795307408 ], [ 36.986139528073281, -1.222977060114685 ], [ 36.986187397696995, -1.222982650794533 ], [ 36.98619830468094, -1.222984932848398 ], [ 36.986240726964091, -1.222972340282919 ], [ 36.986291126591524, -1.222962505186456 ], [ 36.986342227266341, -1.22295754094473 ], [ 36.986393565389619, -1.222957492595105 ], [ 36.986444675208169, -1.22296236057672 ], [ 36.986495093039956, -1.222972100726366 ], [ 36.986862793029815, -1.22306160059649 ], [ 36.98691828982863, -1.223078332814747 ], [ 36.986971681814083, -1.223100963554563 ], [ 36.987022352154874, -1.223129231366351 ], [ 36.987069715462361, -1.223162809676039 ], [ 36.987100714653586, -1.223190240637425 ], [ 36.987329825837541, -1.223196500420472 ], [ 36.987384866446732, -1.223200851330295 ], [ 36.987439176095279, -1.223210846578212 ], [ 36.987492184948188, -1.223226381291306 ], [ 36.987543336818725, -1.223247292474751 ], [ 36.987592095004096, -1.223273360721888 ], [ 36.987636895014447, -1.223300360709052 ], [ 36.987671899442091, -1.22332335877685 ], [ 36.98770502782731, -1.223349018085453 ], [ 36.987908927904499, -1.22352001804349 ], [ 36.987951628765181, -1.223559958711964 ], [ 36.987989794453838, -1.223604307208795 ], [ 36.988015745592449, -1.223642030708532 ], [ 36.988066873817885, -1.223670224102573 ], [ 36.988105665682234, -1.223693801168668 ], [ 36.988142352758388, -1.223720574654065 ], [ 36.988176675719401, -1.223750355307573 ], [ 36.988204527956348, -1.223776654976881 ], [ 36.988273272947922, -1.223769266775943 ], [ 36.988315837800684, -1.223766401082167 ], [ 36.988358494504126, -1.22376693253429 ], [ 36.988840068291289, -1.22379214143763 ], [ 36.988917909485046, -1.223780098055739 ], [ 36.988970521023596, -1.223774601105033 ], [ 36.989023414537101, -1.223774321009494 ], [ 36.989076080632401, -1.223779260467083 ], [ 36.989128012106427, -1.223789371908687 ], [ 36.989178708830792, -1.223804557956099 ], [ 36.989227682568306, -1.2238246723599 ], [ 36.98927446167496, -1.22384952140785 ], [ 36.98931859564216, -1.223878865790463 ], [ 36.989359659435308, -1.22391242290559 ], [ 36.989397257587214, -1.223949869580172 ], [ 36.989431028006607, -1.223990845182383 ], [ 36.989460645465343, -1.224034955094831 ], [ 36.989485824730515, -1.224081774514914 ], [ 36.989506323311446, -1.224130852545876 ], [ 36.989521943795026, -1.224181716539168 ], [ 36.98953253574691, -1.224233876646427 ], [ 36.98953799716034, -1.224286830536881 ], [ 36.989538275438512, -1.224340068235148 ], [ 36.989533367901146, -1.2243930770326 ], [ 36.989523321810303, -1.224445346424995 ], [ 36.989508233915224, -1.224496373028992 ], [ 36.989488249520619, -1.22454566542999 ], [ 36.989463561087263, -1.224592748914757 ], [ 36.989434406378507, -1.224637170043181 ], [ 36.989401066170487, -1.224678501015171 ], [ 36.98936386154805, -1.224716343790603 ], [ 36.98932315081256, -1.224750333922737 ], [ 36.989279326031209, -1.224780144067959 ], [ 36.989232809261182, -1.224805487138308 ], [ 36.989184048484987, -1.224826119066326 ], [ 36.989133513296132, -1.2248418411555 ], [ 36.989081690376658, -1.224852501993891 ], [ 36.988949190337529, -1.224873001955115 ], [ 36.988894389331264, -1.224878614258721 ], [ 36.988839305395452, -1.224878567629091 ], [ 36.988345208094266, -1.224852702835809 ], [ 36.988073226815366, -1.224881933162032 ], [ 36.988021838613385, -1.224884967746282 ], [ 36.987970397158477, -1.224883054355919 ], [ 36.987919371660276, -1.224876210443883 ], [ 36.987869227534283, -1.224864498435578 ], [ 36.987820422156709, -1.224848025159385 ], [ 36.98777340069261, -1.224826940872358 ], [ 36.987728592035459, -1.224801437889548 ], [ 36.987686404895115, -1.224771748829921 ], [ 36.987647224069882, -1.224738144494537 ], [ 36.9874889766729, -1.224588718100506 ], [ 36.98735252603273, -1.224513475659464 ], [ 36.987304683751823, -1.224483727328238 ], [ 36.987260181391008, -1.224449123668167 ], [ 36.987219503390271, -1.22441004136549 ], [ 36.987183092558567, -1.224366905859662 ], [ 36.987151345253537, -1.224320186712008 ], [ 36.987128645863201, -1.224277913898075 ], [ 36.987126782404353, -1.224276351114048 ], [ 36.986861373897192, -1.224269099418318 ], [ 36.98681114616172, -1.224265357733848 ], [ 36.986761484707912, -1.224256913567725 ], [ 36.986712823160801, -1.224243840651657 ], [ 36.986665586414503, -1.224226253133813 ], [ 36.986620186922266, -1.224204304582156 ], [ 36.98657702109498, -1.224178186643428 ], [ 36.98653646583999, -1.224148127369895 ], [ 36.986498875270016, -1.224114389227933 ], [ 36.986465069690325, -1.224081066909787 ], [ 36.986441660930062, -1.224075369093732 ], [ 36.986423472392921, -1.224082701919274 ], [ 36.986373828333065, -1.224097339299351 ], [ 36.986323018772154, -1.224107119146341 ], [ 36.98627151173762, -1.224111951374612 ], [ 36.986219781681513, -1.224111791473007 ], [ 36.986168305110141, -1.224106640914942 ], [ 36.98611755619477, -1.224096547144723 ], [ 36.98606800240384, -1.224081603140574 ], [ 36.98601400766028, -1.22406243295216 ], [ 36.985786346099367, -1.224066704589545 ], [ 36.985730005167163, -1.224064794012145 ], [ 36.985674170656004, -1.224056970985525 ], [ 36.985608270651795, -1.224044170962173 ], [ 36.985546457205409, -1.224028294715353 ], [ 36.985486940396008, -1.224005178824658 ], [ 36.985357407312655, -1.223945781231295 ], [ 36.985056217182937, -1.22398296344034 ], [ 36.98500004993749, -1.223986915180286 ], [ 36.984943779573641, -1.22398494788076 ], [ 36.984888020135067, -1.223977083010281 ], [ 36.984833380089874, -1.223963406393911 ], [ 36.984760848797826, -1.223941143703701 ], [ 36.984621133947783, -1.224026359409829 ], [ 36.984574053547249, -1.224051949314535 ], [ 36.984524684308276, -1.224072714749746 ], [ 36.984473512761078, -1.224088451074121 ], [ 36.984421043197457, -1.224099003207875 ], [ 36.984367792700951, -1.224104267161043 ], [ 36.984314286051088, -1.224104191058347 ], [ 36.98426105055163, -1.224098775650264 ], [ 36.984208610834088, -1.22408807430573 ], [ 36.984157483687483, -1.224072192486158 ], [ 36.984108172965449, -1.224051286706012 ], [ 36.984061164620769, -1.22402556299046 ], [ 36.984026117112997, -1.22400405007449 ], [ 36.983983830789626, -1.223994760328761 ], [ 36.983969288450361, -1.223989989046113 ], [ 36.98395597118212, -1.223994442489902 ], [ 36.983920908316733, -1.224002306292441 ], [ 36.983907490231957, -1.224020970347938 ], [ 36.983852790207472, -1.224090770363373 ], [ 36.983819376797818, -1.224129492845939 ], [ 36.983782479599874, -1.224164866358034 ], [ 36.983742428397626, -1.224196574734524 ], [ 36.983699581165297, -1.224224334569065 ], [ 36.98365432086775, -1.224247897747044 ], [ 36.983607052037634, -1.224267053663216 ], [ 36.98355819715961, -1.224281631104148 ], [ 36.983484597134392, -1.224299831085097 ], [ 36.983428977222239, -1.224310502469761 ], [ 36.983372551960414, -1.224315242156213 ], [ 36.983359006389406, -1.224314944406808 ], [ 36.983338468127037, -1.22433947621055 ], [ 36.983298663823085, -1.224382123109904 ], [ 36.98325452757355, -1.224420207026286 ], [ 36.983206572844061, -1.224453284905282 ], [ 36.983155357523103, -1.224480971931093 ], [ 36.983123373264846, -1.224494016163096 ], [ 36.983119820165321, -1.22449789733243 ], [ 36.98307929180541, -1.224534088507646 ], [ 36.983035358312641, -1.224566001552873 ], [ 36.983024802630183, -1.224572149402527 ], [ 36.983021984505065, -1.224575243744152 ], [ 36.982981940181908, -1.22461125398165 ], [ 36.982938534562876, -1.22464307496756 ], [ 36.982892198486645, -1.22467039085125 ], [ 36.982796398444677, -1.224720590839246 ], [ 36.982747601495106, -1.224743126596338 ], [ 36.982696819135384, -1.224760664365516 ], [ 36.982644555229655, -1.224773030137025 ], [ 36.982597602454, -1.224781681262575 ], [ 36.982515528559667, -1.224802199707554 ], [ 36.982465565421734, -1.224812193994157 ], [ 36.98241488801569, -1.224817396188437 ], [ 36.982363949004423, -1.224817759823612 ], [ 36.982313203387456, -1.224813281652029 ], [ 36.982298413261368, -1.224810542033024 ], [ 36.982264217153052, -1.22481494283838 ], [ 36.982213903573914, -1.224816651925535 ], [ 36.982163651032089, -1.224813628808045 ], [ 36.982113897917351, -1.22480589985921 ], [ 36.982026097912367, -1.224787999828034 ], [ 36.981968307850124, -1.224772819728629 ], [ 36.981768771239445, -1.224708327758172 ], [ 36.981702403791878, -1.224690040416714 ], [ 36.981521110492899, -1.22483559697478 ], [ 36.981479850742701, -1.224865627088322 ], [ 36.98143595970847, -1.224891604514074 ], [ 36.981389829079632, -1.224913297426473 ], [ 36.981341870532013, -1.224930512235516 ], [ 36.981292512053997, -1.22494309531445 ], [ 36.981218812030242, -1.224958195294128 ], [ 36.981162148136619, -1.224966677770813 ], [ 36.981104909827742, -1.224969059130611 ], [ 36.981047743710022, -1.224965312472573 ], [ 36.980991295574206, -1.224955480122351 ], [ 36.980531895557014, -1.224849879959426 ], [ 36.980472672375647, -1.224832626002333 ], [ 36.980354116097786, -1.224790552342425 ], [ 36.980243856242112, -1.224764162383009 ], [ 36.980211733259374, -1.224784743550674 ], [ 36.980207952862017, -1.22478714353695 ], [ 36.980170752844977, -1.224810543534414 ], [ 36.980129840236977, -1.224833845743695 ], [ 36.980087065953164, -1.224853471263984 ], [ 36.980042755366902, -1.22486927080916 ], [ 36.979997245537831, -1.22488112419637 ], [ 36.979957545524854, -1.224889624185542 ], [ 36.979894192816047, -1.224899269381494 ], [ 36.979830150586224, -1.224901279662574 ], [ 36.979666139533066, -1.224896607272427 ], [ 36.979649920321798, -1.224903805498451 ], [ 36.979605153664842, -1.224919115491609 ], [ 36.979559226214135, -1.224930417890959 ], [ 36.978975026027342, -1.225047117728526 ], [ 36.978919944483863, -1.225055171788208 ], [ 36.978465955586216, -1.225097610508202 ], [ 36.978460666403784, -1.225099243530014 ], [ 36.978460056835644, -1.225099399610849 ], [ 36.978402836831712, -1.225219681723784 ], [ 36.978380998325441, -1.225260926728924 ], [ 36.978355713818061, -1.225300126786721 ], [ 36.97826421377863, -1.225429426818879 ], [ 36.978234809583114, -1.225467307163541 ], [ 36.978202189196644, -1.225502418890548 ], [ 36.97816660874966, -1.225534486308058 ], [ 36.978128347614579, -1.225563257627743 ], [ 36.978087706212186, -1.225588506941762 ], [ 36.977996306171356, -1.225639806932118 ], [ 36.977971247607222, -1.225653016097325 ], [ 36.977839647550397, -1.225718016078672 ], [ 36.977832869037215, -1.225721305229673 ], [ 36.977693968977846, -1.225787505208741 ], [ 36.977678500713772, -1.225794579191662 ], [ 36.977593747702819, -1.225831727912177 ], [ 36.977539313298138, -1.225861708527753 ], [ 36.97704618519294, -1.226217439970125 ], [ 36.977003839388452, -1.22624506218648 ], [ 36.976959112658207, -1.226268577441511 ], [ 36.97691239703358, -1.226287779623592 ], [ 36.976767596977147, -1.226339479593085 ], [ 36.976724846855795, -1.226352760190475 ], [ 36.976681149696006, -1.226362426449573 ], [ 36.976613079623299, -1.226374527773752 ], [ 36.976585579621087, -1.226387078099863 ], [ 36.976536715979073, -1.226406546874235 ], [ 36.976372715916064, -1.226462746838547 ], [ 36.976325619346177, -1.226476513715062 ], [ 36.976277474476305, -1.22648591487707 ], [ 36.976228679905738, -1.226490872491206 ], [ 36.975992679849675, -1.226503972414695 ], [ 36.975945372207043, -1.226504505305604 ], [ 36.975749075322639, -1.226498040091969 ], [ 36.975666816370008, -1.226499389534019 ], [ 36.975645981623181, -1.226503247246517 ], [ 36.975619720425698, -1.226515989356429 ], [ 36.975109929853545, -1.226888999857729 ], [ 36.975066388016501, -1.226917730061832 ], [ 36.975020295250587, -1.226942097833849 ], [ 36.974998025054923, -1.226951233412773 ], [ 36.974795707365836, -1.227119647017826 ], [ 36.97477434693608, -1.227136533985124 ], [ 36.974702646902244, -1.227190333985056 ], [ 36.974680890616966, -1.227205831425795 ], [ 36.974596266098786, -1.227263003783955 ], [ 36.974497513207297, -1.227346117041763 ], [ 36.974392284847376, -1.227445731363676 ], [ 36.974375711057959, -1.227468705453128 ], [ 36.97437192831871, -1.227513225451828 ], [ 36.974365043545809, -1.227564877150428 ], [ 36.974353266409125, -1.227615625601984 ], [ 36.974336705592393, -1.227665002480502 ], [ 36.974315513925013, -1.227712552117415 ], [ 36.974289886971711, -1.227757835706621 ], [ 36.97426006122776, -1.227800435354053 ], [ 36.974226311936526, -1.227839957934065 ], [ 36.97418895054939, -1.227876038717471 ], [ 36.974162150536621, -1.227899538719343 ], [ 36.974131244213282, -1.227924683672551 ], [ 36.97390814019608, -1.228092897701562 ], [ 36.973878780538975, -1.228117204242335 ], [ 36.973778180113527, -1.228240610395625 ], [ 36.973741231046517, -1.228281497018637 ], [ 36.973700340460958, -1.228318387462121 ], [ 36.973655932791893, -1.228350898812047 ], [ 36.973608468980878, -1.228378693608434 ], [ 36.973558441691523, -1.228401483348154 ], [ 36.973460741652069, -1.228440083329342 ], [ 36.973444378044505, -1.228446242228062 ], [ 36.973394248193301, -1.22846418342173 ], [ 36.973260433668379, -1.22856209643489 ], [ 36.973213359706442, -1.228592901464485 ], [ 36.973163357150632, -1.228618610242971 ], [ 36.973110968643539, -1.228638943771652 ], [ 36.973056762720709, -1.228653681385636 ], [ 36.973001327640773, -1.228662663148651 ], [ 36.972947927626343, -1.228668463132099 ], [ 36.972899798311524, -1.228671506652337 ], [ 36.972851591362037, -1.228670208105492 ], [ 36.972776023467162, -1.228664760013436 ], [ 36.972731628984278, -1.228668596558586 ], [ 36.972685602105358, -1.228678720445026 ], [ 36.972305425196048, -1.228854814244588 ], [ 36.972249954052096, -1.228876852438019 ], [ 36.972192403515628, -1.228892587681513 ], [ 36.97213347813485, -1.228901827341003 ], [ 36.972036670778252, -1.228911524574958 ], [ 36.97192766075603, -1.228956790900096 ], [ 36.971879928360728, -1.228974014702233 ], [ 36.971830799065401, -1.228986647481996 ], [ 36.971780707702187, -1.228994577430012 ], [ 36.971730097618192, -1.22899773436057 ], [ 36.971640259093959, -1.22899907620592 ], [ 36.971524818118944, -1.229019978495775 ], [ 36.971494531533985, -1.229026680098376 ], [ 36.971434461221115, -1.229058566749397 ], [ 36.97143059658044, -1.22906029702957 ], [ 36.971422563421761, -1.229067899460492 ], [ 36.971381918008639, -1.229099596523926 ], [ 36.97133845669304, -1.229127251111851 ], [ 36.971297317112594, -1.229148197127321 ], [ 36.971275761581218, -1.229178160434441 ], [ 36.971242735198821, -1.22921962973418 ], [ 36.971205835693688, -1.229257647313849 ], [ 36.971149735666934, -1.229310047319544 ], [ 36.971107997766005, -1.229345254774001 ], [ 36.971062943149448, -1.229376043432732 ], [ 36.971014043127091, -1.229405943428882 ], [ 36.970966769564427, -1.229431692434833 ], [ 36.970917182971839, -1.22945257416494 ], [ 36.970870017063859, -1.229467077029413 ], [ 36.970856144216633, -1.22948267168448 ], [ 36.97082378204788, -1.229513497452989 ], [ 36.970775982025067, -1.229555397456312 ], [ 36.970771974814092, -1.229558539212399 ], [ 36.970771711663815, -1.229562934174001 ], [ 36.970766308499897, -1.229613517963442 ], [ 36.970756221166305, -1.229663369870094 ], [ 36.970741538378697, -1.229712051457634 ], [ 36.970722389268786, -1.2297591345825 ], [ 36.970698942248617, -1.229804205159198 ], [ 36.97064344222737, -1.229899705186963 ], [ 36.970618113932282, -1.229939247487762 ], [ 36.970589476948888, -1.229976432281242 ], [ 36.970557746662337, -1.230010979892465 ], [ 36.9705231617232, -1.230042630481311 ], [ 36.970394461661812, -1.230150530487522 ], [ 36.970352979976795, -1.230182027065267 ], [ 36.97030867774437, -1.230209356882422 ], [ 36.970261966710623, -1.230232265935412 ], [ 36.97025194625283, -1.230236027360127 ], [ 36.970231244523156, -1.230251285769302 ], [ 36.970188897847038, -1.23027951233679 ], [ 36.970144099416231, -1.230303601590428 ], [ 36.97009724704224, -1.230323339617295 ], [ 36.970048756775633, -1.230338551143509 ], [ 36.969999059211446, -1.23034910109074 ], [ 36.969948595665514, -1.230354895775569 ], [ 36.969897814255518, -1.230355883741516 ], [ 36.96984716592172, -1.230352056215834 ], [ 36.969797100422582, -1.230343447187534 ], [ 36.969790909011991, -1.23034176618892 ], [ 36.969768487717033, -1.230345334883152 ], [ 36.969707829643255, -1.230351476211032 ], [ 36.969646870544501, -1.230350683724528 ], [ 36.969586390305977, -1.230342967563133 ], [ 36.969546556215072, -1.230335561211139 ], [ 36.969536130117156, -1.230335215884612 ], [ 36.969484034958199, -1.230338876254235 ], [ 36.969431889099404, -1.230339993946548 ], [ 36.969379880065247, -1.230336033391304 ], [ 36.969328494888323, -1.230327031677157 ], [ 36.969278214759058, -1.230313073100094 ], [ 36.969229510519718, -1.230294288374022 ], [ 36.969215146989043, -1.230287076191943 ], [ 36.96921427184899, -1.230287000333845 ], [ 36.969055762410861, -1.230306915377026 ], [ 36.969003158565947, -1.23031090595185 ], [ 36.968950419093119, -1.230309701565564 ], [ 36.968898049204618, -1.230303313755934 ], [ 36.968846550572181, -1.230291803714846 ], [ 36.968712901889944, -1.230254941091494 ], [ 36.968539817677168, -1.230271931280645 ], [ 36.968481235489172, -1.230274456341983 ], [ 36.96842354752021, -1.230270615999859 ], [ 36.968396295029052, -1.230276301588786 ], [ 36.968336723692815, -1.230285270137465 ], [ 36.968276530111716, -1.230287492502564 ], [ 36.968216466043543, -1.230282940929744 ], [ 36.968193630230992, -1.230279911390089 ], [ 36.968075095881687, -1.23028968251418 ], [ 36.968028629909874, -1.23029148713488 ], [ 36.967972092153026, -1.230291226333309 ], [ 36.967953778123082, -1.230294719270833 ], [ 36.967953394113813, -1.230295041692172 ], [ 36.967907567760079, -1.230326104821487 ], [ 36.967858822724132, -1.230352282897742 ], [ 36.967807671201655, -1.23037330085148 ], [ 36.967754650674806, -1.230388937834011 ], [ 36.967700318264484, -1.230399029538061 ], [ 36.967645244876344, -1.230403469924168 ], [ 36.967590009201821, -1.230402212334931 ], [ 36.967543234370218, -1.230396288554124 ], [ 36.967511957730295, -1.230409908471177 ], [ 36.967462984335349, -1.230425850451518 ], [ 36.967412723416956, -1.23043701793257 ], [ 36.96736163332799, -1.230443309073336 ], [ 36.967310179982817, -1.230444666502437 ], [ 36.967258832608458, -1.230441077841317 ], [ 36.967101732589668, -1.230422477785617 ], [ 36.96704634465241, -1.230412951665881 ], [ 36.966992243075353, -1.230397673322311 ], [ 36.966940015866825, -1.230376808809718 ], [ 36.966890230663246, -1.230350584896712 ], [ 36.966843428559734, -1.230319286600962 ], [ 36.966805667520632, -1.230291072057558 ], [ 36.96679016886565, -1.230292387485524 ], [ 36.96673565862244, -1.230291451049683 ], [ 36.966681521221318, -1.230284976963835 ], [ 36.966674594618517, -1.230283421980265 ], [ 36.96646584109746, -1.230311359408214 ], [ 36.966423979659673, -1.230315296698223 ], [ 36.966127782102269, -1.230331460184098 ], [ 36.966104817609491, -1.230346460657529 ], [ 36.966054995639766, -1.230375326061592 ], [ 36.96600240260566, -1.230398686476961 ], [ 36.965947636789181, -1.230416276163446 ], [ 36.965891321189112, -1.230427895026931 ], [ 36.965639621303232, -1.230465879832264 ], [ 36.965597421468452, -1.23047226466281 ], [ 36.965542548131651, -1.230477696453672 ], [ 36.965487410570631, -1.230477457185568 ], [ 36.965432585811634, -1.230471549363047 ], [ 36.965378647607217, -1.230460034813311 ], [ 36.965326160431857, -1.230443034039082 ], [ 36.965275673574546, -1.230420724957532 ], [ 36.965227715390419, -1.230393341038289 ], [ 36.964857367948973, -1.230155883338434 ], [ 36.964783656246425, -1.230125828417965 ], [ 36.96432851703139, -1.229950264654741 ], [ 36.964278760688515, -1.229928111932733 ], [ 36.96423147672779, -1.229901023285005 ], [ 36.964187146949968, -1.229869274732463 ], [ 36.96414622305398, -1.229833189778038 ], [ 36.964109122034351, -1.229793136110533 ], [ 36.963939392546123, -1.229590269176202 ], [ 36.963652518900169, -1.229433022623764 ], [ 36.963616137398702, -1.229411172196644 ], [ 36.963581573399388, -1.22938651317023 ], [ 36.963497273428487, -1.229321213150754 ], [ 36.963460186572398, -1.229289710354623 ], [ 36.963426065303359, -1.229254977717261 ], [ 36.963407618801192, -1.229232467939662 ], [ 36.963407203962888, -1.229232282799331 ], [ 36.963316621376876, -1.229196967917083 ], [ 36.963266811401503, -1.229174568634948 ], [ 36.963219506275713, -1.22914721609772 ], [ 36.963175190651988, -1.229115190539358 ], [ 36.963154981248813, -1.229097206987645 ], [ 36.963097324284668, -1.229086366004628 ], [ 36.963048441528159, -1.229074779213593 ], [ 36.96300084242224, -1.229058663413652 ], [ 36.962954940203176, -1.229038158516114 ], [ 36.962946990755675, -1.229033673407508 ], [ 36.962938729062522, -1.22903543263792 ], [ 36.962896882180658, -1.229040946253439 ], [ 36.962819582160513, -1.229048046228963 ], [ 36.962765508932563, -1.22905026685429 ], [ 36.962711487033971, -1.229047018493865 ], [ 36.96265806109723, -1.229038333897229 ], [ 36.962605769746396, -1.229024300620392 ], [ 36.962555140166899, -1.229005060143147 ], [ 36.962506682790512, -1.22898080644259 ], [ 36.962460886149451, -1.228951784037577 ], [ 36.962418211951061, -1.228918285523479 ], [ 36.962379090423084, -1.228880648622369 ], [ 36.962343915976263, -1.228839252778116 ], [ 36.962313043228001, -1.22879451533106 ], [ 36.962297704811846, -1.228766695683314 ], [ 36.962178719135224, -1.228692164967358 ], [ 36.962096177122802, -1.228669728847329 ], [ 36.962047030982312, -1.228653791718746 ], [ 36.961999625504042, -1.228633194407605 ], [ 36.961905443475551, -1.228586766119842 ], [ 36.961879728106588, -1.228598321096998 ], [ 36.961831690964637, -1.228614654349858 ], [ 36.961782341479385, -1.228626371951675 ], [ 36.96173211638407, -1.228633370204466 ], [ 36.961681460160868, -1.228635587175504 ], [ 36.961263256396457, -1.228634072129537 ], [ 36.960937976906933, -1.228695489631825 ], [ 36.960877360601465, -1.22870338580662 ], [ 36.960816245837925, -1.228704323617404 ], [ 36.960757584090395, -1.228701872698503 ], [ 36.960711593645328, -1.228708819974813 ], [ 36.960610087104087, -1.228744248245959 ], [ 36.96055280813669, -1.228760732594317 ], [ 36.960494071573706, -1.228770753703533 ], [ 36.96045576197551, -1.22877296651464 ], [ 36.96043957468757, -1.228789499258941 ], [ 36.960402759895743, -1.228820909201843 ], [ 36.960374386968454, -1.22884299768405 ], [ 36.960138842317377, -1.229131097729588 ], [ 36.960113248194716, -1.229202197489558 ], [ 36.960095566563751, -1.229245407793015 ], [ 36.960074255761143, -1.229286926139515 ], [ 36.960049473926105, -1.229326444437556 ], [ 36.959979573896057, -1.229427944463629 ], [ 36.959950489448183, -1.229466398405215 ], [ 36.959918120200484, -1.229502094453227 ], [ 36.959882723049091, -1.229534749308873 ], [ 36.959844578920851, -1.229564103809621 ], [ 36.959803990543826, -1.229589924985987 ], [ 36.959718090504921, -1.229639324977443 ], [ 36.959669750722242, -1.229663967111666 ], [ 36.959619196977144, -1.229683599496213 ], [ 36.959566940220967, -1.229698023705257 ], [ 36.959513508617448, -1.229707093952626 ], [ 36.959512166386418, -1.229707183935816 ], [ 36.959510603401284, -1.229708558937554 ], [ 36.959471315336508, -1.229739997695239 ], [ 36.959429292028105, -1.229767621711467 ], [ 36.959384897897557, -1.229791191434225 ], [ 36.959338517925808, -1.22981050246992 ], [ 36.959290554314769, -1.229825387355852 ], [ 36.959213154287575, -1.229845487335948 ], [ 36.959155035913668, -1.229857192550993 ], [ 36.959095992011974, -1.229862404042171 ], [ 36.959036736586725, -1.229861058788828 ], [ 36.958977986199947, -1.229853173059535 ], [ 36.958895286194519, -1.229837373029865 ], [ 36.958844015446125, -1.229824934232895 ], [ 36.958833687821887, -1.229821322359491 ], [ 36.958780773316263, -1.229843246819283 ], [ 36.958741675963537, -1.229857288857519 ], [ 36.958738482925561, -1.229860110658841 ], [ 36.958696101438932, -1.229890798762753 ], [ 36.958650968820734, -1.229917215699418 ], [ 36.958603508554312, -1.229939113596852 ], [ 36.95855416596347, -1.229956286985639 ], [ 36.958503404034019, -1.229968574726902 ], [ 36.958475004348543, -1.229973999998323 ], [ 36.958454201419542, -1.229986319168672 ], [ 36.958058801245052, -1.230191619117259 ], [ 36.958008865482377, -1.23021438926519 ], [ 36.958004358209848, -1.230215910913241 ], [ 36.957933893048683, -1.230271338984184 ], [ 36.957877647436739, -1.230310077581906 ], [ 36.957756447381293, -1.230382677571434 ], [ 36.957711616326314, -1.23040672765144 ], [ 36.957664734742053, -1.230426422636788 ], [ 36.957616219116382, -1.230441587561079 ], [ 36.957566500453652, -1.230452087702218 ], [ 36.957478900427205, -1.230466287676379 ], [ 36.9574246338249, -1.230472265864234 ], [ 36.957370044759706, -1.230472688370206 ], [ 36.957282244744555, -1.230468888339705 ], [ 36.95722711877, -1.230463636980974 ], [ 36.957172819012108, -1.230452720671338 ], [ 36.95711991857376, -1.230436254626832 ], [ 36.957068975788658, -1.230414412637665 ], [ 36.957011575797708, -1.230386212619275 ], [ 36.956969395952882, -1.230363093384544 ], [ 36.956929428377819, -1.230336286615259 ], [ 36.95689199043651, -1.230306005172017 ], [ 36.956857379406252, -1.230272489506135 ], [ 36.956794137833697, -1.230205537719939 ], [ 36.956708409237443, -1.230125580072182 ], [ 36.956687304854235, -1.230116258095035 ], [ 36.956638816244613, -1.230091842916766 ], [ 36.956593009990812, -1.230062648154837 ], [ 36.956550349600846, -1.23002896922815 ], [ 36.956508049618009, -1.22999196921996 ], [ 36.956500049216096, -1.229984829809644 ], [ 36.956185191374701, -1.229698192191512 ], [ 36.956137219416547, -1.229673995048724 ], [ 36.95609226990215, -1.22964854450722 ], [ 36.956049942946152, -1.229618886374724 ], [ 36.956010626094091, -1.229585292201572 ], [ 36.955974679330929, -1.229548069576464 ], [ 36.955942431784983, -1.229507559310164 ], [ 36.955914178714487, -1.229464132314954 ], [ 36.955909723296251, -1.229455602736287 ], [ 36.955887557612044, -1.229437864154292 ], [ 36.955568976919679, -1.229201708501616 ], [ 36.955563071818908, -1.229197268198295 ], [ 36.955399971874293, -1.229072868159818 ], [ 36.955364111549464, -1.229042976899666 ], [ 36.955330948169511, -1.229010082065913 ], [ 36.955122348277158, -1.228784482042919 ], [ 36.95511145383955, -1.228771723568943 ], [ 36.955092445491296, -1.228759513508753 ], [ 36.955057145502344, -1.228734113499883 ], [ 36.955013032292911, -1.228698719070999 ], [ 36.955000337679351, -1.228686136379729 ], [ 36.954980395228723, -1.228674631360607 ], [ 36.95493864714765, -1.22864492651147 ], [ 36.954652147249014, -1.228419826446315 ], [ 36.954609763613419, -1.228382794802582 ], [ 36.954430099962465, -1.228208501895099 ], [ 36.954166129204488, -1.228017101370966 ], [ 36.954150850455768, -1.228009901035045 ], [ 36.954102941974334, -1.227984289541156 ], [ 36.954057833957449, -1.227953960711716 ], [ 36.954015983339488, -1.227919221771735 ], [ 36.953977814057936, -1.227880424619686 ], [ 36.953937614079535, -1.227835224615981 ], [ 36.953901349663951, -1.227789751108687 ], [ 36.953870978243167, -1.227741936113055 ], [ 36.953528681937762, -1.227790503439864 ], [ 36.953432506762447, -1.227817145539049 ], [ 36.95335448639586, -1.227839339275093 ], [ 36.953338889842406, -1.227843523093391 ], [ 36.953281389822401, -1.227858023078378 ], [ 36.953225127331692, -1.227869048503745 ], [ 36.953168019704798, -1.227873997844094 ], [ 36.953110712808474, -1.227872815124855 ], [ 36.953053854763013, -1.227865513722805 ], [ 36.95302525735223, -1.227860273113523 ], [ 36.95300113545909, -1.227874212625073 ], [ 36.952960835652107, -1.227893238086041 ], [ 36.952919113516678, -1.227908851643551 ], [ 36.952744813450266, -1.227965951603827 ], [ 36.952693658991166, -1.227979950170969 ], [ 36.952641385685808, -1.227988823135352 ], [ 36.952543264173613, -1.228000518700596 ], [ 36.952407307811882, -1.228033118765213 ], [ 36.952358256407521, -1.228042487883444 ], [ 36.952308554106956, -1.228047248431439 ], [ 36.951942127962134, -1.228065165974311 ], [ 36.951923833367502, -1.228080464465392 ], [ 36.951903302802748, -1.228096801258465 ], [ 36.951814502760385, -1.228164001258581 ], [ 36.951772619785579, -1.228192697667329 ], [ 36.95172824469644, -1.228217308904079 ], [ 36.95162934465332, -1.228266208889823 ], [ 36.951580233131075, -1.228287516187618 ], [ 36.951529265427226, -1.228303819895159 ], [ 36.951476943339365, -1.228314959496416 ], [ 36.951423781999466, -1.228320825318052 ], [ 36.951370304802168, -1.228321359609272 ], [ 36.951317038251794, -1.228316557110268 ], [ 36.951227538242648, -1.228303957078174 ], [ 36.951181678140671, -1.228295450586563 ], [ 36.951136720222067, -1.228282986068408 ], [ 36.951093001024795, -1.228266656828702 ], [ 36.951050847814152, -1.228246585102324 ], [ 36.950981456684787, -1.228209765291174 ], [ 36.950840311574389, -1.228161994238832 ], [ 36.950813044258325, -1.22815193470069 ], [ 36.950689044269765, -1.228102334658485 ], [ 36.95063379123512, -1.228076504306234 ], [ 36.950631141916652, -1.228074877070003 ], [ 36.950609815016179, -1.228070524532571 ], [ 36.950523315014387, -1.228048924501559 ], [ 36.950462549227154, -1.22802985295848 ], [ 36.950156946065576, -1.227913599702701 ], [ 36.950111303116884, -1.227908482643851 ], [ 36.950102562297999, -1.227906642698584 ], [ 36.95006028528023, -1.227926958284801 ], [ 36.950011422387306, -1.227944850488485 ], [ 36.949961073942418, -1.227957920433236 ], [ 36.949909708522519, -1.227966046481695 ], [ 36.949857804169163, -1.22796915300783 ], [ 36.949805843939473, -1.227967211100673 ], [ 36.94975431141053, -1.227960238833465 ], [ 36.949703686178822, -1.227948301095283 ], [ 36.949654439396824, -1.227931508987256 ], [ 36.949621896254925, -1.227918619809485 ], [ 36.949547535530186, -1.227904917091986 ], [ 36.949532935022624, -1.227902016367424 ], [ 36.949212035007179, -1.227833616251887 ], [ 36.949158691286186, -1.227819338067998 ], [ 36.949107078197812, -1.227799643426321 ], [ 36.949057737065601, -1.227774738886936 ], [ 36.948985937081076, -1.227733738865431 ], [ 36.948948779275312, -1.227710464364237 ], [ 36.948913620114567, -1.227684232230245 ], [ 36.948831420145027, -1.22761753221232 ], [ 36.948789541104425, -1.227579757181014 ], [ 36.948786952145198, -1.227577164424042 ], [ 36.94875840572, -1.227582826487183 ], [ 36.948588105669835, -1.227608226435933 ], [ 36.948537482950876, -1.227613333502244 ], [ 36.94848660733664, -1.227613613617633 ], [ 36.948435932138899, -1.227609064286701 ], [ 36.948385908883616, -1.227599726045323 ], [ 36.948336983287696, -1.227585682099512 ], [ 36.948289591287605, -1.227567057583976 ], [ 36.948255960837102, -1.227550004712084 ], [ 36.948255233270338, -1.227549859023991 ], [ 36.948202603885257, -1.227536516272322 ], [ 36.948151574515009, -1.227517913872978 ], [ 36.948102662584056, -1.22749424045 ], [ 36.948056364046444, -1.22746573604623 ], [ 36.948013148356971, -1.22743268968933 ], [ 36.947991264199558, -1.227412151516148 ], [ 36.947942131174479, -1.227384275032384 ], [ 36.947903207766181, -1.227359940754106 ], [ 36.947866478547866, -1.227332366853705 ], [ 36.947832208976706, -1.227301752619469 ], [ 36.947762109009084, -1.227233552608634 ], [ 36.947752880495393, -1.227224355186018 ], [ 36.947687160719902, -1.227157259326527 ], [ 36.94767160999978, -1.227153558908834 ], [ 36.947637818918324, -1.227151329028921 ], [ 36.947547654261797, -1.227158703575639 ], [ 36.947543273705399, -1.227159014234628 ], [ 36.94747491200372, -1.227233418933205 ], [ 36.947434553172798, -1.227272980644277 ], [ 36.947390311989068, -1.22730808612045 ], [ 36.947342671802836, -1.227338351822669 ], [ 36.947292153099696, -1.227363447088226 ], [ 36.94723930781398, -1.227383097743228 ], [ 36.947184713298661, -1.227397089098118 ], [ 36.94712896601758, -1.22740526829312 ], [ 36.947077406494806, -1.2274100804985 ], [ 36.947044940612585, -1.227435994393125 ], [ 36.946997980100733, -1.227466099351395 ], [ 36.946948184509665, -1.227491167589146 ], [ 36.946896085210135, -1.22751093160279 ], [ 36.946847308429746, -1.227523838805817 ], [ 36.9468342997991, -1.227531078632206 ], [ 36.946786042278163, -1.227552047345884 ], [ 36.946735984955509, -1.227568185186266 ], [ 36.946674284933522, -1.227584785170531 ], [ 36.946616766348434, -1.227596922084726 ], [ 36.946558276819168, -1.227602683750683 ], [ 36.946530576812798, -1.227603883741484 ], [ 36.946476238177631, -1.227603478071683 ], [ 36.946422216297911, -1.227597567389128 ], [ 36.946369060293371, -1.227586211775092 ], [ 36.946317310482208, -1.227569526657235 ], [ 36.946267492888857, -1.22754768163638 ], [ 36.946220113897084, -1.227520898762463 ], [ 36.946175655102756, -1.227489450277446 ], [ 36.946134568418486, -1.227453655848006 ], [ 36.946119150980913, -1.227437213420725 ], [ 36.946081567018616, -1.227414064945625 ], [ 36.946041186175258, -1.227383627908167 ], [ 36.946003809639443, -1.22734952410369 ], [ 36.945969764870718, -1.22731205231956 ], [ 36.945939350138566, -1.227271540850273 ], [ 36.94591283190929, -1.227228344621286 ], [ 36.945907272996763, -1.227217047102028 ], [ 36.945895666471053, -1.227213262056645 ], [ 36.945840030794528, -1.227187797677918 ], [ 36.945775130806631, -1.227153497657696 ], [ 36.945730022656925, -1.227126768097742 ], [ 36.945687703367447, -1.227095760440672 ], [ 36.945648572097518, -1.227060767154073 ], [ 36.945612997936657, -1.227022118298241 ], [ 36.945599855130688, -1.227004719894023 ], [ 36.945536092240104, -1.22697060073895 ], [ 36.945491399043092, -1.226943825028882 ], [ 36.945449478104969, -1.226912838102133 ], [ 36.945410719802297, -1.226877928516023 ], [ 36.945375485060445, -1.226839421356487 ], [ 36.945344101992511, -1.226797675210705 ], [ 36.945330840086278, -1.226775962599201 ], [ 36.945299309615891, -1.226785002697643 ], [ 36.945247191522519, -1.22679450471343 ], [ 36.945194398469397, -1.226798812031789 ], [ 36.94514144029413, -1.226797883056249 ], [ 36.945111640289504, -1.226795883045733 ], [ 36.945060055790883, -1.226789897791353 ], [ 36.945009282928197, -1.226778944050211 ], [ 36.944959792961249, -1.226763123492413 ], [ 36.944912045242233, -1.22674258296052 ], [ 36.944866482952165, -1.226717513106523 ], [ 36.944823528987406, -1.226688146622283 ], [ 36.944783582034482, -1.226654756079745 ], [ 36.944753082047747, -1.226626656074392 ], [ 36.944715771295272, -1.226588720943683 ], [ 36.944682345272668, -1.226547278763125 ], [ 36.944653127612789, -1.226502730779295 ], [ 36.944628401202792, -1.226455508309284 ], [ 36.944608405445138, -1.226406068564678 ], [ 36.944593333939793, -1.226354890224772 ], [ 36.944583332609731, -1.226302468802045 ], [ 36.944578498288159, -1.22624931184447 ], [ 36.944571537923032, -1.2260828587315 ], [ 36.944554207770366, -1.226081092081564 ], [ 36.94450365143706, -1.226070956214055 ], [ 36.944454288397402, -1.226056005452878 ], [ 36.94442491504293, -1.226043922716074 ], [ 36.944411801737331, -1.226049913820029 ], [ 36.944363147261676, -1.22606672213936 ], [ 36.944313122365926, -1.226078785386054 ], [ 36.944262182726433, -1.226085993676589 ], [ 36.94418998270757, -1.226092693653522 ], [ 36.944141214844826, -1.226094984247719 ], [ 36.944092441119153, -1.226092823847843 ], [ 36.944044061711068, -1.226086230180036 ], [ 36.943702292546945, -1.226023670590777 ], [ 36.943624748304899, -1.226011363422794 ], [ 36.943565532622905, -1.225998496192224 ], [ 36.943508125616482, -1.225979021812215 ], [ 36.943453252523511, -1.225953186308546 ], [ 36.943396952534549, -1.225922686291192 ], [ 36.943352841422865, -1.22589597965777 ], [ 36.943311462813071, -1.22586515930078 ], [ 36.943273194150272, -1.225830506356206 ], [ 36.943216094177416, -1.225773606347949 ], [ 36.943168948826397, -1.225719975090501 ], [ 36.943113548860779, -1.225647875089566 ], [ 36.943100188993647, -1.225627741976178 ], [ 36.943084650072365, -1.225622426023584 ], [ 36.943077356022272, -1.225619871869407 ], [ 36.943007856026604, -1.225594971845209 ], [ 36.942944855951126, -1.225567741421951 ], [ 36.942901355958689, -1.225545541408176 ], [ 36.942858882268652, -1.225521372940812 ], [ 36.942818754115393, -1.225493437486861 ], [ 36.942797768394193, -1.22547580256409 ], [ 36.942593404057973, -1.225372176196482 ], [ 36.942527067253728, -1.225332296813524 ], [ 36.942452275422639, -1.225279665489688 ], [ 36.942338927458458, -1.22520656756794 ], [ 36.942330355158617, -1.22520038043202 ], [ 36.942279868532502, -1.225192447448221 ], [ 36.942228724515886, -1.225179143441327 ], [ 36.942179120062214, -1.225160864220295 ], [ 36.942131531657417, -1.225137785370538 ], [ 36.942086416421709, -1.225110128581218 ], [ 36.942044207718666, -1.225078159515842 ], [ 36.942005310992478, -1.225042185260272 ], [ 36.941970099873323, -1.225002551372992 ], [ 36.941953763222401, -1.224980072610945 ], [ 36.941914248170143, -1.224945711641438 ], [ 36.941877285360079, -1.224906452569163 ], [ 36.941844390324633, -1.224863684001697 ], [ 36.941765690378119, -1.22475008400516 ], [ 36.941764951628571, -1.224749014919221 ], [ 36.94173318302952, -1.224702922875568 ], [ 36.941694089177979, -1.224648377609542 ], [ 36.941667874040583, -1.224608155717678 ], [ 36.941645302056457, -1.224565754539716 ], [ 36.941627879793394, -1.224524643681842 ], [ 36.941617616247314, -1.224518909388598 ], [ 36.941559497019099, -1.224481342922287 ], [ 36.941506097036694, -1.224441742909265 ], [ 36.941471010321408, -1.224413374411274 ], [ 36.941438397370781, -1.224382158533291 ], [ 36.941427464761077, -1.224369788134847 ], [ 36.94137668462281, -1.224365351017939 ], [ 36.941315592052426, -1.224356441337784 ], [ 36.941308867848697, -1.224355061000371 ], [ 36.941295074215333, -1.224353701526897 ], [ 36.941241565590069, -1.224345682075166 ], [ 36.941189125231119, -1.22433230407985 ], [ 36.941138281458528, -1.22431370232059 ], [ 36.941089546507108, -1.224290064204779 ], [ 36.941039446517209, -1.22426256418942 ], [ 36.941005275787035, -1.224242127476582 ], [ 36.940999255458827, -1.224237893138629 ], [ 36.9409808016444, -1.224231493799682 ], [ 36.940934522799196, -1.224210349087213 ], [ 36.940890428500381, -1.22418491091713 ], [ 36.940848910830987, -1.224155405484141 ], [ 36.94081033896277, -1.224122095148696 ], [ 36.940776638977972, -1.224090095143179 ], [ 36.94073881772124, -1.224050343220478 ], [ 36.94070519305464, -1.224006938624824 ], [ 36.940676111102228, -1.223960328153279 ], [ 36.940651871226365, -1.223910991603352 ], [ 36.940642117996902, -1.223884732038712 ], [ 36.940615553158615, -1.223871581807273 ], [ 36.940568728887811, -1.223842057575367 ], [ 36.940525153847247, -1.223807863378486 ], [ 36.940485285987478, -1.223769358580191 ], [ 36.94045111343442, -1.223732787930503 ], [ 36.940417370326024, -1.223700882662166 ], [ 36.940385057663683, -1.223667339563951 ], [ 36.940374764149901, -1.223662312964165 ], [ 36.940353997856796, -1.223649445596505 ], [ 36.940339104039957, -1.223649102667555 ], [ 36.940284546897075, -1.223642206291646 ], [ 36.94023097176872, -1.223629751026993 ], [ 36.940178936255883, -1.223611866506516 ], [ 36.940128981935366, -1.223588738869871 ], [ 36.940081628723135, -1.223560608826134 ], [ 36.940052628731301, -1.223541308818286 ], [ 36.940009953784156, -1.223509770256252 ], [ 36.939970559006369, -1.223474169721886 ], [ 36.939934824520698, -1.223434850727734 ], [ 36.939918495001479, -1.223412896770878 ], [ 36.939900274184538, -1.223424451863922 ], [ 36.939852067303242, -1.22344862837423 ], [ 36.939801703782393, -1.223467841577676 ], [ 36.939749686550549, -1.223481899612333 ], [ 36.939696535050118, -1.223490662095669 ], [ 36.939642780050185, -1.223494041526365 ], [ 36.939588958346249, -1.223492004158124 ], [ 36.939535607399833, -1.22348457033653 ], [ 36.939483259971347, -1.223471814296029 ], [ 36.939432438800019, -1.223453863418426 ], [ 36.939383651383778, -1.223430896960952 ], [ 36.939337384911461, -1.223403144266144 ], [ 36.93929410139777, -1.223370882471633 ], [ 36.939191928334139, -1.223286454218931 ], [ 36.93876368116328, -1.223108140680351 ], [ 36.938744456170092, -1.22310897775907 ], [ 36.938693254006537, -1.223106299097583 ], [ 36.938642536393807, -1.223098735688717 ], [ 36.938592762285566, -1.223086355975721 ], [ 36.938544382097419, -1.2230692719855 ], [ 36.938526930057733, -1.223062153985548 ], [ 36.938516788632661, -1.223069467741565 ], [ 36.938490792736516, -1.223095995894218 ], [ 36.938451929696363, -1.223128817772656 ], [ 36.938410172779371, -1.223157816484095 ], [ 36.938365891944308, -1.223182735105585 ], [ 36.938319479511335, -1.223203352863045 ], [ 36.93828577949769, -1.223216452856279 ], [ 36.938237489604667, -1.223232631556251 ], [ 36.938187898840809, -1.223244153606297 ], [ 36.938137449398752, -1.223250916266667 ], [ 36.938086591127764, -1.223252859236335 ], [ 36.938035777522494, -1.223249965190602 ], [ 36.937985461679226, -1.223242259935659 ], [ 36.937930061676184, -1.223231059915606 ], [ 36.937885667064492, -1.223220094772107 ], [ 36.937842355258638, -1.223205382763216 ], [ 36.937800437806182, -1.2231870297147 ], [ 36.937717667976813, -1.223146505757179 ], [ 36.937715045082932, -1.223145968988876 ], [ 36.937587110103706, -1.223140734900415 ], [ 36.937538173096193, -1.223136478113957 ], [ 36.937388273080273, -1.223116478059961 ], [ 36.93733598202838, -1.223106839408379 ], [ 36.937284888726857, -1.223092062778093 ], [ 36.937192388731702, -1.223060262745628 ], [ 36.937154150590104, -1.223045460999503 ], [ 36.937117139944647, -1.223027778658539 ], [ 36.936976139970874, -1.222953678614373 ], [ 36.936920522107002, -1.222920012831788 ], [ 36.936869327833143, -1.222879862529155 ], [ 36.936803766016823, -1.222821731814394 ], [ 36.936733360752044, -1.222782443908366 ], [ 36.936689585070063, -1.222755187125396 ], [ 36.936648592418457, -1.222723851440863 ], [ 36.936610756700865, -1.222688722675438 ], [ 36.936576423025691, -1.22265012124744 ], [ 36.936545904558308, -1.222608399249997 ], [ 36.936519479664589, -1.222563937239691 ], [ 36.93649738937193, -1.222517140765308 ], [ 36.936479374758058, -1.222473744931161 ], [ 36.93647312352342, -1.222461696038406 ], [ 36.936367285266982, -1.222445528721459 ], [ 36.936227011352322, -1.222449136054758 ], [ 36.936201026523733, -1.222454661405249 ], [ 36.936133512230185, -1.222476020182143 ], [ 36.936080012067698, -1.22248995633949 ], [ 36.936025375317641, -1.222498305257784 ], [ 36.935970176380408, -1.22250097916478 ], [ 36.935914995566606, -1.22249794995008 ], [ 36.935860412996185, -1.222489249460659 ], [ 36.935792105297637, -1.222474713670551 ], [ 36.935543677243608, -1.222543923734678 ], [ 36.935494141003964, -1.222555224636208 ], [ 36.935443767801964, -1.222561781919558 ], [ 36.935393005007633, -1.222563537349257 ], [ 36.935342303450931, -1.222560475335578 ], [ 36.935292113417852, -1.222552623073052 ], [ 36.93524288065143, -1.222540050298931 ], [ 36.935195042392984, -1.222522868673815 ], [ 36.935152472428165, -1.222505261649593 ], [ 36.935087432660467, -1.222506042996084 ], [ 36.935039203141045, -1.222504447969889 ], [ 36.934991308668046, -1.222498517500303 ], [ 36.934944133164201, -1.222488299126433 ], [ 36.934898054788881, -1.222473874759278 ], [ 36.934853442906778, -1.22245536002509 ], [ 36.934824106620766, -1.222441607691248 ], [ 36.934810618469889, -1.222442258763572 ], [ 36.934770896040284, -1.222442700991291 ], [ 36.934731249143553, -1.222440197243352 ], [ 36.934451649107167, -1.222412097143211 ], [ 36.934391155765439, -1.222402498242615 ], [ 36.934332134789749, -1.22238605424633 ], [ 36.934126134800231, -1.222315754173857 ], [ 36.934124846016253, -1.222315243997366 ], [ 36.934042215640282, -1.222433381120929 ], [ 36.93401096394129, -1.222473854832898 ], [ 36.933976056327154, -1.222511178958241 ], [ 36.933937804472208, -1.222545020247019 ], [ 36.933896549909974, -1.222575076546017 ], [ 36.933786714453952, -1.222647393204272 ], [ 36.93358841948767, -1.222841648127531 ], [ 36.933581028278937, -1.222848209544329 ], [ 36.933574052540614, -1.222855216623782 ] ] ] } }
]
}
