{
"type": "FeatureCollection",
"name": "kasarani_riparian_buffer",
"crs": { "type": "name", "properties": { "name": "urn:ogc:def:crs:OGC:1.3:CRS84" } },
"features": [
{ "type": "Feature", "properties": { }, "geometry": { "type": "Polygon", "coordinates": [ [ [ 36.838457870564739, -1.263548907598801 ], [ 36.83844511390862, -1.263497245913765 ], [ 36.838437449749676, -1.263444574506765 ], [ 36.838434951897483, -1.263391400631795 ], [ 36.83843764440735, -1.263338236381796 ], [ 36.838445501348694, -1.263285593757002 ], [ 36.838458447054713, -1.263233979734086 ], [ 36.838476356851174, -1.263183891383757 ], [ 36.83849905825705, -1.26313581108369 ], [ 36.838526332645607, -1.263090201872993 ], [ 36.838557917349902, -1.263047502992904 ], [ 36.838593508192417, -1.263008125656663 ], [ 36.83863276241437, -1.262972449089355 ], [ 36.838675301976743, -1.262940816875716 ], [ 36.838720717200886, -1.26291353365126 ], [ 36.838768570714002, -1.262890862168474 ], [ 36.838818401661214, -1.262873020766372 ], [ 36.838869730143855, -1.262860181267738 ], [ 36.83892206184111, -1.262852467324366 ], [ 36.838974892770587, -1.262849953226221 ], [ 36.839027714141913, -1.262852663185983 ], [ 36.839080017256677, -1.2628605711058 ], [ 36.83913129840743, -1.262873600828671 ], [ 36.839181063728674, -1.262891626871794 ], [ 36.839228833953051, -1.262914475635021 ], [ 36.839274149026984, -1.26294192707276 ], [ 36.839316572541193, -1.262973716813047 ], [ 36.839395572572997, -1.263039216795708 ], [ 36.839431613000706, -1.263071949295286 ], [ 36.839446118281302, -1.263087728669848 ], [ 36.839463432932284, -1.26308067560108 ], [ 36.839517862939736, -1.263064954957977 ], [ 36.839573631339178, -1.263055069156611 ], [ 36.839683231307419, -1.263041569120835 ], [ 36.83973488848072, -1.263037730181061 ], [ 36.839786673232361, -1.263038900137582 ], [ 36.839838107231522, -1.263045068184123 ], [ 36.839888715387161, -1.263056177347555 ], [ 36.839938030236354, -1.263072125014056 ], [ 36.839985596262224, -1.263092763876967 ], [ 36.840059296274909, -1.263129063852237 ], [ 36.840108655932468, -1.263156691342939 ], [ 36.840154871992873, -1.26318936615781 ], [ 36.840197436920917, -1.263226729469535 ], [ 36.840210661060148, -1.263241052618826 ], [ 36.840252523011429, -1.26325288863953 ], [ 36.840302720263686, -1.263256244557808 ], [ 36.840353790836645, -1.263262131661471 ], [ 36.840544990820469, -1.26329353158917 ], [ 36.840597587955877, -1.263304907595287 ], [ 36.840675887955747, -1.263326007565904 ], [ 36.840800213436019, -1.263359568333599 ], [ 36.840843525571358, -1.26337325242263 ], [ 36.840925866848927, -1.263403156537685 ], [ 36.841053687329655, -1.263397059673126 ], [ 36.84112257003865, -1.26339821074738 ], [ 36.841291170013641, -1.263411910684638 ], [ 36.841293435068749, -1.263412099575455 ], [ 36.841422579884906, -1.263423145415091 ], [ 36.841608894943647, -1.263431258307303 ], [ 36.841681334447991, -1.263439377860789 ], [ 36.841836043046222, -1.263467484292951 ], [ 36.842100044337798, -1.263480834563196 ], [ 36.842107475921637, -1.263481262173741 ], [ 36.842397292711688, -1.263499959934109 ], [ 36.842401785918632, -1.263449815395633 ], [ 36.842417885930871, -1.263332115439681 ], [ 36.842428537330619, -1.263276173899363 ], [ 36.84244495817854, -1.26322166491272 ], [ 36.842466967419739, -1.263169189490755 ], [ 36.842494322382315, -1.263119326222647 ], [ 36.842526721453019, -1.263072624896207 ], [ 36.842583021425995, -1.262999924913343 ], [ 36.842623538734379, -1.262953350854817 ], [ 36.84266906437631, -1.262911726364336 ], [ 36.842750464335261, -1.262845426367003 ], [ 36.842791347792229, -1.262815216807791 ], [ 36.842834871643703, -1.262789009060999 ], [ 36.842880650449011, -1.262767035218933 ], [ 36.842928278797906, -1.26274948987911 ], [ 36.843029378758274, -1.262717589854105 ], [ 36.843082192614652, -1.262703837708509 ], [ 36.843136117163816, -1.262695529647179 ], [ 36.843190599920867, -1.262692750791112 ], [ 36.84331741989341, -1.262692750746504 ], [ 36.843449365816035, -1.26267478983907 ], [ 36.843612449145802, -1.262639347657269 ], [ 36.843787721257918, -1.262591537667249 ], [ 36.843834100531112, -1.262581072109562 ], [ 36.843881215567329, -1.26257476003128 ], [ 36.843928699922728, -1.262572650525851 ], [ 36.84403188686143, -1.262572650490391 ], [ 36.844103767747455, -1.262551514821122 ], [ 36.844152793501713, -1.262539574426966 ], [ 36.844202713628142, -1.262532299400399 ], [ 36.844253090867191, -1.262529753465169 ], [ 36.844303483955287, -1.262531958922087 ], [ 36.844384780847818, -1.262539365177709 ], [ 36.844577635453966, -1.262547416319774 ], [ 36.844633859150036, -1.262552743905879 ], [ 36.844689220329087, -1.262563963573246 ], [ 36.844743111166984, -1.262580952138999 ], [ 36.844794939982677, -1.262603523082109 ], [ 36.844834718089423, -1.262623397633207 ], [ 36.844863451172614, -1.262625196054051 ], [ 36.844904091969767, -1.262629300575282 ], [ 36.844944307221425, -1.262636491076464 ], [ 36.844988895503313, -1.262646230859634 ], [ 36.845008464076194, -1.262632633642917 ], [ 36.845055000702594, -1.262606709865381 ], [ 36.845103849514622, -1.262585529196566 ], [ 36.845106069569553, -1.262584818253652 ], [ 36.845142930813132, -1.26253566991506 ], [ 36.84518974488595, -1.262442109904032 ], [ 36.845214136654853, -1.262398495168698 ], [ 36.845242418529722, -1.262357328798159 ], [ 36.845274349748557, -1.262318961239589 ], [ 36.845309658482741, -1.262283719114059 ], [ 36.845404058435001, -1.262197819122448 ], [ 36.845442556706701, -1.262165917589008 ], [ 36.845483819738483, -1.262137734002608 ], [ 36.845527494272552, -1.262113509646772 ], [ 36.845573206405874, -1.262093451909577 ], [ 36.845684806359053, -1.262050551885818 ], [ 36.845733046963666, -1.262034585373003 ], [ 36.845782566486761, -1.262023259569983 ], [ 36.845832925289585, -1.262016675028728 ], [ 36.845883676282114, -1.262014890207858 ], [ 36.845934368892351, -1.262017920953676 ], [ 36.845984553066508, -1.262025740359416 ], [ 36.84603378326468, -1.262038279004117 ], [ 36.846081622416321, -1.262055425568959 ], [ 36.846127645800649, -1.262077027825503 ], [ 36.846141423085356, -1.26208516420622 ], [ 36.846161671900788, -1.262086166283791 ], [ 36.846214033850032, -1.262093990706854 ], [ 36.846265380590772, -1.26210694752844 ], [ 36.846315216770897, -1.262124911752071 ], [ 36.846363061610873, -1.262147710073874 ], [ 36.846474661633771, -1.262207810037916 ], [ 36.846504535932517, -1.262225157993538 ], [ 36.846551640602598, -1.262254572678486 ], [ 36.846564922787699, -1.262261213765465 ], [ 36.846674268999983, -1.262289974928764 ], [ 36.846678893765507, -1.262291213477158 ], [ 36.846962093765626, -1.262368413371245 ], [ 36.847015053758426, -1.262385853954728 ], [ 36.847065941518096, -1.26240870508366 ], [ 36.84711421307005, -1.262436722487138 ], [ 36.847311613126472, -1.262565422430702 ], [ 36.847318696597384, -1.262570582638872 ], [ 36.84735704247376, -1.262544954415904 ], [ 36.847429842438814, -1.262500954409304 ], [ 36.847477245626415, -1.262475450858719 ], [ 36.84752693703286, -1.262454826514798 ], [ 36.847578422406983, -1.262439286516297 ], [ 36.847631189654031, -1.262428985431045 ], [ 36.847684713929119, -1.262424025718425 ], [ 36.847760513911162, -1.262420825692013 ], [ 36.847825907047437, -1.262422062885208 ], [ 36.847890669764219, -1.262431263571691 ], [ 36.847978469759568, -1.26244926353858 ], [ 36.848034396883399, -1.262463911641972 ], [ 36.848088444217375, -1.262484502632895 ], [ 36.848139990356003, -1.262510799768576 ], [ 36.84818844265093, -1.262542500700176 ], [ 36.848233244024918, -1.262579240948967 ], [ 36.848278644045408, -1.262620740940596 ], [ 36.848316091446655, -1.262658517173481 ], [ 36.848349669890602, -1.262699813896244 ], [ 36.848379054423212, -1.262744231462267 ], [ 36.848420754456683, -1.262814531468745 ], [ 36.848440804321299, -1.262851525635898 ], [ 36.848443316281987, -1.262856621914255 ], [ 36.848460161273664, -1.262879300654399 ], [ 36.848494879168484, -1.262932235242999 ], [ 36.848535246512405, -1.263002386681126 ], [ 36.84856070400776, -1.263038172621874 ], [ 36.848576699975041, -1.263053552319136 ], [ 36.848629970248005, -1.263101118165999 ], [ 36.848644488197458, -1.263114567440921 ], [ 36.84871379317547, -1.263181170284774 ], [ 36.848814204895334, -1.263255035563808 ], [ 36.848917735752401, -1.263315902559554 ], [ 36.848953547442981, -1.263338908487835 ], [ 36.84902814746669, -1.263391108467771 ], [ 36.849067615900552, -1.263421536694659 ], [ 36.849104130583292, -1.263455496018216 ], [ 36.849137380795916, -1.263492697464645 ], [ 36.849167083598132, -1.263532824471532 ], [ 36.849192986235984, -1.263575535581543 ], [ 36.849204562609778, -1.263599306058317 ], [ 36.849261220820317, -1.26358600396295 ], [ 36.849370710235917, -1.263542477390381 ], [ 36.849435854041367, -1.263521285549925 ], [ 36.849623753973063, -1.263473185498504 ], [ 36.849667850541458, -1.263463853628558 ], [ 36.849730843844533, -1.263453268667232 ], [ 36.849768166064329, -1.263429423899269 ], [ 36.849811389731066, -1.263404550501414 ], [ 36.84985670955691, -1.263383797975998 ], [ 36.849894434288565, -1.26337059887697 ], [ 36.849911394900346, -1.263332616395396 ], [ 36.849937057477504, -1.263287347762175 ], [ 36.84996691799445, -1.263244766889962 ], [ 36.850000700795064, -1.263205266862551 ], [ 36.850038094014877, -1.26316921232305 ], [ 36.850175393945605, -1.263049012332512 ], [ 36.85021875700167, -1.263014806300045 ], [ 36.850265363085249, -1.262985234693043 ], [ 36.850314725171913, -1.262960606529541 ], [ 36.850366327437492, -1.262941179169643 ], [ 36.850419630648325, -1.262927155626061 ], [ 36.850474077796122, -1.262918682442747 ], [ 36.850529099918553, -1.262915848163483 ], [ 36.850666399890045, -1.262915848114397 ], [ 36.850720707869442, -1.262918609071749 ], [ 36.850774463018219, -1.262926863880418 ], [ 36.850827118129239, -1.262940528510163 ], [ 36.850878137193156, -1.262959463860762 ], [ 36.850927000854867, -1.262983477177975 ], [ 36.851081500888426, -1.263069377129055 ], [ 36.851121386673491, -1.263093882496876 ], [ 36.851178985453089, -1.263132817458185 ], [ 36.851237944562421, -1.263170068868082 ], [ 36.851279123006478, -1.263198857541664 ], [ 36.851347503647638, -1.263251573645712 ], [ 36.85138317600309, -1.263264979873658 ], [ 36.851426943560924, -1.263286121820656 ], [ 36.85147585531849, -1.26331253975461 ], [ 36.851627416742886, -1.263377865009351 ], [ 36.851773867443896, -1.263435534657624 ], [ 36.851809712180724, -1.263451180220817 ], [ 36.851956212204342, -1.263521580171387 ], [ 36.851999263169638, -1.263544733395419 ], [ 36.85200755755401, -1.263550218888793 ], [ 36.852060258048972, -1.263485845577991 ], [ 36.852111180560314, -1.263431700944046 ], [ 36.852198280516397, -1.263351000952646 ], [ 36.852241001599928, -1.263315329401544 ], [ 36.852287141480879, -1.263284269700371 ], [ 36.852336210728616, -1.263258151316695 ], [ 36.85238768883908, -1.263237251302922 ], [ 36.852441029756029, -1.263221791357462 ], [ 36.852495667663355, -1.263211935472984 ], [ 36.852551022986958, -1.263207788196847 ], [ 36.852716722949886, -1.263203988138471 ], [ 36.852745342875679, -1.263204096826431 ], [ 36.85278993068939, -1.263205458271504 ], [ 36.852829993769426, -1.26318937712479 ], [ 36.852995693703129, -1.263133577085737 ], [ 36.853062220415055, -1.26311583758979 ], [ 36.853206020367118, -1.263087237547091 ], [ 36.853254683961175, -1.263079864039544 ], [ 36.853303812925112, -1.263076988927251 ], [ 36.853415912900857, -1.263075588887505 ], [ 36.853460039530532, -1.263076857553685 ], [ 36.853503914983797, -1.263081756695831 ], [ 36.853547244904249, -1.263090253446396 ], [ 36.853698544900226, -1.263126453389633 ], [ 36.853740093661763, -1.263138181477403 ], [ 36.85378057703528, -1.26315321752 ], [ 36.853939746202904, -1.263219736964091 ], [ 36.854043096443782, -1.263232729191508 ], [ 36.854062625751951, -1.263235550518837 ], [ 36.854172225742523, -1.263253450477639 ], [ 36.854230519466192, -1.263266340725829 ], [ 36.854330694992875, -1.263294425612968 ], [ 36.854444044160765, -1.263320671398868 ], [ 36.854559716705168, -1.263341502576339 ], [ 36.854692672709625, -1.263361349681353 ], [ 36.854781983288028, -1.263354625087403 ], [ 36.854970755374602, -1.263325506878863 ], [ 36.855011459355197, -1.263320813902765 ], [ 36.855052399921369, -1.263319246549365 ], [ 36.855215499887493, -1.263319246491158 ], [ 36.855262481731785, -1.263321311449534 ], [ 36.855309105884388, -1.263327490639945 ], [ 36.855355017373796, -1.26333773701767 ], [ 36.855399866654274, -1.263351972572641 ], [ 36.85591486669194, -1.263540672386737 ], [ 36.855938674278164, -1.263550045057061 ], [ 36.855950208940335, -1.263554906594282 ], [ 36.856112934004614, -1.263492252639077 ], [ 36.856157143291803, -1.263477402333629 ], [ 36.856202461992602, -1.263466451789318 ], [ 36.85624855121381, -1.263459482894666 ], [ 36.856488851146743, -1.263433782815633 ], [ 36.8565410228993, -1.263430767327028 ], [ 36.85659323956623, -1.263432851494252 ], [ 36.856645010235077, -1.263440015723601 ], [ 36.856695848186334, -1.26345219266148 ], [ 36.85690184818931, -1.263512292585101 ], [ 36.856907096528779, -1.263513852888416 ], [ 36.857151220680215, -1.263587788033055 ], [ 36.857290914298098, -1.263607710989532 ], [ 36.857347308889672, -1.263618869123328 ], [ 36.857402202283751, -1.263636008128136 ], [ 36.857454126119734, -1.263658566375885 ], [ 36.857489618785536, -1.263650373298305 ], [ 36.857558619632705, -1.263639125947198 ], [ 36.85782471956017, -1.263613425858888 ], [ 36.85785995201941, -1.263611192107411 ], [ 36.85806851979293, -1.26360486064599 ], [ 36.858186023158311, -1.263567518428567 ], [ 36.858188339600467, -1.263566788039938 ], [ 36.858327150285774, -1.263523365424778 ], [ 36.858319355336199, -1.263461141655449 ], [ 36.858290379667608, -1.263383891894124 ], [ 36.858274212512001, -1.26333346192561 ], [ 36.858263011180263, -1.263281684913644 ], [ 36.858256882561193, -1.263229054942745 ], [ 36.858255885137041, -1.263176074236706 ], [ 36.858260028425441, -1.263123248366231 ], [ 36.85826927288862, -1.263071081424472 ], [ 36.858283530310686, -1.263020071216683 ], [ 36.858302664639446, -1.262970704509969 ], [ 36.858326493284665, -1.262923452388254 ], [ 36.858354788860467, -1.262878765757038 ], [ 36.858387281355171, -1.262837071040476 ], [ 36.858423660707842, -1.262798766112376 ], [ 36.858463579767083, -1.262764216499374 ], [ 36.858506657603698, -1.262733751892938 ], [ 36.85865984854469, -1.262636303575616 ], [ 36.858774068646184, -1.262535548717728 ], [ 36.858782545539455, -1.262528226090543 ], [ 36.858818302026577, -1.262497980449086 ], [ 36.858821357629971, -1.262453782183571 ], [ 36.858830318427401, -1.262400795402231 ], [ 36.85884444513551, -1.26234896126799 ], [ 36.858863599061969, -1.262298788674319 ], [ 36.858887592158624, -1.26225077020219 ], [ 36.858916188867745, -1.262205377284032 ], [ 36.858949108434636, -1.262163055575342 ], [ 36.85898602766401, -1.262124220579334 ], [ 36.859026584092994, -1.262089253567738 ], [ 36.859070379549721, -1.262058497837524 ], [ 36.859116984062403, -1.262032255340485 ], [ 36.859165940080693, -1.262010783718779 ], [ 36.859333640010846, -1.261946983683054 ], [ 36.859334443348764, -1.261946678795617 ], [ 36.859550848904647, -1.261864745384732 ], [ 36.859695644531776, -1.26180647109045 ], [ 36.859763479290251, -1.261766596423681 ], [ 36.859790966138959, -1.261691619047447 ], [ 36.859812371000203, -1.26164122870839 ], [ 36.859838718112904, -1.261593269248426 ], [ 36.859869738567149, -1.261548230162479 ], [ 36.859905115754927, -1.261506571138959 ], [ 36.859944488601606, -1.261468717367955 ], [ 36.859987455251144, -1.261435055201584 ], [ 36.860122230570752, -1.261340066244971 ], [ 36.86023204436033, -1.261253978736878 ], [ 36.86024606543188, -1.261242968319998 ], [ 36.860281819953293, -1.261210509682845 ], [ 36.860324209556822, -1.261179002625242 ], [ 36.86036945355913, -1.26115181264569 ], [ 36.860417119447177, -1.26112919966913 ], [ 36.860466751555713, -1.261111379866328 ], [ 36.860517875423184, -1.261098523587423 ], [ 36.860600641855498, -1.261081989554682 ], [ 36.860607771513294, -1.26107778777933 ], [ 36.860608554690721, -1.261077327113791 ], [ 36.860668854662102, -1.261041927107782 ], [ 36.860719441354121, -1.261015728069673 ], [ 36.860772490056135, -1.260995041974254 ], [ 36.860827409679118, -1.260980099314623 ], [ 36.860883588287408, -1.260971066588314 ], [ 36.860899738741985, -1.260970207450381 ], [ 36.860936478183802, -1.260946595772258 ], [ 36.861018435343041, -1.260844164211688 ], [ 36.861056070575792, -1.260801865015423 ], [ 36.861097892667409, -1.260763757120011 ], [ 36.861143443388322, -1.260730258060452 ], [ 36.861192223655671, -1.260701734874445 ], [ 36.861243699001598, -1.260678500080875 ], [ 36.861376698945804, -1.260626700053174 ], [ 36.861448273397755, -1.260604442398336 ], [ 36.861495417600871, -1.260593326819947 ], [ 36.861520156216798, -1.260576213716434 ], [ 36.86152616022563, -1.260571927991218 ], [ 36.86151943286864, -1.260560954616759 ], [ 36.86149600579121, -1.26051861956582 ], [ 36.861476425912763, -1.260474349166708 ], [ 36.861460849483827, -1.260428496705091 ], [ 36.861430338246443, -1.260323589188977 ], [ 36.861405381045337, -1.260261587201354 ], [ 36.861386515055912, -1.260206340298965 ], [ 36.861373661250802, -1.260149371800384 ], [ 36.861361713582994, -1.260079079578993 ], [ 36.861354766257612, -1.260038487286713 ], [ 36.861349335393179, -1.259997448954995 ], [ 36.861347029959994, -1.259956113269077 ], [ 36.861344529990674, -1.259815613318201 ], [ 36.86134580901065, -1.259767311198829 ], [ 36.861351353471363, -1.25971931525718 ], [ 36.86138915349153, -1.259484015344756 ], [ 36.861397564357318, -1.259442179673629 ], [ 36.861409217289719, -1.259401139111167 ], [ 36.86142901728698, -1.259340539133157 ], [ 36.86145562473461, -1.259259116358902 ], [ 36.861473705477486, -1.259211462898906 ], [ 36.861496153557347, -1.259165729506165 ], [ 36.861522770473719, -1.259122320584986 ], [ 36.861604563830788, -1.259001979053786 ], [ 36.861663539701311, -1.258886243846544 ], [ 36.86169353058029, -1.258834613579507 ], [ 36.861728986195438, -1.258786620068703 ], [ 36.861748186186141, -1.258763420073648 ], [ 36.861748688881974, -1.258762813547818 ], [ 36.86179068886161, -1.258712213558546 ], [ 36.861820457168506, -1.258679206679718 ], [ 36.861852817597281, -1.258648771328206 ], [ 36.861887551615567, -1.258621113036417 ], [ 36.861932551593313, -1.258588213035708 ], [ 36.86197746108644, -1.258558699184662 ], [ 36.862025062753816, -1.258533824168312 ], [ 36.862074885169889, -1.258513834338192 ], [ 36.862126434915766, -1.25849892766515 ], [ 36.862179201465757, -1.258489251778818 ], [ 36.862261001441745, -1.258478451752638 ], [ 36.862261881033788, -1.258478336068831 ], [ 36.862313890124604, -1.258452351098303 ], [ 36.86235281764408, -1.258432887323917 ], [ 36.862384534056936, -1.258418296995423 ], [ 36.862500593474515, -1.25836941110537 ], [ 36.862586779865893, -1.258311953476043 ], [ 36.862596566619892, -1.258305581137109 ], [ 36.86278546652877, -1.258185481123593 ], [ 36.862848510338182, -1.258151078632294 ], [ 36.862960010288781, -1.258099578613359 ], [ 36.862986397918377, -1.258088236423727 ], [ 36.862999306445637, -1.258083092419345 ], [ 36.863061942771921, -1.258058018043923 ], [ 36.863115370380761, -1.258036587173471 ], [ 36.863116264602944, -1.258036229414006 ], [ 36.863157864585375, -1.258019629405567 ], [ 36.86320450464067, -1.258003462346388 ], [ 36.863221353920537, -1.257998477346152 ], [ 36.863320603181002, -1.25796909233237 ], [ 36.863325825927227, -1.257967574780249 ], [ 36.863392632319403, -1.257948529948482 ], [ 36.86346413170309, -1.257928089206113 ], [ 36.86362179765127, -1.257875504667007 ], [ 36.863697943481384, -1.257846233527041 ], [ 36.863723313539076, -1.257833558998826 ], [ 36.86374155941791, -1.25780443621645 ], [ 36.863830163740055, -1.257614976530196 ], [ 36.863845953191245, -1.257583857005996 ], [ 36.863946753151914, -1.257400057063514 ], [ 36.863950063238441, -1.257394110036185 ], [ 36.864044163200823, -1.257227510087489 ], [ 36.864059631433008, -1.257201808311033 ], [ 36.864154431391704, -1.257053708353013 ], [ 36.864163395213417, -1.257040155855108 ], [ 36.864244895176654, -1.256920855887101 ], [ 36.864278458632334, -1.256876747224499 ], [ 36.864316328633926, -1.256836325272019 ], [ 36.864358107928552, -1.256800014052651 ], [ 36.86440335825521, -1.256768194468313 ], [ 36.864542458188311, -1.256680694457829 ], [ 36.864591048345005, -1.256653530826758 ], [ 36.864642159692941, -1.256631548537525 ], [ 36.864695248632053, -1.256614981385642 ], [ 36.864749750529327, -1.256604005573435 ], [ 36.864863350494957, -1.256587205537746 ], [ 36.864921001709533, -1.256581843187153 ], [ 36.864978891783444, -1.25658273611671 ], [ 36.865036352671389, -1.256589874022856 ], [ 36.865152752662894, -1.256610773979282 ], [ 36.865195394600995, -1.256620239002374 ], [ 36.865237135295338, -1.256633147412926 ], [ 36.865405835306085, -1.256692947351997 ], [ 36.865423835133065, -1.25669969778192 ], [ 36.865465438428998, -1.256697061832768 ], [ 36.865631216331387, -1.25667022566256 ], [ 36.86570366061374, -1.256663503958458 ], [ 36.865829960585494, -1.256660403914283 ], [ 36.865872803589824, -1.256661067147599 ], [ 36.866026997755874, -1.256669633435652 ], [ 36.866197199950847, -1.25667181895902 ], [ 36.866310466352445, -1.256644316172726 ], [ 36.866502495009378, -1.25657944034332 ], [ 36.866516633365023, -1.256574880871501 ], [ 36.866771133267015, -1.256496680808326 ], [ 36.866799738144394, -1.256488750836386 ], [ 36.867001087868935, -1.256438890260536 ], [ 36.867151407583137, -1.256382114501079 ], [ 36.867402135348343, -1.256265027961025 ], [ 36.867616713391662, -1.256162744028011 ], [ 36.867650244118686, -1.256148139891151 ], [ 36.867786744061299, -1.256094139863251 ], [ 36.867837667469502, -1.256076890682601 ], [ 36.867890044215869, -1.256064830499417 ], [ 36.868044544166466, -1.25603733045262 ], [ 36.868122657218322, -1.256029273331966 ], [ 36.868289257180528, -1.256024373273953 ], [ 36.868304999920532, -1.256024141806851 ], [ 36.868433377933442, -1.256024141761854 ], [ 36.868458942163095, -1.256022121894395 ], [ 36.868467116574266, -1.25600790409831 ], [ 36.868471280821097, -1.256000786753126 ], [ 36.868524680798942, -1.255911086779843 ], [ 36.868546365800228, -1.255877534011046 ], [ 36.868570449909946, -1.255845681971919 ], [ 36.868637005860116, -1.255764090774405 ], [ 36.868686268571224, -1.255672194522126 ], [ 36.868739366685624, -1.255558679181537 ], [ 36.868770598741641, -1.255452461095485 ], [ 36.868789368435849, -1.25539905124032 ], [ 36.868813570155915, -1.255347902935805 ], [ 36.868873670132913, -1.255236302970982 ], [ 36.868905319755314, -1.2551846550509 ], [ 36.868982519720348, -1.255073155080385 ], [ 36.869018643149616, -1.255026606277651 ], [ 36.869111512868322, -1.25491950649286 ], [ 36.869119440608742, -1.254908137414873 ], [ 36.869137292327693, -1.254857049968965 ], [ 36.869162756366457, -1.254803645214059 ], [ 36.869208956348572, -1.254718945240566 ], [ 36.869235824922093, -1.254674816638207 ], [ 36.86926674956571, -1.254633466119319 ], [ 36.869314151258635, -1.254576007726957 ], [ 36.869359503930468, -1.254492592346854 ], [ 36.869389882863594, -1.25444319735247 ], [ 36.869425335709309, -1.254397355364895 ], [ 36.869481235682052, -1.254332555377734 ], [ 36.869524126320982, -1.254288219511276 ], [ 36.869625526270269, -1.254194719520965 ], [ 36.869668491245122, -1.25415903167266 ], [ 36.869770049351757, -1.254083202876368 ], [ 36.869990239413504, -1.253913916885642 ], [ 36.870034486078531, -1.253883287735707 ], [ 36.870081541511041, -1.253857242459129 ], [ 36.870244241437902, -1.25377754243408 ], [ 36.870309559010671, -1.253750714307031 ], [ 36.870573458906023, -1.253662114245206 ], [ 36.87061750312656, -1.253649393812176 ], [ 36.870662461693918, -1.253640484855559 ], [ 36.870856561634625, -1.253610584795178 ], [ 36.870908485657807, -1.253605160388068 ], [ 36.870960687515257, -1.253604817460429 ], [ 36.871012677467021, -1.253609559230018 ], [ 36.871206666270531, -1.253636838836828 ], [ 36.871304757518665, -1.253641819684043 ], [ 36.871430369104203, -1.253648104465796 ], [ 36.871506389768847, -1.253645627747374 ], [ 36.871647714952907, -1.25363446855212 ], [ 36.871733443296343, -1.253613659362007 ], [ 36.871772993032629, -1.253605622941082 ], [ 36.871813029267599, -1.253600586964653 ], [ 36.871990385627122, -1.253585037350362 ], [ 36.872048315247099, -1.253576315115669 ], [ 36.872087852992571, -1.253563990444737 ], [ 36.872248846974315, -1.253477295316187 ], [ 36.872302822098128, -1.253451984590969 ], [ 36.872445648066325, -1.253394445242312 ], [ 36.872460444360712, -1.253351621356848 ], [ 36.872476673984465, -1.253310210136494 ], [ 36.87249622256288, -1.253270277751733 ], [ 36.872518958445418, -1.253232093128566 ], [ 36.872603558408315, -1.253102393164656 ], [ 36.872632694423615, -1.25306192026201 ], [ 36.872665407795267, -1.253024318201886 ], [ 36.872701420816263, -1.252989906192111 ], [ 36.872832420750861, -1.252875806200752 ], [ 36.872847900923269, -1.252862824412029 ], [ 36.872936600879171, -1.252791224414582 ], [ 36.872983577281872, -1.252757305099245 ], [ 36.87306597724222, -1.252704305093736 ], [ 36.873106967130042, -1.25268042579855 ], [ 36.87327731399693, -1.252591004359193 ], [ 36.873391043877554, -1.252512955777928 ], [ 36.873585439979827, -1.252349644850827 ], [ 36.87362240663915, -1.252321221409035 ], [ 36.873751706575952, -1.252230421404837 ], [ 36.873793360429083, -1.252203934198009 ], [ 36.873886860385255, -1.252150334188011 ], [ 36.873938554555522, -1.252124290883362 ], [ 36.873992722733028, -1.252103970055795 ], [ 36.874048741736701, -1.25208960548816 ], [ 36.874158441700423, -1.252067705455942 ], [ 36.874210176003757, -1.252059981285586 ], [ 36.874262410561727, -1.252057340420385 ], [ 36.874314653497926, -1.252059807729066 ], [ 36.874366412856958, -1.252067359978279 ], [ 36.874459160659598, -1.25208555569921 ], [ 36.874489925502253, -1.252079388595662 ], [ 36.874523809544556, -1.252073719532152 ], [ 36.874751789673567, -1.252043054912726 ], [ 36.874941923258426, -1.252005247300785 ], [ 36.874974969283429, -1.251998464572589 ], [ 36.875003044204554, -1.251991890545055 ], [ 36.875012359017113, -1.251989670604518 ], [ 36.875080918036204, -1.251951099891019 ], [ 36.875163125982539, -1.251903353792787 ], [ 36.875203616057654, -1.251882086039999 ], [ 36.875245749768744, -1.251864345017342 ], [ 36.87532450205466, -1.251835066131425 ], [ 36.875404749340902, -1.251788969466665 ], [ 36.875469618082349, -1.251757295467151 ], [ 36.87557291803865, -1.251715195446743 ], [ 36.875584686473957, -1.251710560091715 ], [ 36.875692486429401, -1.251669560068912 ], [ 36.875741754402114, -1.251653498864528 ], [ 36.875792326495386, -1.25164227113822 ], [ 36.875824926485116, -1.251636671128312 ], [ 36.875825556695204, -1.251636563258229 ], [ 36.87591995666552, -1.251620463229477 ], [ 36.875968016667784, -1.251614487383109 ], [ 36.876016415601953, -1.251612877495286 ], [ 36.876064762745521, -1.251615646562955 ], [ 36.876236728586512, -1.251633324666604 ], [ 36.8762448983789, -1.251628859777126 ], [ 36.876246993676858, -1.25162388477282 ], [ 36.876286393663392, -1.251542584799569 ], [ 36.876309064774183, -1.251500604113329 ], [ 36.876335318270669, -1.251460794230757 ], [ 36.876364950464492, -1.251423464017865 ], [ 36.876426850434363, -1.251352164031793 ], [ 36.876464327553208, -1.251313123860432 ], [ 36.876505493823764, -1.251278049282801 ], [ 36.876598993777556, -1.251206149283411 ], [ 36.876661258119192, -1.251164807131691 ], [ 36.876671639295928, -1.25115890894835 ], [ 36.876660432744629, -1.251129260506307 ], [ 36.876645611854357, -1.251071814993693 ], [ 36.876611711910122, -1.250902915042665 ], [ 36.876604243069515, -1.250854552609438 ], [ 36.876601135517532, -1.250805709463616 ], [ 36.876602414550689, -1.250756783208931 ], [ 36.876608069756877, -1.250708172125573 ], [ 36.876625069765687, -1.250603272164343 ], [ 36.876637127712442, -1.250547512455922 ], [ 36.876654938752651, -1.250493336205526 ], [ 36.876678305782889, -1.250441342946701 ], [ 36.876706970215281, -1.250392108055333 ], [ 36.876800270174364, -1.250249608094777 ], [ 36.87681739888405, -1.250224962218146 ], [ 36.876895798847706, -1.25011856224442 ], [ 36.876929210988116, -1.250077567482651 ], [ 36.877006410950294, -1.24999176749828 ], [ 36.87703588299447, -1.249961480134461 ], [ 36.877067614953802, -1.249933601727694 ], [ 36.877202231260618, -1.249824360642981 ], [ 36.877267597002856, -1.249769860272119 ], [ 36.87728984339622, -1.249741192230999 ], [ 36.877295522734315, -1.249733999883912 ], [ 36.877383822692181, -1.249624099908218 ], [ 36.87739056848811, -1.249615870787015 ], [ 36.877461192668328, -1.249531422676712 ], [ 36.877560099762803, -1.249406767401884 ], [ 36.877646249503137, -1.24929705023424 ], [ 36.877654509419031, -1.249286789943019 ], [ 36.877738109378861, -1.249185489964532 ], [ 36.877777858321743, -1.249142322263852 ], [ 36.877822019827207, -1.249103742948286 ], [ 36.878077976220574, -1.248903575528981 ], [ 36.87823341965376, -1.248769585489079 ], [ 36.878285772305645, -1.248729753130268 ], [ 36.878401179756871, -1.248652588942807 ], [ 36.878489942655392, -1.248568559059256 ], [ 36.878532029487396, -1.248532621213257 ], [ 36.878577547318834, -1.248501204038544 ], [ 36.878707547256987, -1.2484210040279 ], [ 36.878746916925707, -1.248398939765414 ], [ 36.878787980233596, -1.248380262737311 ], [ 36.878914380180333, -1.248329062712208 ], [ 36.878956960652147, -1.248313869184299 ], [ 36.879000655763384, -1.248302318274941 ], [ 36.879045158501953, -1.248294491143821 ], [ 36.879199658456905, -1.248273991094804 ], [ 36.879257581039163, -1.248269484260198 ], [ 36.879315649082848, -1.248271278609375 ], [ 36.879373187893734, -1.248279353294478 ], [ 36.879429528926593, -1.248293614496188 ], [ 36.879515786521395, -1.248320499130845 ], [ 36.879571974727128, -1.248315800444933 ], [ 36.879630129006102, -1.248314108707028 ], [ 36.879688125644194, -1.248318735918036 ], [ 36.879745288846486, -1.248329628160955 ], [ 36.879800952529351, -1.248346658516677 ], [ 36.879879439706365, -1.248375414139901 ], [ 36.879982124783382, -1.248412475605803 ], [ 36.880036842193, -1.248435723549502 ], [ 36.880088685875855, -1.248464890086779 ], [ 36.880137026253323, -1.248499621026245 ], [ 36.880237926291706, -1.248580921003491 ], [ 36.880274157182967, -1.248612890790545 ], [ 36.880307406491276, -1.24864798963809 ], [ 36.880406206547697, -1.248762089630227 ], [ 36.880422590972671, -1.248781945934799 ], [ 36.880479059121662, -1.248853790946926 ], [ 36.880521479465358, -1.248891014774432 ], [ 36.880526813445194, -1.248895758096345 ], [ 36.880710682685034, -1.249061455316133 ], [ 36.880733023626917, -1.249028819325845 ], [ 36.88083602112367, -1.24887305268659 ], [ 36.880866601618955, -1.248831283308182 ], [ 36.880901007012696, -1.248792645551948 ], [ 36.880938922553561, -1.248757492888506 ], [ 36.881102022472547, -1.248620192896477 ], [ 36.881155269744539, -1.24858069450522 ], [ 36.881303169673465, -1.248484494496002 ], [ 36.881346630094477, -1.248459037201777 ], [ 36.88139225860261, -1.248437767427814 ], [ 36.88154605853758, -1.248374667397718 ], [ 36.881598884345763, -1.248356149506309 ], [ 36.88165333260028, -1.248343242258303 ], [ 36.88170881678046, -1.248336084692173 ], [ 36.881764739206503, -1.248334753910379 ], [ 36.881820497477648, -1.248339264248855 ], [ 36.882027597455355, -1.248366964172267 ], [ 36.88207997092421, -1.248376639990248 ], [ 36.882131140160375, -1.248391470254846 ], [ 36.882180605695794, -1.248411310206923 ], [ 36.882329105717062, -1.248479610156758 ], [ 36.882377351305244, -1.248504834207111 ], [ 36.882529961375702, -1.248594738092155 ], [ 36.882691774836324, -1.248681795557559 ], [ 36.882726594646073, -1.248702249942809 ], [ 36.882759797909038, -1.248725266849423 ], [ 36.882983597986275, -1.248893166794224 ], [ 36.883003386332838, -1.248908747570876 ], [ 36.8830165196499, -1.2489195943771 ], [ 36.883021798170972, -1.248920865243692 ], [ 36.883080735143366, -1.248942608056307 ], [ 36.88323693780994, -1.249010864037914 ], [ 36.883359222964039, -1.249027586229535 ], [ 36.883639374479031, -1.249060493127778 ], [ 36.883709113273291, -1.249073411633381 ], [ 36.883893691123639, -1.249120421137501 ], [ 36.883894845101601, -1.249120277047399 ], [ 36.883901149541678, -1.249114372512673 ], [ 36.883946272057379, -1.249076513674426 ], [ 36.883995220247385, -1.249043822447301 ], [ 36.884129620184183, -1.248964322434412 ], [ 36.884173847063217, -1.248940868018343 ], [ 36.884268576125322, -1.248896151630137 ], [ 36.884392155411064, -1.248817602771199 ], [ 36.884548284935214, -1.248712712234578 ], [ 36.884570480943502, -1.248698575125854 ], [ 36.884764980851649, -1.248581275108493 ], [ 36.884822795727992, -1.24855102925023 ], [ 36.884883814448735, -1.248528026545324 ], [ 36.8851278143553, -1.248452626485516 ], [ 36.885174310988532, -1.248440511438912 ], [ 36.885221694590825, -1.24843261080274 ], [ 36.885269588870209, -1.248428987319514 ], [ 36.885497888818549, -1.248421987240734 ], [ 36.885554090538655, -1.248423216084072 ], [ 36.885609859382718, -1.248430330264404 ], [ 36.885664588644396, -1.248443252387571 ], [ 36.885717682926767, -1.248461841875094 ], [ 36.88582288938948, -1.248504990644671 ], [ 36.885908445842382, -1.248531861558107 ], [ 36.885954355807527, -1.248548613206937 ], [ 36.885998570855229, -1.248569478579931 ], [ 36.886040727997347, -1.24859428638108 ], [ 36.886132205175159, -1.248653872390393 ], [ 36.886230403899582, -1.248701483852681 ], [ 36.886280362782934, -1.248729071793281 ], [ 36.886327148461092, -1.24876181453584 ], [ 36.886445448504205, -1.248854314508093 ], [ 36.88647803360778, -1.248881939271209 ], [ 36.886508349015607, -1.248912068224293 ], [ 36.886559680194686, -1.248967283889557 ], [ 36.886695240412429, -1.248933466789808 ], [ 36.886730036553367, -1.248926004111005 ], [ 36.886838933864368, -1.248906406477387 ], [ 36.886882347111033, -1.248864479757426 ], [ 36.886919328887792, -1.24883189074931 ], [ 36.886959106710087, -1.248802828363745 ], [ 36.887001349733112, -1.248777534322205 ], [ 36.887045706608149, -1.248756219003724 ], [ 36.88724390652348, -1.248671918966663 ], [ 36.887257457312096, -1.248666372352354 ], [ 36.887358515324138, -1.248626607217696 ], [ 36.887380113247637, -1.248608690749161 ], [ 36.887420316612832, -1.248578392425824 ], [ 36.88749661657593, -1.248526292422537 ], [ 36.887537728123569, -1.248500848321325 ], [ 36.887580936288565, -1.2484792078157 ], [ 36.887625894605868, -1.248461544430619 ], [ 36.887672242576805, -1.248447999800492 ], [ 36.887862442509814, -1.248401599748436 ], [ 36.887876196792838, -1.248398715095174 ], [ 36.887885143332539, -1.248335751435136 ], [ 36.887885327451642, -1.248334876870031 ], [ 36.887878727390806, -1.24829801378584 ], [ 36.887874457145436, -1.248248024572165 ], [ 36.887866057194799, -1.248034124644959 ], [ 36.887866243210986, -1.247986971755252 ], [ 36.887870496935214, -1.247940013262943 ], [ 36.887878786227098, -1.24789360397609 ], [ 36.887907986231866, -1.247763004024068 ], [ 36.887921830931781, -1.247712574312482 ], [ 36.887940438044062, -1.247663721553806 ], [ 36.88796363448261, -1.247616900183503 ], [ 36.887991204470786, -1.247572545740776 ], [ 36.888061004439514, -1.247471445767385 ], [ 36.888098646555449, -1.247423028901957 ], [ 36.88814148990533, -1.247379209826282 ], [ 36.888220224012983, -1.247307326214752 ], [ 36.888259481127896, -1.24726957556626 ], [ 36.888293049344426, -1.247239875188438 ], [ 36.88832894708392, -1.247213076304897 ], [ 36.888357484344745, -1.247195259039863 ], [ 36.888359983724364, -1.247169369993871 ], [ 36.888367222626073, -1.247127998714479 ], [ 36.888395422631739, -1.246996798762706 ], [ 36.888407054558805, -1.246952019732243 ], [ 36.888422436657869, -1.246908401691121 ], [ 36.888477222694831, -1.246771832178727 ], [ 36.888529117997564, -1.246640166395444 ], [ 36.888545918485441, -1.246601913474286 ], [ 36.888565597093653, -1.246565076999476 ], [ 36.888612897074488, -1.246484177023627 ], [ 36.888643170359664, -1.246437966867886 ], [ 36.888677964655074, -1.246395102292008 ], [ 36.888716917697927, -1.246356029583302 ], [ 36.888759623926475, -1.246321155549835 ], [ 36.888805638702422, -1.246290843285081 ], [ 36.88888033866742, -1.246246943277771 ], [ 36.888929236412061, -1.246221483914623 ], [ 36.888980459472698, -1.246201177972854 ], [ 36.889033473398548, -1.246186237321059 ], [ 36.889087725053216, -1.246176817847491 ], [ 36.889142648386013, -1.246173017833643 ], [ 36.889238948365112, -1.246171317800188 ], [ 36.889289975876068, -1.246172850790419 ], [ 36.889368215089206, -1.246178943557019 ], [ 36.889483452388411, -1.246186762841232 ], [ 36.889528530366086, -1.246191746170931 ], [ 36.889573032547048, -1.24620052604555 ], [ 36.889616643866866, -1.246213040306062 ], [ 36.889633014129984, -1.246218497054493 ], [ 36.889646194142031, -1.246178854851622 ], [ 36.889664587678688, -1.246131139911709 ], [ 36.889687367112209, -1.24608538206406 ], [ 36.889714329670717, -1.246041988623722 ], [ 36.889745235346147, -1.246001345858913 ], [ 36.889777133434336, -1.245963264062925 ], [ 36.889824223628182, -1.245891593050764 ], [ 36.889892951797755, -1.245780906507786 ], [ 36.88992295357675, -1.245737457755381 ], [ 36.889957018215263, -1.245697157539914 ], [ 36.89001802167752, -1.245631739810399 ], [ 36.890084174379382, -1.24553995291748 ], [ 36.890149798658527, -1.245423197052077 ], [ 36.890161202607835, -1.245403854606174 ], [ 36.890195248822813, -1.245348744442447 ], [ 36.890237579729089, -1.245175839025785 ], [ 36.890279597107309, -1.24497478925007 ], [ 36.890290258997091, -1.244917771360557 ], [ 36.890296897136146, -1.244850007148542 ], [ 36.890293403884726, -1.244817192813539 ], [ 36.890290422123002, -1.244769069273617 ], [ 36.8902869221656, -1.244571469341775 ], [ 36.890286836682492, -1.244561404561055 ], [ 36.890286936710496, -1.244423304609235 ], [ 36.890289129192979, -1.244374818155207 ], [ 36.890295618851113, -1.244326723030193 ], [ 36.890306353731091, -1.244279404264631 ], [ 36.89032124789361, -1.244233240673728 ], [ 36.890370647883039, -1.244100640720267 ], [ 36.890390963532163, -1.244053132178303 ], [ 36.890415682225672, -1.244007786972604 ], [ 36.890444579249035, -1.243965017330855 ], [ 36.890477391903062, -1.243925212066644 ], [ 36.890530491877172, -1.243866712077055 ], [ 36.890565307641268, -1.243831708131815 ], [ 36.890603150376819, -1.243800046277689 ], [ 36.890643704602773, -1.243771990468306 ], [ 36.890686632233404, -1.243747774595068 ], [ 36.890744632207344, -1.243718474586715 ], [ 36.890791678512912, -1.243697475243508 ], [ 36.89084050031699, -1.243681088078284 ], [ 36.890890652456086, -1.243669462511793 ], [ 36.890941677636484, -1.243662704547981 ], [ 36.890993110603894, -1.24366087580733 ], [ 36.89114471057421, -1.243662775753779 ], [ 36.891211689240194, -1.243667827894281 ], [ 36.891309589230069, -1.243681427858197 ], [ 36.89138443585901, -1.243697341337432 ], [ 36.891499835860358, -1.243730641295292 ], [ 36.891506060901953, -1.243732478477759 ], [ 36.891907921856543, -1.243853726964933 ], [ 36.892008256387797, -1.243879183930915 ], [ 36.892079840457491, -1.243887128448286 ], [ 36.892151639995362, -1.243877901597887 ], [ 36.892184339731578, -1.243875652193693 ], [ 36.892286957411024, -1.243846340947806 ], [ 36.892331681434705, -1.243835617795298 ], [ 36.892377150726517, -1.24382877006924 ], [ 36.892543968335104, -1.243810928928987 ], [ 36.89258686041871, -1.243793767083516 ], [ 36.892726090752305, -1.243694275350449 ], [ 36.892777176229202, -1.243661940823204 ], [ 36.892831532919239, -1.243635557115469 ], [ 36.892855526460245, -1.243625536197012 ], [ 36.892867873150379, -1.243584968509788 ], [ 36.892903176104404, -1.243467921846927 ], [ 36.892913699204847, -1.24343651781552 ], [ 36.892955499196134, -1.243323317855273 ], [ 36.892979115492743, -1.243268738159498 ], [ 36.893008531586119, -1.243217091716002 ], [ 36.893043393213894, -1.243169000510725 ], [ 36.893072828139367, -1.243132753495242 ], [ 36.893144235059374, -1.242983389210416 ], [ 36.893147108854137, -1.24297747025357 ], [ 36.89321420883094, -1.242841370297694 ], [ 36.893239647650539, -1.24279549552404 ], [ 36.893269376138456, -1.242752312665458 ], [ 36.893303115460959, -1.242712226749062 ], [ 36.893340549165359, -1.242675613754727 ], [ 36.893381326148109, -1.242642817088667 ], [ 36.893425063947895, -1.242614144362491 ], [ 36.893471352332888, -1.242589864507976 ], [ 36.893629752263564, -1.242516364481668 ], [ 36.893679301321853, -1.242496305625783 ], [ 36.893730579519158, -1.242481280985948 ], [ 36.893783083348175, -1.242471438091599 ], [ 36.893836297266859, -1.242466873591983 ], [ 36.894013375628965, -1.242460552528357 ], [ 36.894369648908864, -1.242422380264097 ], [ 36.894415822333052, -1.242419443043925 ], [ 36.894462075914355, -1.242420502330176 ], [ 36.894706194081337, -1.242436664414093 ], [ 36.894851411268519, -1.242445142759653 ], [ 36.894902023599407, -1.242450520284575 ], [ 36.894951906335002, -1.242460678773679 ], [ 36.895000614684974, -1.242475527647085 ], [ 36.895047714330587, -1.242494934502017 ], [ 36.895122258523102, -1.24252987197357 ], [ 36.89514968409182, -1.242521369939698 ], [ 36.895199797764768, -1.242510945676742 ], [ 36.895250667801925, -1.242505352034059 ], [ 36.895301835620216, -1.242504639437705 ], [ 36.895352839952061, -1.242508814312056 ], [ 36.895550239930351, -1.242534514239557 ], [ 36.895600032893029, -1.242543404680177 ], [ 36.895648778794353, -1.242556953182794 ], [ 36.895696048484005, -1.242575040469265 ], [ 36.895833348501242, -1.242635140422485 ], [ 36.895874118260174, -1.242655078458919 ], [ 36.895913079331677, -1.242678393995628 ], [ 36.895949956144747, -1.242704922122601 ], [ 36.896070156188607, -1.242799322094707 ], [ 36.896108243498738, -1.242832217396621 ], [ 36.896143125589582, -1.242868535905583 ], [ 36.89619323302685, -1.242925819391864 ], [ 36.896252860379583, -1.24295561374633 ], [ 36.896254101216719, -1.242956234164122 ], [ 36.896269208636291, -1.242941605203601 ], [ 36.896278740564966, -1.242917712894329 ], [ 36.896303515312979, -1.242869955260545 ], [ 36.896332874518656, -1.242824906616323 ], [ 36.896366528594278, -1.242783011304079 ], [ 36.89640414558923, -1.242744682563093 ], [ 36.896445354464227, -1.242710298453376 ], [ 36.896489748751122, -1.242680198126755 ], [ 36.896536890562082, -1.242654678481522 ], [ 36.896629172840633, -1.242610521420132 ], [ 36.896740961667348, -1.242547040670985 ], [ 36.89679515584502, -1.242520178197889 ], [ 36.896851996322731, -1.242499588645431 ], [ 36.89694709628688, -1.242471088621844 ], [ 36.896996559015584, -1.242458794297258 ], [ 36.897046954138865, -1.242451255770124 ], [ 36.897097831325446, -1.242448540405222 ], [ 36.897148735936256, -1.242450672467613 ], [ 36.897215635926877, -1.242456672443291 ], [ 36.897220791565886, -1.24245715996805 ], [ 36.897417891539668, -1.2424767598962 ], [ 36.897458101167906, -1.242482303893354 ], [ 36.897621769332311, -1.242511226018941 ], [ 36.897747048842554, -1.242506947647387 ], [ 36.897850223706349, -1.242476732112195 ], [ 36.897910527046704, -1.242462794620388 ], [ 36.897972020084168, -1.242455905249571 ], [ 36.898212048919731, -1.24244298629763 ], [ 36.898462001317071, -1.242414119879016 ], [ 36.898637908152295, -1.242371039237668 ], [ 36.89919436838791, -1.242098065424899 ], [ 36.89923282792482, -1.242081032823058 ], [ 36.899272488877074, -1.242067067494483 ], [ 36.899308343161707, -1.242056001344658 ], [ 36.899462508120749, -1.241988602150334 ], [ 36.899590907125059, -1.241920455908758 ], [ 36.899644146372061, -1.241895824020591 ], [ 36.899681174477131, -1.241881090023324 ], [ 36.899756398641308, -1.241809203586828 ], [ 36.899773772476053, -1.241794161333486 ], [ 36.899787712331737, -1.241781516135705 ], [ 36.89979211615934, -1.24177827938537 ], [ 36.899796496165706, -1.241774487178828 ], [ 36.899816814680463, -1.241760126324836 ], [ 36.899832429765688, -1.241748649459565 ], [ 36.899836104532753, -1.241746492515124 ], [ 36.899839781437102, -1.241743893728233 ], [ 36.899863450789859, -1.241730441332056 ], [ 36.899880261560746, -1.241720574066792 ], [ 36.899883040275142, -1.24171930771422 ], [ 36.899885837595271, -1.241717717866732 ], [ 36.899913866147998, -1.241705259338169 ], [ 36.899930702870023, -1.241697586283308 ], [ 36.899932450496088, -1.241696998703225 ], [ 36.899934221094831, -1.24169621168233 ], [ 36.899970743499075, -1.241684123977113 ], [ 36.899983221304083, -1.241679928737303 ], [ 36.899983837445731, -1.241679790314555 ], [ 36.899984465976857, -1.241679582291574 ], [ 36.900036088356217, -1.24166798984493 ], [ 36.900036694168264, -1.241667915491307 ], [ 36.900037262550171, -1.241667787798274 ], [ 36.900456023328722, -1.241596209783946 ], [ 36.900819772977741, -1.241434353023507 ], [ 36.900870968486394, -1.2414146400802 ], [ 36.900923888553884, -1.241400262838742 ], [ 36.900977985811586, -1.241391370008001 ], [ 36.901282785727084, -1.241357169910351 ], [ 36.901332230610457, -1.241353928607692 ], [ 36.901381762292601, -1.241355271405657 ], [ 36.901430962133951, -1.241361186955425 ], [ 36.901479414299509, -1.241371625259442 ], [ 36.90152670927354, -1.241386498094029 ], [ 36.901828309294842, -1.241496897987407 ], [ 36.901854422812143, -1.241508185506583 ], [ 36.901851353609864, -1.241498937557002 ], [ 36.901703653803494, -1.240970237690885 ], [ 36.901691683050274, -1.240917379549994 ], [ 36.901685013995944, -1.24086358276029 ], [ 36.901663214070389, -1.240568182857508 ], [ 36.901661992980451, -1.240511165899089 ], [ 36.901666725917536, -1.240454334999039 ], [ 36.901677360570822, -1.240398318277165 ], [ 36.901693779401292, -1.240343734854542 ], [ 36.901782479384387, -1.240096534941441 ], [ 36.901802201502996, -1.240048818374615 ], [ 36.901826345560877, -1.240003207332423 ], [ 36.901854692420443, -1.239960115792348 ], [ 36.901886984798452, -1.239919934864247 ], [ 36.901922929601184, -1.239883029240562 ], [ 36.901962200584613, -1.239849733886342 ], [ 36.902004441315441, -1.239820350998947 ], [ 36.902049268406223, -1.23979514726522 ], [ 36.902096274995017, -1.239774351441073 ], [ 36.902410274866043, -1.239653051376497 ], [ 36.902453775562499, -1.239638352671557 ], [ 36.902746550890726, -1.239553198682763 ], [ 36.902942690076863, -1.239452606120323 ], [ 36.90321715877797, -1.239207737627122 ], [ 36.903444694746319, -1.238920879065194 ], [ 36.903604689608905, -1.238718911734277 ], [ 36.903641884934721, -1.238676669076397 ], [ 36.903683239987984, -1.238638545175192 ], [ 36.903728307036197, -1.238604952781431 ], [ 36.90377659815875, -1.238576255585361 ], [ 36.903827590529396, -1.238552764279166 ], [ 36.903880732076665, -1.238534733193271 ], [ 36.904129031985391, -1.238464733129914 ], [ 36.904181795116934, -1.238452696462966 ], [ 36.904235491347947, -1.238446044505142 ], [ 36.904289579629534, -1.238444844282826 ], [ 36.904343514962335, -1.238449107890154 ], [ 36.904396753888015, -1.238458792367107 ], [ 36.904448759965192, -1.238473800132409 ], [ 36.904499009174664, -1.238493979966633 ], [ 36.904546995199503, -1.238519128536032 ], [ 36.904592234526774, -1.238548992441162 ], [ 36.904846134610992, -1.238735592377691 ], [ 36.90489573544302, -1.238776831051436 ], [ 36.905098830176307, -1.238967316083119 ], [ 36.905203299065974, -1.239043744248029 ], [ 36.905378439441705, -1.239079862976382 ], [ 36.90551207146828, -1.239055273275937 ], [ 36.905579644344712, -1.239047233877547 ], [ 36.905898663620498, -1.239029718995149 ], [ 36.905926480223499, -1.238975910277463 ], [ 36.905950316179464, -1.238934393084112 ], [ 36.905977701558157, -1.238895156625205 ], [ 36.906008422391544, -1.23885850746409 ], [ 36.906042238650983, -1.238824731948974 ], [ 36.906078886122579, -1.238794093975652 ], [ 36.906445035897519, -1.238514561108645 ], [ 36.906742750848139, -1.238162055143779 ], [ 36.906782081231199, -1.238120208567632 ], [ 36.906825598529572, -1.23808279553677 ], [ 36.906872812051503, -1.238050237913056 ], [ 36.906923189427438, -1.238022902809882 ], [ 36.906976162612828, -1.23800109845266 ], [ 36.907031134293241, -1.237985070703351 ], [ 36.907574134106234, -1.237857770553987 ], [ 36.907613790231792, -1.237850037904649 ], [ 36.907653910368943, -1.237845316258529 ], [ 36.908721810095422, -1.237760315907317 ], [ 36.908774209070224, -1.237758719213586 ], [ 36.908826514302369, -1.237762253745079 ], [ 36.908878230955267, -1.237770886063686 ], [ 36.90892886976053, -1.237784534503382 ], [ 36.90897795164669, -1.237803069942782 ], [ 36.909654451729182, -1.23809706971312 ], [ 36.9096959863137, -1.23811728501258 ], [ 36.909735651047491, -1.238141001456003 ], [ 36.909930968025876, -1.238269477160203 ], [ 36.909953242610428, -1.238274444958436 ], [ 36.910436790600215, -1.237942948645155 ], [ 36.910478612100711, -1.237917004505064 ], [ 36.910522606961564, -1.237895000968994 ], [ 36.910568409659149, -1.237877120849875 ], [ 36.91061563964972, -1.23786351270198 ], [ 36.910663904531042, -1.237854289586662 ], [ 36.911106652696837, -1.237790565686039 ], [ 36.911008081357224, -1.237713765088131 ], [ 36.91096862597972, -1.237679844616497 ], [ 36.910932594303347, -1.237642262508913 ], [ 36.910900320302439, -1.237601367111174 ], [ 36.910872103121683, -1.237557537479611 ], [ 36.910813103168707, -1.237455437489519 ], [ 36.910788475117911, -1.237407474648226 ], [ 36.910768705836126, -1.237357285361097 ], [ 36.910753991142329, -1.237305366765074 ], [ 36.910744476788608, -1.237252233126263 ], [ 36.910740257016499, -1.237198410745912 ], [ 36.910741373623466, -1.237144432747462 ], [ 36.910745673632782, -1.237083232769298 ], [ 36.910747798784705, -1.237065959912619 ], [ 36.910733392650776, -1.237032363950127 ], [ 36.910717565452615, -1.236982910946923 ], [ 36.910693180441712, -1.236892013460739 ], [ 36.910666182501359, -1.236860941847302 ], [ 36.910660993406239, -1.236856494048624 ], [ 36.910537423094652, -1.236778978140232 ], [ 36.910510304273259, -1.236760724729714 ], [ 36.910198657418064, -1.236719432980451 ], [ 36.910147399482327, -1.236710085895685 ], [ 36.910097277494359, -1.236695801901322 ], [ 36.910048759674289, -1.236676714433379 ], [ 36.909667959725311, -1.236505114305527 ], [ 36.909623339186382, -1.236482451373984 ], [ 36.909580996269185, -1.236455725689794 ], [ 36.909198799468641, -1.236188870694181 ], [ 36.909062784326906, -1.236148303290423 ], [ 36.908887643087596, -1.236173999390599 ], [ 36.908850590691685, -1.236178124288425 ], [ 36.908603890629102, -1.236196924207069 ], [ 36.908547139198532, -1.236198231501517 ], [ 36.908490565936106, -1.23619352373725 ], [ 36.908434798418014, -1.23618285313888 ], [ 36.908000198409006, -1.23607555298007 ], [ 36.907951293344006, -1.23606097757614 ], [ 36.907903976128445, -1.236041814538117 ], [ 36.90785867050532, -1.236018235478531 ], [ 36.907815782202988, -1.235990451556952 ], [ 36.907775695301716, -1.235958711588998 ], [ 36.907738768794118, -1.235923299818011 ], [ 36.907605877722332, -1.235783201006518 ], [ 36.907471236477186, -1.235661901694882 ], [ 36.907285640494464, -1.235650456685918 ], [ 36.907231535183719, -1.235644347226257 ], [ 36.907178318318898, -1.23563277487854 ], [ 36.90712653294532, -1.235615857732028 ], [ 36.907076707500678, -1.235593768416286 ], [ 36.907029350422683, -1.235566732339695 ], [ 36.906984944960755, -1.235535025389138 ], [ 36.906773715288942, -1.235367435857025 ], [ 36.906561375258462, -1.235232441103238 ], [ 36.906519386932715, -1.235202845116554 ], [ 36.906480382016859, -1.235169368095384 ], [ 36.906444713339333, -1.235132312864818 ], [ 36.906412703549726, -1.23509201461748 ], [ 36.90638464220018, -1.235048837881429 ], [ 36.90636078312621, -1.235003173222721 ], [ 36.906341342150576, -1.234955433712468 ], [ 36.906326495131005, -1.234906051190268 ], [ 36.906275595202509, -1.234702251244439 ], [ 36.906264764439747, -1.234646819477407 ], [ 36.906259720047998, -1.234590554578592 ], [ 36.906260516734896, -1.234534066759218 ], [ 36.906260672280553, -1.234531708464662 ], [ 36.906060376757736, -1.234562035622607 ], [ 36.906009482730504, -1.234567270277108 ], [ 36.905958324870348, -1.234567624520666 ], [ 36.905907364106127, -1.234563095162079 ], [ 36.905857059590815, -1.234553723011014 ], [ 36.905807864564515, -1.234539592510364 ], [ 36.905754710565617, -1.234521538073666 ], [ 36.905625397594029, -1.234524115694639 ], [ 36.905299762351959, -1.234589227450927 ], [ 36.905125619792635, -1.234665400265802 ], [ 36.905001358208217, -1.23477160325317 ], [ 36.904958999206649, -1.234804314550595 ], [ 36.904913632523069, -1.234832647134567 ], [ 36.904750032448028, -1.234923847115876 ], [ 36.904696638524861, -1.234949856150094 ], [ 36.904640728247415, -1.234969801899685 ], [ 36.904582978862685, -1.234983442760483 ], [ 36.90443277881544, -1.235010242715797 ], [ 36.904399125765437, -1.235015150856542 ], [ 36.904352137589619, -1.235020486786216 ], [ 36.904222807728644, -1.235071875209519 ], [ 36.904168498500496, -1.235090162373432 ], [ 36.904112568030307, -1.235102546357512 ], [ 36.903999867995651, -1.235121246323469 ], [ 36.90397733017199, -1.235124495396941 ], [ 36.903911242445794, -1.235132592881519 ], [ 36.903861689965176, -1.235151598948186 ], [ 36.903820914602804, -1.235207485930084 ], [ 36.90378469671316, -1.23525197494526 ], [ 36.903744002445251, -1.235292354302433 ], [ 36.903644802396421, -1.235380854310071 ], [ 36.903606081317669, -1.235412309406789 ], [ 36.903564643042515, -1.235440036154932 ], [ 36.903520840778825, -1.235463798220152 ], [ 36.903475047884378, -1.235483393061865 ], [ 36.903427654684492, -1.235498653659794 ], [ 36.903180854595078, -1.235565653595612 ], [ 36.903123959525608, -1.23557782712033 ], [ 36.903066092387284, -1.235583758582278 ], [ 36.903007927171871, -1.23558337889708 ], [ 36.902723469230878, -1.235566043922738 ], [ 36.902469037267636, -1.235573433215639 ], [ 36.902306141706802, -1.235578402854265 ], [ 36.902160603083644, -1.235590323448157 ], [ 36.901947684402543, -1.235611291894978 ], [ 36.901937352351958, -1.235612208473796 ], [ 36.901810391718094, -1.23562223327796 ], [ 36.901782989678729, -1.235631666753546 ], [ 36.901739974506398, -1.235642593969971 ], [ 36.901696212171231, -1.235649923439118 ], [ 36.901552834182354, -1.235667869502027 ], [ 36.901437315998898, -1.235685350475139 ], [ 36.901373978536611, -1.235708916601182 ], [ 36.901339051362847, -1.235720564312156 ], [ 36.901300464325701, -1.235731976906017 ], [ 36.901263608731888, -1.235756844970725 ], [ 36.901172559597548, -1.235819289710604 ], [ 36.901136443458029, -1.235844339195022 ], [ 36.901070346061537, -1.235923057293417 ], [ 36.901050186527016, -1.235945743322632 ], [ 36.900966986486445, -1.236034243337089 ], [ 36.900942755576438, -1.236058435292954 ], [ 36.900856955534159, -1.236138835301761 ], [ 36.900811060070119, -1.236177292461839 ], [ 36.900761219231349, -1.236210403027965 ], [ 36.900592219152685, -1.236309603011398 ], [ 36.900546778748556, -1.236333437628564 ], [ 36.900499294879566, -1.236352821230977 ], [ 36.900450196740245, -1.236367578615689 ], [ 36.900399928116052, -1.236377576394984 ], [ 36.90034894337208, -1.236382724201967 ], [ 36.90029770334619, -1.236382975507475 ], [ 36.900174403324847, -1.236377675463465 ], [ 36.900154026306375, -1.236376410018883 ], [ 36.899856226263083, -1.23635220991105 ], [ 36.899793667664156, -1.236343388107077 ], [ 36.899732564273535, -1.236327259699006 ], [ 36.89956096428083, -1.236270959637387 ], [ 36.899521819894119, -1.236256406634936 ], [ 36.899483911487188, -1.236238849074005 ], [ 36.899412220904892, -1.236202196147219 ], [ 36.899252718994198, -1.236154538615919 ], [ 36.8991968438513, -1.236134413385332 ], [ 36.899143505751191, -1.236108227164557 ], [ 36.899093351369132, -1.23607629743817 ], [ 36.899046988780547, -1.236039011325355 ], [ 36.899032554454401, -1.2360260298401 ], [ 36.899028680701356, -1.23602518203242 ], [ 36.898975321923331, -1.236010582278345 ], [ 36.898923730200835, -1.235990556658363 ], [ 36.898874448578212, -1.23596531595884 ], [ 36.898827995784011, -1.235935125858979 ], [ 36.898691295828719, -1.235835925824331 ], [ 36.898649117186572, -1.235801958848105 ], [ 36.898610528500235, -1.235763912963781 ], [ 36.898575917397203, -1.235722170347054 ], [ 36.898545631549609, -1.235677150307664 ], [ 36.89851997518182, -1.235629305077321 ], [ 36.898499206014534, -1.235579115267004 ], [ 36.898488514901096, -1.235549127043602 ], [ 36.898460976909206, -1.235543640144268 ], [ 36.898386631177949, -1.235524673260988 ], [ 36.898398414084618, -1.235579244803253 ], [ 36.89841451411489, -1.23567844483317 ], [ 36.898420206260141, -1.235727414670751 ], [ 36.898421457451235, -1.235776702421127 ], [ 36.898418257352311, -1.235825900937344 ], [ 36.898410632397933, -1.235874603809518 ], [ 36.898398645574702, -1.235922408722106 ], [ 36.898374545572821, -1.236002908751098 ], [ 36.898355201892407, -1.236056972647217 ], [ 36.898330284829164, -1.236108673753471 ], [ 36.898300073972102, -1.236157431942886 ], [ 36.898257173952885, -1.236219131958897 ], [ 36.898224145648776, -1.236261915210968 ], [ 36.898187041905331, -1.23630116898497 ], [ 36.898171425306103, -1.236314689929209 ], [ 36.898171296724463, -1.23631696801375 ], [ 36.898165416721504, -1.236371770016802 ], [ 36.898154041717461, -1.236425688531518 ], [ 36.898137289156196, -1.236478166862793 ], [ 36.898115332003556, -1.236528663185038 ], [ 36.898088396961576, -1.236576656136505 ], [ 36.898056762127808, -1.23662165020211 ], [ 36.898020754124033, -1.236663180829606 ], [ 36.897980744723981, -1.236700819225918 ], [ 36.897927044697511, -1.236746419228727 ], [ 36.897887701280247, -1.236776822433368 ], [ 36.897845747432278, -1.236803456345257 ], [ 36.897801538498477, -1.236826095378232 ], [ 36.897755448924052, -1.236844547782388 ], [ 36.897707869083007, -1.236858657268161 ], [ 36.89767175721633, -1.23686581556069 ], [ 36.897658794514932, -1.236883592487506 ], [ 36.897621268347983, -1.236925224128749 ], [ 36.897552568314197, -1.236993924138242 ], [ 36.897513546230456, -1.237029314581941 ], [ 36.897471286701602, -1.237060713717695 ], [ 36.897426191119969, -1.23708782330855 ], [ 36.897378687815454, -1.23711038586085 ], [ 36.897329227987093, -1.237128187069935 ], [ 36.89732810870477, -1.237128469837619 ], [ 36.897310096639458, -1.237149988806411 ], [ 36.897272556792871, -1.237186870525172 ], [ 36.897231632352138, -1.237219904247238 ], [ 36.897187711029332, -1.23724877701641 ], [ 36.897141208928552, -1.237273215296868 ], [ 36.897047808887763, -1.237316615281388 ], [ 36.896992709457344, -1.237338605016678 ], [ 36.89693554415657, -1.237354372017016 ], [ 36.896877004377572, -1.237363725587364 ], [ 36.896876606541895, -1.237363766742653 ], [ 36.896839328978075, -1.23739632355221 ], [ 36.896792951075348, -1.237432566228284 ], [ 36.89674293137741, -1.237463516048393 ], [ 36.896648531334222, -1.237515016036915 ], [ 36.896631622223836, -1.237523003589525 ], [ 36.896623509466089, -1.23754959967062 ], [ 36.896602160044296, -1.237600464259799 ], [ 36.896575783875718, -1.237648880912692 ], [ 36.896544654244167, -1.237694347983873 ], [ 36.896509093684216, -1.237736394388606 ], [ 36.896469470639396, -1.237774584483787 ], [ 36.896426195644693, -1.237808522581665 ], [ 36.896379717073032, -1.237837857049545 ], [ 36.896330516489627, -1.237862283953087 ], [ 36.896279103662437, -1.237881550205355 ], [ 36.896226011280447, -1.237895456189034 ], [ 36.896171789434483, -1.237903857824631 ], [ 36.896116999917631, -1.237906668063323 ], [ 36.896005399894939, -1.237906668024261 ], [ 36.895885299894111, -1.237906667982234 ], [ 36.895830080419842, -1.237903813307489 ], [ 36.895775442117781, -1.237895279369407 ], [ 36.895721960039275, -1.237881155985656 ], [ 36.895687492551431, -1.237868128752966 ], [ 36.895660382286586, -1.237887064898795 ], [ 36.895607957552997, -1.237919387099763 ], [ 36.895552216725676, -1.237945489939585 ], [ 36.895443912513343, -1.237988828416217 ], [ 36.895431910874912, -1.238023224432505 ], [ 36.895410038702124, -1.238070694146989 ], [ 36.89538372426518, -1.238115822006612 ], [ 36.895353212403386, -1.23815818812518 ], [ 36.895318787010453, -1.238197398312752 ], [ 36.895280768393079, -1.238233087743482 ], [ 36.895209602453491, -1.238293705204815 ], [ 36.895187534564769, -1.23832665462523 ], [ 36.895162356604573, -1.238358738771234 ], [ 36.895107356578173, -1.23842363878432 ], [ 36.89506989695105, -1.238463558742312 ], [ 36.895028619657971, -1.238499462649901 ], [ 36.894983947630685, -1.238530982632098 ], [ 36.894945347612378, -1.238555382629284 ], [ 36.894888303206542, -1.238586780773772 ], [ 36.894827917520551, -1.23861103686894 ], [ 36.894785620503974, -1.238625115002976 ], [ 36.894680974535525, -1.238671921725936 ], [ 36.894629227685115, -1.238691927619981 ], [ 36.894575712901023, -1.238706477964256 ], [ 36.894474812867074, -1.238728377935585 ], [ 36.894445985134837, -1.238733813220736 ], [ 36.894385485116352, -1.238743513202266 ], [ 36.894333682838869, -1.238749250694023 ], [ 36.894281572178073, -1.238749925683186 ], [ 36.894229640362916, -1.238745531859182 ], [ 36.894178372950073, -1.23873611030428 ], [ 36.894128249284009, -1.238721749109462 ], [ 36.894079738015172, -1.238702582550733 ], [ 36.894051163402686, -1.238687944520356 ], [ 36.894002366717444, -1.23867930342343 ], [ 36.893882466713343, -1.23865190337924 ], [ 36.89386243196212, -1.238646917121852 ], [ 36.893746631961839, -1.238615717079446 ], [ 36.893725649845834, -1.238609602634805 ], [ 36.893617761754484, -1.238575763156799 ], [ 36.893540053399903, -1.238621632633897 ], [ 36.893493183069474, -1.238646272402291 ], [ 36.893444139387313, -1.238666170743445 ], [ 36.893393394440778, -1.23868113611932 ], [ 36.893341436693284, -1.238691024475959 ], [ 36.893288766282396, -1.238695740630015 ], [ 36.893235890205609, -1.238695239185041 ], [ 36.893171845268554, -1.238691464067804 ], [ 36.893045422510923, -1.238723069708801 ], [ 36.892980944912907, -1.238735052862334 ], [ 36.892884148591122, -1.238746971179161 ], [ 36.892809266978702, -1.238781665141174 ], [ 36.892759754311875, -1.238801678849373 ], [ 36.892708518165335, -1.23881666700548 ], [ 36.892656060685532, -1.238826482716705 ], [ 36.892602895988659, -1.238831029783442 ], [ 36.892549545122002, -1.238830263642178 ], [ 36.892549008605421, -1.238830202193653 ], [ 36.892524363908251, -1.238837327692994 ], [ 36.89247471513783, -1.238846729026043 ], [ 36.892424409901473, -1.238851410114319 ], [ 36.892373890195273, -1.238851329828939 ], [ 36.892323599899655, -1.238846488875787 ], [ 36.892315697982042, -1.238845349963675 ], [ 36.892270848250931, -1.238848947110162 ], [ 36.892154570728216, -1.238863792772715 ], [ 36.892022272826935, -1.238886511409838 ], [ 36.89188190973681, -1.238916807550945 ], [ 36.891831997423935, -1.238925136239805 ], [ 36.891781529099617, -1.23892871759186 ], [ 36.891730949490274, -1.238927520048726 ], [ 36.891562049464426, -1.238915519987545 ], [ 36.891527084129407, -1.238911879103381 ], [ 36.891471784123674, -1.238904279083022 ], [ 36.891422386814014, -1.238895112565234 ], [ 36.891374051886615, -1.238881357266785 ], [ 36.891327199165644, -1.238863132662969 ], [ 36.891282235601132, -1.238840597048218 ], [ 36.891228256946384, -1.238810304988506 ], [ 36.891171321804201, -1.238792930630927 ], [ 36.891118220673206, -1.238773615696871 ], [ 36.891067418558741, -1.238748815340567 ], [ 36.891019473008285, -1.238718801743779 ], [ 36.890998883370877, -1.238702677850743 ], [ 36.890993081880801, -1.238701908458315 ], [ 36.890938028977118, -1.238704618571712 ], [ 36.89089526760808, -1.238705014042996 ], [ 36.890852609689269, -1.238701996062525 ], [ 36.890793147362267, -1.23869539459073 ], [ 36.890691535279025, -1.238742364104522 ], [ 36.890691360160673, -1.238742434797896 ], [ 36.890691192709127, -1.238742522309209 ], [ 36.890666815589576, -1.238752343174207 ], [ 36.89064244531243, -1.238762181189452 ], [ 36.890642264153016, -1.2387622342662 ], [ 36.890642088985494, -1.238762304836324 ], [ 36.890616872854416, -1.238769673500793 ], [ 36.890591661860498, -1.238777059908661 ], [ 36.890591476404467, -1.238777094857678 ], [ 36.890591295208147, -1.238777147806908 ], [ 36.89056548290867, -1.238781993307443 ], [ 36.890539673996194, -1.238786856972296 ], [ 36.890539486029859, -1.238786873456962 ], [ 36.890539300549491, -1.238786908275441 ], [ 36.890372900500893, -1.238809708223178 ], [ 36.890347725933665, -1.238811898179563 ], [ 36.890322561126808, -1.23881419893531 ], [ 36.890321381240767, -1.238814189925839 ], [ 36.890320205703254, -1.238814292186805 ], [ 36.890294939094709, -1.238813988016773 ], [ 36.890269671405008, -1.23881379507547 ], [ 36.890197871393291, -1.238809695049559 ], [ 36.890174201896777, -1.238807816216715 ], [ 36.890075901883961, -1.238797816180752 ], [ 36.890056336971064, -1.238794843675925 ], [ 36.890036704991012, -1.238792359198386 ], [ 36.890030199473713, -1.238790872595592 ], [ 36.890023603122863, -1.238789870409364 ], [ 36.890004421896037, -1.238784982054091 ], [ 36.88998512639823, -1.238780572759503 ], [ 36.889978796978227, -1.238778451517431 ], [ 36.889972329988026, -1.238776803398297 ], [ 36.889966246344365, -1.238774594814702 ], [ 36.889887593076921, -1.238765590904041 ], [ 36.889834402390257, -1.238756770865109 ], [ 36.889649935369604, -1.238716553983507 ], [ 36.88945134792008, -1.238692175345706 ], [ 36.889406910371875, -1.238684812323382 ], [ 36.889363238709507, -1.23867374092677 ], [ 36.889320637860706, -1.238659038459781 ], [ 36.889158780649105, -1.23859545404234 ], [ 36.888968223992613, -1.23858351815871 ], [ 36.888914069418156, -1.238577347216642 ], [ 36.888860810915894, -1.238565703089306 ], [ 36.888808993082144, -1.238548704844688 ], [ 36.888759145781535, -1.238526526299363 ], [ 36.888725574836172, -1.238507296712786 ], [ 36.888675446139871, -1.238504878060116 ], [ 36.888624365176518, -1.238497438681217 ], [ 36.888574225447712, -1.238485115558066 ], [ 36.888525486769133, -1.238468021702631 ], [ 36.888478596107738, -1.238446313877737 ], [ 36.888433983482813, -1.238420191159451 ], [ 36.888337343680078, -1.238357184313715 ], [ 36.888207380217075, -1.23833922225995 ], [ 36.888150222009948, -1.238328128797126 ], [ 36.888094585876914, -1.238310895529562 ], [ 36.888041120832412, -1.238287723489896 ], [ 36.887882366259845, -1.238208430224564 ], [ 36.887450528476982, -1.238056471607559 ], [ 36.887381722791659, -1.238026712020498 ], [ 36.887219774650191, -1.23794280353349 ], [ 36.886979484649871, -1.237897318629002 ], [ 36.886926254582178, -1.237884393857928 ], [ 36.886874602196947, -1.237866099616833 ], [ 36.886533665179932, -1.237725373393037 ], [ 36.886384879341591, -1.2376991140167 ], [ 36.886365562767679, -1.237701973563259 ], [ 36.886324288745719, -1.237731111476602 ], [ 36.886285225437057, -1.237756237556816 ], [ 36.886244161360622, -1.237777891937005 ], [ 36.886232926704366, -1.237783209624997 ], [ 36.886223001550697, -1.237800357846556 ], [ 36.886193335584352, -1.237846142375528 ], [ 36.886159242439568, -1.237888689617075 ], [ 36.886121068272871, -1.237927567578369 ], [ 36.886079200676484, -1.237962381521782 ], [ 36.885873200575524, -1.238116781520615 ], [ 36.885830633380543, -1.238145620925628 ], [ 36.885785534239439, -1.238170255235156 ], [ 36.885738311942376, -1.238190461157958 ], [ 36.885689394524363, -1.238206055542853 ], [ 36.885431894431143, -1.238274755474717 ], [ 36.885383916477529, -1.238285227614858 ], [ 36.885335190817109, -1.23829126221656 ], [ 36.885286121733607, -1.238292809210336 ], [ 36.885237116360095, -1.238289855760945 ], [ 36.885188581300945, -1.238282426374034 ], [ 36.88501688129147, -1.238248026310402 ], [ 36.884972282072951, -1.238237084611537 ], [ 36.88479532704627, -1.238185544247658 ], [ 36.884576229859007, -1.238147780932842 ], [ 36.884569690473427, -1.23814661202319 ], [ 36.884440030560683, -1.238122605028837 ], [ 36.884379593363619, -1.238134836674123 ], [ 36.884291849643361, -1.238173080427096 ], [ 36.884165462409918, -1.238265222617814 ], [ 36.884098022033605, -1.238307145602764 ], [ 36.883917721951661, -1.23840154557841 ], [ 36.883874073764396, -1.238421960286548 ], [ 36.883846504016546, -1.238431953496026 ], [ 36.883845172213967, -1.238460403941577 ], [ 36.883838030664855, -1.23851095602223 ], [ 36.883826198402254, -1.238560608324654 ], [ 36.883809780258972, -1.238608920933211 ], [ 36.883788921698439, -1.238655465801841 ], [ 36.883763807525881, -1.238699830546534 ], [ 36.883734660251008, -1.238741622099105 ], [ 36.88364876021064, -1.238853222125097 ], [ 36.883624204445219, -1.238882476935889 ], [ 36.883618937717465, -1.238899968558436 ], [ 36.883599647376968, -1.238947373773521 ], [ 36.883576000244503, -1.238992736142742 ], [ 36.883548207201756, -1.23903565113118 ], [ 36.883516516103057, -1.23907573602937 ], [ 36.883481209565069, -1.239112633366207 ], [ 36.883442602446458, -1.239146014096835 ], [ 36.883401039039988, -1.239175580537043 ], [ 36.883356890002162, -1.239201069017989 ], [ 36.883310549047764, -1.239222252237494 ], [ 36.88322474901188, -1.239256652220278 ], [ 36.883175160121979, -1.239273771619583 ], [ 36.883124153330108, -1.239285960890981 ], [ 36.883072211238158, -1.2392931047059 ], [ 36.883019825297303, -1.239295135473531 ], [ 36.882967491158119, -1.23929203398023 ], [ 36.882915703980949, -1.239283829571372 ], [ 36.882913811497247, -1.239283336233964 ], [ 36.882906245610698, -1.239292333416037 ], [ 36.882898783691736, -1.239299791333803 ], [ 36.882898399269529, -1.239301351801049 ], [ 36.882882676982376, -1.239347183005064 ], [ 36.882862951557328, -1.239391418128833 ], [ 36.882802851535963, -1.239511518167653 ], [ 36.882776169939483, -1.239558781955205 ], [ 36.882744922490971, -1.239603120652364 ], [ 36.882709422981421, -1.239644089004361 ], [ 36.882670027901632, -1.239681275601889 ], [ 36.882627132862233, -1.239714307012625 ], [ 36.882581168620938, -1.239742851531232 ], [ 36.882532596756739, -1.239766622510369 ], [ 36.88241239670532, -1.239818122487934 ], [ 36.882391115493625, -1.239825993325568 ], [ 36.882390435292145, -1.239826989815643 ], [ 36.882358067554641, -1.239866006667785 ], [ 36.882322213573268, -1.239901802964772 ], [ 36.882227813526342, -1.239987602972953 ], [ 36.882177818453179, -1.240027883658303 ], [ 36.882143043193253, -1.240049640318201 ], [ 36.88213702291597, -1.240058331944814 ], [ 36.882107983790092, -1.240096528242003 ], [ 36.88207569741089, -1.240131985542483 ], [ 36.882040417581976, -1.240164425116296 ], [ 36.882002421638497, -1.240193591955851 ], [ 36.881916621596794, -1.240253591952868 ], [ 36.881878019549461, -1.240278211817481 ], [ 36.881837484045562, -1.240299451706946 ], [ 36.881691583981215, -1.240368151683002 ], [ 36.881636920786327, -1.240390310948361 ], [ 36.881580180689689, -1.240406330976644 ], [ 36.881522042043173, -1.240416020242403 ], [ 36.881463199918791, -1.240419262907095 ], [ 36.88133439989253, -1.240419262861705 ], [ 36.881284215511641, -1.240416906114124 ], [ 36.881234467186147, -1.240409856387299 ], [ 36.881185587179068, -1.240398174936767 ], [ 36.881138000208537, -1.240381963263017 ], [ 36.881092119757369, -1.240361362229643 ], [ 36.881048344480376, -1.240336550839299 ], [ 36.881007054740415, -1.240307744678364 ], [ 36.880895554780345, -1.240221944651763 ], [ 36.880857809459613, -1.240190044068667 ], [ 36.880823117385894, -1.240154806289479 ], [ 36.880791768687928, -1.240116526007189 ], [ 36.880764025533828, -1.240075523359163 ], [ 36.880748826503208, -1.240047941280313 ], [ 36.880704211025559, -1.240042732706712 ], [ 36.880650206598808, -1.240030683156262 ], [ 36.880597713693831, -1.240013125705101 ], [ 36.880547285255759, -1.239990245299 ], [ 36.880499452483065, -1.239962282954126 ], [ 36.880454719232112, -1.239929533218245 ], [ 36.880413556709655, -1.239892341068055 ], [ 36.880365217661009, -1.239843931523416 ], [ 36.880357094175011, -1.239844209913349 ], [ 36.880324043852255, -1.239842148513019 ], [ 36.88032305191755, -1.2398442005829 ], [ 36.880297771542608, -1.239886310190397 ], [ 36.880268804469956, -1.239925941193618 ], [ 36.880236388985423, -1.239962767584463 ], [ 36.880200791741814, -1.239996486425883 ], [ 36.880197926043813, -1.239998964117417 ], [ 36.880189005676229, -1.240011452628739 ], [ 36.880154775910462, -1.240054565152832 ], [ 36.880116371200344, -1.240093954103024 ], [ 36.880074189035376, -1.240129211803332 ], [ 36.879992088995017, -1.240191011803019 ], [ 36.879950107745479, -1.240219616058333 ], [ 36.879905641950899, -1.240244123614073 ], [ 36.879859085038511, -1.240264317631184 ], [ 36.879810848937439, -1.24028001943627 ], [ 36.879761360433974, -1.240291090102389 ], [ 36.879711057395433, -1.240297431678324 ], [ 36.879660384895963, -1.240298988055183 ], [ 36.879609791278533, -1.240295745462863 ], [ 36.879559724188134, -1.240287732591786 ], [ 36.879510626610966, -1.240275020339155 ], [ 36.879462932955086, -1.240257721181547 ], [ 36.879417065206724, -1.240235988179769 ], [ 36.879288365232256, -1.240167388138762 ], [ 36.879243451828216, -1.240140566544091 ], [ 36.879201328418773, -1.240109495700514 ], [ 36.879162390509869, -1.240074467339609 ], [ 36.879127003697945, -1.240035810350843 ], [ 36.879095500237341, -1.239993887693641 ], [ 36.879079568932397, -1.239967770367272 ], [ 36.879061859399819, -1.239959987032 ], [ 36.879017931731433, -1.239935553343827 ], [ 36.878992755088696, -1.239918290710658 ], [ 36.878951862281696, -1.239908425576003 ], [ 36.878949245472946, -1.239907656663471 ], [ 36.878933122695251, -1.239933108746914 ], [ 36.878900305449768, -1.239975130976575 ], [ 36.878863538711222, -1.24001369860046 ], [ 36.878823179431855, -1.240048437182668 ], [ 36.878779619442341, -1.240079009461879 ], [ 36.878733281647634, -1.240105118625645 ], [ 36.878638777033167, -1.240152370897986 ], [ 36.878552618647618, -1.240199324906136 ], [ 36.878508456574117, -1.240220836143969 ], [ 36.878481357230605, -1.240231092269866 ], [ 36.878467079099387, -1.240247217636393 ], [ 36.878431144064194, -1.240281018656518 ], [ 36.878392297143442, -1.240311381662537 ], [ 36.878350861860177, -1.24033805378712 ], [ 36.878307183293735, -1.240360812901117 ], [ 36.878261625205795, -1.240379469463629 ], [ 36.87814142515743, -1.240422369436763 ], [ 36.878091892256833, -1.240437396407177 ], [ 36.878041156096636, -1.240447574144296 ], [ 36.877989684154116, -1.240452808872102 ], [ 36.877937950685876, -1.240453052358907 ], [ 36.87788643235811, -1.240448302361752 ], [ 36.877835603854614, -1.240438602647051 ], [ 36.877785933503141, -1.240424042587337 ], [ 36.877737878960239, -1.240404756337699 ], [ 36.877691882994512, -1.240380921599803 ], [ 36.877648369406941, -1.240352757984401 ], [ 36.877607739126105, -1.240320524987971 ], [ 36.877539039155131, -1.240260424974428 ], [ 36.877533399830781, -1.240255421673617 ], [ 36.877447599868283, -1.240178221657561 ], [ 36.877410714119584, -1.240141677964618 ], [ 36.877377481129017, -1.24010174165441 ], [ 36.877348207375107, -1.240058781024995 ], [ 36.877323162823743, -1.240013192264973 ], [ 36.877302578438552, -1.23996539579983 ], [ 36.877256219467135, -1.239841801772303 ], [ 36.87721965473888, -1.239758268639296 ], [ 36.877205166178719, -1.239735875817382 ], [ 36.877189112236238, -1.239724406798101 ], [ 36.877107727345646, -1.239676998088004 ], [ 36.877102054474875, -1.239673185310972 ], [ 36.877087483422443, -1.239692503959603 ], [ 36.877053663883991, -1.239729618794101 ], [ 36.8770107638627, -1.239772518800048 ], [ 36.876971628629143, -1.239808002152387 ], [ 36.876929238987039, -1.239839471062036 ], [ 36.876883999813941, -1.239866624959457 ], [ 36.876836343204197, -1.239889204489242 ], [ 36.876798141484315, -1.239902900680547 ], [ 36.876792277025224, -1.2399212760563 ], [ 36.876771930619199, -1.239968866944118 ], [ 36.876747166162367, -1.240014287103408 ], [ 36.876718209555548, -1.240057122212603 ], [ 36.876685324940311, -1.240096981530908 ], [ 36.876648812289474, -1.240133501462703 ], [ 36.876637757601536, -1.240143549046738 ], [ 36.876637757604229, -1.240159999968804 ], [ 36.876637757632039, -1.240297299968787 ], [ 36.876635474953538, -1.240347173376299 ], [ 36.876628646238075, -1.240396624319379 ], [ 36.876617329329797, -1.240445233911448 ], [ 36.876601620091279, -1.240492590392784 ], [ 36.876581651591458, -1.240538292618505 ], [ 36.876557592978465, -1.240581953456517 ], [ 36.876529648046812, -1.240623203066837 ], [ 36.876506810484727, -1.240651024149744 ], [ 36.876503858950109, -1.240667625837395 ], [ 36.876489567021892, -1.240718643792881 ], [ 36.87644666701528, -1.240847343839076 ], [ 36.876428541648849, -1.240894352006637 ], [ 36.876406157893399, -1.240939463138812 ], [ 36.876379709155422, -1.24098228745357 ], [ 36.876349423964882, -1.241022454928143 ], [ 36.87631556400062, -1.241059618496201 ], [ 36.876221163953737, -1.241154018509307 ], [ 36.876178121203061, -1.241192680484529 ], [ 36.876131219252883, -1.241226490341072 ], [ 36.876011019195232, -1.241303690332879 ], [ 36.875966776719693, -1.241329224593502 ], [ 36.875920334383913, -1.241350435500108 ], [ 36.875872108046572, -1.241367133124269 ], [ 36.875822529540777, -1.241379167950927 ], [ 36.875772042807299, -1.241386432217123 ], [ 36.875721099919375, -1.241388860876946 ], [ 36.875583799891352, -1.24138886082842 ], [ 36.875537388989329, -1.241386845803149 ], [ 36.875491322883249, -1.241380815732698 ], [ 36.875445943804522, -1.241370815415672 ], [ 36.87532588086323, -1.2413388420883 ], [ 36.875223190514085, -1.241315172616056 ], [ 36.875213340957849, -1.241312804120019 ], [ 36.87519336959695, -1.241307801577862 ], [ 36.875158515433348, -1.24131029529037 ], [ 36.875106056567162, -1.241311471194909 ], [ 36.875053732711557, -1.241307507125925 ], [ 36.874916432696104, -1.241290307075084 ], [ 36.874862928172028, -1.241280827206821 ], [ 36.87481064367163, -1.241265974055407 ], [ 36.874760110444853, -1.241245898540636 ], [ 36.874711841947267, -1.241220804645429 ], [ 36.874666328622929, -1.24119094734318 ], [ 36.874624032921169, -1.241156630006987 ], [ 36.874549105110631, -1.241089290883465 ], [ 36.874499925607786, -1.241095624747774 ], [ 36.87444391032539, -1.241096936348838 ], [ 36.874388062456347, -1.241092387535872 ], [ 36.874332985596702, -1.241082027472433 ], [ 36.874279275009414, -1.241065968129299 ], [ 36.874159075017445, -1.241023068086189 ], [ 36.87411460097178, -1.241004913136938 ], [ 36.874071907871659, -1.240982848080866 ], [ 36.874031334248997, -1.240957047881688 ], [ 36.873945534276032, -1.240896947858977 ], [ 36.873897435937437, -1.240859008343782 ], [ 36.873853913856195, -1.240815832497624 ], [ 36.873776713898735, -1.24073003249011 ], [ 36.873741125969374, -1.240686063728212 ], [ 36.873710293365022, -1.240638595605397 ], [ 36.873684553082839, -1.24058814694433 ], [ 36.873664186461298, -1.240535269144607 ], [ 36.873655764446603, -1.240504062831535 ], [ 36.873635276902732, -1.240479333941802 ], [ 36.873607228530368, -1.240438359812387 ], [ 36.873583028361622, -1.240394971280712 ], [ 36.873548728392464, -1.240326271290663 ], [ 36.873528310164701, -1.24028013971569 ], [ 36.873512242830131, -1.240232296874398 ], [ 36.873500665648606, -1.240183157434503 ], [ 36.873493678962532, -1.240133147301687 ], [ 36.873491343327203, -1.240082699928128 ], [ 36.87349134334206, -1.240012022206732 ], [ 36.873165522738311, -1.239960482104848 ], [ 36.873114158210178, -1.239949755864284 ], [ 36.87306407304068, -1.239934054415586 ], [ 36.873015741725403, -1.239913526511256 ], [ 36.872969622144183, -1.239888366628521 ], [ 36.872926151223297, -1.239858813126858 ], [ 36.872907521288106, -1.239844771907529 ], [ 36.872888628191212, -1.239852913924485 ], [ 36.872840623740124, -1.239868442243306 ], [ 36.872746223705576, -1.23989414221838 ], [ 36.87269144443129, -1.239906018289525 ], [ 36.872635736108478, -1.239912105458309 ], [ 36.872579700939127, -1.239912337923646 ], [ 36.872523944658326, -1.239906713173222 ], [ 36.872469069986224, -1.239895292010698 ], [ 36.872415670112751, -1.239878197898399 ], [ 36.872364322285222, -1.239855615622629 ], [ 36.872315581568436, -1.239827789296142 ], [ 36.872253468513726, -1.239787896357243 ], [ 36.872237509620312, -1.23979026904752 ], [ 36.872184899914828, -1.239792859632383 ], [ 36.872090499895592, -1.239792859598965 ], [ 36.872038591417599, -1.239790337736312 ], [ 36.871987165578574, -1.239782795635151 ], [ 36.871936700526298, -1.239770303421011 ], [ 36.871887665475221, -1.239752977244656 ], [ 36.871840516343795, -1.23973097820203 ], [ 36.871795691515452, -1.239704510836492 ], [ 36.871753607762585, -1.239673821236919 ], [ 36.871714656371523, -1.239639194749675 ], [ 36.871679199504385, -1.239600953325406 ], [ 36.871647566831825, -1.239559452525689 ], [ 36.871620052467854, -1.239515078217064 ], [ 36.871596912235155, -1.239468242983298 ], [ 36.871578361286637, -1.239419382289229 ], [ 36.871570742031054, -1.239391516007878 ], [ 36.871565881695595, -1.239390975098865 ], [ 36.871511477495304, -1.239379105757435 ], [ 36.871458579916165, -1.239361651449575 ], [ 36.87130417993032, -1.239301651394991 ], [ 36.87125667708932, -1.239280490682372 ], [ 36.871227921218811, -1.23926418353599 ], [ 36.871224133816668, -1.23926486489306 ], [ 36.871172522233131, -1.239269069225217 ], [ 36.87112074799056, -1.239268269078111 ], [ 36.871069288989965, -1.239262471838003 ], [ 36.871018620222394, -1.239251731016655 ], [ 36.870980949038717, -1.239239848701256 ], [ 36.870966881914306, -1.239244408438781 ], [ 36.870946501124912, -1.239251429660087 ], [ 36.870941718956715, -1.239252564794937 ], [ 36.870937042145442, -1.23925408074302 ], [ 36.870915989140869, -1.239258672235848 ], [ 36.870895022735517, -1.239263648994133 ], [ 36.87089015305083, -1.23926430688121 ], [ 36.870885351130646, -1.239265354141706 ], [ 36.870863952364267, -1.239267846554402 ], [ 36.870842602261696, -1.239270730920778 ], [ 36.87083769195845, -1.239270905224316 ], [ 36.870832811174346, -1.239271473711586 ], [ 36.870811272727622, -1.239271843041026 ], [ 36.870789744541703, -1.239272607237661 ], [ 36.87078484090879, -1.239272296279075 ], [ 36.870779928265463, -1.239272380518313 ], [ 36.870758457566247, -1.239270623207797 ], [ 36.870736958624619, -1.239269259875372 ], [ 36.870732108886557, -1.239268466649424 ], [ 36.870727211695659, -1.239268065829386 ], [ 36.87070601551882, -1.239264198803049 ], [ 36.870684752867923, -1.23926072107138 ], [ 36.870680003730421, -1.239259453217316 ], [ 36.870675169154531, -1.239258571198181 ], [ 36.870654451630976, -1.239252631697891 ], [ 36.870633630041723, -1.239247073059598 ], [ 36.870629027241463, -1.239245342787543 ], [ 36.870624301840301, -1.239243988063732 ], [ 36.870604262490907, -1.239236033290341 ], [ 36.870584082486786, -1.239228447278374 ], [ 36.869975552978474, -1.238964762837222 ], [ 36.869907802038938, -1.238956775724088 ], [ 36.869858531518105, -1.238948623317915 ], [ 36.869810222050234, -1.238935916454973 ], [ 36.86976328828613, -1.238918764201491 ], [ 36.869718133068567, -1.238897313779496 ], [ 36.869589333094375, -1.238828613738352 ], [ 36.869543773850381, -1.23880134388764 ], [ 36.869501096422127, -1.238769701458456 ], [ 36.869461713624169, -1.238733992525575 ], [ 36.869426006402307, -1.238694562498507 ], [ 36.869394320148764, -1.238651792780504 ], [ 36.869366961361244, -1.238606097079276 ], [ 36.86934419467827, -1.238557917405155 ], [ 36.869335678673217, -1.238534107972324 ], [ 36.869306849580092, -1.23849487456902 ], [ 36.869278909554716, -1.238447434381385 ], [ 36.869255899563505, -1.238397384074493 ], [ 36.86923805743033, -1.238345240953497 ], [ 36.869225567565678, -1.238291543954148 ], [ 36.86921855906057, -1.238236848072537 ], [ 36.869214921842442, -1.238189648671531 ], [ 36.869213167037657, -1.238187333723624 ], [ 36.869184112046725, -1.238187978450207 ], [ 36.869132731610293, -1.23818416612235 ], [ 36.869081947590644, -1.238175433361975 ], [ 36.86903222404554, -1.238161859968419 ], [ 36.86898401534215, -1.238143569974036 ], [ 36.868970508525948, -1.238136900435152 ], [ 36.868949924451442, -1.23813561111177 ], [ 36.868895854333822, -1.238129454134078 ], [ 36.868842676637669, -1.238117840912106 ], [ 36.868748276637852, -1.238092140877207 ], [ 36.868695883953599, -1.238074939381091 ], [ 36.868645510427577, -1.238052442730283 ], [ 36.868597682747804, -1.238024886142555 ], [ 36.868569428955979, -1.238004489448543 ], [ 36.86856201427652, -1.238005551450029 ], [ 36.868511299912861, -1.238007958337713 ], [ 36.868434099897151, -1.23800795831033 ], [ 36.868380244818752, -1.238005243264489 ], [ 36.86832692883813, -1.23799712534498 ], [ 36.868274685652644, -1.237983685813441 ], [ 36.868224038220774, -1.237965059201191 ], [ 36.868175493527239, -1.237941431962679 ], [ 36.868129537508054, -1.237913040608909 ], [ 36.868086630186284, -1.237880169340035 ], [ 36.868047201067171, -1.23784314720035 ], [ 36.868039278532393, -1.237834055725405 ], [ 36.868029279234023, -1.237829900622957 ], [ 36.867958367975355, -1.237797177208894 ], [ 36.867907176747011, -1.237783240594653 ], [ 36.867850704090152, -1.237764443858574 ], [ 36.867796633273137, -1.237739498151794 ], [ 36.867745622875425, -1.237708707312394 ], [ 36.867727345935002, -1.237696245313693 ], [ 36.867684148948932, -1.237730170381899 ], [ 36.86764250398236, -1.237759796352061 ], [ 36.867598263397412, -1.237785327975099 ], [ 36.867551823297035, -1.237806536657062 ], [ 36.867503599477274, -1.237823232508914 ], [ 36.867454023704404, -1.237835266046813 ], [ 36.867403539849235, -1.237842529530374 ], [ 36.867352599912884, -1.23784495792735 ], [ 36.867275399897167, -1.237844957899963 ], [ 36.867222661642998, -1.237842354559525 ], [ 36.867170429587198, -1.237834569565034 ], [ 36.867169127738379, -1.237834241922381 ], [ 36.867146877477104, -1.237841724401629 ], [ 36.867096704431084, -1.237853382164016 ], [ 36.867002304400948, -1.237870582135525 ], [ 36.866944515156383, -1.237877892403288 ], [ 36.866824315126102, -1.237886492362667 ], [ 36.866747853023412, -1.237886490069296 ], [ 36.866710767852283, -1.237883834498987 ], [ 36.866684537259253, -1.237895073053898 ], [ 36.86659406071751, -1.237943797392984 ], [ 36.866541256929473, -1.237968636084056 ], [ 36.866486096967463, -1.237987590255009 ], [ 36.866429225965291, -1.23800043822445 ], [ 36.866371309068498, -1.238007029727258 ], [ 36.866225409032943, -1.238015629677448 ], [ 36.866185338893466, -1.238016489072364 ], [ 36.866145316099704, -1.238014348979312 ], [ 36.866050916086728, -1.238005748944509 ], [ 36.865998259348345, -1.237998300827719 ], [ 36.865946588106496, -1.237985666338902 ], [ 36.865896405337693, -1.237967968464829 ], [ 36.865848199529268, -1.237945379480107 ], [ 36.86584476163268, -1.237943331433959 ], [ 36.865834614835265, -1.23795435914064 ], [ 36.865799189892456, -1.237986596974731 ], [ 36.865761068598346, -1.238015551844252 ], [ 36.865649468543879, -1.238092751839714 ], [ 36.865608026645688, -1.238118719434074 ], [ 36.865564420276051, -1.23814080630679 ], [ 36.865519007188347, -1.238158831254176 ], [ 36.8654721599585, -1.23817264639723 ], [ 36.865424262928315, -1.238182138394817 ], [ 36.865375709052252, -1.238187229373583 ], [ 36.865229809016697, -1.23819582932376 ], [ 36.865173831978815, -1.238196197843927 ], [ 36.865118118902259, -1.238190720433417 ], [ 36.865063270813351, -1.238179456182543 ], [ 36.865009879406863, -1.238162526609332 ], [ 36.864958520662903, -1.23814011434869 ], [ 36.864943349790956, -1.23813252890652 ], [ 36.864934036210066, -1.238134895522975 ], [ 36.864879094072073, -1.238142927527924 ], [ 36.864823622486966, -1.238145227980775 ], [ 36.864768210090567, -1.238141772470926 ], [ 36.864713444890469, -1.238132597667084 ], [ 36.864659908026418, -1.238117800928116 ], [ 36.864556908031531, -1.238083500890685 ], [ 36.864507338183898, -1.23806421583217 ], [ 36.864459896371109, -1.238040110842977 ], [ 36.864415043877969, -1.238011420300617 ], [ 36.864373216812787, -1.237978423168584 ], [ 36.864334821866983, -1.237941440284108 ], [ 36.864300232360826, -1.2379008312384 ], [ 36.864269784613548, -1.237856990880438 ], [ 36.864251978994758, -1.237825058847611 ], [ 36.864216607331926, -1.237806688156297 ], [ 36.864194895155649, -1.237792679635015 ], [ 36.864160267239861, -1.237791029069358 ], [ 36.864109790484441, -1.237783767610577 ], [ 36.864060221432588, -1.237771737432566 ], [ 36.864012003769133, -1.237755046216049 ], [ 36.863851525203387, -1.237690798615487 ], [ 36.863691132050931, -1.237634749694512 ], [ 36.863653993668684, -1.237620201993016 ], [ 36.863618024839752, -1.237602931969457 ], [ 36.86345492487181, -1.23751703191698 ], [ 36.863413539278817, -1.237492820469743 ], [ 36.863374451339986, -1.237465008485633 ], [ 36.863337969405841, -1.23743381536369 ], [ 36.863304381269003, -1.237399487175551 ], [ 36.863158481350169, -1.237236487161826 ], [ 36.863128466745515, -1.237199849471693 ], [ 36.863101750613957, -1.237160710153958 ], [ 36.86307853768465, -1.237119369138856 ], [ 36.863059005841201, -1.237076143228468 ], [ 36.862992059511299, -1.236908923432634 ], [ 36.862925288678788, -1.236750172241164 ], [ 36.86292167208267, -1.236741358598477 ], [ 36.862888197487663, -1.236657704537683 ], [ 36.862828085738457, -1.236561511661692 ], [ 36.862803269836895, -1.236517342935869 ], [ 36.862782662907193, -1.236471033607761 ], [ 36.862766445257662, -1.236422988879796 ], [ 36.862754758790842, -1.236373629138862 ], [ 36.862747705761855, -1.236323386278043 ], [ 36.862745347883696, -1.236272699917611 ], [ 36.862745347914874, -1.236118299972144 ], [ 36.862745347937398, -1.236006699964593 ], [ 36.862748183870409, -1.235951124894514 ], [ 36.862756661805889, -1.235896134688447 ], [ 36.862770692523185, -1.235842308054407 ], [ 36.862822192516703, -1.235679308113581 ], [ 36.862843489785249, -1.235622956950112 ], [ 36.862870868499705, -1.235569332597086 ], [ 36.862930868474919, -1.235466332628056 ], [ 36.862969889377702, -1.235408295953699 ], [ 36.863055789336848, -1.235296795979722 ], [ 36.863093099988212, -1.235253329202213 ], [ 36.863134768118272, -1.235214077165627 ], [ 36.863235517311544, -1.235128779157277 ], [ 36.863290406713219, -1.235077160546532 ], [ 36.863305860105463, -1.235041798030515 ], [ 36.863329709367122, -1.234993813405517 ], [ 36.863358151646871, -1.234948434834913 ], [ 36.863390908694626, -1.234906106256353 ], [ 36.863427660049048, -1.234867241769459 ], [ 36.863468046172649, -1.234832221584834 ], [ 36.863511671969071, -1.234801388304436 ], [ 36.863558110648327, -1.234775043569913 ], [ 36.863606907902046, -1.234753445111593 ], [ 36.863630132662124, -1.234744517307231 ], [ 36.86362971373795, -1.234708115906483 ], [ 36.863634158557815, -1.234655783665774 ], [ 36.863651358571033, -1.234527083713413 ], [ 36.863661468064947, -1.234472645051112 ], [ 36.863677039611105, -1.234419527571885 ], [ 36.863697910905231, -1.234368284925756 ], [ 36.863719355690186, -1.234327934747012 ], [ 36.863698520180435, -1.234248071955852 ], [ 36.863688257437133, -1.23419993971219 ], [ 36.863682372281879, -1.234151069229847 ], [ 36.863677572298066, -1.234086969251324 ], [ 36.863676189897419, -1.234033753266872 ], [ 36.86367999652979, -1.23398065715164 ], [ 36.863688955535011, -1.233928192249672 ], [ 36.863702980632844, -1.233876863826129 ], [ 36.863721936753933, -1.233827166201233 ], [ 36.863745641340607, -1.233779577989764 ], [ 36.863773866104992, -1.233734557491782 ], [ 36.863806339227523, -1.233692538278917 ], [ 36.863842747974722, -1.23365392501887 ], [ 36.863882741710967, -1.233619089578274 ], [ 36.863925935275297, -1.233588367441389 ], [ 36.863971912690687, -1.233562054479222 ], [ 36.864020231170109, -1.233540404100118 ], [ 36.864070425380795, -1.233523624809336 ], [ 36.86412201192563, -1.233511878200942 ], [ 36.86417449399849, -1.233505277401643 ], [ 36.86422736616877, -1.233503885981203 ], [ 36.864280119248889, -1.233507717340296 ], [ 36.864332245198078, -1.233516734581402 ], [ 36.864383242015066, -1.233530850864127 ], [ 36.864432618572614, -1.233549930241493 ], [ 36.864479899347359, -1.233573788969171 ], [ 36.864524628999348, -1.233602197275003 ], [ 36.864566376757217, -1.233634881571839 ], [ 36.864604740566797, -1.233671527092345 ], [ 36.864639350963117, -1.233711780920279 ], [ 36.864669874628561, -1.233755255389362 ], [ 36.864696017602931, -1.233801531816642 ], [ 36.864717528114475, -1.2338501645347 ], [ 36.864734199004602, -1.233900685183607 ], [ 36.864745869722967, -1.23395260722157 ], [ 36.864752427873647, -1.234005430610537 ], [ 36.864753540553231, -1.234020289471075 ], [ 36.864780339427298, -1.234123009701493 ], [ 36.864811522222091, -1.234190521914347 ], [ 36.864832384548365, -1.234242579142612 ], [ 36.864847790348726, -1.234296527592279 ], [ 36.864857574660476, -1.234351789594215 ], [ 36.864861632714693, -1.234407773413943 ], [ 36.86485992105812, -1.234463879587843 ], [ 36.864852458018511, -1.234519507342137 ], [ 36.864839323508342, -1.234574061025818 ], [ 36.864820658169165, -1.234626956488828 ], [ 36.864760558152476, -1.234772856539345 ], [ 36.864744817132021, -1.234806452277088 ], [ 36.864753248016299, -1.234865370337306 ], [ 36.864758289551531, -1.234920224190824 ], [ 36.864757777651207, -1.234975309837741 ], [ 36.86475171759421, -1.235030059180174 ], [ 36.864740171877592, -1.235083907588576 ], [ 36.86472325957206, -1.235136299724665 ], [ 36.864701155093968, -1.235186695268759 ], [ 36.86463245506912, -1.235323995313375 ], [ 36.864607318287632, -1.235368805778343 ], [ 36.864578075936983, -1.235411017240901 ], [ 36.864544991173183, -1.23545024983441 ], [ 36.864508361730685, -1.235486150499537 ], [ 36.864468517243012, -1.235518396161449 ], [ 36.864339817179591, -1.235612796159332 ], [ 36.864300165033832, -1.235639264872534 ], [ 36.864258348043244, -1.235662110520029 ], [ 36.864214692121479, -1.235681155047578 ], [ 36.864192464021215, -1.23568969971402 ], [ 36.86417882507466, -1.235711295359475 ], [ 36.864145064650842, -1.235754408988582 ], [ 36.86410714788768, -1.23579386761746 ], [ 36.863961147814535, -1.235931167632633 ], [ 36.863940132012743, -1.235949922970683 ], [ 36.863872491154375, -1.236007190186104 ], [ 36.863843087388894, -1.236045356879823 ], [ 36.86383117004786, -1.23606581498017 ], [ 36.863823252270677, -1.236090875136123 ], [ 36.863823252275125, -1.236116288128768 ], [ 36.863826314310721, -1.236121188096277 ], [ 36.863850083003591, -1.236163281884496 ], [ 36.863870027924662, -1.23620734114786 ], [ 36.863919758161558, -1.236331618352717 ], [ 36.86398651144453, -1.236490327558304 ], [ 36.863990094148036, -1.236499056509256 ], [ 36.864023150985048, -1.236581626351438 ], [ 36.864040433447329, -1.236600934367528 ], [ 36.864082392499171, -1.236623032955007 ], [ 36.864216367742557, -1.236669850111095 ], [ 36.864238795999817, -1.236678253696001 ], [ 36.864314453573115, -1.236708543149995 ], [ 36.864365699889142, -1.236708543130788 ], [ 36.86442101325418, -1.236711407565588 ], [ 36.864475742456584, -1.236719970661514 ], [ 36.864529309498749, -1.236734141983938 ], [ 36.864579913862137, -1.236753304291034 ], [ 36.864615780540689, -1.236751444343693 ], [ 36.86467351057032, -1.236754693330778 ], [ 36.864828010551385, -1.236771793273489 ], [ 36.864880961829996, -1.236780355749302 ], [ 36.864932805466047, -1.236794172616899 ], [ 36.864983028108526, -1.236813107063502 ], [ 36.865031132457219, -1.236836971602443 ], [ 36.865076642186942, -1.23686552992965 ], [ 36.865119106664082, -1.236898499263559 ], [ 36.865146667887139, -1.236924686011415 ], [ 36.865183133868712, -1.236892889388481 ], [ 36.865225685243203, -1.236862504309986 ], [ 36.865270956205258, -1.23683640264908 ], [ 36.865318522523552, -1.236814829003286 ], [ 36.865367938457105, -1.236797985538341 ], [ 36.86541874093227, -1.236786030093842 ], [ 36.865470453882082, -1.236779074704073 ], [ 36.865522592707549, -1.23677718454807 ], [ 36.865574668818688, -1.236780377338926 ], [ 36.865626194213128, -1.236788623157669 ], [ 36.865640993869576, -1.236791737436119 ], [ 36.865641100606403, -1.236791662275395 ], [ 36.865687671019394, -1.236765360379902 ], [ 36.865736598890877, -1.236743826231862 ], [ 36.865787403873767, -1.236727271242287 ], [ 36.86583958719244, -1.236715857939578 ], [ 36.865942587160454, -1.236698657907883 ], [ 36.865993597765844, -1.236692636413147 ], [ 36.866044946221137, -1.236691529428184 ], [ 36.866096166211911, -1.23669534700646 ], [ 36.866146792590264, -1.236704054479568 ], [ 36.866196365599016, -1.236717572772201 ], [ 36.866244435046937, -1.236735779120115 ], [ 36.86629056439709, -1.236758508185067 ], [ 36.866334334731178, -1.236785553556198 ], [ 36.866375348553952, -1.236816669624653 ], [ 36.866400821104776, -1.236840138075951 ], [ 36.866417351118308, -1.236834133547583 ], [ 36.866476136083001, -1.236820019829424 ], [ 36.866570536052926, -1.236802919800883 ], [ 36.866614856511418, -1.236796790230258 ], [ 36.866659529358451, -1.236794381412481 ], [ 36.866704246791187, -1.236795709945019 ], [ 36.86676164679816, -1.236799820167172 ], [ 36.86680056254319, -1.236775970100318 ], [ 36.866877862507302, -1.236733070091102 ], [ 36.866926237538337, -1.236709312259 ], [ 36.866976725797286, -1.236690529594124 ], [ 36.867028823688415, -1.236676909444894 ], [ 36.867082011560647, -1.236668587666261 ], [ 36.867135758890782, -1.236665647264477 ], [ 36.867189529575178, -1.2366681175692 ], [ 36.867211223650415, -1.236671317795985 ], [ 36.867241306326555, -1.236642554299003 ], [ 36.867282779662425, -1.23661001405629 ], [ 36.867327206278489, -1.236581696724564 ], [ 36.867374163236391, -1.236557871883388 ], [ 36.867423203509048, -1.236538766344129 ], [ 36.867473860236302, -1.236524561990804 ], [ 36.867525651169409, -1.236515394048417 ], [ 36.867578083261947, -1.236511349795763 ], [ 36.867630657363634, -1.236512467734415 ], [ 36.867682872972168, -1.236518737222154 ], [ 36.867734232997954, -1.236530098574393 ], [ 36.867828632998233, -1.236555898539499 ], [ 36.867841128884081, -1.236559477037536 ], [ 36.868012728888097, -1.236610876974533 ], [ 36.868064556376176, -1.236629345929203 ], [ 36.868114244739616, -1.23665303328028 ], [ 36.868161276894888, -1.236681692525245 ], [ 36.868275589219841, -1.236759635443075 ], [ 36.868283023033918, -1.236761659264623 ], [ 36.868325600714556, -1.236775178968084 ], [ 36.868366920542506, -1.236792199249089 ], [ 36.868424981790994, -1.236818992723049 ], [ 36.868465151271629, -1.236803626971142 ], [ 36.868516547868794, -1.236789623871478 ], [ 36.868569066467572, -1.236780793645373 ], [ 36.868622194456314, -1.236777222481439 ], [ 36.868675413275298, -1.236778945236858 ], [ 36.868728203478135, -1.236785945097079 ], [ 36.868780049801849, -1.236798153739977 ], [ 36.868830446196178, -1.236815452002632 ], [ 36.868916246204826, -1.236849751972461 ], [ 36.868965953749139, -1.23687262472026 ], [ 36.869013104095366, -1.23690044699366 ], [ 36.869057212340294, -1.236932932663711 ], [ 36.869136940111936, -1.236998149094204 ], [ 36.869155554552698, -1.236991232051804 ], [ 36.869204620246457, -1.236978123953114 ], [ 36.86925469361573, -1.236969720434796 ], [ 36.869305330412558, -1.236966096052814 ], [ 36.869356081390151, -1.236967282962975 ], [ 36.869406496288669, -1.236973270635543 ], [ 36.869509396280456, -1.236990470597182 ], [ 36.869562674645607, -1.237002191392692 ], [ 36.869614503407377, -1.237019271457922 ], [ 36.869664351882236, -1.237041535907773 ], [ 36.869711709663008, -1.237068756773286 ], [ 36.869756091845041, -1.237100655335882 ], [ 36.869841991877578, -1.237169255316321 ], [ 36.869886861609679, -1.237209382804492 ], [ 36.869972661652099, -1.237295182792057 ], [ 36.870008446553292, -1.237334680227131 ], [ 36.870040195482645, -1.237377530757048 ], [ 36.870067600154016, -1.237423318298548 ], [ 36.870090394464476, -1.237471598249525 ], [ 36.870098160974742, -1.237493348039918 ], [ 36.87012868623593, -1.237519935866905 ], [ 36.870166003968727, -1.23755973077701 ], [ 36.870199148473141, -1.237603107338578 ], [ 36.870227782469122, -1.237649624150502 ], [ 36.870251614575629, -1.237698807856304 ], [ 36.870270402275835, -1.237750157960942 ], [ 36.870283954384917, -1.23780315192397 ], [ 36.870292132995665, -1.237857250476896 ], [ 36.870298967051447, -1.237925431938821 ], [ 36.870305900264114, -1.237928074793635 ], [ 36.87032951721735, -1.237936952798514 ], [ 36.87076187918715, -1.238124301021823 ], [ 36.870789798043994, -1.238115520585314 ], [ 36.870845512491869, -1.238104305924222 ], [ 36.870902090343741, -1.238099057069711 ], [ 36.870958902806578, -1.238099832356986 ], [ 36.871087602786545, -1.238108432309994 ], [ 36.871138789301625, -1.23811433675495 ], [ 36.871189181785766, -1.238125133592147 ], [ 36.871238319729613, -1.238140724155708 ], [ 36.871281631550424, -1.238159206748623 ], [ 36.871288206771688, -1.238159180832139 ], [ 36.871335667611454, -1.238163226439587 ], [ 36.871382588232315, -1.238171473793949 ], [ 36.871537088226511, -1.238205773736431 ], [ 36.871594243842942, -1.23822182962456 ], [ 36.871649299328617, -1.23824411244193 ], [ 36.871701587277578, -1.238272352067528 ], [ 36.871750473832932, -1.238306206169367 ], [ 36.871759944039773, -1.238313569158396 ], [ 36.871778793244928, -1.238302810208678 ], [ 36.871826147463416, -1.238281546642146 ], [ 36.87187531272324, -1.23826496175736 ], [ 36.871925833931051, -1.238253209071202 ], [ 36.871977243442224, -1.238246397371762 ], [ 36.872080243415482, -1.238237797337384 ], [ 36.872131987404167, -1.238235988622342 ], [ 36.872183665065634, -1.238239185619149 ], [ 36.872234799486193, -1.238247358824445 ], [ 36.872284918765423, -1.238260432811263 ], [ 36.87233356037116, -1.238278286925172 ], [ 36.872380275408013, -1.238300756397665 ], [ 36.872424632760087, -1.238327633866774 ], [ 36.872466223069566, -1.238358671290692 ], [ 36.872504662514579, -1.238393582236884 ], [ 36.872573362548508, -1.238462282226931 ], [ 36.872617265175514, -1.238511923724818 ], [ 36.872654807117712, -1.238566596199613 ], [ 36.872706307158147, -1.238652396207137 ], [ 36.872724294620355, -1.238685680954015 ], [ 36.872738764276157, -1.238680439515453 ], [ 36.872787702168999, -1.238667774459536 ], [ 36.87283760342568, -1.238659777981568 ], [ 36.872888029415819, -1.238656520370794 ], [ 36.872938536896598, -1.238658030261962 ], [ 36.872988681908801, -1.238664294383664 ], [ 36.8730380236792, -1.238675257674913 ], [ 36.873132423679323, -1.238700957640072 ], [ 36.873184569608121, -1.238718063833216 ], [ 36.873234718245349, -1.238740415551109 ], [ 36.873282350267822, -1.238767781327164 ], [ 36.87332697241348, -1.238799877770786 ], [ 36.873449728053004, -1.238898044094486 ], [ 36.873465106240992, -1.238909634484793 ], [ 36.873641246991859, -1.238937497272021 ], [ 36.87379596941345, -1.238951383710769 ], [ 36.873839173610051, -1.238957040784493 ], [ 36.873932473602956, -1.238973140749749 ], [ 36.873989934351471, -1.238986347334886 ], [ 36.874045618717375, -1.239005790198558 ], [ 36.874098860747118, -1.239031236815846 ], [ 36.874149023695971, -1.239062382860301 ], [ 36.874234923722987, -1.239122482837544 ], [ 36.874280896746249, -1.239158508205093 ], [ 36.874322737454563, -1.239199317943025 ], [ 36.874359956874741, -1.23924443512754 ], [ 36.874392120040298, -1.239293332495573 ], [ 36.874431949376145, -1.239361639757672 ], [ 36.874475643090264, -1.239416209164806 ], [ 36.874506395377722, -1.239458671715604 ], [ 36.874532921553488, -1.239503929764526 ], [ 36.874554972718784, -1.239551558649943 ], [ 36.874572341964388, -1.23960111146427 ], [ 36.874584866312091, -1.239652123247398 ], [ 36.874592428243993, -1.239704115349463 ], [ 36.874594956805169, -1.239756599922083 ], [ 36.874594956827949, -1.23986567512066 ], [ 36.874638094725071, -1.239857815233517 ], [ 36.874689477009632, -1.239851001963739 ], [ 36.874741271916648, -1.239849187497607 ], [ 36.874793000509001, -1.239852388613644 ], [ 36.874844184462674, -1.239860575712277 ], [ 36.87489435048969, -1.239873673089523 ], [ 36.874943034714562, -1.239891559636971 ], [ 36.874989786963596, -1.23991406996169 ], [ 36.875034174927634, -1.239940995915488 ], [ 36.875075788159464, -1.239972088519673 ], [ 36.875114241869227, -1.240007060267251 ], [ 36.875182841903111, -1.240075760257349 ], [ 36.875216836880867, -1.240113144203846 ], [ 36.875247217330788, -1.240153558079943 ], [ 36.875273718096032, -1.240196649158943 ], [ 36.875285626520629, -1.24022079184065 ], [ 36.875315148948829, -1.240223367752089 ], [ 36.875370658825084, -1.240234195820437 ], [ 36.875460912089522, -1.240256802915894 ], [ 36.875463701665666, -1.240249843742208 ], [ 36.875488509962182, -1.240202195012811 ], [ 36.875517885211373, -1.240157253715564 ], [ 36.875559842598719, -1.240099516426391 ], [ 36.87555984261278, -1.240022699968811 ], [ 36.87556191557929, -1.239975168237792 ], [ 36.875568118517414, -1.239928002144029 ], [ 36.875593818527818, -1.239782102197975 ], [ 36.875605441989698, -1.239730757438197 ], [ 36.875621957068439, -1.239680788987366 ], [ 36.875643208125467, -1.239632667749326 ], [ 36.87566899489029, -1.239586847219776 ], [ 36.875699074347871, -1.239543759212503 ], [ 36.875733163028791, -1.239503809790005 ], [ 36.875741472736728, -1.239495795346978 ], [ 36.875742590460767, -1.239472316382706 ], [ 36.87575036843419, -1.239419323730558 ], [ 36.87576330134354, -1.239367361577622 ], [ 36.875781263073812, -1.239316936631135 ], [ 36.875804078471674, -1.239268540608328 ], [ 36.875831525053528, -1.239222645441488 ], [ 36.875900225022988, -1.239119645469454 ], [ 36.87593379128603, -1.23907456821724 ], [ 36.875971821149136, -1.239033237675254 ], [ 36.876013904497874, -1.2389960995529 ], [ 36.87605958750499, -1.238963554348572 ], [ 36.876153987459816, -1.238903454341825 ], [ 36.876202657171291, -1.238875913047904 ], [ 36.876253896682165, -1.23885358756268 ], [ 36.87630715606965, -1.238836717492753 ], [ 36.876338279987934, -1.238830326549613 ], [ 36.876356296182628, -1.238805087070782 ], [ 36.876390295286711, -1.238762210611694 ], [ 36.876428423035378, -1.238723009587864 ], [ 36.876470289500624, -1.238687884903943 ], [ 36.876515466519052, -1.238657195776389 ], [ 36.876563492070623, -1.238631256059845 ], [ 36.876613875003621, -1.238610331037288 ], [ 36.876734074955259, -1.238567431010396 ], [ 36.876781980646719, -1.238552815747945 ], [ 36.876831026942298, -1.238542737073284 ], [ 36.876880790739946, -1.238537281931378 ], [ 36.876930842747953, -1.238536497381973 ], [ 36.876980751188256, -1.238540390193473 ], [ 36.877184645802735, -1.23856592643679 ], [ 36.877328438425486, -1.2385827793935 ], [ 36.877385458523065, -1.2385926083789 ], [ 36.877441103457798, -1.238608532041299 ], [ 36.877494732127062, -1.238630366919943 ], [ 36.87754572665812, -1.238657861449066 ], [ 36.877593499526782, -1.238690698856222 ], [ 36.877677616869114, -1.238755445046881 ], [ 36.877750672489078, -1.238798001686381 ], [ 36.877792653164931, -1.238825142250083 ], [ 36.877912753203802, -1.238910942218942 ], [ 36.877952658279973, -1.238942391936255 ], [ 36.877989451768379, -1.238977475440402 ], [ 36.878022808292606, -1.239015882477499 ], [ 36.878052432870277, -1.239057273402497 ], [ 36.878091740350058, -1.23911802506868 ], [ 36.878120700601407, -1.23908247181549 ], [ 36.878160446626211, -1.239042876562863 ], [ 36.878204055089356, -1.239007639749815 ], [ 36.878251056490555, -1.238977140745754 ], [ 36.878300944800245, -1.23895170791162 ], [ 36.878353182907539, -1.238931615064707 ], [ 36.878400451176219, -1.238918896684456 ], [ 36.878429674476763, -1.238896953939589 ], [ 36.878467497539603, -1.238873182713604 ], [ 36.878587597483595, -1.238804482700584 ], [ 36.878635798571366, -1.238780039269232 ], [ 36.878686186961879, -1.238760570743504 ], [ 36.878738257319192, -1.238746272370191 ], [ 36.87879148743913, -1.238737287545701 ], [ 36.878845343486383, -1.238733706377773 ], [ 36.878899285348226, -1.238735564781861 ], [ 36.878952772051221, -1.238742844120933 ], [ 36.8790052671865, -1.23875547139236 ], [ 36.879056244289323, -1.238773319959936 ], [ 36.879105192118928, -1.238796210823979 ], [ 36.879113248412061, -1.238801018049446 ], [ 36.879148446821993, -1.238795971002929 ], [ 36.879203074858189, -1.238793769027124 ], [ 36.879257643473849, -1.238797148683495 ], [ 36.879311591156302, -1.238806075195851 ], [ 36.879364362782205, -1.238820456710723 ], [ 36.879415415329717, -1.238840145242396 ], [ 36.879464223466243, -1.238864938195784 ], [ 36.879510284954115, -1.238894580451024 ], [ 36.879553125818674, -1.238928766988713 ], [ 36.879591708714734, -1.238966561703443 ], [ 36.879605343404542, -1.238948230635487 ], [ 36.879639226737382, -1.238910600864381 ], [ 36.879676457831224, -1.238876325214823 ], [ 36.879716710378744, -1.238845704091876 ], [ 36.879759631591476, -1.238819005870993 ], [ 36.879804845291702, -1.238796464545853 ], [ 36.879851955209482, -1.238778277677618 ], [ 36.879900548455673, -1.238764604663308 ], [ 36.879933060051101, -1.238757088530815 ], [ 36.879965826920923, -1.238738001020229 ], [ 36.880013014955239, -1.238713551727617 ], [ 36.880062363361404, -1.238693892303202 ], [ 36.880113393603047, -1.238679213386898 ], [ 36.880151569389888, -1.238672226990456 ], [ 36.880167483876548, -1.238659776182863 ], [ 36.880214130330387, -1.238630430100279 ], [ 36.880263505814611, -1.238606022567488 ], [ 36.880315095968101, -1.238586807846589 ], [ 36.880368363358713, -1.238572986104445 ], [ 36.880422753081881, -1.238564701327451 ], [ 36.880508653058683, -1.238556101299332 ], [ 36.880564976406568, -1.238553445677115 ], [ 36.880621267180636, -1.238556727245188 ], [ 36.880676909275657, -1.238565910087296 ], [ 36.880731293686097, -1.238580893697421 ], [ 36.880834293691017, -1.238615193660203 ], [ 36.880885953985654, -1.238635418984565 ], [ 36.880935277092902, -1.238660877968202 ], [ 36.880981741286178, -1.238691301313459 ], [ 36.881024855079559, -1.238726367210957 ], [ 36.88106416242664, -1.238765704743539 ], [ 36.881099247544483, -1.238808897809761 ], [ 36.881129739311646, -1.238855489525269 ], [ 36.881189839359728, -1.23895848953522 ], [ 36.881216153326577, -1.23900962208672 ], [ 36.881225881270581, -1.239034738191234 ], [ 36.881245245290124, -1.239043041655533 ], [ 36.881309813746007, -1.23907605238519 ], [ 36.881395713767098, -1.239127552359571 ], [ 36.88144266889185, -1.239159172479309 ], [ 36.88147351009416, -1.239185029631427 ], [ 36.881515370638091, -1.239159588724777 ], [ 36.881546542690707, -1.239142582774458 ], [ 36.881571667555633, -1.239101805146373 ], [ 36.881607756677738, -1.239050197897134 ], [ 36.8816495565571, -1.239003158540945 ], [ 36.881718156523135, -1.238934458550511 ], [ 36.881757304168097, -1.238898915145836 ], [ 36.881799714836042, -1.238867391573002 ], [ 36.881844982695554, -1.238840189484303 ], [ 36.881892674574452, -1.238817569179444 ], [ 36.88190966322793, -1.238811472205301 ], [ 36.881912927049633, -1.238802659299901 ], [ 36.881938315085286, -1.238751397957166 ], [ 36.881968931689769, -1.238703116682097 ], [ 36.882004435528209, -1.238658353747695 ], [ 36.882044430779516, -1.238617608202119 ], [ 36.882112868078039, -1.238554885063343 ], [ 36.882170140010267, -1.238480478201531 ], [ 36.882201724451406, -1.238443071069583 ], [ 36.8822365394347, -1.238408690998283 ], [ 36.882274299844497, -1.238377619541903 ], [ 36.882377299793937, -1.238300419541314 ], [ 36.882425237623906, -1.238268346938583 ], [ 36.882476300512998, -1.238241603096729 ], [ 36.882529905993152, -1.238220493080084 ], [ 36.882632905952782, -1.238186193055906 ], [ 36.882688259969392, -1.23817099737609 ], [ 36.882744905279864, -1.238161810523662 ], [ 36.882780135940038, -1.238159920367099 ], [ 36.882782347906172, -1.238146398740548 ], [ 36.882798091390207, -1.238089580914422 ], [ 36.882819871035011, -1.238034819475544 ], [ 36.882871371018354, -1.237923319512662 ], [ 36.882897024797636, -1.237874456014391 ], [ 36.882927485068237, -1.237828473284528 ], [ 36.882962435667871, -1.237785848600946 ], [ 36.883134035583872, -1.237597048634342 ], [ 36.883174664416593, -1.237556838822973 ], [ 36.883219283890902, -1.237521170970971 ], [ 36.883267395288605, -1.237490443743501 ], [ 36.883318460861815, -1.237465000583762 ], [ 36.883371909843319, -1.237445125874221 ], [ 36.88346310517386, -1.237416631452928 ], [ 36.883565322163498, -1.237363113478625 ], [ 36.883707337550383, -1.23725957752005 ], [ 36.883756745993942, -1.237227539241558 ], [ 36.883809326740113, -1.23720110649446 ], [ 36.884003426656719, -1.237116506459013 ], [ 36.884056500665984, -1.237096636523957 ], [ 36.8841113530518, -1.237082481071553 ], [ 36.884329252980066, -1.237038381008029 ], [ 36.88437990078328, -1.237030630224778 ], [ 36.884431050934403, -1.23702775451901 ], [ 36.884482241285909, -1.237029779873569 ], [ 36.88453300932693, -1.237036687989604 ], [ 36.884761443196751, -1.23707898317334 ], [ 36.885007069907743, -1.237121318906674 ], [ 36.885065917706058, -1.237134915352062 ], [ 36.885249849790121, -1.237188487736175 ], [ 36.885276478540838, -1.23719382278244 ], [ 36.885312750995674, -1.237184145419016 ], [ 36.885347048061362, -1.237158439256156 ], [ 36.885385998599396, -1.237091142284341 ], [ 36.885415605832478, -1.237045439113939 ], [ 36.88544962458203, -1.237002960518848 ], [ 36.885487710715644, -1.236964136211296 ], [ 36.885529478955377, -1.236929358936946 ], [ 36.885574506775292, -1.236898980501902 ], [ 36.885622338675596, -1.236873308213787 ], [ 36.88574337046628, -1.236816020285032 ], [ 36.885851211222345, -1.236739888659333 ], [ 36.885893584402055, -1.236712845892676 ], [ 36.885938272494066, -1.236689886300927 ], [ 36.885984888217095, -1.236671208859651 ], [ 36.886033027584325, -1.236656975433994 ], [ 36.886082273404533, -1.236647309375873 ], [ 36.886313973335369, -1.236613009303772 ], [ 36.886371120075161, -1.236607658345861 ], [ 36.886428508131608, -1.236608454120308 ], [ 36.886485486726492, -1.236615387603738 ], [ 36.886777286705055, -1.23666688749568 ], [ 36.886833860826926, -1.236680069043544 ], [ 36.886888697549196, -1.236699300369427 ], [ 36.887232738130443, -1.236841307364168 ], [ 36.887496215114716, -1.236891181178824 ], [ 36.887546785711983, -1.236903321775549 ], [ 36.887595958846596, -1.236920310032259 ], [ 36.8876432769665, -1.236941987875136 ], [ 36.887841703753274, -1.237044796494532 ], [ 36.888269771336191, -1.237195428094905 ], [ 36.888331478933829, -1.237221576397493 ], [ 36.888441332667625, -1.237276445034499 ], [ 36.888602919546628, -1.237298777593146 ], [ 36.888660875716496, -1.237310072058174 ], [ 36.888717256993729, -1.23732767840744 ], [ 36.888771386979911, -1.237351385420756 ], [ 36.88882261628487, -1.237380908689041 ], [ 36.888886687920966, -1.237422681808571 ], [ 36.8889324431034, -1.237424863147299 ], [ 36.888982930160594, -1.237432127460337 ], [ 36.889032508986851, -1.23744416236658 ], [ 36.889080735639645, -1.237460860102633 ], [ 36.88912717828407, -1.237482071152786 ], [ 36.889171421059601, -1.237507605587836 ], [ 36.889174198913615, -1.23750938969913 ], [ 36.889309775763543, -1.237517881716042 ], [ 36.889365077978844, -1.237524244237416 ], [ 36.88941943327945, -1.237536313736781 ], [ 36.889472261904352, -1.237553961479825 ], [ 36.889649281649561, -1.237623502252888 ], [ 36.889805051845499, -1.237642624523094 ], [ 36.889853897401984, -1.237650929126791 ], [ 36.89003622145092, -1.237690678674687 ], [ 36.890128285608363, -1.237701217744256 ], [ 36.89013478010267, -1.237701555118288 ], [ 36.890190005940482, -1.237707306098209 ], [ 36.890244350931866, -1.237718744985486 ], [ 36.890270500401826, -1.237727153075743 ], [ 36.8902707837156, -1.237727181896974 ], [ 36.890278918389441, -1.237727646408973 ], [ 36.890314491664164, -1.237722772173868 ], [ 36.890427064600736, -1.237670735986882 ], [ 36.890484245762281, -1.23764817997362 ], [ 36.890543605227975, -1.237632318026584 ], [ 36.890612805205059, -1.237618018006595 ], [ 36.89066672356595, -1.237609711996278 ], [ 36.890721199913258, -1.237606933828521 ], [ 36.890790999899046, -1.237606933804042 ], [ 36.890850090118349, -1.23761020393713 ], [ 36.890928184084245, -1.237618873828435 ], [ 36.890988970822065, -1.237615881409208 ], [ 36.89103742812064, -1.237615691123646 ], [ 36.891085706545255, -1.237619882256264 ], [ 36.891207106532235, -1.23763598221158 ], [ 36.891283277486686, -1.237651780363046 ], [ 36.891396477487746, -1.237683980321696 ], [ 36.891452301152164, -1.237703238470521 ], [ 36.891505698363957, -1.237728523903226 ], [ 36.891556028978222, -1.237759533489766 ], [ 36.891592079099617, -1.237787626850333 ], [ 36.891596477981501, -1.237788969212069 ], [ 36.891650728481117, -1.237808773680551 ], [ 36.891702564184115, -1.237834302795529 ], [ 36.891709843465385, -1.237838387819323 ], [ 36.891730615608715, -1.237839863630382 ], [ 36.89180739008598, -1.237823292476534 ], [ 36.891829754949931, -1.23781896055261 ], [ 36.891984654901613, -1.237792360505855 ], [ 36.892007475979128, -1.237788945799851 ], [ 36.892147675938986, -1.237771045755415 ], [ 36.892172687470044, -1.237768447483502 ], [ 36.892289887439929, -1.237759047444668 ], [ 36.892309829609019, -1.237758563998467 ], [ 36.892311732796983, -1.237757817089068 ], [ 36.892362138347352, -1.237743525641174 ], [ 36.892413683970986, -1.23773422523421 ], [ 36.89246588304286, -1.23773000367072 ], [ 36.892500005190328, -1.237730588321876 ], [ 36.892509832916438, -1.237726034956083 ], [ 36.892561480661406, -1.237705284475239 ], [ 36.892614977864469, -1.237690000998225 ], [ 36.892669754982499, -1.237680347236928 ], [ 36.892817453381276, -1.237662161359748 ], [ 36.892991577301764, -1.237618630315449 ], [ 36.89304479381061, -1.237608155076093 ], [ 36.893098786759083, -1.23760311491257 ], [ 36.8931342752999, -1.23760340677155 ], [ 36.893268346476333, -1.237524267474699 ], [ 36.893315780377499, -1.237499366358921 ], [ 36.893365433325911, -1.237479321037596 ], [ 36.893416816100988, -1.237464329013784 ], [ 36.893469422438443, -1.237454538001474 ], [ 36.893522734018426, -1.237450044470107 ], [ 36.893576225572346, -1.237450892694148 ], [ 36.893629370058264, -1.237457074316747 ], [ 36.893681643853725, -1.237468528432123 ], [ 36.893891143853644, -1.23752552835546 ], [ 36.893910849933157, -1.237531297295282 ], [ 36.894035920444729, -1.237570526007181 ], [ 36.894109789572099, -1.237590428543183 ], [ 36.894119586982228, -1.237587606538032 ], [ 36.894202460064243, -1.237563447568994 ], [ 36.894253787101498, -1.237551190006753 ], [ 36.894306058840513, -1.237544041488774 ], [ 36.894358774524704, -1.237542070497461 ], [ 36.89440737491099, -1.237545047568618 ], [ 36.894417034593019, -1.237506399323249 ], [ 36.89443499748058, -1.237456094959232 ], [ 36.89445779214077, -1.237407814229638 ], [ 36.894485197235142, -1.237362025945228 ], [ 36.89451694665749, -1.237319174714935 ], [ 36.894552732117852, -1.237279676628666 ], [ 36.894629932079837, -1.237202476639365 ], [ 36.894669477265268, -1.237166656881718 ], [ 36.894712338439533, -1.237134935725488 ], [ 36.894841138377792, -1.237049135718618 ], [ 36.894886102282371, -1.23702224603351 ], [ 36.894933443985536, -1.236999869532075 ], [ 36.894982717665911, -1.236982216936449 ], [ 36.895033459308465, -1.236969454483364 ], [ 36.895085191074173, -1.236961702358613 ], [ 36.895095645071756, -1.236960654518521 ], [ 36.895096573530097, -1.236960282990567 ], [ 36.895131717709013, -1.236935735237736 ], [ 36.895181757481105, -1.236904709006028 ], [ 36.895234856205455, -1.236879351253867 ], [ 36.895317669456666, -1.236845238296254 ], [ 36.895359096760011, -1.236814187912166 ], [ 36.895438163630466, -1.236750879094648 ], [ 36.895480137658325, -1.236720462315104 ], [ 36.895524815140561, -1.236694235114356 ], [ 36.895571784636871, -1.236672439022326 ], [ 36.895620613599469, -1.236655274762357 ], [ 36.895670852356467, -1.236642900402668 ], [ 36.895722038252941, -1.236635429900803 ], [ 36.895773699911572, -1.236632932054027 ], [ 36.895825199901097, -1.236632932036005 ], [ 36.895878967441639, -1.236635638154614 ], [ 36.895932198540166, -1.236643729550217 ], [ 36.895947479965074, -1.236647653920192 ], [ 36.89599202541573, -1.236616839306633 ], [ 36.896043739535415, -1.2365852143448 ], [ 36.896098649858267, -1.23655962335006 ], [ 36.896127046056961, -1.236550110310888 ], [ 36.896128647039951, -1.236546617543338 ], [ 36.896155586367847, -1.236500446269958 ], [ 36.896186916832932, -1.236457172978094 ], [ 36.896222333194238, -1.236417219263471 ], [ 36.896261490403489, -1.236380974380423 ], [ 36.896304006966723, -1.236348791449614 ], [ 36.896349468661072, -1.236320984017711 ], [ 36.896443868617872, -1.236269484006229 ], [ 36.896492495189932, -1.236246043123878 ], [ 36.896543205331845, -1.236227609462554 ], [ 36.896595491572356, -1.2362143674939 ], [ 36.896648830667665, -1.236206449734754 ], [ 36.896696658069828, -1.236204216961311 ], [ 36.896743263457942, -1.236165394201039 ], [ 36.89678561235435, -1.236133507372453 ], [ 36.896793318426198, -1.23612881464434 ], [ 36.896810482688515, -1.236097972381297 ], [ 36.896840764573916, -1.236054258614451 ], [ 36.89687516174142, -1.236013746291213 ], [ 36.896913342244119, -1.2359768263726 ], [ 36.89698194221026, -1.23591672637724 ], [ 36.897022249649936, -1.235884679485968 ], [ 36.897065405085556, -1.235856640224023 ], [ 36.897111016534282, -1.235832863273747 ], [ 36.897158669705163, -1.235813564602785 ], [ 36.897173872037222, -1.23580824010935 ], [ 36.897180533523574, -1.235793088050142 ], [ 36.897207192990329, -1.235740409873437 ], [ 36.897239389469846, -1.235690964423386 ], [ 36.897264468560849, -1.235660329575502 ], [ 36.897260752189645, -1.235655257841775 ], [ 36.897201752231851, -1.235566757845978 ], [ 36.897176805959731, -1.235525476502543 ], [ 36.897155608183745, -1.23548212472351 ], [ 36.897138327074423, -1.235437046436808 ], [ 36.897092727127692, -1.235300246468144 ], [ 36.897079043021535, -1.235251860008217 ], [ 36.897069871335397, -1.23520240568576 ], [ 36.897065290951865, -1.235152308842601 ], [ 36.897065341265154, -1.235102000346626 ], [ 36.897070021842275, -1.235051912886101 ], [ 36.89707929242676, -1.235002477248166 ], [ 36.89709307328495, -1.234954118613874 ], [ 36.897111245891722, -1.234907252901252 ], [ 36.897133653949894, -1.234862283188231 ], [ 36.897211353919595, -1.234722883230768 ], [ 36.897234531370209, -1.234685026050464 ], [ 36.897260711565686, -1.234649206726422 ], [ 36.897289718587693, -1.234615665947459 ], [ 36.897413118527417, -1.234484265968973 ], [ 36.897453911319445, -1.23444514416609 ], [ 36.897498539186572, -1.234410522690359 ], [ 36.897546514364343, -1.234380779941007 ], [ 36.8975973125035, -1.234356240994812 ], [ 36.897731412446873, -1.234299940969408 ], [ 36.897776240934924, -1.234283425863466 ], [ 36.897822345482872, -1.234270967981739 ], [ 36.897869364401352, -1.234262665056498 ], [ 36.897916928827748, -1.234258582224443 ], [ 36.898048428797402, -1.23425318217965 ], [ 36.898104249704339, -1.234253802172213 ], [ 36.898159707467826, -1.234260230392131 ], [ 36.898350107452721, -1.234292430322003 ], [ 36.898396057044287, -1.23430229116909 ], [ 36.898519457043186, -1.234334491123924 ], [ 36.898569813252152, -1.234350315492986 ], [ 36.898618391217632, -1.234371019004906 ], [ 36.898664725543831, -1.234396403312551 ], [ 36.898708372329757, -1.234426225224864 ], [ 36.89874891342199, -1.234460199036766 ], [ 36.898770532334169, -1.23448225749946 ], [ 36.89880492490051, -1.234485137202684 ], [ 36.898853719410184, -1.23449381898603 ], [ 36.898901515516947, -1.234506974523268 ], [ 36.898947909223658, -1.234524492617524 ], [ 36.89899250838689, -1.234546225197346 ], [ 36.899110508411084, -1.234610625160482 ], [ 36.899156517671983, -1.234638817068088 ], [ 36.899199501332717, -1.234671490513193 ], [ 36.899239030063413, -1.234708319147152 ], [ 36.899274709042594, -1.234748935118368 ], [ 36.899306181900847, -1.23479293274644 ], [ 36.899402681971921, -1.234943132755672 ], [ 36.899433215253026, -1.23499722711659 ], [ 36.899439971222058, -1.235013225837178 ], [ 36.899473907848005, -1.23502496000914 ], [ 36.89952371627593, -1.23504502382221 ], [ 36.899571296122581, -1.235069972294091 ], [ 36.899616175942498, -1.235099558223147 ], [ 36.89965791104332, -1.235133488457394 ], [ 36.899675199445333, -1.235149036730683 ], [ 36.899765980793397, -1.235176161195618 ], [ 36.899812155018708, -1.235192284124967 ], [ 36.899856688293276, -1.23521255078682 ], [ 36.89993479974197, -1.235252486417389 ], [ 36.900006264752875, -1.235275933244714 ], [ 36.900180766342785, -1.235290113635058 ], [ 36.900195748371786, -1.235276074524833 ], [ 36.900256817556368, -1.235211115094566 ], [ 36.900359654023795, -1.235088642854453 ], [ 36.900392046967184, -1.235053360201643 ], [ 36.900427414228417, -1.235021100385652 ], [ 36.90046547843761, -1.23499211640631 ], [ 36.90056207839109, -1.234925116402711 ], [ 36.900564406662674, -1.234923510588428 ], [ 36.900658306617537, -1.234859110584513 ], [ 36.900661684617681, -1.23485681261195 ], [ 36.900768984566255, -1.234784412606786 ], [ 36.900815932412264, -1.234756101929087 ], [ 36.900865490755315, -1.234732729328621 ], [ 36.900917148583204, -1.234714535808423 ], [ 36.901017487341491, -1.234684859309624 ], [ 36.901115521345879, -1.234648383481558 ], [ 36.901168191015984, -1.234631817766847 ], [ 36.901222267528993, -1.23462075935123 ], [ 36.901399367475975, -1.234593959296757 ], [ 36.901412987716988, -1.234592076650751 ], [ 36.901496993838236, -1.234581561874973 ], [ 36.901545852647359, -1.234565156484758 ], [ 36.901597052649038, -1.234553388354688 ], [ 36.901649147532559, -1.234546691620121 ], [ 36.901847877076925, -1.234530999811321 ], [ 36.902060015377153, -1.234510108067869 ], [ 36.902068784544532, -1.234509317189656 ], [ 36.902232384502447, -1.23449591713578 ], [ 36.90225977064005, -1.234494378811916 ], [ 36.902436770600453, -1.234488978751307 ], [ 36.902437554535155, -1.23448895540896 ], [ 36.90271645447303, -1.234480855313384 ], [ 36.902764572678848, -1.234481621188535 ], [ 36.90298517021094, -1.234495064335546 ], [ 36.903007827886121, -1.234488913338197 ], [ 36.903045985514673, -1.234436614208747 ], [ 36.903078156004376, -1.23439664185007 ], [ 36.903113943633663, -1.234359916270206 ], [ 36.903153026586097, -1.234326767720316 ], [ 36.903257626535058, -1.234246267721017 ], [ 36.903300281183988, -1.234216600526728 ], [ 36.903345570704239, -1.234191195852315 ], [ 36.903393075973867, -1.234170288800226 ], [ 36.903588875893817, -1.234095188759658 ], [ 36.903651318661325, -1.234075516364854 ], [ 36.903715669710067, -1.234063604686129 ], [ 36.903835766668571, -1.234048889567883 ], [ 36.903880486170763, -1.23404146936903 ], [ 36.904022792128714, -1.233984924863014 ], [ 36.904067555656006, -1.233969389000852 ], [ 36.904113501189045, -1.233957867477654 ], [ 36.9041602741096, -1.233950449219605 ], [ 36.904261370607038, -1.233938968734791 ], [ 36.904306359319044, -1.233930941439553 ], [ 36.90434448957425, -1.233909685439011 ], [ 36.904488741778472, -1.233786396895173 ], [ 36.904530617945539, -1.233754021928463 ], [ 36.9045754407177, -1.233725926775078 ], [ 36.90462277985857, -1.233702381109951 ], [ 36.904923179730318, -1.233570981056058 ], [ 36.904977161455186, -1.233550746756504 ], [ 36.905032980426078, -1.233536426703565 ], [ 36.905462080286192, -1.233450626579436 ], [ 36.905509028614624, -1.233443386642992 ], [ 36.905556427923734, -1.233440334979887 ], [ 36.905827327865111, -1.233434934886635 ], [ 36.905873822888751, -1.233436028089041 ], [ 36.905920051175379, -1.233441151631856 ], [ 36.905965668506703, -1.233450267365291 ], [ 36.906010335213594, -1.233463307413465 ], [ 36.906028976677675, -1.233469639212071 ], [ 36.906104136555591, -1.233458259044623 ], [ 36.906180556830613, -1.233427656712504 ], [ 36.906234298291452, -1.233409370136448 ], [ 36.90628965174362, -1.233396870364825 ], [ 36.906346003935894, -1.233390295881109 ], [ 36.906557903883979, -1.233376895810403 ], [ 36.906610940760849, -1.233376174045958 ], [ 36.90666379128875, -1.233380702911688 ], [ 36.906715943596772, -1.233390438544888 ], [ 36.906766892576329, -1.233405286654003 ], [ 36.906816144773273, -1.233425103431736 ], [ 36.906863223167093, -1.233449696947946 ], [ 36.906907671791053, -1.233478829008445 ], [ 36.907065971842883, -1.23359412896859 ], [ 36.907109486103224, -1.233629422773035 ], [ 36.907149135418614, -1.23366906201528 ], [ 36.907184493506307, -1.233712620521706 ], [ 36.907215180219808, -1.233759629981262 ], [ 36.907240865635984, -1.233809584980545 ], [ 36.907261273602224, -1.233861948437599 ], [ 36.907276184705431, -1.233916157376252 ], [ 36.90734058480362, -1.234208457457514 ], [ 36.907349269675663, -1.234259136252935 ], [ 36.907353147500523, -1.234310415076602 ], [ 36.90735218342661, -1.234361833068859 ], [ 36.907346479141559, -1.234448318838219 ], [ 36.907373124625529, -1.234465258627358 ], [ 36.907418954803482, -1.23449787443802 ], [ 36.907519845201598, -1.234577920732518 ], [ 36.907557108519448, -1.234580218594561 ], [ 36.907692837510119, -1.234582611058047 ], [ 36.90774755107995, -1.234586384230168 ], [ 36.907801600446483, -1.234595734113844 ], [ 36.907854425994316, -1.234610563903014 ], [ 36.907905480779057, -1.234630720053825 ], [ 36.907954236190292, -1.23465599387436 ], [ 36.90800018742469, -1.234686123685411 ], [ 36.908042858712648, -1.234720797529745 ], [ 36.908340558840997, -1.234988997474584 ], [ 36.908370931029381, -1.23501859995395 ], [ 36.908409793616862, -1.235059570316587 ], [ 36.908608169412645, -1.235108547976647 ], [ 36.908750612044948, -1.235097692953276 ], [ 36.90902455667846, -1.235057500568546 ], [ 36.90908261001681, -1.235052189524614 ], [ 36.909140893686491, -1.235053219944575 ], [ 36.9091987259009, -1.235060579775545 ], [ 36.909255430154261, -1.235074182924933 ], [ 36.909588030160492, -1.235173382804815 ], [ 36.909641910952274, -1.235192636698572 ], [ 36.909693462088761, -1.2352175272065 ], [ 36.909742103423753, -1.235247774216486 ], [ 36.910154204349638, -1.235535508287188 ], [ 36.910417390819589, -1.235654107968883 ], [ 36.910784642325773, -1.235702766804671 ], [ 36.910836656373817, -1.23571229066786 ], [ 36.910887493141971, -1.235726897793902 ], [ 36.910936663491341, -1.235746447637163 ], [ 36.910983694316769, -1.235770752094324 ], [ 36.911028133098938, -1.235799577314297 ], [ 36.91112226366976, -1.235867434796534 ], [ 36.91126507676595, -1.235957021614133 ], [ 36.911298132374412, -1.23597950882336 ], [ 36.911329444658143, -1.236004395623216 ], [ 36.911395244684797, -1.236060795609885 ], [ 36.911451507060221, -1.236116684170858 ], [ 36.911586707136046, -1.236272284159939 ], [ 36.91161726184361, -1.236310856457479 ], [ 36.911644208788516, -1.236352063023056 ], [ 36.911667325126601, -1.23639556308987 ], [ 36.911686419691733, -1.236440996924405 ], [ 36.911693250579887, -1.236462518796675 ], [ 36.911701561803227, -1.236469565319688 ], [ 36.911738862888804, -1.236508171409125 ], [ 36.911772177216911, -1.236550309630137 ], [ 36.911804477238626, -1.236595609631032 ], [ 36.911834537565866, -1.236642724799347 ], [ 36.911859612457476, -1.236692707779533 ], [ 36.911879434763321, -1.236745026049619 ], [ 36.911893793294659, -1.236799122207171 ], [ 36.911902535074198, -1.236854419907965 ], [ 36.911905566965949, -1.236910330006367 ], [ 36.911902856667531, -1.236966256832179 ], [ 36.911894433054329, -1.237021604536885 ], [ 36.911892467703126, -1.237031184004137 ], [ 36.911928455993518, -1.237052785351307 ], [ 36.911971496818055, -1.237081519912558 ], [ 36.91201160737463, -1.237114269106126 ], [ 36.912097407411487, -1.237191469090164 ], [ 36.912113155970708, -1.237206931914139 ], [ 36.912157814032213, -1.237222904306255 ], [ 36.91220538762628, -1.237245387282811 ], [ 36.912250559393158, -1.237272427045714 ], [ 36.912327759415248, -1.237323927024619 ], [ 36.912369656920369, -1.237354904244623 ], [ 36.912464156956368, -1.237432104223963 ], [ 36.912502687811923, -1.23746679528206 ], [ 36.912504255533619, -1.237468505933861 ], [ 36.912589583151203, -1.237430477739363 ], [ 36.912637168173767, -1.237411929455362 ], [ 36.912686282744517, -1.237397993789595 ], [ 36.912736486599947, -1.237388795662003 ], [ 36.912787329712138, -1.237384417525176 ], [ 36.913011614992257, -1.237375837458083 ], [ 36.913165780561798, -1.237314505473053 ], [ 36.913219782078457, -1.237296279071597 ], [ 36.9132753930622, -1.237283890256682 ], [ 36.913331992466993, -1.237277477383343 ], [ 36.913388948208329, -1.237277112069229 ], [ 36.913445624222106, -1.237282798394699 ], [ 36.91350138756799, -1.23729447285729 ], [ 36.91369608756662, -1.237346172786519 ], [ 36.913746251003218, -1.237362166844789 ], [ 36.913794625787176, -1.237383008150668 ], [ 36.913840750818579, -1.237408498049043 ], [ 36.913884186441621, -1.237438393575189 ], [ 36.913924518635397, -1.237472409770627 ], [ 36.913961362960201, -1.237510222399356 ], [ 36.914034284287943, -1.237592760506255 ], [ 36.914175686222492, -1.237715982113355 ], [ 36.914218496576353, -1.237757670610194 ], [ 36.914256474781176, -1.237803859417971 ], [ 36.914322634956093, -1.237894039168322 ], [ 36.914372824596484, -1.237872584876073 ], [ 36.914425012970412, -1.237856323926609 ], [ 36.914660512886904, -1.237795923864262 ], [ 36.914711905408907, -1.237785393346764 ], [ 36.914764071502809, -1.237779940193006 ], [ 36.91481651720585, -1.237779616039608 ], [ 36.914868745907576, -1.2377844239565 ], [ 36.914920263052188, -1.237794318417867 ], [ 36.914970580821567, -1.237809205733081 ], [ 36.915019222754417, -1.237828944934034 ], [ 36.915065728257886, -1.237853349109749 ], [ 36.915170528282246, -1.237915049078471 ], [ 36.915215984227444, -1.237945004077135 ], [ 36.915258212843355, -1.237979413097464 ], [ 36.915296784996841, -1.238017926470872 ], [ 36.915331308712183, -1.238060152819671 ], [ 36.91536143315431, -1.238105663034335 ], [ 36.915386852194125, -1.238153994634144 ], [ 36.915432531440857, -1.238252567019603 ], [ 36.915531057626517, -1.238270239012656 ], [ 36.915583095678997, -1.238282276723088 ], [ 36.915633694976648, -1.23829943781256 ], [ 36.915682358914438, -1.238321553854703 ], [ 36.915728609881711, -1.238348407792876 ], [ 36.915771993949726, -1.23837973607051 ], [ 36.915926894007093, -1.238503736035679 ], [ 36.915969189757497, -1.238541399286236 ], [ 36.916007337888729, -1.238583310186569 ], [ 36.91604091958515, -1.238629008611761 ], [ 36.916069566164424, -1.238677992854822 ], [ 36.916092963125053, -1.238729725134821 ], [ 36.916195137848575, -1.238991165787754 ], [ 36.916412949504348, -1.239201077779613 ], [ 36.916432471138279, -1.239220884676531 ], [ 36.916642237938703, -1.239444958131818 ], [ 36.916712971394503, -1.239463279723809 ], [ 36.916792409637523, -1.239420926671572 ], [ 36.916839777168931, -1.239398564666597 ], [ 36.916889075698492, -1.239380930534391 ], [ 36.916939840684428, -1.239368190442525 ], [ 36.917103640631026, -1.239335490395458 ], [ 36.917151247706286, -1.239328193873369 ], [ 36.917199311829002, -1.239325203433793 ], [ 36.91724744930314, -1.239326542949813 ], [ 36.917295275847032, -1.239332201728463 ], [ 36.917342409661089, -1.239342134596075 ], [ 36.917633309657205, -1.239417234490338 ], [ 36.917676474551676, -1.239430337514529 ], [ 36.917718400382199, -1.239447025758177 ], [ 36.918213500446697, -1.239668625591973 ], [ 36.918258871474457, -1.239691567528888 ], [ 36.918301896226872, -1.239718704934074 ], [ 36.918342192862035, -1.239749796965327 ], [ 36.918379403749846, -1.23978456768335 ], [ 36.918413198645879, -1.239822708500705 ], [ 36.918443277622373, -1.239863880920438 ], [ 36.918592583825507, -1.240089829422948 ], [ 36.918907814587719, -1.2402877046978 ], [ 36.91895091215828, -1.240317784489923 ], [ 36.918990901075226, -1.240351937821799 ], [ 36.919135428405141, -1.240488087725335 ], [ 36.919543985925195, -1.24070227857443 ], [ 36.919553734787854, -1.24070751811213 ], [ 36.919625360464238, -1.240746968562106 ], [ 36.919846485015178, -1.240795409029438 ], [ 36.919968057374703, -1.240802747805715 ], [ 36.920056822004604, -1.24080783619548 ], [ 36.920089490679466, -1.240791020241895 ], [ 36.920135512612838, -1.240770009080177 ], [ 36.920183287423178, -1.240753428656075 ], [ 36.920232395107845, -1.240741424733519 ], [ 36.920282403946466, -1.240734102843043 ], [ 36.920332874296221, -1.240731527354069 ], [ 36.920782274203383, -1.240729827198948 ], [ 36.920787111629352, -1.240729830747594 ], [ 36.921120644215854, -1.240731581922111 ], [ 36.921405493488479, -1.240682336941355 ], [ 36.921535805804254, -1.240627608309954 ], [ 36.921996548467632, -1.240401213743662 ], [ 36.922032683422294, -1.240385081787758 ], [ 36.922376127577415, -1.240246693356237 ], [ 36.92276741297772, -1.240001947132145 ], [ 36.922814218283676, -1.239975819869588 ], [ 36.922863367396751, -1.239954493785038 ], [ 36.922914375652518, -1.239938179177753 ], [ 36.922966740053255, -1.23992703692827 ], [ 36.923019944228102, -1.239921176912055 ], [ 36.923073463525014, -1.23992065691588 ], [ 36.923126770184375, -1.239925482068052 ], [ 36.923179338543306, -1.239935604787715 ], [ 36.923230650219274, -1.239950925254161 ], [ 36.923280199221907, -1.239971292391049 ], [ 36.923327496942655, -1.239996505356199 ], [ 36.923366030347886, -1.240022272211778 ], [ 36.923390019239008, -1.240024142240444 ], [ 36.923444635915907, -1.240031240006013 ], [ 36.923498247904625, -1.240043910162321 ], [ 36.923550295502395, -1.240062020435068 ], [ 36.923600235338427, -1.240085381755702 ], [ 36.92365683529988, -1.240115488576089 ], [ 36.923694150564245, -1.240117516633192 ], [ 36.923748613182468, -1.240126154144874 ], [ 36.924042213167986, -1.240188354037861 ], [ 36.924094319083387, -1.240202163030879 ], [ 36.924144794750028, -1.240221139418369 ], [ 36.924193135701628, -1.240245093546177 ], [ 36.924238858806682, -1.240273786011391 ], [ 36.924281507096957, -1.240306930054868 ], [ 36.924320654334565, -1.240344194427243 ], [ 36.924355909271917, -1.240385206699475 ], [ 36.924551609393411, -1.240637306694967 ], [ 36.924558254972872, -1.240646048889553 ], [ 36.924696784531456, -1.240832165929899 ], [ 36.92504354861687, -1.241077738312969 ], [ 36.925085094220101, -1.241110327720358 ], [ 36.925123280881728, -1.24114684317853 ], [ 36.925315980979988, -1.241350043154924 ], [ 36.925347962009852, -1.241386970201737 ], [ 36.925376502959395, -1.241426650458761 ], [ 36.925401371090487, -1.241468760352639 ], [ 36.925422363615041, -1.24151295649741 ], [ 36.925439309348675, -1.241558878494669 ], [ 36.925456473892517, -1.241612727201342 ], [ 36.925468951390428, -1.241619080864301 ], [ 36.925785823489534, -1.241629124039819 ], [ 36.926030762943569, -1.24157970353017 ], [ 36.926035703853373, -1.241578730758581 ], [ 36.92631362169346, -1.241525369189745 ], [ 36.926703978454512, -1.24132162350116 ], [ 36.926762666253673, -1.241295331902028 ], [ 36.927103266115729, -1.241166631831688 ], [ 36.92717339044102, -1.241145479313409 ], [ 36.92738186498228, -1.241097848976596 ], [ 36.927589615253773, -1.240951943539963 ], [ 36.927727434776685, -1.240823646040546 ], [ 36.927771746274075, -1.240786614978691 ], [ 36.928054946137614, -1.240574614977736 ], [ 36.928111945318058, -1.240537324031688 ], [ 36.928296472255987, -1.240432636310861 ], [ 36.928626566050049, -1.240181341938408 ], [ 36.928672191428603, -1.240150168273191 ], [ 36.928720742760774, -1.240123850091633 ], [ 36.92891494267608, -1.240031150061537 ], [ 36.928962242874206, -1.240011286165605 ], [ 36.929011203794452, -1.239996034071792 ], [ 36.929061382707772, -1.239985531697568 ], [ 36.929112325871365, -1.239979874011162 ], [ 36.929163572631587, -1.239979112172677 ], [ 36.929214659589476, -1.239983253071506 ], [ 36.929529170596474, -1.240023970111525 ], [ 36.930076603964203, -1.240015248099439 ], [ 36.930519439733942, -1.240001960890284 ], [ 36.930578935602078, -1.240003484455471 ], [ 36.930843135563308, -1.240024984361121 ], [ 36.930897511388913, -1.240032227586963 ], [ 36.930950874233716, -1.240044995722149 ], [ 36.931002671445228, -1.240063156534013 ], [ 36.93105236658532, -1.240086521940583 ], [ 36.931099444985819, -1.240114849958425 ], [ 36.931230845023507, -1.240203349922951 ], [ 36.931250958818431, -1.240217575835479 ], [ 36.931368458857314, -1.240304775806587 ], [ 36.931407574026281, -1.240336749897641 ], [ 36.931443551464874, -1.240372260969801 ], [ 36.931476076699852, -1.240410998626869 ], [ 36.931504865433091, -1.240452624269512 ], [ 36.931529666026535, -1.240496774054872 ], [ 36.931606466094024, -1.240649774075835 ], [ 36.931627401614293, -1.240696935110778 ], [ 36.931643785665564, -1.240745886490869 ], [ 36.931655469699045, -1.240796184391241 ], [ 36.931656908397329, -1.24080689154148 ], [ 36.931712003760381, -1.240798976966667 ], [ 36.931987065149677, -1.240774796612293 ], [ 36.93219677463027, -1.240724041466247 ], [ 36.932708556884393, -1.240477556900926 ], [ 36.932759505235659, -1.240456173221424 ], [ 36.932812359442046, -1.240440146714224 ], [ 36.932866565099658, -1.240429645486856 ], [ 36.932921553628702, -1.240424779690519 ], [ 36.932976748237522, -1.24042560036462 ], [ 36.93331494818424, -1.240448100244602 ], [ 36.933365352635178, -1.240453861602091 ], [ 36.933414995674475, -1.240464367045059 ], [ 36.93346343753759, -1.240479523511117 ], [ 36.933510249100536, -1.240499196736674 ], [ 36.933555015681328, -1.240523212446174 ], [ 36.933926515769038, -1.240745712337017 ], [ 36.93399047689919, -1.240790628918049 ], [ 36.934121876948609, -1.240897928889386 ], [ 36.934147556823348, -1.240920284920524 ], [ 36.934465096153332, -1.24121482402648 ], [ 36.935032500407814, -1.241726602041271 ], [ 36.93507226076526, -1.24176640750061 ], [ 36.935107696513199, -1.241810155755155 ], [ 36.935158223763487, -1.241879624009302 ], [ 36.935170801420753, -1.241889512892673 ], [ 36.935187240699875, -1.241857630287655 ], [ 36.935225180679076, -1.241792878215744 ], [ 36.935298080482717, -1.241656530306941 ], [ 36.935299552670074, -1.241653795621818 ], [ 36.935411752628731, -1.241446795685229 ], [ 36.935438363131446, -1.241402806108208 ], [ 36.935468998320538, -1.241361554658528 ], [ 36.935662598230458, -1.24112515470859 ], [ 36.935666391140799, -1.241120574794631 ], [ 36.935791591082193, -1.240971074825202 ], [ 36.935835852811607, -1.240924202544935 ], [ 36.936126752670596, -1.240650802575589 ], [ 36.936166605193542, -1.240616831687526 ], [ 36.936209537150368, -1.240586902321041 ], [ 36.936255145467705, -1.240561295473073 ], [ 36.936598545316322, -1.240389895424164 ], [ 36.936646637922451, -1.240368761167876 ], [ 36.936696544566516, -1.240352434385105 ], [ 36.936747792153746, -1.240341069847615 ], [ 36.937001792075151, -1.240297669772704 ], [ 36.937060373755635, -1.240290952472657 ], [ 36.937119333906658, -1.24029071580579 ], [ 36.937177966959538, -1.240296962604954 ], [ 36.93723557125977, -1.240309618116213 ], [ 36.937498371259792, -1.240382718021837 ], [ 36.937546585692431, -1.240398623042479 ], [ 36.93759310055637, -1.240419020805649 ], [ 36.9378130005922, -1.240528120734842 ], [ 36.937868110687802, -1.240559645559695 ], [ 36.937998986614076, -1.240645132541566 ], [ 36.938364778631133, -1.240861282211661 ], [ 36.93841723252379, -1.240896589035848 ], [ 36.938558832572213, -1.241004489002093 ], [ 36.938578250534704, -1.24102000549779 ], [ 36.938822390817634, -1.241224481137403 ], [ 36.939103894173513, -1.241430034518091 ], [ 36.939150959800081, -1.241431173891844 ], [ 36.939205121379111, -1.241435240093683 ], [ 36.939258601394357, -1.241444771917846 ], [ 36.939310856796801, -1.241459672576416 ], [ 36.939361356972292, -1.241479790765032 ], [ 36.939516056993185, -1.241550690713862 ], [ 36.939566628589731, -1.241577203728909 ], [ 36.939614134276901, -1.241608945783446 ], [ 36.939658042352598, -1.241645561608801 ], [ 36.939697861380466, -1.241686641387106 ], [ 36.939733145690212, -1.241731725338098 ], [ 36.939763500365757, -1.241780308865184 ], [ 36.939850600436792, -1.241937608882093 ], [ 36.939851760147398, -1.24193971425517 ], [ 36.939907780267987, -1.242041949098847 ], [ 36.940027008056248, -1.242193355687648 ], [ 36.940232280413092, -1.242369694885217 ], [ 36.940418877236993, -1.242494770599771 ], [ 36.94059126011701, -1.242566870068359 ], [ 36.940777749765367, -1.242593658164687 ], [ 36.940828069675781, -1.242603362172044 ], [ 36.940877246768899, -1.242617831371813 ], [ 36.941178446784441, -1.242722331266044 ], [ 36.941218443520057, -1.242738028084701 ], [ 36.941257072196571, -1.242756879005504 ], [ 36.941495872242527, -1.242885478931308 ], [ 36.941537444393511, -1.242910342967899 ], [ 36.941576635020439, -1.242938857302631 ], [ 36.941613128641272, -1.242970792397396 ], [ 36.941725734830506, -1.243078632546993 ], [ 36.941936442770142, -1.243231166857133 ], [ 36.942090333032965, -1.243336696471936 ], [ 36.94248029424962, -1.243558524830256 ], [ 36.942519564398559, -1.243583160031787 ], [ 36.942685596579622, -1.243697560176672 ], [ 36.942925175235516, -1.243840701377615 ], [ 36.943057169327176, -1.243897779853327 ], [ 36.94306622064115, -1.243898829277921 ], [ 36.943471381831735, -1.243826794908708 ], [ 36.943941525383977, -1.243737934631756 ], [ 36.943991047663992, -1.243730950224216 ], [ 36.944040999931552, -1.243728615378932 ], [ 36.944267499885243, -1.243728615301454 ], [ 36.944317394422747, -1.243730944706838 ], [ 36.944366860470318, -1.243737912956848 ], [ 36.944415473214448, -1.243749460208705 ], [ 36.9444628151697, -1.243765487295243 ], [ 36.944508479764046, -1.243785856576534 ], [ 36.94455207483054, -1.243810393121895 ], [ 36.944593225975211, -1.243838886212216 ], [ 36.944594480840969, -1.243839844238924 ], [ 36.944701561427479, -1.243801095079254 ], [ 36.945406065840309, -1.243501729507613 ], [ 36.945477519850485, -1.243477145751862 ], [ 36.946014915649165, -1.243333681894216 ], [ 36.94621568406167, -1.243211835117689 ], [ 36.946265771015362, -1.243184950418276 ], [ 36.946318389436577, -1.243163516769014 ], [ 36.946372955693761, -1.243147771907691 ], [ 36.94642886455037, -1.243137890473348 ], [ 36.94686956442613, -1.243083890336872 ], [ 36.946930148255923, -1.243079933733342 ], [ 36.946990789841074, -1.243082859869275 ], [ 36.947050719769493, -1.243092631619085 ], [ 36.947146726415845, -1.243113931336292 ], [ 36.947274415973276, -1.243070036672669 ], [ 36.947674142089305, -1.242877406426947 ], [ 36.947723081258104, -1.242856738246234 ], [ 36.947773802737764, -1.242841014661371 ], [ 36.948128202612779, -1.242750114569418 ], [ 36.948182040682276, -1.242739211559951 ], [ 36.948236701592947, -1.242733879198001 ], [ 36.948291617877253, -1.242734172842577 ], [ 36.948346219416322, -1.242740089445772 ], [ 36.948399939358744, -1.242751567584339 ], [ 36.948452220005372, -1.242768488097381 ], [ 36.948502518599085, -1.242790675323378 ], [ 36.94850346452148, -1.242791151798042 ], [ 36.948526285253095, -1.242783386736585 ], [ 36.948588787221745, -1.242766255435289 ], [ 36.948652879729565, -1.242756794864368 ], [ 36.949113929771791, -1.242717027589011 ], [ 36.949590590122149, -1.242637344598454 ], [ 36.949647898238723, -1.242630911587043 ], [ 36.949705561201462, -1.242630677544453 ], [ 36.949762919005863, -1.242636645150212 ], [ 36.949907455560194, -1.242659603180932 ], [ 36.950266282585972, -1.242556755980571 ], [ 36.950312941084938, -1.242545615130967 ], [ 36.950360398745644, -1.242538692435062 ], [ 36.950408279907947, -1.242536042691137 ], [ 36.950456205559334, -1.242537686874136 ], [ 36.950909794408581, -1.242573631863473 ], [ 36.951159847713207, -1.242580941612271 ], [ 36.951223273009575, -1.24258658269377 ], [ 36.951285594791393, -1.242599712642662 ], [ 36.951741694789142, -1.242724512479599 ], [ 36.95178525762104, -1.242738454169061 ], [ 36.951827490058598, -1.242756061012486 ], [ 36.952160290105219, -1.242911760903581 ], [ 36.952218493999297, -1.242943503709301 ], [ 36.952429673871258, -1.243076176262704 ], [ 36.952721231770376, -1.243098471355923 ], [ 36.95275256341251, -1.243101796697876 ], [ 36.952979063387993, -1.243132596616717 ], [ 36.953027233963979, -1.243141405356523 ], [ 36.953381633950613, -1.243223105229094 ], [ 36.953423828075792, -1.243234663922901 ], [ 36.953464952372485, -1.243249627290249 ], [ 36.953851319347386, -1.243408327149433 ], [ 36.953981287207576, -1.243421915224274 ], [ 36.954030775319531, -1.243429440657834 ], [ 36.954079356524431, -1.243441553953094 ], [ 36.954126611914432, -1.243458150659505 ], [ 36.954172134013866, -1.243479087666765 ], [ 36.954215530292892, -1.243504184438854 ], [ 36.954256426552163, -1.243533224570685 ], [ 36.954375526594006, -1.243626424543268 ], [ 36.954416542881717, -1.24366198745146 ], [ 36.954453807814083, -1.243701512263985 ], [ 36.954486945441253, -1.243744600232755 ], [ 36.954515621451854, -1.243790816662494 ], [ 36.954539546545746, -1.243839695296116 ], [ 36.954558479352684, -1.243890743018682 ], [ 36.954572228867406, -1.243943444832148 ], [ 36.954601228913091, -1.244082744870488 ], [ 36.954604012081298, -1.244097071345031 ], [ 36.954653412167104, -1.24437087142329 ], [ 36.954660297893192, -1.244423655660616 ], [ 36.954662010107569, -1.24447686503298 ], [ 36.954658532320344, -1.244529987104561 ], [ 36.954649898024257, -1.244582510280198 ], [ 36.95463619037217, -1.244633928732491 ], [ 36.954617541376265, -1.244683747273099 ], [ 36.954594130636657, -1.244731486121763 ], [ 36.954566183611803, -1.244776685526811 ], [ 36.954533969447141, -1.244818910192926 ], [ 36.954497798383102, -1.244857753473176 ], [ 36.954458018767305, -1.244892841285384 ], [ 36.954415013699752, -1.244923835714651 ], [ 36.954369197343325, -1.244950438267672 ], [ 36.954321010935189, -1.244972392747469 ], [ 36.954270918537397, -1.244989487720616 ], [ 36.954219402567674, -1.245001558553508 ], [ 36.954166959153468, -1.245008488997807 ], [ 36.954114093353979, -1.24501021231 ], [ 36.954061314296091, -1.24500671189418 ], [ 36.954009130271224, -1.244998021461794 ], [ 36.953958043840196, -1.244984224706978 ], [ 36.953908546993269, -1.244965454500558 ], [ 36.953861116412043, -1.244941891610357 ], [ 36.953816208878706, -1.244913762960369 ], [ 36.953774256877047, -1.244881339445187 ], [ 36.953735664427356, -1.244844933321301 ], [ 36.953700803195517, -1.244804895199776 ], [ 36.953670008913704, -1.244761610669658 ], [ 36.953643578147101, -1.244715496584653 ], [ 36.953621765437831, -1.244666997048456 ], [ 36.953604780853624, -1.244616579137904 ], [ 36.953592787964745, -1.244564728404702 ], [ 36.953574258681257, -1.244462029489999 ], [ 36.953563423892007, -1.244459297313271 ], [ 36.953515347375372, -1.244442172718899 ], [ 36.953098235028961, -1.244270843916831 ], [ 36.95281045216332, -1.244204501094676 ], [ 36.952623853906076, -1.244179126962644 ], [ 36.952215867968519, -1.244147928464064 ], [ 36.95216430926753, -1.24414145788344 ], [ 36.952113609147688, -1.244130020636704 ], [ 36.952064238760421, -1.244113723009562 ], [ 36.952016656899971, -1.244092716454826 ], [ 36.951971305739846, -1.244067196184822 ], [ 36.951675837539121, -1.243881569709888 ], [ 36.951414674568042, -1.243759384888222 ], [ 36.951064571145054, -1.243663587993459 ], [ 36.950865152049595, -1.24365775828368 ], [ 36.950838494312812, -1.243656313259437 ], [ 36.950468259987204, -1.243626973515767 ], [ 36.950088417143597, -1.243735843989572 ], [ 36.950031422562965, -1.24374886370864 ], [ 36.949973362452958, -1.243755595722873 ], [ 36.949914919479568, -1.243755960878492 ], [ 36.949856780810343, -1.24374995488272 ], [ 36.949681101523574, -1.243722050057843 ], [ 36.949269509587744, -1.243790855309568 ], [ 36.949227220234526, -1.243796205318499 ], [ 36.948809813707172, -1.243832207900804 ], [ 36.948635814576875, -1.243891413309524 ], [ 36.948584632915619, -1.243906038530626 ], [ 36.948532267994885, -1.243915513588139 ], [ 36.948479230067065, -1.243919746156077 ], [ 36.948426035942347, -1.243918694992151 ], [ 36.948373203952826, -1.24391237033957 ], [ 36.948321248901799, -1.243900833827319 ], [ 36.948270677047397, -1.243884197869465 ], [ 36.948221981169553, -1.243862624569922 ], [ 36.948199729093709, -1.243851415863366 ], [ 36.948091614168021, -1.243879146201078 ], [ 36.947711357695532, -1.244062393629695 ], [ 36.947652804284672, -1.244086469261519 ], [ 36.94735230416741, -1.244189769195352 ], [ 36.947305226005533, -1.244203580219943 ], [ 36.947257095556331, -1.244213027495168 ], [ 36.94720831122121, -1.244218032821292 ], [ 36.947159276814041, -1.244218554766997 ], [ 36.947110398218619, -1.24421458901228 ], [ 36.947062080028928, -1.244206168384196 ], [ 36.94690851654677, -1.244172099194794 ], [ 36.946673583237001, -1.244200886042221 ], [ 36.94650571582725, -1.244302764992219 ], [ 36.94646094652856, -1.244327112231167 ], [ 36.946414095468711, -1.244347101455046 ], [ 36.946365580264079, -1.244362554486331 ], [ 36.945790464691569, -1.244516087678322 ], [ 36.945107333810178, -1.244806370476449 ], [ 36.945080053665798, -1.244817093330776 ], [ 36.944684053508389, -1.244960393246909 ], [ 36.944632817144182, -1.244976088060638 ], [ 36.944580286172872, -1.244986587459592 ], [ 36.944526979268964, -1.244991787776504 ], [ 36.944473422768176, -1.244991637665582 ], [ 36.944420145470588, -1.244986138609541 ], [ 36.944367673419393, -1.244975344904856 ], [ 36.944316524706913, -1.244959363125684 ], [ 36.944267204359122, -1.244938351071488 ], [ 36.944220199349203, -1.244912516209117 ], [ 36.944175973789292, -1.244882113624112 ], [ 36.944087195175989, -1.244814335544171 ], [ 36.943667474334241, -1.244893665293557 ], [ 36.94366175612172, -1.244894713974128 ], [ 36.94317635596957, -1.244981013832755 ], [ 36.943124775487064, -1.244987620900798 ], [ 36.943072802487897, -1.24498919465391 ], [ 36.943020920674854, -1.244985720445995 ], [ 36.942855320654523, -1.244966520386614 ], [ 36.94280373555798, -1.244957970628914 ], [ 36.942753216112934, -1.244944430879229 ], [ 36.942704237631602, -1.24492602852678 ], [ 36.942467437658877, -1.24482362844718 ], [ 36.942405075926722, -1.244791685496961 ], [ 36.942120375993142, -1.244621585413322 ], [ 36.942091035379221, -1.244602739807037 ], [ 36.941929744671647, -1.244491606500409 ], [ 36.941540305648878, -1.244270074859434 ], [ 36.941502024088152, -1.244246119158712 ], [ 36.941323824140291, -1.244123919111429 ], [ 36.941312590053627, -1.244116002892895 ], [ 36.941066290131758, -1.243937702830812 ], [ 36.941009471176152, -1.243890307387135 ], [ 36.94092295899614, -1.24380745671804 ], [ 36.940786470066307, -1.243733953828766 ], [ 36.94057455610568, -1.243660431144905 ], [ 36.940371350001762, -1.243631241687729 ], [ 36.940326836792984, -1.24362291422433 ], [ 36.940283175032746, -1.243610855948854 ], [ 36.940240672815328, -1.243595151949536 ], [ 36.939956872845173, -1.24347645185326 ], [ 36.939909718164714, -1.243453976832596 ], [ 36.939864943476628, -1.243427018146627 ], [ 36.939608043549292, -1.243254818077113 ], [ 36.939556897285577, -1.243215925027116 ], [ 36.939287297393413, -1.242984324972724 ], [ 36.939249225551201, -1.242948264284739 ], [ 36.939214803881448, -1.242908660778095 ], [ 36.939035103990875, -1.24268046077233 ], [ 36.93900877347744, -1.242644010095159 ], [ 36.938985539793578, -1.242605485487422 ], [ 36.938933874649358, -1.242511198193095 ], [ 36.938910239970944, -1.242510626022499 ], [ 36.938856193205957, -1.242506574271218 ], [ 36.938802823954752, -1.242497079988414 ], [ 36.938750671837902, -1.242482239172042 ], [ 36.938700264169327, -1.242462201879294 ], [ 36.938652110624574, -1.242437170709231 ], [ 36.938606698087455, -1.242407398754335 ], [ 36.938174898226443, -1.242092098646421 ], [ 36.938146649223775, -1.242069994328054 ], [ 36.937898280959999, -1.24186197734775 ], [ 36.937791765748393, -1.241780812101623 ], [ 36.937442821269777, -1.241574617485663 ], [ 36.937422289098578, -1.241561854276115 ], [ 36.937307921659681, -1.24148715038662 ], [ 36.937162160528061, -1.24141483318641 ], [ 36.937063997701692, -1.241387528347524 ], [ 36.93700640034919, -1.241397369764311 ], [ 36.936804762042442, -1.241498012689972 ], [ 36.93659506845907, -1.241695091418325 ], [ 36.936492517959081, -1.241817545853738 ], [ 36.936333458494452, -1.242011769250075 ], [ 36.936246587511157, -1.242172039227734 ], [ 36.936169419682109, -1.242316369806094 ], [ 36.936159059502458, -1.242334869769916 ], [ 36.93613059402756, -1.242383451720199 ], [ 36.936060023821824, -1.242540568679755 ], [ 36.936034701834409, -1.242590020359184 ], [ 36.936004480971825, -1.242636601712679 ], [ 36.935936780941674, -1.242730101735809 ], [ 36.935901580752429, -1.242773768173486 ], [ 36.935862078659071, -1.242813532537542 ], [ 36.935818699093559, -1.242848967578475 ], [ 36.935629799003003, -1.242987567576366 ], [ 36.935586615324148, -1.243016164813174 ], [ 36.935540908395055, -1.243040466738346 ], [ 36.935493098644926, -1.243060249814266 ], [ 36.935443625845423, -1.243075332069419 ], [ 36.935392945065502, -1.243085574772151 ], [ 36.935341522485501, -1.243090883706834 ], [ 36.935289831109003, -1.243091210040449 ], [ 36.935238346412028, -1.243086550771739 ], [ 36.935187541969356, -1.243076948758815 ], [ 36.934957041962555, -1.243021748675371 ], [ 36.934909614391842, -1.243008054155866 ], [ 36.934863629815496, -1.242990051635375 ], [ 36.934819473604541, -1.242967891983394 ], [ 36.934777515807419, -1.242941760907974 ], [ 36.934690215833236, -1.242881660884863 ], [ 36.934679513338644, -1.242874099534623 ], [ 36.934591913366603, -1.242810599512551 ], [ 36.934575107651789, -1.242797909379295 ], [ 36.934435707701631, -1.242688309347267 ], [ 36.934398124553148, -1.242655855022795 ], [ 36.93436365946625, -1.242620065867758 ], [ 36.934332603375417, -1.24258124399423 ], [ 36.934271165068715, -1.242496774376849 ], [ 36.933742899705493, -1.24202029761868 ], [ 36.933737342911016, -1.242015214898806 ], [ 36.933429532997067, -1.241729700122187 ], [ 36.933341684880034, -1.241657964132687 ], [ 36.933114868852826, -1.241522118635308 ], [ 36.933046507306813, -1.241517570608394 ], [ 36.932610742839692, -1.241727443135374 ], [ 36.93255842356713, -1.241749318729369 ], [ 36.932504111907029, -1.24176554588266 ], [ 36.932200011801577, -1.241839145801171 ], [ 36.932160694011742, -1.241847116904687 ], [ 36.932120896159546, -1.241852123164229 ], [ 36.931894618704106, -1.241872014824908 ], [ 36.931863911069129, -1.241885632267951 ], [ 36.931819759600671, -1.241902404486403 ], [ 36.93181476632892, -1.24192702936623 ], [ 36.931799160663736, -1.241977895982389 ], [ 36.931778676539395, -1.242026978095542 ], [ 36.931753511229367, -1.242073803017665 ], [ 36.931723907089605, -1.242117919798715 ], [ 36.931686307072631, -1.242168419810839 ], [ 36.93165719768789, -1.242204226320186 ], [ 36.931607297664165, -1.24226052633062 ], [ 36.931577706170735, -1.242291367910309 ], [ 36.931545787155606, -1.242319761022337 ], [ 36.931485502126797, -1.242369257013909 ], [ 36.931459731764235, -1.242402875797703 ], [ 36.931423570305689, -1.242445331773337 ], [ 36.931383258454609, -1.242483815226954 ], [ 36.93133922458501, -1.242517917214446 ], [ 36.931291936622955, -1.242547275351418 ], [ 36.931289126980715, -1.242548824416678 ], [ 36.931288442990855, -1.242554580279181 ], [ 36.931276916256934, -1.242606959211553 ], [ 36.931260305636769, -1.242657936067757 ], [ 36.931238773584838, -1.242707012285772 ], [ 36.931221364495741, -1.2427379893534 ], [ 36.931242977961681, -1.24279038453742 ], [ 36.931259925385234, -1.242837504568743 ], [ 36.93127248043573, -1.24288599759129 ], [ 36.931306780489614, -1.243048997636601 ], [ 36.931315267249168, -1.243102283044949 ], [ 36.931318451950965, -1.24315615348711 ], [ 36.931316303078198, -1.24321007585037 ], [ 36.931308841896239, -1.243263516508086 ], [ 36.931296142242218, -1.243315946600703 ], [ 36.931184642236133, -1.243693546735127 ], [ 36.931168702062202, -1.243739780514083 ], [ 36.931148687044029, -1.243784380288474 ], [ 36.931124760069117, -1.243826983093522 ], [ 36.931097115861533, -1.243867242216407 ], [ 36.931065979397211, -1.243904830017784 ], [ 36.931031604073041, -1.24393944059832 ], [ 36.930847374179486, -1.244108904569855 ], [ 36.930735879539782, -1.244248252529076 ], [ 36.93070636202912, -1.244282157705295 ], [ 36.930674149531363, -1.244313479103257 ], [ 36.930511049452001, -1.244459379116312 ], [ 36.93046706985303, -1.244494760867045 ], [ 36.930419663056185, -1.244525331846611 ], [ 36.930369346375258, -1.244550758458096 ], [ 36.930316668877303, -1.244570763241087 ], [ 36.930262205391116, -1.244585127899528 ], [ 36.930056205323062, -1.244628027841482 ], [ 36.929996533594966, -1.244636983998356 ], [ 36.929936241217966, -1.244639171691523 ], [ 36.929876083651166, -1.24463456351012 ], [ 36.929626003757342, -1.244601154692075 ], [ 36.929509923304771, -1.244588938031885 ], [ 36.92948178837576, -1.244600434013629 ], [ 36.92949320409425, -1.244679000906985 ], [ 36.929498876860457, -1.244757499907776 ], [ 36.92949887690407, -1.244971999981195 ], [ 36.929495517161044, -1.245032476800599 ], [ 36.929485479801677, -1.245092199647301 ], [ 36.929468889962919, -1.245150423947599 ], [ 36.929401613233473, -1.245344846769113 ], [ 36.929402225348824, -1.245351565787337 ], [ 36.929403262062479, -1.245364696988894 ], [ 36.929411862094355, -1.245493397030912 ], [ 36.929412875808666, -1.245544620611464 ], [ 36.929409083856328, -1.245595711998465 ], [ 36.929400520059836, -1.245646215476718 ], [ 36.92938726080471, -1.245695680574978 ], [ 36.929369424358178, -1.245743666083941 ], [ 36.929347169814292, -1.24578974399169 ], [ 36.929320695674846, -1.245833503301343 ], [ 36.929290238078828, -1.245874553697088 ], [ 36.929213038042803, -1.245968953717198 ], [ 36.929180383544519, -1.24600539132396 ], [ 36.92914459126915, -1.246038709908138 ], [ 36.929023925326256, -1.246141244297298 ], [ 36.929015180359578, -1.246182802025574 ], [ 36.928999806725642, -1.246240160439219 ], [ 36.928978293668038, -1.246295482873791 ], [ 36.928950899198192, -1.246348105833364 ], [ 36.928917951864861, -1.246397398197655 ], [ 36.92884479923039, -1.246494859303567 ], [ 36.928821260356656, -1.246569406697217 ], [ 36.928802618203449, -1.246619682862981 ], [ 36.928779131980974, -1.246667859198016 ], [ 36.92875103151701, -1.246713464265927 ], [ 36.928718591792709, -1.246756051791908 ], [ 36.928682130251715, -1.246795205029801 ], [ 36.928642003693788, -1.246830540840207 ], [ 36.928598604783247, -1.246861713439786 ], [ 36.928552358206488, -1.24688841778495 ], [ 36.92850371651614, -1.246910392556933 ], [ 36.928480868042477, -1.246918088501515 ], [ 36.92846228098044, -1.246935938895374 ], [ 36.928419698981052, -1.24696932288262 ], [ 36.928273798911235, -1.247072322878655 ], [ 36.928227286217115, -1.247101718875161 ], [ 36.928178042745358, -1.24712619797668 ], [ 36.928126579827534, -1.247145505999084 ], [ 36.928073431841277, -1.247159442453413 ], [ 36.92801915066147, -1.24716786262775 ], [ 36.927964299929712, -1.247170679089751 ], [ 36.927900490241704, -1.247170679069591 ], [ 36.927874888726301, -1.247186321667022 ], [ 36.927832198515979, -1.247209819508836 ], [ 36.927813650230512, -1.247217936495799 ], [ 36.927784348889325, -1.24725881065959 ], [ 36.927748798078902, -1.247299232656845 ], [ 36.927709431677563, -1.247335898137161 ], [ 36.927666639529541, -1.247368444003867 ], [ 36.927620845404135, -1.247396547956719 ], [ 36.927572502799094, -1.247419931683681 ], [ 36.927522090449663, -1.247438363616978 ], [ 36.927470107587617, -1.24745166122633 ], [ 36.927417068997393, -1.247459692826546 ], [ 36.927363499918201, -1.247462378881506 ], [ 36.927260499897081, -1.247462378845984 ], [ 36.927213877189367, -1.247460345430171 ], [ 36.927167604000758, -1.247454260460891 ], [ 36.92712202722722, -1.247444169555658 ], [ 36.927077488543858, -1.247430148363226 ], [ 36.926963778704589, -1.247388832140589 ], [ 36.926880402668083, -1.247384435826687 ], [ 36.926823539636381, -1.247378380457972 ], [ 36.926767633983168, -1.247366295875929 ], [ 36.92671331494018, -1.247348318096171 ], [ 36.926661193881309, -1.247324649463599 ], [ 36.926487650053986, -1.247234400133079 ], [ 36.926344600165926, -1.24718893931036 ], [ 36.926175036557154, -1.247136278474666 ], [ 36.92608121726289, -1.247136278441244 ], [ 36.925945685585226, -1.247147594632237 ], [ 36.925941721605817, -1.247181219352423 ], [ 36.925933753335158, -1.247229826240781 ], [ 36.925921436802774, -1.247277505124499 ], [ 36.925904873583093, -1.247323862795342 ], [ 36.925884200273103, -1.247368516941093 ], [ 36.925859587365792, -1.247411099298609 ], [ 36.925792540142325, -1.247515845323418 ], [ 36.925788385481141, -1.247557537764002 ], [ 36.925780773978559, -1.247608958159178 ], [ 36.925768307033124, -1.247659409088089 ], [ 36.92575109914354, -1.247708427199531 ], [ 36.925729308350327, -1.247755562301617 ], [ 36.925703134784371, -1.247800381496387 ], [ 36.925612215299154, -1.247940263878555 ], [ 36.925508083996874, -1.248163253865634 ], [ 36.925485643842592, -1.248206205178555 ], [ 36.925459479860557, -1.248246966216031 ], [ 36.925429801423334, -1.248285210795382 ], [ 36.92540509096473, -1.248314273949903 ], [ 36.925400678400123, -1.248341258562513 ], [ 36.925384946790189, -1.248398057080492 ], [ 36.925363183356282, -1.2484528015743 ], [ 36.925260183324554, -1.248675901647637 ], [ 36.925236061181764, -1.248722177556642 ], [ 36.925207627010138, -1.248765902617234 ], [ 36.925175144677326, -1.248806671063294 ], [ 36.925138915617701, -1.248844104565974 ], [ 36.925099276035162, -1.248877855744613 ], [ 36.925056593783019, -1.248907611390346 ], [ 36.925011264950442, -1.248933095372701 ], [ 36.924753764836183, -1.249061895335984 ], [ 36.924707662535283, -1.249082310367644 ], [ 36.924659868149298, -1.249098304772333 ], [ 36.924610799056651, -1.249109738874669 ], [ 36.924560883767455, -1.24911651282348 ], [ 36.924360374695681, -1.249134172398674 ], [ 36.924359858028282, -1.249134407197555 ], [ 36.924307406990422, -1.249193821820534 ], [ 36.924273659163035, -1.249228755658875 ], [ 36.92423693312454, -1.24926050075003 ], [ 36.924197525164516, -1.249288800988817 ], [ 36.924000125071125, -1.249417500977367 ], [ 36.923950446308666, -1.249446237814143 ], [ 36.923898017261308, -1.24946950408145 ], [ 36.923762025579087, -1.249521349920293 ], [ 36.92365489378156, -1.249585554084796 ], [ 36.923471244756456, -1.249723290783468 ], [ 36.923430823202104, -1.249750832449275 ], [ 36.923388091731113, -1.24977458035085 ], [ 36.923343400834021, -1.249794339704362 ], [ 36.923331465899849, -1.249798979631859 ], [ 36.923322163457414, -1.249829112623713 ], [ 36.923301673843937, -1.249878009239467 ], [ 36.92327653553842, -1.249924656895515 ], [ 36.923246989106104, -1.249968609189356 ], [ 36.923213317296579, -1.250009445512277 ], [ 36.923175842337955, -1.25004677507442 ], [ 36.923134922853272, -1.250080240644529 ], [ 36.923090950428538, -1.250109521968522 ], [ 36.922952150364011, -1.250192421956166 ], [ 36.922904602533308, -1.250217681982563 ], [ 36.922854790872677, -1.25023804838569 ], [ 36.922803211048219, -1.250253318503999 ], [ 36.922750376320629, -1.250263340388098 ], [ 36.922696812437799, -1.250268014312752 ], [ 36.922643052403224, -1.250267293769207 ], [ 36.922256659114467, -1.250242677108309 ], [ 36.922093499888923, -1.250242677051372 ], [ 36.922036318401048, -1.250239615407761 ], [ 36.92197978235739, -1.250230465079395 ], [ 36.921924529912154, -1.250215329351851 ], [ 36.921871184730676, -1.250194379071222 ], [ 36.921820348949772, -1.250167850715732 ], [ 36.92172139115609, -1.250109296767483 ], [ 36.921710080778425, -1.250109257160044 ], [ 36.921654901615334, -1.250103320729539 ], [ 36.921638374410243, -1.250099784019321 ], [ 36.921620152285456, -1.250104221936362 ], [ 36.921569506375079, -1.250111532625394 ], [ 36.921518399925951, -1.250113976853025 ], [ 36.921338199888929, -1.250113976790723 ], [ 36.921286313383398, -1.250111457167402 ], [ 36.92123490886879, -1.250103921742646 ], [ 36.92118446385502, -1.250091440515504 ], [ 36.921135446938806, -1.250074129427782 ], [ 36.921091688671609, -1.250053723281148 ], [ 36.920928127577064, -1.250086397338241 ], [ 36.920906563716414, -1.250090248495226 ], [ 36.920743463666774, -1.250115948445961 ], [ 36.920693942570665, -1.250121406105105 ], [ 36.920644132353743, -1.250122238436106 ], [ 36.920594458553651, -1.250118438328647 ], [ 36.920545345542536, -1.250110038248165 ], [ 36.92049721290153, -1.250097109958455 ], [ 36.920434638650967, -1.250077142422295 ], [ 36.920295221560728, -1.250072558796729 ], [ 36.920188241493001, -1.250071128544802 ], [ 36.920136658983409, -1.250067944973686 ], [ 36.920085616533314, -1.250059803659288 ], [ 36.920035583420002, -1.25004677945221 ], [ 36.919925183422933, -1.250012279412609 ], [ 36.919915552262083, -1.250009169648787 ], [ 36.919740672233175, -1.24995087624271 ], [ 36.91950139987383, -1.249950876155915 ], [ 36.919432934319197, -1.249946481509695 ], [ 36.919182562506549, -1.249914208769181 ], [ 36.919021042911261, -1.249903047055235 ], [ 36.918902637073856, -1.249926717144554 ], [ 36.918809296328618, -1.249955135445145 ], [ 36.9187143175157, -1.250020123974296 ], [ 36.918701400362778, -1.250028692229643 ], [ 36.918581300305981, -1.250105892222004 ], [ 36.91856038495289, -1.25011867325491 ], [ 36.918294284829805, -1.250273073228587 ], [ 36.918244065474127, -1.250298790410311 ], [ 36.918191453010465, -1.250319090109142 ], [ 36.918137022449564, -1.250333750466795 ], [ 36.918081368672347, -1.250342611258323 ], [ 36.918025099928421, -1.250345575643267 ], [ 36.917854712740485, -1.250345575585416 ], [ 36.917632515907194, -1.250375259276981 ], [ 36.917561599937223, -1.250379975482562 ], [ 36.917396189095399, -1.250379975429265 ], [ 36.917318508151823, -1.250418778159735 ], [ 36.91708672357484, -1.250553354238838 ], [ 36.91695009620922, -1.250648977420452 ], [ 36.916860111759505, -1.250722399233575 ], [ 36.916814103474401, -1.250756051170373 ], [ 36.916764828134781, -1.250784636098935 ], [ 36.916712834423372, -1.250807835725596 ], [ 36.916568834364377, -1.250863135696176 ], [ 36.916512116013735, -1.250881373993088 ], [ 36.916453744976373, -1.250893204006274 ], [ 36.916438363600832, -1.250895439980723 ], [ 36.916394857308717, -1.250911857179761 ], [ 36.916337374884904, -1.250926544416348 ], [ 36.916282482718117, -1.250934246652626 ], [ 36.916238447856131, -1.250961959695347 ], [ 36.916188342283405, -1.25098988113221 ], [ 36.916135575918588, -1.251012293577819 ], [ 36.916058043456083, -1.251040441362087 ], [ 36.915908211487803, -1.251116106844418 ], [ 36.915876459653532, -1.251156694201175 ], [ 36.915848137613921, -1.251190030906049 ], [ 36.915817232252905, -1.251220955622272 ], [ 36.915555632124764, -1.251462355647529 ], [ 36.915547854791733, -1.251469393867472 ], [ 36.915400354719445, -1.251600293878739 ], [ 36.915369884022915, -1.251625404690817 ], [ 36.915205183942852, -1.251751304691809 ], [ 36.915172529705806, -1.25177439873781 ], [ 36.915138267139604, -1.251794997472309 ], [ 36.914970967063063, -1.25188729745305 ], [ 36.914932790166191, -1.251906423372046 ], [ 36.914893230430621, -1.251922451545626 ], [ 36.914758630376653, -1.251970851516474 ], [ 36.91470218437712, -1.251987711238907 ], [ 36.914644248005629, -1.251998273236328 ], [ 36.914637141910205, -1.25199916857929 ], [ 36.914552242065895, -1.252028599922069 ], [ 36.914498011291585, -1.252063205204258 ], [ 36.914402551381578, -1.252171366874328 ], [ 36.914359184441722, -1.252215194149587 ], [ 36.914311142395839, -1.252253767627594 ], [ 36.914167125752016, -1.252356445282891 ], [ 36.914088348266468, -1.252422536791693 ], [ 36.914015067695267, -1.252516806943333 ], [ 36.913926558570807, -1.252648481862718 ], [ 36.913898476039016, -1.252729328846669 ], [ 36.913880219237655, -1.252775095568589 ], [ 36.913857908228856, -1.252819004324522 ], [ 36.913831727416166, -1.252860692202624 ], [ 36.91380189318766, -1.252899814646864 ], [ 36.913768652127438, -1.252936048304967 ], [ 36.913623252056453, -1.253080748324967 ], [ 36.913588892479957, -1.253112116851231 ], [ 36.913551980232761, -1.253140395459707 ], [ 36.913318436893533, -1.253303830367023 ], [ 36.913220330753362, -1.253389691078291 ], [ 36.913148481327582, -1.253543551644499 ], [ 36.913124170250526, -1.253589700109113 ], [ 36.913095562084656, -1.253633281279161 ], [ 36.913062922072278, -1.253673891089443 ], [ 36.913026552837216, -1.253711153023973 ], [ 36.91284125274634, -1.253883553042703 ], [ 36.912839991806401, -1.253884722461103 ], [ 36.912640091708354, -1.254069522480628 ], [ 36.912620266578266, -1.254085997910544 ], [ 36.912572210129447, -1.254340706103549 ], [ 36.912559208416987, -1.254394483709418 ], [ 36.912540830116981, -1.254446648014258 ], [ 36.912517266538075, -1.254496656014167 ], [ 36.912488762965125, -1.254543987151377 ], [ 36.912455616105866, -1.254588148732897 ], [ 36.912352053125289, -1.254712400162036 ], [ 36.912324351647186, -1.254799567488345 ], [ 36.912320157509605, -1.254812226319874 ], [ 36.912255857499424, -1.254998626385696 ], [ 36.912247243963705, -1.255020127979072 ], [ 36.912238901926479, -1.255041737743702 ], [ 36.912237357128042, -1.255044808054059 ], [ 36.912236078465853, -1.255047999922394 ], [ 36.912225412480616, -1.255068548221636 ], [ 36.912215006152401, -1.255089230955338 ], [ 36.912213169791357, -1.255092134081086 ], [ 36.912211586447185, -1.255095184434748 ], [ 36.912198970731964, -1.255114581547997 ], [ 36.912186600331339, -1.255134138064897 ], [ 36.912184490092869, -1.255136846047293 ], [ 36.912182617315189, -1.255139725509721 ], [ 36.912168173366119, -1.255157784632391 ], [ 36.912153958027204, -1.255176026591983 ], [ 36.912151594234132, -1.255178513351618 ], [ 36.912149450058813, -1.25518119419204 ], [ 36.912133316979258, -1.255197741404676 ], [ 36.912117393603673, -1.255214493126931 ], [ 36.911962193527621, -1.255362493144682 ], [ 36.911922479326854, -1.255396838475786 ], [ 36.911879641362859, -1.255427143059491 ], [ 36.911834083938274, -1.255453120883083 ], [ 36.911786237021836, -1.255474526769586 ], [ 36.911736552190355, -1.255491158691792 ], [ 36.91168549836673, -1.255502859679002 ], [ 36.911633557394282, -1.255509519298407 ], [ 36.911581219489108, -1.255511074697397 ], [ 36.911528978613447, -1.255507511196699 ], [ 36.911477327813657, -1.255498862428963 ], [ 36.911426754566918, -1.255485210021246 ], [ 36.911377736180413, -1.255466682824645 ], [ 36.911334792703983, -1.25544546081214 ], [ 36.911333299150641, -1.25544622806342 ], [ 36.911286238281171, -1.255465034202318 ], [ 36.911283005470665, -1.255466152191907 ], [ 36.911274204799227, -1.255476165964592 ], [ 36.911257704791176, -1.255492965967072 ], [ 36.911218928718718, -1.255528769391613 ], [ 36.911176868583432, -1.255560596337505 ], [ 36.911145430473098, -1.255579865704131 ], [ 36.911124149682955, -1.255600030849095 ], [ 36.911075149658949, -1.255640530851153 ], [ 36.911037064195163, -1.2556692719391 ], [ 36.910996607714694, -1.255694518702609 ], [ 36.91095409579124, -1.255716074209073 ], [ 36.91082032947245, -1.255776600822875 ], [ 36.910718978793788, -1.255840371997101 ], [ 36.910603449661728, -1.255913755265744 ], [ 36.910557082264624, -1.255940078524111 ], [ 36.910508361001, -1.255961669520183 ], [ 36.910457761179373, -1.255978317619877 ], [ 36.910405776434786, -1.255989860410366 ], [ 36.910352913913059, -1.255996185284577 ], [ 36.91029968932321, -1.255997230539736 ], [ 36.910275284276615, -1.255995278519127 ], [ 36.910270961868214, -1.256001427369096 ], [ 36.910233444413166, -1.256044374641818 ], [ 36.910191643419999, -1.25608310805241 ], [ 36.910041239277916, -1.256208396108956 ], [ 36.909879067457595, -1.256349003506544 ], [ 36.909838599057643, -1.256380839447118 ], [ 36.909795303505206, -1.256408653611016 ], [ 36.909749574001829, -1.256432193395943 ], [ 36.909701825853716, -1.256451245018769 ], [ 36.909652492699948, -1.25646563545696 ], [ 36.909602022574248, -1.256475234019918 ], [ 36.909550873836018, -1.25647995353597 ], [ 36.909499511007603, -1.256479751143899 ], [ 36.909448400555576, -1.256474628682268 ], [ 36.909398006654413, -1.256464632672712 ], [ 36.909348786970888, -1.256449853897361 ], [ 36.909323793363825, -1.256439652751328 ], [ 36.909316652303517, -1.25645895643387 ], [ 36.909293138053201, -1.256507255518007 ], [ 36.909264987296311, -1.256552973511281 ], [ 36.90925970452232, -1.256559909980354 ], [ 36.909332517602955, -1.2570759215971 ], [ 36.909337330262161, -1.257127873612055 ], [ 36.909337161675097, -1.257180050681334 ], [ 36.909332013401134, -1.25723197009254 ], [ 36.90932193306891, -1.2572831515169 ], [ 36.909307013935717, -1.257333121453152 ], [ 36.90928739402473, -1.257381417607939 ], [ 36.909263254848113, -1.25742759317289 ], [ 36.909234819727715, -1.257471220958107 ], [ 36.9092023517291, -1.257511897344328 ], [ 36.90916615122773, -1.257549246017026 ], [ 36.909126553130093, -1.257582921447839 ], [ 36.909083923775306, -1.257612612091178 ], [ 36.909038657545963, -1.257638043266526 ], [ 36.908991173219476, -1.257658979699543 ], [ 36.908941910093809, -1.257675227698749 ], [ 36.908891323923299, -1.257686636947434 ], [ 36.90883988270226, -1.25769310189423 ], [ 36.908788062335404, -1.257694562729677 ], [ 36.90873634223496, -1.257691005939442 ], [ 36.908685200885451, -1.257682464429392 ], [ 36.908635111417063, -1.257669017221148 ], [ 36.908289017456738, -1.257557904647634 ], [ 36.908198952170878, -1.257651599288592 ], [ 36.908161824430039, -1.257686735622465 ], [ 36.908121565486724, -1.257718185443466 ], [ 36.908078535278818, -1.257745667572636 ], [ 36.908033118520891, -1.257768936304553 ], [ 36.907985721264588, -1.257787783603955 ], [ 36.907936767268296, -1.257802040965732 ], [ 36.907886694208486, -1.257811580921445 ], [ 36.907835949766628, -1.257816318179009 ], [ 36.907784987626648, -1.257816210385111 ], [ 36.907756574655629, -1.257813436607938 ], [ 36.907574005833936, -1.257963860822813 ], [ 36.907531525154674, -1.257995492581517 ], [ 36.907486171094888, -1.258022785383313 ], [ 36.907438379615321, -1.258045476879685 ], [ 36.907388610106111, -1.258063348951764 ], [ 36.907337340970912, -1.258076229806806 ], [ 36.907285065028297, -1.258083995629635 ], [ 36.90723228477458, -1.258086571772729 ], [ 36.907223336993759, -1.258086124479047 ], [ 36.907210504050731, -1.258099720368037 ], [ 36.907160498461991, -1.258141310263418 ], [ 36.906602458693804, -1.258551155049911 ], [ 36.906531384514068, -1.258728868095575 ], [ 36.906508700128931, -1.258778275738584 ], [ 36.906481210874126, -1.258825146799712 ], [ 36.906449193477748, -1.258869009438739 ], [ 36.906412970251743, -1.258909422100593 ], [ 36.906372905847206, -1.258945977960389 ], [ 36.90632940358357, -1.258978309018932 ], [ 36.90628290138838, -1.259006089807128 ], [ 36.906233867388828, -1.259029040662526 ], [ 36.906182795199143, -1.259046930544586 ], [ 36.906130198951509, -1.259059579360474 ], [ 36.906076608120379, -1.259066859777968 ], [ 36.906022562192362, -1.259068698507378 ], [ 36.905544528405535, -1.25906080784679 ], [ 36.9054489206124, -1.259170163110137 ], [ 36.905412368623871, -1.25920807693886 ], [ 36.90537232586059, -1.259242232462782 ], [ 36.905329172089836, -1.259272305749891 ], [ 36.905244238187798, -1.259325530966403 ], [ 36.90515567795368, -1.259412809368985 ], [ 36.905159417038028, -1.259423608198869 ], [ 36.905171720416888, -1.259474478348221 ], [ 36.905179094202296, -1.259526305332412 ], [ 36.905181469708339, -1.259578606392133 ], [ 36.90517882480728, -1.259630894352056 ], [ 36.905171184135632, -1.259682682158856 ], [ 36.905158618864725, -1.25973348741804 ], [ 36.905141246037736, -1.259782836887364 ], [ 36.905119227479446, -1.259830270885055 ], [ 36.905092768288924, -1.259875347571617 ], [ 36.905062114928981, -1.25991764706558 ], [ 36.905027552930463, -1.2599567753546 ], [ 36.904989404232538, -1.259992367965554 ], [ 36.904948024183888, -1.260024093359692 ], [ 36.904903798232695, -1.260051656020741 ], [ 36.904857138336183, -1.260074799207612 ], [ 36.904787368111698, -1.260105286505704 ], [ 36.904789349215619, -1.26011053364372 ], [ 36.904803138037799, -1.260161535683766 ], [ 36.904811929855384, -1.260213646274593 ], [ 36.904815641199235, -1.260266370682821 ], [ 36.904814236833822, -1.260319208347463 ], [ 36.904807730091797, -1.260371657632271 ], [ 36.904796182747361, -1.26042322058823 ], [ 36.904779704429835, -1.260473407681053 ], [ 36.90475845158285, -1.260521742438779 ], [ 36.904732625979058, -1.260567765975398 ], [ 36.904702472804573, -1.260611041347454 ], [ 36.904668278331094, -1.260651157702398 ], [ 36.904630367198159, -1.260687734179185 ], [ 36.904589099330941, -1.260720423524115 ], [ 36.904544866523196, -1.260748915387647 ], [ 36.90449808871756, -1.260772939270853 ], [ 36.904341711002793, -1.26084380993085 ], [ 36.904342810862452, -1.260852978363998 ], [ 36.904343973549224, -1.260906201065975 ], [ 36.904339947549424, -1.26095928218903 ], [ 36.904330771635394, -1.261011710532359 ], [ 36.904316534176083, -1.26106298118182 ], [ 36.904297372286024, -1.261112600372498 ], [ 36.904273470504812, -1.261160090243974 ], [ 36.9042450590199, -1.261204993442367 ], [ 36.904212411449755, -1.261246877524977 ], [ 36.90417584220878, -1.261285339124901 ], [ 36.904135703479255, -1.261320007835735 ], [ 36.904092381819666, -1.261350549778784 ], [ 36.904046294441869, -1.261376670818459 ], [ 36.903997885193128, -1.261398119395005 ], [ 36.903947620281571, -1.261414688947165 ], [ 36.903895983786349, -1.261426219901408 ], [ 36.903843472995632, -1.261432601208776 ], [ 36.903790593617472, -1.261433771414274 ], [ 36.903737854909544, -1.261429719248683 ], [ 36.90368576477465, -1.261420483737117 ], [ 36.903634824869386, -1.261406153823192 ], [ 36.90358552577289, -1.261386867512314 ], [ 36.903538342262273, -1.261362810542704 ], [ 36.903493728740308, -1.261334214596576 ], [ 36.903452114859249, -1.261301355068869 ], [ 36.90341390138309, -1.261264548415097 ], [ 36.903379456327976, -1.261224149103644 ], [ 36.903349111418045, -1.261180546202005 ], [ 36.903323158890778, -1.261134159629938 ], [ 36.903301848682574, -1.261085436115364 ], [ 36.903285386021793, -1.261034844892097 ], [ 36.903188586151813, -1.260679244982909 ], [ 36.903176867993473, -1.260625718954514 ], [ 36.903170576053, -1.260571275998004 ], [ 36.903169774562102, -1.260516471901508 ], [ 36.903174471702542, -1.260461866139851 ], [ 36.903184619522662, -1.260408016163136 ], [ 36.90320011442688, -1.260355471705865 ], [ 36.903220798233299, -1.260304769175024 ], [ 36.903246459788498, -1.260256426174083 ], [ 36.90327683712313, -1.26021093621897 ], [ 36.903311620126267, -1.260168763699987 ], [ 36.903350453711177, -1.260130339140993 ], [ 36.903392941440281, -1.26009605480441 ], [ 36.90343864957218, -1.260066260686721 ], [ 36.903487111489596, -1.260041260945477 ], [ 36.903571312715961, -1.260003100771153 ], [ 36.903566610683519, -1.259990631154633 ], [ 36.90355276736112, -1.259939170618104 ], [ 36.903544009682008, -1.259886590918275 ], [ 36.903540422233931, -1.259833399908658 ], [ 36.903542039666739, -1.259780111347219 ], [ 36.903548846357779, -1.259727239934078 ], [ 36.903560776562784, -1.259675296340255 ], [ 36.903577715050872, -1.259624782275187 ], [ 36.903599498217567, -1.259576185640857 ], [ 36.903625915664968, -1.25952997581939 ], [ 36.903656712233968, -1.259486599139287 ], [ 36.903691590468711, -1.259446474564585 ], [ 36.903730213489688, -1.259409989648116 ], [ 36.903772208247482, -1.259377496788324 ], [ 36.903817169125965, -1.259349309825464 ], [ 36.903864661860077, -1.259325701010354 ], [ 36.903983503063614, -1.259273771266417 ], [ 36.903983453438656, -1.259272509984579 ], [ 36.903986560990482, -1.259219301396523 ], [ 36.903994841548432, -1.259166656590593 ], [ 36.904008215171558, -1.259115083801098 ], [ 36.904026552750395, -1.259065080913087 ], [ 36.904049677253411, -1.259017130655695 ], [ 36.904077365436038, -1.258971695942022 ], [ 36.904109349995885, -1.25892921540002 ], [ 36.904145322153305, -1.258890099138091 ], [ 36.90453222196345, -1.258508799189427 ], [ 36.90457634932411, -1.258469815538604 ], [ 36.904624427991841, -1.258435894395653 ], [ 36.904692085238963, -1.258393495831944 ], [ 36.904899779397098, -1.258155937069331 ], [ 36.904935839061899, -1.258118487011286 ], [ 36.904975305040736, -1.25808469513473 ], [ 36.905017812581505, -1.258054873751044 ], [ 36.905062968821404, -1.258029298475579 ], [ 36.905110356417836, -1.258008205680348 ], [ 36.905159537405531, -1.257991790309537 ], [ 36.90521005724429, -1.257980204077661 ], [ 36.905261449019946, -1.257973554067388 ], [ 36.905313237759614, -1.257971901739954 ], [ 36.905671083776205, -1.257977808314383 ], [ 36.905680955328542, -1.257956096394634 ], [ 36.90570593206273, -1.25791240552797 ], [ 36.905734830212872, -1.257871236687923 ], [ 36.90576740026426, -1.257832945337967 ], [ 36.905803360997993, -1.257797862096577 ], [ 36.905842401919067, -1.257766289882587 ], [ 36.906425472480358, -1.257338061237843 ], [ 36.906431973364519, -1.25731830808178 ], [ 36.906453926798235, -1.257268807507791 ], [ 36.906480679078562, -1.257221759339454 ], [ 36.90651196306613, -1.257177633384241 ], [ 36.906547466369517, -1.257136870269453 ], [ 36.90658683446464, -1.25709987704218 ], [ 36.906629674234928, -1.257067023104808 ], [ 36.906675557896826, -1.257038636526196 ], [ 36.906724027271466, -1.257015000765676 ], [ 36.906774598359902, -1.256996351842598 ], [ 36.906826766176081, -1.256982875979445 ], [ 36.906880009789539, -1.256974707742242 ], [ 36.90693379752711, -1.256971928696888 ], [ 36.906987592282135, -1.256974566594556 ], [ 36.907063761707064, -1.256982155406393 ], [ 36.907256394059175, -1.256823439329619 ], [ 36.907301420086981, -1.25679011040966 ], [ 36.907349633319036, -1.256761653912574 ], [ 36.907400515281523, -1.25673837585341 ], [ 36.907453518801667, -1.256720526559622 ], [ 36.907508073891883, -1.256708297979003 ], [ 36.907563593879267, -1.256701821615496 ], [ 36.907612610612325, -1.256701247582371 ], [ 36.907746847789426, -1.256561600892612 ], [ 36.907786597004687, -1.256524223430324 ], [ 36.907829887101727, -1.256491069078919 ], [ 36.907876277103497, -1.256462475567566 ], [ 36.907925294455566, -1.25643873416624 ], [ 36.907976439839793, -1.256420086718666 ], [ 36.908029192260678, -1.256406723178754 ], [ 36.908083014352435, -1.25639877967559 ], [ 36.908137357852951, -1.256396337126746 ], [ 36.908183521563323, -1.256398957868446 ], [ 36.908202163320901, -1.256269052829599 ], [ 36.908211668923926, -1.256219338659842 ], [ 36.908225737763935, -1.256170732887102 ], [ 36.908244247306733, -1.256123658848652 ], [ 36.908267036341371, -1.256078526540967 ], [ 36.908286990375395, -1.256046744581929 ], [ 36.90829258361574, -1.256006116980368 ], [ 36.908302799125941, -1.255960840416362 ], [ 36.908334999126254, -1.255841940459409 ], [ 36.908351690410626, -1.255790551854288 ], [ 36.908373381020027, -1.255741090710155 ], [ 36.908399855503809, -1.255694048319523 ], [ 36.90843085089363, -1.255649891949746 ], [ 36.908466059315529, -1.255609060201673 ], [ 36.908496985431569, -1.255576613119473 ], [ 36.90856500690866, -1.255483947270132 ], [ 36.908610855786272, -1.255429404638241 ], [ 36.908679765049222, -1.255357606520083 ], [ 36.908726203809159, -1.255291312536763 ], [ 36.90875795564245, -1.255250308060158 ], [ 36.908793461452191, -1.25521255102993 ], [ 36.908832395147407, -1.255178388212965 ], [ 36.908874399154882, -1.255148133366343 ], [ 36.908919087703154, -1.255122064355809 ], [ 36.9089660503655, -1.255100420603741 ], [ 36.909014855829319, -1.255083400890305 ], [ 36.909065055857411, -1.255071161527751 ], [ 36.909116189404557, -1.255063814924855 ], [ 36.90916778685191, -1.255061428554515 ], [ 36.909219374319996, -1.255064024334045 ], [ 36.909270478020879, -1.255071578423885 ], [ 36.909320628609564, -1.255084021446461 ], [ 36.909369365494449, -1.255101239123432 ], [ 36.909416241067532, -1.255123073325171 ], [ 36.909458666573286, -1.255148052784635 ], [ 36.909466179138441, -1.255136712322966 ], [ 36.909499457173403, -1.255095766071168 ], [ 36.909536539456667, -1.255058276881386 ], [ 36.909577073350782, -1.255024601260935 ], [ 36.909620673394905, -1.254995059451682 ], [ 36.909666924970345, -1.254969932384681 ], [ 36.909898724867965, -1.254858332348994 ], [ 36.909946912795903, -1.254837959775443 ], [ 36.909996834702412, -1.254822380797258 ], [ 36.91004802112235, -1.254811741919492 ], [ 36.910099990698995, -1.254806143190612 ], [ 36.910152254710781, -1.254805637261521 ], [ 36.910204321667166, -1.25481022889048 ], [ 36.910255701930609, -1.254819874898335 ], [ 36.910292215343176, -1.254830499176143 ], [ 36.910344804240914, -1.254802225938821 ], [ 36.910432359886741, -1.254762608681062 ], [ 36.910465639418049, -1.254726495936185 ], [ 36.910504019799852, -1.254688796898103 ], [ 36.910522414853276, -1.254674017931765 ], [ 36.910536949310917, -1.254656788878506 ], [ 36.910575631680963, -1.254615519090851 ], [ 36.910618385104002, -1.254578541454849 ], [ 36.910664741911894, -1.25454626045937 ], [ 36.910714195020027, -1.254519029218052 ], [ 36.91073819887562, -1.254508929109518 ], [ 36.910743474912891, -1.254500217869529 ], [ 36.910783062699231, -1.254449545124641 ], [ 36.910929062629208, -1.254283945155976 ], [ 36.910942220222225, -1.254270420538505 ], [ 36.910954991200036, -1.254256525565087 ], [ 36.910960713562531, -1.254251411334992 ], [ 36.910966067644132, -1.2542459079036 ], [ 36.910980478969115, -1.254233746456185 ], [ 36.910994541607671, -1.254221178295011 ], [ 36.91100073446276, -1.254216653223553 ], [ 36.91100659871239, -1.254211704492717 ], [ 36.911022124980626, -1.254201023336664 ], [ 36.911037343849202, -1.254189903026016 ], [ 36.911043947556259, -1.254186010692211 ], [ 36.911050265498226, -1.254181664320781 ], [ 36.911066757183711, -1.254172566321336 ], [ 36.911082985716277, -1.254163000956051 ], [ 36.91108993667811, -1.254159778845171 ], [ 36.911096647467225, -1.254156076691145 ], [ 36.911113945745996, -1.254148649467234 ], [ 36.911131027653354, -1.254140731166884 ], [ 36.911138258928652, -1.254138210309584 ], [ 36.91114529793628, -1.25413518802683 ], [ 36.911163236216346, -1.25412950310683 ], [ 36.911181006990923, -1.254123308128964 ], [ 36.911188448938532, -1.25412151280257 ], [ 36.91119574837537, -1.254119199497306 ], [ 36.911214153902137, -1.254115311630025 ], [ 36.911232442401221, -1.254110899636036 ], [ 36.911240023351084, -1.254109847130614 ], [ 36.911247512919751, -1.254108265081244 ], [ 36.911266208437972, -1.254106211709178 ], [ 36.911284838533639, -1.254103625189039 ], [ 36.911292485477169, -1.254103325640819 ], [ 36.911300093049057, -1.254102490083442 ], [ 36.911318898510537, -1.254102290981882 ], [ 36.911337690785224, -1.254101554845328 ], [ 36.911345330078412, -1.254102011139207 ], [ 36.911352982388316, -1.25410193012078 ], [ 36.911371716686567, -1.254103587207379 ], [ 36.911390490160265, -1.254104708544001 ], [ 36.911398048232307, -1.254105916285675 ], [ 36.911405671584617, -1.254106590586521 ], [ 36.911424154298004, -1.25411008790279 ], [ 36.911442728172155, -1.254113055913716 ], [ 36.911445340088996, -1.254113742950109 ], [ 36.911458084117143, -1.254096851342035 ], [ 36.91153942082903, -1.253999266222804 ], [ 36.911564952026893, -1.253863946232807 ], [ 36.91157859148494, -1.253764510292458 ], [ 36.911587475650123, -1.253716084945805 ], [ 36.911600686237364, -1.2536686699989 ], [ 36.911618114385803, -1.253622656170701 ], [ 36.911659914374106, -1.253525756203406 ], [ 36.91168509843628, -1.253474857629042 ], [ 36.911715437520122, -1.253426891895254 ], [ 36.911750598296521, -1.253382385991602 ], [ 36.911790194461524, -1.253341828895332 ], [ 36.911833790980523, -1.253305666199052 ], [ 36.911880908867893, -1.253274295215074 ], [ 36.911952933146445, -1.253231627342403 ], [ 36.9121101768946, -1.253086261373264 ], [ 36.912217641445466, -1.252986278135241 ], [ 36.912293118838654, -1.252824648492407 ], [ 36.912319533874559, -1.252774963220245 ], [ 36.912350927390669, -1.252728304066652 ], [ 36.912386960628055, -1.252685174518175 ], [ 36.912427244761879, -1.252646039974375 ], [ 36.912633144660852, -1.252465839988702 ], [ 36.912679119930452, -1.252429804685891 ], [ 36.912898426515788, -1.252276332585243 ], [ 36.912922077063079, -1.252252795892244 ], [ 36.912932124167163, -1.25222387122208 ], [ 36.912949318286238, -1.25218046853963 ], [ 36.91297015950812, -1.252138716102136 ], [ 36.912994493209389, -1.252098923675761 ], [ 36.913132693149329, -1.251893323730884 ], [ 36.913154612315779, -1.251863025162693 ], [ 36.91327471226019, -1.251708525198197 ], [ 36.91331223637151, -1.251665195025934 ], [ 36.913354104995584, -1.251626104293555 ], [ 36.913493204927455, -1.251509404300336 ], [ 36.913526757724938, -1.251483432513969 ], [ 36.913637662801683, -1.251404361901793 ], [ 36.913742448680622, -1.251285633279205 ], [ 36.913777488724598, -1.251249471886205 ], [ 36.913815718636705, -1.251216747606991 ], [ 36.91385680695592, -1.251187744167977 ], [ 36.914028406874728, -1.251078244156564 ], [ 36.914083357176203, -1.251047546377712 ], [ 36.914141484276797, -1.251023495447666 ], [ 36.914339084198566, -1.250954995403615 ], [ 36.914392714759636, -1.25093947893663 ], [ 36.914447651859625, -1.250929626825651 ], [ 36.914451665845739, -1.250929121074863 ], [ 36.914490316202546, -1.250915223012619 ], [ 36.914585063944671, -1.250862950314211 ], [ 36.914702224660189, -1.250773390257183 ], [ 36.914831022707112, -1.250659087400512 ], [ 36.915056566614872, -1.250450959271512 ], [ 36.915142740445297, -1.250340805943796 ], [ 36.915177321652465, -1.250300792251075 ], [ 36.915215619529562, -1.250264368394431 ], [ 36.915257268048428, -1.250231882491676 ], [ 36.915301869157467, -1.250203645023999 ], [ 36.91534899658599, -1.250179925868691 ], [ 36.915425499473322, -1.25014602017464 ], [ 36.915603292180712, -1.250056234323078 ], [ 36.915662124052517, -1.250030806549902 ], [ 36.915715719738678, -1.250011348859157 ], [ 36.915744652125568, -1.249993140434249 ], [ 36.915771199965079, -1.24997747558636 ], [ 36.91586049992425, -1.249928175576097 ], [ 36.91591123391629, -1.249903545603892 ], [ 36.915964244783588, -1.249884379425983 ], [ 36.91601895354016, -1.249870886376427 ], [ 36.916074762655519, -1.249863213827327 ], [ 36.916103529251153, -1.249860791367702 ], [ 36.916119994900349, -1.249854388372071 ], [ 36.916166668944349, -1.249840951473757 ], [ 36.91621435490233, -1.249831796068432 ], [ 36.916240452459078, -1.249828002276517 ], [ 36.916248149070867, -1.249825046561075 ], [ 36.916286688259007, -1.249793600907444 ], [ 36.916318396714281, -1.24976961960465 ], [ 36.91648999663186, -1.24964951959931 ], [ 36.916528384508879, -1.249625003218452 ], [ 36.916794484385726, -1.249470503192123 ], [ 36.916824197504575, -1.249454476464863 ], [ 36.917030197412942, -1.249351576435249 ], [ 36.917075632387281, -1.249331449633053 ], [ 36.917122714462117, -1.249315615590816 ], [ 36.917171044246544, -1.249304208627032 ], [ 36.917220211765432, -1.249297325505881 ], [ 36.917269799937209, -1.24929502461642 ], [ 36.917525987101804, -1.249295024529416 ], [ 36.917748183867786, -1.249265340687734 ], [ 36.917819099928437, -1.249260624425992 ], [ 36.917880869220816, -1.24926062440631 ], [ 36.918011413223574, -1.249184878412168 ], [ 36.918114679996705, -1.249118498732929 ], [ 36.918271382441041, -1.249011276156071 ], [ 36.91831791856773, -1.248982783975719 ], [ 36.918367074284376, -1.248959164847848 ], [ 36.91841834753653, -1.248940660008202 ], [ 36.918615747461963, -1.248880559960351 ], [ 36.918666801821601, -1.248867717534144 ], [ 36.918881401751314, -1.248824817472619 ], [ 36.918928378933366, -1.248817576490771 ], [ 36.91897580723677, -1.248814528801055 ], [ 36.919023317902052, -1.248815698099948 ], [ 36.919272217863025, -1.248832898010948 ], [ 36.919303765503614, -1.248836018536148 ], [ 36.919535771930455, -1.248865923832006 ], [ 36.919827599873848, -1.248865923729095 ], [ 36.919884948105008, -1.24886900326639 ], [ 36.919941645225443, -1.248878206961407 ], [ 36.919997047512211, -1.248893430318684 ], [ 36.920249646438727, -1.248977629867434 ], [ 36.920280639833315, -1.24898731529213 ], [ 36.920314758296833, -1.248987771409019 ], [ 36.920325195879059, -1.248988012729483 ], [ 36.920544195839071, -1.248995212652393 ], [ 36.920593319136074, -1.248999095898388 ], [ 36.920641884788658, -1.249007478357949 ], [ 36.920689486879056, -1.249020289969818 ], [ 36.920702064138574, -1.249024303383003 ], [ 36.920729015340164, -1.249020056616941 ], [ 36.920889972237838, -1.248987902677544 ], [ 36.920894464857298, -1.248987025135453 ], [ 36.921074664799171, -1.24895262508323 ], [ 36.921125695206449, -1.248945407119898 ], [ 36.92117717724652, -1.248943127291825 ], [ 36.921228640300122, -1.248945806440392 ], [ 36.921279613921477, -1.248953420074835 ], [ 36.921329632138786, -1.248965898596129 ], [ 36.921378237713938, -1.248983127933228 ], [ 36.921411617762466, -1.248998710027097 ], [ 36.921414609078212, -1.248997420293264 ], [ 36.921468127589193, -1.248980715145909 ], [ 36.921523080044331, -1.248969692753863 ], [ 36.921578872510203, -1.248964472249239 ], [ 36.921634901974357, -1.248965110056553 ], [ 36.921690562862693, -1.248971599282954 ], [ 36.921700376086697, -1.248973267527653 ], [ 36.92171422557692, -1.248973495811055 ], [ 36.921766143647716, -1.248976879287553 ], [ 36.921817495720092, -1.248985285287333 ], [ 36.921867803302362, -1.248998635484932 ], [ 36.921916597635132, -1.249016805485491 ], [ 36.921932441799981, -1.249024527017653 ], [ 36.921937551687421, -1.249025026675893 ], [ 36.921988616118661, -1.249035094064642 ], [ 36.922038478026195, -1.249050070746864 ], [ 36.922086672659738, -1.249069817129162 ], [ 36.922132750809133, -1.24909414916095 ], [ 36.922240192337448, -1.249157722896777 ], [ 36.922273699888954, -1.249157722884252 ], [ 36.922307747464096, -1.249158806348528 ], [ 36.922430051633022, -1.249166598124586 ], [ 36.922490753847498, -1.249093842788457 ], [ 36.922535605419924, -1.249046252322962 ], [ 36.922642405367824, -1.248945852334304 ], [ 36.92268171395672, -1.248912293797906 ], [ 36.922724027775779, -1.248882668073093 ], [ 36.922768959825554, -1.24885724611526 ], [ 36.922816099160407, -1.248836260432476 ], [ 36.922886251016415, -1.248808987549281 ], [ 36.92303315519711, -1.248698809353437 ], [ 36.92307945615736, -1.248667692839663 ], [ 36.923251156077498, -1.24856479282456 ], [ 36.92329267362171, -1.248542325910937 ], [ 36.923335982746899, -1.248523596062985 ], [ 36.923462370713089, -1.248475411484696 ], [ 36.923550136143753, -1.248418190526592 ], [ 36.923630393079804, -1.24832727832856 ], [ 36.923670156452992, -1.24828673895961 ], [ 36.923713924371903, -1.248250620062231 ], [ 36.923761214188687, -1.24821931993568 ], [ 36.923811504418019, -1.248193183740624 ], [ 36.924000304336595, -1.248107383709049 ], [ 36.924056738189975, -1.248085485068845 ], [ 36.924115254421693, -1.248070088302686 ], [ 36.924175116146323, -1.248061387300363 ], [ 36.924338533246171, -1.248046994446916 ], [ 36.924346408474399, -1.247995137542504 ], [ 36.924360033812711, -1.247942049234062 ], [ 36.924378914003029, -1.24789061646348 ], [ 36.924402856162125, -1.247841364676403 ], [ 36.924431615692932, -1.247794797037282 ], [ 36.924464898783405, -1.247751389288884 ], [ 36.924563476080927, -1.247635447768939 ], [ 36.924652716168566, -1.247444346270361 ], [ 36.924689465438256, -1.247378118548423 ], [ 36.924728959226208, -1.247317356151128 ], [ 36.92473291474473, -1.247277662224208 ], [ 36.92474038007505, -1.247226986238812 ], [ 36.924752561604144, -1.247177245018779 ], [ 36.92476935069282, -1.247128882173311 ], [ 36.924790597610176, -1.247082329018733 ], [ 36.924816112868911, -1.247038000732034 ], [ 36.924885954862049, -1.24692888851177 ], [ 36.92488618223134, -1.246926959840587 ], [ 36.924893889677904, -1.246757755175156 ], [ 36.924898933522762, -1.246704538363892 ], [ 36.924909156930916, -1.24665207961542 ], [ 36.924924460621902, -1.246600888360432 ], [ 36.924944695980329, -1.246551461720951 ], [ 36.924969666499095, -1.24650427968272 ], [ 36.924999129687663, -1.246459800434014 ], [ 36.925032799426944, -1.246418455916179 ], [ 36.925109999390031, -1.246332655931685 ], [ 36.92515061318003, -1.246292073561273 ], [ 36.925195273271392, -1.246256054313247 ], [ 36.925243476140494, -1.246225004289904 ], [ 36.925294678320356, -1.246199273567733 ], [ 36.925432078261856, -1.246139173543536 ], [ 36.925480216076515, -1.246120815437504 ], [ 36.92552987440402, -1.246107163292874 ], [ 36.925580600255337, -1.246098341646559 ], [ 36.92578660019673, -1.246072641582235 ], [ 36.925808341647148, -1.246070378660473 ], [ 36.926014341593707, -1.246053178593566 ], [ 36.926058899927845, -1.246051321565106 ], [ 36.926256299887392, -1.246051321497 ], [ 36.926309981289606, -1.246054018856767 ], [ 36.926363128852927, -1.246062084153202 ], [ 36.926415214043338, -1.246075437180334 ], [ 36.926664114049551, -1.246152737091254 ], [ 36.926667481745859, -1.24615379514561 ], [ 36.926856281751604, -1.246213795078212 ], [ 36.926899595397259, -1.246229639597807 ], [ 36.926941405882872, -1.246249150427848 ], [ 36.927052802738743, -1.246307080900746 ], [ 36.927099897109265, -1.246309564093744 ], [ 36.927150341193908, -1.246314727860376 ], [ 36.927179723221009, -1.246301653565753 ], [ 36.92735723175651, -1.246233387111716 ], [ 36.927470011214503, -1.246164478453824 ], [ 36.927513004034168, -1.246140831575799 ], [ 36.927557952668195, -1.246121211810889 ], [ 36.927604485707391, -1.246105781277011 ], [ 36.927652218650643, -1.246094667476608 ], [ 36.927700757081979, -1.246087962243122 ], [ 36.92774969992967, -1.246085720982123 ], [ 36.927766579933312, -1.246085720976948 ], [ 36.927769739791692, -1.246081610949922 ], [ 36.927802200961821, -1.246043216545222 ], [ 36.927838063199424, -1.246008020976894 ], [ 36.927877016778567, -1.245976328213457 ], [ 36.927897215003142, -1.245962809180974 ], [ 36.927929048350201, -1.245915001868598 ], [ 36.927985491664728, -1.245839802537935 ], [ 36.927994919861888, -1.245794998002227 ], [ 36.928010282675622, -1.245737672663201 ], [ 36.928031777856063, -1.245682380523863 ], [ 36.928059147907888, -1.245629783940243 ], [ 36.928092064959543, -1.24558051297783 ], [ 36.928195064912828, -1.245443213010582 ], [ 36.928233858551039, -1.245397086995279 ], [ 36.928277508892265, -1.245355590218092 ], [ 36.928318821127007, -1.245320485636055 ], [ 36.928317985896442, -1.245298429074831 ], [ 36.928321924898398, -1.245240718099227 ], [ 36.928331947052897, -1.245183757397986 ], [ 36.928357747056602, -1.245072157438257 ], [ 36.92837371026247, -1.245016675990394 ], [ 36.928420923302625, -1.244880235239747 ], [ 36.928420923318193, -1.244796957099101 ], [ 36.92838919612695, -1.244578599008966 ], [ 36.928384388023794, -1.244530815396312 ], [ 36.928383797817801, -1.244482791026909 ], [ 36.928387430134954, -1.244434902331229 ], [ 36.928418330165023, -1.244178002423453 ], [ 36.928427756492091, -1.244123284469156 ], [ 36.928442691515492, -1.244069823218744 ], [ 36.92846297871742, -1.244018178941 ], [ 36.928488405489865, -1.243968892863076 ], [ 36.92851870536267, -1.243922481498402 ], [ 36.928553560796139, -1.243879431233783 ], [ 36.928592606508758, -1.243840193232088 ], [ 36.928635433305352, -1.243805178704065 ], [ 36.928681592365336, -1.243774754599009 ], [ 36.928730599946356, -1.243749239759022 ], [ 36.928985999836321, -1.243632539716733 ], [ 36.929006064230045, -1.243623860739521 ], [ 36.929229264137255, -1.243532660696975 ], [ 36.929279080732073, -1.243515112677233 ], [ 36.929330363722691, -1.243502552906772 ], [ 36.92938262133972, -1.243495101825897 ], [ 36.929435352467678, -1.243492830885976 ], [ 36.929488051450377, -1.243495761864314 ], [ 36.929745551416914, -1.243522861771663 ], [ 36.929760416170154, -1.243524636530692 ], [ 36.929910860425657, -1.243544734664963 ], [ 36.929924485928865, -1.243532546057413 ], [ 36.930033620543583, -1.243396147621783 ], [ 36.930060568796179, -1.243364976129809 ], [ 36.93008979612452, -1.243335959514627 ], [ 36.930193974331388, -1.24324013107408 ], [ 36.930218994399965, -1.24315539945985 ], [ 36.930212081887156, -1.243148552150417 ], [ 36.930178430784174, -1.243108008544692 ], [ 36.930148857444145, -1.243064362694121 ], [ 36.930123642335502, -1.243018028529215 ], [ 36.930103024593883, -1.242969445475959 ], [ 36.930087199754212, -1.242919074288339 ], [ 36.930076317896294, -1.242867392678626 ], [ 36.930070482221538, -1.2428148907869 ], [ 36.930064182246227, -1.242713890819974 ], [ 36.930063398148299, -1.242662574133514 ], [ 36.930067435759007, -1.242611412524466 ], [ 36.930076258939081, -1.242560863920052 ], [ 36.930089788715534, -1.242511380760754 ], [ 36.930107903988599, -1.242463405950615 ], [ 36.930130442615599, -1.24241736889312 ], [ 36.930157202862233, -1.242373681647692 ], [ 36.930225532459254, -1.242273112547906 ], [ 36.930232961769725, -1.242237623960428 ], [ 36.93024817841502, -1.242188544077402 ], [ 36.930293278406587, -1.242064144120599 ], [ 36.930313885873964, -1.242014962701435 ], [ 36.930339195619922, -1.241968057684786 ], [ 36.930368962616768, -1.241923883165725 ], [ 36.930402898685472, -1.241882866804959 ], [ 36.930440675285631, -1.24184540568868 ], [ 36.930584475215674, -1.241716205700484 ], [ 36.930632457832843, -1.241677798830335 ], [ 36.930671775276032, -1.241653096484403 ], [ 36.930667110209583, -1.241649997759227 ], [ 36.930624446566839, -1.241614869798417 ], [ 36.930584146584287, -1.241578069791137 ], [ 36.93054564605869, -1.241539160079386 ], [ 36.930511251109785, -1.241496532075669 ], [ 36.930481314188363, -1.241450622597091 ], [ 36.930456142062972, -1.241401902086521 ], [ 36.930435992676372, -1.241350869791917 ], [ 36.930415292700189, -1.241289569805531 ], [ 36.930400158828675, -1.241235810946244 ], [ 36.930390599310542, -1.241180770416899 ], [ 36.930386715561262, -1.241125032136733 ], [ 36.930387821184617, -1.241091351971847 ], [ 36.930104959988512, -1.241099838967704 ], [ 36.930097430524079, -1.241100011896065 ], [ 36.929507430397379, -1.241109411694828 ], [ 36.929430140243646, -1.241105047005331 ], [ 36.929233979648913, -1.241079651646859 ], [ 36.929232679258234, -1.241080272378654 ], [ 36.928917833832237, -1.241319958200094 ], [ 36.928857354779325, -1.241359876121822 ], [ 36.928670924936064, -1.241465643288499 ], [ 36.928438193847192, -1.241639862803462 ], [ 36.928294365238266, -1.24177375410904 ], [ 36.928236822181375, -1.24182038061275 ], [ 36.927912322026316, -1.242048280603125 ], [ 36.927868297295944, -1.242076121753054 ], [ 36.927821812101328, -1.242099563781852 ], [ 36.927773299031287, -1.242118388539669 ], [ 36.927723209545896, -1.242132420844781 ], [ 36.927447786895435, -1.242195346683958 ], [ 36.927171657332472, -1.242299685617568 ], [ 36.92674002132285, -1.242524976565362 ], [ 36.926692700172332, -1.24254682478227 ], [ 36.926643505435543, -1.242563975738824 ], [ 36.926592896129662, -1.242576269406513 ], [ 36.926240168730139, -1.24264399453269 ], [ 36.925936836828392, -1.242705196448037 ], [ 36.925875680360647, -1.242713902773725 ], [ 36.925813935814901, -1.242715509593516 ], [ 36.925315435724002, -1.242699709418589 ], [ 36.925256814201106, -1.242694617175674 ], [ 36.925199093505881, -1.242683123623901 ], [ 36.925142961547877, -1.242665365743027 ], [ 36.925089087302062, -1.242641555170383 ], [ 36.924768787357813, -1.242478455067804 ], [ 36.924722446189342, -1.242451881041878 ], [ 36.924678941388798, -1.242420827244663 ], [ 36.924638698966078, -1.242385597763347 ], [ 36.924602112984942, -1.242346537574375 ], [ 36.924569541704273, -1.242304029165394 ], [ 36.924541304069905, -1.24225848878979 ], [ 36.924517676591471, -1.242210362390631 ], [ 36.924498890634744, -1.242160121233948 ], [ 36.924450719603776, -1.242008998469307 ], [ 36.924380018112345, -1.241934444489054 ], [ 36.924006551346558, -1.241669961366086 ], [ 36.923962102317176, -1.241634837272805 ], [ 36.923921551554187, -1.241595221933853 ], [ 36.923885344851179, -1.241551550860082 ], [ 36.923698823695752, -1.241300955890004 ], [ 36.923649886188109, -1.24123791473565 ], [ 36.923606889521459, -1.241240719485679 ], [ 36.923552960577581, -1.241238794838739 ], [ 36.923499493149166, -1.241231452115109 ], [ 36.923447023209278, -1.241218764920978 ], [ 36.923396076731777, -1.24120086043701 ], [ 36.923347164418743, -1.241177918143421 ], [ 36.923195364880861, -1.241097172357666 ], [ 36.923105380531247, -1.241090157656061 ], [ 36.923075814158409, -1.241086439308406 ], [ 36.922904886836633, -1.241193352970652 ], [ 36.922863735282291, -1.241216642652446 ], [ 36.922820716680107, -1.241236218399084 ], [ 36.92245167809196, -1.241384919671632 ], [ 36.921994451295724, -1.241609586309844 ], [ 36.921965552288441, -1.241622741098847 ], [ 36.921764352203915, -1.241707241061454 ], [ 36.921707148246163, -1.241727543186041 ], [ 36.92165330101426, -1.241740027683666 ], [ 36.921623236801935, -1.24177513847561 ], [ 36.921585912916804, -1.241811099821307 ], [ 36.921543284556563, -1.241848399622397 ], [ 36.921494703278242, -1.241904724765315 ], [ 36.921460433322814, -1.241940940544375 ], [ 36.921422995209447, -1.241973825756695 ], [ 36.921382707154869, -1.24200310088466 ], [ 36.92133991159978, -1.24202851709573 ], [ 36.921325841085029, -1.242035199054167 ], [ 36.921310565931719, -1.242058096948723 ], [ 36.921276696386599, -1.242103533369086 ], [ 36.921238292059549, -1.242145156049713 ], [ 36.921195774026337, -1.242182508628354 ], [ 36.921149608466536, -1.242215181561404 ], [ 36.921100301552208, -1.242242816614257 ], [ 36.92104839389809, -1.242265110789108 ], [ 36.921036429920662, -1.242269519338778 ], [ 36.921035564097565, -1.242270502839503 ], [ 36.921000622149137, -1.242303699218654 ], [ 36.92092051443575, -1.242373277073821 ], [ 36.920839236632943, -1.242458185530593 ], [ 36.92080170422178, -1.242493812609324 ], [ 36.9207609594065, -1.242525664629214 ], [ 36.920717375511039, -1.242553449746829 ], [ 36.920676412229177, -1.242574333525792 ], [ 36.920671107023928, -1.242583485420791 ], [ 36.920640505159568, -1.242626157128206 ], [ 36.920605939210212, -1.242665643515582 ], [ 36.92056773448644, -1.242701572964965 ], [ 36.920526250544384, -1.242733607333872 ], [ 36.920481877801947, -1.242761445137629 ], [ 36.920435033864351, -1.242784824386725 ], [ 36.920386159593939, -1.242803525052541 ], [ 36.920335714961091, -1.24281737113798 ], [ 36.920181214908844, -1.242851771095061 ], [ 36.920132542131434, -1.242860274498004 ], [ 36.920083300256486, -1.242864256712922 ], [ 36.920033902963716, -1.242863684285785 ], [ 36.919984765238411, -1.242858562025947 ], [ 36.919943571825804, -1.242850377749567 ], [ 36.919938234436771, -1.242852213419285 ], [ 36.919884663227222, -1.242864679452772 ], [ 36.919830108900747, -1.242871587091936 ], [ 36.919775139227959, -1.24287286444655 ], [ 36.919720326302013, -1.242868498223229 ], [ 36.919680874102106, -1.242863306486801 ], [ 36.919636681242181, -1.242894577995614 ], [ 36.919593452653672, -1.242922176105878 ], [ 36.919547817659762, -1.24294552187699 ], [ 36.919500187939356, -1.242964404704333 ], [ 36.919450993166016, -1.242978654244067 ], [ 36.919400677131755, -1.242988141949841 ], [ 36.919349693743541, -1.242992782232399 ], [ 36.919298502928577, -1.242992533231693 ], [ 36.919135402901262, -1.242983933173748 ], [ 36.919080648628395, -1.242978212686451 ], [ 36.919068744722445, -1.242975713893743 ], [ 36.919048145479572, -1.242979629538643 ], [ 36.918994306607949, -1.242984320599807 ], [ 36.918940271636913, -1.242983561661785 ], [ 36.918886583786282, -1.242977360354831 ], [ 36.918783583777689, -1.242960160317219 ], [ 36.918774992738037, -1.242958338102801 ], [ 36.918775039637595, -1.242966723491454 ], [ 36.91876993933613, -1.243020828074156 ], [ 36.918759485961743, -1.243074147489755 ], [ 36.918743784433737, -1.243126146576409 ], [ 36.918722992346687, -1.243176303424289 ], [ 36.91869731838873, -1.243224114613985 ], [ 36.918667020246907, -1.243269100269283 ], [ 36.918632402020812, -1.243310808873584 ], [ 36.918516119973901, -1.243437434997436 ], [ 36.918404636104846, -1.243646776902313 ], [ 36.918375938337277, -1.243694579023285 ], [ 36.918342509416291, -1.243739157928186 ], [ 36.91830470368626, -1.243780041083848 ], [ 36.918262921885479, -1.243816795131866 ], [ 36.918217606898338, -1.243849030482191 ], [ 36.9179344067648, -1.244029230462959 ], [ 36.917890771253212, -1.24405421184344 ], [ 36.917845015755354, -1.244074998625643 ], [ 36.917797537213012, -1.244091410478834 ], [ 36.917520366128869, -1.244172908938492 ], [ 36.917356735018103, -1.244231309669892 ], [ 36.91734345388393, -1.244240168052359 ], [ 36.91727107841524, -1.244306500492667 ], [ 36.917225922068326, -1.244343596075675 ], [ 36.91717704977907, -1.244375566700984 ], [ 36.917125033137708, -1.244402038453928 ], [ 36.917088527980866, -1.244415865766401 ], [ 36.917092809113626, -1.244445693419565 ], [ 36.917095272549595, -1.244497499916448 ], [ 36.917095272582728, -1.244660499972574 ], [ 36.917093104805645, -1.24470910514295 ], [ 36.9170866188974, -1.244757319327161 ], [ 36.917075867031365, -1.244804754683507 ], [ 36.917060935696924, -1.244851029635316 ], [ 36.91704194500376, -1.244895771940372 ], [ 36.91694754497297, -1.245093172004626 ], [ 36.916924003274005, -1.245137105036874 ], [ 36.91689654912399, -1.245178674146664 ], [ 36.91686541496685, -1.245217527384219 ], [ 36.91683086440375, -1.245253335794059 ], [ 36.91679318996129, -1.245285796200188 ], [ 36.916752710614787, -1.245314633772908 ], [ 36.916709769087625, -1.245339604355719 ], [ 36.916545836437308, -1.245425058552268 ], [ 36.916525180848069, -1.245439822363551 ], [ 36.916523505763124, -1.245443633612245 ], [ 36.916498749486323, -1.24548812478323 ], [ 36.916469951947043, -1.24553007972576 ], [ 36.916437367608232, -1.245569127714641 ], [ 36.916371192284288, -1.245641255296764 ], [ 36.916308655305187, -1.245735060746296 ], [ 36.91627542125925, -1.245779756319384 ], [ 36.916237799294109, -1.245820777408619 ], [ 36.916196187850105, -1.245857689575221 ], [ 36.916151027618653, -1.245890101896537 ], [ 36.916041153142118, -1.245960670156213 ], [ 36.916040189014282, -1.245961353333514 ], [ 36.91604924542542, -1.246003155234584 ], [ 36.916055353940699, -1.2460541675497 ], [ 36.916056639913045, -1.246105532727628 ], [ 36.916053091805345, -1.246156789957103 ], [ 36.916044741448424, -1.246207479395244 ], [ 36.916031663755462, -1.246257146293037 ], [ 36.916013976049932, -1.246305345074906 ], [ 36.915991837013088, -1.246351643336187 ], [ 36.915965445260362, -1.24639562572238 ], [ 36.915913945238081, -1.246472925743196 ], [ 36.915881903227302, -1.246516199516559 ], [ 36.915845747683299, -1.24655605461377 ], [ 36.915805836464628, -1.246592096559422 ], [ 36.915762564602581, -1.246623968619715 ], [ 36.915716360391244, -1.246651355333447 ], [ 36.915667681148342, -1.246673985634234 ], [ 36.915617008688812, -1.246691635533606 ], [ 36.915564844555895, -1.246704130337835 ], [ 36.915427544511893, -1.246729830297734 ], [ 36.915370480988237, -1.246737365718536 ], [ 36.915312944484789, -1.24673873397279 ], [ 36.915255591055939, -1.246733919459785 ], [ 36.915199074668465, -1.246722977077183 ], [ 36.915013922622848, -1.246676688999723 ], [ 36.91492426221474, -1.246661774583426 ], [ 36.914896445994643, -1.246661774573848 ], [ 36.914841972930553, -1.246673448974384 ], [ 36.914841914382414, -1.246673595430069 ], [ 36.914815327476461, -1.246730373307919 ], [ 36.914782402311801, -1.246783680027516 ], [ 36.914722302285114, -1.246869480049612 ], [ 36.914716827096875, -1.246877153768418 ], [ 36.914648227065918, -1.246971553791834 ], [ 36.914616104077425, -1.247011619698785 ], [ 36.914487304015722, -1.247157519726188 ], [ 36.914451055192835, -1.247194804852176 ], [ 36.914411415788528, -1.247228413193593 ], [ 36.914368752361817, -1.247258033963089 ], [ 36.914323459435906, -1.247283393247768 ], [ 36.914275955849789, -1.247304256542241 ], [ 36.914226680885193, -1.247320430917009 ], [ 36.914176090204307, -1.247331766802707 ], [ 36.914033972155046, -1.247356461025735 ], [ 36.913914403634145, -1.247404302315822 ], [ 36.913866012128153, -1.247421033902211 ], [ 36.913816262314228, -1.24743307141489 ], [ 36.91376560256839, -1.247440306364814 ], [ 36.913714489467431, -1.24744267354667 ], [ 36.913663383673985, -1.247440151626422 ], [ 36.913612745784761, -1.247432763333635 ], [ 36.91356303217929, -1.247420575256605 ], [ 36.91351469090683, -1.247403697242169 ], [ 36.913468157648211, -1.247382281405706 ], [ 36.913423851789254, -1.247356520760148 ], [ 36.913277951828903, -1.247262120719175 ], [ 36.913233901795223, -1.247230360373732 ], [ 36.913223608212682, -1.2472212332346 ], [ 36.91319448540095, -1.247285644510256 ], [ 36.913125785375634, -1.247414344550317 ], [ 36.913100312065701, -1.247457207225421 ], [ 36.913071029990249, -1.247497530164649 ], [ 36.913038187370184, -1.247534971555128 ], [ 36.913002062608754, -1.247569214010612 ], [ 36.912962961931605, -1.247599967261876 ], [ 36.912842861873671, -1.247685767259086 ], [ 36.9127960761016, -1.247715673934585 ], [ 36.912746486212185, -1.247740586523513 ], [ 36.912694616596788, -1.247760241586728 ], [ 36.912641015753799, -1.24777443128119 ], [ 36.912586250488509, -1.24778300555771 ], [ 36.912530899919361, -1.247785873747726 ], [ 36.912410699894714, -1.247785873705987 ], [ 36.912323483717088, -1.247785873678678 ], [ 36.912317977979754, -1.247789704182256 ], [ 36.912272888112014, -1.247815028827177 ], [ 36.912135488050815, -1.247883728807361 ], [ 36.912086708923667, -1.247905164713706 ], [ 36.912036066995995, -1.247921653552886 ], [ 36.911984056150324, -1.247933034518966 ], [ 36.911931183619366, -1.247939196620262 ], [ 36.911673683555179, -1.247956296534833 ], [ 36.911638199931602, -1.247957473436995 ], [ 36.91139789988231, -1.2479574733535 ], [ 36.911345984590831, -1.247954950906228 ], [ 36.911294552101197, -1.247947407063649 ], [ 36.911244080721552, -1.247934911981952 ], [ 36.911195039821855, -1.247917581862492 ], [ 36.911077582020944, -1.247869553522259 ], [ 36.910939334135023, -1.248048451359937 ], [ 36.910903104337109, -1.248090662809445 ], [ 36.910780867748379, -1.248219093451679 ], [ 36.910627037730094, -1.24838793597938 ], [ 36.91060035084503, -1.248415227595635 ], [ 36.910485650788779, -1.248524527608624 ], [ 36.910483010862364, -1.248526806708884 ], [ 36.910480573403483, -1.248529303848241 ], [ 36.910269080414182, -1.248725697035449 ], [ 36.910183054462593, -1.248811444855119 ], [ 36.910168710644456, -1.248825225574543 ], [ 36.910071247951421, -1.248915472337876 ], [ 36.910018712972985, -1.248966041168733 ], [ 36.909902553739364, -1.249090582986384 ], [ 36.90985727851902, -1.249133812341714 ], [ 36.909807341998771, -1.249171484358691 ], [ 36.909690405154002, -1.249249485478857 ], [ 36.909645230103308, -1.249302843703817 ], [ 36.909614352938654, -1.249336346467506 ], [ 36.909580783786517, -1.249367114711041 ], [ 36.90942335961477, -1.24949963665825 ], [ 36.909351703022345, -1.249563403573778 ], [ 36.909316440249206, -1.24959221286848 ], [ 36.909179040182408, -1.249695112867996 ], [ 36.909134699177649, -1.249725005359482 ], [ 36.909087638335137, -1.24975033759266 ], [ 36.909038319076657, -1.249770861190774 ], [ 36.908987224967234, -1.249786374924738 ], [ 36.908781224894369, -1.249837874869556 ], [ 36.908747307897549, -1.249845196438537 ], [ 36.908584326434216, -1.249874892157204 ], [ 36.908411997717103, -1.249924087893356 ], [ 36.908400220256389, -1.24994370936582 ], [ 36.908360954174348, -1.250000578602571 ], [ 36.908257324670672, -1.250131907029857 ], [ 36.908140120627017, -1.25033703541992 ], [ 36.90811631659291, -1.250374974321333 ], [ 36.908089478788909, -1.250410803385162 ], [ 36.907927431068359, -1.250609481224708 ], [ 36.907828749058076, -1.250778744265431 ], [ 36.907821288086083, -1.25079115823862 ], [ 36.907709688039681, -1.250971358290192 ], [ 36.907680666685025, -1.251013620191618 ], [ 36.907647803416637, -1.251052929398567 ], [ 36.90761139297723, -1.251088933356553 ], [ 36.90743969289278, -1.251243333370802 ], [ 36.907405837498189, -1.251271370817928 ], [ 36.907369830002963, -1.25129654593709 ], [ 36.907155329901165, -1.251433845922934 ], [ 36.907134173625053, -1.251446711813162 ], [ 36.906959034351502, -1.251547776377694 ], [ 36.906943532078408, -1.251566433514756 ], [ 36.906913200372628, -1.251597492400716 ], [ 36.90683150033248, -1.251674692409624 ], [ 36.906791340521146, -1.251709079696592 ], [ 36.906748034549999, -1.251739352885129 ], [ 36.906658157849073, -1.251795830397992 ], [ 36.906531228904036, -1.251906352966788 ], [ 36.906490676679532, -1.251938382854893 ], [ 36.90637987662592, -1.25201758285233 ], [ 36.906333290609403, -1.252047392550675 ], [ 36.906283919404117, -1.252072249652962 ], [ 36.906232280950462, -1.252091893390433 ], [ 36.906178916973872, -1.252106117686372 ], [ 36.905979916907171, -1.252148317629892 ], [ 36.905929459220495, -1.252156524809562 ], [ 36.905878456006413, -1.252159884349583 ], [ 36.905827365954949, -1.252158366036931 ], [ 36.905776648537007, -1.252151983526769 ], [ 36.905726759872174, -1.252140794219771 ], [ 36.90567814862667, -1.252124898745739 ], [ 36.905665800380376, -1.252119511816961 ], [ 36.905635987242739, -1.252139530873743 ], [ 36.905578951249254, -1.252168662375636 ], [ 36.905441651190323, -1.252228762351187 ], [ 36.905392224425398, -1.252247555339242 ], [ 36.905341206949494, -1.252261387040855 ], [ 36.905289089048026, -1.252270124531871 ], [ 36.905236371581566, -1.252273683844261 ], [ 36.905183561172528, -1.25227203077306 ], [ 36.905171067177761, -1.252270397466501 ], [ 36.905156020307167, -1.252277917522988 ], [ 36.905044348382582, -1.25235432819086 ], [ 36.904932886231599, -1.252447177204543 ], [ 36.904765197626979, -1.252622415286725 ], [ 36.904728408609671, -1.252657411580311 ], [ 36.904698402907101, -1.252681007711851 ], [ 36.90469424185887, -1.252689246374663 ], [ 36.904663630184473, -1.252736809374065 ], [ 36.904628255587291, -1.25278089854543 ], [ 36.904588504123623, -1.252821032727425 ], [ 36.904544809616162, -1.252856773921043 ], [ 36.904497648919545, -1.252887732069681 ], [ 36.904447536716198, -1.25291356931598 ], [ 36.90429693665093, -1.252981469290204 ], [ 36.904285595274679, -1.252986426277127 ], [ 36.90396027850236, -1.253124170556059 ], [ 36.903956498116848, -1.253126740121158 ], [ 36.903938133491522, -1.253155100376069 ], [ 36.903926681163121, -1.253172075365177 ], [ 36.903859717060762, -1.253267401253338 ], [ 36.903877294494542, -1.253281136302179 ], [ 36.90391687480804, -1.253319127410036 ], [ 36.903952425902155, -1.253360960300956 ], [ 36.903983581682617, -1.253406204193483 ], [ 36.904010021316658, -1.253454393180648 ], [ 36.904031472536843, -1.25350503102773 ], [ 36.904047714444786, -1.253557596282339 ], [ 36.904058579785996, -1.253611547644174 ], [ 36.904063956672161, -1.253666329539144 ], [ 36.904063789733407, -1.253721377840556 ], [ 36.904056740869798, -1.253853089808664 ], [ 36.904068442229601, -1.253896916955144 ], [ 36.904081242250406, -1.253959916973085 ], [ 36.904090135471854, -1.2540215097214 ], [ 36.904091960550758, -1.254083722360534 ], [ 36.904090860558114, -1.254123422374491 ], [ 36.904087560470892, -1.254170105453087 ], [ 36.90408027484564, -1.254216328501666 ], [ 36.904069057910604, -1.254261747472781 ], [ 36.904053993155571, -1.254306024303868 ], [ 36.904029493149928, -1.254369024325729 ], [ 36.904008874567609, -1.254415493812607 ], [ 36.903984020008167, -1.254459814007374 ], [ 36.903922119982262, -1.254559014035675 ], [ 36.903903619353031, -1.254586730637459 ], [ 36.903874323847305, -1.254627828039287 ], [ 36.903363635750011, -1.255402122495239 ], [ 36.903351204839005, -1.25542016647749 ], [ 36.903291804812177, -1.255502766498339 ], [ 36.903259900831657, -1.255542969549026 ], [ 36.903224355992442, -1.255579949455289 ], [ 36.903185490071159, -1.255613373530344 ], [ 36.903143652722306, -1.255642941077267 ], [ 36.902984952646854, -1.255744141066575 ], [ 36.90293497044906, -1.255772382110006 ], [ 36.902882291077205, -1.255795120886962 ], [ 36.902827510352026, -1.255812100215217 ], [ 36.902748789195023, -1.255831955154792 ], [ 36.902668842291426, -1.255871898315102 ], [ 36.90262915208347, -1.255889757998413 ], [ 36.902588160809671, -1.255904339781522 ], [ 36.902492560773062, -1.25593403975844 ], [ 36.902451399798096, -1.255945054588348 ], [ 36.902409503208929, -1.255952763797023 ], [ 36.902273303168357, -1.255972263754821 ], [ 36.902197399917405, -1.255977670118689 ], [ 36.902182496610862, -1.255977670113749 ], [ 36.902111743757224, -1.256018189522446 ], [ 36.902067932067474, -1.256040681474584 ], [ 36.902022265728704, -1.256059060130162 ], [ 36.901975124996703, -1.256073172453675 ], [ 36.901720324906208, -1.256136872385208 ], [ 36.901649873592909, -1.256149557129178 ], [ 36.90149237354894, -1.256167157078756 ], [ 36.901439625743549, -1.256170427613185 ], [ 36.901296325712721, -1.256172227563533 ], [ 36.901294813518589, -1.256172244422125 ], [ 36.901226693656632, -1.256172907651556 ], [ 36.901176324895559, -1.256194329112164 ], [ 36.901082100186159, -1.256262868048811 ], [ 36.901041481480405, -1.256289694879444 ], [ 36.900864025234362, -1.256395700340251 ], [ 36.900696981495457, -1.256507685950904 ], [ 36.900682004785061, -1.256517370774442 ], [ 36.90053170471387, -1.256611070763068 ], [ 36.900497969381718, -1.256630101344453 ], [ 36.900401233538645, -1.25682536600452 ], [ 36.900377601111586, -1.256868123917435 ], [ 36.900350236999081, -1.256908564692852 ], [ 36.900319363817395, -1.256946359331612 ], [ 36.90028523273029, -1.256981200361796 ], [ 36.90024812140571, -1.257012804340137 ], [ 36.899917021243382, -1.257269904344333 ], [ 36.899868687337644, -1.257303376401151 ], [ 36.899817025059292, -1.257331362418869 ], [ 36.899755734182371, -1.257360351324726 ], [ 36.899581038782877, -1.257447698961288 ], [ 36.8994521563625, -1.257526474082229 ], [ 36.899231911412762, -1.257672548085068 ], [ 36.898998273266962, -1.257834420482887 ], [ 36.89888840668204, -1.25791833356771 ], [ 36.898828589672988, -1.257958005191646 ], [ 36.898782889651748, -1.257984105186832 ], [ 36.898737765482139, -1.258007128561503 ], [ 36.898690695296132, -1.258025792063724 ], [ 36.898642093823533, -1.258039931252074 ], [ 36.898587593804407, -1.258053031237184 ], [ 36.89852449279342, -1.258064256814683 ], [ 36.896604123580957, -1.258288424140003 ], [ 36.896480529350086, -1.258303384474079 ], [ 36.89643518410508, -1.258309163321585 ], [ 36.89632804259162, -1.258399961956713 ], [ 36.896287046175914, -1.258431458140765 ], [ 36.896243246411622, -1.258458866152031 ], [ 36.896197044369131, -1.258481935018375 ], [ 36.896148863116203, -1.258500453500793 ], [ 36.896099143843998, -1.258514252027803 ], [ 36.895942618398706, -1.258549678056905 ], [ 36.895887915765698, -1.258576159873043 ], [ 36.895849096963708, -1.258593097506159 ], [ 36.895809077746904, -1.25860691821468 ], [ 36.895603277668684, -1.258669018163944 ], [ 36.895600049536853, -1.258669981198517 ], [ 36.895329187373854, -1.258749860815388 ], [ 36.895046582202241, -1.258838169045237 ], [ 36.894816299566656, -1.258928915560303 ], [ 36.894624951918331, -1.259017466152047 ], [ 36.894616358420109, -1.259021351783381 ], [ 36.89451626602979, -1.25906555544516 ], [ 36.894445228671394, -1.259100593035401 ], [ 36.894427913917305, -1.259118913710244 ], [ 36.894387879176264, -1.259153703464375 ], [ 36.894344649219484, -1.259184376123328 ], [ 36.894298640375681, -1.259210636292685 ], [ 36.89425029573578, -1.259232231072798 ], [ 36.894200080885717, -1.259248952494357 ], [ 36.894148479422498, -1.259260639521269 ], [ 36.894095988296947, -1.259267179601507 ], [ 36.89404311302772, -1.25926850975099 ], [ 36.893990362832916, -1.259264617160163 ], [ 36.89393824572597, -1.259255539317383 ], [ 36.893887263623242, -1.259241363647777 ], [ 36.893837907510246, -1.259222226671322 ], [ 36.8937906527132, -1.259198312688084 ], [ 36.89374595432141, -1.259169852003226 ], [ 36.893704242804468, -1.259137118709051 ], [ 36.893665919866656, -1.259100428045389 ], [ 36.893631354578297, -1.259060133363539 ], [ 36.893600879821442, -1.259016622723422 ], [ 36.893574789084049, -1.258970315156224 ], [ 36.893553333633577, -1.258921656629026 ], [ 36.893536720097131, -1.25887111574977 ], [ 36.893525108471579, -1.258819179254425 ], [ 36.893518610582717, -1.258766347319427 ], [ 36.893517289008336, -1.258713128744711 ], [ 36.893521156475565, -1.258660036053711 ], [ 36.893530175738356, -1.258607580557521 ], [ 36.893544259936156, -1.258556267430699 ], [ 36.893563273430445, -1.258506590846142 ], [ 36.893587033110997, -1.258459029216033 ], [ 36.893615310159348, -1.25841404058443 ], [ 36.893647832252398, -1.258372058216061 ], [ 36.893703832225484, -1.258306658229155 ], [ 36.893741372594839, -1.258267047308447 ], [ 36.893782688216518, -1.25823144611337 ], [ 36.893827358358926, -1.258200217183955 ], [ 36.893874928130202, -1.258173678535927 ], [ 36.894052128050902, -1.258086278509506 ], [ 36.894072741582747, -1.258076648355211 ], [ 36.894178927918794, -1.258029753355268 ], [ 36.89438014795401, -1.257936633935894 ], [ 36.894408805001881, -1.257924368773448 ], [ 36.894671704892296, -1.25782076872044 ], [ 36.894708394639977, -1.257807826146943 ], [ 36.895013694522504, -1.25771242607317 ], [ 36.895021950469165, -1.257709918961188 ], [ 36.895295334806669, -1.257629295336206 ], [ 36.895458900909844, -1.257579939326849 ], [ 36.89553078415539, -1.257545140234616 ], [ 36.895587329524496, -1.257521643808257 ], [ 36.895646156108832, -1.25750474810604 ], [ 36.895734353514378, -1.257484786540286 ], [ 36.895862557373256, -1.25737613819366 ], [ 36.895903517647788, -1.257344667074297 ], [ 36.89594727683987, -1.257317276948752 ], [ 36.895993434932265, -1.25729421819963 ], [ 36.896041569978543, -1.257275701615072 ], [ 36.896091241960271, -1.25726189646181 ], [ 36.896141996809298, -1.257252928937851 ], [ 36.896346796750073, -1.257226828873139 ], [ 36.896350145533219, -1.257226412813682 ], [ 36.896476545497158, -1.257211112773476 ], [ 36.896478807592914, -1.257210843838309 ], [ 36.898311651076206, -1.256996892258806 ], [ 36.898356593316208, -1.256962566572078 ], [ 36.898376798230373, -1.25694786324297 ], [ 36.898625198110288, -1.256775763234076 ], [ 36.898634240736286, -1.256769632930901 ], [ 36.898867340624449, -1.256615032918576 ], [ 36.898884142857938, -1.256604331193844 ], [ 36.899041042783885, -1.256508431180874 ], [ 36.899081012290551, -1.256486275625388 ], [ 36.899281412200722, -1.256386075596343 ], [ 36.899291974936389, -1.256380937714743 ], [ 36.899305238571216, -1.256374664369391 ], [ 36.899491755534854, -1.256229833407511 ], [ 36.899549866624014, -1.256112534129772 ], [ 36.899566888844454, -1.256080853585548 ], [ 36.899645288813211, -1.255945853625977 ], [ 36.899673433200874, -1.255902318185649 ], [ 36.899705585337486, -1.255861691441719 ], [ 36.899741450466948, -1.255824345841895 ], [ 36.899780699794142, -1.255790623753921 ], [ 36.899822973499191, -1.255760834326837 ], [ 36.899867884036084, -1.255735250656935 ], [ 36.89998413600884, -1.255676235593371 ], [ 36.900106827419037, -1.255599747289201 ], [ 36.900278118449314, -1.255484914178226 ], [ 36.900301818616597, -1.255469905272194 ], [ 36.900470407938855, -1.255369196445114 ], [ 36.900594499790863, -1.255278932087811 ], [ 36.900645772522729, -1.255245905355997 ], [ 36.900700418441708, -1.255218908581535 ], [ 36.90090521835441, -1.255131808543673 ], [ 36.900954558898498, -1.255113622990192 ], [ 36.90100542436064, -1.255100359610225 ], [ 36.901057331289195, -1.255092144466345 ], [ 36.901109786333826, -1.255089055640015 ], [ 36.901283630187486, -1.255087362941596 ], [ 36.901399720431399, -1.255085904685044 ], [ 36.901495281304051, -1.255075226103356 ], [ 36.90164320204412, -1.255038245867118 ], [ 36.901748556164044, -1.254977910592566 ], [ 36.901802936414633, -1.254950728022638 ], [ 36.901860009244452, -1.254929874119176 ], [ 36.901919050340325, -1.25491561354057 ], [ 36.901996950315393, -1.254901413517532 ], [ 36.902044781764715, -1.254894905185426 ], [ 36.902092999917265, -1.254892729915638 ], [ 36.902159258223641, -1.254892729892992 ], [ 36.902215431120119, -1.254884687498213 ], [ 36.902228595200853, -1.254880597815671 ], [ 36.902321657625073, -1.254834101791721 ], [ 36.902374895306089, -1.2548110064662 ], [ 36.902430289583812, -1.254793799901048 ], [ 36.902479152443057, -1.254781475746549 ], [ 36.902981664201654, -1.254019577813672 ], [ 36.902982942095782, -1.254017714607368 ], [ 36.902979116553801, -1.253996780999144 ], [ 36.902976609816292, -1.253968057998068 ], [ 36.902955207365103, -1.253953021519348 ], [ 36.902912529497236, -1.253919717008214 ], [ 36.902873377163999, -1.25388228112567 ], [ 36.902838143429818, -1.253841089704804 ], [ 36.90280718201879, -1.253796556281831 ], [ 36.902780803763491, -1.253749127944453 ], [ 36.902759273484484, -1.253699280843433 ], [ 36.902742807331705, -1.253647515412257 ], [ 36.902684407411506, -1.253426315469638 ], [ 36.90267306762042, -1.253372503987933 ], [ 36.902667200632671, -1.253317813292642 ], [ 36.902666866776492, -1.253262805753231 ], [ 36.902672069484481, -1.253208046997183 ], [ 36.902682755258347, -1.253154100093764 ], [ 36.902698814218972, -1.253101519764207 ], [ 36.902720081236339, -1.253050846677603 ], [ 36.902746337627484, -1.253002601891463 ], [ 36.902877237573364, -1.252788601953346 ], [ 36.902896119071031, -1.252759824681575 ], [ 36.90304063333474, -1.252554103209492 ], [ 36.903112966652067, -1.252442399750225 ], [ 36.903144536160184, -1.252398591296076 ], [ 36.903180285413889, -1.252358166822422 ], [ 36.903219858614364, -1.252321528659181 ], [ 36.903262861904444, -1.252289041452558 ], [ 36.903400861838115, -1.25219524144657 ], [ 36.903445955364965, -1.252167724118565 ], [ 36.903493504833051, -1.252144773908105 ], [ 36.903830692137717, -1.252002003223202 ], [ 36.903858689489262, -1.251964114068414 ], [ 36.903890444576462, -1.251928259116698 ], [ 36.903925226329754, -1.251895371916159 ], [ 36.90397482630533, -1.251852471919303 ], [ 36.904014689079204, -1.251821142920366 ], [ 36.904057294007245, -1.251793712652837 ], [ 36.904065825073445, -1.251789294596227 ], [ 36.904177602398804, -1.251672484873286 ], [ 36.90422215864573, -1.251630893195972 ], [ 36.904376658569781, -1.251502193202928 ], [ 36.904417284718299, -1.251471480232808 ], [ 36.904580384639857, -1.251359880226151 ], [ 36.904643698509012, -1.251322630575361 ], [ 36.904866798409323, -1.251211130543056 ], [ 36.904912233245675, -1.251190992664968 ], [ 36.904959316333311, -1.251175147988663 ], [ 36.905007648197653, -1.251163730948088 ], [ 36.905056818768863, -1.251156838411111 ], [ 36.905106410861059, -1.251154528857642 ], [ 36.905146753185271, -1.251156394166687 ], [ 36.905219107010886, -1.251101296073626 ], [ 36.905264666014673, -1.251070153677259 ], [ 36.90531314467831, -1.251043853255621 ], [ 36.905364036836502, -1.251022669411737 ], [ 36.905484136788338, -1.250979769385424 ], [ 36.905535299651334, -1.250964320792047 ], [ 36.905587730560732, -1.250954045325692 ], [ 36.905640914532071, -1.250949043914125 ], [ 36.905694329184108, -1.250949365682538 ], [ 36.905747449869715, -1.250955007471001 ], [ 36.905799754829012, -1.25096591386551 ], [ 36.905850730314242, -1.250981977742264 ], [ 36.905899875635789, -1.251003041319752 ], [ 36.905912845369059, -1.251010201963898 ], [ 36.905984571100831, -1.250947747180583 ], [ 36.906017206707332, -1.250921485458156 ], [ 36.906051765527039, -1.250897847259828 ], [ 36.906132278895605, -1.250847253504694 ], [ 36.906143777330541, -1.250836388394308 ], [ 36.9061724094678, -1.250798974339238 ], [ 36.906206811695895, -1.250758326953983 ], [ 36.906245017598756, -1.25072128060032 ], [ 36.906286657010781, -1.250688194209723 ], [ 36.90633132650013, -1.250659388346778 ], [ 36.906587301648457, -1.250511677060153 ], [ 36.906754282936085, -1.250404793407801 ], [ 36.906835703028072, -1.250331576943771 ], [ 36.906902699137135, -1.250223398617051 ], [ 36.907019151081691, -1.250023655876186 ], [ 36.907041929770081, -1.24998787404338 ], [ 36.907067421445113, -1.24995399668159 ], [ 36.907227961486484, -1.249757167239475 ], [ 36.907342979508591, -1.249555864730304 ], [ 36.907364320871672, -1.249521544270897 ], [ 36.907388146035778, -1.249488921474233 ], [ 36.907495405966152, -1.249352992194353 ], [ 36.907580579886371, -1.24921109076815 ], [ 36.90761206581945, -1.249164323304996 ], [ 36.907648213390999, -1.249121105222637 ], [ 36.907688630573645, -1.249081905229833 ], [ 36.907732879035287, -1.249047148458532 ], [ 36.907780478892867, -1.2490172118531 ], [ 36.907830913916762, -1.248992420082343 ], [ 36.908011213840041, -1.248915220049379 ], [ 36.908075131036199, -1.248892514129815 ], [ 36.908315430947219, -1.248823914069132 ], [ 36.908366492026936, -1.248812003677332 ], [ 36.908538216374843, -1.248780714859171 ], [ 36.908622365971965, -1.248759677432131 ], [ 36.908654724895953, -1.248735443551852 ], [ 36.908714897026748, -1.248681896568214 ], [ 36.908726116369522, -1.248672185418253 ], [ 36.908854296384966, -1.248564281536944 ], [ 36.908919169990575, -1.24848765643847 ], [ 36.90895350782548, -1.248450733310696 ], [ 36.908991112818356, -1.248417189241599 ], [ 36.909031658116646, -1.248387315787618 ], [ 36.909159575181569, -1.248301990377464 ], [ 36.909242746321659, -1.248212817163188 ], [ 36.909263183846193, -1.248192055092858 ], [ 36.909329983813436, -1.248127755100773 ], [ 36.909337589500034, -1.248120574550121 ], [ 36.909431591592131, -1.248033532106272 ], [ 36.909517345600818, -1.247948055288887 ], [ 36.909524443092856, -1.24794164362105 ], [ 36.909531126799067, -1.247934796264518 ], [ 36.909747072703816, -1.247734267931493 ], [ 36.909845427017864, -1.247640544039769 ], [ 36.909990362319952, -1.247481464176442 ], [ 36.909998395842727, -1.247472837297502 ], [ 36.910105501357009, -1.247360304391395 ], [ 36.910220811205718, -1.24721108914398 ], [ 36.910320227172654, -1.247058086606849 ], [ 36.910349412852334, -1.247017409015863 ], [ 36.910382207827475, -1.246979619555594 ], [ 36.910418331533371, -1.246945041519422 ], [ 36.910457474927632, -1.246913970726683 ], [ 36.910499303134117, -1.246886672991866 ], [ 36.910645303066218, -1.246800772977937 ], [ 36.910694688841858, -1.246775060238885 ], [ 36.910746443799368, -1.246754605408101 ], [ 36.910800017127549, -1.246739626180281 ], [ 36.910854838662758, -1.246730281975143 ], [ 36.910910324957008, -1.246726672240654 ], [ 36.910965885487386, -1.246728835394704 ], [ 36.911154685460907, -1.246746035326458 ], [ 36.911204164083294, -1.246752881491038 ], [ 36.911252800643993, -1.246764308055794 ], [ 36.911300177506796, -1.246780216902649 ], [ 36.911345887852242, -1.246800471424681 ], [ 36.911430736868795, -1.246842895898396 ], [ 36.911503201682628, -1.246872526610527 ], [ 36.911620438811823, -1.246872526567833 ], [ 36.911750386090205, -1.246863897016546 ], [ 36.911817246824008, -1.246812447205242 ], [ 36.911858537549179, -1.246783640362217 ], [ 36.911902313880411, -1.246758828383475 ], [ 36.911948195444218, -1.246738226861263 ], [ 36.911995783574646, -1.246722014803119 ], [ 36.912044664777312, -1.246710333076413 ], [ 36.912094414322226, -1.246703283184439 ], [ 36.912144599934301, -1.246700926384338 ], [ 36.912266638919697, -1.246700926345324 ], [ 36.912292791039611, -1.246631232464738 ], [ 36.912315485684708, -1.246579181399331 ], [ 36.912384085661081, -1.246441881443343 ], [ 36.912406380369006, -1.246401618341037 ], [ 36.912431990589305, -1.246363405552784 ], [ 36.912526390546489, -1.246234705584407 ], [ 36.912559212994026, -1.24619419728106 ], [ 36.912595756628896, -1.246157056562711 ], [ 36.912635682154701, -1.246123628269787 ], [ 36.912678618875269, -1.246094222774114 ], [ 36.912724168136364, -1.246069113097042 ], [ 36.912771907027143, -1.246048532374717 ], [ 36.912909306971343, -1.245997032345924 ], [ 36.912955008088325, -1.245982200096078 ], [ 36.913001839437193, -1.24597152072465 ], [ 36.91304942929618, -1.245965078999057 ], [ 36.91309739992284, -1.24596292605064 ], [ 36.913251899891186, -1.245962925996994 ], [ 36.913303143814787, -1.245965383438521 ], [ 36.913353923461969, -1.245972733537155 ], [ 36.913403778759168, -1.245984909700046 ], [ 36.913452258007482, -1.246001801609199 ], [ 36.91349892197519, -1.246023256221031 ], [ 36.913543347877287, -1.246049079152926 ], [ 36.913689247916949, -1.246143479111965 ], [ 36.913733297969614, -1.246175239427381 ], [ 36.913773956969742, -1.246211291002538 ], [ 36.913810813954875, -1.246251269445416 ], [ 36.913824343625116, -1.246267511346535 ], [ 36.913844002277052, -1.24624045920008 ], [ 36.913865282234575, -1.246210079489661 ], [ 36.913876185819731, -1.24618280463293 ], [ 36.913896222203078, -1.246138529080725 ], [ 36.913920119266287, -1.246096238418876 ], [ 36.914006019230442, -1.245958938457755 ], [ 36.914036927567935, -1.245914608641752 ], [ 36.914072073368573, -1.245873601555688 ], [ 36.914111106353531, -1.245836325894923 ], [ 36.914153637502572, -1.245803153165859 ], [ 36.914199242931176, -1.245774413983252 ], [ 36.914336542868121, -1.245697213968185 ], [ 36.914384773772952, -1.245673192253554 ], [ 36.914435144238134, -1.245654131073627 ], [ 36.914487152132651, -1.245640220445208 ], [ 36.914727452052198, -1.245588720377486 ], [ 36.914783265772463, -1.245579807382642 ], [ 36.914839699920336, -1.245576825444514 ], [ 36.914963707093399, -1.245576825401609 ], [ 36.914965666970545, -1.245571782781671 ], [ 36.914988780737119, -1.245525755754719 ], [ 36.915066080707263, -1.245388455796269 ], [ 36.915091360341734, -1.245347847468325 ], [ 36.915120101953953, -1.245309643052406 ], [ 36.915152081256608, -1.245274140679712 ], [ 36.915187048696851, -1.245241617395871 ], [ 36.915224731403704, -1.245212326999012 ], [ 36.915430631304652, -1.245066426993533 ], [ 36.915450972460064, -1.245052698247076 ], [ 36.91547627124821, -1.245036449766361 ], [ 36.91549934483016, -1.245001839384025 ], [ 36.915523875174429, -1.244967951856723 ], [ 36.915550932562063, -1.244936072392847 ], [ 36.915575841273167, -1.244908923209723 ], [ 36.915581698177711, -1.244893700718753 ], [ 36.91560298443104, -1.244845482114427 ], [ 36.915628824201633, -1.244799573002738 ], [ 36.915658973030808, -1.244756407709724 ], [ 36.915693145693794, -1.244716394603362 ], [ 36.915731018898143, -1.244679912230272 ], [ 36.915772234342256, -1.244647305734399 ], [ 36.915952434255473, -1.244518505730231 ], [ 36.915977557136316, -1.244503082966206 ], [ 36.915970493682714, -1.244485416086642 ], [ 36.915953563562319, -1.24443642942527 ], [ 36.915941358852507, -1.24438603932469 ], [ 36.915933991118322, -1.244334706409787 ], [ 36.915931527709169, -1.244282899923844 ], [ 36.915931527733576, -1.244162799965209 ], [ 36.915934054589549, -1.244110332333526 ], [ 36.915941611446776, -1.244058356667223 ], [ 36.915954127447925, -1.244007360317893 ], [ 36.91597148523612, -1.243957821454554 ], [ 36.915993522055373, -1.243910204580071 ], [ 36.916020031276673, -1.243864956175702 ], [ 36.916050764335431, -1.243822500514775 ], [ 36.91615376428733, -1.243693800543083 ], [ 36.916186234949251, -1.243656807961161 ], [ 36.916221912049686, -1.243622939243068 ], [ 36.916260500193225, -1.243592474811679 ], [ 36.91630167988194, -1.24356566690343 ], [ 36.916345110160677, -1.243542737479921 ], [ 36.916491010096998, -1.243474037456637 ], [ 36.91655711947422, -1.243448098407561 ], [ 36.916632930173172, -1.243424006000165 ], [ 36.916648321626745, -1.243409899651359 ], [ 36.916679922924828, -1.243383093737435 ], [ 36.916713471973544, -1.243358803706326 ], [ 36.916816471924527, -1.243290103701128 ], [ 36.916873474647716, -1.24325693923064 ], [ 36.916934069744336, -1.243231017851833 ], [ 36.917174469648522, -1.243145217799422 ], [ 36.917203462798675, -1.243135789683269 ], [ 36.917422482487552, -1.243071389715423 ], [ 36.917521618826811, -1.243008309285781 ], [ 36.917598564036709, -1.242863823250621 ], [ 36.917621801070048, -1.242824303563816 ], [ 36.917648275690766, -1.242786903551263 ], [ 36.917674047931484, -1.242756338847643 ], [ 36.917677242717488, -1.24271599122147 ], [ 36.91768601535027, -1.242665678592853 ], [ 36.917699450901111, -1.242616419530795 ], [ 36.917717430239506, -1.242568650805719 ], [ 36.917739793946119, -1.242522795973549 ], [ 36.917766343726342, -1.242479261620118 ], [ 36.917796844168521, -1.242438433756067 ], [ 36.91780872785862, -1.242425305849667 ], [ 36.91781211340566, -1.242417658109888 ], [ 36.917841830444139, -1.242366439415342 ], [ 36.917843617768042, -1.242363712988646 ], [ 36.917881679343964, -1.242301998853647 ], [ 36.917903662074366, -1.242269102227713 ], [ 36.918015262024205, -1.242114602266197 ], [ 36.918051099491308, -1.242070128120017 ], [ 36.918091395090187, -1.242029703968633 ], [ 36.918135699826351, -1.241993780239403 ], [ 36.918230099780843, -1.241925180237855 ], [ 36.918272980222142, -1.24189703720924 ], [ 36.918318320006755, -1.241873115739452 ], [ 36.918365710118316, -1.241853631627764 ], [ 36.918414723044144, -1.241838760643458 ], [ 36.918464916631876, -1.241828636940232 ], [ 36.918515838078171, -1.241823351845881 ], [ 36.918670338040904, -1.241814751794351 ], [ 36.918720750500384, -1.241814322413592 ], [ 36.918770982284926, -1.241818635832685 ], [ 36.91882059390165, -1.241827654312701 ], [ 36.91886915128363, -1.241841298948723 ], [ 36.918935086345265, -1.241863220413171 ], [ 36.918986341439037, -1.241853397495529 ], [ 36.919039942009441, -1.241848622585072 ], [ 36.919093748494689, -1.241849250926898 ], [ 36.919147224569329, -1.241855276258447 ], [ 36.919199837201219, -1.241866638521749 ], [ 36.919216375784274, -1.241871993508972 ], [ 36.919234017114483, -1.241862596590369 ], [ 36.919275660745058, -1.241844739764061 ], [ 36.919355460712609, -1.241814439747589 ], [ 36.919385595421211, -1.241804797463021 ], [ 36.919320176088362, -1.241790466381614 ], [ 36.919270496405417, -1.241777055206809 ], [ 36.919222313098622, -1.241758938663732 ], [ 36.919176064990964, -1.241736281746894 ], [ 36.919041112761562, -1.241661951778196 ], [ 36.918572013966575, -1.241416021097262 ], [ 36.918529738167088, -1.241391342995144 ], [ 36.918489857115809, -1.241362912034056 ], [ 36.91845269871321, -1.241330961972744 ], [ 36.918292725965053, -1.24118026174316 ], [ 36.917923185339021, -1.240948294983592 ], [ 36.917876162218235, -1.240915151293282 ], [ 36.917832908239745, -1.240877161699961 ], [ 36.917793914106561, -1.24083475718465 ], [ 36.917759622194957, -1.24078841881423 ], [ 36.917632432467961, -1.24059593941598 ], [ 36.917321703525218, -1.240456861258383 ], [ 36.917207509920225, -1.240427380504453 ], [ 36.91703309022985, -1.240520373423803 ], [ 36.916988079806579, -1.240541753549778 ], [ 36.916941301802574, -1.240558863490563 ], [ 36.916893155118395, -1.240571557341158 ], [ 36.916844050325992, -1.240579726854911 ], [ 36.916794406167547, -1.240583302366529 ], [ 36.916744645984615, -1.24058225338622 ], [ 36.916695194108073, -1.24057658885964 ], [ 36.916646472239634, -1.240566357091552 ], [ 36.916222572234247, -1.240456556937426 ], [ 36.916174236662414, -1.240441570559387 ], [ 36.916127509607804, -1.240422089911898 ], [ 36.916082802543876, -1.240398286539917 ], [ 36.916040509156183, -1.240370370053876 ], [ 36.916001001875586, -1.240338586283724 ], [ 36.915964628598729, -1.240303215114297 ], [ 36.915657436464969, -1.239975071242442 ], [ 36.915364150518677, -1.239692421931222 ], [ 36.915324331233244, -1.239649664053536 ], [ 36.915289326989821, -1.239602832294136 ], [ 36.915259546317962, -1.239552473220848 ], [ 36.915235336783503, -1.239499174568239 ], [ 36.915159714885846, -1.239305675880337 ], [ 36.914967842133898, -1.239271260780489 ], [ 36.914917519962344, -1.239259708088443 ], [ 36.914868526482252, -1.239243363497933 ], [ 36.914821311010648, -1.239222376904956 ], [ 36.914776306558387, -1.239196940777094 ], [ 36.914733925859068, -1.239167288388311 ], [ 36.914694557583893, -1.239133691679707 ], [ 36.914658562777149, -1.239096458765438 ], [ 36.914626271545167, -1.239055931107075 ], [ 36.914613170433029, -1.239035810134471 ], [ 36.914584844743899, -1.239048600243378 ], [ 36.914536017780016, -1.239065216214566 ], [ 36.914373217719913, -1.239112016173686 ], [ 36.914324041484356, -1.239123674209581 ], [ 36.914273996753458, -1.239130646487394 ], [ 36.914223523258997, -1.239132871743737 ], [ 36.914173064500119, -1.239130330426247 ], [ 36.914123063846404, -1.239123044865346 ], [ 36.914073960642092, -1.239111079078072 ], [ 36.914026186345637, -1.239094538205452 ], [ 36.913980160738589, -1.239073567588747 ], [ 36.913936288237061, -1.239048351492281 ], [ 36.913894954338268, -1.23901911148436 ], [ 36.913856522233196, -1.238986104490422 ], [ 36.913753222280071, -1.238888604473056 ], [ 36.913723212891483, -1.238857939017016 ], [ 36.913564412977024, -1.238682239001119 ], [ 36.913529525076747, -1.238639440329651 ], [ 36.913424872405749, -1.238496793121611 ], [ 36.913331324105172, -1.238415272407569 ], [ 36.913322219278442, -1.238418894590554 ], [ 36.913264536180598, -1.238438135105387 ], [ 36.913205067822801, -1.238450717757643 ], [ 36.91314457018332, -1.238456482593962 ], [ 36.91293153040813, -1.238464632322912 ], [ 36.912585891046142, -1.238618674049935 ], [ 36.912576747598479, -1.238625723522869 ], [ 36.912531783160674, -1.238653810554062 ], [ 36.912508098243727, -1.238665538877832 ], [ 36.912446677071948, -1.238713617184753 ], [ 36.912407267908996, -1.238741706890438 ], [ 36.912365518929711, -1.238766133500136 ], [ 36.912321765282719, -1.238786700924502 ], [ 36.912276358209496, -1.238803244054662 ], [ 36.911990458100547, -1.238893043986222 ], [ 36.911933418341221, -1.238907573672498 ], [ 36.911875144892882, -1.23891575873379 ], [ 36.911816332236427, -1.238917501624366 ], [ 36.911757681278708, -1.238912781573822 ], [ 36.911329377798381, -1.238854492614266 ], [ 36.910940269788966, -1.23891049593463 ], [ 36.910367509109847, -1.239303151465165 ], [ 36.910320574135312, -1.239331916242851 ], [ 36.910270973086561, -1.239355721346147 ], [ 36.91021922157217, -1.239374319318887 ], [ 36.910165857554958, -1.239387516833595 ], [ 36.910111435759809, -1.239395176701243 ], [ 36.910056521907244, -1.239397219297257 ], [ 36.910001686832643, -1.239393623389227 ], [ 36.909947500552391, -1.239384426357592 ], [ 36.909601800538695, -1.239307326230945 ], [ 36.909554876115322, -1.239294602165216 ], [ 36.909509281174543, -1.239277675588095 ], [ 36.909465386411732, -1.23925668411625 ], [ 36.909423548699408, -1.239231798414635 ], [ 36.909184675126674, -1.239074671812221 ], [ 36.908673447956176, -1.238852497501505 ], [ 36.907779242281748, -1.238923671889963 ], [ 36.907448867838205, -1.239001124210053 ], [ 36.907228249130185, -1.239262345056957 ], [ 36.907187966435458, -1.239305100421193 ], [ 36.907143314134046, -1.239343206161873 ], [ 36.906826814402486, -1.239584834073031 ], [ 36.906783619937727, -1.23966838984945 ], [ 36.906753393855098, -1.239719744820341 ], [ 36.906717745010354, -1.239767446490785 ], [ 36.90667710501328, -1.239810917324726 ], [ 36.906631965902825, -1.239849631010034 ], [ 36.906445465811913, -1.239992531011037 ], [ 36.906401314147843, -1.240022998003375 ], [ 36.906354377448977, -1.240048906386758 ], [ 36.906305118747404, -1.240070000574653 ], [ 36.906254023981795, -1.240086072472736 ], [ 36.906201597203584, -1.240096963531809 ], [ 36.906148355604479, -1.240102566311766 ], [ 36.905672394540851, -1.240128697344679 ], [ 36.905469528320822, -1.240166026715166 ], [ 36.905418407432819, -1.240172908478623 ], [ 36.905366867070803, -1.240174840596649 ], [ 36.905315379210009, -1.240171805376566 ], [ 36.905264415344817, -1.240163830613541 ], [ 36.904872615324329, -1.240083030469555 ], [ 36.90481704753762, -1.240068427135407 ], [ 36.90476333906355, -1.240047955546282 ], [ 36.904712099728798, -1.240021848145201 ], [ 36.904663911324342, -1.239990401366265 ], [ 36.90443851139861, -1.239825501309619 ], [ 36.904387964331519, -1.239783568747454 ], [ 36.904245625603124, -1.239650067345005 ], [ 36.904030600140892, -1.239921153674807 ], [ 36.904000194882038, -1.239956279761044 ], [ 36.903966907370069, -1.2399886505609 ], [ 36.903606207192475, -1.240310450588889 ], [ 36.903570820750467, -1.24033942433489 ], [ 36.903533126822097, -1.240365282533489 ], [ 36.903493395425137, -1.240387839951564 ], [ 36.903190195288943, -1.240543339909508 ], [ 36.903143552441804, -1.240564517422269 ], [ 36.903095124465331, -1.240581147504263 ], [ 36.902775085819364, -1.240674230832817 ], [ 36.902752584639259, -1.240682923161657 ], [ 36.902755981243928, -1.240728948596455 ], [ 36.902881997364162, -1.241180029529561 ], [ 36.903054464256307, -1.241626698490983 ], [ 36.903070061670853, -1.241673230513892 ], [ 36.903081414204905, -1.241720991591402 ], [ 36.903088428820027, -1.241769590304247 ], [ 36.903091048028614, -1.241818628368392 ], [ 36.903089250365035, -1.241867703899153 ], [ 36.903059750417086, -1.242228404028838 ], [ 36.903056376114876, -1.242259009046959 ], [ 36.90302527613764, -1.242482909128546 ], [ 36.903014547438211, -1.242538672444522 ], [ 36.902998084520789, -1.24259300099357 ], [ 36.90297606786983, -1.242645299166453 ], [ 36.902948738855983, -1.242694993613191 ], [ 36.902916397089925, -1.242741539528759 ], [ 36.902879397137717, -1.242784426625847 ], [ 36.902807897102804, -1.242859026637517 ], [ 36.902770990359578, -1.242894071210076 ], [ 36.902730972976357, -1.242925467359126 ], [ 36.902688199606224, -1.242952936837465 ], [ 36.902643049327111, -1.242976236197911 ], [ 36.902595922282202, -1.242995158950919 ], [ 36.902547236133714, -1.243009537394572 ], [ 36.902497422361279, -1.243019244100763 ], [ 36.902446922438017, -1.243024193044548 ], [ 36.902396183917979, -1.243024340366538 ], [ 36.90234565646967, -1.243019684761562 ], [ 36.902295787890907, -1.243010267490235 ], [ 36.902093587885282, -1.242962067416023 ], [ 36.902039321084885, -1.242946062976749 ], [ 36.901987019023927, -1.242924423835994 ], [ 36.901937257455053, -1.242897388202869 ], [ 36.901711857511714, -1.242759088136995 ], [ 36.901649421237359, -1.242714355713398 ], [ 36.901446807258338, -1.242546121430476 ], [ 36.901446860426617, -1.242546496297829 ], [ 36.901449266756387, -1.242597699932485 ], [ 36.901449266770555, -1.242667499956712 ], [ 36.901447291968466, -1.242713895265164 ], [ 36.901441382016934, -1.242759950583098 ], [ 36.901431580224724, -1.242805328410741 ], [ 36.901405480225492, -1.242905328447067 ], [ 36.90138958374218, -1.242955993677853 ], [ 36.901368839121908, -1.243004850691948 ], [ 36.901343445367488, -1.243051430804746 ], [ 36.901339511348844, -1.243057220600445 ], [ 36.901341955903185, -1.243069339387971 ], [ 36.901347307793358, -1.243128302650084 ], [ 36.901346243242749, -1.243187501759004 ], [ 36.901342343250903, -1.243241401778338 ], [ 36.901336353008027, -1.243291666976247 ], [ 36.90132788651551, -1.243331117838515 ], [ 36.901328255283858, -1.243338333709641 ], [ 36.901328373026047, -1.243391658168968 ], [ 36.901326193963186, -1.243438340608714 ], [ 36.901330086885409, -1.243458627301089 ], [ 36.901337561507304, -1.243511379217254 ], [ 36.901339858030063, -1.243564614735834 ], [ 36.90133744605432, -1.243608809639671 ], [ 36.901363329283022, -1.243636090125341 ], [ 36.901379529292178, -1.243654790124061 ], [ 36.901413249010751, -1.243697940262113 ], [ 36.901442463024502, -1.243744299653602 ], [ 36.901466872139579, -1.243793393512124 ], [ 36.901486226371155, -1.243844719046322 ], [ 36.901500327503669, -1.243897750609179 ], [ 36.901510727519991, -1.243946650622953 ], [ 36.901518875303765, -1.243995965971905 ], [ 36.901522477860134, -1.244045826859232 ], [ 36.901521504592395, -1.244095809817747 ], [ 36.901515963766236, -1.244145490343426 ], [ 36.901505902439546, -1.244194446500823 ], [ 36.901500249295339, -1.244213093283541 ], [ 36.901500122679948, -1.244214160451377 ], [ 36.901514127287328, -1.244248570850811 ], [ 36.90151722729081, -1.244257270852694 ], [ 36.901533334868965, -1.244311106897635 ], [ 36.901543819583658, -1.244366331841635 ], [ 36.901548568805033, -1.244422352444739 ], [ 36.901547531515362, -1.244478566919733 ], [ 36.901540718857099, -1.244534371396748 ], [ 36.901528204013253, -1.244589166410206 ], [ 36.901510121421175, -1.244642363338415 ], [ 36.901486665328449, -1.24469339072674 ], [ 36.901482265326834, -1.244701790729378 ], [ 36.901456258582861, -1.244746189862893 ], [ 36.901445235639954, -1.244761478462857 ], [ 36.901435051697, -1.244810571267442 ], [ 36.90141891360021, -1.244862085095448 ], [ 36.901397765683235, -1.244911728246408 ], [ 36.90137181761245, -1.244959008544046 ], [ 36.901341326644442, -1.245003457238188 ], [ 36.901306595075361, -1.245044633651947 ], [ 36.901267967243982, -1.245082129550899 ], [ 36.901225826117717, -1.245115573190322 ], [ 36.90118058949583, -1.245144633000793 ], [ 36.901146789480158, -1.245164032997263 ], [ 36.901099613160312, -1.245188103490539 ], [ 36.901050319920188, -1.245207403937615 ], [ 36.900999384481217, -1.245221748464942 ], [ 36.900947297380057, -1.245230998927242 ], [ 36.900894560244438, -1.245235066237961 ], [ 36.900841680962209, -1.245233911227166 ], [ 36.900789168790034, -1.245227545018784 ], [ 36.900737529449025, -1.245216028923449 ], [ 36.900687260254323, -1.245199473847981 ], [ 36.900638845325687, -1.245178039227336 ], [ 36.900592750925171, -1.245151931489084 ], [ 36.900549420966755, -1.245121402065454 ], [ 36.900509272741253, -1.245086744971782 ], [ 36.90047269289753, -1.245048293975083 ], [ 36.900440033718944, -1.245006419379588 ], [ 36.900411609730654, -1.244961524460562 ], [ 36.900387694670592, -1.244914041580544 ], [ 36.900368518853242, -1.244864428025435 ], [ 36.900354266951631, -1.244813161600614 ], [ 36.900345076218827, -1.244760736029376 ], [ 36.900341035166129, -1.244707656198202 ], [ 36.900341294640697, -1.244695621823398 ], [ 36.900335602274865, -1.244653321249361 ], [ 36.900333433036096, -1.244604699939336 ], [ 36.900333433042171, -1.2445747999497 ], [ 36.900335824189156, -1.244523757749204 ], [ 36.900342976393439, -1.244473168448768 ], [ 36.900354826193066, -1.244423480928919 ], [ 36.90036787280151, -1.244385120217451 ], [ 36.900357027408859, -1.244334338490885 ], [ 36.900355433477593, -1.244320499705434 ], [ 36.900346291907084, -1.244310016574595 ], [ 36.90031663867687, -1.244268777762968 ], [ 36.900290956689716, -1.244224922835931 ], [ 36.900269472105052, -1.244178837987424 ], [ 36.900260072114641, -1.244155937991761 ], [ 36.900243959123571, -1.244111222703284 ], [ 36.900231799788685, -1.244065258655842 ], [ 36.900223687594654, -1.244018399236258 ], [ 36.9002186876058, -1.243979499248415 ], [ 36.90021464136683, -1.243931007521854 ], [ 36.900214928938567, -1.243882345942436 ], [ 36.90021954800666, -1.243833906092324 ], [ 36.900228461401049, -1.2437860777694 ], [ 36.900234493496733, -1.243760181374872 ], [ 36.900230928289993, -1.2437267538989 ], [ 36.900230831548924, -1.243669695075281 ], [ 36.900236689988816, -1.243612941661625 ], [ 36.900248438794037, -1.243557121554079 ], [ 36.900251189493339, -1.243546771470073 ], [ 36.900247226691377, -1.243516582209562 ], [ 36.900246427151515, -1.243452141698455 ], [ 36.900250382474525, -1.24336740686454 ], [ 36.900248044908068, -1.243321666184734 ], [ 36.900248392319916, -1.243259810813579 ], [ 36.900251492327804, -1.243210110831344 ], [ 36.900257265051891, -1.243158001948983 ], [ 36.900257560074991, -1.243156593149163 ], [ 36.90025646518356, -1.243151017879893 ], [ 36.900251601196878, -1.243086405665281 ], [ 36.900250001218588, -1.242984905700177 ], [ 36.900249975472605, -1.242969521736327 ], [ 36.900250065014269, -1.242962309692767 ], [ 36.900147707607459, -1.243076609723073 ], [ 36.899950449074588, -1.243301510143841 ], [ 36.899914045241076, -1.24333917022287 ], [ 36.899874192241789, -1.243373108828706 ], [ 36.899831263969091, -1.243403007557011 ], [ 36.899785663166909, -1.243428585904688 ], [ 36.899546893842974, -1.24354764651032 ], [ 36.899319480611695, -1.243736937401325 ], [ 36.899270069870731, -1.243773507421757 ], [ 36.89921685113174, -1.243804190592394 ], [ 36.898910550994643, -1.24395819054816 ], [ 36.898872882628893, -1.243975345068083 ], [ 36.898554082495032, -1.244105945006229 ], [ 36.898502916610461, -1.244123944088132 ], [ 36.89812981647048, -1.244234343995048 ], [ 36.898073806863451, -1.244247692827893 ], [ 36.897824182259406, -1.24429317519834 ], [ 36.897849578425017, -1.244317535726541 ], [ 36.897852778426689, -1.244320935726164 ], [ 36.897891806596135, -1.244367359709964 ], [ 36.897892656401474, -1.244368636908604 ], [ 36.897897699063087, -1.244374589080888 ], [ 36.897926650743159, -1.244416051247961 ], [ 36.897952650762633, -1.244457251250736 ], [ 36.897979824037947, -1.244505617888999 ], [ 36.898001939125635, -1.244556528522322 ], [ 36.898004577872726, -1.24456482836255 ], [ 36.898026611561647, -1.244592888844869 ], [ 36.898057005599973, -1.24464134596577 ], [ 36.898090205627383, -1.24470104597234 ], [ 36.898117463563416, -1.244757494564091 ], [ 36.898126205343594, -1.244782636383726 ], [ 36.898139045582909, -1.244798509269768 ], [ 36.89817060439087, -1.24484744474502 ], [ 36.898183004400899, -1.244869144747217 ], [ 36.898206834050477, -1.244915962313036 ], [ 36.898217534060755, -1.244939762317061 ], [ 36.898238325847807, -1.244993427404866 ], [ 36.898239018592989, -1.24499599073306 ], [ 36.898256224213924, -1.245028118137262 ], [ 36.898275823871451, -1.245074617295956 ], [ 36.898279723875746, -1.245085217298196 ], [ 36.89829604664579, -1.24513757367669 ], [ 36.898307030721263, -1.24519132192561 ], [ 36.898307364165312, -1.245194611786195 ], [ 36.898340777896614, -1.245285808991962 ], [ 36.898341330279393, -1.245287323563056 ], [ 36.89845133040135, -1.24559032362783 ], [ 36.898469075223005, -1.245649446969989 ], [ 36.898470661501307, -1.245658248318415 ], [ 36.898476301319221, -1.245658849575774 ], [ 36.898528682273508, -1.245669802157126 ], [ 36.898579726338461, -1.245685927601001 ], [ 36.898628930571178, -1.245707067022156 ], [ 36.898675810156696, -1.245733012132006 ], [ 36.898719903184983, -1.245763507290958 ], [ 36.898760775202099, -1.245798252027151 ], [ 36.898782275211879, -1.245818452023475 ], [ 36.898818712292304, -1.245856176129975 ], [ 36.898851347143875, -1.245897275522009 ], [ 36.898879872785713, -1.245941363597435 ], [ 36.898904020890292, -1.245988025640936 ], [ 36.898909465709046, -1.246001620565079 ], [ 36.898923516365329, -1.246019902492891 ], [ 36.898951687717336, -1.246065133010191 ], [ 36.898962487726244, -1.246084533012302 ], [ 36.89898678151922, -1.246133893373279 ], [ 36.899005976572035, -1.246185478980097 ], [ 36.899019874958405, -1.246238757918573 ], [ 36.899028333367539, -1.246293180814015 ], [ 36.899031264581851, -1.246348186495977 ], [ 36.899028638376372, -1.246403207784667 ], [ 36.899020481830355, -1.246457677339362 ], [ 36.899006879048095, -1.246511033508374 ], [ 36.899004778833763, -1.246516775058479 ], [ 36.899003364314126, -1.246526638468113 ], [ 36.898999364315344, -1.246547138475633 ], [ 36.898987264307472, -1.246596695337968 ], [ 36.898970591127963, -1.246644888513832 ], [ 36.898949492328235, -1.24669129151135 ], [ 36.898924154624865, -1.246735493681155 ], [ 36.898917168746223, -1.246745396919866 ], [ 36.898913239520951, -1.246752594154481 ], [ 36.898882828892425, -1.246797132229077 ], [ 36.89884816632545, -1.246838403833011 ], [ 36.898809595828645, -1.246875999366648 ], [ 36.898767500194893, -1.246909545713517 ], [ 36.898722297202298, -1.246938709943371 ], [ 36.898674435467925, -1.246963202616345 ], [ 36.898663578962378, -1.246967449735782 ], [ 36.89863726871954, -1.2469808831513 ], [ 36.898624468714019, -1.246986583149057 ], [ 36.898573547539037, -1.247006222694974 ], [ 36.898551078361407, -1.247012353130316 ], [ 36.898521273046207, -1.247025458805286 ], [ 36.898470962679013, -1.247041886551714 ], [ 36.898419294765688, -1.247053271871121 ], [ 36.898366766896977, -1.247059505117048 ], [ 36.898313884945409, -1.247060526260422 ], [ 36.898261158193414, -1.247056325467617 ], [ 36.898209094428651, -1.247046943195093 ], [ 36.89815819505376, -1.247032469799806 ], [ 36.89810895025753, -1.247013044669042 ], [ 36.898061834294133, -1.246988854877869 ], [ 36.898017300915811, -1.246960133387684 ], [ 36.897975779002998, -1.246927156802467 ], [ 36.897937668433961, -1.24689024270505 ], [ 36.89790333623381, -1.246849746598551 ], [ 36.897873113039822, -1.246806058482665 ], [ 36.897847289917266, -1.246759599097796 ], [ 36.897833740423494, -1.246728382665508 ], [ 36.897829098962895, -1.246724432483728 ], [ 36.897789019902142, -1.246686633858846 ], [ 36.897752971046884, -1.246644925978701 ], [ 36.89770537107669, -1.24658382597756 ], [ 36.897674937149425, -1.246540563128121 ], [ 36.897648843796198, -1.246494517129853 ], [ 36.897627340179127, -1.246446127671112 ], [ 36.897610631633441, -1.246395856817597 ], [ 36.89760776958191, -1.246385605904811 ], [ 36.897605681427699, -1.24638326077064 ], [ 36.897572825383456, -1.246337591762379 ], [ 36.897544856698481, -1.246288736809238 ], [ 36.897535856706455, -1.24627093681169 ], [ 36.897513971118805, -1.246221749051859 ], [ 36.897506960745204, -1.246200574638519 ], [ 36.897494853533182, -1.246179337727922 ], [ 36.897472216517365, -1.246127938322625 ], [ 36.897454986750212, -1.24607445674526 ], [ 36.897451686754685, -1.246062056748477 ], [ 36.897439667089166, -1.246004617280668 ], [ 36.897438991915536, -1.245997797832352 ], [ 36.897435039050542, -1.245986077923975 ], [ 36.897419546228079, -1.245930630386416 ], [ 36.897412891447431, -1.245891117881997 ], [ 36.897329144864479, -1.245660433915691 ], [ 36.897267722242169, -1.245492790823372 ], [ 36.897265093874132, -1.245484780292545 ], [ 36.897250389546905, -1.24545881016912 ], [ 36.897228810592622, -1.245410132977379 ], [ 36.89722441059731, -1.245398732979669 ], [ 36.897213637831271, -1.245365300150961 ], [ 36.897173989464669, -1.245298157732972 ], [ 36.897156957042746, -1.245267036826384 ], [ 36.897147996168378, -1.245249314194936 ], [ 36.89713179467207, -1.245234224320324 ], [ 36.897092242603343, -1.245188070209985 ], [ 36.897079942611178, -1.245171970209827 ], [ 36.897051335362441, -1.245130695336567 ], [ 36.89705059033151, -1.245129374362822 ], [ 36.897049844309876, -1.245128449031815 ], [ 36.897022005258165, -1.245086475727637 ], [ 36.897008604266901, -1.245061523293021 ], [ 36.896981648501757, -1.245040770403235 ], [ 36.896941022082665, -1.245006162495189 ], [ 36.896903985155667, -1.244967690243664 ], [ 36.896893786459572, -1.244954755816625 ], [ 36.896893515303084, -1.244954649495976 ], [ 36.896847397927367, -1.244931224949842 ], [ 36.896803720440964, -1.24490346426671 ], [ 36.896762884075805, -1.244871622463457 ], [ 36.896757130769103, -1.244866173444127 ], [ 36.896739458545213, -1.24485282411981 ], [ 36.896722547312827, -1.244841865920148 ], [ 36.896682847873592, -1.24481048862167 ], [ 36.896678247875499, -1.244806488620752 ], [ 36.896672143286189, -1.244800666764225 ], [ 36.896640202366036, -1.244776034623334 ], [ 36.896602264191671, -1.244740459656746 ], [ 36.896567898072796, -1.244701379983407 ], [ 36.896558495316974, -1.244688353021474 ], [ 36.896532298809781, -1.244679468627382 ], [ 36.896485106658488, -1.244658201103749 ], [ 36.896453944976933, -1.244640369814249 ], [ 36.896529970847716, -1.244829132995147 ], [ 36.896673104258319, -1.245149312367274 ], [ 36.896673401580045, -1.245149978653534 ], [ 36.896768501672049, -1.245363478690112 ], [ 36.896790897248849, -1.245422841147662 ], [ 36.896850097321312, -1.245612541192944 ], [ 36.896864040488865, -1.245666922454561 ], [ 36.896872322572889, -1.24572246326141 ], [ 36.896874854798092, -1.245778568276968 ], [ 36.896871610021385, -1.24583463611696 ], [ 36.896866410027265, -1.245882036134191 ], [ 36.896857774244694, -1.245935823429478 ], [ 36.896843821319798, -1.245988467514268 ], [ 36.89682469201005, -1.24603943731308 ], [ 36.89680057929256, -1.246088218640659 ], [ 36.896740179269074, -1.246196418673748 ], [ 36.896712172142394, -1.246241304087667 ], [ 36.896679946588861, -1.246283224252431 ], [ 36.896643810256876, -1.246321778968202 ], [ 36.896446710159672, -1.246512478992059 ], [ 36.896408298599745, -1.24654627225392 ], [ 36.896366884560472, -1.246576258663825 ], [ 36.896322839111569, -1.246602169544 ], [ 36.896276556900162, -1.246623772733472 ], [ 36.896228452614714, -1.246640874668187 ], [ 36.89617895726942, -1.24665332211532 ], [ 36.896128514342323, -1.24666100354632 ], [ 36.896077575801691, -1.246663850136093 ], [ 36.895845075752746, -1.246665750055105 ], [ 36.895794439172413, -1.246663765986203 ], [ 36.895744211551666, -1.246657004066946 ], [ 36.895694836914927, -1.246645524074838 ], [ 36.895575963744434, -1.246611888520587 ], [ 36.895576919923826, -1.246885478940851 ], [ 36.895588648825075, -1.247130365938486 ], [ 36.895603743782473, -1.247405152638277 ], [ 36.895603397978689, -1.247470789876134 ], [ 36.895589845340744, -1.247677672331376 ], [ 36.895593862583155, -1.247715813483493 ], [ 36.895596858834068, -1.247770246814528 ], [ 36.895594411705346, -1.247824707952746 ], [ 36.895586545912217, -1.247878646850913 ], [ 36.895573340897464, -1.247931518736353 ], [ 36.895554930029085, -1.247982789612934 ], [ 36.895531499253281, -1.248031941654493 ], [ 36.895455399224552, -1.248172941698425 ], [ 36.895430899216898, -1.248213919389513 ], [ 36.895402908547908, -1.248252565931354 ], [ 36.895371644777562, -1.248288580940385 ], [ 36.895303576311662, -1.248360346695295 ], [ 36.895237528717949, -1.248432837933875 ], [ 36.895195660203385, -1.24847405284335 ], [ 36.895149595907988, -1.248510452183012 ], [ 36.895099879719048, -1.2485416061816 ], [ 36.895047098642237, -1.248567147000317 ], [ 36.894812998543024, -1.248665046955882 ], [ 36.894756129807554, -1.248685155666081 ], [ 36.894563329735412, -1.248741355617516 ], [ 36.894499900946663, -1.248755735302465 ], [ 36.894435213339058, -1.248762322957534 ], [ 36.894254832780454, -1.248769676848058 ], [ 36.894205894716563, -1.249024824424212 ], [ 36.894193238057916, -1.249076857648906 ], [ 36.89417554410516, -1.249127380697137 ], [ 36.89415298541023, -1.249175900866499 ], [ 36.894125781966224, -1.24922194498671 ], [ 36.894094199062096, -1.249265064034063 ], [ 36.894058544695447, -1.249304837510305 ], [ 36.894019166568988, -1.249340877543377 ], [ 36.893976448699682, -1.24937283266996 ], [ 36.893930807673762, -1.249400391262927 ], [ 36.893882688584178, -1.249423284570374 ], [ 36.893832560690022, -1.249441289336448 ], [ 36.893780912840242, -1.249454229978614 ], [ 36.893728248706381, -1.249461980299809 ], [ 36.89371127223432, -1.249462773589131 ], [ 36.893711009771039, -1.249466939614222 ], [ 36.893702715902087, -1.249518676825271 ], [ 36.893689500597681, -1.249569367090833 ], [ 36.893671487196066, -1.24961853731882 ], [ 36.893648843816187, -1.24966572860364 ], [ 36.893621781788632, -1.249710500509229 ], [ 36.893520419001753, -1.249861277633769 ], [ 36.893450254475567, -1.24999974756302 ], [ 36.893374192944442, -1.250218929278896 ], [ 36.89336804494026, -1.250386078972252 ], [ 36.893408801120266, -1.250628333351594 ], [ 36.893411858260315, -1.250648890253631 ], [ 36.893436608606486, -1.250840298577367 ], [ 36.893499857589553, -1.251145599723296 ], [ 36.893563521695967, -1.251432972055032 ], [ 36.893658345139727, -1.251696449346037 ], [ 36.893671470573047, -1.251738083259278 ], [ 36.89368122542141, -1.251780645071962 ], [ 36.893746940741345, -1.252131280743958 ], [ 36.8937769386417, -1.252232405143575 ], [ 36.893789432007949, -1.25228341253163 ], [ 36.893796964684825, -1.252335397062743 ], [ 36.893799466025264, -1.252387871189832 ], [ 36.893796912569641, -1.252440342774019 ], [ 36.893789328265761, -1.25249231970022 ], [ 36.893776784244302, -1.252543314492625 ], [ 36.893759398151659, -1.252592848886528 ], [ 36.893676998130559, -1.252795748956495 ], [ 36.893652592398091, -1.25284778014166 ], [ 36.893622848456872, -1.252896916832775 ], [ 36.893588100937066, -1.252942606224385 ], [ 36.89354874076097, -1.252984334294503 ], [ 36.893505210744969, -1.253021631587514 ], [ 36.893380310683654, -1.253117631588438 ], [ 36.893338185590494, -1.253146929269469 ], [ 36.893293488294781, -1.25317207123843 ], [ 36.893246622222691, -1.253192830570914 ], [ 36.893198010375173, -1.253209019899021 ], [ 36.892638253565785, -1.253366171715973 ], [ 36.89247859792706, -1.253421759522004 ], [ 36.892428088301251, -1.253436609874831 ], [ 36.892376380606727, -1.253446431961456 ], [ 36.892323967725616, -1.253451132157475 ], [ 36.892271349261847, -1.253450665660718 ], [ 36.892219026778903, -1.253445036918426 ], [ 36.892167499018839, -1.253434299584724 ], [ 36.892089099017923, -1.253413899555903 ], [ 36.892086252608038, -1.25341315055945 ], [ 36.891940052606991, -1.253374250505743 ], [ 36.891892999042213, -1.253359381660434 ], [ 36.891847492852385, -1.253340245995315 ], [ 36.891803915069055, -1.253317003737238 ], [ 36.891762630576757, -1.253289849498219 ], [ 36.891723985057808, -1.253259010645948 ], [ 36.891688302097869, -1.253224745400019 ], [ 36.89165588047647, -1.253187340669755 ], [ 36.891486880581297, -1.252973340664351 ], [ 36.891465501320205, -1.252944336677353 ], [ 36.891350114639465, -1.252776390843378 ], [ 36.891293870646209, -1.252896846424004 ], [ 36.891234024562714, -1.253089148497679 ], [ 36.89123156737412, -1.253096842711805 ], [ 36.891118467359064, -1.253442142835554 ], [ 36.891118282580813, -1.253442705937408 ], [ 36.891032282569178, -1.253704306031129 ], [ 36.8910160914036, -1.253747343357878 ], [ 36.890996334312725, -1.253788844586919 ], [ 36.89077563423092, -1.254206044718566 ], [ 36.890752291133595, -1.254245963495375 ], [ 36.890725649663857, -1.254283732429262 ], [ 36.890695904064124, -1.254319076147805 ], [ 36.890467503952635, -1.254568076191394 ], [ 36.890432456204117, -1.254602942354629 ], [ 36.890394390971132, -1.254634440876479 ], [ 36.890353626467828, -1.254662308438919 ], [ 36.890310503473479, -1.25468631207767 ], [ 36.890265382483605, -1.254706251129828 ], [ 36.889870582319865, -1.254859451048677 ], [ 36.889817189001192, -1.254877012451447 ], [ 36.889762269669021, -1.254888885198595 ], [ 36.889706420867, -1.254894940326845 ], [ 36.889650249234748, -1.254895112064953 ], [ 36.889411649193875, -1.254883311979093 ], [ 36.889358800003727, -1.254878061769436 ], [ 36.889306720724825, -1.254867602186109 ], [ 36.889267560938315, -1.254857695678713 ], [ 36.889214845669528, -1.25488197202677 ], [ 36.889037584344976, -1.25499696369313 ], [ 36.889036171018674, -1.254997877401189 ], [ 36.888814531707119, -1.255140675461981 ], [ 36.888781979024344, -1.255166917500787 ], [ 36.888763514315862, -1.255291812427314 ], [ 36.888727033282457, -1.255539383967487 ], [ 36.888716825001062, -1.255591156904028 ], [ 36.888701665897628, -1.25564168621156 ], [ 36.888681699491762, -1.255690493500826 ], [ 36.888657114816574, -1.255737116685825 ], [ 36.888628144628974, -1.25578111435881 ], [ 36.888450944547742, -1.256023714419265 ], [ 36.888417442088056, -1.256065141767584 ], [ 36.88838005397983, -1.256103051922304 ], [ 36.888339142743469, -1.256137077301546 ], [ 36.888219642684803, -1.256226877301242 ], [ 36.888175783588252, -1.256256579499245 ], [ 36.888129244475707, -1.256281814293882 ], [ 36.888080473061031, -1.256302338922825 ], [ 36.887961773012826, -1.256345538896953 ], [ 36.887914685559409, -1.256360262069986 ], [ 36.887793161383648, -1.256392204714432 ], [ 36.887619094304185, -1.256475842140262 ], [ 36.887563473694819, -1.25649882676816 ], [ 36.887456302950845, -1.25653622990673 ], [ 36.887430648117501, -1.256588399505081 ], [ 36.887409396512872, -1.256678228118513 ], [ 36.887409289506905, -1.256703632502577 ], [ 36.887410035485622, -1.256710488709287 ], [ 36.88745757157254, -1.256844002992951 ], [ 36.887473975216018, -1.256899121349888 ], [ 36.887484486205878, -1.256955678387657 ], [ 36.887488986289227, -1.257013037819558 ], [ 36.887487424838106, -1.257070554331554 ], [ 36.887466224877215, -1.257335454427484 ], [ 36.887460446446745, -1.257382192291356 ], [ 36.887450661863319, -1.257428249513383 ], [ 36.887436944885046, -1.257473278904546 ], [ 36.887419398913302, -1.257516941023866 ], [ 36.887387598903487, -1.257587141047444 ], [ 36.887358191101178, -1.257643145035371 ], [ 36.887322497388418, -1.257695316792302 ], [ 36.887245697352427, -1.257794616815449 ], [ 36.887212220265901, -1.257833884337449 ], [ 36.887136020228525, -1.257915084350997 ], [ 36.887088241846463, -1.257960165541682 ], [ 36.887035383728836, -1.257999081425725 ], [ 36.886898583663218, -1.258087481417016 ], [ 36.886841563218944, -1.258119590923868 ], [ 36.886781101392081, -1.258144519842491 ], [ 36.886513549876, -1.258236199968511 ], [ 36.886352388093236, -1.258336273119105 ], [ 36.88629716001099, -1.258366247457359 ], [ 36.886238844996441, -1.258389558274287 ], [ 36.886095290131493, -1.258437409856974 ], [ 36.886106052204767, -1.25845428288451 ], [ 36.886129774911154, -1.258500791462748 ], [ 36.886215774994234, -1.258691491494925 ], [ 36.886217960470844, -1.258696402227743 ], [ 36.886274960526926, -1.258826202250456 ], [ 36.886292234740488, -1.258870753546249 ], [ 36.886305543313235, -1.258916663005793 ], [ 36.886314782808064, -1.258963573811938 ], [ 36.886334682847831, -1.259094673852151 ], [ 36.886340097830754, -1.259147669012092 ], [ 36.886340321932884, -1.259200943210073 ], [ 36.886327021984719, -1.259498943316583 ], [ 36.886322637326607, -1.259547786285315 ], [ 36.886313887868653, -1.259596031087229 ], [ 36.886300845121902, -1.259643283407174 ], [ 36.886283615687425, -1.259689157041771 ], [ 36.886232015672867, -1.259809757082993 ], [ 36.886217249830011, -1.25984141732375 ], [ 36.886154949807938, -1.259964517363481 ], [ 36.886126766717567, -1.260013665646387 ], [ 36.886093636632751, -1.260059581723612 ], [ 36.886055922098357, -1.260101763132601 ], [ 36.886014035827273, -1.260139748279533 ], [ 36.885968436183987, -1.260173121490696 ], [ 36.8859196221687, -1.260201517561187 ], [ 36.885770644855327, -1.260278011438428 ], [ 36.88555517851384, -1.260392454872862 ], [ 36.885413938951544, -1.260479837196718 ], [ 36.885362458188183, -1.260507928839959 ], [ 36.885308253239813, -1.260530233147237 ], [ 36.885251964016661, -1.260546486808329 ], [ 36.885148663980779, -1.260570286779473 ], [ 36.885099173682043, -1.26057926679774 ], [ 36.885049067242399, -1.260583565113854 ], [ 36.884998780879819, -1.260583144307857 ], [ 36.884948752378541, -1.260578008043715 ], [ 36.884781852362352, -1.260552907981881 ], [ 36.884733724117517, -1.260543398882559 ], [ 36.884686654030915, -1.260529525526577 ], [ 36.8846410319059, -1.260511402804355 ], [ 36.884597235554715, -1.2604891807967 ], [ 36.884526360039935, -1.260449048263263 ], [ 36.88450762292991, -1.260478313565328 ], [ 36.884426822893083, -1.260590913594015 ], [ 36.884395201921812, -1.260630871398031 ], [ 36.884335762135102, -1.260699123218347 ], [ 36.884277768934325, -1.260775613034575 ], [ 36.884254783930032, -1.260812156602872 ], [ 36.884226274571382, -1.260853166340933 ], [ 36.88419413111788, -1.260891356772486 ], [ 36.884158627215392, -1.260926402772351 ], [ 36.884120065118218, -1.260958005984834 ], [ 36.884078773115874, -1.260985897363633 ], [ 36.88397101448502, -1.26105163827102 ], [ 36.883863078095075, -1.261282265384661 ], [ 36.883835786867856, -1.261333310588378 ], [ 36.883803239788371, -1.261381133328794 ], [ 36.883765808500442, -1.261425187534906 ], [ 36.883723920418994, -1.261464970167375 ], [ 36.883562100678681, -1.261602974186787 ], [ 36.88333135175607, -1.261835034096841 ], [ 36.883297070707989, -1.261866655800406 ], [ 36.883260209148247, -1.261895185719924 ], [ 36.883221041463436, -1.261920411487389 ], [ 36.883023552087572, -1.2620358318848 ], [ 36.882983371302295, -1.262191610342889 ], [ 36.882966360243927, -1.262245738756946 ], [ 36.882943821758658, -1.262297781338997 ], [ 36.882916002705358, -1.262347168078496 ], [ 36.882883207779848, -1.262393358053733 ], [ 36.882845796177619, -1.26243584535655 ], [ 36.882672296091883, -1.262613245383275 ], [ 36.882667232778815, -1.262618354093565 ], [ 36.88255323966942, -1.262731849379282 ], [ 36.882387954085864, -1.262942350347762 ], [ 36.882354086058221, -1.262981479854218 ], [ 36.882316658058222, -1.26301717299489 ], [ 36.882276012624573, -1.263049103108747 ], [ 36.882165012570304, -1.26312800310586 ], [ 36.882123224829463, -1.263154894175932 ], [ 36.882079157916394, -1.263177804942954 ], [ 36.882033185026756, -1.263196541379689 ], [ 36.88198569549759, -1.263210944810682 ], [ 36.881838212123597, -1.263248319821498 ], [ 36.881740972918983, -1.263311709567091 ], [ 36.881577458284674, -1.263434712928666 ], [ 36.88153404067608, -1.263464177240937 ], [ 36.881487987113793, -1.263489261735407 ], [ 36.881439732331103, -1.263509729621645 ], [ 36.88138973184018, -1.263525387688805 ], [ 36.881338457632154, -1.263536088129469 ], [ 36.881286393721638, -1.263541729934928 ], [ 36.881234031577726, -1.263542259848582 ], [ 36.881102631554043, -1.263537159801333 ], [ 36.881052348180184, -1.26353282822881 ], [ 36.881002687789191, -1.263523781871954 ], [ 36.880967801398057, -1.263513961092289 ], [ 36.880945046671798, -1.263525309053601 ], [ 36.880907245690857, -1.26354010727302 ], [ 36.880876399733843, -1.26357694687716 ], [ 36.880752912099751, -1.263729473131267 ], [ 36.880713562973519, -1.263773019764046 ], [ 36.880669757633896, -1.263812018849352 ], [ 36.88062201186753, -1.263846011192407 ], [ 36.880570887857651, -1.263874596550507 ], [ 36.880522487835918, -1.263898296543126 ], [ 36.880476812128336, -1.263918094442692 ], [ 36.880429517791882, -1.263933570640546 ], [ 36.880381007494748, -1.263944593371375 ], [ 36.88033169425789, -1.263951068787116 ], [ 36.880281997938482, -1.263952941755978 ], [ 36.880256379399661, -1.263951525344084 ], [ 36.880245632124662, -1.263955653550852 ], [ 36.880190132102285, -1.26397515353838 ], [ 36.88013940068376, -1.263990211383865 ], [ 36.880087447143964, -1.264000191893301 ], [ 36.88003477182437, -1.264004998949344 ], [ 36.879981882017503, -1.26400458625793 ], [ 36.879929287081431, -1.26399895779402 ], [ 36.879877493534337, -1.263988167763375 ], [ 36.879827000176476, -1.263972320080445 ], [ 36.879778293286435, -1.263951567367588 ], [ 36.879731841938025, -1.263926109485281 ], [ 36.879688093482862, -1.263896191607272 ], [ 36.879647469242094, -1.263862101859392 ], [ 36.879610360448893, -1.263824168544842 ], [ 36.879577124480704, -1.263782756982294 ], [ 36.879548081417468, -1.263738265987782 ], [ 36.879523510959153, -1.263691124033839 ], [ 36.879503649732079, -1.263641785123061 ], [ 36.879488689010124, -1.263590724415876 ], [ 36.879478772872666, -1.263538433654425 ], [ 36.87947399681704, -1.26348541642689 ], [ 36.879474406838867, -1.263432183317656 ], [ 36.879479998989098, -1.263379246990115 ], [ 36.879490719412082, -1.263327117249508 ], [ 36.879506464864193, -1.263276296133143 ], [ 36.879527083708183, -1.263227273075633 ], [ 36.879552377373457, -1.263180520195354 ], [ 36.879582102268472, -1.263136487747667 ], [ 36.879615972126629, -1.263095599788784 ], [ 36.87965366076314, -1.263058250091816 ], [ 36.879694805216367, -1.263024798354651 ], [ 36.87973900924333, -1.262995566735746 ], [ 36.879785847135686, -1.262970836751634 ], [ 36.879834867819561, -1.262950846565775 ], [ 36.879875750000039, -1.262936482541656 ], [ 36.879985249195769, -1.262890754645782 ], [ 36.880034830342971, -1.262872853969249 ], [ 36.880062056701881, -1.262865954783596 ], [ 36.880193369397674, -1.262709126737042 ], [ 36.88023224912024, -1.262667375805991 ], [ 36.880275282221284, -1.262629979363959 ], [ 36.880321989847126, -1.262597353542858 ], [ 36.880371852255522, -1.262569861389296 ], [ 36.880424314599139, -1.262547808824703 ], [ 36.880478793099634, -1.262531441241117 ], [ 36.880506453822754, -1.262524707432924 ], [ 36.880555701568504, -1.262491255396329 ], [ 36.880610884657393, -1.262458402226425 ], [ 36.880669553370026, -1.26243237690741 ], [ 36.880753553335452, -1.262400976889485 ], [ 36.880805873552802, -1.262384415344313 ], [ 36.880859595181271, -1.262373291452009 ], [ 36.880914161892655, -1.262367720409512 ], [ 36.880969008607167, -1.262367759909806 ], [ 36.881023567345245, -1.262373409544451 ], [ 36.881121867336084, -1.262388709507947 ], [ 36.881161640696007, -1.262396761585646 ], [ 36.881327105599098, -1.262288895719576 ], [ 36.881378230344161, -1.262259428947675 ], [ 36.881432245102907, -1.26223575452657 ], [ 36.88148850447331, -1.262218155333735 ], [ 36.881606074121521, -1.262188360935912 ], [ 36.881727945978938, -1.262033149821134 ], [ 36.881771767399059, -1.261983846020507 ], [ 36.881906618796791, -1.261849583446101 ], [ 36.88197631158755, -1.261778324058127 ], [ 36.882036728921129, -1.261544089781503 ], [ 36.882052639011484, -1.261492943474231 ], [ 36.882073485902822, -1.261443626955015 ], [ 36.882099066105866, -1.26139662160881 ], [ 36.882129129928934, -1.261352386261002 ], [ 36.88216338391522, -1.261311352698707 ], [ 36.882201493707228, -1.261273921456018 ], [ 36.882243087310457, -1.261240457904441 ], [ 36.882287758724516, -1.261211288686339 ], [ 36.882619081932987, -1.261017650443834 ], [ 36.882815848233605, -1.26081976607127 ], [ 36.882848379749078, -1.260789629961496 ], [ 36.882937792867047, -1.260713376107588 ], [ 36.883052522057923, -1.260468234786337 ], [ 36.883076371897459, -1.260422955749333 ], [ 36.883104360645582, -1.260380144057291 ], [ 36.883136238494714, -1.26034018181695 ], [ 36.883171720925986, -1.260303425702934 ], [ 36.883210491248619, -1.260270203774345 ], [ 36.883324891192125, -1.260181203775829 ], [ 36.883375126964722, -1.260146502785057 ], [ 36.883419202648959, -1.260119613257914 ], [ 36.883489938613899, -1.260026316398708 ], [ 36.883513098248265, -1.259997828709581 ], [ 36.88356569750426, -1.259937431505979 ], [ 36.883577830956284, -1.259858231718321 ], [ 36.883590106348642, -1.259799729157378 ], [ 36.883608704267346, -1.259742941752457 ], [ 36.883633398756785, -1.259688559442219 ], [ 36.883663889791201, -1.259637242944676 ], [ 36.88372348976489, -1.259548442968772 ], [ 36.883757336721011, -1.259503282394224 ], [ 36.883795672290056, -1.25946191505127 ], [ 36.883838079590539, -1.259424790790918 ], [ 36.883884097462797, -1.259392313322738 ], [ 36.883933225483887, -1.259364835824663 ], [ 36.883984929409372, -1.259342657102298 ], [ 36.884135929347657, -1.259287057069677 ], [ 36.884183985018851, -1.259271884391993 ], [ 36.884233238028699, -1.259261292843995 ], [ 36.884283258282672, -1.259255374915243 ], [ 36.884333608986339, -1.259254182283626 ], [ 36.884383850459571, -1.259257725364102 ], [ 36.884574550436419, -1.259280225293814 ], [ 36.88461408670738, -1.259286394864519 ], [ 36.884653059334042, -1.259295499330787 ], [ 36.884725859333905, -1.25931539930398 ], [ 36.884771330000063, -1.259330033815125 ], [ 36.884815335669437, -1.259348660661427 ], [ 36.884857531093289, -1.25937113370546 ], [ 36.884897585225168, -1.259397276634146 ], [ 36.88499373200861, -1.259466305046959 ], [ 36.885005760988626, -1.259458862927711 ], [ 36.885036456263414, -1.259441240949737 ], [ 36.885255779772912, -1.25932474864736 ], [ 36.885261094329707, -1.259205671049497 ], [ 36.885260048069433, -1.25919877833801 ], [ 36.885233120210067, -1.259137458357797 ], [ 36.885180666764931, -1.259021145796576 ], [ 36.885098346461078, -1.25892578215553 ], [ 36.885063476368799, -1.258880814168122 ], [ 36.885033490672697, -1.25883240933032 ], [ 36.885008720941329, -1.258781102882521 ], [ 36.884989441067297, -1.25872746214973 ], [ 36.884975864238676, -1.258672080268396 ], [ 36.884934764308881, -1.258456180331534 ], [ 36.884927266592172, -1.258402291293832 ], [ 36.884925170599203, -1.258347917346621 ], [ 36.884928497419899, -1.258293605610993 ], [ 36.884937213578866, -1.258239902582026 ], [ 36.884951231372206, -1.258187348629846 ], [ 36.885030731362704, -1.257939648719097 ], [ 36.885049303572977, -1.257890170983854 ], [ 36.885072574835149, -1.257842748839387 ], [ 36.885100323919957, -1.257797833106323 ], [ 36.885132287029613, -1.257755850778101 ], [ 36.885168160305568, -1.25771720096159 ], [ 36.885207602717131, -1.257682251083154 ], [ 36.885328102657525, -1.257585551086426 ], [ 36.885366583737827, -1.257557374638625 ], [ 36.885407384144628, -1.257532724349696 ], [ 36.885450185813497, -1.257511792384249 ], [ 36.885494655078865, -1.257494741920318 ], [ 36.885840085955437, -1.257379598176206 ], [ 36.885999311820569, -1.257280727001182 ], [ 36.886052507254931, -1.257251711716445 ], [ 36.886108598656207, -1.257228880333861 ], [ 36.886371503321449, -1.257138792333329 ], [ 36.886397599472232, -1.257121929021467 ], [ 36.886402292740421, -1.257116927794312 ], [ 36.886403650803416, -1.257099958449108 ], [ 36.886373828580147, -1.257016196829421 ], [ 36.886356011626241, -1.256955064850697 ], [ 36.88634543834884, -1.256892252049108 ], [ 36.886334438376863, -1.25679115208155 ], [ 36.88633124027799, -1.256729800081221 ], [ 36.886331740302005, -1.256611100122795 ], [ 36.886335547184942, -1.256548998247847 ], [ 36.886346394419519, -1.256487743628348 ], [ 36.886396194425309, -1.256277243705703 ], [ 36.886413601027215, -1.256218581888455 ], [ 36.886437464096247, -1.256162267765117 ], [ 36.886562764053174, -1.255907467848244 ], [ 36.886591314530875, -1.255856519286654 ], [ 36.886625149392771, -1.255808960985487 ], [ 36.886663875235136, -1.255765345913575 ], [ 36.886728475203235, -1.255700045923044 ], [ 36.886764511967691, -1.255666782589238 ], [ 36.886803395619388, -1.255636943352291 ], [ 36.886844806120521, -1.255610773808968 ], [ 36.886888402635648, -1.255588489352027 ], [ 36.886933826336993, -1.25557027339751 ], [ 36.88718187805506, -1.255483701914248 ], [ 36.887375105566001, -1.255390857949906 ], [ 36.887422276148769, -1.255370901896763 ], [ 36.887471114392923, -1.255355538058917 ], [ 36.887618435705768, -1.255316814530961 ], [ 36.887633370798717, -1.255311379007565 ], [ 36.887680397730556, -1.255246995624166 ], [ 36.887697266953772, -1.25513251606889 ], [ 36.887729504922433, -1.254914459048841 ], [ 36.887738827305114, -1.254866411393472 ], [ 36.887752415459431, -1.254819405303577 ], [ 36.887770158719078, -1.254773823611591 ], [ 36.887841358697855, -1.254612723666053 ], [ 36.887864460494612, -1.254566519978506 ], [ 36.887891829428973, -1.254522740889913 ], [ 36.887923216668405, -1.254481784430575 ], [ 36.887958336846872, -1.25444402296812 ], [ 36.887996870659236, -1.25440979982196 ], [ 36.88816297057717, -1.254275899826776 ], [ 36.888209329121175, -1.254242422752623 ], [ 36.888454321631983, -1.254084578483583 ], [ 36.888663415578009, -1.253948936431881 ], [ 36.888731156284173, -1.253911616933614 ], [ 36.888904656208076, -1.253831716904501 ], [ 36.888959808725637, -1.25380992295728 ], [ 36.889017004816537, -1.253794354029004 ], [ 36.889075553231692, -1.253785198280313 ], [ 36.889250353184103, -1.253767698223362 ], [ 36.889296803507484, -1.253765078801013 ], [ 36.889343305219057, -1.253766500987379 ], [ 36.889389511832263, -1.253771954186058 ], [ 36.889435079059268, -1.253781397765336 ], [ 36.889517786614377, -1.253802320777974 ], [ 36.889589235231419, -1.253805854256087 ], [ 36.889760581960388, -1.253739364024588 ], [ 36.889856797346539, -1.253634470680309 ], [ 36.890023319407177, -1.253319685862464 ], [ 36.890094825095069, -1.253102175571809 ], [ 36.890206575775096, -1.252760995192274 ], [ 36.890276175647891, -1.252537351590266 ], [ 36.890302716379061, -1.252468771948041 ], [ 36.890470016325168, -1.25211047206692 ], [ 36.890499086327367, -1.252056404136886 ], [ 36.89053404777092, -1.252005993951955 ], [ 36.890574451632503, -1.251959888949967 ], [ 36.890780451531057, -1.251750088980961 ], [ 36.890817305290852, -1.251715892901899 ], [ 36.890857156044319, -1.251685290735136 ], [ 36.890899659104171, -1.251658547173085 ], [ 36.890944446842106, -1.251635893533408 ], [ 36.890991131868574, -1.251617525758173 ], [ 36.891039310383455, -1.251603602719103 ], [ 36.891088565668731, -1.25159424484339 ], [ 36.891138471692841, -1.251589533072038 ], [ 36.891423571625019, -1.251576032975091 ], [ 36.891477024132243, -1.25157617267488 ], [ 36.891530200013989, -1.251581640793015 ], [ 36.891582576233532, -1.251592383545758 ], [ 36.891633637619528, -1.25160829526821 ], [ 36.89168288193315, -1.251629219453507 ], [ 36.891729824808159, -1.251654950292288 ], [ 36.891774004515078, -1.25168523469696 ], [ 36.891814986502801, -1.251719774791083 ], [ 36.892104086633381, -1.251989074740488 ], [ 36.892145132389658, -1.252031738734994 ], [ 36.89218129852253, -1.252078663060955 ], [ 36.892341888881205, -1.252312402735661 ], [ 36.892348755628305, -1.252321097900693 ], [ 36.892668736825286, -1.25223126292038 ], [ 36.892630038759535, -1.252024781997603 ], [ 36.892538255052671, -1.25176975049795 ], [ 36.89251895293561, -1.251703058558688 ], [ 36.892446953046175, -1.251378058649405 ], [ 36.892445382334721, -1.251370730611054 ], [ 36.892377182444221, -1.251041530704857 ], [ 36.892370341831644, -1.251000809521879 ], [ 36.892344274770274, -1.250799217513963 ], [ 36.892295999112974, -1.250512266566853 ], [ 36.892289585706187, -1.250457134402568 ], [ 36.892288803606434, -1.250401631215063 ], [ 36.892300003660687, -1.250097131323184 ], [ 36.892304661208762, -1.25004328621037 ], [ 36.892314619259238, -1.249990174852674 ], [ 36.892329778956679, -1.249938324495405 ], [ 36.892444678937146, -1.249607224613005 ], [ 36.892473371660692, -1.249539641166272 ], [ 36.892575271624509, -1.249338541230865 ], [ 36.892606896937174, -1.24928461691023 ], [ 36.892602324160329, -1.249248729484664 ], [ 36.892600898572923, -1.249193727534127 ], [ 36.89260501584458, -1.249138863151814 ], [ 36.892637472169334, -1.248881229402543 ], [ 36.892663349469935, -1.248580840879977 ], [ 36.892669555974599, -1.248533313484836 ], [ 36.892679906912292, -1.248486523127884 ], [ 36.892694321455316, -1.248440835181917 ], [ 36.892712687044472, -1.24839660641124 ], [ 36.892778050058148, -1.248256890874934 ], [ 36.892835538916493, -1.248088971951705 ], [ 36.892855317832272, -1.248039301197444 ], [ 36.892879862723987, -1.247991833485883 ], [ 36.892908934750139, -1.247947030716012 ], [ 36.892942251016628, -1.247905328854869 ], [ 36.892979487329534, -1.247867133695223 ], [ 36.89302028134977, -1.247832816906906 ], [ 36.893064236118917, -1.247802712420083 ], [ 36.893110923921938, -1.247777113175995 ], [ 36.893159890449148, -1.24775626827626 ], [ 36.893210659217004, -1.247740380558978 ], [ 36.893262736204662, -1.247729604624916 ], [ 36.893315614661169, -1.247724045333114 ], [ 36.893368780036553, -1.247723756780501 ], [ 36.893421714988783, -1.247728741775485 ], [ 36.89347390441791, -1.247738951810548 ], [ 36.893524840478428, -1.247754287534302 ], [ 36.893581740076392, -1.247774546111066 ], [ 36.89358440609444, -1.24777308904792 ], [ 36.893634297363114, -1.247752033486072 ], [ 36.893686034493399, -1.247736118110695 ], [ 36.893739096207767, -1.247725503277734 ], [ 36.893903296158527, -1.247701203226889 ], [ 36.893959886583438, -1.247695877202769 ], [ 36.894326264884519, -1.247680940182957 ], [ 36.894427276278833, -1.247651495952642 ], [ 36.89451365467032, -1.247615372709698 ], [ 36.894525652993394, -1.247432218085373 ], [ 36.894512256458391, -1.247188347322775 ], [ 36.894512059675336, -1.24718451983996 ], [ 36.894499659736496, -1.246925619927225 ], [ 36.894499037930011, -1.24690140797434 ], [ 36.894497638012552, -1.246500808113439 ], [ 36.894501962093621, -1.246430296097573 ], [ 36.894557062141992, -1.245995296256337 ], [ 36.894566500540023, -1.245942080194923 ], [ 36.894581154314167, -1.245890073837885 ], [ 36.894600877948307, -1.245839793622509 ], [ 36.894625475581321, -1.245791738845048 ], [ 36.894654702951996, -1.245746386702597 ], [ 36.894688269824655, -1.245704187554401 ], [ 36.89472584287121, -1.24566556044968 ], [ 36.894767048981215, -1.245630888966314 ], [ 36.894877248927273, -1.245547188966483 ], [ 36.894918866980248, -1.245518551915428 ], [ 36.894962961432903, -1.245493954055553 ], [ 36.895009146480987, -1.24547361060617 ], [ 36.895057018028524, -1.245457699562712 ], [ 36.895106157223502, -1.245446360139236 ], [ 36.895156134122523, -1.245439691550524 ], [ 36.895206511452663, -1.24543775214384 ], [ 36.895256848437349, -1.245440558888507 ], [ 36.895466248409974, -1.245462158812022 ], [ 36.895512077751278, -1.245468899693912 ], [ 36.895557162864691, -1.245479575973555 ], [ 36.895650536691782, -1.245505996343683 ], [ 36.895542795925579, -1.245264987455035 ], [ 36.895534814268906, -1.24524619473262 ], [ 36.895423814383861, -1.244970594786062 ], [ 36.895402854003109, -1.244907780090781 ], [ 36.895327154105516, -1.244624680164213 ], [ 36.895317214244955, -1.244580105792419 ], [ 36.895311035864225, -1.244534847714411 ], [ 36.895308662779939, -1.244489226898956 ], [ 36.895305462846395, -1.244173127008226 ], [ 36.895307673054816, -1.244118213905613 ], [ 36.895315392220539, -1.244063807701429 ], [ 36.895328541113955, -1.244010466819831 ], [ 36.895346984774903, -1.243958738750548 ], [ 36.895370533897939, -1.243909154429469 ], [ 36.895464895696442, -1.243733883624699 ], [ 36.895454174257495, -1.243722763854044 ], [ 36.895367346790501, -1.24362350141572 ], [ 36.895340895092346, -1.243602727356209 ], [ 36.895277721302243, -1.243625669214824 ], [ 36.895227365737249, -1.243641202589702 ], [ 36.895175744285893, -1.243651715003088 ], [ 36.895123349888827, -1.243657106070975 ], [ 36.895070682867541, -1.243657324313822 ], [ 36.89501824614679, -1.243652367648102 ], [ 36.894966540452025, -1.243642283406258 ], [ 36.894916059527951, -1.243627167884572 ], [ 36.894867285423615, -1.243607165423728 ], [ 36.894686107444905, -1.24352225054567 ], [ 36.894641688508457, -1.243519657163023 ], [ 36.894637523924018, -1.243519397731478 ], [ 36.894437617708761, -1.243506162604813 ], [ 36.89410855082793, -1.24354141965115 ], [ 36.894072450769272, -1.243543994656926 ], [ 36.894016365110737, -1.243661310914814 ], [ 36.893985367829053, -1.243717393742349 ], [ 36.893948006964656, -1.243769399588404 ], [ 36.893934694962063, -1.243785792365837 ], [ 36.893929839344011, -1.24379894203064 ], [ 36.893899124109957, -1.24390077819881 ], [ 36.893898728390575, -1.243902084287616 ], [ 36.893892527060679, -1.243922460093166 ], [ 36.893887565717186, -1.243981793819707 ], [ 36.893881126766416, -1.244031348204072 ], [ 36.893870184091256, -1.244080095861537 ], [ 36.893854830568173, -1.244127623043453 ], [ 36.89383519651102, -1.244173526359996 ], [ 36.893811448564996, -1.244217416204044 ], [ 36.893783788292239, -1.244258920057971 ], [ 36.893752450461022, -1.244297685655413 ], [ 36.893717701053156, -1.244333383971162 ], [ 36.893583200986654, -1.244459383985064 ], [ 36.893546658487203, -1.244490680389071 ], [ 36.893507495363906, -1.244518581675646 ], [ 36.893466022003288, -1.24454286671405 ], [ 36.893422567101574, -1.244563343034112 ], [ 36.893300669688429, -1.244614253491311 ], [ 36.893158109196577, -1.244716124784568 ], [ 36.893103490654063, -1.244750409415027 ], [ 36.893045200649873, -1.244777895607355 ], [ 36.892873500578212, -1.244846595573082 ], [ 36.892827246546027, -1.244862695720013 ], [ 36.892779732145236, -1.244874506340567 ], [ 36.892731349179137, -1.244881930044854 ], [ 36.89253689242566, -1.244902727059311 ], [ 36.89240094242021, -1.244941559095271 ], [ 36.892350495003306, -1.244953364947199 ], [ 36.892299154636163, -1.244960242546247 ], [ 36.892247395433564, -1.244962128380078 ], [ 36.892232619971523, -1.244961235752871 ], [ 36.892152759811623, -1.244971498402905 ], [ 36.892089126730539, -1.244975846635817 ], [ 36.892025428861906, -1.244972598596136 ], [ 36.891853328840476, -1.244953498533061 ], [ 36.891780657639359, -1.244940311005965 ], [ 36.891632857637077, -1.244902810951597 ], [ 36.891609838871538, -1.244896421557533 ], [ 36.891376590606086, -1.244826046303878 ], [ 36.891377658887016, -1.244845404849791 ], [ 36.891375063001441, -1.244900926731705 ], [ 36.891360663020897, -1.245047926785108 ], [ 36.89135396452577, -1.245095034376445 ], [ 36.891337864531344, -1.245181134408095 ], [ 36.89133562184233, -1.245192462988566 ], [ 36.891290521852618, -1.245408263067837 ], [ 36.891286410499212, -1.245426387913847 ], [ 36.891221410504471, -1.245691888011003 ], [ 36.89120503210718, -1.245746324510033 ], [ 36.891183080699854, -1.24579873571771 ], [ 36.891155797607574, -1.245848545445853 ], [ 36.891082498795825, -1.245967193255494 ], [ 36.891007401501234, -1.246100803069136 ], [ 36.89097456694298, -1.246152226339052 ], [ 36.890870566895543, -1.246296526375377 ], [ 36.890827281948077, -1.24634924257363 ], [ 36.890779087719537, -1.246400924152033 ], [ 36.890734648353288, -1.246472493615166 ], [ 36.890727154935675, -1.246484223516949 ], [ 36.89065895490593, -1.246588023545438 ], [ 36.890637030160264, -1.246617516152059 ], [ 36.890629706068893, -1.246639545203671 ], [ 36.890610384836378, -1.246689354286297 ], [ 36.890586285419644, -1.246737006859393 ], [ 36.890557641968826, -1.246782039930123 ], [ 36.890507949574911, -1.24685228371334 ], [ 36.890458900142519, -1.246957831340953 ], [ 36.890432777642758, -1.247007230600972 ], [ 36.890401737782284, -1.247053658330223 ], [ 36.890366110882873, -1.247096620451691 ], [ 36.890326276080927, -1.247135659768942 ], [ 36.890282657292779, -1.247170360831502 ], [ 36.890162557234341, -1.247256160828514 ], [ 36.890120364091608, -1.247283425125128 ], [ 36.890075836220298, -1.247306624952221 ], [ 36.8900293589965, -1.247325559522311 ], [ 36.889981334667375, -1.247340064962507 ], [ 36.88993217886977, -1.247350015732814 ], [ 36.889820578835895, -1.247367215698415 ], [ 36.889766672704106, -1.247372750290568 ], [ 36.889712486867182, -1.247372809024066 ], [ 36.889658569020419, -1.247367391305818 ], [ 36.889605464150243, -1.247356551897145 ], [ 36.889553709025606, -1.247340400360328 ], [ 36.889433919326876, -1.247296259537117 ], [ 36.889429622495101, -1.247316250480989 ], [ 36.889424553015367, -1.247403918939721 ], [ 36.889417504491973, -1.247465281473805 ], [ 36.889403570602916, -1.247525439643594 ], [ 36.889382932024311, -1.247583613396933 ], [ 36.889316532005999, -1.247741713451054 ], [ 36.889290810033501, -1.247794720084857 ], [ 36.889273910026944, -1.247825220094242 ], [ 36.889243016812316, -1.247874541206821 ], [ 36.889207042815073, -1.247920240276929 ], [ 36.889166403608719, -1.2479617893869 ], [ 36.889121568659526, -1.247998708559693 ], [ 36.889073055903211, -1.24803057130363 ], [ 36.889026012986015, -1.248057958647886 ], [ 36.888956234361771, -1.24809998338937 ], [ 36.888949610228018, -1.248106190303205 ], [ 36.888947723454734, -1.248107912910946 ], [ 36.888949567865517, -1.248154879278395 ], [ 36.888956631943486, -1.248186007761046 ], [ 36.888965738386119, -1.248237428731464 ], [ 36.888969889197057, -1.248289492834215 ], [ 36.888969045894349, -1.248341717389898 ], [ 36.88896424590618, -1.248416617416831 ], [ 36.888953656881142, -1.248494148510539 ], [ 36.888949216327298, -1.248515241155675 ], [ 36.888949885433149, -1.248527759861489 ], [ 36.888949811824098, -1.248587386264714 ], [ 36.888948448113283, -1.248599676890358 ], [ 36.88894955967227, -1.248606963648608 ], [ 36.888952450918794, -1.248659472621754 ], [ 36.888950276878333, -1.248712016626888 ], [ 36.888943057983177, -1.248764101833117 ], [ 36.888937057985224, -1.248796001844845 ], [ 36.888927022809895, -1.248839481925027 ], [ 36.888913469871426, -1.2488819843745 ], [ 36.888896369867986, -1.248928884391051 ], [ 36.888873755415794, -1.248981980192182 ], [ 36.888845659321525, -1.249032354422871 ], [ 36.888812400217851, -1.24907943579837 ], [ 36.888774355290209, -1.249122690377668 ], [ 36.888731955999276, -1.249161627618805 ], [ 36.888693972004027, -1.2491929477415 ], [ 36.888620155032847, -1.249258492093631 ], [ 36.888582929500544, -1.249288698810373 ], [ 36.888543190457973, -1.249315465814995 ], [ 36.88850125069996, -1.249338582418845 ], [ 36.888457440343622, -1.249357866666362 ], [ 36.888321340287249, -1.249410666638309 ], [ 36.888271510748766, -1.249427241889486 ], [ 36.888220315782291, -1.249438860791777 ], [ 36.888099401701879, -1.249460136724286 ], [ 36.888027345790874, -1.249477715008656 ], [ 36.887977686781518, -1.249518909394124 ], [ 36.887931963091511, -1.249552927335295 ], [ 36.887882933167432, -1.249581907650412 ], [ 36.887831142700129, -1.249605527796384 ], [ 36.887656755421894, -1.249674147009528 ], [ 36.887556896521637, -1.249716619757791 ], [ 36.887485552920914, -1.249785520394581 ], [ 36.887446758150418, -1.249819559112381 ], [ 36.887404914531153, -1.249849718274376 ], [ 36.887360403615105, -1.249875722873995 ], [ 36.887313631276037, -1.249897335788172 ], [ 36.887265024008514, -1.249914359939554 ], [ 36.887144223962899, -1.249950259909318 ], [ 36.887086463361548, -1.249963995999052 ], [ 36.886937283816103, -1.249990842895331 ], [ 36.886727113785746, -1.250043272137062 ], [ 36.886611846875269, -1.250074227846058 ], [ 36.886561281355512, -1.250085221299748 ], [ 36.88650990158996, -1.250091284737744 ], [ 36.886458180935179, -1.250092362298694 ], [ 36.886406595888204, -1.250088444055659 ], [ 36.886355621696637, -1.250079566107478 ], [ 36.886253121692683, -1.250056566069523 ], [ 36.886202186639096, -1.250042467068253 ], [ 36.88615286758592, -1.250023417023481 ], [ 36.886105638332843, -1.249999598946236 ], [ 36.886060952603046, -1.249971241653244 ], [ 36.886019239684458, -1.24993861756855 ], [ 36.88587463974438, -1.249813617539312 ], [ 36.88583225082759, -1.24977273153887 ], [ 36.885750427859008, -1.249684716505589 ], [ 36.885711041510518, -1.249653919889748 ], [ 36.885633895917245, -1.249616515933786 ], [ 36.885574971791044, -1.249583213445422 ], [ 36.885516970555088, -1.24954543279712 ], [ 36.88548005394312, -1.249533838283288 ], [ 36.885437216847897, -1.249518358018728 ], [ 36.885416620887376, -1.249509910894851 ], [ 36.885374877935554, -1.249511190777587 ], [ 36.885262817942298, -1.24954581911158 ], [ 36.88513578826538, -1.249622428732134 ], [ 36.884984915016595, -1.249723787896745 ], [ 36.884973480287329, -1.24973126125641 ], [ 36.884815680211936, -1.249831561245273 ], [ 36.88475675295674, -1.249864032126028 ], [ 36.884654207300471, -1.24991243822552 ], [ 36.884592252262969, -1.249949085714441 ], [ 36.884501450488649, -1.250034127637597 ], [ 36.884458362630191, -1.250070452984179 ], [ 36.884411750434616, -1.250102064318559 ], [ 36.884362120832606, -1.250128617852397 ], [ 36.884310013570563, -1.250149824803533 ], [ 36.884255995340638, -1.250165454536523 ], [ 36.88420065361759, -1.250175337070984 ], [ 36.883925953538778, -1.250209636983369 ], [ 36.883876094957351, -1.250213509602674 ], [ 36.883826094376751, -1.250212714455948 ], [ 36.883776382241379, -1.250207258388891 ], [ 36.883727386512405, -1.25019718837208 ], [ 36.883479132819105, -1.25013396130715 ], [ 36.883229225277731, -1.250104606719864 ], [ 36.883219140384071, -1.250103324995065 ], [ 36.883018040362828, -1.250075824920705 ], [ 36.882969535987563, -1.25006690099329 ], [ 36.882922044907801, -1.250053552732606 ], [ 36.882875964618755, -1.250035891862582 ], [ 36.882709338408119, -1.249963080967521 ], [ 36.882683450554133, -1.249958432911504 ], [ 36.882629851419402, -1.249945938397933 ], [ 36.882577797125833, -1.249928009146837 ], [ 36.882527830109801, -1.249904831992179 ], [ 36.882480471056894, -1.24987664845414 ], [ 36.882436213476069, -1.249843752222237 ], [ 36.882329327234075, -1.249755474762099 ], [ 36.882147994630841, -1.249619434705883 ], [ 36.882012625001167, -1.249546604203891 ], [ 36.881994448467559, -1.249536365646206 ], [ 36.881856338487403, -1.249455003765361 ], [ 36.88182161643175, -1.249439033944139 ], [ 36.881768160291884, -1.249473803906891 ], [ 36.881690224670386, -1.249539411243149 ], [ 36.881627979004932, -1.249633547454482 ], [ 36.8816231163146, -1.249640774716036 ], [ 36.881615109217229, -1.24965247160271 ], [ 36.881547425877066, -1.249794456902634 ], [ 36.881519553483834, -1.249845663273998 ], [ 36.881486374509237, -1.24989355789864 ], [ 36.881448273334293, -1.249937585913907 ], [ 36.881405691364122, -1.249977237252195 ], [ 36.881359121914237, -1.250012052550155 ], [ 36.881230421852081, -1.250097852543337 ], [ 36.881177393085949, -1.250128984069815 ], [ 36.881121190908644, -1.250153844047074 ], [ 36.881062544502143, -1.250172109935975 ], [ 36.880925144453251, -1.250206409898569 ], [ 36.880876394945822, -1.250216202178967 ], [ 36.880826956398799, -1.250221432019391 ], [ 36.880777249396893, -1.250222054928879 ], [ 36.880727696808577, -1.250218065608642 ], [ 36.880678720188605, -1.250209497997143 ], [ 36.880630736191726, -1.250196424981376 ], [ 36.880584153028167, -1.250178957776762 ], [ 36.880519991792518, -1.250151444815495 ], [ 36.880485434277347, -1.250145184913928 ], [ 36.880429280767345, -1.250131855027159 ], [ 36.880374864674707, -1.250112560070679 ], [ 36.880322809556482, -1.250087521147168 ], [ 36.880259542138404, -1.250052786067068 ], [ 36.880246837989525, -1.250048096977142 ], [ 36.880225942538289, -1.250039190838347 ], [ 36.880204925717436, -1.250030578859527 ], [ 36.880201597656949, -1.250028814470231 ], [ 36.880198133916842, -1.250027338141708 ], [ 36.880178206403357, -1.250016413470358 ], [ 36.880158129457946, -1.250005769568865 ], [ 36.880154989247224, -1.250003685349407 ], [ 36.880151685957557, -1.250001874418285 ], [ 36.880132918294187, -1.249989036424885 ], [ 36.880113974576417, -1.249976463107727 ], [ 36.880111052457451, -1.249974079130378 ], [ 36.880107941430609, -1.249971951036882 ], [ 36.880090514359971, -1.249957323358306 ], [ 36.880072886308128, -1.249942941713706 ], [ 36.879810437852242, -1.249706431051476 ], [ 36.879733120433109, -1.249638584972226 ], [ 36.879697206263366, -1.249604010699969 ], [ 36.879664608908399, -1.249566253813377 ], [ 36.879585166424917, -1.249465178185178 ], [ 36.87953476951467, -1.249406976857606 ], [ 36.879491781650572, -1.249408368454212 ], [ 36.879437241317, -1.249404556449073 ], [ 36.879342541305924, -1.249393056414084 ], [ 36.879294649798787, -1.249385023578568 ], [ 36.879247670850916, -1.249372685434658 ], [ 36.8792349209767, -1.249368711564175 ], [ 36.879232332840076, -1.249369759922312 ], [ 36.879188095112838, -1.249397051180737 ], [ 36.879106557382833, -1.249474241090496 ], [ 36.879072229339322, -1.249504099949603 ], [ 36.879035527797242, -1.249530947017472 ], [ 36.878909611057153, -1.249615137878346 ], [ 36.878769380344323, -1.249736014660518 ], [ 36.878749480364974, -1.249752357189061 ], [ 36.878529761128739, -1.249924185650261 ], [ 36.878487882731918, -1.249974930629463 ], [ 36.878404950607049, -1.250080549906756 ], [ 36.878403244706881, -1.250082711151645 ], [ 36.878299144657412, -1.250213911181173 ], [ 36.878290331689485, -1.250224729315674 ], [ 36.878218644755535, -1.250310448156354 ], [ 36.878136547342748, -1.250412628262244 ], [ 36.878081156729564, -1.250484007900985 ], [ 36.878042939769713, -1.250528126365655 ], [ 36.878000222469886, -1.250567843607126 ], [ 36.877887122413654, -1.250662143612125 ], [ 36.877881585182557, -1.2506666984088 ], [ 36.87777705052504, -1.250751528171477 ], [ 36.877745891723031, -1.250786158020594 ], [ 36.877707811250922, -1.250837838650863 ], [ 36.877713299961968, -1.250850267236541 ], [ 36.877724528714047, -1.2508776898832 ], [ 36.877799228795311, -1.251075289924424 ], [ 36.877814934910923, -1.251123510985823 ], [ 36.877826095345931, -1.251172998251489 ], [ 36.87783261243267, -1.251223318648069 ], [ 36.877834429138431, -1.251274031811229 ], [ 36.877831529564553, -1.251324693939458 ], [ 36.877823939085559, -1.251374861677825 ], [ 36.877811724127156, -1.251424095997864 ], [ 36.877773924124341, -1.251550896043992 ], [ 36.87775387383229, -1.251606818408031 ], [ 36.87772786373354, -1.251660196508492 ], [ 36.877696206249283, -1.251710389192521 ], [ 36.877620806214885, -1.251816589219811 ], [ 36.877587855692965, -1.25185847461607 ], [ 36.877550971403508, -1.251896894555436 ], [ 36.877510511113293, -1.251931476376141 ], [ 36.877466867275309, -1.251961884645079 ], [ 36.877420463221981, -1.251987824411439 ], [ 36.877302763843744, -1.252046179522188 ], [ 36.877300066148187, -1.252047706518643 ], [ 36.877248451651916, -1.252077031846023 ], [ 36.877243927813311, -1.252094429772776 ], [ 36.877227467693693, -1.252140379047506 ], [ 36.87720696777366, -1.252184651821334 ], [ 36.877176467762432, -1.252243451840134 ], [ 36.877153196873671, -1.252283955173288 ], [ 36.877126544856573, -1.25232228954603 ], [ 36.877096709983029, -1.252358169778279 ], [ 36.877063914203134, -1.252391328947003 ], [ 36.877014314178417, -1.252437328951887 ], [ 36.876978070605503, -1.25246808822283 ], [ 36.876939281643324, -1.252495522806707 ], [ 36.876898247419405, -1.252519420430252 ], [ 36.876855285433784, -1.252539596187234 ], [ 36.876779920935469, -1.252571004222022 ], [ 36.876736297038939, -1.252594845171802 ], [ 36.876662013787488, -1.252635571484237 ], [ 36.876616800866167, -1.252657673485814 ], [ 36.876569738858151, -1.252675440032089 ], [ 36.876521237083828, -1.252688716599506 ], [ 36.876409137045329, -1.252713816567717 ], [ 36.876352339305399, -1.252723362070457 ], [ 36.876294853911524, -1.252726753953995 ], [ 36.876237337083815, -1.252723953499263 ], [ 36.876027964675799, -1.252702429854798 ], [ 36.87602478966263, -1.252702971354807 ], [ 36.875971624678627, -1.252723191782784 ], [ 36.875907671078579, -1.252749256102177 ], [ 36.875820150602657, -1.252799530655694 ], [ 36.875780722842514, -1.252820060602384 ], [ 36.875739750208993, -1.252837255117237 ], [ 36.875662208685661, -1.252866083805685 ], [ 36.875616473978688, -1.252892646333905 ], [ 36.875610065056321, -1.252896310045022 ], [ 36.875472664992259, -1.252973610029501 ], [ 36.875428136208697, -1.252996010615363 ], [ 36.875381743888362, -1.253014180453455 ], [ 36.87533388381695, -1.253027964532295 ], [ 36.875250383787645, -1.253047864509102 ], [ 36.87524832661439, -1.253048350496202 ], [ 36.875212026601723, -1.253056850486065 ], [ 36.875197591393956, -1.253060021346675 ], [ 36.875155691379973, -1.253068621334462 ], [ 36.875152459856736, -1.253069274252836 ], [ 36.874944259787966, -1.253110674191665 ], [ 36.874911190373702, -1.253116180591472 ], [ 36.87468362212126, -1.253146789650674 ], [ 36.874569774322097, -1.253169611432747 ], [ 36.874520303882107, -1.25317714482898 ], [ 36.874470352524135, -1.253180028404983 ], [ 36.874420350731285, -1.253178237310394 ], [ 36.87437072942123, -1.253171786981428 ], [ 36.874310304154839, -1.253161041742467 ], [ 36.874258286685581, -1.253197570617101 ], [ 36.874061659988641, -1.253362755299903 ], [ 36.874019920309102, -1.253394492241001 ], [ 36.873858320230404, -1.253505392234249 ], [ 36.873803932943517, -1.253538174358898 ], [ 36.873626449530931, -1.253631341909409 ], [ 36.87358841603114, -1.253655805189957 ], [ 36.87353015980878, -1.253702830483422 ], [ 36.873463485801693, -1.253760903013251 ], [ 36.873456647298219, -1.253771387100166 ], [ 36.87344995460154, -1.253790757310846 ], [ 36.873418732875507, -1.253890462430331 ], [ 36.873396281333477, -1.253949798725073 ], [ 36.87336709506318, -1.254006088127702 ], [ 36.873317595042693, -1.25408928815243 ], [ 36.873286688226671, -1.254135644951561 ], [ 36.873251211376214, -1.254178559091133 ], [ 36.873211540238707, -1.254217576053271 ], [ 36.873168094984678, -1.254252282596475 ], [ 36.873121335757588, -1.254282311132488 ], [ 36.873071757800311, -1.254307343619382 ], [ 36.872988657764168, -1.25434404360444 ], [ 36.872972132083063, -1.254351014559333 ], [ 36.872849954971052, -1.254400165077574 ], [ 36.872731061079079, -1.254448062983186 ], [ 36.872550852917641, -1.254545104789813 ], [ 36.872504396422173, -1.254567320125917 ], [ 36.872456047522434, -1.254584977215401 ], [ 36.872328047473005, -1.254624877183996 ], [ 36.872288538120209, -1.254635557054893 ], [ 36.872248337745646, -1.254643189917448 ], [ 36.872133437710779, -1.254660489881588 ], [ 36.87210047061626, -1.25466441312985 ], [ 36.871946850754661, -1.254677881553396 ], [ 36.871858856540548, -1.254699240681643 ], [ 36.871817019269606, -1.254707647730468 ], [ 36.871774652402593, -1.25471269778466 ], [ 36.871578352351683, -1.254728197718934 ], [ 36.871553636316307, -1.25472957539354 ], [ 36.871443136291035, -1.254733175355201 ], [ 36.871398940817443, -1.254732790280516 ], [ 36.871251040792217, -1.254725390226834 ], [ 36.871128543763206, -1.254719170170802 ], [ 36.87108112234251, -1.254714640794434 ], [ 36.870941654834397, -1.254695028127902 ], [ 36.87087095558573, -1.254705918918764 ], [ 36.870684173843756, -1.254768627687464 ], [ 36.870601725325699, -1.25480901577583 ], [ 36.8704213605332, -1.254947683257458 ], [ 36.870415308857886, -1.254952268469713 ], [ 36.870333108762964, -1.255013643463372 ], [ 36.870276676462588, -1.255065679144014 ], [ 36.870234796238336, -1.255142707767949 ], [ 36.870207781400033, -1.255187178360857 ], [ 36.870176650617353, -1.255228833980471 ], [ 36.87013413192637, -1.255280373375219 ], [ 36.870128834604152, -1.255298669172604 ], [ 36.870109264532715, -1.255354655360665 ], [ 36.870083734815019, -1.255408154629853 ], [ 36.870052551052559, -1.255458526571396 ], [ 36.86997745101845, -1.255566226599664 ], [ 36.869942357040742, -1.255611293821885 ], [ 36.869850079520873, -1.255717710610932 ], [ 36.869806942557666, -1.255780013337547 ], [ 36.869788162686518, -1.255814885775774 ], [ 36.86976130147535, -1.25590623895869 ], [ 36.869748170007028, -1.255945359869695 ], [ 36.869732119969342, -1.255983362074566 ], [ 36.869655219944093, -1.256147762129512 ], [ 36.869641921575997, -1.256174282325648 ], [ 36.86956092154513, -1.256325382373383 ], [ 36.869534110285812, -1.256370101524015 ], [ 36.869503150284089, -1.256412018121186 ], [ 36.869428837198591, -1.256503118780594 ], [ 36.86939802841097, -1.256554870612525 ], [ 36.869325283586598, -1.256681396022473 ], [ 36.869301333285314, -1.256719334695833 ], [ 36.869274344494016, -1.256755147377253 ], [ 36.869244502521354, -1.256788588172252 ], [ 36.869158102478416, -1.256877688185942 ], [ 36.869121922978522, -1.256911720029724 ], [ 36.869082792774392, -1.256942265964154 ], [ 36.869041042207073, -1.256969068117775 ], [ 36.868997023738984, -1.256991900224576 ], [ 36.868885423689669, -1.257043400205663 ], [ 36.868841554069675, -1.257061341388512 ], [ 36.868796289145308, -1.257075337658157 ], [ 36.868749978333113, -1.25708528097265 ], [ 36.868702979123142, -1.257091094576304 ], [ 36.86849667906953, -1.25710739450712 ], [ 36.868454499920468, -1.257109058244056 ], [ 36.868312872942596, -1.257109058194045 ], [ 36.868193491492647, -1.257112569371553 ], [ 36.86813086272327, -1.25712371686486 ], [ 36.868061567241334, -1.257151130435485 ], [ 36.867861586477467, -1.257246456062708 ], [ 36.867857735631311, -1.257248272972937 ], [ 36.867586635511003, -1.257374872927771 ], [ 36.867549156934274, -1.257390675286123 ], [ 36.867350056851855, -1.257465875243572 ], [ 36.867289461821855, -1.257484749307792 ], [ 36.867071672662931, -1.25753868065356 ], [ 36.866838466922715, -1.257610337498317 ], [ 36.866631204820933, -1.257680359708793 ], [ 36.866586096266715, -1.257693429138175 ], [ 36.866384296195143, -1.257742429082264 ], [ 36.866340339454737, -1.257751173965811 ], [ 36.866295812917443, -1.25775621365489 ], [ 36.866251024338453, -1.257757513316884 ], [ 36.866001824289199, -1.257754313227784 ], [ 36.865978996236606, -1.257753532889288 ], [ 36.865834804611374, -1.257745522192761 ], [ 36.86576638724528, -1.257747201454772 ], [ 36.865610883463489, -1.257772374333391 ], [ 36.86555916025862, -1.257778185598881 ], [ 36.865428160225882, -1.257786485554316 ], [ 36.865386232544537, -1.257787496379198 ], [ 36.865344353716509, -1.257785222782652 ], [ 36.865258953704675, -1.257777222751105 ], [ 36.865208819294978, -1.257770122568056 ], [ 36.865159568025184, -1.257758318861198 ], [ 36.865111634500813, -1.257741915789907 ], [ 36.865038588184909, -1.257712999741037 ], [ 36.865019091721358, -1.257706088717129 ], [ 36.864973856646579, -1.257776756577295 ], [ 36.864888810562086, -1.257927326993926 ], [ 36.86479803990504, -1.258092839352333 ], [ 36.864702736433259, -1.258296623598724 ], [ 36.864670986908237, -1.258354941715427 ], [ 36.864599125930752, -1.258469641092824 ], [ 36.864570009937268, -1.25852042479681 ], [ 36.864541530138261, -1.25856493068032 ], [ 36.86450887580952, -1.258606430587441 ], [ 36.864472357941708, -1.258644529284966 ], [ 36.864432324320781, -1.258678863931946 ], [ 36.864389156215744, -1.258709107535233 ], [ 36.864343264747539, -1.258734972063681 ], [ 36.864275164716631, -1.258769072053568 ], [ 36.864154023034573, -1.25882959291969 ], [ 36.864106695269811, -1.258850454360238 ], [ 36.863995095223267, -1.258893354336726 ], [ 36.863972327293077, -1.258901522551781 ], [ 36.863792127221544, -1.258961622509252 ], [ 36.86376986115549, -1.258968514830742 ], [ 36.863686961124316, -1.258992214809331 ], [ 36.863622189147002, -1.259010679790112 ], [ 36.863532197264966, -1.259037323879423 ], [ 36.863513982602157, -1.259044592223499 ], [ 36.863460829535086, -1.259065912930263 ], [ 36.863397284717905, -1.25909135108102 ], [ 36.863396546523298, -1.259091645920154 ], [ 36.863330751096129, -1.259122035712244 ], [ 36.863177161014541, -1.259219686095264 ], [ 36.863053320099866, -1.259302246657808 ], [ 36.86300967224922, -1.259328452217342 ], [ 36.862963765959037, -1.259350403153783 ], [ 36.862816758719667, -1.259412324604231 ], [ 36.86279338231207, -1.259424012799068 ], [ 36.86266053732308, -1.259490385216302 ], [ 36.862605934440488, -1.259513984878619 ], [ 36.862549082121262, -1.259531390800732 ], [ 36.862545492815251, -1.259532066781603 ], [ 36.862513429744794, -1.259586279476394 ], [ 36.862455655784075, -1.259671281552157 ], [ 36.862452979218304, -1.25967947224686 ], [ 36.86244646193235, -1.259699419097467 ], [ 36.862423132411131, -1.259844642414667 ], [ 36.862424032054669, -1.259895201785364 ], [ 36.862424138869457, -1.259895828005215 ], [ 36.862426308675097, -1.259908593674134 ], [ 36.862439519050596, -1.259941412585609 ], [ 36.862457250566848, -1.259992703054713 ], [ 36.862474932297495, -1.260053498439465 ], [ 36.862536267194422, -1.260153545142815 ], [ 36.862562971613741, -1.260202595279039 ], [ 36.862621508425974, -1.260324654908484 ], [ 36.862630344721843, -1.260343014753433 ], [ 36.862649301204641, -1.260387322480937 ], [ 36.862664271691195, -1.260433150084988 ], [ 36.862675137783953, -1.260480135128433 ], [ 36.862681813545827, -1.260527906020253 ], [ 36.862689113566574, -1.260604806045551 ], [ 36.862691500684519, -1.260664233245588 ], [ 36.862687409526046, -1.260723566280598 ], [ 36.862676889271739, -1.260782091891078 ], [ 36.862663589273218, -1.260838291911947 ], [ 36.86264883615862, -1.260889374705203 ], [ 36.862629182735212, -1.260938757421326 ], [ 36.862604482727349, -1.260992957439679 ], [ 36.862573504338016, -1.261051267875596 ], [ 36.862535707273004, -1.261105351516211 ], [ 36.862461107237301, -1.261199351537535 ], [ 36.862422559440304, -1.261242899841155 ], [ 36.862379589104933, -1.261282030917863 ], [ 36.86228848905936, -1.261356430921012 ], [ 36.86226068177087, -1.26137767519119 ], [ 36.862140481711613, -1.261463475188112 ], [ 36.862133972460185, -1.261468049409678 ], [ 36.862022372405455, -1.261545249405351 ], [ 36.861979800635275, -1.261571853631548 ], [ 36.861934957920838, -1.261594363304463 ], [ 36.861888231910399, -1.26161258383696 ], [ 36.861840026532569, -1.261626357719905 ], [ 36.86176182228575, -1.261644796528483 ], [ 36.861720664740844, -1.2616962359451 ], [ 36.861681711208988, -1.261739864548115 ], [ 36.861638305061867, -1.261779004833116 ], [ 36.86159095382412, -1.261813199154433 ], [ 36.861350553707759, -1.261967699138232 ], [ 36.861306295092419, -1.261993258638833 ], [ 36.861259833254607, -1.262014490854118 ], [ 36.86121158466284, -1.262031205466036 ], [ 36.861161981801416, -1.262043252650823 ], [ 36.861111469293824, -1.262050524422056 ], [ 36.861088625066515, -1.262051614063658 ], [ 36.861083028457983, -1.262054912350803 ], [ 36.861082022647672, -1.262055503643706 ], [ 36.861065822639979, -1.262065003642089 ], [ 36.861012794672511, -1.262092268460137 ], [ 36.860957102015085, -1.262113479060943 ], [ 36.860899424500573, -1.262128376530258 ], [ 36.860861053439862, -1.262136041790832 ], [ 36.86077378017265, -1.262204458964082 ], [ 36.860751744860607, -1.262220844944781 ], [ 36.860743864456246, -1.262226399008409 ], [ 36.860707834058964, -1.2623246810698 ], [ 36.860687061980805, -1.262373763669252 ], [ 36.860661600086402, -1.262420555209854 ], [ 36.86063169465546, -1.262464603101379 ], [ 36.860597634947794, -1.262505481291569 ], [ 36.860559750405386, -1.26254279438705 ], [ 36.860518407465911, -1.262576181477884 ], [ 36.860474006018329, -1.262605319628351 ], [ 36.86020470589046, -1.262763619601643 ], [ 36.860169504330948, -1.262782587802269 ], [ 36.860133004128997, -1.262798880891249 ], [ 36.859945904049567, -1.262874180853535 ], [ 36.859935556673719, -1.262878221362463 ], [ 36.859857663709583, -1.262907712401506 ], [ 36.859844929491508, -1.262940881698136 ], [ 36.85982068946538, -1.262989102275291 ], [ 36.859791802735892, -1.263034656025901 ], [ 36.859758555999271, -1.263077090836437 ], [ 36.859646955944548, -1.263205790861854 ], [ 36.859618428664163, -1.263236234432163 ], [ 36.859587654593973, -1.263264374044885 ], [ 36.859480330690026, -1.263355156949149 ], [ 36.859434738354729, -1.263395374438556 ], [ 36.859443457330478, -1.263412084386475 ], [ 36.859468536616063, -1.263467499849792 ], [ 36.859487287048871, -1.263525395260473 ], [ 36.859530187108469, -1.263688395303802 ], [ 36.85954119007026, -1.263740364673629 ], [ 36.859547088482358, -1.263793168206082 ], [ 36.859547825747924, -1.263846299240567 ], [ 36.859543394792425, -1.263899247973977 ], [ 36.859533838131512, -1.263951506352415 ], [ 36.859519247463091, -1.2640025729461 ], [ 36.859499762787472, -1.264051957760638 ], [ 36.859475571064024, -1.264099186938676 ], [ 36.859446904417254, -1.264143807306695 ], [ 36.859361104377697, -1.264264007337721 ], [ 36.859328437579634, -1.264305361892303 ], [ 36.859291928742167, -1.264343321897743 ], [ 36.859251924175226, -1.264377527279251 ], [ 36.859208803347961, -1.264407653577075 ], [ 36.859162975289301, -1.264433415024296 ], [ 36.859114874707949, -1.264454567257424 ], [ 36.859064957868924, -1.26447090963442 ], [ 36.859013698265557, -1.264482287137847 ], [ 36.858748584277713, -1.264527634329053 ], [ 36.858509419345474, -1.26460244948838 ], [ 36.858321776675886, -1.264662081623475 ], [ 36.858273928751295, -1.264674887245799 ], [ 36.858225115167677, -1.264683219476656 ], [ 36.858175747861722, -1.264687008001009 ], [ 36.857910100396822, -1.264695072037843 ], [ 36.857696443738391, -1.26471570697201 ], [ 36.857507481013371, -1.264759326714574 ], [ 36.857455482630641, -1.26476865734463 ], [ 36.857402826527597, -1.264772820349414 ], [ 36.85735001842567, -1.264771775746979 ], [ 36.857297565506023, -1.264765533570491 ], [ 36.857245971538447, -1.264754153771765 ], [ 36.85719573204306, -1.264737745645502 ], [ 36.857147329531195, -1.26471646677956 ], [ 36.857053550153168, -1.264669604360947 ], [ 36.856959485468984, -1.264656188885295 ], [ 36.856919312204724, -1.264648887749334 ], [ 36.856879803243643, -1.264638547098974 ], [ 36.856599123484479, -1.264553540557282 ], [ 36.856497453302104, -1.264523878491451 ], [ 36.856432381490229, -1.264530837874839 ], [ 36.856274965834473, -1.264591447425894 ], [ 36.856227157589544, -1.264607321279615 ], [ 36.856178086340698, -1.264618636149891 ], [ 36.855989186279551, -1.264652936092618 ], [ 36.855937990696738, -1.264659702325325 ], [ 36.855886386746896, -1.26466150649839 ], [ 36.855834848090545, -1.264658332052244 ], [ 36.855783847788807, -1.264650208124883 ], [ 36.85573385396124, -1.264637209284373 ], [ 36.855685325489155, -1.264619454844471 ], [ 36.855534118842108, -1.264555725356953 ], [ 36.855120449319749, -1.264404153474069 ], [ 36.855093459106982, -1.264404153464161 ], [ 36.854924644412144, -1.264430193108481 ], [ 36.854883206000451, -1.264434941857823 ], [ 36.854713205956415, -1.264447741800258 ], [ 36.854653448061661, -1.264448896242084 ], [ 36.854593930626478, -1.264443383811692 ], [ 36.854393630607056, -1.264413483736499 ], [ 36.854377774215791, -1.264410873064672 ], [ 36.854241174205796, -1.264386273013282 ], [ 36.854215266953872, -1.264380944163672 ], [ 36.854077066949351, -1.264348944111777 ], [ 36.854053280311653, -1.264342859206325 ], [ 36.853970072064108, -1.264319531148978 ], [ 36.853899713029328, -1.264308040003569 ], [ 36.853733703323165, -1.26428717069158 ], [ 36.853686029149031, -1.26427897640265 ], [ 36.853639276787263, -1.26426651351999 ], [ 36.85359382272479, -1.264249882404995 ], [ 36.853407171708682, -1.264171877692149 ], [ 36.853364349780975, -1.264161632112827 ], [ 36.853305006639836, -1.264173434690692 ], [ 36.85320096760536, -1.264208470126516 ], [ 36.85312694899838, -1.264243186789453 ], [ 36.85308045570531, -1.264262391497206 ], [ 36.853032387231195, -1.264277153907402 ], [ 36.852983161540699, -1.264287345658468 ], [ 36.852933206660659, -1.264292878131638 ], [ 36.852882956958283, -1.264293703221487 ], [ 36.852797711943701, -1.264291100291165 ], [ 36.852780380333868, -1.264312270723468 ], [ 36.85269747356682, -1.264426705390093 ], [ 36.852666675811989, -1.264465372688668 ], [ 36.852632500404958, -1.264501049640593 ], [ 36.85259523259321, -1.264533438465976 ], [ 36.852555183435193, -1.264562268829485 ], [ 36.852512687204062, -1.264587300096833 ], [ 36.852468098597612, -1.264608323343174 ], [ 36.852373407116026, -1.264647766739595 ], [ 36.852318582096522, -1.2646831265513 ], [ 36.852271871153938, -1.26471004038853 ], [ 36.852222726021772, -1.264732130741774 ], [ 36.852171636838847, -1.264749177298014 ], [ 36.852119113132467, -1.264761010047521 ], [ 36.85204051310739, -1.264774610023405 ], [ 36.85198561113237, -1.264781212998216 ], [ 36.851930325926233, -1.264782119605001 ], [ 36.851875239376312, -1.264777320302163 ], [ 36.851820931278958, -1.264766865603902 ], [ 36.851767973236988, -1.264750865548473 ], [ 36.851716922643519, -1.264729488540046 ], [ 36.85166831681525, -1.26470295957611 ], [ 36.851622667337161, -1.264671557879395 ], [ 36.851580454677965, -1.264635613958922 ], [ 36.85150515471318, -1.264564513945992 ], [ 36.851484347819564, -1.264543769415563 ], [ 36.851402683179487, -1.26445780084578 ], [ 36.851362928071296, -1.264438696667814 ], [ 36.851226732354192, -1.264385065139803 ], [ 36.85121093620949, -1.264378552728355 ], [ 36.851029736231894, -1.264300452665082 ], [ 36.850987056225613, -1.264279778014388 ], [ 36.850960163975749, -1.264265253105716 ], [ 36.850926803971241, -1.264254412137786 ], [ 36.85086964726635, -1.264232152548201 ], [ 36.850815370926171, -1.264203505781763 ], [ 36.850764676784266, -1.264168842263453 ], [ 36.850739050435472, -1.264149086334424 ], [ 36.850723732119526, -1.264165575480054 ], [ 36.850683303924441, -1.26420120746252 ], [ 36.850639551208452, -1.2642326101983 ], [ 36.850597351187922, -1.264259810195481 ], [ 36.850596633132312, -1.264260272212415 ], [ 36.850518633094403, -1.264310372207085 ], [ 36.850475179650282, -1.264335500698568 ], [ 36.850429595046513, -1.264356458161327 ], [ 36.850382273426014, -1.264373063389139 ], [ 36.850333623950597, -1.264385172806922 ], [ 36.850260760952892, -1.264399728407477 ], [ 36.850216233892574, -1.264428176232169 ], [ 36.850169344052517, -1.264454921020617 ], [ 36.850120034740954, -1.264476818532959 ], [ 36.850068799058022, -1.264493649791468 ], [ 36.850016149367804, -1.264505246481763 ], [ 36.849867591578594, -1.264530209008138 ], [ 36.849734787771261, -1.264564205038312 ], [ 36.849620289638644, -1.264609722694254 ], [ 36.849544731211708, -1.264633469775457 ], [ 36.849406395655308, -1.264665947804726 ], [ 36.849321079419497, -1.26469755721775 ], [ 36.849260344799532, -1.264716052954792 ], [ 36.849197871314843, -1.264727235953907 ], [ 36.849082171281673, -1.264740935916143 ], [ 36.849022893668355, -1.264744638552662 ], [ 36.848963571203882, -1.264741754006056 ], [ 36.84890492427963, -1.264732317306048 ], [ 36.848847665083269, -1.26471644304935 ], [ 36.848702065090762, -1.264667242996016 ], [ 36.84865940199289, -1.26465076998104 ], [ 36.848618278635058, -1.264630718804625 ], [ 36.848578990627679, -1.264607233602681 ], [ 36.848475190657659, -1.264539033573179 ], [ 36.848430356629748, -1.26450614397591 ], [ 36.848389119448562, -1.26446878969325 ], [ 36.848351916075138, -1.264427366542709 ], [ 36.848319140726971, -1.264382313456587 ], [ 36.848291140700844, -1.26433410783097 ], [ 36.848268212692766, -1.264283260467053 ], [ 36.848250599654101, -1.264230310158571 ], [ 36.848238488217262, -1.264175817982578 ], [ 36.84823783901512, -1.264171978943925 ], [ 36.848200477485484, -1.264147346955077 ], [ 36.848049177537163, -1.264036046916386 ], [ 36.847995011636492, -1.263990432327148 ], [ 36.847907248326685, -1.263906090714377 ], [ 36.847853929644643, -1.263858481579929 ], [ 36.847839318051562, -1.263844942272726 ], [ 36.847779618080111, -1.263787542262926 ], [ 36.847744879357251, -1.263750869116887 ], [ 36.84773357458522, -1.263736451312479 ], [ 36.847706412104351, -1.263752736141268 ], [ 36.847658076686074, -1.263778465396635 ], [ 36.847607399856784, -1.263799132920521 ], [ 36.847554903232442, -1.263814525982959 ], [ 36.847501127160051, -1.26382448614396 ], [ 36.847446625155833, -1.263828910884372 ], [ 36.847391958207957, -1.263827754660991 ], [ 36.847337689002202, -1.263821029375435 ], [ 36.847191788991168, -1.263795329320387 ], [ 36.847136330711628, -1.263782490684679 ], [ 36.847082526548235, -1.263763838149368 ], [ 36.847030976342936, -1.263739579665112 ], [ 36.846982254808978, -1.263709985681009 ], [ 36.846936905123705, -1.263675386129608 ], [ 36.846765305194715, -1.263529486093451 ], [ 36.846733440750782, -1.26350011166932 ], [ 36.846678641040882, -1.263445369912918 ], [ 36.846598938617568, -1.26339340583342 ], [ 36.846399415663356, -1.263339016024925 ], [ 36.84623863077681, -1.263296724906482 ], [ 36.846185878700297, -1.263279894004902 ], [ 36.846135119481929, -1.263257707315145 ], [ 36.846049319497084, -1.263214807286574 ], [ 36.846004963863699, -1.263189941820924 ], [ 36.846003463378068, -1.26318900483576 ], [ 36.84590385377976, -1.263321817597025 ], [ 36.845864630001323, -1.263368410280746 ], [ 36.845820451480812, -1.26341027026982 ], [ 36.845708851424469, -1.263504670275559 ], [ 36.845663126472274, -1.263539349784137 ], [ 36.845614004398186, -1.263568951549475 ], [ 36.845609313095508, -1.263571135380467 ], [ 36.845587189352536, -1.263594379628098 ], [ 36.845548312224707, -1.263628119869648 ], [ 36.845506422098865, -1.263657984273008 ], [ 36.84546189901225, -1.263683701901561 ], [ 36.845415146888953, -1.263705039439309 ], [ 36.845329346852438, -1.26373933942173 ], [ 36.845277703510149, -1.263756995918003 ], [ 36.845224551589176, -1.26376930854016 ], [ 36.845170435435165, -1.263776151191347 ], [ 36.845115909268664, -1.26377745379439 ], [ 36.845061531509202, -1.263773203009555 ], [ 36.845007859056288, -1.263763442371043 ], [ 36.844831968546416, -1.263722108036262 ], [ 36.844755694427633, -1.263705446801547 ], [ 36.844659148600726, -1.263699403868738 ], [ 36.844605791399047, -1.263693366998527 ], [ 36.844553295796103, -1.263682016486428 ], [ 36.844502182823021, -1.263665464989501 ], [ 36.844452959787859, -1.263643876785739 ], [ 36.844418381166378, -1.263626600053093 ], [ 36.844326964308834, -1.263622783586481 ], [ 36.844308515180771, -1.26362155883615 ], [ 36.844260132095222, -1.263635785234583 ], [ 36.844210514173213, -1.263647840243262 ], [ 36.84415998570833, -1.263655116766401 ], [ 36.844108999922668, -1.263657549536701 ], [ 36.844000438152072, -1.263657549499264 ], [ 36.843880878562558, -1.263690162370247 ], [ 36.843853650633996, -1.263696829796679 ], [ 36.843656250566077, -1.263739729739247 ], [ 36.843614732679953, -1.26374705536842 ], [ 36.843533818245469, -1.263758069647255 ], [ 36.843547282864407, -1.263912326957771 ], [ 36.843549304253436, -1.263966926622559 ], [ 36.843545858303123, -1.2640214539862 ], [ 36.843536979973337, -1.264075355852542 ], [ 36.84352275933712, -1.264128085371266 ], [ 36.843503340666857, -1.264179107585844 ], [ 36.843478920970604, -1.264227904860928 ], [ 36.843449747993354, -1.264273982133826 ], [ 36.84341611770364, -1.264316871937136 ], [ 36.843378371290754, -1.264356139141353 ], [ 36.843336891703338, -1.264391385369384 ], [ 36.843292099764184, -1.264422253038176 ], [ 36.843214799726837, -1.264469953031718 ], [ 36.843171837246537, -1.264493826308885 ], [ 36.843126895305431, -1.264513667267438 ], [ 36.84308034653472, -1.264529311398673 ], [ 36.843032576888376, -1.264540628991421 ], [ 36.842983982443116, -1.264547526207561 ], [ 36.842805831716397, -1.264564530541286 ], [ 36.842558879425013, -1.264590019102185 ], [ 36.842514187183113, -1.264592750134786 ], [ 36.842469423942774, -1.264591737958369 ], [ 36.842042238199575, -1.264564177434543 ], [ 36.841747355408586, -1.264549265305144 ], [ 36.841678665346151, -1.264541322137363 ], [ 36.841525811715321, -1.264513552593238 ], [ 36.841364804820294, -1.264506541601181 ], [ 36.841342464743192, -1.264505100441249 ], [ 36.841203297053788, -1.264493197238812 ], [ 36.841070234497366, -1.264482384872421 ], [ 36.84092441244605, -1.264489340280036 ], [ 36.840874492766929, -1.264489391843262 ], [ 36.840824782485043, -1.26448479440472 ], [ 36.84072388247457, -1.264470694366667 ], [ 36.840668777903787, -1.264460025431121 ], [ 36.840615074199178, -1.264443647488868 ], [ 36.840499043724819, -1.26440150828329 ], [ 36.840396999085968, -1.264373961948206 ], [ 36.840344827981461, -1.264359903048818 ], [ 36.840205604606936, -1.26433703890832 ], [ 36.840125079513918, -1.264331655374645 ], [ 36.840069570133245, -1.26432502009963 ], [ 36.840015042178869, -1.264312633546283 ], [ 36.839832542180474, -1.264261033478001 ], [ 36.839785412650528, -1.264245317258393 ], [ 36.839658912661918, -1.264196517212893 ], [ 36.839631805310056, -1.264184416615205 ], [ 36.8395657966134, -1.264195072383344 ], [ 36.839449809017296, -1.264224939726417 ], [ 36.839370127852774, -1.264248772902069 ], [ 36.839320179426394, -1.264261135586725 ], [ 36.83926928754785, -1.264268649486502 ], [ 36.839217915766625, -1.264271246161412 ], [ 36.839166532003347, -1.264268901960121 ], [ 36.83911560428767, -1.264261638235318 ], [ 36.839065596495239, -1.264249521149214 ], [ 36.839016964122479, -1.264232661070894 ], [ 36.838970150137634, -1.264211211571022 ], [ 36.838925580946096, -1.264185368022939 ], [ 36.838883662506404, -1.264155365823231 ], [ 36.838844776632634, -1.264121478247443 ], [ 36.838741776681964, -1.26402267823039 ], [ 36.838706916925616, -1.263985955288257 ], [ 36.838675622450538, -1.263946111785073 ], [ 36.838648167606387, -1.263903497018006 ], [ 36.83862479308177, -1.263858484579115 ], [ 36.838605703794279, -1.263811469080079 ], [ 36.838593328672296, -1.263776382413564 ], [ 36.838592103955158, -1.263775261045046 ], [ 36.838556657504455, -1.263735751981462 ], [ 36.838525229328098, -1.263692936253231 ], [ 36.838498122095999, -1.263647226199195 ], [ 36.838475596864988, -1.26359906203205 ], [ 36.838457870564739, -1.263548907598801 ] ] ] } },
{ "type": "Feature", "properties": { }, "geometry": { "type": "Polygon", "coordinates": [ [ [ 36.88781236455015, -1.226494355787375 ], [ 36.887759678025816, -1.226489680247651 ], [ 36.887707700524366, -1.22647982944211 ], [ 36.887656932617645, -1.226464898239933 ], [ 36.887607863228325, -1.22644503043732 ], [ 36.887560964921306, -1.22642041737253 ], [ 36.887516689352658, -1.226391296083287 ], [ 36.887475462919951, -1.226357947023854 ], [ 36.887437682655808, -1.226320691364189 ], [ 36.887403712404307, -1.226279887896821 ], [ 36.887373879316961, -1.226235929581477 ], [ 36.887348470702108, -1.226189239760748 ], [ 36.887327731257976, -1.226140268082929 ], [ 36.887311860716167, -1.226089486171825 ], [ 36.887301011918105, -1.226037383084635 ], [ 36.887295289343157, -1.225984460602145 ], [ 36.887294748102434, -1.225931228396272 ], [ 36.887299393408071, -1.225878199121784 ], [ 36.887309180523012, -1.225825883478967 ], [ 36.887324015191915, -1.225774785295559 ], [ 36.887343754548816, -1.225725396674448 ], [ 36.887368208493079, -1.225678193254538 ], [ 36.887397141520104, -1.225633629630191 ], [ 36.887430274989399, -1.225592134973062 ], [ 36.887467289807987, -1.225554108899154 ], [ 36.887507829503456, -1.225519917620174 ], [ 36.887551503656951, -1.225489890416763 ], [ 36.887597891663113, -1.225464316467372 ], [ 36.887646546780694, -1.225443442063286 ], [ 36.887697000434912, -1.225427468236652 ], [ 36.887748766730049, -1.225416548824549 ], [ 36.887801347128871, -1.225410788987265 ], [ 36.88829484700954, -1.225381288820609 ], [ 36.888340617396175, -1.22538051292154 ], [ 36.888505076114853, -1.225384757975426 ], [ 36.88882015834352, -1.225340046692609 ], [ 36.888875333999614, -1.225335110525858 ], [ 36.888930721622501, -1.225335900632571 ], [ 36.888985736134302, -1.225342408667231 ], [ 36.889039796398258, -1.225354565883887 ], [ 36.889092331357546, -1.225372243862353 ], [ 36.889142786067509, -1.225395255864747 ], [ 36.889190627557717, -1.225423358808046 ], [ 36.889308580625872, -1.225501089918668 ], [ 36.890020023895765, -1.225933805675863 ], [ 36.890567527300988, -1.225677266346262 ], [ 36.891299969918592, -1.22531624854495 ], [ 36.891561911060251, -1.22514399087933 ], [ 36.891906792475801, -1.224880319073819 ], [ 36.892143567603704, -1.224690918499643 ], [ 36.892186539292958, -1.224659881280225 ], [ 36.892232326575318, -1.224633232878161 ], [ 36.892280488494855, -1.224611229932228 ], [ 36.892287216541725, -1.224608926156928 ], [ 36.892296847712672, -1.224589773628495 ], [ 36.892325243255634, -1.224544860940907 ], [ 36.89242514321041, -1.2244027609773 ], [ 36.892449588080801, -1.22437060589287 ], [ 36.89247634765799, -1.224340375463914 ], [ 36.89258264559767, -1.224228955859482 ], [ 36.892697020721535, -1.224104209392002 ], [ 36.892730439581918, -1.224070813619627 ], [ 36.892930758740874, -1.223887412632319 ], [ 36.893039674868575, -1.223762683331187 ], [ 36.893076982756781, -1.223724015156008 ], [ 36.893117919073887, -1.223689264361673 ], [ 36.893162079663725, -1.223658774036321 ], [ 36.893209028537541, -1.223632845205378 ], [ 36.893258302178339, -1.22361173385965 ], [ 36.893309414117141, -1.223595648427799 ], [ 36.893361859735705, -1.223584747718716 ], [ 36.893447659709899, -1.223571347692324 ], [ 36.89349825417483, -1.223565892543626 ], [ 36.89354913428231, -1.223565264116721 ], [ 36.893599846513133, -1.223569468013593 ], [ 36.893649938844376, -1.223578466763322 ], [ 36.89367269544114, -1.223584832172957 ], [ 36.893687135698109, -1.223570376216481 ], [ 36.893728111470743, -1.22353671536673 ], [ 36.893772167944086, -1.22350725906256 ], [ 36.893818880830835, -1.223482290984362 ], [ 36.893867800260956, -1.22346205158854 ], [ 36.893918455114182, -1.22344673579182 ], [ 36.89397035755713, -1.223436491094051 ], [ 36.894023007741403, -1.223431416157705 ], [ 36.894075898617317, -1.223431559857707 ], [ 36.894128520817155, -1.223436920810687 ], [ 36.894180367560544, -1.223447447388261 ], [ 36.894230939535085, -1.223463038214287 ], [ 36.894279749704978, -1.223483543141124 ], [ 36.894326328001441, -1.223508764695602 ], [ 36.894370225849734, -1.223538459980786 ], [ 36.894411020489216, -1.223572343015182 ], [ 36.894448319044741, -1.223610087486884 ], [ 36.894481762310313, -1.223651329896163 ], [ 36.894511028208399, -1.223695673056099 ], [ 36.894535834891812, -1.22374268991777 ], [ 36.894555943458023, -1.223791927682909 ], [ 36.894571160249939, -1.223842912164654 ], [ 36.894581338721004, -1.223895152354218 ], [ 36.894586380846491, -1.223948145149565 ], [ 36.894586238067575, -1.224001380200625 ], [ 36.894580911758986, -1.224054344824242 ], [ 36.894570453215799, -1.224106528941548 ], [ 36.894554963159422, -1.224157429990435 ], [ 36.894534590767613, -1.22420655776544 ], [ 36.894509532237791, -1.224253439138775 ], [ 36.894480028897583, -1.224297622616742 ], [ 36.894372728848019, -1.224442422651761 ], [ 36.89434063890846, -1.224481736532504 ], [ 36.894305030585663, -1.224517851391821 ], [ 36.894266217137087, -1.224550449516398 ], [ 36.894224540016687, -1.224579244130825 ], [ 36.894180365871016, -1.224603981920322 ], [ 36.894014065796938, -1.224687081895699 ], [ 36.893962233761485, -1.224709657140111 ], [ 36.893908339196763, -1.224726649208849 ], [ 36.89385297389898, -1.224737871518941 ], [ 36.893796745813802, -1.224743200843067 ], [ 36.893740272360745, -1.224742578662529 ], [ 36.893684173653469, -1.224736011809923 ], [ 36.893618135445287, -1.224724725256708 ], [ 36.893473195438048, -1.224857424090079 ], [ 36.893371179344065, -1.224968690758516 ], [ 36.89336385251201, -1.224976524649024 ], [ 36.893281772648436, -1.22506255924391 ], [ 36.893205156909168, -1.225171539163792 ], [ 36.893172524313968, -1.225213434246576 ], [ 36.893135968961026, -1.225251908226531 ], [ 36.893095842898894, -1.225286590578005 ], [ 36.893052532564042, -1.225317147290932 ], [ 36.893006455059293, -1.225343284087516 ], [ 36.892958054136798, -1.225364749256239 ], [ 36.892956850054162, -1.225365146642105 ], [ 36.892950174906787, -1.225378793558182 ], [ 36.892922274862499, -1.225424019776473 ], [ 36.892890104873487, -1.225466275741165 ], [ 36.892853974754779, -1.225505154503938 ], [ 36.892814232459656, -1.225540281640882 ], [ 36.892572832340996, -1.225733381646359 ], [ 36.892563503373253, -1.225740677569013 ], [ 36.892198703194744, -1.226019577569832 ], [ 36.892167494646607, -1.226041727441245 ], [ 36.891861694500484, -1.226242827423079 ], [ 36.891803937267539, -1.226275885616778 ], [ 36.891036836926794, -1.226653985500223 ], [ 36.891027263402272, -1.226658587214811 ], [ 36.890214563046719, -1.227039387080598 ], [ 36.890165702023701, -1.22705941468503 ], [ 36.890115129649999, -1.227074538115208 ], [ 36.890063330507033, -1.227084612459909 ], [ 36.890010800930938, -1.227089541187871 ], [ 36.88995804425678, -1.227089277072908 ], [ 36.889905565995512, -1.227083822646279 ], [ 36.889853868990279, -1.227073230172425 ], [ 36.889803448598144, -1.22705760114825 ], [ 36.889754787943673, -1.22703708533046 ], [ 36.889708353289585, -1.227011879300641 ], [ 36.888772231628401, -1.226442508283895 ], [ 36.888611241400461, -1.226465353243049 ], [ 36.888566817634832, -1.226469777921041 ], [ 36.888522182448781, -1.226470487141102 ], [ 36.888335883996376, -1.226465678225352 ], [ 36.887865252697146, -1.22649381103272 ], [ 36.88781236455015, -1.226494355787375 ] ] ] } },
{ "type": "Feature", "properties": { }, "geometry": { "type": "Polygon", "coordinates": [ [ [ 36.900084719430104, -1.211547871658184 ], [ 36.900035826161236, -1.211568368818428 ], [ 36.899982824933033, -1.211587385581024 ], [ 36.899928142711438, -1.211600736869468 ], [ 36.899749310303456, -1.211634563126236 ], [ 36.899201241109104, -1.211811773850664 ], [ 36.899150151552256, -1.211825549341493 ], [ 36.899097966507597, -1.211834218239215 ], [ 36.899045188546083, -1.211837697058077 ], [ 36.898992325948711, -1.211835952295643 ], [ 36.898939887811459, -1.211829000755494 ], [ 36.898888379142406, -1.211816909385266 ], [ 36.898838295998232, -1.211799794632051 ], [ 36.89879012070692, -1.211777821320784 ], [ 36.898744317222651, -1.211751201066916 ], [ 36.898701326657715, -1.21172019023844 ], [ 36.898661563034352, -1.211685087486904 ], [ 36.898625409297516, -1.21164623087122 ], [ 36.898593213626889, -1.211603994601919 ], [ 36.898565286083809, -1.211558785437412 ], [ 36.898541895625165, -1.211511038766556 ], [ 36.898523267513269, -1.211461214415668 ], [ 36.898509581146428, -1.211409792220207 ], [ 36.898500968331312, -1.21135726740361 ], [ 36.898497512013591, -1.21130414580814 ], [ 36.89849924547913, -1.2112509390233 ], [ 36.898506152033427, -1.211198159458944 ], [ 36.898518165162436, -1.211146315410613 ], [ 36.898535169173122, -1.211095906164252 ], [ 36.898557000307648, -1.21104741718798 ], [ 36.898583448320458, -1.211001315456662 ], [ 36.898614258503024, -1.210958044954789 ], [ 36.898649134136853, -1.21091802240063 ], [ 36.898687739351018, -1.210881633233037 ], [ 36.898729702356746, -1.210849227899465 ], [ 36.89877461902794, -1.21082111848101 ], [ 36.898822056793108, -1.210797575686836 ], [ 36.898871558801247, -1.210778826247092 ], [ 36.899451758579403, -1.210591226108851 ], [ 36.899517057220386, -1.210574563255787 ], [ 36.899673530303922, -1.210544966171161 ], [ 36.899769286798907, -1.210504825787032 ], [ 36.899769360714956, -1.210504799004881 ], [ 36.899769431676503, -1.210504765080384 ], [ 36.899941331604531, -1.210432765047514 ], [ 36.899987741911119, -1.210415792175002 ], [ 36.900035500787901, -1.210403165795488 ], [ 36.900266808595653, -1.210353290225879 ], [ 36.900561185300091, -1.210225843927403 ], [ 36.900856632393463, -1.210096716587665 ], [ 36.900893813631463, -1.210082088574962 ], [ 36.900931968621961, -1.210070270730567 ], [ 36.901382668460712, -1.209948870612325 ], [ 36.901437158226734, -1.209937193394631 ], [ 36.901492554521731, -1.209931240151493 ], [ 36.901917454421472, -1.209907840008408 ], [ 36.901932082742043, -1.209907234842966 ], [ 36.902220722018633, -1.209899244727595 ], [ 36.902575161292411, -1.20988895507584 ], [ 36.902586748842111, -1.209888744148671 ], [ 36.902898448778537, -1.209886444040377 ], [ 36.902912407074886, -1.209886522975337 ], [ 36.903286907005246, -1.209893522843394 ], [ 36.903346754736489, -1.209898005032197 ], [ 36.903405736358607, -1.209909156457943 ], [ 36.90346312057202, -1.209926838857408 ], [ 36.903797720598135, -1.210050838740027 ], [ 36.903832493345021, -1.210065128932306 ], [ 36.904085093380218, -1.21017942884786 ], [ 36.904085272903579, -1.210179520992975 ], [ 36.904085460480779, -1.210179595124445 ], [ 36.90418836058474, -1.210226249790857 ], [ 36.904238160665678, -1.210248804517148 ], [ 36.90425497131649, -1.210256771668194 ], [ 36.904457471351044, -1.210357071602603 ], [ 36.904486059291784, -1.210372320849044 ], [ 36.904679859335502, -1.210483320790507 ], [ 36.904722025005647, -1.210510144557996 ], [ 36.904761546213386, -1.210540777139355 ], [ 36.904886646263996, -1.210647377114037 ], [ 36.904909263953357, -1.210667778564729 ], [ 36.905089464036628, -1.210839778535764 ], [ 36.905105876759791, -1.210856130695013 ], [ 36.905170976792796, -1.210923830686881 ], [ 36.905205185845908, -1.210963011765299 ], [ 36.905235498073118, -1.211005318624381 ], [ 36.905286098109976, -1.21108361862915 ], [ 36.905317070255592, -1.211138230237267 ], [ 36.90534155531946, -1.211196082495362 ], [ 36.905384755367258, -1.211317182521741 ], [ 36.905386709839249, -1.211323641794393 ], [ 36.905389129022694, -1.211329939663964 ], [ 36.905420251521129, -1.211424517389339 ], [ 36.905487235078539, -1.211594602044484 ], [ 36.905487296242974, -1.211594782776834 ], [ 36.905487374591715, -1.211594956660243 ], [ 36.90554021560974, -1.211729406472265 ], [ 36.905551385954851, -1.211757779123962 ], [ 36.905599832240384, -1.211738308069654 ], [ 36.905620868803915, -1.21173103610288 ], [ 36.905641789991073, -1.211723434412392 ], [ 36.90564587234099, -1.211722392823342 ], [ 36.905649855445752, -1.211721015934598 ], [ 36.905671498878895, -1.211715854353437 ], [ 36.905693059601305, -1.211710353253649 ], [ 36.905697223726861, -1.211709719425716 ], [ 36.905701321737531, -1.211708742121585 ], [ 36.905723363602789, -1.211705740634954 ], [ 36.905745356218745, -1.211702393104747 ], [ 36.905749562017029, -1.211702173142097 ], [ 36.905753735467712, -1.211701604834552 ], [ 36.905775963490541, -1.211700792348586 ], [ 36.905798176198829, -1.211699630626722 ], [ 36.905802383165685, -1.211699826647716 ], [ 36.905806591863858, -1.211699672809943 ], [ 36.905828791975772, -1.211701057149635 ], [ 36.90585101085663, -1.211702092424246 ], [ 36.905855178476955, -1.211702702541163 ], [ 36.905859381890302, -1.211702964654745 ], [ 36.905881340291593, -1.211706532488277 ], [ 36.905903351365765, -1.211709754789434 ], [ 36.905907439503103, -1.211710773126588 ], [ 36.905911597150478, -1.211711448667243 ], [ 36.905933102370341, -1.211717165634654 ], [ 36.90595469365865, -1.211722543930063 ], [ 36.905958662941792, -1.2117239606803 ], [ 36.905962734783017, -1.211725043142276 ], [ 36.9059835797147, -1.211732854186358 ], [ 36.906004543280972, -1.211740336680241 ], [ 36.906008355483671, -1.211742138199554 ], [ 36.906012302304553, -1.211743617158175 ], [ 36.906032286199498, -1.211753447054345 ], [ 36.906052420153515, -1.211762961686576 ], [ 36.906056038562184, -1.211765130625429 ], [ 36.906059822352645, -1.211766991837517 ], [ 36.906078752755519, -1.211778745918973 ], [ 36.906097863195612, -1.211790201058355 ], [ 36.906171516468753, -1.21183943242254 ], [ 36.906215617802332, -1.211861694226619 ], [ 36.906259735275917, -1.211886638943705 ], [ 36.906301334014266, -1.211915638188805 ], [ 36.906340047326893, -1.21194843633579 ], [ 36.906361300008207, -1.211968230010425 ], [ 36.906380313046924, -1.21197450741235 ], [ 36.906426459248159, -1.211994715263419 ], [ 36.906470531669143, -1.212019167162793 ], [ 36.906512146062916, -1.212047649926238 ], [ 36.906550939612856, -1.212079915226234 ], [ 36.906614939640981, -1.212138415214886 ], [ 36.906652951594062, -1.21217681932364 ], [ 36.906686965604059, -1.21221885018751 ], [ 36.906693421251532, -1.212228691000616 ], [ 36.906702595410842, -1.212231208611998 ], [ 36.906747614354309, -1.212248021603781 ], [ 36.906754473864027, -1.212251309355968 ], [ 36.90677149226881, -1.212253311993148 ], [ 36.906829892264454, -1.212263311971754 ], [ 36.906885019453611, -1.212275775206367 ], [ 36.906938547411166, -1.212293978706105 ], [ 36.906989887873479, -1.212317722418065 ], [ 36.907038476616961, -1.21234674540331 ], [ 36.907084076630255, -1.212377345390984 ], [ 36.907130097869803, -1.212411929914408 ], [ 36.907157782845971, -1.212437782777302 ], [ 36.907200279486524, -1.212450183916287 ], [ 36.907215478427311, -1.212454864801429 ], [ 36.907340678432575, -1.212495464756681 ], [ 36.907395209053362, -1.212516493331412 ], [ 36.907447159240277, -1.212543336535655 ], [ 36.907554359265511, -1.212606336503769 ], [ 36.907599055172561, -1.212635682920587 ], [ 36.907640648605891, -1.212669334373348 ], [ 36.907749748652606, -1.212766934353113 ], [ 36.907781702944114, -1.212797984907939 ], [ 36.907797926380965, -1.212816582020606 ], [ 36.90783392255409, -1.212832878826169 ], [ 36.9078801255474, -1.212859604590057 ], [ 36.907953425567577, -1.212907004569655 ], [ 36.907960760491584, -1.212911833002953 ], [ 36.908068178950771, -1.212983806274395 ], [ 36.908177989064129, -1.21305619226261 ], [ 36.908237618180578, -1.213101755358501 ], [ 36.908327186018418, -1.213180640743372 ], [ 36.908399847426608, -1.213239393917487 ], [ 36.908451472923836, -1.21328701057935 ], [ 36.908479172938016, -1.213316110575996 ], [ 36.908479206960926, -1.213316150023483 ], [ 36.9084792446546, -1.213316185931717 ], [ 36.908537482484768, -1.213377390716283 ], [ 36.90856238033097, -1.213392610943317 ], [ 36.908636937824419, -1.21342663624235 ], [ 36.908714949276884, -1.213459976820686 ], [ 36.908722373688143, -1.213463216295771 ], [ 36.90872415221925, -1.213464008334259 ], [ 36.908725844172608, -1.213464229352943 ], [ 36.908766844168539, -1.213469929337989 ], [ 36.908818819662237, -1.213479792109969 ], [ 36.908869584421133, -1.213494735024688 ], [ 36.908918649557336, -1.21351461417555 ], [ 36.908965542550966, -1.213539238117717 ], [ 36.909009811800786, -1.213568369711789 ], [ 36.909051030973288, -1.213601728407521 ], [ 36.909160531020113, -1.213699628387186 ], [ 36.909185872700512, -1.213723808316787 ], [ 36.909444622689897, -1.213987231216819 ], [ 36.909457670200943, -1.21399582490983 ], [ 36.909501943237977, -1.214009956221059 ], [ 36.909547936665426, -1.214029515625186 ], [ 36.909591934373658, -1.21405327512109 ], [ 36.909633558756695, -1.214081030795722 ], [ 36.909741084850346, -1.214160180577005 ], [ 36.909852630199474, -1.214237801078852 ], [ 36.909874887423541, -1.214249779618477 ], [ 36.909906642623163, -1.214253429085025 ], [ 36.909934408251864, -1.21425735890643 ], [ 36.910195928933902, -1.21430138365323 ], [ 36.910439201461195, -1.214326317834322 ], [ 36.910439236663777, -1.214326323209952 ], [ 36.910439272220039, -1.214326325091487 ], [ 36.910540718510767, -1.214336736422884 ], [ 36.910580350892609, -1.214318419304262 ], [ 36.910631304289851, -1.214300825521032 ], [ 36.910683748090896, -1.214288439047842 ], [ 36.9107371584048, -1.214281383620808 ], [ 36.91079100168546, -1.214279729721128 ], [ 36.910844740061556, -1.214283493871147 ], [ 36.91104254003919, -1.214307393799243 ], [ 36.91108504405377, -1.214314272436208 ], [ 36.911126867037098, -1.214324543526099 ], [ 36.911208630091238, -1.214348142745646 ], [ 36.911241602202196, -1.214350338656537 ], [ 36.911283219701964, -1.214351770003881 ], [ 36.911324541887879, -1.214321382288106 ], [ 36.911366058689055, -1.214293718297675 ], [ 36.911409934728155, -1.214270028580263 ], [ 36.911455795553643, -1.214250515311595 ], [ 36.91150324977513, -1.21423534502431 ], [ 36.911551892403679, -1.214224647186756 ], [ 36.911566140515561, -1.21422220147226 ], [ 36.911614458521797, -1.214190682300719 ], [ 36.911619135880827, -1.214182580414196 ], [ 36.911644504405018, -1.214145947968788 ], [ 36.911672780304883, -1.214111539623745 ], [ 36.911679903584989, -1.214103563983459 ], [ 36.911692249566954, -1.214079827880711 ], [ 36.911722996408599, -1.214033160454044 ], [ 36.911758359089234, -1.213989931856975 ], [ 36.911797960815356, -1.213950602695619 ], [ 36.911841379625947, -1.213915592027214 ], [ 36.91188815288853, -1.21388527289503 ], [ 36.911937782228506, -1.213859968353534 ], [ 36.911989738839416, -1.213839948026162 ], [ 36.9121592387745, -1.213784547986392 ], [ 36.912202526479902, -1.213772815082041 ], [ 36.912239033953142, -1.213752112054544 ], [ 36.912285701394694, -1.213731593096385 ], [ 36.912294672220369, -1.213721534014615 ], [ 36.912330572202855, -1.213685434019595 ], [ 36.91237884216649, -1.213642384986708 ], [ 36.912431875323357, -1.21360544734281 ], [ 36.912492775294993, -1.213568247337623 ], [ 36.912524545626809, -1.213550851284389 ], [ 36.912536825578563, -1.213531318704336 ], [ 36.912570984268555, -1.213487627537668 ], [ 36.912609406532439, -1.213447684813048 ], [ 36.912651688798768, -1.213411910072653 ], [ 36.912729288761192, -1.213352810072699 ], [ 36.912780750663345, -1.213318109538292 ], [ 36.912860450626482, -1.213270809530714 ], [ 36.912910472789342, -1.213244571544873 ], [ 36.912962945520711, -1.213223739357679 ], [ 36.913030245494653, -1.213201039342222 ], [ 36.913083434039805, -1.213186101914357 ], [ 36.913137861952983, -1.213176720650497 ], [ 36.913192957892129, -1.213172994028491 ], [ 36.913248143502642, -1.213174961168107 ], [ 36.913302839488523, -1.213182601420473 ], [ 36.913356471693326, -1.213195834584658 ], [ 36.913368772235309, -1.213200254550856 ], [ 36.913384775310881, -1.213194629145429 ], [ 36.913480501330802, -1.213167430205582 ], [ 36.913517095161168, -1.213155060930091 ], [ 36.913540927729414, -1.213140387149482 ], [ 36.913582764247501, -1.213109009744869 ], [ 36.913635246777048, -1.213074244504338 ], [ 36.913691392332844, -1.213045862884704 ], [ 36.913814892280712, -1.212992262862296 ], [ 36.913825973011143, -1.212987600402547 ], [ 36.913914772974437, -1.212951400385228 ], [ 36.913962028711765, -1.212934664417547 ], [ 36.914010624163666, -1.212922416891407 ], [ 36.914109224131735, -1.212902416863067 ], [ 36.914163638029727, -1.21289426234105 ], [ 36.914218594357209, -1.212891733358409 ], [ 36.914248568798193, -1.212891895372459 ], [ 36.914294935801053, -1.212874505708351 ], [ 36.914344648309132, -1.212861132316447 ], [ 36.914386436347527, -1.212854100241795 ], [ 36.91440622125976, -1.212828140200937 ], [ 36.914441321021215, -1.212790212887118 ], [ 36.914479856872795, -1.212755830375385 ], [ 36.91452147700813, -1.212725306555324 ], [ 36.914565801463425, -1.212698920089234 ], [ 36.914620301438937, -1.212669920082191 ], [ 36.914669475841393, -1.212646862190175 ], [ 36.914720704072089, -1.212628896590656 ], [ 36.91477346713112, -1.212616205296023 ], [ 36.914827230468966, -1.212608916884032 ], [ 36.914881449402039, -1.212607105195133 ], [ 36.914935574630981, -1.212610788584345 ], [ 36.914989057805606, -1.212619929735356 ], [ 36.915033516440779, -1.212632261272255 ], [ 36.915063763362269, -1.21262383001618 ], [ 36.915074421462698, -1.212614373576685 ], [ 36.915114797723689, -1.212584756862505 ], [ 36.915157725217213, -1.212559030493604 ], [ 36.915202835074822, -1.212537415532554 ], [ 36.915279857388413, -1.212504826164514 ], [ 36.915256700546529, -1.212444178240491 ], [ 36.915119810066706, -1.212299488297184 ], [ 36.914863722366164, -1.212098823701237 ], [ 36.914599834727426, -1.21191716317418 ], [ 36.914557907995935, -1.211885169163132 ], [ 36.914519280426745, -1.211849212933604 ], [ 36.914484320134591, -1.211809637143481 ], [ 36.914453360285506, -1.211766818944516 ], [ 36.914426695921847, -1.211721166387978 ], [ 36.914404581150599, -1.211673114536092 ], [ 36.914387226721779, -1.211623121315909 ], [ 36.914374798020056, -1.211571663155378 ], [ 36.91425340957705, -1.210935162257981 ], [ 36.913949860365989, -1.210403319294311 ], [ 36.913923356653171, -1.210350380185432 ], [ 36.913902750250706, -1.210294846392398 ], [ 36.913888287232524, -1.210237381080684 ], [ 36.913761174087149, -1.209584240345833 ], [ 36.913203480538655, -1.208780781513999 ], [ 36.913187609382163, -1.20875656147849 ], [ 36.912911537813862, -1.208309707196671 ], [ 36.912853646704932, -1.208216045098311 ], [ 36.912846327665655, -1.208204237040305 ], [ 36.9128460982296, -1.20820382292908 ], [ 36.912845830247043, -1.208203432975457 ], [ 36.91277148106991, -1.208083015208001 ], [ 36.912664631943251, -1.207910097421354 ], [ 36.91266454649562, -1.207909942691239 ], [ 36.912664446485692, -1.20790979707047 ], [ 36.912658646490058, -1.207900397071195 ], [ 36.912658646488488, -1.207900397068347 ], [ 36.912658646486634, -1.207900397065634 ], [ 36.912608954252889, -1.207819861321765 ], [ 36.912231606758667, -1.207373981261229 ], [ 36.912042203055464, -1.207242252248994 ], [ 36.91196723217751, -1.207201979211595 ], [ 36.911967190478336, -1.207201954090997 ], [ 36.911967146537393, -1.207201933197257 ], [ 36.911879178920778, -1.207154658046728 ], [ 36.911789511434144, -1.207106582671533 ], [ 36.911770568540987, -1.207095928227047 ], [ 36.911576770048278, -1.20698171340144 ], [ 36.911504289572711, -1.206941936851828 ], [ 36.911450833871776, -1.20692752367314 ], [ 36.911402325474754, -1.206914463702557 ], [ 36.911187752677229, -1.206861992041177 ], [ 36.910942499240029, -1.206836761909169 ], [ 36.910911476922834, -1.206832651565978 ], [ 36.910676176903841, -1.206794451480014 ], [ 36.910628374387869, -1.206784435994495 ], [ 36.910581668594716, -1.206770107219937 ], [ 36.910536442857925, -1.206751582758885 ], [ 36.910516851314405, -1.206741389116274 ], [ 36.910223822916016, -1.206724478447355 ], [ 36.90983806853221, -1.206714611977145 ], [ 36.90972325539547, -1.206713589104216 ], [ 36.909565606125838, -1.206748088470386 ], [ 36.909518083590804, -1.206756266985485 ], [ 36.909470025056955, -1.206760138303173 ], [ 36.909286225016118, -1.206766638240635 ], [ 36.909241844272358, -1.206766367361845 ], [ 36.909197636143666, -1.206762422126823 ], [ 36.909153900401662, -1.206754829288165 ], [ 36.909045473946449, -1.206731341582099 ], [ 36.909038228261842, -1.206733148670326 ], [ 36.908987050714977, -1.206743295105639 ], [ 36.908935138367198, -1.206748414623107 ], [ 36.908882977452151, -1.206748459271625 ], [ 36.908732677427388, -1.206741259218115 ], [ 36.908680079537987, -1.206736129070915 ], [ 36.908628233619964, -1.206725839106178 ], [ 36.908577638091494, -1.206710488246517 ], [ 36.908541551938825, -1.206695521502658 ], [ 36.908535226821755, -1.206699594630873 ], [ 36.90842042676902, -1.206765794618765 ], [ 36.908373464185352, -1.206789885870408 ], [ 36.908324388123226, -1.206809244589503 ], [ 36.908273667986109, -1.206823685613974 ], [ 36.908221788902708, -1.206833070818606 ], [ 36.908125988875668, -1.206845570788514 ], [ 36.908066336404893, -1.206849985634049 ], [ 36.908006565252045, -1.206847720261453 ], [ 36.907996352582344, -1.206846759915985 ], [ 36.907919489841532, -1.206865235151003 ], [ 36.907861264942142, -1.206875868755173 ], [ 36.907802232779048, -1.206880013494452 ], [ 36.907274481289754, -1.206887832568236 ], [ 36.906680405642525, -1.206938788243883 ], [ 36.906503246723425, -1.206964372689756 ], [ 36.906445896682776, -1.206969527574332 ], [ 36.906388327552442, -1.2069684951272 ], [ 36.906331196372243, -1.206961287132438 ], [ 36.906275155183558, -1.206947985855979 ], [ 36.906220843587413, -1.206928743106648 ], [ 36.906088143602325, -1.206873543061286 ], [ 36.906041545763578, -1.206851480154265 ], [ 36.905997252639217, -1.206825041791935 ], [ 36.905955668590877, -1.206794469336422 ], [ 36.905889226921047, -1.206740539081322 ], [ 36.905860719400593, -1.206731701583452 ], [ 36.905772043450419, -1.206724130176117 ], [ 36.905718692224056, -1.206716858646649 ], [ 36.905666327952225, -1.206704265995135 ], [ 36.905615473151897, -1.206686477877944 ], [ 36.905469452999334, -1.206627019430784 ], [ 36.905429964477683, -1.206635098960937 ], [ 36.905374835138119, -1.206643417638915 ], [ 36.90531914698829, -1.206645960262254 ], [ 36.905263495781867, -1.206642699630503 ], [ 36.905208476877192, -1.206633670626653 ], [ 36.90515467886808, -1.206618969843834 ], [ 36.905102677287012, -1.206598754552045 ], [ 36.905053028448108, -1.206573241015561 ], [ 36.904998089062751, -1.206541300741372 ], [ 36.90485032911937, -1.206491553107872 ], [ 36.904801991006295, -1.20647263006105 ], [ 36.904755683850077, -1.206449118061915 ], [ 36.904635995593495, -1.206380886279933 ], [ 36.904438786014865, -1.206276496363911 ], [ 36.904339214118693, -1.206235925491832 ], [ 36.904114365503695, -1.206183452283216 ], [ 36.904061999581067, -1.206168388419262 ], [ 36.90401141146549, -1.206148082157046 ], [ 36.903963117730761, -1.206122740851843 ], [ 36.903679817798469, -1.205955240767969 ], [ 36.90361744772418, -1.20591216888189 ], [ 36.903297947843697, -1.205656568810863 ], [ 36.90326543905482, -1.205628364626903 ], [ 36.903235263017628, -1.205597646306811 ], [ 36.902878656692998, -1.205204483855846 ], [ 36.902776382490551, -1.205119669155211 ], [ 36.902741611668198, -1.205088187805417 ], [ 36.902709683337115, -1.205053790930382 ], [ 36.902606083396542, -1.204931990923549 ], [ 36.902573069005712, -1.204888991245557 ], [ 36.902556027250142, -1.204861492129168 ], [ 36.90246742268004, -1.204805935273419 ], [ 36.902418785496451, -1.204771552602018 ], [ 36.902374205395724, -1.204731988715094 ], [ 36.902334224514988, -1.204687724748698 ], [ 36.902296063394701, -1.204640484943589 ], [ 36.902251901898751, -1.204623435502261 ], [ 36.902206246314577, -1.204600617859816 ], [ 36.902162936628066, -1.204573560958734 ], [ 36.90212236024999, -1.204542506827026 ], [ 36.902084880141238, -1.204507733248397 ], [ 36.902050831566058, -1.204469551277463 ], [ 36.902043195562918, -1.204459160303329 ], [ 36.901993483665244, -1.204447440462196 ], [ 36.901944553780325, -1.204430794134988 ], [ 36.901897431676865, -1.204409510089101 ], [ 36.901719531709411, -1.20431861003226 ], [ 36.901670370936053, -1.204290120977799 ], [ 36.901624457480409, -1.204256588939282 ], [ 36.901582299976113, -1.20421838538857 ], [ 36.901544365447847, -1.204175933548879 ], [ 36.901407265530835, -1.204005233543998 ], [ 36.901363294785455, -1.203941696064654 ], [ 36.90119880020994, -1.203663587438811 ], [ 36.901046373988059, -1.203499679518109 ], [ 36.900937993155964, -1.203462363268127 ], [ 36.900859612498216, -1.203455474118072 ], [ 36.900694429737911, -1.203495964536512 ], [ 36.900646465002673, -1.203505425957955 ], [ 36.900597845899242, -1.203510474803502 ], [ 36.900339493333419, -1.203525430127607 ], [ 36.900233999165231, -1.203546395103506 ], [ 36.900188530636875, -1.203553417079601 ], [ 36.900142632813044, -1.203556510972258 ], [ 36.899920832765488, -1.203561910895884 ], [ 36.899898139447558, -1.203561982365589 ], [ 36.899631539544721, -1.203557171736982 ], [ 36.899444334453804, -1.203561136809163 ], [ 36.899208486823568, -1.203587543673883 ], [ 36.899130058186408, -1.203590537651 ], [ 36.898840358136233, -1.203580337547961 ], [ 36.898790278662645, -1.203576215358213 ], [ 36.898740798234805, -1.20356741690436 ], [ 36.898692346921436, -1.203554018660367 ], [ 36.898430336704621, -1.203468157694154 ], [ 36.898172649203772, -1.203426358792669 ], [ 36.898104105756914, -1.20341056400371 ], [ 36.897945074030389, -1.203362737600415 ], [ 36.897788249217129, -1.203352667190109 ], [ 36.897614546151324, -1.203394545654104 ], [ 36.897573339561767, -1.203402785531504 ], [ 36.897531620504814, -1.203407769838102 ], [ 36.897083860362805, -1.203443521005177 ], [ 36.896947975977554, -1.203476262328314 ], [ 36.89694793795644, -1.20347626952483 ], [ 36.89694790081775, -1.203476280432318 ], [ 36.896817500773004, -1.20350768039641 ], [ 36.896800981971502, -1.203510804555048 ], [ 36.896784584861706, -1.203514521856115 ], [ 36.896775005952435, -1.203515717332758 ], [ 36.896765519703131, -1.203517511442609 ], [ 36.896748776205328, -1.203518990883729 ], [ 36.896732096051743, -1.203521072616686 ], [ 36.896431695977313, -1.203543572516788 ], [ 36.896382980721349, -1.203544997293001 ], [ 36.896334336764234, -1.203541986948983 ], [ 36.896286161862136, -1.203534566100384 ], [ 36.896238849935692, -1.203522795427066 ], [ 36.895972449942136, -1.203443495330729 ], [ 36.895927053941286, -1.203427736789423 ], [ 36.895883231712695, -1.203407973794257 ], [ 36.895841331137525, -1.203384363233427 ], [ 36.895464588812963, -1.203149294458383 ], [ 36.89518636593337, -1.203020282780786 ], [ 36.895148477894018, -1.203023564628164 ], [ 36.895128252391522, -1.203032718208371 ], [ 36.894807857860066, -1.203228217311769 ], [ 36.894505247251814, -1.203481557166893 ], [ 36.89446818813208, -1.20350994797455 ], [ 36.894428832203573, -1.20353501255056 ], [ 36.894253432122625, -1.203636312531873 ], [ 36.894202426913317, -1.203662254059362 ], [ 36.894148979415036, -1.203682613933267 ], [ 36.894093690540608, -1.203697163247196 ], [ 36.893900790477772, -1.203737063191368 ], [ 36.893878168489294, -1.20374123813594 ], [ 36.893731263298491, -1.203765100859916 ], [ 36.8935220874477, -1.204033052750685 ], [ 36.893490087835367, -1.204070413871503 ], [ 36.893454848677045, -1.204104694814355 ], [ 36.893416661352362, -1.204135612123049 ], [ 36.893375841618244, -1.204162910154094 ], [ 36.893332726998025, -1.204186363190519 ], [ 36.89277472675272, -1.204457663102923 ], [ 36.892733753788676, -1.204475516976021 ], [ 36.892691453211725, -1.204489896150204 ], [ 36.891976230761912, -1.204700232014332 ], [ 36.891418095967239, -1.204872126193334 ], [ 36.891370472502842, -1.204884432571887 ], [ 36.891321932953012, -1.204892319388432 ], [ 36.891272881292331, -1.204895721004726 ], [ 36.891223725757399, -1.20489460911094 ], [ 36.891174875449217, -1.204888992961346 ], [ 36.891126736928456, -1.204878919297234 ], [ 36.891079710831768, -1.204864471957881 ], [ 36.890384510881013, -1.2046154717116 ], [ 36.890337433569698, -1.204596044139881 ], [ 36.890292386224928, -1.204572234800649 ], [ 36.890249770330023, -1.204544255894576 ], [ 36.889864770457571, -1.204264555798042 ], [ 36.889830273760523, -1.204237277904693 ], [ 36.889798095475506, -1.204207266508238 ], [ 36.889384495680666, -1.203788766452009 ], [ 36.889367058951258, -1.203770273611535 ], [ 36.889094309580784, -1.203467040884741 ], [ 36.889034090392997, -1.203400203263663 ], [ 36.888921433406978, -1.203330630474441 ], [ 36.888688480024435, -1.203266144758659 ], [ 36.888617882993117, -1.203241179797667 ], [ 36.888341227500604, -1.203121032709951 ], [ 36.888214570058878, -1.20307259400231 ], [ 36.888168559359215, -1.203052484333247 ], [ 36.888124605453683, -1.203028156241611 ], [ 36.888083089085725, -1.20299982046595 ], [ 36.888044369883893, -1.202967722460694 ], [ 36.888033785300081, -1.202957139199355 ], [ 36.88784440877965, -1.202953675770046 ], [ 36.887783917179192, -1.202949133003435 ], [ 36.887724315903633, -1.202937777135048 ], [ 36.887372615899487, -1.202849877005955 ], [ 36.887311624449396, -1.202830705326481 ], [ 36.887253315885729, -1.202804403136802 ], [ 36.887026560971371, -1.202685396917021 ], [ 36.885625197210395, -1.202235333460236 ], [ 36.885422810133306, -1.202230908509625 ], [ 36.885174423337446, -1.202241268232618 ], [ 36.885069426371672, -1.202259264402713 ], [ 36.884990449149264, -1.202322201318803 ], [ 36.884937405769023, -1.202359486221043 ], [ 36.884880305747544, -1.202390105016446 ], [ 36.884583305618897, -1.202527004965481 ], [ 36.884536948438999, -1.202545807469083 ], [ 36.884489060095135, -1.202560206854444 ], [ 36.884318989152, -1.202602808507403 ], [ 36.884315095581009, -1.202608817041309 ], [ 36.884282631529373, -1.20264968685842 ], [ 36.884246406271004, -1.202687218311427 ], [ 36.88420675686725, -1.202721062185732 ], [ 36.884164052239726, -1.202750903578214 ], [ 36.884118689737662, -1.202776464827291 ], [ 36.88407109144071, -1.20279750809637 ], [ 36.883941591387917, -1.202847408069072 ], [ 36.883894844092225, -1.202862996278537 ], [ 36.883846878294818, -1.202874224612675 ], [ 36.883798094467735, -1.202880999325259 ], [ 36.883748899912781, -1.202883263853834 ], [ 36.883677399898652, -1.202883263828658 ], [ 36.883628233195097, -1.202881001833979 ], [ 36.883579476527522, -1.202874234750331 ], [ 36.883531536509068, -1.202863019013245 ], [ 36.883484812942228, -1.20284744815835 ], [ 36.88343969548464, -1.202827652041374 ], [ 36.883396560399483, -1.202803795755162 ], [ 36.883355767417584, -1.202776078252891 ], [ 36.883352362140464, -1.202773529158021 ], [ 36.883351248236949, -1.202774032295964 ], [ 36.882883505349973, -1.203075767449971 ], [ 36.882751869530033, -1.203184748044827 ], [ 36.882710417879743, -1.203215834824809 ], [ 36.882666197954187, -1.203242781535128 ], [ 36.882619616552333, -1.20326534028133 ], [ 36.882571102197382, -1.20328330353587 ], [ 36.882521101194584, -1.203296506047236 ], [ 36.882470073525482, -1.203304826360119 ], [ 36.882418488616288, -1.20330818793277 ], [ 36.882381167419979, -1.203308814508836 ], [ 36.882195515906851, -1.203352771325728 ], [ 36.881629530771541, -1.203525918843857 ], [ 36.881565627315908, -1.203541256277695 ], [ 36.881500344616285, -1.2035486541344 ], [ 36.881340331668596, -1.203556896045915 ], [ 36.881294768085965, -1.203568928152618 ], [ 36.881264229589412, -1.203595142600214 ], [ 36.881258425952183, -1.20359965928731 ], [ 36.881250051702601, -1.203619244222717 ], [ 36.881229615358592, -1.203661824903159 ], [ 36.8812055722655, -1.203702452371294 ], [ 36.881178105134374, -1.203740817886322 ], [ 36.881012305055513, -1.203952317933705 ], [ 36.880979112668307, -1.203990795371704 ], [ 36.880942479629809, -1.204025968201846 ], [ 36.880902729196109, -1.204057526053495 ], [ 36.880860212131694, -1.204085190455288 ], [ 36.88081530361427, -1.204108717292318 ], [ 36.880768399924079, -1.204127898960293 ], [ 36.880719914947065, -1.204142566197466 ], [ 36.88030541480201, -1.204246866084182 ], [ 36.880258579090622, -1.204256452602586 ], [ 36.880211083741116, -1.204261825080836 ], [ 36.88016330226553, -1.204262941269157 ], [ 36.879548002152937, -1.204249841049735 ], [ 36.879524228739029, -1.204248806042891 ], [ 36.879104928675766, -1.204221205890575 ], [ 36.879053193493768, -1.204215263227966 ], [ 36.87900226954639, -1.204204323199515 ], [ 36.878952632184976, -1.204188487925799 ], [ 36.87841383223018, -1.203987287735429 ], [ 36.878381959747486, -1.203974205818822 ], [ 36.878155202351039, -1.20387251746862 ], [ 36.877955562353463, -1.203799737704881 ], [ 36.877906666794829, -1.203779121561616 ], [ 36.87786002006127, -1.20375377020109 ], [ 36.877816073465844, -1.20372392890149 ], [ 36.877775252197338, -1.203689886381704 ], [ 36.877678952240665, -1.203601186364927 ], [ 36.877653201660046, -1.20357582507777 ], [ 36.877607470200026, -1.203527669819605 ], [ 36.877467138145768, -1.20344706942397 ], [ 36.877205081301035, -1.203319660982805 ], [ 36.877164537691115, -1.203297753342226 ], [ 36.877056856421603, -1.203233462020518 ], [ 36.876876178868926, -1.20314035204021 ], [ 36.876832010934194, -1.203114871840143 ], [ 36.876790428618321, -1.203085310783294 ], [ 36.87663392565279, -1.202962502910397 ], [ 36.87657545398914, -1.202927410876686 ], [ 36.876497687736347, -1.202979828251929 ], [ 36.876449125109914, -1.203008968945135 ], [ 36.876397796686824, -1.203032828745686 ], [ 36.876344267329785, -1.203051145080217 ], [ 36.876289126122423, -1.203063716380453 ], [ 36.87623297988646, -1.20307040430157 ], [ 36.875692279755441, -1.203106004118617 ], [ 36.875639363052642, -1.203106867151412 ], [ 36.875586617386311, -1.20310250217985 ], [ 36.875504841017353, -1.20309164472274 ], [ 36.875460695548369, -1.203105793272733 ], [ 36.875422667496565, -1.20314107265509 ], [ 36.875383247226402, -1.203174287309795 ], [ 36.875340862097062, -1.203203570432866 ], [ 36.875295897768105, -1.203228655579524 ], [ 36.875248763366997, -1.203249314502122 ], [ 36.87519988776652, -1.203265359226979 ], [ 36.875149715682461, -1.203276643764707 ], [ 36.875098703627152, -1.203283065438548 ], [ 36.875047315755701, -1.20328456581868 ], [ 36.874996019642623, -1.203281131253707 ], [ 36.874945282027454, -1.203272792995005 ], [ 36.874895564567908, -1.203259626912238 ], [ 36.874857073756807, -1.203247430780555 ], [ 36.874747333913177, -1.203245666434617 ], [ 36.874578750048286, -1.203261588183093 ], [ 36.874526097274952, -1.20326395564735 ], [ 36.874473466526204, -1.20326113539383 ], [ 36.874421361130842, -1.20325315439426 ], [ 36.874370279393389, -1.203240088974636 ], [ 36.874152079401, -1.203172688895325 ], [ 36.874095170628536, -1.203151514654911 ], [ 36.874040986993833, -1.203124036526088 ], [ 36.873990215182502, -1.203090602748361 ], [ 36.873976615187189, -1.203080502745014 ], [ 36.873975978663488, -1.203079979595081 ], [ 36.873975295647831, -1.203079519664747 ], [ 36.873935818902261, -1.203050015008858 ], [ 36.873889000587042, -1.203043187320951 ], [ 36.873800157986253, -1.203047133020134 ], [ 36.873751228338271, -1.203047068354952 ], [ 36.873702506165472, -1.203042537440301 ], [ 36.87365439305141, -1.203033577621835 ], [ 36.873607285559544, -1.203020262749636 ], [ 36.873512585564605, -1.202988762715511 ], [ 36.873457562271653, -1.202967024143851 ], [ 36.873405235144887, -1.202939351356169 ], [ 36.873356233629238, -1.202906077230237 ], [ 36.873311147165531, -1.202867602022454 ], [ 36.873281451985648, -1.202839301900051 ], [ 36.873271614523802, -1.202848435133833 ], [ 36.873213513761506, -1.202895330625585 ], [ 36.87306021368714, -1.203002430619569 ], [ 36.873016194993248, -1.203030120633311 ], [ 36.872969733860927, -1.203053419916693 ], [ 36.872921261284354, -1.203072112335646 ], [ 36.872890887070838, -1.203080557946547 ], [ 36.872797050029831, -1.203265072198235 ], [ 36.872768676206675, -1.203314310275208 ], [ 36.872735332495765, -1.203360284719299 ], [ 36.87269738602906, -1.203402489327825 ], [ 36.872655254617371, -1.203440459405999 ], [ 36.872514554547699, -1.203554459409573 ], [ 36.872469700847837, -1.203587126982397 ], [ 36.872421754086567, -1.203614990591438 ], [ 36.872371220241497, -1.203637756195231 ], [ 36.872318632591444, -1.203655183551155 ], [ 36.872128432522587, -1.203707483500853 ], [ 36.872075386084553, -1.203719214497066 ], [ 36.872021435969096, -1.203725512263206 ], [ 36.871967130055793, -1.203726312844146 ], [ 36.871913019837393, -1.203721608110333 ], [ 36.871859654819126, -1.203711445840305 ], [ 36.871701154816662, -1.203672845781675 ], [ 36.871655817683859, -1.203659665202599 ], [ 36.871611799873946, -1.203642543389901 ], [ 36.871569438862501, -1.203621611613417 ], [ 36.871536574533692, -1.20360353393325 ], [ 36.871484409374908, -1.203601466817365 ], [ 36.871049175229665, -1.203659399132939 ], [ 36.870508826542945, -1.20383383655152 ], [ 36.870379599251244, -1.203933674302898 ], [ 36.870238120507544, -1.20404918476646 ], [ 36.870193611023183, -1.204081874316329 ], [ 36.870146018112564, -1.204109818968379 ], [ 36.870095839212759, -1.204132726648039 ], [ 36.870043598789337, -1.204150357926804 ], [ 36.869989842854636, -1.204162528524671 ], [ 36.869935133260924, -1.204169111236234 ], [ 36.869880041827905, -1.204170037260217 ], [ 36.869704141797413, -1.204163937196809 ], [ 36.869643479344546, -1.204158366577698 ], [ 36.869583828905263, -1.204145941553015 ], [ 36.869525952488125, -1.20412682084793 ], [ 36.869481160863714, -1.20410914269555 ], [ 36.869455668848069, -1.204113012709418 ], [ 36.869362862340758, -1.204144665001752 ], [ 36.869309461614804, -1.204159842001333 ], [ 36.869254793505142, -1.20416941206923 ], [ 36.869199437509153, -1.204173273760625 ], [ 36.869143980415913, -1.204171386141159 ], [ 36.869089010086036, -1.204163769220706 ], [ 36.86903510922015, -1.204150503741387 ], [ 36.868982849182153, -1.204131730321489 ], [ 36.868932783942547, -1.204107647965013 ], [ 36.868762383978911, -1.204014547911678 ], [ 36.868745090139562, -1.204004679313366 ], [ 36.868552290187381, -1.203889879255938 ], [ 36.868532870644209, -1.203877749437028 ], [ 36.868460564760099, -1.203830419406842 ], [ 36.868459211847451, -1.20383013606307 ], [ 36.868324181023638, -1.203851702773602 ], [ 36.868106998262405, -1.203930566565488 ], [ 36.868059194398882, -1.203945439919677 ], [ 36.868010226130551, -1.203955786983385 ], [ 36.867960515525368, -1.203961518573504 ], [ 36.867910491049564, -1.203962585288724 ], [ 36.867860583874588, -1.203958977935255 ], [ 36.86781122416081, -1.203950727606082 ], [ 36.867762837349801, -1.203937905412938 ], [ 36.867751451558711, -1.203934311741105 ], [ 36.86771237414785, -1.203957957509054 ], [ 36.867633151393989, -1.204017901393913 ], [ 36.867585718622962, -1.204049976708727 ], [ 36.86753517833391, -1.204076816849086 ], [ 36.867482098705167, -1.204098120076447 ], [ 36.867427076462462, -1.204113646898744 ], [ 36.867370730170443, -1.204123222762817 ], [ 36.86731369327876, -1.204126740016731 ], [ 36.867216193258905, -1.204127539982291 ], [ 36.867164912871317, -1.204125501276143 ], [ 36.86711405763522, -1.204118562484766 ], [ 36.867064088680245, -1.204106786526137 ], [ 36.867015459099555, -1.204090280179167 ], [ 36.866968609841464, -1.204069193115511 ], [ 36.866834209866553, -1.204000793071986 ], [ 36.866787650139329, -1.203974092840995 ], [ 36.866615201494326, -1.203863421859642 ], [ 36.866507477926696, -1.203812734347551 ], [ 36.866368847484544, -1.203792731386134 ], [ 36.86612916939734, -1.203768726449683 ], [ 36.86597297894933, -1.203860575697754 ], [ 36.865926842933973, -1.20388477909981 ], [ 36.865878603260775, -1.203904392241676 ], [ 36.865828709467273, -1.203919232352264 ], [ 36.865777626505412, -1.203929161139542 ], [ 36.865725830408714, -1.203934086079344 ], [ 36.865673803856218, -1.203933961277491 ], [ 36.865622031674448, -1.203928787897502 ], [ 36.865570996319363, -1.203918614149737 ], [ 36.865521173380479, -1.203903534842087 ], [ 36.865473027148902, -1.203883690496423 ], [ 36.865427006290666, -1.203859266039167 ], [ 36.865420952653359, -1.203855258244992 ], [ 36.865328505711354, -1.20387087501782 ], [ 36.865326776393673, -1.203871164236271 ], [ 36.865266376375274, -1.203881164217603 ], [ 36.865213829644112, -1.203887216804961 ], [ 36.865160946523901, -1.203888056214217 ], [ 36.865108236308316, -1.203883674361911 ], [ 36.865056206625745, -1.20387411344825 ], [ 36.86500535855059, -1.203859465550611 ], [ 36.864956181777551, -1.203839871736797 ], [ 36.864909149905714, -1.203815520706432 ], [ 36.864864715877438, -1.203786646973691 ], [ 36.864823307616341, -1.203753528608752 ], [ 36.864785323906169, -1.203716484559865 ], [ 36.864751130550282, -1.203675871581616 ], [ 36.864721056848801, -1.203632080799247 ], [ 36.864695392427322, -1.203585533941895 ], [ 36.864674384447618, -1.203536679281054 ], [ 36.864658235227431, -1.203485987313583 ], [ 36.864647100292018, -1.203433946230456 ], [ 36.864641086876411, -1.203381057215342 ], [ 36.864640252892656, -1.203327829617877 ], [ 36.864644606372167, -1.203274776048372 ], [ 36.864654105388347, -1.20322240744116 ], [ 36.864668658460374, -1.203171228133989 ], [ 36.864688125434263, -1.203121731011042 ], [ 36.864712318832538, -1.203074392756141 ], [ 36.864741005659816, -1.203029669262161 ], [ 36.864773909646637, -1.202987991240413 ], [ 36.864810713910074, -1.202949760072789 ], [ 36.864851064005485, -1.202915343946143 ], [ 36.86489457133996, -1.202885074306532 ], [ 36.864940816914704, -1.20285924266721 ], [ 36.864989355360159, -1.202838097801113 ], [ 36.865039719225166, -1.202821843345134 ], [ 36.865091423478717, -1.202810635838931 ], [ 36.865150958569451, -1.202800779014426 ], [ 36.865297767359174, -1.20277597895695 ], [ 36.865422295434541, -1.202747827856089 ], [ 36.865473202941423, -1.20273887554477 ], [ 36.865524728298681, -1.202734871975411 ], [ 36.865576397753038, -1.202735853959609 ], [ 36.865627736226266, -1.202741812468937 ], [ 36.865678271683187, -1.202752692717999 ], [ 36.865687623523307, -1.202755673207518 ], [ 36.865712916254054, -1.202741133132993 ], [ 36.865757836369767, -1.202720544011745 ], [ 36.865804439551539, -1.202704177622892 ], [ 36.865852334915871, -1.202692171239678 ], [ 36.865901120741029, -1.202684625565966 ], [ 36.865950387836499, -1.202681603891397 ], [ 36.866102187804884, -1.202679303837982 ], [ 36.866163664972284, -1.202681908160377 ], [ 36.866487164931847, -1.202714308040986 ], [ 36.866510279063519, -1.202717131750413 ], [ 36.866739679042482, -1.202750231665108 ], [ 36.866791670452834, -1.202760379249994 ], [ 36.866842421340209, -1.202775613879628 ], [ 36.866891441647901, -1.202795788447171 ], [ 36.867103541681544, -1.202895588376341 ], [ 36.867165049627225, -1.20292960701028 ], [ 36.867240163438659, -1.202977812128555 ], [ 36.867360511644726, -1.202904989238296 ], [ 36.867408100295187, -1.202879366771911 ], [ 36.867457996344584, -1.202858663281301 ], [ 36.867509699444952, -1.202843086377671 ], [ 36.867562691127503, -1.202832792263756 ], [ 36.867616440001711, -1.20282788416757 ], [ 36.867670407083963, -1.202828411307129 ], [ 36.867826407059844, -1.202837811250267 ], [ 36.867891659597184, -1.202845784864001 ], [ 36.867907356486747, -1.202849698985308 ], [ 36.868006401553153, -1.202813733483032 ], [ 36.86805501983082, -1.202798648518379 ], [ 36.868104834695053, -1.202788245015201 ], [ 36.868387834609919, -1.20274304492723 ], [ 36.868436356556437, -1.202737549273193 ], [ 36.868485173536463, -1.202736496318264 ], [ 36.86853388485018, -1.202739894705715 ], [ 36.868582090665008, -1.202747716541338 ], [ 36.868779290656775, -1.202789016467999 ], [ 36.86882774799998, -1.202801552503815 ], [ 36.868874841555794, -1.202818557411756 ], [ 36.868920165469213, -1.202839884643012 ], [ 36.868963329136008, -1.202865350398696 ], [ 36.869110947197264, -1.202961978182924 ], [ 36.869253040260688, -1.203046585400378 ], [ 36.869409755367776, -1.203022793929492 ], [ 36.869461791640624, -1.203014780720531 ], [ 36.869518123315721, -1.203009133383552 ], [ 36.869574732771717, -1.203009464536813 ], [ 36.869630995428778, -1.203015770527337 ], [ 36.869686290533181, -1.203027981780904 ], [ 36.869740008006211, -1.20304596356969 ], [ 36.869752148664332, -1.203050754076133 ], [ 36.869926842458248, -1.202915789903647 ], [ 36.869964809483953, -1.202888988961141 ], [ 36.87000492499574, -1.202865572333606 ], [ 36.870046891990434, -1.202845713391021 ], [ 36.870090399756997, -1.20282955916341 ], [ 36.870765999497621, -1.202611458999248 ], [ 36.870812498640504, -1.202598725173017 ], [ 36.870859941988918, -1.202590222823983 ], [ 36.871388841838247, -1.202519822655077 ], [ 36.871434681257874, -1.202515715973909 ], [ 36.871480701642888, -1.202515560386296 ], [ 36.871705301604806, -1.202524460305238 ], [ 36.871754773523556, -1.202528724594617 ], [ 36.871803645580393, -1.202537553427926 ], [ 36.871851502957867, -1.202550871868067 ], [ 36.87189760268253, -1.202568438542543 ], [ 36.87189935924242, -1.202554993927176 ], [ 36.871910702531537, -1.202505130182424 ], [ 36.871926661920199, -1.202456563591989 ], [ 36.87194709548875, -1.202409726036459 ], [ 36.871971821530721, -1.202365034020904 ], [ 36.872030621505374, -1.202269634048192 ], [ 36.872059647358221, -1.20222718412164 ], [ 36.872092544200839, -1.202187697911768 ], [ 36.872129015163097, -1.202151531753235 ], [ 36.87216873112105, -1.202119012019734 ], [ 36.872211333667025, -1.202090432178649 ], [ 36.872256438343946, -1.202066050142728 ], [ 36.872303638114829, -1.202046085942614 ], [ 36.872352507035906, -1.202030719741244 ], [ 36.872402604100515, -1.202020090207959 ], [ 36.872453477218791, -1.202014293267097 ], [ 36.872504667297477, -1.202013381232381 ], [ 36.872578868013797, -1.202015608713589 ], [ 36.872631585521852, -1.201966665014368 ], [ 36.872675687113798, -1.201929887346693 ], [ 36.872723417141707, -1.201898027716908 ], [ 36.872880917067988, -1.201804627701165 ], [ 36.872926492975495, -1.201780475705157 ], [ 36.872974151374962, -1.201760813020436 ], [ 36.873023456981194, -1.201745819235481 ], [ 36.873073959464278, -1.201735631295646 ], [ 36.873198859427305, -1.201716631256589 ], [ 36.873252492180129, -1.201711216347946 ], [ 36.873306394083905, -1.201711220685695 ], [ 36.873346520004183, -1.201715278431385 ], [ 36.873352153336434, -1.201714258086288 ], [ 36.873406218596308, -1.201710038364671 ], [ 36.873460431478669, -1.201711308408668 ], [ 36.873514243141578, -1.201718055361111 ], [ 36.873567108804878, -1.201730210917612 ], [ 36.873618493265404, -1.201747652017906 ], [ 36.873667876315295, -1.201770202091726 ], [ 36.87371475800856, -1.201797632846413 ], [ 36.873788958029927, -1.201846232825823 ], [ 36.873824039823695, -1.201871271490568 ], [ 36.873857026419053, -1.201899045866947 ], [ 36.873920690518418, -1.201957149964258 ], [ 36.873942880037198, -1.201957214716578 ], [ 36.873993280975839, -1.201962145398463 ], [ 36.874170880959724, -1.201988045332638 ], [ 36.874216911072494, -1.201996829011243 ], [ 36.87426200937896, -1.202009603095492 ], [ 36.874305835090581, -1.202026271057488 ], [ 36.874409035103831, -1.202070771022168 ], [ 36.874465518392611, -1.202099176737625 ], [ 36.87451831335536, -1.20213403656718 ], [ 36.874531708775336, -1.202144058319074 ], [ 36.874556868866989, -1.202162862778176 ], [ 36.874584401839094, -1.202171367453148 ], [ 36.874676049733885, -1.202162711783939 ], [ 36.874735007527029, -1.202160408514558 ], [ 36.874902343984033, -1.202163098753652 ], [ 36.874912482201445, -1.202156398206958 ], [ 36.874964829829842, -1.202129506287466 ], [ 36.875019775423098, -1.202108511343542 ], [ 36.87529247531883, -1.202021111277157 ], [ 36.875349763723548, -1.20200618221327 ], [ 36.875408332950236, -1.201997664917387 ], [ 36.875467476869616, -1.201995662077516 ], [ 36.875526482423545, -1.20200019784131 ], [ 36.875674922681199, -1.202019906167866 ], [ 36.876018181724518, -1.201997305679281 ], [ 36.876124012181329, -1.201925971877506 ], [ 36.876158179142642, -1.201904753392098 ], [ 36.876193820583936, -1.201886153727612 ], [ 36.876304520535385, -1.201833553709348 ], [ 36.876358343477541, -1.201811467804948 ], [ 36.87641421644846, -1.201795344286769 ], [ 36.876471489594209, -1.201785370686811 ], [ 36.876529496775454, -1.201781663007914 ], [ 36.876665896747596, -1.201780362959988 ], [ 36.876719209580216, -1.201782513233392 ], [ 36.876772049921485, -1.201789958770139 ], [ 36.876823899891839, -1.201802626598296 ], [ 36.876874251318064, -1.201820392563094 ], [ 36.876922610713819, -1.201843082543665 ], [ 36.876968504116206, -1.201870474159638 ], [ 36.877011481731017, -1.201902298950559 ], [ 36.877118900862307, -1.201990413716501 ], [ 36.87721481674042, -1.202047977979491 ], [ 36.87727017116444, -1.202086089032272 ], [ 36.877412887489818, -1.202198078380629 ], [ 36.877563020971223, -1.202275447718729 ], [ 36.877592362094468, -1.202291746497547 ], [ 36.87769465533745, -1.202352820796288 ], [ 36.87795261854496, -1.202478238754599 ], [ 36.87798531491363, -1.202495550644916 ], [ 36.878209914965716, -1.20262455057673 ], [ 36.878253761491692, -1.202652638133264 ], [ 36.878294716188002, -1.202684846010539 ], [ 36.878332398190004, -1.202720874686945 ], [ 36.878419944266916, -1.202813060647522 ], [ 36.878423672998828, -1.202816495105558 ], [ 36.878540437449928, -1.202859062081776 ], [ 36.878576240012499, -1.202873594102874 ], [ 36.878804911428219, -1.202976140603804 ], [ 36.879253792368232, -1.203143762640717 ], [ 36.879582695710027, -1.203165412251935 ], [ 36.880113972396643, -1.203176723177988 ], [ 36.880280034583905, -1.203134937149507 ], [ 36.880287976799885, -1.203124805790794 ], [ 36.880334348482329, -1.203016355883394 ], [ 36.880356238488474, -1.202971074162317 ], [ 36.880382206018247, -1.202928030657862 ], [ 36.880412027293616, -1.202887596302298 ], [ 36.880445445326515, -1.202850119543272 ], [ 36.880482172133462, -1.202815923341074 ], [ 36.880521891217271, -1.202785302385482 ], [ 36.880564260294456, -1.20275852055627 ], [ 36.88060422011835, -1.2027357936859 ], [ 36.880689070424459, -1.202662957547732 ], [ 36.88072730426655, -1.202633017277703 ], [ 36.880768054662546, -1.202606653410836 ], [ 36.880810992393037, -1.202584078939228 ], [ 36.880855770567287, -1.202565476240755 ], [ 36.880902027425705, -1.202550995605625 ], [ 36.881120527347953, -1.202493295547072 ], [ 36.881174705895731, -1.202481944868069 ], [ 36.881229755257017, -1.2024762459562 ], [ 36.881379277755947, -1.202468544282479 ], [ 36.881898568912348, -1.202309681105736 ], [ 36.881931886408601, -1.202300650429612 ], [ 36.882190786320045, -1.202239350357309 ], [ 36.882198706839759, -1.202237920678892 ], [ 36.882223430460918, -1.202217452102629 ], [ 36.882274982174636, -1.202179687900216 ], [ 36.882803281923316, -1.201838887863538 ], [ 36.882837656769837, -1.201818479550484 ], [ 36.882873437792362, -1.20180068746885 ], [ 36.883042137719734, -1.20172448743904 ], [ 36.883093739389658, -1.201704315835454 ], [ 36.883147124604712, -1.201689578227806 ], [ 36.883201730165894, -1.201680430094311 ], [ 36.883256979999835, -1.201676967945836 ], [ 36.883394979971534, -1.201675467897544 ], [ 36.883423259980873, -1.201675907507845 ], [ 36.883542359960877, -1.20168090746505 ], [ 36.883595809780658, -1.201685843820342 ], [ 36.88360186886014, -1.201687023855598 ], [ 36.883604920444469, -1.201684581072346 ], [ 36.88365086818505, -1.201654903142034 ], [ 36.88369956321268, -1.201630056214799 ], [ 36.883750505851815, -1.201610295253603 ], [ 36.88380317336339, -1.201595823032726 ], [ 36.883857025308785, -1.201586788056922 ], [ 36.883958830036093, -1.201575004031224 ], [ 36.884180082590987, -1.201519581571118 ], [ 36.88437235119914, -1.201430956677808 ], [ 36.884508450819141, -1.20132249882666 ], [ 36.884552398752014, -1.201290947367889 ], [ 36.884599262070246, -1.201263979167719 ], [ 36.884648570629757, -1.201241864778145 ], [ 36.884699829755171, -1.201224826056598 ], [ 36.884752525202508, -1.201213033940272 ], [ 36.885027325118308, -1.201165933856713 ], [ 36.88509548574288, -1.201158700811317 ], [ 36.885395185675172, -1.20114620070858 ], [ 36.885429204265286, -1.20114586348438 ], [ 36.885726504211121, -1.201152363378607 ], [ 36.885777946825286, -1.201155971728817 ], [ 36.885828811346663, -1.201164512020406 ], [ 36.885878632121575, -1.201177906069345 ], [ 36.887398432187432, -1.201666005521981 ], [ 36.887441872009454, -1.201682055451496 ], [ 36.887483783866877, -1.201701796768359 ], [ 36.887694726271974, -1.201812504042227 ], [ 36.887924930607475, -1.20187003867849 ], [ 36.88813739097791, -1.201873924124041 ], [ 36.888150252504488, -1.201874313961596 ], [ 36.888341552472397, -1.201882413892995 ], [ 36.888393746393881, -1.201887190935612 ], [ 36.888445232562681, -1.201897047885494 ], [ 36.888495524120039, -1.201911891534776 ], [ 36.888544145503474, -1.201931581520792 ], [ 36.888590636943746, -1.201955931653388 ], [ 36.88863455881247, -1.201984711675457 ], [ 36.888675495779296, -1.202017649440327 ], [ 36.888713060739377, -1.202054433485147 ], [ 36.888746898473848, -1.202094715976121 ], [ 36.888767317580097, -1.202124463332088 ], [ 36.889010481273147, -1.202230065271375 ], [ 36.889281019762173, -1.202304955023248 ], [ 36.889329155493577, -1.202320762613573 ], [ 36.889375604973317, -1.202341047078436 ], [ 36.889419958238442, -1.202365629387713 ], [ 36.889663658301764, -1.202516129317365 ], [ 36.889705972392072, -1.202545132016474 ], [ 36.889745361639783, -1.202578044779239 ], [ 36.889781470655095, -1.202614570650545 ], [ 36.889819455314168, -1.202656831043042 ], [ 36.88989293971656, -1.202738391698802 ], [ 36.889893082171206, -1.202738566313191 ], [ 36.889893240812199, -1.202738726165672 ], [ 36.890157638524627, -1.20303267345522 ], [ 36.89053128916219, -1.203410750565823 ], [ 36.890818304619017, -1.203619265290605 ], [ 36.891273153964114, -1.2037821786536 ], [ 36.891664103725986, -1.203661773762845 ], [ 36.89167064695274, -1.203659804123031 ], [ 36.892346180050652, -1.203461139805087 ], [ 36.892751568773619, -1.203264039380678 ], [ 36.892998012547658, -1.202948347458844 ], [ 36.893033385931304, -1.202907424079839 ], [ 36.893072642991896, -1.202870261009626 ], [ 36.893115391206123, -1.202837229834558 ], [ 36.893161203143308, -1.20280866082709 ], [ 36.893209620739214, -1.202784839643451 ], [ 36.893260159876114, -1.202766004467339 ], [ 36.893374559832772, -1.202729804439561 ], [ 36.893450331443262, -1.202711761997086 ], [ 36.893695076117261, -1.202672006430916 ], [ 36.893791987502851, -1.202651960963936 ], [ 36.893851859194719, -1.202617382819649 ], [ 36.894149452654744, -1.202368242987658 ], [ 36.894181210402415, -1.202343608458992 ], [ 36.894214699790112, -1.202321418403876 ], [ 36.894597699610976, -1.202087718370085 ], [ 36.894656075491085, -1.202056846732193 ], [ 36.894789975433611, -1.201996246708776 ], [ 36.894846420844999, -1.201974443211687 ], [ 36.894904937331951, -1.201959140092677 ], [ 36.894964788520291, -1.201950529927702 ], [ 36.895236088451071, -1.201927029838303 ], [ 36.895291819830234, -1.201925116724399 ], [ 36.895347449300282, -1.20192900995897 ], [ 36.895402381333987, -1.201938667864589 ], [ 36.895456027870225, -1.20195398705161 ], [ 36.895507814609303, -1.20197480352487 ], [ 36.895945814674853, -1.202177903379386 ], [ 36.896004268577144, -1.202209536682241 ], [ 36.896347659961535, -1.20242379579496 ], [ 36.896450014744588, -1.202454263979327 ], [ 36.896608866250652, -1.202442365922765 ], [ 36.896697061455647, -1.202421128701184 ], [ 36.896873823843002, -1.202378537700673 ], [ 36.896914995957431, -1.202370309009371 ], [ 36.896956679449865, -1.202365330351075 ], [ 36.897404403277257, -1.202329581777118 ], [ 36.897616053643326, -1.202278554354085 ], [ 36.897668795651107, -1.20226860340932 ], [ 36.897722259366304, -1.202263980634426 ], [ 36.897775914806708, -1.202264731855205 ], [ 36.898074914761189, -1.202283931747559 ], [ 36.898135513107782, -1.202291309144217 ], [ 36.898194894022346, -1.202305535960892 ], [ 36.898378935241801, -1.202360883459683 ], [ 36.898643150561213, -1.202403741033635 ], [ 36.898684081820001, -1.202412029075977 ], [ 36.898724252850329, -1.202423481324542 ], [ 36.898953888302088, -1.202498732884728 ], [ 36.899128418734811, -1.202504877836112 ], [ 36.899349212946902, -1.202480156280653 ], [ 36.899397460809126, -1.202476950729316 ], [ 36.899619360762046, -1.20247225065274 ], [ 36.899640360412988, -1.202472217723348 ], [ 36.899906112959172, -1.20247701287727 ], [ 36.900070453769601, -1.202473011737173 ], [ 36.900167100656738, -1.202453804920721 ], [ 36.900240553997079, -1.202444425315071 ], [ 36.900487006312645, -1.202430158695721 ], [ 36.900690670058339, -1.202380235473523 ], [ 36.900748212509789, -1.202369423402266 ], [ 36.900806580552604, -1.202364956245954 ], [ 36.900865085664321, -1.202366886700861 ], [ 36.901097185632963, -1.202387286616795 ], [ 36.901161782120077, -1.202396961919197 ], [ 36.901224741703281, -1.202414430128308 ], [ 36.90152244172095, -1.202516930022644 ], [ 36.901571385795208, -1.20253651968484 ], [ 36.90161819632786, -1.202560824459762 ], [ 36.90166242623404, -1.202589612214345 ], [ 36.901703653076176, -1.202622607998836 ], [ 36.901741483098704, -1.202659496672689 ], [ 36.902025583248005, -1.202964996641774 ], [ 36.902062889675634, -1.203009711730648 ], [ 36.902095205058274, -1.203058203659624 ], [ 36.902269778220187, -1.20335335159435 ], [ 36.90229270106849, -1.203381892277583 ], [ 36.902339639659822, -1.20338354602174 ], [ 36.902387307506558, -1.20338953330664 ], [ 36.902434256346098, -1.203399768884996 ], [ 36.902480113207496, -1.20341417144374 ], [ 36.902524513794646, -1.203432626566428 ], [ 36.902608913807526, -1.20347222653856 ], [ 36.902652539962141, -1.20349519281837 ], [ 36.902693901924472, -1.203522070223766 ], [ 36.902732654549602, -1.203552634476699 ], [ 36.902768474466129, -1.203586630534174 ], [ 36.9028010627746, -1.203623774716436 ], [ 36.902815830885963, -1.203644076199653 ], [ 36.90284144305285, -1.203656900509392 ], [ 36.902884803939685, -1.203684044420081 ], [ 36.902925418003953, -1.203715196810255 ], [ 36.902962920675712, -1.203750078042711 ], [ 36.902996975314181, -1.203788375008483 ], [ 36.90311378455209, -1.203932973447666 ], [ 36.903260177200572, -1.204024764462908 ], [ 36.903304869826577, -1.204056047756826 ], [ 36.903346199168276, -1.204091709257734 ], [ 36.903383743583831, -1.204131385147816 ], [ 36.903417120045091, -1.204174670654354 ], [ 36.903445988045256, -1.204221124179285 ], [ 36.903470053072773, -1.204270271804328 ], [ 36.903478008376617, -1.20428882758441 ], [ 36.903498014837133, -1.204312348678694 ], [ 36.903593617420569, -1.204391630587824 ], [ 36.903648936687084, -1.204444553483728 ], [ 36.904002330910579, -1.204834174065978 ], [ 36.904258472208276, -1.205039086970558 ], [ 36.904438066951435, -1.205145271571133 ], [ 36.904623934274696, -1.205188647529409 ], [ 36.904664684918345, -1.205199868398157 ], [ 36.904704437145206, -1.20521426749294 ], [ 36.904868137162602, -1.205280967436697 ], [ 36.90491676690295, -1.205303676808172 ], [ 36.905145166947605, -1.205424576736386 ], [ 36.905159915933851, -1.205432681787743 ], [ 36.905241628988968, -1.20547926462834 ], [ 36.905391570677786, -1.205529746695595 ], [ 36.905401721043717, -1.205533745158655 ], [ 36.905406335330305, -1.205532801051058 ], [ 36.905461834825431, -1.205524446180475 ], [ 36.905517896596592, -1.205521944979107 ], [ 36.905573912875248, -1.205525324563204 ], [ 36.905629276385937, -1.205534548295172 ], [ 36.905683386929745, -1.205549516180628 ], [ 36.905745386932878, -1.205570216158565 ], [ 36.905777826614091, -1.205582222057729 ], [ 36.905944266470485, -1.205649995148155 ], [ 36.906009556327547, -1.2056555697366 ], [ 36.906066688880998, -1.205663565817568 ], [ 36.906122645206274, -1.205677661718245 ], [ 36.906305545212177, -1.205734361652592 ], [ 36.906353673799572, -1.205751839547444 ], [ 36.906399938873996, -1.205773832269184 ], [ 36.906443923478705, -1.205800141612339 ], [ 36.906485231209182, -1.205830530468513 ], [ 36.906527474823584, -1.20586481928079 ], [ 36.906542653071739, -1.205862627299228 ], [ 36.906573436465884, -1.20585908725628 ], [ 36.907201836305717, -1.205805187050289 ], [ 36.907239667151721, -1.205803286697688 ], [ 36.907726928821276, -1.20579606718191 ], [ 36.907832609984496, -1.205770664881271 ], [ 36.907890482642387, -1.20576007574568 ], [ 36.9079033192845, -1.20575916162784 ], [ 36.907924609907624, -1.205726645677181 ], [ 36.907957513467267, -1.205685679199221 ], [ 36.90799420967376, -1.205648118114254 ], [ 36.908034352479696, -1.205614316625904 ], [ 36.908077563336008, -1.205584593484661 ], [ 36.908123434761706, -1.205559228981991 ], [ 36.908161934744811, -1.205540328976105 ], [ 36.908208775267845, -1.205520036184227 ], [ 36.908257311616069, -1.205504290038969 ], [ 36.908307109268499, -1.205493231507968 ], [ 36.908357722412269, -1.20548695959304 ], [ 36.908408697933751, -1.205485530443926 ], [ 36.908459579475064, -1.205488956855526 ], [ 36.908509911519602, -1.205497208153401 ], [ 36.908592911516116, -1.205514908123055 ], [ 36.908597303345502, -1.205515863963253 ], [ 36.908717103341289, -1.205542463919477 ], [ 36.908747837044828, -1.205550248304911 ], [ 36.908827837045862, -1.205573048276017 ], [ 36.908875605499283, -1.205589124262122 ], [ 36.90892167435436, -1.205609618351124 ], [ 36.908965641265304, -1.205634351556837 ], [ 36.908969567543188, -1.20563707341351 ], [ 36.909021568115939, -1.205632973975591 ], [ 36.909080698182422, -1.205634858644296 ], [ 36.909139266810953, -1.205643254859037 ], [ 36.909219666806784, -1.205659354829615 ], [ 36.909227899390643, -1.205661070683857 ], [ 36.909315265601364, -1.205679996187276 ], [ 36.909383847177253, -1.205677570808179 ], [ 36.909553193677333, -1.205640511539522 ], [ 36.90961248923778, -1.20563098089234 ], [ 36.909672470111964, -1.205628148335389 ], [ 36.90985207007747, -1.205629748272634 ], [ 36.909860991214089, -1.205629902083717 ], [ 36.91025979114211, -1.205640101943211 ], [ 36.91027695132599, -1.205640816360169 ], [ 36.910609651273518, -1.205660016241363 ], [ 36.910632550110257, -1.205661831179592 ], [ 36.910734650097353, -1.205672131142634 ], [ 36.910790892847217, -1.205680843774058 ], [ 36.910845909439089, -1.205695476433558 ], [ 36.910899086567362, -1.205715866002037 ], [ 36.910944447008966, -1.205739034958477 ], [ 36.911067671007153, -1.205759039829628 ], [ 36.911334000520881, -1.205786437947762 ], [ 36.911406443272767, -1.205798961465037 ], [ 36.911662843268076, -1.205861661371731 ], [ 36.911674870011979, -1.20586475042435 ], [ 36.911729470012006, -1.205879450404571 ], [ 36.911729564651061, -1.205879480965474 ], [ 36.911729661802802, -1.205879502078585 ], [ 36.911825918947102, -1.205905455674575 ], [ 36.911844075802357, -1.205910310442127 ], [ 36.911905320116354, -1.20593070647429 ], [ 36.91196370463372, -1.205958321395963 ], [ 36.912100004662079, -1.20603312135397 ], [ 36.912114331227286, -1.206041271640159 ], [ 36.91230586639481, -1.206154152412233 ], [ 36.912386188391267, -1.206197217119719 ], [ 36.912386414793019, -1.206197353262781 ], [ 36.912386653252668, -1.206197466649195 ], [ 36.912474810449702, -1.206244843609336 ], [ 36.91257696765058, -1.206299720575638 ], [ 36.912629588885942, -1.206332007581129 ], [ 36.912902488969721, -1.20652180751 ], [ 36.912939801956099, -1.206550244580542 ], [ 36.912974523122202, -1.206581832658518 ], [ 36.913006390638856, -1.206616333541533 ], [ 36.913455690896683, -1.20714723351277 ], [ 36.913480588327062, -1.207178977634581 ], [ 36.913503066872323, -1.207212500522152 ], [ 36.913516166882168, -1.207233700523776 ], [ 36.913516252844573, -1.207233856184366 ], [ 36.913516353456224, -1.207234002681099 ], [ 36.913574353499882, -1.207328002688355 ], [ 36.913574353499904, -1.207328002688388 ], [ 36.913580060818589, -1.207337252474496 ], [ 36.913686868123357, -1.207510102345859 ], [ 36.913686914905298, -1.207510187059324 ], [ 36.91368696968334, -1.207510266769236 ], [ 36.913761121378776, -1.207630364528177 ], [ 36.913768372325578, -1.207642062714465 ], [ 36.913768539025405, -1.207642363592081 ], [ 36.913768733866064, -1.20764264682408 ], [ 36.913826833909738, -1.207736646831277 ], [ 36.913826859926729, -1.207736693929889 ], [ 36.913826890396379, -1.207736738241182 ], [ 36.914095376880432, -1.208171314584175 ], [ 36.914710019851171, -1.209056818266897 ], [ 36.914739701032666, -1.209104706393402 ], [ 36.914764277911779, -1.20915543943262 ], [ 36.914783484427261, -1.209208468166491 ], [ 36.914797112655542, -1.209263218524451 ], [ 36.914928967568656, -1.209940721705013 ], [ 36.915233039913403, -1.210473480525387 ], [ 36.915259815893805, -1.210527047550951 ], [ 36.915280554350666, -1.210583261820771 ], [ 36.915295001883301, -1.210641436461308 ], [ 36.915391562233943, -1.211147749539181 ], [ 36.915485965188914, -1.211212736542664 ], [ 36.915512786127138, -1.211232447715038 ], [ 36.915813586235856, -1.211468147646267 ], [ 36.915844192504977, -1.211494020404593 ], [ 36.915872809654672, -1.211522104942641 ], [ 36.916111509777132, -1.211774404914505 ], [ 36.91614617191987, -1.211814855691548 ], [ 36.916176713398684, -1.211858541593955 ], [ 36.916202838072927, -1.211905039029071 ], [ 36.91622429262874, -1.211953897142658 ], [ 36.916410557164234, -1.212441724438135 ], [ 36.916745824255933, -1.212634669833747 ], [ 36.916792663411186, -1.212664959514828 ], [ 36.916836148235582, -1.21269995093843 ], [ 36.916875814735022, -1.212739270737942 ], [ 36.9169112396578, -1.212782499361817 ], [ 36.916942045010764, -1.212829175550239 ], [ 36.916967902092672, -1.212878801256935 ], [ 36.916988535001508, -1.212930846963471 ], [ 36.91702038687631, -1.213025061361895 ], [ 36.917304857843732, -1.213061454024423 ], [ 36.917357958211781, -1.213070985623517 ], [ 36.917409846133502, -1.213085811520815 ], [ 36.917460001929278, -1.213105783229221 ], [ 36.917507923267316, -1.213130700724064 ], [ 36.918342523460986, -1.213619400476067 ], [ 36.918394686320596, -1.213654173081365 ], [ 36.918442494006769, -1.213694795873399 ], [ 36.918883594209341, -1.214116095802519 ], [ 36.918916148106923, -1.214150014389235 ], [ 36.918945652125792, -1.214186650603959 ], [ 36.918971883284193, -1.214225727562616 ], [ 36.918994643335502, -1.214266949934791 ], [ 36.919048880551188, -1.214376103871614 ], [ 36.919154152583417, -1.214373400325738 ], [ 36.919206174772668, -1.214374593437578 ], [ 36.919257840192941, -1.214380830381036 ], [ 36.919308667254029, -1.214392053020034 ], [ 36.919358182180225, -1.214408156745173 ], [ 36.919405923426574, -1.214428991448841 ], [ 36.919646923467056, -1.214548391371133 ], [ 36.919695467369934, -1.214575657990494 ], [ 36.919740962572206, -1.214607812476199 ], [ 36.919782925063757, -1.214644512746771 ], [ 36.919820908417805, -1.214685368359433 ], [ 36.919854508540318, -1.214729944663825 ], [ 36.920031208663815, -1.214991344674925 ], [ 36.920059056857454, -1.215037287459981 ], [ 36.920082245158525, -1.215085781488489 ], [ 36.920100545340823, -1.215136349468698 ], [ 36.920113777288314, -1.215188493696318 ], [ 36.920126592263408, -1.21525198062919 ], [ 36.920261095910888, -1.215350545767914 ], [ 36.920655429359961, -1.215442247417137 ], [ 36.920704665949081, -1.21545620483337 ], [ 36.920752366178988, -1.215474797433936 ], [ 36.920798100392759, -1.215497857747567 ], [ 36.920841456642115, -1.215525178060358 ], [ 36.920882044398056, -1.215556512286629 ], [ 36.92091949806855, -1.215591578185534 ], [ 36.920953480291537, -1.215630059903403 ], [ 36.921285520102998, -1.21604406992519 ], [ 36.921422377821585, -1.21620794791724 ], [ 36.921430384883571, -1.21621776698707 ], [ 36.921576084971839, -1.216400766982169 ], [ 36.921582224758666, -1.21640862590402 ], [ 36.92178382488509, -1.216671625901454 ], [ 36.921803786657108, -1.216699444014115 ], [ 36.922186891001743, -1.217270550189125 ], [ 36.922268629285369, -1.217375373388682 ], [ 36.922414788778255, -1.217439012152226 ], [ 36.922464891278501, -1.217464008392116 ], [ 36.923369591784734, -1.217975846342554 ], [ 36.923413125214608, -1.217992635381536 ], [ 36.92345348679298, -1.217995578149891 ], [ 36.924093295537681, -1.217925138555359 ], [ 36.924108487968923, -1.217923684706346 ], [ 36.924300287920289, -1.217908084643817 ], [ 36.924353153591184, -1.217906405502642 ], [ 36.924405928221539, -1.217909949916038 ], [ 36.924458103563055, -1.217918683749908 ], [ 36.924509177138781, -1.2179325228932 ], [ 36.924558657082279, -1.217951334067952 ], [ 36.924606066874517, -1.217974936112714 ], [ 36.924650949933046, -1.218003101727386 ], [ 36.924692874009146, -1.218035559662025 ], [ 36.92473143535063, -1.218071997329278 ], [ 36.924766262590182, -1.21811206381468 ], [ 36.924797020321897, -1.218155373256128 ], [ 36.924823412331413, -1.218201508560027 ], [ 36.92484518444865, -1.218250025418024 ], [ 36.92486212699562, -1.218300456586031 ], [ 36.924874076805771, -1.218352316383991 ], [ 36.924880918795402, -1.218405105373323 ], [ 36.924882587071977, -1.218458315166712 ], [ 36.924879065568746, -1.218511433324247 ], [ 36.924870388199494, -1.218563948288505 ], [ 36.924856638531885, -1.21861535431112 ], [ 36.924837948982749, -1.218665156323451 ], [ 36.924814499542769, -1.218712874704415 ], [ 36.924786516043106, -1.218758049899472 ], [ 36.924754267980489, -1.218800246846441 ], [ 36.92471806592183, -1.218839059165368 ], [ 36.924678258513218, -1.218874113072231 ], [ 36.924635229122345, -1.21890507097866 ], [ 36.924589392146338, -1.218931634743113 ], [ 36.924541189020957, -1.218953548542142 ], [ 36.924491083969222, -1.218970601334151 ], [ 36.924439559530754, -1.218982628891727 ], [ 36.924387111914541, -1.218989515383339 ], [ 36.924202918311281, -1.219004496655613 ], [ 36.923522004118247, -1.219079461262817 ], [ 36.923473272340289, -1.219082586633337 ], [ 36.923424459528988, -1.21908125990732 ], [ 36.923255759503817, -1.219068959847083 ], [ 36.923203421004494, -1.219062541232083 ], [ 36.923151956052344, -1.219051006075897 ], [ 36.923101857169378, -1.219034464771039 ], [ 36.922947057182704, -1.218974764717476 ], [ 36.922875808329252, -1.218941091705657 ], [ 36.92196111473821, -1.218423599352079 ], [ 36.92171511104987, -1.218316487601747 ], [ 36.9216670707061, -1.218292652012637 ], [ 36.921621618013802, -1.218264134963607 ], [ 36.921579201836948, -1.218231218072825 ], [ 36.921540241052547, -1.218194226408632 ], [ 36.921505120414089, -1.218153525279308 ], [ 36.921327020524082, -1.217925125275316 ], [ 36.921304313035115, -1.217893755711373 ], [ 36.920919956893634, -1.217320782683875 ], [ 36.920731809097248, -1.217075331781654 ], [ 36.920593161463557, -1.216901189482221 ], [ 36.920456922185409, -1.216738051826467 ], [ 36.920450119440304, -1.21672973986045 ], [ 36.920231547731831, -1.21645720930488 ], [ 36.919911370411455, -1.216382752311342 ], [ 36.919859262903984, -1.21636782180222 ], [ 36.919808907905569, -1.216347701370674 ], [ 36.919760814231267, -1.216322594325388 ], [ 36.919715467846288, -1.216292754362486 ], [ 36.919322867975389, -1.216005054265257 ], [ 36.919283924995824, -1.215973639796612 ], [ 36.91924803595078, -1.215938734412405 ], [ 36.919215508561415, -1.215900637400166 ], [ 36.919186621725139, -1.21585967541322 ], [ 36.919161623124374, -1.215816199669774 ], [ 36.9191407271028, -1.215770582941517 ], [ 36.919124112827603, -1.21572321635742 ], [ 36.919111922753217, -1.21567450605003 ], [ 36.919079007383957, -1.215511438847087 ], [ 36.919045251613333, -1.215461502433414 ], [ 36.918733847139727, -1.215469499529048 ], [ 36.918683010194592, -1.215468389984207 ], [ 36.918632503387933, -1.215462463314335 ], [ 36.918582776280282, -1.215451772273124 ], [ 36.918534271491978, -1.215436412021853 ], [ 36.918487420763419, -1.215416519282388 ], [ 36.918442641112136, -1.215392271120106 ], [ 36.918400331120921, -1.215363883367958 ], [ 36.918360867390099, -1.215331608705221 ], [ 36.918324601185383, -1.215295734408448 ], [ 36.918291855311281, -1.215256579794378 ], [ 36.918262921237861, -1.215214493377725 ], [ 36.918238056506354, -1.215169849769068 ], [ 36.918072914392638, -1.21483749603443 ], [ 36.917746121162381, -1.214525371631498 ], [ 36.917060427610309, -1.214123863501501 ], [ 36.916550641882999, -1.214058645700635 ], [ 36.916496810963039, -1.214048944024172 ], [ 36.916444233921823, -1.21403380176804 ], [ 36.916393452064703, -1.214013374829481 ], [ 36.916344988214647, -1.213987873513991 ], [ 36.916299341329513, -1.213957560370059 ], [ 36.916256981365059, -1.213922747486183 ], [ 36.916218344436551, -1.213883793277615 ], [ 36.916183828328776, -1.213841098796467 ], [ 36.916153788400671, -1.21379510360256 ], [ 36.916128533926766, -1.213746281237936 ], [ 36.916108324913083, -1.213695134351668 ], [ 36.916078286853967, -1.213606217623268 ], [ 36.916044148929878, -1.213505400854472 ], [ 36.916044112985958, -1.21350527474965 ], [ 36.916044064993173, -1.213505152774779 ], [ 36.91603375418493, -1.213474654457512 ], [ 36.915917006989353, -1.213407466629058 ], [ 36.915879106915114, -1.213432211290778 ], [ 36.91582667148699, -1.213462385556574 ], [ 36.915771210932185, -1.213486465072701 ], [ 36.915713421785796, -1.213504147422663 ], [ 36.915701903466015, -1.213506972958367 ], [ 36.915694946619446, -1.213513136099381 ], [ 36.915653849371907, -1.213543139144258 ], [ 36.915548549322111, -1.213612639138224 ], [ 36.915503101391067, -1.213639532123859 ], [ 36.915455260431962, -1.21366182726339 ], [ 36.915405484198807, -1.213679311231955 ], [ 36.915354248962743, -1.213691816739222 ], [ 36.915302044954935, -1.213699224129948 ], [ 36.915253311417231, -1.213701295106112 ], [ 36.915242637382207, -1.2137048996844 ], [ 36.915192996429994, -1.213719041788347 ], [ 36.915142239484737, -1.213728341891039 ], [ 36.915090831621931, -1.213732714778012 ], [ 36.91508169692532, -1.213732609527731 ], [ 36.915045378124361, -1.213765385242617 ], [ 36.914996178100388, -1.213805485244158 ], [ 36.914958570778737, -1.213833506221921 ], [ 36.914918690536041, -1.21385813854243 ], [ 36.914876837947688, -1.213879196553439 ], [ 36.914833328454534, -1.213896521542145 ], [ 36.914745228420045, -1.213927221522405 ], [ 36.91469751964317, -1.213941401266333 ], [ 36.914648715171857, -1.213951093249128 ], [ 36.914599230766164, -1.213956214906231 ], [ 36.91454948797837, -1.213956722607274 ], [ 36.914524142000033, -1.21395462111298 ], [ 36.914482717713732, -1.213964441729757 ], [ 36.914425277832528, -1.213971640281697 ], [ 36.914364477817557, -1.213975940261604 ], [ 36.914323805477565, -1.213977266676171 ], [ 36.914270419245099, -1.213976978083977 ], [ 36.914236193107911, -1.213990930617856 ], [ 36.914176197265945, -1.214016969278527 ], [ 36.914165235772622, -1.214025190394047 ], [ 36.914124447221084, -1.214052958176752 ], [ 36.914027647175942, -1.214112558168777 ], [ 36.913974255289546, -1.214141411782455 ], [ 36.913917982705748, -1.214164050109379 ], [ 36.913811182664382, -1.214200150084902 ], [ 36.913786024626404, -1.214207970970034 ], [ 36.913739977152616, -1.21422105455404 ], [ 36.913706552632583, -1.214238459871887 ], [ 36.913665614012665, -1.214255644688861 ], [ 36.913608613989837, -1.21427684467673 ], [ 36.9135788957066, -1.21428691889359 ], [ 36.91352509568646, -1.21430341888048 ], [ 36.91346755375924, -1.214317639586107 ], [ 36.913408808658922, -1.214325416931396 ], [ 36.913349570360964, -1.214326656922453 ], [ 36.913343687944938, -1.214326454347219 ], [ 36.913314128711008, -1.214363299881249 ], [ 36.913277916483295, -1.214404052720072 ], [ 36.913237812593934, -1.214440929780365 ], [ 36.91319422441493, -1.214473556468384 ], [ 36.913147594711397, -1.214501601365453 ], [ 36.913098397143983, -1.214524779594332 ], [ 36.913047131457461, -1.214542855713093 ], [ 36.913022872803467, -1.214548730733045 ], [ 36.913010038341142, -1.21456427286201 ], [ 36.912966490967072, -1.214606372250601 ], [ 36.912918538279591, -1.214643304708295 ], [ 36.912877038259808, -1.214671704706497 ], [ 36.912835297364445, -1.214697557333147 ], [ 36.912828604996541, -1.214700900237116 ], [ 36.912793092078132, -1.214737722670377 ], [ 36.912752147819553, -1.214772491976035 ], [ 36.912707976535842, -1.214802998476152 ], [ 36.912661014605256, -1.21482894079049 ], [ 36.912611725975488, -1.214850062629483 ], [ 36.912560597580161, -1.214866155326176 ], [ 36.912508134528295, -1.214877059897716 ], [ 36.912466633706522, -1.214881428684877 ], [ 36.912437651310142, -1.214921715040189 ], [ 36.912404100755815, -1.214960136275253 ], [ 36.912367103896251, -1.214995206025763 ], [ 36.912326989684878, -1.215026612473342 ], [ 36.912284114792733, -1.21505407637144 ], [ 36.912188186809566, -1.21510930759973 ], [ 36.912058927683525, -1.215193626797392 ], [ 36.91201116473875, -1.215221398326575 ], [ 36.9119608317679, -1.215244110778222 ], [ 36.911908455974796, -1.215261526255355 ], [ 36.911857658689435, -1.215272781512495 ], [ 36.911796966937509, -1.215317029353107 ], [ 36.911756163594873, -1.21534402818875 ], [ 36.911713099911587, -1.215367199135552 ], [ 36.911668129379244, -1.215386351993341 ], [ 36.911621621141975, -1.215401329544834 ], [ 36.911573956966201, -1.215412008846034 ], [ 36.911461856931446, -1.215431808812686 ], [ 36.911406278162829, -1.215438653310722 ], [ 36.911350293808276, -1.215439657030708 ], [ 36.911196193781187, -1.215434356976217 ], [ 36.911179015172756, -1.215433489735014 ], [ 36.9110799151576, -1.215426889699514 ], [ 36.911022898323047, -1.215420006462737 ], [ 36.910966932746113, -1.215407056414061 ], [ 36.910894435928093, -1.215386131650579 ], [ 36.910857520631836, -1.215399637232788 ], [ 36.910806244885393, -1.215415536567247 ], [ 36.910753652626667, -1.215426225766366 ], [ 36.910700265053805, -1.215431598898962 ], [ 36.910646611246563, -1.215431602716938 ], [ 36.910534811228153, -1.215426002677135 ], [ 36.91050661889232, -1.215423843158923 ], [ 36.910447673220446, -1.215417759067294 ], [ 36.910329962977286, -1.215405678500804 ], [ 36.910069498301773, -1.21537898203041 ], [ 36.910035191558656, -1.215374341129582 ], [ 36.909770423556523, -1.21532976953883 ], [ 36.909650357155435, -1.215315970820628 ], [ 36.90960018951246, -1.215307777681198 ], [ 36.909551011677678, -1.215294864711825 ], [ 36.909503260954757, -1.215277346738871 ], [ 36.909457361956953, -1.215255379537722 ], [ 36.909317261984988, -1.215179979494013 ], [ 36.909264898919517, -1.215147813704303 ], [ 36.90912219896336, -1.215048513666986 ], [ 36.909110541046587, -1.215040169014554 ], [ 36.909076418937559, -1.215015051752529 ], [ 36.909041217754854, -1.215003551088125 ], [ 36.908988964925499, -1.21498005800969 ], [ 36.908939481618354, -1.214951120741472 ], [ 36.908806481655979, -1.214863520704972 ], [ 36.908760496125701, -1.214829605712934 ], [ 36.908718327046095, -1.214790991480198 ], [ 36.908451384473501, -1.214519227700027 ], [ 36.908410785267542, -1.214507974887025 ], [ 36.908361226096972, -1.214488783571202 ], [ 36.908289926230729, -1.214457031335963 ], [ 36.908209650526388, -1.214422722997593 ], [ 36.908197736542078, -1.214417459448135 ], [ 36.90808773655759, -1.214367259411489 ], [ 36.908030518857046, -1.214336855270966 ], [ 36.907917318885502, -1.214267655238139 ], [ 36.907878245688501, -1.21424135570417 ], [ 36.907841597763685, -1.214211729555897 ], [ 36.907807653862271, -1.214179002135978 ], [ 36.907769354513633, -1.214138708004334 ], [ 36.907700791115609, -1.214066651520499 ], [ 36.907697399832109, -1.21406308883415 ], [ 36.907643252459025, -1.214019305837772 ], [ 36.907625881646894, -1.214004644426254 ], [ 36.907556020399106, -1.213943115214637 ], [ 36.907475910794453, -1.213890307500952 ], [ 36.907472539305594, -1.213888066818843 ], [ 36.907427350370249, -1.213857788968673 ], [ 36.907423075367902, -1.213857205128933 ], [ 36.907369414797429, -1.213844140016618 ], [ 36.907317363665811, -1.213825618245193 ], [ 36.907267468133448, -1.213801834159922 ], [ 36.907210768144949, -1.213771134142276 ], [ 36.907166796064494, -1.213744535021039 ], [ 36.907125535859521, -1.213713848347735 ], [ 36.907087361371879, -1.213679352162305 ], [ 36.907052618484855, -1.213641359021083 ], [ 36.907021621989351, -1.213600213164799 ], [ 36.906994652731683, -1.213556287399602 ], [ 36.906980219793894, -1.213530066049664 ], [ 36.906964585786696, -1.213516079981177 ], [ 36.906954292903684, -1.213510030987609 ], [ 36.906896784385907, -1.213491382037717 ], [ 36.906897073897973, -1.213492985154541 ], [ 36.906903530356544, -1.213540676365767 ], [ 36.90690576141084, -1.213588755877407 ], [ 36.906903749496642, -1.213636845183819 ], [ 36.906900790179691, -1.213659480085351 ], [ 36.906902222107988, -1.213682930307127 ], [ 36.906900276570333, -1.213736129950846 ], [ 36.906893159651851, -1.213788881485711 ], [ 36.906880939892204, -1.21384067688509 ], [ 36.906863734974337, -1.213891017330395 ], [ 36.906841710591088, -1.213939418015146 ], [ 36.906815078849512, -1.213985412813798 ], [ 36.906784096228137, -1.214028558770928 ], [ 36.90674906110695, -1.214068440367071 ], [ 36.906710310893814, -1.214104673520414 ], [ 36.90666821877501, -1.214136909285807 ], [ 36.906623190121245, -1.214164837215203 ], [ 36.906575658583662, -1.214188188347455 ], [ 36.906526081917555, -1.214206737798605 ], [ 36.906474937573911, -1.21422030692762 ], [ 36.906422718101226, -1.214228765056756 ], [ 36.906369926402029, -1.214232030730041 ], [ 36.9063170708896, -1.214230072497783 ], [ 36.906264660591688, -1.21422290921936 ], [ 36.906213200248267, -1.214210609881603 ], [ 36.906163185450602, -1.214193292934427 ], [ 36.906115097868451, -1.214171125149976 ], [ 36.906069400611322, -1.2141443200166 ], [ 36.906026533768475, -1.214113135682802 ], [ 36.90598691017064, -1.214077872471041 ], [ 36.905950911414216, -1.214038869985559 ], [ 36.905918884186391, -1.213996503841713 ], [ 36.905891136926265, -1.213951182048629 ], [ 36.905883419104946, -1.213935267095559 ], [ 36.905841982411367, -1.21394849895755 ], [ 36.905790242563178, -1.213959546576903 ], [ 36.905737676006247, -1.213965436588124 ], [ 36.905684788985653, -1.213966112267661 ], [ 36.905632090832647, -1.213961567108882 ], [ 36.905580089059448, -1.213951844884705 ], [ 36.905529284471662, -1.213937039225989 ], [ 36.905480166345207, -1.213917292719868 ], [ 36.90543320771436, -1.213892795536483 ], [ 36.905388860816139, -1.213863783597516 ], [ 36.905347552735066, -1.21383053630415 ], [ 36.905309681290099, -1.213793373846266 ], [ 36.905275611203429, -1.213752654118816 ], [ 36.905245670588052, -1.213708769275075 ], [ 36.905220147787851, -1.213662141950056 ], [ 36.905199288600741, -1.213613221190196 ], [ 36.905183293911513, -1.213562478128925 ], [ 36.905172317757206, -1.213510401449305 ], [ 36.905166465843706, -1.213457492677817 ], [ 36.905165794527719, -1.213404261354347 ], [ 36.905170310274059, -1.213351220125123 ], [ 36.905179969593433, -1.213298879805643 ], [ 36.905194679461204, -1.213247744461234 ], [ 36.90521429821333, -1.213198306552684 ], [ 36.905238636910653, -1.213151042193591 ], [ 36.905267461158473, -1.213106406565165 ], [ 36.905300493363868, -1.213064829532517 ], [ 36.9053374154091, -1.213026711504983 ], [ 36.905377871715217, -1.212992419579802 ], [ 36.905407561048641, -1.212971899269252 ], [ 36.905368171406046, -1.212979320791056 ], [ 36.905311665046341, -1.212983870513679 ], [ 36.905275165038383, -1.212984870501169 ], [ 36.905221960810564, -1.212983682698111 ], [ 36.905169132329462, -1.212977219524796 ], [ 36.905117194654707, -1.212965543995472 ], [ 36.905066654160755, -1.212948769943093 ], [ 36.905018003599942, -1.212927060909397 ], [ 36.904971717298224, -1.212900628550461 ], [ 36.904928246530794, -1.212869730573073 ], [ 36.904888015122232, -1.212834668222163 ], [ 36.90485141531439, -1.212795783343795 ], [ 36.904834115324292, -1.21277548334261 ], [ 36.904796763689085, -1.212726217553557 ], [ 36.904765238352539, -1.212672985436776 ], [ 36.904739950740797, -1.212616481707446 ], [ 36.904680706781633, -1.21246093667404 ], [ 36.904665265121061, -1.21243454030961 ], [ 36.90464547954965, -1.212397506451448 ], [ 36.904628603315984, -1.212359041380762 ], [ 36.904578023446085, -1.212230492433663 ], [ 36.90453804358166, -1.212128943492828 ], [ 36.904537991785467, -1.212128790388056 ], [ 36.904537925416001, -1.212128643090653 ], [ 36.904485095164546, -1.211994220447637 ], [ 36.904412465059288, -1.211809797769952 ], [ 36.904407464106207, -1.211795020627225 ], [ 36.904401871021008, -1.211780460101042 ], [ 36.904367979051571, -1.211677466075006 ], [ 36.904351715779974, -1.211631876167228 ], [ 36.904339355418976, -1.211619022143237 ], [ 36.904178559097936, -1.211465542761094 ], [ 36.904103246908818, -1.211401367824885 ], [ 36.903967007005704, -1.211323335623212 ], [ 36.90378736557318, -1.211234357595788 ], [ 36.903745939137174, -1.21121559530566 ], [ 36.90374584141977, -1.211215545107353 ], [ 36.903745739300746, -1.21121550474932 ], [ 36.903642922841577, -1.2111688879255 ], [ 36.903407645313763, -1.211062426148132 ], [ 36.903175994232271, -1.210976578081758 ], [ 36.902899371377707, -1.210971407460436 ], [ 36.902600445876644, -1.210973613094445 ], [ 36.902251438449625, -1.210983744811236 ], [ 36.902250717140205, -1.210983765264458 ], [ 36.901969035323873, -1.210991562587005 ], [ 36.901607297325704, -1.211011484020106 ], [ 36.901249274503641, -1.211107920478873 ], [ 36.900989667431482, -1.211221383477198 ], [ 36.90098796059673, -1.211222125940886 ], [ 36.900644260451251, -1.211370925877733 ], [ 36.900595008702176, -1.211389439117253 ], [ 36.900544199179087, -1.211403034355492 ], [ 36.900309735121901, -1.211453590328457 ], [ 36.900183640756431, -1.211506404673818 ], [ 36.900084719430104, -1.211547871658184 ] ] ] } },
{ "type": "Feature", "properties": { }, "geometry": { "type": "Polygon", "coordinates": [ [ [ 36.901473752718296, -1.226885430027826 ], [ 36.901451322337941, -1.226837465962969 ], [ 36.901433650385613, -1.22678752733631 ], [ 36.901420905623546, -1.226736091049115 ], [ 36.901413209760541, -1.226683648304849 ], [ 36.901410636289768, -1.22663069991833 ], [ 36.901410636320939, -1.226475099972302 ], [ 36.901413231584996, -1.226421928618769 ], [ 36.90142099236715, -1.226369269334674 ], [ 36.901433843926696, -1.226317629257131 ], [ 36.901451662496051, -1.226267505707809 ], [ 36.901474276472769, -1.226219381403354 ], [ 36.901501468072091, -1.226173719806689 ], [ 36.901532975424374, -1.226130960663564 ], [ 36.90156849509701, -1.226091515767592 ], [ 36.901607685016643, -1.226055764994486 ], [ 36.901650167763457, -1.226024052643653 ], [ 36.901695534205984, -1.225996684122359 ], [ 36.901743347441183, -1.225973923004531 ], [ 36.901793147002074, -1.225955988492421 ], [ 36.901844453292227, -1.225943053305499 ], [ 36.901896772204545, -1.22593524201706 ], [ 36.90194959987975, -1.225932629854573 ], [ 36.902002427558799, -1.225935241975081 ], [ 36.902054746482527, -1.225943053222987 ], [ 36.902106052791233, -1.225955988372255 ], [ 36.902155852377135, -1.225973922850864 ], [ 36.902203665642915, -1.225996683940501 ], [ 36.902249032120451, -1.226024052439874 ], [ 36.902291514905464, -1.226055764775764 ], [ 36.902330704865086, -1.226091515541322 ], [ 36.902366224578088, -1.226130960437345 ], [ 36.902397731969657, -1.226173719588027 ], [ 36.902424923605807, -1.226219381199343 ], [ 36.902447537615593, -1.226267505524931 ], [ 36.902463081640668, -1.226311230746127 ], [ 36.90249714567679, -1.226323254282522 ], [ 36.902526470122453, -1.226301678733939 ], [ 36.902639170068674, -1.226226578727909 ], [ 36.902684327105213, -1.226199576855667 ], [ 36.902731881061946, -1.226177127368069 ], [ 36.902781380294165, -1.22615944348008 ], [ 36.902832354681827, -1.226146693145306 ], [ 36.902884320094493, -1.226138997460888 ], [ 36.902936782989364, -1.226136429517294 ], [ 36.902989245098688, -1.226139013704162 ], [ 36.903041208162094, -1.226146725478608 ], [ 36.903092178658788, -1.226159491598355 ], [ 36.903141672494797, -1.226177190817276 ], [ 36.903297272511715, -1.226241590763783 ], [ 36.90334899582664, -1.226266307926393 ], [ 36.903397822091208, -1.226296408394628 ], [ 36.903443200254721, -1.226331552456889 ], [ 36.903484618181409, -1.226371343479766 ], [ 36.90352160843041, -1.226415332384408 ], [ 36.903522456343239, -1.226416590344147 ], [ 36.903671130473008, -1.226357148345971 ], [ 36.90371737058954, -1.2263410656425 ], [ 36.903764869141035, -1.226329269475383 ], [ 36.903872169106151, -1.226307769444305 ], [ 36.903874842440331, -1.226307240846579 ], [ 36.904072390311384, -1.226268701424998 ], [ 36.90412558325032, -1.226253543896972 ], [ 36.904175915043176, -1.226241792356472 ], [ 36.904227133558706, -1.226234945720286 ], [ 36.904278768086385, -1.226233066911146 ], [ 36.904330344092358, -1.226236173196295 ], [ 36.904381387580521, -1.226244236028664 ], [ 36.904882926869142, -1.226348468639191 ], [ 36.905390490193582, -1.226374731584171 ], [ 36.905676206455503, -1.226310205988622 ], [ 36.905813927875116, -1.226165603934485 ], [ 36.905845611236366, -1.22613494417683 ], [ 36.905879671267719, -1.22610698472881 ], [ 36.906145871138385, -1.225906084728132 ], [ 36.906165290910351, -1.225892875514248 ], [ 36.906184562843592, -1.225879448743559 ], [ 36.906187197014361, -1.225877975111426 ], [ 36.906189694002421, -1.225876276674821 ], [ 36.906210306623521, -1.225865046920142 ], [ 36.906230793303585, -1.225853586071648 ], [ 36.906233558297636, -1.225852379409022 ], [ 36.906236208661859, -1.225850935490671 ], [ 36.906257815620918, -1.22584179334429 ], [ 36.90627931975078, -1.225832408791915 ], [ 36.906282188939855, -1.225831480719612 ], [ 36.906284967155706, -1.225830305225278 ], [ 36.906307360366718, -1.225823338730938 ], [ 36.906329674849559, -1.225816120853443 ], [ 36.906776374688825, -1.225695620736988 ], [ 36.906822360701291, -1.225685360446496 ], [ 36.906869061141663, -1.225679180522945 ], [ 36.906916119325679, -1.225677128167133 ], [ 36.907292040688645, -1.225677282047205 ], [ 36.907316283901046, -1.225666666102278 ], [ 36.907369610719599, -1.225646614509456 ], [ 36.907424741344002, -1.225632335977851 ], [ 36.9074810607381, -1.225623989799168 ], [ 36.907537940603724, -1.225621669083861 ], [ 36.907594746389975, -1.225625399722466 ], [ 36.907630998215147, -1.225629725076497 ], [ 36.907719873910821, -1.225601375607932 ], [ 36.907768524208514, -1.225588339842099 ], [ 36.907818170739048, -1.225579929941973 ], [ 36.907868380316209, -1.225576219287793 ], [ 36.907918714840918, -1.225577240257024 ], [ 36.908186084185417, -1.225595262909674 ], [ 36.908704430971845, -1.225607783654577 ], [ 36.908755818657347, -1.225611504115193 ], [ 36.90880661862122, -1.225620146101908 ], [ 36.90885636666885, -1.225633630647349 ], [ 36.908904608217611, -1.225651834534304 ], [ 36.908950902450712, -1.225674591421614 ], [ 36.908994826345214, -1.225701693364146 ], [ 36.909035978537553, -1.225732892712876 ], [ 36.909073982991039, -1.225767904377864 ], [ 36.90910849243199, -1.225806408433253 ], [ 36.909187492479198, -1.225903508429638 ], [ 36.909221672243191, -1.225950446103008 ], [ 36.909250659737985, -1.226000798941238 ], [ 36.909274121363168, -1.22605398746371 ], [ 36.909286482012519, -1.226092759067711 ], [ 36.909328684687203, -1.226102127261031 ], [ 36.909380343822811, -1.226119243896692 ], [ 36.909430026085175, -1.226141513467839 ], [ 36.909477225582677, -1.226168709214257 ], [ 36.909521461704429, -1.226200554214719 ], [ 36.909628761744301, -1.226286354190645 ], [ 36.909666551984259, -1.226319574459262 ], [ 36.909701109194401, -1.226356187861277 ], [ 36.909732133886408, -1.226395877089032 ], [ 36.909759357186253, -1.226438298178421 ], [ 36.909782543164425, -1.226483083489674 ], [ 36.909787654697936, -1.226495698333432 ], [ 36.909947481549821, -1.226536852766666 ], [ 36.909995214617908, -1.226551545093823 ], [ 36.910077331188255, -1.226581070660357 ], [ 36.910081574116084, -1.226580061692742 ], [ 36.910114534844155, -1.226573309168201 ], [ 36.910162623439405, -1.226565021214617 ], [ 36.910220994851862, -1.226527480054853 ], [ 36.910262929559771, -1.226503108328216 ], [ 36.910306868351036, -1.226482623285492 ], [ 36.910352456544373, -1.226466190285797 ], [ 36.910399326144237, -1.226453941979459 ], [ 36.91054962609438, -1.226421841936868 ], [ 36.910601300547604, -1.226413421288509 ], [ 36.91065354288444, -1.22641008594673 ], [ 36.910705860285958, -1.226411867375439 ], [ 36.910757759225049, -1.22641874877032 ], [ 36.910808750121944, -1.226430665217462 ], [ 36.910858351962673, -1.226447504305554 ], [ 36.910906096836541, -1.226469107186433 ], [ 36.910951534350161, -1.226495270073383 ], [ 36.91132703445188, -1.226736569967985 ], [ 36.911361132092551, -1.226760389896021 ], [ 36.91153551798417, -1.226892509289112 ], [ 36.911779680197185, -1.227072860754652 ], [ 36.911818062734966, -1.227104029119563 ], [ 36.911853453997828, -1.227138598259399 ], [ 36.911885557662671, -1.227176278735024 ], [ 36.912096539706177, -1.227448157174831 ], [ 36.912156481630852, -1.227486824891597 ], [ 36.912365681701189, -1.227642324840238 ], [ 36.912409824980877, -1.227678934428393 ], [ 36.912476154858048, -1.227740172948959 ], [ 36.912483330493075, -1.227743044269567 ], [ 36.912507995358276, -1.227740638680794 ], [ 36.912560872843883, -1.22774072113599 ], [ 36.912613487821261, -1.22774601840935 ], [ 36.91266533385226, -1.227756479513254 ], [ 36.912715911900051, -1.227772003756307 ], [ 36.912764735132434, -1.227792441712538 ], [ 36.912811333607877, -1.227817596659651 ], [ 36.913015233657845, -1.227940996599963 ], [ 36.913032072646224, -1.227951617788764 ], [ 36.913218505017568, -1.228074084998653 ], [ 36.913415732765216, -1.228202059386631 ], [ 36.913459034060551, -1.228233310138409 ], [ 36.913499058019283, -1.228268711537124 ], [ 36.913535413472566, -1.228307917592563 ], [ 36.913674913553365, -1.228474117583842 ], [ 36.913712883320812, -1.228525161922568 ], [ 36.913744639810929, -1.228580338076291 ], [ 36.913835839891533, -1.228762738102001 ], [ 36.913859107639958, -1.228816274704177 ], [ 36.913876519074847, -1.22887201972477 ], [ 36.913887872164075, -1.228929326332888 ], [ 36.913907560629418, -1.229067023039877 ], [ 36.914045745264026, -1.229237632470893 ], [ 36.91407793123166, -1.229281739509461 ], [ 36.914105538224121, -1.229328886035382 ], [ 36.914128285282821, -1.229378592235669 ], [ 36.914145940909009, -1.229430352247249 ], [ 36.914174901877843, -1.229531625591755 ], [ 36.914262377182027, -1.229794051261206 ], [ 36.914277867410284, -1.229850440257406 ], [ 36.914287234214342, -1.229908180327033 ], [ 36.914290368646867, -1.229966599885985 ], [ 36.914290368709899, -1.230255727746116 ], [ 36.914354864318, -1.2305781194979 ], [ 36.914362585571475, -1.230629163479745 ], [ 36.914391378243579, -1.230908209556125 ], [ 36.914408844949065, -1.230918151369155 ], [ 36.914450916493287, -1.230947743366296 ], [ 36.914490000574389, -1.230981229183838 ], [ 36.91452574273994, -1.231018305140449 ], [ 36.914557818845168, -1.231058634995852 ], [ 36.914585937992605, -1.231101853000205 ], [ 36.914609845170268, -1.231147567211057 ], [ 36.914629323564341, -1.231195363047906 ], [ 36.914693723636361, -1.23137766308749 ], [ 36.91470875032401, -1.231427723942812 ], [ 36.914718917974085, -1.231479008512674 ], [ 36.914719411947175, -1.231483937866787 ], [ 36.914730099078398, -1.231500501415401 ], [ 36.914737104106052, -1.231508624316984 ], [ 36.914742851174381, -1.231510579409364 ], [ 36.914791298865417, -1.231532626733401 ], [ 36.914837352520259, -1.231559371392216 ], [ 36.914880563948515, -1.231590553109559 ], [ 36.914987863988244, -1.231676353085452 ], [ 36.915033200679225, -1.231717001718358 ], [ 36.915073707352811, -1.231762524760285 ], [ 36.915108869957528, -1.231812344500463 ], [ 36.915189270017706, -1.231941044509552 ], [ 36.915213036284108, -1.231983148725138 ], [ 36.915232977364212, -1.232027218392054 ], [ 36.915248934356377, -1.232072902339447 ], [ 36.915270205508428, -1.232143762064263 ], [ 36.915283654344869, -1.2321447936188 ], [ 36.915324876793797, -1.232149567815956 ], [ 36.915365612163946, -1.23215751979095 ], [ 36.915456812161274, -1.232179019757688 ], [ 36.915509436422845, -1.232194302549197 ], [ 36.915560247925427, -1.23221488202661 ], [ 36.915608721939179, -1.232240545666457 ], [ 36.915654357873322, -1.232271028441163 ], [ 36.915696684445784, -1.232306015555896 ], [ 36.915825384502163, -1.232423915532906 ], [ 36.915873502184517, -1.232474051305919 ], [ 36.915890076424652, -1.232493704587534 ], [ 36.915923752402755, -1.232501027785835 ], [ 36.915983802748798, -1.232521774254543 ], [ 36.916050954892206, -1.232549524118775 ], [ 36.916084560351905, -1.232550824963117 ], [ 36.916132609441391, -1.232550824947195 ], [ 36.91613719356134, -1.232549206429372 ], [ 36.916195395203957, -1.232532288606484 ], [ 36.916255115485086, -1.232522051646978 ], [ 36.916315599914867, -1.23251862488264 ], [ 36.916390699899651, -1.232518624856617 ], [ 36.916439398089373, -1.232520843726848 ], [ 36.916487697901594, -1.232527482221237 ], [ 36.91653520421464, -1.232538486033308 ], [ 36.916581528398027, -1.232553765145604 ], [ 36.916626291491738, -1.232573194566109 ], [ 36.916657960669703, -1.232588685977896 ], [ 36.917307878996716, -1.232803090835764 ], [ 36.917398081101481, -1.232824025702457 ], [ 36.917425987870935, -1.232821440921252 ], [ 36.91747639176149, -1.232804236571292 ], [ 36.917530045285609, -1.232791888583008 ], [ 36.917584670225708, -1.232785112371953 ], [ 36.917629676042232, -1.232784185071825 ], [ 36.917725904099299, -1.232742679736358 ], [ 36.917768515832151, -1.232726410301488 ], [ 36.917812340835191, -1.232713822409561 ], [ 36.917857065752912, -1.232705006066308 ], [ 36.91794906572536, -1.232690906038304 ], [ 36.917960853251181, -1.232689233309038 ], [ 36.918071315712979, -1.232674808286491 ], [ 36.918129924449012, -1.232666336796809 ], [ 36.918176181785689, -1.232658656991019 ], [ 36.918236031179084, -1.232652149897388 ], [ 36.918296228228904, -1.232652400933617 ], [ 36.918356021999742, -1.232659406968885 ], [ 36.918406421995911, -1.232668206950483 ], [ 36.918467462992901, -1.232682589417909 ], [ 36.918526431766317, -1.232704008753436 ], [ 36.918623431777831, -1.232745808720581 ], [ 36.918669498992863, -1.232768324144241 ], [ 36.918713235133758, -1.232795138588688 ], [ 36.918754245340821, -1.232826009967615 ], [ 36.918792159364592, -1.23286065956778 ], [ 36.91883075938334, -1.2328994595623 ], [ 36.918842898823307, -1.232912063287661 ], [ 36.918892598849169, -1.232965363281989 ], [ 36.918896831433031, -1.232969955292319 ], [ 36.918944048496698, -1.233021778866209 ], [ 36.91898518989963, -1.233060376165134 ], [ 36.919031635330569, -1.233109778132802 ], [ 36.919176687161738, -1.23328485498258 ], [ 36.919250748666961, -1.233294611832935 ], [ 36.919297028888131, -1.233302787888466 ], [ 36.919342425723109, -1.233314989979851 ], [ 36.919552925729832, -1.233381589904571 ], [ 36.91958451367865, -1.233392679422241 ], [ 36.919759413693534, -1.233460279361508 ], [ 36.919813360152872, -1.233484626062837 ], [ 36.91986433263979, -1.233514773362423 ], [ 36.919911717822991, -1.233550358510798 ], [ 36.920000103970622, -1.233624666406083 ], [ 36.920023962143603, -1.233625616637545 ], [ 36.920144248611599, -1.233591105267263 ], [ 36.920195197168262, -1.233579144994918 ], [ 36.920247057790341, -1.233572212747798 ], [ 36.920263033792857, -1.233571650848633 ], [ 36.920295296649421, -1.233565831844944 ], [ 36.920345632178417, -1.233561588479235 ], [ 36.920396141334827, -1.233562106595864 ], [ 36.92044638048597, -1.233567381644578 ], [ 36.920498680481131, -1.233575381625535 ], [ 36.920552747174611, -1.233586528498082 ], [ 36.920605397870283, -1.233603181916877 ], [ 36.920656080513275, -1.233625167267538 ], [ 36.920704263684016, -1.233652254029053 ], [ 36.920749442170411, -1.233684158190849 ], [ 36.920812542193161, -1.233733758176355 ], [ 36.920846487809179, -1.233762792261233 ], [ 36.921133487936729, -1.2340295922115 ], [ 36.921172307384921, -1.234069603421496 ], [ 36.921206827881122, -1.234113424601932 ], [ 36.921236682553719, -1.234160590037717 ], [ 36.921261554117706, -1.234210598472085 ], [ 36.921270633104193, -1.234234803990675 ], [ 36.921303897162979, -1.234210136354719 ], [ 36.921413597110799, -1.234135836349776 ], [ 36.921469857935513, -1.234102525837126 ], [ 36.921529706883582, -1.23407630488543 ], [ 36.921703106814093, -1.234012604848521 ], [ 36.921777907253457, -1.233991139686612 ], [ 36.92184510723127, -1.233977039667606 ], [ 36.921896759931393, -1.233968810299386 ], [ 36.921948961881185, -1.233965658117607 ], [ 36.922001221621379, -1.233967612799216 ], [ 36.922053047148545, -1.23397465594223 ], [ 36.922103950547069, -1.233986721238926 ], [ 36.922208613612334, -1.234016991782994 ], [ 36.922593327973004, -1.233855309105255 ], [ 36.922638127565349, -1.233838784836176 ], [ 36.922684203566583, -1.233826313122261 ], [ 36.922926930561601, -1.233772082955197 ], [ 36.923557369046115, -1.233563057769046 ], [ 36.923568509463763, -1.233559498405921 ], [ 36.923680759424492, -1.233524978486485 ], [ 36.923807147891907, -1.233470869640429 ], [ 36.923897822689561, -1.233415685834684 ], [ 36.923944372512572, -1.233390408634351 ], [ 36.923993159776735, -1.233369845500621 ], [ 36.924043714634628, -1.233354194467944 ], [ 36.924095550215867, -1.233343606264692 ], [ 36.92414816731597, -1.233338182861468 ], [ 36.924201059203888, -1.233337976489091 ], [ 36.924253716502157, -1.233342989135575 ], [ 36.924305632092405, -1.233353172526927 ], [ 36.924356305999211, -1.233368428592084 ], [ 36.924405250205119, -1.233388610407288 ], [ 36.924451993350537, -1.233413523611146 ], [ 36.924496085273148, -1.233442928276272 ], [ 36.924537101343283, -1.233476541220029 ], [ 36.924574646553303, -1.233514038731655 ], [ 36.924608359321809, -1.233555059689767 ], [ 36.924637914975833, -1.233599209040155 ], [ 36.924663028877674, -1.23364606160039 ], [ 36.924683459166111, -1.233695166154541 ], [ 36.924699009085728, -1.233746049798662 ], [ 36.924709528881742, -1.233798222495089 ], [ 36.92471491724227, -1.233851181791803 ], [ 36.924715122274058, -1.233904417661345 ], [ 36.924710142002226, -1.233957417412665 ], [ 36.924700024389296, -1.234009670628647 ], [ 36.924684866873335, -1.23406067408172 ], [ 36.924664815429537, -1.234109936580196 ], [ 36.924640063164397, -1.234156983698834 ], [ 36.924610848456027, -1.234201362347726 ], [ 36.924577452658411, -1.234242645135903 ], [ 36.924540197391771, -1.234280434487253 ], [ 36.924499441445207, -1.234314366469524 ], [ 36.924455577321339, -1.234344114299148 ], [ 36.924332177263942, -1.234419214288822 ], [ 36.924264260820998, -1.234454196387303 ], [ 36.924076460741837, -1.234534596353135 ], [ 36.924022990496496, -1.234554201720443 ], [ 36.923889079831362, -1.234595382802208 ], [ 36.923238630616517, -1.234811042178218 ], [ 36.923186796402717, -1.23482538702399 ], [ 36.922964513060379, -1.234875049509428 ], [ 36.922453071741742, -1.235089990905697 ], [ 36.922407254347519, -1.235106838760733 ], [ 36.92236011119833, -1.235119448250123 ], [ 36.9223120284462, -1.23512771608929 ], [ 36.922263399939411, -1.23513157455633 ], [ 36.922214623996503, -1.235130992046777 ], [ 36.922166100143599, -1.235125973332412 ], [ 36.922095300136853, -1.235115373306656 ], [ 36.922040331255054, -1.235104174251118 ], [ 36.921986816211756, -1.235087286549026 ], [ 36.921956418310252, -1.235075914146344 ], [ 36.921943949209414, -1.235084359485192 ], [ 36.921881669253509, -1.235144294146541 ], [ 36.921845707784271, -1.235175952667444 ], [ 36.921807102151, -1.235204281482126 ], [ 36.921766155704034, -1.235229057992402 ], [ 36.921723190186995, -1.235250087513007 ], [ 36.921678543208699, -1.235267204801316 ], [ 36.921529943151114, -1.235316704767249 ], [ 36.921509233775531, -1.23532314120237 ], [ 36.921349933716819, -1.235369141162578 ], [ 36.921297895414213, -1.235381393435841 ], [ 36.921244907367054, -1.235388398320431 ], [ 36.921191490565469, -1.235390086943307 ], [ 36.921138170215094, -1.235386442702102 ], [ 36.921085470573139, -1.235377501428359 ], [ 36.921033909793742, -1.23536335103509 ], [ 36.920983994833385, -1.235344130652531 ], [ 36.920937349643729, -1.235320600881753 ], [ 36.920754713071275, -1.235241566122908 ], [ 36.920734197784675, -1.2352314604116 ], [ 36.920713549845068, -1.235221632200107 ], [ 36.920710450670818, -1.235219762720815 ], [ 36.920707205347341, -1.23521816409325 ], [ 36.920687772982028, -1.235206083118992 ], [ 36.920668181578215, -1.235194265221359 ], [ 36.920665279384707, -1.235192098996771 ], [ 36.920662205369013, -1.23519018790133 ], [ 36.920644043068812, -1.235176248010427 ], [ 36.920625696876925, -1.235162554239868 ], [ 36.920533196912515, -1.235086154220034 ], [ 36.920491637881447, -1.23504800749878 ], [ 36.920454254939436, -1.23500570924684 ], [ 36.920421455204078, -1.234959720112683 ], [ 36.920396814292403, -1.234916222301053 ], [ 36.920355747399547, -1.234863534317728 ], [ 36.920327974037555, -1.234824454162047 ], [ 36.920303745327161, -1.234783053766832 ], [ 36.920283251346262, -1.234739657925115 ], [ 36.920270057323741, -1.234703847293273 ], [ 36.920253069833876, -1.234688055428618 ], [ 36.920236551213911, -1.234692794769904 ], [ 36.920181016660656, -1.234705577138853 ], [ 36.920124451861668, -1.234712388306666 ], [ 36.920067488761539, -1.234713152179328 ], [ 36.919833988720626, -1.234703852096883 ], [ 36.919786409417405, -1.234699826697811 ], [ 36.919739370773883, -1.234691578833929 ], [ 36.919693241952125, -1.234679173235354 ], [ 36.919648384973783, -1.234662707262306 ], [ 36.91960515187894, -1.234642310141076 ], [ 36.919545505458053, -1.234610853730176 ], [ 36.91952163112736, -1.234601236328642 ], [ 36.919470261089387, -1.234577320880374 ], [ 36.919421666073681, -1.234548115176518 ], [ 36.919376381975098, -1.234513941291702 ], [ 36.919289400163855, -1.234440813954487 ], [ 36.919213709028348, -1.234411558803625 ], [ 36.919139757179494, -1.234388161185243 ], [ 36.919120762767768, -1.234397936755154 ], [ 36.919070115769507, -1.234417812345923 ], [ 36.919017737217708, -1.234432451917231 ], [ 36.918964159944508, -1.234441706545445 ], [ 36.918909928976198, -1.234445482086448 ], [ 36.91885559598883, -1.234443740133317 ], [ 36.918801713696148, -1.234436498406995 ], [ 36.918748830226988, -1.234423830576059 ], [ 36.918697483549323, -1.234405865507171 ], [ 36.918623683556795, -1.234375765481816 ], [ 36.918576010415208, -1.234353540591951 ], [ 36.91853071369448, -1.234326749478399 ], [ 36.918488223815878, -1.234295646717879 ], [ 36.918448944529175, -1.234260527857408 ], [ 36.918413249076188, -1.234221726606008 ], [ 36.918381476644115, -1.234179611663654 ], [ 36.918353929142533, -1.234134583217795 ], [ 36.918330868334564, -1.234087069140658 ], [ 36.918312513349576, -1.234037520923503 ], [ 36.918299038600992, -1.233986409386432 ], [ 36.918290572128939, -1.233934220204585 ], [ 36.91828885029377, -1.233907319768091 ], [ 36.918225445795649, -1.233830790753118 ], [ 36.918193610003797, -1.233800923586842 ], [ 36.91816386844134, -1.233770744467405 ], [ 36.918152487636071, -1.233758253331769 ], [ 36.918105449540811, -1.233764395888064 ], [ 36.918087302292591, -1.233767177145042 ], [ 36.9180090852837, -1.233800913847966 ], [ 36.917980692582525, -1.233815177151868 ], [ 36.917931996087233, -1.233836688871077 ], [ 36.917881430360893, -1.233853265628185 ], [ 36.917829487700942, -1.233864746035865 ], [ 36.917776673810287, -1.233871018323775 ], [ 36.917723502873891, -1.23387202142677 ], [ 36.917713540859467, -1.233871714375127 ], [ 36.917702699410349, -1.233875455918166 ], [ 36.917652700538795, -1.23388749931164 ], [ 36.917601789069259, -1.233894693127529 ], [ 36.917410689018951, -1.233912393065681 ], [ 36.917353557239103, -1.233914619494983 ], [ 36.917296512593239, -1.233910741969708 ], [ 36.917240197016298, -1.233900804125073 ], [ 36.917041997009882, -1.23385480405278 ], [ 36.916995231850613, -1.233841692115734 ], [ 36.916334747512373, -1.233623801096241 ], [ 36.916284884360941, -1.233632348359098 ], [ 36.91622439992242, -1.233635775083548 ], [ 36.916074199891973, -1.233635775031484 ], [ 36.916053486678152, -1.233635374271482 ], [ 36.915913986653621, -1.233629974222149 ], [ 36.915866848097309, -1.23362605902841 ], [ 36.915820232099243, -1.233617999246824 ], [ 36.915774497668778, -1.233605856949533 ], [ 36.915729997025878, -1.233589725649836 ], [ 36.915633436744912, -1.233549823131947 ], [ 36.915524804958757, -1.233532867170446 ], [ 36.915471067046205, -1.233521633072436 ], [ 36.915418742898765, -1.233504956498052 ], [ 36.915368375113587, -1.233483010382606 ], [ 36.915320486000354, -1.233456022306078 ], [ 36.915275572165022, -1.2334242721331 ], [ 36.915234099360006, -1.233388089110784 ], [ 36.915196497654428, -1.233347848454392 ], [ 36.91508681614313, -1.233217790944118 ], [ 36.915062245434278, -1.233215906300096 ], [ 36.914997181313325, -1.233206876062085 ], [ 36.91493369160515, -1.23318994731137 ], [ 36.914692291616134, -1.233109447225413 ], [ 36.914643568810362, -1.233090516489548 ], [ 36.914596895187081, -1.233066928185624 ], [ 36.914552709008994, -1.23303890380699 ], [ 36.914511425181693, -1.233006706501502 ], [ 36.91447343135777, -1.232970638600432 ], [ 36.914439084296795, -1.232931038779709 ], [ 36.914408706515346, -1.232888278879677 ], [ 36.914382583258664, -1.232842760413579 ], [ 36.91436095982219, -1.232794910797305 ], [ 36.914280459905846, -1.232591110837284 ], [ 36.914265365677807, -1.232547597417151 ], [ 36.914248843276681, -1.232492556895128 ], [ 36.914236117462764, -1.232488242894834 ], [ 36.914188646623423, -1.232466823719409 ], [ 36.91414344859718, -1.232440897896229 ], [ 36.91410094447464, -1.232410706965628 ], [ 36.914061530248347, -1.232376532203998 ], [ 36.914025573123503, -1.232338692003386 ], [ 36.913891473199158, -1.232183191993109 ], [ 36.913846484143953, -1.232123055242276 ], [ 36.91373918422223, -1.231956755252082 ], [ 36.913710973395617, -1.231907574782341 ], [ 36.913688025305497, -1.23185569542407 ], [ 36.913675627354735, -1.231817286870204 ], [ 36.913633603690528, -1.231800344540216 ], [ 36.913586150404313, -1.23177546069836 ], [ 36.913541382383414, -1.231745963653109 ], [ 36.913499740860949, -1.231712144127637 ], [ 36.913461636255221, -1.2316743354474 ], [ 36.913427444124579, -1.231632910254793 ], [ 36.913397501465994, -1.231588276836489 ], [ 36.913372103393613, -1.231540875099295 ], [ 36.913351500230149, -1.231491172234434 ], [ 36.913335895039722, -1.231439658112967 ], [ 36.913309095077253, -1.23133235814139 ], [ 36.913299030582621, -1.231282141229117 ], [ 36.913293717290969, -1.23123119267939 ], [ 36.913293202585542, -1.231179966847805 ], [ 36.913297491056163, -1.231128920562716 ], [ 36.913315940432412, -1.230988622883018 ], [ 36.913293067101066, -1.230766943477994 ], [ 36.913223035932901, -1.230416880431208 ], [ 36.913215089129878, -1.230363605475269 ], [ 36.913212431470022, -1.230309799885974 ], [ 36.913212431528315, -1.230055174321734 ], [ 36.913149223006378, -1.229865548589297 ], [ 36.913142259149225, -1.229843047523821 ], [ 36.9131405657429, -1.229837125854098 ], [ 36.913027854776004, -1.229697967271139 ], [ 36.912990750073021, -1.229646214490121 ], [ 36.912959940910987, -1.229590433805003 ], [ 36.912900940964818, -1.229467033823871 ], [ 36.912879692945985, -1.229416108491185 ], [ 36.912863699997892, -1.229363272446762 ], [ 36.912853127917757, -1.229309073438001 ], [ 36.912833448269765, -1.229171437874114 ], [ 36.912810388401205, -1.229125318103101 ], [ 36.912763967678657, -1.229070012519044 ], [ 36.912633167113391, -1.228985140354004 ], [ 36.912630627126724, -1.228983482057551 ], [ 36.912451249381689, -1.228865648858669 ], [ 36.912403093241068, -1.22883650480766 ], [ 36.912391021880843, -1.228835321870863 ], [ 36.912339539577445, -1.228825117103269 ], [ 36.912189339574773, -1.228787617048549 ], [ 36.912119985015522, -1.228765196687495 ], [ 36.911985785028534, -1.228711496641145 ], [ 36.911941110551567, -1.228691206398449 ], [ 36.911898452113405, -1.22866691528128 ], [ 36.911858162481188, -1.228638824167251 ], [ 36.911820574832944, -1.228607165358379 ], [ 36.911702280131927, -1.228497950597467 ], [ 36.911544834952551, -1.22838092028339 ], [ 36.911479497950481, -1.228344667012113 ], [ 36.911433246173893, -1.228315848497762 ], [ 36.91139011609026, -1.22828248427736 ], [ 36.911350547043497, -1.228244914215691 ], [ 36.911314942102962, -1.2282035210202 ], [ 36.911081882425655, -1.227903192219896 ], [ 36.910895119725566, -1.227765238966042 ], [ 36.910889867690337, -1.227761309925614 ], [ 36.910729460594666, -1.227639781079478 ], [ 36.910609162790024, -1.227562476471557 ], [ 36.910604534043429, -1.227565136026973 ], [ 36.910555441764657, -1.227587140668123 ], [ 36.910504416339265, -1.227604115224756 ], [ 36.91045196506461, -1.227615890935522 ], [ 36.910313050116152, -1.227639832498864 ], [ 36.910216725727302, -1.227662738352539 ], [ 36.910158259337898, -1.227673257135794 ], [ 36.910098998039075, -1.227677237107354 ], [ 36.910039661477079, -1.227674629936701 ], [ 36.909932361463049, -1.227663929897835 ], [ 36.909867392924987, -1.227653387734055 ], [ 36.909804185157718, -1.227634954833746 ], [ 36.909656113362104, -1.227581714511505 ], [ 36.909420118231687, -1.227520947039907 ], [ 36.909363299772238, -1.227502895060019 ], [ 36.909308808195149, -1.227478640991341 ], [ 36.909204208214085, -1.227424940957899 ], [ 36.909154755704201, -1.22739613057592 ], [ 36.909108611469215, -1.227362212640263 ], [ 36.909004011509396, -1.227276412617631 ], [ 36.908967433126165, -1.227243509629655 ], [ 36.908933978703388, -1.227207395339091 ], [ 36.908903925406968, -1.227168368949113 ], [ 36.908877522224799, -1.227126753789197 ], [ 36.908874183936277, -1.227120256388643 ], [ 36.908874013965246, -1.227120219450072 ], [ 36.908826672003961, -1.227105230289802 ], [ 36.908780900607468, -1.227085921632639 ], [ 36.908601200635331, -1.227000121573532 ], [ 36.908563019915789, -1.226979970903051 ], [ 36.908526561472222, -1.226956813255089 ], [ 36.908456861493455, -1.226908513236709 ], [ 36.908414486801291, -1.226875924823293 ], [ 36.908375519270685, -1.22683928101986 ], [ 36.908340340405587, -1.226798940581032 ], [ 36.908309294617681, -1.226755298452599 ], [ 36.908282685854459, -1.226708781904776 ], [ 36.908270949270367, -1.226682569946617 ], [ 36.908148668738917, -1.226679616147557 ], [ 36.908125585002857, -1.226678559815545 ], [ 36.907948372646679, -1.226666614284255 ], [ 36.907845825923154, -1.22669932444068 ], [ 36.907790434762532, -1.226713785503083 ], [ 36.90773383249936, -1.226722254036152 ], [ 36.907676657207652, -1.22672463457525 ], [ 36.907619553420986, -1.226720900285394 ], [ 36.907611844696767, -1.22671998052078 ], [ 36.90756731987026, -1.226736798511623 ], [ 36.907513803983527, -1.226750915688397 ], [ 36.907459132206121, -1.226759436778639 ], [ 36.907403880586074, -1.226762272000665 ], [ 36.906986764445591, -1.226762100981807 ], [ 36.906709257347714, -1.226836960086736 ], [ 36.906561581149404, -1.226948410621126 ], [ 36.906341872119405, -1.227179096236387 ], [ 36.906303662539379, -1.227215481466837 ], [ 36.906262111063796, -1.227247944559416 ], [ 36.906217613462601, -1.227276176309756 ], [ 36.906170593567005, -1.227299907816254 ], [ 36.906121499232562, -1.227318913041313 ], [ 36.906070798073408, -1.227333010964333 ], [ 36.905554497898642, -1.227449610820162 ], [ 36.90550638255506, -1.227458192060629 ], [ 36.905457692778548, -1.227462351825381 ], [ 36.905408828799523, -1.227462055921533 ], [ 36.904786528696604, -1.227429855699162 ], [ 36.904745671980812, -1.227426168338419 ], [ 36.90470521223159, -1.227419364089377 ], [ 36.904285806100404, -1.227332200546139 ], [ 36.904081294758583, -1.227372098319997 ], [ 36.904023461132034, -1.227383686585135 ], [ 36.903854469376981, -1.227451251723516 ], [ 36.90379973659887, -1.227469784195129 ], [ 36.903743348005811, -1.227482316319787 ], [ 36.90361464796635, -1.227503716280887 ], [ 36.903550416486226, -1.227510449662966 ], [ 36.903485845949938, -1.227509402316592 ], [ 36.903206845908841, -1.227488002215897 ], [ 36.903155763145982, -1.227481602548633 ], [ 36.903105519976044, -1.227470326975747 ], [ 36.903056574733561, -1.227454278357179 ], [ 36.903009373912845, -1.22743360309413 ], [ 36.902998051803813, -1.227427288149939 ], [ 36.902977461275384, -1.22744149040161 ], [ 36.902864761222425, -1.227511190392498 ], [ 36.902818924392861, -1.227536540672497 ], [ 36.902770862180219, -1.227557299951076 ], [ 36.902721027170003, -1.227573272745676 ], [ 36.902669888641448, -1.227584308646437 ], [ 36.902617928148544, -1.227590303732617 ], [ 36.902565634985336, -1.227591201551048 ], [ 36.902513501578397, -1.227586993647796 ], [ 36.902462018849874, -1.227577719647759 ], [ 36.902411671594557, -1.227563466881419 ], [ 36.902362933914794, -1.227544369562585 ], [ 36.902316264755996, -1.227520607524459 ], [ 36.902272103584934, -1.227492404526178 ], [ 36.902230866251458, -1.227460026145809 ], [ 36.902196114793561, -1.227429899551628 ], [ 36.902168263516749, -1.227429519031048 ], [ 36.902116121555608, -1.227423671952555 ], [ 36.902064791463502, -1.227412749937251 ], [ 36.902014759630731, -1.227396856479751 ], [ 36.901966500145512, -1.22737614218275 ], [ 36.901920470301675, -1.227350803329841 ], [ 36.901877106265424, -1.227321080025608 ], [ 36.901836818942428, -1.22728725392048 ], [ 36.901799990084122, -1.227249645541834 ], [ 36.901757090107758, -1.227201345537979 ], [ 36.901723496256388, -1.22715952301345 ], [ 36.901701528362018, -1.227125826554886 ], [ 36.901670538622263, -1.227102352900464 ], [ 36.901606138647566, -1.227048752886808 ], [ 36.901567237866374, -1.22701301470967 ], [ 36.901531988550836, -1.226973625523726 ], [ 36.901500727322663, -1.226930961486111 ], [ 36.901473752718296, -1.226885430027826 ] ] ] } }
]
}
