B11,B12,B2,B3,B4,B8,NDBI,NDVI,builtup,lon,lat
1661.0,967.0,294.0,465.0,334.0,2507.0,-0.2029750496149063,0.7648715376853943,0,36.886667112279994,-1.2263351101157647
3187.0,2811.0,736.0,1056.0,1472.0,2474.0,0.12594947218894958,0.2539280354976654,0,36.90660971158745,-1.2289402244397114
1720.5,1283.5,459.0,635.5,689.5,2207.0,-0.12387014925479889,0.5239081382751465,0,36.88253486197305,-1.2210350499394595
1857.0,1323.0,367.0,569.0,532.0,2428.0,-0.13325554132461548,0.6405405402183533,0,36.88513997629699,-1.227862246098768
2537.0,1364.0,460.0,734.0,513.0,1140.0,0.3799293041229248,0.37931033968925476,0,36.905801227831745,-1.2450200680254508
3076.0,2199.0,711.0,1094.0,1404.0,2910.0,0.02773137390613556,0.3490959703922272,0,36.897446895689434,-1.227682583041944
2566.5,1639.0,465.0,702.0,700.5,2444.0,0.024448657408356667,0.5544601678848267,0,36.880019579177514,-1.212590886268736
2704.5,2021.0,529.5,773.0,909.0,2312.0,0.07824180275201797,0.43557900190353394,0,36.898165547916726,-1.2247181426043496
1565.0,916.0,265.0,410.0,322.0,2444.5,-0.2193540334701538,0.7672148942947388,0,36.87157541550679,-1.2288503929112995
1969.0,1390.0,382.0,589.0,590.0,2693.0,-0.1552981585264206,0.6405726671218872,0,36.87714497026833,-1.2255266263600573
1969.0,1424.5,515.0,711.5,833.5,2616.0,-0.1411123275756836,0.5167415738105774,0,36.87040760563743,-1.2319944964057177
1608.0,1062.0,334.0,562.0,444.0,2597.0,-0.23519618809223175,0.7079907655715942,0,36.892416330098364,-1.2082789729049623
2654.0,2430.0,886.0,1038.0,1269.0,1760.0,0.2025373876094818,0.1620997041463852,0,36.88756542756412,-1.2398996709059695
1881.0,1231.0,384.0,705.0,478.0,3771.0,-0.3343949019908905,0.7750058770179749,0,36.87651614956945,-1.2133095384960317
2431.0,2114.0,1164.0,1380.0,1592.0,2144.0,0.06273224204778671,0.1477515995502472,0,36.90804701604204,-1.220406229240576
1917.0,1036.0,358.0,583.0,428.0,3464.0,-0.2874930202960968,0.780061662197113,0,36.87849244319451,-1.2345996107296644
2244.0,1554.0,456.0,720.0,802.0,2212.0,0.007181328721344471,0.46781685948371887,0,36.908136847570454,-1.2170824626893337
2542.0,1735.5,595.5,865.5,974.0,2370.0,0.03501628711819649,0.41746410727500916,0,36.88900273201871,-1.2130400439107958
2123.5,1748.0,466.0,739.0,665.0,3152.0,-0.19495782256126404,0.6515588164329529,0,36.884780650183345,-1.2188790932575728
2909.0,2353.0,486.5,758.5,1129.0,2132.5,0.15402162075042725,0.30768051743507385,0,36.90795718451363,-1.2328029801614253
2276.0,1773.0,804.0,1046.0,1232.0,2018.0,0.06008383631706238,0.24184615910053253,0,36.889811215774415,-1.2234605012065822
2157.0,1541.5,422.0,664.5,686.5,2759.0,-0.12245728075504303,0.6015092134475708,0,36.91846747333783,-1.2167231365756859
2601.0,1541.0,428.0,762.0,660.0,3676.0,-0.17126016318798065,0.6955719590187073,0,36.91397589691723,-1.231365675706834
1627.0,1219.0,384.0,585.0,705.0,1274.0,0.12168218195438385,0.2875189483165741,0,36.87633648651262,-1.2379233772809066
3470.0,2986.0,760.0,1090.0,1484.0,2187.0,0.2267986536026001,0.1915009468793869,0,36.896728243462135,-1.229748708195419
1827.0,1172.0,439.0,661.0,628.0,2604.0,-0.1753554493188858,0.6113861203193665,0,36.875528002756916,-1.216543473518862
2251.0,1558.0,397.0,608.0,772.0,2314.0,-0.013800657354295254,0.4996759593486786,0,36.89017054188806,-1.214657011422211
2850.5,2073.0,631.0,917.0,1090.0,2338.0,0.09877613931894302,0.3640606701374054,0,36.90669954311586,-1.227862246098768
2900.0,2351.5,495.5,779.0,1396.0,2143.0,0.15010906755924225,0.21107657253742218,0,36.90804701604204,-1.2321741594625417
2489.5,1744.5,662.0,974.0,990.0,2766.5,-0.0527016744017601,0.47291362285614014,0,36.90975381508187,-1.2074704891492547
2131.5,1508.0,502.5,778.5,763.0,1996.0,0.03282858803868294,0.4469010531902313,0,36.915592864428646,-1.2243588164907018
2200.0,1608.0,416.0,610.0,519.0,2605.0,-0.08428720384836197,0.6677336692810059,0,36.91137078259328,-1.2209452184110476
2153.0,1409.0,493.0,773.0,806.0,2674.0,-0.10793453454971313,0.5367816090583801,0,36.872383899262495,-1.218519767143925
2152.0,1589.0,471.0,683.0,756.0,2349.0,-0.04376805201172829,0.5130434632301331,0,36.88037890529116,-1.2235503327349941
1862.5,1379.5,576.5,718.0,789.0,1482.5,0.11360239237546921,0.3053048551082611,0,36.88010941070593,-1.226065615530529
2614.5,2065.0,446.0,712.0,901.0,2151.0,0.09726157039403915,0.4095675051212311,0,36.916760674298004,-1.2302876973658907
2228.0,1746.0,765.0,905.5,799.0,1992.5,0.05579907447099686,0.4275479018688202,0,36.914604717616115,-1.2199570715985162
2469.0,1787.5,487.0,718.0,901.0,2203.0,0.05693493038415909,0.4194587767124176,0,36.90256729280891,-1.2345097792012525
2542.0,1896.5,599.5,907.0,738.5,3369.0,-0.13990864157676697,0.6404138803482056,0,36.90139948293956,-1.2059433531662516
2961.0,2637.0,723.0,1060.0,1318.0,2112.0,0.16735659539699554,0.23148688673973083,0,36.91110128800805,-1.2170824626893337
2384.0,1621.0,427.0,692.0,769.0,2496.0,-0.02295081876218319,0.5289433598518372,0,36.91703016888324,-1.2155553267063306
2576.0,1969.0,499.0,789.0,794.0,2529.0,0.009206660091876984,0.5221185684204102,0,36.908675836740926,-1.2529252425257027
3166.0,2752.0,518.0,808.0,1250.0,1782.0,0.27970898151397705,0.17546173930168152,0,36.91065213036599,-1.2338809585023687
2515.5,2134.0,614.0,870.5,936.0,2588.5,-0.014302507974207401,0.46886083483695984,0,36.923677701985724,-1.2271435938714723
2854.0,2071.0,582.0,908.0,1162.0,2563.0,0.05371977016329765,0.376107394695282,0,36.91334707621834,-1.227682583041944
2375.0,1625.0,499.0,778.0,778.0,2350.0,0.005291005130857229,0.5025575160980225,0,36.89250616162678,-1.2046857117684844
2777.0,2089.0,859.5,1220.0,1402.0,3136.5,-0.06079310178756714,0.3821747303009033,0,36.89304515079725,-1.2215740391099312
1883.0,1208.0,418.0,672.0,659.0,2968.0,-0.22366522252559662,0.6366142630577087,0,36.91622168512753,-1.2150163375358587
2740.0,2027.0,516.0,802.0,962.0,2610.0,0.02429906465113163,0.4613661766052246,0,36.9145148860877,-1.2292995505533593
2116.0,1243.0,394.0,652.0,510.0,4024.0,-0.3107491731643677,0.7750330567359924,0,36.87274322537615,-1.237114893525199
2071.0,1386.5,574.5,794.0,828.0,2137.5,-0.015801355242729187,0.4415781497955322,0,36.89735706416102,-1.248343834576693
2399.0,1766.0,627.5,959.5,1055.0,2578.0,-0.0359654426574707,0.4192127585411072,0,36.89996217848497,-1.210794255700497
2032.5,1395.5,537.0,853.5,716.0,2738.5,-0.14797736704349518,0.5854682326316833,0,36.895740096649604,-1.246457372480042
2352.0,1371.0,450.0,730.0,622.0,3281.0,-0.16492100059986115,0.6812708377838135,0,36.899063863200844,-1.216273978933626
1923.5,1058.5,345.5,554.0,417.0,2515.5,-0.13336336612701416,0.7156010270118713,0,36.877683959438805,-1.2216638706383431
2237.5,1783.0,492.0,763.5,867.0,2316.5,-0.017347386106848717,0.4553164839744568,0,36.91361657080358,-1.2381928718661424
1809.0,958.5,341.0,602.0,392.5,3124.5,-0.2666463851928711,0.77679842710495,0,36.89008071035965,-1.2270537623430604
2894.0,1905.0,748.0,1028.0,1149.0,2573.0,0.058715932071208954,0.38258999586105347,0,36.913167413161524,-1.2248079741327615
2989.5,2831.0,1081.0,1183.0,1215.0,2713.5,0.04839558154344559,0.3814432919025421,0,36.89852487403037,-1.2171722942177456
2680.0,1907.0,491.0,796.0,890.0,2398.5,0.05542975291609764,0.45871978998184204,0,36.90687920617269,-1.2267842677578245
2205.0,1445.0,433.5,693.0,675.0,2942.5,-0.14327342808246613,0.6268141269683838,0,36.89978251542814,-1.2116027394562046
2226.0,1432.0,435.0,700.0,750.0,2613.0,-0.0799752026796341,0.55396968126297,0,36.88037890529116,-1.2249876371895854
2473.5,1606.5,576.0,909.0,854.0,3122.5,-0.11597570031881332,0.5704765319824219,0,36.90229779822368,-1.2263351101157647
2696.0,1819.5,684.0,1021.0,1050.0,2687.5,0.00157889851834625,0.4381271004676819,0,36.9129877501047,-1.2245384795475258
2392.0,1293.0,456.0,778.0,582.0,3420.0,-0.17687542736530304,0.7091454267501831,0,36.88208570433099,-1.2225621859224627
2843.5,2307.0,605.0,874.0,1211.0,2140.5,0.14105136692523956,0.27733850479125977,0,36.903196113507796,-1.2308266865363624
2326.5,1851.5,965.0,1101.0,1326.0,1774.5,0.13460130989551544,0.14465409517288208,0,36.89430279219501,-1.2506794543154038
2656.5,2036.0,546.0,845.5,1096.0,2434.5,0.043606363236904144,0.3791247606277466,0,36.90759785839998,-1.2359470836558437
2387.0,2015.0,1000.5,1149.0,1449.0,1995.0,0.08945687115192413,0.15853658318519592,0,36.89448245525184,-1.2510387804290517
2168.5,1685.0,494.0,749.0,843.0,2450.0,-0.06095052510499954,0.4880048632621765,0,36.88487048171176,-1.2477150138778093
3223.0,2490.0,693.0,1036.0,1238.0,2810.0,0.06845682114362717,0.38833990693092346,0,36.911460614121694,-1.2330724747466613
2424.5,1657.0,480.0,753.0,927.0,2646.0,-0.04368405416607857,0.48110830783843994,0,36.908406342155686,-1.2360369151842556
3022.5,2945.0,1577.0,1787.0,2056.0,2263.5,0.14358682930469513,0.04803796857595444,0,36.90139948293956,-1.2048653748253082
2981.5,2043.5,632.0,952.5,1031.0,2789.0,0.03335932642221451,0.4602094292640686,0,36.89466211830866,-1.225885952473705
1980.0,1246.5,438.0,647.5,598.0,2608.5,-0.13697285950183868,0.6270076632499695,0,36.88010941070593,-1.214746842950623
2489.0,2058.0,1380.0,1594.0,1922.0,2393.5,0.019559651613235474,0.10925732553005219,0,36.92071326154813,-1.22013673465534
3685.0,3245.0,670.0,1040.0,1582.0,2360.0,0.21918940544128418,0.1973617523908615,0,36.91406572844564,-1.2337911269739568
2399.0,1317.0,376.0,658.0,451.0,3655.0,-0.20746614038944244,0.780321478843689,0,36.89115868870059,-1.2100756034732014
2104.0,1500.0,452.0,691.0,712.0,2384.0,-0.0623885914683342,0.5400516986846924,0,36.91783865263894,-1.223909658848642
2368.0,1844.0,710.5,982.0,1130.0,2346.5,0.004560398869216442,0.3499208986759186,0,36.898165547916726,-1.2460082148379823
2825.5,2261.5,539.0,807.5,1103.0,2004.0,0.17010042071342468,0.2899903357028961,0,36.90777752145681,-1.2305571919511265
2451.0,1639.0,458.0,744.0,753.0,2520.0,-0.013880507089197636,0.5398716926574707,0,36.898884200144025,-1.233431800860309
2577.5,2116.5,420.5,638.0,465.5,3730.0,-0.18271899223327637,0.7780956029891968,0,36.892685824683596,-1.2120518970982643
2164.0,1332.5,350.5,546.5,426.0,2856.5,-0.13793446123600006,0.7404417395591736,0,36.90121981988273,-1.2217537021667553
2651.0,1960.0,554.5,841.0,985.0,2590.0,0.011638999916613102,0.44895103573799133,0,36.92331837587207,-1.2345996107296644
2603.5,2096.0,784.5,1074.0,1259.0,2460.0,0.028340080752968788,0.3229362666606903,0,36.91783865263894,-1.239270850207086
874.5,671.5,403.0,574.0,704.0,741.0,0.08263695240020752,0.025605536997318268,0,36.87903143236498,-1.237025061996787
2538.0,1569.0,530.0,863.5,771.0,3283.0,-0.127984881401062,0.6196349263191223,0,36.915233538315,-1.21277054932556
2307.0,1478.0,459.5,782.0,825.0,3012.5,-0.1326252520084381,0.5700325965881348,0,36.88154671516052,-1.2327131486330134
2592.0,1677.0,530.0,808.0,966.0,2624.0,-0.0061349691823124886,0.4618384540081024,0,36.915053875258174,-1.2286707298544755
2336.0,1472.0,438.0,782.0,610.0,2592.0,-0.051948051899671555,0.6189881563186646,0,36.907687689928395,-1.2517574326563472
2388.0,1730.0,702.0,1005.0,1057.0,2626.5,-0.047562070190906525,0.4260893166065216,0,36.87948059000704,-1.238911524093438
2102.0,1464.0,435.0,717.0,831.0,2488.0,-0.08409585803747177,0.499246746301651,0,36.883612840313994,-1.2215740391099312
2702.5,2088.5,538.5,762.5,1041.0,1902.0,0.17385166883468628,0.29255861043930054,0,36.88585862852429,-1.2434031005140356
2266.0,1948.0,846.0,1044.0,1212.0,1836.0,0.1048269122838974,0.20472441613674164,0,36.89304515079725,-1.2486133291619288
2871.0,2088.5,589.0,895.0,1090.0,2374.0,0.09475690871477127,0.37066975235939026,0,36.90193847211003,-1.2308266865363624
2022.5,1392.5,739.5,952.5,1024.0,2225.0,-0.047675102949142456,0.3696522116661072,0,36.89690790651896,-1.2473556877641616
3523.0,3060.0,2710.0,3074.0,3094.0,3561.0,-0.005364201031625271,0.07017280161380768,0,36.89825537944514,-1.2266046047010006
3523.0,3060.0,2608.0,2900.0,3028.0,3320.0,0.029665350914001465,0.04599874094128609,0,36.89825537944514,-1.2266944362294125
2569.5,1747.0,475.0,703.5,757.0,3128.5,-0.09810459613800049,0.6103461384773254,0,36.89780622180308,-1.2243588164907018
2718.0,1907.0,708.0,982.0,1536.0,2923.0,-0.03634107485413551,0.3110562860965729,0,36.890260373416474,-1.2301080343090667
2322.0,1643.0,502.0,766.0,756.0,2820.0,-0.0968494713306427,0.5771812200546265,0,36.91729966346847,-1.2284012352692397
2627.0,1680.0,466.0,780.0,751.0,3172.0,-0.09398172050714493,0.6171297430992126,0,36.91119111953646,-1.2284910667976516
1981.5,1467.5,757.5,916.5,889.0,1942.5,0.009938837960362434,0.3720642626285553,0,36.89232649856995,-1.216633305047274
1973.5,1275.5,322.0,494.0,445.0,2124.0,-0.036729712039232254,0.6535617113113403,0,36.88451115559811,-1.2304673604227145
2579.0,1913.0,425.5,680.5,905.0,2218.0,0.0752553716301918,0.4204290807247162,0,36.88918239507553,-1.2367555674115511
2234.0,1289.0,415.5,713.5,523.5,3760.5,-0.2546500861644745,0.755602240562439,0,36.910562298837576,-1.2272334253998842
2049.0,1682.5,805.0,1090.0,1246.0,2350.0,-0.06842464208602905,0.3070077896118164,0,36.8799297476491,-1.2489726552755767
2482.0,1828.0,477.0,758.0,1038.0,2446.0,0.00730519462376833,0.4041331708431244,0,36.90481308101921,-1.227682583041944
2386.0,1645.0,360.0,590.0,506.0,2717.0,-0.06486380845308304,0.6860068440437317,0,36.90705886922951,-1.2527455794688787
2963.0,2496.0,517.5,776.0,1249.0,1965.0,0.20251622796058655,0.22277535498142242,0,36.90571139630333,-1.231545338763658
1824.0,1276.0,428.0,632.0,733.0,1751.0,0.02041958086192608,0.40982288122177124,0,36.88028907376275,-1.218160441030277
2148.0,1525.5,398.0,660.5,695.0,2941.5,-0.1559092253446579,0.6177643537521362,0,36.90139948293956,-1.2237299957918182
1995.0,1176.0,346.0,584.0,402.0,3419.0,-0.2630217969417572,0.7895838618278503,0,36.89187734092789,-1.2253469633032332
2176.0,1777.0,499.0,710.0,819.0,1708.0,0.12049433588981628,0.3518005609512329,0,36.891068857172186,-1.222202859808815
2029.0,1220.0,382.0,616.0,508.0,2744.0,-0.14980097115039825,0.6875768899917603,0,36.888104416734585,-1.2266944362294125
2406.0,1763.5,519.0,797.0,940.0,2852.5,-0.08491014689207077,0.5042847990989685,0,36.9205335984913,-1.220406229240576
2554.5,1852.0,478.0,779.5,887.0,2760.0,-0.038667794317007065,0.5135728120803833,0,36.91280808704788,-1.2309165180647743
3300.0,2821.0,562.0,885.0,1390.0,2086.0,0.2253991812467575,0.20023015141487122,0,36.915233538315,-1.2339707900307806
1895.0,1224.0,411.0,560.0,562.0,2132.0,-0.05885274335741997,0.5827765464782715,0,36.88675694380841,-1.2228316805076986
2185.0,1672.0,599.0,858.0,896.0,2562.0,-0.07941857725381851,0.48178136348724365,0,36.89367397149613,-1.227862246098768
2082.5,1711.0,543.0,782.0,773.5,2615.5,-0.11345253139734268,0.5435231924057007,0,36.91110128800805,-1.2472658562357497
2506.5,1730.0,658.5,896.0,974.0,2565.5,-0.011632491834461689,0.44963976740837097,0,36.89762655874625,-1.2153756636495066
2716.5,2269.0,675.5,999.0,1299.0,2112.5,0.12507764995098114,0.23845815658569336,0,36.912897918576284,-1.208907793603846
1556.0,935.0,375.0,585.0,432.0,3112.0,-0.3333333432674408,0.7562077045440674,0,36.89726723263261,-1.2229215120361105
2539.0,2005.0,794.0,1014.0,1340.0,2246.0,0.061233021318912506,0.252649188041687,0,36.88855357437665,-1.2067518369219592
2751.0,2068.0,654.0,924.0,1232.0,2235.0,0.10348977148532867,0.2892991006374359,0,36.8994231893145,-1.233341969331897
3430.5,3507.5,1379.0,1029.0,1116.0,1983.5,0.267270028591156,0.27988386154174805,0,36.881007725990045,-1.244570910383391
2538.0,2055.0,706.0,978.0,1310.0,2370.0,0.0342298299074173,0.28804346919059753,0,36.91253859246264,-1.2136688646096796
3093.0,2722.0,824.0,1274.0,1786.0,2210.0,0.16650952398777008,0.10610610246658325,0,36.87471951900121,-1.2381928718661424
3106.0,2948.0,1284.0,1388.0,1594.0,2041.0,0.20691664516925812,0.12297111749649048,0,36.88954172118918,-1.2417861330026205
2091.0,1091.0,344.0,622.0,420.0,3620.0,-0.2677289545536041,0.7920792102813721,0,36.89088919411536,-1.2091772881890819
2778.0,2284.0,497.0,786.0,1226.0,2292.0,0.09585798531770706,0.3030130863189697,0,36.91038263578075,-1.2309165180647743
2693.5,1945.0,531.0,796.0,1077.0,2252.0,0.08927308022975922,0.3529588580131531,0,36.90104015682591,-1.233341969331897
2792.5,2350.0,717.0,1049.0,1477.0,2134.5,0.13354982435703278,0.18205732107162476,0,36.916491179712764,-1.2391810186786738
2145.0,1218.0,339.0,564.0,496.0,2604.0,-0.09665192663669586,0.6800000071525574,0,36.88163654668893,-1.2097162773595536
2624.0,1812.0,558.0,870.0,1160.0,2795.0,-0.03155563771724701,0.4134007692337036,0,36.91020297272393,-1.2355877575421959
2453.5,1866.0,733.0,1023.0,1028.0,2877.5,-0.07953479886054993,0.47356292605400085,0,36.898165547916726,-1.244391247326567
2218.0,1556.0,368.0,596.0,526.0,2507.5,-0.06126336008310318,0.6532058715820312,0,36.89142818328583,-1.2148366744790349
2051.5,1729.5,897.0,1046.0,1284.0,1590.0,0.12673348188400269,0.10647181421518326,0,36.89502144442231,-1.2525659164120548
2411.0,1781.0,550.0,827.0,800.0,3308.0,-0.1568455994129181,0.6105160713195801,0,36.898435042501966,-1.2038772280127767
3220.0,2459.5,719.0,1047.0,1189.0,2726.0,0.08308106660842896,0.39259257912635803,0,36.88406199795605,-1.2156451582347425
2260.0,1893.0,650.0,890.0,1078.0,1948.0,0.07414449006319046,0.2875082492828369,0,36.892955319268836,-1.2323538225193655
1758.0,1391.0,459.0,665.0,787.0,1864.0,-0.029265599325299263,0.4062618017196655,0,36.874539855944384,-1.2179807779734533
2090.0,1323.0,286.0,511.0,414.0,2585.0,-0.10588235408067703,0.7239079475402832,0,36.88954172118918,-1.210614592643673
2955.0,2584.0,532.0,841.0,1354.0,1974.0,0.1990261673927307,0.18629807233810425,0,36.89978251542814,-1.2490624868039886
2221.0,1570.0,517.0,693.0,655.0,2666.0,-0.0910579115152359,0.6055405139923096,0,36.87822294860927,-1.2398996709059695
2773.0,1910.5,559.0,824.5,876.5,2700.5,0.013245638459920883,0.5099245309829712,0,36.897446895689434,-1.2291198874965352
2543.0,1899.0,610.0,883.0,996.0,2714.0,-0.03252805769443512,0.4630727767944336,0,36.90885549979775,-1.2094467827743178
3397.0,2653.0,678.0,1026.0,1510.0,2689.0,0.11633256822824478,0.2807811498641968,0,36.8904400364733,-1.2319944964057177
1568.5,1172.0,475.5,623.5,646.5,2179.5,-0.1630202829837799,0.5424628257751465,0,36.87139575244996,-1.2342402846160165
2263.0,1630.0,606.0,894.0,881.0,2534.0,-0.056493643671274185,0.4840410053730011,0,36.874270361359144,-1.2289402244397114
2157.0,1171.0,396.0,778.0,466.0,4560.0,-0.35774898529052734,0.8145642876625061,0,36.89205700398472,-1.2099857719447895
2068.0,1794.0,834.0,1011.0,1138.0,2288.0,-0.05050504952669144,0.3356684148311615,0,36.8761568234558,-1.2225621859224627
1776.5,1196.0,336.5,536.0,481.0,2430.5,-0.15545518696308136,0.6695861220359802,0,36.882175535859396,-1.225796120945293
2581.5,1631.5,493.0,808.0,877.5,3061.0,-0.0849800631403923,0.5543988943099976,0,36.91235892940581,-1.2280419091555919
1859.0,991.0,280.0,501.5,330.0,3180.0,-0.2621551752090454,0.811965823173523,0,36.88415182948446,-1.2301978658374786
2555.0,1894.0,478.0,776.0,836.0,3105.0,-0.09717314690351486,0.5757421851158142,0,36.91667084276959,-1.2179807779734533
2252.0,1486.0,400.0,678.0,697.0,2562.0,-0.06439550966024399,0.5722614526748657,0,36.8942129606666,-1.237114893525199
2334.0,1896.0,783.0,958.0,1158.0,2014.0,0.07359705865383148,0.26986128091812134,0,36.89654858040531,-1.2498709705596962
2266.0,1961.0,1176.0,1355.0,1546.0,1968.0,0.07038261741399765,0.12009106576442719,0,36.87507884511486,-1.227772414570356
2055.5,1462.5,408.5,661.0,731.0,2525.5,-0.1025976836681366,0.5510517358779907,0,36.88298401961511,-1.2138485276665034
1956.5,1163.0,453.0,633.0,534.0,2445.5,-0.11108586937189102,0.641550600528717,0,36.89609942276325,-1.2522964218268189
2248.0,1513.0,454.0,714.0,766.0,2520.0,-0.057046979665756226,0.5337796807289124,0,36.91810814722418,-1.2190587563143966
1967.5,1442.0,385.5,545.5,561.5,2223.0,-0.06097124516963959,0.5966960191726685,0,36.908406342155686,-1.2381030403377304
2214.0,1577.0,454.0,733.0,694.0,2221.0,-0.0015783540438860655,0.5238422155380249,0,36.91092162495122,-1.2496913075028724
2396.0,1659.0,572.0,786.0,908.0,2244.0,0.032758619636297226,0.4238578677177429,0,36.913706402332,-1.225796120945293
2337.5,1565.5,470.5,783.0,763.5,2996.5,-0.12354705482721329,0.5938829779624939,0,36.90858600521251,-1.23531826295696
2424.0,1523.0,464.0,751.0,778.0,2889.0,-0.08752117305994034,0.5756749510765076,0,36.912269097877406,-1.2150163375358587
2364.0,1699.0,701.5,1018.0,970.0,2979.0,-0.11510387063026428,0.5087363719940186,0,36.896997738047375,-1.2518472641847591
2444.0,1615.0,503.0,722.0,703.0,2519.0,-0.015111827291548252,0.5636250972747803,0,36.890260373416474,-1.2261554470589409
2194.0,1373.0,433.0,728.0,684.0,2388.0,-0.042339589446783066,0.5546875,0,36.91092162495122,-1.2082789729049623
1998.0,1787.0,1092.0,1364.0,1676.0,2127.0,-0.031272727996110916,0.1185905858874321,0,36.888373911319825,-1.2042365541264246
1714.5,1095.5,423.5,580.5,619.0,2314.0,-0.14881469309329987,0.577906608581543,0,36.886667112279994,-1.222202859808815
1860.0,991.0,372.0,630.0,435.0,3849.0,-0.34839725494384766,0.7969187498092651,0,36.89133835175742,-1.2042365541264246
2437.0,1768.0,450.0,726.0,736.0,2288.0,0.03153439238667488,0.5132275223731995,0,36.89223666704154,-1.2046857117684844
2593.5,1936.0,646.0,923.5,1037.0,2303.0,0.05932809039950371,0.3790419101715088,0,36.90750802687157,-1.2285808983260635
3733.0,2522.0,1452.0,1762.0,2120.0,2414.0,0.21457621455192566,0.06484340876340866,0,36.878133117080864,-1.2404386600764412
2235.5,1398.5,380.0,580.5,532.5,2787.5,-0.10989448428153992,0.6792168617248535,0,36.89439262372343,-1.2285808983260635
2105.0,1352.5,384.0,619.0,665.5,2308.0,-0.04600045457482338,0.5523793697357178,0,36.87858227472292,-1.2269639308146485
1741.5,1123.5,359.5,570.0,558.0,2554.0,-0.18915143609046936,0.6413881778717041,0,36.88091789446163,-1.2318148333488939
2509.5,1630.5,560.0,873.5,808.0,2861.0,-0.06545014679431915,0.5595530271530151,0,36.893853634552954,-1.2151960005926827
2793.5,2113.0,671.0,914.0,1134.0,2326.5,0.09121093899011612,0.34460338950157166,0,36.9107419618944,-1.237025061996787
2601.0,2364.0,689.0,951.0,1245.0,1905.0,0.15446071326732635,0.20952381193637848,0,36.907238532286335,-1.2249876371895854
1773.0,1277.0,309.0,473.0,458.0,1765.0,0.0022611645981669426,0.5879442095756531,0,36.87229406773408,-1.2249876371895854
2486.0,1874.0,414.5,671.0,976.0,2288.5,0.04136558622121811,0.4020523726940155,0,36.90526223866127,-1.2319046648773058
1969.0,1629.0,705.0,984.0,1080.0,2220.0,-0.0599188357591629,0.34545454382896423,0,36.87570766581374,-1.2188790932575728
3068.0,2388.0,678.0,960.0,1140.0,2602.0,0.08218695223331451,0.39070016145706177,0,36.89852487403037,-1.2319944964057177
2178.0,1502.5,421.0,676.5,656.5,2960.0,-0.15219929814338684,0.6369417905807495,0,36.90184864058162,-1.214387516836975
1982.0,1902.5,829.0,1038.0,1282.0,1442.5,0.15754124522209167,0.05890989303588867,0,36.89825537944514,-1.255889682963297
2222.0,1578.0,381.0,607.0,943.0,1902.0,0.0775945708155632,0.3370825946331024,0,36.90310628197938,-1.2327131486330134
1801.5,1001.0,297.0,522.5,383.0,2686.0,-0.19710306823253632,0.7504072785377502,0,36.88199587280258,-1.2250774687179975
2138.0,1607.0,664.0,990.0,1208.0,2210.0,-0.016559338197112083,0.29315388202667236,0,36.873821203717085,-1.2385521979797902
2483.0,1457.0,448.0,723.0,634.5,3406.0,-0.15673288702964783,0.6859299540519714,0,36.891248520229006,-1.2138485276665034
2579.0,1890.0,525.0,854.0,996.0,2864.0,-0.05236082896590233,0.4839378297328949,0,36.88873323743347,-1.2078298152629026
2482.5,2170.5,776.5,1160.0,1495.0,2435.0,0.009659379720687866,0.23918575048446655,0,36.88567896546746,-1.2056738585810158
2175.0,1468.5,398.5,605.0,668.5,2647.0,-0.09788469225168228,0.596742570400238,0,36.88172637821734,-1.229838539723831
1920.0,1400.0,547.0,755.5,761.5,2026.5,-0.026985937729477882,0.4537302851676941,0,36.896009591234844,-1.2513981065426993
2711.0,1823.0,462.0,798.0,736.0,3329.0,-0.10231787711381912,0.6378843784332275,0,36.91325724468994,-1.231725001820482
2168.0,1348.0,389.0,680.0,540.0,3318.0,-0.2096244990825653,0.7200621962547302,0,36.88271452502987,-1.2383725349229664
3149.0,2422.0,522.0,886.0,1114.0,2908.0,0.03978867456316948,0.44604673981666565,0,36.91613185359912,-1.2321741594625417
3059.5,2795.5,1716.0,1828.0,1818.0,2964.0,0.015854569151997566,0.23964868485927582,0,36.91712000041165,-1.2393606817354978
2092.0,1199.0,375.0,658.0,493.0,3960.0,-0.30865830183029175,0.7785762548446655,0,36.8837026718424,-1.2070213315071951
2264.0,1656.0,484.0,726.0,896.0,2231.0,0.007341490592807531,0.42692676186561584,0,36.90651988005904,-1.2542727154518818
2726.0,2158.0,488.0,768.5,994.5,2391.5,0.06536394357681274,0.412581205368042,0,36.89160784634265,-1.2380132088093185
2109.0,1792.5,898.0,1077.0,1234.0,1837.5,0.06879513710737228,0.1964838057756424,0,36.87966025306387,-1.2438522581560953
2245.0,1322.0,506.0,782.0,659.0,3498.0,-0.2181786596775055,0.6829444169998169,0,36.882894188086695,-1.2391810186786738
2647.0,1865.0,483.0,746.0,840.0,2576.0,0.013593720272183418,0.5081967115402222,0,36.8792110954218,-1.210614592643673
2416.0,1805.5,580.5,845.5,870.0,2601.5,-0.036970604211091995,0.49877575039863586,0,36.892685824683596,-1.2191485878428086
2030.5,1228.5,404.5,704.5,581.5,2856.5,-0.16901984810829163,0.66172194480896,0,36.880558568347986,-1.2213045445246955
1343.0,759.0,324.0,498.0,423.0,1995.0,-0.1953265368938446,0.6501240730285645,0,36.884331492541286,-1.2231910066213465
2626.5,1991.5,485.0,748.0,973.5,2889.0,-0.047593146562576294,0.495922327041626,0,36.9092148259114,-1.2287605613828874
2516.0,1733.0,567.5,884.0,871.0,2331.0,0.038167938590049744,0.4559650123119354,0,36.9145148860877,-1.2255266263600573
2569.5,1829.0,456.0,778.0,786.5,2937.0,-0.06673930585384369,0.5775480270385742,0,36.91586235901388,-1.2300182027806548
1564.0,1079.0,420.0,600.0,510.0,1854.0,-0.08484493941068649,0.5685279369354248,0,36.88298401961511,-1.225796120945293
2210.0,1408.0,629.0,924.0,1034.0,2179.0,0.00706311222165823,0.35636475682258606,0,36.89771639027467,-1.233252137803485
2960.5,2258.0,537.0,826.0,1083.0,2099.0,0.17027373611927032,0.3192960321903229,0,36.90858600521251,-1.2303775288943026
3429.0,3030.0,550.0,891.0,1428.0,1978.0,0.2683558464050293,0.16147974133491516,0,36.911999603292166,-1.2348691053149001
2321.0,1711.0,427.0,696.0,860.0,1947.0,0.08762886375188828,0.38724616169929504,0,36.89708756957578,-1.235138599900136
2283.0,1785.0,509.0,794.0,853.0,2284.0,-0.00021896211546845734,0.4561683237552643,0,36.91810814722418,-1.2289402244397114
2636.0,2018.0,486.0,730.0,852.0,2471.0,0.03230859711766243,0.48721036314964294,0,36.90948432049663,-1.2284012352692397
2638.0,1895.5,663.0,908.5,1069.0,2657.0,-0.003588290885090828,0.42619431018829346,0,36.9092148259114,-1.2073806576208428
1750.0,1257.0,749.0,888.0,972.0,1620.0,0.0385756678879261,0.25,0,36.89511127595072,-1.2498709705596962
2520.0,2401.0,1435.0,1752.0,2111.0,2369.0,0.030885661020874977,0.05758928507566452,0,36.88298401961511,-1.2075603206776668
2465.0,1760.0,608.0,838.0,1012.0,1959.0,0.11437612771987915,0.3187479078769684,0,36.89708756957578,-1.2310961811215981
1737.5,1133.0,353.5,566.0,436.5,2317.0,-0.1429276168346405,0.6829489469528198,0,36.88109755751846,-1.2218435336951672
3163.5,2486.0,838.0,1264.0,1234.0,3872.0,-0.10070357471704483,0.5166471004486084,0,36.8995130208429,-1.22795207762718
2152.0,1610.5,699.0,857.5,1018.5,1905.5,0.060751695185899734,0.30335158109664917,0,36.89618925429166,-1.2510387804290517
2097.5,1630.0,387.5,607.0,1037.5,1810.5,0.0734390988945961,0.2714185416698456,0,36.884600987126525,-1.2064823423367232
1814.0,1020.0,360.0,536.0,403.0,3176.0,-0.2729458808898926,0.7747974395751953,0,36.88711626992205,-1.2226520174508748
1789.0,1003.0,394.0,642.0,527.0,3022.0,-0.25628766417503357,0.7030149102210999,0,36.890260373416474,-1.2037873964843648
2223.5,1530.0,582.0,782.0,855.5,2351.0,-0.02787189930677414,0.46639639139175415,0,36.89978251542814,-1.2470861931789257
2070.0,1436.0,472.0,664.0,688.0,2366.0,-0.06672678142786026,0.5494433641433716,0,36.875977160398975,-1.2359470836558437
1495.0,878.0,284.0,437.0,362.0,2231.0,-0.1975308656692505,0.7207867503166199,0,36.87112625786473,-1.2280419091555919
2289.0,1579.0,548.0,786.0,897.0,2215.0,0.01642983965575695,0.42352184653282166,0,36.880558568347986,-1.2248079741327615
2076.0,1397.0,376.0,581.0,689.0,2438.0,-0.08019495010375977,0.5593220591545105,0,36.91667084276959,-1.216543473518862
1819.0,996.0,310.0,517.0,398.0,2535.5,-0.16454242169857025,0.728651762008667,0,36.895740096649604,-1.2029789127286572
2500.0,1576.0,554.0,907.0,889.0,2757.0,-0.04888719692826271,0.5123422741889954,0,36.91047246730916,-1.2237299957918182
2236.5,1693.0,744.5,973.5,862.0,3118.0,-0.16462787985801697,0.5668341517448425,0,36.89879436861561,-1.216633305047274
2752.5,2381.5,520.0,758.5,1056.0,2033.0,0.15035001933574677,0.31628358364105225,0,36.917479326525296,-1.2300182027806548
2303.0,1690.0,546.0,816.5,1107.0,2025.0,0.06423290073871613,0.2931034564971924,0,36.8994231893145,-1.2124112232119122
3235.0,2848.0,578.0,882.0,1350.0,2030.0,0.22886990010738373,0.20118343830108643,0,36.91253859246264,-1.2343301161444284
3188.0,2909.0,722.0,952.0,1172.0,2140.0,0.1966966986656189,0.2922705411911011,0,36.909124994382985,-1.2527455794688787
2361.0,1639.0,572.0,892.0,810.0,3044.0,-0.12636448442935944,0.5796574950218201,0,36.917479326525296,-1.2282215722124157
2646.0,2230.0,719.0,1007.0,1188.0,2564.0,0.015738964080810547,0.3667377531528473,0,36.909124994382985,-1.2528354109972906
2990.0,2448.5,573.0,885.0,1266.0,2399.0,0.10966784507036209,0.30914053320884705,0,36.90858600521251,-1.2322639909909536
1968.0,1572.0,886.0,1132.0,1292.0,2366.0,-0.09183202683925629,0.2936030626296997,0,36.88190604127416,-1.2170824626893337
2413.0,2024.0,805.0,1086.0,1243.0,2295.0,0.02506372146308422,0.2973431348800659,0,36.88612812310952,-1.2054043639957799
2266.0,1373.0,417.0,652.0,539.0,2832.0,-0.1110239326953888,0.6802135705947876,0,36.90193847211003,-1.2231910066213465
2846.5,2095.0,581.5,853.0,1128.0,2187.5,0.13090981543064117,0.31955963373184204,0,36.90660971158745,-1.2272334253998842
2266.0,1489.5,513.0,845.5,750.0,3222.5,-0.17427347600460052,0.6224040389060974,0,36.90355543962144,-1.2536438947529982
1878.0,1183.0,425.0,708.0,654.0,2720.0,-0.18312309682369232,0.6123296022415161,0,36.89753672721784,-1.2357674205990197
2969.0,2822.0,621.0,778.0,1332.0,1896.0,0.22055497765541077,0.17472119629383087,0,36.88253486197305,-1.2455590571959225
1944.5,1263.0,307.5,519.0,420.5,2586.0,-0.14159585535526276,0.7202727198600769,0,36.88127722057528,-1.2228316805076986
3284.0,2714.0,558.0,852.0,1368.0,2035.0,0.23481857776641846,0.1960035264492035,0,36.8995130208429,-1.2324436540477774
1762.0,1108.0,391.0,580.0,488.0,2400.0,-0.15329168736934662,0.6620498895645142,0,36.88801458520618,-1.2306470234795384
2728.5,2121.0,649.5,904.0,1047.0,1966.0,0.16242411732673645,0.3050116300582886,0,36.896279085820076,-1.2308266865363624
2322.5,1539.5,465.0,752.5,668.5,2805.5,-0.09418876469135284,0.6151410341262817,0,36.91945562015036,-1.2160943158768023
2171.0,1940.0,905.0,1164.0,1476.0,1998.0,0.04149676114320755,0.15025906264781952,0,36.88774509062094,-1.22013673465534
2290.0,1610.0,728.0,930.0,984.0,2635.0,-0.07005076110363007,0.4562033712863922,0,36.898165547916726,-1.2485234976335169
2750.5,1867.0,506.5,853.0,812.0,3361.5,-0.09996727854013443,0.6108781695365906,0,36.914604717616115,-1.2303775288943026
2092.5,1204.0,410.5,680.0,497.5,3694.0,-0.2767648696899414,0.7626147866249084,0,36.90562156477492,-1.2270537623430604
2552.0,1777.0,460.0,742.0,734.0,2763.0,-0.03969896584749222,0.5802116394042969,0,36.912448760934225,-1.2160044843483901
2288.0,1738.0,415.0,696.0,824.0,2712.0,-0.08479999750852585,0.5339366793632507,0,36.919635283207185,-1.220316397712164
2465.0,1630.0,562.0,860.0,954.0,2503.0,-0.0076489532366395,0.44807636737823486,0,36.91667084276959,-1.2139383591949153
1807.0,1277.0,401.5,629.5,545.0,2648.0,-0.1887766569852829,0.6586282253265381,0,36.88109755751846,-1.222292691337227
2157.5,1335.5,332.0,582.0,412.5,3362.0,-0.21822628378868103,0.7814279794692993,0,36.91262842399105,-1.2098959404163776
2775.0,1843.0,525.0,790.0,886.0,2801.0,-0.004662840627133846,0.5193924307823181,0,36.913706402332,-1.2310961811215981
2807.0,2309.5,556.0,801.5,1172.0,1881.0,0.19752559065818787,0.23223058879375458,0,36.90346560809303,-1.2306470234795384
2256.0,1343.0,408.0,681.0,518.0,3399.0,-0.2021220177412033,0.7355118989944458,0,36.8994231893145,-1.235138599900136
2064.0,1392.0,638.0,843.0,866.0,2203.0,-0.0325755812227726,0.43564680218696594,0,36.88127722057528,-1.2141180222517394
2237.5,1873.5,590.5,840.0,993.0,2130.0,0.024613622575998306,0.3640730082988739,0,36.8904400364733,-1.2217537021667553
2352.5,1792.5,437.5,651.5,753.0,2405.5,-0.01113913394510746,0.5231913924217224,0,36.896728243462135,-1.2274130884567083
2179.0,1404.5,434.0,729.0,690.0,3250.0,-0.19727389514446259,0.6497461795806885,0,36.908675836740926,-1.2358572521274316
2240.0,1744.0,503.0,756.0,825.0,2317.0,-0.016897082328796387,0.47485679388046265,0,36.8761568234558,-1.227772414570356
3333.5,3064.5,623.0,931.0,1446.0,1931.0,0.2664070725440979,0.1436185985803604,0,36.91379623386041,-1.235497926013784
2372.0,1424.0,391.0,706.0,599.0,2702.0,-0.06503744423389435,0.637079656124115,0,36.8761568234558,-1.2204960607689879
2217.0,1585.0,672.0,756.0,620.0,2665.0,-0.09176567196846008,0.6225266456604004,0,36.89223666704154,-1.2080993098481385
2344.5,1461.0,486.0,726.0,673.0,2865.5,-0.10000000149011612,0.6196128129959106,0,36.90086049376909,-1.2218435336951672
2391.5,1824.0,421.5,670.0,998.0,1888.0,0.11765392869710922,0.30838531255722046,0,36.88037890529116,-1.2093569512459057
1955.5,1752.0,644.0,860.5,973.0,1701.0,0.06960207968950272,0.27225130796432495,0,36.893134982325655,-1.2275029199851202
2053.0,1594.0,422.0,623.0,618.0,2286.0,-0.053699009120464325,0.5743801593780518,0,36.87130592092155,-1.2229215120361105
1930.5,1496.0,479.5,606.0,618.0,1881.5,0.012854144908487797,0.5055010914802551,0,36.92322854434366,-1.2285808983260635
1671.0,898.0,273.0,500.0,361.0,2004.0,-0.0906122475862503,0.6947146058082581,0,36.88307385114352,-1.2232808381497584
2598.0,1658.0,466.0,791.0,770.0,3440.0,-0.13945014774799347,0.6342042684555054,0,36.911999603292166,-1.2282215722124157
3124.0,2660.0,602.0,944.0,1142.0,2774.0,0.0593421496450901,0.41675180196762085,0,36.90607072241698,-1.2304673604227145
2771.0,2062.0,574.0,828.0,804.0,2990.0,-0.038014233112335205,0.5761728882789612,0,36.90229779822368,-1.2065721738651354
3218.5,2543.0,676.5,997.5,1294.0,2309.0,0.16454093158245087,0.2817097008228302,0,36.898435042501966,-1.2311860126500103
2223.0,1596.0,558.0,858.0,784.0,3194.0,-0.17925050854682922,0.6058320999145508,0,36.87256356231932,-1.2398996709059695
2122.0,1271.0,317.0,493.0,459.0,2750.0,-0.12889984250068665,0.7139295935630798,0,36.87822294860927,-1.2135790330812675
1964.0,1491.0,1125.0,1186.0,1200.0,1964.5,-0.00012727503781206906,0.2415863424539566,0,36.87480935052962,-1.2228316805076986
2870.0,2103.0,672.0,999.0,1090.0,2442.0,0.08057229220867157,0.38278594613075256,0,36.89726723263261,-1.2320843279341296
1932.0,1384.0,396.0,599.0,534.0,2513.0,-0.13070866465568542,0.6494913101196289,0,36.89178750939948,-1.2387318610366143
2331.0,1701.0,451.0,701.0,826.0,2161.0,0.037845056504011154,0.4469367265701294,0,36.89690790651896,-1.2357674205990197
2266.0,1961.0,956.0,1136.0,1286.0,1620.0,0.16623777151107788,0.11493461579084396,0,36.87516867664327,-1.227592751513532
2438.0,1621.0,564.0,828.5,941.0,2440.5,-0.0005124526214785874,0.4434422552585602,0,36.90139948293956,-1.210884087228909
2756.0,2175.0,644.0,950.0,1042.0,2881.0,-0.022174915298819542,0.46877390146255493,0,36.911011456479635,-1.2359470836558437
1842.0,1028.0,350.0,610.0,439.0,3401.0,-0.29734885692596436,0.7713541388511658,0,36.885229807825404,-1.2261554470589409
2187.0,1277.0,420.0,763.0,549.0,3279.0,-0.19978046417236328,0.7131661176681519,0,36.88801458520618,-1.237114893525199
2096.0,1637.0,806.0,1000.0,1073.0,2350.0,-0.057130005210638046,0.3730645775794983,0,36.8904400364733,-1.2117824025130286
2153.0,1340.0,388.0,613.0,503.0,2940.0,-0.15452581644058228,0.7078129649162292,0,36.89771639027467,-1.2223825228656389
2577.5,2148.0,877.0,1021.5,969.0,2596.0,-0.003575915703549981,0.45638149976730347,0,36.8859484600527,-1.2364860728263154
1925.5,1554.0,642.0,956.0,1042.0,2023.5,-0.02481640875339508,0.3201761543750763,0,36.882445030444636,-1.2093569512459057
2173.0,1403.0,429.0,656.0,561.0,2947.0,-0.15117187798023224,0.6801596283912659,0,36.91424539150247,-1.2230113435645225
2046.5,1140.0,327.0,565.5,424.5,3095.0,-0.20392881333827972,0.7587725520133972,0,36.877863622495624,-1.2213943760531074
1513.0,937.0,312.0,481.0,433.0,1833.0,-0.09563658386468887,0.6178287863731384,0,36.88549930241064,-1.231455507235246
2040.0,1223.5,471.5,733.0,682.0,2594.0,-0.1195511445403099,0.583638608455658,0,36.893134982325655,-1.2348691053149001
3080.0,2288.0,588.0,938.0,1004.0,2828.0,0.04265403002500534,0.4759916365146637,0,36.899333357786084,-1.2324436540477774
2210.0,1798.0,552.0,764.0,836.0,2398.0,-0.0407986119389534,0.4829931855201721,0,36.889362058132356,-1.2223825228656389
2290.0,1397.0,442.0,732.0,619.0,3352.0,-0.18823112547397614,0.6882397532463074,0,36.91442505455929,-1.2149265060074468
2517.0,1877.0,536.0,802.0,934.0,2414.0,0.020888257771730423,0.44205495715141296,0,36.879570421535455,-1.2131298754392077
3028.0,2239.0,690.0,981.5,1217.0,2211.0,0.1559457927942276,0.2899650037288666,0,36.89879436861561,-1.2302876973658907
2477.5,1663.0,587.0,933.0,961.5,3114.5,-0.11391273140907288,0.5282139182090759,0,36.91047246730916,-1.207111163035607
1973.0,1030.0,373.0,756.0,456.0,4100.0,-0.35023877024650574,0.7998244166374207,0,36.892146835513124,-1.2098959404163776
2249.0,1602.5,515.0,722.0,892.5,2873.0,-0.12182740867137909,0.5259593725204468,0,36.902657124337324,-1.2242689849622899
2064.0,1218.0,422.0,689.0,581.0,3225.0,-0.2195121943950653,0.6946926116943359,0,36.872833056904554,-1.2384623664513783
1893.0,1426.0,555.5,770.5,983.0,1720.5,0.04773765057325363,0.2727945148944855,0,36.88927222660394,-1.233521632388721
2333.5,2062.0,787.0,1072.0,1278.0,1798.5,0.12947724759578705,0.16918575763702393,0,36.905980890888564,-1.222292691337227
2402.0,1674.0,471.0,802.0,900.0,2543.0,-0.028513649478554726,0.47720012068748474,0,36.88127722057528,-1.210704424172085
1966.5,1840.5,1062.0,1287.0,1446.0,1940.5,0.006654722150415182,0.14602096378803253,0,36.88154671516052,-1.2487929922187528
2511.5,1834.5,553.0,814.5,889.5,2161.5,0.07489835470914841,0.4169124960899353,0,36.914604717616115,-1.2254367948316451
2496.0,2260.0,643.0,924.0,1368.0,2006.0,0.10884051769971848,0.18909306824207306,0,36.89178750939948,-1.2186994302007488
2562.0,1861.0,543.0,932.0,1002.0,2895.0,-0.06102253869175911,0.4857582747936249,0,36.91092162495122,-1.2072908260924309
2524.0,1923.0,565.5,833.5,859.0,3007.0,-0.08732598274946213,0.5556130409240723,0,36.90589105936016,-1.2058535216378397
2506.0,1601.0,498.0,766.5,711.0,3258.0,-0.13046495616436005,0.6417233347892761,0,36.90786735298522,-1.2264249416441768
2479.0,1890.0,539.0,850.0,1129.0,2475.5,0.0007064284873194993,0.3735608160495758,0,36.92134208224701,-1.2398996709059695
2376.5,1407.5,410.5,685.0,604.5,3512.0,-0.19283348321914673,0.7063038945198059,0,36.914155559974056,-1.2307368550079505
2536.0,1596.5,504.0,732.5,737.5,2632.5,-0.018670793622732162,0.562314510345459,0,36.881187389046865,-1.20908745666067
1873.0,1402.0,562.0,820.0,728.0,2738.0,-0.18759487569332123,0.5799192190170288,0,36.9009503252975,-1.242504785229916
2123.0,1233.0,437.0,684.0,517.0,3585.0,-0.25613173842430115,0.7479278445243835,0,36.89762655874625,-1.2337012954455449
2377.0,1667.0,542.0,785.0,785.0,3380.0,-0.1742226928472519,0.6230491995811462,0,36.90607072241698,-1.2398098393775576
2725.5,2326.5,985.5,1256.0,1471.0,2512.5,0.04066437482833862,0.2614535093307495,0,36.900770662240674,-1.2416963014742086
2809.5,2170.0,591.0,859.5,1128.0,1956.0,0.17909978330135345,0.2684824764728546,0,36.90831651062728,-1.2301080343090667
2510.5,1923.0,447.5,626.0,801.5,2371.5,0.028471937403082848,0.4947998821735382,0,36.88567896546746,-1.2159146528199782
2845.0,2528.5,819.0,1078.0,1081.0,2444.0,0.07581773400306702,0.3866666555404663,0,36.901489314467966,-1.205224700938956
2826.0,1893.0,572.0,916.0,950.0,2972.0,-0.02518109604716301,0.5155532956123352,0,36.89609942276325,-1.2256164578884692
2324.0,1549.0,440.0,714.0,754.0,2292.0,0.006932409014552832,0.504924476146698,0,36.892416330098364,-1.2350487683717242
2285.0,1702.0,481.0,785.0,747.0,2379.0,-0.020154373720288277,0.5220729112625122,0,36.907418195343155,-1.2518472641847591
2209.0,1640.0,714.0,926.0,818.0,2567.0,-0.07495812326669693,0.516691267490387,0,36.89376380302454,-1.2382827033945545
2852.0,2204.0,556.0,808.0,1238.0,2102.0,0.15139281749725342,0.25868263840675354,0,36.90732836381475,-1.2308266865363624
2579.0,1906.0,568.0,840.0,881.0,3355.0,-0.13077183067798615,0.5840415358543396,0,36.899333357786084,-1.2082789729049623
2219.0,1308.0,404.0,653.0,526.0,2874.0,-0.12860789895057678,0.6905882358551025,0,36.90885549979775,-1.2498709705596962
1884.0,1117.0,287.0,460.0,436.0,2484.0,-0.13736264407634735,0.7013698816299438,0,36.88415182948446,-1.207200994564019
1915.5,1087.5,364.5,616.5,461.5,3381.0,-0.27669215202331543,0.7597917914390564,0,36.89187734092789,-1.2037873964843648
2968.0,2447.0,549.0,824.0,1284.0,2088.0,0.17405062913894653,0.23843416571617126,0,36.90894533132616,-1.2343301161444284
3414.0,2880.0,1062.0,1458.0,1924.0,2840.0,0.09178125858306885,0.19227540493011475,0,36.91011314119552,-1.2380132088093185
1958.0,1275.0,571.0,720.0,836.0,2245.0,-0.06828455626964569,0.457319051027298,0,36.91514370678659,-1.2156451582347425
2152.0,1103.0,313.0,565.0,406.0,3912.0,-0.2902374565601349,0.8119499683380127,0,36.89088919411536,-1.2098061088879655
2121.0,1501.0,530.0,813.0,794.0,2843.0,-0.14544722437858582,0.5633764266967773,0,36.8754381712285,-1.2256164578884692
2333.0,1462.0,428.0,730.0,674.0,2808.0,-0.09239447861909866,0.6128661632537842,0,36.900770662240674,-1.2349589368433123
1853.0,1214.5,321.0,547.0,391.0,2424.5,-0.13360607624053955,0.722251832485199,0,36.87876193777974,-1.218519767143925
2490.0,1843.0,434.0,683.0,769.0,2445.0,0.009118541143834591,0.5214685797691345,0,36.90211813516685,-1.233431800860309
3072.5,2310.0,810.5,1157.0,1494.0,2618.5,0.07977508008480072,0.2734346389770508,0,36.905531733246505,-1.210614592643673
2005.5,1498.0,488.0,768.0,953.0,2269.5,-0.061754386872053146,0.4085337519645691,0,36.88091789446163,-1.2291198874965352
2447.0,1396.0,407.0,682.0,570.0,3508.0,-0.1781696081161499,0.7204511761665344,0,36.89088919411536,-1.2102552665300252
1822.0,1007.0,326.0,621.0,420.0,2878.0,-0.2246808558702469,0.7453001737594604,0,36.88298401961511,-1.2242689849622899
2459.0,2516.0,1092.0,1548.0,1746.0,2545.0,-0.017186250537633896,0.18620368838310242,0,36.873372046075026,-1.2378335457524947
2311.0,2185.0,1010.0,1202.0,1428.0,1642.0,0.16923855245113373,0.06970684230327606,0,36.88199587280258,-1.2402589970196174
2029.0,1618.0,670.0,902.0,964.0,2236.0,-0.0485345833003521,0.39750000834465027,0,36.883882334899226,-1.2186095986723369
2175.0,1525.0,435.0,728.0,612.0,3059.0,-0.1688956767320633,0.6665758490562439,0,36.89520110747913,-1.2045958802400722
2362.0,1472.0,466.5,712.0,715.5,2520.5,-0.03246287629008293,0.5577874183654785,0,36.89798588485991,-1.2156451582347425
2345.0,2125.5,1004.0,1227.0,1461.0,1845.0,0.1193317398428917,0.11615245044231415,0,36.88298401961511,-1.2091772881890819
2618.5,1761.5,614.0,957.5,915.5,3101.0,-0.0843605175614357,0.5441304445266724,0,36.900321504598615,-1.221933365223579
2654.0,1920.0,572.0,884.0,946.0,2839.0,-0.03367922827601433,0.5001320838928223,0,36.91685050582641,-1.2243588164907018
2054.5,1505.0,524.0,702.5,762.0,2115.0,-0.014510133303701878,0.47028154134750366,0,36.91990477779242,-1.2216638706383431
2926.5,2584.0,1025.0,1184.0,1390.0,1812.0,0.23520101606845856,0.13179263472557068,0,36.90966398355346,-1.2372945565820228
1869.0,1257.0,396.0,632.0,579.0,2363.0,-0.11672967672348022,0.6063902378082275,0,36.876695812626274,-1.214746842950623
2483.0,1624.0,502.0,830.0,726.0,2670.0,-0.03628953918814659,0.5724381804466248,0,36.90687920617269,-1.252116758769995
1939.0,1313.0,406.0,619.0,705.0,2050.0,-0.027826523408293724,0.4882032573223114,0,36.892416330098364,-1.2382827033945545
2633.0,2068.0,682.0,965.0,1100.0,2313.0,0.06469874829053879,0.3554058074951172,0,36.91487421220135,-1.2346894422580763
2193.0,1347.0,500.0,778.0,726.0,2699.0,-0.10343417525291443,0.5760583877563477,0,36.911280951064875,-1.2102552665300252
2504.5,1833.0,755.0,1031.0,987.5,2822.0,-0.059607621282339096,0.48155924677848816,0,36.92017427237766,-1.2207655553542238
1897.0,1295.0,421.0,692.0,618.0,2630.0,-0.16191738843917847,0.6194581389427185,0,36.873372046075026,-1.2223825228656389
2293.0,1654.0,398.0,653.0,756.0,2342.0,-0.010571736842393875,0.5119431614875793,0,36.8964587488769,-1.2357674205990197
2410.0,1881.0,668.5,917.0,1003.0,2926.0,-0.09670165181159973,0.4894375205039978,0,36.90804701604204,-1.2378335457524947
3329.0,2809.0,596.0,954.0,1416.0,2324.0,0.17778171598911285,0.24278074502944946,0,36.91352673927517,-1.233611463917133
2192.0,1785.0,338.0,522.0,514.0,2698.0,-0.10347647964954376,0.6799501776695251,0,36.88397216642764,-1.2189689247859847
2834.0,2405.0,1034.0,1310.0,1560.0,2556.0,0.051576994359493256,0.24198250472545624,0,36.90193847211003,-1.2413369753605608
2333.0,2121.5,823.5,1027.0,1211.0,2469.0,-0.028321532532572746,0.34184783697128296,0,36.88801458520618,-1.2175316203313935
3069.0,2814.5,692.0,963.5,1312.0,2189.0,0.16736401617527008,0.2504998445510864,0,36.914155559974056,-1.2361267467126675
2034.0,1313.0,356.0,618.0,664.5,2311.5,-0.06385916471481323,0.5534273982048035,0,36.893404476910895,-1.2358572521274316
2832.0,2177.0,569.0,864.5,1142.0,2020.0,0.16735367476940155,0.27767235040664673,0,36.90804701604204,-1.229658876667007
2031.0,1821.0,1146.0,1384.0,1510.0,1744.0,0.07602649182081223,0.07191149145364761,0,36.872383899262495,-1.2292995505533593
2103.0,1569.0,626.0,944.0,916.0,2880.0,-0.15593016147613525,0.5173867344856262,0,36.88945188966077,-1.2237299957918182
2207.0,1509.5,466.5,715.0,607.5,3322.0,-0.20166395604610443,0.6908003687858582,0,36.90544190171809,-1.2061230162230756
2448.0,2155.0,930.0,1160.0,1432.0,2363.0,0.017667844891548157,0.2453227937221527,0,36.90104015682591,-1.2358572521274316
2224.0,1916.0,637.0,828.0,1006.0,1853.0,0.09099828451871872,0.2962574362754822,0,36.89097902564377,-1.2318148333488939
2579.5,1922.0,568.0,835.5,992.0,2428.0,0.03025461733341217,0.41988304257392883,0,36.91640134818435,-1.2273232569282961
2168.0,1600.0,406.0,617.0,594.0,2600.0,-0.0906040295958519,0.6280525922775269,0,36.919365788621946,-1.216633305047274
2876.0,2436.0,517.0,789.5,1359.0,2006.0,0.17820565402507782,0.19227340817451477,0,36.907418195343155,-1.2321741594625417
1898.0,1396.0,428.0,689.0,714.0,2157.0,-0.06387176364660263,0.5026123523712158,0,36.8904400364733,-1.2084586359617864
2359.0,1740.0,686.0,963.0,1018.0,2535.0,-0.03596240282058716,0.42696312069892883,0,36.874270361359144,-1.2292097190249471
2534.5,1690.5,483.0,756.0,909.0,2230.0,0.06391017138957977,0.42083466053009033,0,36.90310628197938,-1.2253469633032332
1862.5,1119.0,304.5,529.0,386.5,2502.0,-0.14652308821678162,0.7323870658874512,0,36.89061969953012,-1.2116925709846165
3462.0,4041.0,1996.0,1536.0,1470.0,2406.0,0.17995910346508026,0.2414860725402832,0,36.879300926950215,-1.2419657960594443
2587.0,2102.0,462.0,749.0,828.0,2691.0,-0.019704433158040047,0.529411792755127,0,36.90822667909887,-1.2531947371109384
1872.0,1370.5,456.0,664.0,697.0,1924.0,-0.013698630034923553,0.46814194321632385,0,36.89412312913819,-1.2236401642634063
2236.0,1699.0,488.0,736.0,794.0,2686.0,-0.09142624586820602,0.5436781644821167,0,36.91945562015036,-1.2194180824280445
1961.0,1146.0,535.0,794.0,736.0,3011.0,-0.2111826241016388,0.6071524024009705,0,36.88316368267193,-1.2293893820817712
2515.0,1889.0,624.0,886.0,1052.0,2774.0,-0.048969559371471405,0.45007839798927307,0,36.91235892940581,-1.2133993700244436
2003.5,1601.5,776.5,967.0,1128.0,2046.5,-0.01061728410422802,0.2893368899822235,0,36.89439262372343,-1.2486133291619288
1801.0,1132.5,346.0,593.0,550.0,2590.0,-0.17968572676181793,0.6496815085411072,0,36.87489918205803,-1.2217537021667553
2179.0,1475.0,488.0,748.0,646.0,2823.0,-0.12874850630760193,0.6275583505630493,0,36.89609942276325,-1.2284910667976516
2035.5,1495.5,377.0,597.5,611.0,2528.5,-0.10801928490400314,0.6107660531997681,0,36.87804328555245,-1.2251673002464094
2096.5,1331.0,409.0,648.5,585.0,3016.0,-0.17985330522060394,0.6750902533531189,0,36.9047232494908,-1.2270537623430604
2619.5,2233.5,909.5,1223.0,1475.0,2421.0,0.039381012320518494,0.2428131401538849,0,36.9009503252975,-1.2062128477514875
2271.0,1728.0,506.0,764.0,811.0,2474.0,-0.04278187453746796,0.5062404870986938,0,36.91496404372976,-1.2209452184110476
1973.0,1744.0,928.0,972.0,983.0,1684.0,0.07902652770280838,0.2628421485424042,0,36.913886065388816,-1.2236401642634063
1903.5,1412.5,506.0,793.0,843.5,2274.5,-0.08879847079515457,0.4589480459690094,0,36.88549930241064,-1.2492421498608126
2074.5,1575.0,441.0,610.0,540.0,2343.5,-0.060887280851602554,0.6254552006721497,0,36.88181620974575,-1.2386420295082021
1340.5,827.5,336.0,467.5,462.5,1608.5,-0.09087826311588287,0.553355872631073,0,36.89475194983707,-1.2381030403377304
2464.0,1709.0,518.0,790.0,840.0,2366.0,0.02028985507786274,0.47598254680633545,0,36.89205700398472,-1.2046857117684844
1954.0,1110.5,336.5,563.0,482.0,3436.0,-0.27495360374450684,0.7539560794830322,0,36.89367397149613,-1.235138599900136
2616.5,1917.5,510.0,760.0,1044.0,2086.0,0.1128123328089714,0.3329073488712311,0,36.90238762975209,-1.2328029801614253
2788.5,2306.5,483.0,794.5,1369.0,1889.0,0.1923035830259323,0.15960712730884552,0,36.90885549979775,-1.233431800860309
2250.0,1125.0,342.0,604.0,363.0,4640.0,-0.3468795418739319,0.854887068271637,0,36.89133835175742,-1.2097162773595536
3071.0,2128.0,700.0,1070.0,1148.0,3253.0,-0.028779253363609314,0.47830039262771606,0,36.91110128800805,-1.2252571317748213
1765.0,970.0,317.0,575.0,373.0,2592.0,-0.18980950117111206,0.7483980059623718,0,36.88352300878558,-1.2291198874965352
2112.0,1286.5,361.5,619.0,578.5,3136.0,-0.19512194395065308,0.6885179877281189,0,36.87516867664327,-1.2212147129962834
1731.5,1218.0,484.5,691.0,702.5,2010.5,-0.07455906271934509,0.48212310671806335,0,36.888194248263,-1.2489726552755767
2208.0,1421.0,393.0,650.5,750.0,2326.0,-0.02602558396756649,0.5123537182807922,0,36.89412312913819,-1.2345097792012525
2824.0,2102.0,608.5,900.0,1157.0,2352.5,0.09108471125364304,0.34064680337905884,0,36.909124994382985,-1.231455507235246
2404.0,1586.0,545.0,830.0,874.0,2605.0,-0.040127769112586975,0.49755677580833435,0,36.87561783428533,-1.2359470836558437
2311.0,1991.0,714.0,1020.0,1312.0,1808.0,0.12211702018976212,0.15897436439990997,0,36.873821203717085,-1.2231011750929344
2301.5,1615.5,487.0,783.5,834.5,2836.0,-0.10403893142938614,0.5452935695648193,0,36.878133117080864,-1.2211248814678715
1930.5,1651.5,1113.0,1309.0,1589.0,2006.5,-0.01930403895676136,0.11611736565828323,0,36.87400086677391,-1.2292995505533593
2810.0,2552.0,571.0,884.0,1316.0,1741.0,0.23489342629909515,0.13902518153190613,0,36.913167413161524,-1.2175316203313935
1698.0,1363.0,659.0,810.5,852.0,1352.0,0.11344262212514877,0.22686025500297546,0,36.902657124337324,-1.2402589970196174
2358.0,1671.0,466.0,781.0,608.0,3284.0,-0.1641262024641037,0.6875642538070679,0,36.89205700398472,-1.2242689849622899
1653.0,1124.5,540.0,739.0,798.0,1880.0,-0.06425134092569351,0.4040328562259674,0,36.899063863200844,-1.2429539428719758
2349.0,1558.5,423.0,696.5,747.5,2886.0,-0.1025787964463234,0.5885509848594666,0,36.886936606865234,-1.222113028280403
2627.0,2110.0,796.0,1086.0,1210.0,2939.0,-0.05605461820960045,0.4167269170284271,0,36.90121981988273,-1.207111163035607
2515.0,1869.0,568.0,833.0,885.0,3032.0,-0.09320353716611862,0.5481235384941101,0,36.89762655874625,-1.2283114037408276
2463.5,1818.5,484.0,758.0,824.5,2470.5,-0.0014187272172421217,0.49954476952552795,0,36.92143191377542,-1.2394505132639098
2454.5,2004.5,417.5,607.0,758.0,1906.0,0.12578833103179932,0.4309309422969818,0,36.886038291581116,-1.2440319212129194
1983.0,1292.0,424.0,673.0,668.0,2518.0,-0.11886247247457504,0.5806654095649719,0,36.89798588485991,-1.2347792737864882
2723.0,1801.0,562.0,894.0,1006.0,2940.0,-0.03831891342997551,0.49011656641960144,0,36.91280808704788,-1.22795207762718
3975.0,3975.0,1674.0,1992.0,2292.0,2525.0,0.2230769246816635,0.0483703538775444,0,36.8844213240697,-1.2413369753605608
2234.0,1289.0,422.0,723.0,594.0,3380.0,-0.20413252711296082,0.7010568976402283,0,36.91047246730916,-1.2272334253998842
2199.0,1676.5,452.5,616.5,833.0,2392.0,-0.042038772255182266,0.48341086506843567,0,36.888823068961884,-1.227862246098768
2319.0,1825.0,425.0,618.0,848.0,2164.0,0.03457506000995636,0.4369190037250519,0,36.92062343001972,-1.2180706095018652
2535.0,1820.0,584.0,840.0,1012.0,2495.5,0.007852102629840374,0.4229508340358734,0,36.89969268389973,-1.2148366744790349
2753.0,2474.0,762.0,944.0,1410.0,2342.0,0.08066732436418533,0.24840085208415985,0,36.89035020494489,-1.2079196467913145
2462.5,1823.0,677.0,878.5,1228.0,3175.0,-0.12638580799102783,0.4421985149383545,0,36.8844213240697,-1.229838539723831
2534.5,1647.5,504.0,802.0,888.5,2831.0,-0.05526046082377434,0.5222476124763489,0,36.88109755751846,-1.2116925709846165
2241.0,1551.0,478.0,744.0,764.0,2639.0,-0.08155737817287445,0.5509844422340393,0,36.87355170913185,-1.218429935615513
2938.0,2428.0,625.0,950.0,1396.0,2403.0,0.10016851127147675,0.26506975293159485,0,36.90930465743981,-1.2345097792012525
1973.5,1261.5,490.5,775.0,873.5,2262.5,-0.06822474300861359,0.4429209232330322,0,36.907238532286335,-1.235138599900136
2106.5,1417.5,448.0,665.5,630.5,2934.0,-0.16417022049427032,0.6462336778640747,0,36.89115868870059,-1.2133095384960317
2789.0,2319.5,685.0,1004.5,1090.0,2772.0,0.0030570041853934526,0.4355256259441376,0,36.91208943482058,-1.2080094783197266
2106.0,1409.0,424.0,676.0,656.0,2712.0,-0.12577833235263824,0.6104512810707092,0,36.894841781365486,-1.2362165782410794
2158.0,1568.0,384.0,594.0,584.0,2743.0,-0.11936339735984802,0.6489329934120178,0,36.90274695586574,-1.2209452184110476
2424.5,1897.5,619.0,936.5,1077.0,2356.0,0.014329045079648495,0.37256044149398804,0,36.90373510267827,-1.2386420295082021
2699.0,1853.0,474.0,763.0,902.0,2945.0,-0.04358610883355141,0.5310631394386292,0,36.914335223030875,-1.2324436540477774
2606.0,1630.5,532.5,860.0,806.0,3088.0,-0.08465050905942917,0.5860297679901123,0,36.89475194983707,-1.2287605613828874
2152.0,1610.5,712.0,878.0,1022.0,1940.0,0.05180840566754341,0.30992573499679565,0,36.89618925429166,-1.2509489489006396
2841.5,1909.5,575.5,893.5,873.0,3216.0,-0.06182418391108513,0.5730007290840149,0,36.891697677871065,-1.2271435938714723
2508.0,2107.0,629.0,914.0,1107.0,2330.0,0.03679206222295761,0.35583359003067017,0,36.90346560809303,-1.2098959404163776
2189.0,1384.0,375.0,664.0,418.0,4333.0,-0.32873350381851196,0.8240370154380798,0,36.89205700398472,-1.20908745666067
1803.0,1569.0,550.0,770.0,832.0,2154.0,-0.08870356529951096,0.4427327513694763,0,36.87822294860927,-1.233431800860309
2753.0,1950.0,549.0,826.0,974.0,2453.5,0.05752424895763397,0.43165573477745056,0,36.898884200144025,-1.2227418489792867
2098.0,1812.0,800.0,960.0,1208.0,1887.0,0.05294855684041977,0.21938610076904297,0,36.887475596035706,-1.220046903126928
2558.0,1535.0,435.0,753.0,623.0,3504.0,-0.15605410933494568,0.6980857849121094,0,36.91325724468994,-1.2289402244397114
2268.0,1474.5,424.0,591.0,569.0,1959.0,0.07310149073600769,0.5498417615890503,0,36.89277565621201,-1.2252571317748213
2705.0,1926.5,730.5,1128.0,1174.0,2964.0,-0.04568706825375557,0.43257611989974976,0,36.891967172456305,-1.2218435336951672
3039.5,2003.0,716.5,1038.0,1081.0,3261.5,-0.03523250296711922,0.5021300911903381,0,36.8806483998764,-1.2342402846160165
1724.0,1007.0,310.0,514.0,397.5,2848.0,-0.2458442747592926,0.755045473575592,0,36.880558568347986,-1.221933365223579
2234.0,1276.0,414.0,741.5,587.5,3442.0,-0.2128259390592575,0.708400547504425,0,36.87606699192739,-1.2213045445246955
2727.0,2253.0,1104.0,1272.0,1534.0,2055.0,0.14052698016166687,0.14516578614711761,0,36.90112998835432,-1.2443014157981551
2279.0,1664.0,507.0,726.0,1023.5,2207.0,0.016049932688474655,0.3663519620895386,0,36.904543586433974,-1.229658876667007
2307.0,1747.0,698.5,991.5,1018.0,2483.0,-0.03674321621656418,0.41845187544822693,0,36.88639761769476,-1.2066620053935473
2106.0,1221.0,401.0,684.5,572.5,2980.0,-0.1718442738056183,0.6776917576789856,0,36.875258508171676,-1.240797986190089
2486.0,1772.0,591.0,899.0,999.0,2384.0,0.020944558084011078,0.40939992666244507,0,36.90804701604204,-1.250230296673344
2003.5,1621.5,525.5,716.0,792.0,1738.5,0.0708177462220192,0.3740367591381073,0,36.89322481385407,-1.2274130884567083
2819.5,2105.0,794.0,1108.0,1219.0,2406.0,0.07913118600845337,0.3274482786655426,0,36.90607072241698,-1.2244486480191137
1980.0,1365.0,467.0,794.0,618.0,3270.0,-0.24571429193019867,0.6820987462997437,0,36.872383899262495,-1.226065615530529
2151.0,1414.5,406.5,639.0,688.0,2796.0,-0.13038204610347748,0.6050516366958618,0,36.90526223866127,-1.2266944362294125
2805.0,3062.0,1226.0,1638.0,1910.0,2504.0,0.056696176528930664,0.13457182049751282,0,36.87355170913185,-1.2381030403377304
2190.0,1241.0,361.0,610.0,539.0,2360.0,-0.03736263886094093,0.6281476616859436,0,36.880738231404806,-1.2173519572745695
2320.0,1424.5,504.0,774.0,735.0,2516.0,-0.040529362857341766,0.5478314161300659,0,36.879750084592274,-1.212501054740324
2560.5,1914.0,579.0,843.0,1079.0,2252.5,0.06399334967136383,0.35224372148513794,0,36.8837026718424,-1.2153756636495066
2490.0,1707.0,608.0,894.0,991.0,2172.0,0.06821107119321823,0.3733797073364258,0,36.91397589691723,-1.2264249416441768
2112.0,1261.0,392.0,636.0,460.0,3021.0,-0.17708942294120789,0.7357081174850464,0,36.898435042501966,-1.2150163375358587
2197.0,1315.0,493.0,749.0,654.0,2863.0,-0.13162055611610413,0.6280921101570129,0,36.91137078259328,-1.2101654350016133
2619.5,1805.5,541.0,789.5,979.0,2276.5,0.07005719095468521,0.39855629205703735,0,36.89825537944514,-1.2213045445246955
1684.0,949.0,389.0,566.0,452.0,2531.0,-0.20094899833202362,0.6969493627548218,0,36.87983991612069,-1.2341504530876046
2139.0,1591.0,528.0,775.0,722.0,2437.0,-0.06512238085269928,0.5428933501243591,0,36.89250616162678,-1.244391247326567
2381.0,1415.0,476.0,759.0,609.0,2974.0,-0.1107376292347908,0.6600614190101624,0,36.891248520229006,-1.2251673002464094
2772.5,2223.0,765.5,1013.0,1377.0,2381.5,0.07586340606212616,0.267260879278183,0,36.91307758163311,-1.212860380853972
2373.5,1568.0,476.5,786.5,791.0,2573.5,-0.04042854160070419,0.5297964215278625,0,36.90373510267827,-1.233431800860309
2043.5,1451.0,383.5,593.5,790.5,1913.0,0.032983697950839996,0.4152025282382965,0,36.88549930241064,-1.2070213315071951
1730.0,1026.0,345.0,587.0,458.0,2944.0,-0.2597346901893616,0.7307466268539429,0,36.872833056904554,-1.2391810186786738
2368.0,1766.0,680.0,990.0,1144.0,2566.0,-0.04012971371412277,0.3832884132862091,0,36.903196113507796,-1.2550811992075894
2334.0,1807.0,493.0,759.0,766.0,2779.0,-0.08703305572271347,0.5678420066833496,0,36.876965307211506,-1.212680717797148
2571.0,1645.0,426.0,720.0,647.0,2998.0,-0.0766744464635849,0.6449931263923645,0,36.890529868001714,-1.224179153433878
1553.0,1112.0,488.0,768.0,961.0,1762.0,-0.06304676085710526,0.2941608428955078,0,36.87579749734215,-1.2375640511672588
2818.0,2640.0,542.0,791.0,918.0,1795.0,0.22176457941532135,0.3232583999633789,0,36.90876566826934,-1.2520269272415832
3643.0,3058.5,520.0,823.5,1330.0,1678.5,0.36916282773017883,0.11583846062421799,0,36.885229807825404,-1.2431336059287998
2966.0,2593.0,644.0,998.0,1362.0,2080.0,0.175584614276886,0.20859965682029724,0,36.907418195343155,-1.2237299957918182
2301.0,1695.5,449.5,705.5,802.5,2099.0,0.0459090918302536,0.446837842464447,0,36.91424539150247,-1.2101654350016133
2376.0,1747.0,509.0,769.0,844.0,2798.0,-0.08156165480613708,0.536518394947052,0,36.889362058132356,-1.2046857117684844
3575.5,3285.0,1233.0,1376.0,2062.0,2614.0,0.15534372627735138,0.11804961413145065,0,36.90669954311586,-1.237384388110435
1965.0,1335.0,457.0,688.0,608.0,3140.0,-0.2301665097475052,0.6755602955818176,0,36.870766931751085,-1.2266046047010006
2747.5,2301.5,919.0,1239.0,1495.0,2473.5,0.052480366080999374,0.24656671285629272,0,36.9047232494908,-1.2254367948316451
2667.5,1865.5,473.5,749.0,716.0,2985.0,-0.05616983771324158,0.6130775213241577,0,36.8949316128939,-1.2275029199851202
2791.0,2215.0,513.5,777.0,1058.0,2209.5,0.11628837138414383,0.35241010785102844,0,36.91595219054229,-1.2312758441784222
2159.5,1490.5,463.0,688.0,620.5,2371.0,-0.04668359085917473,0.5851579308509827,0,36.895740096649604,-1.2308266865363624
2303.0,1690.0,649.0,990.0,1161.0,2708.0,-0.08082219213247299,0.3998449146747589,0,36.8994231893145,-1.2123213916835003
2021.5,1177.0,405.5,627.0,536.0,2642.0,-0.13305456936359406,0.6626809239387512,0,36.898435042501966,-1.2232808381497584
2962.5,2865.5,1275.0,1475.0,1695.0,2254.0,0.13581903278827667,0.1415548175573349,0,36.88657728075159,-1.23900135562185
2138.0,1557.0,594.0,862.0,1010.0,2284.0,-0.03301673382520676,0.3867638111114502,0,36.90121981988273,-1.23531826295696
2289.5,1813.0,442.5,677.5,1098.0,1872.5,0.10019221156835556,0.260730504989624,0,36.904543586433974,-1.2302876973658907
1880.0,1614.5,481.0,726.0,915.0,2141.5,-0.06502548605203629,0.40127596259117126,0,36.88181620974575,-1.2284910667976516
1542.5,1076.5,600.5,739.0,781.5,1290.0,0.08914386481046677,0.24547429382801056,0,36.90894533132616,-1.2384623664513783
2609.0,2118.0,785.0,1082.0,1228.0,2640.0,-0.005905886646360159,0.36504653096199036,0,36.912448760934225,-1.2129502123823839
1427.0,833.0,323.0,549.0,390.0,2795.0,-0.3240170478820801,0.7551020383834839,0,36.88415182948446,-1.2237299957918182
2003.0,1665.5,664.5,851.0,995.5,1696.5,0.08284903317689896,0.26040118932724,0,36.89439262372343,-1.2384623664513783
1733.5,1202.5,435.5,560.0,546.5,1386.5,0.11121794581413269,0.4345576763153076,0,36.91846747333783,-1.240618323133265
1803.0,1569.0,705.0,894.0,1016.0,1669.0,0.03859446942806244,0.24320298433303833,0,36.87822294860927,-1.233521632388721
2112.0,1529.0,708.0,916.0,959.0,2662.0,-0.11520737409591675,0.47031205892562866,0,36.90059099918385,-1.2437624266276834
2264.0,1585.0,492.0,762.0,778.0,2766.0,-0.0998011901974678,0.5609480738639832,0,36.91783865263894,-1.2287605613828874
2322.0,1741.0,475.0,817.0,719.0,3680.0,-0.22625792026519775,0.6731075048446655,0,36.88415182948446,-1.220316397712164
2681.5,2059.0,607.0,898.0,1198.0,2479.0,0.039240382611751556,0.3483818471431732,0,36.90804701604204,-1.2376538826956707
2767.0,2363.5,536.5,816.0,1283.0,2099.0,0.13727907836437225,0.24127735197544098,0,36.90687920617269,-1.2319046648773058
2470.0,2049.0,828.0,1090.0,1280.0,2270.0,0.04219409450888634,0.2788732349872589,0,36.911011456479635,-1.214746842950623
2343.5,1631.5,436.5,664.5,733.0,2304.0,0.008499193005263805,0.5172867774963379,0,36.91756915805371,-1.2167231365756859
3418.5,2721.0,706.0,1066.0,1439.0,2532.5,0.14888253808021545,0.27533677220344543,0,36.90634021700222,-1.2283114037408276
2718.0,1981.0,524.0,772.0,980.0,2301.0,0.08308427780866623,0.40262115001678467,0,36.91613185359912,-1.2301080343090667
319.0,244.5,327.0,465.0,385.0,315.0,0.0063091483898460865,-0.10000000149011612,0,36.91361657080358,-1.2104349295868493
2372.0,1424.0,410.0,708.0,659.0,2784.0,-0.0799069032073021,0.6171942949295044,0,36.8761568234558,-1.220406229240576
2245.5,1387.5,490.0,786.5,666.5,3478.0,-0.215340256690979,0.6783689260482788,0,36.89663841193372,-1.2513981065426993
3160.0,2588.5,546.5,863.0,1333.0,2106.0,0.20015192031860352,0.22477464377880096,0,36.90831651062728,-1.2328928116898372
3192.0,2904.0,604.0,886.0,1314.0,2290.0,0.16453848779201508,0.27081021666526794,0,36.90993347813869,-1.2345996107296644
1672.5,1004.5,322.0,498.0,408.0,2872.0,-0.26394543051719666,0.7512195110321045,0,36.90130965141115,-1.2141180222517394
1993.0,1574.0,466.0,666.0,650.0,2481.0,-0.1090746521949768,0.584797203540802,0,36.90382493420668,-1.2231910066213465
2386.0,1803.0,574.0,806.0,942.0,2273.0,0.02425413206219673,0.4139968752861023,0,36.89439262372343,-1.2320843279341296
2422.5,1556.5,505.0,795.0,764.0,2541.5,-0.02397260256111622,0.5377401113510132,0,36.90607072241698,-1.2533744001677622
2337.5,1701.5,520.5,722.5,801.5,1986.0,0.08129987120628357,0.4249327480792999,0,36.892416330098364,-1.2268740992862364
2345.0,1629.5,422.0,697.0,653.0,2857.0,-0.09842368215322495,0.6279202103614807,0,36.89475194983707,-1.237384388110435
2418.0,1705.0,608.0,925.0,932.0,3096.0,-0.12295974045991898,0.5372393131256104,0,36.91595219054229,-1.2189689247859847
3291.0,2941.0,581.0,838.0,1232.0,1762.5,0.3024636507034302,0.17715811729431152,0,36.884600987126525,-1.242504785229916
2564.0,1773.0,620.5,861.5,1012.5,2549.0,0.002933698473498225,0.43141934275627136,0,36.88549930241064,-1.2194180824280445
2753.5,2132.0,482.5,750.0,1079.0,2327.5,0.08384176343679428,0.3665052056312561,0,36.90607072241698,-1.2318148333488939
2031.0,1348.0,460.0,695.0,660.0,2652.0,-0.13260729610919952,0.6014492511749268,0,36.88639761769476,-1.2223825228656389
2089.0,1478.0,387.0,643.0,638.0,2824.0,-0.14960309863090515,0.6314269304275513,0,36.87256356231932,-1.2198672400701043
2396.0,1777.0,432.0,693.0,754.0,2084.0,0.06964285671710968,0.46863988041877747,0,36.89636891734849,-1.235138599900136
2084.0,1687.0,742.0,883.0,1172.0,1880.0,0.05146316811442375,0.23197902739048004,0,36.887655259092526,-1.2206757238258117
1801.0,1255.0,511.0,692.0,645.0,2314.0,-0.12466585636138916,0.5640419125556946,0,36.874090698302325,-1.2176214518598054
2500.5,1891.5,422.5,705.0,654.5,2864.5,-0.06784715503454208,0.6280193328857422,0,36.888104416734585,-1.2101654350016133
1964.5,1709.0,738.5,984.0,1140.0,1872.5,0.023977065458893776,0.24315352737903595,0,36.877414464853565,-1.2363064097694914
2475.0,1640.5,467.0,796.0,744.0,2734.0,-0.04972163587808609,0.5721679329872131,0,36.902657124337324,-1.2116925709846165
2135.0,1279.0,364.0,632.0,450.0,3081.5,-0.1814434975385666,0.7451508045196533,0,36.887924753677765,-1.2366657358831392
2106.0,1317.0,370.0,608.0,514.0,3022.0,-0.178627148270607,0.709276020526886,0,36.89771639027467,-1.222292691337227
2146.0,1537.0,846.0,1066.0,1068.0,2468.0,-0.06978760659694672,0.3959276080131531,0,36.90157914599638,-1.2478048454062214
2765.5,1989.0,517.0,794.0,894.0,2716.0,0.009030374698340893,0.5047091245651245,0,36.88855357437665,-1.2395403447923217
2765.0,2069.0,512.0,772.0,929.0,2253.0,0.10203268378973007,0.4160905182361603,0,36.911280951064875,-1.229748708195419
2698.0,1757.0,545.0,900.0,852.0,2830.0,-0.023878436535596848,0.5372080206871033,0,36.879300926950215,-1.212590886268736
2295.5,2005.5,800.0,1008.0,1172.0,1756.5,0.13302072882652283,0.19959023594856262,0,36.89322481385407,-1.248343834576693
2849.0,2353.5,506.0,743.5,1078.0,1746.5,0.2399086058139801,0.2366790622472763,0,36.90804701604204,-1.2293893820817712
2143.0,1733.0,624.0,868.0,870.0,2930.0,-0.15513503551483154,0.5421052575111389,0,36.9024774612805,-1.24268444828674
1963.0,1370.0,358.0,563.0,502.0,2625.0,-0.14428944885730743,0.6789255142211914,0,36.876426318041034,-1.2123213916835003
2162.0,1508.0,623.0,975.0,940.0,2865.0,-0.1398448348045349,0.505913257598877,0,36.89726723263261,-1.2246283110759377
2227.0,1573.0,380.0,686.0,771.0,2355.0,-0.027935398742556572,0.5067178606987,0,36.894572286780246,-1.2358572521274316
2746.5,2084.0,622.0,922.0,1066.0,2283.5,0.09204771369695663,0.3634870946407318,0,36.908136847570454,-1.229748708195419
1336.0,1282.0,638.0,784.0,908.0,1038.0,0.1255265325307846,0.0668037012219429,0,36.87966025306387,-1.237025061996787
2182.0,1579.0,637.0,840.0,882.0,2340.0,-0.034940291196107864,0.4525139629840851,0,36.89852487403037,-1.244660741911803
1961.5,1213.5,390.5,627.0,585.0,2385.0,-0.09743471443653107,0.6060606241226196,0,36.87831278013768,-1.227682583041944
2405.0,1671.0,578.0,860.0,942.0,2400.0,0.0010405827779322863,0.4362657070159912,0,36.90759785839998,-1.2504099597301679
2740.5,1937.0,653.5,936.0,1023.5,2824.0,-0.015005840919911861,0.4679661989212036,0,36.879570421535455,-1.244750573440215
2155.0,1648.5,563.0,802.5,966.0,2140.5,0.00337562570348382,0.3780782222747803,0,36.88954172118918,-1.2284012352692397
2334.0,1665.0,437.0,688.0,900.0,2175.0,0.035262808203697205,0.4146341383457184,0,36.902926618922564,-1.2326233171046015
2593.0,2001.5,537.5,855.5,968.5,2504.5,0.01736145094037056,0.4422689378261566,0,36.88927222660394,-1.2339707900307806
1878.5,1265.0,526.0,819.0,989.0,1953.0,-0.01944408193230629,0.3276682496070862,0,36.879300926950215,-1.2272334253998842
2520.0,1853.0,431.0,640.0,790.0,1944.0,0.12903225421905518,0.42209216952323914,0,36.89205700398472,-1.2375640511672588
1000.0,601.5,313.0,494.0,391.0,1420.0,-0.1735537201166153,0.5681943893432617,0,36.912269097877406,-1.2098061088879655
2061.0,1506.0,502.0,727.0,723.0,2436.0,-0.08338892459869385,0.5422602295875549,0,36.888823068961884,-1.2218435336951672
2772.0,2647.5,1146.0,1391.0,1694.0,2131.0,0.13073627650737762,0.1142483651638031,0,36.90256729280891,-1.2191485878428086
2531.0,1840.0,530.0,814.0,789.0,2907.0,-0.06914306432008743,0.573051929473877,0,36.9107419618944,-1.2170824626893337
2470.0,1815.0,507.0,772.0,903.0,2452.0,0.0036570499651134014,0.4616989493370056,0,36.907418195343155,-1.2345996107296644
2237.0,1523.0,502.0,759.0,756.0,2734.0,-0.09997988492250443,0.5667621493339539,0,36.91703016888324,-1.2142976853085632
2499.0,1857.0,497.0,740.5,951.0,2146.5,0.07587988674640656,0.38595640659332275,0,36.90238762975209,-1.2329826432182491
2182.0,1516.5,479.0,718.5,691.5,3094.0,-0.17285822331905365,0.6346585750579834,0,36.88918239507553,-1.2382827033945545
1773.0,1054.0,319.0,543.0,490.0,2562.0,-0.18200692534446716,0.6788991093635559,0,36.876965307211506,-1.218250272558689
2330.5,1395.0,458.5,777.5,766.0,3520.5,-0.20338404178619385,0.6425988674163818,0,36.90643004853062,-1.2266944362294125
2634.5,1761.5,543.0,787.5,849.0,2453.0,0.03567567467689514,0.48576620221138,0,36.88900273201871,-1.2129502123823839
2559.0,1765.0,556.0,812.0,894.0,2376.0,0.037082068622112274,0.4532110095024109,0,36.915233538315,-1.22795207762718
1732.0,954.0,270.0,460.0,301.0,2616.0,-0.20331186056137085,0.7936235666275024,0,36.87714497026833,-1.2328029801614253
1880.0,1605.0,872.0,995.0,1106.0,1484.0,0.11771700531244278,0.1459459513425827,0,36.89070953105853,-1.222292691337227
2106.0,1532.0,373.5,639.5,585.5,2770.0,-0.136177197098732,0.6510207056999207,0,36.888104416734585,-1.2102552665300252
2338.0,1389.5,489.5,776.0,593.0,2988.5,-0.12212522327899933,0.6688538193702698,0,36.898884200144025,-1.2216638706383431
2372.0,1557.0,635.0,903.0,1056.0,2559.5,-0.03802088648080826,0.41584843397140503,0,36.901758809053206,-1.210614592643673
2874.5,2464.0,491.5,781.0,1270.0,1841.0,0.21917082369327545,0.18354226648807526,0,36.90966398355346,-1.231455507235246
2278.0,1541.0,598.0,852.0,911.0,2562.0,-0.058677684515714645,0.4753815233707428,0,36.89160784634265,-1.2224723543940508
1442.0,951.0,391.0,614.0,466.0,2500.0,-0.2683916687965393,0.6857720613479614,0,36.88343317725717,-1.2262452785873528
2188.5,1491.5,458.5,783.0,702.0,3540.5,-0.23599231243133545,0.6690630316734314,0,36.9040045972635,-1.254093052395058
2109.5,1220.5,359.0,578.0,500.5,2751.5,-0.1320715844631195,0.6921893954277039,0,36.917928484167355,-1.2174417888029816
2724.5,1829.5,613.0,889.0,979.0,2665.5,0.010946196503937244,0.462752103805542,0,36.89681807499055,-1.2291198874965352
2696.0,1966.5,534.0,843.5,805.5,2982.0,-0.05036984756588936,0.5746534466743469,0,36.90966398355346,-1.207111163035607
2595.0,2045.0,774.0,1124.0,1158.0,2848.0,-0.046481721103191376,0.4218671917915344,0,36.90705886922951,-1.206841668450371
2342.0,1569.0,466.0,704.0,756.0,2684.0,-0.06804616004228592,0.5604650974273682,0,36.918916630979886,-1.2154654951779185
1927.0,1175.0,373.0,618.0,488.5,3178.5,-0.24512779712677002,0.7335696816444397,0,36.89232649856995,-1.2038772280127767
2274.0,1527.0,411.0,676.0,641.0,2732.5,-0.09158094227313995,0.6199792623519897,0,36.91909629403671,-1.2155553267063306
1879.0,1428.0,336.0,534.0,524.0,1997.0,-0.03044375590980053,0.584291934967041,0,36.891068857172186,-1.227592751513532
2548.0,1895.5,494.5,734.0,851.0,2071.0,0.10326910763978958,0.41752225160598755,0,36.89061969953012,-1.2350487683717242
1938.5,1169.5,436.0,675.5,679.5,2974.5,-0.21086911857128143,0.628078818321228,0,36.88846374284824,-1.2273232569282961
2104.0,1392.5,528.0,804.0,757.0,2725.5,-0.1286882758140564,0.5652548670768738,0,36.90337577656462,-1.2356775890706078
2211.0,1455.0,446.0,660.0,698.0,2378.0,-0.03639136999845505,0.5461638569831848,0,36.87202457314885,-1.2393606817354978
2457.5,1698.0,435.5,658.0,645.5,2740.5,-0.05444401875138283,0.6187241673469543,0,36.89187734092789,-1.2358572521274316
2105.0,1381.0,370.0,645.0,488.0,3513.0,-0.2506229877471924,0.7560609579086304,0,36.87705513873992,-1.2386420295082021
2241.0,2192.0,804.0,1002.0,1270.0,1497.0,0.19903691112995148,0.08203830569982529,0,36.88253486197305,-1.2504997912585798
2812.0,2267.0,525.0,808.0,1174.0,2070.0,0.15198689699172974,0.2762022316455841,0,36.90193847211003,-1.2328928116898372
1916.0,1091.0,361.0,609.0,442.5,3518.0,-0.2948104441165924,0.776543378829956,0,36.91119111953646,-1.2110637502857329
1878.0,1293.0,405.0,605.5,584.5,2179.0,-0.07419275492429733,0.5769857168197632,0,36.88711626992205,-1.2274130884567083
2658.0,2053.0,524.0,801.0,1079.0,2386.5,0.05382099375128746,0.37729042768478394,0,36.90184864058162,-1.2347792737864882
2875.5,2273.5,475.0,732.0,1183.0,2031.0,0.17211861908435822,0.26384568214416504,0,36.90669954311586,-1.2325334855761894
2256.5,1339.0,448.0,708.0,604.0,2981.5,-0.13841161131858826,0.6630874276161194,0,36.87085676327949,-1.2312758441784222
3372.0,2411.0,720.0,1088.0,1482.0,2939.0,0.06861036270856857,0.3295634388923645,0,36.889721384246,-1.2318148333488939
2912.5,1772.0,634.5,1076.0,927.5,4130.0,-0.1728789508342743,0.633217990398407,0,36.890529868001714,-1.229569045138595
2677.5,1886.0,558.0,793.5,839.5,2231.0,0.0909646525979042,0.45318353176116943,0,36.89735706416102,-1.2300182027806548
2419.5,1600.0,461.0,725.0,776.5,2321.5,0.02067074365913868,0.4987088441848755,0,36.899602852371316,-1.214657011422211
2527.0,1420.0,451.0,709.0,510.0,1158.0,0.37150609493255615,0.3884892165660858,0,36.90571139630333,-1.244930236497039
2099.0,1341.0,472.0,764.0,600.0,3439.0,-0.24196460843086243,0.702896773815155,0,36.90418426032033,-1.2546320415655297
2699.0,1827.0,538.0,849.0,920.0,2830.0,-0.023693254217505455,0.5093333125114441,0,36.912897918576284,-1.2280419091555919
1858.0,1162.0,343.0,528.0,467.0,2476.0,-0.14259344339370728,0.6826367378234863,0,36.91909629403671,-1.2150163375358587
2322.0,1558.0,498.0,852.0,860.0,3106.0,-0.14443625509738922,0.5663136839866638,0,36.91703016888324,-1.2152858321210946
2156.0,1342.0,310.5,551.0,409.5,3004.5,-0.16442205011844635,0.7601054310798645,0,36.90355543962144,-1.2249876371895854
2589.0,2120.0,781.0,904.0,850.0,2204.0,0.08032547682523727,0.44335296750068665,0,36.91496404372976,-1.2195079139564564
1503.0,911.0,446.0,552.0,590.0,1709.0,-0.06413449347019196,0.4867333769798279,0,36.90993347813869,-1.2388216925650262
2766.0,2215.0,698.0,965.0,1126.0,2483.0,0.053915031254291534,0.3760044276714325,0,36.898165547916726,-1.2285808983260635
2283.0,1849.5,871.0,1045.0,1200.0,2101.0,0.041514597833156586,0.2729475796222687,0,36.89879436861561,-1.2460082148379823
2248.5,1468.0,492.0,772.0,921.0,2501.0,-0.05316349118947983,0.46171829104423523,0,36.90562156477492,-1.2337911269739568
2766.0,2632.0,1962.0,2204.0,2286.0,2933.0,-0.02930338680744171,0.12397010624408722,0,36.921970902945894,-1.2345996107296644
2761.0,2037.5,469.0,747.0,903.0,2789.0,-0.005045045167207718,0.5108342170715332,0,36.9047232494908,-1.2275029199851202
1936.0,1238.5,432.0,622.5,524.0,3149.5,-0.2386196106672287,0.7147135138511658,0,36.905531733246505,-1.2083688044333742
2457.0,1976.5,414.5,664.0,1038.0,1970.0,0.11000677943229675,0.3098404109477997,0,36.905082575604446,-1.2319046648773058
2359.0,1623.0,398.5,576.0,775.0,2179.0,0.03966505080461502,0.4752877354621887,0,36.894572286780246,-1.2284012352692397
2521.0,2075.0,528.0,806.0,862.0,2821.0,-0.05615874379873276,0.5319033265113831,0,36.90822667909887,-1.2161841474052142
1864.0,1144.0,360.0,518.0,444.0,2023.0,-0.040905583649873734,0.640048623085022,0,36.87319238301821,-1.2195079139564564
2177.0,1296.0,465.0,790.0,673.0,2770.0,-0.119870625436306,0.6090618371963501,0,36.872833056904554,-1.22381982732023
2282.0,1470.0,543.0,820.0,767.5,2825.5,-0.1064121425151825,0.572780430316925,0,36.89753672721784,-1.2494218129176364
3223.0,2490.0,680.0,1038.0,1250.0,2689.0,0.0903247594833374,0.36532115936279297,0,36.911460614121694,-1.2331623062750732
2389.0,1661.0,486.0,725.0,764.0,2634.0,-0.04877563193440437,0.5503237247467041,0,36.90858600521251,-1.2175316203313935
2594.5,2036.0,592.0,902.0,897.5,3006.5,-0.07355829328298569,0.5402151346206665,0,36.91235892940581,-1.2189689247859847
3126.0,2264.0,736.0,1060.0,1268.0,2622.0,0.08768267184495926,0.34807199239730835,0,36.90229779822368,-1.2282215722124157
3324.5,2870.0,535.5,794.0,1264.0,1609.0,0.3477247357368469,0.1200835332274437,0,36.88496031324017,-1.242864111343564
3042.0,2187.0,642.0,967.0,1127.0,2706.0,0.05845511332154274,0.4119488596916199,0,36.90059099918385,-1.2310961811215981
2588.0,1840.0,630.5,917.0,849.5,2948.5,-0.06511333584785461,0.552659273147583,0,36.90481308101921,-1.2061230162230756
1656.0,1463.0,502.0,730.0,862.0,2204.0,-0.14196890592575073,0.43770384788513184,0,36.886936606865234,-1.22381982732023
2993.5,2610.5,984.5,1321.0,1664.0,2219.5,0.14847496151924133,0.14304107427597046,0,36.90445375490556,-1.2255266263600573
2597.5,1775.0,511.5,791.5,768.5,3063.5,-0.08231761306524277,0.5989039540290833,0,36.905352070189686,-1.210614592643673
4485.5,4378.0,1750.0,1540.0,1671.0,2527.5,0.27919578552246094,0.20400142669677734,0,36.88513997629699,-1.2416064699457967
2248.5,1766.5,609.5,800.0,924.5,2206.0,0.009540913626551628,0.40935951471328735,0,36.89412312913819,-1.2304673604227145
2276.0,1560.0,458.0,694.0,780.0,2586.0,-0.06375976651906967,0.5365418791770935,0,36.89726723263261,-1.2211248814678715
1920.0,1364.0,318.0,498.0,378.0,2915.0,-0.20579110085964203,0.770422101020813,0,36.87346187760344,-1.2211248814678715
1950.0,1716.0,658.0,859.0,1070.0,1657.0,0.08123093843460083,0.21525485813617706,0,36.88325351420034,-1.2067518369219592
2290.0,1518.0,402.0,674.0,688.0,2666.0,-0.07586763799190521,0.5897436141967773,0,36.91945562015036,-1.2176214518598054
2472.0,2103.0,766.0,1098.0,1582.0,2002.0,0.10505140572786331,0.1171875,0,36.87445002441597,-1.2387318610366143
2358.0,1938.0,600.0,875.0,971.0,2294.0,0.013757524080574512,0.40520673990249634,0,36.90328594503621,-1.220406229240576
1788.0,1050.0,495.0,752.0,750.0,2525.0,-0.17087873816490173,0.5419847369194031,0,36.90346560809303,-1.2346894422580763
2971.5,2296.0,584.0,852.0,1220.0,2142.5,0.1621040254831314,0.2743494510650635,0,36.90184864058162,-1.231725001820482
2122.5,1603.5,497.5,793.5,979.0,2585.5,-0.09834324568510056,0.45069435238838196,0,36.87777379096721,-1.2273232569282961
2736.5,2302.0,1154.0,1324.0,1629.0,2202.0,0.10823124647140503,0.1495693027973175,0,36.89897403167244,-1.2474455192925735
2497.0,1696.5,514.0,762.0,940.0,2412.5,0.01721152849495411,0.4392244517803192,0,36.89789605333149,-1.2249876371895854
1769.0,955.0,306.0,525.0,345.0,2749.0,-0.21691013872623444,0.7769877314567566,0,36.88379250337081,-1.2291198874965352
2690.5,2208.5,767.5,1051.0,1268.0,2619.5,0.013370998203754425,0.34765273332595825,0,36.90059099918385,-1.2416963014742086
2630.0,1595.5,521.0,843.0,735.0,3424.0,-0.1311529576778412,0.646549642086029,0,36.88531963935382,-1.2286707298544755
2064.0,1524.0,403.0,630.0,580.5,2934.5,-0.17415224015712738,0.6697012782096863,0,36.889092563547116,-1.2280419091555919
2050.5,1652.0,505.0,691.5,779.5,1892.5,0.04007101058959961,0.4165419042110443,0,36.893404476910895,-1.227772414570356
1820.0,943.0,324.0,550.0,381.0,3504.0,-0.3163035213947296,0.8038610219955444,0,36.87750429638198,-1.2355877575421959
2336.5,1812.5,546.5,832.5,909.0,2266.0,0.015317762270569801,0.4274015724658966,0,36.902926618922564,-1.2110637502857329
2757.0,1964.5,578.0,895.0,989.5,2810.5,-0.009609339758753777,0.4792105257511139,0,36.90589105936016,-1.226065615530529
2184.0,1628.0,522.0,780.0,834.0,2750.0,-0.11471422761678696,0.5345982313156128,0,36.88531963935382,-1.210884087228909
2196.0,1554.5,632.0,899.0,1121.0,2431.0,-0.05078884959220886,0.36880630254745483,0,36.87759412791039,-1.2266046047010006
2350.0,1705.5,508.0,816.5,988.0,2667.0,-0.06318517029285431,0.4593707323074341,0,36.89008071035965,-1.210973918757321
2021.0,1484.0,397.5,688.0,553.5,1955.5,0.016471771523356438,0.5587883591651917,0,36.88109755751846,-1.216543473518862
2272.0,1608.0,626.0,875.0,961.0,2408.0,-0.02905982919037342,0.42950430512428284,0,36.91694033735482,-1.2440319212129194
2186.0,1560.0,511.0,732.0,742.0,2886.0,-0.1380126178264618,0.5909591913223267,0,36.88729593297888,-1.2094467827743178
2161.0,1488.0,498.0,724.0,747.0,2556.0,-0.08373966813087463,0.5476838946342468,0,36.88298401961511,-1.21277054932556
1857.0,987.0,352.0,642.0,403.0,4044.0,-0.370615154504776,0.8187541961669922,0,36.891518014814245,-1.2040568910696006
1729.0,1205.0,632.0,794.0,758.0,1674.0,0.01616220921278,0.37664473056793213,0,36.89969268389973,-1.2431336059287998
2391.5,1478.5,382.0,619.0,472.5,2911.5,-0.09805770218372345,0.7207446694374084,0,36.88684677533682,-1.229569045138595
2285.0,1587.5,453.0,741.0,821.0,2392.5,-0.022982362657785416,0.489030659198761,0,36.88828407979141,-1.2350487683717242
2874.5,2177.5,748.0,1099.0,1406.0,2793.0,0.014380238018929958,0.3303167521953583,0,36.905801227831745,-1.2382827033945545
2519.0,1954.0,472.0,730.0,994.0,2093.0,0.0923677384853363,0.3560090661048889,0,36.916491179712764,-1.2285808983260635
2853.0,1924.0,466.0,774.0,748.0,3001.0,-0.025281857699155807,0.6009602546691895,0,36.910831793422815,-1.2289402244397114
2048.5,1329.5,442.5,637.0,681.5,2436.0,-0.08640874177217484,0.5627906918525696,0,36.89879436861561,-1.2250774687179975
2797.0,1800.0,556.0,827.0,944.0,2775.0,0.003948313184082508,0.4923366606235504,0,36.91262842399105,-1.227682583041944
2715.0,2281.0,800.0,1088.0,1114.0,2953.0,-0.041990119963884354,0.4521760642528534,0,36.881007725990045,-1.2344199476728404
1711.0,1109.0,324.5,548.5,478.5,2215.0,-0.12837493419647217,0.6447002291679382,0,36.8701381110522,-1.231545338763658
1391.0,833.5,329.0,471.0,449.5,1777.0,-0.12184343487024307,0.5962272882461548,0,36.894572286780246,-1.2381928718661424
2165.0,1497.0,483.0,687.0,736.0,2395.0,-0.05043859779834747,0.529862642288208,0,36.87966025306387,-1.223909658848642
2199.0,1542.0,396.5,618.5,626.0,2932.0,-0.1428571492433548,0.648116946220398,0,36.92035393543448,-1.2213943760531074
2455.5,2136.0,1177.0,1487.0,1829.0,2224.5,0.049358975142240524,0.09757000207901001,0,36.876426318041034,-1.2442115842697432
2362.5,1689.0,479.5,748.0,633.0,3037.5,-0.125,0.6550878882408142,0,36.90517240713286,-1.210884087228909
2823.0,1930.0,566.5,850.0,900.0,2652.5,0.0311387088149786,0.49331456422805786,0,36.90687920617269,-1.253823557809822
1654.5,850.0,272.5,457.0,370.5,2376.5,-0.17911188304424286,0.7302511930465698,0,36.88271452502987,-1.229748708195419
585.5,381.5,331.5,466.5,439.0,671.5,-0.06841686367988586,0.2093651443719864,0,36.91208943482058,-1.210973918757321
2327.0,1298.0,443.0,752.0,552.0,3835.0,-0.24472573399543762,0.7483474016189575,0,36.91550303290023,-1.2131298754392077
2680.5,1875.5,577.5,812.0,1032.0,2326.0,0.07080794870853424,0.3853484094142914,0,36.89798588485991,-1.229569045138595
2947.0,2608.0,743.5,1066.0,1419.0,2175.0,0.15072236955165863,0.21035058796405792,0,36.907418195343155,-1.224179153433878
2251.0,1586.5,454.0,705.0,792.0,2468.0,-0.04598432034254074,0.5141104459762573,0,36.90157914599638,-1.2269639308146485
2427.5,1927.5,548.0,799.0,899.0,2623.5,-0.03880419582128525,0.4895670711994171,0,36.914604717616115,-1.2381030403377304
2591.0,1652.0,450.0,753.0,632.0,3671.0,-0.1724688559770584,0.7062514424324036,0,36.91586235901388,-1.2194180824280445
1892.0,1155.0,334.0,569.0,429.0,2766.0,-0.1876341849565506,0.731455385684967,0,36.87274322537615,-1.2236401642634063
1828.0,1107.5,355.0,604.0,478.5,2803.5,-0.2106229066848755,0.7084094882011414,0,36.89879436861561,-1.2425946167583282
3370.5,2940.5,580.5,872.5,1373.0,1764.0,0.3128834366798401,0.12464137375354767,0,36.88496031324017,-1.24268444828674
1983.0,1266.0,424.0,614.0,608.0,2584.0,-0.13159623742103577,0.6190476417541504,0,36.915053875258174,-1.2155553267063306
2154.0,1338.0,382.0,590.0,543.0,2708.0,-0.1139448806643486,0.6659489274024963,0,36.89762655874625,-1.2341504530876046
2469.0,1617.0,610.0,930.0,1094.0,2251.0,0.04618643969297409,0.3458893895149231,0,36.889811215774415,-1.2051348694105442
2430.0,1779.0,592.0,883.0,972.0,2271.0,0.033822592347860336,0.4005550444126129,0,36.908136847570454,-1.2501404651449322
2112.0,1812.0,671.0,886.0,893.5,2198.0,-0.019953595474362373,0.4219634532928467,0,36.893853634552954,-1.2434031005140356
2445.0,1724.5,703.0,1028.0,1162.0,2748.5,-0.05843843147158623,0.4057025909423828,0,36.90643004853062,-1.2516676011279353
2984.0,2364.0,504.0,846.0,1366.0,2234.0,0.14373323321342468,0.24111111462116241,0,36.90975381508187,-1.225796120945293
1124.5,673.0,323.0,464.0,372.0,1572.0,-0.16595587134361267,0.6172839403152466,0,36.91280808704788,-1.2114230763993807
2311.0,1531.0,531.0,822.0,838.0,2793.0,-0.09443573653697968,0.5384191870689392,0,36.909843646610284,-1.2078298152629026
2312.0,1478.5,613.5,895.5,1072.0,2375.5,-0.01354666706174612,0.37810006737709045,0,36.90086049376909,-1.2074704891492547
2202.0,1517.5,422.0,747.0,736.5,2628.0,-0.08819875866174698,0.5621935129165649,0,36.89663841193372,-1.2341504530876046
2748.0,2077.0,513.0,774.0,1156.0,2251.5,0.09930992871522903,0.3214966952800751,0,36.9009503252975,-1.2319944964057177
1923.5,1079.0,319.0,530.5,396.0,2888.5,-0.20054031908512115,0.7588673830032349,0,36.88639761769476,-1.2208553868826357
2403.0,1748.0,790.0,1013.5,1087.5,2118.0,0.0630391538143158,0.3214786946773529,0,36.89996217848497,-1.244660741911803
2114.5,1409.5,417.5,694.0,694.0,2581.0,-0.0993504449725151,0.5761831998825073,0,36.896997738047375,-1.2344199476728404
2165.0,1322.0,364.0,658.0,445.0,3399.0,-0.2217828929424286,0.7684703469276428,0,36.87498901358644,-1.2401691654912055
2643.0,1835.0,508.0,803.0,1018.0,2799.0,-0.028665931895375252,0.4665968120098114,0,36.880738231404806,-1.210884087228909
1873.0,1402.0,394.0,604.0,522.0,2502.0,-0.14377142488956451,0.6547619104385376,0,36.90086049376909,-1.2425946167583282
2333.0,1620.0,461.0,701.0,672.0,2896.0,-0.10766877233982086,0.6233183741569519,0,36.915233538315,-1.2175316203313935
1092.0,710.0,314.0,412.0,378.0,1212.0,-0.0520833320915699,0.5245283246040344,0,36.88262469350146,-1.223999490377054
1798.0,1159.0,318.0,435.0,411.0,2230.0,-0.10724925249814987,0.6887542605400085,0,36.872204236205675,-1.2248079741327615
2205.5,1656.0,367.0,512.0,448.5,1976.0,0.05488461256027222,0.6300268173217773,0,36.88774509062094,-1.2211248814678715
1571.0,940.5,349.5,495.5,496.5,1744.0,-0.052187029272317886,0.5567953586578369,0,36.88181620974575,-1.2173519572745695
2363.0,1633.5,511.5,749.5,813.0,2503.5,-0.028870852664113045,0.5097240805625916,0,36.88397216642764,-1.2138485276665034
2137.0,1260.0,436.0,758.0,538.0,4060.0,-0.3103114366531372,0.7659851908683777,0,36.904363923377154,-1.2544523785087058
2363.0,1586.0,558.0,852.0,728.0,3320.0,-0.1683969795703888,0.6403161883354187,0,36.89035020494489,-1.2545422100371177
2415.0,1705.5,585.5,796.0,931.0,2441.0,-0.005354200955480337,0.4478054642677307,0,36.88190604127416,-1.212860380853972
2020.0,1501.0,385.0,608.0,590.0,2180.0,-0.03809523954987526,0.5740072131156921,0,36.87948059000704,-1.2204960607689879
3075.0,2513.0,740.0,1086.0,1284.0,2640.0,0.07611548900604248,0.3455657362937927,0,36.90256729280891,-1.2291198874965352
2304.0,1811.0,381.0,568.0,677.0,2214.0,0.019920319318771362,0.5316499471664429,0,36.902207966695265,-1.2214842075815193
3197.0,2794.0,541.0,824.0,1324.0,1894.0,0.25594186782836914,0.1771286576986313,0,36.910562298837576,-1.2342402846160165
2360.0,1888.0,420.0,621.0,592.0,2286.0,0.01592767983675003,0.5886031985282898,0,36.911011456479635,-1.25005063361652
2100.0,1330.0,408.0,697.0,631.0,3373.5,-0.232666477560997,0.6848545670509338,0,36.90930465743981,-1.2354080944853718
2206.0,1568.0,432.5,673.5,760.0,2625.0,-0.08673152327537537,0.550960123538971,0,36.90184864058162,-1.2142078537801513
2616.0,1764.0,636.0,949.0,1005.0,2580.5,0.006831521168351173,0.43940871953964233,0,36.898165547916726,-1.229838539723831
2187.5,1430.0,525.0,805.5,655.5,3483.5,-0.2285311222076416,0.6832568049430847,0,36.90687920617269,-1.2510387804290517
2553.0,1823.0,484.0,771.0,1046.0,2185.0,0.0776699036359787,0.35252243280410767,0,36.90104015682591,-1.2342402846160165
2463.0,1679.0,608.0,927.0,888.0,2980.0,-0.09498438239097595,0.5408479571342468,0,36.91065213036599,-1.2237299957918182
2435.5,1676.0,541.0,853.0,755.5,3077.0,-0.11637188494205475,0.6057403683662415,0,36.87561783428533,-1.2347792737864882
2519.0,2123.0,641.0,894.0,1138.0,1861.0,0.15022830665111542,0.2410803586244583,0,36.89448245525184,-1.2178011149166292
2318.0,1987.5,685.0,983.5,1287.0,2348.5,-0.006535947788506746,0.29198184609413147,0,36.891697677871065,-1.2123213916835003
1779.0,1067.0,340.0,546.0,456.0,2578.0,-0.1833830624818802,0.6994067430496216,0,36.87489918205803,-1.2256164578884692
1930.5,1270.0,464.5,705.5,648.5,2429.5,-0.11444953829050064,0.5786224603652954,0,36.89924352625767,-1.2029789127286572
2043.0,1311.0,416.0,705.0,604.0,3068.0,-0.20054784417152405,0.671023964881897,0,36.897177401104194,-1.2233706696781703
2363.5,1940.0,563.0,803.0,1061.0,1754.0,0.1480267196893692,0.2461811751127243,0,36.895290939007545,-1.231725001820482
2119.0,1822.0,756.0,964.0,1049.0,2094.5,0.005814643576741219,0.33259105682373047,0,36.87579749734215,-1.2437624266276834
2635.0,2053.0,453.0,720.0,935.5,2279.0,0.0724460706114769,0.417949914932251,0,36.90777752145681,-1.2329826432182491
2425.0,2245.0,778.0,1130.0,1452.0,2264.0,0.034335680305957794,0.21851453185081482,0,36.90643004853062,-1.2255266263600573
4097.0,4293.0,1820.0,902.0,844.0,2409.0,0.25945281982421875,0.4810943603515625,0,36.88082806293322,-1.2460082148379823
2402.0,1681.5,634.0,913.0,1033.0,2283.0,0.02540021389722824,0.3769601881504059,0,36.8994231893145,-1.2215740391099312
2017.5,1304.0,410.0,661.5,516.5,3490.5,-0.2674292027950287,0.7422011494636536,0,36.88549930241064,-1.2366657358831392
2472.0,1807.0,411.0,668.0,759.5,2254.5,0.04601713642477989,0.49601858854293823,0,36.91334707621834,-1.2299283712522429
2263.0,1835.0,1116.0,1296.0,1606.0,1902.0,0.08667466789484024,0.08437856286764145,0,36.88855357437665,-1.2040568910696006
2550.0,2040.0,580.0,830.0,1174.0,2476.0,0.014723437838256359,0.35671234130859375,0,36.90930465743981,-1.2063925108083113
3101.0,2679.0,638.0,946.0,1332.0,2104.0,0.19154658913612366,0.2246798574924469,0,36.91038263578075,-1.233252137803485
2902.5,2525.0,463.5,748.0,1280.0,1778.0,0.24025210738182068,0.16285154223442078,0,36.90993347813869,-1.2307368550079505
2806.5,2430.5,476.5,773.5,1295.0,1679.5,0.2512260377407074,0.1292654275894165,0,36.9100233096671,-1.2310063495931862
3047.0,2263.5,627.5,1041.0,1029.0,3206.0,-0.025427794083952904,0.5140495896339417,0,36.87876193777974,-1.2226520174508748
2367.0,1589.0,464.0,730.5,798.5,2303.0,0.013704496435821056,0.48508787155151367,0,36.90831651062728,-1.2171722942177456
1872.0,1212.0,458.0,735.0,730.0,2244.0,-0.0903790071606636,0.5090786814689636,0,36.89771639027467,-1.2354080944853718
2583.0,2013.0,552.0,762.0,752.0,2395.0,0.037766169756650925,0.5220845341682434,0,36.91658101124118,-1.2231011750929344
2259.0,1552.0,429.0,679.0,737.0,2391.0,-0.028387097641825676,0.5287723541259766,0,36.89565026512119,-1.2340606215591927
3024.0,2488.0,584.0,860.0,1284.0,2388.0,0.11751662939786911,0.3006536066532135,0,36.9100233096671,-1.235228431428548
2669.0,2054.0,824.0,1190.0,1360.0,2722.0,-0.00983120035380125,0.33365997672080994,0,36.89448245525184,-1.2327131486330134
2554.0,1964.0,883.0,1148.0,1390.0,2438.0,0.023237179964780807,0.2737722098827362,0,36.873821203717085,-1.2403488285480293
2271.5,1369.5,437.0,759.5,572.0,3137.5,-0.16010352969169617,0.6916026473045349,0,36.903196113507796,-1.2271435938714723
2380.0,1776.0,598.0,898.0,1032.0,2537.0,-0.03193003684282303,0.42168673872947693,0,36.91738949499688,-1.218429935615513
2892.0,2045.5,785.5,1110.0,1144.0,2779.5,0.019836021587252617,0.41684719920158386,0,36.8994231893145,-1.2290300559681233
2624.5,2129.0,531.0,800.0,1121.0,2071.0,0.11787881702184677,0.2976190447807312,0,36.905531733246505,-1.231365675706834
3348.0,2888.0,537.0,833.0,1384.0,2084.0,0.23269513249397278,0.2018454372882843,0,36.911460614121694,-1.2341504530876046
2849.5,2579.5,841.0,1193.0,1645.0,2268.0,0.11362969875335693,0.1592128872871399,0,36.90643004853062,-1.2374742196388469
2505.5,1939.0,577.5,853.0,976.5,2211.0,0.06244036927819252,0.38729411363601685,0,36.89753672721784,-1.2151960005926827
2544.0,1820.0,508.0,806.0,792.0,2425.0,0.023948481306433678,0.5076158046722412,0,36.89205700398472,-1.2349589368433123
2261.0,1853.5,626.5,874.5,1030.0,2060.5,0.0463959276676178,0.33344119787216187,0,36.8806483998764,-1.2443014157981551
4380.0,4433.0,1886.0,949.0,854.0,2372.0,0.2973933517932892,0.4705517590045929,0,36.88136705210369,-1.2451098995538628
2027.0,1600.0,522.0,672.0,802.0,1920.0,0.027109196409583092,0.4107274115085602,0,36.891697677871065,-1.2321741594625417
2376.5,1963.0,699.0,926.0,1160.0,1783.5,0.1425480842590332,0.21182265877723694,0,36.88963155271759,-1.2341504530876046
2222.0,1511.0,596.0,846.0,888.0,2983.0,-0.1462055742740631,0.5412037968635559,0,36.87651614956945,-1.2204960607689879
2499.0,1807.0,432.0,698.0,766.0,2642.0,-0.027815600857138634,0.5504694581031799,0,36.90238762975209,-1.2331623062750732
2566.5,1770.0,562.5,845.5,914.0,2445.0,0.024244237691164017,0.4557904005050659,0,36.899602852371316,-1.2151061690642708
1955.5,1611.5,649.0,890.0,1044.0,2044.0,-0.02212776616215706,0.32383421063423157,0,36.887655259092526,-1.2302876973658907
2447.5,1569.5,451.5,760.0,631.0,3392.0,-0.16174329817295074,0.6863037347793579,0,36.91397589691723,-1.2111535818141448
2685.5,2301.0,521.5,758.0,1181.0,1770.5,0.20534111559391022,0.19972895085811615,0,36.90966398355346,-1.2326233171046015
2036.0,1464.0,455.5,711.5,573.5,3338.0,-0.24227763712406158,0.7067621350288391,0,36.91065213036599,-1.2431336059287998
1930.0,1350.0,351.0,584.0,508.0,2544.0,-0.13723737001419067,0.6671035289764404,0,36.87400086677391,-1.2234605012065822
2062.5,1251.0,461.5,723.0,644.5,3032.0,-0.1903032660484314,0.6493948101997375,0,36.91613185359912,-1.212680717797148
2981.0,2388.5,538.0,869.0,1314.0,2270.0,0.13540278375148773,0.2667410671710968,0,36.9084961736841,-1.2323538225193655
2935.5,2213.5,541.5,834.5,983.0,2725.0,0.03718752786517143,0.4697950482368469,0,36.91631151665594,-1.2325334855761894
3402.0,2706.0,697.5,1035.0,1460.0,2424.5,0.1677679568529129,0.24829450249671936,0,36.900501167655435,-1.2206757238258117
2310.0,1578.0,391.0,667.0,756.0,2596.0,-0.05829596519470215,0.5489259958267212,0,36.87328221454661,-1.23900135562185
2131.5,1354.5,460.0,755.0,668.0,2838.0,-0.14216722548007965,0.6189389824867249,0,36.873821203717085,-1.2264249416441768
2298.0,2136.0,1303.0,1640.0,1756.0,1939.5,0.08460176736116409,0.04965498670935631,0,36.888104416734585,-1.2133095384960317
2152.0,1660.5,378.0,638.5,598.0,2517.0,-0.07817519456148148,0.6160513758659363,0,36.882175535859396,-1.2177112833882173
2429.0,1870.0,486.0,708.0,772.0,2008.0,0.09488393366336823,0.4446043074131012,0,36.908136847570454,-1.2518472641847591
2628.0,2044.0,496.0,796.0,1009.0,2597.0,0.005933014210313559,0.4403771460056305,1,36.911730108706934,-1.2152858321210946
2541.0,2175.0,874.0,1108.0,1302.0,2282.0,0.053701017051935196,0.2734375,1,36.90256729280891,-1.205314532467368
2102.0,1883.0,662.0,814.0,1036.0,1666.0,0.11571124941110611,0.2331606149673462,1,36.90903516285457,-1.2110637502857329
2129.0,1454.5,702.0,879.0,951.5,2453.0,-0.07071147859096527,0.4410339295864105,1,36.876695812626274,-1.227772414570356
2732.5,3237.5,987.0,1052.0,914.0,1292.5,0.35776397585868835,0.17153863608837128,1,36.87867210625134,-1.2368453989399633
3185.5,3250.0,1383.0,1658.0,2411.0,2676.5,0.08683042973279953,0.05218673124909401,1,36.90885549979775,-1.237114893525199
2549.0,2471.0,1194.0,1434.0,1602.0,1906.0,0.14433221518993378,0.08665906637907028,1,36.90310628197938,-1.254003220866646
2422.0,1690.0,532.0,822.0,844.0,2546.0,-0.0249597430229187,0.5020648837089539,1,36.88091789446163,-1.2169926311609218
2253.5,2063.5,1018.0,1251.0,1472.0,1901.0,0.08484775573015213,0.12718647718429565,1,36.90544190171809,-1.2345996107296644
2496.0,2317.0,1116.0,1334.0,1546.0,1757.0,0.17375969886779785,0.06388132274150848,1,36.897177401104194,-1.2179807779734533
2415.0,2263.5,904.5,1156.0,1377.0,1961.0,0.10374771803617477,0.1749550700187683,1,36.92098275613336,-1.2230113435645225
2710.0,2324.0,756.0,1042.0,1214.0,2250.0,0.0927419364452362,0.2990761995315552,1,36.91954545167877,-1.2387318610366143
2824.5,2492.0,474.0,710.0,799.5,2430.0,0.07507850229740143,0.5048769116401672,1,36.90184864058162,-1.21645364199045
2068.5,1685.5,801.5,954.5,865.0,2074.5,-0.0014482259284704924,0.41146454215049744,1,36.89726723263261,-1.252476084883643
2413.0,2213.0,894.0,1200.0,1504.0,2018.0,0.08914466202259064,0.14593981206417084,1,36.92286921823001,-1.2256164578884692
2135.0,2084.0,930.0,1138.0,1414.0,1672.0,0.12161806970834732,0.08360336720943451,1,36.9092148259114,-1.2451997310822747
2387.0,2106.0,750.0,1005.0,1358.0,2038.0,0.07887005805969238,0.20023557543754578,1,36.90759785839998,-1.20908745666067
5116.0,4137.0,4244.0,4588.0,5004.0,5243.0,-0.012259870767593384,0.023323899134993553,1,36.88585862852429,-1.2463675409516302
1390.0,1269.0,668.0,780.0,889.0,1311.0,0.029248425737023354,0.19181817770004272,1,36.88352300878558,-1.2267842677578245
2273.0,2208.0,1066.0,1222.0,1390.0,1531.0,0.19505783915519714,0.04827113822102547,1,36.89834521097355,-1.2530150740541146
2199.0,1877.0,898.5,1101.0,1244.0,1911.5,0.06994283199310303,0.21153540909290314,1,36.89008071035965,-1.2461878778948061
2786.5,2341.5,843.0,1223.0,1517.0,2619.0,0.030986957252025604,0.2664410173892975,1,36.90355543962144,-1.2381928718661424
2517.0,2530.0,1458.0,1666.0,1842.0,2050.0,0.10225530713796616,0.05344295874238014,1,36.8942129606666,-1.2434929320424477
1711.0,1490.0,754.0,944.0,1100.0,1386.0,0.104940265417099,0.1150442510843277,1,36.88900273201871,-1.2225621859224627
2527.5,2505.0,1214.0,1292.0,1461.0,1610.0,0.22175227105617523,0.04851839691400528,1,36.917928484167355,-1.2308266865363624
2516.0,2455.0,592.0,776.0,1038.0,1538.0,0.24124321341514587,0.19409938156604767,1,36.89502144442231,-1.2061230162230756
2038.0,1596.0,468.0,722.0,754.0,1860.0,0.04566444456577301,0.4231063425540924,1,36.87418052983074,-1.2374742196388469
2134.0,1701.0,520.0,824.0,766.0,2724.0,-0.12144915759563446,0.5610315203666687,1,36.89771639027467,-1.2563388406053568
1784.0,1485.0,910.0,1172.0,1300.0,1872.0,-0.024070022627711296,0.1803278625011444,1,36.88280435655828,-1.2250774687179975
2367.0,2073.0,918.0,1146.0,1368.0,1738.0,0.1532277762889862,0.11912427842617035,1,36.903196113507796,-1.24681669859369
2545.0,2589.0,1412.0,1636.0,1864.0,2053.0,0.10700304806232452,0.048251211643218994,1,36.900321504598615,-1.2520269272415832
2540.0,1991.0,690.0,914.0,1054.0,2232.0,0.06454316526651382,0.35849055647850037,1,36.905980890888564,-1.2232808381497584
1639.0,1435.5,604.5,804.0,894.5,1693.5,-0.016354087740182877,0.3087325990200043,1,36.87211440467726,-1.2355877575421959
2258.0,2261.0,842.0,1002.0,1282.0,1525.0,0.19376157224178314,0.08656929433345795,1,36.895290939007545,-1.20908745666067
2491.5,2076.0,935.0,1004.5,947.0,2528.5,-0.007370518054813147,0.45504245162010193,1,36.89753672721784,-1.220406229240576
1966.5,2026.0,1000.5,1257.0,1416.0,1690.0,0.07561875879764557,0.08821635693311691,1,36.87328221454661,-1.2360369151842556
2389.0,1852.0,345.5,520.5,464.5,2528.0,-0.028269270434975624,0.6895572543144226,1,36.89178750939948,-1.2148366744790349
2268.0,1953.0,972.0,1218.0,1442.0,1897.0,0.08907563239336014,0.13626834750175476,1,36.88702643839365,-1.2096264458311417
2561.0,2475.0,1200.0,1511.0,1821.0,2055.0,0.10961871594190598,0.0603715181350708,1,36.903196113507796,-1.2365759043547273
2467.5,2473.5,1613.0,1837.0,2005.0,2195.0,0.0584450401365757,0.04523809626698494,1,36.90571139630333,-1.2509489489006396
2514.0,2485.0,1082.0,1224.0,1458.0,1761.0,0.17614035308361053,0.09412860870361328,1,36.8964587488769,-1.2423251221730922
2273.0,1655.0,700.5,975.5,1107.0,2581.5,-0.06354928761720657,0.39975598454475403,1,36.8994231893145,-1.2360369151842556
2268.0,1677.0,656.0,870.0,934.0,2768.0,-0.09928514808416367,0.4954078793525696,1,36.877683959438805,-1.2171722942177456
2095.0,1553.0,657.0,808.0,808.0,2210.5,-0.026826152577996254,0.4646347463130951,1,36.92062343001972,-1.2417861330026205
1911.0,1808.0,784.0,980.0,1052.0,1443.0,0.13953489065170288,0.15671342611312866,1,36.89690790651896,-1.214746842950623
2389.5,2139.0,796.0,1079.0,1381.0,1821.0,0.13501960039138794,0.1374141126871109,1,36.9084961736841,-1.212860380853972
2548.0,2038.0,718.0,946.0,1048.0,2719.0,-0.03246629983186722,0.44358906149864197,1,36.896997738047375,-1.244660741911803
2153.0,2020.0,952.0,1158.0,1540.0,1703.0,0.11670124530792236,0.05026210471987724,1,36.89582992817802,-1.242864111343564
2607.0,2543.5,1629.0,1938.0,2023.0,2351.0,0.051633723080158234,0.07498856633901596,1,36.913706402332,-1.2463675409516302
1906.5,1710.5,752.0,963.5,1148.0,1679.0,0.06345000863075256,0.18783162534236908,1,36.875977160398975,-1.2460082148379823
2260.5,1489.0,536.5,789.0,648.0,3338.0,-0.1924622654914856,0.6748620271682739,1,36.910562298837576,-1.2476251823493973
2657.0,2159.0,783.0,1040.0,1450.0,2342.0,0.06301259994506836,0.23523207008838654,1,36.905082575604446,-1.2191485878428086
1946.0,1339.0,440.0,592.0,529.0,2363.0,-0.09677419066429138,0.6341632008552551,1,36.88397216642764,-1.2120518970982643
2120.0,2311.0,740.0,824.0,922.0,1170.0,0.28875380754470825,0.11854684352874756,1,36.88307385114352,-1.2363064097694914
2996.0,2819.5,1094.0,1366.0,1739.0,2216.5,0.149544358253479,0.12071798741817474,1,36.90634021700222,-1.2367555674115511
2287.5,2214.0,1236.0,1401.0,1581.0,1582.5,0.1821705400943756,0.0004741583834402263,1,36.90068083071226,-1.2531947371109384
2348.0,2230.0,694.0,1018.0,1482.0,1780.0,0.13759690523147583,0.09135499596595764,1,36.889362058132356,-1.2085484674901983
2897.0,2690.0,732.0,905.0,1242.0,2058.0,0.16932392120361328,0.24727272987365723,1,36.91873696792307,-1.2250774687179975
2241.0,2109.0,1150.0,1444.0,1674.0,2084.0,0.036300577223300934,0.1091005876660347,1,36.90418426032033,-1.2083688044333742
2255.0,1943.5,711.0,1011.0,1171.0,2362.5,-0.023280996829271317,0.3372010886669159,1,36.878133117080864,-1.2282215722124157
2164.0,2215.0,856.0,1036.0,1292.0,1493.0,0.18348373472690582,0.07217235118150711,1,36.90858600521251,-1.2432234374572118
2279.0,2254.0,1018.5,1237.0,1399.0,1624.5,0.16767004132270813,0.07458243519067764,1,36.89466211830866,-1.2555303568496492
2932.0,3029.0,1060.0,1070.0,1244.0,1956.0,0.199672669172287,0.2224999964237213,1,36.900770662240674,-1.2491523183324007
1988.0,1679.0,926.0,1220.0,1468.0,2024.0,-0.008973080664873123,0.1592210829257965,1,36.90562156477492,-1.2140281907233272
2361.0,2120.0,850.0,1028.0,1240.0,1970.0,0.09027937799692154,0.2274143248796463,1,36.918197978752595,-1.2423251221730922
2643.0,2073.0,662.0,954.5,1087.0,2529.0,0.022041764110326767,0.3987831771373749,1,36.89376380302454,-1.2199570715985162
2375.5,2514.0,1042.0,1243.0,1508.0,1673.5,0.1733761429786682,0.05201948806643486,1,36.895740096649604,-1.2063026792798994
2531.0,1967.0,573.0,860.0,911.0,2999.0,-0.08462929725646973,0.5340153574943542,1,36.88954172118918,-1.2422352906446803
1903.0,1432.0,496.0,666.0,769.0,1876.0,0.00714474730193615,0.4185255169868469,1,36.877414464853565,-1.2116925709846165
2611.0,2313.0,1192.0,1476.0,1660.0,2193.0,0.08701082319021225,0.1383337676525116,1,36.894841781365486,-1.2478946769346333
2792.0,2342.0,762.0,1072.0,1284.0,2541.0,0.04706544056534767,0.32862743735313416,1,36.879300926950215,-1.2148366744790349
2237.0,2013.0,889.0,1036.0,1168.0,1922.0,0.07573936134576797,0.2440129518508911,1,36.87714497026833,-1.2437624266276834
2584.0,2671.0,1206.0,1418.0,1642.0,1794.0,0.18044769763946533,0.04423748701810837,1,36.88918239507553,-1.2510387804290517
2206.0,2149.0,644.0,857.0,1202.0,1477.0,0.19793646037578583,0.1026502400636673,1,36.89798588485991,-1.2129502123823839
2972.0,2598.0,2736.0,2204.0,2066.0,3345.0,-0.059047017246484756,0.23637035489082336,1,36.876426318041034,-1.2423251221730922
2273.0,2074.0,750.5,1007.0,1248.0,1876.5,0.0955536812543869,0.20115219056606293,1,36.89322481385407,-1.222202859808815
3430.0,3181.0,1027.0,1188.0,1333.0,2315.0,0.19408181309700012,0.2691885828971863,1,36.87436019288756,-1.2418759645310324
2554.0,1882.5,408.5,708.0,626.0,3590.0,-0.1686197966337204,0.7030360698699951,1,36.88531963935382,-1.2358572521274316
2424.5,1951.5,901.5,1138.0,1243.0,2212.0,0.045831985771656036,0.2804630994796753,1,36.920803093076536,-1.2394505132639098
2296.0,2329.0,1098.0,1254.0,1500.0,1556.0,0.19210799038410187,0.018324607983231544,1,36.90355543962144,-1.2490624868039886
2364.0,1686.0,498.5,755.5,651.0,2687.5,-0.06404038518667221,0.6100044846534729,1,36.88531963935382,-1.2135790330812675
2146.0,1855.0,626.0,850.0,1116.0,2119.0,0.006330597680062056,0.31004637479782104,1,36.91469454914453,-1.224089321905466
2209.0,1690.0,522.0,672.0,678.0,1954.0,0.061253905296325684,0.4848024249076843,1,36.885229807825404,-1.2141180222517394
2207.0,2139.0,1040.0,1336.0,1600.0,1682.0,0.13499614596366882,0.02498476579785347,1,36.898165547916726,-1.20908745666067
2680.0,1815.0,582.0,826.0,913.0,2312.0,0.07371795177459717,0.4337984621524811,1,36.884600987126525,-1.2172621257461576
2345.0,1814.0,866.0,1126.0,1272.0,2170.0,0.03875968977808952,0.2608948349952698,1,36.89008071035965,-1.2397200078491457
2410.5,2136.5,1055.0,1283.0,1467.0,2005.5,0.09171195328235626,0.15507559478282928,1,36.88028907376275,-1.2325334855761894
1970.0,1669.5,913.5,1080.0,1412.0,1762.0,0.055734191089868546,0.11027095466852188,1,36.87939075847863,-1.2355877575421959
2204.0,2024.5,799.5,1006.0,1227.0,1585.5,0.16321414709091187,0.12746666371822357,1,36.88406199795605,-1.2102552665300252
2373.0,2274.0,1041.0,1288.0,1560.0,1752.0,0.15054544806480408,0.05797101557254791,1,36.87436019288756,-1.2318148333488939
2689.0,2429.0,643.0,850.0,1184.0,1925.0,0.16558301448822021,0.23834030330181122,1,36.90481308101921,-1.2188790932575728
2248.5,2250.5,802.5,1027.5,1328.0,1562.0,0.18016009032726288,0.08096885681152344,1,36.889721384246,-1.2496913075028724
2704.0,2412.5,868.5,1125.0,1320.0,2135.0,0.11758627742528915,0.23589001595973969,1,36.893584139967714,-1.2193282508996326
1649.0,1132.0,658.0,853.0,880.0,1622.0,0.008254356682300568,0.2965627610683441,1,36.90517240713286,-1.2396301763207336
2382.0,2219.5,998.0,1308.0,1670.0,1843.5,0.12744054198265076,0.04938095808029175,1,36.91424539150247,-1.248164171519869
2470.0,2414.0,866.0,1066.0,1432.0,1667.0,0.19410200417041779,0.07583091408014297,1,36.89708756957578,-1.2416064699457967
2176.0,1977.0,813.0,1011.0,1160.0,1648.0,0.1380753070116043,0.17378917336463928,1,36.8904400364733,-1.2487929922187528
2411.0,1625.0,525.0,789.0,790.0,2398.0,0.002703264821320772,0.5043914914131165,1,36.916760674298004,-1.223909658848642
2197.0,1697.0,778.0,994.0,1070.0,2338.0,-0.031091511249542236,0.3720657229423523,1,36.898165547916726,-1.2117824025130286
2639.0,2126.0,696.0,992.0,1060.0,2741.0,-0.018959106877446175,0.4422520399093628,1,36.89160784634265,-1.2417861330026205
2601.0,2364.0,705.0,938.0,1267.0,1679.0,0.21542055904865265,0.1398506462574005,1,36.90732836381475,-1.2249876371895854
2190.5,2027.0,969.0,1268.0,1553.0,1920.0,0.06580708175897598,0.10567232966423035,1,36.90202830363844,-1.212501054740324
2288.0,1953.0,624.0,888.0,916.0,2514.0,-0.04706372320652008,0.46588921546936035,1,36.91469454914453,-1.2477150138778093
2340.0,2299.5,967.0,1189.0,1463.0,1563.5,0.19892404973506927,0.033206675201654434,1,36.90616055394539,-1.248703160690341
3607.0,3826.5,1358.0,1434.0,1499.0,1829.5,0.32695668935775757,0.09929397702217102,1,36.912718255519465,-1.2224723543940508
2696.0,2583.0,892.0,1178.0,1488.0,2260.0,0.0879741758108139,0.20597651600837708,1,36.91990477779242,-1.225706289416881
2755.5,2396.0,918.0,1211.0,1536.0,1868.5,0.1918252557516098,0.09766485542058945,1,36.89915369472926,-1.2105247611152612
2468.5,2356.0,1050.0,1251.0,1550.0,1823.0,0.1504136025905609,0.08093684911727905,1,36.907687689928395,-1.23900135562185
2589.0,2422.5,1202.0,1554.0,1936.0,2230.0,0.0744967833161354,0.07057128846645355,1,36.898884200144025,-1.210704424172085
3208.5,2851.0,530.5,792.0,1301.0,2149.0,0.19776014983654022,0.24579709768295288,1,36.9009503252975,-1.224089321905466
2541.5,2162.5,813.5,1133.0,1314.0,2492.0,0.009834111668169498,0.30951130390167236,1,36.904363923377154,-1.2098061088879655
2251.0,2114.0,938.0,1162.0,1374.0,1692.0,0.14177022874355316,0.10371819883584976,1,36.89618925429166,-1.2456488887243344
2596.0,2214.0,1108.0,1376.0,1484.0,2477.0,0.023457519710063934,0.25069427490234375,1,36.91756915805371,-1.237384388110435
2819.0,2638.0,864.0,1176.0,1548.0,2002.0,0.16946691274642944,0.1278873234987259,1,36.92134208224701,-1.237114893525199
2896.0,3127.5,1087.0,1437.0,1483.0,2523.0,0.06883189082145691,0.2596105933189392,1,36.8837026718424,-1.2432234374572118
2590.0,1945.0,716.0,1046.0,1216.0,2712.0,-0.02301018498837948,0.38085541129112244,1,36.918377641809414,-1.2436725950992715
2611.0,2073.0,516.5,787.5,1141.0,2573.5,0.007233098614960909,0.3856508135795593,1,36.91855730486624,-1.2386420295082021
2183.0,1971.0,716.0,1032.0,1228.0,2074.0,0.025604886934161186,0.2562083601951599,1,36.87822294860927,-1.2149265060074468
2297.0,2543.0,870.0,1030.0,1194.0,1416.0,0.2372744381427765,0.08505747467279434,1,36.882445030444636,-1.2361267467126675
2415.0,2135.0,714.0,964.0,1234.0,1824.0,0.13941967487335205,0.19293655455112457,1,36.92161157683225,-1.2250774687179975
2301.5,1893.5,631.0,857.0,962.0,2059.0,0.05561288818717003,0.3631247878074646,1,36.89376380302454,-1.2284910667976516
2435.5,2285.5,980.0,1381.0,1781.0,2130.0,0.06691490858793259,0.08923549205064774,1,36.91846747333783,-1.222292691337227
2465.0,2640.5,1038.0,1151.0,1031.0,1360.0,0.2888889014720917,0.13759933412075043,1,36.87795345402404,-1.2369352304683752
2528.0,2551.0,1062.0,1278.0,1568.0,1809.0,0.16578279435634613,0.0713651180267334,1,36.89789605333149,-1.2393606817354978
3136.0,3031.0,1073.0,1308.0,1876.0,2233.0,0.16818773746490479,0.08688244968652725,1,36.8949316128939,-1.2249876371895854
2547.5,2461.0,1232.0,1387.0,1510.0,1946.5,0.133733868598938,0.12628380954265594,1,36.908136847570454,-1.2459183833095704
2122.0,1904.0,913.0,1169.0,1350.0,1784.5,0.08639447391033173,0.138618603348732,1,36.88298401961511,-1.2441217527413313
3203.0,3114.0,944.0,862.0,970.0,1534.0,0.3523327112197876,0.2252396196126938,1,36.90831651062728,-1.2077399837344907
2673.5,2512.0,1015.0,1243.0,1504.0,1798.0,0.19579559564590454,0.08903694897890091,1,36.90193847211003,-1.2054941955241918
2474.0,2177.0,794.0,1136.0,1472.0,2556.0,-0.016302186995744705,0.26911619305610657,1,36.911011456479635,-1.2134892015528556
2370.0,2378.0,753.0,952.0,1224.0,1428.0,0.24802528321743011,0.07692307978868484,1,36.88864340590506,-1.2506794543154038
2296.0,2339.0,1008.0,1216.0,1482.0,1616.0,0.17382413148880005,0.043253712356090546,1,36.90256729280891,-1.2467268670652778
1579.0,1417.0,672.0,802.0,1000.0,1241.0,0.11985815316438675,0.1075412780046463,1,36.87184491009202,-1.2345996107296644
2284.0,2131.0,797.0,1064.0,1439.0,1852.0,0.10444874316453934,0.12549376487731934,1,36.898884200144025,-1.255979514491709
2222.0,2117.0,865.0,1094.0,1348.0,1804.0,0.10382513701915741,0.1446700543165207,1,36.892955319268836,-1.241157312303737
1836.0,1453.0,417.5,678.0,709.5,2201.5,-0.09052631258964539,0.5125386714935303,1,36.87678564415468,-1.2381030403377304
2460.0,2513.0,1128.0,1434.0,1706.0,1853.0,0.14073731005191803,0.041303735226392746,1,36.88918239507553,-1.216363810462038
2539.0,2320.0,908.0,1098.0,1346.0,2136.0,0.0862032100558281,0.22688110172748566,1,36.90750802687157,-1.2080993098481385
2305.0,2351.0,667.0,844.0,1156.0,1349.0,0.2616311013698578,0.07704591006040573,1,36.89223666704154,-1.246547204008454
2402.0,2383.5,1260.0,1437.0,1680.0,1963.0,0.10057273507118225,0.077683225274086,1,36.89538077053596,-1.2533744001677622
1930.0,1726.0,910.0,1130.0,1296.0,1534.0,0.11431870609521866,0.0840989425778389,1,36.89915369472926,-1.2508591173722277
2211.0,2204.5,997.0,1205.0,1474.0,1669.5,0.13954387605190277,0.06219182536005974,1,36.89807571638831,-1.2546320415655297
2388.5,2231.5,1069.0,1290.0,1473.0,2160.5,0.05012090504169464,0.18921150267124176,1,36.89502144442231,-1.2476251823493973
2642.0,2702.5,1213.0,1456.0,1593.0,2358.5,0.05669432878494263,0.1937239021062851,1,36.88046873681957,-1.2381928718661424
2223.0,1897.5,663.5,794.0,857.0,1913.0,0.0749516412615776,0.38122743368148804,1,36.884600987126525,-1.2475353508209854
2491.5,2379.0,888.5,1119.0,1449.0,1888.5,0.13767123222351074,0.13168539106845856,1,36.88352300878558,-1.231545338763658
3292.0,3413.0,808.0,1082.0,1278.0,2347.0,0.1675828993320465,0.29489654302597046,1,36.91810814722418,-1.2245384795475258
2469.0,2320.5,1042.0,1256.0,1473.0,1621.5,0.20718738436698914,0.04798836633563042,1,36.89547060206437,-1.240797986190089
2525.0,1947.0,852.0,1230.0,1460.0,2347.0,0.03653530403971672,0.23299185931682587,1,36.87939075847863,-1.214477348365387
3472.0,3284.0,946.0,1108.0,1040.0,2468.0,0.1690235733985901,0.4070695638656616,1,36.88549930241064,-1.227592751513532
2412.0,2250.5,787.0,982.0,1340.0,1850.0,0.13186296820640564,0.15987460315227509,1,36.90139948293956,-1.2504997912585798
2339.5,2208.0,1057.0,1225.0,1449.0,1996.0,0.07922961562871933,0.15878084301948547,1,36.89978251542814,-1.2046857117684844
2527.0,2524.5,1180.0,1478.0,1625.0,2022.5,0.11089130491018295,0.1089787557721138,1,36.88990104730283,-1.2506794543154038
2298.0,2164.0,802.0,1098.0,1454.0,1770.0,0.12979350984096527,0.09801489114761353,1,36.91020297272393,-1.210884087228909
2573.0,2596.0,1446.0,1726.0,1989.0,1986.5,0.1286325305700302,-0.0006288517033681273,1,36.915592864428646,-1.240797986190089
1762.0,1520.0,736.0,958.0,1180.0,1388.0,0.11873015761375427,0.08099688589572906,1,36.88469081865493,-1.2376538826956707
1964.5,1774.5,698.5,904.0,930.0,1900.5,0.01655886135995388,0.34287229180336,1,36.88154671516052,-1.2378335457524947
1500.5,1469.5,813.5,941.0,1003.0,1104.5,0.15201535820960999,0.048161327838897705,1,36.878851769308156,-1.2368453989399633
2765.0,2545.5,1270.0,1555.0,1899.0,2277.5,0.0966782346367836,0.09062612056732178,1,36.896009591234844,-1.205314532467368
2343.0,2359.0,646.0,817.0,1006.0,1448.0,0.2360854595899582,0.18011410534381866,1,36.877863622495624,-1.2469065301221018
2467.0,2427.5,1190.0,1374.0,1543.0,1720.5,0.1782686561346054,0.054389458149671555,1,36.913886065388816,-1.2416064699457967
2428.0,1976.0,717.5,1060.0,1080.0,2930.5,-0.09377624094486237,0.46141380071640015,1,36.90445375490556,-1.2072908260924309
2691.0,2168.0,574.0,850.0,1266.0,2439.0,0.04912280663847923,0.31659919023513794,1,36.90786735298522,-1.2186994302007488
2705.5,2476.5,1212.0,1442.0,1573.0,1978.5,0.1552092283964157,0.11417710781097412,1,36.919365788621946,-1.2400793339627934
2183.0,1956.0,612.0,768.0,1028.0,1437.0,0.20607735216617584,0.16592292487621307,1,36.88963155271759,-1.2476251823493973
2824.0,2660.0,924.0,1154.0,1528.0,1953.0,0.18233200907707214,0.12209135293960571,1,36.90795718451363,-1.2438522581560953
2688.0,2007.0,1238.0,1544.0,1832.0,3002.0,-0.055184535682201385,0.24203558266162872,1,36.91110128800805,-1.212680717797148
2360.0,2145.0,1056.0,1326.0,1632.0,2008.0,0.08058608323335648,0.10329670459032059,1,36.91514370678659,-1.2102552665300252
2626.0,3197.0,826.0,1028.0,1546.0,1858.0,0.17127564549446106,0.0916568711400032,1,36.89403329760978,-1.2103450980584374
2379.0,2357.5,1462.0,1747.0,2103.0,2259.5,0.025762638077139854,0.03587392717599869,1,36.91810814722418,-1.2345097792012525
2232.5,1884.0,1014.0,1256.0,1561.0,1928.5,0.07305935770273209,0.10531594604253769,1,36.886667112279994,-1.2120518970982643
1709.0,1315.5,597.5,785.0,774.5,1850.0,-0.039617870002985,0.40979233384132385,1,36.886038291581116,-1.2195977454848683
2358.0,2356.0,972.0,1198.0,1434.0,1708.0,0.15986227989196777,0.08720560371875763,1,36.8987045370872,-1.252206590298407
2632.0,2384.0,1137.0,1451.0,1756.0,2107.0,0.11078286916017532,0.09086202085018158,1,36.91595219054229,-1.2232808381497584
2125.0,1806.0,475.0,688.0,763.0,2035.0,0.02163461595773697,0.4546104371547699,1,36.9040045972635,-1.2204960607689879
2528.0,2239.0,1036.0,1324.0,1720.0,2583.0,-0.010761103592813015,0.20055775344371796,1,36.90876566826934,-1.2178011149166292
2302.0,2144.0,850.0,1134.0,1570.0,2029.0,0.06303393840789795,0.12753543257713318,1,36.91720983194006,-1.2196875770132802
2023.5,1858.0,1202.0,1309.0,1420.0,1810.5,0.0555555559694767,0.12087912112474442,1,36.881187389046865,-1.227592751513532
2399.0,2154.0,562.0,786.0,1166.0,1742.0,0.15865732729434967,0.19807428121566772,1,36.89547060206437,-1.2055840270526037
2548.0,2491.0,826.0,1007.0,1241.0,1547.5,0.2442925125360489,0.10991572588682175,1,36.89897403167244,-1.2545422100371177
2432.0,2383.0,1154.0,1368.0,1620.0,1801.0,0.14906685054302216,0.052908506244421005,1,36.90211813516685,-1.2467268670652778
2484.0,2494.0,1028.0,1204.0,1456.0,1744.0,0.1750236451625824,0.09000000357627869,1,36.90373510267827,-1.2494218129176364
2276.0,2229.0,840.5,1018.0,1198.0,1536.0,0.19412381947040558,0.12362838536500931,1,36.8994231893145,-1.2544523785087058
2513.0,2508.0,1037.0,1320.0,1638.0,1766.5,0.1744362711906433,0.03774416074156761,1,36.89556043359278,-1.2179807779734533
2606.0,2285.0,961.0,1259.0,1744.0,2062.5,0.11641854792833328,0.0836726650595665,1,36.90777752145681,-1.2369352304683752
2378.0,2000.0,601.0,911.0,816.0,3210.0,-0.14889048039913177,0.5946348905563354,1,36.90750802687157,-1.2072908260924309
2416.0,2490.0,794.0,868.0,1011.0,1409.0,0.26326796412467957,0.16446280479431152,1,36.88406199795605,-1.2381030403377304
2212.5,2122.0,793.0,969.0,1212.0,1563.0,0.17203019559383392,0.12648648023605347,1,36.90777752145681,-1.2455590571959225
2118.0,2110.0,966.0,1046.0,1154.0,1460.0,0.1839016228914261,0.11706197261810303,1,36.886217954637935,-1.2156451582347425
2741.0,2586.5,1095.0,1156.0,1261.0,2078.0,0.13758040964603424,0.24468404054641724,1,36.90059099918385,-1.2552608622644132
2552.5,2501.0,850.0,1114.0,1441.0,1732.5,0.19136522710323334,0.09185441583395004,1,36.90750802687157,-1.240977649246913
2338.5,1892.5,797.0,1033.0,1272.0,2029.0,0.07086434215307236,0.22932444512844086,1,36.88630778616635,-1.207111163035607
2917.0,2787.0,1218.0,1500.0,2262.0,2618.0,0.05401987209916115,0.0729508176445961,1,36.914604717616115,-1.2177112833882173
2370.0,2388.0,898.0,1138.0,1548.0,1743.0,0.15244346857070923,0.059252507984638214,1,36.89430279219501,-1.2081891413765504
1926.0,1429.0,706.0,921.0,1012.0,2456.0,-0.12094933539628983,0.41637831926345825,1,36.89205700398472,-1.244570910383391
2496.0,2484.0,976.0,1202.0,1350.0,1765.0,0.17155596613883972,0.13322632014751434,1,36.88783492214935,-1.2467268670652778
2381.0,1787.0,678.5,957.0,1026.0,2924.5,-0.10244086384773254,0.48057207465171814,1,36.906969037701096,-1.2167231365756859
2367.0,2212.5,748.0,969.0,1380.0,1676.0,0.17091268301010132,0.09685863554477692,1,36.89807571638831,-1.2075603206776668
2462.0,2381.0,1030.0,1258.0,1410.0,2097.0,0.0800614133477211,0.19589392840862274,1,36.922959049758425,-1.2261554470589409
1893.5,1407.5,369.5,569.0,519.5,2361.5,-0.1099882498383522,0.6393613219261169,1,36.89556043359278,-1.2204960607689879
2416.0,1780.0,509.0,750.5,918.0,2414.5,0.00031052686972543597,0.4490622580051422,1,36.891697677871065,-1.2372945565820228
2201.0,1636.0,428.0,611.0,806.0,2407.0,-0.0447048619389534,0.49828821420669556,1,36.88469081865493,-1.2075603206776668
2653.0,2573.0,980.0,1226.0,1468.0,1772.0,0.19909603893756866,0.09382715821266174,1,36.8949316128939,-1.2103450980584374
2682.0,2037.0,555.0,899.0,942.5,2993.0,-0.054801762104034424,0.5210265517234802,1,36.91208943482058,-1.2077399837344907
1763.0,1443.5,476.5,706.5,715.5,2586.5,-0.18933211266994476,0.5666263103485107,1,36.878133117080864,-1.2360369151842556
1887.0,1526.0,514.0,711.0,710.0,2214.0,-0.07973664999008179,0.5143638849258423,1,36.892955319268836,-1.208728130547022
2376.0,2356.0,1240.0,1410.0,1804.0,2026.0,0.07950931042432785,0.05796344578266144,1,36.88513997629699,-1.2386420295082021
2607.0,2587.0,1092.0,1392.0,1693.0,1888.0,0.15995550155639648,0.05445406213402748,1,36.90139948293956,-1.2396301763207336
2892.0,2532.0,819.0,1045.0,1099.0,2534.0,0.06597862392663956,0.39499035477638245,1,36.91738949499688,-1.225796120945293
2599.0,2159.5,933.5,1149.0,1690.0,2686.5,-0.01655472442507744,0.2276933640241623,1,36.892416330098364,-1.214657011422211
2662.5,2473.0,827.0,1157.0,1539.0,1974.5,0.14837178587913513,0.12395047396421432,1,36.889362058132356,-1.229569045138595
2372.0,2347.0,1002.0,1214.0,1480.0,1699.0,0.165315642952919,0.06888958811759949,1,36.920084440849244,-1.2311860126500103
1845.0,1169.0,644.0,816.0,960.0,1887.0,-0.011254019103944302,0.3256058990955353,1,36.87067710022267,-1.2253469633032332
2237.0,2175.0,754.5,950.0,1193.0,1534.5,0.18626540899276733,0.12520623207092285,1,36.88711626992205,-1.25373372628141
2348.0,2354.0,747.5,958.0,1249.0,2174.5,0.0383637361228466,0.27033737301826477,1,36.922509892116366,-1.2304673604227145
2191.0,2008.0,834.0,1002.0,1240.0,1542.0,0.17385481297969818,0.10855499655008316,1,36.894841781365486,-1.255889682963297
2639.5,2104.0,585.5,901.5,1154.0,2692.0,-0.009847135283052921,0.3998959958553314,1,36.90966398355346,-1.2160943158768023
2119.0,1854.0,755.0,934.0,1155.0,1575.5,0.14711056649684906,0.15400110185146332,1,36.88720610145047,-1.2488828237471647
1869.0,1699.0,736.0,994.0,1230.0,1664.0,0.058024343103170395,0.14996545016765594,1,36.873372046075026,-1.2341504530876046
2038.5,1717.5,575.0,702.0,948.5,1692.5,0.09273653477430344,0.2817114591598511,1,36.893134982325655,-1.2139383591949153
2132.0,2016.0,875.0,1066.0,1256.0,1406.0,0.2052006721496582,0.056348610669374466,1,36.916760674298004,-1.2361267467126675
2217.0,1996.0,974.0,1174.0,1246.0,1983.0,0.055714286863803864,0.22824403643608093,1,36.892955319268836,-1.2438522581560953
2293.0,2212.0,839.0,1036.0,1348.0,1503.0,0.20811380445957184,0.05436689034104347,1,36.89376380302454,-1.2060331846946635
2419.0,2434.0,894.0,1172.0,1520.0,1761.0,0.15741626918315887,0.07345321774482727,1,36.89726723263261,-1.2129502123823839
2204.0,2137.0,982.0,1154.0,1394.0,1582.5,0.16413573920726776,0.06332941353321075,1,36.89825537944514,-1.252116758769995
2499.5,2250.5,1000.0,1306.0,1579.0,2304.0,0.040699489414691925,0.18671131134033203,1,36.90310628197938,-1.2037873964843648
2081.0,1456.5,499.5,762.0,707.5,2347.0,-0.060072265565395355,0.5367490649223328,1,36.879121263893396,-1.2283114037408276
2339.0,2076.0,883.0,1184.0,1400.0,2247.0,0.020061055198311806,0.23224568367004395,1,36.8994231893145,-1.207111163035607
2317.0,1922.0,643.0,896.5,917.5,2781.5,-0.09110523015260696,0.5039199590682983,1,36.90750802687157,-1.2499608020881081
3593.0,3425.0,1638.0,880.0,810.5,2285.0,0.22252467274665833,0.47633662819862366,1,36.8799297476491,-1.2423251221730922
2294.0,2361.0,782.0,962.0,1304.0,1510.0,0.20609883964061737,0.07320540398359299,1,36.89304515079725,-1.2461878778948061
2238.0,2030.0,1158.0,1412.0,1626.0,2215.0,0.005165057256817818,0.1533454805612564,1,36.881456883632104,-1.2158248212915663
2091.0,1990.0,879.5,1152.0,1449.0,1628.5,0.12434466928243637,0.058326564729213715,1,36.87373137218868,-1.2329826432182491
1995.0,1966.5,1049.0,1197.0,1358.0,1467.0,0.15251299738883972,0.03858407214283943,1,36.905082575604446,-1.2507692858438157
2378.0,2235.0,734.5,894.5,1104.0,1922.0,0.10604651272296906,0.27032387256622314,1,36.9190064625083,-1.2266046047010006
2727.0,2918.5,1071.0,1351.0,1581.0,1952.5,0.16550913453102112,0.10513655096292496,1,36.88657728075159,-1.2512184434858755
2782.0,2557.0,1142.0,1422.0,1936.0,2230.0,0.11013567447662354,0.07057128846645355,1,36.905352070189686,-1.2189689247859847
2876.0,2815.0,927.0,910.0,886.5,1345.5,0.3625488579273224,0.20564515888690948,1,36.90616055394539,-1.20908745666067
2258.0,2222.0,892.0,1070.0,1268.0,1548.0,0.18654756247997284,0.09943182021379471,1,36.894841781365486,-1.206841668450371
2296.0,1852.0,874.0,1186.0,1482.0,2197.0,0.02203427627682686,0.19434629380702972,1,36.91729966346847,-1.220046903126928
2555.0,2116.0,728.0,962.0,1266.0,2167.0,0.0821685716509819,0.2624526619911194,1,36.91720983194006,-1.22013673465534
2249.0,2188.0,1018.0,1402.0,1666.0,1840.0,0.10002445429563522,0.04962920770049095,1,36.89556043359278,-1.2423251221730922
2055.0,1622.5,603.0,896.0,1102.0,2677.0,-0.1314454823732376,0.4167769253253937,1,36.882445030444636,-1.2323538225193655
2588.0,2416.5,1105.0,1372.0,1680.0,1972.5,0.1349632740020752,0.08008213341236115,1,36.9190064625083,-1.2322639909909536
2428.0,2193.0,728.0,940.0,1218.0,1486.0,0.24067449569702148,0.09911242872476578,1,36.88415182948446,-1.2480743399914571
2830.0,2747.5,1427.0,1231.0,1230.0,2021.5,0.1666494905948639,0.243426114320755,1,36.8949316128939,-1.2224723543940508
2303.0,2186.0,675.0,936.0,1154.0,1930.0,0.08811717480421066,0.251621276140213,1,36.89897403167244,-1.2059433531662516
2296.0,1800.0,356.0,582.0,644.5,2032.5,0.06087559089064598,0.5184908509254456,1,36.879300926950215,-1.2172621257461576
2126.0,2034.0,756.0,982.0,1258.0,1632.0,0.13145290315151215,0.12941177189350128,1,36.88540947088223,-1.2522964218268189
2144.0,1473.0,436.0,698.0,592.0,2626.0,-0.10104821622371674,0.6320695877075195,1,36.903196113507796,-1.222292691337227
2185.5,1741.0,561.0,746.0,768.5,1998.5,0.044694073498249054,0.44452476501464844,1,36.88729593297888,-1.2275029199851202
2332.0,2074.0,391.0,606.0,753.0,1763.0,0.1389499455690384,0.4014308452606201,1,36.8746296874728,-1.2376538826956707
2456.0,2447.5,1022.0,1284.0,1526.0,1756.5,0.1660534143447876,0.07022086530923843,1,36.9197251147356,-1.2306470234795384
2501.0,1928.0,642.0,995.0,1244.0,2693.0,-0.03696573153138161,0.36804673075675964,1,36.90607072241698,-1.2195079139564564
2434.0,2181.5,838.5,1071.0,1320.0,1961.0,0.10762229561805725,0.1953672617673874,1,36.88496031324017,-1.2355877575421959
2609.0,2681.0,1042.0,1352.0,1526.0,1716.0,0.20647399127483368,0.058605797588825226,1,36.88271452502987,-1.2477150138778093
1672.0,1520.0,698.0,877.0,968.0,1350.0,0.10655195266008377,0.16479723155498505,1,36.904543586433974,-1.2118722340414405
2903.5,2657.5,792.0,1107.0,1339.0,2265.0,0.12353681027889252,0.2569367289543152,1,36.91020297272393,-1.2171722942177456
2862.5,2378.0,1612.0,1222.0,1126.0,2399.5,0.08798936009407043,0.3612253665924072,1,36.90777752145681,-1.2227418489792867
2421.5,1868.0,553.0,848.0,884.5,2683.5,-0.05132223293185234,0.5042040348052979,1,36.89502144442231,-1.2156451582347425
2391.0,2427.0,1176.0,1372.0,1606.0,1720.0,0.1632206290960312,0.03427540510892868,1,36.88918239507553,-1.2453793941390987
1707.5,1331.0,679.0,923.5,1089.0,2365.0,-0.16144874691963196,0.36942675709724426,1,36.8806483998764,-1.2148366744790349
2244.0,1978.0,792.0,1044.0,1212.0,2197.0,0.010583202354609966,0.28894102573394775,1,36.891518014814245,-1.2291198874965352
2202.0,1843.0,771.0,970.0,1060.0,1668.0,0.137984499335289,0.22287389636039734,1,36.88262469350146,-1.2169027996325097
2568.0,2525.0,892.0,1068.0,1490.0,1664.0,0.21361058950424194,0.055168040096759796,1,36.90238762975209,-1.208728130547022
2724.5,2497.5,678.5,846.5,1450.0,1832.5,0.19574281573295593,0.11652703583240509,1,36.88262469350146,-1.2120518970982643
2659.5,2601.0,961.5,1134.0,1503.0,1791.0,0.1951466053724289,0.08743169158697128,1,36.92161157683225,-1.2269639308146485
2227.0,2249.0,1098.0,1190.0,1312.0,1529.0,0.18583600223064423,0.07638155668973923,1,36.890260373416474,-1.216633305047274
2839.0,2863.0,878.0,1064.0,1298.0,1678.0,0.2570289969444275,0.12768816947937012,1,36.87714497026833,-1.242774279815152
2505.0,2502.0,1096.0,1326.0,1484.0,2042.0,0.10182537883520126,0.15825298428535461,1,36.91361657080358,-1.2394505132639098
2509.0,2256.0,786.0,1062.0,1377.0,1990.5,0.11523502320051193,0.18218262493610382,1,36.919365788621946,-1.2397200078491457
2627.0,2216.5,1068.0,1364.0,1533.0,2432.5,0.03844253346323967,0.22683142125606537,1,36.922959049758425,-1.2349589368433123
2419.0,2433.0,995.0,1185.0,1518.0,1735.5,0.16452039778232574,0.06685108691453934,1,36.88864340590506,-1.2525659164120548
2784.5,2644.5,1070.0,1326.0,1529.0,2010.5,0.1614181399345398,0.13603615760803223,1,36.917479326525296,-1.242774279815152
2104.0,1505.0,445.0,742.0,657.0,2082.0,0.0052556139416992664,0.5202628970146179,1,36.91568269595706,-1.2243588164907018
2840.5,2634.5,768.0,1097.0,1473.0,2181.0,0.13133525848388672,0.19376026093959808,1,36.90634021700222,-1.2186095986723369
2431.0,2248.0,777.5,1017.0,1263.0,1899.5,0.12273409217596054,0.20126482844352722,1,36.9047232494908,-1.218250272558689
2133.0,1876.0,748.0,972.0,1264.0,1718.0,0.10776421427726746,0.15224681794643402,1,36.872204236205675,-1.2312758441784222
2068.0,2288.0,606.0,669.0,714.0,966.0,0.3632168769836426,0.15000000596046448,1,36.882894188086695,-1.2347792737864882
2507.0,2478.5,1369.0,1434.0,1488.0,1710.0,0.18899691104888916,0.06941838562488556,1,36.91217926634899,-1.2436725950992715
2138.0,1958.0,914.0,1152.0,1398.0,1735.0,0.10405370593070984,0.10756463557481766,1,36.895740096649604,-1.2048653748253082
2212.0,2017.0,756.0,964.0,1112.0,1888.0,0.07902438938617706,0.25866666436195374,1,36.900501167655435,-1.2397200078491457
2517.0,2285.5,768.5,936.5,1051.0,2218.5,0.0630345270037651,0.35708823800086975,1,36.89286548774042,-1.2513082750142874
2519.0,2141.0,1776.0,1370.0,1208.0,2314.0,0.04241671785712242,0.3140261173248291,1,36.907687689928395,-1.2229215120361105
2468.5,1819.0,569.5,891.0,966.0,2727.0,-0.04975459352135658,0.4768480956554413,1,36.88612812310952,-1.2363962412979035
3730.0,3563.0,1282.0,1108.0,1019.0,2238.0,0.25,0.37427079677581787,1,36.88513997629699,-1.2272334253998842
2222.0,2230.0,880.0,1112.0,1474.0,1647.0,0.1486172080039978,0.055430952459573746,1,36.898884200144025,-1.2378335457524947
2281.5,2120.5,1059.0,1279.0,1483.0,1791.5,0.12030444294214249,0.0942128598690033,1,36.89502144442231,-1.2425946167583282
1701.5,1529.5,704.0,910.5,1086.0,1505.0,0.06128177046775818,0.1617136299610138,1,36.90858600521251,-1.210794255700497
2543.5,2484.0,977.0,1218.0,1534.0,1749.0,0.18509027361869812,0.06548888236284256,1,36.913886065388816,-1.2493319813892245
2321.0,2223.0,1130.0,1368.0,1566.0,2020.0,0.06933886557817459,0.12660345435142517,1,36.92161157683225,-1.2235503327349941
2262.5,2145.0,886.0,1075.0,1372.0,1659.0,0.15389519929885864,0.09468822181224823,1,36.9002316730702,-1.2060331846946635
2229.0,2022.0,1045.0,1159.0,1315.0,1630.5,0.1550718992948532,0.10711254179477692,1,36.896279085820076,-1.2532845686393503
2259.0,1974.0,758.0,1082.0,1122.0,2952.0,-0.13298791646957397,0.4491899907588959,1,36.880738231404806,-1.2498709705596962
2745.5,2824.0,959.5,1214.0,1549.0,1757.0,0.2195446938276291,0.06291591376066208,1,36.88343317725717,-1.2511286119574636
1891.0,1483.0,571.0,816.0,966.0,2154.0,-0.06501854211091995,0.3807692229747772,1,36.87831278013768,-1.2105247611152612
2386.5,1977.0,636.0,917.5,951.0,2461.0,-0.015368746593594551,0.442555695772171,1,36.893584139967714,-1.2160943158768023
2282.0,1694.0,805.0,1042.0,1048.0,2930.0,-0.12432847172021866,0.47310206294059753,1,36.89079936258695,-1.253823557809822
2406.5,2382.0,1043.0,1292.0,1658.0,1833.0,0.13527537882328033,0.05012890323996544,1,36.908136847570454,-1.2151960005926827
2111.0,1830.0,594.0,861.0,879.0,2006.0,0.025504007935523987,0.3906412422657013,1,36.90750802687157,-1.244391247326567
2582.0,2152.0,629.0,914.5,972.5,2679.0,-0.01843755878508091,0.46734219789505005,1,36.87939075847863,-1.2450200680254508
2592.0,2203.0,561.0,778.0,822.0,2602.0,-0.0019252984784543514,0.519859790802002,1,36.92242006058795,-1.225975784002117
1921.0,1566.0,640.0,860.0,1026.0,2347.0,-0.09981255978345871,0.39163950085639954,1,36.873821203717085,-1.2323538225193655
2737.0,2674.5,1119.0,1367.0,1810.0,2069.5,0.13887444138526917,0.06689006090164185,1,36.92017427237766,-1.2255266263600573
3743.0,3550.0,960.5,1257.0,2204.0,2692.0,0.16332556307315826,0.09967320412397385,1,36.91640134818435,-1.224089321905466
2234.0,1653.0,619.0,932.0,996.0,2806.0,-0.11349206417798996,0.4760652184486389,1,36.904094428791915,-1.2189689247859847
2640.0,2689.0,634.5,814.5,1248.0,1612.0,0.24176858365535736,0.12727272510528564,1,36.90041133612703,-1.2157349897631544
2280.5,2124.5,1070.0,1296.0,1462.0,1810.0,0.11502261459827423,0.10635697096586227,1,36.91568269595706,-1.237204725053611
1964.0,1368.0,634.0,835.0,782.0,2655.0,-0.14959947764873505,0.5449519753456116,1,36.875528002756916,-1.218250272558689
2438.0,2372.0,647.0,832.0,1132.0,1381.0,0.27677401900291443,0.0990847572684288,1,36.88298401961511,-1.2479845084630452
2355.0,2113.0,922.0,1202.0,1562.0,1916.0,0.10278623551130295,0.10178263485431671,1,36.91065213036599,-1.2141180222517394
1688.0,1426.0,629.0,784.0,1089.0,1430.0,0.08274535089731216,0.13537117838859558,1,36.87130592092155,-1.2346894422580763
2419.0,2573.0,953.0,1146.0,1326.0,1656.0,0.18723925948143005,0.11066398024559021,1,36.896279085820076,-1.2177112833882173
1893.5,1407.5,347.0,546.5,512.5,2431.0,-0.12429182231426239,0.6517751216888428,1,36.89565026512119,-1.2204960607689879
2083.0,1745.0,475.0,706.0,936.0,1760.0,0.08404891937971115,0.30563798546791077,1,36.872204236205675,-1.2213943760531074
2113.0,1869.0,862.0,853.0,1066.0,1441.0,0.18908272683620453,0.149581179022789,1,36.88208570433099,-1.2469065301221018
1967.0,1847.0,792.0,1036.0,1476.0,1758.0,0.05610738322138786,0.08719851821660995,1,36.875528002756916,-1.2319046648773058
2333.0,2195.0,1086.0,1366.0,1678.0,1926.0,0.09556233882904053,0.06881242990493774,1,36.88424166101287,-1.2271435938714723
2118.0,2151.0,720.0,900.0,1338.0,1490.0,0.17405764758586884,0.0537482313811779,1,36.8964587488769,-1.2416064699457967
2566.0,2275.5,1405.0,1608.0,1707.0,2054.5,0.11070230603218079,0.09238335490226746,1,36.91945562015036,-1.2429539428719758
2192.0,1953.0,1020.0,1216.0,1406.0,1896.0,0.07240704447031021,0.14839491248130798,1,36.901489314467966,-1.2535540632245863
2805.5,2421.0,929.0,1340.0,1446.0,2583.0,0.04129163920879364,0.2822040319442749,1,36.89259599315518,-1.2287605613828874
2492.5,2149.0,781.5,1027.0,1222.0,1917.5,0.13038548827171326,0.22153209149837494,1,36.90750802687157,-1.2129502123823839
2578.0,2597.0,978.0,1192.0,1528.0,1714.0,0.20130474865436554,0.057371992617845535,1,36.909124994382985,-1.2413369753605608
2683.0,2386.0,755.0,1066.0,1384.0,2187.0,0.1018480509519577,0.22486698627471924,1,36.92143191377542,-1.2380132088093185
2388.0,2094.0,2084.0,2376.0,2048.0,2082.0,0.06845637410879135,0.00823244545608759,1,36.87795345402404,-1.2150163375358587
2652.0,2608.0,948.0,1224.0,1510.0,1852.0,0.17761988937854767,0.10172516107559204,1,36.8806483998764,-1.2398098393775576
2230.5,1840.5,447.5,660.0,658.5,2108.5,0.02811707742512226,0.52403324842453,1,36.88010941070593,-1.2354080944853718
2225.0,2286.0,1009.0,1104.0,1166.0,1400.0,0.22758620977401733,0.09119252115488052,1,36.902207966695265,-1.2386420295082021
2366.0,2108.0,1012.5,1221.0,1683.0,2037.0,0.07472178339958191,0.09516128897666931,1,36.92188107141748,-1.2218435336951672
2657.0,2548.0,1008.0,1246.0,1606.0,2078.0,0.12228088825941086,0.12812159955501556,1,36.92304888128684,-1.2308266865363624
2287.0,2022.0,760.0,1042.0,1228.0,2123.0,0.03718820959329605,0.2670844495296478,1,36.89160784634265,-1.2206757238258117
3177.0,2985.0,838.0,1094.0,1530.0,2072.0,0.2105162888765335,0.15047195553779602,1,36.87633648651262,-1.2195977454848683
3037.5,2782.0,954.5,1357.0,1771.0,2464.5,0.10414394736289978,0.16373509168624878,1,36.921521745303835,-1.2340606215591927
1930.0,1479.0,441.5,653.5,645.0,1775.0,0.04183535650372505,0.46694216132164,1,36.887924753677765,-1.2286707298544755
2928.0,2824.0,1472.0,1826.0,2344.0,2687.0,0.04292074963450432,0.06817729771137238,1,36.89753672721784,-1.2097162773595536
2181.5,1439.0,541.5,790.0,664.0,3440.0,-0.22387263178825378,0.6764132380485535,1,36.90732836381475,-1.2504099597301679
2548.0,2538.0,1222.0,1428.0,1708.0,1968.0,0.1284322440624237,0.07072905451059341,1,36.90705886922951,-1.2479845084630452
3371.5,3304.5,1047.0,1293.0,2143.0,2573.0,0.13432584702968597,0.09117896854877472,1,36.88540947088223,-1.235497926013784
2339.0,1831.0,557.0,839.0,908.0,2248.0,0.019838673993945122,0.42458808422088623,1,36.87606699192739,-1.2192384193712205
2151.0,2103.0,1066.0,1292.0,1488.0,1672.0,0.1252942681312561,0.05822784826159477,1,36.8761568234558,-1.23163517029207
2509.0,2357.0,769.0,975.0,1024.0,2557.0,-0.00947493128478527,0.42809271812438965,1,36.89825537944514,-1.239270850207086
2543.0,2290.0,765.0,924.0,1239.0,1863.5,0.15420401096343994,0.20128928124904633,1,36.88945188966077,-1.2405284916048531
2417.5,2351.5,939.5,1095.0,1327.0,1735.5,0.16421863436698914,0.1333877593278885,1,36.87876193777974,-1.2291198874965352
2640.0,2510.0,722.0,944.0,1100.0,1664.0,0.22676579654216766,0.20405210554599762,1,36.90948432049663,-1.2511286119574636
2229.0,2162.0,764.0,986.0,1278.0,1482.0,0.2012934535741806,0.07391304522752762,1,36.91065213036599,-1.2399895024343814
2005.0,1433.0,499.0,847.0,652.0,3343.0,-0.2501869797706604,0.6735919713973999,1,36.872833056904554,-1.229748708195419
2115.0,1920.5,802.5,1017.0,1499.0,1800.5,0.0803217962384224,0.09137748181819916,1,36.88235519891622,-1.21645364199045
3460.0,3373.0,1388.0,1592.0,2264.0,2848.0,0.09701965749263763,0.11424100399017334,1,36.87471951900121,-1.223909658848642
2389.0,2405.0,818.0,1034.0,1382.0,1578.0,0.20443660020828247,0.06621621549129486,1,36.91020297272393,-1.2417861330026205
2360.5,2318.5,1061.0,1258.0,1495.0,1650.5,0.17701321840286255,0.049435701221227646,1,36.899602852371316,-1.2532845686393503
2394.0,2004.0,598.0,878.0,1050.0,2277.0,0.02504817023873329,0.36880072951316833,1,36.888104416734585,-1.2496913075028724
2745.0,2084.0,1672.0,1862.0,2108.0,2510.0,0.04471931606531143,0.0870506688952446,1,36.88729593297888,-1.233521632388721
2617.0,2474.0,1071.0,1269.0,1635.0,1940.0,0.14856265485286713,0.08531468361616135,1,36.88558913393906,-1.2141180222517394
2414.5,2133.5,1033.0,1344.0,1645.0,2061.0,0.07898558676242828,0.11225040256977081,1,36.89439262372343,-1.2194180824280445
2033.0,1620.0,664.0,910.0,966.0,2333.0,-0.06871277838945389,0.41436800360679626,1,36.88325351420034,-1.2366657358831392
2589.0,2669.0,1418.0,1182.0,1156.0,1839.0,0.1693767011165619,0.2280467450618744,1,36.88127722057528,-1.2272334253998842
2230.0,1820.0,651.0,819.0,1020.0,1766.0,0.11611611396074295,0.26776739954948425,1,36.871934741620436,-1.227772414570356
2448.0,1893.0,821.0,1121.0,1355.0,2230.0,0.04660111293196678,0.24407252669334412,1,36.90993347813869,-1.248433666105105
2741.0,2196.0,470.0,822.0,735.0,3087.0,-0.0593685656785965,0.6153846383094788,1,36.908406342155686,-1.2095366143027297
2226.0,1868.0,830.0,1056.0,1214.0,2062.0,0.0382462702691555,0.2588522732257843,1,36.91280808704788,-1.2417861330026205
2370.0,2206.0,680.0,912.0,1178.0,1970.0,0.09216590225696564,0.2515883147716522,1,36.90777752145681,-1.2485234976335169
2455.5,2274.0,701.5,864.5,831.0,1921.0,0.12212955206632614,0.396075576543808,1,36.88127722057528,-1.2379233772809066
2238.5,2220.0,686.0,882.0,1155.0,1385.0,0.23554573953151703,0.09055118262767792,1,36.88253486197305,-1.250320128201756
3167.0,2553.5,1110.0,1205.0,1324.0,1359.0,0.3994697332382202,0.013045098632574081,1,36.88540947088223,-1.2398996709059695
2195.0,1774.5,848.0,998.5,1207.0,2029.5,0.03917623311281204,0.25413253903388977,1,36.89582992817802,-1.2508591173722277
2232.0,2248.0,1006.0,1218.0,1414.0,1560.0,0.17721518874168396,0.0490921325981617,1,36.90382493420668,-1.2489726552755767
2254.5,2060.0,1128.0,1282.0,1634.0,1669.0,0.1492290049791336,0.010596427135169506,1,36.92071326154813,-1.2228316805076986
2559.0,2476.0,1150.0,1228.0,1284.0,1770.0,0.1822591871023178,0.15913556516170502,1,36.8904400364733,-1.2529252425257027
2711.0,2168.0,623.5,915.0,1066.0,2503.0,0.03989259526133537,0.40263378620147705,1,36.90490291254763,-1.2103450980584374
2538.0,2286.0,939.0,1202.0,1456.0,1941.0,0.1332886815071106,0.14277303218841553,1,36.898165547916726,-1.2040568910696006
2337.0,2316.0,986.0,1224.0,1520.0,1658.0,0.16996245086193085,0.04342353716492653,1,36.900501167655435,-1.2514879380711112
2475.0,2256.5,894.5,1011.0,1489.0,2044.5,0.09525389969348907,0.15720956027507782,1,36.87067710022267,-1.2285808983260635
2214.0,1825.0,604.0,853.0,936.0,2076.0,0.03216783329844475,0.3784860670566559,1,36.903645271149855,-1.2198672400701043
2465.0,2866.0,1050.0,1180.0,1162.0,1448.0,0.2599028944969177,0.10957854241132736,1,36.88343317725717,-1.235497926013784
2237.0,2033.0,902.0,1118.0,1382.0,1643.0,0.15309278666973114,0.08628099411725998,1,36.899602852371316,-1.23900135562185
2361.0,2126.0,692.0,951.0,1184.0,1852.0,0.12081652134656906,0.22002634406089783,1,36.90831651062728,-1.240618323133265
1836.0,1416.0,772.0,944.0,1056.0,2223.0,-0.095343679189682,0.35590118169784546,1,36.891248520229006,-1.252476084883643
3282.0,2743.5,590.5,871.5,873.5,2382.0,0.15889830887317657,0.4633696675300598,1,36.87418052983074,-1.2429539428719758
3472.0,4055.5,1270.0,1344.0,1220.0,1772.0,0.324180006980896,0.18449197709560394,1,36.88046873681957,-1.2368453989399633
2462.0,2566.0,1190.0,1422.0,1636.0,1744.0,0.17070850729942322,0.031952664256095886,1,36.91325724468994,-1.240977649246913
2711.0,2635.5,1045.0,1306.0,1689.0,2035.0,0.1424357295036316,0.09291084855794907,1,36.905801227831745,-1.2151960005926827
2155.0,2100.0,542.0,752.0,1023.0,1305.0,0.24566474556922913,0.12113402038812637,1,36.883612840313994,-1.2515777695995234
2281.0,2137.5,992.5,1169.0,1399.0,1690.5,0.14868438243865967,0.09435183554887772,1,36.89466211830866,-1.2456488887243344
2326.0,2128.0,1218.0,1462.0,1902.0,2124.0,0.04539325833320618,0.05514157935976982,1,36.89618925429166,-1.2047755432968963
1974.5,1403.0,580.5,800.0,704.5,2532.5,-0.1238074079155922,0.5647203922271729,1,36.87651614956945,-1.2451098995538628
2064.0,1561.0,675.5,920.5,1025.0,2238.5,-0.04055781662464142,0.37184005975723267,1,36.87867210625134,-1.2210350499394595
2594.0,2153.0,631.0,882.0,979.0,2230.0,0.07545605301856995,0.38984107971191406,1,36.90481308101921,-1.2549913676791775
2370.0,2471.0,1550.0,1444.0,1500.0,2020.0,0.07972665131092072,0.14772726595401764,1,36.883882334899226,-1.2384623664513783
2358.0,2237.0,772.0,984.0,1250.0,1694.0,0.1638696938753128,0.1508152186870575,1,36.88855357437665,-1.2499608020881081
2271.0,1650.0,660.0,912.0,1024.0,2652.0,-0.07739183306694031,0.44287267327308655,1,36.91846747333783,-1.2235503327349941
1908.5,1680.5,753.0,797.0,962.0,1233.0,0.2150246649980545,0.12346241623163223,1,36.873372046075026,-1.2423251221730922
2674.5,2286.0,743.0,1073.0,1303.0,2417.0,0.05057448521256447,0.29946237802505493,1,36.88927222660394,-1.2404386600764412
2538.5,2320.0,765.0,1018.5,1260.0,1951.0,0.13086089491844177,0.21519775688648224,1,36.899063863200844,-1.2092671197174938
2476.0,2025.0,1160.0,1490.0,1666.0,2522.0,-0.009203681722283363,0.20439350605010986,1,36.88585862852429,-1.2328029801614253
2237.0,2004.0,843.0,1118.0,1306.0,1832.0,0.09953305125236511,0.16762268543243408,1,36.88325351420034,-1.214477348365387
3001.0,2932.0,1353.0,1304.0,1382.0,2106.0,0.17524965107440948,0.20756880939006805,1,36.88019924223433,-1.2187892617291607
2982.0,2432.0,655.0,943.0,1184.0,2166.0,0.15850815176963806,0.29313433170318604,1,36.89879436861561,-1.2327131486330134
2217.0,2157.5,1021.0,1182.0,1412.0,1593.5,0.16362681984901428,0.060389287769794464,1,36.89520110747913,-1.2178011149166292
2066.0,1819.0,994.0,1186.0,1318.0,1974.0,0.022772276774048805,0.19927096366882324,1,36.884331492541286,-1.2497811390312843
2705.0,2366.0,552.0,790.0,828.0,2415.0,0.056640625,0.4893617033958435,1,36.911460614121694,-1.218160441030277
2230.0,2070.0,636.0,746.0,742.0,2064.0,0.038658592849969864,0.471133291721344,1,36.88262469350146,-1.2496913075028724
2338.0,2233.5,881.0,1089.0,1408.0,1564.0,0.19835981726646423,0.052489906549453735,1,36.87588732887056,-1.231725001820482
2406.5,2511.5,1019.0,1232.0,1487.0,1640.0,0.18942296504974365,0.04892868548631668,1,36.90463341796239,-1.2421454591162684
2039.0,1987.0,792.0,982.0,1334.0,1603.0,0.11971443891525269,0.09159005433320999,1,36.88406199795605,-1.2478048454062214
2329.0,1588.0,479.0,728.0,778.0,2603.0,-0.0555555559694767,0.5397811532020569,1,36.87804328555245,-1.2191485878428086
2422.0,2291.0,891.0,1112.0,1366.0,1700.0,0.17515769600868225,0.10893672704696655,1,36.89008071035965,-1.2552608622644132
2234.0,2103.0,1002.0,1150.0,1386.0,1609.0,0.16263335943222046,0.07445742934942245,1,36.89582992817802,-1.2424149537015041
1989.0,1299.5,450.5,696.0,639.0,2471.0,-0.10807175189256668,0.5890675187110901,1,36.880019579177514,-1.2253469633032332
3082.5,2933.0,1044.0,1389.0,1938.0,2486.0,0.10712040960788727,0.12386979907751083,1,36.88531963935382,-1.2096264458311417
1393.5,1308.5,699.0,787.0,880.5,973.0,0.1776885688304901,0.04990558326244354,1,36.891248520229006,-1.2197774085416921
2248.0,1935.5,648.5,877.0,926.5,1855.0,0.09578357636928558,0.3338126838207245,1,36.87328221454661,-1.2305571919511265
2216.0,1913.0,792.0,1016.0,1210.0,1736.0,0.12145748734474182,0.1785471886396408,1,36.90634021700222,-1.244391247326567
2322.0,1997.0,860.0,1236.0,1372.0,2321.0,0.00021537799329962581,0.25697264075279236,1,36.89681807499055,-1.220046903126928
2877.0,2919.0,1206.0,1444.0,1696.0,2122.0,0.15103021264076233,0.11157674342393875,1,36.89403329760978,-1.2391810186786738
2733.0,2677.5,1578.0,1875.0,1944.0,2035.5,0.14627240598201752,0.02299283817410469,1,36.90283678739415,-1.240618323133265
2548.0,2220.0,646.0,884.0,1104.0,1996.0,0.12147887051105499,0.28774192929267883,1,36.88585862852429,-1.2345996107296644
1967.5,1551.5,802.0,1110.0,1627.0,2417.5,-0.10262257605791092,0.19545061886310577,1,36.87750429638198,-1.2301978658374786
2118.5,1906.5,885.0,1164.0,1451.0,2020.0,0.023800894618034363,0.16392970085144043,1,36.906969037701096,-1.210884087228909
2438.0,2193.0,1050.0,1250.0,1500.0,1750.0,0.16427889466285706,0.07692307978868484,1,36.89753672721784,-1.2117824025130286
2164.0,1624.0,607.0,788.0,816.0,2156.0,0.0018518518190830946,0.45087483525276184,1,36.9047232494908,-1.2547218730939416
2433.0,2256.0,1266.0,1612.0,1866.0,2669.0,-0.04625637084245682,0.17706725001335144,1,36.879121263893396,-1.2337911269739568
2353.0,1997.0,869.0,1100.0,1222.0,2564.0,-0.04291234537959099,0.3544638156890869,1,36.90544190171809,-1.2195079139564564
2259.0,2225.0,1028.0,1248.0,1408.0,1577.0,0.1777893602848053,0.056616414338350296,1,36.88612812310952,-1.248433666105105
2286.0,1896.0,995.0,1250.0,1412.0,2150.0,0.03065825067460537,0.2071869671344757,1,36.90562156477492,-1.2196875770132802
2350.0,2404.0,918.0,1112.0,1382.0,1531.0,0.2110280841588974,0.051150016486644745,1,36.89466211830866,-1.2080094783197266
2483.5,2284.5,1139.0,1395.0,1585.0,1937.5,0.12350147217512131,0.10007097572088242,1,36.92062343001972,-1.2337012954455449
2782.0,2937.0,1350.0,1482.0,1732.0,1802.0,0.21378707885742188,0.01980758272111416,1,36.89690790651896,-1.2186994302007488
2800.5,2051.5,584.5,873.0,1030.5,2587.0,0.0396287702023983,0.4302695095539093,1,36.88379250337081,-1.216273978933626
2384.0,2221.0,814.0,939.5,1035.0,1685.0,0.17178668081760406,0.2389705926179886,1,36.884331492541286,-1.2311860126500103
2461.5,2359.5,868.5,1028.0,1277.0,1430.5,0.26490235328674316,0.05669436603784561,1,36.888194248263,-1.2189689247859847
2285.5,2375.5,1292.0,1455.0,1618.0,1635.0,0.16592271625995636,0.0052259452641010284,1,36.88963155271759,-1.2525659164120548
2120.0,1621.0,1028.0,1202.0,1396.0,2000.0,0.029126213863492012,0.17785629630088806,1,36.91954545167877,-1.240797986190089
2312.0,2312.0,897.0,1158.0,1450.0,1754.0,0.1372356116771698,0.09488140046596527,1,36.87247373079091,-1.231725001820482
2852.0,2478.0,584.0,889.0,858.0,3116.0,-0.04423592612147331,0.568193256855011,1,36.908406342155686,-1.2094467827743178
1663.5,1299.5,691.5,864.5,927.5,1821.5,-0.04533715918660164,0.3252091705799103,1,36.90211813516685,-1.242504785229916
2345.0,2286.5,906.0,1138.0,1423.0,1699.5,0.1595994532108307,0.08855084329843521,1,36.89097902564377,-1.2473556877641616
2142.0,2095.0,1086.0,1328.0,1562.0,1754.0,0.09958932548761368,0.057901084423065186,1,36.89286548774042,-1.2435827635708596
2274.5,1660.0,554.5,811.0,845.5,2319.0,-0.009687601588666439,0.46563437581062317,1,36.9002316730702,-1.225706289416881
2416.5,2261.5,650.5,838.0,1050.0,1473.0,0.24257616698741913,0.16765755414962769,1,36.89304515079725,-1.2233706696781703
2021.0,1891.0,498.0,722.0,1120.0,1826.0,0.05068884789943695,0.23964698612689972,1,36.8761568234558,-1.2337911269739568
1849.0,1515.0,422.0,704.0,719.0,2200.0,-0.0866880714893341,0.5073655247688293,1,36.87714497026833,-1.2154654951779185
2537.0,2366.0,1113.0,1407.0,1725.0,2193.0,0.072727270424366,0.1194486990571022,1,36.919186125565126,-1.2271435938714723
3044.0,3037.0,884.0,1024.0,1250.0,1790.0,0.2594124972820282,0.17763157188892365,1,36.88181620974575,-1.2407081546616772
2582.0,2428.5,1004.0,1281.0,1761.0,2256.5,0.06727291643619537,0.12333540618419647,1,36.92179123988907,-1.2269639308146485
2532.5,2664.5,1367.0,1326.0,1417.0,2203.5,0.06946790218353271,0.21723519265651703,1,36.88549930241064,-1.214746842950623
2504.5,2484.0,715.5,957.5,1782.0,1915.0,0.13338613510131836,0.03597511351108551,1,36.90481308101921,-1.2178011149166292
2286.0,1877.0,831.0,1080.0,1150.0,2363.0,-0.016562702134251595,0.3452889323234558,1,36.897446895689434,-1.2365759043547273
2119.0,1901.5,969.0,1126.0,1398.0,1634.5,0.12907952070236206,0.07798846065998077,1,36.89412312913819,-1.240618323133265
2568.0,2561.0,1146.0,1432.0,1670.0,1782.0,0.18068964779376984,0.03244495764374733,1,36.918916630979886,-1.2443014157981551
2184.0,1987.0,527.5,712.0,898.0,1920.0,0.06432748585939407,0.36266857385635376,1,36.902926618922564,-1.216273978933626
2585.0,2108.0,660.0,1001.0,1052.0,2666.5,-0.01551937498152256,0.43418043851852417,1,36.92035393543448,-1.2385521979797902
2551.0,2120.0,535.0,824.0,921.0,2511.0,0.007902015000581741,0.46328672766685486,1,36.886038291581116,-1.2081891413765504
3215.0,3623.0,1058.0,1164.0,1238.0,1732.0,0.29977765679359436,0.16632996499538422,1,36.87858227472292,-1.2420556275878565
2968.0,2769.5,1121.0,1333.0,1769.0,2103.5,0.17046238481998444,0.0863783061504364,1,36.89798588485991,-1.2195079139564564
2366.5,1773.5,671.0,838.0,917.0,2476.0,-0.02261228673160076,0.45947539806365967,1,36.89996217848497,-1.2243588164907018
2307.0,2261.5,1133.0,1353.0,1608.0,1813.0,0.11990291625261307,0.05992399901151657,1,36.8995130208429,-1.2542727154518818
2710.0,2307.5,886.5,1165.0,1409.0,2124.0,0.12122465670108795,0.202377587556839,1,36.886487449223175,-1.2504997912585798
2417.5,1785.0,581.5,847.0,956.5,2456.5,-0.008001641370356083,0.4394960403442383,1,36.884780650183345,-1.214477348365387
2924.0,2592.0,831.0,1086.0,1556.0,2746.0,0.031393297016620636,0.27661553025245667,1,36.8964587488769,-1.2267842677578245
2521.0,2348.5,1087.0,1317.0,1583.0,2029.0,0.10813187062740326,0.12347729504108429,1,36.89394346608137,-1.2403488285480293
2558.0,2451.0,872.0,1118.0,1444.0,1819.0,0.16883710026741028,0.11492491513490677,1,36.92098275613336,-1.2265147731725887
2450.0,2338.0,984.0,1178.0,1530.0,1754.0,0.16555660963058472,0.06820949912071228,1,36.920803093076536,-1.2251673002464094
1957.5,1717.0,652.0,788.0,846.5,1877.5,0.020860495045781136,0.3784875273704529,1,36.88846374284824,-1.2413369753605608
2041.0,2015.0,1046.0,1108.0,1164.0,1254.0,0.23884673416614532,0.03722084313631058,1,36.908136847570454,-1.2216638706383431
3200.0,2949.0,1374.0,957.0,867.0,1831.0,0.2721129059791565,0.3573017120361328,1,36.88531963935382,-1.2469963616505138
2084.5,2000.5,943.0,1164.0,1399.0,1575.0,0.13922667503356934,0.059179555624723434,1,36.88325351420034,-1.248703160690341
2825.0,2508.0,870.5,1146.0,1346.0,2261.5,0.11078344285488129,0.2537768483161926,1,36.88738576450729,-1.2405284916048531
2292.0,2023.0,742.0,958.0,1130.0,1937.0,0.08394419401884079,0.2631235718727112,1,36.90993347813869,-1.242504785229916
2547.5,2308.5,854.5,1072.0,1536.0,1904.5,0.14442947506904602,0.1071065217256546,1,36.900321504598615,-1.2063925108083113
2727.0,2528.0,1100.0,1382.0,1662.0,2028.0,0.1470031589269638,0.09918699413537979,1,36.92286921823001,-1.2359470836558437
1822.0,1680.5,654.5,798.0,941.5,1164.0,0.22036169469356537,0.105675607919693,1,36.879570421535455,-1.2275029199851202
2316.0,2279.0,937.5,1155.0,1374.0,1635.5,0.17221307754516602,0.08689150959253311,1,36.90104015682591,-1.2496014759744603
2537.0,2470.0,1194.0,1404.0,1716.0,1948.0,0.13132664561271667,0.06331877410411835,1,36.89223666704154,-1.2440319212129194
2338.0,2161.0,672.0,872.0,1122.0,1603.0,0.1865008920431137,0.17651376128196716,1,36.88415182948446,-1.2348691053149001
2552.0,2575.0,1142.0,1336.0,1626.0,1828.0,0.16529680788516998,0.05848291888833046,1,36.89412312913819,-1.239270850207086
2180.5,1507.5,655.5,885.5,964.0,2055.0,0.029630504548549652,0.3613779544830322,1,36.893404476910895,-1.2266046047010006
2564.0,1929.0,697.0,1066.0,1189.0,3098.5,-0.09439293295145035,0.44536444544792175,1,36.90337577656462,-1.2136688646096796
2576.0,2484.0,872.0,1112.0,1350.0,1882.0,0.15567518770694733,0.16460396349430084,1,36.90562156477492,-1.2404386600764412
2406.0,2039.0,980.0,1260.0,1648.0,1933.0,0.10901129245758057,0.0795867070555687,1,36.885229807825404,-1.2104349295868493
2402.5,2393.0,1112.0,1437.0,1661.0,2130.5,0.06000441312789917,0.12382961809635162,1,36.89205700398472,-1.2153756636495066
1978.0,1641.0,584.0,806.0,1146.0,1708.0,0.07325013726949692,0.1969166100025177,1,36.883343345728754,-1.212501054740324
2955.0,2702.0,930.0,1210.0,1456.0,2326.0,0.1191062331199646,0.23003701865673065,1,36.908136847570454,-1.2079196467913145
2289.5,2210.5,997.0,1217.0,1462.0,1727.0,0.14004731178283691,0.0830981507897377,1,36.901758809053206,-1.251937095713171
2403.0,2455.0,865.0,1116.0,1287.0,1858.0,0.1279042512178421,0.1815580278635025,1,36.90355543962144,-1.216633305047274
2142.0,1617.0,434.0,642.0,728.0,2358.0,-0.04800000041723251,0.5281918048858643,1,36.87588732887056,-1.2169926311609218
2811.5,2606.0,990.5,1290.0,1607.0,1911.0,0.19068290293216705,0.08641273528337479,1,36.887475596035706,-1.252116758769995
2230.0,2019.0,1144.0,1374.0,1722.0,1966.0,0.062917061150074,0.06616052240133286,1,36.885050144768584,-1.2104349295868493
1495.0,1002.0,552.0,720.0,695.0,1734.0,-0.07401672005653381,0.42774805426597595,1,36.87292288843297,-1.2225621859224627
2117.0,1992.5,809.0,1050.0,1356.0,1895.0,0.055333998054265976,0.16579513251781464,1,36.877863622495624,-1.2292995505533593
2502.0,2511.0,1160.0,1370.0,1606.0,2041.0,0.10147479921579361,0.11927611380815506,1,36.890529868001714,-1.2226520174508748
2680.0,2686.5,1062.0,1300.0,1484.0,1952.5,0.15704263746738434,0.13633057475090027,1,36.88630778616635,-1.2498709705596962
2588.0,2689.0,934.0,1048.0,1300.0,1640.0,0.22421948611736298,0.11564625799655914,1,36.89762655874625,-1.2393606817354978
2314.0,2289.0,1110.0,1286.0,1560.0,1715.0,0.14867213368415833,0.047328244894742966,1,36.89565026512119,-1.2563388406053568
2796.0,2675.0,1044.0,1350.0,1566.0,1972.0,0.17281879484653473,0.1147540956735611,1,36.9190064625083,-1.2438522581560953
2482.0,2493.5,840.0,1051.0,1713.0,1901.0,0.13255761563777924,0.05201992392539978,1,36.8799297476491,-1.2189689247859847
2522.0,2252.0,1056.0,1356.0,1630.0,2008.0,0.11346578598022461,0.10390324145555496,1,36.90517240713286,-1.237204725053611
2450.5,2505.0,932.5,1138.0,1372.0,1584.0,0.21477258205413818,0.07171853631734848,1,36.90669954311586,-1.2459183833095704
2317.0,1895.0,844.0,1140.0,1456.0,2234.0,0.018237749114632607,0.210840106010437,1,36.882175535859396,-1.2173519572745695
2278.0,1748.0,752.0,1090.0,1222.0,2390.0,-0.023993145674467087,0.32336655259132385,1,36.87804328555245,-1.2110637502857329
2254.5,2278.5,838.5,1079.0,1357.0,1582.5,0.17513681948184967,0.07671372592449188,1,36.902207966695265,-1.2515777695995234
2485.0,2040.5,884.0,1197.0,1396.0,2478.0,0.0014104372821748257,0.2792978882789612,1,36.899872346956556,-1.224089321905466
2214.5,2212.0,776.0,935.0,1306.0,1567.0,0.1712283492088318,0.09084580838680267,1,36.89376380302454,-1.2118722340414405
2294.0,2256.0,934.0,1164.0,1386.0,1892.0,0.09603440016508102,0.15436241030693054,1,36.90373510267827,-1.2173519572745695
3047.5,3174.0,1522.0,1744.0,1723.0,2114.0,0.1808582842350006,0.10190252959728241,1,36.888194248263,-1.2452895626106866
2407.5,2276.5,1026.0,1233.0,1386.0,2246.0,0.034705061465501785,0.23678414523601532,1,36.90301645045097,-1.2403488285480293
2274.0,2226.0,838.0,1116.0,1478.0,1788.0,0.11964549124240875,0.09491732716560364,1,36.87202457314885,-1.2307368550079505
2403.0,2798.0,711.5,813.5,835.0,1111.5,0.3674775958061218,0.14204983413219452,1,36.88091789446163,-1.2372945565820228
2381.0,2458.0,907.0,1068.0,1340.0,1592.0,0.198590487241745,0.0859481617808342,1,36.90831651062728,-1.243043774400388
2399.0,2421.0,786.0,968.0,1110.0,1815.0,0.1385856717824936,0.2410256415605545,1,36.9084961736841,-1.2439420896845075
2446.0,1987.0,572.5,888.0,873.0,3342.5,-0.15487605333328247,0.5858142375946045,1,36.90014184154179,-1.2066620053935473
3208.0,2574.0,2216.0,2644.0,2966.0,3094.0,0.018089495599269867,0.02112211287021637,1,36.88864340590506,-1.2197774085416921
2231.5,1847.0,897.0,1100.0,1328.0,1617.0,0.1596726030111313,0.0981324315071106,1,36.910562298837576,-1.2231910066213465
2280.5,2197.5,1037.0,1188.0,1378.0,1490.0,0.20965389907360077,0.039051603525877,1,36.89160784634265,-1.2513082750142874
2145.0,2072.0,923.0,855.0,1003.0,1504.0,0.17566455900669098,0.19984044134616852,1,36.879300926950215,-1.24268444828674
3025.0,3184.5,1156.0,1058.0,1201.0,1697.5,0.2811011075973511,0.17129549384117126,1,36.903196113507796,-1.2158248212915663
1569.5,1436.5,670.0,843.0,918.0,1271.5,0.10489264130592346,0.16145238280296326,1,36.90229779822368,-1.21277054932556
2821.0,2726.5,669.0,861.5,1217.0,1655.5,0.26035964488983154,0.1526544839143753,1,36.895290939007545,-1.220406229240576
2412.0,1963.0,672.0,956.0,1130.0,2322.0,0.01901140622794628,0.3453070819377899,1,36.878851769308156,-1.22013673465534
2423.0,2455.0,1196.0,1378.0,1730.0,1889.0,0.12384044378995895,0.043934788554906845,1,36.89556043359278,-1.2084586359617864
3071.0,2343.0,554.0,800.0,1152.0,2499.0,0.10269299894571304,0.3689400255680084,1,36.8949316128939,-1.227772414570356
2379.0,2195.0,873.0,1130.0,1262.0,2244.5,0.029090516269207,0.28019392490386963,1,36.90526223866127,-1.2058535216378397
3225.0,3346.0,1036.0,1074.0,1246.0,1638.0,0.32634177803993225,0.13592232763767242,1,36.88702643839365,-1.2448404049686268
2786.5,2669.0,970.5,1033.5,1211.0,1654.5,0.2548975348472595,0.1547722965478897,1,36.89502144442231,-1.220406229240576
2046.0,1787.0,752.0,946.0,1220.0,1521.0,0.14718250930309296,0.10981393605470657,1,36.872833056904554,-1.2340606215591927
2688.0,2310.5,778.5,1053.0,1234.0,2468.5,0.04256763309240341,0.333423376083374,1,36.903914765735095,-1.235497926013784
2611.0,2455.0,1112.0,1380.0,1820.0,2175.0,0.09109903872013092,0.08886107802391052,1,36.87678564415468,-1.2474455192925735
2090.0,1432.0,681.5,999.5,1161.0,2509.0,-0.09110676497220993,0.36730244755744934,1,36.888194248263,-1.227592751513532
3185.0,3417.0,665.0,832.0,1146.0,1594.0,0.3329148292541504,0.16350364685058594,1,36.87759412791039,-1.24681669859369
2312.5,1806.5,775.5,987.0,1009.0,2372.0,-0.012701462022960186,0.40313518047332764,1,36.9205335984913,-1.2403488285480293
2437.0,2411.0,963.0,1152.0,1466.0,1608.0,0.20494437217712402,0.04619388282299042,1,36.90463341796239,-1.2494218129176364
2306.0,2318.0,957.0,1148.0,1384.0,1649.0,0.1661188304424286,0.08737223595380783,1,36.89547060206437,-1.2416963014742086
2413.0,2218.0,940.0,1166.0,1312.0,1732.0,0.16429433226585388,0.13797634840011597,1,36.90607072241698,-1.207200994564019
2339.0,2127.0,778.0,1005.0,1306.0,1979.0,0.08337192982435226,0.20487062633037567,1,36.88738576450729,-1.216273978933626
2465.5,2327.0,866.5,1129.0,1494.0,1830.0,0.14794552326202393,0.10108303278684616,1,36.894572286780246,-1.2410674807753248
2297.0,2318.0,624.0,812.0,1262.0,1632.0,0.16925425827503204,0.1278507262468338,1,36.88469081865493,-1.233431800860309
2608.0,2341.5,743.0,983.0,1296.0,1820.0,0.1779584437608719,0.16816431283950806,1,36.90634021700222,-1.208997625132258
2144.5,2015.0,937.0,1146.0,1256.0,1912.5,0.05718511343002319,0.20719583332538605,1,36.90795718451363,-1.2152858321210946
2112.5,1891.5,1082.0,1369.0,1584.0,2031.5,0.019546331837773323,0.12377264350652695,1,36.90274695586574,-1.2417861330026205
2681.5,2596.0,997.5,1269.0,1628.0,2007.5,0.1437406688928604,0.10438729077577591,1,36.917928484167355,-1.2248079741327615
2012.0,1693.0,731.0,956.0,961.0,2225.0,-0.0502714179456234,0.3967357277870178,1,36.87651614956945,-1.2456488887243344
2315.0,2038.0,712.0,924.0,1110.0,2401.0,-0.018235793337225914,0.3677015006542206,1,36.90445375490556,-1.212860380853972
2324.0,2270.0,701.0,898.0,1192.0,1418.0,0.2421165108680725,0.08659003674983978,1,36.89403329760978,-1.2098959404163776
2469.0,2140.0,640.0,878.0,1146.0,2217.0,0.05377721041440964,0.3184656500816345,1,36.898165547916726,-1.2043263856548365
2525.0,1750.0,570.0,856.0,914.0,2322.0,0.04188157618045807,0.4351050555706024,1,36.87804328555245,-1.2159146528199782
2305.0,2236.0,1044.0,1298.0,1528.0,1760.0,0.13407133519649506,0.07055961340665817,1,36.90714870075792,-1.2469963616505138
2543.5,2441.0,1196.0,1421.0,1637.0,2077.5,0.10084397345781326,0.11858931183815002,1,36.902926618922564,-1.252476084883643
2253.0,2119.0,614.0,788.0,1366.0,1592.0,0.1719115674495697,0.07640297710895538,1,36.919635283207185,-1.22381982732023
2369.0,2108.0,822.0,1018.0,1178.0,1853.0,0.12221696227788925,0.22269877791404724,1,36.906250385473804,-1.2422352906446803
3013.0,3002.0,1818.0,2100.0,2236.0,2261.5,0.14247795939445496,0.005669816397130489,1,36.88801458520618,-1.2419657960594443
2837.0,2447.0,685.0,893.0,1451.0,1837.0,0.21394950151443481,0.11739659309387207,1,36.87471951900121,-1.2433132689856237
2176.0,2011.0,820.0,1044.0,1180.0,1715.0,0.11847853660583496,0.184801384806633,1,36.901489314467966,-1.2431336059287998
2985.5,2735.5,968.5,1353.0,1831.0,2285.5,0.13280212879180908,0.11040932685136795,1,36.90643004853062,-1.2096264458311417
4208.0,3902.0,2039.0,1438.0,1350.0,2333.0,0.28665342926979065,0.26690196990966797,1,36.8739110352455,-1.2431336059287998
2401.5,2279.5,820.0,1067.0,1286.0,1798.0,0.14370758831501007,0.16601815819740295,1,36.90526223866127,-1.2154654951779185
2363.0,2380.0,881.0,1082.0,1316.0,1596.0,0.19373579323291779,0.09615384787321091,1,36.89133835175742,-1.2551710307360013
2518.0,1997.0,548.0,844.0,916.0,2524.0,-0.00119000393897295,0.4674418568611145,1,36.87687547568309,-1.2267842677578245
2314.0,2270.0,967.0,1184.0,1416.0,1562.0,0.19401444494724274,0.04902619123458862,1,36.889811215774415,-1.2443014157981551
2701.0,2643.0,997.0,1162.0,1690.0,1890.0,0.17664997279644012,0.05586592108011246,1,36.89475194983707,-1.214746842950623
2659.0,2388.0,1146.0,1426.0,1742.0,2302.0,0.07196129858493805,0.13847675919532776,1,36.89097902564377,-1.2423251221730922
2274.0,2137.0,938.0,1110.0,1390.0,1794.0,0.11799409985542297,0.12688441574573517,1,36.89753672721784,-1.2083688044333742
1747.0,1561.0,1404.0,1624.0,1440.0,1554.0,0.05846713110804558,0.03807615116238594,1,36.88675694380841,-1.2328029801614253
2791.0,2366.0,902.0,1240.0,1410.0,2591.0,0.037160906940698624,0.2951762080192566,1,36.90382493420668,-1.2357674205990197
2486.0,2439.0,858.0,1128.0,1218.0,2355.0,0.027060525491833687,0.31821998953819275,1,36.920803093076536,-1.2310063495931862
2252.5,2255.5,971.5,1184.0,1449.0,1579.0,0.17577971518039703,0.04293262958526611,1,36.90526223866127,-1.2429539428719758
2625.0,2529.0,1088.0,1434.0,1754.0,1960.0,0.1450381726026535,0.055465806275606155,1,36.89852487403037,-1.2097162773595536
2174.0,1952.0,786.0,1012.0,1206.0,1690.0,0.12525880336761475,0.1671270728111267,1,36.875528002756916,-1.2300182027806548
3049.0,2962.5,1127.0,826.0,796.0,1867.0,0.24043938517570496,0.40217798948287964,1,36.87058726869426,-1.229748708195419
2540.5,1842.5,563.0,873.5,898.0,2671.0,-0.025040775537490845,0.49677780270576477,1,36.893404476910895,-1.2186095986723369
2295.0,2169.0,776.0,990.0,1116.0,2081.0,0.04890310764312744,0.3018454909324646,1,36.899872346956556,-1.2175316203313935
2341.0,2325.0,850.0,1040.0,1334.0,1578.0,0.19469252228736877,0.08379121124744415,1,36.90121981988273,-1.2403488285480293
2376.0,2089.0,751.0,991.0,1290.0,1974.0,0.09241379052400589,0.20955882966518402,1,36.89897403167244,-1.2080094783197266
2384.0,2227.0,1126.0,1426.0,1614.0,1975.0,0.09382885694503784,0.10058511793613434,1,36.891967172456305,-1.239270850207086
2381.0,2296.0,932.0,1128.0,1442.0,1691.0,0.16944989562034607,0.07947654277086258,1,36.91011314119552,-1.2452895626106866
2575.0,2503.0,1260.0,1462.0,1708.0,1856.0,0.1622658520936966,0.041526373475790024,1,36.908136847570454,-1.2472658562357497
2637.0,2159.0,1102.0,1353.0,1474.0,2177.0,0.09555463492870331,0.19254998862743378,1,36.88208570433099,-1.2138485276665034
1677.0,1477.0,564.0,971.0,1378.0,1422.0,0.0822846069931984,0.015714285895228386,1,36.874090698302325,-1.2362165782410794
2479.5,2316.0,724.5,965.5,1346.0,1744.0,0.1741446703672409,0.1288025826215744,1,36.89277565621201,-1.2236401642634063
2604.5,2519.0,885.5,1155.0,1473.0,1989.0,0.13399368524551392,0.14904679358005524,1,36.92062343001972,-1.2242689849622899
2334.0,2265.0,1074.0,1332.0,1572.0,1976.0,0.08306264132261276,0.11386696994304657,1,36.877683959438805,-1.2432234374572118
2679.5,2214.0,434.5,692.0,809.0,2483.0,0.03806295245885849,0.5085054636001587,1,36.88558913393906,-1.216273978933626
1339.0,1114.0,523.0,642.0,705.0,719.0,0.30126336216926575,0.009831461124122143,1,36.88702643839365,-1.2328928116898372
2314.5,1776.5,1524.0,1727.0,2066.0,2503.0,-0.039128176867961884,0.09564456343650818,1,36.89223666704154,-1.2292995505533593
3232.0,2647.0,1064.0,804.0,826.0,2026.0,0.2293647825717926,0.42075735330581665,1,36.888823068961884,-1.2054043639957799
2530.0,2206.0,918.5,945.0,922.0,2546.0,-0.003152088262140751,0.46828141808509827,1,36.92089292460495,-1.2212147129962834
2376.0,2156.0,648.0,867.0,1019.0,2197.5,0.039029188454151154,0.36639204621315,1,36.911730108706934,-1.2366657358831392
2324.0,2338.0,1312.0,1606.0,1822.0,1787.0,0.1306251585483551,-0.00969797745347023,1,36.913706402332,-1.2444810788549792
2155.0,2081.0,938.0,1102.0,1296.0,1544.0,0.1651797741651535,0.08732394129037857,1,36.89079936258695,-1.2439420896845075
2168.0,1577.0,524.0,775.0,805.0,2400.0,-0.050788089632987976,0.4976598918437958,1,36.91190977176375,-1.2214842075815193
2231.0,1698.0,418.0,631.0,692.0,2350.0,-0.025976860895752907,0.5450361371040344,1,36.87750429638198,-1.2137586961380915
2462.0,2154.0,753.0,1036.0,1162.0,2482.0,-0.004045307636260986,0.3622393012046814,1,36.91541320137182,-1.2386420295082021
2499.5,2052.5,820.5,1120.0,1375.0,2131.0,0.07958103716373444,0.21563035249710083,1,36.886217954637935,-1.2357674205990197
2662.0,2468.0,590.0,812.0,1400.0,2135.0,0.10986033082008362,0.20792078971862793,1,36.8746296874728,-1.220316397712164
2736.0,2196.0,806.0,1106.0,1276.0,3010.0,-0.047685347497463226,0.4045730233192444,1,36.91613185359912,-1.2196875770132802
2342.0,2264.0,984.0,1268.0,1556.0,1810.0,0.12813101708889008,0.07546048611402512,1,36.89726723263261,-1.205045037882132
2647.0,2527.5,1166.0,1408.0,1803.0,2133.0,0.10753138363361359,0.0838414654135704,1,36.907687689928395,-1.2118722340414405
1810.0,1450.0,1001.0,1170.0,1246.0,1800.0,0.002770083025097847,0.18187786638736725,1,36.872833056904554,-1.2178909464450411
2374.5,2310.0,849.0,1058.0,1355.0,1545.5,0.21147958934307098,0.06567832827568054,1,36.88963155271759,-1.2451098995538628
2292.5,2269.5,752.0,966.5,1246.0,1483.0,0.21440868079662323,0.08684499561786652,1,36.89897403167244,-1.20495520635372
2499.0,2506.0,930.0,1176.0,1468.0,1664.0,0.200576514005661,0.06257981806993484,1,36.90651988005904,-1.2416963014742086
2683.0,2515.0,1204.0,1376.0,1954.0,2262.0,0.08513650298118591,0.07305502891540527,1,36.90831651062728,-1.2149265060074468
2213.0,2250.0,1024.0,1246.0,1422.0,1584.0,0.16565710306167603,0.053892213851213455,1,36.892416330098364,-1.2544523785087058
2233.0,1556.0,449.0,640.0,651.0,2046.0,0.04370179772377014,0.517241358757019,1,36.920264103906064,-1.2186095986723369
2231.0,2188.0,881.0,1058.0,1214.0,1585.0,0.16928720474243164,0.13254733383655548,1,36.89286548774042,-1.252206590298407
2274.0,2256.0,1027.0,1195.0,1384.0,1701.0,0.14415094256401062,0.10275527089834213,1,36.891518014814245,-1.2497811390312843
2517.0,2369.0,990.0,1294.0,1564.0,2008.0,0.11248619109392166,0.12430011481046677,1,36.893404476910895,-1.2041467225980125
2732.0,2604.0,1136.0,1486.0,2032.0,2426.0,0.05932531878352165,0.08838044106960297,1,36.918287810281,-1.225796120945293
2455.0,2096.0,1426.0,1808.0,2074.0,2519.0,-0.012866907753050327,0.09688656777143478,1,36.91487421220135,-1.224179153433878
2157.0,1715.0,542.0,760.0,893.0,2010.0,0.03527717664837837,0.3847743570804596,1,36.87112625786473,-1.2265147731725887
2343.0,2329.5,937.5,1157.0,1372.0,1691.5,0.16148221492767334,0.10429247468709946,1,36.88963155271759,-1.2515777695995234
2581.0,2315.0,910.0,1106.0,1046.0,2378.0,0.04093567281961441,0.3890186846256256,1,36.904094428791915,-1.2549913676791775
2851.0,2857.0,1042.0,1042.0,986.0,1908.0,0.1981508731842041,0.3185901939868927,1,36.91020297272393,-1.2515777695995234
2413.0,2369.0,705.0,893.0,1224.0,1603.0,0.20169322192668915,0.13406437635421753,1,36.909124994382985,-1.2233706696781703
1779.5,1218.5,604.5,780.0,969.5,1847.0,-0.01861298829317093,0.3115569055080414,1,36.87445002441597,-1.2224723543940508
2003.5,1584.5,600.0,802.5,898.5,1987.0,0.004134820308536291,0.3772309720516205,1,36.887655259092526,-1.2174417888029816
2652.0,2509.5,991.0,1218.0,1569.0,1897.0,0.1659705489873886,0.09463358670473099,1,36.90876566826934,-1.2152858321210946
2681.0,2379.0,787.5,1064.0,1137.0,2267.5,0.08356067538261414,0.3320605158805847,1,36.91873696792307,-1.2217537021667553
2545.0,2244.0,736.0,1017.0,1235.0,2233.5,0.06518781930208206,0.28787660598754883,1,36.92331837587207,-1.2319046648773058
2094.0,1952.0,998.0,1122.0,1276.0,1368.0,0.20970536768436432,0.034795764833688736,1,36.8994231893145,-1.2380132088093185
1965.0,1535.0,650.0,817.0,817.5,1784.5,0.048139750957489014,0.3716371953487396,1,36.87570766581374,-1.2421454591162684
2342.5,2157.5,1025.0,1311.0,1534.0,1995.5,0.07999078184366226,0.13075506687164307,1,36.903645271149855,-1.2095366143027297
2517.0,2526.0,978.0,1202.0,1534.0,1744.0,0.18141281604766846,0.06406345218420029,1,36.901758809053206,-1.244930236497039
4332.0,4544.0,3260.0,3780.0,4080.0,3969.0,0.043729670345783234,-0.013790532946586609,1,36.88639761769476,-1.2455590571959225
2368.0,2420.0,1128.0,1336.0,1513.0,1697.0,0.165067657828331,0.05732087045907974,1,36.90337577656462,-1.244391247326567
2293.0,2027.0,740.0,1002.0,1058.0,2178.0,0.025721315294504166,0.34610629081726074,1,36.892146835513124,-1.2286707298544755
1881.0,1598.0,742.0,1014.0,1166.0,2292.0,-0.09849029779434204,0.32562175393104553,1,36.893853634552954,-1.2179807779734533
2897.0,2781.0,630.0,902.0,1148.0,2006.0,0.18172547221183777,0.27203550934791565,1,36.9084961736841,-1.218250272558689
2300.0,1604.0,654.0,963.0,1000.0,2620.0,-0.06504064798355103,0.4475138187408447,1,36.902926618922564,-1.2553506937928254
1929.5,1569.5,897.5,1177.0,1315.0,2394.5,-0.10753931850194931,0.2910095751285553,1,36.90256729280891,-1.2404386600764412
2949.0,2260.0,590.0,894.0,1238.0,2880.0,0.011837365105748177,0.39873725175857544,1,36.89520110747913,-1.2284012352692397
2499.5,2317.0,829.0,1105.0,1370.0,2075.0,0.09279702603816986,0.20464441180229187,1,36.887655259092526,-1.210973918757321
1893.0,1231.0,478.0,701.0,701.0,2600.0,-0.1573558896780014,0.5752801895141602,1,36.8716652470352,-1.2246283110759377
2696.0,2408.0,2106.0,2618.0,2540.0,3068.0,-0.06453851610422134,0.09415121376514435,1,36.87660598109786,-1.2471760247073376
2525.0,2466.0,979.0,1154.0,1452.0,1706.0,0.19357125461101532,0.08043064922094345,1,36.896728243462135,-1.2124112232119122
2284.5,2172.0,719.0,927.5,1113.0,1824.0,0.11208470165729523,0.24208375811576843,1,36.90795718451363,-1.244930236497039
2088.0,1714.0,492.0,680.0,665.0,1881.0,0.05215419456362724,0.4776119291782379,1,36.916042022070705,-1.222113028280403
2073.0,1657.0,667.0,894.0,978.0,1780.0,0.07604464143514633,0.2907904386520386,1,36.8889129004903,-1.2227418489792867
2049.0,1959.0,677.0,862.0,1122.0,1426.0,0.1792805790901184,0.11930926144123077,1,36.8949316128939,-1.2070213315071951
3266.0,3168.0,1338.0,1660.0,1510.0,1924.0,0.2585741877555847,0.12055911123752594,1,36.88828407979141,-1.2460980463663942
2277.0,2093.5,523.0,741.5,1172.0,1978.0,0.07027027010917664,0.25587302446365356,1,36.902207966695265,-1.2139383591949153
2398.5,2458.5,1102.0,1298.0,1571.0,1814.5,0.1386185586452484,0.07192438095808029,1,36.911460614121694,-1.2431336059287998
2545.0,2228.0,496.0,760.0,1043.0,2086.0,0.09911466389894485,0.3333333432674408,1,36.88855357437665,-1.2095366143027297
1786.5,1790.5,752.0,843.0,987.5,1201.5,0.19578313827514648,0.09776153415441513,1,36.87983991612069,-1.227682583041944
2525.5,2541.0,903.0,1165.0,1522.0,1720.5,0.1895902007818222,0.06121819466352463,1,36.8964587488769,-1.2060331846946635
2904.0,2911.0,1352.0,1664.0,1946.0,2142.0,0.15101070702075958,0.04794520512223244,1,36.898884200144025,-1.2399895024343814
2637.5,2530.0,1171.0,1451.0,1709.0,2009.5,0.13514095544815063,0.08081215620040894,1,36.902926618922564,-1.2495116444460483
2523.0,2353.0,1446.0,1692.0,1922.0,2083.0,0.09552757441997528,0.040199749171733856,1,36.91658101124118,-1.2413369753605608
1881.0,1231.0,448.0,645.0,596.0,2369.0,-0.11482352763414383,0.5979763865470886,1,36.87660598109786,-1.2134892015528556
1954.0,1854.0,972.0,1130.0,1202.0,1592.0,0.1020868569612503,0.13958482444286346,1,36.87561783428533,-1.2453793941390987
2694.5,2256.0,626.0,969.0,1020.0,3036.5,-0.05967544764280319,0.49710342288017273,1,36.88900273201871,-1.2302876973658907
1933.0,1746.0,924.0,1172.0,1382.0,1722.0,0.05772913992404938,0.1095360815525055,1,36.88954172118918,-1.2545422100371177
2131.5,1720.5,500.5,708.0,750.5,1872.5,0.06468531489372253,0.4277544915676117,1,36.87777379096721,-1.2290300559681233
3153.0,3207.0,1014.0,986.0,1100.0,2069.0,0.20758330821990967,0.3057746887207031,1,36.90059099918385,-1.2489726552755767
2412.0,2094.0,952.0,1284.0,1542.0,2310.0,0.021601015701889992,0.1993769407272339,1,36.9047232494908,-1.208907793603846
2506.0,2037.0,518.0,740.0,750.0,2475.0,0.006223649717867374,0.5348837375640869,1,36.87660598109786,-1.2366657358831392
2605.5,2441.5,1119.0,1380.0,1754.0,2184.0,0.08800501376390457,0.10919248312711716,1,36.90283678739415,-1.2494218129176364
2361.0,2263.0,1014.0,1262.0,1476.0,1715.0,0.15848872065544128,0.07489815354347229,1,36.91406572844564,-1.242774279815152
2408.0,2322.0,1248.0,1438.0,1602.0,1826.0,0.1374586671590805,0.06534422188997269,1,36.905352070189686,-1.2204960607689879
2790.0,2581.0,664.0,915.0,1322.0,2121.0,0.13622480630874634,0.23206506669521332,1,36.9100233096671,-1.2175316203313935
2338.0,1810.0,774.0,1038.0,1188.0,2491.0,-0.031683579087257385,0.35417231917381287,1,36.88037890529116,-1.2242689849622899
2154.0,2085.5,958.0,1183.0,1415.0,1622.5,0.14073878526687622,0.06831275671720505,1,36.897446895689434,-1.2175316203313935
2394.0,2335.0,1308.0,1478.0,1628.0,1704.0,0.16837482154369354,0.022809123620390892,1,36.899063863200844,-1.2511286119574636
2299.5,1858.0,735.0,982.0,1075.0,2265.0,0.007558330427855253,0.35628741979599,1,36.89978251542814,-1.2375640511672588
2315.5,2161.0,854.0,1011.5,1210.0,1638.5,0.17121902108192444,0.15043005347251892,1,36.89915369472926,-1.2544523785087058
2459.0,2475.0,1066.0,1340.0,1582.0,1710.0,0.1796593964099884,0.038882140070199966,1,36.91532336984341,-1.242864111343564
2381.0,2287.0,1036.0,1244.0,1516.0,1626.0,0.18842026591300964,0.03500954806804657,1,36.90903516285457,-1.2459183833095704
2632.0,2433.5,1487.0,1563.0,1772.0,2401.5,0.045793186873197556,0.1508326381444931,1,36.903914765735095,-1.2042365541264246
2170.0,1552.0,460.0,703.0,728.0,2586.0,-0.0874684602022171,0.5606517791748047,1,36.880019579177514,-1.2245384795475258
2562.0,2492.5,1038.0,1190.0,1429.0,1607.5,0.22892433404922485,0.058784786611795425,1,36.90948432049663,-1.2186994302007488
2128.0,2097.0,990.0,1240.0,1450.0,1620.0,0.1355389505624771,0.055374592542648315,1,36.873372046075026,-1.2321741594625417
2415.0,2320.5,1060.0,1351.0,1610.0,1979.5,0.09910114854574203,0.10293912887573242,1,36.90616055394539,-1.20495520635372
2503.0,1829.0,509.0,718.0,883.0,2281.0,0.04640468209981918,0.44184577465057373,1,36.883343345728754,-1.2191485878428086
2456.5,2300.0,925.0,1074.0,1416.0,1908.0,0.12567304074764252,0.14801444113254547,1,36.90337577656462,-1.2039670595411887
2127.0,2060.0,818.0,1014.0,1190.0,1644.0,0.128082737326622,0.16019760072231293,1,36.89475194983707,-1.2063026792798994
2440.5,2310.5,821.0,1016.0,1157.0,1570.0,0.21705523133277893,0.15144847333431244,1,36.89780622180308,-1.2461878778948061
1444.0,1332.0,709.0,850.0,954.0,1124.0,0.12461059540510178,0.08180943131446838,1,36.887475596035706,-1.223909658848642
2562.0,2741.0,1140.0,1312.0,1482.0,1784.0,0.17901518940925598,0.09246785193681717,1,36.90202830363844,-1.2368453989399633
2500.0,2184.0,571.0,836.0,1364.0,1945.0,0.12485939264297485,0.17558175325393677,1,36.90804701604204,-1.218340104087101
2096.0,1757.0,899.0,1102.0,1286.0,2001.0,0.023187698796391487,0.21752357482910156,1,36.91262842399105,-1.2422352906446803
3410.5,3477.5,1266.0,1636.0,1862.0,2581.0,0.1384461373090744,0.16182759404182434,1,36.918287810281,-1.2217537021667553
2671.0,2635.0,1002.0,1246.0,1538.0,1637.0,0.2400185763835907,0.031181102618575096,1,36.89825537944514,-1.2091772881890819
2245.0,2200.0,1019.0,1258.0,1528.0,1724.0,0.13126732409000397,0.060270603746175766,1,36.89511127595072,-1.2092671197174938
2514.0,2386.0,1096.0,1360.0,1622.0,1918.0,0.13447652757167816,0.08361581712961197,1,36.90086049376909,-1.237204725053611
3084.5,2530.5,967.0,1333.0,1979.0,2573.5,0.0903145968914032,0.1305875927209854,1,36.907687689928395,-1.2363064097694914
2383.0,1710.0,631.0,924.0,1004.0,2695.0,-0.061441510915756226,0.45715057849884033,1,36.90903516285457,-1.2077399837344907
2520.5,2078.0,1092.0,1273.0,1509.0,2349.0,0.0352192223072052,0.217729389667511,1,36.91909629403671,-1.2413369753605608
2187.0,1562.5,426.5,705.0,545.5,3542.5,-0.23658259212970734,0.7331213355064392,1,36.90643004853062,-1.210614592643673
1917.0,1444.5,662.5,807.5,863.5,2184.5,-0.06522004306316376,0.433398962020874,1,36.882445030444636,-1.2325334855761894
1917.0,1844.0,980.0,1184.0,1374.0,1476.0,0.12997347116470337,0.035789474844932556,1,36.9084961736841,-1.24681669859369
2139.5,1654.0,491.0,737.5,887.5,2322.5,-0.041012998670339584,0.44704049825668335,1,36.87058726869426,-1.2309165180647743
2953.0,2870.0,622.0,843.0,1334.0,1976.0,0.19821465015411377,0.19395770132541656,1,36.908136847570454,-1.218250272558689
2676.0,2700.5,1171.0,1432.0,1714.0,1756.5,0.20744501054286957,0.01224607415497303,1,36.91801831569577,-1.2271435938714723
2512.0,2360.0,980.0,1282.0,1334.0,2692.0,-0.0345887765288353,0.33730751276016235,1,36.92206073447431,-1.2331623062750732
2555.5,1978.5,806.5,828.5,869.0,1168.0,0.37263327836990356,0.1467844843864441,1,36.88828407979141,-1.2412471438321488
2662.0,2177.0,704.0,914.0,980.0,2637.0,0.004717871081084013,0.4581144452095032,1,36.90687920617269,-1.2246283110759377
2284.0,1779.0,525.0,819.5,890.0,2329.0,-0.009755040518939495,0.44703322649002075,1,36.87983991612069,-1.2256164578884692
2522.5,2512.0,1169.0,1420.0,1674.0,1809.5,0.16458910703659058,0.03889765962958336,1,36.91765898958212,-1.2350487683717242
2214.0,2151.5,1026.0,1258.0,1450.0,1716.5,0.12657423317432404,0.08416232466697693,1,36.904094428791915,-1.2513082750142874
2243.0,2119.0,949.0,1160.0,1522.0,1711.0,0.13454729318618774,0.05845963582396507,1,36.89681807499055,-1.2086382990186102
2129.0,1752.0,415.0,638.0,720.0,2368.0,-0.053146541118621826,0.5336787700653076,1,36.87400086677391,-1.2229215120361105
2826.0,2350.0,984.0,1246.0,1398.0,2708.0,0.02132273279130459,0.3190453052520752,1,36.91667084276959,-1.2388216925650262
2420.0,2350.0,1327.0,1599.0,1796.0,1784.0,0.15128448605537415,-0.003351955208927393,1,36.913886065388816,-1.2499608020881081
2367.0,2342.0,655.0,825.0,1166.0,1412.0,0.2527123689651489,0.09542281180620193,1,36.88999087883124,-1.2454692256675106
2436.5,2080.5,687.0,989.0,1124.0,2428.5,0.0016443987842649221,0.3672061860561371,1,36.910562298837576,-1.2192384193712205
2753.0,2778.0,1224.0,1542.0,1766.0,1986.0,0.16184848546981812,0.058635395020246506,1,36.91703016888324,-1.246637035536866
2504.0,2155.5,640.0,869.5,1055.0,1660.5,0.20254532992839813,0.22297918796539307,1,36.91694033735482,-1.2218435336951672
2484.0,2494.0,962.0,1170.0,1458.0,1622.0,0.20993667840957642,0.05324675142765045,1,36.90382493420668,-1.2494218129176364
2016.0,1502.0,398.0,639.0,595.0,2687.0,-0.14267489314079285,0.6374161839485168,1,36.8964587488769,-1.2217537021667553
2360.0,1611.0,497.5,766.5,772.0,2725.0,-0.07177974283695221,0.5584787130355835,1,36.899602852371316,-1.224089321905466
2388.0,2360.0,1102.0,1340.0,1672.0,1860.0,0.12429378181695938,0.053227633237838745,1,36.92322854434366,-1.2265147731725887
2335.0,2164.0,966.0,1172.0,1554.0,1798.0,0.1299298256635666,0.07279236614704132,1,36.92304888128684,-1.2265147731725887
2122.0,1662.0,668.0,828.0,959.0,1626.0,0.13233724236488342,0.2580270767211914,1,36.87777379096721,-1.210884087228909
2483.0,2519.0,902.0,1048.0,1258.0,1663.0,0.19778099656105042,0.13865114748477936,1,36.89609942276325,-1.243043774400388
2570.0,2552.0,1498.0,1794.0,1970.0,1919.0,0.14502115547657013,-0.013113911263644695,1,36.91550303290023,-1.2434031005140356
2724.5,2497.5,595.0,808.0,1518.0,1812.5,0.20101389288902283,0.0884251594543457,1,36.88271452502987,-1.2120518970982643
2177.5,2094.5,782.0,1040.0,1330.0,1537.0,0.17243236303329468,0.07220090925693512,1,36.88675694380841,-1.2485234976335169
4002.5,3865.5,1245.0,936.0,892.0,1646.0,0.41719040274620056,0.29708433151245117,1,36.875977160398975,-1.241157312303737
2961.0,2787.0,1302.0,1516.0,1712.0,2102.0,0.1696622520685196,0.10225485265254974,1,36.88540947088223,-1.246637035536866
2375.0,2111.0,846.0,1116.0,1306.0,2014.0,0.08225107938051224,0.21325300633907318,1,36.89663841193372,-1.2043263856548365
2944.5,2204.0,679.0,1011.5,1205.0,2717.0,0.040183696895837784,0.38551759719848633,1,36.90068083071226,-1.2204960607689879
2136.0,1701.0,775.0,791.0,788.0,2320.0,-0.04129263758659363,0.49292150139808655,1,36.883882334899226,-1.2116925709846165
1576.5,1376.5,661.0,792.5,841.0,1289.0,0.10033152997493744,0.21032863855361938,1,36.91190977176375,-1.208997625132258
2307.0,2340.0,1063.0,1284.0,1512.0,1644.0,0.16780561208724976,0.04182509332895279,1,36.88343317725717,-1.24681669859369
2598.0,1990.5,825.0,1156.0,1448.0,2815.5,-0.04017733410000801,0.3207458555698395,1,36.89978251542814,-1.223999490377054
2458.0,2189.0,904.0,1160.0,1384.0,1660.0,0.19378338754177094,0.09067016839981079,1,36.92071326154813,-1.2382827033945545
2461.0,2352.0,812.0,1034.0,1362.0,1567.0,0.2219463735818863,0.06998975574970245,1,36.907238532286335,-1.2414268068889727
2675.5,2643.0,905.0,1174.0,1411.0,1956.0,0.1553492397069931,0.16186515986919403,1,36.90211813516685,-1.2190587563143966
2402.0,2128.0,878.0,1250.0,1478.0,1935.0,0.1076781153678894,0.13389979302883148,1,36.898884200144025,-1.2363962412979035
2118.0,1852.0,742.0,956.0,1088.0,2020.0,0.023682938888669014,0.2998712956905365,1,36.90939448896822,-1.2212147129962834
2040.0,1642.0,585.0,844.0,1058.0,2203.0,-0.038416214287281036,0.3511192798614502,1,36.87561783428533,-1.2292995505533593
2379.5,2001.5,621.5,860.5,1105.0,1829.0,0.13080669939517975,0.24676209688186646,1,36.88990104730283,-1.2340606215591927
2101.0,1650.0,584.0,860.0,963.0,2297.0,-0.04456571117043495,0.4092024564743042,1,36.87750429638198,-1.2140281907233272
2643.0,2073.0,644.0,877.0,1015.5,2372.0,0.05403788760304451,0.40044280886650085,1,36.89376380302454,-1.2198672400701043
1677.0,1340.0,639.0,804.0,781.0,2245.0,-0.1448240727186203,0.4838069975376129,1,36.87687547568309,-1.22013673465534
2251.0,1978.0,695.0,959.0,1005.5,2321.0,-0.015310586430132389,0.39546069502830505,1,36.899063863200844,-1.2104349295868493
2508.0,2292.0,890.0,1161.0,1546.0,2092.0,0.09043478220701218,0.15008246898651123,1,36.9227793867016,-1.229658876667007
2404.0,2246.5,887.5,1142.0,1363.0,1964.0,0.10073260217905045,0.1806432157754898,1,36.9047232494908,-1.2151061690642708
2557.0,2074.0,1098.0,1388.0,1436.0,2873.0,-0.05819521099328995,0.3334880471229553,1,36.90526223866127,-1.2077399837344907
2767.0,2722.0,1021.0,1216.0,1394.0,2103.0,0.13634496927261353,0.2027452141046524,1,36.885768796995876,-1.2345996107296644
2554.0,2627.0,1052.0,1290.0,1576.0,1642.0,0.2173498570919037,0.020509634166955948,1,36.88918239507553,-1.2160943158768023
1964.0,1650.0,723.0,939.0,1073.0,1527.5,0.1250178962945938,0.17477408051490784,1,36.89681807499055,-1.2151960005926827
1887.0,1323.0,342.0,513.0,495.0,2125.0,-0.05932203307747841,0.6221374273300171,1,36.889092563547116,-1.210704424172085
2214.0,1812.0,831.0,1164.0,1466.0,2447.0,-0.04998927190899849,0.25070279836654663,1,36.87229406773408,-1.2290300559681233
2812.0,3013.0,968.0,1108.0,1158.0,1583.0,0.2796359360218048,0.15505290031433105,1,36.886487449223175,-1.2514879380711112
2331.0,2061.0,866.0,1136.0,1400.0,1901.0,0.1016068086028099,0.15177218616008759,1,36.92242006058795,-1.2229215120361105
2628.0,2260.0,737.0,994.0,1244.0,2247.0,0.07815384864807129,0.2873102128505707,1,36.87759412791039,-1.2451098995538628
1984.5,1527.5,377.5,659.5,593.0,2726.5,-0.15750370919704437,0.6427173018455505,1,36.88954172118918,-1.2116925709846165
2348.5,1997.5,707.5,983.0,1166.0,2106.0,0.05443933233618736,0.28728607296943665,1,36.88271452502987,-1.2167231365756859
2450.5,2186.5,975.5,1220.0,1472.0,2186.0,0.057047341018915176,0.19518862664699554,1,36.89304515079725,-1.2236401642634063
2157.0,1659.0,738.0,961.0,971.0,2301.0,-0.03230148181319237,0.40647920966148376,1,36.912897918576284,-1.2187892617291607
2274.0,2295.0,915.0,1076.0,1412.0,1591.0,0.17671410739421844,0.05960705876350403,1,36.907418195343155,-1.243043774400388
2764.5,2645.5,1224.0,1493.0,1806.0,1945.0,0.17400997877120972,0.03705678507685661,1,36.916491179712764,-1.2358572521274316
2616.0,2578.0,1122.0,1310.0,1588.0,1737.0,0.2019297033548355,0.04481203109025955,1,36.90876566826934,-1.2458285517811585
2298.0,1749.0,832.0,1138.0,1422.0,2280.0,0.003931847866624594,0.23176661133766174,1,36.88271452502987,-1.2318148333488939
2549.0,2458.0,1120.0,1284.0,1578.0,1757.0,0.18392939865589142,0.053673163056373596,1,36.88397216642764,-1.2337012954455449
1936.5,1700.0,772.5,999.5,1218.0,1673.5,0.07285318523645401,0.15753069519996643,1,36.90643004853062,-1.2116027394562046
2642.0,2574.0,918.5,1217.0,1491.0,1986.5,0.14162255823612213,0.14248742163181305,1,36.89376380302454,-1.24268444828674
2281.5,1871.0,630.0,882.5,1105.0,2155.0,0.0285134669393301,0.3220858871936798,1,36.89259599315518,-1.214746842950623
2647.0,2314.0,1116.0,1272.0,1416.0,1802.0,0.18993031978607178,0.11995027959346771,1,36.912269097877406,-1.220316397712164
2389.0,1961.5,1223.0,1457.0,1808.0,2386.0,0.0006282722461037338,0.137815922498703,1,36.918197978752595,-1.2325334855761894
2042.0,1981.0,666.0,816.0,959.0,1166.0,0.27306732535362244,0.09741176664829254,1,36.882175535859396,-1.2364860728263154
2215.5,1581.5,470.0,661.0,686.5,2302.5,-0.019256308674812317,0.5406490564346313,1,36.88567896546746,-1.2192384193712205
2538.0,2580.0,1480.0,1700.0,1924.0,2194.0,0.07269653677940369,0.0655658096075058,1,36.88756542756412,-1.2189689247859847
2385.0,1733.0,615.0,910.0,1128.0,2658.0,-0.054134443402290344,0.40412044525146484,1,36.917479326525296,-1.2177112833882173
2541.0,2234.0,930.0,1252.0,1516.0,2043.0,0.10863874107599258,0.14807529747486115,1,36.90346560809303,-1.2470861931789257
2750.0,2412.0,1018.0,1294.0,1572.0,2294.0,0.0904044434428215,0.18675634264945984,1,36.904094428791915,-1.2042365541264246
2522.0,2375.5,899.0,1223.0,1485.0,1933.5,0.1320839375257492,0.13119789958000183,1,36.90876566826934,-1.2179807779734533
2375.0,2243.0,942.0,1116.0,1342.0,1820.0,0.13230036199092865,0.15117014944553375,1,36.89115868870059,-1.2528354109972906
2432.0,2120.0,938.0,1194.0,1296.0,2126.0,0.06713470816612244,0.24254821240901947,1,36.891518014814245,-1.2075603206776668
2577.5,2491.5,1071.0,1444.0,1803.0,1956.0,0.1370905488729477,0.04070231318473816,1,36.91424539150247,-1.248343834576693
2440.5,2456.5,1257.0,1435.0,1586.0,1617.5,0.20280925929546356,0.009832995012402534,1,36.91011314119552,-1.2472658562357497
2228.0,2202.0,852.0,1044.0,1290.0,1470.0,0.2049756646156311,0.06521739065647125,1,36.887924753677765,-1.2514879380711112
2505.0,2373.0,1082.0,1366.0,1614.0,1939.0,0.12736274302005768,0.09147199243307114,1,36.92143191377542,-1.2327131486330134
2960.0,1952.0,626.0,1030.0,950.0,3316.0,-0.056724026799201965,0.5546178817749023,1,36.88469081865493,-1.2169926311609218
2185.0,1738.0,750.0,1023.0,1106.0,2221.0,-0.008170676417648792,0.3351367712020874,1,36.87489918205803,-1.2248079741327615
2397.5,2147.0,1360.0,1732.0,1851.0,2955.5,-0.10424061119556427,0.229792982339859,1,36.879750084592274,-1.2327131486330134
2676.0,2631.0,1062.0,1384.0,1716.0,1999.0,0.14481283724308014,0.07617765665054321,1,36.8942129606666,-1.2042365541264246
2181.0,2028.0,878.0,1058.0,1122.0,1755.0,0.10823170840740204,0.2200208604335785,1,36.888194248263,-1.254362546980294
2426.5,2118.5,663.5,930.0,877.0,2630.0,-0.04024522751569748,0.49985742568969727,1,36.89996217848497,-1.2385521979797902
2280.5,2376.5,1114.0,1376.0,1622.0,1791.0,0.12022595852613449,0.04951655492186546,1,36.87939075847863,-1.2327131486330134
2272.0,2244.0,1096.0,1288.0,1490.0,1601.0,0.1732507050037384,0.0359107069671154,1,36.90499274407603,-1.2404386600764412
2372.0,2351.0,992.0,1190.0,1494.0,1659.5,0.17673322558403015,0.05248136818408966,1,36.88990104730283,-1.244391247326567
2076.5,1627.0,867.5,1029.0,1009.0,2147.5,-0.016808712854981422,0.3606843054294586,1,36.881456883632104,-1.2380132088093185
2343.5,2117.0,794.5,1089.0,1160.0,2442.5,-0.020685331895947456,0.3560027778148651,1,36.92089292460495,-1.2328029801614253
2265.5,2079.5,1076.0,1293.0,1416.0,1803.0,0.11367826163768768,0.12022367119789124,1,36.898884200144025,-1.2561591775485328
2627.0,2336.0,1052.0,1371.0,1779.0,2299.5,0.0664772167801857,0.12762044370174408,1,36.920084440849244,-1.2225621859224627
3520.5,3465.0,1303.0,1712.0,2021.0,2547.0,0.16044498980045319,0.1151488646864891,1,36.89367397149613,-1.2291198874965352
2270.0,2211.0,1102.0,1306.0,1484.0,1672.0,0.15169964730739594,0.05956907570362091,1,36.92035393543448,-1.2308266865363624
2492.0,2443.0,1202.0,1510.0,1692.0,2288.0,0.04267782345414162,0.14974874258041382,1,36.893584139967714,-1.2422352906446803
2306.0,2350.0,995.0,1174.0,1366.0,1644.0,0.16759493947029114,0.09235880523920059,1,36.900321504598615,-1.2523862533552308
1873.0,1511.0,724.0,907.0,1052.0,1449.0,0.1276339590549469,0.15873651206493378,1,36.88846374284824,-1.2224723543940508
2300.0,2223.0,843.0,1104.0,1406.0,1598.0,0.18009234964847565,0.06391478329896927,1,36.897177401104194,-1.2048653748253082
2072.0,2022.0,1072.0,1039.5,1187.0,1827.5,0.06270034611225128,0.2124730497598648,1,36.88549930241064,-1.2528354109972906
2352.0,1949.0,704.0,952.0,990.0,2664.0,-0.06220095604658127,0.45812806487083435,1,36.89565026512119,-1.22381982732023
2246.0,1980.0,632.0,828.0,1092.0,2028.0,0.05100608244538307,0.30000001192092896,1,36.90939448896822,-1.2116027394562046
2138.0,1661.0,836.0,1084.0,1382.0,2052.0,0.02052506059408188,0.19510774314403534,1,36.876965307211506,-1.214387516836975
2117.0,1743.0,718.0,886.0,1077.0,1727.0,0.10145681351423264,0.23181170225143433,1,36.896009591234844,-1.220226566183752
2462.0,2381.0,860.0,1148.0,1400.0,2155.0,0.06649339199066162,0.2123769372701645,1,36.92286921823001,-1.2261554470589409
2378.5,2109.5,1046.0,1292.0,1551.0,2004.5,0.08532968163490295,0.12754887342453003,1,36.89394346608137,-1.222202859808815
2396.0,2276.0,1354.0,1660.0,1814.0,1860.0,0.12593984603881836,0.012520413845777512,1,36.90858600521251,-1.2242689849622899
