lon,lat,confidence,area_m2,B2,B3,B4,B8,B11,B12,NDVI,NDBI,rf_builtup_prob,distance_to_river_m
36.90149588643983,-1.255727447660894,0.8180999755859375,46.366798400878906,869.5,982.0,1074.0,1999.5,2184.5,1767.0,0.3011224865913391,0.0442160628736019,0.67,11.705997226814478
36.88621454712967,-1.2493375558513058,0.7042999863624573,14.65089988708496,873.0,1152.0,1294.0,1863.0,1869.0,1498.0,0.1802344024181366,0.0016077170148491,0.94,3.9628838059840934
36.89737567706645,-1.2364329174026334,0.7612000107765198,55.7057991027832,786.5,1032.0,917.5,2856.5,2119.5,1458.0,0.5137785077095032,-0.1481109261512756,0.43,11.842838784183934
36.88562148668956,-1.2489451549586026,0.8237000107765198,282.4486083984375,892.0,1073.0,1147.0,2243.0,1930.0,1631.0,0.3233038485050201,-0.0750059932470321,0.82,6.4536328925038315
36.90500073986783,-1.2516741248033114,0.777999997138977,30.33359909057617,902.5,1147.0,1227.0,2149.5,2392.5,2183.5,0.2732118964195251,0.053500659763813,0.81,7.502302914544041
36.917339072482726,-1.2332580374525797,0.7210999727249146,67.74259948730469,1315.0,1480.0,1604.0,1990.5,2296.0,2050.0,0.107525385916233,0.0712702646851539,0.98,11.74798061778026
36.87994505104852,-1.2488693502406942,0.8974000215530396,109.72560119628906,938.0,1224.0,1427.0,2198.5,2265.5,1836.0,0.2127982378005981,0.0150089608505368,0.83,14.718874220191514
36.8790264762315,-1.239362546794747,0.7322999835014343,99.40709686279295,841.0,1039.0,1196.0,2074.0,2402.0,2088.0,0.2685015201568603,0.0732797160744667,0.86,0.2863726324989886
36.91089567146049,-1.2471392190319572,0.7322999835014343,10.574000358581545,865.5,1071.0,1159.0,2338.0,2214.5,1766.5,0.337146133184433,-0.0271279513835906,0.94,14.565807592146738
36.89620293348938,-1.2458549979285647,0.7947999835014343,29.045700073242188,1090.0,1318.0,1572.0,1912.0,2316.5,2179.5,0.0975889787077903,0.0956604033708572,0.96,10.639620155674217
36.8975228274012,-1.2364641311100075,0.7434999942779541,12.140700340270996,929.5,1143.0,1148.0,2318.5,2409.0,2054.5,0.3376604616641998,0.0191433113068342,0.83,14.852433213884153
36.87940104072,-1.2397103566769163,0.8059999942779541,55.0463981628418,880.5,1065.0,1246.0,1646.5,2276.0,2203.5,0.1384615451097488,0.1604843884706497,0.95,14.808745870206423
36.88486343951047,-1.2490521733838853,0.9254000186920166,135.23049926757812,925.0,1237.0,1477.0,2154.0,2467.0,2249.5,0.1864500194787979,0.0677342563867569,0.92,9.688349682471829
36.89115969019793,-1.252142330413923,0.8172000050544739,46.94049835205078,1094.0,1295.0,1542.0,2089.0,2239.5,2128.5,0.1506472080945968,0.0347695499658584,0.92,0.5243897694365549
36.91885962594194,-1.2336058473347489,0.7602999806404114,237.03030395507807,582.5,773.0,691.0,3000.5,2382.5,2028.5,0.6256264448165894,-0.1148058697581291,0.49,10.154626695603094
36.89770119144334,-1.2455116471474492,0.8852999806404114,237.26390075683597,1667.0,1784.0,1924.0,2051.5,2982.5,2818.5,0.0320714376866817,0.1849423944950103,0.9,15.446393815496094
36.890776207507336,-1.245217346477922,0.7034000158309937,78.99369812011719,868.0,1109.0,1285.0,2343.0,2004.0,1749.0,0.2916207313537597,-0.0779848173260688,0.72,0.37646380057839574
36.884961539733645,-1.2491190598996869,0.7659000158309937,15.38889980316162,954.5,1165.0,1304.0,2180.0,2012.0,1687.5,0.2514351308345794,-0.0400763340294361,0.87,2.2709553393841593
36.91943930907889,-1.242269880681594,0.8452000021934509,34.592498779296875,1134.0,1332.0,1422.0,2251.5,2574.5,2249.0,0.2258064448833465,0.0669291317462921,0.98,9.574008225839426
36.89788847368759,-1.2458416206254044,0.9077000021934508,104.90370178222656,2513.0,2799.0,2784.0,3034.5,3114.0,3142.5,0.0430523343384265,0.0129299825057387,0.85,7.0647409684974605
36.90535300885105,-1.251709797611739,0.7369999885559082,20.999000549316406,1003.0,1155.0,1250.0,2039.0,2474.5,2422.5,0.2398905456066131,0.0964883118867874,0.83,3.4268964538319167
36.89742918627908,-1.244927504909448,0.8619999885559082,227.4490966796875,678.0,931.0,1235.0,1888.0,2468.0,2084.0,0.2090938240289688,0.1331496834754943,0.65,12.696829587027402
36.91876598481982,-1.2335389608189469,0.8676000237464905,123.77449798583984,545.0,794.0,804.5,2462.5,2365.5,1998.5,0.5074992179870605,-0.0200911350548267,0.74,6.886451577103647
36.91122118583739,-1.2472551556593467,0.8162999749183655,118.04550170898438,814.0,1051.0,1147.0,1964.0,2059.0,1710.5,0.2626165151596069,0.0236142184585332,0.82,8.78493954481934
36.92094202613391,-1.24170803394886,0.8219000101089478,14.183199882507324,528.5,756.0,649.5,2767.0,2053.0,1357.0,0.6197863221168518,-0.148132786154747,0.05,4.35569260444688
36.89519963575236,-1.2429922550522523,0.8844000101089478,107.93309783935548,1057.0,1301.0,1447.0,2131.5,2399.0,2017.5,0.191281259059906,0.0590442568063735,0.9,8.851077146969985
36.879445631730526,-1.2396925202727025,0.7192999720573425,23.57710075378418,910.5,1068.0,1180.0,1494.0,2276.0,2203.5,0.117427073419094,0.2074270546436309,0.96,9.507894524255901
36.90251256148001,-1.2554242287892594,0.7817999720573425,95.46379852294922,961.5,1130.0,1210.0,1937.0,2272.5,1870.0,0.2310136705636978,0.0797006785869598,0.79,7.913558730539024
36.91943484997785,-1.2338644751958487,0.7081000208854675,17.765499114990234,404.5,644.0,552.0,3071.0,2221.5,1634.0,0.695280134677887,-0.1605101525783538,0.11,5.31308757365301
36.90128630869032,-1.255589215528237,0.7081000208854675,18.956199645996094,617.0,807.0,864.0,2307.0,2227.0,1876.5,0.4550614953041076,-0.017644464969635,0.66,4.492189327015089
36.88898364888386,-1.2467200635329332,0.7706000208854675,68.35430145263672,635.0,860.0,1093.0,2139.0,2185.5,1894.5,0.3236386179924011,0.0107526881620287,0.87,11.195947333155654
36.896925307860045,-1.2429699595469852,0.838699996471405,48.52239990234375,911.0,1127.0,1371.0,2070.0,2256.5,1928.0,0.2031386196613311,0.0431064367294311,0.81,9.175444388137148
36.91843155224081,-1.2425730995532285,0.838699996471405,19.50629997253418,857.5,1164.0,1340.0,2255.0,2529.0,2087.0,0.2545201778411865,0.0572742484509944,0.92,7.303889030448489
36.884529006931466,-1.2377126794049724,0.8041999936103821,52.24959945678711,1002.0,1183.0,1445.0,1697.0,2464.0,2467.5,0.0802036896347999,0.1843306869268417,0.99,13.61573222983112
36.921271999611854,-1.2349480367518362,0.8666999936103821,34.83720016479492,669.0,895.0,947.0,2356.0,2187.0,1776.5,0.4265818893909454,-0.0372000895440578,0.65,12.837759562421965
36.88921998123968,-1.2466041269055437,0.8834999799728394,75.7322998046875,877.0,1075.0,1326.0,1690.5,1965.5,1731.0,0.1208354085683822,0.0752188190817833,0.82,12.173068314999256
36.91833345201764,-1.233298169362061,0.8098000288009644,61.09579849243164,977.0,1246.0,1363.0,1960.5,2168.0,1849.0,0.1797803491353988,0.0502603836357593,0.87,8.867872691038135
36.9059148555838,-1.2515448108727618,0.7529000043869019,13.51990032196045,923.0,1277.0,1432.0,2799.0,2509.5,2079.0,0.3230914771556854,-0.0545351803302764,0.96,6.81003380455808
36.89635900202625,-1.2437235476250177,0.7071999907493591,32.43479919433594,636.0,857.5,952.0,2481.5,1873.0,1318.0,0.4454638063907623,-0.1397404968738556,0.67,1.3619554731960561
36.89597106023461,-1.2451460008610669,0.7128000259399414,31.97559928894043,863.5,1100.0,1317.0,2189.5,2264.5,1914.0,0.2488236129283905,0.0168387964367866,0.9,11.122006999794833
36.90372543696655,-1.252499058498199,0.8378000259399414,61.10499954223633,1093.0,1311.0,1438.0,1941.5,2168.5,1799.0,0.1489865332841873,0.0552311427891254,0.67,13.868354695188872
36.88738283160568,-1.249136896303901,0.8378000259399414,87.77330017089844,796.0,986.5,1121.0,1968.0,1967.5,1592.5,0.2741987705230713,-0.0001270486536668,0.74,6.606691507971446
36.907422031739856,-1.2502026214556743,0.7184000015258789,53.73109817504883,743.0,1014.0,975.0,3306.5,2283.5,1718.5,0.5445521473884583,-0.1830053627490997,0.38,12.039645614016928
36.88200961483626,-1.2488871866449076,0.8434000015258789,117.31580352783205,1045.0,1325.0,1506.0,1722.0,2165.5,2097.5,0.0669144988059997,0.1140836030244827,0.95,4.214828375316457
36.90483575312886,-1.2519416708665183,0.8434000015258789,54.500301361083984,997.0,1219.0,1347.0,2775.5,2466.5,2155.5,0.346513032913208,-0.0589469671249389,0.9,9.198987210895297
36.92175804162668,-1.234698327092843,0.8601999878883362,80.41220092773438,1909.0,2025.0,2133.0,2742.0,3161.5,3108.5,0.1249230802059173,0.0710595399141311,0.63,13.02266431038916
36.87857610702511,-1.239558747241099,0.7296000123023987,8.383299827575684,820.5,1009.0,1222.0,2094.0,2038.0,1512.5,0.262967437505722,-0.0135527588427066,0.82,11.227649604549622
36.91101606718894,-1.2363125216741904,0.7921000123023987,10.764200210571287,638.0,960.0,1086.0,2367.5,2226.0,1638.0,0.3710728287696838,-0.0308043975383043,0.43,11.968258284303719
36.88002085576643,-1.2490566324849388,0.871399998664856,98.78009796142578,1255.0,1558.0,1807.0,2158.5,2366.5,2209.5,0.0886395126581192,0.0459668524563312,0.9,6.254696378389166
36.89617171978201,-1.2451192462547458,0.7519999742507935,23.399999618530277,622.0,844.0,827.0,2349.5,1846.5,1428.5,0.4793011248111725,-0.1198760718107223,0.73,10.463413604909903
36.90804630588735,-1.2493330967502525,0.711899995803833,40.1963996887207,808.0,1034.0,1087.0,1990.0,2083.5,1580.5,0.2934676706790924,0.0229532346129417,0.74,15.940123571749623
36.90378340528024,-1.2526506679340164,0.711899995803833,13.717499732971191,834.5,989.0,1056.0,2045.5,2104.0,1652.0,0.3190391659736633,0.0140980845317244,0.74,4.090735482608414
36.88963913673871,-1.2466710134213452,0.774399995803833,91.29180145263672,1078.0,1274.0,1485.0,1721.5,1981.0,1790.5,0.0737564340233802,0.0700877755880355,0.81,12.794865107617763
36.91350870467782,-1.2465907496023831,0.774399995803833,97.39469909667967,733.5,986.0,1208.0,1786.0,2157.0,1860.5,0.1930527687072754,0.0940907970070838,0.83,10.104063189745359
36.92077258029387,-1.241917611698372,0.7688000202178955,50.43980026245117,579.5,835.0,744.5,2648.5,2188.0,1474.0,0.5611553192138672,-0.0952134802937507,0.51,12.985207891451934
36.89598443753776,-1.2444994312083169,0.9161999821662904,89.38680267333984,881.5,1109.0,1232.0,2344.0,1954.0,1529.5,0.3109619617462158,-0.0907398760318756,0.61,14.257734430930233
36.8831466856049,-1.2494445742765885,0.7398999929428101,124.75399780273438,705.0,944.5,1076.0,2215.5,2360.0,2192.0,0.3461947441101074,0.0315812490880489,0.89,11.112884162406115
36.88749430913201,-1.2490209596765112,0.7968000173568726,109.0082015991211,639.0,859.0,921.0,2155.5,2044.5,1677.0,0.4012676775455475,-0.0264285709708929,0.68,13.871940229258332
36.91700018080265,-1.233164396330458,0.8191999793052673,83.88480377197266,1134.0,1334.0,1395.0,1987.0,2233.5,1971.5,0.1750443577766418,0.0584054030478,0.97,11.357106205229615
36.89589079641564,-1.2450077687284098,0.8816999793052673,50.718299865722656,1004.5,1194.0,1295.0,2009.0,2401.5,2226.0,0.2161016911268234,0.088992178440094,0.9,13.366220704296513
36.909464300022336,-1.248610722379594,0.7455000281333923,51.328800201416016,574.5,784.0,893.0,2217.0,2128.5,1605.5,0.4257234632968902,-0.0203658957034349,0.55,11.896127841134266
36.91152886381008,-1.237297983007002,0.7053999900817871,9.624199867248535,841.0,1047.0,1244.0,2210.0,2427.0,1884.0,0.2796757519245147,0.0467974990606308,0.8,11.853292550115457
36.89624306539887,-1.2374228378364984,0.8303999900817871,95.43699645996094,1143.0,1340.0,1388.0,1935.5,2256.0,2104.0,0.1647359728813171,0.0764642730355262,0.95,15.460352422852688
36.88240647483002,-1.2490387960807248,0.8303999900817871,242.9416046142578,872.5,1154.0,1307.0,2051.5,2150.0,1942.0,0.2216763496398925,0.0234440080821514,0.86,10.2036559123767
36.88042217486124,-1.2393357921884267,0.7110000252723694,9.31309986114502,567.0,730.5,854.0,2095.0,2106.0,1522.0,0.4208206236362457,0.002618424128741,0.56,6.893210509800337
36.87855381151984,-1.2394918607252974,0.7110000252723694,18.305500030517575,584.0,788.0,1003.0,1452.5,1470.0,1081.5,0.1830584406852722,0.005988024175167,0.68,5.5785225022847875
36.89502127171022,-1.246568454097116,0.7735000252723694,78.10269927978516,731.0,905.0,1052.0,1650.0,2271.5,2165.5,0.2213175445795059,0.1584852784872055,0.97,1.733462820195728
36.88817209249212,-1.2548757593596855,0.7166000008583069,16.707399368286133,767.5,971.5,1218.0,1716.5,2238.5,2018.0,0.1698756217956543,0.1319848299026489,0.97,14.534862458000188
36.90547786368055,-1.25162061559067,0.7791000008583069,39.954200744628906,745.0,1029.0,1100.0,2269.5,2366.5,2146.5,0.3470841348171234,0.0209232103079557,0.89,3.1862598089400684
36.917669045960665,-1.233208987340992,0.7791000008583069,102.18360137939452,585.0,767.5,797.5,1658.0,2074.5,1785.0,0.3504377901554107,0.1115874052047729,0.72,13.114338236593603
36.889121881016514,-1.2466710134213452,0.8416000008583069,84.48789978027344,958.0,1159.0,1427.0,1661.5,2185.5,1894.5,0.0759268254041671,0.1362100392580032,0.94,5.9359216257245695
36.90461725717724,-1.2520486892918012,0.7221999764442444,37.28210067749024,1211.0,1367.0,1546.0,1902.0,2361.0,2051.5,0.1032482609152793,0.1076706573367118,0.95,3.6429280627731413
36.88316006290805,-1.2387873227588528,0.7846999764442444,47.99860000610352,844.0,1045.0,1276.0,1664.0,2041.5,1892.5,0.1319727897644043,0.1018755882978439,0.9,9.380567424832602
36.88720892666458,-1.2491279781017937,0.7958999872207642,203.57080078125,971.5,1212.0,1421.0,1811.5,1998.0,1798.0,0.1208043321967125,0.0489565543830394,0.87,15.051230040559176
36.919243108632536,-1.2423323080963422,0.7958999872207642,28.559499740600582,1255.0,1446.0,1519.0,2191.0,2420.0,1910.5,0.1811320781707763,0.0496638491749763,0.9,12.60089114181668
36.88930024505865,-1.246679931623452,0.8126999735832214,22.106599807739254,802.5,960.5,1250.0,1522.0,1965.5,1731.0,0.0981241017580032,0.1271684616804123,0.9,4.1690864054314964
36.88480547119678,-1.237775106819721,0.8126999735832214,70.07039642333984,1059.0,1289.0,1460.0,1613.0,2127.0,1974.5,0.0497884787619113,0.1374331563711166,0.99,15.063722051585463
36.89301021713512,-1.2516875021064715,0.9376999735832214,302.30108642578125,1096.0,1364.0,1631.0,2269.0,2653.0,2547.0,0.163589745759964,0.0780170634388923,0.92,7.501899286742143
36.89517288114604,-1.246862754766643,0.8015000224113464,69.65049743652344,1109.0,1300.0,1413.0,2604.5,2000.5,1607.0,0.2965774834156036,-0.1311617791652679,0.72,15.029761906507144
36.89603348764935,-1.2439777163850638,0.7613999843597412,10.707500457763672,917.0,1221.0,1439.0,2295.0,2472.5,2208.0,0.2292447835206985,0.0372312515974044,0.77,5.770182832450453
36.88648655229392,-1.249489165287123,0.8238999843597412,68.55439758300781,860.0,1098.0,1284.0,2029.0,2077.5,1808.5,0.2248717248439788,0.0118105439469218,0.82,6.120118287065633
36.892934412417205,-1.2514065787401047,0.7268999814987183,28.207300186157227,843.5,1036.0,1166.0,1918.0,1859.0,1492.5,0.2438391745090484,-0.0156208630651235,0.76,7.721138639652755
36.89655074337156,-1.244107030315614,0.7268999814987183,40.24330139160156,687.0,968.0,1080.0,2438.5,2382.5,1754.0,0.386102020740509,-0.0116158472374081,0.45,11.67512200440577
36.88339193616283,-1.2383993809672034,0.7213000059127808,34.94929885864258,801.5,1037.0,1244.0,1850.5,1933.0,1477.5,0.195992887020111,0.0218052063137292,0.73,9.277446523464594
36.89499897620496,-1.24711692352669,0.7838000059127808,39.072601318359375,1405.0,1739.0,1788.0,2158.5,2596.5,2503.0,0.0938806533813476,0.0921135619282722,0.98,5.497191112039793
36.89494992609337,-1.2465104857834213,0.9088000059127808,362.4406127929688,699.5,811.0,891.0,1448.0,2271.5,2165.5,0.2381359487771988,0.2214007228612899,0.91,9.65336854960388
36.87940104072,-1.2488381365333197,0.9200000166893004,141.45860290527344,850.5,1067.0,1258.0,1798.5,2140.0,1923.5,0.1768362522125244,0.0867081359028816,0.96,1.5293740614623794
36.89354530926153,-1.2436254474018416,0.8453999757766724,60.30049896240234,698.0,940.5,973.0,2147.0,2023.5,1786.0,0.3762820661067962,-0.0296127554029226,0.77,13.188869427622757
36.897915228293904,-1.2429342867385578,0.8398000001907349,95.52549743652344,1075.0,1330.0,1484.0,2165.5,2119.5,1896.5,0.186737909913063,-0.0107351224869489,0.91,9.3853791571784
36.880110037787496,-1.2491814873144351,0.8677999973297119,91.5624008178711,1298.0,1543.0,1736.0,1981.0,2032.5,1876.0,0.0659133717417717,0.0128316925838589,0.8,5.29369419626129
36.8839983739061,-1.2378910434471102,0.7483999729156494,12.887800216674805,986.5,1214.0,1543.0,1912.5,2561.0,2613.0,0.1069309785962104,0.144964799284935,0.99,15.570634507202382
36.89134251334113,-1.252088821201282,0.7997000217437744,29.24970054626465,715.0,917.5,1109.0,1694.0,1999.0,1762.0,0.2087049633264541,0.08258868008852,0.8,3.7693078232315997
36.90416688797084,-1.252387580971863,0.8220999836921692,16.989999771118164,1254.0,1427.0,1507.0,2009.0,2677.0,2553.5,0.1427758783102035,0.1425522863864898,0.98,5.865790706928875
36.89361665487839,-1.24329993302494,0.7652000188827515,25.408100128173828,843.5,1065.0,1123.0,1839.5,2046.0,1719.0,0.2418565452098846,0.0531463138759136,0.67,2.571883141976551
36.884832225803095,-1.2377215976070792,0.8389000296592712,59.69670104980469,1151.0,1328.0,1437.0,1678.0,2127.0,1974.5,0.0773675739765167,0.1180026307702064,0.9,8.727446380519758
36.91831115651237,-1.242648904271137,0.8389000296592712,48.86930084228516,759.5,902.0,950.0,2239.0,2410.0,1972.0,0.4042019546031952,0.0367821045219898,0.78,0.8566229601785986
36.88745863632359,-1.2491413554049542,0.7307000160217285,21.964599609375,690.0,921.0,996.5,2290.0,1967.5,1592.5,0.3935798108577728,-0.0757486820220947,0.56,2.9155155956359433
36.90493831245308,-1.2518614070475562,0.798799991607666,143.1024932861328,896.5,1091.0,1180.0,2366.5,2466.5,2155.5,0.3345552086830139,0.0206910818815231,0.77,7.9599213937346045
36.90527274503209,-1.2517543886222735,0.798799991607666,31.8346004486084,1312.0,1400.0,1528.0,1864.0,2555.0,2386.5,0.099056601524353,0.1563702225685119,0.99,4.386134188113237
36.890071669540895,-1.2540017755532102,0.7475000023841858,42.19100189208984,736.5,936.0,1178.0,1694.5,2072.0,1784.0,0.1798085272312164,0.1002256721258163,0.85,14.86610937268617
36.89317074477304,-1.224348753547795,0.7530999779701233,18.401899337768555,521.5,741.0,716.0,2533.5,2098.0,1480.0,0.5593168139457703,-0.0940300151705741,0.17,4.275850021997443
36.88926903135128,-1.2541935168985083,0.8780999779701233,135.6136932373047,678.0,914.0,1110.0,1701.0,2093.5,1931.0,0.2102454602718353,0.1034391894936561,0.84,12.927326789094815
36.893152908368826,-1.2242506533246194,0.7419000267982483,6.708000183105469,664.5,872.0,1087.0,1855.5,2516.5,2137.0,0.2611724734306335,0.151189386844635,0.66,13.638519820318391
36.88538069523267,-1.248909482150175,0.7419000267982483,166.66949462890625,736.0,787.0,876.5,2025.5,1974.0,1593.0,0.3959338366985321,-0.01287660934031,0.64,6.502226579820316
36.91785186910386,-1.2333962695852367,0.7587000131607056,20.33650016784668,1147.0,1272.0,1314.0,2166.0,2443.0,2355.0,0.2448275834321975,0.0600998029112815,0.97,11.96904467681094
36.88705285812771,-1.24936876955868,0.8212000131607056,134.1156005859375,962.0,1149.0,1374.0,1738.0,1930.5,1661.5,0.1169665828347206,0.0524737648665905,0.88,4.564082748668356
36.91875706661772,-1.2422966352879148,0.8212000131607056,45.75019836425781,956.0,1186.0,1302.0,2166.0,2360.0,1895.0,0.2491349428892135,0.0428634546697139,0.98,8.265745465979926
36.89106158997477,-1.252209216929725,0.7017999887466431,38.17179870605469,895.0,1124.0,1358.0,1964.5,1918.5,1759.5,0.1825432628393173,-0.0118465106934309,0.83,2.04308504843462
36.8801769243033,-1.2493018830428784,0.7017999887466431,28.534500122070312,1007.0,1195.0,1471.0,1997.5,2091.0,1941.0,0.1517947167158126,0.0228690225630998,0.66,0.5512864174352611
36.90315021293065,-1.254559163184891,0.7754999995231628,21.753400802612305,675.0,911.0,940.0,2404.5,2452.5,2217.5,0.4378830790519714,0.0098826438188552,0.94,11.359982275591491
36.87904431263573,-1.248789086421732,0.7754999995231628,18.10260009765625,838.0,1107.0,1197.0,2055.0,1922.5,1628.5,0.2638376355171203,-0.0333123803138732,0.79,7.39702829466966
36.886223465331774,-1.249279587537611,0.7185999751091003,24.037399291992188,1044.0,1229.0,1463.0,2006.0,2156.0,1942.0,0.1565292626619339,0.0360403656959533,0.72,9.068518710458092
36.9178964601144,-1.2331956100378318,0.7810999751091003,15.895999908447266,1245.0,1556.0,2171.0,2612.5,2284.5,2065.5,0.0922964364290237,-0.06697978079319,0.73,6.47521915943952
36.918493979655565,-1.2424616220268925,0.8435999751091003,19.462400436401367,1010.0,1252.0,1466.0,2332.5,2529.0,2087.0,0.228116363286972,0.0404196232557296,0.8,5.300595171941562
36.879494681842125,-1.239768324990611,0.8435999751091003,53.19369888305664,969.0,1123.0,1302.0,1576.0,2276.0,2203.5,0.0952050015330314,0.1817237734794616,0.97,10.250141989915468
36.90415351066768,-1.2525659450140008,0.7242000102996826,30.13689994812012,908.0,1142.0,1345.0,2126.0,2669.5,2456.5,0.2250072062015533,0.1133354157209396,0.89,11.529518679336885
36.91563123677925,-1.2388051591630669,0.7297999858856201,16.9689998626709,705.5,953.0,988.0,2235.0,2191.5,1913.5,0.3869065940380096,-0.0098271770402789,0.83,13.420019527512332
36.9093439042939,-1.2486642315922356,0.8547999858856201,48.5525016784668,915.0,1103.0,1182.0,2024.0,2152.0,1883.0,0.2626325786113739,0.0306513402611017,0.83,15.267022618760546
36.89498559890179,-1.2474201423983242,0.8090999722480774,89.24420166015625,924.0,1100.0,1331.0,1518.5,2206.5,2117.5,0.06580101698637,0.1846979856491089,0.97,8.801157237943306
36.87906660814099,-1.248735577209091,0.8090999722480774,27.092500686645508,1192.0,1425.0,1621.0,1906.0,2486.0,2526.5,0.0808052197098732,0.1320582926273346,1.0,11.96088323543089
36.91962213222208,-1.2422029941657924,0.7409999966621399,35.0984001159668,674.0,930.0,1017.0,1964.5,2295.0,1922.0,0.317793071269989,0.0775912702083587,0.66,11.794436984589
36.89284523039614,-1.2527086362477111,0.7409999966621399,28.57690048217773,907.0,1076.0,1282.0,1966.5,1895.0,1617.5,0.2107126414775848,-0.0185161214321851,0.72,3.862173519691825
36.92047827962434,-1.242046925628922,0.7409999966621399,20.332199096679688,552.5,748.0,833.0,2027.0,2182.0,1683.5,0.4174825251102447,0.0368258506059646,0.65,0.4973243139628701
36.886892330489786,-1.2493375558513058,0.8147000074386597,62.882598876953125,965.5,1155.0,1333.0,1799.0,2092.0,1914.0,0.148786723613739,0.0753019824624061,0.92,12.010398142925313
36.92013938794428,-1.2423813582079302,0.8259000182151794,92.81999969482422,1178.0,1401.0,1484.0,1925.5,2516.0,2177.0,0.1294911205768585,0.1329505741596222,0.95,8.19294561805942
36.8907226982947,-1.2525079767003056,0.8259000182151794,57.97269821166992,999.0,1194.0,1403.0,1844.0,2282.0,2164.0,0.135817676782608,0.1061560809612274,0.91,15.841278682454586
36.90335087247806,-1.2542068942016684,0.7689999938011169,66.54940032958984,1103.0,1297.0,1542.0,1984.0,2315.5,2009.5,0.1253545135259628,0.0771019905805587,0.88,14.487424961905978
36.89694760336531,-1.244499431208317,0.7121000289916992,53.897499084472656,524.5,706.5,725.0,2295.5,2296.0,1733.5,0.5199470520019531,0.0001088968710973,0.42,14.697166853977226
36.89515950384288,-1.2470723325161552,0.8371000289916992,62.35530090332031,1116.0,1339.0,1458.0,2326.0,2203.0,2018.5,0.2293868958950042,-0.0271583124995231,0.87,12.590196606907915
36.91492223971175,-1.245988770960168,0.7177000045776367,24.52020072937012,1028.0,1316.0,1441.0,2671.0,2336.0,2043.0,0.2991245090961456,-0.0669063329696655,0.96,14.437067974207674
36.893099399156185,-1.2524054173760766,0.8026000261306763,28.444799423217773,927.0,1108.0,1254.0,2361.0,2238.5,1913.5,0.3062240779399872,-0.0266333296895027,0.83,15.855509016439179
36.89496330339652,-1.2429298276375038,0.8707000017166138,97.560302734375,1023.0,1307.0,1476.0,2275.5,2162.5,1900.5,0.2131147533655166,-0.0254619196057319,0.84,12.42742637430222
36.89576594158615,-1.2440490620019191,0.9332000017166138,320.3724975585937,1356.0,1071.0,1000.0,2142.5,2801.0,2438.0,0.3635640442371368,0.1332052201032638,0.84,13.925760877583771
36.90467968459199,-1.2519996391802128,0.824999988079071,167.20730590820312,896.5,1158.0,1227.0,2348.5,2412.5,2128.5,0.313662439584732,0.0134425545111298,0.81,3.894505519751992
36.902673089117926,-1.242020171022601,0.8361999988555908,62.26440048217773,991.0,1127.0,1334.0,1574.0,2133.5,1986.0,0.0825309455394744,0.1509103178977966,0.94,15.210906997968609
36.90794374656311,-1.2494089014681609,0.7167999744415283,51.02270126342773,548.0,759.0,778.0,2383.0,2306.0,2072.0,0.5077506899833679,-0.0164214111864566,0.83,14.249882713586457
36.90462171627829,-1.2518881616538766,0.7681000232696533,63.12409973144531,1064.0,1286.0,1431.0,1909.0,2412.5,2128.5,0.1431137770414352,0.1165104731917381,0.88,9.718726890778948
36.89350071825099,-1.243598692795521,0.8306000232696533,73.68930053710938,1134.0,1328.0,1547.0,1901.0,2023.5,1786.0,0.102668210864067,0.0312141682952642,0.65,7.504848597036205
36.88825235631109,-1.2550229096944492,0.8306000232696533,34.51850128173828,633.5,824.0,926.5,2000.0,1710.0,1298.0,0.3668204247951507,-0.0781671181321144,0.71,0.6622116676377374
36.89679599392949,-1.244098112113507,0.7849000096321106,46.41360092163086,790.0,1073.0,1286.0,2329.0,2533.0,2150.5,0.2885200679302215,0.0419580414891243,0.73,10.15436362918943
36.90472427560252,-1.251758847723327,0.7849000096321106,124.75900268554688,1146.0,1422.0,1665.0,2422.5,2586.0,2477.0,0.185321107506752,0.0326445028185844,0.89,14.500853663412588
36.91814171067234,-1.243121568982802,0.7391999959945679,10.43019962310791,675.0,980.5,1150.0,2806.0,2414.5,1778.5,0.4186046421527862,-0.0749928131699562,0.39,5.678428732399615
36.89595322383039,-1.245088032547372,0.7447999715805054,20.729900360107425,932.0,1162.0,1306.0,1709.0,2401.5,2226.0,0.1336650103330612,0.1684709936380386,0.97,10.301938800632488
36.8892288994418,-1.246675472522399,0.7447999715805054,98.2073974609375,802.5,960.5,1250.0,1522.0,1965.5,1731.0,0.0981241017580032,0.1271684616804123,0.9,4.265611544756888
36.90179464621041,-1.255682856650359,0.8072999715805054,139.0258026123047,1136.0,1303.0,1380.0,1779.0,2485.5,2442.0,0.1263057887554168,0.1656700670719146,0.94,13.258866571169332
36.88467615726623,-1.2491190598996869,0.8697999715805054,136.02020263671875,930.5,1172.0,1592.0,2386.0,2298.5,1889.5,0.1995977908372879,-0.0186786204576492,0.72,14.714784636832619
36.89502573081128,-1.2475182426215,0.8586000204086304,274.0790100097656,1159.0,1324.0,1476.0,1795.5,2388.5,2231.5,0.0976616218686103,0.141730397939682,0.96,3.8237707104181937
36.90284699405902,-1.2550229096944494,0.7559999823570251,15.215499877929688,818.5,1010.0,1039.0,2063.0,2024.0,1611.5,0.3301095962524414,-0.0095424512401223,0.83,11.114526804023381
36.92058529804962,-1.2420112528204943,0.7046999931335449,33.93479919433594,728.5,1011.0,1034.0,2938.0,2405.5,1903.0,0.4793554842472076,-0.0996537879109382,0.6,5.305398811105508
36.88344098627442,-1.2494624106808023,0.7616000175476074,103.92160034179688,1293.0,1551.0,1748.0,2197.0,2520.5,2429.5,0.1138149574398994,0.068574458360672,0.97,13.284897027077829
36.89510153552919,-1.2478749707057757,0.8866000175476074,62.44770050048828,798.5,1068.0,1181.0,2048.0,1938.0,1497.0,0.2685041725635528,-0.0275965873152017,0.75,9.652248039407185
36.88227716089948,-1.248936236756496,0.7839999794960022,26.74839973449707,912.0,1167.0,1360.0,2223.0,1931.5,1743.5,0.2408596128225326,-0.0701648816466331,0.84,13.185158969681332
36.89080742121472,-1.2452574783874026,0.8464999794960022,54.04570007324219,853.5,1063.0,1208.0,2174.0,2004.0,1749.0,0.2856298089027405,-0.0406893268227577,0.92,3.9376837753646696
36.90493385335203,-1.2516652066012046,0.7271000146865845,120.89540100097656,971.0,1228.0,1322.0,2006.5,2403.0,2142.0,0.2056481838226318,0.0899194926023483,0.95,11.69733145641956
36.88445320221356,-1.2493375558513058,0.9146000146865844,77.55960083007812,777.0,937.0,987.0,2713.5,2226.0,1730.5,0.466558575630188,-0.098694197833538,0.68,7.0703728224876325
36.89082525761893,-1.2453243649032044,0.732699990272522,25.873199462890625,853.5,1063.0,1208.0,2174.0,2004.0,1749.0,0.2856298089027405,-0.0406893268227577,0.92,7.4534556168560435
36.88357921840708,-1.2494757879839626,0.857699990272522,137.80340576171875,1468.0,1769.0,1921.0,2304.5,2227.0,1942.5,0.0907584875822067,-0.0171025041490793,0.77,13.59905824492732
36.91332142243356,-1.246430221964459,0.7383000254631042,8.422699928283691,666.0,880.0,1010.0,2081.5,2015.0,1544.5,0.3465954959392547,-0.0162333697080612,0.56,11.17956054838958
36.893094940055136,-1.2515983200854026,0.8119999766349792,102.05940246582033,750.5,955.0,1082.0,1864.5,1716.5,1447.5,0.2655693292617798,-0.041329238563776,0.55,4.725417131406141
36.909040685422255,-1.2385643677061808,0.8744999766349792,33.30759811401367,623.5,806.5,933.0,1620.5,1988.5,1608.5,0.2692382931709289,0.101967304944992,0.83,14.536268704625126
36.89547610001768,-1.242938745839611,0.8801000118255615,79.29720306396484,968.0,1206.0,1332.0,2059.0,2193.0,2008.0,0.2143910378217697,0.0315145812928676,0.92,14.60032593793595
36.88989330549875,-1.246559535895009,0.8801000118255615,226.25559997558597,985.0,1088.0,1182.0,2000.5,2120.0,1834.5,0.2571877539157867,0.0290013346821069,0.81,15.698881358063474
36.89671127100948,-1.2431037325785883,0.8288000226020813,50.54290008544922,764.0,984.0,1061.0,2203.5,2128.5,1771.0,0.3499770164489746,-0.0173130203038454,0.77,7.79346605898684
36.901009844425,-1.2426266087658695,0.7831000089645386,52.084598541259766,904.5,1057.0,1111.0,1840.5,2041.0,1743.5,0.2471624612808227,0.051655288785696,0.71,11.081696943813816
36.88300845347224,-1.2388319137693875,0.7943000197410583,56.78049850463867,438.0,663.0,642.0,2769.5,1941.5,1493.5,0.6236259937286377,-0.1757588684558868,0.27,8.96003600467907
36.897817128070734,-1.245690011189587,0.8623999953269958,64.6532974243164,1222.0,1406.0,1511.0,1776.0,2760.5,2640.0,0.0806206241250038,0.2170175313949585,1.0,10.097959083521548
36.88035528834544,-1.2493910650639473,0.7541999816894531,15.67389965057373,807.0,1079.0,1341.0,1858.5,2139.0,2000.5,0.1617440283298492,0.0701688528060913,0.94,6.447601814168237
36.87942779532632,-1.239768324990611,0.7541999816894531,47.25870132446289,819.0,1056.0,1233.0,1633.0,2276.0,2203.5,0.139567345380783,0.1644922047853469,0.99,15.383084391314242
36.896283197308335,-1.245881752534885,0.7486000061035156,44.647499084472656,1003.5,1201.0,1336.0,1855.5,2203.5,2009.5,0.1627761274576187,0.0857354030013084,0.94,1.4001470328017591
36.921062421862345,-1.234921282145515,0.7598000168800354,19.149999618530277,1168.0,1541.0,1803.0,2596.5,2461.5,2035.5,0.1803614050149917,-0.0266903918236494,0.77,13.925550027422098
36.90142899992403,-1.255727447660894,0.8278999924659729,49.49829864501953,725.5,878.5,972.0,2070.0,2184.5,1767.0,0.3609467446804046,0.0269126798957586,0.84,10.9931564068252
36.88570175050852,-1.2490566324849386,0.8278999924659729,30.899200439453125,793.5,1007.5,1127.0,1779.0,1930.0,1631.0,0.2243633866310119,0.0407117828726768,0.68,2.2623508026610133
36.91118551302896,-1.2472150237498654,0.7821999788284302,56.64780044555664,924.0,1143.0,1289.0,1823.0,2059.0,1710.5,0.1715938299894333,0.0607934072613716,0.96,10.993426925687062
36.892764966577175,-1.2528557865824743,0.7821999788284302,25.55109977722168,752.0,898.5,1040.0,1722.0,1895.0,1617.5,0.2469225227832794,0.0478296913206577,0.44,9.41428338846146
36.89604240585145,-1.2374718879480866,0.8446999788284302,141.25909423828125,827.5,1044.5,1078.0,2261.5,1886.0,1420.5,0.3543943762779236,-0.0905364677309989,0.79,11.910889492140445
36.918444929543966,-1.2332045282399389,0.7085000276565552,8.841500282287598,848.5,1105.0,1221.0,2166.0,2375.5,2210.5,0.2790079712867737,0.0461301319301128,0.9,5.793206181838731
36.886276974544415,-1.249319719447092,0.9016000032424928,97.9126968383789,995.0,1277.0,1438.0,2110.0,2181.0,2038.0,0.1894024759531021,0.0165462587028741,0.85,10.38545515279639
36.88113117192874,-1.2398931798201072,0.79339998960495,22.73710060119629,1120.0,1287.0,1437.0,2061.0,2433.5,2118.0,0.1783876568078994,0.0828790739178657,0.91,15.231827852363502
36.88340977256705,-1.2382923625419204,0.79339998960495,45.07659912109375,666.0,916.5,1037.0,2082.0,1933.0,1477.5,0.3350432813167572,-0.037110835313797,0.44,11.263094864219228
36.8968628804453,-1.2443522808735534,0.8503000140190125,71.40570068359375,615.0,837.0,890.0,2130.0,2374.5,1845.5,0.4105960130691528,0.0542790554463863,0.56,10.033258771401657
36.89145844996852,-1.2444236264904085,0.8503000140190125,107.43710327148438,623.0,858.0,906.5,2346.0,2201.0,1735.0,0.4425826370716095,-0.031889159232378,0.55,14.747685449414071
36.89635454292521,-1.2456944702906405,0.8726999759674072,57.77270126342773,1264.0,1541.0,1749.0,2186.5,2075.5,1745.0,0.1111675798892974,-0.0260441098362207,0.53,4.652476017108021
36.88649101139498,-1.249417819670268,0.8671000003814697,129.71380615234375,943.5,1129.0,1420.0,1851.0,2331.5,2148.0,0.1317639797925949,0.1148834452033042,0.87,13.616668373841335
36.903150212930655,-1.253252646576231,0.8671000003814697,56.07350158691406,1134.0,1306.0,1325.0,2014.5,2261.5,2006.5,0.2064680308103561,0.0577642656862735,0.91,7.214181685987252
36.87883027578515,-1.2394071378052818,0.7533000111579895,55.88209915161133,752.0,971.0,1138.0,2156.0,2300.0,1909.5,0.3090467453002929,0.0323159769177436,0.77,11.3013349386632
36.91297807165245,-1.246662095219238,0.7533000111579895,95.79530334472656,864.0,1040.0,1112.0,2039.0,1991.0,1520.0,0.2941923141479492,-0.0119106704369187,0.84,8.528983705483553
36.90383245539183,-1.2526462088329626,0.7645000219345093,29.342100143432617,834.5,989.0,1056.0,2045.5,2104.0,1652.0,0.3190391659736633,0.0140980845317244,0.74,5.753505617296508
36.89101699896423,-1.2521244940097098,0.786899983882904,45.32649993896485,1000.5,1240.0,1555.0,1896.0,2324.0,2264.0,0.0988119393587112,0.1014218032360076,0.99,12.160844416003378
36.89354085016048,-1.2434292469554895,0.8661999702453613,74.0259017944336,840.0,1090.0,1171.0,1540.0,2042.5,1834.5,0.1361121386289596,0.1402651816606521,0.9,1.1691405526608847
36.893451668139406,-1.2433088512270474,0.8661999702453613,205.63189697265625,1032.0,1234.0,1292.0,2080.0,2046.0,1719.0,0.2336892038583755,-0.008240426890552,0.88,13.551148638576436
36.905660686823744,-1.2516027791864566,0.7300000190734863,27.50279998779297,1147.0,1373.0,1485.0,2106.0,2487.0,2265.5,0.1729323267936706,0.0829523205757141,1.0,10.748171139356424
36.89056217065677,-1.2530475279277729,0.8093000054359436,18.977500915527344,931.0,1172.0,1440.0,1904.5,2569.5,2465.5,0.1388847380876541,0.1486365646123886,0.96,12.481264005425956
36.90480008032043,-1.2518747843507163,0.7523999810218811,62.4286994934082,1062.0,1219.0,1279.0,2412.0,2466.5,2155.5,0.3069628775119781,0.0111714666709303,0.75,0.8482389414456025
36.90306549001064,-1.2546215905996392,0.7010999917984009,14.838899612426758,1176.0,1327.0,1380.0,2119.0,2354.5,2200.0,0.2112032026052475,0.0526433438062667,0.95,15.399029618965868
36.91948835919048,-1.2424259492184646,0.8998000025749207,68.65889739990234,1052.0,1270.0,1274.0,2626.5,2410.0,2086.0,0.346750408411026,-0.0429861992597579,0.96,8.101787580776866
36.88122927215191,-1.2494847061860697,0.7067000269889832,83.96040344238281,1114.0,1349.0,1512.0,2260.0,2090.5,1805.0,0.1983032822608947,-0.038961037993431,0.67,13.246450270606816
36.90275781203794,-1.2551433054228924,0.8317000269889832,30.31450080871582,1237.0,1446.0,1439.0,2373.5,2336.5,1980.0,0.2451147586107254,-0.0078556267544627,0.93,9.669882551498706
36.90744432724512,-1.2501357349398723,0.7915999889373779,51.77399826049805,1811.0,1968.0,1932.0,2669.5,2626.5,2312.0,0.1602738201618194,-0.0081193353980779,0.84,14.815339369445716
36.87884811218937,-1.248958532261763,0.7347000241279602,47.24029922485352,535.0,704.5,785.0,1882.5,1824.0,1416.0,0.4114339351654053,-0.0157830845564603,0.59,1.2620494809896428
36.91111862651316,-1.247152596335117,0.7402999997138977,81.22160339355469,888.5,1132.0,1250.0,2005.0,2059.0,1710.5,0.2319508492946624,0.0132874017581343,0.7,14.853834090124167
36.88968818685031,-1.2466933089266123,0.8083999752998352,74.10990142822266,841.5,1065.0,1109.0,1951.0,2105.5,1813.5,0.2751634120941162,0.0380870215594768,0.83,12.35642841670263
36.915443954535,-1.2386936816367302,0.7515000104904175,11.54599952697754,563.5,838.0,844.5,2645.5,1885.0,1491.0,0.516045868396759,-0.1678622663021087,0.46,12.190685995399337
36.8935096364531,-1.2433757377428487,0.8140000104904175,111.8407974243164,1033.0,1254.0,1393.0,1755.0,2042.5,1834.5,0.1149936467409133,0.0757077038288116,0.8,4.528277873439243
36.88958562752607,-1.2466665543202915,0.757099986076355,127.2344970703125,987.0,1154.0,1370.0,1643.5,1981.0,1790.5,0.0907582566142082,0.0931162908673286,0.92,11.29651408672906
36.88889000776173,-1.2542871580206305,0.8307999968528748,86.57839965820312,861.5,1089.0,1314.0,1838.0,2236.0,2050.5,0.1662436574697494,0.0976926833391189,0.95,14.919550125279837
36.8962207698936,-1.2459441799496336,0.8307999968528748,63.824501037597656,1300.0,1494.0,1658.0,2071.5,2203.5,2009.5,0.1108727678656578,0.0308771934360265,0.82,2.7463390463393886
36.92026870187483,-1.2423501445005565,0.8019000291824341,36.92440032958984,983.5,1193.0,1339.0,2224.5,2518.5,2265.0,0.2484916448593139,0.0619860850274562,0.97,8.828718542079072
36.880052069473805,-1.239496319826351,0.7617999911308289,36.20240020751953,677.0,902.5,1065.0,1963.0,2199.5,1849.5,0.2965653836727142,0.056816816329956,0.61,14.844111433386205
36.88029286093069,-1.2392555283694644,0.7562000155448914,11.64430046081543,495.5,735.0,663.0,3010.5,1980.0,1348.5,0.6390363574028015,-0.2064923346042633,0.09,1.9360807938812024
36.89507924002391,-1.2471035462235294,0.8812000155448914,53.58869934082031,1319.0,1559.0,1742.0,2146.5,2203.0,2018.5,0.1040246859192848,0.0129899987950921,0.67,3.4990073517810103
36.90550461828687,-1.2515135971653877,0.7785999774932861,23.24399948120117,1023.0,1172.0,1413.0,1755.0,2487.0,2265.5,0.1079545468091964,0.1725601106882095,0.94,4.456136833439456
36.90311454012223,-1.253502356235224,0.8410999774932861,36.34230041503906,1015.0,1231.0,1157.0,3504.0,2410.0,2056.0,0.5035400390625,-0.1849847882986068,0.55,15.882078937101221
36.88327599953544,-1.249569429106085,0.7674000263214111,15.538000106811523,611.0,855.0,988.0,1984.0,2088.0,1783.5,0.3351278603076935,0.0255402754992246,0.78,0.6330593142835158
36.89511491283234,-1.2472506965582932,0.8299000263214111,84.32080078125,1181.0,1446.0,1615.0,1906.0,2229.5,2113.0,0.0826469734311103,0.0782251209020614,0.91,6.607327678245863
36.91934566795677,-1.2337396203663522,0.7105000019073486,24.103700637817383,587.0,811.5,734.0,2586.0,2095.5,1675.5,0.557831346988678,-0.104774110019207,0.71,15.303926750280048
36.91901569447882,-1.2337440794674055,0.7730000019073486,31.4237003326416,1017.0,1288.0,1491.0,2152.0,2419.5,2130.0,0.1814438700675964,0.0585147105157375,0.96,7.0271613768028685
36.88002085576643,-1.249136896303901,0.8522999882698059,125.61740112304688,1170.0,1412.0,1639.0,2026.0,2032.5,1876.0,0.1055934503674507,0.00160157692153,0.76,0.5672305347204271
36.883766500651326,-1.2496363156218868,0.7440999746322632,16.372499465942383,745.0,1004.5,1085.0,2200.0,2093.0,1831.0,0.3394216001033783,-0.0249242950230836,0.8,1.2087886700829285
36.89337140432045,-1.2434426242586505,0.8065999746322632,55.057498931884766,1003.0,1158.0,1298.0,1682.5,2577.5,2537.5,0.1290051937103271,0.2100939005613327,0.96,12.578173729033558
36.88039096115386,-1.2393224148852664,0.7329000234603882,17.38479995727539,567.0,730.5,854.0,2095.0,2106.0,1522.0,0.4208206236362457,0.002618424128741,0.56,3.5983272919501057
36.91857870257557,-1.2333070875641676,0.755299985408783,60.173099517822266,550.5,741.0,774.0,3004.5,2345.5,1906.0,0.5903136134147644,-0.1231775730848312,0.5,8.69633186149442
36.90381015988657,-1.2525481086097865,0.7497000098228455,13.055299758911133,833.0,1010.0,1065.0,2145.0,2168.5,1799.0,0.336448609828949,0.0054480121470987,0.84,5.210354109697393
36.8949276305881,-1.2469519367877124,0.7497000098228455,71.95359802246094,1279.0,1424.0,1579.0,1847.5,2596.5,2503.0,0.078359842300415,0.1685418486595153,0.98,12.551817591117368
36.90339100438754,-1.2539616436437293,0.7497000098228455,68.4291000366211,1073.0,1278.0,1430.0,1813.5,2213.5,1819.0,0.1182364746928215,0.0993295237421989,0.79,14.22939803951012
36.88493032602627,-1.249119059899687,0.8122000098228455,61.91299819946289,954.5,1165.0,1304.0,2180.0,2012.0,1687.5,0.2514351308345794,-0.0400763340294361,0.87,0.48492290751141465
36.88227270179842,-1.2489942050701903,0.7720999717712402,19.967100143432617,912.0,1167.0,1360.0,2223.0,1931.5,1743.5,0.2408596128225326,-0.0701648816466331,0.84,7.400887102418224
36.89034367470516,-1.2535826200541864,0.7609000205993652,14.920000076293944,611.0,849.5,1003.0,1900.0,2166.5,1859.0,0.3089906871318817,0.0655354708433151,0.81,14.852812660938339
36.90238770665052,-1.255508951709275,0.9194999933242798,127.22589874267578,1345.0,1410.0,1441.0,1963.5,2551.5,2341.5,0.1534733474254608,0.1302325576543808,0.94,11.631813303927938
36.89261335714135,-1.252779981864566,0.7264000177383423,98.09549713134766,739.0,820.5,1017.0,1643.0,1862.5,1659.0,0.235338345170021,0.0626158863306045,0.68,3.196617507937494
36.88944293629236,-1.246662095219238,0.7889000177383423,129.52499389648438,807.0,1020.5,1324.0,1662.0,1908.0,1648.0,0.1131949126720428,0.0689075663685798,0.91,7.241033299171405
36.916919916983694,-1.2331331826230836,0.8169000148773193,66.28710174560547,798.5,1030.0,1193.0,2145.0,2233.5,1971.5,0.2852007150650024,0.0202124007046222,0.91,11.854771701296732
36.89297008522564,-1.2515358926706546,0.8849999904632568,113.35320281982422,1150.0,1543.0,1840.0,2256.5,2410.0,2171.5,0.1016721576452255,0.032894030213356,0.71,6.957851551590607
36.901660873178805,-1.255459901597687,0.7087000012397766,12.488200187683104,1172.0,1367.0,1611.0,1960.0,2631.5,2506.5,0.0977317243814468,0.1462485045194625,0.99,14.263807418499702
36.883307213242816,-1.2384618083819516,0.7142999768257141,53.47420120239258,708.0,916.0,1067.0,2001.0,2080.0,1780.5,0.3044328689575195,0.0193579997867345,0.75,3.4280473556239563
36.90923688586862,-1.2487623318154113,0.8392999768257141,71.7603988647461,811.5,1084.0,1117.0,2424.5,2310.0,1863.0,0.3691938519477844,-0.0241841804236173,0.91,13.374761596184221
36.903203722143296,-1.2531590054541086,0.7656000256538391,37.61470031738281,1005.0,1207.0,1268.0,2163.5,2171.0,1703.5,0.2609646022319793,0.0017303033964708,0.97,7.571514417154567
36.88337855885968,-1.2384707265840582,0.8281000256538391,41.19020080566406,708.0,916.0,1067.0,2001.0,2080.0,1780.5,0.3044328689575195,0.0193579997867345,0.75,10.310960828218166
36.905642850419525,-1.25134861042641,0.7824000120162964,47.78049850463867,1093.0,1350.0,1639.0,1762.0,2354.5,2197.0,0.0361658334732055,0.1439329534769058,1.0,15.930652304305768
36.895195176651306,-1.2473487967814691,0.8449000120162964,68.90760040283203,1292.0,1530.0,1729.0,2073.5,2191.5,2114.5,0.0905982926487922,0.0276670567691326,0.82,14.930011918174106
36.90375219157287,-1.252557026811894,0.8047999739646912,58.92070007324219,967.0,1184.0,1241.0,1949.0,2168.5,1799.0,0.2219435721635818,0.0533090457320213,0.77,6.803493100391322
36.8842480835651,-1.2377215976070792,0.8047999739646912,33.65039825439453,876.0,1145.0,1487.0,1811.5,2497.5,2392.5,0.0983780473470687,0.1592016667127609,0.99,12.23908563001971
36.905616095813215,-1.2514600879527462,0.7077999711036682,47.99079895019531,764.5,973.5,1055.0,2124.5,2487.0,2265.5,0.3363736569881439,0.078607827425003,0.88,5.020637881375871
36.90818899712104,-1.2492974239418246,0.7702999711036682,138.72149658203125,702.0,946.5,903.0,2441.0,2107.5,1483.0,0.4599282443523407,-0.0733208730816841,0.49,13.455738479134308
36.90322601764856,-1.2535737018520794,0.8327999711036682,26.683900833129883,640.0,918.5,814.0,3728.0,2254.0,1573.0,0.641567587852478,-0.2464058846235275,0.37,8.341783919933338
36.89230567916867,-1.2443121489640725,0.8327999711036682,20.946800231933597,838.5,1106.0,1103.0,2759.0,2071.0,1588.5,0.4287933707237243,-0.1424430608749389,0.72,9.867120016490952
36.88266956179218,-1.2492171601228623,0.8841000199317932,157.17739868164062,1072.0,1301.0,1569.0,1973.5,2064.5,1860.0,0.1141849011182785,0.0225359089672565,0.83,10.374672597970447
36.897210690327455,-1.2444147082883017,0.7021999955177307,15.37339973449707,555.0,861.0,810.0,2835.5,2454.5,1766.0,0.5556164979934692,-0.0720226839184761,0.51,7.47519044865435
36.90723029039456,-1.2504523311146671,0.7646999955177307,54.669898986816406,1091.0,1340.0,1374.0,2430.5,2094.5,1705.0,0.2776974737644195,-0.0742541402578353,0.73,15.657196919826639
36.891855309962274,-1.2527889000666732,0.718999981880188,21.16939926147461,958.0,1171.0,1331.0,1932.5,2074.5,1833.5,0.1843113154172897,0.0354379825294017,0.95,15.198320544214528
36.90247688867157,-1.2552235692418543,0.781499981880188,33.99649810791016,1137.0,1361.0,1457.0,2013.0,2300.0,1992.0,0.1602305471897125,0.0665430128574371,0.86,13.73162816838071
36.902445674964206,-1.2554777380019009,0.843999981880188,58.48659896850586,961.5,1130.0,1210.0,1937.0,2272.5,1870.0,0.2310136705636978,0.0797006785869598,0.79,10.236269727198449
36.91834237021974,-1.2427068725848318,0.7759000062942505,9.756099700927734,1007.0,1122.0,1272.0,2184.5,2410.0,1972.0,0.2639953792095184,0.0490804240107536,0.85,6.913165610828039
36.8983655975003,-1.2350862688844926,0.9009000062942504,105.3209991455078,848.5,1092.0,1240.0,2215.5,2398.0,1976.0,0.2823035717010498,0.0395578183233737,0.84,15.275819007612524
36.92091527152758,-1.241757084060448,0.7926999926567078,20.874099731445312,508.0,769.0,680.0,2976.5,2188.0,1474.0,0.6280596256256104,-0.1526769250631332,0.08,4.907143477176644
36.8978973918897,-1.2458995889390991,0.8551999926567078,71.50350189208984,1687.0,1951.0,2066.0,2650.5,2658.5,2573.0,0.1239266395568847,0.0015068751526996,0.77,8.185651892304618
36.89361665487839,-1.24329993302494,0.809499979019165,213.89529418945312,843.5,1065.0,1123.0,1839.5,2046.0,1719.0,0.2418565452098846,0.0531463138759136,0.67,2.571883141976551
36.89094119424632,-1.2522404306370991,0.809499979019165,21.07439994812012,923.0,1157.0,1362.0,1911.5,1918.5,1759.5,0.1678631454706192,0.0018276761984452,0.91,9.149414226814635
36.90174559609881,-1.255638265639825,0.79830002784729,62.642799377441406,921.0,1128.0,1190.0,2045.5,2255.0,2037.5,0.2644104361534118,0.048715267330408,0.76,7.156013129128063
36.88604956039069,-1.2491190598996866,0.8206999897956848,80.36509704589844,846.5,1119.0,1200.0,2643.5,1924.0,1656.5,0.3755691349506378,-0.1575260013341903,0.75,9.839003511075525
36.901032139930265,-1.2555134108103283,0.8831999897956848,164.9127960205078,668.5,931.5,776.0,3308.0,2279.5,1655.5,0.6199803948402405,-0.1840715855360031,0.44,15.621635946428972
36.89395554655845,-1.2241926850109246,0.7526000142097473,19.17539978027344,535.5,786.0,846.0,2145.0,2374.5,2093.0,0.4343028962612152,0.0507799535989761,0.75,8.1239799735064
36.90833614745581,-1.2492349965270768,0.7749999761581421,94.14450073242188,798.5,1049.0,1142.0,2273.0,2252.5,2045.5,0.3311859369277954,-0.0045298864133656,0.92,15.628493926725275
36.89436578385536,-1.248155894072143,0.8374999761581421,34.23649978637695,866.0,1097.0,1215.0,2152.0,2131.0,1823.5,0.2782892882823944,-0.0049031050875782,0.87,7.332366894714985
36.88495262153154,-1.2489763686659765,0.7638000249862671,195.1891021728516,1047.0,1356.0,1637.0,2105.0,2467.0,2249.5,0.125066801905632,0.0791776031255722,0.94,11.777600211775416
36.89571689147456,-1.2444325446925153,0.8888000249862671,239.5469970703125,955.0,1184.0,1367.0,1647.0,2284.0,2035.5,0.0928997993469238,0.1620452851057052,0.89,14.492649386462299
36.88035974744649,-1.2393045784810526,0.7069000005722046,8.113699913024902,568.0,801.0,804.5,2733.0,1980.0,1348.5,0.5451589822769165,-0.1597708463668823,0.39,0.598620604149023
36.888662593608,-1.238078325691355,0.8319000005722046,24.298099517822266,1062.0,1228.0,1469.0,1870.0,2527.5,2196.0,0.1200958341360092,0.1495167762041092,0.84,14.449953591741329
36.90344005449913,-1.254077580271119,0.7861999869346619,36.50659942626953,1030.0,1193.0,1294.0,2063.0,2315.5,2009.5,0.2290735840797424,0.0576681494712829,0.89,12.539366814645218
36.91085999865206,-1.2471615145372243,0.7348999977111816,10.80430030822754,889.0,1029.0,1087.0,2203.0,2258.5,1811.0,0.3392097353935241,0.0124397622421383,0.86,13.501406545282286
36.90775200521781,-1.2496853657334743,0.8598999977111816,56.30659866333008,617.5,878.0,769.5,2602.0,2142.5,1628.5,0.5435266494750977,-0.0968489795923233,0.65,14.767713647437093
36.9017857280083,-1.2554153105871526,0.7404999732971191,26.281200408935547,1150.0,1333.0,1445.0,1877.5,2408.5,2017.0,0.1301730573177337,0.1238917410373687,0.82,15.699771480879848
36.89272929376876,-1.2527844409656193,0.7404999732971191,24.76300048828125,850.0,975.0,1238.0,1848.5,1862.5,1659.0,0.1977968513965606,0.0037725679576396,0.63,0.7462077042285566
36.904693061895145,-1.2518212751380753,0.8029999732971191,27.213699340820312,890.5,1139.0,1252.0,2206.0,2412.5,2128.5,0.2758820056915283,0.044711485505104,0.8,10.744229671182834
36.9098210281066,-1.248280748901639,0.7293000221252441,9.035400390625,975.0,1205.0,1438.0,2121.0,2434.0,2001.0,0.1919078379869461,0.0687156990170478,0.88,10.065476505929727
36.89334910881518,-1.2437146294229109,0.8711000084877014,167.75270080566406,1249.0,1485.0,1665.0,1793.0,2439.5,2414.5,0.0370156168937683,0.1527466028928756,1.0,4.570795251778001
36.89799103301181,-1.2356258201119596,0.8766999840736389,41.09239959716797,785.0,1111.0,1130.0,2474.5,1949.0,1445.0,0.3730059564113617,-0.1187973320484161,0.76,14.582301921935363
36.90456374796459,-1.2519149162601977,0.7573000192642212,63.75899887084961,798.0,978.5,1021.0,2204.5,2392.5,2159.5,0.3669198453426361,0.0408962368965148,0.94,11.553547885662814
36.88307088088699,-1.2388229955672805,0.7573000192642212,62.7411003112793,626.0,817.5,896.0,2084.5,1941.5,1493.5,0.398758590221405,-0.0355191268026828,0.58,9.10098244540977
36.90555812749951,-1.2515804836811888,0.7116000056266785,91.30549621582033,1244.0,1463.0,1690.0,2033.5,2487.0,2265.5,0.0922519117593765,0.1003207638859748,0.95,5.037633655220724
36.90517018570787,-1.2517856023296474,0.8366000056266785,176.877197265625,1375.0,1592.0,1686.0,2026.0,2555.0,2386.5,0.0915948301553726,0.1154769733548164,0.95,7.494424881887682
36.92020181535903,-1.2420335483257616,0.7853000164031982,19.32029914855957,663.5,923.0,987.5,2661.5,2547.5,1998.0,0.4587558209896087,-0.0218851994723081,0.84,14.587755211593882
36.89131575873481,-1.252017475584427,0.7853000164031982,73.17829895019531,913.0,1169.0,1386.0,1931.0,1999.0,1762.0,0.1643050909042358,0.0173027981072664,0.87,11.791808167606487
36.893152908368826,-1.252392040072916,0.7396000027656555,62.01959991455078,927.0,1108.0,1254.0,2361.0,2238.5,1913.5,0.3062240779399872,-0.0266333296895027,0.83,10.901309079031972
36.91778498258807,-1.2332402010483663,0.807699978351593,132.8876953125,930.5,1067.0,1161.0,1571.5,2074.5,1785.0,0.1502287238836288,0.1379594057798385,0.81,6.830196810023933
36.89676032112106,-1.2430725188712146,0.734000027179718,25.05069923400879,1124.0,1329.0,1518.0,1975.5,2128.5,1771.0,0.1309574991464615,0.0372807011008262,0.59,7.581677306807646
36.88814087878476,-1.2551076326144648,0.859000027179718,88.8009033203125,696.5,879.0,1043.0,1570.0,2022.0,1739.5,0.2016838937997818,0.1258351951837539,0.9,11.55801941846499
36.90415351066768,-1.2525124358013595,0.859000027179718,96.86849975585938,824.0,1052.0,1201.0,2368.0,2669.5,2456.5,0.3269823491573334,0.0598511174321174,0.87,6.128284409406939
36.90333303607384,-1.2543049944248446,0.7563999891281128,20.46579933166504,1002.0,1260.0,1380.0,2209.5,2241.0,1798.0,0.2310906797647476,0.0070778564549982,0.93,9.951558137583975
36.89326884499621,-1.2436834157155363,0.8188999891281128,103.5259017944336,1129.0,1368.0,1613.0,1737.0,2427.0,2373.0,0.0370149239897728,0.1657060533761978,1.0,14.123714825065887
36.88822114260372,-1.25490697306706,0.7620000243186951,57.284400939941406,767.5,971.5,1218.0,1716.5,2238.5,2018.0,0.1698756217956543,0.1319848299026489,0.97,8.142544991096518
36.888212224401606,-1.2550452051997167,0.8245000243186951,77.99849700927734,709.0,941.5,1138.0,1728.0,2022.0,1739.5,0.205861821770668,0.0784000009298324,0.8,4.718269264893161
36.92118727669184,-1.234742918103377,0.8245000243186951,57.11149978637695,990.0,1272.0,1469.0,2480.0,2657.5,2187.5,0.2560141682624817,0.0345498770475387,0.69,9.688074419627693
36.92052287063487,-1.2420335483257616,0.7843999862670898,12.638099670410156,685.0,953.0,996.0,2609.5,2182.0,1683.5,0.4475107491016388,-0.0892204940319061,0.66,2.050874876899029
36.89798211480971,-1.2461270030928249,0.8636999726295471,75.47419738769531,1139.0,1326.0,1398.0,1947.5,3038.5,2910.5,0.1642504930496215,0.2188126742839813,0.89,10.485694834256227
36.8790175580294,-1.2394472697147627,0.7330999970436096,31.051700592041016,979.5,1147.0,1293.0,1930.5,2402.0,2088.0,0.1977664083242416,0.1088286191225051,0.92,8.987296133112148
36.90629387917333,-1.2512282146979672,0.7955999970436096,55.17010116577149,798.0,1061.0,1045.0,2659.0,2264.5,1860.0,0.4357451498508453,-0.0801259279251098,0.86,14.730589518797697
36.90452361605512,-1.252155707717084,0.8123999834060669,184.44309997558597,1135.0,1299.0,1350.0,2144.5,2391.5,2104.0,0.227357268333435,0.0544532611966133,0.93,4.820362930879485
36.91217097436178,-1.2471303008298502,0.7555000185966492,11.511099815368652,938.5,1197.0,1111.0,2707.5,2253.5,1755.0,0.418096125125885,-0.091513805091381,0.92,12.509272306420348
36.89650615236102,-1.2433579013386349,0.715399980545044,20.68939971923828,508.5,734.0,719.5,2430.0,1885.0,1475.5,0.5431020855903625,-0.1263035982847213,0.33,8.530520284751846
36.895146126539714,-1.2473175830740948,0.840399980545044,50.83560180664063,1010.0,1242.0,1482.0,1788.0,2191.5,2114.5,0.0935779809951782,0.1013946458697319,0.98,9.66846039697549
36.88517111748316,-1.237859829739736,0.840399980545044,73.3196029663086,950.0,1103.0,1275.0,1587.0,1853.5,1552.5,0.1090146750211715,0.0774596706032753,0.81,14.537058492286704
36.8844398249104,-1.249426737872375,0.902899980545044,57.61909866333008,608.5,858.5,913.5,2518.5,2226.0,1730.5,0.4676573574542999,-0.0616503320634365,0.6,1.2279662926206814
36.92051395243277,-1.2340116255306124,0.766700029373169,176.99459838867188,1120.0,1456.0,1928.0,2321.5,2728.0,2408.0,0.0925991311669349,0.0805030167102813,0.84,15.318765437181295
36.88515328107894,-1.2488693502406942,0.829200029373169,28.198400497436523,956.5,1184.0,1445.0,1944.5,2419.5,2339.0,0.1473668664693832,0.1088450998067855,0.88,15.10554703345322
36.89287644410352,-1.251446710649586,0.7098000049591064,43.07979965209961,903.0,1163.0,1404.0,2233.5,2867.5,2741.0,0.2280412316322326,0.1242893561720848,0.89,14.985776432688137
36.88938942707972,-1.254215812403776,0.732200026512146,5.615600109100342,718.0,944.5,1118.0,1594.0,2030.5,1939.0,0.1755162179470062,0.120430402457714,0.98,12.161645109502029
36.91852965246399,-1.2332803329578474,0.794700026512146,91.54070281982422,900.0,1084.0,1253.0,2298.5,2345.5,1906.0,0.2943826615810394,0.0101205855607986,0.81,6.698329570547371
36.90568744143005,-1.251419956043265,0.857200026512146,54.27299880981445,1024.0,1272.0,1485.0,2056.0,2362.5,2240.0,0.1612538844347,0.0693674311041832,0.97,8.265874558498055
36.91986292367897,-1.2421806986605255,0.7378000020980835,10.45639991760254,613.5,850.0,872.0,2520.0,2247.0,1640.0,0.4858490526676178,-0.0572687238454818,0.39,10.906023556665906
36.90161628216827,-1.255678397549306,0.8170999884605408,161.92239379882812,1081.0,1289.0,1419.0,2125.0,2331.0,2124.0,0.1992099285125732,0.0462298020720481,0.93,7.993660838575965
36.90433633381087,-1.2523162353550077,0.8282999992370605,40.31240081787109,1169.0,1270.0,1375.0,2064.5,2466.5,2286.5,0.2004651874303817,0.088722139596939,0.94,5.132748412477689
36.89338924072466,-1.2435318062797192,0.771399974822998,231.2286071777344,1004.5,1111.0,1296.0,1673.5,2577.5,2537.5,0.1271257847547531,0.2126558423042297,0.96,6.705204396998241
36.90410000145504,-1.252597158721375,0.771399974822998,26.6560001373291,868.0,1032.0,1359.0,2101.5,2669.5,2456.5,0.2145643681287765,0.1190526112914085,0.89,12.302144951196656
36.91856978437347,-1.2424660811279458,0.822700023651123,97.80149841308594,1030.0,1285.0,1434.0,2315.5,2529.0,2087.0,0.2350980192422866,0.0440705940127372,0.91,10.640307361540646
36.8796685867832,-1.2398352115064124,0.7770000100135803,40.94210052490234,942.0,1182.0,1364.0,1931.0,2282.0,2021.5,0.1720789074897766,0.0833135545253753,0.9,8.695327299632057
36.88515328107894,-1.2489406958575489,0.8562999963760376,51.29130172729492,731.0,941.0,1110.0,1948.5,1984.0,1771.0,0.2741540074348449,0.0090273367241024,0.74,7.561806152091766
36.90299414439379,-1.2547419863280822,0.7368999719619751,33.04499816894531,1156.0,1345.0,1537.0,2041.5,2354.5,2200.0,0.1409808546304702,0.0712010934948921,0.97,14.651323760509325
36.90504978997942,-1.251638451994884,0.7257000207901001,28.31529998779297,999.0,1250.0,1292.0,2397.0,2392.5,2183.5,0.299539178609848,-0.000939555291552,0.89,8.607736868637199
36.892706998263485,-1.2442586397514313,0.8330000042915344,19.205699920654297,584.5,815.0,827.0,2439.0,1972.0,1439.0,0.4935701191425323,-0.1058716848492622,0.76,7.278738587249679
36.889737236961885,-1.246697768027666,0.8330000042915344,63.4109992980957,841.5,1065.0,1109.0,1951.0,2105.5,1813.5,0.2751634120941162,0.0380870215594768,0.83,13.770555445372278
36.915484086444486,-1.2386847634346236,0.7760999798774719,11.704999923706056,930.0,1239.0,1507.0,2333.0,2529.0,2192.5,0.2151041626930236,0.0403126291930675,0.73,14.243057194915398
36.89813818334658,-1.2428896957280229,0.7649000287055969,74.96959686279297,1033.0,1250.0,1415.0,2105.5,2129.0,1732.0,0.1961369067430496,0.0055496515706181,0.93,11.101093955308745
36.88664707993185,-1.2494311969734282,0.8274000287055969,131.66400146484375,883.5,1125.0,1324.0,1990.5,2197.0,2065.0,0.2010861337184906,0.0493134334683418,0.89,7.854549484548767
36.898093592336046,-1.2459530981517406,0.7192000150680542,9.75119972229004,741.0,1005.5,1103.0,2364.5,2563.5,2158.5,0.3638067841529846,0.0403814949095249,0.75,8.810493436527237
36.88820776530056,-1.2549738595828617,0.7360000014305115,26.50979995727539,694.5,920.0,1149.0,1819.0,2022.0,1739.5,0.2257412374019622,0.0528508201241493,0.59,6.509658545169093
36.91114538111948,-1.2365265585247558,0.7360000014305115,21.97800064086914,495.0,718.5,718.0,2086.0,2147.0,1546.0,0.4878744781017303,0.0144105833023786,0.47,4.503292620219101
36.91832453381553,-1.2428807775259163,0.730400025844574,19.32559967041016,729.0,993.5,1168.0,2467.0,2459.5,1910.0,0.3573590219020843,-0.0015223789960145,0.78,10.73238734049759
36.88503734445156,-1.2489674504638697,0.7472000122070312,145.72479248046875,1039.0,1304.0,1523.0,1999.0,1984.0,1771.0,0.1351504772901535,-0.0037660056259483,0.45,8.52100542772357
36.91139509077848,-1.237137455369078,0.8097000122070312,28.906400680541992,535.0,791.5,907.0,2413.5,2184.5,1665.0,0.4536967277526855,-0.0498042628169059,0.54,11.286246553060705
36.91755310933329,-1.2334631561010383,0.8097000122070312,102.51570129394533,914.5,1152.0,1264.0,1962.0,2168.0,1890.0,0.216367021203041,0.0498789362609386,0.75,11.974478346110892
36.89482061216282,-1.2429075321322371,0.7527999877929688,59.624298095703125,1355.0,1549.0,1780.0,2102.5,2038.5,1759.5,0.0830650329589843,-0.0154552040621638,0.66,8.744378607624244
36.89785725998021,-1.2350015459644774,0.707099974155426,34.230098724365234,675.5,909.0,893.0,2467.0,1988.0,1370.5,0.4684523940086365,-0.1075196415185928,0.7,15.233998223767907
36.88034637014333,-1.2394115969063355,0.758400022983551,74.32990264892578,560.5,806.0,913.0,2192.0,2106.0,1522.0,0.4119162559509277,-0.0200093071907758,0.51,12.312680832821945
36.89515504474183,-1.2469965277982469,0.820900022983551,44.35929870605469,1248.0,1438.0,1542.0,2222.0,2203.0,2018.5,0.1806588768959045,-0.0042937854304909,0.83,12.498078506379025
36.90164749587564,-1.2557408249640545,0.7807999849319458,101.9884033203125,1125.0,1364.0,1475.0,1909.0,2331.0,2124.0,0.1282505840063095,0.0995283052325248,0.9,15.532480444981855
36.90401973763608,-1.252436631083451,0.8432999849319458,56.97370147705078,1320.0,1491.0,1603.0,2255.0,2498.5,2249.5,0.1689994782209396,0.0512254126369953,0.87,7.528606651624361
36.9167370938405,-1.2331064280167627,0.8600999712944031,148.40780639648438,555.0,814.0,1025.0,1962.0,2159.0,1821.0,0.3136926591396332,0.0478039309382438,0.74,8.327749753236406
36.90108564914291,-1.241815052374143,0.7864000201225281,31.60280036926269,877.5,1171.0,1281.0,2389.0,2303.5,1775.5,0.3019073605537414,-0.0182205643504858,0.82,12.099092551819702
36.90459942077303,-1.252097739403389,0.7919999957084656,56.67490005493164,1211.0,1367.0,1546.0,1902.0,2361.0,2051.5,0.1032482609152793,0.1076706573367118,0.95,6.450759494083434
36.920687857373856,-1.2419622027089066,0.7919999957084656,17.432199478149414,970.5,1209.0,1318.0,2378.0,2405.5,1903.0,0.2867965400218963,0.0057489285245537,0.84,8.657207334549902
36.920134928843225,-1.242448244723732,0.8544999957084656,55.73059844970703,1178.0,1401.0,1484.0,1925.5,2516.0,2177.0,0.1294911205768585,0.1329505741596222,0.95,15.309005266243098
36.89730879055064,-1.2366514133542523,0.9169999957084656,102.42150115966795,626.0,869.0,1282.0,2352.0,2815.0,2552.5,0.2944413721561432,0.0896071195602417,0.47,13.998091971156093
36.9186054571819,-1.2424036537131973,0.8087999820709229,37.10100173950195,709.0,937.0,1054.0,2309.0,2360.0,1895.0,0.3731787204742431,0.0109231099486351,0.57,4.636686349138288
36.90396622842344,-1.2524678447908248,0.8657000064849854,59.94660186767578,1320.0,1491.0,1603.0,2255.0,2498.5,2249.5,0.1689994782209396,0.0512254126369953,0.87,6.656208993394048
36.89795536020339,-1.2359513344888613,0.8657000064849854,79.7615966796875,754.5,933.0,980.0,2114.5,1940.0,1514.5,0.3666181862354278,-0.0430385991930961,0.49,15.489109530283214
36.92033558839064,-1.2423055534900218,0.7574999928474426,12.921199798583984,853.0,1062.0,1199.0,1968.5,2518.5,2265.0,0.2429360747337341,0.1225763335824012,0.77,13.095283891322842
36.89616726068096,-1.2458862116359388,0.8199999928474426,44.39970016479492,1300.0,1494.0,1658.0,2071.5,2203.5,2009.5,0.1108727678656578,0.0308771934360265,0.82,11.49683016191804
36.90200422395991,-1.2424660811279458,0.7742999792098999,21.30290031433105,806.0,1045.0,1174.0,2137.0,2129.0,1883.0,0.2908486723899841,-0.0018752929754555,0.88,15.386794620477405
36.91792321472072,-1.2333873513831302,0.7687000036239624,132.35580444335938,1133.0,1269.0,1437.0,2127.0,2443.0,2355.0,0.1936026960611343,0.0691466107964515,0.94,14.19085184956747
36.914859812297,-1.245988770960168,0.7687000036239624,45.98529815673828,1451.0,1687.0,1790.0,2523.0,2336.0,2043.0,0.1699513047933578,-0.0384852848947048,0.8,14.43706851609697
36.903997442130816,-1.2525926996203216,0.9104999899864196,109.83920288085938,1029.0,1226.0,1343.0,2283.0,2498.5,2249.5,0.2592388391494751,0.0450695380568504,0.95,7.420285714227153
36.91250094783974,-1.2379534708618585,0.7174000144004822,13.666399955749512,624.0,879.0,998.0,2276.0,2308.5,1906.0,0.3903481960296631,0.0070891045033931,0.65,11.10290240665876
36.89272037556664,-1.252739849955085,0.739799976348877,46.207801818847656,850.0,975.0,1238.0,1848.5,1862.5,1659.0,0.1977968513965606,0.0037725679576396,0.63,4.271213745655353
36.904300661002445,-1.25240987647713,0.791100025177002,32.95759963989258,906.0,1047.0,1195.0,1884.5,2466.5,2286.5,0.2238999903202057,0.1337623596191406,0.83,7.086472939472885
36.88208541955417,-1.248909482150175,0.7342000007629395,38.424198150634766,1217.0,1479.0,1700.0,1996.5,2165.5,2097.5,0.0802110135555267,0.0406054779887199,0.91,5.479334690183876
36.89428106093536,-1.248097925758448,0.8134999871253967,65.3949966430664,1126.0,1398.0,1583.0,2148.5,2178.0,1922.0,0.1515476405620575,0.0068184444680809,0.6,14.120469212844537
36.89620739259044,-1.245368955913739,0.8414999842643738,99.75070190429688,1176.0,1400.0,1659.0,2009.0,2196.0,1976.0,0.0954198464751243,0.0444708690047264,0.85,2.7532916599264876
36.90102322172816,-1.2427247089890456,0.8359000086784363,123.82849884033205,925.0,1074.0,1166.0,1595.5,2080.0,1963.0,0.155531421303749,0.131818801164627,0.88,13.766083718208378
36.9028960441706,-1.2548713002586325,0.7276999950408936,56.14830017089844,833.0,1026.0,1141.0,1973.5,2187.0,1923.5,0.2672981321811676,0.0513159483671188,0.78,15.839499558470305
36.89082525761893,-1.2450033096273565,0.8526999950408936,125.7479019165039,996.0,1274.0,1502.0,1932.5,2059.0,1814.0,0.1253457516431808,0.0316923446953296,0.68,0.28090006947438595
36.89130238143165,-1.2520932803023357,0.733299970626831,23.697900772094727,715.0,917.5,1109.0,1694.0,1999.0,1762.0,0.2087049633264541,0.08258868008852,0.8,3.4866040700346512
36.90324831315383,-1.2544075537490735,0.795799970626831,27.155799865722656,769.5,971.0,962.0,2589.0,2111.0,1595.0,0.4581807851791382,-0.1017021313309669,0.4,11.535660299428
36.89080296211365,-1.2442630988524843,0.8014000058174133,130.14340209960938,982.0,1255.0,1478.0,1928.5,2135.0,1987.0,0.1322471797466278,0.0508182607591152,0.9,8.628024349382496
36.89626536090413,-1.2454403015305944,0.9319999814033508,141.13909912109375,993.0,1227.0,1379.0,2276.0,2196.0,1976.0,0.2454172372817993,-0.0178890880197286,0.93,5.413596131873557
36.89786617818232,-1.245747979503282,0.8126000165939331,48.0723991394043,1509.0,1698.0,1830.0,2227.0,3114.0,3142.5,0.0978555604815483,0.1660737693309784,0.71,7.169630311032807
36.88434172468722,-1.2377215976070792,0.8919000029563904,104.93199920654295,1382.0,1499.0,1715.0,1940.0,2497.5,2392.5,0.0615595057606697,0.1256338059902191,0.97,14.358956087194413
36.91103390359314,-1.2363036034720831,0.7099999785423279,8.620400428771973,638.0,960.0,1086.0,2367.5,2226.0,1638.0,0.3710728287696838,-0.0308043975383043,0.43,13.855627291188233
36.91893543065985,-1.233967034520078,0.7724999785423279,51.50600051879883,1172.0,1456.0,1749.0,1990.5,2569.5,2458.5,0.0645808279514312,0.1269736886024475,0.99,8.102465775200386
36.87860732073249,-1.2490566324849388,0.8974999785423279,187.83680725097656,1142.0,1433.0,1708.0,2183.5,2188.5,2013.5,0.1221893876791,0.0011436413042247,0.54,10.076765061984206
36.918351288421846,-1.2333739740799698,0.7613000273704529,35.26300048828125,977.0,1246.0,1363.0,1960.5,2168.0,1849.0,0.1797803491353988,0.0502603836357593,0.87,14.853522228004985
36.91826656550183,-1.2332624965536332,0.7211999893188477,18.219600677490234,1027.0,1263.0,1526.0,1897.0,2319.5,2158.0,0.1083844602108001,0.100201591849327,0.95,7.424688789285539
36.903074408212746,-1.2546572634080668,0.7211999893188477,29.50069999694824,1176.0,1327.0,1380.0,2119.0,2354.5,2200.0,0.2112032026052475,0.0526433438062667,0.95,12.389709794295857
36.89092781694315,-1.2442898534588052,0.7211999893188477,23.643199920654297,945.0,1150.0,1367.0,1739.0,2135.0,1987.0,0.1197681874036789,0.1022199243307113,0.92,4.223336309397303
36.90246797046947,-1.25530829216187,0.7836999893188477,27.83489990234375,925.0,1149.0,1182.0,2129.0,2272.5,1870.0,0.2860163152217865,0.032602522522211,0.84,5.779509319516052
36.911082953704735,-1.2364775084131678,0.7268000245094299,14.945199966430664,495.0,718.5,718.0,2086.0,2147.0,1546.0,0.4878744781017303,0.0144105833023786,0.47,2.8434084592191367
36.89635008382415,-1.2456231246737857,0.9199000000953674,123.12799835205078,1335.0,1619.0,1802.0,2046.5,2011.5,1796.5,0.0635312423110008,-0.0086249383166432,0.71,6.543606148078306
36.88909958551125,-1.2467334408360935,0.8004999756813049,44.779598236083984,761.0,992.5,1166.0,1999.0,2185.5,1894.5,0.2631911635398865,0.0445692427456378,0.76,1.2246203709156434
36.88397607840083,-1.2378419933355225,0.8629999756813049,80.79720306396484,765.0,980.0,1252.0,1976.0,1965.5,1713.5,0.2242874801158905,-0.0026639604475349,0.63,9.720890010862158
36.89144953176641,-1.2519862618770528,0.703499972820282,18.604700088500977,860.5,1071.0,1268.0,2004.5,1999.0,1762.0,0.2250572890043258,-0.0013737978879362,0.69,14.560127457126471
36.9182219744913,-1.2427782182016869,0.890999972820282,35.5713996887207,521.0,696.0,790.0,2486.5,2199.0,1682.5,0.5177780985832214,-0.0613595135509967,0.43,0.17879329488855125
36.89045961133255,-1.2457167657959078,0.754800021648407,51.727298736572266,902.0,1122.0,1277.0,2142.0,2163.5,1735.5,0.2529979646205902,0.0049936128780245,0.87,13.992839247160887
36.91212638335124,-1.2376993021018123,0.817300021648407,24.19809913635254,514.5,758.5,748.5,2593.0,2262.5,1749.0,0.5519976019859314,-0.0680671408772468,0.4,13.357036101477558
36.91930107694623,-1.2423144716921286,0.817300021648407,79.57420349121094,1255.0,1446.0,1519.0,2191.0,2420.0,1910.5,0.1811320781707763,0.0496638491749763,0.9,13.975600741770336
36.90661047534812,-1.2510230960495086,0.7146999835968018,31.14929962158203,468.0,730.0,756.0,2778.0,2179.5,1680.0,0.5721561908721924,-0.1207261756062507,0.15,9.644542068386002
36.90240108395368,-1.2410213323866293,0.7771999835968018,23.371000289916992,772.0,984.0,1069.0,1937.5,1764.0,1446.0,0.2888741195201874,-0.0468728877604007,0.74,13.212623181903979
36.90164303677458,-1.255517869911382,0.720300018787384,38.84360122680664,1143.0,1368.0,1488.0,2078.0,2393.5,2296.0,0.1654514819383621,0.0705579817295074,0.98,8.51994488900511
36.88017246520224,-1.2491681100112748,0.7315000295639038,56.40530014038086,1198.0,1420.0,1645.0,1902.0,2383.0,2358.0,0.0724555999040603,0.1122520416975021,0.98,11.365293235354232
36.88368623683236,-1.2496006428134594,0.9246000051498412,86.36530303955078,875.5,1095.0,1230.0,2160.5,2227.0,1942.5,0.2744432985782623,0.0151566956192255,0.82,2.841924477715929
36.905085462787845,-1.2516384519948842,0.7483000159263611,36.349700927734375,999.0,1250.0,1292.0,2397.0,2392.5,2183.5,0.299539178609848,-0.000939555291552,0.89,6.886170847365367
36.89806683772972,-1.246220644214947,0.8108000159263611,14.884200096130373,1867.0,2030.0,2235.0,2610.0,3038.5,2910.5,0.0773993805050849,0.0758608505129814,0.68,5.86422509870823
36.89502573081128,-1.246778031846628,0.8163999915122986,68.75700378417969,806.0,998.0,1052.0,2008.5,2444.5,2277.0,0.3125306367874145,0.0979115217924118,0.92,1.3185955401226739
36.89663992539262,-1.2431304871849091,0.7595000267028809,51.16450119018555,1070.0,1314.0,1544.0,1944.0,2348.0,2180.5,0.1146788969635963,0.0941286087036132,0.98,14.019075748905795
36.90176343250303,-1.2554777380019009,0.7818999886512756,28.718299865722656,1150.0,1333.0,1445.0,1877.5,2408.5,2017.0,0.1301730573177337,0.1238917410373687,0.82,9.596918352622842
36.91815062887444,-1.24263998606903,0.8388000130653381,18.14929962158203,623.5,899.5,890.5,2620.5,2199.0,1682.5,0.4927371144294739,-0.0874572023749351,0.51,15.666954246824142
36.88126494496035,-1.2494133605692146,0.7930999994277954,105.1981964111328,1151.0,1377.0,1678.0,2002.5,2217.0,2195.5,0.0881673693656921,0.050835408270359,0.9,12.894274808959196
36.88675855745819,-1.2494534924786955,0.8555999994277954,61.98030090332031,901.0,1138.0,1333.0,1964.5,2197.0,2065.0,0.1915087252855301,0.0558692775666713,0.87,2.4753973683483266
36.918302238310254,-1.2331421008251904,0.8555999994277954,36.80870056152344,1074.0,1329.0,1569.0,1935.0,2540.5,2420.5,0.1044520512223243,0.1352921426296234,0.97,6.374375794485317
36.918364665725015,-1.2427603817974733,0.7875000238418579,38.14099884033203,843.0,1091.0,1349.0,2287.0,2410.0,1972.0,0.2579757869243622,0.026186928153038,0.87,11.341710247914552
36.90319926304224,-1.2530832007362005,0.7473999857902527,58.97380065917969,1094.0,1320.0,1431.0,2335.0,2254.0,1885.5,0.2400424927473068,-0.0176509041339159,0.91,12.389867408329499
36.91811495606602,-1.233289251159954,0.8043000102043152,45.4546012878418,768.0,979.0,1066.0,2342.5,2375.5,2086.0,0.3745049238204956,0.0069944891147315,0.84,8.020059110793651
36.879824655320085,-1.23972819308113,0.7585999965667725,62.897499084472656,947.0,1052.0,1263.0,2078.0,2400.5,2117.0,0.2439389377832412,0.0720107182860374,0.83,8.777604535761453
36.8927828029814,-1.2444459219956758,0.76419997215271,25.24530029296875,844.0,1028.5,1186.0,2444.0,2196.0,1825.5,0.3465564846992492,-0.053448274731636,0.85,15.087988352797261
36.89288536230561,-1.2513307740221964,0.76419997215271,94.23249816894533,768.5,936.5,1051.0,2218.5,2517.0,2285.5,0.3570882380008697,0.0630345270037651,0.86,11.225994868444014
36.9019863875557,-1.255598133730344,0.753000020980835,83.74040222167969,1091.0,1292.0,1471.0,1771.5,2144.0,1877.0,0.0926754027605056,0.0951347202062606,0.95,12.717451095823392
36.90442551583194,-1.2522582670413132,0.815500020980835,45.97320175170898,1355.0,1544.0,1674.0,1909.0,2435.0,2294.0,0.0655874982476234,0.1210865527391433,0.94,4.823625569450008
36.87861177983354,-1.2394561879168695,0.7753999829292297,13.784899711608888,584.0,788.0,1003.0,1452.5,1470.0,1081.5,0.1830584406852722,0.005988024175167,0.68,3.0599511998415907
36.90097863071762,-1.2426266087658695,0.8378999829292297,34.9203987121582,678.5,920.5,872.5,2341.0,1884.0,1408.5,0.4569783806800842,-0.1081656813621521,0.65,7.606858052810218
36.90188382823148,-1.255419769688206,0.7240999937057495,27.14900016784668,1037.0,1229.0,1306.0,2431.5,2408.5,2017.0,0.3011371195316314,-0.0047520659863948,0.91,10.075521229040687
36.91945714548309,-1.23378867047794,0.7865999937057495,28.77910041809082,572.0,789.5,762.0,2618.5,2221.5,1634.0,0.5491791367530823,-0.0820247903466224,0.39,14.029890250152366
36.91138171347532,-1.2367361362742677,0.7408999800682068,20.93269920349121,961.0,1218.0,1516.0,2354.0,2525.0,2253.0,0.2165374606847763,0.0350481644272804,0.86,15.364932115917703
36.90405095134346,-1.252360826365542,0.7297000288963318,35.79309844970703,1440.0,1693.0,1834.0,2020.0,2677.0,2553.5,0.0482615455985069,0.139876514673233,0.97,13.842713702470427
36.89574364608088,-1.2430814370733212,0.8547000288963318,94.6895980834961,944.5,1206.0,1315.0,1960.0,1978.5,1687.0,0.1969465613365173,0.0046972199343144,0.83,13.038760287672355
36.88140763619405,-1.249248373830237,0.8547000288963318,92.56890106201172,994.5,1183.0,1361.0,2384.5,2028.5,1805.5,0.2732612490653991,-0.0806707441806793,0.82,15.124412120891828
36.89024111538093,-1.2538234115110725,0.8090000152587891,70.01309967041016,526.0,689.5,773.0,1655.5,1741.0,1330.0,0.3633930385112762,0.0251729730516672,0.37,12.413897130000285
36.90317696753697,-1.2545234903764635,0.7008000016212463,8.587300300598145,609.0,813.0,805.0,2531.0,2111.0,1595.0,0.5173860788345337,-0.090478241443634,0.69,11.060730342943936
36.90438538392246,-1.2522894807486868,0.8202000260353088,46.3384017944336,1169.0,1270.0,1375.0,2064.5,2466.5,2286.5,0.2004651874303817,0.088722139596939,0.94,4.838667955405995
36.91846276594819,-1.2424170310163576,0.8370000123977661,30.904800415039062,1105.0,1354.0,1380.0,2316.0,2322.0,1910.0,0.2532467544078827,0.0012936610728502,0.96,0.7321025590197249
36.90092958060604,-1.2428763184248626,0.7343999743461609,18.101900100708008,644.0,831.5,929.0,1769.0,2024.0,1657.5,0.3113417327404022,0.0672291070222854,0.85,11.88340320360714
36.90429620190139,-1.252169085020244,0.8593999743461609,57.79970169067383,1166.0,1371.0,1498.0,2298.5,2510.5,2409.5,0.210852101445198,0.044084008783102,0.95,10.998485858565553
36.91360680490098,-1.246675472522399,0.8593999743461609,118.1865005493164,872.0,1081.0,1217.0,1797.5,2169.5,1758.0,0.1925692558288574,0.0937736332416534,0.74,12.45215109862957
36.89394662835634,-1.2429030730311834,0.8593999743461609,518.301025390625,1097.0,1227.0,1594.0,2186.5,2412.0,2370.5,0.1567253023386001,0.0490377284586429,0.89,11.348809872667694
36.90407324684871,-1.2525481086097867,0.7857000231742859,43.78450012207031,868.0,1032.0,1359.0,2101.5,2669.5,2456.5,0.2145643681287765,0.1190526112914085,0.89,6.146504200760251
36.89502127171022,-1.2479329390194704,0.910700023174286,83.58489990234375,1023.0,1233.0,1372.0,1865.0,2209.0,1831.0,0.1523015201091766,0.0844378992915153,0.81,4.861146437706587
36.88305304448278,-1.2494445742765885,0.910700023174286,118.37039947509766,850.0,1116.0,1337.0,2008.0,2360.0,2192.0,0.2005979120731353,0.0805860832333564,0.95,7.844182557162907
36.8976566004328,-1.2453823332168994,0.8537999987602234,130.97439575195312,1484.0,1696.0,1802.0,2571.5,2982.5,2818.5,0.1759460419416427,0.0740007236599922,0.87,15.155165191265153
36.89527989957132,-1.242987795951199,0.8650000095367432,31.002199172973636,1005.5,1319.0,1364.0,2564.0,2499.5,2109.0,0.3054989874362945,-0.0127382241189479,0.98,6.539880791745514
36.87928064499155,-1.239478483422137,0.7455999851226807,60.42390060424805,822.5,1067.0,1268.0,1882.5,2057.0,1780.0,0.1950484067201614,0.044294960796833,0.84,2.078381352129517
36.89093227604421,-1.2523251535571145,0.7567999958992004,33.21670150756836,980.0,1222.0,1459.0,1966.0,2220.0,2068.5,0.1480291932821273,0.0606784522533416,0.74,3.3501959038773177
36.91554651385923,-1.2387516499504252,0.7567999958992004,13.754899978637695,816.5,1113.0,1232.0,2530.0,1885.0,1491.0,0.3450292348861694,-0.1460928618907928,0.78,12.18104658319164
36.88258037977111,-1.249172569112328,0.8817999958992004,62.64039993286133,1072.0,1319.0,1601.0,1898.5,2064.5,1860.0,0.0850121453404426,0.0418874584138393,0.89,8.395707476616
36.8968049121316,-1.2430011732543595,0.7680000066757202,89.64800262451172,1046.0,1281.0,1441.0,2130.0,2128.5,1771.0,0.1929431557655334,-0.0003522367042023,0.88,12.57714167499041
36.882192437979455,-1.2488693502406942,0.77920001745224,87.92880249023438,1230.0,1492.0,1704.0,2080.5,2307.5,2347.5,0.0994847416877746,0.0517319962382316,0.93,14.805598865643367
36.88955887291974,-1.2542782398185242,0.7222999930381775,15.241999626159668,821.0,1059.0,1259.0,1863.0,1838.5,1602.0,0.1934657245874405,-0.006618938408792,0.9,7.648365849791082
36.8949945171039,-1.24698760959614,0.8529000282287598,66.38159942626953,1262.0,1528.0,1601.0,2096.0,2596.5,2503.0,0.1338923424482345,0.1066595613956451,0.97,5.304336544120305
36.888212224401606,-1.2548400865512583,0.7335000038146973,15.878600120544434,799.0,1021.0,1236.0,1935.0,2238.5,2018.0,0.2204351872205734,0.0727207362651825,0.87,12.056484495125028
36.911033903593136,-1.236379408189992,0.7502999901771545,13.035900115966797,560.5,822.0,878.5,2428.0,2226.0,1638.0,0.4686224162578583,-0.0434035249054431,0.44,7.0898141249781546
36.91177857346908,-1.237458510644926,0.932200014591217,190.5644989013672,636.5,920.0,1088.0,2574.0,2180.5,1550.0,0.4057891964912414,-0.0827636942267417,0.47,14.324464164397684
36.89073607559786,-1.2455161062485025,0.8295999765396118,38.01580047607422,707.5,953.5,1044.0,2344.5,2145.5,1619.0,0.3837981522083282,-0.0443207137286663,0.52,2.8877027115537315
36.89626090180308,-1.2372935239059486,0.8865000009536743,73.76640319824219,1001.0,1144.0,1178.0,2386.0,2179.0,1820.0,0.3389450013637543,-0.045345015823841,0.9,13.581904874185904
36.91756202753538,-1.2332714147557406,0.7157999873161316,53.00820159912109,765.5,988.0,1089.0,1982.5,2174.0,1895.0,0.2909002006053924,0.0460724160075187,0.76,8.145125719072864
36.87925389038524,-1.2395409108368851,0.7727000117301941,58.138301849365234,900.0,1089.0,1316.0,1766.5,2363.0,2211.5,0.146147608757019,0.1444484740495681,0.86,9.071219253575586
36.89509707642813,-1.246662095219238,0.7727000117301941,12.377900123596191,621.0,797.0,889.5,2020.0,1839.0,1381.0,0.3885547220706939,-0.0469033420085907,0.64,6.66896734692309
36.91864112999033,-1.2422208305700064,0.7325999736785889,32.81850051879883,916.0,1171.0,1224.0,2106.0,2715.0,2493.0,0.2648648619651794,0.1263223439455032,0.88,15.334143149846692
36.893152908368826,-1.24395987998085,0.8575999736785889,99.47949981689452,998.5,1215.0,1427.0,1774.0,2256.5,2003.5,0.1084036231040954,0.119712196290493,0.94,13.077511532295677
36.90104997633447,-1.2426444451700835,0.7037000060081482,11.846699714660645,925.0,1074.0,1166.0,1595.5,2080.0,1963.0,0.155531421303749,0.131818801164627,0.88,15.549346741279537
36.88256700246794,-1.2490833870912594,0.8287000060081482,57.19229888916016,1020.0,1282.0,1522.0,1925.0,2226.5,2146.0,0.1169132590293884,0.0726243555545806,0.88,15.414498732222905
36.907885778249415,-1.249529297196604,0.7717999815940857,49.83610153198242,893.0,1179.0,1204.0,2239.0,2179.5,1614.5,0.3006099462509155,-0.0134661085903644,0.86,12.720012567113528
36.89855733884561,-1.2351041052887066,0.8967999815940857,84.84010314941406,898.5,1181.0,1372.0,2533.0,2667.5,2425.0,0.2973111271858215,0.0258628986775875,0.87,10.239573016331775
36.91126131774687,-1.2473042057709345,0.714900016784668,47.94449996948242,816.5,1023.0,1194.0,1814.5,2101.5,1864.0,0.2062489539384842,0.0732890740036964,0.78,5.630374068528137
36.88510423096736,-1.2489629913628164,0.777400016784668,88.59709930419922,731.0,941.0,1110.0,1948.5,1984.0,1771.0,0.2741540074348449,0.0090273367241024,0.74,6.807045748820761
36.89591755102197,-1.2450479006378912,0.839900016784668,48.609500885009766,1004.5,1194.0,1295.0,2009.0,2401.5,2226.0,0.2161016911268234,0.088992178440094,0.9,12.273531114666795
36.896332247419934,-1.2458460797264574,0.839900016784668,44.01959991455078,746.5,958.0,1130.0,2257.0,2075.5,1745.0,0.332742840051651,-0.0418926700949668,0.77,1.4276916859093978
36.88705731722877,-1.2492885057397178,0.8454999923706055,161.99020385742188,962.0,1149.0,1374.0,1738.0,1930.5,1661.5,0.1169665828347206,0.0524737648665905,0.88,12.672928808958542
36.88530043141371,-1.237837534234469,0.7317000031471252,73.60659790039062,732.0,960.0,1147.0,1745.0,1912.0,1487.0,0.2067773193120956,0.0456658452749252,0.78,9.665834469383926
36.91952403199891,-1.2338154250842608,0.8567000031471252,53.44269943237305,898.0,1112.0,1225.0,2152.0,2221.5,1634.0,0.274504005908966,0.0158911626785993,0.85,13.936701266611587
36.917196381249006,-1.2332535783515266,0.8622999787330627,54.25130081176758,963.0,1238.0,1317.0,2202.5,2167.5,1916.5,0.2515982389450073,-0.0080091534182429,0.94,8.65934674914076
36.88214338786787,-1.248936236756496,0.7886000275611877,6.416900157928467,757.0,1023.5,1140.0,2104.0,1931.5,1743.5,0.2971639931201935,-0.0427456311881542,0.77,5.6624452586093375
36.89631441101572,-1.2457970296148697,0.7597000002861023,10.01259994506836,985.5,1223.0,1480.0,1973.0,2316.5,2179.5,0.1427744030952453,0.0800792649388313,0.94,2.111591675171445
36.912554457052366,-1.247041118808781,0.7709000110626221,19.790599822998047,1171.0,1416.0,1472.0,2244.0,2288.5,1940.0,0.2077502757310867,0.0098179811611771,0.83,15.5650262843357
36.8950614036197,-1.2477857886847064,0.8334000110626221,63.86980056762695,1067.0,1252.0,1493.0,1793.5,2461.5,2275.0,0.0914346575736999,0.1569917798042297,1.0,1.0179320055816417
36.89610929236726,-1.244927504909448,0.9071000218391418,144.797607421875,878.5,1075.0,1194.0,2189.0,2110.0,1621.0,0.294117659330368,-0.0183763671666383,0.83,12.511113568224841
36.895003435306016,-1.2468850502719104,0.7876999974250793,39.3130989074707,831.5,1009.0,1084.0,1944.5,2444.5,2277.0,0.2841340601444244,0.1139211654663086,0.89,3.8422479398656795
36.918360206623966,-1.242697954382725,0.7364000082015991,10.542200088500977,1007.0,1122.0,1272.0,2184.5,2410.0,1972.0,0.2639953792095184,0.0490804240107536,0.85,8.360751232383636
36.89490533508284,-1.2468047864529483,0.7989000082015991,117.69969940185548,1222.0,1403.0,1498.0,1895.5,2444.5,2277.0,0.1171357035636901,0.1264977008104324,0.95,14.731902273617505
36.91224231997863,-1.2380292755797673,0.8614000082015991,130.9322052001953,506.5,746.5,801.0,2661.5,1871.5,1307.0,0.5373285412788391,-0.174277514219284,0.23,11.078674933475403
36.89612712877148,-1.2452619374884564,0.7476000189781189,250.37730407714844,1274.0,1544.0,1809.0,2094.5,2394.0,2139.0,0.073139488697052,0.0667260810732841,0.82,0.5394310654976509
36.88030177913279,-1.249248373830237,0.8726000189781189,272.4414978027344,1250.0,1460.0,1726.0,1940.5,2383.0,2358.0,0.058502659201622,0.1023476347327232,0.99,14.23229165934945
36.89695206246636,-1.2367539726784815,0.8156999945640564,65.91780090332031,488.0,706.0,745.5,2170.5,1708.5,1138.0,0.488683134317398,-0.1191028580069542,0.29,1.9249651179035632
36.89694760336532,-1.2368743684069246,0.8949999809265137,268.8340148925781,558.0,817.0,885.0,2569.0,2108.5,1576.0,0.487550675868988,-0.0984500274062156,0.46,10.913567866917528
36.8959621420325,-1.2447179271599358,0.8838000297546387,133.55929565429688,667.5,943.0,1187.0,2552.0,2427.5,1995.0,0.3650708794593811,-0.0250025112181901,0.79,5.5803335861684955
36.89104375357056,-1.2521557077170835,0.7644000053405762,33.996299743652344,959.0,1194.0,1388.0,1983.5,2324.0,2264.0,0.1766276210546493,0.0790481716394424,0.93,7.6155940709158685
36.92122294950027,-1.2347027861938964,0.7644000053405762,135.13980102539062,1319.0,1568.0,1709.0,2364.0,2578.0,2351.5,0.1608151197433471,0.0433023050427436,0.79,14.741861808549137
36.89321087668253,-1.2243041625372608,0.7186999917030334,23.8656005859375,749.0,1006.5,1101.0,2324.0,2216.0,1712.0,0.3570802807807922,-0.0237885471433401,0.86,4.918013185435583
36.90243229766105,-1.2552503238481751,0.8604999780654907,42.42699813842773,807.0,1043.0,964.0,3073.0,2178.5,1666.5,0.5224176645278931,-0.1703322827816009,0.56,13.288190695409739
36.891703700526456,-1.2525614859129472,0.7299000024795532,48.60559844970703,922.0,1057.0,1223.0,1693.5,1932.5,1713.5,0.1613235026597976,0.0659128502011299,0.78,14.10474658714983
36.89639913393573,-1.2457346022001217,0.8549000024795532,53.98979949951172,1264.0,1541.0,1749.0,2186.5,2075.5,1745.0,0.1111675798892974,-0.0260441098362207,0.53,8.058257264477957
36.91729894057324,-1.233266955654687,0.7578999996185303,30.581100463867188,1315.0,1480.0,1604.0,1990.5,2296.0,2050.0,0.107525385916233,0.0712702646851539,0.98,9.782971104262533
36.91490440330754,-1.2460244437685954,0.7009999752044678,37.69459915161133,1451.0,1687.0,1790.0,2523.0,2336.0,2043.0,0.1699513047933578,-0.0384852848947048,0.8,10.491503513339307
36.89074499379996,-1.2453912514190062,0.9398000240325928,168.9698944091797,1041.0,1308.0,1506.0,2294.5,2466.0,2014.0,0.2074726969003677,0.0360256284475326,0.85,0.5476409621119819
36.87896850791782,-1.248771250017518,0.7289999723434448,27.87569999694824,995.5,1244.0,1429.0,2062.0,1922.5,1628.5,0.1813234090805053,-0.0350106656551361,0.63,12.377886041727836
36.8977903734644,-1.2455562381579834,0.8539999723434448,120.19300079345705,1303.0,1516.0,1684.0,1931.0,2760.5,2640.0,0.0683264210820198,0.1768091171979904,1.0,7.8174641825256055
36.8850418035526,-1.249092305293366,0.7178000211715698,28.584699630737305,881.5,1098.5,1279.0,1995.5,1984.0,1771.0,0.21881203353405,-0.0028898103628307,0.69,4.325186446273157
36.90183923722094,-1.2553840968797787,0.7971000075340271,33.788299560546875,863.0,1055.0,974.0,3294.0,2408.5,2017.0,0.5435801148414612,-0.1552827656269073,0.54,15.959776553738733
36.88259821617532,-1.2492349965270768,0.8763999938964844,38.69100189208984,1072.0,1301.0,1569.0,1973.5,2064.5,1860.0,0.1141849011182785,0.0225359089672565,0.83,4.046223329015149
36.89503018991233,-1.2469251821813916,0.7458000183105469,12.285300254821776,831.5,1009.0,1084.0,1944.5,2444.5,2277.0,0.2841340601444244,0.1139211654663086,0.89,1.0052202244099215
36.908260342737904,-1.2492572920323437,0.8083000183105469,117.33509826660156,1050.0,1268.0,1453.0,1882.0,2252.5,2045.5,0.1286356747150421,0.0896118059754371,0.89,15.55879348797555
36.89512383103445,-1.2471615145372243,0.8251000046730042,38.667598724365234,1308.0,1519.0,1707.0,1991.0,2229.5,2113.0,0.0767982676625251,0.056509893387556,0.91,8.143179307869078
36.89379501892053,-1.2429298276375038,0.8306999802589417,42.51539993286133,917.0,1194.0,1582.0,2106.5,2671.0,2648.5,0.1421987265348434,0.118158034980297,0.93,10.766751111183883
36.90496060795836,-1.251611697388563,0.7113000154495239,39.189701080322266,1569.0,1801.0,1902.0,2005.5,2580.5,2539.5,0.026487523689866,0.125381588935852,1.0,15.67356921687133
36.919515113796805,-1.2338644751958487,0.7113000154495239,44.54710006713867,545.5,783.0,766.5,2711.5,2221.5,1634.0,0.5592294335365295,-0.0993310362100601,0.34,8.51624172216173
36.89111955828846,-1.2520486892918012,0.7281000018119812,64.77510070800781,1129.0,1313.0,1573.0,1963.0,2239.5,2128.5,0.1102941185235977,0.0657941699028015,0.92,10.389839923388912
36.90945092271917,-1.2485795086722198,0.7281000018119812,58.43519973754883,574.5,784.0,893.0,2217.0,2128.5,1605.5,0.4257234632968902,-0.0203658957034349,0.55,15.344782315450598
36.88275874381324,-1.249230537426023,0.9156000018119812,175.54029846191406,917.5,1205.0,1488.0,1954.5,2351.0,2267.5,0.1355119794607162,0.0920915082097053,0.95,15.209244042346123
36.918217515390246,-1.2430323869617337,0.7336999773979187,11.637800216674805,709.5,1001.5,1119.0,2764.0,2414.5,1778.5,0.4236415028572082,-0.0674905851483345,0.39,5.1803974689020125
36.89360327757522,-1.2434470833597038,0.7961999773979187,51.58769989013672,840.0,1090.0,1171.0,1540.0,2042.5,1834.5,0.1361121386289596,0.1402651816606521,0.9,8.286978537145895
36.88570620960957,-1.2489050230491217,0.7961999773979187,100.00360107421876,1271.0,1469.0,1673.0,2241.0,2201.0,2013.0,0.145120084285736,-0.0090049523860216,0.67,13.893232007483803
36.89800886941603,-1.246158216800199,0.8586999773979187,61.13169860839844,1820.0,1938.0,2053.0,2360.5,3038.5,2910.5,0.069672591984272,0.1255788058042526,0.72,10.208863369919557
36.88428821547458,-1.2377260567081327,0.739300012588501,33.84870147705078,1382.0,1499.0,1715.0,1940.0,2497.5,2392.5,0.0615595057606697,0.1256338059902191,0.97,13.668172184681307
36.89781266896968,-1.2456142064716786,0.864300012588501,64.80770111083984,1222.0,1406.0,1511.0,1776.0,2760.5,2640.0,0.0806206241250038,0.2170175313949585,1.0,7.686666446753349
36.88002085576644,-1.2489273185543888,0.8073999881744385,89.72709655761719,1099.0,1350.0,1609.0,2071.0,2404.0,2177.0,0.125543475151062,0.0744134113192558,0.96,15.65209319672145
36.920915271527576,-1.2418641024857306,0.7616999745368958,17.19729995727539,745.5,940.0,891.5,2389.5,2188.0,1474.0,0.4565681219100952,-0.0440196618437767,0.34,13.32235290347628
36.896194015287286,-1.2439063707682088,0.7616999745368958,35.66379928588867,827.5,1084.0,1301.0,2018.0,1967.0,1583.0,0.2160289287567138,-0.0127979926764965,0.77,10.223413277566054
36.904006360332914,-1.25266850433823,0.829800009727478,51.963600158691406,1291.0,1521.0,1640.0,2007.5,2418.0,2211.0,0.10075394064188,0.0927578806877136,0.95,15.533628397374727
36.89080742121472,-1.2451370826589596,0.829800009727478,129.10130310058594,891.5,1116.0,1425.0,1978.0,2059.0,1814.0,0.1625036746263504,0.0200644042342901,0.87,1.1965737681672581
36.87978898251165,-1.2397192748790231,0.8353999853134155,45.30720138549805,729.0,936.0,1035.0,2442.0,2400.5,2117.0,0.4046591818332672,-0.0085699539631605,0.87,4.977317996675643
36.8951862584492,-1.2471124644256364,0.7271999716758728,40.77360153198242,1116.0,1339.0,1458.0,2326.0,2203.0,2018.5,0.2293868958950042,-0.0271583124995231,0.87,15.351451298451865
36.91961321401998,-1.2338644751958487,0.8521999716758728,19.674999237060547,850.0,1091.0,1143.0,2350.0,2423.0,2023.0,0.3455482423305511,0.0152943637222051,0.87,12.45906369295374
36.91870801650612,-1.2334007286862905,0.8410000205039978,101.13919830322266,777.5,966.0,990.0,2314.5,2365.5,1998.5,0.4008170664310455,0.0108974361792206,0.88,11.721969771295838
36.89475372564701,-1.2479864482321117,0.9258999824523926,222.3706970214844,1434.0,1678.0,1852.0,2573.0,2521.0,2210.5,0.1629378497600555,-0.0102080879732966,0.84,11.843830350883659
36.878816898482,-1.2488648911396407,0.7328000068664551,18.94289970397949,745.0,954.5,1063.0,1790.0,2033.0,1892.0,0.2548194825649261,0.0635626465082168,0.83,11.778846008476306
36.88336964065758,-1.238559908605127,0.8065000176429749,30.472999572753903,681.0,956.5,1122.0,2022.0,2080.0,1780.5,0.2862595319747925,0.0141394445672631,0.77,15.567208181185162
36.920594216251736,-1.2417214112520203,0.8065000176429749,65.96790313720703,923.0,1143.0,1178.0,2040.5,2151.5,1675.5,0.2679819762706756,0.0264790076762437,0.79,15.737408726432461
36.905018576272056,-1.2515938609843498,0.7663999795913696,105.02449798583984,1569.0,1801.0,1902.0,2005.5,2580.5,2539.5,0.026487523689866,0.125381588935852,1.0,14.570509870856414
36.9197737416579,-1.2423724400058234,0.8400999903678894,41.09270095825195,761.0,976.5,1165.0,2127.5,2224.0,1759.0,0.2923310697078705,0.0221762601286172,0.73,4.8261436254519445
36.88751214553622,-1.249136896303901,0.7095000147819519,25.71419906616211,690.0,921.0,996.5,2290.0,1967.5,1592.5,0.3935798108577728,-0.0757486820220947,0.56,1.2058876024653293
36.90066649364388,-1.24355856088604,0.7720000147819519,9.812700271606444,796.5,1057.0,1033.0,3000.5,2214.0,1572.5,0.4877897500991821,-0.1508294194936752,0.63,14.629510585434486
36.903841373593934,-1.252521354003466,0.7720000147819519,31.88629913330078,833.0,1010.0,1065.0,2145.0,2168.5,1799.0,0.336448609828949,0.0054480121470987,0.84,6.590588619037612
36.907778759824126,-1.2260521301502114,0.8345000147819519,26.8435001373291,476.5,806.5,715.0,2777.0,2256.5,1453.0,0.5904925465583801,-0.1034071743488311,0.05,10.493527184538348
36.89293887151826,-1.2514823834580135,0.7943999767303467,115.4219970703125,1324.0,1557.0,1855.0,2212.0,2410.0,2171.5,0.0877796933054924,0.0428385995328426,0.84,9.061361849131629
36.91099823078472,-1.2471615145372243,0.7832000255584717,82.04540252685547,851.5,1086.0,1154.0,2302.0,2214.5,1766.5,0.3321759402751922,-0.0193734094500541,0.95,12.66315348764652
36.92091081242653,-1.2416411474330582,0.7263000011444092,16.816600799560547,385.5,571.5,513.5,2520.5,1980.0,1265.0,0.6615029573440552,-0.1200977638363838,0.18,1.933318231237119
36.9184895205545,-1.2332402010483663,0.7888000011444092,33.395301818847656,673.0,965.0,1007.5,2442.5,2168.0,1849.0,0.4159420430660248,-0.059538010507822,0.71,6.489711810945622
36.8951282901355,-1.2477055248657445,0.9138000011444092,79.26719665527344,1238.0,1543.0,1712.0,2303.0,2348.5,2069.5,0.1471980065107345,0.0097817908972501,0.84,8.579228397779666
36.895886337314586,-1.2432330465091386,0.8680999875068665,48.737098693847656,978.0,1237.0,1401.0,2065.0,1965.5,1615.5,0.1915753036737442,-0.0246867630630731,0.69,11.902366722582656
36.89723744493378,-1.2366960043647863,0.737500011920929,76.79570007324219,626.0,869.0,1282.0,2352.0,2815.0,2552.5,0.2944413721561432,0.0896071195602417,0.47,12.014305814872111
36.90988345552135,-1.248151434971089,0.8167999982833862,52.35150146484375,941.0,1211.0,1461.0,1910.0,2386.5,2151.0,0.1331948935985565,0.110904224216938,0.88,15.792602412356937
36.8967380256158,-1.2439687981829568,0.8848999738693237,92.24870300292967,694.0,963.0,1090.0,2376.5,2249.5,1910.5,0.3711236119270324,-0.0274535231292247,0.82,14.179102566079054
36.89314399016673,-1.2524500083866112,0.8112000226974487,27.07859992980957,917.5,1090.0,1296.0,2065.0,2238.5,1913.5,0.2288009524345398,0.0403160229325294,0.77,9.39439550705111
36.91792321472072,-1.2399823618411765,0.7710999846458435,14.258099555969238,587.0,792.0,936.5,2386.0,1803.5,1391.0,0.4362678825855255,-0.1390380710363388,0.67,15.162493259345938
36.89327330409727,-1.2440000118903312,0.8335999846458435,20.12929916381836,917.0,1161.0,1228.0,2275.0,1939.5,1578.0,0.2988866567611694,-0.0796061232686042,0.75,0.696724695971145
36.89785725998021,-1.2457925705138166,0.8503999710083008,64.51119995117188,2513.0,2799.0,2784.0,3034.5,3114.0,3142.5,0.0430523343384265,0.0129299825057387,0.85,9.793608967568447
36.89613158787253,-1.2436343656039486,0.7767000198364258,24.043800354003903,1048.0,1245.0,1444.0,2184.5,2258.0,1996.0,0.2040788233280182,0.0165447387844324,0.84,13.938475142189949
36.89113739469267,-1.2520977394033888,0.8392000198364258,57.95890045166016,1094.0,1295.0,1542.0,2089.0,2239.5,2128.5,0.1506472080945968,0.0347695499658584,0.92,4.7436466873316885
36.90757810027673,-1.2499662890998415,0.8615999817848206,75.86920166015625,735.0,1010.0,896.0,2795.0,2317.0,1922.0,0.5144947171211243,-0.0935054793953895,0.67,14.679564483377854
36.89306818544882,-1.2526640452371764,0.7077000141143799,32.483001708984375,856.0,1075.0,1386.0,1768.5,2153.5,1976.0,0.1212553530931472,0.0981642007827758,0.96,0.9613947998824645
36.87955710925687,-1.2397594067885045,0.7077000141143799,25.694000244140625,813.5,937.5,1080.0,1645.5,2282.0,2021.5,0.2074848711490631,0.1620623767375946,0.84,6.119590604578683
36.88738729070672,-1.249203782819702,0.8327000141143799,59.08560180664063,660.0,875.0,908.0,2063.5,1967.5,1592.5,0.3888608515262604,-0.0238154307007789,0.65,0.40112139368808336
36.91695558979213,-1.2331465599262437,0.7757999897003174,59.87289810180664,798.5,1030.0,1193.0,2145.0,2233.5,1971.5,0.2852007150650024,0.0202124007046222,0.91,11.685660707485615
36.890588925263096,-1.2529940187151314,0.7814000248908997,19.02050018310547,607.0,871.5,1146.0,2364.0,2029.0,1730.5,0.3470085561275482,-0.0762576833367347,0.69,11.505598503600567
36.90007343320377,-1.242278798883701,0.9064000248908995,143.55050659179688,1302.0,1516.0,1749.0,2139.0,2229.5,1921.5,0.1003086417913436,0.020716493949294,0.85,0.4124697066743203
36.90119712666925,-1.2555312472145423,0.8495000004768372,43.37480163574219,1153.0,1456.0,1518.0,2392.5,2227.0,1876.5,0.2236286848783493,-0.0358263887465,0.74,10.999525831766263
36.883383017960725,-1.2385153175945929,0.7925999760627747,41.96939849853516,681.0,956.5,1122.0,2022.0,2080.0,1780.5,0.2862595319747925,0.0141394445672631,0.77,13.723934850111265
36.89624752449992,-1.2437948932418723,0.8094000220298767,48.524898529052734,766.0,1000.0,1136.0,2357.0,2248.0,1919.0,0.3495562672615051,-0.0236699245870113,0.83,1.1396405704922294
36.91340168625253,-1.2464837311771002,0.701200008392334,37.694801330566406,911.0,1127.0,1225.0,1948.0,2157.0,1860.5,0.2278600633144378,0.0509135201573371,0.62,11.032834526940487
36.89587296001143,-1.2448383228883793,0.9110999703407288,141.3018035888672,914.5,1177.0,1291.0,2342.0,2384.0,2002.5,0.2892926037311554,0.0088870078325271,0.81,8.165515204050985
36.87887932589675,-1.2488069228259455,0.7749000191688538,59.80619812011719,990.0,1229.0,1480.0,1836.5,2033.0,1892.0,0.1074928417801857,0.0507817529141902,0.88,13.613527899004932
36.895034649013375,-1.2466442588150246,0.7749000191688538,32.34870147705078,813.0,1048.0,1253.0,1924.0,2437.5,2335.0,0.2112055420875549,0.1177347227931022,0.99,0.2737441225978279
36.87927172678945,-1.2487801682196251,0.8429999947547913,168.68389892578125,1200.0,1448.0,1781.0,2216.0,2140.0,1923.5,0.1088316217064857,-0.0174471996724605,0.64,3.503374267379379
36.8949945171039,-1.2467066862297729,0.7347999811172485,30.290000915527344,1045.0,1171.0,1368.0,1944.5,2437.5,2335.0,0.1740377396345138,0.112505704164505,0.98,4.765664275829613
36.91509614465284,-1.2460333619707022,0.7347999811172485,47.497100830078125,650.0,922.0,1017.0,2829.0,2450.5,2131.0,0.4711388349533081,-0.0716923922300338,0.79,11.694908476263455
36.90508546278785,-1.2516964203085787,0.7972999811172485,22.35770034790039,999.0,1250.0,1292.0,2397.0,2392.5,2183.5,0.299539178609848,-0.000939555291552,0.89,1.098979349684596
36.906177942545945,-1.251308478516929,0.791700005531311,30.86549949645996,697.0,941.5,903.5,2768.0,2259.5,1734.5,0.5078305602073669,-0.1011437103152275,0.61,15.741810148020306
36.91293348064191,-1.246461435671833,0.7404000163078308,28.274900436401367,1395.0,1590.0,1602.0,2202.0,2235.5,1893.0,0.1577287018299102,0.0075492956675589,0.64,10.925206525999743
36.88676301655924,-1.249350933154466,0.8766000270843506,110.6729965209961,977.0,1171.0,1404.0,1719.0,2197.0,2065.0,0.1008645519614219,0.1220633313059806,1.0,13.366528946448497
36.89493208968914,-1.2474023059941106,0.8197000026702881,147.17730712890625,877.0,1041.0,1261.0,1505.0,2206.5,2117.5,0.08821402490139,0.1890071332454681,0.89,14.640041983556406
36.87880798027989,-1.239380383198961,0.7226999998092651,14.735099792480469,613.5,860.0,909.0,2217.5,2300.0,1909.5,0.4185191094875335,0.0182623136788606,0.66,7.502161003514038
36.87859840253039,-1.2395230744326715,0.7394999861717224,16.431900024414062,820.5,1009.0,1222.0,2094.0,2038.0,1512.5,0.262967437505722,-0.0135527588427066,0.82,9.987125496620118
36.89605578315463,-1.245154919063174,0.7339000105857849,158.28680419921875,1250.0,1480.0,1742.0,2192.5,2394.0,2139.0,0.1144999340176582,0.0439332835376262,0.86,2.9255836381889093
36.90271322102741,-1.2551968146355337,0.7964000105857849,40.81420135498047,1237.0,1446.0,1439.0,2373.5,2336.5,1980.0,0.2451147586107254,-0.0078556267544627,0.93,7.327147676123638
36.89281847578982,-1.25266850433823,0.7451000213623047,33.504600524902344,971.5,1117.0,1361.0,1825.0,2216.5,2038.0,0.1456371694803238,0.0968699753284454,0.93,8.938029004645937
36.89024111538093,-1.2460199846675422,0.8076000213623047,16.360300064086914,598.0,831.5,879.5,2266.5,2062.0,1735.0,0.4408773183822632,-0.0472450032830238,0.71,13.117268318915059
36.90525490862788,-1.2515804836811892,0.761900007724762,61.727500915527344,786.0,1010.0,1081.0,2410.0,2424.0,2158.5,0.3806931972503662,0.0028961522039026,0.87,14.04460145171202
36.88931808146286,-1.2465818314002763,0.824400007724762,60.49330139160156,994.5,1209.0,1453.0,1577.0,2283.0,2188.5,0.0409240908920764,0.1829015612602234,0.95,15.140408816742251
36.88280779392483,-1.2493598513565731,0.8299999833106995,75.74459838867188,596.0,796.0,957.0,1986.0,1893.0,1543.5,0.3496432304382324,-0.0239752512425184,0.63,7.6090728522569835
36.89069148458733,-1.2451014098505324,0.8924999833106995,35.24140167236328,1052.0,1309.0,1677.0,2009.5,2687.5,2626.0,0.0901939496397972,0.144347459077835,0.96,12.245828878095312
36.89377718251631,-1.2430546824670003,0.7786999940872192,94.87529754638672,862.5,1005.5,1201.0,1981.0,2082.5,1753.5,0.2451288551092147,0.0249784663319587,0.7,0.9430181447552947
36.8978973918897,-1.2360137619036096,0.8356000185012817,38.149200439453125,649.0,831.5,848.0,2177.0,1940.0,1514.5,0.4393388330936432,-0.057566188275814,0.71,14.815200993344671
36.8950614036197,-1.2472016464467053,0.8356000185012817,34.08810043334961,1356.0,1531.0,1746.0,1925.0,2451.5,2384.0,0.0487605556845665,0.1203016117215156,0.97,0.9590366909719514
36.90216475159784,-1.2555758382250763,0.789900004863739,236.65750122070312,1113.0,1238.0,1369.0,1934.0,2366.0,2204.0,0.1710566133260727,0.1004651188850402,0.97,15.555315125878419
36.89494992609337,-1.2470455779098346,0.852400004863739,104.88099670410156,1353.0,1509.0,1688.0,1881.5,2596.5,2503.0,0.0542092733085155,0.1596694886684417,1.0,10.57136650556631
36.89265794815189,-1.2526863407424438,0.8468000292778015,41.94419860839844,1060.5,1198.0,1419.0,1929.0,2171.5,1998.5,0.1523297429084777,0.0591391287744045,0.89,11.839273546898609
36.89068702548628,-1.2450166869305168,0.8636000156402588,36.034698486328125,1108.0,1304.0,1574.0,1893.5,2687.5,2626.0,0.0921413153409957,0.1733245998620987,0.98,14.568577257600039
36.88816317429002,-1.255071959806037,0.8123000264167786,63.38180160522461,709.0,941.5,1138.0,1728.0,2022.0,1739.5,0.205861821770668,0.0784000009298324,0.8,9.683738586011284
36.88365948222605,-1.238015898276607,0.8123000264167786,135.92100524902344,1113.0,1309.0,1455.0,2020.5,2096.5,1906.0,0.1627103984355926,0.0184600446373224,0.91,9.784244771723754
36.895360163390286,-1.2429833368501453,0.8748000264167786,56.32550048828125,1027.0,1311.0,1437.0,2666.0,2499.5,2109.0,0.2995369136333465,-0.0322330854833126,0.98,8.053363305371088
36.905883641876414,-1.2515671063780287,0.7041000127792358,8.06029987335205,923.0,1277.0,1432.0,2799.0,2509.5,2079.0,0.3230914771556854,-0.0545351803302764,0.96,5.113404876190093
36.90115253565871,-1.2417838386667686,0.7666000127792358,40.35390090942383,877.5,1171.0,1281.0,2389.0,2303.5,1775.5,0.3019073605537414,-0.0182205643504858,0.82,14.705256748750976
36.88406971952296,-1.237788484122881,0.8291000127792358,263.6600036621094,731.5,822.0,965.0,1587.5,2302.5,2158.0,0.2438785433769226,0.1838046312332153,0.95,11.042998132551823
36.90416242886978,-1.2523474490623816,0.7778000235557556,40.22299957275391,1254.0,1427.0,1507.0,2009.0,2677.0,2553.5,0.1427758783102035,0.1425522863864898,0.98,9.779988915322464
36.89184193265911,-1.2527532272582451,0.7321000099182129,31.52739906311035,958.0,1171.0,1331.0,1932.5,2074.5,1833.5,0.1843113154172897,0.0354379825294017,0.95,13.909030948547803
36.90570081873322,-1.2516562883990978,0.8001999855041504,69.197998046875,918.0,1212.0,1376.0,2534.0,2550.5,2142.5,0.2961636781692505,0.0032451569568365,0.92,13.449618585226371
36.9025705297937,-1.2552503238481751,0.7433000206947327,191.014892578125,1061.0,1294.0,1485.0,2031.0,2300.0,1992.0,0.1552900969982147,0.0621103681623935,0.9,7.2256430006707
36.89250187961503,-1.252757686359299,0.8058000206947327,40.98630142211914,629.0,712.0,888.5,1295.0,1748.0,1573.5,0.1861689984798431,0.1488662511110305,0.72,8.906335857320402
36.90667736186393,-1.2509829641400274,0.7200000286102295,39.76890182495117,695.0,942.0,1015.5,2677.5,2179.5,1680.0,0.4500406086444855,-0.1025324240326881,0.6,9.791816258919832
36.91841817493765,-1.2425240494416403,0.7200000286102295,5.469600200653076,676.0,936.0,1048.0,2531.0,2339.5,1925.5,0.4143615663051605,-0.0393183454871177,0.68,2.9091750969373416
36.89598443753776,-1.2445930723304393,0.9075000286102296,126.6968002319336,871.0,999.5,1013.0,2487.5,1954.0,1529.5,0.4212255477905273,-0.120117075741291,0.57,11.566026084959239
36.884702911872544,-1.2377260567081327,0.8216999769210815,165.502197265625,996.0,1196.0,1420.0,1665.5,2301.5,2300.0,0.0795657113194465,0.1603226661682129,0.99,11.643438773363977
36.87936536791157,-1.239616715554794,0.7480000257492065,13.687000274658203,954.0,1165.0,1321.0,1660.5,2152.0,1912.0,0.1138688549399375,0.1289180368185043,0.9,11.51706193963417
36.889871009993485,-1.246675472522399,0.8730000257492065,95.24099731445312,1010.0,1093.0,1148.0,2142.5,1940.0,1475.5,0.3022336959838867,-0.049601960927248,0.78,11.161329115020063
36.9180971196618,-1.2429565822438249,0.8730000257492065,32.0093994140625,690.0,921.0,905.0,2581.5,2208.5,1612.0,0.480854719877243,-0.077870562672615,0.42,10.353032688908222
36.91080203033837,-1.2471927282445985,0.8273000121116638,75.85070037841797,889.0,1029.0,1087.0,2203.0,2258.5,1811.0,0.3392097353935241,0.0124397622421383,0.86,13.76839428281282
36.8891129628144,-1.2466041269055437,0.8898000121116638,102.84290313720705,958.0,1159.0,1427.0,1661.5,2185.5,1894.5,0.0759268254041671,0.1362100392580032,0.94,13.055920220278159
36.89325546769306,-1.2439643390819035,0.8440999984741211,31.72599983215332,1068.0,1322.0,1552.0,1896.5,2256.5,2003.5,0.0998985096812248,0.0866843238472938,0.96,4.937731224835824
36.89633670652098,-1.2457925705138166,0.7135000228881836,8.793600082397461,746.5,958.0,1130.0,2257.0,2075.5,1745.0,0.332742840051651,-0.0418926700949668,0.77,0.3013179380413118
36.879588322964246,-1.239861966112733,0.7760000228881836,28.473100662231445,997.5,1249.0,1501.0,1819.5,2551.0,2556.5,0.0959192886948585,0.1673721522092819,1.0,14.518105697517909
36.896086996862,-1.2459620163538476,0.9010000228881836,87.70999908447266,1361.0,1558.0,1725.0,2173.5,2410.5,2093.5,0.1150442510843277,0.0517015717923641,0.84,11.64457570235239
36.89511045373129,-1.247041118808781,0.7983999848365784,25.620500564575195,1248.0,1438.0,1542.0,2222.0,2203.0,2018.5,0.1806588768959045,-0.0042937854304909,0.83,7.302292150097989
36.88336964065758,-1.2382968216429742,0.8833000063896179,59.69419860839844,461.0,663.0,597.5,2386.0,1933.0,1477.5,0.599463701248169,-0.1048853918910026,0.62,6.795386719515833
36.91965780503051,-1.2424036537131973,0.7013999819755554,7.844200134277344,640.0,853.5,1114.0,1832.5,2236.5,1917.0,0.2438486367464065,0.0992872938513755,0.8,9.922579097917872
36.91928324054203,-1.2423635218037166,0.7750999927520752,25.77790069580078,1255.0,1446.0,1519.0,2191.0,2420.0,1910.5,0.1811320781707763,0.0496638491749763,0.9,9.386986731669248
36.89040164301885,-1.2458460797264572,0.8320000171661377,178.36439514160156,864.5,1087.0,1186.0,2156.0,2163.5,1735.5,0.2902453541755676,0.0017363120568916,0.92,11.510473169130387
36.8983566792982,-1.2349792504592103,0.8945000171661377,99.59919738769533,787.5,1076.0,1162.0,2116.5,2185.5,1546.0,0.2911392450332641,0.0160390511155128,0.82,9.370858138604994
36.89344720903836,-1.243799352342926,0.7293999791145325,18.98730087280273,892.0,1126.0,1260.0,2139.0,2183.0,1895.5,0.2586054801940918,0.0101804723963141,0.85,8.611082691486512
36.890762830204174,-1.2525436495087334,0.8432000279426575,54.08480072021485,812.5,1042.0,1230.0,1900.0,1799.0,1534.0,0.2140575051307678,-0.0273046772927045,0.72,10.119676285199988
36.89345612724047,-1.2435763972902536,0.8432000279426575,97.55370330810548,1134.0,1328.0,1547.0,1901.0,2023.5,1786.0,0.102668210864067,0.0312141682952642,0.65,1.992647115041542
36.911176594826856,-1.2364195400994729,0.7350000143051147,18.427400588989254,674.5,951.5,1102.0,2550.0,2406.5,1952.0,0.3964950740337372,-0.0289518814533948,0.87,14.911190298165657
36.89741580897592,-1.2429342867385578,0.8600000143051147,134.46339416503906,962.5,1171.0,1269.0,2370.0,2122.5,1923.5,0.302555650472641,-0.0550918206572532,0.79,9.94718509173545
36.91092688516786,-1.2471838100424917,0.7405999898910522,30.854799270629883,865.5,1071.0,1159.0,2338.0,2214.5,1766.5,0.337146133184433,-0.0271279513835906,0.94,9.491239397325872
36.905067626383634,-1.2518346524412356,0.7462000250816345,69.07630157470703,1075.0,1367.0,1501.0,2473.0,2776.0,2615.5,0.2445898354053497,0.0577252805233001,0.95,11.711824198634172
36.89496330339652,-1.2478348387962943,0.8712000250816345,136.91220092773438,1217.0,1525.0,1775.0,2102.0,2461.5,2275.0,0.0843435674905777,0.0787772536277771,0.92,5.988827053912441
36.879539272852654,-1.2398396706074664,0.751800000667572,45.27259826660156,985.5,1122.0,1283.0,1677.5,2282.0,2021.5,0.1332545131444931,0.1526707857847213,0.76,14.89436129038428
36.9207324483844,-1.2416723611404323,0.814300000667572,22.24810028076172,519.5,713.0,718.0,2341.5,2151.5,1675.5,0.5306422710418701,-0.0422880053520202,0.43,13.656012454289598
36.89801778761814,-1.2349346594486754,0.7573999762535095,13.717000007629396,672.0,925.5,982.5,2492.0,1988.0,1370.5,0.434451013803482,-0.1124999970197677,0.67,15.173387804267719
36.905607177611095,-1.2513664468306236,0.7630000114440918,31.091800689697266,1010.5,1199.0,1353.0,1914.5,2354.5,2197.0,0.1718439161777496,0.1030686348676681,0.98,15.113394482857371
36.87919592207154,-1.2394829425231904,0.7060999870300293,18.24489974975586,926.0,1064.0,1236.0,1791.0,2057.0,1780.0,0.1833498477935791,0.0691268220543861,0.74,9.90274093039534
36.89351855465521,-1.2432062919028175,0.7853999733924866,16.99920082092285,1002.5,1173.0,1181.0,2214.0,2046.0,1719.0,0.3042709827423095,-0.0394366197288036,0.85,11.75993990009029
36.88332059054598,-1.2494534924786955,0.9103999733924866,192.46359252929688,1431.0,1714.0,2011.0,2349.0,2588.0,2510.0,0.0775229334831237,0.0484099648892879,0.85,12.711022565092023
36.8982897927824,-1.2428763184248626,0.9103999733924866,61.5458984375,1011.5,1255.0,1435.0,2545.0,2129.0,1732.0,0.2788944840431213,-0.0890029966831207,0.83,11.39694367536717
36.88825681541214,-1.2549471049765408,0.7117000222206116,18.82439994812012,633.5,824.0,926.5,2000.0,1710.0,1298.0,0.3668204247951507,-0.0781671181321144,0.71,2.709990290458132
36.920723530182286,-1.2419622027089066,0.7742000222206116,13.151200294494627,970.5,1209.0,1318.0,2378.0,2405.5,1903.0,0.2867965400218963,0.0057489285245537,0.84,11.329183754553892
36.9120728741386,-1.247125841728797,0.7172999978065491,9.27530002593994,1062.0,1303.0,1414.0,1984.5,2266.5,1880.0,0.1678681820631027,0.0663373321294784,0.91,15.258453838393237
36.8798514099264,-1.2396657656663816,0.7797999978065491,69.89199829101562,566.5,746.5,796.5,2423.5,1949.5,1357.0,0.5052794814109802,-0.108392409980297,0.69,6.907620194035601
36.884573597942,-1.2377305158091865,0.7285000085830688,12.741000175476074,1069.0,1266.0,1518.0,1667.0,2301.5,2300.0,0.0467817895114421,0.1598840802907943,1.0,14.657880745317302
36.9133660134441,-1.2465060266823678,0.7910000085830688,64.68579864501953,510.5,698.5,683.0,2421.5,2015.0,1544.5,0.55999356508255,-0.0916262790560722,0.37,6.811067234858083
36.89782604627283,-1.2456454201790528,0.8535000085830688,48.86090087890625,1222.0,1406.0,1511.0,1776.0,2760.5,2640.0,0.0806206241250038,0.2170175313949585,1.0,7.472773723577831
36.88726243587723,-1.2491993237186487,0.7965999841690063,76.89350128173828,587.5,833.0,879.0,1973.0,1998.0,1798.0,0.3835904598236084,0.0062956432811915,0.92,5.463592887420121
36.89094565334737,-1.2440936530124531,0.8245999813079834,121.63300323486328,1097.0,1271.0,1394.0,1791.0,1810.0,1640.0,0.124646782875061,0.0052763121202588,0.6,12.948175777791777
36.89766551863492,-1.236437376503687,0.7052000164985657,27.86370086669922,600.5,751.5,732.0,2244.5,2152.0,1612.0,0.5081471800804138,-0.0210394635796546,0.61,15.101652699977093
36.896648843594726,-1.2439866345871708,0.7052000164985657,9.823200225830078,560.5,784.0,776.0,2500.5,2111.5,1592.5,0.5263237953186035,-0.0843451842665672,0.52,4.235143600412362
36.905152349303656,-1.2516429110959373,0.7107999920845032,65.38150024414062,1086.0,1297.0,1303.0,2551.5,2555.0,2386.5,0.3239071071147918,0.0006854009698145,0.96,7.147870151245386
36.88530489051476,-1.2378821252450034,0.7732999920845032,77.38249969482422,749.0,908.0,1246.0,1673.0,2181.5,1811.0,0.1462829709053039,0.1319237202405929,0.99,14.621870221466597
36.904452270438256,-1.2520130164833734,0.8357999920845032,85.05879974365234,976.0,1022.5,1066.0,2083.0,2391.5,2104.0,0.3229596614837646,0.068946249783039,0.85,11.84856592888385
36.884988294339976,-1.24911014169758,0.8357999920845032,39.377201080322266,954.5,1165.0,1304.0,2180.0,2012.0,1687.5,0.2514351308345794,-0.0400763340294361,0.87,2.9556989993133853
36.901567232056685,-1.2555134108103283,0.7789000272750854,25.39229965209961,1298.0,1428.0,1603.0,2100.5,2393.5,2296.0,0.13433238863945,0.065198041498661,0.93,10.94659866530987
36.904175806172944,-1.252588240519268,0.722000002861023,93.89949798583984,908.0,1142.0,1345.0,2126.0,2669.5,2456.5,0.2250072062015533,0.1133354157209396,0.89,14.79470681502381
36.90266417091584,-1.2421539440542044,0.784500002861023,18.226600646972656,1036.0,1241.0,1407.0,1687.5,2207.5,2104.5,0.0906446948647499,0.1335044950246811,0.98,15.435298883899792
36.895730268777726,-1.2443522808735534,0.847000002861023,374.5625,955.0,1184.0,1367.0,1647.0,2284.0,2035.5,0.0928997993469238,0.1620452851057052,0.89,12.91305576012507
36.89617171978201,-1.2453243649032044,0.8012999892234802,106.43910217285156,1144.0,1404.0,1699.0,2211.0,2074.0,1758.5,0.1309462934732437,-0.0319719947874546,0.41,1.1542866763400563
36.90184369632198,-1.2556159701345575,0.7957000136375427,30.291000366210938,924.5,1095.0,1179.0,1976.5,2255.0,2037.5,0.2527333199977875,0.0658159032464027,0.84,7.395340650101777
36.90262403900635,-1.2040241709461887,0.8125,50.14739990234375,859.0,1045.0,1116.0,2151.0,2320.0,1911.0,0.3168044090270996,0.0377991497516632,0.83,12.803686727601571
36.91531464060445,-1.2116091018381006,0.8917999863624573,72.45549774169922,699.0,964.5,999.0,2986.0,2222.0,1470.0,0.4986198246479034,-0.146697387099266,0.61,13.577109564361834
36.90803738768523,-1.2137405521416471,0.7071999907493591,18.105499267578125,593.5,869.0,929.5,2834.5,2541.0,2131.0,0.5061105489730835,-0.0545995719730854,0.55,7.99025721749568
36.897447022683295,-1.2029584457944154,0.8489999771118164,61.16329956054688,528.0,759.0,744.0,2440.0,2120.0,1657.0,0.5326633453369141,-0.0701754391193389,0.43,9.713177057956472
36.89758525481595,-1.2027310316406896,0.7006999850273132,36.54759979248047,732.0,989.5,1121.0,2150.0,2175.5,1757.5,0.3145827054977417,0.0058952723629772,0.81,12.128994886084223
36.897915228293904,-1.2027131952364758,0.8136000037193298,38.20429992675781,1207.0,1421.0,1587.0,2048.5,2439.5,2211.5,0.1269426494836807,0.0871212109923362,0.9,11.485602846033403
36.908541266104265,-1.205963879904438,0.7735000252723694,17.841699600219727,508.0,695.0,685.0,2407.5,2070.0,1564.5,0.5569927096366882,-0.075376883149147,0.29,10.26689854866123
36.91521654038127,-1.2115332971201915,0.7390000224113464,20.25860023498535,447.5,699.0,562.0,3035.0,1993.0,1233.5,0.6875174045562744,-0.2072394639253616,0.09,13.802417408504983
36.90675316658184,-1.2128398137288514,0.8070999979972839,101.45980072021484,470.5,680.0,616.0,2759.5,2320.5,1778.0,0.6350170373916626,-0.0864173248410224,0.27,2.994805341407255
36.90282915765481,-1.204358603525197,0.7613999843597412,24.653200149536133,818.0,958.0,1041.0,2134.0,2039.0,1558.5,0.3442519605159759,-0.0227653961628675,0.74,3.288109700362185
36.905803378057456,-1.2134194968657992,0.8108999729156494,40.52149963378906,869.0,1054.0,1346.0,2396.0,3238.0,3070.5,0.2805986106395721,0.1494497656822204,0.57,3.3013643086429636
36.91651413878783,-1.2130092595688822,0.8108999729156494,18.59779930114746,516.5,776.0,719.0,2684.0,2100.5,1325.0,0.5774316787719727,-0.121956318616867,0.05,11.230676059298531
36.908122110605255,-1.2135309743921354,0.8733999729156494,65.9209976196289,607.5,850.5,878.5,3286.5,2599.0,2123.5,0.578151285648346,-0.1168125048279762,0.55,15.493819521033922
36.906218074455424,-1.2061689985528965,0.8220999836921692,53.3759994506836,978.5,1176.0,1233.0,1990.0,2468.0,2161.5,0.2348743379116058,0.1072229668498039,0.75,12.188994472826932
36.90574540974376,-1.2060708983297204,0.8277000188827515,74.54869842529297,725.0,950.0,929.5,2435.5,2177.5,1668.5,0.4475483000278473,-0.0559288971126079,0.54,8.541570943461007
36.90991466922873,-1.2062537214729114,0.8902000188827515,53.013301849365234,1017.5,1115.0,1117.0,2746.0,2443.5,1902.5,0.4216929972171783,-0.0582907795906066,0.87,8.823218843941223
36.90270876192636,-1.2041267302704182,0.7764000296592712,74.21170043945312,923.5,1175.0,1306.0,2186.5,2312.5,2049.5,0.2521116733551025,0.0280062239617109,0.91,11.49571724623214
36.90578554165324,-1.212179866772941,0.8725000023841858,64.82769775390625,1087.0,1383.0,1752.0,2146.5,2683.5,2373.0,0.1011927649378776,0.1111801266670227,0.85,7.061454509890398
36.905549209297405,-1.2059594208033844,0.8034999966621399,37.39759826660156,775.0,1031.0,1045.0,2299.5,2052.5,1484.0,0.3750934302806854,-0.0567555129528045,0.58,12.265311016566372
36.89769227324123,-1.2029406093902015,0.8259000182151794,61.41109848022461,1017.5,1245.0,1575.0,2157.5,2563.5,2272.0,0.1560616195201873,0.0859987288713455,0.91,13.189028478630842
36.90918337665596,-1.2146056177460158,0.8762999773025513,44.00249862670898,579.0,841.0,749.5,3217.5,2252.5,1580.5,0.6221325993537903,-0.17641681432724,0.28,13.27832253413151
36.90691369421976,-1.212768468111996,0.7167999744415283,167.56509399414062,821.0,1016.0,1139.0,1739.0,2340.0,1805.0,0.208478108048439,0.1473400294780731,0.68,14.917442204521478
36.90001546489009,-1.2031412689376066,0.7961000204086304,42.78120040893555,422.0,685.0,569.0,3534.0,2010.0,1262.0,0.7226419448852539,-0.2748917639255523,0.14,13.743130058197899
36.90768957780307,-1.2062180486644845,0.8288000226020813,22.167400360107425,781.5,1015.0,1057.0,2289.0,2216.0,1839.5,0.3682008385658264,-0.0162042174488306,0.83,13.393106892685147
36.9024947250758,-1.2039751208346012,0.8438000082969666,101.28389739990234,665.0,761.5,677.0,2427.0,2025.0,1418.5,0.563788652420044,-0.0902964994311332,0.45,10.532226976938633
36.90353369562125,-1.204924909358985,0.7123000025749207,14.081000328063965,789.0,987.0,1079.0,2157.0,2212.0,1790.0,0.3331273198127746,0.0125886928290128,0.87,14.703888756033251
36.90719015848508,-1.2128710274362258,0.847599983215332,385.5137939453125,919.0,1102.0,1388.0,1913.0,2212.0,1713.5,0.1590427160263061,0.0724848508834838,0.89,15.323774380803915
36.897817128070734,-1.2026730633269946,0.7617999911308289,66.70539855957031,908.0,1155.0,1345.0,1837.0,2348.5,2060.0,0.1546197384595871,0.1222076192498207,0.92,15.220069390896548
36.901558313854565,-1.203413274101867,0.8859000205993652,70.83689880371094,950.0,1167.0,1240.0,2404.5,2325.5,1713.0,0.3195225596427917,-0.016701903194189,0.85,11.447280502849415
36.902739975633736,-1.2042069940893805,0.84579998254776,57.48720169067383,774.0,993.0,966.0,2424.0,2312.5,2049.5,0.4300884902477264,-0.0235405899584293,0.85,8.591311453263534
36.90572311423849,-1.205995093611812,0.8047999739646912,35.82550048828125,725.0,950.0,929.5,2435.5,2177.5,1668.5,0.4475483000278473,-0.0559288971126079,0.54,15.383143673242884
36.89927079501416,-1.2031412689376066,0.7581999897956848,14.33810043334961,712.5,934.0,950.0,2600.5,2027.0,1418.0,0.4648641049861908,-0.1239330098032951,0.42,11.709128692585098
36.89778591436336,-1.202918313884934,0.7581999897956848,14.651300430297852,631.5,889.0,1028.0,2552.5,2563.5,2272.0,0.4257785081863403,0.0021501171868294,0.77,12.072183543630835
36.90776984162202,-1.2064811356266376,0.8319000005722046,48.10279846191406,1329.0,1729.0,1764.0,2664.0,2876.5,2569.5,0.2032520323991775,0.0383539386093616,0.8,15.83392355830771
36.90255269338949,-1.2039929572388146,0.8486999869346619,132.368896484375,1110.0,995.0,1052.0,2111.5,2320.0,1911.0,0.3349138498306274,0.0470495335757732,0.85,15.112572656156427
36.9029450942822,-1.2043184716157165,0.7853000164031982,190.01730346679688,890.0,941.5,952.0,1729.0,2216.0,1927.5,0.2898172438144684,0.1234474033117294,0.79,13.880124916423886
36.905379763457375,-1.2123225580066517,0.8245000243186951,59.223899841308594,640.5,890.5,928.0,2524.5,2173.5,1682.0,0.4624185264110565,-0.0747126415371894,0.55,9.295624321944869
36.899449159056296,-1.2029004774807206,0.7843999862670898,23.198299407958984,663.5,890.0,1001.0,2102.5,2052.5,1670.0,0.3549218475818634,-0.0120336944237351,0.61,13.044966356207581
36.9104542204562,-1.2149935595376655,0.7657999992370605,8.6274995803833,575.0,906.5,990.0,3368.5,2569.5,1971.5,0.5457152724266052,-0.1345570832490921,0.56,13.24968448024148
36.9093617406981,-1.2147215543734056,0.7480999827384949,16.477500915527344,733.0,983.5,1092.0,2413.5,2184.5,1565.5,0.3769790232181549,-0.0498042628169059,0.61,15.088680351762797
36.90341775899386,-1.2048401864389695,0.7472000122070312,16.324399948120117,526.0,734.5,733.0,2271.0,2115.0,1566.0,0.5119840502738953,-0.0355677157640457,0.37,11.489932837214559
36.902815780351645,-1.2042917170093956,0.7294999957084656,57.03620147705078,818.0,958.0,1041.0,2134.0,2039.0,1558.5,0.3442519605159759,-0.0227653961628675,0.74,8.779897497108344
36.90596390569539,-1.2060619801276138,0.8144000172615051,22.99570083618164,1062.0,1318.0,1434.0,2291.5,2639.5,2227.5,0.2301704436540603,0.0705739185214042,0.97,14.780334542963196
36.90703408994821,-1.212884404739386,0.830299973487854,52.76079940795898,663.5,897.5,1050.0,2034.5,2212.0,1713.5,0.3191765248775482,0.0417991280555725,0.64,8.720868003535454
36.90782780993572,-1.2064231673129426,0.7389000058174133,35.0906982421875,925.0,1163.0,1416.0,2105.5,2501.0,1946.0,0.195797249674797,0.085856944322586,0.84,10.071815232810561
36.90384583269499,-1.205237046432726,0.7444999814033508,29.919099807739254,626.0,811.0,816.0,2686.5,2014.0,1396.5,0.5340471267700195,-0.1430698931217193,0.73,14.276316899379088
36.8976476822307,-1.202918313884934,0.8349999785423279,69.42880249023438,545.5,761.5,844.0,2132.0,2326.5,1931.0,0.4327957034111023,0.0436245389282703,0.69,9.634502692092495
36.90781889173362,-1.2062403441697511,0.7156000137329102,42.79019927978516,838.0,1096.0,1180.0,2251.0,2432.0,2109.0,0.3121539056301117,0.0386504381895065,0.87,9.82683461924058
36.90545556817528,-1.2059371252981168,0.845300018787384,43.70769882202149,650.0,937.0,921.5,2477.0,2052.5,1484.0,0.4577019214630127,-0.0937189534306526,0.54,15.084237861861775
36.90772079151044,-1.2064499219192637,0.753000020980835,20.729700088500977,1527.0,1722.0,1898.0,3136.0,2807.5,2328.5,0.2459276914596557,-0.0552704632282257,0.88,12.30154199377603
36.90282023945269,-1.204233748695701,0.753000020980835,40.78960037231445,1113.0,1231.0,1401.0,2002.5,2312.5,2049.5,0.1767298430204391,0.0718424096703529,0.94,13.657396605364788
36.90807306049365,-1.2135978609079372,0.8603000044822693,147.34939575195312,540.0,722.0,656.5,3203.0,2410.5,1764.0,0.6598004698753357,-0.1411775201559066,0.32,6.306585835777324
36.899315386024696,-1.20314572803866,0.8033999800682068,19.350000381469727,863.0,1053.0,1164.0,2180.5,2249.5,1800.5,0.3039318323135376,0.0155756203457713,0.9,12.748137225936329
36.90225393361892,-1.2038012158935163,0.8770999908447266,96.44049835205078,1184.0,1422.0,1890.0,2619.0,2537.0,2090.5,0.1616766452789306,-0.0159038007259368,0.78,13.658870038405208
36.9080686013926,-1.206222507765538,0.8313999772071838,60.22769927978516,1070.0,1300.0,1306.0,2828.0,2528.5,2145.0,0.3681664168834686,-0.0559133775532245,0.87,9.16317001188244
36.90194179654517,-1.203627310952432,0.7857000231742859,22.090599060058597,1041.0,1306.0,1487.0,2341.0,2361.5,2036.0,0.2230930030345916,0.004359383136034,0.87,12.555502817962646
36.89853058423929,-1.2027934590554377,0.7269999980926514,20.006999969482425,532.0,745.5,707.0,2659.0,1994.5,1460.5,0.5799168348312378,-0.1427957415580749,0.29,15.450343179403179
36.899498209167874,-1.2029093956828272,0.7717999815940857,37.87009811401367,1159.0,1332.0,1442.0,2225.0,2171.5,1795.0,0.213526040315628,-0.0121687706559896,0.77,11.943899519334112
36.90805968319049,-1.2061689985528965,0.7597000002861023,42.09130096435547,1070.0,1300.0,1306.0,2828.0,2528.5,2145.0,0.3681664168834686,-0.0559133775532245,0.87,15.16006597593741
36.906570343438645,-1.206276016978179,0.7876999974250793,82.59339904785156,942.0,1199.0,1337.0,1967.0,2518.0,2227.0,0.1906779706478119,0.1228539571166038,0.93,14.302792481124673
36.90202651946519,-1.203698656569287,0.8436999917030334,51.8661003112793,1117.0,1337.0,1465.0,2320.0,2690.5,2565.0,0.2258916795253753,0.0739447176456451,0.98,14.929453009808894
36.90837627936529,-1.2058925342875828,0.8604999780654907,50.13520050048828,1162.0,1427.0,1570.0,2306.0,2686.0,2414.0,0.1898864805698394,0.0761217921972274,0.95,15.169654447475239
36.90615118793963,-1.2061511621486822,0.7243000268936157,105.14550018310548,1085.0,1386.0,1477.0,1866.5,2468.0,2161.5,0.1164946928620338,0.1387703269720077,0.82,10.884107124847754
36.90615564704067,-1.206436544616103,0.8483999967575073,190.7519073486328,1583.0,1942.0,1826.0,2625.0,2766.0,2504.0,0.1795102208852768,0.0261547025293111,0.89,15.208533487987292
36.90520139941524,-1.2121620303687275,0.8251000046730042,65.70099639892578,656.0,910.0,1011.0,2212.5,2167.0,1695.0,0.3727315068244934,-0.010389314033091,0.64,6.724983099062737
36.89779483256546,-1.2027087361354225,0.8418999910354614,47.53010177612305,908.0,1155.0,1345.0,1837.0,2348.5,2060.0,0.1546197384595871,0.1222076192498207,0.92,11.12443726284652
36.90568744143005,-1.2060887347339342,0.7906000018119812,17.915700912475586,570.0,828.5,934.5,2327.0,2260.0,1656.5,0.4269507825374603,-0.0146064963191747,0.6,4.292568695955272
36.898093592336046,-1.2026998179333157,0.8288999795913696,25.381999969482425,932.5,1176.0,1343.0,1923.5,2159.5,1709.0,0.1777131557464599,0.0578006356954574,0.94,14.98699695059439
36.905326254244734,-1.2125811858677515,0.7095000147819519,55.1327018737793,876.0,1080.0,1307.0,2273.5,2033.5,1508.5,0.2699343562126159,-0.0557232424616813,0.8,15.778637694082338
36.90650345692285,-1.2137093384342732,0.862500011920929,54.789398193359375,686.5,1004.0,1208.0,3111.5,2509.0,1852.5,0.4406760036945343,-0.1071968674659729,0.59,15.754955250363041
36.90701179444294,-1.2129423730530806,0.8270999789237976,84.57009887695312,545.0,801.0,795.0,2921.5,2283.0,1686.0,0.5721781253814697,-0.1226822957396507,0.32,1.8717358525398142
36.90612889243435,-1.2063384443929273,0.8607000112533569,90.0624008178711,1423.0,1590.0,1674.0,2141.0,2766.0,2504.0,0.1224115341901779,0.1273690611124038,0.87,8.632145899220667
36.89795981930445,-1.2029450684912548,0.8037999868392944,53.19319915771485,890.5,1131.0,1357.0,1907.0,2365.5,2126.0,0.1685049086809158,0.107314221560955,0.93,13.792742558988891
36.90238770665052,-1.2038279704998374,0.7580999732017517,40.15710067749024,872.5,1121.0,1427.0,2424.0,2367.5,2006.0,0.2588937878608703,-0.0117917144671082,0.81,13.932711632184843
36.89788847368759,-1.202913854783881,0.7524999976158142,34.844600677490234,620.0,840.5,939.0,2379.0,2365.5,2126.0,0.4339963793754577,-0.0028454000130295,0.81,10.85304066549236
36.90368976415812,-1.210445276463151,0.763700008392334,14.616299629211426,727.5,1006.0,1019.0,3221.0,2849.5,2371.5,0.5193396210670471,-0.0611975938081741,0.59,15.135712860024176
36.9026374163095,-1.2041624030788456,0.7972999811172485,12.48349952697754,509.0,705.0,658.0,2501.5,2041.5,1447.0,0.5834783911705017,-0.101254679262638,0.16,2.843976636549427
36.91541274082762,-1.2117339566675966,0.7404000163078308,12.702199935913086,747.0,965.0,756.5,3354.0,2222.0,1470.0,0.6319182515144348,-0.2030129134654998,0.29,9.389163770688642
36.89353639105943,-1.2033909785965995,0.8766000270843506,155.418701171875,571.0,828.5,872.5,2744.0,1953.0,1436.5,0.5174893140792847,-0.1684053689241409,0.58,15.166507979676476
36.90679775759238,-1.2127372544046222,0.8766000270843506,144.8450927734375,438.0,621.0,577.0,2503.5,2122.5,1343.0,0.6253854632377625,-0.0823605731129646,0.17,9.197118279365151
36.90192396014096,-1.2036719019629667,0.8364999890327454,31.42169952392578,836.5,1112.0,1170.0,2161.5,2361.5,2036.0,0.2976136803627014,0.0442184396088123,0.91,7.91072713743192
36.90608430142382,-1.2125856449688048,0.7554000020027161,17.859600067138672,855.0,1121.0,1341.0,2491.0,2447.5,2000.5,0.3001043796539306,-0.0088083427399396,0.96,13.38206983618367
36.90338208618543,-1.204746545316847,0.8804000020027161,186.4777984619141,927.0,1130.0,1252.0,2129.0,2368.0,2030.0,0.2593907117843628,0.0531465411186218,0.8,15.540076480482906
36.90205773317256,-1.2038279704998376,0.7498000264167786,8.907600402832031,606.5,847.5,826.0,2469.0,2261.5,1747.5,0.4986343085765838,-0.0438642837107181,0.6,5.4321355588884455
36.9155019228487,-1.2117785476781315,0.7096999883651733,6.417300224304199,958.0,1156.0,1049.0,3400.5,2191.0,1380.5,0.5284863710403442,-0.2163104712963104,0.61,11.596340563728443
36.89871340738247,-1.2029272320870412,0.8169999718666077,41.359901428222656,617.5,856.5,923.0,2314.0,2015.5,1477.5,0.4297188818454742,-0.0689456090331077,0.73,6.645959594531316
36.897870637283376,-1.2027622453480635,0.7423999905586243,26.637500762939453,634.5,856.0,874.0,2317.0,2439.5,2211.5,0.4522093534469604,0.0257542319595813,0.89,5.755339808883818
36.90182140081673,-1.203564883537684,0.8273000121116638,39.57870101928711,728.0,938.0,1045.0,2578.0,2361.5,2036.0,0.4231300055980682,-0.0438303463160991,0.83,5.141033133308288
36.915528677455015,-1.2117740885770776,0.7415000200271606,9.958499908447266,958.0,1156.0,1049.0,3400.5,2191.0,1380.5,0.5284863710403442,-0.2163104712963104,0.61,13.815161699905653
36.90885340317801,-1.206298312483446,0.8040000200271606,74.33480072021484,721.0,1037.0,1086.0,2786.0,2682.5,2181.5,0.4390496015548706,-0.0189265795052051,0.84,10.424484066811466
36.90273105743164,-1.2042694215041283,0.8040000200271606,14.00160026550293,774.0,993.0,966.0,2424.0,2312.5,2049.5,0.4300884902477264,-0.0235405899584293,0.85,3.4650047260059162
36.90686910320923,-1.212866568335172,0.8310999870300293,62.95330047607422,633.5,891.0,968.0,2331.0,2283.0,1686.0,0.4131554961204529,-0.0104031208902597,0.46,3.8023683051402055
