{
"type": "FeatureCollection",
"name": "kasarani_rivers",
"crs": { "type": "name", "properties": { "name": "urn:ogc:def:crs:EPSG::32737" } },
"features": [
{ "type": "Feature", "properties": { "name": null, "fclass": "stream" }, "geometry": { "type": "LineString", "coordinates": [ [ 267633.295619566692039, 9861211.624415718019009 ], [ 267640.4372154835728, 9861232.246801283210516 ], [ 267647.099914545251522, 9861253.134253520518541 ], [ 267666.195857794955373, 9861275.934023955836892 ], [ 267672.215287487779278, 9861307.770803179591894 ], [ 267673.930820361943915, 9861320.270480424165726 ], [ 267678.575565196981188, 9861330.991761518642306 ], [ 267692.061557770124637, 9861338.943920861929655 ], [ 267714.298689738032408, 9861359.401362730190158 ], [ 267734.91160466929432, 9861378.486007509753108 ], [ 267748.269913948141038, 9861406.966242568567395 ], [ 267771.175398114370182, 9861426.915416864678264 ], [ 267799.825141158071347, 9861446.869159936904907 ], [ 267815.998727926635183, 9861462.886501129716635 ], [ 267821.685471544507891, 9861479.194119546562433 ], [ 267837.05217535700649, 9861501.946619713678956 ], [ 267850.408439396647736, 9861519.045630628243089 ], [ 267865.883166038198397, 9861531.965478830039501 ], [ 267883.829409022931941, 9861544.699263164773583 ], [ 267900.045732242753729, 9861562.984006028622389 ], [ 267919.139085799106397, 9861575.110371109098196 ], [ 267941.130438052758109, 9861582.704259587451816 ], [ 267948.109680023277178, 9861583.583584405481815 ], [ 267963.089465207012836, 9861588.948746150359511 ], [ 267981.705642747110687, 9861599.172326454892755 ], [ 268000.029426800552756, 9861613.111975103616714 ], [ 268016.438021330512129, 9861627.603118849918246 ], [ 268045.5388281714404, 9861654.326115619391203 ], [ 268058.127844691451173, 9861670.340553442016244 ], [ 268068.02097233524546, 9861674.70621987991035 ], [ 268089.152729711029679, 9861685.329951301217079 ], [ 268101.138750024372712, 9861689.66409588418901 ], [ 268109.784228441654705, 9861695.079508015885949 ], [ 268119.721015000715852, 9861700.540186382830143 ], [ 268132.410958172054961, 9861701.612062722444534 ], [ 268138.832037565531209, 9861704.43756802752614 ], [ 268148.326773030683398, 9861705.816598204895854 ], [ 268164.352381942793727, 9861711.945732036605477 ], [ 268176.078240461763926, 9861721.466999270021915 ], [ 268195.17066620074911, 9861734.765713000670075 ], [ 268224.780063841259107, 9861751.877549573779106 ], [ 268247.703498420247342, 9861763.276900850236416 ], [ 268280.187439531204291, 9861763.302666455507278 ], [ 268308.849992434727028, 9861767.130178820341825 ], [ 268331.782445461023599, 9861767.148363450542092 ], [ 268361.391843108809553, 9861784.249106843024492 ], [ 268374.754914795747027, 9861792.798332553356886 ], [ 268392.901841233135201, 9861805.156126642599702 ], [ 268414.871644990169443, 9861811.820838797837496 ], [ 268438.757701991940849, 9861816.584676830098033 ], [ 268466.467384741874412, 9861814.704240562394261 ], [ 268496.093307773116976, 9861810.933992179110646 ], [ 268532.406700889696367, 9861810.962754221633077 ], [ 268561.068617169745266, 9861801.495635272935033 ], [ 268573.36163669207599, 9861797.689534986391664 ], [ 268585.852145130222198, 9861797.533520381897688 ], [ 268610.232386071584187, 9861796.756477560847998 ], [ 268625.097658265149221, 9861792.056521743535995 ], [ 268643.252090726047754, 9861794.913415232673287 ], [ 268662.363141198409721, 9861798.722257554531097 ], [ 268682.420421551913023, 9861802.542907144874334 ], [ 268700.58461898076348, 9861793.056413723155856 ], [ 268720.644906161527615, 9861793.072291074320674 ], [ 268729.812177367974073, 9861800.268795037642121 ], [ 268735.379038206127007, 9861799.333067966625094 ], [ 268741.457316364627331, 9861799.238334579393268 ], [ 268745.280197354615666, 9861793.523142455145717 ], [ 268758.627236160275061, 9861794.175206555053592 ], [ 268784.677636798587628, 9861778.888254635035992 ], [ 268804.737913348944858, 9861778.904127836227417 ], [ 268849.647565250867046, 9861776.097142357379198 ], [ 268865.091840394074097, 9861785.27841005846858 ], [ 268867.096537607896607, 9861798.220633247867227 ], [ 268874.826147397980094, 9861807.440037684515119 ], [ 268886.706582072889432, 9861818.554047090932727 ], [ 268902.16451903025154, 9861824.538870496675372 ], [ 268925.083390027168207, 9861841.64526230469346 ], [ 268944.188420601538382, 9861853.041483335196972 ], [ 268964.242679250310175, 9861860.655804947018623 ], [ 268986.206435640808195, 9861874.907851940020919 ], [ 269000.531987039197702, 9861891.056242907419801 ], [ 269021.542122009617742, 9861900.562631046399474 ], [ 269054.023689727531746, 9861903.430796334519982 ], [ 269082.677899053378496, 9861917.699166387319565 ], [ 269094.124602411233354, 9861942.38386520370841 ], [ 269094.114118043100461, 9861955.66734859533608 ], [ 269110.341043964377604, 9861974.659730078652501 ], [ 269123.699506572680548, 9862003.139630878344178 ], [ 269136.108080526289996, 9862022.140051821246743 ], [ 269137.996721182193141, 9862041.121113309636712 ], [ 269153.262548248749226, 9862064.857614330947399 ], [ 269155.164567732834257, 9862080.996172523126006 ], [ 269156.10547819302883, 9862101.878865225240588 ], [ 269164.692071213736199, 9862111.375417435541749 ], [ 269179.982499834732153, 9862118.034740233793855 ], [ 269202.912626313045621, 9862120.895319279283285 ], [ 269225.843490943720099, 9862122.815766535699368 ], [ 269247.818481159920339, 9862122.833078384399414 ], [ 269275.533292069216259, 9862114.30526083894074 ], [ 269296.556132454890758, 9862107.685612183064222 ], [ 269320.455574480816722, 9862095.361091326922178 ], [ 269338.612953183299396, 9862094.424203205853701 ], [ 269359.636533033568412, 9862086.853365922346711 ], [ 269371.102703513111919, 9862086.862396273761988 ], [ 269372.050361304893158, 9862099.195423630997539 ], [ 269396.87883568869438, 9862108.704746151342988 ], [ 269414.069869175786152, 9862119.159240782260895 ], [ 269437.959574074309785, 9862119.178046122193336 ], [ 269454.19248840783257, 9862130.58296974375844 ], [ 269463.734202552586794, 9862142.933813907206059 ], [ 269476.156997815938666, 9862143.883717738091946 ], [ 269481.875887235393748, 9862161.927623631432652 ], [ 269496.199230024474673, 9862180.918424863368273 ], [ 269500.003394860657863, 9862198.949760852381587 ], [ 269511.457618664484471, 9862214.144605968147516 ], [ 269530.55891748087015, 9862230.296649288386106 ], [ 269539.14476726326393, 9862240.744351735338569 ], [ 269538.176208908786066, 9862254.978236505761743 ], [ 269537.210633256763685, 9862265.418430170044303 ], [ 269540.073040097369812, 9862277.764009265229106 ], [ 269548.647709113894962, 9862302.446344966068864 ], [ 269548.629070250899531, 9862326.170739039778709 ], [ 269544.443263926659711, 9862354.636741837486625 ], [ 269547.860800247057341, 9862383.053414858877659 ], [ 269576.282313149771653, 9862395.983134992420673 ], [ 269601.121469822479412, 9862406.089652933180332 ], [ 269629.789238805882633, 9862403.114805843681097 ], [ 269658.457636202336289, 9862399.332553816959262 ], [ 269681.386238505714573, 9862404.095424998551607 ], [ 269699.530189187382348, 9862420.246669625863433 ], [ 269714.799805502407253, 9862439.238157413899899 ], [ 269738.672373606474139, 9862461.089949524030089 ], [ 269751.052027849073056, 9862502.863415718078613 ], [ 269747.219553423579782, 9862520.888729378581047 ], [ 269740.304562411096413, 9862537.506967576220632 ], [ 269731.971853330964223, 9862544.932971118018031 ], [ 269731.261770493933, 9862556.103336500003934 ], [ 269741.324866507085972, 9862570.843565806746483 ], [ 269748.497933639213443, 9862580.040309885516763 ], [ 269748.200776093581226, 9862589.894820053130388 ], [ 269753.210619923542254, 9862603.657779350876808 ], [ 269769.20752998435637, 9862617.960237795487046 ], [ 269779.177701137261465, 9862623.431841760873795 ], [ 269786.261714358930476, 9862632.628511015325785 ], [ 269798.321309858409222, 9862642.481633439660072 ], [ 269803.871401569107547, 9862648.712935462594032 ], [ 269808.052735412144102, 9862654.301667304709554 ] ] } },
{ "type": "Feature", "properties": { "name": null, "fclass": "stream" }, "geometry": { "type": "LineString", "coordinates": [ [ 265664.265453033789527, 9860778.074554121121764 ], [ 265670.493749225279316, 9860785.313203565776348 ], [ 265690.212538268999197, 9860794.9960747808218 ], [ 265702.509470517165028, 9860800.403566848486662 ], [ 265725.378037260263227, 9860810.940639754757285 ], [ 265754.635834793967661, 9860822.423014387488365 ], [ 265788.614493951317854, 9860833.002225298434496 ], [ 265819.221313430462033, 9860841.997046070173383 ], [ 265842.126216531847604, 9860848.884139161556959 ], [ 265854.378213704330847, 9860854.789305428043008 ], [ 265878.475447909906507, 9860860.228420305997133 ], [ 265903.929038388305344, 9860881.695382002741098 ], [ 265926.725823520799167, 9860884.600570254027843 ], [ 265940.795785196591169, 9860886.304179904982448 ], [ 266154.684310745680705, 9860911.285347601398826 ], [ 266160.75028270680923, 9860912.739164289087057 ], [ 266165.835448598139919, 9860915.630062000826001 ], [ 266179.163871799246408, 9860925.761194011196494 ], [ 266206.801338074961677, 9860944.818641537800431 ], [ 266232.737111975613516, 9860961.939115963876247 ], [ 266250.195251620607451, 9860972.560224184766412 ], [ 266272.495585522498004, 9860983.660828027874231 ], [ 266279.906934389728121, 9860987.150860268622637 ], [ 266316.743303607741836, 9861015.617131685838103 ], [ 266329.335926555329934, 9861040.922704048454762 ], [ 266338.051691876607947, 9861055.86143415607512 ], [ 266353.330223132565152, 9861063.582908131182194 ], [ 266370.053827318944968, 9861073.960069317370653 ], [ 266389.936701390251983, 9861087.226564971730113 ], [ 266411.02245686884271, 9861099.764027507975698 ], [ 266427.021490327897482, 9861111.346194135025144 ], [ 266449.812814919045195, 9861120.998220158740878 ], [ 266469.24975287495181, 9861121.201858254149556 ], [ 266485.202253741095774, 9861121.41375763900578 ], [ 266502.734143817448057, 9861123.374487169086933 ], [ 266531.093714910384733, 9861130.442809008061886 ], [ 266549.998936781019438, 9861141.21987265534699 ], [ 266558.669775327667594, 9861142.797426098957658 ], [ 266570.291946045472287, 9861142.806753810495138 ], [ 266585.452471241238527, 9861144.975721957162023 ], [ 266596.092357828048989, 9861148.269234338775277 ], [ 266610.792328520736191, 9861155.580971673130989 ], [ 266625.840232307848055, 9861159.364681217819452 ], [ 266643.498282540938817, 9861170.572089336812496 ], [ 266650.103566451114602, 9861179.713373446837068 ], [ 266707.488201567088254, 9861266.307898890227079 ], [ 266711.380169688898604, 9861271.74172892048955 ], [ 266718.262298224144615, 9861282.719270629808307 ], [ 266720.984139267471619, 9861289.689573304727674 ], [ 266721.103077044943348, 9861294.080691397190094 ], [ 266719.672554596443661, 9861301.047667186707258 ], [ 266716.637317907763645, 9861310.081673121079803 ], [ 266717.997200903773773, 9861335.709966510534286 ], [ 266688.825286075589247, 9861356.037943828850985 ], [ 266682.304400970344432, 9861380.498576361685991 ], [ 266696.85769339534454, 9861404.179726609960198 ], [ 266713.581789368065074, 9861427.873670179396868 ], [ 266722.243239520001225, 9861441.186397152021527 ], [ 266737.597577851847745, 9861451.57344307936728 ], [ 266779.229671134322416, 9861469.126597182825208 ], [ 266795.988976413849741, 9861476.650086920708418 ], [ 266801.467341364303138, 9861489.009053461253643 ], [ 266806.985189916507807, 9861493.758423116058111 ], [ 266812.649979149224237, 9861495.731723157688975 ], [ 266833.650397046818398, 9861517.57088952884078 ], [ 266850.838489175541326, 9861531.819497261196375 ], [ 266868.985475554363802, 9861544.177521793171763 ], [ 266893.811876664229203, 9861556.52981941960752 ], [ 266907.195982622273732, 9861552.746762739494443 ], [ 266922.475375249574427, 9861559.406330259516835 ], [ 266942.534852634184062, 9861574.608417620882392 ], [ 266955.901002098689787, 9861579.364046646282077 ], [ 266978.666676144814119, 9861565.390703927725554 ], [ 267000.816297677636612, 9861570.075922310352325 ], [ 267013.143930025107693, 9861578.845676699653268 ], [ 267030.787617416353896, 9861594.134302848950028 ], [ 267044.74060687754536, 9861602.86110825650394 ], [ 267053.828907896240707, 9861611.407060839235783 ], [ 267059.956467656418681, 9861619.375503787770867 ], [ 267089.632816160272341, 9861636.421277321875095 ], [ 267113.499552393099293, 9861651.626366849988699 ], [ 267132.600143043091521, 9861668.718991573899984 ], [ 267145.007929185230751, 9861688.659878870472312 ], [ 267158.359691470512189, 9861711.45511987246573 ], [ 267179.368244552984834, 9861737.087942900136113 ], [ 267194.631753288384061, 9861763.678442118689418 ], [ 267208.944689491938334, 9861781.729488542303443 ], [ 267220.395870420266874, 9861800.718392457813025 ], [ 267240.460660475189798, 9861809.273062475025654 ], [ 267267.205604199320078, 9861816.881847547367215 ], [ 267288.220408897497691, 9861820.703383576124907 ], [ 267311.148466025129892, 9861826.417781127616763 ], [ 267326.435221378924325, 9861837.811175560578704 ], [ 267335.023328380659223, 9861845.416554911062121 ], [ 267353.16806445736438, 9861860.617020800709724 ], [ 267363.667165741557255, 9861872.95779843442142 ], [ 267383.717036239220761, 9861886.268432578071952 ], [ 267397.743001181283034, 9861901.233341243118048 ], [ 267405.173736623022705, 9861908.351131241768599 ], [ 267416.442529030377045, 9861918.734809948131442 ], [ 267426.765189075435046, 9861928.973948558792472 ] ] } },
{ "type": "Feature", "properties": { "name": "Nairobi River", "fclass": "river" }, "geometry": { "type": "LineString", "coordinates": [ [ 268680.601825800840743, 9862710.742890181019902 ], [ 268724.189909349137451, 9862718.265040185302496 ], [ 268746.580687105888501, 9862727.62866329215467 ], [ 268799.438668204296846, 9862753.485126152634621 ], [ 268842.551498499291483, 9862770.784240690991282 ], [ 268890.563769917935133, 9862800.673890208825469 ], [ 268901.158070224220864, 9862791.103926349431276 ], [ 268923.57980484951986, 9862789.385051177814603 ], [ 268951.488817542558536, 9862774.663489621132612 ], [ 268955.782282719155774, 9862779.234791914001107 ], [ 268988.471985066891648, 9862772.380904216319323 ], [ 269010.279691877658479, 9862744.514843072742224 ], [ 269031.430845388793387, 9862716.327521232888103 ], [ 269077.844545760599431, 9862683.724835216999054 ], [ 269099.314026471343823, 9862661.267042322084308 ], [ 269108.911187466350384, 9862631.433732064440846 ], [ 269144.581918376381509, 9862613.422302911058068 ], [ 269200.077489919727668, 9862611.718343103304505 ], [ 269234.114503599819727, 9862618.569300526753068 ], [ 269273.650270316342358, 9862626.143489411100745 ], [ 269324.859945301199332, 9862652.750621039420366 ], [ 269362.765146893565543, 9862667.015014061704278 ], [ 269397.402466203668155, 9862674.906078172847629 ], [ 269433.506771982414648, 9862700.14089410007 ], [ 269451.86162510770373, 9862717.143957009539008 ], [ 269483.36970580893103, 9862740.616555761545897 ], [ 269507.415813514438923, 9862754.19536104798317 ], [ 269547.356811182922684, 9862784.454525148496032 ], [ 269568.967553040012717, 9862794.724369484931231 ], [ 269608.268235379189719, 9862789.700563522055745 ], [ 269673.947481465060264, 9862790.791635284200311 ], [ 269723.662771297153085, 9862792.312615852802992 ], [ 269753.07592340989504, 9862789.957656664773822 ], [ 269767.711298577021807, 9862780.18072472885251 ], [ 269780.799183285911568, 9862770.546367270871997 ], [ 269789.361953430459835, 9862753.630783639848232 ], [ 269785.482586215483025, 9862746.250518545508385 ], [ 269784.6728516194853, 9862742.522558821365237 ], [ 269775.638652056979481, 9862735.934602500870824 ], [ 269772.577521241502836, 9862735.644639045000076 ], [ 269767.138902297534514, 9862729.214339649304748 ], [ 269769.448573960922658, 9862722.436173237860203 ], [ 269773.938036796171218, 9862718.369490249082446 ], [ 269785.204006984131411, 9862718.146039823070168 ], [ 269787.82308631693013, 9862714.299099711701274 ], [ 269793.502828463970218, 9862711.33937999419868 ], [ 269798.281537236471195, 9862707.516250742599368 ], [ 269813.688995243166573, 9862706.897869568318129 ], [ 269824.479454054613598, 9862702.614911584183574 ], [ 269832.552972023840994, 9862699.20359244197607 ], [ 269847.425795509887394, 9862698.949782282114029 ], [ 269859.922942926059477, 9862704.467594776302576 ], [ 269894.998093711328693, 9862707.558739356696606 ], [ 269928.844726799638011, 9862715.725598221644759 ], [ 269991.506641937594395, 9862745.770136239007115 ], [ 270029.157648094114847, 9862743.310997227206826 ], [ 270070.532950207416434, 9862718.734170462936163 ], [ 270085.169913940015249, 9862706.877911893650889 ], [ 270120.851971735188272, 9862674.045664511620998 ], [ 270184.372102383524179, 9862617.212236009538174 ], [ 270194.925527118961327, 9862602.819989148527384 ], [ 270210.453250012767967, 9862590.710052128881216 ], [ 270220.210521343513392, 9862583.694397553801537 ], [ 270229.934101436694618, 9862577.054766856133938 ], [ 270255.598519886669237, 9862570.969553157687187 ], [ 270276.615198227344081, 9862586.31553672067821 ], [ 270284.143591731088236, 9862596.662786295637488 ], [ 270293.32286574866157, 9862617.009820887818933 ], [ 270298.136707051307894, 9862625.187131376937032 ], [ 270306.796074238140136, 9862641.308728385716677 ], [ 270319.268480787635781, 9862664.213254379108548 ], [ 270340.79993514920352, 9862690.376572575420141 ], [ 270354.724496542010456, 9862706.922562142834067 ], [ 270387.08436156983953, 9862737.186620466411114 ], [ 270425.297418949776329, 9862756.17374974116683 ], [ 270453.569365216884762, 9862760.995963029563427 ], [ 270482.830987564055249, 9862752.933727962896228 ], [ 270507.320014043827541, 9862740.886073347181082 ], [ 270523.024299098644406, 9862730.711814047768712 ], [ 270564.922637613257393, 9862706.157518452033401 ], [ 270580.695071595662739, 9862694.235793758183718 ], [ 270609.423517836432438, 9862670.368030881509185 ], [ 270657.519323608954437, 9862635.532541204243898 ], [ 270681.431614319328219, 9862634.976059306412935 ], [ 270698.659152704291046, 9862627.147772885859013 ], [ 270708.368816319736652, 9862609.757561288774014 ], [ 270717.030721696268301, 9862594.080873703584075 ], [ 270737.054861166863702, 9862568.856990579515696 ], [ 270767.087079662655015, 9862543.264871528372169 ], [ 270795.700385135482065, 9862524.241440529003739 ], [ 270827.303610129572917, 9862511.137579275295138 ], [ 270855.593493871041574, 9862507.122658280655742 ], [ 270889.132469234988093, 9862495.590863021090627 ], [ 270915.727072014589794, 9862481.388132782652974 ], [ 270931.256765577476472, 9862466.634821359068155 ], [ 270958.690556477173232, 9862446.93580961227417 ], [ 270978.538530975289177, 9862433.435678403824568 ], [ 271024.155770693265367, 9862407.700907338410616 ], [ 271044.248822771245614, 9862393.968707326799631 ], [ 271075.956611469737254, 9862375.179982248693705 ], [ 271102.326273259124719, 9862363.87487368285656 ], [ 271120.762694391363766, 9862361.765690326690674 ], [ 271174.790473983972333, 9862371.352804770693183 ], [ 271227.437593698850833, 9862381.281694093719125 ], [ 271252.651793092954904, 9862381.301348574459553 ], [ 271278.738573798967991, 9862361.546004822477698 ], [ 271322.809308133437298, 9862377.42964731529355 ], [ 271402.711424208828248, 9862411.236611591652036 ], [ 271470.792331225122325, 9862429.350945621728897 ], [ 271500.456537234713323, 9862447.269451919943094 ], [ 271549.510973078140523, 9862453.280134411528707 ], [ 271576.611100353533402, 9862447.328708600252867 ], [ 271610.054105175309815, 9862458.779912076890469 ], [ 271657.715031703584827, 9862481.645227128639817 ], [ 271697.15928361134138, 9862491.729610305279493 ], [ 271719.643679033091757, 9862480.498869854956865 ], [ 271745.875073168601375, 9862489.389532677829266 ], [ 271799.561459467397071, 9862494.032289627939463 ], [ 271854.958595178090036, 9862503.277399906888604 ], [ 271884.117038492579013, 9862498.699009971693158 ], [ 271936.771165688638575, 9862513.737503221258521 ], [ 271988.749913476465736, 9862509.685588393360376 ], [ 272018.07240386644844, 9862508.856714326888323 ], [ 272068.856400274438784, 9862495.093030298128724 ], [ 272105.917218079208396, 9862477.901104237884283 ], [ 272141.957962839398533, 9862455.443749399855733 ], [ 272189.127202741627116, 9862451.896856157109141 ], [ 272214.34391393273836, 9862448.509889783337712 ], [ 272253.802861936856061, 9862439.504348393529654 ], [ 272304.770307426922955, 9862418.750784631818533 ], [ 272327.770935517910402, 9862416.37963081151247 ], [ 272341.037177249847446, 9862406.081855235621333 ], [ 272344.277415693388321, 9862390.677572583779693 ], [ 272349.800129258772358, 9862360.399153158068657 ] ] } },
{ "type": "Feature", "properties": { "name": "Mathare River", "fclass": "stream" }, "geometry": { "type": "LineString", "coordinates": [ [ 259532.617981059709564, 9860256.929297329857945 ], [ 259541.418898968811845, 9860249.691679328680038 ], [ 259548.192330214660615, 9860230.661373240873218 ], [ 259559.668176929175388, 9860219.742677520960569 ], [ 259569.640671383938752, 9860222.715317327529192 ], [ 259586.325138714310015, 9860226.998735945671797 ], [ 259596.599312017118791, 9860228.655369011685252 ], [ 259606.691670719475951, 9860234.747300544753671 ], [ 259618.891940603090916, 9860236.250680793076754 ], [ 259627.100128862803103, 9860232.242375709116459 ], [ 259630.379942974104779, 9860224.093167768791318 ], [ 259644.467379958165111, 9860218.707132536917925 ], [ 259664.789419952983735, 9860213.016576457768679 ], [ 259676.613066155754495, 9860212.241082506254315 ], [ 259697.90179314368288, 9860208.785645466297865 ], [ 259706.620684911613353, 9860206.459033068269491 ], [ 259720.439520110900048, 9860202.765102420002222 ], [ 259735.740519200480776, 9860197.258406136184931 ], [ 259746.974767482432071, 9860195.708153078332543 ], [ 259767.046334409911651, 9860196.676087342202663 ], [ 259785.817417876416584, 9860195.176344230771065 ], [ 259801.437773834826658, 9860193.862016892060637 ], [ 259823.425749159243423, 9860192.929055586457253 ], [ 259844.447535452229204, 9860189.15262352488935 ], [ 259877.691309993999312, 9860187.510054018348455 ], [ 259925.664865784114227, 9860184.474982293322682 ], [ 259953.383033326623263, 9860187.340681290253997 ], [ 259973.44265255733626, 9860189.259832760319114 ], [ 259982.043877397896722, 9860194.543051775544882 ], [ 259979.976082664448768, 9860217.857813747599721 ], [ 259976.983053463627584, 9860229.237043887376785 ], [ 259973.687658423354151, 9860242.761847382411361 ], [ 259975.469217651640065, 9860255.782064067199826 ], [ 259981.730274159403052, 9860263.82857333496213 ], [ 259990.786237440624973, 9860271.169501919299364 ], [ 260002.03851041579037, 9860274.707287088036537 ], [ 260020.196011973835994, 9860274.722362339496613 ], [ 260041.212265881622443, 9860277.582472421228886 ], [ 260063.184354018012527, 9860282.345855874940753 ], [ 260084.198235288320575, 9860288.059682177379727 ], [ 260104.270559419936035, 9860288.076339848339558 ], [ 260120.509282991697546, 9860292.834958082064986 ], [ 260131.019373841147171, 9860291.892438048496842 ], [ 260153.953594220220111, 9860290.960225809365511 ], [ 260169.245130695722764, 9860283.385109905153513 ], [ 260184.542292209516745, 9860282.446560377255082 ], [ 260197.948512349801604, 9860279.548656182363629 ], [ 260217.991305279370863, 9860274.886507803574204 ], [ 260227.54003858147189, 9860278.688328456133604 ], [ 260236.013342076417757, 9860290.552675696089864 ], [ 260243.772458404302597, 9860291.034730879589915 ], [ 260256.187922238954343, 9860301.486545767635107 ], [ 260270.500003076682333, 9860320.478968748822808 ], [ 260278.13559594497201, 9860335.67195476219058 ], [ 260288.637013595202006, 9860345.181997328996658 ], [ 260301.057202489260817, 9860349.937429716810584 ], [ 260310.615378410700941, 9860342.346494594588876 ], [ 260326.858022548054578, 9860342.359956245869398 ], [ 260339.287650434212992, 9860335.722641170024872 ], [ 260346.939762940543005, 9860330.98384615406394 ], [ 260356.495570243452676, 9860326.246629057452083 ], [ 260374.656969127041521, 9860321.516543893143535 ], [ 260406.19190317063476, 9860313.003644898533821 ], [ 260428.179680810135324, 9860298.786461338400841 ], [ 260438.70874857835588, 9860288.353679113090038 ], [ 260457.825857506599277, 9860272.231642309576273 ], [ 260474.070839147403603, 9860269.402448920533061 ], [ 260483.629117277247133, 9860275.10674106143415 ], [ 260496.74507793399971, 9860300.026788817718625 ], [ 260504.845659428829094, 9860304.900301637127995 ], [ 260513.283960320783081, 9860305.261240731924772 ], [ 260523.06012819238822, 9860303.278374142944813 ], [ 260528.118180104385829, 9860298.692284978926182 ], [ 260532.766960349516012, 9860290.920314224436879 ], [ 260535.476725367159816, 9860285.469529133290052 ], [ 260540.625735223613447, 9860278.593907210975885 ], [ 260546.579103722528089, 9860268.334313042461872 ], [ 260554.381014429964125, 9860257.456839922815561 ], [ 260561.032499133056263, 9860251.113387774676085 ], [ 260567.795017310010735, 9860245.123977083712816 ], [ 260578.368310248071793, 9860235.045187478885055 ], [ 260595.222287953190971, 9860222.748359942808747 ], [ 260609.412212370778434, 9860214.475496847182512 ], [ 260617.721989927842515, 9860208.708588315173984 ], [ 260620.906292571511585, 9860194.851910581812263 ], [ 260623.233167460013647, 9860181.248923633247614 ], [ 260634.79515824012924, 9860173.714966943487525 ], [ 260651.00887308223173, 9860168.28643755055964 ], [ 260663.888145337026799, 9860169.812453741207719 ], [ 260676.864907468174351, 9860174.601516291499138 ], [ 260695.875872785865795, 9860179.052688650786877 ], [ 260712.168801492953207, 9860185.503630263730884 ], [ 260733.082721596700139, 9860190.841246226802468 ], [ 260752.094727206858806, 9860194.031470058485866 ], [ 260766.515108278137632, 9860203.201834987848997 ], [ 260785.626792871713405, 9860207.011547297239304 ], [ 260794.305701211909764, 9860212.560241611674428 ], [ 260799.001204525469802, 9860215.572692465037107 ], [ 260806.929251138935797, 9860227.126829607412219 ], [ 260803.759062225872185, 9860237.399776501581073 ], [ 260819.033238317089854, 9860250.707613158971071 ], [ 260834.318417335656704, 9860250.720262752845883 ], [ 260851.526279300334863, 9860241.23319673165679 ], [ 260858.710851672949502, 9860236.416593687608838 ], [ 260866.062239975552075, 9860231.810285842046142 ], [ 260881.769272526231362, 9860219.800096808001399 ], [ 260890.644390572415432, 9860216.942671166732907 ], [ 260898.418452739395434, 9860212.779149547219276 ], [ 260918.598017295647878, 9860204.157295560464263 ], [ 260935.792437651980435, 9860197.446505250409245 ], [ 260952.108252976846416, 9860189.673143286257982 ], [ 260968.810576931020478, 9860172.232889214530587 ], [ 260977.19998858528561, 9860164.375543657690287 ], [ 260985.949024961184477, 9860165.887063965201378 ], [ 260996.541709745069966, 9860172.687211066484451 ], [ 261012.010825282108271, 9860179.104260662570596 ], [ 261022.274623458011774, 9860193.204313894733787 ], [ 261035.831727032840718, 9860209.685178052634001 ], [ 261045.520901410985971, 9860218.619320951402187 ], [ 261063.96738896809984, 9860219.054889068007469 ], [ 261082.926800466200802, 9860218.495401160791516 ], [ 261094.244361818680773, 9860223.78079685382545 ], [ 261112.686089447757695, 9860229.968011943623424 ], [ 261128.692249104467919, 9860233.144653683528304 ], [ 261141.171839521324728, 9860233.309821665287018 ], [ 261158.018870999367209, 9860229.319711266085505 ], [ 261183.25414341094438, 9860218.865924758836627 ], [ 261202.827382539777318, 9860216.437649985775352 ], [ 261215.030414525914239, 9860214.46783990226686 ], [ 261227.501863323588623, 9860211.005034377798438 ], [ 261242.890122173208511, 9860207.478274064138532 ], [ 261258.099580441572471, 9860204.769869826734066 ], [ 261280.401022925972939, 9860201.481099646538496 ], [ 261299.325365699070971, 9860202.912526484578848 ], [ 261322.634189807693474, 9860206.504441799595952 ], [ 261340.79154501229641, 9860206.519441373646259 ], [ 261398.141927822493017, 9860185.694975476711988 ], [ 261416.294417134602554, 9860178.111161407083273 ], [ 261437.320849361567525, 9860181.922400360926986 ], [ 261462.149930551939178, 9860191.444176370278001 ], [ 261488.89932193106506, 9860194.308901209384203 ], [ 261511.838048917241395, 9860187.680269027128816 ], [ 261543.384647241211496, 9860178.216105300933123 ], [ 261563.448004172561923, 9860175.390030205249786 ], [ 261582.570571655436652, 9860165.915610745549202 ], [ 261607.402774370566476, 9860171.632441371679306 ], [ 261637.024360784213059, 9860174.499523678794503 ], [ 261668.562315382878296, 9860175.476779824122787 ], [ 261689.575241552141961, 9860182.130619013682008 ], [ 261720.137596462009242, 9860191.657088223844767 ], [ 261753.586444970802404, 9860197.369943920522928 ], [ 261763.127272626705235, 9860210.672931911423802 ], [ 261758.33651133973035, 9860228.69813809171319 ], [ 261746.851906267431332, 9860250.522753296419978 ], [ 261744.924575463403016, 9860265.707688232883811 ], [ 261739.178754450171255, 9860280.889476155862212 ], [ 261760.186206977610709, 9860294.19084987975657 ], [ 261776.41697939086589, 9860308.439514506608248 ], [ 261788.832387773698429, 9860318.891167579218745 ], [ 261801.244671676628059, 9860333.136680472642183 ], [ 261801.671555799053749, 9860355.502028960734606 ], [ 261820.335158534959191, 9860362.574207711964846 ], [ 261844.997414618002949, 9860371.874548876658082 ], [ 261865.819697206257842, 9860380.220493191853166 ], [ 261895.785438370512566, 9860397.754442943260074 ], [ 261906.271196181245614, 9860426.24469037912786 ], [ 261922.515460583788808, 9860437.639640958979726 ], [ 261935.955050934368046, 9860448.125294137746096 ], [ 261941.395409126067534, 9860452.377124102786183 ], [ 261942.563169844739605, 9860453.793869581073523 ], [ 261961.674759265151806, 9860457.60344940982759 ], [ 261963.47737954283366, 9860458.655709704384208 ], [ 261971.199697378498968, 9860463.185935188084841 ], [ 261977.909447105834261, 9860467.106982432305813 ], [ 261991.279722554434557, 9860467.117976730689406 ], [ 262018.028486223600339, 9860484.228929530829191 ], [ 262033.297968095197575, 9860503.221838781610131 ], [ 262048.099639592284802, 9860508.96350527741015 ], [ 262064.33899951321655, 9860512.781770126894116 ], [ 262076.755981723574223, 9860521.330919774249196 ], [ 262090.129587552393787, 9860530.832083251327276 ], [ 262100.264638832042692, 9860539.069651966914535 ], [ 262108.561028485477436, 9860549.473627669736743 ], [ 262111.305860159132862, 9860555.470840657129884 ], [ 262112.781392410601256, 9860561.688227130100131 ], [ 262111.961726028035628, 9860570.193315975368023 ], [ 262110.958092070039129, 9860572.260863017290831 ], [ 262104.412129029951757, 9860585.793917816132307 ], [ 262093.320434694905998, 9860603.736504072323442 ], [ 262089.067010261758696, 9860618.222673045471311 ], [ 262085.151542471896391, 9860627.864485085010529 ], [ 262083.809217250352958, 9860635.672315364703536 ], [ 262083.026220058178296, 9860640.195544138550758 ], [ 262082.735147602856159, 9860655.735744256526232 ], [ 262086.921916885505198, 9860681.765267865732312 ], [ 262089.120675061683869, 9860688.469923354685307 ], [ 262092.074563940899679, 9860697.475846791639924 ], [ 262103.305024937435519, 9860713.921424578875303 ], [ 262111.585561324260198, 9860730.099120505154133 ], [ 262113.720919552230043, 9860732.666979748755693 ], [ 262118.392029456503224, 9860738.267580362036824 ], [ 262123.398723951249849, 9860741.910692814737558 ], [ 262132.504227527620969, 9860743.112728169187903 ], [ 262142.500249536416959, 9860744.426101505756378 ], [ 262157.267221118090674, 9860751.771525984629989 ], [ 262161.607173712865915, 9860753.931941878050566 ], [ 262179.758243129705079, 9860761.54559763148427 ], [ 262194.0781411875505, 9860771.047507256269455 ], [ 262215.096764849382453, 9860784.348760355263948 ], [ 262227.50496282579843, 9860790.055242829024792 ], [ 262228.985120245954022, 9860790.642678352072835 ], [ 262236.018639747286215, 9860793.446825109422207 ], [ 262241.983772553270683, 9860795.82978555187583 ], [ 262246.613435658044182, 9860797.669672170653939 ], [ 262248.494394326698966, 9860798.224253494292498 ], [ 262259.546415577759035, 9860801.485184608027339 ], [ 262267.003535737807397, 9860803.603907229378819 ], [ 262276.230324316653423, 9860806.232876066118479 ], [ 262296.28584597655572, 9860812.896845480427146 ], [ 262308.705953567055985, 9860817.652100974693894 ], [ 262322.137552062748, 9860824.332762021571398 ], [ 262329.715770727023482, 9860828.110699601471424 ], [ 262333.539953712490387, 9860834.75030804052949 ], [ 262342.156522721343208, 9860848.439566006883979 ], [ 262353.569827145431191, 9860872.738412398844957 ], [ 262364.774857504409738, 9860893.077320981770754 ], [ 262375.235563048510812, 9860911.51316119544208 ], [ 262385.775873770588078, 9860927.902817578986287 ], [ 262394.838155419682153, 9860941.105754837393761 ], [ 262410.315698884136509, 9860950.796606928110123 ], [ 262422.960823152621742, 9860952.665162527933717 ], [ 262435.921070182928815, 9860950.364058151841164 ], [ 262454.70718838670291, 9860943.765072394162416 ], [ 262463.849998055375181, 9860940.177794512361288 ], [ 262473.357966798357666, 9860939.300707709044218 ], [ 262487.940928146708757, 9860940.230678793042898 ], [ 262509.257060156494845, 9860943.676952417939901 ], [ 262523.317256753449328, 9860944.031333053484559 ], [ 262541.753676695458125, 9860943.028814814984798 ], [ 262569.496404973440804, 9860942.697550242766738 ], [ 262591.957558174268343, 9860948.135691773146391 ], [ 262615.808168757823296, 9860956.163187205791473 ], [ 262644.13355672074249, 9860964.835859671235085 ], [ 262669.978244239231572, 9860971.216920033097267 ], [ 262692.136442014365457, 9860979.552721295505762 ], [ 262722.305461121839471, 9860993.580296313390136 ], [ 262746.398198246140964, 9861005.014682533219457 ], [ 262761.589306228677742, 9861010.999899504706264 ], [ 262778.786672315152828, 9861014.055649617686868 ], [ 262797.333120545954444, 9861014.612766651436687 ], [ 262813.976337042986415, 9861014.626351568847895 ], [ 262836.941388476698194, 9861016.447999177500606 ], [ 262849.360703568789177, 9861022.154426304623485 ], [ 262858.971213971090037, 9861032.017405869439244 ], [ 262867.286645553715061, 9861046.414238713681698 ], [ 262873.223351116874255, 9861056.340582869946957 ], [ 262884.300387874245644, 9861069.854804730042815 ], [ 262893.304149645962752, 9861086.574953280389309 ], [ 262901.850278200232424, 9861104.765807300806046 ], [ 262906.612999104487244, 9861120.907334789633751 ], [ 262913.293618989526294, 9861133.256585260853171 ], [ 262921.877920914790593, 9861145.596325492486358 ], [ 262934.290282342291903, 9861159.841633800417185 ], [ 262942.64114504668396, 9861171.760871645063162 ], [ 262945.283291627769358, 9861180.854964518919587 ], [ 262950.418912265740801, 9861190.227607412263751 ], [ 262959.382970956154168, 9861201.041266344487667 ], [ 262967.197527545620687, 9861215.349185414612293 ], [ 262973.414803979627322, 9861222.521616879850626 ], [ 262984.694820934848394, 9861232.872606351971626 ], [ 262996.332468175562099, 9861241.520529583096504 ], [ 263021.164938448229805, 9861260.520994119346142 ], [ 263039.270472293312196, 9861269.351148691028357 ], [ 263068.64137518836651, 9861279.174874553456903 ], [ 263090.247019066358916, 9861282.499618800356984 ], [ 263114.47426073346287, 9861279.134743945673108 ], [ 263128.067693710210733, 9861278.460037633776665 ], [ 263144.533437696518376, 9861277.654938640072942 ], [ 263156.834607845987193, 9861278.063132470473647 ], [ 263178.686453574919142, 9861279.795322462916374 ], [ 263192.855437407153659, 9861283.224615298211575 ], [ 263214.439962567412294, 9861285.122495213523507 ], [ 263227.229728886741214, 9861287.046403523534536 ], [ 263241.475828295748215, 9861291.471221264451742 ], [ 263264.454580944031477, 9861303.78944038040936 ], [ 263280.78074272343656, 9861310.339605400338769 ], [ 263294.391447878151666, 9861315.792548755183816 ], [ 263303.639310690574348, 9861319.859353454783559 ], [ 263309.142451647785492, 9861329.066353764384985 ], [ 263312.87334927811753, 9861340.937549224123359 ], [ 263316.338594158180058, 9861350.928204169496894 ], [ 263325.745089481235482, 9861365.28161290101707 ], [ 263340.318498370645102, 9861377.913743058219552 ], [ 263350.18665114196483, 9861385.841239612549543 ], [ 263359.355123453889973, 9861391.710871443152428 ], [ 263381.443903937819414, 9861403.25408573821187 ], [ 263399.424166815879289, 9861415.535028405487537 ], [ 263423.287333916639909, 9861435.485823582857847 ], [ 263437.673585313255899, 9861445.540635477751493 ], [ 263448.077719044289552, 9861451.477625358849764 ], [ 263460.288172581698745, 9861453.909831384196877 ], [ 263472.547059589996934, 9861451.530662758275867 ], [ 263482.690274794702418, 9861449.74705620482564 ], [ 263497.238177355844527, 9861452.656767683103681 ], [ 263524.465459903178271, 9861456.317831594496965 ], [ 263547.639726388850249, 9861460.915765255689621 ], [ 263552.303495345986448, 9861461.8707693554461 ], [ 263556.343850135221146, 9861462.814207004383206 ], [ 263565.637747765867971, 9861465.02282658778131 ], [ 263580.926942900114227, 9861473.585156545042992 ], [ 263590.429694745107554, 9861479.078975280746818 ], [ 263603.840402891975828, 9861484.045047346502542 ], [ 263617.070882621686906, 9861491.610238842666149 ], [ 263628.567033380502835, 9861496.276116844266653 ], [ 263640.564247244619764, 9861500.820732092484832 ], [ 263644.192956607555971, 9861501.443072916939855 ], [ 263654.700640405877493, 9861503.232363292947412 ], [ 263686.108159213094041, 9861500.050211567431688 ], [ 263698.585494754370302, 9861502.836559597402811 ], [ 263706.886708854115568, 9861507.367114240303636 ], [ 263714.542530989681836, 9861511.532142069190741 ], [ 263725.83827433740953, 9861516.219971276819706 ], [ 263731.355895008018706, 9861521.312364643439651 ], [ 263734.74605287227314, 9861527.818804169073701 ], [ 263734.984527054650243, 9861535.771642576903105 ], [ 263739.363466545357369, 9861544.767540527507663 ], [ 263746.248125192243606, 9861552.659397032111883 ], [ 263756.650614854181185, 9861560.620465630665421 ], [ 263768.812924550264142, 9861567.499009156599641 ], [ 263770.582193118636496, 9861568.495904754847288 ], [ 263785.148881552508101, 9861575.686092741787434 ], [ 263793.533310297760181, 9861587.43934278562665 ], [ 263797.730059416033328, 9861601.467705801129341 ], [ 263789.396359430975281, 9861623.316901810467243 ], [ 263784.165689346438739, 9861635.059131370857358 ], [ 263780.376638926682062, 9861653.737586781382561 ], [ 263782.259784064430278, 9861665.341784328222275 ], [ 263792.633699532540049, 9861681.111673306673765 ], [ 263801.352097015827894, 9861692.887308888137341 ], [ 263809.938747765845619, 9861702.384332722052932 ], [ 263825.224893587117549, 9861714.729372082278132 ], [ 263837.807369704707526, 9861725.169782755896449 ], [ 263844.279804565245286, 9861733.470537489280105 ], [ 263854.100015768664889, 9861745.634180247783661 ], [ 263862.452529000642244, 9861755.573435440659523 ], [ 263874.029780448589008, 9861770.094422707334161 ], [ 263883.705191489949357, 9861782.357489446178079 ], [ 263893.002946102060378, 9861793.569483578205109 ], [ 263922.608053228934295, 9861816.610698090866208 ], [ 263940.986294969625305, 9861832.375963184982538 ], [ 263958.043328882195055, 9861843.726942457258701 ], [ 263971.603592999861576, 9861856.50192410312593 ], [ 263986.068736804067157, 9861865.384271962568164 ], [ 264000.135698160389438, 9861871.058697497472167 ], [ 264017.333643362042494, 9861873.340018233284354 ], [ 264032.589034092845395, 9861868.629418121650815 ], [ 264043.132574614719488, 9861867.365948442369699 ], [ 264055.911871127551422, 9861868.438086563721299 ], [ 264064.787109373719431, 9861865.215529475361109 ], [ 264076.357161500956863, 9861861.077110504731536 ], [ 264087.597145798732527, 9861852.093847624957561 ], [ 264098.606273534300271, 9861839.482496513053775 ], [ 264108.346032993344124, 9861827.190881865099072 ], [ 264117.258324792725034, 9861819.433478338643909 ], [ 264146.791987704928033, 9861793.033356899395585 ] ] } },
{ "type": "Feature", "properties": { "name": "Nairobi River", "fclass": "river" }, "geometry": { "type": "LineString", "coordinates": [ [ 264101.296666569309309, 9860252.885511791333556 ], [ 264107.473428290104493, 9860255.047385973855853 ], [ 264121.250761357776355, 9860260.77700169570744 ], [ 264131.817164500127546, 9860258.717278204858303 ], [ 264137.203141037956811, 9860261.34305426850915 ], [ 264151.249371530022472, 9860278.609172394499183 ], [ 264167.27573127404321, 9860297.657671097666025 ], [ 264180.854664545622654, 9860300.953768229112029 ], [ 264195.285528901149519, 9860310.709992622956634 ], [ 264204.633969933376648, 9860314.190668266266584 ], [ 264215.578565857140347, 9860312.50731073319912 ], [ 264224.925046700402163, 9860304.739280177280307 ], [ 264239.553567064809613, 9860304.187115278095007 ], [ 264259.3572790522594, 9860319.013500621542335 ], [ 264280.197375124611426, 9860332.535567099228501 ], [ 264306.241993009112775, 9860339.115771731361747 ], [ 264318.591913957847282, 9860347.852702418342233 ], [ 264339.243581253685988, 9860374.028003178536892 ], [ 264354.52725712780375, 9860389.17144232057035 ], [ 264373.826095757307485, 9860408.808776872232556 ], [ 264384.557421903009526, 9860450.283936494961381 ], [ 264428.176042613340542, 9860475.65941271930933 ], [ 264455.584121239604428, 9860503.09002436324954 ], [ 264475.464112965273671, 9860519.962636394426227 ], [ 264493.756504551041871, 9860558.877836400642991 ], [ 264506.484033581393305, 9860568.732166578993201 ], [ 264522.607016682391986, 9860578.522890940308571 ], [ 264526.56508286530152, 9860584.786437574774027 ], [ 264535.839663645485416, 9860596.960693001747131 ], [ 264543.791990873985924, 9860606.047950619831681 ], [ 264552.77689607674256, 9860618.509544646367431 ], [ 264555.571086802927312, 9860632.282324803993106 ], [ 264557.187862055841833, 9860642.824438093230128 ], [ 264563.814828197937459, 9860652.651678772643209 ], [ 264580.61984378262423, 9860658.81504987552762 ], [ 264601.851459189900197, 9860656.343648083508015 ], [ 264609.957674213801511, 9860654.149162760004401 ], [ 264625.162277477793396, 9860643.322077667340636 ], [ 264640.799382727767807, 9860634.541564259678125 ], [ 264659.381698994664475, 9860631.780433714389801 ], [ 264670.87938270001905, 9860634.422203801572323 ], [ 264688.270717172068544, 9860645.131966518238187 ], [ 264714.353998082107864, 9860658.923639982938766 ], [ 264731.301695635193028, 9860667.58681658655405 ], [ 264738.226160149439238, 9860681.20808282122016 ], [ 264743.959678581217304, 9860694.551865441724658 ], [ 264745.413551706937142, 9860727.513746716082096 ], [ 264743.186431365087628, 9860742.012436676770449 ], [ 264736.829289479763247, 9860756.363988813012838 ], [ 264727.238273837254383, 9860777.448848303407431 ], [ 264712.329148185264785, 9860794.580748602747917 ], [ 264707.734345035627484, 9860818.456945052370429 ], [ 264716.562434561783448, 9860845.861308084800839 ], [ 264729.96837313612923, 9860856.567813288420439 ], [ 264775.076098116929643, 9860871.547291105613112 ], [ 264798.765241456450894, 9860886.18864443525672 ], [ 264834.946857681265101, 9860898.539498576894403 ], [ 264850.168129764555488, 9860908.329424509778619 ], [ 264858.643782998202369, 9860917.317520333454013 ], [ 264867.184610576252453, 9860928.307641828432679 ], [ 264870.718442890094593, 9860936.075065156444907 ], [ 264873.054803794133477, 9860965.37656469270587 ], [ 264865.356063638697378, 9860986.805834298953414 ], [ 264864.122444227570668, 9860997.987133054062724 ], [ 264864.167482207180001, 9861011.116137558594346 ], [ 264869.692605345975608, 9861034.403234170749784 ], [ 264883.618771172710694, 9861062.596983037889004 ], [ 264890.804494144045748, 9861069.825385278090835 ], [ 264921.577092329156585, 9861080.523775611072779 ], [ 264946.103543101926334, 9861092.256808027625084 ], [ 264965.158273003937211, 9861097.24949249997735 ], [ 264978.368627268762793, 9861102.038359668105841 ], [ 264991.663875129888766, 9861111.981543922796845 ], [ 265011.368889948178548, 9861138.830533731728792 ], [ 265015.410100649052765, 9861166.230955351144075 ], [ 265018.975291913608089, 9861190.323865735903382 ], [ 265026.887206292827614, 9861208.148913510143757 ], [ 265045.36624604993267, 9861222.974002381786704 ], [ 265072.7045369874686, 9861240.505028208717704 ], [ 265096.04826182348188, 9861255.57736592926085 ], [ 265115.35592474497389, 9861264.430376384407282 ], [ 265134.813876956468448, 9861266.381682567298412 ], [ 265149.778915399452671, 9861262.633147595450282 ], [ 265176.34197588392999, 9861261.349423937499523 ], [ 265220.279184169892687, 9861278.329712945967913 ], [ 265245.683469163312111, 9861305.891105554997921 ], [ 265270.215569685213268, 9861352.055720439180732 ], [ 265279.766154609271325, 9861380.997954105958343 ], [ 265292.326181080774404, 9861419.200332133099437 ], [ 265300.187686284538358, 9861444.369532322511077 ], [ 265318.78035643894691, 9861484.01463383808732 ], [ 265341.694509205874056, 9861507.238212827593088 ], [ 265373.431892070686445, 9861508.756929539144039 ], [ 265405.639731588074937, 9861478.996658118441701 ], [ 265424.67605391680263, 9861451.515338126569986 ], [ 265443.508911313896533, 9861427.860824208706617 ], [ 265459.787986523471773, 9861423.571354610845447 ], [ 265468.517626694170758, 9861421.322019033133984 ], [ 265488.016211909474805, 9861428.084669131785631 ], [ 265552.080077333259396, 9861446.010115478187799 ], [ 265565.975935420661699, 9861456.639452846720815 ], [ 265575.131007078744005, 9861479.088740233331919 ], [ 265570.889294348307885, 9861493.253938326612115 ], [ 265562.962769557372667, 9861535.089758107438684 ], [ 265551.06927202490624, 9861567.841653056442738 ], [ 265543.025039079482667, 9861603.78209338709712 ], [ 265535.403470595483668, 9861640.187420889735222 ], [ 265532.334359840489924, 9861663.622338905930519 ], [ 265526.741745780862402, 9861696.489912101998925 ], [ 265527.961539795098361, 9861730.170378714799881 ], [ 265540.723317411786411, 9861766.802223201841116 ], [ 265552.049423680524342, 9861789.054148968309164 ], [ 265565.392510074772872, 9861808.807997135445476 ], [ 265561.40053991577588, 9861830.859600862488151 ], [ 265565.139506339561194, 9861860.538147641345859 ], [ 265568.095412799040787, 9861894.949995314702392 ], [ 265576.74170768057229, 9861913.350676953792572 ], [ 265584.183095725427847, 9861935.002202341333032 ], [ 265610.173575654276647, 9861925.831685369834304 ], [ 265617.347421764861792, 9861906.260205348953605 ], [ 265621.156442054838408, 9861862.441236712038517 ], [ 265632.985439053678419, 9861923.980725862085819 ], [ 265636.772428264666814, 9861935.431460201740265 ], [ 265655.049736549786758, 9861938.133823363110423 ], [ 265703.106898765545338, 9861940.118978654965758 ], [ 265724.565251083869953, 9861946.352206753566861 ], [ 265750.617602988379076, 9861957.201368778944016 ], [ 265758.370133073185571, 9861965.668913269415498 ], [ 265766.356515547493473, 9861974.048159414902329 ], [ 265774.815812097745948, 9861989.650335865095258 ], [ 265773.817545507685281, 9861998.99571929872036 ], [ 265775.643100343411788, 9862027.024666711688042 ], [ 265773.926484673283994, 9862057.627892749384046 ], [ 265772.523156900540926, 9862086.262588264420629 ], [ 265772.331869295216165, 9862130.571082383394241 ], [ 265778.427379175787792, 9862178.689437752589583 ], [ 265790.687926223385148, 9862187.956933805719018 ], [ 265814.001157189835794, 9862185.586481483653188 ], [ 265861.814566120854579, 9862172.186099058017135 ], [ 265887.69730062619783, 9862172.416929526254535 ], [ 265909.622470759786665, 9862193.526937300339341 ], [ 265916.336899964255281, 9862205.49982794560492 ], [ 265916.9115993444575, 9862210.742993108928204 ], [ 265910.304445158282761, 9862231.719602558761835 ], [ 265899.698647303972393, 9862255.325434744358063 ], [ 265883.271477229136508, 9862291.756875932216644 ], [ 265870.890142019721679, 9862322.229907779023051 ], [ 265862.437897726427764, 9862353.535621121525764 ], [ 265862.053764238138683, 9862388.497760413214564 ], [ 265872.969727538991719, 9862408.680937772616744 ], [ 265878.276469803822692, 9862412.987729804590344 ], [ 265891.859846290142741, 9862424.70063885115087 ], [ 265922.241288674995303, 9862437.411328678950667 ], [ 265948.698507195804268, 9862443.183912143111229 ], [ 265963.292037807987072, 9862444.567054342478514 ], [ 265979.549448581412435, 9862439.492156261578202 ], [ 266018.511996303452179, 9862426.770389880985022 ], [ 266054.856234875158407, 9862430.747971741482615 ], [ 266099.513094169727992, 9862438.868815729394555 ], [ 266141.038447641185485, 9862451.112738603726029 ], [ 266176.517110992979724, 9862465.586065052077174 ], [ 266210.602158827590756, 9862482.646438825875521 ], [ 266241.26291592605412, 9862508.043724320828915 ], [ 266274.068351668014657, 9862524.328820055350661 ], [ 266296.213024801050778, 9862549.45385604351759 ], [ 266315.755425560113508, 9862571.170169703662395 ], [ 266338.693754726555198, 9862606.217120518907905 ], [ 266392.678685657738242, 9862615.429207395762205 ], [ 266439.997081390349194, 9862636.393323536962271 ], [ 266473.925666465307586, 9862640.202973047271371 ], [ 266507.510709853668232, 9862628.018827518448234 ], [ 266546.310283761238679, 9862596.062612477689981 ], [ 266571.414869051310234, 9862580.785852175205946 ], [ 266593.9288178604329, 9862575.472563188523054 ], [ 266601.881931158713996, 9862583.730025393888354 ], [ 266605.32444356882479, 9862608.49725709669292 ], [ 266608.576831288984977, 9862648.395123962312937 ], [ 266588.285637386841699, 9862700.485118884593248 ], [ 266571.796679736697115, 9862758.948999620974064 ], [ 266569.343901125597768, 9862791.619828138500452 ], [ 266579.196668800199404, 9862818.969243673607707 ], [ 266614.141798636992462, 9862832.413353847339749 ], [ 266652.217042660689913, 9862843.448742819949985 ], [ 266685.956869344576262, 9862860.674573834985495 ], [ 266726.083260241779499, 9862896.299079308286309 ], [ 266754.62067860935349, 9862932.102417854592204 ], [ 266772.425963532063179, 9862954.469794841483235 ], [ 266800.061591532896273, 9862962.234017472714186 ], [ 266828.343086622538976, 9862941.617496244609356 ], [ 266853.643404006492347, 9862918.078647695481777 ], [ 266878.750255997758359, 9862899.85975094884634 ], [ 266922.374041668605059, 9862890.957388278096914 ], [ 266948.687205369758885, 9862895.789522921666503 ], [ 267005.459932712779846, 9862898.931370247155428 ], [ 267026.209332036669366, 9862914.753221100196242 ], [ 267037.224760867655277, 9862935.964889569208026 ], [ 267083.173943446716294, 9862970.874927308410406 ], [ 267120.521742378245108, 9863014.880923271179199 ], [ 267180.959453110699542, 9863029.008646197617054 ], [ 267299.834674572688527, 9863038.503885887563229 ], [ 267375.170812184689566, 9863006.045551048591733 ], [ 267406.090193311683834, 9862985.873536199331284 ], [ 267444.581497622071765, 9862977.376288827508688 ], [ 267519.806945035699755, 9863028.700856363400817 ], [ 267585.157639041426592, 9863038.098457995802164 ], [ 267641.114802646741737, 9863030.577207731083035 ], [ 267672.934363294334617, 9863040.534563297405839 ], [ 267685.328201117517892, 9863050.189038123935461 ], [ 267689.51137627317803, 9863053.477286357432604 ], [ 267749.938938020146452, 9863080.291154177859426 ], [ 267785.149488225462846, 9863081.657188940793276 ], [ 267811.836538936127909, 9863092.229856308549643 ], [ 267833.515706938982476, 9863086.528672143816948 ], [ 267844.245638415683061, 9863074.481239683926105 ], [ 267862.960710985120386, 9863058.303490083664656 ], [ 267878.584883517934941, 9863037.179295064881444 ], [ 267896.278328079613857, 9863017.760038908571005 ], [ 267907.786517294356599, 9863006.985175274312496 ], [ 267925.905878493154887, 9863012.175721636041999 ], [ 267944.827905533253215, 9863030.06427283398807 ], [ 267971.039285518811084, 9863036.765399344265461 ], [ 267982.711335813277401, 9863029.950298715382814 ], [ 268000.999155174125917, 9862990.821833912283182 ], [ 268042.651020290679298, 9862983.43306670896709 ], [ 268059.905779595952481, 9862969.731718482449651 ], [ 268076.135713392286561, 9862928.566534759476781 ], [ 268109.925478773599025, 9862896.263519037514925 ], [ 268145.210971461143345, 9862858.873896785080433 ], [ 268192.410392683697864, 9862846.766716251149774 ], [ 268221.776302582467906, 9862862.351834200322628 ], [ 268240.008173708687536, 9862865.982937373220921 ], [ 268272.398583520203829, 9862857.702056163921952 ], [ 268327.533891233848408, 9862833.235572796314955 ], [ 268351.374047698453069, 9862797.451796310022473 ], [ 268397.506639342173003, 9862768.731049135327339 ], [ 268419.609372525475919, 9862748.076551778241992 ], [ 268472.39804555347655, 9862720.633002230897546 ], [ 268487.967681708047166, 9862712.128748927265406 ], [ 268525.578973113151733, 9862703.973653430119157 ], [ 268543.836774959636386, 9862702.893040807917714 ], [ 268570.054467215435579, 9862701.420515747740865 ], [ 268588.170524053624831, 9862710.703375628218055 ], [ 268638.198824113118462, 9862710.930752266198397 ], [ 268680.601825800840743, 9862710.742890181019902 ] ] } },
{ "type": "Feature", "properties": { "name": null, "fclass": "river" }, "geometry": { "type": "LineString", "coordinates": [ [ 262997.364862524438649, 9863020.244823127985001 ], [ 263073.182149839471094, 9862987.676560254767537 ] ] } },
{ "type": "Feature", "properties": { "name": "Ruiruaka River", "fclass": "river" }, "geometry": { "type": "LineString", "coordinates": [ [ 265262.850056931842119, 9863042.607738902792335 ], [ 265283.482173117808998, 9863052.103096984326839 ], [ 265291.184606031689327, 9863053.690893046557903 ], [ 265298.955092418589629, 9863053.697077041491866 ], [ 265312.393200926017016, 9863052.225650666281581 ], [ 265323.926022512139753, 9863052.798918589949608 ], [ 265337.442294031498022, 9863051.028917409479618 ], [ 265350.047116393689066, 9863047.477434514090419 ], [ 265358.714166593155824, 9863039.985246013849974 ], [ 265371.230111739947461, 9863036.201420223340392 ], [ 265382.879868419549894, 9863029.718120040372014 ], [ 265389.036807098775171, 9863028.882413683459163 ], [ 265407.840646055992693, 9863027.570103263482451 ], [ 265424.703495903930161, 9863031.200332628563046 ], [ 265441.94538599671796, 9863034.156165750697255 ], [ 265457.551563981280196, 9863036.148424906656146 ], [ 265470.598015820025466, 9863037.198496958240867 ], [ 265478.091034707496874, 9863036.131579164415598 ], [ 265487.316587284440175, 9863040.264515724033117 ], [ 265498.561869732453488, 9863038.426340257748961 ], [ 265515.399158461717889, 9863046.193200552836061 ], [ 265535.469079970673192, 9863048.664607986807823 ], [ 265558.397471929492895, 9863054.379036927595735 ], [ 265574.640522865287494, 9863053.440738528966904 ], [ 265605.08480000635609, 9863071.327774805948138 ], [ 265628.412359194597229, 9863065.041781548410654 ], [ 265643.500605317356531, 9863060.353025000542402 ], [ 265656.394758357782848, 9863056.91237036138773 ], [ 265669.745007836085279, 9863053.892379987984896 ], [ 265678.571137942024507, 9863056.321658935397863 ], [ 265686.106111355649773, 9863058.484457761049271 ], [ 265695.42185025010258, 9863061.190639093518257 ], [ 265689.677194866817445, 9863047.548385757952929 ], [ 265696.411490463942755, 9863048.62661206163466 ], [ 265707.642233856371604, 9863051.057800458744168 ], [ 265721.998056597192772, 9863057.451155921444297 ], [ 265729.521632429561578, 9863059.945761179551482 ], [ 265733.816623755323235, 9863062.647952478379011 ], [ 265739.933782951440662, 9863069.831122605130076 ], [ 265743.814044371480122, 9863076.094488138332963 ], [ 265749.031028600991704, 9863081.319221133366227 ], [ 265759.989146030391566, 9863090.607742136344314 ], [ 265759.975577831617557, 9863107.696313424035907 ], [ 265768.563068708579522, 9863116.241891587153077 ], [ 265782.894161287171301, 9863125.743236750364304 ], [ 265792.445068017055746, 9863126.702026646584272 ], [ 265806.768038842885289, 9863132.409587228670716 ], [ 265816.325565411010757, 9863139.053512683138251 ], [ 265832.56256592774298, 9863145.713797735050321 ], [ 265844.022235646261834, 9863154.261647045612335 ], [ 265853.567866684461478, 9863161.867828343063593 ], [ 265859.301088632724714, 9863161.872376520186663 ], [ 265860.269028144306503, 9863148.57834592834115 ], [ 265866.00826933211647, 9863140.995352238416672 ], [ 265879.378363360767253, 9863141.005959646776319 ], [ 265891.80219668301288, 9863141.01581577770412 ], [ 265894.665335956611671, 9863152.410466203466058 ], [ 265899.430627931491472, 9863165.697980990633368 ], [ 265911.847689046815503, 9863174.246582306921482 ], [ 265922.354474367457442, 9863177.108539044857025 ], [ 265932.859005344798788, 9863182.813057128340006 ], [ 265940.501747291651554, 9863189.455452686175704 ], [ 265946.223681478004437, 9863203.694928597658873 ], [ 265956.728213287366088, 9863209.399443415924907 ], [ 265961.511563432752155, 9863199.913276398554444 ], [ 265970.227572706528008, 9863200.816090822219849 ], [ 265980.621488803299144, 9863205.624611403793097 ], [ 265988.248575452947989, 9863217.974237447604537 ], [ 265999.707491942099296, 9863227.473275335505605 ], [ 266009.261406209610868, 9863224.62722291238606 ], [ 266016.90338672476355, 9863232.231879305094481 ], [ 266019.76203156914562, 9863249.311639931052923 ], [ 266027.393634676001966, 9863255.96507865190506 ], [ 266036.608772407809738, 9863259.179938921704888 ], [ 266046.163245496631134, 9863255.626009253785014 ], [ 266054.523960127145983, 9863255.333996895700693 ], [ 266060.498096524213906, 9863260.382340379059315 ], [ 266061.079891238827258, 9863270.768659014254808 ], [ 266061.671181153040379, 9863283.223308203741908 ], [ 266064.9493801840581, 9863290.647534064948559 ], [ 266071.211560902069323, 9863297.465791998431087 ], [ 266080.770587890874594, 9863302.21833660826087 ], [ 266085.54101063485723, 9863309.046472724527121 ], [ 266088.216885066998657, 9863317.952333636581898 ], [ 266086.415873531717807, 9863328.922973327338696 ], [ 266080.142195469641592, 9863336.627210777252913 ], [ 266083.7202736469917, 9863344.936515940353274 ], [ 266076.241707442153711, 9863355.902662795037031 ], [ 266068.776855763862841, 9863363.605958739295602 ], [ 266062.20095528109232, 9863373.389342317357659 ], [ 266057.112577559775673, 9863388.516150062903762 ], [ 266065.750303375185467, 9863403.941393237560987 ], [ 266079.476267637510318, 9863418.485815707594156 ], [ 266094.399977107183076, 9863424.724710091948509 ], [ 266109.038694733346347, 9863425.333558179438114 ], [ 266130.237720473669469, 9863421.788828067481518 ], [ 266143.977994515793398, 9863418.238198693841696 ], [ 266152.0486814531032, 9863404.606928607448936 ], [ 266167.28093871625606, 9863400.75884529016912 ], [ 266183.111757938051596, 9863400.185156123712659 ], [ 266196.253690354875289, 9863393.072559183463454 ], [ 266207.009648560429923, 9863376.468130819499493 ], [ 266213.302192252071109, 9863358.975330486893654 ], [ 266228.528934666130226, 9863348.015317384153605 ], [ 266238.093356045661494, 9863345.943500818684697 ], [ 266245.854783293965738, 9863343.284049538895488 ], [ 266257.808345241821371, 9863332.620083821937442 ], [ 266280.802251072251238, 9863325.81391853094101 ], [ 266293.65425744606182, 9863319.298366567119956 ], [ 266312.762461165548302, 9863313.086397457867861 ], [ 266345.916999075328931, 9863310.435967901721597 ], [ 266359.64376534166513, 9863309.860614297911525 ], [ 266378.448917891015299, 9863320.847530586645007 ], [ 266387.993522836477496, 9863329.747743053361773 ], [ 266397.247976642567664, 9863339.543627794831991 ], [ 266409.771382762584835, 9863354.385696064680815 ], [ 266420.519464577664621, 9863361.804744256660342 ], [ 266430.967197914957069, 9863368.935980089008808 ], [ 266442.905979305389337, 9863376.953234890475869 ], [ 266456.039208582660649, 9863380.823734410107136 ], [ 266468.871162476600148, 9863385.578836791217327 ], [ 266488.584369098534808, 9863388.558628719300032 ], [ 266505.303647318971343, 9863390.651212301105261 ], [ 266512.159122989163734, 9863393.322212476283312 ], [ 266534.856752882653382, 9863395.120880810543895 ], [ 266559.04566332680406, 9863397.506931930780411 ], [ 266577.257153321639635, 9863399.003419915214181 ], [ 266596.961085878312588, 9863399.61624326184392 ], [ 266628.008726167376153, 9863400.536653013899922 ], [ 266662.353907565004192, 9863398.484383622184396 ], [ 266689.822887152840849, 9863405.916603498160839 ], [ 266700.858529506949708, 9863415.713862907141447 ], [ 266711.300646355492063, 9863429.956977337598801 ], [ 266722.938139163190499, 9863438.869867181405425 ], [ 266744.728873791405931, 9863447.193495417013764 ], [ 266759.355473174306098, 9863448.985771847888827 ], [ 266771.900081904022954, 9863451.063978690654039 ], [ 266793.690577784203924, 9863459.68623286113143 ], [ 266806.825665242038667, 9863461.178695878013968 ], [ 266823.544222436728887, 9863464.156090263277292 ], [ 266841.748908206471242, 9863474.257617382332683 ], [ 266862.341224006959237, 9863491.771557817235589 ], [ 266895.771552832680754, 9863506.331392986699939 ], [ 266943.533268434752245, 9863515.858920143917203 ], [ 266973.690502725483384, 9863516.479936426505446 ], [ 266989.524997441330925, 9863511.150187667459249 ], [ 267019.078042791341431, 9863515.619774743914604 ], [ 267034.001925776246935, 9863521.571006935089827 ], [ 267057.590329150320031, 9863523.071681072935462 ], [ 267075.222965172783006, 9863510.33281927742064 ], [ 267082.417684659361839, 9863478.008682122454047 ], [ 267080.646626849775203, 9863451.008641110733151 ], [ 267086.330771381151862, 9863428.471847264096141 ], [ 267112.627442333207, 9863411.890770731493831 ], [ 267138.615449881530367, 9863391.43828490190208 ], [ 267162.807311836164445, 9863389.975233893841505 ], [ 267179.227819178428035, 9863389.700593169778585 ], [ 267212.392310868133791, 9863360.062507290393114 ], [ 267228.826130716654006, 9863342.876408258453012 ], [ 267277.216829419019632, 9863331.046629181131721 ], [ 267304.678783168608788, 9863333.147623399272561 ], [ 267337.226132660696749, 9863337.918191367760301 ], [ 267374.261065492173657, 9863326.975361969321966 ], [ 267424.751684466726147, 9863292.00873501971364 ], [ 267467.158698907645885, 9863273.062364490702748 ], [ 267516.736273399670608, 9863266.575717762112617 ], [ 267528.788284183712676, 9863257.958046386018395 ], [ 267546.330360363936052, 9863247.044121900573373 ], [ 267553.660365867195651, 9863240.811793928965926 ], [ 267568.724866935517639, 9863223.613582573831081 ], [ 267575.077647832746152, 9863200.159358464181423 ], [ 267585.811428769142367, 9863197.391634602099657 ], [ 267589.41112540231552, 9863192.384082799777389 ], [ 267587.736548023764044, 9863184.24227031134069 ], [ 267584.125767929945141, 9863175.048189993947744 ], [ 267580.156122748390771, 9863169.194083919748664 ], [ 267579.682761517586187, 9863162.424713000655174 ], [ 267586.259745965653565, 9863151.137168403714895 ], [ 267601.743156082462519, 9863139.170890541747212 ], [ 267611.724201743665617, 9863130.982955368235707 ], [ 267621.280248582304921, 9863125.29434822127223 ], [ 267630.838533342990559, 9863116.763207161799073 ], [ 267638.497671295481268, 9863102.534438814967871 ], [ 267654.739773575100116, 9863102.547230830416083 ], [ 267663.33843502914533, 9863096.857871256768703 ], [ 267673.865231208154, 9863088.327495222911239 ], [ 267671.959439644706436, 9863076.933732064440846 ], [ 267673.884666993515566, 9863063.651649653911591 ], [ 267680.567073477664962, 9863059.852119227871299 ], [ 267690.135737421456724, 9863052.272189389914274 ], [ 267685.328201117517892, 9863050.189038123935461 ] ] } },
{ "type": "Feature", "properties": { "name": null, "fclass": "stream" }, "geometry": { "type": "LineString", "coordinates": [ [ 265660.301543296431191, 9864621.942837407812476 ], [ 265648.368911987286992, 9864605.917748890817165 ], [ 265629.862722987192683, 9864596.711869027465582 ], [ 265617.615296499512624, 9864598.781634302809834 ], [ 265602.680042330059223, 9864607.065333114936948 ], [ 265593.129487031314056, 9864605.575710633769631 ], [ 265578.803595197852701, 9864589.250095358118415 ], [ 265554.040276366344187, 9864566.689163440838456 ], [ 265540.915068520524073, 9864552.443873170763254 ], [ 265528.679299961600918, 9864539.681397948414087 ], [ 265517.570250826887786, 9864523.955569723621011 ] ] } },
{ "type": "Feature", "properties": { "name": null, "fclass": "stream" }, "geometry": { "type": "LineString", "coordinates": [ [ 267043.295338812458795, 9864361.246338564902544 ], [ 267093.013509820855688, 9864374.613116085529327 ], [ 267147.36207008396741, 9864374.633497286587954 ], [ 267161.517706511775032, 9864380.805253263562918 ], [ 267178.407169578771573, 9864378.816511170938611 ], [ 267200.633124190208036, 9864385.879411119967699 ], [ 267231.683091943210457, 9864383.824311651289463 ], [ 267290.67492006381508, 9864382.454673532396555 ], [ 267299.477926475927234, 9864371.721834424883127 ], [ 267303.073232464957982, 9864358.07602246850729 ], [ 267298.605873905471526, 9864347.996441608294845 ], [ 267306.369346907711588, 9864342.660301815718412 ], [ 267326.381722909223754, 9864333.18605955503881 ], [ 267345.788078565848991, 9864329.938388258218765 ], [ 267357.740579052828252, 9864320.45784792304039 ], [ 267363.430628807866015, 9864304.446738097816706 ], [ 267375.082552692038007, 9864294.965964816510677 ], [ 267386.731700435979292, 9864289.035599742084742 ], [ 267415.704030261724256, 9864281.647732976824045 ], [ 267434.812580910278484, 9864274.838361501693726 ], [ 267446.758581457252149, 9864273.664228193461895 ], [ 267459.302489882335067, 9864276.638234816491604 ], [ 267476.61106823181035, 9864279.615963540971279 ], [ 267493.323596026049927, 9864290.31342545337975 ], [ 267510.052829307620414, 9864293.87690195441246 ], [ 267551.87585613533156, 9864267.220691652968526 ], [ 267571.591793600935489, 9864252.404024016112089 ], [ 267599.082307074975688, 9864232.262294029816985 ], [ 267630.161618065903895, 9864192.535313798114657 ], [ 267640.920142982038669, 9864186.615318844094872 ], [ 267664.222547042532824, 9864169.434528408572078 ], [ 267679.752222758543212, 9864155.211866879835725 ], [ 267694.69653041404672, 9864149.284084467217326 ], [ 267711.420618343050592, 9864145.149485155940056 ], [ 267718.577352040214464, 9864146.935808727517724 ], [ 267741.286951531015802, 9864133.304964333772659 ], [ 267762.193092309753411, 9864119.683773087337613 ], [ 267784.302002237760462, 9864105.455199174582958 ], [ 267799.846036708564498, 9864087.08489315956831 ], [ 267810.014531385852024, 9864066.918597651645541 ], [ 267813.618623932241462, 9864042.013305665925145 ], [ 267820.197394491406158, 9864028.369866501539946 ], [ 267840.522317544557154, 9864003.477648504078388 ], [ 267844.116678130114451, 9863991.026406241580844 ], [ 267854.293062356882729, 9863960.773007975891232 ], [ 267854.322748686186969, 9863922.813613303005695 ], [ 267862.71563830145169, 9863881.299301262944937 ], [ 267866.316052087233402, 9863846.893102504312992 ], [ 267863.350219347048551, 9863824.349613064900041 ], [ 267866.342982594389468, 9863812.484107891097665 ], [ 267878.891477819764987, 9863809.529733480885625 ], [ 267895.61600191128673, 9863804.797897681593895 ], [ 267902.80102598463418, 9863784.640351099893451 ], [ 267903.399864049628377, 9863773.370238173753023 ], [ 267915.359287049272098, 9863754.986100865527987 ], [ 267930.301246430841275, 9863737.798827487975359 ], [ 267942.850202142377384, 9863734.247193921357393 ], [ 267954.802651086414699, 9863724.766702711582184 ], [ 267963.764210702152923, 9863710.53894617035985 ], [ 267969.15507343178615, 9863692.746936444193125 ], [ 267978.134270970418584, 9863670.21281404979527 ], [ 268005.014740956597961, 9863661.330221774056554 ], [ 268020.54529614537023, 9863660.158918671309948 ], [ 268030.699860828579403, 9863657.788879198953509 ], [ 268045.037404756643809, 9863644.759865926578641 ], [ 268061.171915097045712, 9863625.781753508374095 ], [ 268080.288472893531434, 9863622.832531293854117 ], [ 268097.615969041653443, 9863615.734249548986554 ], [ 268113.146054488490336, 9863615.149148192256689 ], [ 268129.866831308405381, 9863615.162241086363792 ], [ 268140.016737435013056, 9863618.731643093749881 ], [ 268148.377124858205207, 9863618.738188726827502 ], [ 268155.571352574392222, 9863615.248729197308421 ], [ 268234.386246653157286, 9863589.484360791742802 ], [ 268256.454512157477438, 9863584.413845816627145 ], [ 268277.726864401134662, 9863586.38818858191371 ], [ 268285.606104403268546, 9863589.524451157078147 ], [ 268298.608976936491672, 9863589.136452537029982 ], [ 268303.327240817423444, 9863591.496011879295111 ], [ 268320.665592607227154, 9863598.942173134535551 ], [ 268330.906113965378609, 9863600.509702987968922 ], [ 268343.606809848104604, 9863602.16764029301703 ], [ 268351.153679241077043, 9863603.257464244961739 ], [ 268356.919480052194558, 9863604.213169731199741 ], [ 268362.530933662783355, 9863603.244243927299976 ], [ 268373.332905739312991, 9863598.629445198923349 ], [ 268377.633340106520336, 9863594.341372745111585 ], [ 268383.170716906548478, 9863588.450509639456868 ], [ 268390.022936323191971, 9863580.990098236128688 ], [ 268396.32842562411679, 9863575.121957462280989 ], [ 268423.405345945851877, 9863542.702984428033233 ], [ 268419.564165194926318, 9863529.150987887755036 ], [ 268427.782421622076072, 9863525.82823820784688 ], [ 268433.628345593810081, 9863538.198339827358723 ], [ 268440.877189621911384, 9863536.025112671777606 ], [ 268459.046992161427625, 9863533.661342658102512 ], [ 268482.486280069220811, 9863526.313455363735557 ], [ 268501.96254693204537, 9863518.8518639896065 ], [ 268519.306884132791311, 9863504.387375470250845 ], [ 268524.80796798679512, 9863502.190660601481795 ] ] } },
{ "type": "Feature", "properties": { "name": null, "fclass": "stream" }, "geometry": { "type": "LineString", "coordinates": [ [ 268524.80796798679512, 9863502.190660601481795 ], [ 268534.162942412192933, 9863497.298224641010165 ], [ 268560.157690442516468, 9863496.289943121373653 ], [ 268582.773497374262661, 9863502.755840772762895 ], [ 268587.44947313319426, 9863502.239659564569592 ], [ 268590.943823901761789, 9863503.768726322799921 ], [ 268596.766712503042072, 9863502.888449091464281 ], [ 268603.795488350093365, 9863497.407992960885167 ], [ 268635.768281989730895, 9863467.92388342320919 ], [ 268635.77373211144004, 9863460.955843737348914 ], [ 268637.112861326022539, 9863456.798185611143708 ], [ 268642.350260263658129, 9863450.132869007065892 ], [ 268647.275150001049042, 9863444.495924195274711 ], [ 268647.73389306885656, 9863441.532099463045597 ], [ 268658.037881499039941, 9863433.090024814009666 ] ] } },
{ "type": "Feature", "properties": { "name": null, "fclass": "stream" }, "geometry": { "type": "LineString", "coordinates": [ [ 268681.301076365751214, 9863423.109634403139353 ], [ 268684.063106274348684, 9863421.55228079855442 ], [ 268701.792876964667812, 9863426.653925457969308 ], [ 268718.331188151962124, 9863432.1417495906353 ], [ 268728.965705944108777, 9863442.325617123395205 ], [ 268741.171408796100877, 9863450.553024139255285 ], [ 268760.469300321419723, 9863457.613573843613267 ], [ 268767.948983067297377, 9863459.178934616968036 ], [ 268782.925281537871342, 9863454.888154858723283 ], [ 268792.39047986845253, 9863451.378353837877512 ], [ 268800.273059189901687, 9863450.212115649133921 ], [ 268862.103881600894965, 9863476.086412137374282 ], [ 268892.044543374446221, 9863482.757087077945471 ], [ 268965.053547790739685, 9863506.870408721268177 ], [ 268980.579378119669855, 9863511.627427693456411 ], [ 269001.478862076066434, 9863520.536276379600167 ], [ 269015.209613833460025, 9863528.853327058255672 ] ] } },
{ "type": "Feature", "properties": { "name": "Mathare River", "fclass": "stream" }, "geometry": { "type": "LineString", "coordinates": [ [ 264151.981281366024632, 9861791.135108867660165 ], [ 264153.674113008542918, 9861790.284803105518222 ], [ 264163.330263640906196, 9861785.02771501801908 ], [ 264173.84089545335155, 9861783.144822433590889 ], [ 264187.215656225511339, 9861777.459369517862797 ], [ 264202.508683928055689, 9861781.265521759167314 ], [ 264216.828585022420157, 9861790.767133044078946 ], [ 264226.375342898303643, 9861810.706164373084903 ], [ 264229.922460193221923, 9861815.863298280164599 ], [ 264241.641919673071243, 9861833.503459244966507 ], [ 264259.786818842054345, 9861848.704390851780772 ], [ 264276.243240974377841, 9861859.358022490516305 ], [ 264293.359433549805544, 9861866.351102465763688 ], [ 264316.417354513483588, 9861863.305885687470436 ], [ 264332.955235647794325, 9861855.764782976359129 ], [ 264350.95387278450653, 9861845.249540006741881 ], [ 264369.998678556527011, 9861835.089082596823573 ], [ 264394.928215864754748, 9861816.538328863680363 ], [ 264407.917311944940593, 9861805.897384500131011 ], [ 264417.715331057668664, 9861804.15769867412746 ], [ 264442.71656335744774, 9861793.327346701174974 ], [ 264465.106489913654514, 9861790.303713532164693 ], [ 264496.859385492047295, 9861786.623986218124628 ], [ 264528.337393483147025, 9861778.685684587806463 ], [ 264558.915320441185031, 9861782.504127351567149 ], [ 264573.821688474621624, 9861796.397251188755035 ], [ 264588.776685997378081, 9861805.202513249590993 ], [ 264602.709310895064846, 9861811.750577718019485 ], [ 264620.267460426664911, 9861822.85854603163898 ], [ 264638.270162072149105, 9861834.895963054150343 ], [ 264659.912425086833537, 9861847.88752163387835 ], [ 264687.069003978394903, 9861856.249104987829924 ], [ 264712.483867246890441, 9861857.043804289773107 ], [ 264726.548817731731106, 9861851.325712438672781 ], [ 264738.496982108743396, 9861847.607892766594887 ], [ 264751.851791326131206, 9861838.980282360687852 ], [ 264766.184860802139156, 9861832.089979767799377 ], [ 264779.362829051038716, 9861821.869496937841177 ], [ 264791.730518864584155, 9861808.673052383586764 ], [ 264807.839221452712081, 9861794.860224569216371 ], [ 264819.252066318935249, 9861792.325464107096195 ], [ 264832.597049166099168, 9861795.897727092728019 ], [ 264858.430390231951606, 9861802.322619391605258 ], [ 264876.985568465082906, 9861805.65573688596487 ], [ 264890.430411529319827, 9861809.637318562716246 ], [ 264906.348696011817083, 9861824.935909811407328 ], [ 264928.405772581580095, 9861834.277756758034229 ], [ 264948.571483031089883, 9861842.180197762325406 ], [ 264958.361572091700509, 9861850.262324521318078 ], [ 264966.851019977068063, 9861856.031734256073833 ], [ 264988.020866114529781, 9861861.180880639702082 ], [ 265003.392655384377576, 9861863.880967065691948 ], [ 265018.53926072694594, 9861869.73314780369401 ], [ 265027.572421666234732, 9861877.715113524347544 ], [ 265032.645488250185736, 9861881.877982713282108 ], [ 265034.544973192503676, 9861887.066939104348421 ], [ 265035.210086683277041, 9861890.595810815691948 ], [ 265034.014210748660844, 9861896.445917163044214 ], [ 265035.000255669583566, 9861902.353079665452242 ], [ 265034.649995035317261, 9861908.767956988885999 ], [ 265035.068524082307704, 9861914.376026786863804 ], [ 265036.621162028168328, 9861921.732585290446877 ], [ 265037.148866270668805, 9861930.01741231046617 ], [ 265035.115630514221266, 9861938.886395109817386 ], [ 265034.161501419148408, 9861962.544291701167822 ], [ 265037.400585183291696, 9861976.992060335353017 ], [ 265045.162076168111525, 9861988.180577026680112 ], [ 265054.495422910200432, 9861996.660503156483173 ], [ 265059.423327872529626, 9862001.376281989738345 ], [ 265064.007830865681171, 9862003.96814644522965 ], [ 265072.876153439283371, 9862009.284360766410828 ], [ 265078.495444102853071, 9862012.540692081674933 ], [ 265080.374125044909306, 9862015.915687663480639 ], [ 265087.752055773627944, 9862033.408441359177232 ], [ 265088.575480246916413, 9862047.75471967458725 ], [ 265091.703195760142989, 9862062.268755774945021 ], [ 265097.858334508840926, 9862077.54840224608779 ], [ 265103.691067876992747, 9862092.285818804055452 ], [ 265108.949553281185217, 9862101.238072814419866 ], [ 265117.261620094883256, 9862106.100348113104701 ], [ 265127.982044890755787, 9862106.296975530683994 ], [ 265136.98877722886391, 9862105.607379427179694 ], [ 265150.114675777498633, 9862104.733055680990219 ], [ 265164.445975600159727, 9862099.999545088037848 ], [ 265182.60836997802835, 9862093.366681609302759 ], [ 265195.030683985853102, 9862095.279066104441881 ], [ 265208.39317465381464, 9862104.779780035838485 ], [ 265216.150323209352791, 9862121.399029584601521 ], [ 265224.834996953606606, 9862133.616899505257607 ], [ 265229.132946203346364, 9862146.494889073073864 ], [ 265234.927451326977462, 9862153.379228891804814 ], [ 265242.510598282678984, 9862164.866212842985988 ], [ 265250.560175943188369, 9862177.769326588138938 ], [ 265259.93684015510371, 9862187.77562366053462 ], [ 265271.501827382366173, 9862203.745336970314384 ], [ 265280.461898008419666, 9862219.613416416570544 ], [ 265289.267462000716478, 9862233.800158737227321 ], [ 265296.480060602072626, 9862263.171829821541905 ], [ 265301.48170236684382, 9862287.044610222801566 ], [ 265303.266409686475527, 9862296.569215834140778 ], [ 265304.856476033222862, 9862312.829571368172765 ], [ 265303.802209556335583, 9862322.595238389447331 ], [ 265303.395088621648028, 9862344.450659967958927 ], [ 265303.394003164023161, 9862359.725348863750696 ], [ 265308.881716024305206, 9862374.396094324067235 ], [ 265314.787885969155468, 9862380.8712686765939 ], [ 265321.242130039376207, 9862384.117185609415174 ], [ 265338.119129262398928, 9862383.920529181137681 ], [ 265349.019023522618227, 9862382.425002984702587 ], [ 265361.868841745425016, 9862378.752097951248288 ], [ 265407.890368764987215, 9862364.996328955516219 ], [ 265424.347472310182638, 9862360.861762737855315 ], [ 265443.508136338787153, 9862358.764506462961435 ], [ 265458.579956446774304, 9862360.701096778735518 ], [ 265462.354189203586429, 9862360.294871658086777 ], [ 265482.421469836961478, 9862366.007114103063941 ], [ 265509.170506889815442, 9862368.87106148712337 ], [ 265528.278872192313429, 9862376.484952880069613 ], [ 265549.641073763137683, 9862391.677142556756735 ], [ 265569.439155896892771, 9862399.91097055375576 ], [ 265584.401183637673967, 9862413.859254568815231 ], [ 265585.481813352205791, 9862426.823120402172208 ], [ 265588.046708472655155, 9862435.220150535926223 ], [ 265591.988338073715568, 9862448.241602905094624 ], [ 265596.631711214547977, 9862460.765888594090939 ], [ 265604.416822886909358, 9862470.306324146687984 ], [ 265615.441906602703966, 9862493.2658287640661 ], [ 265622.899775554134976, 9862508.325229689478874 ], [ 265640.52710579126142, 9862516.468819374218583 ], [ 265662.35723954346031, 9862517.260474625974894 ], [ 265704.122670551412739, 9862521.740139096975327 ], [ 265731.532211316574831, 9862519.959124382585287 ], [ 265747.931073159328662, 9862519.020991984754801 ], [ 265778.512135033903178, 9862504.810421861708164 ], [ 265799.535282332799397, 9862512.414734730497003 ], [ 265821.513001161336433, 9862509.589690076187253 ], [ 265836.803149854240473, 9862502.954478595405817 ], [ 265850.192673039040528, 9862492.523978348821402 ], [ 265863.57484527991619, 9862477.348490960896015 ], [ 265880.781276758061722, 9862468.823453089222312 ], [ 265894.167770922882482, 9862462.1867267601192 ], [ 265913.287461276748218, 9862455.565631996840239 ], [ 265930.471406277851202, 9862461.275519270449877 ], [ 265961.028765842551365, 9862490.720961021259427 ], [ 265964.816158133326098, 9862501.729234406724572 ], [ 265976.979303599335253, 9862507.523596843704581 ], [ 265991.244673190056346, 9862515.587046703323722 ], [ 266001.82910921133589, 9862518.747736409306526 ], [ 266009.277237393835094, 9862518.090035703033209 ], [ 266031.220993147406261, 9862515.939644848927855 ], [ 266055.604430962353945, 9862511.678630324080586 ], [ 266083.312304256774951, 9862512.640842244029045 ], [ 266102.010453836643137, 9862518.097521232441068 ], [ 266130.552785883890465, 9862519.64660083130002 ], [ 266163.9024903223617, 9862523.500097185373306 ], [ 266193.397703507274855, 9862530.701865460723639 ], [ 266261.134483893751167, 9862563.782533856108785 ], [ 266268.346533182484563, 9862566.00037794560194 ], [ 266290.670453665195964, 9862575.718223825097084 ], [ 266306.96148175583221, 9862584.325215093791485 ], [ 266321.896491467254236, 9862590.24341569468379 ], [ 266338.693754726555198, 9862606.217120518907905 ] ] } },
{ "type": "Feature", "properties": { "name": "Mathare River", "fclass": "stream" }, "geometry": { "type": "LineString", "coordinates": [ [ 264146.791987704928033, 9861793.033356899395585 ], [ 264151.981281366024632, 9861791.135108867660165 ] ] } },
{ "type": "Feature", "properties": { "name": null, "fclass": "stream" }, "geometry": { "type": "LineString", "coordinates": [ [ 265485.720175870519597, 9864495.460564758628607 ], [ 265458.863020938646514, 9864474.081434419378638 ], [ 265418.275777975446545, 9864443.201498035341501 ], [ 265384.249964920105413, 9864420.931851701810956 ], [ 265298.88512506778352, 9864379.044480798766017 ], [ 265208.444067189469934, 9864336.85440406575799 ], [ 265100.896832673694007, 9864401.728541810065508 ], [ 265086.851418444770388, 9864410.908834112808108 ], [ 265046.845419419929385, 9864405.236367084085941 ], [ 265023.555612646392547, 9864405.815268330276012 ], [ 264968.618943746783771, 9864402.509041588753462 ] ] } },
{ "type": "Feature", "properties": { "name": null, "fclass": "stream" }, "geometry": { "type": "LineString", "coordinates": [ [ 268658.037881499039941, 9863433.090024814009666 ], [ 268681.301076365751214, 9863423.109634403139353 ] ] } },
{ "type": "Feature", "properties": { "name": null, "fclass": "stream" }, "geometry": { "type": "LineString", "coordinates": [ [ 267587.136698820686433, 9861231.131378764286637 ], [ 267616.031390822958201, 9861195.241157859563828 ], [ 267633.295619566692039, 9861211.624415718019009 ] ] } },
{ "type": "Feature", "properties": { "name": null, "fclass": "stream" }, "geometry": { "type": "LineString", "coordinates": [ [ 266749.762749212794006, 9860539.456161489710212 ], [ 266738.954995097999927, 9860578.778631022199988 ], [ 266802.208125403150916, 9860607.321421986445785 ], [ 266780.181307524791919, 9860657.629002325236797 ], [ 266842.856599791324697, 9860684.899325899779797 ], [ 266829.460051935166121, 9860718.014761848375201 ], [ 266872.497068478027359, 9860760.223058322444558 ], [ 266887.518170414550696, 9860769.592314379289746 ], [ 266916.446875615045428, 9860802.520544581115246 ], [ 266997.379829086072277, 9860801.258290283381939 ], [ 267011.67852925369516, 9860836.862438078969717 ], [ 267087.634274086158257, 9860892.380691759288311 ], [ 267097.16556444321759, 9860903.72533717751503 ], [ 267097.825855369563214, 9860913.260006688535213 ], [ 267131.013885927852243, 9860910.001659912988544 ], [ 267171.642365786945447, 9860943.315231567248702 ], [ 267195.445989335188642, 9860939.883442593738437 ], [ 267231.329037275630981, 9860977.031169535592198 ], [ 267305.344315295689739, 9860953.487413287162781 ], [ 267295.414283940801397, 9861023.005600161850452 ], [ 267298.226211895234883, 9861042.584891175851226 ], [ 267307.779831368825398, 9861053.863162577152252 ], [ 267307.912049620877951, 9861069.480657102540135 ], [ 267311.486123232520185, 9861082.634420728310943 ], [ 267317.592655554530211, 9861089.010140497237444 ], [ 267327.445187365752645, 9861102.368015391752124 ], [ 267338.323555514914915, 9861113.647340515628457 ], [ 267346.151799209648743, 9861124.769377140328288 ], [ 267365.848934979410842, 9861105.739005086943507 ], [ 267386.324417034280486, 9861087.848486993461847 ], [ 267404.813536356028635, 9861103.801412515342236 ], [ 267422.001541361096315, 9861118.049981059506536 ], [ 267427.716459604911506, 9861140.828050902113318 ], [ 267453.511241753934883, 9861153.192153982818127 ], [ 267474.059804478427395, 9861141.340704414993525 ], [ 267487.02237781236181, 9861149.53580916672945 ], [ 267501.876556207193062, 9861158.8384701423347 ], [ 267520.494181468733586, 9861167.226118167862296 ], [ 267525.945422350545414, 9861171.709960633888841 ], [ 267534.698984299204312, 9861181.162587568163872 ], [ 267536.214406960003544, 9861179.372004078701138 ], [ 267538.049749512807466, 9861181.231627646833658 ], [ 267540.416976270731539, 9861186.177544103935361 ], [ 267544.376341090886854, 9861190.848220961168408 ], [ 267549.3510503716534, 9861192.632929146289825 ], [ 267556.017566611466464, 9861194.79504425264895 ], [ 267562.550424611428753, 9861197.045535925775766 ], [ 267570.898190173087642, 9861212.802294658496976 ], [ 267587.136698820686433, 9861231.131378764286637 ] ] } },
{ "type": "Feature", "properties": { "name": "Ruiruaka River", "fclass": "river" }, "geometry": { "type": "LineString", "coordinates": [ [ 263073.182149839471094, 9862987.676560254767537 ], [ 263077.653365591133479, 9862992.790217718109488 ], [ 263087.201360315899365, 9862997.542950246483088 ], [ 263101.529836105008144, 9862996.603240979835391 ], [ 263113.00331908010412, 9862988.073568139225245 ], [ 263125.425062127993442, 9862990.926160534843802 ], [ 263142.628039350092877, 9862987.146149696782231 ], [ 263151.238910634536296, 9862980.505564181134105 ], [ 263168.433035930152982, 9862973.8829366248101 ], [ 263184.687449663237203, 9862972.944773262366652 ], [ 263199.013632130576298, 9862974.847669243812561 ], [ 263209.517499234818388, 9862981.503609877079725 ], [ 263220.983348557550926, 9862982.464043593034148 ], [ 263228.637571814528201, 9862974.871467465534806 ], [ 263234.378501271014102, 9862965.385969333350658 ], [ 263234.389173171948642, 9862952.102036418393254 ], [ 263225.789744774345309, 9862944.507463557645679 ], [ 263215.28511670907028, 9862938.802744459360838 ], [ 263217.206800006679259, 9862930.254340393468738 ], [ 263227.716004595800769, 9862930.262785343453288 ], [ 263237.260176990006585, 9862939.760564086958766 ], [ 263254.462375404138584, 9862936.931776748970151 ], [ 263261.162239212542772, 9862925.544605322182178 ], [ 263274.550519662559964, 9862917.016477508470416 ], [ 263285.057436402421445, 9862919.86752718500793 ], [ 263295.557484171236865, 9862931.268514921888709 ], [ 263307.02027829689905, 9862936.022775880992413 ], [ 263317.53176082263235, 9862933.18861185759306 ], [ 263331.879733101464808, 9862921.807586835697293 ], [ 263346.216038116719574, 9862911.090197253972292 ], [ 263382.535234990122262, 9862905.412035321816802 ], [ 263401.762646557879634, 9862903.713065665215254 ], [ 263412.150810161489062, 9862901.940632147714496 ], [ 263421.719067723257467, 9862895.300822412595153 ], [ 263428.407778839347884, 9862883.924711719155312 ], [ 263436.063508388586342, 9862874.440761741250753 ], [ 263436.074951235554181, 9862860.194562334567308 ], [ 263433.223011858703103, 9862848.810789396986365 ], [ 263433.231400093936827, 9862838.369475357234478 ], [ 263437.055991788976826, 9862830.77383273653686 ], [ 263446.616163387079723, 9862820.340193554759026 ], [ 263449.499051058781333, 9862807.058584947139025 ], [ 263458.101053247228265, 9862797.575399370864034 ], [ 263467.658175262040459, 9862790.935586785897613 ], [ 263481.043385606841184, 9862786.201294250786304 ], [ 263493.462036408949643, 9862792.858764015138149 ], [ 263501.102514276048169, 9862802.354997770860791 ], [ 263511.610168513725512, 9862804.265882404521108 ], [ 263519.253241949016228, 9862796.673310611397028 ], [ 263521.179486771405209, 9862782.439717201516032 ], [ 263529.78148369101109, 9862772.95653473585844 ], [ 263539.351252505322918, 9862764.425351990386844 ], [ 263554.637847018428147, 9862762.535191264003515 ], [ 263568.018472277210094, 9862763.497162662446499 ], [ 263579.487345617846586, 9862760.652712685987353 ], [ 263591.902480247954372, 9862757.820083521306515 ], [ 263606.244317770120688, 9862754.037780910730362 ], [ 263621.529377286788076, 9862754.050059108063579 ], [ 263634.903902835329063, 9862762.599668664857745 ], [ 263645.404690391849726, 9862773.049410147592425 ], [ 263650.169144193059765, 9862787.288366381078959 ], [ 263647.301973804831505, 9862794.873709369450808 ], [ 263654.930553631216753, 9862805.321141729131341 ], [ 263663.528433999279514, 9862814.818130321800709 ], [ 263663.516243737482, 9862830.0044702347368 ], [ 263663.504054824938066, 9862845.190810136497021 ], [ 263666.352182255475782, 9862861.330666104331613 ], [ 263673.994944449572358, 9862867.984283166006207 ], [ 263684.496504372335039, 9862877.482794309034944 ], [ 263685.443250596988946, 9862890.767460357397795 ], [ 263683.520830234745517, 9862900.256002925336361 ], [ 263691.159788530319929, 9862911.654656251892447 ], [ 263701.663631738279946, 9862918.310564091429114 ], [ 263712.175094708276447, 9862915.465332942083478 ], [ 263722.684268311131746, 9862915.473761139437556 ], [ 263727.456347913946956, 9862920.222629329189658 ], [ 263731.276826426154003, 9862931.618215881288052 ], [ 263740.817936462117359, 9862944.920829003676772 ], [ 263754.195515659695957, 9862949.676594372838736 ], [ 263777.130953580373898, 9862946.841319609433413 ], [ 263793.374927067896351, 9862944.962960995733738 ], [ 263805.806518541066907, 9862935.471786646172404 ], [ 263817.278409546939656, 9862928.844564190134406 ], [ 263830.656260180054232, 9862919.365210520103574 ], [ 263841.178362325648777, 9862903.236091060563922 ], [ 263847.881223410717212, 9862888.055131006985903 ], [ 263853.626682268455625, 9862872.873404357582331 ], [ 263863.185289234737866, 9862864.342212794348598 ], [ 263870.838706667651422, 9862857.700872743502259 ], [ 263884.21627140144119, 9862862.456635450944304 ], [ 263893.756618533399887, 9862876.69939380697906 ], [ 263908.082731471862644, 9862878.613316213712096 ], [ 263918.598458752501756, 9862884.318000147119164 ], [ 263930.060455656785052, 9862890.023441355675459 ], [ 263926.2247658460401, 9862897.608000157400966 ], [ 263932.906320135458373, 9862909.005863983184099 ], [ 263946.285409050062299, 9862911.859181024134159 ], [ 263956.787727080634795, 9862920.406446134671569 ], [ 263970.151872528309468, 9862928.015843957662582 ], [ 263981.624519654957112, 9862920.426342941820621 ], [ 263997.881889678654261, 9862915.694331945851445 ], [ 264008.386483155656606, 9862921.398998474702239 ], [ 264019.865204389439896, 9862906.221874341368675 ], [ 264032.281830361578614, 9862901.486787235364318 ], [ 264040.894152610562742, 9862892.954839227721095 ], [ 264046.635793581313919, 9862882.518155071884394 ], [ 264060.969496868550777, 9862874.942010063678026 ], [ 264070.103865649609361, 9862881.784827258437872 ], [ 264075.274745697854087, 9862888.989471418783069 ], [ 264081.026327102328651, 9862893.938201555982232 ], [ 264086.748964989907108, 9862907.226659901440144 ], [ 264094.379073840565979, 9862915.771613510325551 ], [ 264100.103989829483908, 9862926.217477399855852 ], [ 264112.525658142287284, 9862929.081076929345727 ], [ 264123.98689645488048, 9862935.726658012717962 ], [ 264131.638011099305004, 9862931.938970705494285 ], [ 264138.333999549271539, 9862925.307925378903747 ], [ 264146.923032911261544, 9862931.951205722987652 ], [ 264150.729350280889776, 9862947.140558702871203 ], [ 264160.291468246374279, 9862948.099429367110133 ], [ 264171.761052637943067, 9862944.314797226339579 ], [ 264178.460844740038738, 9862932.927665777504444 ], [ 264178.469201408093795, 9862922.48639727011323 ], [ 264178.479072657006327, 9862910.153754904866219 ], [ 264186.122097144718282, 9862902.56119074486196 ], [ 264199.50192082603462, 9862904.474336104467511 ], [ 264212.876692916441243, 9862898.78879576176405 ], [ 264222.444126290967688, 9862893.100208317860961 ], [ 264229.142393910442479, 9862883.615515008568764 ], [ 264233.928144665085711, 9862871.275638677179813 ], [ 264246.348549514077604, 9862861.7955272346735 ], [ 264260.687289700610563, 9862861.807005112990737 ], [ 264276.923614769766573, 9862869.418679056689143 ], [ 264286.470040725194849, 9862876.062719011679292 ], [ 264295.065632225072477, 9862888.41330037638545 ], [ 264305.570211334736086, 9862894.117948103696108 ], [ 264316.07175521919271, 9862903.616400081664324 ], [ 264323.709957976767328, 9862915.955150540918112 ], [ 264331.340815783652943, 9862923.559930050745606 ], [ 264342.807351722032763, 9862923.569101402536035 ], [ 264356.184131276095286, 9862929.276040691882372 ], [ 264362.86417580593843, 9862942.56523671746254 ], [ 264365.713861075346358, 9862956.802585825324059 ], [ 264377.172048478503712, 9862967.253009997308254 ], [ 264386.725048456457444, 9862979.604342823848128 ], [ 264398.18475798680447, 9862988.152331287041306 ], [ 264409.648259954061359, 9862991.955298952758312 ], [ 264423.975860260485206, 9862991.966749094426632 ], [ 264434.489544896990992, 9862986.278912845999002 ], [ 264444.038236547436099, 9862990.091408988460898 ], [ 264447.855701075168326, 9863005.280739342793822 ], [ 264456.444731319963466, 9863011.923994632437825 ], [ 264465.997734864940867, 9863024.275316655635834 ], [ 264465.984844814869575, 9863040.412800878286362 ], [ 264471.708261054824106, 9863052.750001255422831 ], [ 264490.79505020781653, 9863073.647755960002542 ], [ 264506.076259044057224, 9863078.404976226389408 ], [ 264526.139917961030733, 9863088.862247455865145 ], [ 264545.521613159275148, 9863102.924742178991437 ], [ 264567.122429055161774, 9863112.299288548529148 ], [ 264591.37636500375811, 9863117.196386035531759 ], [ 264617.174266784975771, 9863112.471951181069016 ], [ 264644.886961937416345, 9863107.749042969197035 ], [ 264667.825299039133824, 9863101.13095572963357 ], [ 264686.942911573220044, 9863097.341344708576798 ], [ 264715.603147403919138, 9863104.962862141430378 ], [ 264738.522564120416064, 9863122.058762276545167 ], [ 264749.017300193780102, 9863140.107026886194944 ], [ 264767.167666764929891, 9863148.660305395722389 ], [ 264783.400961973762605, 9863160.065696636214852 ], [ 264809.192030144040473, 9863163.880046347156167 ], [ 264841.681310231564566, 9863158.209708768874407 ], [ 264885.65804933180334, 9863140.215922193601727 ], [ 264921.009129471320193, 9863133.596649279817939 ], [ 264946.824911932926625, 9863120.333405448123813 ], [ 264998.438535809516907, 9863102.334646563977003 ], [ 265019.465045741293579, 9863091.921231295913458 ], [ 265047.176919355755672, 9863088.138451524078846 ], [ 265069.163848403492011, 9863073.920950731262565 ], [ 265086.363586881197989, 9863073.934649458155036 ], [ 265099.751671193749644, 9863065.406518185511231 ], [ 265130.323069809179287, 9863063.52843926101923 ], [ 265157.082810555584729, 9863053.108532151207328 ], [ 265181.932986124884337, 9863050.097712736576796 ], [ 265205.1705379881314, 9863045.083638383075595 ], [ 265220.245317350258119, 9863043.381246451288462 ], [ 265222.817031987244263, 9863043.250566631555557 ], [ 265225.38994416029891, 9863041.615645427256823 ] ] } },
{ "type": "Feature", "properties": { "name": "Gitathuru River", "fclass": "river" }, "geometry": { "type": "LineString", "coordinates": [ [ 265225.38994416029891, 9863041.615645427256823 ], [ 265236.334077787352726, 9863040.518297800794244 ], [ 265244.327577410615049, 9863040.07117660343647 ] ] } },
{ "type": "Feature", "properties": { "name": "Gitathuru River", "fclass": "river" }, "geometry": { "type": "LineString", "coordinates": [ [ 265244.327577410615049, 9863040.07117660343647 ], [ 265262.850056931842119, 9863042.607738902792335 ] ] } },
{ "type": "Feature", "properties": { "name": null, "fclass": "stream" }, "geometry": { "type": "LineString", "coordinates": [ [ 266540.164627397665754, 9864345.920579800382257 ], [ 266540.178123449848499, 9864328.710421361029148 ], [ 266547.352082996163517, 9864322.787608940154314 ], [ 266562.287237276439555, 9864314.492872051894665 ], [ 266563.49651802086737, 9864305.601163577288389 ], [ 266568.276536279299762, 9864300.262682214379311 ], [ 266579.615401685528923, 9864306.797280484810472 ], [ 266589.771463265700731, 9864302.657551255077124 ], [ 266601.726373719400726, 9864290.201724782586098 ], [ 266610.682920609368011, 9864282.499569598585367 ], [ 266623.223160735389683, 9864290.218583006411791 ], [ 266637.53110142389778, 9864315.149140186607838 ], [ 266650.070874931116123, 9864323.46541621722281 ], [ 266667.398568883480038, 9864316.356029320508242 ], [ 266676.360694132861681, 9864301.53090887144208 ], [ 266684.727214740880299, 9864293.828291634097695 ], [ 266715.788627885864116, 9864291.485691959038377 ], [ 266730.114244087133557, 9864293.863869659602642 ], [ 266753.997055955813266, 9864303.372502565383911 ], [ 266765.940316182910465, 9864305.759870585054159 ], [ 266790.416863503167406, 9864310.524005984887481 ], [ 266798.7754809341277, 9864312.89750262722373 ], [ 266859.10085265286034, 9864300.490636752918363 ], [ 266928.38085192523431, 9864296.983418578281999 ], [ 266985.847551346756518, 9864309.924949483945966 ], [ 267013.678173244232312, 9864339.002641914412379 ], [ 267043.295338812458795, 9864361.246338564902544 ] ] } },
{ "type": "Feature", "properties": { "name": null, "fclass": "stream" }, "geometry": { "type": "LineString", "coordinates": [ [ 263459.601304230163805, 9866979.379614222794771 ], [ 263461.116230878280476, 9866978.263662101700902 ], [ 263485.413734454952646, 9866970.827668601647019 ], [ 263507.45499723451212, 9866972.913191646337509 ], [ 263531.691324154264294, 9866972.54494421556592 ], [ 263544.307835991145112, 9866968.583975242450833 ], [ 263558.313921393128112, 9866981.513792362064123 ], [ 263588.665431190049276, 9866991.204484593123198 ], [ 263611.055707787396386, 9866988.268707286566496 ], [ 263671.247453821939416, 9866992.253170704469085 ], [ 263696.405491905868985, 9867009.129257667809725 ], [ 263708.724922420980874, 9867014.956771338358521 ], [ 263723.909884132212028, 9867015.112374298274517 ], [ 263739.282820957596414, 9867002.60362346842885 ], [ 263753.739832995517645, 9866993.998587571084499 ], [ 263774.125118597410619, 9866978.131287446245551 ], [ 263795.909443781827576, 9866966.999055441468954 ], [ 263809.508797988586593, 9866958.946390094235539 ], [ 263840.547411526087672, 9866943.983300145715475 ], [ 263865.562646635924466, 9866929.73447110503912 ], [ 263876.704446641495451, 9866918.096233559772372 ], [ 263887.43290601647459, 9866908.293749799951911 ], [ 263911.6868377046776, 9866899.53043438307941 ], [ 263938.904670743038878, 9866887.429098488762975 ], [ 263998.905135108914692, 9866865.221682768315077 ], [ 264045.587031681323424, 9866862.205247851088643 ], [ 264114.087800701614469, 9866860.809572257101536 ], [ 264160.223951991181821, 9866872.381723530590534 ], [ 264178.66381482349243, 9866895.789374012500048 ], [ 264186.931600873940624, 9866915.041363736614585 ], [ 264196.401383805379737, 9866920.402085499837995 ], [ 264210.230182055500336, 9866932.214562129229307 ], [ 264234.550209099601489, 9866938.615458644926548 ], [ 264258.54025553050451, 9866939.861825466156006 ], [ 264323.372998974635266, 9866959.622267754748464 ], [ 264352.190320880967192, 9866966.42482159473002 ], [ 264362.799654639558867, 9866966.61002678796649 ], [ 264380.188969208626077, 9866980.936012743040919 ], [ 264438.973812577372883, 9867018.676329623907804 ], [ 264457.748148760059848, 9867027.119106909260154 ], [ 264473.111151116434485, 9867027.29693010635674 ], [ 264486.370628858683631, 9867026.754179215058684 ], [ 264503.914745310554281, 9867013.727277643978596 ], [ 264511.874626083066687, 9867013.733449745923281 ], [ 264526.287192919757217, 9867019.263887673616409 ], [ 264530.748372683301568, 9867037.539535058662295 ], [ 264545.943152591702528, 9867039.298895528540015 ], [ 264579.757765153772198, 9867047.742254119366407 ], [ 264612.810139722074382, 9867062.909885095432401 ], [ 264633.626636395580135, 9867079.417426906526089 ], [ 264664.215243775048293, 9867084.650680050253868 ], [ 264697.578850361751392, 9867086.059096962213516 ], [ 264730.676893344905693, 9867085.365783616900444 ], [ 264899.913188507372979, 9867031.509866734966636 ], [ 264929.749659836175852, 9867015.981725595891476 ], [ 264968.910790773166809, 9867006.289750015363097 ], [ 264999.347936405334622, 9867005.760273814201355 ], [ 265020.645422626519576, 9867004.880843881517649 ], [ 265030.354051152418833, 9866989.28182859160006 ], [ 265045.699374067189638, 9866983.464759364724159 ], [ 265077.727602945291437, 9866969.674837408587337 ], [ 265111.878738753614016, 9866960.310803610831499 ], [ 265139.021906168782152, 9866943.685589093714952 ], [ 265143.278218180057593, 9866938.988124134019017 ] ] } },
{ "type": "Feature", "properties": { "name": null, "fclass": "stream" }, "geometry": { "type": "LineString", "coordinates": [ [ 265952.850738058448769, 9866944.137214574962854 ], [ 265967.364975833916105, 9866947.62141957692802 ] ] } },
{ "type": "Feature", "properties": { "name": null, "fclass": "stream" }, "geometry": { "type": "LineString", "coordinates": [ [ 265967.364975833916105, 9866947.62141957692802 ], [ 265987.043785406742245, 9866952.34838667139411 ], [ 266041.556797895114869, 9866956.715080335736275 ], [ 266069.672550389077514, 9866963.47262118011713 ], [ 266102.960649893269874, 9866961.374644853174686 ], [ 266127.213022001204081, 9866954.148672787472606 ], [ 266160.503605545032769, 9866948.809955717995763 ], [ 266194.110188068298157, 9866937.896968292072415 ], [ 266226.362163009645883, 9866936.793635185807943 ], [ 266255.29327411489794, 9866940.034532366320491 ], [ 266279.996077499352396, 9866940.573399605229497 ], [ 266310.844888342078775, 9866940.044124841690063 ], [ 266335.536491701263003, 9866940.660402489826083 ], [ 266351.331220450229011, 9866943.791630493476987 ], [ 266384.215398999047466, 9866945.708291295915842 ], [ 266412.186318832798861, 9866952.543101100251079 ], [ 266438.026759643107653, 9866950.30663700029254 ], [ 266471.177149237715639, 9866938.995106372982264 ], [ 266502.830776707269251, 9866905.229568773880601 ], [ 266524.489312793244608, 9866868.912428850308061 ], [ 266539.76658883219352, 9866850.043881760910153 ], [ 266559.579155239160173, 9866840.005120432004333 ], [ 266576.879027154122014, 9866840.184342626482248 ], [ 266586.278278541751206, 9866835.81161218509078 ], [ 266596.010860794514883, 9866817.812584714964032 ], [ 266608.290404117200524, 9866817.390675565227866 ], [ 266627.634816187317483, 9866793.63652179390192 ], [ 266652.450040191761218, 9866778.204087441787124 ], [ 266656.944461777748074, 9866767.810666888952255 ], [ 266668.488155681989156, 9866754.347851505503058 ], [ 266683.170163602102548, 9866742.27001703903079 ], [ 266725.776926117367111, 9866695.671719241887331 ], [ 266761.367170890618581, 9866667.428471526131034 ], [ 266792.919923942303285, 9866648.926424382254481 ], [ 266822.548896962078288, 9866642.08066644333303 ], [ 266840.778539253631607, 9866634.717348730191588 ], [ 266866.215543970931321, 9866621.364790786057711 ], [ 266880.360026247682981, 9866613.367881026118994 ], [ 266902.55287560808938, 9866605.96337453648448 ], [ 266913.913106034684461, 9866599.413247214630246 ], [ 266935.184040096355602, 9866603.754275213927031 ], [ 266942.087970088003203, 9866601.470067720860243 ], [ 266969.025939130922779, 9866590.596219260245562 ], [ 266985.325020498014055, 9866589.226203775033355 ], [ 267005.691233959281817, 9866582.970582054927945 ], [ 267022.077339186449535, 9866569.776971578598022 ], [ 267036.854894021525979, 9866563.682956866919994 ], [ 267058.282628476270474, 9866566.774263422936201 ], [ 267128.234779373975471, 9866572.789688844233751 ], [ 267189.095539518282749, 9866573.732402993366122 ], [ 267207.293851510738023, 9866578.093165988102555 ], [ 267218.304694749531336, 9866577.073009323328733 ], [ 267228.968575333361514, 9866578.46376895532012 ], [ 267241.743065102782566, 9866585.795625107362866 ], [ 267248.782952760229819, 9866594.892746541649103 ], [ 267250.660069603298325, 9866600.45760746859014 ], [ 267252.01401829929091, 9866605.944642780348659 ], [ 267256.298427038651425, 9866608.038365567103028 ], [ 267265.539913387270644, 9866606.087765827775002 ], [ 267278.87891825218685, 9866603.155933668836951 ], [ 267287.786861558910459, 9866600.64099339209497 ], [ 267296.40116397413658, 9866589.100484004244208 ], [ 267313.133930093725212, 9866588.316991848871112 ], [ 267327.102561046136543, 9866591.789654612541199 ], [ 267336.054461788735352, 9866590.015799297019839 ], [ 267353.067738038371317, 9866586.367859853431582 ], [ 267373.528721484413836, 9866587.102513728663325 ], [ 267397.637686376809143, 9866592.363698529079556 ], [ 267417.631788501748815, 9866592.202092386782169 ], [ 267462.029048299998976, 9866591.108030792325735 ], [ 267499.068483931827359, 9866589.012871406972408 ], [ 267510.435632666980382, 9866587.882374249398708 ], [ 267519.468074900680222, 9866582.690896650776267 ], [ 267545.666067157639191, 9866578.485921517014503 ], [ 267577.051012237323448, 9866575.3024897351861 ], [ 267605.600029273889959, 9866568.389506865292788 ], [ 267611.679613881744444, 9866566.768288429826498 ] ] } },
{ "type": "Feature", "properties": { "name": null, "fclass": "stream" }, "geometry": { "type": "LineString", "coordinates": [ [ 267611.679613881744444, 9866566.768288429826498 ], [ 267622.45807419589255, 9866563.889786321669817 ] ] } },
{ "type": "Feature", "properties": { "name": null, "fclass": "stream" }, "geometry": { "type": "LineString", "coordinates": [ [ 267622.45807419589255, 9866563.889786321669817 ], [ 267624.540273091057315, 9866563.338362460955977 ], [ 267639.720198082563002, 9866555.076801201328635 ], [ 267662.095405710977502, 9866541.998409885913134 ], [ 267672.107597507187165, 9866536.674961511045694 ] ] } },
{ "type": "Feature", "properties": { "name": null, "fclass": "stream" }, "geometry": { "type": "LineString", "coordinates": [ [ 267672.107597507187165, 9866536.674961511045694 ], [ 267681.93046847905498, 9866531.439851632341743 ] ] } },
{ "type": "Feature", "properties": { "name": null, "fclass": "stream" }, "geometry": { "type": "LineString", "coordinates": [ [ 267681.93046847905498, 9866531.439851632341743 ], [ 267693.312522375839762, 9866525.376405708491802 ], [ 267723.709165656240657, 9866504.407020382583141 ], [ 267773.772448342293501, 9866445.725578809157014 ], [ 267775.2326024195645, 9866443.381886921823025 ] ] } },
{ "type": "Feature", "properties": { "name": null, "fclass": "stream" }, "geometry": { "type": "LineString", "coordinates": [ [ 267775.2326024195645, 9866443.381886921823025 ], [ 267781.697418363939505, 9866432.99003865942359 ] ] } },
{ "type": "Feature", "properties": { "name": null, "fclass": "stream" }, "geometry": { "type": "LineString", "coordinates": [ [ 267782.34389995445963, 9866431.950853867456317 ], [ 267794.259202954068314, 9866412.825446035712957 ] ] } },
{ "type": "Feature", "properties": { "name": null, "fclass": "stream" }, "geometry": { "type": "LineString", "coordinates": [ [ 267781.697418363939505, 9866432.99003865942359 ], [ 267782.34389995445963, 9866431.950853867456317 ] ] } },
{ "type": "Feature", "properties": { "name": null, "fclass": "stream" }, "geometry": { "type": "LineString", "coordinates": [ [ 267794.259202954068314, 9866412.825446035712957 ], [ 267802.551994349109009, 9866399.50398763641715 ] ] } },
{ "type": "Feature", "properties": { "name": null, "fclass": "stream" }, "geometry": { "type": "LineString", "coordinates": [ [ 267803.387957209604792, 9866398.166316768154502 ], [ 267809.863905342062935, 9866387.774479785934091 ] ] } },
{ "type": "Feature", "properties": { "name": null, "fclass": "stream" }, "geometry": { "type": "LineString", "coordinates": [ [ 267802.551994349109009, 9866399.50398763641715 ], [ 267803.387957209604792, 9866398.166316768154502 ] ] } },
{ "type": "Feature", "properties": { "name": "Gatharaini River", "fclass": "stream" }, "geometry": { "type": "LineString", "coordinates": [ [ 267809.863905342062935, 9866387.774479785934091 ], [ 267840.638607655186206, 9866338.369031669571996 ], [ 267910.058958196314052, 9866239.166052641347051 ], [ 267926.71141701657325, 9866154.500199804082513 ], [ 267965.559940743492916, 9866086.995104240253568 ], [ 267981.029008704994339, 9866006.741488313302398 ], [ 268011.948927353078034, 9865985.628815930336714 ], [ 268045.455360830295831, 9865959.585190419107676 ], [ 268072.049959963303991, 9865931.700220067054033 ], [ 268096.936173347057775, 9865867.093347763642669 ], [ 268100.505697113811038, 9865857.816405149176717 ], [ 268156.415077066980302, 9865825.905921496450901 ], [ 268164.894868976087309, 9865801.048639258369803 ] ] } },
{ "type": "Feature", "properties": { "name": null, "fclass": "stream" }, "geometry": { "type": "LineString", "coordinates": [ [ 268164.894868976087309, 9865801.048639258369803 ], [ 268168.710762269212864, 9865789.880559602752328 ] ] } },
{ "type": "Feature", "properties": { "name": "Gatharaini River", "fclass": "stream" }, "geometry": { "type": "LineString", "coordinates": [ [ 268168.710762269212864, 9865789.880559602752328 ], [ 268172.069212699425407, 9865780.028317309916019 ], [ 268240.907684139790945, 9865771.332560051232576 ], [ 268333.860414179565851, 9865717.351945677772164 ], [ 268383.001341958413832, 9865670.792321216315031 ], [ 268406.136657409078907, 9865624.621912211179733 ], [ 268455.986549849738367, 9865625.932265292853117 ], [ 268482.825792986201122, 9865612.746828420087695 ], [ 268502.519003166642506, 9865583.850128771737218 ], [ 268508.609166120411828, 9865553.991758201271296 ], [ 268552.339439902105369, 9865522.20470947958529 ], [ 268608.167146715335548, 9865509.35131605155766 ], [ 268645.540789977880195, 9865463.125581366941333 ], [ 268661.173834474640898, 9865444.556183790788054 ], [ 268677.409304566681385, 9865424.328195590525866 ], [ 268699.874589779006783, 9865395.256707159802318 ], [ 268743.775062427856028, 9865330.34400137886405 ], [ 268763.621284616179764, 9865305.097401775419712 ], [ 268793.878003627527505, 9865292.036309320479631 ], [ 268898.467282008845359, 9865233.353204919025302 ], [ 268915.705254267551936, 9865226.763457704335451 ], [ 268934.486578399664722, 9865225.417514791712165 ], [ 269011.126327616453636, 9865233.860354255884886 ], [ 269032.476834644097835, 9865235.602226074784994 ] ] } },
{ "type": "Feature", "properties": { "name": null, "fclass": "stream" }, "geometry": { "type": "LineString", "coordinates": [ [ 262444.606719090952538, 9866900.951554665341973 ], [ 262451.330082859261893, 9866902.0628961622715 ], [ 262469.385160456702579, 9866905.107683427631855 ], [ 262484.845941281877458, 9866908.59286966919899 ], [ 262496.260396859957837, 9866904.376585775986314 ], [ 262502.746359481243417, 9866895.875923477113247 ], [ 262521.38531697599683, 9866906.785376919433475 ], [ 262531.387694546021521, 9866914.502565471455455 ], [ 262548.287123856600374, 9866914.77018641680479 ], [ 262584.304610777762718, 9866911.214674971997738 ], [ 262609.84616640873719, 9866907.573540553450584 ], [ 262633.467511042545084, 9866896.553369589149952 ], [ 262655.978156820056029, 9866882.22516125254333 ], [ 262670.946579244220629, 9866874.671305263414979 ], [ 262681.801004273584113, 9866874.768282203003764 ], [ 262693.094166158989538, 9866883.271784065291286 ], [ 262718.398281050380319, 9866898.511186039075255 ], [ 262735.766280995274428, 9866897.485054975375533 ], [ 262750.231348357512616, 9866892.961452547460794 ], [ 262779.747232146968599, 9866903.636041579768062 ], [ 262811.249170808936469, 9866908.660128800198436 ], [ 262833.206635024049319, 9866904.109197378158569 ], [ 262850.716299264808185, 9866892.741363987326622 ], [ 262872.190267447091173, 9866880.060400517657399 ], [ 262891.168608908425085, 9866869.777671625837684 ], [ 262906.538934243959375, 9866874.999298395588994 ], [ 262924.649863358121365, 9866877.745456736534834 ], [ 262930.505015204369556, 9866878.645952738821507 ], [ 262936.2624348270474, 9866876.394058400765061 ], [ 262950.483372586779296, 9866870.83055236376822 ], [ 262970.06648774369387, 9866870.17114763893187 ], [ 262986.432451211265288, 9866883.467891033738852 ], [ 263009.719419755623676, 9866901.371306562796235 ], [ 263084.913725624093786, 9866925.553498236462474 ], [ 263143.788963956292719, 9866933.386209145188332 ], [ 263168.793968094745651, 9866932.421315602958202 ], [ 263184.809738024894614, 9866923.684771418571472 ], [ 263202.458529640745837, 9866919.42909905128181 ], [ 263223.628566417610273, 9866925.230378784239292 ], [ 263239.282552252523601, 9866937.851823503151536 ], [ 263250.176053205505013, 9866959.174346690997481 ], [ 263251.77528137434274, 9866978.443384885787964 ], [ 263258.313129163871054, 9866989.000418297946453 ], [ 263275.001554786402266, 9866988.515696322545409 ], [ 263287.737169725354761, 9866988.89062880538404 ], [ 263304.794485248858109, 9867000.749963279813528 ], [ 263314.895780509919859, 9867010.082028025761247 ], [ 263332.421854455838911, 9867020.426402980461717 ], [ 263346.325055028544739, 9867022.538773898035288 ], [ 263356.324278570129536, 9867019.991537867113948 ], [ 263362.066739636764396, 9867022.628464009612799 ], [ 263370.331446773023345, 9867017.25939223729074 ], [ 263384.491198965115473, 9867004.439987735822797 ], [ 263391.131226605386473, 9866998.162671962752938 ], [ 263401.676676428527571, 9866994.686761673539877 ], [ 263417.217490663926583, 9866995.38463450409472 ], [ 263436.991521945805289, 9866992.535313883796334 ], [ 263448.484373815008439, 9866987.622248148545623 ], [ 263449.988167821778916, 9866986.506287265568972 ] ] } },
{ "type": "Feature", "properties": { "name": null, "fclass": "stream" }, "geometry": { "type": "LineString", "coordinates": [ [ 263449.988167821778916, 9866986.506287265568972 ], [ 263459.601304230163805, 9866979.379614222794771 ] ] } },
{ "type": "Feature", "properties": { "name": null, "fclass": "stream" }, "geometry": { "type": "LineString", "coordinates": [ [ 265151.489986308035441, 9866929.946901354938745 ], [ 265181.896966766624246, 9866896.412552267313004 ], [ 265227.977431300736498, 9866850.159589169546962 ], [ 265270.862062404863536, 9866819.256281739100814 ], [ 265348.277497161412612, 9866791.775313042104244 ], [ 265410.761319003766403, 9866810.947425276041031 ], [ 265490.731206715921871, 9866834.380296777933836 ], [ 265552.828078526537865, 9866864.435661185532808 ], [ 265588.80671271000756, 9866910.298503339290619 ], [ 265601.539344462566078, 9866914.312267595902085 ], [ 265630.046443704282865, 9866918.935484293848276 ], [ 265651.517866798734758, 9866923.365234412252903 ], [ 265671.03583596739918, 9866934.584665879607201 ], [ 265708.139292206091341, 9866965.494423467665911 ], [ 265750.757282443810254, 9866991.375858563929796 ], [ 265765.658688502153382, 9866998.090057648718357 ], [ 265795.859474914323073, 9867000.712584547698498 ], [ 265844.637651455530431, 9866978.28619809448719 ], [ 265889.746279907296412, 9866950.370949052274227 ], [ 265919.410310540930368, 9866941.62280298396945 ], [ 265952.850738058448769, 9866944.137214574962854 ] ] } },
{ "type": "Feature", "properties": { "name": null, "fclass": "stream" }, "geometry": { "type": "LineString", "coordinates": [ [ 265143.278218180057593, 9866938.988124134019017 ], [ 265151.489986308035441, 9866929.946901354938745 ] ] } },
{ "type": "Feature", "properties": { "name": "Ruiruaka River", "fclass": "river" }, "geometry": { "type": "LineString", "coordinates": [ [ 262339.990778572217096, 9863505.173838747665286 ], [ 262340.530843401036691, 9863498.084305098280311 ], [ 262346.281728073605336, 9863476.254922376945615 ], [ 262352.024981094175018, 9863463.926754232496023 ], [ 262345.34718877641717, 9863447.783694755285978 ], [ 262336.75578585639596, 9863443.982939779758453 ], [ 262334.852399341529235, 9863429.74617095477879 ], [ 262338.679309795494191, 9863419.307858960703015 ], [ 262340.604821201064624, 9863406.014334885403514 ], [ 262332.968858352105599, 9863390.821729589253664 ], [ 262318.649457639665343, 9863380.368829429149628 ], [ 262293.808882507088128, 9863370.858694879338145 ], [ 262287.141469712136313, 9863355.666861524805427 ], [ 262270.899928642669693, 9863340.46732565574348 ], [ 262258.495356576808263, 9863330.015954863280058 ], [ 262248.942280792514794, 9863317.675479890778661 ], [ 262242.271821597882081, 9863306.277490684762597 ], [ 262236.552984772715718, 9863288.243787137791514 ], [ 262236.562919686431997, 9863275.899943945929408 ], [ 262236.576666242908686, 9863258.82208202406764 ], [ 262246.140755227883346, 9863243.643305217847228 ], [ 262251.885559850605205, 9863229.41268346644938 ], [ 262259.537121224740986, 9863211.378683600574732 ], [ 262267.200573028065264, 9863192.404526999220252 ], [ 262283.457706167595461, 9863174.388521168380976 ], [ 262301.622794362017885, 9863164.901926977559924 ], [ 262320.742985153221525, 9863158.28084827773273 ], [ 262339.852815396618098, 9863150.697472589090466 ], [ 262357.052832949149888, 9863150.711322775110602 ], [ 262370.441975505265873, 9863141.231945812702179 ], [ 262384.765933649730869, 9863145.988557944074273 ], [ 262401.967469133320265, 9863144.111012483015656 ], [ 262406.751044198113959, 9863134.613647161051631 ], [ 262401.985049076494761, 9863122.277031313627958 ], [ 262397.214476788649336, 9863115.625656148418784 ], [ 262408.684205136611126, 9863111.841042205691338 ], [ 262418.230701941414736, 9863118.49626243673265 ], [ 262436.392707451130264, 9863112.814581222832203 ], [ 262449.779552816296928, 9863106.177827902138233 ], [ 262466.021379644516855, 9863107.14213215187192 ], [ 262478.438584996329155, 9863115.691053425893188 ], [ 262485.121690952801146, 9863125.186584696173668 ], [ 262481.284407638362609, 9863134.673647524788976 ], [ 262485.107170872972347, 9863143.226709257811308 ], [ 262503.256504882592708, 9863139.447467727586627 ], [ 262513.765760977054015, 9863139.455925228074193 ], [ 262525.228609032579698, 9863144.210224289447069 ], [ 262530.956602047430351, 9863150.851301148533821 ], [ 262542.421737053897232, 9863152.762979991734028 ], [ 262550.079057624330744, 9863141.376539167016745 ], [ 262550.090512082446367, 9863127.141326753422618 ], [ 262560.600530264084227, 9863126.198557090014219 ], [ 262576.842348081874661, 9863127.162852702662349 ], [ 262589.261072061723098, 9863133.82037085108459 ], [ 262602.637971683056094, 9863139.527431666851044 ], [ 262613.145700193825178, 9863141.427276778966188 ], [ 262626.516813197173178, 9863140.486805709078908 ], [ 262639.897527574445121, 9863141.448794761672616 ], [ 262650.405245217785705, 9863143.359698779881001 ], [ 262657.089882049011067, 9863150.952764023095369 ], [ 262665.691625587933231, 9863155.704752031713724 ], [ 262675.24498296470847, 9863153.821042416617274 ], [ 262680.985186329111457, 9863145.275683151558042 ], [ 262689.579611579712946, 9863145.282594222575426 ], [ 262702.952690994367003, 9863155.734712760895491 ], [ 262709.636554321972653, 9863164.29006016254425 ], [ 262716.320427095750347, 9863172.834345975890756 ], [ 262726.83196511969436, 9863169.989117847755551 ], [ 262745.940201409277506, 9863164.319243881851435 ], [ 262766.981268379371613, 9863150.089892076328397 ], [ 262777.49279346660478, 9863147.255725149065256 ], [ 262789.921430476009846, 9863141.569422380998731 ], [ 262803.29481383995153, 9863137.786330327391624 ], [ 262809.993939312058501, 9863127.350356131792068 ], [ 262818.588357527682092, 9863127.357264347374439 ], [ 262825.272991000034381, 9863134.950318921357393 ], [ 262831.95685155101819, 9863143.50565823726356 ], [ 262841.511727144650649, 9863139.719496393576264 ], [ 262852.038966010906734, 9863131.177989866584539 ], [ 262856.822505568619817, 9863121.691703479737043 ], [ 262860.645587047620211, 9863115.998485619202256 ], [ 262871.157104806276038, 9863113.164319014176726 ], [ 262886.443013261305168, 9863112.225378749892116 ], [ 262895.052373121783603, 9863107.487233247607946 ], [ 262903.63916031003464, 9863116.984261909499764 ], [ 262908.42162685515359, 9863122.684393694624305 ], [ 262919.878661932714749, 9863120.791149599477649 ], [ 262929.447712184104603, 9863113.211161034181714 ], [ 262939.007157729472965, 9863103.72871577180922 ], [ 262939.013263625849504, 9863096.129983354359865 ], [ 262943.798319268447813, 9863084.752313870936632 ], [ 262957.185113129380625, 9863078.115559523925185 ], [ 262958.150148015352897, 9863068.626209991052747 ], [ 262956.242958595394157, 9863059.134552098810673 ], [ 262957.210288247268181, 9863046.791530471295118 ], [ 262964.864520047907718, 9863039.210007330402732 ], [ 262966.775832144310698, 9863029.72141906991601 ], [ 262981.120795986033045, 9863022.134214570745826 ], [ 262997.364862524438649, 9863020.244823127985001 ] ] } },
{ "type": "Feature", "properties": { "name": null, "fclass": "stream" }, "geometry": { "type": "LineString", "coordinates": [ [ 267491.314095263485797, 9865629.346292546018958 ], [ 267497.893899091403, 9865628.676694413647056 ], [ 267510.340464107401203, 9865628.066936489194632 ], [ 267519.46651107101934, 9865631.392132297158241 ], [ 267522.257532259798609, 9865635.564083008095622 ], [ 267544.27957156021148, 9865632.937665781006217 ], [ 267559.556684455834329, 9865628.569540401920676 ], [ 267570.58950908051338, 9865627.84808237478137 ], [ 267587.745069756871089, 9865627.275144385173917 ], [ 267600.222853246552404, 9865629.474761925637722 ], [ 267610.981903409701772, 9865637.280698247253895 ], [ 267618.213908313773572, 9865642.573184488341212 ], [ 267626.773633016156964, 9865644.039780896157026 ], [ 267631.938422306324355, 9865644.906488398090005 ], [ 267647.716325913614128, 9865655.149598943069577 ], [ 267659.834201740683056, 9865662.093865040689707 ], [ 267666.181512837181799, 9865674.154657514765859 ], [ 267672.68839672068134, 9865681.404277976602316 ], [ 267675.366804394521751, 9865687.246263174340129 ], [ 267694.231567863957025, 9865693.388324419036508 ], [ 267697.106584267574362, 9865689.707417197525501 ], [ 267702.506555306259543, 9865688.760390529409051 ], [ 267705.345209296909161, 9865688.917429640889168 ], [ 267707.067773546616081, 9865692.756734538823366 ], [ 267708.166382710216567, 9865697.292365370318294 ], [ 267711.347895596874878, 9865700.358565930277109 ], [ 267717.080395853728987, 9865701.281010599806905 ], [ 267721.866817547939718, 9865701.970455061644316 ], [ 267726.484356029424816, 9865705.115187358111143 ], [ 267729.208960401825607, 9865708.800419187173247 ], [ 267733.167318730149418, 9865715.008384624496102 ], [ 267737.160782904888038, 9865719.004288336262107 ], [ 267743.937264319974929, 9865723.124005675315857 ], [ 267753.143274506321177, 9865723.805801156908274 ], [ 267757.56256422639126, 9865724.185268456116319 ], [ 267761.533046281314455, 9865729.11023036390543 ], [ 267763.5310964238015, 9865736.610751884058118 ], [ 267766.687100409530103, 9865743.879897886887193 ], [ 267775.320830460172147, 9865750.42328292876482 ], [ 267784.189349376130849, 9865755.661716436967254 ], [ 267791.679545426974073, 9865758.178217366337776 ], [ 267793.907818068051711, 9865755.868305463343859 ], [ 267794.421284830081277, 9865754.087971119210124 ], [ 267801.815744574647397, 9865750.830849010497332 ], [ 267810.220959699072409, 9865750.549764888361096 ], [ 267816.208804393128958, 9865752.379358433187008 ], [ 267822.552485883003101, 9865754.729066886007786 ], [ 267828.383315383456647, 9865758.062758127227426 ], [ 267840.44825136102736, 9865761.478682624176145 ], [ 267852.334615518921055, 9865765.480671443045139 ], [ 267863.105730135343038, 9865772.081000905483961 ], [ 267869.959369950927794, 9865777.196208929643035 ], [ 267883.703357475111261, 9865783.135203564539552 ], [ 267893.585873419768177, 9865787.146703040227294 ], [ 267904.560749872704037, 9865789.3672542758286 ], [ 267916.917805035889614, 9865789.31042200140655 ], [ 267923.685958981281146, 9865789.791240205988288 ], [ 267931.620041594724171, 9865794.133047442883253 ], [ 267935.651151458034292, 9865792.620877115055919 ], [ 267943.87883916834835, 9865791.565420515835285 ], [ 267953.68389499175828, 9865794.968532847240567 ], [ 267959.157632444053888, 9865799.407985182479024 ], [ 267966.029528647777624, 9865809.721602283418179 ], [ 267971.556200265185907, 9865817.70043121650815 ], [ 267977.620903722418007, 9865820.912630178034306 ], [ 267989.535641612368636, 9865816.984302530065179 ], [ 267999.777947645634413, 9865816.383873960003257 ], [ 268012.532414420624264, 9865820.674089187756181 ], [ 268020.01401289581554, 9865819.894565230235457 ], [ 268031.73053751909174, 9865827.590589454397559 ], [ 268037.670822909101844, 9865833.346587227657437 ], [ 268048.744002062361687, 9865838.011557595804334 ], [ 268057.047234414378181, 9865840.042012415826321 ], [ 268065.125338283367455, 9865845.290876032784581 ], [ 268079.008639581152238, 9865858.242263713851571 ], [ 268089.113237518584356, 9865862.983906775712967 ], [ 268096.936173347057775, 9865867.093347763642669 ] ] } },
{ "type": "Feature", "properties": { "name": null, "fclass": "stream" }, "geometry": { "type": "LineString", "coordinates": [ [ 266214.542980970698409, 9866024.632934737950563 ], [ 266279.11795908107888, 9866045.43257082439959 ], [ 266302.71552620746661, 9866049.886136293411255 ], [ 266308.157585159351584, 9866052.157763604074717 ] ] } },
{ "type": "Feature", "properties": { "name": null, "fclass": "stream" }, "geometry": { "type": "LineString", "coordinates": [ [ 266308.157585159351584, 9866052.157763604074717 ], [ 266319.175250603118911, 9866056.756423657760024 ] ] } },
{ "type": "Feature", "properties": { "name": null, "fclass": "stream" }, "geometry": { "type": "LineString", "coordinates": [ [ 266319.175250603118911, 9866056.756423657760024 ], [ 266338.305928720044903, 9866064.73483163677156 ], [ 266369.794674495700747, 9866071.506152700632811 ], [ 266408.04448096093256, 9866087.993847662582994 ], [ 266441.01911279570777, 9866102.342764634639025 ], [ 266491.183077530702576, 9866115.80907641351223 ], [ 266538.483226985903457, 9866118.433847678825259 ], [ 266570.655568986258004, 9866119.343585398048162 ], [ 266610.152914387173951, 9866120.513378256931901 ], [ 266644.852815389749594, 9866120.794613560661674 ], [ 266686.544731999048963, 9866120.052625069394708 ], [ 266723.804768534027971, 9866106.366411196067929 ], [ 266751.935297642485239, 9866093.746007520705462 ] ] } },
{ "type": "Feature", "properties": { "name": null, "fclass": "stream" }, "geometry": { "type": "LineString", "coordinates": [ [ 266751.935297642485239, 9866093.746007520705462 ], [ 266763.405788833857514, 9866088.58962232246995 ] ] } },
{ "type": "Feature", "properties": { "name": null, "fclass": "stream" }, "geometry": { "type": "LineString", "coordinates": [ [ 266763.405788833857514, 9866088.58962232246995 ], [ 266768.962849581381306, 9866086.094245800748467 ], [ 266791.514780027791858, 9866075.018000854179263 ], [ 266813.099092839867808, 9866062.757535219192505 ], [ 266827.034987982187886, 9866050.977818410843611 ], [ 266847.110490841907449, 9866031.969284543767571 ], [ 266854.363547748653218, 9866024.48693629540503 ], [ 266860.003296880866401, 9866015.83092793263495 ], [ 266864.822901655221358, 9866002.440392589196563 ] ] } },
{ "type": "Feature", "properties": { "name": null, "fclass": "stream" }, "geometry": { "type": "LineString", "coordinates": [ [ 266868.839965141494758, 9865990.343315316364169 ], [ 266876.949094506562687, 9865969.931910306215286 ] ] } },
{ "type": "Feature", "properties": { "name": null, "fclass": "stream" }, "geometry": { "type": "LineString", "coordinates": [ [ 266864.822901655221358, 9866002.440392589196563 ], [ 266868.839965141494758, 9865990.343315316364169 ] ] } },
{ "type": "Feature", "properties": { "name": null, "fclass": "stream" }, "geometry": { "type": "LineString", "coordinates": [ [ 266876.949094506562687, 9865969.931910306215286 ], [ 266882.849709420232102, 9865955.049046544358134 ] ] } },
{ "type": "Feature", "properties": { "name": null, "fclass": "stream" }, "geometry": { "type": "LineString", "coordinates": [ [ 266882.849709420232102, 9865955.049046544358134 ], [ 266887.311407206347212, 9865943.815034113824368 ] ] } },
{ "type": "Feature", "properties": { "name": null, "fclass": "stream" }, "geometry": { "type": "LineString", "coordinates": [ [ 266887.311407206347212, 9865943.815034113824368 ], [ 266892.955461815814488, 9865929.595603140071034 ], [ 266897.213668148848228, 9865922.376394374296069 ], [ 266905.613366944598965, 9865900.51629501953721 ], [ 266907.541027934581507, 9865898.272506376728415 ], [ 266911.604306375957094, 9865898.386256059631705 ], [ 266924.024748157418799, 9865902.831126548349857 ], [ 266941.908963267458603, 9865910.233375335112214 ], [ 266967.55032362032216, 9865920.495229609310627 ] ] } },
{ "type": "Feature", "properties": { "name": null, "fclass": "stream" }, "geometry": { "type": "LineString", "coordinates": [ [ 266967.55032362032216, 9865920.495229609310627 ], [ 266978.131632893229835, 9865913.480003733187914 ] ] } },
{ "type": "Feature", "properties": { "name": null, "fclass": "stream" }, "geometry": { "type": "LineString", "coordinates": [ [ 266978.131632893229835, 9865913.480003733187914 ], [ 266978.822198738576844, 9865913.02705785445869 ], [ 266986.96321363223251, 9865908.952034974470735 ], [ 266991.831598443735857, 9865904.454181861132383 ], [ 266996.377773837535642, 9865899.137603418901563 ], [ 267000.90013529791031, 9865895.822955317795277 ], [ 267010.865098582813516, 9865894.049925887957215 ], [ 267017.994902514503337, 9865887.585056036710739 ], [ 267024.995266365236603, 9865875.75574985332787 ], [ 267029.942441642284393, 9865870.140849763527513 ], [ 267032.516315817832947, 9865867.211812039837241 ], [ 267035.602156354172621, 9865864.449077805504203 ], [ 267042.626383955474012, 9865864.941173899918795 ], [ 267049.762552349944599, 9865864.637001389637589 ], [ 267057.124159892438911, 9865860.727284809574485 ], [ 267065.718872395227663, 9865860.180909873917699 ], [ 267072.221103727060836, 9865859.079891726374626 ], [ 267077.300138475082349, 9865855.699312727898359 ], [ 267085.02111598389456, 9865847.741737371310592 ], [ 267094.308839189005084, 9865843.579120449721813 ], [ 267106.824564414506312, 9865839.960964610800147 ], [ 267120.765914426883683, 9865835.481194067746401 ], [ 267132.705331914650742, 9865828.522327212616801 ], [ 267144.859226103872061, 9865817.736700631678104 ], [ 267149.562483124667779, 9865810.827539244666696 ], [ 267153.152149283094332, 9865804.359935784712434 ], [ 267159.466895246820059, 9865800.969254149124026 ], [ 267166.813641807762906, 9865801.87083681114018 ], [ 267174.977808377123438, 9865796.634486163035035 ], [ 267187.129602313158102, 9865788.558678073808551 ], [ 267199.5486089012702, 9865780.438835443928838 ], [ 267210.476965838868637, 9865770.891038795933127 ], [ 267219.555576101993211, 9865763.609209263697267 ], [ 267222.641763038933277, 9865760.392998704686761 ] ] } },
{ "type": "Feature", "properties": { "name": null, "fclass": "stream" }, "geometry": { "type": "LineString", "coordinates": [ [ 267222.641763038933277, 9865760.392998704686761 ], [ 267230.295954416156746, 9865752.413257863372564 ] ] } },
{ "type": "Feature", "properties": { "name": null, "fclass": "stream" }, "geometry": { "type": "LineString", "coordinates": [ [ 267230.295954416156746, 9865752.413257863372564 ], [ 267234.574283299676608, 9865747.948136361315846 ], [ 267247.18216955504613, 9865740.304043395444751 ], [ 267259.432189391576685, 9865734.761163966730237 ], [ 267268.786540885572322, 9865730.797691930085421 ], [ 267277.13875509891659, 9865727.109956461936235 ], [ 267285.243957797880284, 9865726.131845464929938 ], [ 267289.808759731589817, 9865725.504930306226015 ], [ 267302.007195098907687, 9865714.686167351901531 ], [ 267335.319332287239376, 9865681.043874111026525 ], [ 267350.133012153324671, 9865671.366367029026151 ], [ 267359.129902826505713, 9865668.97320730984211 ], [ 267371.750124788843095, 9865659.758543716743588 ], [ 267387.644650897942483, 9865648.787800639867783 ], [ 267403.247685562644619, 9865640.46028401888907 ], [ 267418.166503270273097, 9865638.768516361713409 ], [ 267449.185552830866072, 9865633.60515951924026 ], [ 267478.187892709393054, 9865630.674453916028142 ] ] } },
{ "type": "Feature", "properties": { "name": null, "fclass": "stream" }, "geometry": { "type": "LineString", "coordinates": [ [ 267478.187892709393054, 9865630.674453916028142 ], [ 267491.314095263485797, 9865629.346292546018958 ] ] } },
{ "type": "Feature", "properties": { "name": null, "fclass": "stream" }, "geometry": { "type": "LineString", "coordinates": [ [ 266983.663859979249537, 9865799.218357281759381 ], [ 266992.133317031199113, 9865802.288670476526022 ], [ 266998.075586209306493, 9865805.500813 ], [ 267002.761399012408219, 9865806.754275916144252 ], [ 267009.094649684033357, 9865808.23022380284965 ], [ 267013.189035940449685, 9865811.297148685902357 ], [ 267018.887280493217986, 9865813.358810434117913 ], [ 267022.204292814130895, 9865813.969704845920205 ], [ 267021.030415438814089, 9865820.383879262953997 ], [ 267020.689865941298194, 9865828.878070497885346 ], [ 267018.37292473949492, 9865845.046710982918739 ], [ 267016.43742526951246, 9865857.421899536624551 ], [ 267016.835422099102288, 9865861.005805715918541 ], [ 267020.384000951889902, 9865864.481544828042388 ], [ 267029.942441642284393, 9865870.140849763527513 ] ] } },
{ "type": "Feature", "properties": { "name": null, "fclass": "stream" }, "geometry": { "type": "LineString", "coordinates": [ [ 267030.416987087461166, 9865760.443302458152175 ], [ 267029.811636017053388, 9865765.862472601234913 ], [ 267030.798094397643581, 9865771.459843071177602 ], [ 267030.049040319980122, 9865775.562703963369131 ], [ 267028.170663661847357, 9865786.046591885387897 ], [ 267025.924615535594057, 9865796.917312456294894 ], [ 267024.238968361227307, 9865802.91079194098711 ], [ 267023.344165006885305, 9865808.340798825025558 ], [ 267022.204292814130895, 9865813.969704845920205 ] ] } },
{ "type": "Feature", "properties": { "name": null, "fclass": "stream" }, "geometry": { "type": "LineString", "coordinates": [ [ 266957.042233950807713, 9865789.76314409263432 ], [ 266964.231754242035095, 9865792.445350622758269 ], [ 266975.528240598971024, 9865796.325269900262356 ], [ 266978.644483102660161, 9865797.433731896802783 ] ] } },
{ "type": "Feature", "properties": { "name": null, "fclass": "stream" }, "geometry": { "type": "LineString", "coordinates": [ [ 266978.644483102660161, 9865797.433731896802783 ], [ 266981.938794131856412, 9865798.608694637194276 ], [ 266983.663859979249537, 9865799.218357281759381 ] ] } },
{ "type": "Feature", "properties": { "name": null, "fclass": "stream" }, "geometry": { "type": "LineString", "coordinates": [ [ 267426.765189075435046, 9861928.973948558792472 ], [ 267451.071471324539743, 9861951.434954097494483 ] ] } },
{ "type": "Feature", "properties": { "name": null, "fclass": "stream" }, "geometry": { "type": "LineString", "coordinates": [ [ 267451.071471324539743, 9861951.434954097494483 ], [ 267463.830635105259717, 9861963.534181725233793 ], [ 267481.382213955163024, 9861982.704850327223539 ], [ 267495.430673251801636, 9861997.393244354054332 ], [ 267511.65614018321503, 9862018.28828251734376 ], [ 267524.053603122767527, 9862037.277877021580935 ], [ 267540.299245306872763, 9862046.791711153462529 ], [ 267561.318573271273635, 9862044.906001672148705 ], [ 267572.78938267682679, 9862039.218974040821195 ], [ 267593.813974659773521, 9862030.696994943544269 ], [ 267620.564926141756587, 9862030.718232162296772 ], [ 267649.22912990860641, 9862032.632322700694203 ], [ 267664.518894982466009, 9862040.242987466976047 ], [ 267676.923890564066824, 9862049.742697723209858 ], [ 267706.546966681664344, 9862049.766203287988901 ], [ 267719.928001288790256, 9862049.776820000261068 ], [ 267733.290374076925218, 9862059.277283679693937 ], [ 267740.926977713010274, 9862073.518134571611881 ], [ 267749.514181029517204, 9862096.309461576864123 ], [ 267757.138902217557188, 9862111.501497825607657 ], [ 267767.636514715908561, 9862125.74461199529469 ], [ 267782.927789416804444, 9862131.452862260863185 ], [ 267800.127202838368248, 9862131.466495856642723 ], [ 267816.377512163424399, 9862121.038320522755384 ], [ 267835.498605727450922, 9862098.2689717002213 ], [ 267851.74891064024996, 9862087.840799601748586 ], [ 267870.857047394791152, 9862095.454466585069895 ], [ 267892.82919952593511, 9862099.265610575675964 ], [ 267907.154812236083671, 9862115.414137557148933 ], [ 267914.783296136069112, 9862125.861231846734881 ], [ 267921.466289068106562, 9862135.356378698721528 ], [ 267925.277149738743901, 9862144.849249532446265 ], [ 267934.827765455353074, 9862160.042789041996002 ], [ 267950.105648240074515, 9862168.593542449176311 ], [ 267976.85204725433141, 9862174.310843827202916 ], [ 267991.190444163745269, 9862174.322196612134576 ], [ 268008.39208995050285, 9862171.49328550323844 ], [ 268031.329123537871055, 9862165.815324330702424 ], [ 268046.611510166199878, 9862168.669951820746064 ], [ 268052.33787268830929, 9862177.224193464964628 ], [ 268048.508229891129304, 9862191.455929825082421 ], [ 268045.621077716001309, 9862210.433335240930319 ], [ 268054.214323713560589, 9862225.626099148765206 ], [ 268077.12294754141476, 9862241.78138261847198 ], [ 268090.497208365763072, 9862250.330608695745468 ], [ 268100.037456189282238, 9862264.572917997837067 ], [ 268110.548462687525898, 9862275.973464708775282 ], [ 268115.314464382478036, 9862288.309603067114949 ], [ 268135.363590608467348, 9862302.571275526657701 ], [ 268157.329735688923392, 9862313.969810079783201 ], [ 268167.821362635469995, 9862335.811367079615593 ], [ 268167.80711709120078, 9862353.839836856350303 ], [ 268158.236858209187631, 9862377.567932961508632 ], [ 268158.226364522241056, 9862390.851487156003714 ], [ 268169.681382328853942, 9862405.095293199643493 ], [ 268185.917395687138196, 9862412.706622438505292 ], [ 268206.929921340662986, 9862419.359464816749096 ], [ 268218.387936884188093, 9862429.809543259441853 ], [ 268229.848197059007362, 9862437.417095297947526 ], [ 268256.602729807666037, 9862446.928048394620419 ], [ 268289.079256288532633, 9862456.443511504679918 ], [ 268320.590165635105222, 9862476.399230809882283 ], [ 268336.597066795453429, 9862506.319198591634631 ], [ 268354.727210752374958, 9862525.965717002749443 ], [ 268351.963748964248225, 9862543.450039852410555 ], [ 268357.581891155103222, 9862548.099839510396123 ], [ 268360.836911037855316, 9862556.652098976075649 ], [ 268361.492931227840018, 9862557.648052595555782 ], [ 268366.162554144393653, 9862565.18386940471828 ], [ 268378.572717097005807, 9862582.281975762918591 ], [ 268389.075615638284944, 9862589.877689648419619 ], [ 268406.274246597313322, 9862590.842436453327537 ], [ 268414.881742050754838, 9862588.00669527426362 ], [ 268425.394356312928721, 9862583.270066179335117 ], [ 268436.862106364918873, 9862581.376712784171104 ], [ 268446.409116620547138, 9862587.080340651795268 ], [ 268457.879854002327193, 9862581.393271841108799 ], [ 268476.03735255257925, 9862580.456381976604462 ], [ 268491.524903823272325, 9862591.363073291257024 ], [ 268500.405822829750832, 9862594.721368381753564 ], [ 268509.689045464270748, 9862596.122289624065161 ], [ 268527.624991230957676, 9862593.791611094027758 ], [ 268536.214632010320202, 9862599.483418088406324 ], [ 268547.680876537342556, 9862599.492447014898062 ], [ 268558.193480755202472, 9862594.755816092714667 ], [ 268575.389849179366138, 9862598.574130894616246 ], [ 268576.339004610083066, 9862609.015887934714556 ], [ 268584.937530829221942, 9862617.561279069632292 ], [ 268601.176532002049498, 9862621.367775531485677 ], [ 268612.132863456732593, 9862632.757539834827185 ], [ 268623.135204503312707, 9862642.267072420567274 ], [ 268628.861606057849713, 9862650.81019833125174 ], [ 268647.013111938198563, 9862657.471772890537977 ], [ 268652.739514444256201, 9862666.014896661043167 ], [ 268656.55041855678428, 9862675.507706243544817 ], [ 268671.998218176653609, 9862680.342185337096453 ], [ 268680.161902300198562, 9862689.760993871837854 ], [ 268688.082660170446616, 9862696.657842591404915 ], [ 268680.601825800840743, 9862710.742890181019902 ] ] } },
{ "type": "Feature", "properties": { "name": null, "fclass": "stream" }, "geometry": { "type": "LineString", "coordinates": [ [ 266422.661988267325796, 9862330.854561487212777 ], [ 266426.423031670914497, 9862333.003298573195934 ], [ 266426.277509101899341, 9862334.009690836071968 ], [ 266425.419134167372249, 9862335.491118300706148 ], [ 266423.436148871551268, 9862337.27028469927609 ], [ 266421.830432415474206, 9862340.598225561901927 ], [ 266421.827799537219107, 9862343.905321672558784 ], [ 266423.918542672996409, 9862346.605755219236016 ], [ 266426.410043544194195, 9862349.317568246275187 ], [ 266426.342245366133284, 9862350.578414559364319 ], [ 266426.485637063276954, 9862352.248668558895588 ], [ 266426.896567431045696, 9862353.465653847903013 ], [ 266428.087170992104802, 9862354.174475461244583 ], [ 266431.6388211294543, 9862353.657457854598761 ], [ 266433.241297134256456, 9862354.399788871407509 ], [ 266434.064091190637555, 9862355.66134406067431 ], [ 266436.63393283134792, 9862357.853374246507883 ], [ 266437.12301898188889, 9862358.782847914844751 ], [ 266436.777148575114552, 9862359.744838556274772 ], [ 266435.807713986141607, 9862360.894361840561032 ], [ 266432.968511215527542, 9862361.445128312334418 ], [ 266429.461038484354503, 9862362.404602399095893 ], [ 266427.521403237595223, 9862365.665914444252849 ], [ 266423.624565065081697, 9862380.273771408945322 ], [ 266424.889178411744069, 9862385.904587119817734 ], [ 266429.917996833682992, 9862389.71341117285192 ], [ 266432.409067417436745, 9862392.967188974842429 ], [ 266432.151393780717626, 9862395.013181675225496 ], [ 266432.83995687996503, 9862397.082048429176211 ], [ 266434.172861605300568, 9862400.832628205418587 ], [ 266433.010787788545713, 9862406.240301847457886 ], [ 266431.20569251710549, 9862408.307184312492609 ], [ 266427.965335546061397, 9862409.344295585528016 ], [ 266411.956435448199045, 9862409.962006723508239 ], [ 266410.10794561880175, 9862410.602046471089125 ], [ 266409.059483904973604, 9862413.134073471650481 ], [ 266408.499439850449562, 9862417.436173943802714 ], [ 266411.073392384918407, 9862428.454509750008583 ], [ 266411.48140167130623, 9862433.343588519841433 ], [ 266410.250782571732998, 9862440.952253878116608 ], [ 266412.215358154091518, 9862448.320129629224539 ], [ 266413.778938704461325, 9862455.975259972736239 ], [ 266411.979239273292478, 9862465.253612684085965 ], [ 266412.54832383512985, 9862477.575495341792703 ], [ 266412.130055661895312, 9862485.582986107096076 ], [ 266412.470788403472397, 9862491.080340312793851 ], [ 266414.181476105703041, 9862495.738183731213212 ], [ 266414.610899067367427, 9862501.700150610879064 ], [ 266412.578617400024086, 9862509.474086759611964 ], [ 266412.391572019201703, 9862520.700375543907285 ], [ 266412.506236837012693, 9862530.500095911324024 ], [ 266413.372146529261954, 9862533.542429983615875 ], [ 266416.742479245411232, 9862537.051297338679433 ], [ 266422.982397514395416, 9862543.803180750459433 ], [ 266425.879164268146269, 9862554.866012237966061 ], [ 266425.873027725261636, 9862562.586256381124258 ], [ 266418.090525998559315, 9862577.777237500995398 ], [ 266417.147896412934642, 9862587.222180271521211 ], [ 266413.899855892756023, 9862597.926191421225667 ], [ 266408.751222923048772, 9862604.790688840672374 ], [ 266392.678685657738242, 9862615.429207395762205 ] ] } },
{ "type": "Feature", "properties": { "name": null, "fclass": "stream" }, "geometry": { "type": "LineString", "coordinates": [ [ 266138.968845732859336, 9862128.71825847402215 ], [ 266145.311150887864642, 9862132.69405802898109 ], [ 266147.471554022515193, 9862131.799878343939781 ], [ 266148.895999480795581, 9862132.431466616690159 ], [ 266150.530654041212983, 9862134.700183579698205 ], [ 266152.813125147484243, 9862134.292765345424414 ], [ 266153.034625609405339, 9862135.730813203379512 ], [ 266154.603200886922423, 9862137.103573052212596 ], [ 266155.046687463880517, 9862139.371339060366154 ], [ 266153.966313792509027, 9862140.0341094750911 ], [ 266155.155115817673504, 9862142.999284813180566 ], [ 266157.021865037793759, 9862147.380751138553023 ], [ 266155.81785189465154, 9862149.525536121800542 ], [ 266152.611002089746762, 9862150.418880818411708 ], [ 266148.655031850677915, 9862155.381908798590302 ], [ 266148.348957061127294, 9862162.272385146468878 ], [ 266145.953705073101446, 9862164.504703955724835 ], [ 266134.314770817407407, 9862157.516209123656154 ], [ 266128.196322129806504, 9862152.025293599814177 ], [ 266123.499741223524325, 9862150.395643992349505 ], [ 266121.92901130305836, 9862151.721655957400799 ], [ 266116.624587368045468, 9862158.475416949018836 ], [ 266112.728338728309609, 9862172.297993119806051 ], [ 266112.72667904663831, 9862174.377375015988946 ], [ 266113.626868669933174, 9862176.30262902751565 ], [ 266113.247801545716356, 9862177.010201616212726 ], [ 266111.309551744023338, 9862178.523949848487973 ], [ 266110.707721530925483, 9862179.375131793320179 ], [ 266109.872004640987143, 9862180.358853658661246 ], [ 266108.624600206734613, 9862181.07679376937449 ], [ 266105.930670179892331, 9862180.930856507271528 ], [ 266104.995255866087973, 9862181.295108048245311 ], [ 266103.991767008556053, 9862183.263084949925542 ], [ 266104.13208345125895, 9862188.782411182299256 ], [ 266103.384428380755708, 9862191.01604550331831 ], [ 266100.923104897723533, 9862192.341347107663751 ], [ 266099.463990243675653, 9862193.302450437098742 ], [ 266099.09552588337101, 9862194.67366455681622 ], [ 266099.27139364159666, 9862197.494245136156678 ], [ 266096.091195881308522, 9862206.837871929630637 ], [ 266096.054691716330126, 9862210.73115642927587 ], [ 266083.78228919376852, 9862244.234831869602203 ], [ 266076.898725539387669, 9862262.855308091267943 ], [ 266076.619656163500622, 9862263.806292869150639 ], [ 266076.719283245212864, 9862264.514247629791498 ], [ 266076.996137901674956, 9862266.339459449052811 ], [ 266076.561038168205414, 9862267.511530786752701 ], [ 266073.719191230135038, 9862271.369396183639765 ], [ 266072.192778845201246, 9862272.960897944867611 ], [ 266071.701946419198066, 9862274.221409279853106 ], [ 266071.667631545453332, 9862275.371679270640016 ], [ 266071.665116989286616, 9862278.523934468626976 ], [ 266070.471847938024439, 9862281.155393902212381 ], [ 266069.089512985083275, 9862283.554430967196822 ], [ 266066.995135265344288, 9862285.410933051258326 ], [ 266061.722432220703922, 9862294.266229465603828 ], [ 266060.718943723826669, 9862296.234207352623343 ], [ 266060.450345186633058, 9862298.014742029830813 ], [ 266059.780538300983608, 9862300.347984323278069 ], [ 266056.079306804575026, 9862306.948182059451938 ], [ 266052.046413795324042, 9862310.650250673294067 ], [ 266051.244464581017382, 9862311.169457044452429 ], [ 266050.531724728352856, 9862311.500705169513822 ], [ 266049.585442128241993, 9862311.53313209861517 ], [ 266048.594003485632129, 9862312.350822273641825 ], [ 266047.223294896073639, 9862314.130478082224727 ], [ 266047.022364303818904, 9862314.81607212126255 ], [ 266046.854875096934848, 9862315.446390068158507 ], [ 266044.604113838286139, 9862317.966401087120175 ], [ 266044.670423216884956, 9862318.574784403666854 ], [ 266045.081626085448079, 9862319.448896067216992 ], [ 266045.058117439737543, 9862321.008415326476097 ], [ 266046.047368464176543, 9862322.933740545064211 ], [ 266046.269381869351491, 9862323.730277433991432 ], [ 266046.157493071455974, 9862324.43806360475719 ], [ 266043.259428115095943, 9862328.992700336501002 ], [ 266042.646712454676162, 9862329.53417881578207 ], [ 266042.401481530279852, 9862329.932163167744875 ], [ 266042.12278276134748, 9862330.418605258688331 ], [ 266041.766245213861112, 9862330.794379740953445 ], [ 266039.951209844904952, 9862331.357020493596792 ], [ 266038.871170411410276, 9862331.599491348490119 ], [ 266037.88005807204172, 9862332.007941424846649 ], [ 266036.165382087638136, 9862332.360511694103479 ], [ 266034.405567739275284, 9862333.476224184036255 ], [ 266032.801404468365945, 9862334.846453558653593 ], [ 266031.720694599207491, 9862335.929525995627046 ], [ 266029.070550619158894, 9862336.712711859494448 ], [ 266025.149545671243686, 9862339.706995109096169 ], [ 266023.143477012112271, 9862342.50371559895575 ], [ 266022.797322090948001, 9862343.819645550101995 ], [ 266022.395399188273586, 9862345.268257688730955 ], [ 266021.058502264204435, 9862346.528094792738557 ], [ 266020.779556483845226, 9862347.324232285842299 ], [ 266020.066445996984839, 9862348.120023552328348 ], [ 266013.751165929250419, 9862352.118908273056149 ], [ 266012.692782516416628, 9862353.124574784189463 ], [ 266012.113261135760695, 9862353.92047262378037 ], [ 266010.955029839125928, 9862354.49469786323607 ], [ 266009.351175004383549, 9862355.47780829295516 ], [ 266008.449095404823311, 9862355.919511143118143 ], [ 266007.680887206108309, 9862356.007382974028587 ], [ 266006.868484458769672, 9862355.674918442964554 ], [ 266006.411993101239204, 9862355.751978296786547 ], [ 266005.354130030726083, 9862356.105072468519211 ], [ 266004.229578217840753, 9862356.325386790558696 ], [ 266003.305560081324074, 9862356.357831578701735 ], [ 266002.759524147259071, 9862357.043150598183274 ], [ 265999.863363528391346, 9862359.208709979429841 ], [ 265996.766695610829629, 9862361.528957296162844 ], [ 265995.997966939816251, 9862362.269401537254453 ], [ 265995.418613069632556, 9862362.855149012058973 ], [ 265994.639307643985376, 9862362.898769769817591 ], [ 265994.12686301744543, 9862363.3407833725214 ], [ 265993.78110495780129, 9862364.158988824114203 ], [ 265993.123471249826252, 9862365.187096146866679 ], [ 265991.107522197708022, 9862366.413210298866034 ], [ 265990.094029955915175, 9862366.965429918840528 ], [ 265989.403695742483251, 9862367.11972719989717 ], [ 265989.091608395741787, 9862367.595082266256213 ], [ 265989.145091957587283, 9862370.327082447707653 ], [ 265988.921825924189761, 9862371.101143384352326 ], [ 265988.409107855055481, 9862371.886034060269594 ], [ 265985.501964438008144, 9862373.863555498421192 ], [ 265983.897924065473489, 9862375.078937666490674 ], [ 265982.472672906355001, 9862375.453860068693757 ], [ 265981.058024960686453, 9862376.492424365133047 ], [ 265979.843213938584086, 9862378.216902587562799 ], [ 265978.707414791861083, 9862378.580995265394449 ], [ 265975.833350934670307, 9862380.956723285838962 ], [ 265974.796667614602484, 9862382.670283053070307 ], [ 265973.570627096574754, 9862384.516418535262346 ], [ 265972.445572251453996, 9862385.367184355854988 ], [ 265970.809466216946021, 9862384.912396827712655 ], [ 265960.498495581094176, 9862387.835222523659468 ], [ 265956.608954310650006, 9862393.251794682815671 ], [ 265948.919178014271893, 9862403.775315122678876 ], [ 265943.910448916314635, 9862416.645812658593059 ] ] } }
]
}
