B11,B12,B2,B3,B4,B8,NDBI,NDVI,builtup,lon,lat
3073.5,2043.5,721.5,1017.0,1080.5,2893.0,0.0302522424608469,0.4561469852924347,0,36.73898407957075,-1.3265870958235033
2105.0,1295.5,440.5,716.5,581.0,2891.0,-0.1573258638381958,0.6653226017951965,0,36.72892294838861,-1.2964935338054995
2507.0,1425.0,546.0,887.5,729.5,3354.0,-0.14451459050178528,0.6427084803581238,0,36.7258686764226,-1.3184124267380157
1740.5,1375.0,476.0,725.0,649.0,2518.0,-0.1825760304927826,0.590148389339447,0,36.74742824324147,-1.3355702486646985
1572.5,1020.5,350.0,496.5,463.0,2161.0,-0.1576268970966339,0.6471036672592163,0,36.747248580184646,-1.33655839547723
2373.0,1473.0,501.0,726.0,768.0,2188.0,0.04056128114461899,0.4803788959980011,0,36.746080770315295,-1.3278447372212707
1073.0,508.0,259.0,360.0,277.0,2232.0,-0.35068079829216003,0.7791948914527893,0,36.71922114332012,-1.304668202890987
1480.0,721.0,277.0,418.0,296.0,2282.0,-0.21318447589874268,0.7703646421432495,0,36.747518074769886,-1.3208378780051384
944.0,477.0,225.0,298.0,224.0,1898.0,-0.3356791138648987,0.7888784408569336,0,36.7310789050705,-1.3156276493572452
2549.0,1624.0,490.5,749.0,852.0,2406.0,0.028859738260507584,0.47697973251342773,0,36.72164659458724,-1.323622655385909
2470.5,2113.5,1038.0,1125.0,1054.0,1864.0,0.13992387056350708,0.2775873839855194,0,36.746260433372115,-1.3331447973975759
1269.0,755.0,241.0,342.0,308.0,1666.0,-0.135264053940773,0.6879432797431946,0,36.74329599293452,-1.3061055073455783
1753.0,1270.0,417.0,594.0,560.0,2457.0,-0.16722090542316437,0.6287702918052673,0,36.72892294838861,-1.3041292137205154
1433.0,633.0,258.0,393.0,259.0,2990.0,-0.35202351212501526,0.8405663371086121,0,36.720299121661064,-1.308441127084289
1523.5,707.0,285.0,445.5,287.5,2879.0,-0.3078932464122772,0.8184114694595337,0,36.748146895468764,-1.3158971439424811
1530.0,879.0,332.0,406.0,406.0,1560.0,-0.009708737954497337,0.5869786143302917,0,36.75236897730413,-1.3109564098798236
1954.0,1017.0,438.0,702.0,582.0,2702.0,-0.16065292060375214,0.6455541849136353,0,36.74527228655958,-1.3296413677895098
1820.0,931.0,271.0,571.0,333.0,3116.0,-0.26256078481674194,0.8069005608558655,0,36.73610947066157,-1.3002664579988015
1791.0,797.0,271.0,476.0,284.0,3038.0,-0.258231520652771,0.8290186524391174,0,36.765843706565924,-1.317963269095956
2535.5,1501.5,527.0,747.5,774.0,2199.0,0.07107403129339218,0.47931382060050964,0,36.76503522281021,-1.325419285954148
869.0,401.0,222.0,340.0,228.0,1980.0,-0.3899613916873932,0.79347825050354,0,36.7408705416674,-1.3200293942494308
1408.0,788.0,266.5,397.0,326.0,2320.5,-0.24473649263381958,0.75363689661026,0,36.754165607872366,-1.291552799742842
1834.0,1171.0,498.0,678.0,720.0,2092.0,-0.0657157376408577,0.4879089593887329,0,36.740780710138985,-1.3373668792329376
2319.0,1442.0,630.0,940.0,954.0,2750.0,-0.08502662926912308,0.4848812222480774,0,36.754614765514425,-1.325419285954148
2981.0,2413.0,542.0,842.0,1310.0,2066.0,0.18129581212997437,0.2239336520433426,0,36.73395351397968,-1.2951460608793202
865.5,377.5,236.0,321.0,228.0,2094.0,-0.4151039123535156,0.8036175966262817,0,36.73305519869556,-1.3158971439424811
1605.0,736.5,298.0,455.0,315.0,3182.0,-0.3294338881969452,0.8198455572128296,0,36.721377100002,-1.3083512955558771
1989.5,1292.0,524.5,800.5,664.0,2759.0,-0.16205117106437683,0.6120362281799316,0,36.74715874865623,-1.3282040633349186
2485.5,1454.5,372.0,694.0,509.5,3520.0,-0.17225876450538635,0.7471150159835815,0,36.74590110725847,-1.3135615242037704
1571.0,741.0,300.0,509.0,294.0,2980.0,-0.309602290391922,0.8204031586647034,0,36.74679942254259,-1.325239622897324
1042.5,444.0,229.5,327.5,246.5,2549.0,-0.4194626212120056,0.8236451148986816,0,36.72541951878054,-1.3112259044650596
2839.0,1836.0,572.0,849.0,918.0,2856.0,-0.0029850746504962444,0.5135135054588318,0,36.73000092672955,-1.297481680618031
2431.5,1464.0,533.0,818.5,823.0,2740.0,-0.0596538707613945,0.5380297303199768,0,36.74994352603701,-1.3140106818458301
1684.0,817.0,307.5,492.0,316.5,2795.0,-0.24804644286632538,0.7965611219406128,0,36.73143823118414,-1.3132920296185344
1800.0,1051.0,388.0,568.0,511.0,2758.0,-0.2101799100637436,0.6873661875724792,0,36.76404707599768,-1.308800453197937
2100.5,1440.0,730.5,975.0,1091.0,2168.0,-0.015813518315553665,0.3304694592952728,0,36.754614765514425,-1.3064648334592261
1547.0,1272.0,752.0,905.0,1070.0,1210.0,0.12223431468009949,0.061403509229421616,0,36.71805333345076,-1.3059258442887542
2511.0,1596.5,596.0,969.0,1061.0,3254.0,-0.12888118624687195,0.5082271099090576,0,36.723173730570245,-1.3281142318065065
1507.0,679.5,274.0,432.5,270.5,2541.0,-0.2554347813129425,0.8075760006904602,0,36.763238592241976,-1.3164361331129528
2815.5,1635.5,674.0,1093.0,912.0,3836.0,-0.15342403948307037,0.6158382296562195,0,36.73655862830363,-1.3362889008919943
2156.0,1232.0,346.0,619.0,487.0,3084.0,-0.17709924280643463,0.7272472977638245,0,36.72613817100784,-1.3186819213232515
1791.0,797.0,303.5,526.0,291.0,3640.0,-0.34045296907424927,0.8519460558891296,0,36.748955379224476,-1.3167056276981886
1733.0,917.0,411.0,620.0,471.0,2635.0,-0.2065018266439438,0.6967160105705261,0,36.76090297250327,-1.3248802967836764
2920.0,1904.0,692.0,1080.0,1212.0,3232.0,-0.050715215504169464,0.4545454680919647,0,36.74194852000834,-1.3375465422897614
1001.0,465.5,254.0,334.5,280.5,1820.0,-0.29032257199287415,0.7329207062721252,0,36.737456943587745,-1.312303882806003
3070.5,2102.0,800.5,1124.0,1186.0,2990.0,0.013282732106745243,0.4319923520088196,0,36.75569274385537,-1.3091597793115846
1472.0,683.0,268.0,433.0,269.0,2632.0,-0.28265106678009033,0.8145467042922974,0,36.760813140974854,-1.315717480885657
1687.0,802.5,288.0,464.0,311.5,2872.0,-0.2599254250526428,0.8043034672737122,0,36.75542324927014,-1.3243413076132045
1623.5,888.5,290.5,470.0,321.0,2818.5,-0.26902297139167786,0.795508861541748,0,36.75470459704284,-1.291822294328078
1464.0,665.0,270.0,424.0,286.0,2830.0,-0.31811830401420593,0.8164313435554504,0,36.75371645023031,-1.3164361331129528
1589.0,778.0,505.0,954.0,575.0,3464.0,-0.371066689491272,0.7152760624885559,0,36.721916089172474,-1.3088902847263488
1592.0,1009.0,402.0,568.0,687.0,2048.0,-0.12527473270893097,0.49762341380119324,0,36.71877198567806,-1.3098784315388803
2200.0,2014.0,886.0,1143.0,1232.0,1967.0,0.055915527045726776,0.2297593057155609,0,36.74679942254259,-1.2976613436748548
1966.0,1284.0,354.0,593.0,702.0,2330.0,-0.08472998440265656,0.5369393229484558,0,36.73619930218998,-1.3020630885670403
1305.0,715.0,195.0,314.0,244.0,1908.0,-0.18767507374286652,0.7732341885566711,0,36.757489374423606,-1.293708756424729
2042.0,1681.0,398.0,528.0,542.0,2372.0,-0.07476212084293365,0.6280027627944946,0,36.745362118087996,-1.2921816204417256
2217.0,1779.0,690.0,938.0,1252.0,1852.0,0.08970262855291367,0.19329896569252014,0,36.72380255126913,-1.3177836060391321
2671.0,1823.0,576.0,805.0,752.0,2532.0,0.02671535685658455,0.5420219302177429,0,36.72892294838861,-1.325149791368912
1512.5,678.5,277.5,476.5,271.5,2822.0,-0.3021109700202942,0.8244706392288208,0,36.75919617346344,-1.3131123665617106
2402.0,1456.0,511.0,765.5,705.5,2896.0,-0.09324273467063904,0.608218789100647,0,36.76377758141245,-1.301254604811333
870.0,370.0,225.0,308.0,238.0,2066.0,-0.40735694766044617,0.7934027910232544,0,36.742218014593576,-1.3201192257778427
2651.0,2089.0,1014.0,1306.0,1476.0,2598.0,0.010097160935401917,0.27540501952171326,0,36.74976386298018,-1.3278447372212707
1833.0,1060.0,440.5,776.0,547.0,3156.0,-0.26518338918685913,0.7045638561248779,0,36.73305519869556,-1.3312583353009249
1907.0,1051.0,341.0,580.0,387.0,2750.0,-0.18101781606674194,0.7532674670219421,0,36.741499362366284,-1.3340431126816954
2233.0,1464.0,441.0,708.0,916.0,2220.0,0.002919380087405443,0.4158163368701935,0,36.73619930218998,-1.3010749417545089
1159.0,523.0,251.0,376.0,290.0,2150.0,-0.2994862496852875,0.7622950673103333,0,36.732695872581914,-1.3118547251639432
1541.5,887.5,265.5,450.0,321.0,2548.5,-0.2462102621793747,0.7762676477432251,0,36.7318873888262,-1.3350312594942269
1824.0,1110.5,372.5,620.5,605.0,2694.0,-0.19256308674812317,0.6332221627235413,0,36.76782000019099,-1.3052970235898707
1821.0,1021.5,427.5,659.0,568.5,2390.0,-0.13512229919433594,0.6156836152076721,0,36.76099280403167,-1.3260481066530316
1258.5,568.0,261.0,399.0,268.5,2867.5,-0.38996607065200806,0.8287627696990967,0,36.71751434428029,-1.3045783713625752
1507.5,707.5,261.5,440.5,282.0,2512.0,-0.24990670382976532,0.7981388568878174,0,36.74742824324147,-1.3192209104937234
1839.0,1424.5,593.0,834.5,1029.0,2308.0,-0.113093800842762,0.38327839970588684,0,36.75470459704284,-1.3344024387953433
2208.0,1391.0,546.0,839.0,926.0,2640.0,-0.0891089141368866,0.4806506037712097,0,36.72622800253625,-1.2959545446350276
1644.0,775.0,284.0,461.0,300.0,2822.0,-0.2637706995010376,0.8078154921531677,0,36.764136907526094,-1.3114055675218834
1153.5,658.5,320.5,530.0,474.5,2235.5,-0.31926822662353516,0.6498154997825623,0,36.73314503022397,-1.2987393220157981
2331.0,1718.0,513.0,678.0,842.0,1730.0,0.14799310266971588,0.34525659680366516,0,36.75856735276455,-1.3114953990502953
1682.5,1038.0,521.0,697.5,649.5,2562.0,-0.20720933377742767,0.5955160856246948,0,36.762250445429444,-1.3286532209769784
2143.0,1334.0,554.0,825.0,738.0,2824.0,-0.13710489869117737,0.5856260657310486,0,36.742218014593576,-1.33287530281234
1630.0,791.0,276.0,451.0,300.0,2840.0,-0.27069351077079773,0.808917224407196,0,36.753896113287134,-1.3145496710163018
3344.0,2096.5,699.5,1013.0,955.0,3226.0,0.017960425466299057,0.5431714653968811,0,36.75730971136679,-1.3102377576525281
3204.0,2188.0,870.5,1195.0,1346.0,2962.0,0.03924748674035072,0.3751160502433777,0,36.73781626970139,-1.3268565904087393
1293.0,791.0,352.0,498.0,514.0,2174.0,-0.254110187292099,0.617559552192688,0,36.722185583757714,-1.3067343280444619
1551.0,718.0,333.0,484.0,334.0,2493.0,-0.23293767869472504,0.7637071013450623,0,36.75353678717348,-1.3219158563460818
858.0,371.5,227.5,333.5,235.0,2017.0,-0.403130441904068,0.7912966012954712,0,36.73278570411032,-1.3155378178288333
1598.5,1075.5,605.5,750.5,863.5,1747.0,-0.04438798502087593,0.3384409248828888,0,36.726946654763545,-1.3300006939031574
1662.0,1005.0,263.0,422.0,329.0,2243.0,-0.1487836092710495,0.7441679835319519,0,36.73395351397968,-1.336738058534054
1854.0,1233.0,466.0,686.0,794.5,2257.0,-0.09802967309951782,0.4792724847793579,0,36.76287926612833,-1.2995478057715057
1734.5,968.5,320.0,526.0,398.0,2859.5,-0.24488462507724762,0.7556408047676086,0,36.73763660664457,-1.3335041235112237
2624.0,1806.0,647.0,986.0,1058.0,2692.0,-0.012791573069989681,0.4357333481311798,0,36.73835525887186,-1.323532823857497
971.0,435.0,232.0,304.0,233.5,1838.0,-0.30865076184272766,0.774559497833252,0,36.73071957895685,-1.3172446168686602
1376.0,765.0,290.0,455.0,317.0,2465.0,-0.2835199236869812,0.772106409072876,0,36.71868215414965,-1.308261464027465
1638.5,748.0,258.0,451.5,281.5,2676.0,-0.24046818912029266,0.8096365332603455,0,36.765574211980685,-1.317873437567544
3020.0,1790.0,728.0,1058.0,914.0,3452.0,-0.06674907356500626,0.5813101530075073,0,36.75730971136679,-1.3095191054252324
979.5,493.0,253.5,338.5,265.0,2043.0,-0.35186102986335754,0.7703639268875122,0,36.71868215414965,-1.3077224748569933
1498.0,694.5,290.0,477.5,286.0,2737.0,-0.29256197810173035,0.8107839822769165,0,36.74185868847993,-1.314100513374242
2170.0,1261.0,446.0,729.5,627.5,3053.0,-0.16905993223190308,0.6590137481689453,0,36.7326060410535,-1.287869707077952
2226.5,1328.0,500.5,768.5,705.5,2704.0,-0.09684616327285767,0.5861563086509705,0,36.75012318909383,-1.3140106818458301
2203.0,1391.5,467.0,739.5,639.0,2886.0,-0.13421104848384857,0.6374468207359314,0,36.761352130145326,-1.3237124869143209
1926.5,1235.0,376.5,615.0,438.5,2644.0,-0.15698501467704773,0.7154906988143921,0,36.7618911193158,-1.3014342678681567
2146.0,1474.5,647.5,956.0,1064.0,2257.0,-0.02521008439362049,0.3592291474342346,0,36.73018058978638,-1.3299108623747455
1931.0,1109.0,399.0,698.0,562.0,3344.0,-0.2678672969341278,0.7122375965118408,0,36.730989073542084,-1.2987393220157981
1857.0,1449.0,609.0,772.0,774.0,2010.0,-0.0395655557513237,0.44396552443504333,0,36.73305519869556,-1.3037698876068675
1165.0,513.0,249.0,331.0,258.0,2208.0,-0.3092202842235565,0.7907542586326599,0,36.73215688341144,-1.317963269095956
1466.0,660.5,247.0,417.5,270.5,2286.0,-0.21855010092258453,0.7883825302124023,0,36.746080770315295,-1.319580236607371
2800.0,2239.0,490.0,802.0,658.0,2878.0,-0.013737231492996216,0.627828061580658,0,36.72757547546243,-1.3002664579988015
1790.5,938.5,326.5,533.5,349.5,2734.0,-0.20853133499622345,0.7733095288276672,0,36.72110760541677,-1.3206582149483146
1264.0,634.0,232.0,355.0,274.0,2150.0,-0.25951963663101196,0.7739273905754089,0,36.749853694508595,-1.3096987684820562
2138.0,1191.0,414.0,710.0,530.0,3720.0,-0.2700580358505249,0.7505882382392883,0,36.73799593275822,-1.2994579742430938
1715.5,1041.5,298.0,492.0,340.5,2564.5,-0.1983644813299179,0.7655766010284424,0,36.738445090400276,-1.3343126072669311
1619.5,726.5,273.0,446.5,291.5,2681.0,-0.2468317598104477,0.8038687705993652,0,36.76548438045227,-1.317873437567544
1952.5,1512.0,459.5,668.0,733.5,2327.0,-0.08751022070646286,0.5206665396690369,0,36.72200592070089,-1.2942477455952006
1505.5,675.0,262.0,423.5,262.0,2940.0,-0.3226858675479889,0.8363522887229919,0,36.743655319048166,-1.3158971439424811
1742.0,1115.0,419.0,580.0,688.0,2104.0,-0.09412376582622528,0.5071633458137512,0,36.72452120349642,-1.317603942982308
2694.0,1831.0,578.0,896.0,919.0,2784.0,-0.016429353505373,0.5036457180976868,0,36.73377385092285,-1.2943375771236125
881.0,369.0,229.0,313.0,244.0,1970.0,-0.38197124004364014,0.7795844674110413,0,36.7415891938947,-1.3207480464767265
2827.0,1560.0,579.0,1021.0,786.0,3827.0,-0.150285542011261,0.6592239141464233,0,36.74644009642894,-1.3131123665617106
1651.0,1149.0,398.5,594.0,472.5,2344.0,-0.17346683144569397,0.6644771695137024,0,36.728204296161316,-1.3243413076132045
2192.0,1223.0,399.0,612.0,511.0,2602.0,-0.0855235680937767,0.6716993451118469,0,36.726497497121485,-1.3241616445563806
1987.5,1416.5,706.0,891.5,962.0,2486.0,-0.11143399775028229,0.4419953525066376,0,36.73583997607633,-1.329012547090626
876.0,390.5,234.0,319.0,227.0,2008.0,-0.39251041412353516,0.7968680262565613,0,36.72829412768973,-1.3130225350332985
3224.5,2289.0,713.0,990.5,1085.0,2555.0,0.11584047228097916,0.4038461446762085,0,36.740331552496926,-1.3282040633349186
1762.0,946.5,307.0,544.0,406.5,2648.0,-0.20090703666210175,0.7338353395462036,0,36.75910634193502,-1.2936189248963168
2289.0,1693.0,638.0,874.0,934.0,2438.0,-0.03152104839682579,0.446026086807251,0,36.74949436839495,-1.3267667588803274
921.5,392.5,208.5,283.0,224.0,2131.5,-0.3963314890861511,0.8098068237304688,0,36.72802463310449,-1.3185920897948396
1474.0,716.0,260.0,422.0,274.0,2600.0,-0.2763868570327759,0.8093249797821045,0,36.72416187738278,-1.3038597191352794
3507.0,2393.0,744.0,1004.0,1088.0,2836.0,0.10578590631484985,0.44546380639076233,0,36.758926678878204,-1.3102377576525281
2349.0,1438.0,508.0,744.0,696.0,2740.0,-0.07683238387107849,0.5948777794837952,0,36.72730598087719,-1.3263176012382676
1930.0,1172.0,327.0,570.0,536.0,2856.0,-0.193480983376503,0.6839622855186462,0,36.721287268473596,-1.300895278697685
1616.5,1096.0,353.5,501.0,510.0,1994.0,-0.10455615818500519,0.5926517844200134,0,36.755333417741724,-1.2936189248963168
1470.5,788.5,340.0,600.0,408.0,2919.0,-0.32999202609062195,0.7547339797019958,0,36.73521115537745,-1.3087106216695248
1542.0,709.5,254.5,415.5,253.5,2606.0,-0.2565091550350189,0.8226962685585022,0,36.75686055372473,-1.3130225350332985
2027.5,1309.0,426.5,656.5,666.5,2745.0,-0.1503404974937439,0.6092627644538879,0,36.75946566804867,-1.3317973244713965
1447.0,660.0,268.0,434.0,277.0,2578.0,-0.280993789434433,0.8059544563293457,0,36.74455363433229,-1.3168852907550126
1959.0,989.0,314.0,572.0,353.0,3760.0,-0.31491518020629883,0.8283491134643555,0,36.72784497004766,-1.2973020175612069
1833.0,1078.0,337.0,603.0,415.0,3176.0,-0.26811739802360535,0.7688665986061096,0,36.715987208297285,-1.3116750621071194
1781.0,1013.5,282.5,462.5,339.0,2450.0,-0.15811865031719208,0.7569020986557007,0,36.722904235985006,-1.3255989490109719
1489.0,687.0,274.0,430.0,277.0,2468.0,-0.2474096566438675,0.798178493976593,0,36.758208026650905,-1.3142801764310659
1808.0,814.5,268.0,501.0,335.5,3276.0,-0.28874900937080383,0.8142046332359314,0,36.74697908559941,-1.3088902847263488
1981.0,1564.0,429.0,670.0,687.0,2154.0,-0.041837967932224274,0.516367495059967,0,36.727395812405604,-1.2932595987826692
1922.0,1127.0,433.0,760.0,588.0,3082.0,-0.23181454837322235,0.6795640587806702,0,36.75308762953142,-1.334761764908991
1691.0,962.0,360.5,578.0,403.5,2862.0,-0.25719305872917175,0.7528709173202515,0,36.756052069969016,-1.329012547090626
1689.0,750.0,290.0,504.0,295.0,3100.0,-0.29463353753089905,0.8262150287628174,0,36.76458606516815,-1.3132920296185344
2427.5,1733.0,535.5,832.0,898.0,2605.0,-0.03527073934674263,0.48729661107063293,0,36.75766903748043,-1.3030512353795718
2734.0,1606.0,532.0,816.0,834.0,3248.0,-0.08592443913221359,0.591376781463623,0,36.740780710138985,-1.3093394423684086
2559.0,1881.0,1064.0,1300.0,1382.0,3030.0,-0.08427267521619797,0.37352675199508667,0,36.764136907526094,-1.2973918490896188
1446.0,608.0,214.0,360.0,221.0,2916.0,-0.33700138330459595,0.8591010570526123,0,36.73278570411032,-1.321646361760846
1549.0,775.0,292.0,466.0,302.0,2388.0,-0.2131064236164093,0.7754647135734558,0,36.754614765514425,-1.3200293942494308
2606.5,1665.0,638.5,930.5,864.0,2898.0,-0.05295667052268982,0.540669858455658,0,36.738894248042335,-1.3374567107613495
2384.0,1668.5,634.5,904.5,955.5,2455.0,-0.014672452583909035,0.4396716058254242,0,36.75578257538378,-1.3307193461304532
2017.0,1416.0,313.0,594.0,384.0,2578.0,-0.12208922952413559,0.740715742111206,0,36.76305892918515,-1.3000867949419774
1660.0,750.0,269.0,428.0,286.0,2930.0,-0.27668845653533936,0.822139322757721,0,36.72299406751342,-1.3057461812319304
1566.5,722.0,296.5,502.5,340.5,3140.0,-0.3343248665332794,0.8043384552001953,0,36.744823128917524,-1.3161666385277169
1693.0,820.0,292.0,478.0,308.0,3384.0,-0.3330707252025604,0.8331527709960938,0,36.73736711205933,-1.323263329272261
1666.0,1058.0,360.0,634.0,540.0,3020.0,-0.2889457941055298,0.6966292262077332,0,36.71823299650759,-1.3097886000104684
1567.0,671.5,275.0,491.0,262.5,3394.0,-0.3682725131511688,0.85642009973526,0,36.76665219032163,-1.3151784917151854
934.0,429.0,259.0,358.5,260.5,2038.0,-0.3714670240879059,0.7733304500579834,0,36.71868215414965,-1.3045783713625752
1974.0,1185.5,479.5,680.0,722.5,2358.0,-0.0886426568031311,0.5309203267097473,0,36.75596223844061,-1.3133818611469463
2314.0,1504.0,502.0,862.5,795.0,2849.0,-0.10362192243337631,0.5636662840843201,0,36.721287268473596,-1.321646361760846
2106.0,1396.5,483.0,748.0,681.5,2749.0,-0.13244077563285828,0.6026818156242371,0,36.732695872581914,-1.330809177658865
1649.0,761.0,322.0,538.0,347.0,2618.0,-0.22709164023399353,0.7659358978271484,0,36.75434527092919,-1.3221853509313177
1474.5,678.5,283.5,428.5,283.0,2449.0,-0.24837517738342285,0.7928257584571838,0,36.75120116743477,-1.3188615843800755
1979.0,1232.0,390.0,670.0,504.0,3256.0,-0.24393504858016968,0.7319148778915405,0,36.72622800253625,-1.3285633894485662
1505.5,857.0,258.5,346.5,414.5,1809.0,-0.09156735241413116,0.627164363861084,0,36.726497497121485,-1.3185022582664276
1560.0,731.0,272.0,474.0,271.0,2796.0,-0.2837465703487396,0.8232800960540771,0,36.75928600499185,-1.31769377451072
1075.0,427.0,228.0,330.0,236.0,2680.0,-0.42743009328842163,0.8381344079971313,0,36.73314503022397,-1.3193107420221353
2099.0,1207.0,394.0,658.0,500.0,2829.0,-0.14813311398029327,0.6996095180511475,0,36.73548064996268,-1.299368142714682
1500.0,681.0,265.0,438.5,264.0,2461.0,-0.2426155060529709,0.8062385320663452,0,36.7461706018437,-1.3186819213232515
1529.5,905.5,291.0,473.5,367.5,2351.0,-0.21169953048229218,0.7296302914619446,0,36.735300986905855,-1.3086207901411129
2459.5,1285.0,563.0,975.0,704.0,3926.0,-0.22966094315052032,0.695896327495575,0,36.74877571616765,-1.3153581547720092
1617.0,770.0,272.0,464.0,291.0,3496.0,-0.3674946129322052,0.8463163375854492,0,36.74994352603701,-1.3117648936355313
1705.0,1006.0,429.0,638.0,642.0,2646.0,-0.21627211570739746,0.6094890236854553,0,36.75704021678155,-1.3312583353009249
1924.0,1092.0,297.5,516.5,410.5,3180.0,-0.24608150124549866,0.7713410258293152,0,36.72083811083154,-1.3011647732829208
3413.0,2448.5,773.0,1043.0,1170.0,2744.0,0.10865681618452072,0.4021461308002472,0,36.740780710138985,-1.327395579579211
1475.0,669.0,261.0,406.0,252.0,2566.0,-0.2699826657772064,0.8211497664451599,0,36.73583997607633,-1.315717480885657
1443.0,653.0,257.5,413.5,266.5,2595.0,-0.2852897346019745,0.8137340545654297,0,36.74428413974705,-1.316076806999305
1657.0,961.0,421.5,641.0,607.0,2642.0,-0.229123055934906,0.6263465881347656,0,36.761352130145326,-1.3300006939031574
2479.0,1424.0,392.0,717.0,612.0,3027.0,-0.09952779114246368,0.6636438369750977,0,36.745092623502764,-1.3131123665617106
3196.0,2935.0,1358.0,1352.0,1550.0,3028.0,0.02699228748679161,0.3228484094142914,0,36.75398594481555,-1.3080818009706412
1492.0,731.0,277.0,418.0,260.0,2554.0,-0.2624814510345459,0.815209686756134,0,36.73754677511616,-1.3180531006243679
2663.0,1655.0,514.0,761.0,766.0,2364.0,0.05947881564497948,0.5105431079864502,0,36.73718744900251,-1.325149791368912
1716.0,804.0,295.0,508.0,289.0,3188.0,-0.3001631200313568,0.8337647318840027,0,36.75847752123614,-1.3184124267380157
2939.0,1611.0,530.0,932.0,690.0,3600.0,-0.10108578950166702,0.6783216595649719,0,36.745362118087996,-1.310058094595704
1583.0,720.5,258.5,453.0,274.5,2681.0,-0.2575047016143799,0.8142446279525757,0,36.76386741294086,-1.3191310789653112
1964.0,1050.5,412.0,705.0,474.5,3634.0,-0.29832082986831665,0.7690154314041138,0,36.726946654763545,-1.3333244604543997
2314.0,1332.0,459.0,673.0,572.0,2859.0,-0.10535472631454468,0.6665695309638977,0,36.75182998813366,-1.3361990693635821
1574.0,759.0,485.0,882.0,541.0,3032.0,-0.3165436387062073,0.6971732378005981,0,36.722185583757714,-1.3089801162547607
1866.5,1145.5,314.0,497.5,362.0,2543.0,-0.15341874957084656,0.7507745027542114,0,36.72065844777471,-1.3127530404480627
2048.0,1139.0,336.0,542.0,441.0,2868.0,-0.1668022722005844,0.7334542274475098,0,36.76476572822498,-1.3099682630672922
2407.0,1436.0,469.0,730.0,687.0,2513.0,-0.021544715389609337,0.5706250071525574,0,36.72532968725213,-1.3207480464767265
1419.5,646.0,293.0,483.0,320.0,3208.0,-0.3864937722682953,0.8185940980911255,0,36.72110760541677,-1.308171632499053
1978.5,1763.0,799.5,1035.0,1157.0,1643.0,0.09264116734266281,0.1735714226961136,0,36.73970273179804,-1.2850849296971814
1784.0,1027.0,348.0,620.0,442.0,3018.0,-0.25697624683380127,0.744508683681488,0,36.71724484969506,-1.316076806999305
1783.0,1155.5,341.0,526.0,466.0,2035.0,-0.06600314378738403,0.6273490786552429,0,36.75704021678155,-1.3268565904087393
1560.0,727.0,274.0,461.0,282.0,2526.0,-0.2364170402288437,0.7991452813148499,0,36.75102150437795,-1.3227243401017894
1530.0,879.0,321.0,399.0,414.0,1602.0,-0.02298850566148758,0.5892857313156128,0,36.75236897730413,-1.3108665783514117
1561.5,708.0,286.0,453.0,307.0,2743.5,-0.2745644748210907,0.7987214922904968,0,36.747697737826705,-1.3184124267380157
3003.0,2041.0,662.0,1000.0,928.0,2696.0,0.0538690984249115,0.48785871267318726,0,36.74114003625264,-1.3259582751246197
1122.5,510.5,255.0,366.0,251.5,2267.0,-0.33766043186187744,0.8002779483795166,0,36.73440267162174,-1.3146395025447137
1941.5,1083.5,375.0,570.0,411.0,2826.0,-0.1855270117521286,0.7460611462593079,0,36.7228144044566,-1.3102377576525281
2401.5,1437.0,592.5,803.0,792.0,2513.0,-0.022687964141368866,0.5207261443138123,0,36.74563161267323,-1.3283837263917424
2030.0,1058.5,320.5,571.5,379.5,3444.0,-0.25831201672554016,0.8014907836914062,0,36.728383959218135,-1.297481680618031
1682.5,786.5,296.0,461.5,313.0,2816.0,-0.25197288393974304,0.799936056137085,0,36.730539915900025,-1.3114055675218834
2516.0,1880.0,751.0,996.0,1080.0,2352.0,0.03368939831852913,0.37062937021255493,0,36.73592980760474,-1.3276650741644467
1475.0,685.0,268.0,410.0,273.0,2338.0,-0.22633096575737,0.7908847332000732,0,36.749404536866535,-1.3222751824597296
1375.0,670.5,272.0,438.0,263.5,2422.0,-0.2757440209388733,0.8037609457969666,0,36.74140953083787,-1.323532823857497
1531.0,762.0,262.0,423.5,278.5,2500.0,-0.24038700759410858,0.7995321154594421,0,36.72353305668389,-1.3049376974762228
1433.0,637.0,252.0,458.0,252.0,2846.0,-0.3302173316478729,0.8373143672943115,0,36.74491296044594,-1.3167056276981886
2780.0,1516.0,480.0,884.0,644.0,3840.0,-0.16012084484100342,0.7127564549446106,0,36.74742824324147,-1.3118547251639432
1861.0,1065.0,353.0,572.0,582.0,2500.0,-0.1465260237455368,0.6223231554031372,0,36.74114003625264,-1.3114055675218834
1160.0,535.0,210.0,348.0,269.0,2187.0,-0.3068419396877289,0.7809446454048157,0,36.733414524809206,-1.3114953990502953
2101.5,1139.0,483.5,762.0,626.5,3504.0,-0.25020068883895874,0.6966468691825867,0,36.72254490987136,-1.3105970837661758
1586.5,922.0,296.5,491.5,366.0,2454.0,-0.21470114588737488,0.7404255270957947,0,36.72299406751342,-1.3256887805393838
1984.0,1311.0,420.0,664.0,606.0,2580.0,-0.13058720529079437,0.6195856928825378,0,36.74015188944011,-1.3068241595728738
2489.0,1919.0,745.0,1064.0,1388.0,2238.0,0.053099218755960464,0.2344180941581726,0,36.7649453912818,-1.3040393821921035
2283.0,2029.0,672.0,1036.0,1508.0,1936.0,0.08224698156118393,0.12427409738302231,0,36.74904521075289,-1.3049376974762228
1909.5,977.5,338.0,549.0,365.5,3148.0,-0.24488383531570435,0.7919453382492065,0,36.75856735276455,-1.3239819814995568
1981.0,1341.0,473.0,720.0,792.0,2485.0,-0.11285266280174255,0.5166310667991638,0,36.73835525887186,-1.2970325229759712
1352.0,644.5,260.5,376.0,291.0,2039.0,-0.20259509980678558,0.7502145767211914,0,36.75686055372473,-1.3128428719764746
1542.0,759.0,308.0,470.0,309.0,2358.0,-0.20923076570034027,0.768278956413269,0,36.751290998963185,-1.3240718130279687
1911.5,1079.0,430.0,699.0,576.0,3123.0,-0.2406395822763443,0.6885644793510437,0,36.75704021678155,-1.3331447973975759
1450.0,667.5,267.0,419.0,258.5,2465.5,-0.2593538463115692,0.8102055788040161,0,36.75757920595202,-1.3205683834199025
2514.0,1284.0,440.5,815.5,562.0,3905.5,-0.21676142513751984,0.7484051585197449,0,36.746889254071,-1.3129327035048866
1769.5,1473.0,766.0,957.5,1136.0,1858.5,-0.024531422182917595,0.24127566814422607,0,36.74706891712783,-1.3361990693635821
1921.5,1052.0,320.0,618.5,413.0,3338.0,-0.2693221867084503,0.779792070388794,0,36.720299121661064,-1.313831018789006
2088.0,1448.0,552.0,820.0,772.0,2728.0,-0.13289035856723785,0.5588571429252625,0,36.728383959218135,-1.3261379381814435
2308.0,1653.0,544.0,741.0,874.0,1576.0,0.18846550583839417,0.28653061389923096,0,36.75838768970773,-1.3114953990502953
1520.0,813.0,315.0,507.0,403.0,2330.0,-0.2103896141052246,0.7050859928131104,0,36.73718744900251,-1.3218260248176699
2062.0,1273.0,414.0,672.0,503.0,2854.0,-0.16110658645629883,0.7003276944160461,0,36.720299121661064,-1.3168852907550126
3213.0,2254.5,724.0,967.0,1070.0,2519.0,0.12107466906309128,0.40373364090919495,0,36.73853492192869,-1.3281142318065065
1674.0,781.5,298.5,488.5,297.0,2906.0,-0.26899564266204834,0.8145488500595093,0,36.760813140974854,-1.3202988888346667
2072.0,1397.0,334.0,542.0,510.0,2844.0,-0.15703824162483215,0.6958855390548706,0,36.73071957895685,-1.2983799959021505
1986.0,1506.0,691.0,831.0,835.0,2027.0,-0.010216795839369297,0.41649195551872253,0,36.734851829263796,-1.3314379983577487
2561.0,1482.0,545.0,929.0,616.0,3240.0,-0.11704878509044647,0.680497944355011,0,36.739612900269634,-1.3323363136418682
2251.5,1551.5,420.5,683.5,642.0,2936.0,-0.13195180892944336,0.6411402821540833,0,36.75551308079854,-1.3294617047326858
2092.0,1230.5,552.5,816.0,643.0,2914.0,-0.1642029583454132,0.6384593844413757,0,36.728383959218135,-1.3294617047326858
1048.5,483.5,253.5,326.0,255.5,2118.0,-0.33775460720062256,0.7847061157226562,0,36.734582334678564,-1.3097886000104684
902.5,380.0,214.5,284.5,211.0,2193.0,-0.41689547896385193,0.8244592547416687,0,36.72919244297385,-1.3186819213232515
993.0,468.5,234.0,336.0,266.5,1960.0,-0.3274635970592499,0.760610818862915,0,36.73440267162174,-1.3102377576525281
1903.5,1313.5,299.0,447.5,382.5,2271.0,-0.0880344957113266,0.711701512336731,0,36.73116873659891,-1.3132021980901225
1400.5,666.5,268.5,445.0,260.0,2403.5,-0.26366981863975525,0.8047681450843811,0,36.74500279197435,-1.3226345085733775
1528.0,712.0,306.0,479.0,319.0,2714.0,-0.2795850932598114,0.7896472215652466,0,36.746709591014174,-1.3189514159084874
3393.0,2281.0,782.0,1064.0,1166.0,2636.0,0.12555979192256927,0.3866386115550995,0,36.73727728053092,-1.3306295146020413
1916.0,1225.0,384.0,710.0,716.0,2673.0,-0.16495968401432037,0.5774564743041992,0,36.73988239485487,-1.3077224748569933
1512.5,809.0,305.0,455.0,471.5,2764.0,-0.2926458418369293,0.7085458040237427,0,36.72595850795101,-1.3128428719764746
1993.0,1439.0,745.0,973.0,1036.0,2706.0,-0.15173441171646118,0.4462853968143463,0,36.75829785817932,-1.3026919092659242
2388.0,1806.5,512.0,741.5,999.0,2081.0,0.06869545578956604,0.3512986898422241,0,36.7205686162463,-1.3250599598405002
943.5,443.5,207.0,295.0,236.0,1923.0,-0.34170591831207275,0.781380295753479,0,36.730090758257965,-1.317873437567544
1596.0,1042.5,434.5,618.0,654.0,2055.0,-0.12571898102760315,0.5171650052070618,0,36.75102150437795,-1.3296413677895098
1747.0,786.0,281.0,504.0,303.0,3196.0,-0.29314181208610535,0.8268076777458191,0,36.76611320115116,-1.3188615843800755
864.5,359.0,198.0,295.0,221.5,2138.0,-0.42414653301239014,0.8122483491897583,0,36.72919244297385,-1.3191310789653112
2689.0,2419.5,762.0,967.0,1417.0,1894.0,0.17346715927124023,0.1440652310848236,0,36.75326729258825,-1.3093394423684086
2036.5,1288.0,395.0,618.0,647.0,2641.0,-0.12923569977283478,0.606447696685791,0,36.742038351536756,-1.3305396830736294
1007.0,446.0,249.0,349.0,243.0,2130.0,-0.35798534750938416,0.7951959371566772,0,36.74069087861057,-1.3184124267380157
2445.0,1498.0,484.0,691.0,619.0,2420.0,0.0051387459971010685,0.5926291346549988,0,36.7370976174741,-1.33287530281234
1481.0,679.5,269.5,438.5,273.0,2776.0,-0.3042048513889313,0.8209248781204224,0,36.75955549957708,-1.3153581547720092
1808.0,954.0,358.0,593.0,463.0,3272.0,-0.28818896412849426,0.7520749568939209,0,36.72119743694518,-1.3116750621071194
2394.0,1555.0,767.0,1066.0,1112.0,3128.0,-0.13292285799980164,0.47547170519828796,0,36.75425543940078,-1.304668202890987
1871.0,1150.5,390.5,535.0,749.0,2322.0,-0.10756021738052368,0.5122110247612,0,36.723622888212304,-1.304488539834163
2632.0,1992.0,442.0,684.0,1042.0,1472.0,0.28265106678009033,0.17104215919971466,0,36.73979256332645,-1.310058094595704
1149.5,534.0,219.5,326.0,263.5,2012.0,-0.2728135287761688,0.7684025764465332,0,36.73045008437161,-1.3181429321527798
1901.5,1221.5,458.0,723.5,657.0,2789.0,-0.18921223282814026,0.6186883449554443,0,36.74877571616765,-1.2985596589589743
1647.0,1029.0,265.0,460.0,353.0,2216.0,-0.14729484915733337,0.7251849174499512,0,36.73521115537745,-1.2943375771236125
1612.5,734.0,304.0,510.5,312.5,2698.0,-0.2518269419670105,0.7923932671546936,0,36.74563161267323,-1.3193107420221353
1400.0,681.0,536.0,960.0,561.0,3060.0,-0.37219730019569397,0.6901408433914185,0,36.72308389904183,-1.3088902847263488
2217.0,1289.0,396.0,687.0,613.0,3084.0,-0.16355404257774353,0.6683797836303711,0,36.74787740088353,-1.3129327035048866
2749.0,1513.0,628.0,990.0,938.0,3940.0,-0.17805352807044983,0.6154161691665649,0,36.73476199773538,-1.3305396830736294
1706.0,961.5,368.5,642.5,463.5,2555.0,-0.1992489993572235,0.6928938031196594,0,36.762969097656736,-1.3250599598405002
2508.0,1608.0,522.0,745.0,854.0,2896.0,-0.0717986673116684,0.5445333123207092,0,36.72775513851926,-1.2985596589589743
1983.0,1297.0,397.0,622.0,678.0,2470.0,-0.10936447232961655,0.5692503452301025,0,36.728204296161316,-1.302602077737512
1539.0,701.5,277.0,452.5,281.5,2575.0,-0.2518230378627777,0.8029056787490845,0,36.76144196167374,-1.317963269095956
837.5,362.5,239.0,325.0,234.0,2039.0,-0.4176951050758362,0.7941046953201294,0,36.73395351397968,-1.3155378178288333
2562.0,1427.0,523.0,844.0,681.0,2994.0,-0.07775378227233887,0.6293877363204956,0,36.7506621782643,-1.334761764908991
3208.5,3109.0,844.0,855.5,661.0,1894.5,0.25749558210372925,0.4826844036579132,0,36.72919244297385,-1.3070936541581097
1902.5,1141.0,432.0,704.5,549.0,2683.5,-0.1703009158372879,0.6603248119354248,0,36.76063347791803,-1.3259582751246197
2345.0,1484.0,459.0,762.0,768.0,2799.0,-0.08825816214084625,0.5693860650062561,0,36.72847379074655,-1.3055665181751066
1749.0,1480.0,724.0,880.0,1100.0,1428.0,0.10103871673345566,0.12974683940410614,0,36.73287553563873,-1.3172446168686602
2108.0,1787.0,910.0,1128.0,1228.0,1925.0,0.045375652611255646,0.22105930745601654,0,36.74230784612199,-1.3006257841124491
1614.0,748.0,276.0,464.0,306.0,2812.0,-0.27067330479621887,0.8037203550338745,0,36.736019639133154,-1.3132920296185344
1149.0,466.0,221.0,317.0,209.0,2652.0,-0.3954222500324249,0.853897213935852,0,36.73296536716715,-1.3222751824597296
2072.0,1318.0,422.0,676.0,673.0,2530.0,-0.0995219498872757,0.57976895570755,0,36.760813140974854,-1.2921816204417256
1878.0,969.0,324.0,546.0,378.0,3672.0,-0.32324323058128357,0.8133333325386047,0,36.741499362366284,-1.3070936541581097
2130.0,1370.0,714.0,961.0,880.0,2586.0,-0.09669211506843567,0.4922100305557251,0,36.74931470533812,-1.3306295146020413
1318.5,850.5,263.5,383.0,417.0,1866.0,-0.17192651331424713,0.6346911787986755,0,36.732246714939855,-1.3170649538118364
1378.0,614.5,275.5,518.5,276.0,3650.0,-0.45186951756477356,0.8593989014625549,0,36.72568901336578,-1.31445983948789
1591.5,885.5,285.0,442.0,328.5,2614.5,-0.24322396516799927,0.7767584323883057,0,36.727216149348784,-1.3107767468229998
1736.0,813.0,286.0,494.0,292.0,2974.0,-0.2628450095653534,0.8211879730224609,0,36.74787740088353,-1.323353160800673
852.0,353.0,220.0,311.0,219.0,2128.0,-0.42818790674209595,0.8133788108825684,0,36.734582334678564,-1.3156276493572452
2224.0,1267.0,363.0,650.0,462.0,3592.0,-0.23521320521831512,0.7720769643783569,0,36.76790983171939,-1.3098784315388803
2596.0,1754.0,563.0,884.0,762.0,3160.0,-0.09798470884561539,0.6114227175712585,0,36.758657184292964,-1.3247006337268523
2186.0,1329.0,420.0,676.0,686.0,2092.0,0.021972885355353355,0.5061194896697998,0,36.76764033713416,-1.3136513557321823
3315.0,2011.5,654.0,993.0,1000.0,2934.0,0.0609697550535202,0.4916115999221802,0,36.7265873286499,-1.2982003328453264
1543.0,720.0,276.0,430.0,296.0,2612.0,-0.2572803795337677,0.7964236736297607,0,36.72667716017831,-1.3060156758171664
1544.5,771.0,281.0,430.0,292.0,2582.0,-0.251423716545105,0.7967988848686218,0,36.73979256332645,-1.323353160800673
1228.5,535.0,242.0,367.0,248.5,2285.0,-0.30069729685783386,0.8038287162780762,0,36.72946193755908,-1.3129327035048866
2024.0,1272.5,438.0,738.5,702.0,2812.0,-0.16294458508491516,0.6004553437232971,0,36.732695872581914,-1.2888578538904834
1595.0,751.0,322.0,536.0,351.0,2920.0,-0.2934662103652954,0.7853867411613464,0,36.734582334678564,-1.3137411872605942
1703.0,881.0,256.0,453.0,272.5,2680.0,-0.2229066789150238,0.8154106736183167,0,36.75596223844061,-1.3128428719764746
877.0,374.0,226.0,320.5,247.0,2075.0,-0.4058265686035156,0.7872523665428162,0,36.73925357415598,-1.3211073725903744
1342.0,699.0,251.0,410.0,332.0,2370.0,-0.27693966031074524,0.7542561292648315,0,36.72254490987136,-1.3055665181751066
1983.0,1301.0,620.0,788.0,754.0,1942.0,0.010445860214531422,0.4406528174877167,0,36.72991109520114,-1.3231734977438492
2093.0,1696.0,514.0,745.0,796.0,2500.0,-0.0886131078004837,0.5169903039932251,0,36.73521115537745,-1.2906544844587224
1487.5,774.0,274.0,440.0,295.0,2191.0,-0.19124643504619598,0.7626709342002869,0,36.74230784612199,-1.3234429923290851
1791.0,1180.0,402.0,570.0,604.0,2429.0,-0.1511848270893097,0.6017144918441772,0,36.731528062712556,-1.3288328840338022
2025.5,1321.5,439.0,620.0,628.0,2449.0,-0.09464744478464127,0.5918102264404297,0,36.757758869008846,-1.2960443761634397
1727.0,1123.0,351.0,510.0,787.0,2008.0,-0.07523427158594131,0.43685153126716614,0,36.76099280403167,-1.312034388220767
1657.0,806.0,313.0,468.0,301.0,2828.0,-0.26109254360198975,0.8076062798500061,0,36.74347565599135,-1.3133818611469463
950.0,432.5,222.0,303.5,224.5,2058.0,-0.3683510720729828,0.8032858967781067,0,36.72991109520114,-1.3175141114538962
1591.0,794.0,282.0,458.0,300.0,2770.0,-0.270350843667984,0.8045602440834045,0,36.72344322515548,-1.3035003930216316
1937.5,1043.0,319.5,511.0,363.0,2890.0,-0.19730709493160248,0.7768213748931885,0,36.73781626970139,-1.3362889008919943
1515.0,685.0,237.0,416.0,229.0,2708.0,-0.28250059485435486,0.8440585732460022,0,36.75713004830996,-1.3221853509313177
2660.5,1550.0,430.5,661.0,652.0,2404.0,0.05064665898680687,0.573298454284668,0,36.72685682323513,-1.2983799959021505
1084.0,580.0,299.5,521.5,334.5,2799.0,-0.4416688084602356,0.7865006923675537,0,36.7326060410535,-1.3003562895272134
2071.0,1435.0,405.0,662.0,574.0,3344.0,-0.23508772253990173,0.7069933414459229,0,36.72640766559307,-1.2960443761634397
3259.0,2357.5,812.0,1117.0,1242.0,2690.0,0.09564632922410965,0.3682604134082794,0,36.73853492192869,-1.330809177658865
1523.0,722.0,259.0,429.0,310.0,2850.0,-0.3034529983997345,0.8037974834442139,0,36.73134839965573,-1.3058360127603423
1956.0,1191.5,366.0,552.5,584.0,2919.0,-0.19753846526145935,0.6665714979171753,0,36.721287268473596,-1.3010749417545089
1601.0,974.0,460.0,611.0,579.0,2050.0,-0.12298000603914261,0.5595283508300781,0,36.7363789652468,-1.3334142919828118
2018.5,1221.5,307.0,543.5,457.5,2930.0,-0.18419723212718964,0.7298892736434937,0,36.76521488586704,-1.3061055073455783
1569.5,719.0,289.0,477.5,296.5,3211.5,-0.34344279766082764,0.83095782995224,0,36.73619930218998,-1.316076806999305
1937.0,1122.0,304.0,535.0,377.0,3296.0,-0.2596980631351471,0.7947182059288025,0,36.74131969930946,-1.291822294328078
1634.0,772.0,321.0,507.0,324.0,3016.0,-0.29720431566238403,0.8059880137443542,0,36.75928600499185,-1.3220056878744937
1380.0,1260.5,1040.0,1164.0,1215.0,1255.0,0.047438330948352814,0.016194332391023636,0,36.718322828036,-1.3061055073455783
1833.0,895.0,334.0,624.0,341.0,3836.0,-0.35332509875297546,0.8367249369621277,0,36.722185583757714,-1.3223650139881415
1484.5,665.0,280.0,456.0,283.5,2765.0,-0.3013295829296112,0.8140068650245667,0,36.75551308079854,-1.3149089971299495
2173.0,1337.0,650.0,941.0,939.0,2330.0,-0.034865643829107285,0.4255124032497406,0,36.7446434658607,-1.3293718732042739
2276.5,1799.0,1185.0,1540.0,1643.0,2465.0,-0.03975535184144974,0.20009736716747284,0,36.75695038525314,-1.3297311993179217
2098.0,1365.0,520.0,872.0,788.0,3388.0,-0.2351440042257309,0.6226053833961487,0,36.72227541528613,-1.3250599598405002
1700.0,857.0,293.0,499.0,432.0,2866.0,-0.2553657591342926,0.738023042678833,0,36.74931470533812,-1.3209277095335503
2682.0,1691.0,528.0,810.0,821.0,2468.0,0.041553396731615067,0.5007601380348206,0,36.73925357415598,-1.3247006337268523
1703.5,950.5,371.0,579.0,479.5,2682.0,-0.22312165796756744,0.696662962436676,0,36.72856362227496,-1.3338634496248716
851.5,368.5,218.0,304.0,227.5,2050.0,-0.4130622148513794,0.8002195358276367,0,36.72919244297385,-1.315986975470893
3011.0,1798.0,631.0,1001.0,1054.0,3232.0,-0.035399649292230606,0.5081661343574524,0,36.73494166079221,-1.2977511752032667
2109.0,1287.5,459.0,685.5,673.5,3072.0,-0.1858714520931244,0.6403684616088867,0,36.716795692053,-1.3124835458628268
1613.0,806.0,292.0,432.0,298.0,2470.0,-0.20989468693733215,0.7846820950508118,0,36.730090758257965,-1.3127530404480627
1311.5,615.5,237.5,398.0,253.0,2196.0,-0.25217390060424805,0.7933850288391113,0,36.74554178114482,-1.3242514760847925
1375.0,629.0,272.0,458.0,252.0,2412.0,-0.2738315165042877,0.8108108043670654,0,36.73018058978638,-1.3211972041187863
2319.5,1185.0,565.0,989.0,742.5,3958.0,-0.26101154088974,0.684076189994812,0,36.74886554769606,-1.3153581547720092
1151.5,474.5,239.5,330.0,220.5,2837.0,-0.4225899577140808,0.8557645082473755,0,36.73161789424097,-1.3189514159084874
1483.0,674.0,255.0,406.5,236.0,2652.0,-0.2827085852622986,0.8365650773048401,0,36.765574211980685,-1.312214051277591
1402.5,631.0,246.0,398.5,232.0,2530.0,-0.28671327233314514,0.8320057988166809,0,36.76782000019099,-1.3118547251639432
1721.0,799.0,291.0,472.0,318.0,2612.0,-0.20563119649887085,0.7829351425170898,0,36.74419430821864,-1.3205683834199025
1880.0,1008.0,313.0,561.0,342.0,3532.0,-0.30524760484695435,0.823438286781311,0,36.737007785945686,-1.3091597793115846
1374.5,646.0,261.5,439.0,278.0,2632.0,-0.31386497616767883,0.8089346885681152,0,36.745811275730055,-1.3246108021984404
1401.5,697.0,257.5,402.0,284.5,2287.0,-0.24007049202919006,0.7787283658981323,0,36.76817932630463,-1.311944556692355
984.5,476.5,243.0,338.5,249.0,2102.0,-0.3620605766773224,0.7881752252578735,0,36.71931097484853,-1.3075428118001695
1693.0,823.0,315.0,492.0,388.0,3412.0,-0.33672869205474854,0.7957894802093506,0,36.73664845983204,-1.3077224748569933
1503.5,695.0,276.5,402.5,248.5,2531.0,-0.2546783983707428,0.8211908340454102,0,36.76216061390103,-1.3172446168686602
2327.0,1432.0,400.0,656.0,542.0,2678.0,-0.0701298713684082,0.6633540391921997,0,36.72541951878054,-1.3203887203630786
1486.0,778.0,324.0,515.0,400.0,2624.0,-0.27688565850257874,0.7354497313499451,0,36.74715874865623,-1.3078123063854052
1531.5,739.5,259.5,457.5,308.0,3047.0,-0.3310036063194275,0.8163934350013733,0,36.73089924201367,-1.3041292137205154
1574.0,748.0,281.0,468.0,314.0,2722.0,-0.26722532510757446,0.7931488752365112,0,36.74374515057658,-1.3186819213232515
1668.5,801.0,290.0,470.0,361.0,2669.0,-0.23066282272338867,0.7617161870002747,0,36.74572144420164,-1.3201192257778427
1831.5,1361.5,470.0,670.5,956.5,1944.0,-0.029797377064824104,0.34045854210853577,0,36.76620303267957,-1.32137686717561
2255.5,1712.5,535.0,832.0,809.5,3040.0,-0.1481446474790573,0.5794258713722229,0,36.72901277991702,-1.2911934736291941
1690.0,989.0,379.0,596.0,488.0,2952.0,-0.271865576505661,0.7162790894508362,0,36.75560291232696,-1.3274854111076229
1525.0,751.0,254.5,387.5,310.0,2169.0,-0.1743367612361908,0.74989914894104,0,36.7265873286499,-1.3042190452489273
2837.0,1892.0,616.0,813.0,942.0,2416.0,0.08014468103647232,0.4389517605304718,0,36.75120116743477,-1.3279345687496826
1932.5,1220.0,484.0,710.5,675.5,2405.0,-0.1089337170124054,0.561434805393219,0,36.75686055372473,-1.32550911748256
1504.5,674.5,272.0,473.0,297.5,2908.0,-0.31807366013526917,0.8143815398216248,0,36.76593353809433,-1.3154479863004214
1743.0,859.0,258.5,502.0,344.5,2451.0,-0.1688125878572464,0.7535324692726135,0,36.74527228655958,-1.308171632499053
1661.5,789.5,292.0,459.5,312.0,3076.0,-0.29857519268989563,0.8158205151557922,0,36.745362118087996,-1.3142801764310659
1792.0,1255.0,517.0,816.0,714.0,2808.0,-0.22086957097053528,0.5945485234260559,0,36.759645331105496,-1.323532823857497
1570.0,757.0,283.0,438.0,277.0,2728.0,-0.269427627325058,0.8156406283378601,0,36.760813140974854,-1.3167056276981886
1181.0,592.0,264.0,400.0,263.0,2736.0,-0.3969874978065491,0.8246082067489624,0,36.71706518663823,-1.3096987684820562
2174.0,1296.0,407.0,661.0,559.0,2486.0,-0.06695278733968735,0.6328406929969788,0,36.71850249109282,-1.3209277095335503
2198.0,1355.0,454.0,718.0,636.0,2648.0,-0.09286008775234222,0.6126675009727478,0,36.75434527092919,-1.3059258442887542
1563.0,728.0,295.0,484.0,304.0,2674.0,-0.2622138261795044,0.7958361506462097,0,36.75245880883254,-1.3202090573062548
2556.0,1381.0,459.0,742.0,578.0,3282.0,-0.12435765564441681,0.7005181312561035,0,36.74455363433229,-1.332965134340752
2622.0,1633.5,624.5,976.5,920.0,3578.0,-0.15419355034828186,0.5909293293952942,0,36.723173730570245,-1.3282040633349186
1853.0,1101.0,310.0,572.0,430.0,2857.0,-0.21316348016262054,0.7383632659912109,0,36.72110760541677,-1.3192209104937234
1998.0,1199.0,444.0,720.0,636.0,2296.0,-0.0693991631269455,0.5661664605140686,0,36.733414524809206,-1.3322464821134563
1177.0,542.0,248.5,359.0,245.0,2194.5,-0.3017944395542145,0.799139142036438,0,36.73251620952509,-1.3149089971299495
1554.5,671.0,253.0,460.5,253.5,2957.0,-0.31087222695350647,0.8420806527137756,0,36.767011516435275,-1.3153581547720092
1604.0,772.5,285.0,460.0,302.5,2855.0,-0.28055617213249207,0.8083927035331726,0,36.74383498210499,-1.3245209706700285
1942.5,1049.5,407.5,621.0,532.0,2525.0,-0.1303861290216446,0.6519463658332825,0,36.71697535510982,-1.314190344902654
1520.5,718.0,273.0,468.5,296.0,2744.0,-0.2869035005569458,0.8052631616592407,0,36.74563161267323,-1.3231734977438492
2203.5,1435.0,408.5,644.5,568.0,2398.0,-0.04226882383227348,0.6169925928115845,0,36.74131969930946,-1.3268565904087393
1852.5,1142.0,356.0,511.5,427.0,2392.0,-0.12710566818714142,0.6970556974411011,0,36.75380628175872,-1.3338634496248716
1937.0,881.0,324.0,514.0,335.0,3992.0,-0.3466014564037323,0.8451582789421082,0,36.75380628175872,-1.3246108021984404
1945.0,1399.0,439.0,665.0,688.0,2376.0,-0.09974543005228043,0.5509138107299805,0,36.75713004830996,-1.3314379983577487
2159.5,1423.0,613.5,987.5,856.0,3748.0,-0.2688954770565033,0.6281494498252869,0,36.723353393627065,-1.3250599598405002
1696.0,867.0,372.0,542.0,447.0,2924.0,-0.2658008635044098,0.7347968220710754,0,36.71652619746776,-1.3112259044650596
1539.0,716.0,289.0,482.0,302.0,2942.0,-0.31309974193573,0.8138101100921631,0,36.76216061390103,-1.319490405078959
2309.0,1739.0,540.0,844.5,801.5,3450.5,-0.19819428026676178,0.6230009198188782,0,36.75955549957708,-1.2960443761634397
2928.0,1999.0,638.0,889.0,896.0,2812.0,0.02020905911922455,0.5167205929756165,0,36.73817559581504,-1.3249701283120883
2674.0,1723.0,536.0,748.0,769.0,2352.0,0.06406684964895248,0.5072092413902283,0,36.752009651190484,-1.3277549056928588
1319.0,635.0,289.5,460.5,377.0,2384.0,-0.2876046299934387,0.7269105315208435,0,36.72371271974072,-1.3172446168686602
3218.0,2141.0,598.0,926.0,924.0,2756.0,0.07733511924743652,0.49782609939575195,0,36.721466931530415,-1.3277549056928588
1069.0,478.5,235.0,333.0,224.5,2194.0,-0.3447747528553009,0.8143477439880371,0,36.733863682451265,-1.3171547853402483
1836.5,1003.5,302.0,482.0,380.0,2523.0,-0.15747219324111938,0.7382018566131592,0,36.76880814700352,-1.3091597793115846
1635.0,887.0,330.0,462.5,381.0,1957.0,-0.08964364975690842,0.6740804314613342,0,36.73826542734345,-1.3168852907550126
1328.0,598.0,242.0,356.0,236.5,2451.0,-0.2971685528755188,0.8240000009536743,0,36.73925357415598,-1.3177836060391321
1836.0,1261.0,360.0,536.0,512.0,2444.0,-0.14205607771873474,0.6535859107971191,0,36.75793853206567,-1.2929901041974332
2218.0,1276.0,381.0,633.0,479.0,2934.0,-0.13897515833377838,0.7193085551261902,0,36.75048251520748,-1.3344922703237552
1622.0,750.0,299.0,472.0,286.0,3042.0,-0.30445969104766846,0.828125,0,36.755063923156484,-1.3234429923290851
2249.0,1898.5,694.5,946.5,1270.0,2065.0,0.04265183210372925,0.2383808046579361,0,36.73619930218998,-1.2865222341517726
1389.0,1042.0,528.0,730.0,863.0,1676.0,-0.0936378464102745,0.32020479440689087,0,36.73179755729779,-1.3155378178288333
1827.0,1084.0,359.0,594.0,491.0,2942.0,-0.23380163311958313,0.7139528393745422,0,36.73170772576938,-1.2986494904873862
1434.0,672.0,256.0,398.0,254.0,2382.0,-0.24842767417430878,0.8072837591171265,0,36.74006205791169,-1.3229040031586132
2226.0,2049.0,970.5,1246.0,1677.0,2152.0,0.01690269447863102,0.12405327707529068,0,36.748955379224476,-1.306285170402402
1863.5,1121.5,397.5,720.5,565.0,2910.0,-0.21923117339611053,0.6748201251029968,0,36.7408705416674,-1.3048478659478109
1877.0,1062.0,394.0,604.0,542.0,2518.0,-0.14584755897521973,0.6457516551017761,0,36.76171145625897,-1.3277549056928588
1768.0,1167.0,362.0,565.0,725.0,2124.0,-0.09146968275308609,0.49104949831962585,0,36.72227541528613,-1.3045783713625752
1116.5,566.0,242.0,338.0,263.0,2099.0,-0.3055512309074402,0.777307391166687,0,36.73476199773538,-1.3099682630672922
2394.0,1463.0,506.5,749.0,769.0,2595.0,-0.04028863459825516,0.5428062081336975,0,36.72407204585436,-1.3211972041187863
1591.0,691.5,261.0,481.0,270.5,3220.0,-0.3385990560054779,0.8450078964233398,0,36.764675896696566,-1.3143700079594778
2731.0,2125.0,1234.0,816.0,669.0,2737.0,-0.0010972933378070593,0.6071638464927673,0,36.75039268367907,-1.3075428118001695
1484.5,697.5,269.5,453.5,282.5,2478.0,-0.25072553753852844,0.7953269481658936,0,36.76431657058292,-1.3186819213232515
1756.0,892.0,307.0,483.0,338.0,2722.0,-0.21572130918502808,0.7790849804878235,0,36.76629286420798,-1.306285170402402
2243.0,1684.0,604.0,936.0,939.5,3034.0,-0.1498957723379135,0.527117133140564,0,36.72775513851926,-1.3091597793115846
1657.0,814.0,301.0,470.0,305.0,2850.0,-0.26469936966896057,0.8066561222076416,0,36.74590110725847,-1.3298210308463336
1532.0,684.0,291.0,478.0,295.0,2808.0,-0.2940092086791992,0.809861421585083,0,36.753177461059835,-1.3206582149483146
3099.0,2112.5,726.5,1028.0,1133.0,2724.0,0.06439979374408722,0.41249674558639526,0,36.73754677511616,-1.3320668190566325
2170.5,1288.0,487.0,749.0,791.5,3224.0,-0.19529150426387787,0.6057776212692261,0,36.747248580184646,-1.3312583353009249
3260.5,2240.0,736.5,1033.0,1086.0,2787.0,0.07829681783914566,0.4391944110393524,0,36.74024172096851,-1.3264074327666795
2170.0,1382.5,335.5,629.0,466.0,3081.0,-0.1734907627105713,0.7372427582740784,0,36.752728303417776,-1.3041292137205154
1475.0,738.0,253.5,382.0,296.5,2851.0,-0.3180767595767975,0.8115965127944946,0,36.718143164979175,-1.3005359525840372
2391.0,1856.0,742.0,1054.0,1550.0,2322.0,0.014640356414020061,0.19938015937805176,0,36.76072330944644,-1.3116750621071194
1639.0,738.5,271.0,454.5,296.0,3031.0,-0.29807281494140625,0.8220618963241577,0,36.762969097656736,-1.3193107420221353
2150.0,1563.0,667.5,917.0,968.0,2372.0,-0.04909332096576691,0.4203592836856842,0,36.754165607872366,-1.3036800560784556
1661.0,832.0,266.0,572.0,324.0,2940.0,-0.27798303961753845,0.8014705777168274,0,36.737456943587745,-1.3002664579988015
2447.0,1729.0,444.0,700.0,811.0,2526.0,-0.01588578335940838,0.5139346718788147,0,36.762250445429444,-1.3225446770449656
1492.5,692.5,262.0,455.0,269.0,2482.0,-0.2489621341228485,0.8044347763061523,0,36.764406402111334,-1.3166157961697766
2085.0,1414.0,522.0,827.0,732.0,2924.0,-0.16749849915504456,0.5995623469352722,0,36.748955379224476,-1.3264074327666795
1718.0,953.0,320.5,549.0,371.5,2616.0,-0.2071988880634308,0.7512970566749573,0,36.758926678878204,-1.291552799742842
2616.0,1582.0,447.0,747.5,642.0,3464.0,-0.13947369158267975,0.687286913394928,0,36.76692168490686,-1.308171632499053
1584.0,729.0,285.5,442.5,288.0,2825.5,-0.28155118227005005,0.8149992227554321,0,36.74374515057658,-1.3143700079594778
2448.0,1462.0,542.0,926.0,728.0,3111.0,-0.11926605552434921,0.6207345724105835,0,36.72047878471788,-1.3171547853402483
1720.0,995.0,327.0,490.0,439.0,2604.0,-0.20444034039974213,0.7114689350128174,0,36.73062974742844,-1.3351210910226388
2703.5,1680.0,541.0,835.0,748.0,2994.0,-0.05098727345466614,0.6002137660980225,0,36.73970273179804,-1.3300905254315696
1836.0,1065.0,380.0,592.0,392.0,3012.0,-0.24257425963878632,0.7696827054023743,0,36.745362118087996,-1.3324261451702801
963.0,414.0,225.0,302.0,231.0,2264.0,-0.40316084027290344,0.8148296475410461,0,36.728833116860194,-1.3204785518914905
1512.0,697.0,286.0,463.0,296.0,2690.0,-0.280342698097229,0.8017414808273315,0,36.754165607872366,-1.3205683834199025
1573.0,720.5,254.0,422.5,255.5,2819.0,-0.28369763493537903,0.833794116973877,0,36.76575387503751,-1.312214051277591
2033.5,1366.0,438.5,672.0,541.0,2751.0,-0.14996342360973358,0.6713244318962097,0,36.74284683529246,-1.3339532811532835
839.0,356.0,242.0,340.0,241.0,2178.0,-0.4438183605670929,0.8007441163063049,0,36.73449250315015,-1.315717480885657
2014.5,1387.5,486.5,757.5,731.5,2665.0,-0.13901057839393616,0.5692625045776367,0,36.76126229861691,-1.3043088767773392
1305.0,836.5,255.0,368.5,302.5,2306.0,-0.277208536863327,0.7680659294128418,0,36.76027415180438,-1.2946969032372604
1877.0,1106.0,512.5,733.5,806.0,2263.0,-0.09323671460151672,0.4747474789619446,0,36.76862848394669,-1.3068241595728738
1778.5,1060.5,365.0,563.0,422.0,2592.0,-0.18613430857658386,0.7199734449386597,0,36.76305892918515,-1.2999071318851536
2073.5,1241.5,431.0,689.5,600.0,2767.0,-0.1432703286409378,0.6435996294021606,0,36.73952306874122,-1.3354804171362866
1933.0,1317.0,410.0,611.0,538.0,2390.0,-0.1057136282324791,0.6325136423110962,0,36.748416390054004,-1.3337736180964594
1980.0,1209.5,451.0,729.0,667.5,2752.0,-0.1631445437669754,0.6095920205116272,0,36.741768856951516,-1.3261379381814435
1832.0,1183.5,463.5,678.5,698.5,2460.5,-0.14641816914081573,0.5577714443206787,0,36.72497036113848,-1.3294617047326858
884.0,394.0,232.0,328.0,243.0,2082.0,-0.4039109945297241,0.7909677624702454,0,36.74069087861057,-1.3204785518914905
1612.0,732.0,290.0,451.0,274.0,2922.0,-0.2889280915260315,0.8285356760025024,0,36.75191981966207,-1.3229040031586132
2137.0,1206.0,337.5,606.5,427.0,3496.0,-0.24125687777996063,0.7823094725608826,0,36.72874328533179,-1.2978410067316786
1063.0,491.0,262.0,390.0,288.0,2224.0,-0.35320961475372314,0.7707006335258484,0,36.71706518663823,-1.3095191054252324
2054.0,1202.0,395.0,636.0,508.0,3030.0,-0.19197481870651245,0.7128320932388306,0,36.74931470533812,-1.330988840715689
2372.5,1981.0,526.0,741.0,838.5,2301.5,0.01519041508436203,0.46592357754707336,0,36.74823672699718,-1.2922714519701377
2187.0,1749.0,455.0,656.0,874.0,1990.0,0.04716303572058678,0.38966479897499084,0,36.72515002419531,-1.3302701884883934
1439.5,644.0,273.0,479.5,304.5,2794.0,-0.3199480473995209,0.803453266620636,0,36.74554178114482,-1.3170649538118364
1623.0,770.0,296.0,496.0,290.0,2750.0,-0.2577178180217743,0.8092105388641357,0,36.749584199923355,-1.3246108021984404
1451.0,813.0,276.5,406.5,303.5,2259.5,-0.21789516508579254,0.7631681561470032,0,36.7618911193158,-1.3282040633349186
1423.0,624.0,236.0,362.0,243.0,2226.0,-0.2200602889060974,0.8031591773033142,0,36.73772643817298,-1.3131123665617106
1602.0,1162.0,348.0,562.0,560.0,2124.0,-0.14009661972522736,0.5827123522758484,0,36.73251620952509,-1.3086207901411129
3036.0,2047.0,680.0,1000.0,1016.0,2700.0,0.05857740715146065,0.45317545533180237,0,36.7370976174741,-1.3325159766986923
1850.0,1357.0,536.0,679.0,673.0,1968.0,-0.030906233936548233,0.4903445541858673,0,36.760094488747555,-1.3244311391416166
2313.0,1538.0,450.0,734.0,854.0,2508.0,-0.04044803977012634,0.4919690787792206,0,36.76126229861691,-1.3123937143344149
957.0,470.0,241.5,356.5,263.0,2101.0,-0.3741007149219513,0.7774957418441772,0,36.73143823118414,-1.3166157961697766
1327.0,591.0,242.0,397.0,246.0,2342.0,-0.2766421437263489,0.8098918199539185,0,36.735300986905855,-1.32137686717561
1278.5,612.0,233.5,346.0,321.0,2197.0,-0.2642785310745239,0.7450357675552368,0,36.72020929013265,-1.3035902245500437
1588.0,733.0,283.0,474.0,304.0,2778.0,-0.2725606858730316,0.8027254939079285,0,36.73422300856492,-1.313831018789006
2455.0,2402.0,914.0,947.5,1624.0,1995.0,0.1033707857131958,0.10251450538635254,0,36.74275700376405,-1.3017935939818046
1850.0,1007.0,312.0,495.0,388.0,2840.0,-0.2110874205827713,0.7596034407615662,0,36.72847379074655,-1.3045783713625752
1623.5,888.5,245.5,408.0,299.0,2189.0,-0.14832787215709686,0.7596462965011597,0,36.754614765514425,-1.291732462799666
1279.0,649.5,311.0,464.5,373.0,2410.0,-0.3065871596336365,0.7319439649581909,0,36.72182625764407,-1.314100513374242
1546.0,911.0,296.5,444.0,511.5,2112.0,-0.15472936630249023,0.6100628972053528,0,36.76611320115116,-1.3212870356471982
2019.5,1254.5,364.5,646.5,600.0,2622.0,-0.12980717420578003,0.6275604963302612,0,36.734133177036504,-1.2970325229759712
1133.0,464.0,205.0,299.0,199.0,2796.0,-0.42326292395591736,0.86711186170578,0,36.719849964019005,-1.3029614038511599
1863.0,1362.0,381.0,524.0,564.0,2174.0,-0.07703740149736404,0.5880204439163208,0,36.73619930218998,-1.304668202890987
1895.0,1224.0,325.5,478.0,451.5,1993.5,-0.025331104174256325,0.6306748390197754,0,36.76359791835562,-1.308530958612701
3568.5,3475.0,2817.0,2709.0,2541.0,2800.0,0.12067205458879471,0.04849279299378395,0,36.722455078342946,-1.2957748815782038
1610.0,778.5,259.5,420.5,284.0,2336.5,-0.18408717215061188,0.7832474708557129,0,36.74635026490053,-1.3192209104937234
1343.5,618.5,257.0,392.0,246.0,2825.0,-0.3554036319255829,0.8397915959358215,0,36.72047878471788,-1.3087106216695248
1805.5,1360.0,416.0,615.5,906.5,1749.0,0.01589534431695938,0.317266047000885,0,36.72685682323513,-1.3077224748569933
1419.0,715.0,231.0,387.5,274.5,2136.0,-0.2016877681016922,0.7722464203834534,0,36.72532968725213,-1.3038597191352794
2062.0,1614.0,808.0,937.0,1062.0,1966.0,0.023833168670535088,0.2985469102859497,0,36.72047878471788,-1.3003562895272134
1847.0,1004.5,317.5,577.0,416.0,2661.0,-0.1805678755044937,0.7296067476272583,0,36.7318873888262,-1.2968528599191471
1539.0,871.0,449.0,670.0,652.0,2222.0,-0.1816006451845169,0.5462769865989685,0,36.726497497121485,-1.3305396830736294
1514.5,679.5,251.0,455.5,256.5,2932.0,-0.3187900483608246,0.8391093015670776,0,36.766562358793216,-1.316346301584541
2068.5,1688.5,380.0,580.5,538.0,2695.0,-0.13152094185352325,0.667182207107544,0,36.761801287787385,-1.2969426914475592
2144.5,1729.5,708.0,1034.0,1435.0,2354.5,-0.046677038073539734,0.24264414608478546,0,36.734133177036504,-1.3029614038511599
1980.5,1460.5,404.0,604.0,582.5,2624.0,-0.13975459337234497,0.6366754770278931,0,36.74976386298018,-1.2940680825383766
2155.0,1100.0,338.0,601.0,432.0,3520.0,-0.2405286282300949,0.7813765406608582,0,36.74805706394036,-1.3092496108399967
1464.0,666.5,260.5,414.5,263.0,2601.0,-0.2797048091888428,0.8163408041000366,0,36.7566808906679,-1.3155378178288333
2130.0,1618.0,586.0,767.0,1124.0,1938.0,0.04719763994216919,0.2658393085002899,0,36.72308389904183,-1.317963269095956
1204.0,534.0,232.0,334.0,240.0,2294.0,-0.31160664558410645,0.8105761408805847,0,36.723622888212304,-1.3158971439424811
1588.5,790.5,307.5,538.5,356.0,2534.0,-0.22935111820697784,0.7536332011222839,0,36.72200592070089,-1.3172446168686602
3111.0,1997.0,821.0,1331.0,1201.0,4112.5,-0.13864469528198242,0.5479438900947571,0,36.74500279197435,-1.3017037624533927
2107.0,1334.0,506.0,754.0,802.0,2448.0,-0.07486278563737869,0.5064615607261658,0,36.76350808682721,-1.3041292137205154
1638.5,875.5,340.5,578.0,348.0,3135.0,-0.31350162625312805,0.8001722693443298,0,36.739343405684394,-1.334851596437403
1465.0,679.5,247.5,413.5,258.0,2463.0,-0.2540733218193054,0.8103638291358948,0,36.76162162473056,-1.3170649538118364
1693.0,1316.0,368.0,578.0,488.0,2548.0,-0.20160339772701263,0.678524374961853,0,36.760813140974854,-1.2969426914475592
2487.0,1734.0,674.0,1002.0,1098.0,2712.0,-0.0432775542140007,0.4236220419406891,0,36.75802836359408,-1.2946969032372604
1740.5,994.5,335.0,538.5,420.0,3174.0,-0.29168787598609924,0.7662771344184875,0,36.73449250315015,-1.3087106216695248
2294.0,1831.5,733.5,1015.5,1371.0,2134.0,0.036133695393800735,0.21768902242183685,0,36.7258686764226,-1.3262277697098555
2441.5,1749.5,603.0,904.5,899.5,2877.0,-0.0818839892745018,0.5236330032348633,0,36.74185868847993,-1.2985596589589743
851.5,372.0,225.5,306.0,225.5,1993.0,-0.4013007581233978,0.7967094779014587,0,36.74212818306517,-1.3190412474368993
2011.5,1326.5,472.5,704.0,595.5,2791.0,-0.16231130063533783,0.6483094692230225,0,36.72299406751342,-1.3105072522377639
2482.5,1830.0,491.0,772.0,1059.0,2348.0,0.027843909338116646,0.3783387243747711,0,36.76332842377039,-1.3114055675218834
1557.0,694.0,252.0,452.0,260.0,2800.0,-0.2852880358695984,0.8300653696060181,0,36.76790983171939,-1.3167056276981886
1505.0,696.0,280.0,427.0,279.0,2708.0,-0.285544753074646,0.8131905198097229,0,36.75524358621331,-1.317963269095956
1585.5,738.0,310.5,495.0,338.5,2734.0,-0.2658872604370117,0.7796582579612732,0,36.75093167284954,-1.317603942982308
2671.0,1654.0,575.0,824.0,852.0,2542.0,0.024745827540755272,0.49793753027915955,0,36.7205686162463,-1.3180531006243679
1692.0,931.0,315.5,487.5,363.0,2335.0,-0.15967221558094025,0.7309117913246155,0,36.74572144420164,-1.3259582751246197
1312.0,652.0,277.0,385.0,340.0,2042.0,-0.21765056252479553,0.714525580406189,0,36.75182998813366,-1.3130225350332985
1893.0,1240.0,542.0,792.0,737.0,2732.0,-0.18140541017055511,0.575093686580658,0,36.7626996030715,-1.308171632499053
1820.0,1099.0,368.0,568.0,545.0,2208.0,-0.09632571786642075,0.6040682792663574,0,36.75254864036095,-1.3134716926753582
1578.5,923.5,355.5,559.0,410.0,2888.5,-0.29326170682907104,0.7514021396636963,0,36.73143823118414,-1.3324261451702801
1768.0,972.5,359.5,564.0,414.0,2445.0,-0.16069309413433075,0.7103882431983948,0,36.739163742627575,-1.3090699477831726
2471.0,1547.0,609.0,923.0,985.0,2721.5,-0.048242658376693726,0.4685012698173523,0,36.746709591014174,-1.3265870958235033
1390.0,827.5,268.0,431.0,421.0,1944.0,-0.1661667674779892,0.6439746022224426,0,36.727934801576076,-1.3073631487433457
1493.0,863.0,319.0,471.5,397.5,2215.0,-0.19471412897109985,0.6956937909126282,0,36.75793853206567,-1.2938884194815528
1572.0,752.5,281.0,447.5,287.0,2823.0,-0.2846416234970093,0.8154340982437134,0,36.76476572822498,-1.312303882806003
2022.0,1280.0,473.0,758.0,641.0,2592.0,-0.12353706359863281,0.6034642457962036,0,36.73206705188303,-1.3245209706700285
1973.0,1511.0,630.0,874.0,1016.0,2212.0,-0.05710872262716293,0.3705080449581146,0,36.75191981966207,-1.3096089369536443
2396.0,1603.0,527.0,750.0,778.0,2836.0,-0.08409786224365234,0.5694521069526672,0,36.7431163298777,-1.336648227005642
2907.0,1600.0,561.0,920.0,808.0,3976.0,-0.15531018376350403,0.6622073650360107,0,36.73817559581504,-1.3107767468229998
3092.0,2161.0,754.5,995.0,1005.0,2631.0,0.08055216073989868,0.4471947252750397,0,36.73880441651392,-1.3299108623747455
2132.0,1633.0,384.0,588.0,660.0,2310.0,-0.040072038769721985,0.5555555820465088,0,36.73449250315015,-1.2949663978224961
1360.0,643.0,270.0,444.0,278.0,3176.0,-0.40035274624824524,0.8390272259712219,0,36.72299406751342,-1.3165259646413647
1285.5,586.5,247.5,360.5,231.5,2203.5,-0.2631126344203949,0.8098562359809875,0,36.73134839965573,-1.3204785518914905
1476.5,663.5,232.5,401.5,262.0,2482.0,-0.2540103495121002,0.8090379238128662,0,36.74428413974705,-1.3155378178288333
2612.0,1823.0,462.0,766.0,975.0,2522.0,0.01753019168972969,0.4423791766166687,0,36.73763660664457,-1.3013444363397448
2344.5,1903.0,690.0,877.5,1272.0,2118.0,0.0507563017308712,0.2495575249195099,0,36.73691795441727,-1.2938884194815528
1608.5,777.5,322.0,489.0,340.5,2529.0,-0.22247734665870667,0.7626764178276062,0,36.74850622158242,-1.3221853509313177
2298.0,1472.0,356.0,588.0,476.0,2558.0,-0.053542010486125946,0.6862227916717529,0,36.765574211980685,-1.3064648334592261
2792.0,1811.0,582.0,863.0,916.0,2810.0,-0.003213138086721301,0.5083199143409729,0,36.71931097484853,-1.3177836060391321
1517.0,718.5,311.5,537.0,342.0,2812.0,-0.29914531111717224,0.7831325531005859,0,36.748955379224476,-1.3246108021984404
1950.5,1377.0,958.0,1153.0,1189.0,2005.0,-0.013778283260762691,0.25547903776168823,0,36.75811819512249,-1.3257786120677957
1315.0,687.0,288.0,463.0,434.0,2164.0,-0.24403564631938934,0.6658968329429626,0,36.744373971275465,-1.30664449651605
2414.5,1494.0,514.0,810.0,731.0,2667.0,-0.04969005286693573,0.5697469115257263,0,36.71949063790535,-1.3143700079594778
1552.5,726.0,267.0,433.0,264.0,2723.0,-0.2737691402435303,0.8232340216636658,0,36.76359791835562,-1.3189514159084874
1501.0,672.0,260.0,434.0,259.0,2586.0,-0.26547589898109436,0.8179261684417725,0,36.763687749884035,-1.3150886601867735
1523.0,713.0,282.0,491.0,309.0,2796.0,-0.2947441637516022,0.800966203212738,0,36.74590110725847,-1.3166157961697766
1434.0,652.0,260.0,438.0,268.0,3428.0,-0.41011929512023926,0.8549783825874329,0,36.72254490987136,-1.3154479863004214
1490.0,659.5,264.5,428.0,258.0,2595.0,-0.2705018222332001,0.8191377520561218,0,36.74922487380971,-1.319759899664195
2039.0,1284.5,439.0,700.0,641.0,2826.0,-0.16176773607730865,0.6302278637886047,0,36.753446955645074,-1.293708756424729
1496.0,717.5,278.0,503.0,303.0,3013.0,-0.33643823862075806,0.8172497153282166,0,36.7258686764226,-1.3093394423684086
2805.5,1774.5,748.0,1090.0,1006.5,3774.0,-0.1471996307373047,0.5789143443107605,0,36.74491296044594,-1.3013444363397448
1656.5,812.0,316.5,561.0,382.0,2921.0,-0.2762424945831299,0.7686951160430908,0,36.75982499416232,-1.3143700079594778
1601.0,817.0,294.0,466.0,319.0,2636.0,-0.24427661299705505,0.7840947508811951,0,36.740780710138985,-1.3158971439424811
1009.5,429.0,237.5,332.0,239.5,2377.5,-0.4038972556591034,0.8169659972190857,0,36.72712631782037,-1.3189514159084874
2378.5,1680.0,458.5,647.5,780.0,1852.0,0.12445337325334549,0.4072948396205902,0,36.731528062712556,-1.3231734977438492
1563.5,728.0,296.5,482.0,324.0,2597.0,-0.24840764701366425,0.7781581878662109,0,36.74644009642894,-1.319580236607371
2053.0,1049.0,451.0,742.5,575.0,3336.0,-0.2380775660276413,0.7059575319290161,0,36.749135042281296,-1.3127530404480627
1943.5,1036.0,276.5,462.5,329.0,3344.0,-0.2648699879646301,0.820854902267456,0,36.718322828036,-1.3131123665617106
1711.5,1047.0,400.0,566.5,512.0,2172.0,-0.11857860535383224,0.6184799075126648,0,36.75730971136679,-1.3282938948633305
1802.0,946.0,298.0,524.0,365.0,2799.0,-0.2166920304298401,0.769279420375824,0,36.71841265956441,-1.314100513374242
2164.5,1740.5,504.5,703.0,717.0,2464.0,-0.06470778584480286,0.5491983890533447,0,36.7431163298777,-1.3371872161761138
1895.5,1664.0,875.5,974.0,1199.0,1698.0,0.05496034398674965,0.17224715650081635,0,36.75937583652026,-1.2928104411406094
2077.0,1188.0,450.0,683.0,672.0,2840.0,-0.15517592430114746,0.6173120737075806,0,36.72155676305883,-1.3079021379138174
2194.0,1264.0,364.0,563.0,444.0,2700.0,-0.10339190810918808,0.7175572514533997,0,36.75147066202001,-1.3351210910226388
1760.5,1198.5,271.5,425.5,535.0,1797.0,-0.010260013863444328,0.541166365146637,0,36.72685682323513,-1.3177836060391321
1658.5,801.0,297.0,486.0,347.5,3228.0,-0.32119104266166687,0.8056215643882751,0,36.7205686162463,-1.3097886000104684
1812.0,942.0,342.5,481.5,375.0,2491.0,-0.15779688954353333,0.738311231136322,0,36.746080770315295,-1.314190344902654
2138.0,1559.0,411.0,595.0,516.5,2555.0,-0.08885574340820312,0.663682222366333,0,36.75425543940078,-1.3035003930216316
1673.0,1157.0,312.0,492.0,408.0,2568.0,-0.2110351324081421,0.725806474685669,0,36.76710134796369,-1.3018834255102165
987.0,440.0,241.0,354.0,232.0,2102.0,-0.3609582483768463,0.8011996746063232,0,36.720029627075824,-1.308530958612701
1359.0,663.0,262.0,426.0,277.0,2314.0,-0.2600054442882538,0.7861829400062561,0,36.74383498210499,-1.323353160800673
2407.0,1447.5,513.5,809.5,765.5,2709.0,-0.05903049185872078,0.5593610405921936,0,36.7513808304916,-1.328922715562214
1499.0,874.0,339.0,415.0,408.0,1610.0,-0.03570279851555824,0.5956392288208008,0,36.7529079664746,-1.310686915294588
1587.0,758.0,306.0,513.0,318.0,3028.0,-0.31224268674850464,0.8099222779273987,0,36.73718744900251,-1.3145496710163018
3187.5,1857.0,648.0,1055.0,915.0,3666.0,-0.06981834024190903,0.6005238890647888,0,36.75623173302584,-1.3087106216695248
2509.5,1586.0,563.0,793.5,776.5,2363.5,0.029961010441184044,0.5054140090942383,0,36.74096037319581,-1.3284735579201543
1727.5,806.0,289.5,472.0,294.0,3196.0,-0.29826343059539795,0.8315186500549316,0,36.74563161267323,-1.3145496710163018
1893.0,1007.0,312.0,602.0,388.0,3072.0,-0.23746223747730255,0.7757225632667542,0,36.7370976174741,-1.2994579742430938
1602.5,746.0,306.0,477.5,299.0,2751.0,-0.2638107240200043,0.8039344549179077,0,36.74967403145177,-1.3180531006243679
1835.0,935.0,324.0,551.5,472.5,2717.0,-0.19376099109649658,0.7037153244018555,0,36.7326060410535,-1.297212186032795
1664.0,820.0,255.0,474.0,296.0,3024.0,-0.29010239243507385,0.8216867446899414,0,36.734582334678564,-1.2999071318851536
1898.0,1211.0,418.0,634.0,482.0,2612.0,-0.15831485390663147,0.6884292364120483,0,36.759645331105496,-1.304758034419399
1432.0,641.0,269.0,427.0,266.0,2388.0,-0.2502617835998535,0.7995478510856628,0,36.7370976174741,-1.3154479863004214
2589.0,1608.0,490.0,766.0,739.0,2340.0,0.05051734670996666,0.5199739933013916,0,36.737007785945686,-1.3249701283120883
1855.0,1515.5,943.0,1208.0,1359.0,2006.0,-0.039109040051698685,0.19227340817451477,0,36.753177461059835,-1.332965134340752
1856.0,1291.0,432.0,625.0,745.0,2098.0,-0.06120384484529495,0.47590574622154236,0,36.74904521075289,-1.308800453197937
1734.5,827.0,329.5,502.0,350.0,3081.0,-0.27961790561676025,0.7959778308868408,0,36.751290998963185,-1.3167056276981886
1735.0,1030.0,359.0,597.0,452.0,2916.0,-0.2539238929748535,0.7315914630889893,0,36.75659105913949,-1.304758034419399
2125.5,1296.0,381.5,638.5,462.5,2879.0,-0.15056449174880981,0.7231782078742981,0,36.732426377996674,-1.3231734977438492
1794.0,1082.0,323.0,554.0,388.0,2642.0,-0.19116321206092834,0.7438943982124329,0,36.730989073542084,-1.3267667588803274
1645.0,945.0,310.0,428.0,315.0,2810.0,-0.2615039348602295,0.7983999848365784,0,36.74661975948576,-1.3314379983577487
2036.5,1230.5,328.5,520.0,495.0,2944.0,-0.18221062421798706,0.7121255993843079,0,36.741768856951516,-1.3118547251639432
373.5,243.5,241.0,372.5,238.5,440.5,-0.08230958133935928,0.29749631881713867,0,36.73161789424097,-1.3010749417545089
2245.0,1234.0,546.5,928.0,698.0,3324.0,-0.19375112652778625,0.652908980846405,0,36.76063347791803,-1.3220056878744937
2287.0,1399.0,588.0,1004.0,792.0,3988.0,-0.27107569575309753,0.6686192750930786,0,36.73539081843427,-1.3332346289259878
1678.0,858.0,341.5,529.5,396.0,2706.0,-0.2344890534877777,0.7446808218955994,0,36.73952306874122,-1.3133818611469463
1769.0,1024.0,344.0,513.0,396.0,2954.0,-0.2508998513221741,0.7635821104049683,0,36.72092794235994,-1.3115852305787072
1500.0,842.5,336.0,509.0,439.5,2416.0,-0.2339121550321579,0.6921730041503906,0,36.73853492192869,-1.308261464027465
1641.0,810.0,306.0,482.0,314.0,2898.0,-0.2769332528114319,0.80448317527771,0,36.73422300856492,-1.323353160800673
1592.5,733.0,267.0,454.0,270.5,2738.5,-0.26460403203964233,0.8202060461044312,0,36.74599093878688,-1.3154479863004214
2497.0,1598.0,540.0,709.0,800.0,1974.0,0.1169760674238205,0.4232155680656433,0,36.72416187738278,-1.3228141716302013
1490.0,703.0,247.0,422.0,268.0,2744.0,-0.2961738407611847,0.8220451474189758,0,36.767011516435275,-1.3130225350332985
2077.0,1304.5,460.0,667.0,604.5,2308.0,-0.05267959088087082,0.5848926901817322,0,36.75614190149743,-1.3285633894485662
1564.0,942.0,313.5,496.5,409.0,2009.0,-0.12454520165920258,0.661703884601593,0,36.76764033713416,-1.3055665181751066
2297.0,1362.0,460.0,771.0,636.0,3244.0,-0.17090778052806854,0.6721649765968323,0,36.76782000019099,-1.3096089369536443
2028.0,1264.0,549.5,726.0,614.5,2842.0,-0.16714578866958618,0.6444380283355713,0,36.747518074769886,-1.3326058082271042
1777.0,984.0,358.0,614.0,381.0,3304.0,-0.30053138732910156,0.7932157516479492,0,36.728204296161316,-1.3331447973975759
1329.0,647.0,292.0,403.5,330.0,2119.0,-0.22911833226680756,0.7305022478103638,0,36.75551308079854,-1.3121242197491791
2509.0,1493.0,526.0,836.0,764.0,2581.0,-0.014145382679998875,0.543198823928833,0,36.72488052961007,-1.3206582149483146
2740.0,2222.0,624.0,925.0,1222.0,2512.0,0.04341203346848488,0.3454740345478058,0,36.734133177036504,-1.295325723936144
2224.5,1479.0,507.5,706.0,768.0,2977.5,-0.14475202560424805,0.5899078845977783,0,36.75434527092919,-1.30664449651605
1588.0,746.0,304.0,516.0,336.0,2808.0,-0.27752503752708435,0.7862595319747925,0,36.75021302062224,-1.3181429321527798
2396.0,1889.0,640.0,730.0,736.0,2962.0,-0.10563643276691437,0.601947009563446,0,36.72371271974072,-1.2970325229759712
1956.0,1651.0,562.0,790.5,887.5,2013.0,-0.014361300505697727,0.3880365490913391,0,36.744823128917524,-1.302602077737512
1722.0,836.0,310.0,558.0,365.0,3090.0,-0.28428927063941956,0.7887120246887207,0,36.72568901336578,-1.3052970235898707
1907.0,1335.0,736.0,890.0,1048.0,2204.0,-0.07224519550800323,0.3554735481739044,0,36.75165032507683,-1.3079021379138174
1575.0,854.5,294.0,466.5,340.0,2359.0,-0.1992882490158081,0.7480548620223999,0,36.73691795441727,-1.3336837865680475
2227.0,1290.0,398.0,726.0,530.0,3584.0,-0.23352262377738953,0.7423432469367981,0,36.739163742627575,-1.3114953990502953
1936.5,1211.5,327.0,496.5,433.5,2450.0,-0.11706371605396271,0.6993237137794495,0,36.74455363433229,-1.3135615242037704
1098.5,439.0,207.5,329.5,212.5,2991.0,-0.4627705216407776,0.8673325777053833,0,36.72497036113848,-1.3130225350332985
1697.5,776.5,307.0,495.5,321.0,3051.0,-0.2850373685359955,0.809608519077301,0,36.76521488586704,-1.3222751824597296
1532.0,744.0,260.0,434.0,277.0,2352.0,-0.2111225575208664,0.7892735004425049,0,36.73718744900251,-1.3137411872605942
2169.0,1451.0,420.0,690.0,661.0,2828.0,-0.13187912106513977,0.6210948824882507,0,36.76692168490686,-1.3099682630672922
2344.0,1674.0,646.0,958.0,987.0,2452.0,-0.022518765181303024,0.42599591612815857,0,36.75757920595202,-1.302781740794336
948.0,419.0,242.0,322.0,242.0,2192.0,-0.39617833495140076,0.801150381565094,0,36.73880441651392,-1.3199395627210189
2528.5,1424.5,486.0,775.5,702.5,3260.0,-0.12637124955654144,0.6454258561134338,0,36.747248580184646,-1.3134716926753582
2155.0,1149.0,413.5,698.5,563.0,3238.0,-0.20081587135791779,0.7037621736526489,0,36.721916089172474,-1.3097886000104684
2124.0,1193.0,308.5,488.0,379.0,2375.0,-0.05579017475247383,0.7247639894485474,0,36.74401464516182,-1.3129327035048866
1549.0,735.0,286.0,470.0,309.0,2924.0,-0.3073999583721161,0.8088462948799133,0,36.741229867781044,-1.3149089971299495
1615.0,805.5,324.0,489.0,329.5,2367.0,-0.1888498216867447,0.7556090950965881,0,36.74778756935512,-1.319490405078959
1729.0,772.5,309.0,571.0,317.5,3720.0,-0.3653881549835205,0.8427244424819946,0,36.726048339479426,-1.3210175410619622
2189.0,1948.0,1728.0,1582.0,1552.0,2046.0,0.033766232430934906,0.13729849457740784,0,36.752728303417776,-1.3096089369536443
1883.0,1188.0,406.0,700.0,553.0,2768.0,-0.19028165936470032,0.6669678092002869,0,36.73808576428663,-1.2976613436748548
1526.0,808.5,273.0,408.5,324.0,2289.0,-0.20000000298023224,0.7520092129707336,0,36.72955176908749,-1.2988291535442102
2606.0,1438.0,542.0,935.0,766.0,3604.0,-0.16070853173732758,0.6494278907775879,0,36.74644009642894,-1.3132021980901225
2441.0,1439.0,483.0,740.0,723.0,2620.0,-0.035368505865335464,0.5674543976783752,0,36.72407204585436,-1.3242514760847925
1393.5,636.0,281.0,481.0,350.5,2794.0,-0.3344477713108063,0.7770710587501526,0,36.72227541528613,-1.3151784917151854
1551.0,741.0,319.0,465.5,325.5,2554.0,-0.24433617293834686,0.7739191055297852,0,36.756321564554256,-1.3196700681357831
1717.0,934.0,313.0,585.0,433.0,2990.0,-0.2704482674598694,0.7470055222511292,0,36.736738291360446,-1.2988291535442102
3152.0,2033.5,753.5,1051.0,1097.0,2740.0,0.06992532312870026,0.4281991124153137,0,36.73727728053092,-1.3315278298861608
2299.0,1437.5,438.5,660.0,619.0,2504.0,-0.042681656777858734,0.6035863161087036,0,36.73116873659891,-1.3229938346870254
2254.5,1288.5,405.5,646.0,493.5,2795.5,-0.10712870955467224,0.6999087929725647,0,36.72847379074655,-1.3325159766986923
1430.0,666.0,220.0,342.0,215.0,2332.0,-0.23976607620716095,0.8311739563941956,0,36.731977220354615,-1.3208378780051384
3227.0,1800.0,598.5,1020.0,995.5,3770.0,-0.07760468870401382,0.5822054147720337,0,36.74473329738911,-1.3094292738968205
2157.0,1364.5,477.5,804.0,703.0,3160.0,-0.18864020705223083,0.6360341906547546,0,36.75730971136679,-1.3049376974762228
1401.0,714.0,252.0,375.0,300.0,2530.0,-0.2872042655944824,0.7879858613014221,0,36.726497497121485,-1.3313481668293368
1672.0,801.0,302.0,487.5,330.5,2721.0,-0.23878897726535797,0.7833852171897888,0,36.74742824324147,-1.316346301584541
1886.0,1420.0,371.0,551.0,488.0,2696.0,-0.17677870392799377,0.6934673190116882,0,36.74015188944011,-1.2982901643737383
2122.0,2122.5,1103.0,1305.0,1419.0,1624.0,0.13294179737567902,0.06736773252487183,0,36.73395351397968,-1.306285170402402
2650.5,2108.0,862.0,1114.0,1280.0,2234.0,0.0852697342634201,0.27148547768592834,0,36.76458606516815,-1.3238921499711447
1814.5,959.0,296.5,468.5,315.5,3026.5,-0.25036150217056274,0.8111909031867981,0,36.76458606516815,-1.3211972041187863
3092.0,2256.5,624.0,841.0,998.0,2555.0,0.09509474039077759,0.4382212162017822,0,36.72856362227496,-1.3306295146020413
1803.0,1036.0,396.0,640.0,637.0,2476.0,-0.15727974474430084,0.5907484889030457,0,36.75380628175872,-1.3142801764310659
2003.0,1150.0,394.0,591.0,467.0,2526.0,-0.1154780313372612,0.6879385113716125,0,36.75766903748043,-1.3056563497035185
2639.0,1530.5,489.5,879.0,660.0,3898.0,-0.19259598851203918,0.7103992700576782,0,36.7671911794921,-1.308261464027465
1746.0,844.5,294.0,518.0,319.5,3609.5,-0.34796005487442017,0.8373631834983826,0,36.7281144646329,-1.297212186032795
1837.5,1252.0,382.5,560.5,542.5,2752.0,-0.1992591768503189,0.6706632375717163,0,36.74096037319581,-1.3370973846477017
2523.0,1400.5,593.0,1010.0,777.0,3646.0,-0.18203923106193542,0.6486547589302063,0,36.761082635560086,-1.3221853509313177
2251.0,1445.5,517.0,788.0,708.5,3408.0,-0.20445308089256287,0.6557755470275879,0,36.73521115537745,-1.288049370134776
1664.5,816.5,303.0,562.0,326.0,3260.0,-0.3239922821521759,0.8181818127632141,0,36.7461706018437,-1.330809177658865
1616.0,1039.0,367.0,568.0,500.0,2510.0,-0.21667474508285522,0.6677740812301636,0,36.732246714939855,-1.308800453197937
1788.0,1051.0,366.0,587.0,468.0,2656.0,-0.1953195333480835,0.7003841400146484,0,36.724611035024836,-1.3304498515452172
1849.0,931.5,421.0,761.0,506.0,3636.0,-0.3257976174354553,0.7556735873222351,0,36.74697908559941,-1.3313481668293368
1469.0,794.0,276.0,373.0,356.5,1994.0,-0.15160265564918518,0.6966602802276611,0,36.750302852150654,-1.308530958612701
2177.0,1505.0,425.0,652.0,624.0,2792.0,-0.12376736104488373,0.6346604228019714,0,36.73332469328079,-1.287869707077952
1591.0,1116.0,356.0,493.0,479.0,1930.0,-0.09627946466207504,0.6023246049880981,0,36.727216149348784,-1.329012547090626
3133.0,3070.0,1512.0,1074.0,1136.0,2592.0,0.09449781477451324,0.3905579447746277,0,36.75398594481555,-1.3083512955558771
2464.5,1541.5,543.5,855.0,784.5,3124.0,-0.11801020056009293,0.5985672473907471,0,36.74922487380971,-1.3132920296185344
2543.0,1510.0,479.0,850.0,669.5,3672.0,-0.18165728449821472,0.6915812492370605,0,36.76692168490686,-1.308441127084289
2131.0,1646.5,809.0,1051.0,860.0,2655.0,-0.10948599874973297,0.5106685757637024,0,36.75928600499185,-1.325149791368912
1489.0,711.0,289.0,470.0,313.0,2421.0,-0.23836317658424377,0.7710314393043518,0,36.75147066202001,-1.3239819814995568
2048.0,1116.0,413.0,624.0,496.0,2552.0,-0.10956522077322006,0.6745406985282898,0,36.75497409162808,-1.3282040633349186
1283.0,811.0,294.0,405.0,350.0,2478.0,-0.31773465871810913,0.7524752616882324,0,36.71724484969506,-1.3064648334592261
2066.0,1441.0,548.0,781.0,828.0,2182.0,-0.027306968346238136,0.4498338997364044,0,36.724341540439596,-1.3194005735505472
1455.5,671.0,313.5,536.5,390.0,3548.0,-0.4182072579860687,0.8019298911094666,0,36.74185868847993,-1.3185022582664276
1812.0,1094.0,340.0,520.0,479.0,2954.0,-0.23961393535137177,0.720943808555603,0,36.73296536716715,-1.3351210910226388
2616.0,1905.0,661.0,844.0,1184.0,1736.0,0.20220588147640228,0.18904109299182892,0,36.75883684734979,-1.3113157359934715
2375.5,1306.0,446.0,743.0,603.5,3740.0,-0.22312158346176147,0.7221134901046753,0,36.76314876071356,-1.3227243401017894
1617.0,891.0,363.0,522.0,501.0,2380.0,-0.19089317321777344,0.6522040963172913,0,36.7303602528432,-1.316076806999305
1776.0,835.0,291.0,487.0,286.0,3132.0,-0.2762836217880249,0.8326506614685059,0,36.734133177036504,-1.323532823857497
1535.0,867.0,282.0,442.0,361.0,2750.0,-0.2835472524166107,0.7679202556610107,0,36.741050204724225,-1.29146296821443
2209.0,1394.0,520.0,834.0,794.0,2943.0,-0.14246894419193268,0.5750601887702942,0,36.719580469433765,-1.3001766264703893
1936.0,1450.0,353.0,479.0,567.0,2036.0,-0.025176234543323517,0.5643488168716431,0,36.748146895468764,-1.3083512955558771
1888.0,1332.0,381.0,540.5,1004.5,1898.0,-0.0026413099840283394,0.3078380823135376,0,36.72200592070089,-1.3051173605330468
1464.5,695.5,276.5,432.0,270.0,2586.0,-0.2768794000148773,0.8109243512153625,0,36.74859605311082,-1.3183225952096038
2430.0,1960.0,772.0,1009.0,1006.0,2512.0,-0.016592472791671753,0.428084135055542,0,36.72389238279754,-1.2965833653339114
2079.5,1601.5,618.0,905.5,956.0,2521.0,-0.09596782922744751,0.4501006603240967,0,36.75434527092919,-1.3313481668293368
1178.5,525.0,224.0,348.0,242.0,2390.0,-0.3394984006881714,0.8161094188690186,0,36.72946193755908,-1.318232763681192
3313.0,1864.0,659.0,1068.0,956.0,3768.0,-0.0642564594745636,0.5952582359313965,0,36.74644009642894,-1.310686915294588
2267.0,1424.0,538.0,811.0,806.0,3540.0,-0.2192181795835495,0.6290842294692993,0,36.74904521075289,-1.330809177658865
1734.0,818.0,308.0,506.5,340.0,3196.0,-0.29655173420906067,0.807692289352417,0,36.72452120349642,-1.306913991101286
1911.0,1410.0,566.0,868.0,942.0,2862.0,-0.19924575090408325,0.5047318339347839,0,36.721736426115655,-1.3061953388739902
1405.0,688.0,259.0,453.0,308.0,2436.0,-0.26841968297958374,0.7755101919174194,0,36.74320616140611,-1.32137686717561
2040.5,1472.0,554.0,856.5,931.0,2662.0,-0.13216374814510345,0.4817700982093811,0,36.725778844894194,-1.3097886000104684
1589.0,706.0,262.0,462.0,292.0,2950.0,-0.29984578490257263,0.8198642730712891,0,36.746709591014174,-1.317603942982308
1880.0,1404.0,627.0,892.0,896.5,2017.0,-0.035155247896909714,0.38458898663520813,0,36.75614190149743,-1.2937985879531408
1421.5,698.0,273.5,447.0,290.5,2489.5,-0.2730759382247925,0.7910072207450867,0,36.74356548751976,-1.3227243401017894
1935.5,1080.0,284.0,508.5,428.0,3107.0,-0.2323252409696579,0.7578500509262085,0,36.71976013249059,-1.3017037624533927
1906.5,1285.5,527.0,823.0,678.0,3049.5,-0.23062953352928162,0.6362172961235046,0,36.734312840093324,-1.3279345687496826
2085.0,1366.0,539.0,810.0,838.0,2515.0,-0.093478262424469,0.500149130821228,0,36.728204296161316,-1.321736193289258
1617.0,728.5,249.5,443.5,253.0,3163.5,-0.32350173592567444,0.8518952131271362,0,36.76593353809433,-1.314100513374242
2134.0,1311.0,424.0,736.0,611.0,3116.0,-0.18704761564731598,0.6721223592758179,0,36.73332469328079,-1.2963138707486754
2183.0,1698.0,414.0,610.0,645.0,1800.0,0.09615867584943771,0.47239264845848083,0,36.72703648629196,-1.300895278697685
1649.0,1036.5,428.0,618.5,588.5,2273.0,-0.15910249948501587,0.5886772871017456,0,36.74706891712783,-1.334761764908991
1363.5,601.0,250.5,426.0,240.5,3073.0,-0.3853262662887573,0.8548362851142883,0,36.73089924201367,-1.3185022582664276
1682.5,1038.0,427.0,636.0,494.5,2597.0,-0.21369318664073944,0.6800905466079712,0,36.76216061390103,-1.3287430525053903
1489.0,752.0,246.0,411.0,279.0,2088.0,-0.16745875775814056,0.7642585635185242,0,36.72568901336578,-1.3051173605330468
866.0,377.0,226.0,311.0,238.0,1974.0,-0.3901408314704895,0.7848101258277893,0,36.7416790254231,-1.3203887203630786
2520.0,1625.0,556.0,918.0,828.0,3300.0,-0.1340206116437912,0.5988371968269348,0,36.721466931530415,-1.2963138707486754
2139.0,1178.0,345.0,552.0,454.0,2900.0,-0.1510220319032669,0.7292784452438354,0,36.7671911794921,-1.3094292738968205
2521.0,2351.0,1106.0,1140.0,1310.0,2138.0,0.08220648020505905,0.2401392161846161,0,36.738894248042335,-1.2926307780837853
1721.5,754.0,293.0,492.0,289.0,3118.0,-0.2885628640651703,0.8303492665290833,0,36.76207078237262,-1.32137686717561
2273.0,1309.0,448.0,846.0,582.0,3208.0,-0.17058931291103363,0.6928759813308716,0,36.73691795441727,-1.3017037624533927
1318.0,602.0,261.0,397.0,270.0,2348.0,-0.28096017241477966,0.793735682964325,0,36.73754677511616,-1.321646361760846
1964.0,1270.0,402.0,590.0,530.0,2846.0,-0.18336798250675201,0.6860189437866211,0,36.7649453912818,-1.30664449651605
2270.5,1946.0,592.0,916.0,1262.0,2056.0,0.04957818239927292,0.23930078744888306,0,36.73503149232062,-1.302871572322748
1861.0,1253.5,373.5,547.5,559.0,2298.0,-0.10507333278656006,0.6086804270744324,0,36.76144196167374,-1.3070038226296978
2543.0,1439.5,441.0,740.0,591.5,3340.0,-0.13547509908676147,0.6990970373153687,0,36.74805706394036,-1.312034388220767
1645.5,1101.0,312.0,470.5,400.5,1988.0,-0.09426172822713852,0.6646431088447571,0,36.75883684734979,-1.291642631271254
1978.0,1306.0,409.0,626.0,598.0,2242.0,-0.06255923956632614,0.5788732171058655,0,36.754435102457606,-1.3303600200168053
2182.0,1242.5,430.0,695.5,574.0,2814.0,-0.126501202583313,0.6611570119857788,0,36.749853694508595,-1.3149089971299495
2459.5,1627.0,495.0,850.5,925.0,2716.0,-0.04956042766571045,0.4918978214263916,0,36.74994352603701,-1.3040393821921035
1848.0,1130.0,375.0,596.0,482.0,2706.0,-0.18840579688549042,0.6976160407066345,0,36.73988239485487,-1.3373668792329376
2048.0,1137.0,365.0,620.0,513.0,3332.0,-0.23866170644760132,0.7331599593162537,0,36.72200592070089,-1.3218260248176699
2722.5,1625.5,475.5,802.0,808.5,3019.0,-0.0516415573656559,0.5775310397148132,0,36.73449250315015,-1.2981105013169145
1731.0,872.0,305.0,486.0,400.0,3007.0,-0.26931193470954895,0.7651892900466919,0,36.72155676305883,-1.3114055675218834
2204.0,1574.0,562.0,852.0,924.0,2208.0,-0.0009066183120012283,0.4099617004394531,0,36.748146895468764,-1.334671933380579
2442.0,2183.0,935.0,1186.0,1530.0,1926.0,0.11813186854124069,0.1145833358168602,0,36.75811819512249,-1.3002664579988015
2033.0,1552.0,657.0,886.0,1010.0,1898.0,0.034342408180236816,0.3053645193576813,0,36.76710134796369,-1.3024224146806882
1535.0,1110.0,434.0,626.0,798.0,2104.0,-0.1563616394996643,0.4500344693660736,0,36.74742824324147,-1.3072733172149336
3255.0,2115.0,654.5,946.0,1011.0,2711.5,0.09109193086624146,0.4568166434764862,0,36.7558724069122,-1.3093394423684086
2171.5,1271.5,487.5,806.0,652.5,3395.0,-0.21979700028896332,0.6775787472724915,0,36.73476199773538,-1.3055665181751066
1392.0,639.0,266.5,418.5,259.5,2548.0,-0.29340100288391113,0.815138041973114,0,36.738894248042335,-1.3156276493572452
1437.5,680.5,304.0,462.0,285.0,2484.0,-0.2668621838092804,0.7941495180130005,0,36.74473329738911,-1.3229938346870254
1986.0,1068.0,350.0,614.0,463.0,2452.0,-0.1050022542476654,0.6823327541351318,0,36.75075200979271,-1.3357499117215226
1523.0,734.0,308.0,471.0,278.0,2644.0,-0.2690184712409973,0.8097193837165833,0,36.7370976174741,-1.3143700079594778
1013.5,574.0,231.5,349.0,327.5,1809.5,-0.2819695472717285,0.6934955716133118,0,36.74518245503117,-1.3052970235898707
1787.5,776.0,297.0,543.0,311.5,3926.0,-0.37428897619247437,0.8529793620109558,0,36.766562358793216,-1.3200293942494308
2401.0,1484.0,592.5,831.0,899.0,2780.0,-0.07315190136432648,0.5112802386283875,0,36.76404707599768,-1.3096987684820562
356.5,191.5,438.0,749.0,676.0,398.0,-0.05500331521034241,-0.2588454484939575,0,36.739612900269634,-1.3126632089196508
1130.0,562.0,232.0,328.0,239.0,1934.0,-0.26240208745002747,0.7800276279449463,0,36.73062974742844,-1.3158971439424811
1964.5,1251.5,558.5,675.5,818.5,1763.0,0.05405768007040024,0.3658725619316101,0,36.72568901336578,-1.3162564700561288
1832.5,1045.5,431.0,681.5,565.5,2631.0,-0.1788954883813858,0.6461755037307739,0,36.76251994001468,-1.3238023184427328
1918.5,1739.5,899.5,1227.0,1431.0,2170.0,-0.061514001339673996,0.2052207738161087,0,36.721017773888356,-1.3137411872605942
1501.0,714.0,270.0,446.0,284.0,2778.0,-0.29843422770500183,0.8145003318786621,0,36.75811819512249,-1.3189514159084874
2484.0,2322.5,914.0,1192.0,1739.0,2154.0,0.07115136086940765,0.10660159587860107,0,36.74931470533812,-1.3053868551182826
1889.0,1132.0,351.5,536.0,532.0,2391.0,-0.1172897219657898,0.6359904408454895,0,36.76350808682721,-1.3115852305787072
1494.0,701.0,247.0,393.0,270.0,2448.0,-0.24200913310050964,0.8013244867324829,0,36.74706891712783,-1.3186819213232515
2743.0,1862.0,592.0,939.0,845.0,3676.0,-0.14534974098205566,0.6261888742446899,0,36.721736426115655,-1.3187717528516636
1938.0,1206.0,356.0,580.0,511.0,2094.0,-0.0386904776096344,0.6076775193214417,0,36.7416790254231,-1.3279345687496826
1591.0,727.0,268.0,459.0,254.0,2978.0,-0.3035675287246704,0.8428217768669128,0,36.76395724446927,-1.3150886601867735
1542.0,723.0,301.0,506.0,316.0,3010.0,-0.32249560952186584,0.8099819421768188,0,36.7513808304916,-1.3199395627210189
2584.0,1790.0,574.0,794.0,846.0,2286.0,0.06119096651673317,0.4597701132297516,0,36.7506621782643,-1.3275752426360348
1437.5,680.5,276.5,449.5,270.5,2526.5,-0.27472251653671265,0.8065784573554993,0,36.74949436839495,-1.3193107420221353
1893.0,1024.0,380.0,571.0,502.5,2270.0,-0.0905596911907196,0.6375112533569336,0,36.750302852150654,-1.3132021980901225
1403.0,669.0,268.0,397.0,260.0,2430.0,-0.2679363489151001,0.8066914677619934,0,36.75452493398601,-1.3168852907550126
1639.0,768.5,287.0,451.0,293.5,2861.0,-0.2715555429458618,0.8139166235923767,0,36.742487509178815,-1.3153581547720092
1995.5,1482.5,479.0,641.0,770.0,1938.0,0.014618024230003357,0.431314617395401,0,36.76063347791803,-1.2928104411406094
2179.0,1335.0,408.0,692.0,630.0,2840.0,-0.1316995471715927,0.6368876099586487,0,36.741229867781044,-1.3320668190566325
1504.0,690.0,256.0,407.0,256.0,2768.0,-0.29588013887405396,0.8306878209114075,0,36.76620303267957,-1.3128428719764746
2875.5,2291.0,732.0,1042.0,1452.0,2632.0,0.04421243816614151,0.2889324128627777,0,36.7656640435091,-1.3017037624533927
1676.5,846.0,331.0,515.5,364.5,2762.0,-0.24456460773944855,0.7668319344520569,0,36.7205686162463,-1.310058094595704
1017.0,481.5,245.0,344.0,271.0,1942.0,-0.312605619430542,0.7550836205482483,0,36.72748564393402,-1.3154479863004214
2171.0,1578.0,667.0,940.0,976.0,2347.0,-0.038955289870500565,0.4125789999961853,0,36.753896113287134,-1.306375001930814
2063.0,1373.0,648.0,891.0,812.0,2646.0,-0.12380547821521759,0.5303643941879272,0,36.735300986905855,-1.3059258442887542
1537.0,714.0,303.0,466.0,300.0,2754.0,-0.2836168706417084,0.8035363554954529,0,36.75308762953142,-1.3242514760847925
2032.0,1314.5,411.0,650.0,666.5,2805.0,-0.15980979800224304,0.616016149520874,0,36.71733468122347,-1.3126632089196508
1087.0,461.0,211.0,315.0,215.0,2854.0,-0.44836336374282837,0.8598892092704773,0,36.72065844777471,-1.3039495506636913
2290.5,1577.0,492.0,737.0,803.0,2218.0,0.016080737113952637,0.4683879613876343,0,36.742667172235635,-1.3359295747783464
2704.0,1508.0,515.0,942.0,723.5,3874.0,-0.17786560952663422,0.6852637529373169,0,36.72901277991702,-1.3017935939818046
2287.5,1695.0,637.5,944.5,1048.0,2926.5,-0.12255465984344482,0.4726380705833435,0,36.736738291360446,-1.2874205494358921
2535.0,1488.0,536.0,875.0,794.0,3368.0,-0.14111468195915222,0.6184526681900024,0,36.74185868847993,-1.3074529802717576
2759.5,1590.5,521.0,904.0,734.0,3962.0,-0.1789035201072693,0.6873935461044312,0,36.767011516435275,-1.308261464027465
2210.0,1456.0,472.0,725.0,714.0,2894.0,-0.13401253521442413,0.6042128801345825,0,36.74015188944011,-1.3005359525840372
2173.5,1599.5,724.0,904.5,1003.5,2292.0,-0.02653678134083748,0.39098772406578064,0,36.72155676305883,-1.299368142714682
1544.5,698.5,258.0,419.5,252.0,2621.0,-0.2584323585033417,0.8245736360549927,0,36.748955379224476,-1.317603942982308
1920.0,1798.0,736.0,1013.0,1196.0,1772.0,0.04008667543530464,0.19407008588314056,0,36.75856735276455,-1.2999071318851536
2585.0,1584.0,503.0,750.0,776.0,2294.0,0.05964336916804314,0.4944625496864319,0,36.73727728053092,-1.3247904652552642
2506.0,1911.0,642.0,924.0,826.0,2790.0,-0.053625378757715225,0.5431416034698486,0,36.725060192666895,-1.331078672244101
1590.0,743.0,279.0,471.5,300.0,2983.0,-0.30461403727531433,0.8172403573989868,0,36.763687749884035,-1.311944556692355
1813.0,1283.0,578.0,795.0,876.0,2198.0,-0.09598603844642639,0.4300585687160492,0,36.73305519869556,-1.3264074327666795
2061.0,1408.0,476.0,750.0,738.0,2722.0,-0.13819777965545654,0.5734103918075562,0,36.73494166079221,-1.3323363136418682
2062.0,1243.0,402.0,679.0,614.0,2986.0,-0.18304279446601868,0.6588888764381409,0,36.75147066202001,-1.3357499117215226
1705.0,1026.0,500.0,756.0,762.0,2766.0,-0.2373070865869522,0.5680271983146667,0,36.72757547546243,-1.3055665181751066
3369.5,2289.0,856.5,1136.0,1258.0,2880.0,0.0783262625336647,0.39197680354118347,0,36.73952306874122,-1.3263176012382676
2164.0,1469.5,477.0,785.0,706.5,3035.0,-0.16753222048282623,0.6223439574241638,0,36.73404334550809,-1.3245209706700285
2402.0,1421.0,439.0,709.0,665.0,2546.0,-0.029102668166160583,0.5857987999916077,0,36.76027415180438,-1.3275752426360348
1864.0,1030.0,415.0,647.0,559.5,2786.0,-0.19827957451343536,0.6655208468437195,0,36.72937210603067,-1.3339532811532835
1801.0,1181.5,364.5,496.0,409.5,2260.5,-0.11313553899526596,0.6932584047317505,0,36.730090758257965,-1.3034105614932197
1549.0,775.0,300.0,490.0,308.0,2517.0,-0.23807181417942047,0.7819468975067139,0,36.75470459704284,-1.3200293942494308
1615.0,846.0,276.0,465.0,310.0,2836.0,-0.2743203639984131,0.8029243350028992,0,36.76431657058292,-1.304398708305751
2172.5,1356.0,481.5,756.0,698.5,2645.0,-0.09807991981506348,0.5821743607521057,0,36.76027415180438,-1.3300905254315696
1534.0,712.0,294.0,476.0,297.0,2518.0,-0.24284304678440094,0.7889875769615173,0,36.752728303417776,-1.319580236607371
3107.0,2180.0,686.0,1072.0,1126.0,3533.0,-0.06415662914514542,0.516634464263916,0,36.745092623502764,-1.3377262053465855
2771.0,1725.0,680.0,1028.0,910.0,3030.0,-0.044647473841905594,0.5380710363388062,0,36.74006205791169,-1.3314379983577487
2952.5,1928.5,705.5,1001.5,1064.0,2785.0,0.029193900525569916,0.44712913036346436,0,36.74042138402534,-1.3264972642950914
1526.5,672.0,276.5,422.0,260.0,2606.5,-0.2613113820552826,0.8185940980911255,0,36.76314876071356,-1.3212870356471982
1705.0,1026.0,444.0,726.0,636.0,3364.0,-0.32728350162506104,0.6819999814033508,0,36.72748564393402,-1.3055665181751066
3128.0,2824.0,1084.0,969.0,1134.0,1918.0,0.23979389667510986,0.2568807303905487,0,36.75407577634395,-1.308441127084289
1500.0,669.0,286.0,458.0,290.0,2798.0,-0.3020009398460388,0.8121761679649353,0,36.7513808304916,-1.321646361760846
1486.0,693.0,283.0,400.0,286.0,2574.0,-0.26798030734062195,0.800000011920929,0,36.75263847188936,-1.3148191656015376
2713.0,2060.0,660.0,814.0,709.0,2288.0,0.08498300611972809,0.5268601775169373,0,36.72766530699084,-1.3001766264703893
844.0,374.0,233.5,300.0,216.5,2024.0,-0.411436527967453,0.8067395687103271,0,36.73619930218998,-1.3185920897948396
1845.0,970.0,300.0,561.0,384.0,3316.0,-0.2850222885608673,0.792432427406311,0,36.73646879677521,-1.2973020175612069
2762.5,1785.5,599.5,920.0,940.5,2649.5,0.020879527553915977,0.47604456543922424,0,36.74069087861057,-1.325239622897324
3263.0,1957.0,708.0,1100.0,930.0,3484.0,-0.032755300402641296,0.5786135196685791,0,36.75695038525314,-1.308800453197937
1557.0,736.5,272.0,434.0,273.5,2575.0,-0.24636979401111603,0.8079690933227539,0,36.729641600615906,-1.314190344902654
3153.0,2088.0,736.0,1003.5,1065.0,2818.0,0.05610450357198715,0.4514550566673279,0,36.74006205791169,-1.3265870958235033
1574.0,701.0,266.0,478.0,281.0,2665.0,-0.25737202167510986,0.8092328310012817,0,36.767460674077334,-1.3169751222834245
1319.0,592.5,248.5,351.5,268.0,2233.0,-0.2573198080062866,0.7856857180595398,0,36.72766530699084,-1.3117648936355313
2009.0,1995.0,765.0,957.0,1407.0,1480.0,0.15161937475204468,0.025285763666033745,1,36.750572346735886,-1.2885883593052476
2343.5,2167.0,746.0,1063.0,1547.0,2100.0,0.054799143224954605,0.15163147449493408,1,36.742936666820874,-1.2955053869929678
2149.5,1653.5,798.0,1054.0,1121.0,2335.0,-0.041364699602127075,0.35127314925193787,1,36.74131969930946,-1.3369177215908778
2825.0,2723.5,1178.0,1391.0,1616.0,1875.0,0.20212766528129578,0.07419077306985855,1,36.74473329738911,-1.3029614038511599
2445.0,2374.0,553.0,747.0,876.0,2170.0,0.059588298201560974,0.4248194396495819,1,36.7258686764226,-1.2929002726690213
2911.5,2291.0,1098.0,1439.0,1725.0,2844.0,0.011727912351489067,0.24491135776042938,1,36.75542324927014,-1.3096987684820562
2178.0,2109.0,694.0,946.0,1338.0,1578.0,0.15974441170692444,0.08230452984571457,1,36.733414524809206,-1.2920917889133137
2542.0,1840.0,783.0,1038.0,1032.0,2698.0,-0.029770992696285248,0.44664880633354187,1,36.75227914577572,-1.3030512353795718
2232.0,2082.0,882.0,1125.0,1433.0,1680.0,0.1411042958498001,0.07934468239545822,1,36.750302852150654,-1.2931697672542573
2493.5,2437.0,669.0,818.0,1032.0,1568.5,0.22772033512592316,0.20630647242069244,1,36.756501227611075,-1.2986494904873862
2206.0,1672.0,646.0,850.0,1028.0,2175.0,0.00707601010799408,0.3581017851829529,1,36.72766530699084,-1.2963138707486754
2298.0,2112.0,771.5,977.0,1190.0,1947.0,0.08268551528453827,0.24131335318088531,1,36.72928227450226,-1.2892171800041312
2005.0,1839.0,710.0,915.0,1072.0,2112.0,-0.025989798828959465,0.32663315534591675,1,36.73970273179804,-1.2938884194815528
1972.0,1778.0,1036.0,1192.0,1360.0,1575.0,0.11192557215690613,0.07325383275747299,1,36.74787740088353,-1.299368142714682
1886.5,1888.5,729.0,919.0,1199.0,1374.0,0.15718448162078857,0.0680139884352684,1,36.74679942254259,-1.3043088767773392
2194.0,1850.0,654.0,880.0,1146.0,1732.0,0.11767702549695969,0.20361362397670746,1,36.750302852150654,-1.2930799357258451
2231.0,2154.0,1118.0,1296.0,1512.0,1598.0,0.16531731188297272,0.027652733027935028,1,36.74545194961641,-1.2863425710949488
2356.0,1846.0,699.5,954.5,1036.0,3010.0,-0.1218784973025322,0.48788926005363464,1,36.7431163298777,-1.2981105013169145
2253.0,2239.5,814.5,1019.5,1255.0,1620.0,0.16343919932842255,0.1269565224647522,1,36.74922487380971,-1.287869707077952
2267.5,2204.0,809.0,958.5,1223.0,1488.0,0.20756223797798157,0.09774991124868393,1,36.74500279197435,-1.2852645927540054
2281.0,2030.0,633.0,852.0,1050.0,1970.0,0.07315925508737564,0.30463576316833496,1,36.7386247534571,-1.2962240392202635
1977.5,1380.5,623.5,890.5,975.0,2457.0,-0.10812944173812866,0.4318181872367859,1,36.74051121555375,-1.334851596437403
2092.0,1835.0,622.0,847.0,957.0,1952.0,0.03461918979883194,0.342041939496994,1,36.74518245503117,-1.293439261839493
1949.0,1637.0,676.0,850.0,972.0,1764.0,0.04982493817806244,0.28947368264198303,1,36.73592980760474,-1.336468563948818
2210.0,1786.0,501.0,731.0,1048.0,1776.0,0.10888108611106873,0.25779035687446594,1,36.74859605311082,-1.308171632499053
2305.0,2188.0,667.5,832.0,1247.0,1603.5,0.17948061227798462,0.12506577372550964,1,36.742667172235635,-1.2944274086520244
1939.5,1764.0,817.0,1002.5,1089.0,1903.0,0.009499023668467999,0.2720588147640228,1,36.73377385092285,-1.2910138105723703
2296.0,2225.5,929.0,1148.0,1407.0,1743.0,0.13691507279872894,0.1066666692495346,1,36.72730598087719,-1.2905646529303105
2341.5,2295.0,802.0,1004.0,1759.0,1957.0,0.08944980800151825,0.053283099085092545,1,36.74473329738911,-1.2967630283907352
2502.0,2357.0,620.0,864.0,1266.0,1774.0,0.17025257647037506,0.16710525751113892,1,36.74446380280388,-1.2920917889133137
2644.0,2323.0,1110.0,1344.0,1962.0,2624.0,0.0037965071387588978,0.14435237646102905,1,36.75353678717348,-1.300895278697685
2199.0,1577.0,446.0,717.0,812.0,2322.0,-0.02720637060701847,0.48181238770484924,1,36.72640766559307,-1.3033207299648077
3208.0,3122.0,1116.0,1412.0,1624.0,2203.0,0.18573276698589325,0.15129344165325165,1,36.74257734070723,-1.2977511752032667
2258.0,2185.5,1162.0,1421.0,1624.0,1792.0,0.11506173014640808,0.04918032884597778,1,36.750302852150654,-1.2865222341517726
2302.0,2199.0,754.0,1036.0,1394.0,1696.0,0.15157578885555267,0.09773463010787964,1,36.73835525887186,-1.3015240993965687
2184.0,1627.5,658.0,875.5,980.0,2121.5,0.01451631635427475,0.36804771423339844,1,36.73314503022397,-1.329102378619038
2082.5,1600.0,695.5,975.5,1131.0,2375.0,-0.06561974436044693,0.3548203110694885,1,36.73610947066157,-1.3370075531192898
2619.0,2433.0,868.0,1074.0,1364.0,1920.0,0.15399867296218872,0.1693057268857956,1,36.72928227450226,-1.2932595987826692
2572.0,1973.0,722.0,1060.0,996.0,2658.0,-0.01644359529018402,0.45484399795532227,1,36.75641139608267,-1.3036800560784556
2046.0,1332.0,476.0,695.0,714.0,2809.0,-0.15715757012367249,0.5946636199951172,1,36.73215688341144,-1.3318871559998084
2490.0,2093.0,680.0,986.0,1108.0,2688.0,-0.03823870047926903,0.4162276089191437,1,36.72973143214432,-1.2927206096121975
2310.0,2210.0,674.0,932.0,1142.0,1716.0,0.14754098653793335,0.20083974301815033,1,36.75120116743477,-1.2966731968623233
2425.0,1909.0,523.0,728.0,820.0,2296.0,0.027324719354510307,0.4736842215061188,1,36.73251620952509,-1.293349430311081
2086.0,1878.5,1077.0,1242.0,1347.0,1708.0,0.09963099658489227,0.11816693842411041,1,36.723173730570245,-1.2999071318851536
2060.0,1765.0,644.0,812.0,1098.0,1794.0,0.06901919841766357,0.24066390097141266,1,36.74042138402534,-1.2853544242824173
2367.0,2331.0,474.0,692.0,898.0,1810.0,0.13334929943084717,0.336779922246933,1,36.74590110725847,-1.2871510548506564
2594.0,1721.0,514.0,848.0,860.0,2986.0,-0.07025089859962463,0.5527821183204651,1,36.747248580184646,-1.2981105013169145
2519.0,2048.0,688.0,1010.0,930.5,2042.0,0.10458233207464218,0.37392768263816833,1,36.75371645023031,-1.2900256637598388
2470.0,2250.0,762.0,998.0,1336.0,2214.0,0.054654140025377274,0.24732394516468048,1,36.7529079664746,-1.2970325229759712
2776.0,2759.0,1104.0,1614.0,1798.0,2248.0,0.10509554296731949,0.11122095584869385,1,36.74419430821864,-1.2950562293509083
2078.0,2029.0,764.0,1004.0,1396.0,1564.0,0.14113125205039978,0.05675675719976425,1,36.74006205791169,-1.2849052666403575
2193.0,1624.0,481.0,667.0,1152.0,1873.0,0.0787014290690422,0.2383471131324768,1,36.71616687135411,-1.3102377576525281
1977.0,1414.0,613.0,867.0,860.5,2607.0,-0.13743455708026886,0.5036770105361938,1,36.71724484969506,-1.3184124267380157
2100.0,1718.5,443.5,641.5,840.0,2130.0,-0.007092198356986046,0.4343434274196625,1,36.74554178114482,-1.2921816204417256
1820.5,1487.5,653.0,854.0,1158.0,1632.0,0.054598119109869,0.16989247500896454,1,36.72515002419531,-1.3096987684820562
2323.0,2109.0,698.0,1009.0,1286.0,1894.0,0.10173109173774719,0.19119496643543243,1,36.7408705416674,-1.2849052666403575
2422.0,2273.0,646.0,824.0,1158.0,1478.0,0.24205128848552704,0.12139605730772018,1,36.74455363433229,-1.2906544844587224
3525.0,2715.0,3298.0,3762.0,4160.0,4404.0,-0.11085887253284454,0.02849135920405388,1,36.75560291232696,-1.3053868551182826
3576.5,3388.0,1714.0,1833.0,2166.0,2951.0,0.09582535177469254,0.1534101963043213,1,36.722455078342946,-1.295415555464556
1962.0,1808.5,741.0,900.0,1028.0,1569.0,0.11129991710186005,0.20831729471683502,1,36.76476572822498,-1.299008816601034
2484.5,2218.5,705.0,953.0,1258.0,1761.0,0.1704157292842865,0.1666114628314972,1,36.76629286420798,-1.321736193289258
2491.5,2412.0,981.0,1269.0,1552.0,1865.0,0.14380809664726257,0.09160082042217255,1,36.72955176908749,-1.2889476854188955
1592.5,1076.5,335.5,500.5,494.5,1840.0,-0.07210487872362137,0.5763546824455261,1,36.75802836359408,-1.3266769273519152
2856.0,2853.0,929.5,1083.0,1073.0,2241.0,0.12065920978784561,0.3524441719055176,1,36.749404536866535,-1.2951460608793202
2149.5,1409.0,809.5,1147.0,1070.0,2829.5,-0.13657361268997192,0.45121169090270996,1,36.73251620952509,-1.2981105013169145
2727.0,2125.0,597.5,923.0,994.0,3254.0,-0.08811235427856445,0.5320150852203369,1,36.74527228655958,-1.2989189850726222
2312.0,1939.0,612.0,881.0,1156.0,2220.0,0.020300088450312614,0.3151658773422241,1,36.735750144547914,-1.2904748214018986
1614.0,1407.5,527.5,740.0,965.0,1795.0,-0.05309474840760231,0.3007246255874634,1,36.74599093878688,-1.3048478659478109
2352.0,1859.0,446.5,736.5,852.0,2547.0,-0.039804041385650635,0.4986760914325714,1,36.75111133590636,-1.29146296821443
2036.5,1486.5,868.5,1021.0,1181.0,1982.0,0.013562274165451527,0.25324058532714844,1,36.718143164979175,-1.2999969634135655
2098.0,1848.0,876.0,1056.0,1202.0,1764.0,0.08648368716239929,0.18948078155517578,1,36.74015188944011,-1.2923612834985496
2020.0,1355.5,514.5,782.0,758.5,2394.0,-0.08473040163516998,0.518794596195221,1,36.72488052961007,-1.2982003328453264
2109.0,1602.0,596.0,867.0,796.0,2670.0,-0.11738857626914978,0.5406808853149414,1,36.732426377996674,-1.3071834856865217
1951.0,1631.0,650.0,858.0,927.0,2260.0,-0.07337924838066101,0.41826167702674866,1,36.740331552496926,-1.285803581924477
1645.5,1413.5,709.0,876.0,1073.0,1325.0,0.10789429396390915,0.10508757084608078,1,36.7258686764226,-1.3102377576525281
2165.0,2105.0,866.0,1080.0,1346.0,1536.0,0.1699540615081787,0.0659264400601387,1,36.75012318909383,-1.297481680618031
1742.0,1351.0,626.0,881.0,964.0,1850.0,-0.03006681427359581,0.31485429406166077,1,36.718592322621234,-1.3054766866466947
2430.0,2277.0,1106.0,1340.0,1548.0,2032.0,0.08919767290353775,0.1351955235004425,1,36.74599093878688,-1.2944274086520244
2630.5,2294.0,856.0,1152.0,1481.0,1974.0,0.1425779163837433,0.1426917463541031,1,36.7634182552988,-1.3005359525840372
2120.0,1873.0,1252.0,1516.0,1704.0,1934.0,0.04588061198592186,0.06322155147790909,1,36.753177461059835,-1.2946969032372604
2105.0,2079.0,839.0,1104.0,1426.0,1628.0,0.1277792602777481,0.06614276021718979,1,36.75147066202001,-1.2862527395665369
2265.5,1796.0,480.0,730.0,852.0,2433.0,-0.035649675875902176,0.48127853870391846,1,36.746080770315295,-1.2913731366860182
2677.5,1835.5,779.0,1156.0,1224.0,3266.0,-0.0990157350897789,0.4547884166240692,1,36.7281144646329,-1.2989189850726222
2090.0,1921.0,822.0,1112.0,1262.0,1536.0,0.15278543531894684,0.09792709350585938,1,36.73251620952509,-1.3036800560784556
2718.0,2530.0,902.0,1015.0,1184.0,1828.0,0.19577650725841522,0.21381142735481262,1,36.72523985572372,-1.2936189248963168
2487.0,1904.5,600.0,862.5,1020.5,2419.0,0.013860578648746014,0.4065997898578644,1,36.7423976776504,-1.3264972642950914
3706.5,3640.5,748.0,953.0,1500.0,2206.0,0.2537843585014343,0.1905018836259842,1,36.758926678878204,-1.300895278697685
2028.5,2045.0,918.5,1101.0,1336.0,1559.0,0.13087108731269836,0.07702936232089996,1,36.74491296044594,-1.302871572322748
2377.5,1905.0,637.0,902.5,879.0,2733.5,-0.06965368986129761,0.5133563876152039,1,36.75093167284954,-1.297212186032795
2481.0,2183.0,611.0,858.0,969.0,2470.0,0.0022217733785510063,0.4364641010761261,1,36.73045008437161,-1.2902951583450746
1957.5,1616.5,907.0,1019.0,1275.0,1523.0,0.12483838200569153,0.08863473683595657,1,36.74644009642894,-1.2988291535442102
2677.0,2446.5,940.5,1173.0,1502.0,1932.0,0.16164027154445648,0.12521840631961823,1,36.74024172096851,-1.2862527395665369
2641.0,2362.0,1202.0,1482.0,1662.0,2530.0,0.02146586775779724,0.2070610672235489,1,36.74338582446293,-1.304668202890987
2112.5,1445.5,593.0,860.0,847.0,2588.0,-0.10115945339202881,0.5068413615226746,1,36.743655319048166,-1.3306295146020413
2319.0,2366.0,772.0,998.0,1138.0,1750.0,0.13983780145645142,0.21191135048866272,1,36.749404536866535,-1.2940680825383766
2096.0,1356.0,452.0,651.5,593.0,2642.0,-0.1152384951710701,0.6333848237991333,1,36.754884260099665,-1.3262277697098555
2587.0,2733.0,1356.0,1026.0,1080.0,2026.0,0.12161283195018768,0.30457180738449097,1,36.75102150437795,-1.2869713917938324
2765.0,2435.0,1720.0,1710.0,1744.0,2100.0,0.1366906464099884,0.09261186420917511,1,36.7408705416674,-1.3006257841124491
2097.5,1804.5,753.5,1035.0,1141.0,2434.0,-0.07425796985626221,0.3616783320903778,1,36.726946654763545,-1.2893968430609553
2369.0,1861.0,936.0,1261.0,1671.0,2211.0,0.03449781611561775,0.13910356163978577,1,36.730090758257965,-1.3002664579988015
2416.0,2222.0,714.0,858.0,952.0,2236.0,0.03869303688406944,0.4027603566646576,1,36.72991109520114,-1.289576506117779
1939.0,1478.0,584.0,792.0,940.0,2254.0,-0.07512520998716354,0.4113963544368744,1,36.75012318909383,-1.2920019573849018
2134.0,1403.0,648.0,932.0,896.0,2232.0,-0.022446174174547195,0.4271099865436554,1,36.7664725272648,-1.306913991101286
2123.0,1335.0,690.0,1174.0,1188.0,2922.0,-0.15837462246418,0.4218977987766266,1,36.72730598087719,-1.3057461812319304
2384.5,2074.5,611.0,846.5,1283.0,1803.0,0.138865664601326,0.16850291192531586,1,36.737906101229804,-1.2962240392202635
1813.0,1284.0,642.0,779.0,821.0,1888.0,-0.020264793187379837,0.39387229084968567,1,36.740601047082166,-1.2912833051576063
2251.0,1562.0,566.0,808.0,971.0,2356.0,-0.022791404277086258,0.41629093885421753,1,36.72371271974072,-1.3192209104937234
2137.5,1830.5,612.0,739.0,973.0,1541.0,0.16215848922729492,0.22593475878238678,1,36.76251994001468,-1.2965833653339114
2423.0,2177.0,1012.0,1220.0,1350.0,1944.0,0.10968628525733948,0.1803278625011444,1,36.737456943587745,-1.289576506117779
2114.0,1496.0,749.0,1006.0,1074.0,2322.0,-0.04688908904790878,0.3674911558628082,1,36.74275700376405,-1.3282938948633305
2215.0,2128.5,774.0,1001.0,1323.0,1603.0,0.1602933406829834,0.09569378197193146,1,36.73826542734345,-1.30664449651605
2519.0,1817.5,792.5,1036.0,1096.0,2385.5,0.027219900861382484,0.3703863322734833,1,36.736738291360446,-1.3278447372212707
3187.5,2517.5,1590.0,1931.0,2170.0,2756.0,0.07260031998157501,0.11896061897277832,1,36.756321564554256,-1.3055665181751066
2095.5,1572.0,882.5,1061.0,1069.0,2085.0,0.0025116612669080496,0.32213062047958374,1,36.75766903748043,-1.3257786120677957
2404.5,1992.5,1081.0,1408.0,1657.0,2563.0,-0.031907398253679276,0.21469193696975708,1,36.76485555975339,-1.3080818009706412
2427.5,1972.0,740.0,1059.0,1151.0,2505.0,-0.015712114050984383,0.3703501224517822,1,36.75308762953142,-1.333054965869164
2835.5,2823.5,1406.0,1721.0,2092.0,2373.5,0.08869265019893646,0.06303885579109192,1,36.758926678878204,-1.299008816601034
2390.0,1486.5,625.5,970.0,882.0,3214.0,-0.1470378339290619,0.5693359375,1,36.720299121661064,-1.3261379381814435
2094.0,2017.0,838.0,1046.0,1338.0,1556.0,0.1473972648382187,0.0753282681107521,1,36.749584199923355,-1.2968528599191471
2638.0,2721.0,858.0,1080.0,1716.0,1854.0,0.17453250288963318,0.038655463606119156,1,36.72928227450226,-1.2902053268166627
1928.0,1472.0,506.0,748.0,942.0,2604.0,-0.14916151762008667,0.46869713068008423,1,36.73853492192869,-1.3008054471692732
2071.0,1808.0,728.0,928.0,1134.0,1734.0,0.08856767416000366,0.2092050164937973,1,36.74697908559941,-1.2957748815782038
2550.0,1866.0,578.0,906.0,847.0,3216.0,-0.1155046820640564,0.5830667018890381,1,36.730090758257965,-1.2920019573849018
2184.5,1680.0,817.5,1119.0,1215.0,2296.0,-0.024885615333914757,0.30788949131965637,1,36.71733468122347,-1.3204785518914905
2291.0,1642.0,714.0,897.0,937.0,2276.0,0.0032844317611306906,0.4167444705963135,1,36.7415891938947,-1.3369177215908778
2736.0,2662.5,1256.0,1473.0,1744.0,2008.0,0.15345700085163116,0.07036247104406357,1,36.75111133590636,-1.2882290331915998
1950.0,1679.0,984.0,1300.0,1576.0,1848.0,0.02685623988509178,0.07943925261497498,1,36.76099280403167,-1.2936189248963168
2155.5,1920.5,627.5,828.0,1132.0,1571.0,0.15684959292411804,0.1624121367931366,1,36.73422300856492,-1.2900256637598388
2356.5,2213.5,1018.5,1235.0,1309.0,1741.0,0.15021353960037231,0.1416393369436264,1,36.73826542734345,-1.3043088767773392
2094.0,2075.5,971.5,1204.0,1408.0,1546.0,0.15054945647716522,0.046716317534446716,1,36.74976386298018,-1.2900256637598388
2052.5,1510.0,644.0,935.0,1002.0,2439.0,-0.08605142682790756,0.41761115193367004,1,36.76395724446927,-1.3261379381814435
2130.0,1680.0,724.0,916.0,1074.0,2210.0,-0.018433179706335068,0.3459196090698242,1,36.72973143214432,-1.329102378619038
2491.5,1634.5,633.0,1054.0,988.0,3118.0,-0.11168553680181503,0.5187530517578125,1,36.72784497004766,-1.3301803569599815
2418.5,2440.5,674.0,863.5,1720.0,1960.0,0.1047162264585495,0.06521739065647125,1,36.75353678717348,-1.2955053869929678
1905.0,1640.5,473.5,625.0,695.0,1828.0,0.020626841112971306,0.4490685760974884,1,36.75407577634395,-1.2894866745893672
2208.0,2078.0,597.0,751.5,1078.0,1368.0,0.23489932715892792,0.11856091767549515,1,36.745811275730055,-1.2910138105723703
2431.5,1660.0,717.0,1048.0,1002.0,2773.0,-0.06561629474163055,0.46913906931877136,1,36.75973516263391,-1.302781740794336
2355.0,2332.5,1248.0,1430.0,1657.0,1816.0,0.12922561168670654,0.04578174650669098,1,36.7558724069122,-1.2987393220157981
2043.5,1886.0,876.5,1117.0,1417.0,1632.0,0.11195755749940872,0.07051492482423782,1,36.74131969930946,-1.300715615640861
2226.5,1653.0,901.5,1155.0,1322.0,2235.0,-0.0019051888957619667,0.25667697191238403,1,36.742218014593576,-1.3298210308463336
1823.0,1609.0,693.0,890.0,1102.0,1649.0,0.05011520907282829,0.1988367885351181,1,36.755063923156484,-1.2892171800041312
2384.5,2322.0,836.0,1010.5,1193.0,1735.0,0.15766476094722748,0.18510928750038147,1,36.74356548751976,-1.3026919092659242
2514.5,2284.0,817.5,1129.0,1486.0,1985.0,0.11767974495887756,0.14376260340213776,1,36.73952306874122,-1.2984698274305624
2521.0,2460.0,780.0,874.0,1150.0,1518.0,0.2483287900686264,0.13793103396892548,1,36.73880441651392,-1.2874205494358921
2438.0,2090.0,634.0,896.0,1136.0,2045.0,0.08766450732946396,0.28575918078422546,1,36.732695872581914,-1.293529093367905
2631.5,2563.5,995.5,1247.0,1722.0,1989.0,0.13905420899391174,0.07194826006889343,1,36.74302649834929,-1.2887680223620714
2518.0,2345.5,627.0,821.0,1080.0,1808.0,0.16412390768527985,0.25207754969596863,1,36.74194852000834,-1.2940680825383766
2239.0,2138.0,939.0,1171.0,1446.0,1723.0,0.13023725152015686,0.08740928024053574,1,36.73646879677521,-1.3070038226296978
2620.0,2343.0,933.0,1010.0,1100.0,2004.0,0.13321799039840698,0.29123711585998535,1,36.73664845983204,-1.2963138707486754
2314.5,2015.0,540.0,751.0,845.0,2178.0,0.030383972451090813,0.44095268845558167,1,36.73062974742844,-1.2949663978224961
2159.0,1741.0,733.0,972.0,1202.0,2042.0,0.02785051241517067,0.25893959403038025,1,36.738445090400276,-1.2985596589589743
2542.5,2387.5,840.5,1056.0,1347.0,1907.0,0.14282503724098206,0.1720958799123764,1,36.745092623502764,-1.288049370134776
2233.5,2198.5,624.5,812.5,1166.0,1758.0,0.11912814527750015,0.20246237516403198,1,36.74877571616765,-1.2903849898734867
2555.0,2451.5,1675.0,1826.0,1949.0,2113.0,0.09468723088502884,0.04037420079112053,1,36.75371645023031,-1.299008816601034
2340.5,2362.0,847.0,1086.0,1389.0,1653.0,0.1721547544002533,0.08678501099348068,1,36.74697908559941,-1.2881392016631878
2195.0,2138.0,804.5,1039.0,1558.0,1852.0,0.08475413918495178,0.0862170085310936,1,36.737906101229804,-1.2938884194815528
1925.5,1826.0,1064.0,1101.0,1117.0,2373.0,-0.10410608351230621,0.35988539457321167,1,36.758208026650905,-1.2924511150269615
2177.0,1859.0,566.0,824.0,1116.0,1996.0,0.04337407276034355,0.2827763557434082,1,36.74500279197435,-1.291822294328078
2473.0,2505.5,952.5,1148.0,1348.0,1940.0,0.12077951431274414,0.18004865944385529,1,36.75263847188936,-1.287959538606364
2347.0,1955.0,716.0,1000.0,1096.0,2366.0,-0.00403140252456069,0.3668399751186371,1,36.730090758257965,-1.2893968430609553
2107.5,2051.5,652.0,842.0,1249.0,1502.0,0.1677517592906952,0.09196655452251434,1,36.752009651190484,-1.2902053268166627
2319.0,2232.0,686.0,922.0,958.0,2112.0,0.046716317534446716,0.37589576840400696,1,36.74715874865623,-1.3014342678681567
2036.5,1828.0,1280.0,1452.0,1620.0,1790.0,0.06441918015480042,0.0498533733189106,1,36.73359418786603,-1.305027529004635
2157.5,2091.5,762.0,942.5,1320.0,1534.0,0.16890153288841248,0.07498247921466827,1,36.73871458498551,-1.3061953388739902
2486.5,2270.0,1125.0,1396.0,1827.0,1950.0,0.12092866003513336,0.03256552666425705,1,36.74401464516182,-1.304488539834163
2065.0,1674.0,690.0,871.0,1128.0,1726.0,0.0894223153591156,0.20953048765659332,1,36.73215688341144,-1.3052970235898707
2534.5,2283.5,706.0,981.5,1217.0,2094.0,0.09517122060060501,0.264874666929245,1,36.7446434658607,-1.2975715121464428
3264.5,2383.0,758.0,749.0,740.0,857.0,0.5841320157051086,0.07326236367225647,1,36.76287926612833,-1.2981105013169145
2348.0,1975.0,864.0,1038.0,1396.0,2132.0,0.04821428656578064,0.20861677825450897,1,36.75398594481555,-1.3001766264703893
1845.0,1352.0,704.0,854.0,975.0,1302.0,0.17254528403282166,0.14361001551151276,1,36.7423976776504,-1.3249701283120883
2568.5,2360.5,643.0,820.0,978.0,1326.0,0.3190396726131439,0.1510416716337204,1,36.717694007337116,-1.3215565302324341
2439.0,1967.0,586.0,787.0,914.0,2104.0,0.07373981922864914,0.3943008482456207,1,36.73566031301951,-1.2892171800041312
2439.0,2049.0,834.0,1122.0,1388.0,2300.0,0.029331082478165627,0.2472885102033615,1,36.7318873888262,-1.2945172401804363
2170.0,1861.0,881.0,1174.0,1398.0,1900.0,0.06633906811475754,0.1522134691476822,1,36.75838768970773,-1.3019732570386284
2212.0,1568.5,712.5,1027.0,1051.0,2603.0,-0.08120457082986832,0.4247400164604187,1,36.74886554769606,-1.3261379381814435
2364.0,2195.0,776.0,1049.0,1253.0,1974.0,0.08990318328142166,0.22342732548713684,1,36.728653453803375,-1.291732462799666
2054.0,1657.0,517.5,738.0,774.5,2439.0,-0.08568885177373886,0.5179710388183594,1,36.74733841171306,-1.2937985879531408
1989.0,1912.0,702.0,949.0,1244.0,1564.0,0.11961722373962402,0.11396011710166931,1,36.75120116743477,-1.2862527395665369
2193.0,2109.0,1050.0,1078.0,1254.0,1626.0,0.14846818149089813,0.12916666269302368,1,36.733863682451265,-1.3045783713625752
2003.5,1710.5,513.0,745.0,849.0,2034.0,-0.007554179523140192,0.4110301733016968,1,36.7566808906679,-1.2919121258564898
1903.0,1310.0,623.0,816.0,816.0,2050.0,-0.03718694671988487,0.4305652379989624,1,36.75641139608267,-1.32550911748256
1859.0,1723.0,552.0,737.0,848.0,1902.0,-0.011433129198849201,0.3832727372646332,1,36.74419430821864,-1.2852645927540054
2247.0,1970.0,946.0,1032.0,1234.0,1944.0,0.07229778170585632,0.2234109491109848,1,36.75524358621331,-1.2943375771236125
2893.0,2975.0,999.0,1308.0,1558.0,1894.0,0.20869019627571106,0.09733487665653229,1,36.75398594481555,-1.2959545446350276
2285.0,2154.0,580.0,826.0,1224.0,1746.0,0.1337137222290039,0.17575757205486298,1,36.73853492192869,-1.2948765662940842
2259.0,1910.5,681.5,879.0,953.0,2271.0,-0.0026490066666156054,0.40880894660949707,1,36.74320616140611,-1.2951460608793202
2367.0,2148.0,770.0,912.0,1182.0,1660.0,0.1755649298429489,0.16819141805171967,1,36.75003335756542,-1.2928104411406094
2379.0,1947.0,1036.0,1334.0,1520.0,2122.0,0.057098422199487686,0.16529379785060883,1,36.72712631782037,-1.2958647131066157
2785.0,2636.0,948.5,719.0,701.0,1880.0,0.19399785995483398,0.4567996859550476,1,36.738445090400276,-1.2936189248963168
2723.0,2526.0,993.0,924.0,1230.0,1884.0,0.18211416900157928,0.21001926064491272,1,36.741768856951516,-1.3000867949419774
2343.5,2008.5,638.0,881.5,1229.0,1954.0,0.09063409268856049,0.2277725487947464,1,36.73943323721281,-1.2975715121464428
2566.0,1838.0,641.5,926.5,1147.0,2680.0,-0.02173084206879139,0.40057486295700073,1,36.737007785945686,-1.2885883593052476
2044.5,1945.5,900.5,1162.0,1440.0,1870.0,0.04457785189151764,0.12990936636924744,1,36.75156049354842,-1.3024224146806882
2248.0,1764.0,540.0,790.0,1046.0,2096.0,0.034990791231393814,0.3341820538043976,1,36.74302649834929,-1.2964935338054995
2130.0,1655.0,595.0,860.0,1004.0,2386.0,-0.056687332689762115,0.4076696038246155,1,36.73233654646826,-1.2921816204417256
2207.0,1917.0,816.0,1082.0,1196.0,2216.0,-0.0020348180551081896,0.298944890499115,1,36.73018058978638,-1.2919121258564898
2215.0,2079.5,730.5,940.0,1082.0,1911.0,0.07367910444736481,0.27697962522506714,1,36.74473329738911,-1.2950562293509083
2113.5,1495.0,546.0,857.0,802.5,3120.0,-0.19231872260570526,0.590822160243988,1,36.73027042131479,-1.3316176614145727
2580.0,2004.0,866.0,1232.0,1512.0,2406.0,0.03489771485328674,0.22817763686180115,1,36.75802836359408,-1.303141066907984
2399.0,2244.0,462.5,558.5,1240.0,1637.5,0.18865354359149933,0.1381407529115677,1,36.754614765514425,-1.2955053869929678
2597.0,2747.0,1012.0,1121.0,1307.0,1559.0,0.24975939095020294,0.0879274234175682,1,36.74635026490053,-1.2883188647200117
2757.0,2311.0,686.0,946.0,1220.0,2344.0,0.08096451312303543,0.3153759837150574,1,36.74742824324147,-1.2982901643737383
1720.5,1539.5,641.0,826.0,796.5,2055.0,-0.08859753608703613,0.4413466453552246,1,36.7649453912818,-1.2991884796578579
2398.0,2228.0,696.0,854.0,1154.0,1524.0,0.22284547984600067,0.13816280663013458,1,36.74976386298018,-1.3006257841124491
2906.5,2492.0,996.5,1333.0,1896.0,2691.0,0.03849932923913002,0.1733158975839615,1,36.74006205791169,-1.286162908038125
2098.0,1898.0,588.0,860.5,934.0,1916.0,0.04534130543470383,0.3445613980293274,1,36.746529927957354,-1.2851747612255935
2406.5,2156.5,985.5,1193.0,1305.0,1812.0,0.14092686772346497,0.16265639662742615,1,36.74140953083787,-1.3020630885670403
2442.0,2183.0,984.0,1238.0,1520.0,2060.0,0.08485117554664612,0.1508379876613617,1,36.75802836359408,-1.3003562895272134
2682.0,2690.0,938.0,1094.0,1692.0,1938.0,0.16103896498680115,0.06776859611272812,1,36.72991109520114,-1.2902951583450746
2193.0,2079.5,606.5,823.0,1027.0,1600.0,0.15634062886238098,0.2181195318698883,1,36.74760790629829,-1.286162908038125
2602.0,2101.0,781.0,1068.0,1298.0,2358.0,0.049193549901247025,0.289934366941452,1,36.75802836359408,-1.3030512353795718
2575.5,2290.0,978.0,1302.0,1409.0,2915.0,-0.061834078282117844,0.3482886254787445,1,36.728204296161316,-1.291822294328078
2221.5,1772.0,567.0,811.5,821.5,2424.0,-0.043590571731328964,0.4937605857849121,1,36.72389238279754,-1.2984698274305624
2464.5,2452.5,1024.0,1278.0,1488.0,1560.0,0.2247484177350998,0.023622047156095505,1,36.74679942254259,-1.2884985277768357
1788.0,1483.5,793.5,1004.5,1079.0,1806.0,-0.00500834733247757,0.2519930601119995,1,36.7656640435091,-1.2982003328453264
2149.5,1901.5,628.0,768.5,870.0,2042.0,0.02564714290201664,0.40247252583503723,1,36.7416790254231,-1.304758034419399
1950.5,1514.5,393.0,591.0,563.5,2555.0,-0.13416935503482819,0.6386082768440247,1,36.75578257538378,-1.2950562293509083
2580.0,2252.0,648.0,952.0,1142.0,2730.0,-0.028248587623238564,0.4101239740848541,1,36.73018058978638,-1.2909239790439584
2323.0,1897.0,550.0,750.0,758.0,2458.0,-0.028236771002411842,0.5286069512367249,1,36.72227541528613,-1.3015240993965687
1913.0,1229.0,603.0,860.0,811.0,2562.0,-0.14502793550491333,0.5191224217414856,1,36.73170772576938,-1.3317973244713965
2683.0,2922.0,860.0,1022.0,1154.0,1532.0,0.27307236194610596,0.14072971045970917,1,36.74140953083787,-1.2889476854188955
2379.0,2169.0,898.0,1170.0,1390.0,2002.0,0.08605341613292694,0.1804245263338089,1,36.75021302062224,-1.3024224146806882
2150.0,1947.0,1181.0,1257.0,1480.0,2067.0,0.01968223787844181,0.1654919683933258,1,36.76126229861691,-1.302781740794336
2304.0,2184.0,928.0,1172.0,1374.0,1688.0,0.15430861711502075,0.10254735499620438,1,36.7265873286499,-1.2924511150269615
2437.0,1763.0,677.0,944.0,900.0,2932.0,-0.09219594299793243,0.5302714109420776,1,36.73592980760474,-1.287869707077952
2469.5,2466.0,974.5,1157.0,1460.0,1670.0,0.19313926994800568,0.0670926496386528,1,36.7423976776504,-1.3026919092659242
3133.5,3119.0,1081.0,1155.0,1439.0,1897.0,0.24580061435699463,0.13729016482830048,1,36.72640766559307,-1.2904748214018986
2506.5,1724.5,635.0,999.0,936.0,2973.0,-0.08513550460338593,0.521105170249939,1,36.75156049354842,-1.3039495506636913
2301.5,2172.0,1079.0,1280.0,1472.0,1697.0,0.15118169784545898,0.07100031524896622,1,36.73350435633762,-1.306913991101286
2177.0,1814.0,584.0,789.0,870.0,2150.0,0.0062398891896009445,0.42384105920791626,1,36.73943323721281,-1.308171632499053
2041.0,2035.0,1100.0,1202.0,1288.0,1394.0,0.18835516273975372,0.039522744715213776,1,36.73727728053092,-1.2907443159871343
1869.0,1442.0,677.5,837.5,929.0,1418.0,0.13720718026161194,0.20835109055042267,1,36.73619930218998,-1.32137686717561
2106.0,1678.5,847.0,1036.0,1090.0,1912.5,0.048152294009923935,0.27393838763237,1,36.726946654763545,-1.2951460608793202
2403.0,2436.0,855.0,1090.0,1306.0,1576.0,0.2078411728143692,0.09368494153022766,1,36.74446380280388,-1.2848154351119456
2074.0,1507.0,584.0,866.0,930.0,2592.0,-0.11101585626602173,0.47189095616340637,1,36.746529927957354,-1.3372770477045257
3138.0,2921.0,1565.0,1779.0,2076.0,2443.0,0.1245296522974968,0.08121265470981598,1,36.74194852000834,-1.3056563497035185
2148.0,1539.0,341.0,658.0,437.0,4076.0,-0.3097686469554901,0.8063372373580933,1,36.7408705416674,-1.2922714519701377
1990.5,1461.5,414.0,627.0,565.0,2397.0,-0.09264957159757614,0.6185010075569153,1,36.7423976776504,-1.329102378619038
2145.0,1915.0,722.0,935.0,1283.0,1745.0,0.1028277650475502,0.15257595479488373,1,36.73655862830363,-1.2927206096121975
2179.5,2053.0,877.0,1177.0,1531.0,1853.0,0.08096714317798615,0.09515366703271866,1,36.737456943587745,-1.3058360127603423
1731.0,1305.5,707.0,865.5,1315.0,1831.0,-0.02807411551475525,0.16401779651641846,1,36.734582334678564,-1.3242514760847925
1836.5,1353.0,375.5,615.0,566.5,2118.0,-0.07118472456932068,0.5779474973678589,1,36.75686055372473,-1.2887680223620714
2233.5,2107.0,999.5,1239.0,1488.0,1707.0,0.1336124837398529,0.06854460388422012,1,36.733234861752386,-1.3055665181751066
2030.0,1611.0,824.0,1056.0,1164.0,2222.0,-0.04515521973371506,0.31246307492256165,1,36.73179755729779,-1.3317973244713965
2284.0,2271.0,1013.0,1242.0,1488.0,1616.0,0.17128205299377441,0.04123711213469505,1,36.73143823118414,-1.2906544844587224
2450.0,2206.0,821.0,1064.0,1332.0,1958.0,0.11161524802446365,0.19027355313301086,1,36.75012318909383,-1.300715615640861
1957.0,1610.0,798.0,1020.0,1154.0,1572.0,0.10909605771303177,0.153338223695755,1,36.73179755729779,-1.2886781908336595
2051.5,1705.0,959.0,1260.0,1382.0,2111.0,-0.014294294640421867,0.20870311558246613,1,36.75659105913949,-1.2975715121464428
1784.0,1575.5,806.0,1003.5,1159.0,1373.0,0.13018688559532166,0.08451816439628601,1,36.76521488586704,-1.2996376372999177
1981.0,1831.0,988.0,1180.0,1492.0,1650.0,0.09115946292877197,0.050286442041397095,1,36.75784870053726,-1.2995478057715057
2253.0,2103.0,995.0,1190.0,1296.0,2068.0,0.042814161628484726,0.22948870062828064,1,36.73287553563873,-1.3052970235898707
2177.0,2152.0,867.0,1092.0,1401.0,1614.0,0.14850962162017822,0.07064676284790039,1,36.727934801576076,-1.2904748214018986
2121.5,1710.0,621.0,907.0,939.5,1587.0,0.14412835240364075,0.25628340244293213,1,36.74185868847993,-1.2983799959021505
2193.0,1596.0,384.0,667.0,646.0,2912.0,-0.14084231853485107,0.6368746757507324,1,36.738445090400276,-1.3002664579988015
2093.0,1826.0,520.0,728.0,1088.0,1488.0,0.1689472198486328,0.1552795022726059,1,36.74042138402534,-1.3006257841124491
3113.0,2867.0,820.0,1078.0,1520.0,2238.0,0.16352084279060364,0.19105906784534454,1,36.73691795441727,-1.2965833653339114
2005.0,1745.0,539.0,736.5,845.0,2035.0,-0.007425742689520121,0.4131944477558136,1,36.73664845983204,-1.2929002726690213
2052.0,1723.0,802.0,984.0,1138.0,1582.0,0.12933406233787537,0.16323529183864594,1,36.718592322621234,-1.3161666385277169
2526.0,2687.0,1236.0,1418.0,1654.0,1754.0,0.18037383258342743,0.02934272214770317,1,36.74131969930946,-1.2845459405267097
2338.0,2288.0,1138.0,1300.0,1604.0,1714.0,0.15399803221225739,0.0331525020301342,1,36.74518245503117,-1.2902951583450746
2318.5,1740.0,575.0,841.5,752.0,3138.0,-0.15018784999847412,0.6133676171302795,1,36.73763660664457,-1.2893968430609553
2655.0,2443.0,1366.0,1582.0,1764.0,2198.0,0.09416855871677399,0.10954063385725021,1,36.73566031301951,-1.2873307179074802
3095.0,3092.0,1777.0,2289.0,2726.0,3635.5,-0.08030606806278229,0.14296942949295044,1,36.76207078237262,-1.2984698274305624
1992.5,1820.5,823.0,1067.0,1183.0,2128.0,-0.03288435935974121,0.2854122519493103,1,36.763687749884035,-1.2991884796578579
1864.0,1372.0,670.0,854.0,904.0,1672.0,0.05429864302277565,0.2981366515159607,1,36.7303602528432,-1.312303882806003
2508.0,2233.0,1174.0,1246.0,1180.0,2248.0,0.05466778948903084,0.31155192852020264,1,36.76144196167374,-1.3021529200954525
2160.0,1505.0,510.0,670.0,672.0,2040.0,0.02857142873108387,0.5044247508049011,1,36.73161789424097,-1.3302701884883934
1892.0,1571.0,733.0,1010.0,1122.0,2126.0,-0.05823792889714241,0.3091132938861847,1,36.71877198567806,-1.3174242799254843
2098.0,1872.5,1004.0,1210.0,1408.0,1658.0,0.11714590340852737,0.08153946697711945,1,36.739343405684394,-1.299098648129446
1698.5,1408.5,733.0,878.0,998.0,1443.0,0.08133057504892349,0.1823023408651352,1,36.730989073542084,-1.3136513557321823
2272.0,2163.0,942.0,1122.0,1344.0,1536.0,0.19327731430530548,0.06666667014360428,1,36.734133177036504,-1.304758034419399
2007.0,1881.5,974.0,1152.0,1120.0,1847.0,0.04151530936360359,0.24502864480018616,1,36.75191981966207,-1.2892171800041312
2151.5,2209.0,1037.5,1259.0,1395.0,1600.0,0.14700786769390106,0.06844741106033325,1,36.759645331105496,-1.2979308382600907
2063.0,1648.5,774.5,1098.0,1647.0,2252.0,-0.04380069673061371,0.15516799688339233,1,36.74877571616765,-1.3274854111076229
2192.0,1980.0,713.0,986.0,1258.0,1830.0,0.09000497311353683,0.18523316085338593,1,36.73610947066157,-1.302602077737512
2259.0,2236.0,1046.0,1364.0,1770.0,1996.0,0.061809636652469635,0.060010623186826706,1,36.75075200979271,-1.2864324026233607
2450.5,2261.5,1040.0,1076.0,1238.0,1769.0,0.16151203215122223,0.17658795416355133,1,36.740601047082166,-1.3056563497035185
2076.0,1295.0,650.0,937.0,862.5,2724.0,-0.13500000536441803,0.5190296769142151,1,36.736019639133154,-1.3301803569599815
2243.5,2069.0,667.0,866.0,1172.0,1487.0,0.2027878314256668,0.11846558749675751,1,36.75012318909383,-1.2876002124927162
2641.0,2362.0,1642.0,1913.0,2055.0,2374.0,0.05324028059840202,0.07202528417110443,1,36.74329599293452,-1.304668202890987
2122.0,1872.5,813.0,1008.0,1276.0,1717.0,0.10549622029066086,0.14734379947185516,1,36.73619930218998,-1.2927206096121975
2764.0,2976.0,1053.0,1284.0,1495.0,1761.0,0.22165745496749878,0.08169533312320709,1,36.75856735276455,-1.2989189850726222
2319.0,1930.5,589.0,858.0,870.0,2881.0,-0.10807692259550095,0.5361236929893494,1,36.747248580184646,-1.3032308984363958
2365.5,2383.5,906.5,1095.0,1368.0,1520.0,0.2176039069890976,0.05263157933950424,1,36.74760790629829,-1.2867018972085966
2448.0,1861.5,510.5,860.0,895.0,2946.0,-0.09232480823993683,0.5339755415916443,1,36.74697908559941,-1.2980206697885026
2462.0,2149.0,1059.5,1171.0,1332.0,2112.0,0.07651945948600769,0.22648084163665771,1,36.74042138402534,-1.2977511752032667
2211.0,1814.0,576.0,782.0,918.0,2262.0,-0.01140174362808466,0.4226415157318115,1,36.765574211980685,-1.3038597191352794
2036.0,2025.0,966.0,1160.0,1332.0,1562.0,0.13173985481262207,0.07947477698326111,1,36.747248580184646,-1.2920019573849018
2059.0,1994.0,930.0,1120.0,1334.0,1622.0,0.1187177374958992,0.09742895513772964,1,36.73404334550809,-1.304758034419399
2281.0,2228.0,968.0,1158.0,1396.0,1572.0,0.18401245772838593,0.05929918959736824,1,36.746260433372115,-1.2865222341517726
2099.0,1640.0,666.0,883.0,1007.0,2306.0,-0.04699205607175827,0.3920917510986328,1,36.728204296161316,-1.3058360127603423
3380.0,2891.5,854.0,805.0,740.5,992.0,0.5462031364440918,0.14516595005989075,1,36.762969097656736,-1.2978410067316786
2007.0,1988.0,1628.0,2003.0,2312.0,2631.5,-0.13463404774665833,0.06463032215833664,1,36.75847752123614,-1.2920917889133137
2085.0,1865.0,593.0,784.0,1770.0,1988.0,0.023815369233489037,0.05800957977771759,1,36.74572144420164,-1.2956850500497918
1998.0,1539.0,452.0,604.0,692.0,1686.0,0.08469055593013763,0.4179983139038086,1,36.73359418786603,-1.3011647732829208
2187.0,1773.0,486.0,705.0,862.0,2354.0,-0.036776039749383926,0.4639303386211395,1,36.741229867781044,-1.2957748815782038
2173.0,1939.0,1246.0,1248.0,1190.0,1400.0,0.21634480357170105,0.0810810774564743,1,36.719849964019005,-1.3169751222834245
2197.0,1954.0,791.0,718.0,807.0,2064.0,0.03121333010494709,0.437826544046402,1,36.72425170891119,-1.2944274086520244
2253.5,2065.5,786.5,1037.0,1358.0,1793.0,0.11380205303430557,0.13805140554904938,1,36.73610947066157,-1.2928104411406094
2386.0,2156.0,1001.0,1183.0,1256.0,2002.0,0.08751139789819717,0.2289748340845108,1,36.74590110725847,-1.3010749417545089
2423.5,2513.5,927.0,1029.0,1196.0,1554.0,0.2186046540737152,0.13018181920051575,1,36.73440267162174,-1.291732462799666
2253.0,2144.0,1284.0,1510.0,1762.0,2096.0,0.03610025346279144,0.08657335489988327,1,36.74742824324147,-1.2883188647200117
2013.5,2020.5,839.0,1046.0,1332.0,1417.0,0.17388135194778442,0.03092033416032791,1,36.74967403145177,-1.289935832231427
2473.5,2536.0,1252.0,1438.0,1724.0,1860.0,0.14157147705554962,0.0379464291036129,1,36.745811275730055,-1.2854442558108292
2174.5,2112.5,1101.0,1321.0,1552.0,1597.0,0.15312209725379944,0.014290250837802887,1,36.75497409162808,-1.2986494904873862
1668.0,1183.0,563.0,736.0,832.0,1834.0,-0.04740148410201073,0.37584397196769714,1,36.72802463310449,-1.3058360127603423
2082.0,1927.0,738.5,938.0,1291.0,1619.0,0.12510132789611816,0.11271477490663528,1,36.765843706565924,-1.299368142714682
1342.0,1179.0,684.0,820.0,946.0,1180.0,0.06423473358154297,0.11006585508584976,1,36.72730598087719,-1.3090699477831726
2963.0,2637.5,1048.0,1438.0,1966.0,2614.0,0.06257844716310501,0.14148472249507904,1,36.74024172096851,-1.2875103809643043
2547.0,2221.0,716.0,1108.0,1404.0,2610.0,-0.012216405011713505,0.3004484176635742,1,36.72595850795101,-1.2940680825383766
2087.0,1830.0,542.0,728.0,893.0,1633.0,0.12204301357269287,0.2929532825946808,1,36.756501227611075,-1.2903849898734867
2364.0,2331.0,1153.0,1269.0,1457.0,1830.0,0.12732474505901337,0.11347733438014984,1,36.71823299650759,-1.3175141114538962
2872.0,2445.0,684.0,941.0,1160.0,2864.0,0.0013947001425549388,0.4234592318534851,1,36.727395812405604,-1.3011647732829208
2560.5,2073.0,626.0,865.0,1087.0,2121.0,0.09388016909360886,0.3223192095756531,1,36.73763660664457,-1.2958647131066157
2261.0,2312.0,852.0,1086.0,1334.0,1510.0,0.199151411652565,0.061884667724370956,1,36.743655319048166,-1.2854442558108292
2284.0,2090.0,1156.0,1392.0,1642.0,1764.0,0.12845849990844727,0.03581914305686951,1,36.74706891712783,-1.3017935939818046
2745.0,2666.0,1260.0,1456.0,1643.0,2110.0,0.1307929903268814,0.12443378567695618,1,36.76251994001468,-1.295235892407732
2568.0,2322.0,870.0,1180.0,1396.0,2188.0,0.07989907264709473,0.2209821492433548,1,36.74760790629829,-1.3016139309249806
2410.5,2285.0,944.0,1174.0,1416.0,1662.0,0.18379373848438263,0.07992202788591385,1,36.73566031301951,-1.2868815602654204
2248.5,1771.0,603.5,861.5,1195.0,2045.0,0.04739722982048988,0.26234567165374756,1,36.75524358621331,-1.329282041675862
2064.0,1264.0,406.0,596.0,535.0,2630.0,-0.12057946622371674,0.661927342414856,1,36.76000465721914,-1.3090699477831726
2174.5,1892.5,742.5,989.5,1063.0,2096.0,0.01838192157447338,0.32700222730636597,1,36.76278943459992,-1.310417420709352
2044.0,1452.0,469.0,763.0,694.0,2842.0,-0.163323774933815,0.6074660420417786,1,36.753626618701894,-1.3299108623747455
2519.0,1874.5,535.0,801.0,775.5,3000.0,-0.08715347200632095,0.5891934633255005,1,36.7558724069122,-1.3037698876068675
2135.0,1653.0,642.0,874.0,855.0,2681.0,-0.11337209492921829,0.5164027214050293,1,36.726766991706725,-1.2931697672542573
1965.0,1945.0,641.5,838.5,1073.0,1216.0,0.2354605495929718,0.06247269734740257,1,36.7566808906679,-1.299098648129446
2124.0,1615.0,602.5,960.0,936.0,3300.5,-0.21688634157180786,0.5581257939338684,1,36.73071957895685,-1.3244311391416166
2385.0,2123.0,1094.0,1190.0,1242.0,1916.0,0.10904441028833389,0.21342621743679047,1,36.73422300856492,-1.2874205494358921
2912.5,2251.5,1049.0,1427.0,1761.0,2966.0,-0.00910096149891615,0.25491854548454285,1,36.75102150437795,-1.306285170402402
2326.0,1572.5,716.0,804.0,892.0,2469.0,-0.029822731390595436,0.4692055881023407,1,36.73539081843427,-1.3297311993179217
1940.0,1765.0,1150.0,1308.0,1392.0,1511.0,0.12431179732084274,0.04099207744002342,1,36.73521115537745,-1.3043088767773392
2354.0,2365.0,946.0,1156.0,1500.0,1798.0,0.1339113712310791,0.09035779535770416,1,36.742038351536756,-1.2876002124927162
1844.0,1157.0,587.5,724.0,756.0,1701.0,0.04033850505948067,0.38461539149284363,1,36.75407577634395,-1.329012547090626
2434.5,2053.0,692.0,889.0,1012.5,1969.0,0.10571136325597763,0.3208116590976715,1,36.75766903748043,-1.2950562293509083
3108.5,3195.5,1788.0,1893.0,1938.0,2203.5,0.1703689694404602,0.06410720944404602,1,36.744823128917524,-1.303141066907984
2438.0,1895.0,556.0,791.0,1166.0,2644.0,-0.04053522273898125,0.38792651891708374,1,36.72685682323513,-1.3002664579988015
2260.0,2048.5,838.0,1064.0,1306.0,1633.0,0.16105830669403076,0.11126233637332916,1,36.72685682323513,-1.289935832231427
2218.0,1519.0,938.0,1230.0,1116.0,2666.0,-0.0917280912399292,0.4098360538482666,1,36.72829412768973,-1.3052071920614587
2369.0,2261.0,1174.0,1452.0,1666.0,2008.0,0.08247657865285873,0.09308655560016632,1,36.74904521075289,-1.3014342678681567
2335.5,2305.0,776.0,973.0,1345.0,1598.0,0.18749205768108368,0.08596669882535934,1,36.733684019394445,-1.2920917889133137
2002.0,1875.0,1090.0,1324.0,1514.0,1832.0,0.044340115040540695,0.09503885358572006,1,36.74904521075289,-1.291732462799666
1823.0,1301.0,492.0,723.0,756.0,2170.0,-0.08690208196640015,0.4832535982131958,1,36.756052069969016,-1.3011647732829208
1998.0,1634.0,566.0,802.0,918.0,2032.0,-0.008436724543571472,0.37762710452079773,1,36.753177461059835,-1.3306295146020413
2225.0,1935.0,684.0,915.0,1098.0,2236.0,-0.0024658148176968098,0.34133172035217285,1,36.73781626970139,-1.2885883593052476
2050.0,1545.5,628.0,873.0,917.0,2383.0,-0.07511842995882034,0.4442424178123474,1,36.73071957895685,-1.3242514760847925
1914.0,1317.5,495.5,753.0,703.0,2036.0,-0.030886076390743256,0.4866739809513092,1,36.76251994001468,-1.3105072522377639
2599.5,2165.5,829.0,1141.0,1410.0,2351.0,0.050196949392557144,0.25019940733909607,1,36.73494166079221,-1.3073631487433457
3405.0,3317.0,1500.0,1062.0,902.0,1826.0,0.30185434222221375,0.33870968222618103,1,36.762250445429444,-1.2996376372999177
2254.0,2071.0,932.0,1060.0,1190.0,2150.0,0.023614896461367607,0.28742516040802,1,36.742667172235635,-1.291642631271254
2183.5,2152.5,780.0,1065.0,1379.0,1679.0,0.13061489164829254,0.09810333698987961,1,36.749135042281296,-1.2856239188676533
2285.0,2147.5,696.5,921.0,1218.0,1777.0,0.1250615417957306,0.18664440512657166,1,36.76449623363974,-1.2984698274305624
2249.0,1938.0,849.0,1002.0,1460.0,1724.0,0.13214196264743805,0.0829145759344101,1,36.73116873659891,-1.2925409465553734
2050.5,1323.0,431.5,713.0,712.5,3019.0,-0.19104447960853577,0.618116021156311,1,36.72380255126913,-1.3026919092659242
2297.0,2008.5,599.5,813.0,969.0,1700.0,0.14936202764511108,0.2738853394985199,1,36.72937210603067,-1.2944274086520244
1849.0,1375.0,971.0,1106.0,1228.0,1864.0,-0.004039859864860773,0.2056921124458313,1,36.73494166079221,-1.3321566505850444
2498.5,1767.0,533.0,889.0,941.0,2884.0,-0.07162099331617355,0.507973849773407,1,36.74572144420164,-1.2985596589589743
2021.0,1527.0,600.0,816.0,920.0,2056.0,-0.008584743365645409,0.3817204236984253,1,36.75730971136679,-1.3315278298861608
1889.0,1263.0,470.0,608.0,679.0,1861.0,0.007466666866093874,0.465354323387146,1,36.74131969930946,-1.3335939550396356
1841.0,1571.0,796.0,905.0,991.0,1410.0,0.13257458806037903,0.1745106279850006,1,36.76260977154309,-1.2937985879531408
2132.0,1988.0,1210.0,1354.0,1468.0,1598.0,0.1431635320186615,0.04240052029490471,1,36.74455363433229,-1.334761764908991
2326.0,1924.5,717.0,1007.0,1185.0,2487.0,-0.03345106914639473,0.35457515716552734,1,36.73628913371839,-1.2932595987826692
2042.0,1670.0,958.0,1004.0,1024.0,1318.0,0.21547618508338928,0.12553372979164124,1,36.749584199923355,-1.2924511150269615
2352.5,1954.5,642.0,916.0,983.0,2502.0,-0.030796168372035027,0.4358679950237274,1,36.72955176908749,-1.3243413076132045
2131.5,2099.0,902.5,1011.0,1233.0,1507.0,0.1716366708278656,0.10000000149011612,1,36.73970273179804,-1.2946070717088485
2873.0,2195.0,892.0,1200.0,1362.0,2874.0,-0.00017400382785126567,0.35694050788879395,1,36.736019639133154,-1.2888578538904834
2431.5,1828.5,723.0,1038.0,1001.0,3061.0,-0.11461083590984344,0.5071393251419067,1,36.751740156605244,-1.301254604811333
2463.0,2254.0,682.5,902.5,1319.0,1698.0,0.18385003507137299,0.1256214827299118,1,36.74572144420164,-1.2989189850726222
1903.0,1572.0,662.5,878.5,1053.0,1906.0,-0.0007876082672737539,0.28827306628227234,1,36.73539081843427,-1.330809177658865
2459.0,2086.0,770.0,902.0,946.0,1911.0,0.12540045380592346,0.3377668857574463,1,36.727216149348784,-1.3002664579988015
2400.0,1818.0,479.0,688.0,687.0,2150.0,0.05494505539536476,0.5156855583190918,1,36.75784870053726,-1.3035902245500437
2608.0,2214.0,712.0,1056.0,1354.0,2358.0,0.05034232884645462,0.2704741358757019,1,36.736738291360446,-1.2884985277768357
1560.0,1273.5,703.0,846.0,922.5,1475.0,0.02800658904016018,0.230448380112648,1,36.72784497004766,-1.3096987684820562
2198.0,2197.0,960.0,1146.0,1444.0,1512.0,0.18490566313266754,0.023004058748483658,1,36.72874328533179,-1.293708756424729
2258.5,1879.0,666.0,964.0,1124.0,2474.0,-0.045536186546087265,0.37520843744277954,1,36.745811275730055,-1.2947867347656723
2135.5,1739.0,747.0,964.5,1098.0,1969.0,0.040565233677625656,0.28399085998535156,1,36.7363789652468,-1.2900256637598388
2573.0,1911.0,494.0,720.0,954.0,2085.0,0.10476599633693695,0.3721618950366974,1,36.72479069808166,-1.3058360127603423
2086.0,1278.5,361.0,625.0,544.0,2435.0,-0.07719530910253525,0.634776771068573,1,36.73422300856492,-1.2994579742430938
2623.5,1826.5,409.0,671.0,663.0,3398.0,-0.12862244248390198,0.673479437828064,1,36.74329599293452,-1.2988291535442102
3037.0,2741.0,1062.0,1450.0,1856.0,2742.0,0.05104689300060272,0.19269247353076935,1,36.72784497004766,-1.293349430311081
2703.0,2503.0,898.5,1106.0,1196.0,2079.0,0.13048933446407318,0.26961833238601685,1,36.7228144044566,-1.29559521852138
2965.0,2799.0,564.0,700.0,682.5,2731.0,0.04108146205544472,0.6001172065734863,1,36.74284683529246,-1.2984698274305624
2135.0,2066.0,1100.0,1317.0,1477.0,1632.0,0.13352800905704498,0.04985525831580162,1,36.73332469328079,-1.3056563497035185
2487.5,1785.5,562.5,782.0,849.0,2791.5,-0.0575866624712944,0.5335805416107178,1,36.74545194961641,-1.3363787324204062
1982.0,1792.0,742.0,988.0,1144.0,1860.0,0.03175429627299309,0.23834887146949768,1,36.750572346735886,-1.2983799959021505
2347.0,2089.5,740.5,1033.0,1345.0,1953.0,0.09162790328264236,0.18435415625572205,1,36.750572346735886,-1.2863425710949488
2326.5,2287.0,996.0,1196.0,1468.0,1707.0,0.1535886973142624,0.07527559250593185,1,36.74886554769606,-1.287959538606364
1979.0,1738.5,752.0,949.5,1118.0,1550.0,0.12156417965888977,0.16191904246807098,1,36.741050204724225,-1.3061055073455783
1868.0,1210.0,376.5,581.0,482.5,2565.0,-0.15722987055778503,0.6833469867706299,1,36.73449250315015,-1.3284735579201543
2544.0,2274.5,539.5,801.0,1273.0,2212.0,0.06980656087398529,0.2694404721260071,1,36.73655862830363,-1.2925409465553734
2821.0,2093.0,598.0,916.0,944.0,2678.0,0.02600472792983055,0.47874101996421814,1,36.71931097484853,-1.3196700681357831
2011.0,1457.0,550.0,753.0,782.0,2422.0,-0.09271373599767685,0.511860191822052,1,36.76072330944644,-1.308530958612701
1996.0,1471.0,364.0,543.0,556.0,1946.0,0.012683916836977005,0.5555555820465088,1,36.73476199773538,-1.2947867347656723
2379.0,1666.5,521.0,738.0,1109.0,2118.0,0.05803869292140007,0.31267431378364563,1,36.735570481491095,-1.3300905254315696
2487.0,2298.0,944.0,1176.0,1376.0,1888.0,0.13691428303718567,0.1568627506494522,1,36.73781626970139,-1.2925409465553734
2284.0,2231.0,644.0,773.0,1090.0,1406.0,0.23794038593769073,0.12660256028175354,1,36.75757920595202,-1.2983799959021505
2425.0,2091.0,810.0,1088.0,1238.0,1904.0,0.12035112082958221,0.21196690201759338,1,36.72443137196801,-1.2920019573849018
2285.0,2186.0,794.0,1028.0,1286.0,1646.0,0.1625540554523468,0.12278307974338531,1,36.747967232411945,-1.300715615640861
2109.0,2038.0,904.0,1128.0,1307.0,1658.0,0.11972391605377197,0.11838111281394958,1,36.74832655852559,-1.2867018972085966
2288.0,2147.0,577.5,753.0,972.0,1267.0,0.2872011363506317,0.13175524771213531,1,36.739612900269634,-1.2964037022770873
2348.0,2200.0,1024.0,1278.0,1510.0,1872.0,0.11279620975255966,0.107037253677845,1,36.723173730570245,-1.299098648129446
1689.0,1172.5,847.0,994.5,996.5,1872.0,-0.05139005929231644,0.30521178245544434,1,36.7363789652468,-1.334941427965815
2226.0,2079.0,636.0,791.5,1109.0,1599.0,0.1639215648174286,0.18094535171985626,1,36.749135042281296,-1.2893070115325431
2685.0,2615.5,1016.5,1522.0,1575.0,2799.0,-0.020787745714187622,0.27983540296554565,1,36.7446434658607,-1.2949663978224961
2417.0,2014.0,670.0,958.0,1252.0,2110.0,0.06781533360481262,0.2552052438259125,1,36.734851829263796,-1.2873307179074802
1747.0,1478.5,452.5,677.5,675.0,2177.0,-0.10958205908536911,0.5266479849815369,1,36.74976386298018,-1.2862527395665369
2060.0,1560.0,507.0,841.0,852.0,2830.0,-0.15746420621871948,0.5372080206871033,1,36.72847379074655,-1.325239622897324
2512.0,2473.0,1018.0,1224.0,1490.0,1658.0,0.20479616522789001,0.053367216140031815,1,36.72874328533179,-1.2901154952882508
2337.0,2357.0,858.0,1136.0,1500.0,1802.0,0.12925827503204346,0.091459721326828,1,36.7386247534571,-1.3022427516238644
2589.0,2474.0,935.0,1097.0,1160.0,1808.0,0.17762111127376556,0.2183288335800171,1,36.734312840093324,-1.2874205494358921
2156.0,1774.0,715.0,946.0,1028.0,2432.0,-0.0601569302380085,0.4057803452014923,1,36.75371645023031,-1.2886781908336595
1920.0,1760.0,905.0,1066.0,1130.0,1644.0,0.07744107395410538,0.18529199063777924,1,36.756321564554256,-1.2906544844587224
2158.0,1979.5,1173.0,1316.0,1363.0,1674.0,0.12630480527877808,0.1024036854505539,1,36.72452120349642,-1.295235892407732
2407.0,2236.5,896.5,1268.0,1760.0,2344.0,0.013260366395115852,0.14230018854141235,1,36.73377385092285,-1.3030512353795718
2584.0,2641.0,1617.0,1836.0,2071.0,2174.0,0.08617065846920013,0.024263840168714523,1,36.74931470533812,-1.2888578538904834
2177.0,1544.0,619.0,891.0,924.0,2792.0,-0.12376736104488373,0.5026910901069641,1,36.751290998963185,-1.2996376372999177
2326.0,1896.0,444.0,714.5,755.5,2615.0,-0.05849018320441246,0.5516985654830933,1,36.750841841321126,-1.29146296821443
2651.0,1900.0,682.0,972.0,1118.0,2526.0,0.024145258590579033,0.3863885700702667,1,36.76000465721914,-1.3018834255102165
2093.5,1825.5,933.0,1078.0,1198.0,1483.0,0.17069761455059052,0.1063036173582077,1,36.76521488586704,-1.2992783111862698
2366.5,2086.0,712.0,971.0,1413.0,1828.0,0.12838239967823029,0.1280469000339508,1,36.73619930218998,-1.2956850500497918
2222.5,2092.5,1056.0,1261.0,1239.0,1897.0,0.07901444286108017,0.2098214328289032,1,36.736738291360446,-1.33655839547723
2202.5,2014.0,1053.0,1234.0,1561.0,1891.0,0.07609625160694122,0.09559675306081772,1,36.73449250315015,-1.2919121258564898
3115.5,2591.5,496.0,854.0,1239.0,2598.0,0.0905749574303627,0.3541829586029053,1,36.73521115537745,-1.2936189248963168
2270.0,2019.0,1042.0,1284.0,1548.0,1604.0,0.17191533744335175,0.017766498029232025,1,36.73027042131479,-1.2920917889133137
2263.0,1854.0,786.0,1036.0,1134.0,2232.0,0.006896551698446274,0.32620319724082947,1,36.72937210603067,-1.2913731366860182
2216.0,2127.0,786.0,946.0,1070.0,1839.0,0.09297163784503937,0.264352023601532,1,36.73907391109916,-1.29559521852138
2576.0,1818.0,737.0,1038.0,1268.0,2500.0,0.01497241947799921,0.3269639015197754,1,36.7416790254231,-1.336738058534054
2113.5,1428.0,452.0,763.5,662.0,3535.5,-0.251725971698761,0.6845741271972656,1,36.73772643817298,-1.2894866745893672
2070.0,1746.0,941.0,1150.0,1376.0,1920.0,0.03759398311376572,0.1650485396385193,1,36.745092623502764,-1.304668202890987
2345.0,2001.0,733.0,980.0,1100.0,2540.0,-0.039918117225170135,0.3956044018268585,1,36.73826542734345,-1.2865222341517726
2332.0,2038.0,748.0,1034.0,1196.0,2054.0,0.06338348984718323,0.2639999985694885,1,36.73143823118414,-1.2921816204417256
2045.5,1619.0,334.0,503.0,523.5,2419.0,-0.08365998417139053,0.6441801190376282,1,36.741229867781044,-1.2975715121464428
2149.0,1792.0,655.0,928.0,1108.0,1996.0,0.036911942064762115,0.2860824763774872,1,36.746080770315295,-1.2946070717088485
2587.0,2478.5,1006.0,1210.0,1485.0,1991.0,0.13018785417079926,0.14556962251663208,1,36.75614190149743,-1.2973020175612069
2582.0,2797.5,745.5,934.0,1152.0,1761.0,0.18903984129428864,0.20906281471252441,1,36.75227914577572,-1.2885883593052476
1908.5,1291.5,556.5,756.0,797.0,2293.0,-0.0915149375796318,0.48414239287376404,1,36.73619930218998,-1.3300905254315696
2862.0,2682.0,761.0,990.0,1466.0,2138.0,0.14480000734329224,0.1864594966173172,1,36.747518074769886,-1.2973918490896188
1920.0,1833.0,639.0,758.0,728.0,1764.0,0.04234527796506882,0.4157303273677826,1,36.73566031301951,-1.3035902245500437
2036.0,1548.0,789.0,965.0,958.0,2026.0,0.0024618415627628565,0.35790884494781494,1,36.72047878471788,-1.2968528599191471
2292.0,1719.0,688.0,962.0,1072.0,2766.0,-0.0937129333615303,0.4413757026195526,1,36.72640766559307,-1.2955053869929678
1739.0,1461.5,613.0,894.0,1093.0,1967.0,-0.06152185797691345,0.28562092781066895,1,36.72856362227496,-1.308171632499053
2650.0,2349.0,772.0,999.0,1140.0,2230.0,0.08606557548046112,0.32344213128089905,1,36.749584199923355,-1.2992783111862698
2362.0,1920.0,499.0,690.0,896.0,2332.0,0.0063911378383636475,0.44485750794410706,1,36.74051121555375,-1.2959545446350276
2216.0,1600.0,580.0,872.5,1543.0,2350.5,-0.02945362962782383,0.20739693939685822,1,36.73161789424097,-1.3316176614145727
2042.0,1795.0,632.0,844.0,1242.0,1768.0,0.07191601395606995,0.17475083470344543,1,36.75479442857125,-1.3002664579988015
2503.0,2485.0,1034.0,1406.0,1698.0,2002.0,0.11120976507663727,0.08216216415166855,1,36.750572346735886,-1.3001766264703893
2556.0,2532.5,993.0,1222.0,1511.0,1857.0,0.1583956480026245,0.10273159295320511,1,36.7446434658607,-1.2973020175612069
1777.0,1621.0,714.0,994.0,938.0,1524.0,0.0766434445977211,0.23801787197589874,1,36.75919617346344,-1.2951460608793202
2279.0,2100.0,1334.0,1652.0,1907.0,2250.0,0.006403179373592138,0.08251142501831055,1,36.746260433372115,-1.2938884194815528
2331.5,1930.5,425.5,658.0,905.0,2263.5,0.014798694290220737,0.42875176668167114,1,36.7363789652468,-1.2925409465553734
2511.0,2431.0,691.0,970.0,1376.0,1776.0,0.17144855856895447,0.12690354883670807,1,36.75209948271889,-1.2863425710949488
2538.0,2442.0,709.0,918.0,1278.0,1988.0,0.12152010947465897,0.21739129722118378,1,36.724611035024836,-1.2919121258564898
2446.5,2499.5,1137.0,1324.0,1522.0,1710.0,0.1771923452615738,0.05816831812262535,1,36.75838768970773,-1.2985596589589743
2284.5,2078.5,1173.0,1414.0,1650.0,1969.0,0.07417421042919159,0.0881458967924118,1,36.75335712411666,-1.2942477455952006
2253.0,1660.5,613.5,876.5,820.0,3463.5,-0.2117554396390915,0.6171355247497559,1,36.73781626970139,-1.2871510548506564
1723.0,1574.5,586.0,826.0,877.0,1455.0,0.0843297690153122,0.24785591661930084,1,36.76000465721914,-1.2973020175612069
2012.0,1471.0,534.5,801.5,749.5,2604.0,-0.12824957072734833,0.5530043244361877,1,36.72452120349642,-1.3257786120677957
2249.0,1716.5,543.5,812.5,789.5,2756.0,-0.10129870474338531,0.5546467304229736,1,36.75623173302584,-1.3019732570386284
2937.0,2449.0,488.0,704.5,2050.0,2919.0,0.0030737705528736115,0.17488428950309753,1,36.73548064996268,-1.2936189248963168
2604.0,2254.5,683.5,940.0,1157.0,2019.0,0.12654121220111847,0.27141058444976807,1,36.7408705416674,-1.31032758918094
2020.5,1782.0,870.0,1178.0,1520.0,1896.0,0.03178858757019043,0.11007025837898254,1,36.75569274385537,-1.2929002726690213
2058.0,1888.0,1094.0,1278.0,1652.0,1854.0,0.052147239446640015,0.05761551484465599,1,36.749135042281296,-1.29146296821443
2337.0,1942.0,612.0,800.0,1052.0,1732.0,0.14868518710136414,0.24425287544727325,1,36.766562358793216,-1.3083512955558771
2083.0,1912.0,465.0,681.0,1006.0,1498.0,0.16336219012737274,0.19648562371730804,1,36.74644009642894,-1.295235892407732
2343.0,2238.0,886.0,1172.0,1480.0,2008.0,0.07699379324913025,0.1513761430978775,1,36.7423976776504,-1.2961342076918516
2183.5,1845.0,657.0,878.0,1093.0,1851.0,0.0824141800403595,0.25747281312942505,1,36.73943323721281,-1.297212186032795
1955.0,1263.0,420.0,674.0,566.0,2932.0,-0.19991815090179443,0.6763865351676941,1,36.733684019394445,-1.3263176012382676
2155.0,2004.0,860.0,1109.0,1200.0,2187.0,-0.007369875442236662,0.29140833020210266,1,36.73583997607633,-1.3054766866466947
1988.5,1548.0,522.0,723.0,874.5,2181.0,-0.04616860672831535,0.4275895953178406,1,36.74320616140611,-1.3307193461304532
1536.0,1222.0,660.0,786.0,844.0,1672.0,-0.042394015938043594,0.3290938138961792,1,36.75838768970773,-1.2931697672542573
3201.5,2922.0,808.5,1021.0,1348.0,2418.0,0.13942521810531616,0.2841210961341858,1,36.722455078342946,-1.2951460608793202
1842.0,1732.0,627.5,690.5,1119.0,1261.0,0.1872381567955017,0.059663865715265274,1,36.736738291360446,-1.3058360127603423
1880.0,1415.0,413.5,571.0,587.0,2013.0,-0.034163884818553925,0.5484615564346313,1,36.73143823118414,-1.3317074929429846
2243.0,1558.0,798.0,1174.0,1370.0,2676.0,-0.0880260244011879,0.32278794050216675,1,36.73080941048526,-1.3240718130279687
1993.0,1372.0,554.0,807.0,858.0,2216.0,-0.05298170447349548,0.44176968932151794,1,36.7408705416674,-1.332965134340752
2647.0,2135.0,800.0,1064.0,1172.0,2250.0,0.08107004314661026,0.31502044200897217,1,36.756770722196315,-1.3035003930216316
2239.0,2061.0,958.0,1260.0,1556.0,1908.0,0.07981673628091812,0.10161662846803665,1,36.72847379074655,-1.2939782510099647
2219.0,1797.0,1210.0,1314.0,1426.0,1947.0,0.06529044359922409,0.15446190536022186,1,36.76251994001468,-1.3094292738968205
1842.5,1727.5,818.5,1030.0,1299.0,1602.5,0.06966618448495865,0.10460107028484344,1,36.734312840093324,-1.3058360127603423
2369.0,1553.0,531.0,824.0,798.0,2830.0,-0.08867090195417404,0.5600882172584534,1,36.74976386298018,-1.2985596589589743
2294.0,2129.5,1175.0,1442.0,1565.0,1892.0,0.09603440016508102,0.0945906862616539,1,36.75919617346344,-1.299098648129446
2559.5,2061.0,791.5,1005.5,1323.0,2022.0,0.11731965839862823,0.2089686095714569,1,36.74572144420164,-1.2980206697885026
2219.0,1739.0,455.0,710.0,764.0,2562.0,-0.07174231112003326,0.5405892729759216,1,36.73179755729779,-1.2925409465553734
2100.0,1768.0,545.0,732.5,855.0,1728.0,0.09717868268489838,0.33797910809516907,1,36.745092623502764,-1.3033207299648077
2535.0,2278.5,871.0,1167.0,1528.0,1914.0,0.13958193361759186,0.1121441051363945,1,36.74563161267323,-1.2949663978224961
2419.0,2296.0,865.0,1128.0,1365.0,1658.0,0.1866568624973297,0.0969235822558403,1,36.73943323721281,-1.2981105013169145
2193.0,1653.0,436.0,665.0,652.0,3088.0,-0.1694754809141159,0.6513369083404541,1,36.72326356209866,-1.297481680618031
2378.0,2319.0,955.0,1130.0,1670.0,1976.0,0.09232889115810394,0.08392759412527084,1,36.74733841171306,-1.2884985277768357
2323.5,2212.0,1175.0,1438.0,1724.0,1944.0,0.08892794698476791,0.059978190809488297,1,36.75254864036095,-1.2904748214018986
1918.0,1435.5,1017.0,1160.0,1163.0,1964.0,-0.011849561706185341,0.2561560571193695,1,36.71733468122347,-1.3194005735505472
2690.5,2068.0,770.0,1030.0,1111.0,2580.0,0.020965753123164177,0.39799511432647705,1,36.7558724069122,-1.3035003930216316
2445.0,2168.0,805.0,1152.0,1297.0,2123.0,0.07049036771059036,0.2415204644203186,1,36.7446434658607,-1.304758034419399
2435.0,1934.0,575.0,894.0,996.0,3066.0,-0.11470641940832138,0.5096011757850647,1,36.73763660664457,-1.2945172401804363
2696.0,2329.0,1004.0,1152.0,1670.0,2524.0,0.03295019268989563,0.20362421870231628,1,36.72389238279754,-1.3294617047326858
2162.0,2025.0,740.0,1032.0,1188.0,2114.0,0.01122544426470995,0.28043609857559204,1,36.73871458498551,-1.286073076509713
2382.0,2254.0,870.0,1144.0,1505.0,1797.0,0.13998563587665558,0.08843125402927399,1,36.72299406751342,-1.293529093367905
1851.0,1213.0,458.0,678.0,662.0,2426.0,-0.13444003462791443,0.5712435245513916,1,36.732695872581914,-1.325239622897324
1942.0,1595.0,410.0,615.0,567.0,2016.0,-0.018696311861276627,0.5609756112098694,1,36.75596223844061,-1.301254604811333
2261.0,2187.0,906.0,1126.0,1440.0,1578.0,0.1779109090566635,0.04572564736008644,1,36.74715874865623,-1.287959538606364
2405.0,2217.0,851.5,1116.0,1442.0,2037.0,0.08284556865692139,0.17102615535259247,1,36.73754677511616,-1.2921816204417256
2084.0,1651.0,667.0,950.0,1106.0,2225.0,-0.03272220864892006,0.33593514561653137,1,36.73116873659891,-1.3304498515452172
2301.0,1932.0,634.0,868.0,1100.0,2028.0,0.06306306272745132,0.2966752052307129,1,36.72874328533179,-1.3282040633349186
2349.5,2366.5,1108.0,1101.0,1327.0,1511.0,0.21719984710216522,0.06483439356088638,1,36.743924813633406,-1.2864324026233607
1922.5,1429.5,726.0,854.0,972.5,1462.0,0.13606145977973938,0.2010679841041565,1,36.74024172096851,-1.3240718130279687
2160.0,1721.5,675.0,914.0,1048.0,2202.0,-0.00962861068546772,0.3550769090652466,1,36.74006205791169,-1.2866120656801847
2205.0,2108.0,835.5,1065.0,1339.0,1739.0,0.11815416067838669,0.1299545168876648,1,36.746709591014174,-1.2852645927540054
2258.5,2242.5,704.0,867.0,932.0,1257.0,0.28488123416900635,0.14846962690353394,1,36.751290998963185,-1.2903849898734867
2461.0,2444.5,862.5,1136.0,1438.0,1678.0,0.18917612731456757,0.07702182233333588,1,36.742038351536756,-1.3026919092659242
2119.5,2077.5,893.5,1202.0,1440.0,1630.0,0.13055074214935303,0.061889249831438065,1,36.75156049354842,-1.2902053268166627
2449.5,2408.5,963.0,1220.0,1543.0,1779.0,0.15856686234474182,0.071041539311409,1,36.74491296044594,-1.2958647131066157
1705.0,1306.0,648.0,806.0,952.0,1664.0,0.012169783003628254,0.2721712589263916,1,36.7573995428952,-1.3268565904087393
2213.0,1904.0,646.0,822.0,960.0,1883.0,0.08056640625,0.32465705275535583,1,36.75039268367907,-1.3011647732829208
2168.0,1920.0,821.0,1058.0,1228.0,1744.0,0.10838446021080017,0.17362046241760254,1,36.739343405684394,-1.2928104411406094
2224.0,1793.0,825.0,1072.0,1300.0,1694.0,0.13527309894561768,0.13159652054309845,1,36.72928227450226,-1.2960443761634397
2259.0,2073.0,730.0,960.0,1282.0,1562.0,0.1824129819869995,0.09845288097858429,1,36.737456943587745,-1.2862527395665369
2278.0,2196.0,893.0,1106.0,1284.0,1540.0,0.19329491257667542,0.09065155684947968,1,36.742667172235635,-1.2980206697885026
2406.5,2156.5,906.0,1244.0,1513.0,2164.5,0.052942462265491486,0.1771584004163742,1,36.74131969930946,-1.3019732570386284
2296.5,2051.5,841.5,1152.0,1366.0,2040.0,0.059149082750082016,0.19788607954978943,1,36.75380628175872,-1.2882290331915998
2030.5,1661.0,451.0,711.5,697.0,2239.0,-0.04883475974202156,0.5252043604850769,1,36.758926678878204,-1.295415555464556
2193.0,2136.0,789.0,1058.0,1398.0,1802.0,0.09787233918905258,0.1262499988079071,1,36.745811275730055,-1.304488539834163
2181.0,1818.0,735.0,1052.0,1185.0,2589.0,-0.08553458750247955,0.37201908230781555,1,36.73045008437161,-1.3257786120677957
2378.0,2103.0,506.0,726.0,958.0,2236.0,0.030775899067521095,0.4001252353191376,1,36.742667172235635,-1.2968528599191471
2062.0,1427.0,536.0,711.0,1100.0,1892.0,0.042994435876607895,0.2647058963775635,1,36.72065844777471,-1.3259582751246197
2122.0,1909.0,772.0,902.0,960.0,1606.0,0.1384120136499405,0.25175368785858154,1,36.741050204724225,-1.2893070115325431
2550.0,2188.0,746.0,1076.0,1272.0,2642.0,-0.01771956868469715,0.3500255346298218,1,36.72308389904183,-1.3016139309249806
2568.5,2360.5,783.5,959.5,1002.0,1610.0,0.2293885350227356,0.2327718287706375,1,36.717694007337116,-1.321646361760846
2516.0,2576.5,1068.0,1081.0,1033.0,1308.0,0.3158995807170868,0.11747116595506668,1,36.75407577634395,-1.2882290331915998
1790.5,1404.5,792.5,953.5,936.5,1904.0,-0.03072134219110012,0.34060904383659363,1,36.74302649834929,-1.3303600200168053
2246.0,2249.5,966.0,1149.0,1328.0,1595.5,0.16933488845825195,0.09149991720914841,1,36.74320616140611,-1.2872408863790683
2122.0,1764.0,578.0,822.0,856.0,2282.0,-0.036330606788396835,0.454429566860199,1,36.74922487380971,-1.2922714519701377
2316.5,1801.0,359.5,591.0,636.5,2351.0,-0.007391537073999643,0.5738912224769592,1,36.758657184292964,-1.2908341475155465
2240.0,2077.0,500.0,695.0,1054.0,1676.0,0.14402452111244202,0.22783882915973663,1,36.74859605311082,-1.2906544844587224
2612.0,2582.0,1331.0,1580.0,1810.0,2204.5,0.08460500091314316,0.0982687771320343,1,36.747248580184646,-1.2997274688283296
2894.0,2851.0,766.0,910.0,2160.0,2460.0,0.08106088638305664,0.06493506580591202,1,36.73817559581504,-1.303141066907984
2036.0,1807.0,954.0,1098.0,1230.0,1678.0,0.09639202803373337,0.15405777096748352,1,36.73296536716715,-1.3067343280444619
2492.0,1506.0,708.0,1062.0,977.0,3476.0,-0.16487935185432434,0.5611947178840637,1,36.75578257538378,-1.325149791368912
2095.0,1867.0,957.0,1190.0,1387.0,1808.0,0.07353317737579346,0.1317683905363083,1,36.75245880883254,-1.2929901041974332
2326.5,2271.0,881.5,1101.0,1343.0,1497.5,0.21678870916366577,0.054391831159591675,1,36.74706891712783,-1.2874205494358921
1933.0,1810.5,787.0,994.0,1099.0,1711.0,0.06092206388711929,0.21779359877109528,1,36.75551308079854,-1.297122354504383
2166.0,2003.5,795.5,1045.0,1333.0,1944.0,0.054014597088098526,0.1864510178565979,1,36.74931470533812,-1.2920019573849018
2525.0,2385.0,1120.0,1298.0,1500.0,1998.0,0.11651558429002762,0.14236706495285034,1,36.74967403145177,-1.3005359525840372
2185.0,2048.0,802.0,1078.0,1340.0,1816.0,0.09222694486379623,0.15082383155822754,1,36.747967232411945,-1.2907443159871343
1650.0,1490.0,997.0,1133.0,1344.0,1476.0,0.055662188678979874,0.04680851101875305,1,36.760094488747555,-1.295325723936144
2291.0,1561.0,843.0,1034.0,1030.0,2722.0,-0.08597645908594131,0.4509594738483429,1,36.76575387503751,-1.30664449651605
2061.0,1996.5,866.0,1110.0,1384.0,1619.0,0.1201086938381195,0.0782550796866417,1,36.74491296044594,-1.289756169174603
2185.0,2094.0,828.0,1078.0,1282.0,1672.0,0.13300491869449615,0.1320243775844574,1,36.74042138402534,-1.286162908038125
2051.0,2090.0,812.0,1056.0,1418.0,1522.0,0.14805485308170319,0.035374149680137634,1,36.726766991706725,-1.2944274086520244
2381.0,2168.0,794.0,1018.0,1376.0,1716.0,0.16231389343738556,0.10996118932962418,1,36.73853492192869,-1.2964935338054995
2241.0,2081.0,856.0,1122.0,1208.0,2030.0,0.04940294846892357,0.2538604140281677,1,36.75766903748043,-1.299368142714682
1787.5,1080.5,360.0,565.0,457.5,2494.5,-0.1651097685098648,0.690040647983551,1,36.74257734070723,-1.3293718732042739
2635.5,2412.0,969.0,1328.0,1627.0,2145.0,0.10260432958602905,0.1373276710510254,1,36.75398594481555,-1.2925409465553734
2262.0,2094.0,642.0,852.0,1244.0,1620.0,0.16537867486476898,0.1312849223613739,1,36.75191981966207,-1.2870612233222445
1825.5,1225.5,600.0,695.5,695.0,2227.0,-0.09907464683055878,0.5242984294891357,1,36.75497409162808,-1.3262277697098555
2642.0,1862.5,533.5,851.5,990.5,3180.0,-0.09240810573101044,0.5249969959259033,1,36.74527228655958,-1.2988291535442102
2448.5,2381.5,902.0,1208.0,1519.0,1933.0,0.11765377223491669,0.11993047595024109,1,36.74518245503117,-1.2938884194815528
1905.0,1789.5,890.0,1061.0,1222.0,1662.5,0.0679747685790062,0.15271277725696564,1,36.721287268473596,-1.3147293340731256
2431.0,2290.0,596.0,828.0,1296.0,1678.0,0.18325626850128174,0.1284465342760086,1,36.735750144547914,-1.2856239188676533
2497.0,1651.0,666.0,994.0,966.0,2710.0,-0.04090647026896477,0.4744287133216858,1,36.74230784612199,-1.325149791368912
2346.0,2062.0,819.0,1019.0,1192.0,2170.0,0.03897254168987274,0.29089826345443726,1,36.72425170891119,-1.2999969634135655
2147.0,1745.0,844.0,1118.0,1244.0,1878.0,0.0668322965502739,0.20307494699954987,1,36.72937210603067,-1.3238023184427328
3189.0,3068.5,1055.0,1192.0,1328.0,2242.0,0.17436936497688293,0.2560224235057831,1,36.75973516263391,-1.3003562895272134
2069.5,1426.0,796.0,1075.0,1133.0,2317.0,-0.056423116475343704,0.34318840503692627,1,36.71634653441094,-1.310058094595704
2384.0,2274.0,869.0,1200.0,1512.0,1916.0,0.10883720964193344,0.11785297840833664,1,36.737456943587745,-1.2905646529303105
1848.0,1533.0,469.0,598.0,620.0,1790.0,0.015942825004458427,0.48547717928886414,1,36.735300986905855,-1.3362889008919943
1998.0,1844.0,1114.0,1236.0,1410.0,1602.0,0.10999999940395355,0.06374502182006836,1,36.74455363433229,-1.334671933380579
2738.0,2259.0,894.0,1122.0,1354.0,1968.0,0.16362090408802032,0.18482841551303864,1,36.74931470533812,-1.2999071318851536
1955.0,1275.0,479.0,708.0,860.0,2640.0,-0.14907507598400116,0.508571445941925,1,36.747248580184646,-1.3325159766986923
2487.0,2306.0,996.0,1146.0,1410.0,1830.0,0.15218901634216309,0.12962962687015533,1,36.73871458498551,-1.2942477455952006
2349.0,1638.0,720.0,1080.0,1078.0,3136.0,-0.14348222315311432,0.4883720874786377,1,36.74805706394036,-1.3263176012382676
1633.0,1044.0,376.0,584.0,517.0,2482.0,-0.20631834864616394,0.6552184224128723,1,36.75281813494619,-1.3295515362610977
1728.0,1224.0,854.5,1044.0,1220.0,1975.0,-0.06670267134904861,0.23630672693252563,1,36.746260433372115,-1.3297311993179217
1994.5,1814.0,918.0,1083.0,1350.0,1623.0,0.10269523411989212,0.0918264389038086,1,36.733684019394445,-1.3052970235898707
2129.5,1503.0,502.0,778.0,766.0,2638.5,-0.10675335675477982,0.5500073432922363,1,36.7521893142473,-1.303141066907984
2420.0,2327.0,730.0,1026.0,1350.0,1960.0,0.10502283275127411,0.18429003655910492,1,36.740601047082166,-1.2872408863790683
3161.0,2560.0,1244.0,1250.0,1294.0,2180.0,0.18367347121238708,0.25503742694854736,1,36.75928600499185,-1.3011647732829208
1933.0,1826.0,962.0,1134.0,1410.0,1524.0,0.11831067502498627,0.03885480388998985,1,36.73907391109916,-1.302781740794336
2108.0,1990.0,916.0,1172.0,1428.0,1664.0,0.1177094355225563,0.07632600516080856,1,36.72955176908749,-1.2893070115325431
2295.0,2249.0,858.0,1088.0,1486.0,1702.0,0.14836126565933228,0.06775407493114471,1,36.74446380280388,-1.2847256035835337
2631.5,2563.5,1098.0,1416.0,1862.0,2125.0,0.10648585855960846,0.06596438586711884,1,36.742936666820874,-1.2886781908336595
1927.0,1377.0,663.0,1015.5,979.5,2878.0,-0.1979188323020935,0.4921581447124481,1,36.760363983332795,-1.3229938346870254
2395.5,2323.0,892.0,1104.0,1288.0,1720.0,0.16413559019565582,0.14361701905727386,1,36.74194852000834,-1.2944274086520244
1952.0,1599.0,626.0,792.0,949.0,1678.0,0.0754820927977562,0.2775028645992279,1,36.76386741294086,-1.3263176012382676
2311.5,2202.5,844.5,1096.0,1268.0,1795.0,0.12577620148658752,0.17205354571342468,1,36.74886554769606,-1.2893968430609553
3041.0,3053.0,1158.0,1450.0,1672.0,1941.0,0.22079485654830933,0.07445336133241653,1,36.71805333345076,-1.3169751222834245
2668.0,2122.5,548.0,842.5,1033.0,2733.5,-0.012126261368393898,0.4514801502227783,1,36.73754677511616,-1.2943375771236125
2354.5,2291.5,725.0,975.5,1282.0,1653.0,0.17504678666591644,0.12640544772148132,1,36.74338582446293,-1.285983244981301
2296.0,1678.0,603.0,804.0,1016.0,2096.0,0.04553734138607979,0.3470436930656433,1,36.73062974742844,-1.3276650741644467
2301.5,1985.5,513.0,764.0,964.5,2195.0,0.023685088381171227,0.38946035504341125,1,36.730090758257965,-1.3281142318065065
2058.5,1544.0,1028.0,1201.0,1207.0,1835.0,0.05740336328744888,0.20644313097000122,1,36.71733468122347,-1.319490405078959
2027.0,1363.0,465.0,718.0,786.0,2382.0,-0.08051712065935135,0.5037878751754761,1,36.76260977154309,-1.3017935939818046
2339.0,2127.0,974.0,1181.0,1393.0,1596.0,0.1888182908296585,0.06791569292545319,1,36.73925357415598,-1.3033207299648077
2262.5,2313.0,992.0,1173.0,1334.0,1399.0,0.2358323037624359,0.02378338761627674,1,36.752728303417776,-1.2882290331915998
2136.0,1786.0,708.0,901.0,1018.0,2164.0,-0.006511627696454525,0.36015084385871887,1,36.74715874865623,-1.29559521852138
1646.0,1304.0,740.0,903.0,992.0,1641.0,0.001521143945865333,0.24648690223693848,1,36.71706518663823,-1.3052970235898707
2279.5,2030.5,537.0,739.5,898.5,2018.0,0.06084933131933212,0.3838505148887634,1,36.746080770315295,-1.297122354504383
2024.0,1560.0,584.0,872.0,900.0,2376.0,-0.07999999821186066,0.450549453496933,1,36.73691795441727,-1.3371872161761138
2091.0,1404.5,619.0,853.5,893.0,2490.5,-0.08719851821660995,0.472144216299057,1,36.72973143214432,-1.3244311391416166
2022.5,1526.5,625.5,828.5,923.0,2063.0,-0.009913107380270958,0.3817816376686096,1,36.741229867781044,-1.3299108623747455
2167.0,1770.0,922.0,1150.0,1398.0,1954.0,0.05168648436665535,0.16587112843990326,1,36.74383498210499,-1.3340431126816954
2415.0,2287.5,757.0,1009.0,1295.0,1685.0,0.178048774600029,0.13087248802185059,1,36.75380628175872,-1.2973918490896188
2036.0,1996.0,1086.0,1332.0,1616.0,1837.0,0.05138135701417923,0.06400232017040253,1,36.75811819512249,-1.2983799959021505
2023.0,2010.5,840.0,1056.0,1342.0,1653.0,0.10065288096666336,0.10383973270654678,1,36.74949436839495,-1.3025122462091
2520.0,2146.0,531.0,775.0,1166.0,2462.0,0.01164191123098135,0.3572216033935547,1,36.71922114332012,-1.323532823857497
1723.0,1556.0,765.0,941.0,1103.0,1425.0,0.09466327726840973,0.12737341225147247,1,36.74976386298018,-1.3034105614932197
2124.0,1694.0,728.5,1032.0,1304.0,2304.0,-0.04065040498971939,0.2771618664264679,1,36.732695872581914,-1.3034105614932197
1788.0,1401.0,493.0,705.5,786.5,1991.0,-0.05371791496872902,0.43366336822509766,1,36.7205686162463,-1.314100513374242
2470.0,2385.0,894.0,1092.0,1382.0,1644.0,0.2007778286933899,0.08658295124769211,1,36.744823128917524,-1.2849052666403575
2266.0,2130.0,1316.0,1682.0,1880.0,2110.0,0.03564899414777756,0.057644110172986984,1,36.753896113287134,-1.300895278697685
1747.0,1404.0,692.0,888.0,1002.0,1750.0,-0.0008578781853429973,0.2718023359775543,1,36.71976013249059,-1.3148191656015376
2309.0,1810.5,548.0,869.0,772.0,3080.0,-0.14306920766830444,0.5991692543029785,1,36.72074827930312,-1.2980206697885026
2015.0,1582.0,616.0,867.0,930.0,2388.0,-0.08471496403217316,0.43942132592201233,1,36.72425170891119,-1.2928104411406094
2382.0,2195.5,1154.0,1416.0,1726.0,2035.0,0.07856010645627975,0.08215899765491486,1,36.75874701582138,-1.3001766264703893
2592.0,2058.0,673.0,897.0,951.0,3144.0,-0.09623430669307709,0.5355311632156372,1,36.73494166079221,-1.28777987554954
1757.0,1388.0,746.0,854.0,959.0,1450.5,0.09555728733539581,0.20398423075675964,1,36.730989073542084,-1.3137411872605942
2677.0,2380.0,679.0,933.0,906.0,2374.0,0.059988122433423996,0.44756096601486206,1,36.75326729258825,-1.3005359525840372
2135.5,1678.5,435.0,674.0,764.5,2364.0,-0.050783421844244,0.511267364025116,1,36.74006205791169,-1.2978410067316786
2203.0,1897.0,644.5,882.0,1062.0,2159.0,0.010087115690112114,0.34057745337486267,1,36.73583997607633,-1.2928104411406094
2029.0,1762.0,818.5,1025.0,1286.0,1770.0,0.06817583739757538,0.15837696194648743,1,36.74967403145177,-1.293708756424729
2152.0,1847.0,1114.0,1310.0,1482.0,1712.0,0.11387163400650024,0.07201001793146133,1,36.72308389904183,-1.3010749417545089
2441.0,2302.0,686.0,855.0,1112.0,1477.0,0.24604390561580658,0.14098107814788818,1,36.74706891712783,-1.2929002726690213
2465.0,2050.5,1057.0,1152.0,1469.0,1997.0,0.10488570481538773,0.152336984872818,1,36.74599093878688,-1.2982901643737383
2385.0,2168.0,533.0,702.0,868.0,1538.0,0.21590618789196014,0.2784704864025116,1,36.73655862830363,-1.2912833051576063
2265.0,2190.0,708.0,948.0,1318.0,1600.0,0.17205692827701569,0.09664153307676315,1,36.74446380280388,-1.2907443159871343
1875.0,1703.5,593.0,839.0,1083.0,1541.0,0.0977751761674881,0.17454268038272858,1,36.75524358621331,-1.2968528599191471
2239.0,2203.0,798.0,1070.0,1318.0,1613.0,0.16251297295093536,0.10064823925495148,1,36.74850622158242,-1.29146296821443
2491.5,2094.5,464.0,682.0,985.5,1737.5,0.17829273641109467,0.27616599202156067,1,36.75596223844061,-1.2946969032372604
1941.5,1663.5,636.0,730.5,758.0,1603.0,0.09550006687641144,0.35789918899536133,1,36.74733841171306,-1.3360194063067583
1828.0,1647.0,748.0,902.0,1144.0,1332.0,0.15696202218532562,0.07592891901731491,1,36.754614765514425,-1.3015240993965687
2377.0,2231.0,769.0,952.0,1238.0,2114.0,0.05856156721711159,0.2613365054130554,1,36.74185868847993,-1.2902951583450746
1792.0,1381.0,720.0,875.0,982.0,1369.0,0.13381841778755188,0.16461080312728882,1,36.7205686162463,-1.3061055073455783
1904.0,1423.0,814.0,1020.0,1260.0,1898.0,0.0015781167894601822,0.2020266056060791,1,36.73449250315015,-1.3079919694422293
1646.0,1135.5,445.5,620.0,689.5,1854.0,-0.05942857265472412,0.4578337073326111,1,36.71589737676888,-1.3137411872605942
1931.5,1351.0,693.5,833.0,1042.0,1480.0,0.1323464810848236,0.173671692609787,1,36.735121323849036,-1.3247006337268523
2490.0,2169.0,608.0,1016.0,940.0,3276.0,-0.13631634414196014,0.5540797114372253,1,36.75407577634395,-1.289756169174603
2081.0,1365.0,576.0,792.0,876.0,2334.5,-0.05741139128804207,0.45429059863090515,1,36.763687749884035,-1.3095191054252324
2207.0,1860.0,432.0,606.0,688.0,2200.0,0.0015883821761235595,0.5235456824302673,1,36.74257734070723,-1.2962240392202635
2145.5,1789.0,675.5,1381.0,1618.0,2272.0,-0.028636107221245766,0.16812339425086975,1,36.754435102457606,-1.289576506117779
2124.0,1812.0,773.0,942.0,1044.0,2027.0,0.02336786314845085,0.320091187953949,1,36.73422300856492,-1.3034105614932197
2348.0,2010.0,1042.0,1332.0,1440.0,2232.0,0.025327511131763458,0.21568627655506134,1,36.71787367039394,-1.315717480885657
2537.0,2410.0,767.0,980.0,1190.0,1936.0,0.13436172902584076,0.23864363133907318,1,36.74967403145177,-1.3003562895272134
2173.0,1745.5,526.0,751.0,928.0,2445.0,-0.058899957686662674,0.4497480094432831,1,36.7415891938947,-1.327215916522387
2265.0,2170.0,1030.0,1230.0,1482.0,1636.0,0.16124071180820465,0.04939063638448715,1,36.749584199923355,-1.297212186032795
2669.5,2479.5,1009.0,1320.0,1654.0,2156.0,0.1064138412475586,0.13175852596759796,1,36.75380628175872,-1.3016139309249806
2291.0,1787.0,433.5,599.0,588.0,2275.0,0.0035041612572968006,0.5892420411109924,1,36.74374515057658,-1.302602077737512
2130.0,1959.0,1056.0,1152.0,1440.0,1607.0,0.13995184004306793,0.054808009415864944,1,36.75793853206567,-1.2985596589589743
2508.0,2401.0,1044.0,1364.0,1562.0,2054.0,0.09951775521039963,0.13606195151805878,1,36.74320616140611,-1.2973020175612069
2271.0,2120.5,1001.5,1176.0,1350.0,1613.0,0.16941297054290771,0.08876138925552368,1,36.75470459704284,-1.2997274688283296
2248.5,1839.0,589.0,863.5,965.0,2396.0,-0.03175799176096916,0.42576614022254944,1,36.73997222638328,-1.2965833653339114
2077.0,1737.5,433.5,750.0,708.0,2704.0,-0.13114410638809204,0.5849941372871399,1,36.74356548751976,-1.3005359525840372
2027.5,1345.5,409.5,704.0,534.5,3292.0,-0.23771031200885773,0.7206324338912964,1,36.748146895468764,-1.2989189850726222
2375.5,2264.5,1094.0,1292.0,1499.0,1663.0,0.17642688751220703,0.05186590924859047,1,36.75380628175872,-1.2965833653339114
2491.0,2384.0,950.0,1242.0,1478.0,2218.0,0.05797409266233444,0.20021645724773407,1,36.747697737826705,-1.2999969634135655
2219.0,1432.0,690.0,942.0,954.0,3006.0,-0.15062201023101807,0.5181818008422852,1,36.73467216620698,-1.3322464821134563
2385.5,2228.5,1100.0,1371.0,1931.0,2136.0,0.05518080294132233,0.050405703485012054,1,36.76431657058292,-1.2987393220157981
2758.0,2620.0,1166.0,1326.0,1552.0,2130.0,0.12847790122032166,0.15697990357875824,1,36.74257734070723,-1.2937985879531408
2098.5,1949.5,884.5,1120.0,1272.0,1841.0,0.06536362320184708,0.1827818751335144,1,36.72452120349642,-1.2950562293509083
2028.0,1892.0,614.0,789.0,1044.0,1722.0,0.08160000294446945,0.24511930346488953,1,36.7370976174741,-1.304758034419399
2766.0,2827.0,855.5,1161.0,1631.0,1893.0,0.18737927079200745,0.07434733211994171,1,36.749404536866535,-1.2943375771236125
1952.5,1616.5,730.0,951.0,1297.0,1822.0,0.03457411751151085,0.16832317411899567,1,36.759645331105496,-1.2928104411406094
2336.0,2168.0,1224.0,1522.0,1634.0,2106.0,0.05177847668528557,0.12620320916175842,1,36.74922487380971,-1.3011647732829208
1990.5,1829.0,945.5,1130.0,1536.0,1825.0,0.04337570443749428,0.08598631620407104,1,36.7310789050705,-1.3248802967836764
2178.0,1771.5,525.0,803.5,803.0,2458.5,-0.06049821898341179,0.5075885057449341,1,36.74006205791169,-1.3026919092659242
2619.0,2620.0,1474.0,1690.0,1864.0,2018.0,0.12960965931415558,0.039670273661613464,1,36.75156049354842,-1.2991884796578579
2264.0,1443.0,541.0,778.0,750.0,2840.0,-0.11285266280174255,0.582172691822052,1,36.74967403145177,-1.2985596589589743
2301.0,2150.0,692.0,763.0,960.0,1826.0,0.11509571224451065,0.3108399212360382,1,36.74527228655958,-1.2884985277768357
2343.0,2038.0,467.0,701.5,883.0,2368.0,-0.00530672911554575,0.4567825198173523,1,36.73548064996268,-1.2931697672542573
2949.0,2541.0,802.0,1046.0,900.0,2545.0,0.0735347643494606,0.47750362753868103,1,36.76305892918515,-1.3089801162547607
2135.0,2133.0,872.0,1042.0,1280.0,1496.0,0.17598457634449005,0.07780979573726654,1,36.74455363433229,-1.2849950981687694
2042.0,1780.0,980.0,1214.0,1474.0,1568.0,0.13130193948745728,0.03090072236955166,1,36.73826542734345,-1.302602077737512
2287.0,2067.0,979.0,1146.0,1332.0,1806.0,0.11751770973205566,0.1510516256093979,1,36.73610947066157,-1.3051173605330468
2408.5,2203.5,1008.0,1154.0,1363.0,2119.0,0.0639425739645958,0.2171165943145752,1,36.74455363433229,-1.3024224146806882
2267.5,2184.5,937.0,1168.0,1449.0,1734.0,0.1333250105381012,0.08953817188739777,1,36.74257734070723,-1.287690044021128
2102.5,1710.0,787.5,970.5,1058.0,2121.0,-0.00438025314360857,0.3343818783760071,1,36.727216149348784,-1.330809177658865
2383.0,2225.0,952.0,1214.0,1400.0,2216.0,0.03631224110722542,0.22566372156143188,1,36.74805706394036,-1.2999071318851536
2390.0,1858.0,697.0,979.0,1378.0,2304.0,0.018321260809898376,0.25149375200271606,1,36.728383959218135,-1.3228141716302013
2308.5,1925.0,624.0,894.0,1148.0,2142.5,0.03729499131441116,0.3022336959838867,1,36.741229867781044,-1.3023325831522763
2202.0,2201.0,797.0,966.0,1282.0,1476.0,0.1973898857831955,0.0703408271074295,1,36.74284683529246,-1.2848154351119456
2522.0,2166.5,823.0,1106.0,1225.0,2551.0,-0.005716538522392511,0.3511652648448944,1,36.74949436839495,-1.3282938948633305
2599.0,1852.0,845.0,1186.0,1304.0,2896.0,-0.054049134254455566,0.3790476322174072,1,36.749404536866535,-1.3261379381814435
2246.0,2018.5,717.0,998.0,1212.0,2031.0,0.050268881022930145,0.25254392623901367,1,36.73449250315015,-1.285803581924477
2549.0,1809.0,656.0,976.0,1058.0,2956.0,-0.07393278926610947,0.47284504771232605,1,36.731977220354615,-1.2892171800041312
2301.0,2345.0,1110.0,1316.0,1502.0,1896.0,0.09649749845266342,0.1159505620598793,1,36.741050204724225,-1.2846357720551218
2323.0,2173.0,850.0,1070.0,1396.0,1648.0,0.16998237371444702,0.08278580754995346,1,36.73134839965573,-1.2924511150269615
3247.0,3344.0,2251.0,2434.0,2690.0,2855.0,0.06424123048782349,0.029756536707282066,1,36.74545194961641,-1.289846000703015
2873.0,2629.5,641.0,801.5,1888.0,2529.0,0.06368011981248856,0.14512112736701965,1,36.750572346735886,-1.2944274086520244
2421.0,2261.0,816.0,997.0,1318.0,1928.0,0.11335939168930054,0.1879235953092575,1,36.766562358793216,-1.3025122462091
2296.0,1798.0,528.0,700.0,999.0,2364.0,-0.014592275023460388,0.4058876037597656,1,36.7408705416674,-1.3361990693635821
2522.0,2193.0,932.0,1176.0,1422.0,2136.0,0.08286818116903305,0.20067453384399414,1,36.75335712411666,-1.2947867347656723
1804.0,1472.0,959.0,1214.0,1312.0,2274.0,-0.11525257676839828,0.2682654857635498,1,36.730539915900025,-1.3248802967836764
1782.0,1347.0,556.0,784.0,937.0,2202.0,-0.10542168468236923,0.4029945731163025,1,36.733684019394445,-1.32550911748256
2339.5,2041.0,1358.0,1630.0,1812.0,2227.5,0.02452375739812851,0.102859266102314,1,36.75874701582138,-1.2919121258564898
3473.0,2624.0,1383.0,1782.0,2100.0,2626.0,0.13887523114681244,0.11129919439554214,1,36.754435102457606,-1.3051173605330468
2271.5,1898.5,699.0,912.0,1180.0,2088.0,0.042091984301805496,0.2778457701206207,1,36.74949436839495,-1.3351210910226388
2497.0,2582.0,1198.0,1415.0,1670.0,1821.0,0.1565539538860321,0.04325408115983009,1,36.73727728053092,-1.3064648334592261
2221.0,2101.0,938.0,1230.0,1498.0,1800.0,0.10470032691955566,0.091570645570755,1,36.73907391109916,-1.285803581924477
2422.0,2162.5,574.0,825.0,1282.0,1894.0,0.12233549356460571,0.19269521534442902,1,36.75254864036095,-1.2973020175612069
2556.5,2488.0,996.5,1338.0,1814.0,2088.0,0.10087200254201889,0.07022040337324142,1,36.7558724069122,-1.300715615640861
2225.0,1960.0,874.0,1092.0,1216.0,1846.0,0.0930975154042244,0.20574787259101868,1,36.72856362227496,-1.2889476854188955
2192.5,1759.0,510.0,727.5,823.5,2328.0,-0.0299745611846447,0.47739171981811523,1,36.740780710138985,-1.3003562895272134
2340.0,1847.0,830.0,1104.0,1224.0,2280.0,0.012987012974917889,0.30136987566947937,1,36.76000465721914,-1.302602077737512
2497.0,2450.0,1460.0,1726.0,2022.0,2221.0,0.05849936231970787,0.046900779008865356,1,36.744373971275465,-1.291822294328078
2313.0,2337.0,915.0,1180.0,1338.0,1440.0,0.23261390626430511,0.03671706095337868,1,36.7529079664746,-1.288049370134776
2242.0,2121.5,582.0,796.5,1083.0,1645.5,0.15344052016735077,0.20615722239017487,1,36.727934801576076,-1.2902951583450746
2226.0,2226.5,890.0,1106.0,1333.0,1591.0,0.1663610190153122,0.0882352963089943,1,36.74823672699718,-1.2873307179074802
2310.5,1900.0,1191.0,1426.0,1529.0,1951.0,0.08435996621847153,0.12126436829566956,1,36.72470086655325,-1.2978410067316786
2238.0,2159.0,998.0,1200.0,1504.0,1702.0,0.1360406130552292,0.06175919994711876,1,36.73045008437161,-1.2921816204417256
1864.5,1444.0,726.0,928.0,1043.0,1910.0,-0.01205457653850317,0.2935997247695923,1,36.74787740088353,-1.3029614038511599
2239.5,1755.0,668.0,912.0,1010.0,2409.0,-0.03646337613463402,0.40918397903442383,1,36.74131969930946,-1.3298210308463336
2035.0,1756.5,550.0,686.5,682.5,1907.5,0.03233988583087921,0.47297295928001404,1,36.746889254071,-1.2938884194815528
2399.0,1749.0,539.0,755.0,940.0,2050.0,0.07844459265470505,0.37123745679855347,1,36.73000092672955,-1.291552799742842
2325.5,1893.0,368.5,594.0,629.0,2769.0,-0.08705466985702515,0.6297821998596191,1,36.738894248042335,-1.3038597191352794
2968.0,2830.0,1406.0,1518.0,1560.0,1870.0,0.22695328295230865,0.0903790071606636,1,36.71922114332012,-1.3161666385277169
2374.0,2045.0,767.0,972.5,964.0,2418.0,-0.009181969799101353,0.4299231171607971,1,36.742936666820874,-1.287869707077952
2276.0,1915.5,582.5,882.5,1253.0,1962.5,0.07396484911441803,0.22064997255802155,1,36.740780710138985,-1.2958647131066157
2351.0,2135.0,534.0,770.0,1226.0,1572.0,0.19857251644134521,0.12365975975990295,1,36.725778844894194,-1.2944274086520244
2357.5,2419.0,846.5,1078.0,1436.0,1617.0,0.1863127499818802,0.05928594991564751,1,36.74572144420164,-1.2909239790439584
1942.0,1547.0,431.0,662.0,629.0,2478.0,-0.12126696854829788,0.5951077938079834,1,36.76503522281021,-1.297122354504383
2138.0,1978.0,602.0,800.0,997.0,1876.0,0.06527154892683029,0.30595195293426514,1,36.73170772576938,-1.2903849898734867
2700.0,2254.0,972.0,916.0,1060.0,2260.0,0.08870967477560043,0.3614457845687866,1,36.76126229861691,-1.306285170402402
2167.0,2064.0,734.5,914.0,1162.0,1505.0,0.18028321862220764,0.12860892713069916,1,36.740331552496926,-1.2901154952882508
2131.0,1323.5,847.0,1057.0,938.0,2337.0,-0.04610564187169075,0.4271755814552307,1,36.75407577634395,-1.3317074929429846
2843.0,2738.5,941.5,1116.0,1940.0,2559.0,0.05257312208414078,0.13758613169193268,1,36.74644009642894,-1.293708756424729
2378.5,2106.0,856.5,1120.0,1459.0,1836.0,0.12872226536273956,0.11441577970981598,1,36.748416390054004,-1.2937985879531408
2457.0,2177.0,585.0,828.0,1128.0,1808.0,0.15216881036758423,0.23160763084888458,1,36.74320616140611,-1.2900256637598388
1838.0,1522.0,694.0,924.0,948.0,1660.0,0.05088622123003006,0.2730061411857605,1,36.75704021678155,-1.2969426914475592
2164.5,1832.0,892.0,1123.0,1334.0,1655.0,0.13339442014694214,0.107393778860569,1,36.74410447669023,-1.3035902245500437
2353.0,2181.0,889.0,1184.0,1520.0,1832.0,0.12449223548173904,0.09307876229286194,1,36.73359418786603,-1.2867018972085966
2644.0,2323.0,620.0,866.0,934.0,2482.0,0.03160358965396881,0.4531615972518921,1,36.75353678717348,-1.3008054471692732
2153.0,1778.5,809.0,997.0,1145.0,2177.0,-0.005542725324630737,0.31065621972084045,1,36.72074827930312,-1.2982003328453264
2245.0,2071.0,802.0,1010.0,1236.0,1746.0,0.12503132224082947,0.17102615535259247,1,36.72757547546243,-1.2937985879531408
2253.0,2071.0,795.0,982.0,1198.0,1650.0,0.15449653565883636,0.1587078720331192,1,36.747248580184646,-1.286073076509713
2545.5,2533.0,936.0,1194.0,1431.0,1798.0,0.17209623754024506,0.11365748196840286,1,36.75039268367907,-1.2901154952882508
2147.0,1866.0,748.0,961.0,1230.0,1710.0,0.11330049484968185,0.16326530277729034,1,36.74185868847993,-1.289666337646191
2453.0,2063.0,954.0,1182.0,1350.0,2202.0,0.05392051488161087,0.23986487090587616,1,36.717694007337116,-1.3199395627210189
2074.0,1883.0,587.5,830.5,781.0,2107.0,-0.007892848923802376,0.4591412842273712,1,36.74778756935512,-1.302871572322748
2463.0,2145.0,911.0,940.0,960.0,2220.0,0.0518898144364357,0.3962264060974121,1,36.74131969930946,-1.2910138105723703
2241.0,1966.0,692.0,922.0,1212.0,2236.0,0.0011168193304911256,0.2969837486743927,1,36.73278570411032,-1.291642631271254
2297.5,2251.0,905.5,1123.0,1459.0,1757.5,0.13316892087459564,0.0928027331829071,1,36.7529079664746,-1.2980206697885026
2302.0,1875.0,1338.0,1588.0,1742.0,2178.0,0.02767857164144516,0.11122448742389679,1,36.734133177036504,-1.3265870958235033
2362.0,1920.0,491.5,773.0,847.0,2787.0,-0.08254029601812363,0.5338469743728638,1,36.74051121555375,-1.2958647131066157
2322.0,2170.0,1034.0,1108.0,1134.0,1570.0,0.19321686029434204,0.16124260425567627,1,36.736019639133154,-1.3033207299648077
2338.0,2264.0,996.0,1136.0,1240.0,1804.0,0.1289232224225998,0.18528252840042114,1,36.7431163298777,-1.3030512353795718
2344.5,2053.0,976.5,1284.0,1783.0,2208.0,0.029983526095747948,0.10648959875106812,1,36.749135042281296,-1.3059258442887542
1857.5,1657.5,1135.0,1260.0,1331.0,1556.0,0.08832576870918274,0.07793557643890381,1,36.74473329738911,-1.3344024387953433
2439.0,2049.0,788.0,1158.0,1266.0,2698.0,-0.05041853338479996,0.36125126481056213,1,36.73179755729779,-1.2944274086520244
2549.5,2514.0,818.0,1048.0,1408.0,1693.0,0.20188568532466888,0.09190583974123001,1,36.73817559581504,-1.2931697672542573
2180.5,1674.5,584.0,811.0,981.0,2016.0,0.039199333637952805,0.3453453481197357,1,36.73296536716715,-1.3276650741644467
1792.0,1648.0,800.0,992.0,1118.0,1632.0,0.04672897234559059,0.18690909445285797,1,36.7626996030715,-1.2986494904873862
2284.0,2271.0,869.0,1044.0,1268.0,1576.0,0.18341968953609467,0.1082981750369072,1,36.731528062712556,-1.2907443159871343
2592.0,2634.0,1048.0,1326.0,1612.0,1766.0,0.18953648209571838,0.045589104294776917,1,36.728653453803375,-1.293529093367905
2477.0,1636.0,621.0,972.0,845.0,3476.0,-0.16781455278396606,0.6088868379592896,1,36.729641600615906,-1.3266769273519152
1901.5,1228.5,399.0,649.0,602.0,2608.0,-0.1566692590713501,0.6249220967292786,1,36.74212818306517,-1.3293718732042739
2265.0,2005.5,824.0,1089.0,1496.0,1797.0,0.11521418392658234,0.09140601009130478,1,36.73736711205933,-1.3057461812319304
2258.0,2210.0,1248.0,1470.0,1636.0,1674.0,0.1485249251127243,0.0114803621545434,1,36.73799593275822,-1.302871572322748
2173.0,1777.0,584.5,801.5,910.0,2501.0,-0.07017543911933899,0.466432124376297,1,36.74527228655958,-1.2978410067316786
2409.0,2376.0,786.0,995.0,1440.0,1740.0,0.16124367713928223,0.09433962404727936,1,36.73871458498551,-1.3015240993965687
2178.5,1828.0,761.0,1010.0,1092.0,2297.0,-0.02647748775780201,0.35556212067604065,1,36.73997222638328,-1.3029614038511599
2317.5,1710.0,594.5,915.5,881.0,2972.0,-0.1237357035279274,0.5426940321922302,1,36.760094488747555,-1.3068241595728738
1864.0,1542.0,624.0,853.0,922.0,1814.0,0.013594345189630985,0.3260233998298645,1,36.75713004830996,-1.2961342076918516
2368.0,2102.0,975.0,1228.0,1504.0,2172.0,0.043171804398298264,0.18171925842761993,1,36.75003335756542,-1.3003562895272134
2406.5,2355.0,1145.0,1350.0,1611.0,1829.0,0.13634753227233887,0.06337209045886993,1,36.74661975948576,-1.301254604811333
2103.0,1669.0,594.0,863.0,854.0,2468.0,-0.07985123246908188,0.48585188388824463,1,36.7258686764226,-1.3297311993179217
2245.0,1776.0,1023.0,1372.0,1520.0,2827.0,-0.11474763602018356,0.3006671369075775,1,36.728383959218135,-1.3240718130279687
2330.0,2278.0,925.0,1144.0,1460.0,1670.0,0.16500000655651093,0.0670926496386528,1,36.75165032507683,-1.2909239790439584
2315.0,1947.0,568.0,814.0,1013.0,1948.0,0.0860896110534668,0.3157716989517212,1,36.734133177036504,-1.2926307780837853
1970.5,1737.0,539.5,718.0,933.0,1757.0,0.05727699398994446,0.3063197135925293,1,36.74114003625264,-1.302781740794336
2179.0,1957.0,1079.0,1365.0,1529.0,1788.0,0.09856314957141876,0.0780826061964035,1,36.75641139608267,-1.2973020175612069
2764.0,2976.0,1290.0,1386.0,1493.0,1811.0,0.20830601453781128,0.09624697268009186,1,36.758657184292964,-1.299008816601034
2523.0,2281.0,853.0,1082.0,1400.0,1882.0,0.14551645517349243,0.14686167240142822,1,36.742667172235635,-1.293439261839493
2384.5,1882.5,795.0,1020.0,1408.0,2251.0,0.028799481689929962,0.23039081692695618,1,36.736738291360446,-1.287869707077952
2416.5,1997.0,900.0,1165.0,1337.0,2481.5,-0.013270722702145576,0.2997250258922577,1,36.7303602528432,-1.2944274086520244
2383.0,1868.5,586.0,864.0,1350.0,2270.0,0.02428540773689747,0.2541436553001404,1,36.73817559581504,-1.3004461210556253
2303.5,1713.5,594.5,728.0,866.0,2045.0,0.059445787221193314,0.4050154685974121,1,36.74374515057658,-1.3317074929429846
2499.0,1836.0,830.0,1100.0,1284.0,2257.0,0.05088309571146965,0.27478113770484924,1,36.76000465721914,-1.3021529200954525
2223.0,2250.0,1104.0,1316.0,1550.0,1681.0,0.1388319730758667,0.040544722229242325,1,36.753626618701894,-1.2872408863790683
2082.5,1926.0,766.5,1050.0,1208.0,1894.0,0.047403495758771896,0.22114764153957367,1,36.75191981966207,-1.2894866745893672
1464.0,1010.0,464.0,654.0,672.0,1816.0,-0.10731707513332367,0.45980706810951233,1,36.73449250315015,-1.3190412474368993
2173.0,1887.0,990.0,1270.0,1584.0,1642.0,0.13918742537498474,0.01797892153263092,1,36.73027042131479,-1.2923612834985496
2362.0,2234.0,1132.0,1068.0,1218.0,1652.0,0.17688091099262238,0.15121951699256897,1,36.72892294838861,-1.293708756424729
2524.0,2061.0,598.0,838.0,977.0,2600.0,-0.01483216229826212,0.4537321925163269,1,36.727395812405604,-1.2967630283907352
2251.0,1686.5,356.5,588.0,669.0,2519.0,-0.05618448555469513,0.5803011059761047,1,36.73682812288886,-1.2922714519701377
2171.0,1669.0,577.0,926.0,900.5,2773.0,-0.12176375091075897,0.5097318887710571,1,36.7363789652468,-1.336738058534054
2170.5,2094.0,901.0,1092.0,1284.0,1569.0,0.1608503758907318,0.09989484399557114,1,36.74904521075289,-1.2968528599191471
2385.5,2255.5,770.0,1052.0,1368.0,1880.0,0.1185089647769928,0.15763546526432037,1,36.73799593275822,-1.2923612834985496
2252.0,2023.0,906.0,1114.0,1416.0,1942.0,0.07391511648893356,0.15664085745811462,1,36.74572144420164,-1.2959545446350276
2617.0,2416.0,531.5,764.5,1263.0,1689.5,0.21537211537361145,0.14445385336875916,1,36.74868588463924,-1.303141066907984
2011.0,1750.5,879.0,1085.0,1302.0,1800.0,0.055366046726703644,0.1605415791273117,1,36.761531793202145,-1.2979308382600907
2313.0,1787.5,807.5,1095.0,1105.0,2403.0,-0.019083969295024872,0.3700113892555237,1,36.76000465721914,-1.3070038226296978
2358.0,2205.0,1362.0,1554.0,1682.0,1978.0,0.08763837814331055,0.08087431639432907,1,36.75227914577572,-1.2905646529303105
2642.0,2767.0,946.0,1118.0,1630.0,1967.0,0.14645259082317352,0.09368918836116791,1,36.7415891938947,-1.2862527395665369
3284.0,3325.5,1190.0,1166.0,1196.0,1793.5,0.2935499846935272,0.19986620545387268,1,36.74931470533812,-1.295415555464556
2331.0,2051.0,778.0,1058.0,1148.0,2335.0,-0.0008572653168812394,0.34079816937446594,1,36.7281144646329,-1.2889476854188955
2525.0,1731.5,520.5,797.5,783.5,2889.0,-0.06723310053348541,0.5733152031898499,1,36.760543646389614,-1.3032308984363958
2271.5,1836.0,648.0,864.0,951.0,2222.0,0.01101591158658266,0.40056729316711426,1,36.72685682323513,-1.3263176012382676
1829.5,1199.0,599.0,819.5,944.0,2070.0,-0.0616745725274086,0.3735899031162262,1,36.72532968725213,-1.3088902847263488
2526.0,2417.0,996.0,1086.0,1260.0,1676.0,0.20228461921215057,0.14168937504291534,1,36.72946193755908,-1.2907443159871343
1828.5,1415.5,442.5,643.0,669.0,2091.0,-0.06697282940149307,0.5152173638343811,1,36.750841841321126,-1.2920019573849018
2206.0,1999.0,490.0,700.0,755.0,2136.0,0.016121603548526764,0.47768938541412354,1,36.74347565599135,-1.2892171800041312
2459.0,1806.5,516.0,830.5,714.5,3158.0,-0.1244436502456665,0.6309877634048462,1,36.75075200979271,-1.293439261839493
2395.5,2295.5,1034.0,1250.0,1473.0,1693.0,0.1718234121799469,0.06948831677436829,1,36.75497409162808,-1.28777987554954
1781.0,1662.0,681.0,789.0,896.0,1085.5,0.24263039231300354,0.09563461691141129,1,36.74805706394036,-1.2995478057715057
