{
"type": "FeatureCollection",
"name": "motoine_riparian_buffer",
"crs": { "type": "name", "properties": { "name": "urn:ogc:def:crs:OGC:1.3:CRS84" } },
"features": [
{ "type": "Feature", "properties": { }, "geometry": { "type": "Polygon", "coordinates": [ [ [ 36.738696196897003, -1.311741942459632 ], [ 36.738726644769052, -1.311785465835223 ], [ 36.738752707422329, -1.311831783364107 ], [ 36.738774133858584, -1.311880448983033 ], [ 36.738790717728875, -1.311930994015227 ], [ 36.738802299320874, -1.311982931684006 ], [ 36.738808767096963, -1.312035761800818 ], [ 36.738810058768486, -1.312088975582222 ], [ 36.73880616189556, -1.312142060549859 ], [ 36.738797114006985, -1.312194505465867 ], [ 36.73878300223874, -1.312245805256447 ], [ 36.738763962494886, -1.312295465875995 ], [ 36.738740178138706, -1.312343009065079 ], [ 36.738711878226802, -1.312387976956318 ], [ 36.738679335303182, -1.312429936483952 ], [ 36.738642862774455, -1.312468483554495 ], [ 36.73860281189156, -1.312503246938392 ], [ 36.738559568367009, -1.312533891845166 ], [ 36.738513548660229, -1.312560123147667 ], [ 36.73846519596681, -1.312581688224267 ], [ 36.738414975950256, -1.312598379391762 ], [ 36.738363372257389, -1.312610035905421 ], [ 36.738310881860521, -1.312616545507119 ], [ 36.738258010271323, -1.312617845506327 ], [ 36.738205266672459, -1.312613923383932 ], [ 36.738153159013855, -1.312604816912686 ], [ 36.738102189120866, -1.312590613793491 ], [ 36.738052847861411, -1.31257145081072 ], [ 36.737895547884165, -1.312501250753668 ], [ 36.737848310448236, -1.312477312459743 ], [ 36.737803631750864, -1.312448829392666 ], [ 36.737761942071948, -1.312416075860319 ], [ 36.737723642905415, -1.312379367297408 ], [ 36.737689103092627, -1.31233905722767 ], [ 36.737658655270238, -1.312295533859161 ], [ 36.737632592666792, -1.312249216345715 ], [ 36.737611166278739, -1.312200550750121 ], [ 36.737594582453283, -1.312150005748401 ], [ 36.737583000901104, -1.312098068116218 ], [ 36.737576533158361, -1.312045238040875 ], [ 36.737575241512481, -1.311992024304381 ], [ 36.737579138402374, -1.311938939383537 ], [ 36.737588186298616, -1.311886494514572 ], [ 36.7376022980649, -1.311835194769646 ], [ 36.737621337797222, -1.311785534192775 ], [ 36.737645122132676, -1.311737991041914 ], [ 36.737673422015384, -1.311693023183136 ], [ 36.737705964902382, -1.311651063681104 ], [ 36.737742437388334, -1.311612516628466 ], [ 36.737782488223836, -1.311577753254223 ], [ 36.737825731698038, -1.311547108348608 ], [ 36.737871751353303, -1.311520877038842 ], [ 36.737920103995847, -1.31149931194693 ], [ 36.737970323963935, -1.311482620756756 ], [ 36.738021927612415, -1.311470964213995 ], [ 36.738074417970495, -1.311464454577947 ], [ 36.738127289527782, -1.311463154540506 ], [ 36.738180033102616, -1.311467076622279 ], [ 36.738232140745808, -1.311476183052085 ], [ 36.738283110632374, -1.311490386130608 ], [ 36.738332451894429, -1.311509549075017 ], [ 36.738489751917179, -1.311579749017969 ], [ 36.738536989378076, -1.311603687281088 ], [ 36.738581668107948, -1.31163217032344 ], [ 36.738623357825837, -1.311664923838164 ], [ 36.738661657036481, -1.311701632391316 ], [ 36.738696196897003, -1.311741942459632 ] ] ] } },
{ "type": "Feature", "properties": { }, "geometry": { "type": "Polygon", "coordinates": [ [ [ 36.732234033301623, -1.309540571165675 ], [ 36.732522900591263, -1.309695728292055 ], [ 36.732650469258836, -1.309729336212621 ], [ 36.733097804638014, -1.309766644172629 ], [ 36.733143379249384, -1.309772422155624 ], [ 36.733188299439767, -1.309782085286099 ], [ 36.734051051228086, -1.31000676674818 ], [ 36.734675023473372, -1.31003209049273 ], [ 36.73521752295737, -1.31002208178804 ], [ 36.735230203344457, -1.310021998020121 ], [ 36.735726803239416, -1.310024597832515 ], [ 36.735771474372946, -1.310026699163943 ], [ 36.735815818612181, -1.310032520870151 ], [ 36.736214618580895, -1.310101920712127 ], [ 36.736266227668501, -1.310113552413412 ], [ 36.736316455472611, -1.310130219423281 ], [ 36.73636481827193, -1.310151761229875 ], [ 36.736410850306058, -1.310177970374317 ], [ 36.736454108261036, -1.310208594448647 ], [ 36.736494175538674, -1.31024333852665 ], [ 36.736530666268678, -1.310281868004109 ], [ 36.736563229024789, -1.310323811821212 ], [ 36.736591550209219, -1.310368766036103 ], [ 36.736615357072836, -1.31041629771501 ], [ 36.736634420341879, -1.310465949101674 ], [ 36.736648556426012, -1.310517242025791 ], [ 36.736657629186453, -1.310569682508053 ], [ 36.73666155124706, -1.310622765517455 ], [ 36.736660284835828, -1.310675979835057 ], [ 36.736653842148684, -1.310728812977332 ], [ 36.736642285232065, -1.310780756131612 ], [ 36.736625725385323, -1.310831309056361 ], [ 36.736604322088922, -1.310879984898726 ], [ 36.73657828146851, -1.310926314883206 ], [ 36.736547854309798, -1.310969852826314 ], [ 36.736513333643408, -1.311010179433498 ], [ 36.736475051922717, -1.311046906337255 ], [ 36.736433377822223, -1.311079679837269 ], [ 36.736388712686917, -1.311108184306805 ], [ 36.736341486667122, -1.311132145232368 ], [ 36.736292154575899, -1.311151331857313 ], [ 36.736241191508853, -1.3111655594043 ], [ 36.736189088268766, -1.31117469085466 ], [ 36.736136346638816, -1.311178638268029 ], [ 36.736083474550142, -1.311177363629211 ], [ 36.736030981190169, -1.311170879214242 ], [ 36.735676361394027, -1.311109167411285 ], [ 36.735230937138454, -1.311106835175917 ], [ 36.734678976717369, -1.311117018009123 ], [ 36.734647386105578, -1.311116668649024 ], [ 36.733950085976709, -1.311088368380894 ], [ 36.733892997117756, -1.311082978787018 ], [ 36.733836800333762, -1.31107151496776 ], [ 36.732962892115857, -1.31084392742752 ], [ 36.732514795068944, -1.310806555597897 ], [ 36.732468472700148, -1.310800649436656 ], [ 36.732422832144046, -1.310790729841197 ], [ 36.732188632143021, -1.310729029748972 ], [ 36.732128653866866, -1.310709388473591 ], [ 36.732071366414665, -1.310682828754461 ], [ 36.731769510985941, -1.310520695133834 ], [ 36.73141706705966, -1.310407043312957 ], [ 36.731369788293911, -1.31038930092707 ], [ 36.731324365461923, -1.3103671858979 ], [ 36.731281196754182, -1.310340892093081 ], [ 36.730702296939192, -1.309949891924736 ], [ 36.730648100042423, -1.309908038450566 ], [ 36.730329100187561, -1.309627638384413 ], [ 36.73029659408207, -1.309596574611278 ], [ 36.730127389459469, -1.309420844348997 ], [ 36.73000063567013, -1.309423078499792 ], [ 36.729369599406496, -1.309590408797682 ], [ 36.729314452787918, -1.309601967810211 ], [ 36.729258408634877, -1.309607670163348 ], [ 36.729202079242441, -1.309607453558293 ], [ 36.728714329287271, -1.309579881596518 ], [ 36.72832805468331, -1.309688129963222 ], [ 36.728273602565402, -1.309700371999614 ], [ 36.728218184693759, -1.309706882128558 ], [ 36.726714584299366, -1.309804481584296 ], [ 36.726642529248572, -1.309804300408575 ], [ 36.725503329064452, -1.309724599963992 ], [ 36.72544825853123, -1.309717866421092 ], [ 36.725394167545687, -1.309705470533646 ], [ 36.725341629275981, -1.309687543653717 ], [ 36.725291200436992, -1.309664275741815 ], [ 36.725243415391098, -1.309635913353952 ], [ 36.725198780485954, -1.309602757028943 ], [ 36.725122285897399, -1.309539562607813 ], [ 36.724682881686554, -1.309506398488774 ], [ 36.724376763950296, -1.309485001976871 ], [ 36.724317485496478, -1.309477517675802 ], [ 36.72390505691169, -1.309401875174322 ], [ 36.723723886265702, -1.309380372528104 ], [ 36.723671730614967, -1.309371552389669 ], [ 36.723620685074771, -1.309357629483262 ], [ 36.723571241241565, -1.309338737894667 ], [ 36.723523875286361, -1.309315059560735 ], [ 36.72347904336894, -1.309286822517264 ], [ 36.723437177244804, -1.309254298702809 ], [ 36.723398680107138, -1.309217801339781 ], [ 36.723363922703868, -1.309177681917939 ], [ 36.723333239767193, -1.309134326809312 ], [ 36.723306926789903, -1.309088153547286 ], [ 36.723285237179702, -1.309039606805441 ], [ 36.723268379818741, -1.308989154115203 ], [ 36.723256517052015, -1.308937281363171 ], [ 36.723249763123917, -1.308884488111866 ], [ 36.723248183077992, -1.308831282788647 ], [ 36.723251792130597, -1.308778177789302 ], [ 36.723260555524327, -1.308725684543404 ], [ 36.723274388862798, -1.308674308588994 ], [ 36.723293158923383, -1.308624544704039 ], [ 36.723316684940301, -1.308576872141413 ], [ 36.723344740345389, -1.308531750013481 ], [ 36.723377054950141, -1.308489612870596 ], [ 36.72341331754771, -1.30845086651617 ], [ 36.723453178910013, -1.308415884098599 ], [ 36.723496255150955, -1.30838500251759 ], [ 36.723542131423429, -1.308358519179691 ], [ 36.723590365914525, -1.308336689134081 ], [ 36.723640494100358, -1.308319722616295 ], [ 36.723692033219706, -1.308307783023534 ], [ 36.723744486923223, -1.308300985341026 ], [ 36.72379735005353, -1.308299395034717 ], [ 36.723850113510146, -1.30830302742069 ], [ 36.724048113485878, -1.308326527342347 ], [ 36.724081614302904, -1.308331582417231 ], [ 36.724481281457386, -1.308404884071201 ], [ 36.724759035783258, -1.308424297872088 ], [ 36.724761999822697, -1.308424513311733 ], [ 36.725372799726713, -1.308470613072836 ], [ 36.725427351195648, -1.308477561579532 ], [ 36.725480915223557, -1.308490068630945 ], [ 36.725532934184287, -1.308508004023553 ], [ 36.725582866536428, -1.308531181042299 ], [ 36.725630192460933, -1.30855935840431 ], [ 36.725674419272778, -1.308592242770731 ], [ 36.725749664415773, -1.308654404900903 ], [ 36.726681249052994, -1.308719579468804 ], [ 36.728092911800665, -1.308627946668079 ], [ 36.728511045018053, -1.30851077 ], [ 36.728568497880751, -1.308498024513638 ], [ 36.728626988774771, -1.308491658103129 ], [ 36.728685820642831, -1.308491746640088 ], [ 36.72917742129863, -1.30851953592147 ], [ 36.72978890020763, -1.308357391094753 ], [ 36.729852299895271, -1.308344616526127 ], [ 36.72991676333541, -1.308339575837644 ], [ 36.730342263238313, -1.308332075678656 ], [ 36.730351209898068, -1.308332360099514 ], [ 36.730360156028738, -1.308332059286826 ], [ 36.730377625947796, -1.308333199884907 ], [ 36.730395123858784, -1.308333756156045 ], [ 36.730403999739572, -1.308334921810042 ], [ 36.730412932087582, -1.308335504996296 ], [ 36.73043020680587, -1.308338363538335 ], [ 36.730447566286898, -1.308340643328572 ], [ 36.730456285908893, -1.308342678989855 ], [ 36.730465118451171, -1.308344140558789 ], [ 36.730482031603778, -1.308348689515691 ], [ 36.730499085473575, -1.308352670869577 ], [ 36.730507564862407, -1.30835555693381 ], [ 36.730516212536408, -1.308357882809757 ], [ 36.730532601240135, -1.308364078372667 ], [ 36.730549185260934, -1.308369722947875 ], [ 36.730557342755276, -1.308373431620731 ], [ 36.73056572227933, -1.308376599404361 ], [ 36.730581428702223, -1.308384381906875 ], [ 36.730597383160529, -1.308391635343185 ], [ 36.730605140199266, -1.308396130908241 ], [ 36.730613170873916, -1.308400110092126 ], [ 36.73062804375445, -1.308409404584649 ], [ 36.73064321500005, -1.308418197027658 ], [ 36.730650496878454, -1.308423436190142 ], [ 36.730658101364, -1.308428188452722 ], [ 36.730671997468178, -1.308438905424411 ], [ 36.730686239393485, -1.308449152198172 ], [ 36.73069297598316, -1.30845508450224 ], [ 36.730700081044056, -1.30846056407662 ], [ 36.730712866544522, -1.308472600317202 ], [ 36.730726041991971, -1.308484202739863 ], [ 36.730732168415727, -1.308490771054175 ], [ 36.730738705626329, -1.308496925169145 ], [ 36.731054995070735, -1.308825412355873 ], [ 36.731331321782733, -1.309068302501651 ], [ 36.731818515541796, -1.309397362127408 ], [ 36.732144732726304, -1.309502556401573 ], [ 36.732190234168172, -1.309519538364035 ], [ 36.732234033301623, -1.309540571165675 ] ] ] } },
{ "type": "Feature", "properties": { }, "geometry": { "type": "Polygon", "coordinates": [ [ [ 36.700402590817156, -1.300098238047202 ], [ 36.700470918453036, -1.300144031612373 ], [ 36.700739219197906, -1.30019424441179 ], [ 36.700811406740279, -1.300213035019101 ], [ 36.701121706759061, -1.300317334898336 ], [ 36.701170167323461, -1.300336284807107 ], [ 36.701811167421106, -1.300623484572489 ], [ 36.701869067649767, -1.300653779565816 ], [ 36.70226886775891, -1.3008949794384 ], [ 36.702314338136659, -1.300925675455556 ], [ 36.702356479284347, -1.300960856629493 ], [ 36.702394856221254, -1.301000159821108 ], [ 36.702429072820699, -1.301043179343722 ], [ 36.70245877589889, -1.30108947115065 ], [ 36.702483658860451, -1.301138557418655 ], [ 36.702503464863192, -1.301189931479907 ], [ 36.702513124452054, -1.301219336186226 ], [ 36.702551690395552, -1.301247370347399 ], [ 36.702817290505671, -1.301461370283857 ], [ 36.702851969646453, -1.30149184744131 ], [ 36.702979369711265, -1.301613847419406 ], [ 36.703016808634047, -1.301653507531149 ], [ 36.703157708722244, -1.301818707521053 ], [ 36.703165683453967, -1.301828278405635 ], [ 36.703285810801013, -1.301975868264372 ], [ 36.703369020530303, -1.302057641034805 ], [ 36.703452593434115, -1.302122317812684 ], [ 36.703497009061429, -1.302160730516634 ], [ 36.70353702129826, -1.302203766962896 ], [ 36.70357215767045, -1.302250918967746 ], [ 36.703654768330551, -1.302375330528778 ], [ 36.703693988696081, -1.302394309101323 ], [ 36.703860854425649, -1.302454626110612 ], [ 36.703908105373017, -1.302474300314532 ], [ 36.703953290909389, -1.302498393354925 ], [ 36.70399600421387, -1.302526688314465 ], [ 36.70403586072382, -1.302558930444422 ], [ 36.704072501597182, -1.302594829458257 ], [ 36.7041055969433, -1.302634062145229 ], [ 36.704134848793053, -1.302676275280281 ], [ 36.704159993781573, -1.30272108880425 ], [ 36.704211393830988, -1.302823788820509 ], [ 36.704222394202191, -1.30284713628792 ], [ 36.704293171476273, -1.303007089909378 ], [ 36.704418837727822, -1.303071926475152 ], [ 36.704468668162647, -1.30310112489482 ], [ 36.704515113855798, -1.303135514601443 ], [ 36.704557643106469, -1.303174701909595 ], [ 36.704595769048339, -1.303218238211751 ], [ 36.704762424822903, -1.303430427379618 ], [ 36.705016792716137, -1.303596268932269 ], [ 36.705064103838772, -1.303630924108859 ], [ 36.705107402965488, -1.303670537651265 ], [ 36.70514617962219, -1.30371464253752 ], [ 36.705179976652197, -1.303762718794911 ], [ 36.70528727673981, -1.303934418808987 ], [ 36.705312447952345, -1.303979295615753 ], [ 36.705378354220208, -1.30411105218709 ], [ 36.705520740770069, -1.304227154734863 ], [ 36.705560824763538, -1.304263322264686 ], [ 36.705597123588994, -1.304303334370004 ], [ 36.70570748056258, -1.304437905700428 ], [ 36.706315892012547, -1.304637345214668 ], [ 36.70704121484588, -1.304868196551547 ], [ 36.707554663736836, -1.305010674650512 ], [ 36.70844252941292, -1.30517565243967 ], [ 36.709121614224955, -1.305144748607109 ], [ 36.709382771505275, -1.304896883422643 ], [ 36.709421996481872, -1.304863077697643 ], [ 36.709464256248289, -1.304833205882177 ], [ 36.709509162762238, -1.304807542269037 ], [ 36.709556303678134, -1.304786322510007 ], [ 36.709605246133371, -1.30476974145202 ], [ 36.709655540722999, -1.304757951348094 ], [ 36.710481240442121, -1.304605951080555 ], [ 36.710559784347844, -1.304597416780258 ], [ 36.711145707639588, -1.304577253006927 ], [ 36.712181649368276, -1.304503645962408 ], [ 36.712237235578158, -1.304502589872077 ], [ 36.712292634100052, -1.304507303332381 ], [ 36.712347255340667, -1.304517736179767 ], [ 36.712400517978999, -1.304533777380557 ], [ 36.712451855153141, -1.304555256212648 ], [ 36.712500720493338, -1.30458194408247 ], [ 36.712686620545355, -1.304696344024134 ], [ 36.712719328423731, -1.304718156954685 ], [ 36.713072327600699, -1.30497265778722 ], [ 36.714009891919659, -1.305531796799121 ], [ 36.714346127441011, -1.30559883893887 ], [ 36.714399236724653, -1.305612283344681 ], [ 36.714450716142281, -1.305631083143192 ], [ 36.714500034101789, -1.3056550442026 ], [ 36.714546681330773, -1.305683919094357 ], [ 36.714590176135474, -1.305717409648047 ], [ 36.714630069374905, -1.305755170030445 ], [ 36.714665949098844, -1.305796810316702 ], [ 36.714697444801743, -1.305841900516745 ], [ 36.714847280410083, -1.306081414506359 ], [ 36.715393524778023, -1.306585984564129 ], [ 36.71578076731641, -1.306774077981914 ], [ 36.716092658776411, -1.306853611461844 ], [ 36.716143030606752, -1.306869129682688 ], [ 36.716191656439939, -1.306889523563897 ], [ 36.716238071653422, -1.306914598241417 ], [ 36.7165610064948, -1.307110095200483 ], [ 36.717197845562197, -1.307329506252701 ], [ 36.717418200861779, -1.307397264821246 ], [ 36.717697206349648, -1.307429418393621 ], [ 36.717770464742713, -1.307443078322293 ], [ 36.718612428810708, -1.307661596020879 ], [ 36.718841920565758, -1.307653217209364 ], [ 36.719650034818791, -1.307576870463735 ], [ 36.719702441322106, -1.30757450043266 ], [ 36.71975482848557, -1.307577269958171 ], [ 36.719806699909995, -1.307585152797934 ], [ 36.719857564083007, -1.307598074257943 ], [ 36.719906939036406, -1.307615911900305 ], [ 36.719954356913107, -1.307638496703281 ], [ 36.71999936840038, -1.307665614662966 ], [ 36.720041546987332, -1.307697008820983 ], [ 36.720080493006392, -1.307732381699412 ], [ 36.720115837420408, -1.307771398119438 ], [ 36.720147245319495, -1.307813688377439 ], [ 36.720174419094562, -1.30785885174814 ], [ 36.72019710125732, -1.307906460281693 ], [ 36.72021507688018, -1.307956062858748 ], [ 36.720228175632862, -1.308007189465171 ], [ 36.720236273396353, -1.308059355645592 ], [ 36.720268812356323, -1.308366305765901 ], [ 36.720479634292545, -1.30837431520082 ], [ 36.720768432056047, -1.308372013148938 ], [ 36.720821273877874, -1.308374203839743 ], [ 36.720873647909883, -1.308381596914287 ], [ 36.720925049761661, -1.30839412117384 ], [ 36.720974984405316, -1.308411656003533 ], [ 36.721022970942826, -1.308434032533892 ], [ 36.72106854723738, -1.308461035267217 ], [ 36.721111274364013, -1.308492404152838 ], [ 36.721150740836677, -1.308527837091572 ], [ 36.721186566571141, -1.308566992845074 ], [ 36.721218406545411, -1.308609494322149 ], [ 36.721245954122459, -1.308654932210333 ], [ 36.721268944003434, -1.308702868917786 ], [ 36.721287154782537, -1.308752842787612 ], [ 36.721300411079412, -1.308804372543762 ], [ 36.721308585228087, -1.308856961926112 ], [ 36.721311598506567, -1.308910104469651 ], [ 36.721309421894937, -1.308963288382082 ], [ 36.721302076354888, -1.309016001472656 ], [ 36.721289632627823, -1.309067736084915 ], [ 36.721272210553607, -1.309117993985668 ], [ 36.721249977916443, -1.309166291163286 ], [ 36.72122314882899, -1.309212162489087 ], [ 36.721191981670387, -1.309255166196673 ], [ 36.721156776597837, -1.309294888136513 ], [ 36.721117872655988, -1.309330945764396 ], [ 36.72107564451165, -1.309362991825537 ], [ 36.721030498845579, -1.309390717698842 ], [ 36.720982870435876, -1.30941385636912 ], [ 36.720933217970824, -1.30943218499856 ], [ 36.720882019631418, -1.309445527072766 ], [ 36.720829768486212, -1.309453754100724 ], [ 36.7207769677428, -1.309456786852119 ], [ 36.720475867676207, -1.309459186738468 ], [ 36.720451271695765, -1.309458817722409 ], [ 36.72015647164082, -1.309447617608506 ], [ 36.720151582058719, -1.309447409461007 ], [ 36.720020082035155, -1.309441209409984 ], [ 36.719962394551153, -1.309435346867272 ], [ 36.719905666716812, -1.309423280641605 ], [ 36.719850555167227, -1.309405150402526 ], [ 36.719797697828554, -1.309381166011611 ], [ 36.719501897889565, -1.309227165909728 ], [ 36.719457717039234, -1.309201424528073 ], [ 36.719416154408869, -1.309171591163796 ], [ 36.719377582946549, -1.30913793351694 ], [ 36.719342348759987, -1.309100753603471 ], [ 36.719310768010935, -1.309060385045086 ], [ 36.719283124078167, -1.309017190075658 ], [ 36.719259665014739, -1.308971556290785 ], [ 36.719240601322163, -1.308923893169924 ], [ 36.71922610406159, -1.308874628401971 ], [ 36.719216303318838, -1.308824204047569 ], [ 36.71921128703714, -1.308773072572493 ], [ 36.719207994726474, -1.308708207515251 ], [ 36.718927264770379, -1.30873472927919 ], [ 36.71889643625002, -1.308736746632049 ], [ 36.718573236171792, -1.308748546512137 ], [ 36.718521411634413, -1.308747928619569 ], [ 36.71846988573332, -1.308742303082941 ], [ 36.71841913502891, -1.308731721933069 ], [ 36.717537494011836, -1.3085029060628 ], [ 36.717246593385099, -1.308469381426439 ], [ 36.71719805783296, -1.308461516462569 ], [ 36.717150436322598, -1.308449232706773 ], [ 36.71687433633199, -1.308364332598734 ], [ 36.716857264132877, -1.308358768511563 ], [ 36.716157764178213, -1.308117768241527 ], [ 36.716104873279328, -1.308096337040567 ], [ 36.716054528047898, -1.30806940166318 ], [ 36.715750758306115, -1.30788550650237 ], [ 36.71546324098604, -1.307812188286878 ], [ 36.715411371338654, -1.30779612415545 ], [ 36.715361369947821, -1.307774890939493 ], [ 36.71485347003911, -1.307528190759258 ], [ 36.714807272624711, -1.307502883041096 ], [ 36.714763746430528, -1.307473163264179 ], [ 36.714723306065906, -1.307439314525237 ], [ 36.714065306385585, -1.30683151440174 ], [ 36.714031539580716, -1.306797424498508 ], [ 36.714000908711725, -1.306760455705182 ], [ 36.713973655028681, -1.306720899190181 ], [ 36.713909012807967, -1.306617567677542 ], [ 36.713709872302928, -1.306577860805978 ], [ 36.713650873163353, -1.306562563339956 ], [ 36.713593966604961, -1.306540661173055 ], [ 36.713539879944705, -1.306512434235565 ], [ 36.712502780220028, -1.305893933903194 ], [ 36.712463671269013, -1.305868242912214 ], [ 36.712107630588172, -1.305611548877854 ], [ 36.712085570900371, -1.3055979736748 ], [ 36.711211850167764, -1.305660053684226 ], [ 36.711192315599654, -1.305661083453581 ], [ 36.710636199022325, -1.305680221050303 ], [ 36.710006258540879, -1.305796184195856 ], [ 36.709715528379967, -1.306072116773056 ], [ 36.709673874370004, -1.306107809507597 ], [ 36.709628839705012, -1.306139068098766 ], [ 36.709580888447015, -1.306165570441362 ], [ 36.70953051471222, -1.306187043441216 ], [ 36.709478237579297, -1.306203265829343 ], [ 36.709424595740487, -1.306214070442028 ], [ 36.709370141950636, -1.306219345943232 ], [ 36.708429641717132, -1.306262145594909 ], [ 36.708368311488087, -1.306261420069024 ], [ 36.708307460382308, -1.306253685313697 ], [ 36.7073360603178, -1.30607318492448 ], [ 36.707290662838403, -1.306062689098875 ], [ 36.706745062843979, -1.305911288882767 ], [ 36.706725813087644, -1.305905556853828 ], [ 36.705988713120355, -1.30567095656539 ], [ 36.705984308456728, -1.305669533713448 ], [ 36.705224708496559, -1.305420533417179 ], [ 36.705177191374915, -1.305402421621564 ], [ 36.705131580238536, -1.305379886227172 ], [ 36.705088280546711, -1.305353127562452 ], [ 36.705047677211098, -1.305322383498529 ], [ 36.705010131174006, -1.305287927334598 ], [ 36.704975976199918, -1.305250065368387 ], [ 36.704800273043141, -1.30503580939432 ], [ 36.704609859172123, -1.304880544961795 ], [ 36.704567509334638, -1.304842104101356 ], [ 36.704529432694763, -1.304799374220139 ], [ 36.704496055648285, -1.304752833823546 ], [ 36.704467751963094, -1.304703004088396 ], [ 36.704361277369919, -1.304490144961683 ], [ 36.704330961513321, -1.304441633903674 ], [ 36.704101807196196, -1.304292230744989 ], [ 36.704054333838435, -1.304257442482775 ], [ 36.70401090312248, -1.30421766195887 ], [ 36.703972030736743, -1.30417336152094 ], [ 36.703822893033539, -1.303983476411035 ], [ 36.703632362119642, -1.303885173229514 ], [ 36.703587129624395, -1.303858978035767 ], [ 36.703544626581802, -1.303828502319218 ], [ 36.703505251554596, -1.303794031859698 ], [ 36.703469373773132, -1.303755889896742 ], [ 36.703437329673051, -1.303714434098587 ], [ 36.703409419740389, -1.303670053208062 ], [ 36.703385905693935, -1.303623163397364 ], [ 36.703286567033047, -1.303398661844242 ], [ 36.703252088893855, -1.303384134189662 ], [ 36.703124788916824, -1.303322534144285 ], [ 36.703063049193638, -1.303287449954635 ], [ 36.702978849220045, -1.303231949929498 ], [ 36.70293512338224, -1.303199859260068 ], [ 36.702894815722082, -1.303163516661953 ], [ 36.702858332693715, -1.303123288607224 ], [ 36.702826042184356, -1.303079580747976 ], [ 36.702725312404212, -1.302927881586675 ], [ 36.702686806444589, -1.302898081916312 ], [ 36.702638810427175, -1.302856182978348 ], [ 36.702511410493862, -1.302730982957885 ], [ 36.702471016382226, -1.302686621328349 ], [ 36.702335849082608, -1.302520552978417 ], [ 36.702216715853943, -1.302380873610437 ], [ 36.70212572246183, -1.302293737021129 ], [ 36.701919958431347, -1.302127948113472 ], [ 36.701821587142071, -1.302076808473478 ], [ 36.701776451470174, -1.302050483912198 ], [ 36.701734056127371, -1.302019890401283 ], [ 36.701694798369722, -1.30198531461101 ], [ 36.701659046053145, -1.301947080526669 ], [ 36.701627134186509, -1.301905546412676 ], [ 36.701599361792539, -1.301861101455581 ], [ 36.701575989105855, -1.301814162117269 ], [ 36.701557235134601, -1.301765168232543 ], [ 36.701542991401332, -1.301721808854215 ], [ 36.701342969365108, -1.301601135131261 ], [ 36.700755608105297, -1.301337967709213 ], [ 36.700505439462674, -1.301253879339472 ], [ 36.700165480545422, -1.30119025535684 ], [ 36.700112610535349, -1.301177554395338 ], [ 36.700061280637485, -1.301159557753444 ], [ 36.70001201303878, -1.301136448514379 ], [ 36.699965308945934, -1.301108461772582 ], [ 36.699871900648347, -1.301045858912342 ], [ 36.699536125714864, -1.300944174824287 ], [ 36.699329070009355, -1.300923293158986 ], [ 36.699276769956178, -1.300915393809317 ], [ 36.699225491033651, -1.300902372994645 ], [ 36.699175727085837, -1.300884356113144 ], [ 36.699127957366642, -1.300861516677788 ], [ 36.699082641924335, -1.300834074645288 ], [ 36.699040217171031, -1.300802294297866 ], [ 36.69900109167984, -1.300766481697945 ], [ 36.69896564225008, -1.300726981740644 ], [ 36.698934210278537, -1.300684174832273 ], [ 36.698907098471629, -1.300638473226724 ], [ 36.698884567930214, -1.30059031705531 ], [ 36.698866835635073, -1.300540170088036 ], [ 36.698854072357271, -1.300488515267276 ], [ 36.698846401013604, -1.300435850056726 ], [ 36.698843895482824, -1.300382681650662 ], [ 36.69884657989418, -1.300329522089334 ], [ 36.698854428395059, -1.300276883327769 ], [ 36.69886736539997, -1.300225272305432 ], [ 36.69888526631847, -1.30017518606408 ], [ 36.698907958755051, -1.30012710696103 ], [ 36.698935224169382, -1.300081498023865 ], [ 36.698966799980973, -1.300038798491158 ], [ 36.699002382097959, -1.299999419582424 ], [ 36.699041627845652, -1.29996374053787 ], [ 36.699084159266654, -1.299932104966078 ], [ 36.699129566760782, -1.299904817534952 ], [ 36.699177413029709, -1.299882141037499 ], [ 36.699227237288362, -1.299864293860995 ], [ 36.699278559702506, -1.299851447883907 ], [ 36.699330886009797, -1.299843726820412 ], [ 36.699383712279783, -1.299841205029112 ], [ 36.699436529766956, -1.299843906796802 ], [ 36.69969532973208, -1.299870006693818 ], [ 36.69974658637085, -1.299877696335925 ], [ 36.699796872164058, -1.29989030561774 ], [ 36.700259172179251, -1.300030305435573 ], [ 36.700309118476206, -1.300048170774286 ], [ 36.700357079357332, -1.30007088823925 ], [ 36.700402590817156, -1.300098238047202 ] ] ] } },
{ "type": "Feature", "properties": { }, "geometry": { "type": "Polygon", "coordinates": [ [ [ 36.726319664814547, -1.302260280110036 ], [ 36.726343248651638, -1.302210716615631 ], [ 36.726364235188143, -1.302170940326164 ], [ 36.726440035154717, -1.302040640367754 ], [ 36.726481930013321, -1.30197883589469 ], [ 36.726565529970728, -1.301872135920489 ], [ 36.726585005578798, -1.301848670592291 ], [ 36.726662505538236, -1.301760470609971 ], [ 36.726694543518576, -1.301727013699627 ], [ 36.726701235091888, -1.301721128843094 ], [ 36.726725047593163, -1.301689452943966 ], [ 36.726759859188995, -1.301651328569825 ], [ 36.726798124041714, -1.301616718786698 ], [ 36.726839493447223, -1.301585938990756 ], [ 36.726883590409912, -1.301559269675944 ], [ 36.72693001307816, -1.301536953877772 ], [ 36.726963003288098, -1.301523000301567 ], [ 36.727066793517764, -1.301479046746358 ], [ 36.727102564607023, -1.301465381322664 ], [ 36.727120034786957, -1.30145941233779 ], [ 36.727148543175041, -1.301440200232633 ], [ 36.727257643120183, -1.30137490022151 ], [ 36.727327948212121, -1.301339531902522 ], [ 36.727442348160615, -1.30129213187852 ], [ 36.727496750520771, -1.301272946640824 ], [ 36.727552877686072, -1.301259719610417 ], [ 36.72767497386495, -1.301237802768848 ], [ 36.727815608946223, -1.301197260781489 ], [ 36.727867179008875, -1.301185118896673 ], [ 36.727919684179106, -1.30117813038181 ], [ 36.728006384155378, -1.30117093035088 ], [ 36.728036716116208, -1.301169275991163 ], [ 36.728063866933134, -1.301168566670961 ], [ 36.728100583149647, -1.301161818045973 ], [ 36.728150405991308, -1.301155059473408 ], [ 36.728162299464522, -1.301154572579459 ], [ 36.728196180141403, -1.3011458347624 ], [ 36.728200650696458, -1.30114516463885 ], [ 36.728205862209819, -1.301140415522335 ], [ 36.728249768214802, -1.30110788419977 ], [ 36.72829671524832, -1.301079984197949 ], [ 36.728346222826353, -1.301057001062762 ], [ 36.728397784258682, -1.301039170017988 ], [ 36.728450871834667, -1.301026673557851 ], [ 36.728636871771904, -1.300992773497977 ], [ 36.728685999094402, -1.300986151075572 ], [ 36.728735523158967, -1.300984099521298 ], [ 36.728785025036515, -1.300986636189925 ], [ 36.729013025004974, -1.30100893610033 ], [ 36.729062774820981, -1.301016172532782 ], [ 36.729111638333748, -1.301028042799649 ], [ 36.729159190432995, -1.301044443630665 ], [ 36.729193711985445, -1.301060103803848 ], [ 36.729208204149288, -1.301046670428083 ], [ 36.729250430677297, -1.301014621891385 ], [ 36.729295574965029, -1.30098689340379 ], [ 36.729343202248984, -1.300963752005893 ], [ 36.729392853853007, -1.300945420562254 ], [ 36.729444051605647, -1.300932075615016 ], [ 36.729481451592441, -1.300924275603392 ], [ 36.729532356754419, -1.300916191699918 ], [ 36.729583796352351, -1.300913038578928 ], [ 36.729635299997781, -1.300914845074606 ], [ 36.729686396716474, -1.300921594668015 ], [ 36.729736619255235, -1.300933225638134 ], [ 36.729785508354674, -1.30094963162623 ], [ 36.729785565233591, -1.300949653807747 ], [ 36.730176797927932, -1.300952999960364 ], [ 36.730305471826789, -1.300925012836022 ], [ 36.730612794686834, -1.300850888074895 ], [ 36.730845587542568, -1.300753463655756 ], [ 36.730895358529423, -1.30073546299616 ], [ 36.730946642876035, -1.300722459017946 ], [ 36.730998946686661, -1.300714576956939 ], [ 36.731051766247496, -1.300711892722214 ], [ 36.731104592877678, -1.30071443216499 ], [ 36.731156917828137, -1.300722170829583 ], [ 36.731208237181157, -1.300735034189075 ], [ 36.731258056703325, -1.300752898362824 ], [ 36.731305896605321, -1.300775591309649 ], [ 36.731351296162472, -1.30080289448452 ], [ 36.731393818151894, -1.300834544943385 ], [ 36.731433053063135, -1.300870237875319 ], [ 36.731468623042019, -1.30090962953811 ], [ 36.73150018552959, -1.300952340568623 ], [ 36.731527436561223, -1.30099795963626 ], [ 36.731550113693906, -1.301046047404327 ], [ 36.731567998533833, -1.301096140761114 ], [ 36.731580918839576, -1.301147757279854 ], [ 36.731588750180997, -1.301200399864819 ], [ 36.731591417137501, -1.301253561538664 ], [ 36.731588894024462, -1.301306730324833 ], [ 36.731581205140571, -1.301359394178267 ], [ 36.73156842453384, -1.301411045916679 ], [ 36.73155067528846, -1.301461188105005 ], [ 36.731528128339498, -1.301509337846029 ], [ 36.731501000826626, -1.301555031430892 ], [ 36.731469554002956, -1.301597828805029 ], [ 36.731434090719048, -1.301637317805981 ], [ 36.73139495250625, -1.301673118132871 ], [ 36.731352516287551, -1.301704885008885 ], [ 36.731307190747557, -1.301732312501636 ], [ 36.731259412396668, -1.301755136469513 ], [ 36.730987012273715, -1.301869136413109 ], [ 36.730946877766108, -1.301884080824795 ], [ 36.730905691683006, -1.301895773104931 ], [ 36.730550791551359, -1.301981372999604 ], [ 36.730539034559328, -1.301984069097552 ], [ 36.730345934490224, -1.302026069038254 ], [ 36.730287063609566, -1.302035479112132 ], [ 36.73022752029798, -1.302038287881546 ], [ 36.72967802018389, -1.302033587673085 ], [ 36.729629447969728, -1.302030962703558 ], [ 36.729581308772261, -1.302023940445152 ], [ 36.729576051815023, -1.302022678000198 ], [ 36.729573088488841, -1.302026699458241 ], [ 36.729537571866835, -1.302066139780375 ], [ 36.729498385312773, -1.302101886401531 ], [ 36.729455906215208, -1.30213359506214 ], [ 36.729410543671683, -1.302160960390436 ], [ 36.729362734548964, -1.302183718843497 ], [ 36.729312939275694, -1.302201651245225 ], [ 36.729261637408165, -1.302214584897124 ], [ 36.729209323011986, -1.302222395241474 ], [ 36.729156499903858, -1.302225007060922 ], [ 36.72910929989375, -1.302225007043086 ], [ 36.729100399898421, -1.302225007039722 ], [ 36.729096615465842, -1.302224819917034 ], [ 36.729095858759607, -1.302224838308379 ], [ 36.729093644359196, -1.302224673009542 ], [ 36.729047576796219, -1.302222395181117 ], [ 36.728995262413527, -1.302214584799317 ], [ 36.728943960566596, -1.302201651113174 ], [ 36.72889416532027, -1.30218371868172 ], [ 36.728846356229873, -1.30216096020464 ], [ 36.728800993722864, -1.30213359485897 ], [ 36.728758514664634, -1.3021018861884 ], [ 36.728750648663699, -1.302094710684659 ], [ 36.728726250291324, -1.302106538200975 ], [ 36.728688207982458, -1.302120544312229 ], [ 36.728674019514877, -1.302130988855015 ], [ 36.728628477184785, -1.302158049938866 ], [ 36.728580518770535, -1.302180487876226 ], [ 36.728530606138534, -1.302198086577726 ], [ 36.728479219975313, -1.302210676558602 ], [ 36.728428924730437, -1.30221784173491 ], [ 36.72841530246513, -1.302222973067619 ], [ 36.72836314284833, -1.30223682525673 ], [ 36.728309868608513, -1.302245359711253 ], [ 36.728256013540559, -1.30224849091864 ], [ 36.728202117258981, -1.302246187505596 ], [ 36.728199174204619, -1.302245762288327 ], [ 36.728175166291294, -1.30224921577586 ], [ 36.728133583703766, -1.302251924042808 ], [ 36.728079872846934, -1.302253327209055 ], [ 36.728061290662964, -1.30225487035931 ], [ 36.727945190876994, -1.302288339269515 ], [ 36.72789142221405, -1.302300880502572 ], [ 36.727799116733152, -1.302317449704333 ], [ 36.727776612351683, -1.302326774063096 ], [ 36.727772615816541, -1.302330961502593 ], [ 36.727728894942572, -1.30236798246796 ], [ 36.727681525573956, -1.302400136644382 ], [ 36.727631040150008, -1.302427062614397 ], [ 36.727578006134969, -1.302448457726485 ], [ 36.727485506095995, -1.302480157703522 ], [ 36.727472108302244, -1.302484735455993 ], [ 36.727439237163047, -1.302514019659543 ], [ 36.727402461061409, -1.302555873221137 ], [ 36.727351340232069, -1.302621119526714 ], [ 36.727305679355545, -1.302699610442163 ], [ 36.727283851553636, -1.302745483471544 ], [ 36.72728184122181, -1.302749662352716 ], [ 36.727223141199744, -1.302870362394841 ], [ 36.727199282519877, -1.302914185247674 ], [ 36.727171518017045, -1.302955612189155 ], [ 36.727119417991005, -1.303026112207505 ], [ 36.727087305223989, -1.303065550235535 ], [ 36.727051654820364, -1.303101778977287 ], [ 36.727012781835484, -1.303134478266762 ], [ 36.726971029803813, -1.303163359129047 ], [ 36.726926767702992, -1.303188166334096 ], [ 36.726842767662767, -1.303230166320575 ], [ 36.726795224521133, -1.303251128758479 ], [ 36.726745898238839, -1.303267390600983 ], [ 36.72640443016104, -1.303361903088794 ], [ 36.726287538618678, -1.303399396556162 ], [ 36.726239216549992, -1.303412442906657 ], [ 36.725750716374087, -1.303520142756949 ], [ 36.72569856656272, -1.303528966989675 ], [ 36.725645808541209, -1.303532604551789 ], [ 36.72559295030171, -1.303531020418746 ], [ 36.725540500801237, -1.303524229844339 ], [ 36.725335107495731, -1.303487249439593 ], [ 36.725218075722267, -1.303470780300781 ], [ 36.72516612094627, -1.303460831796525 ], [ 36.725115385199096, -1.303445805762182 ], [ 36.725066357093709, -1.303425846907245 ], [ 36.725019508797402, -1.303401147446916 ], [ 36.72497529148459, -1.303371945250981 ], [ 36.724934130991763, -1.303338521552897 ], [ 36.724896423716487, -1.303301198241465 ], [ 36.724862532799875, -1.303260334760715 ], [ 36.724832784629342, -1.303216324648372 ], [ 36.724807465695399, -1.303169591745822 ], [ 36.724786819832545, -1.30312058611626 ], [ 36.724771045871108, -1.303069779710442 ], [ 36.724760295722348, -1.303017661821427 ], [ 36.724754672915559, -1.302964734372518 ], [ 36.724754231601004, -1.302911507083439 ], [ 36.72475897602844, -1.302858492561521 ], [ 36.724768860506224, -1.302806201365003 ], [ 36.724783789841332, -1.302755137086067 ], [ 36.724803620256154, -1.3027057915011 ], [ 36.724828160773107, -1.302658639834511 ], [ 36.724857175053891, -1.302614136182177 ], [ 36.724890383675515, -1.302572709138221 ], [ 36.724927466821285, -1.302534757667418 ], [ 36.724968067360805, -1.302500647263053 ], [ 36.725011794289301, -1.302470706426877 ], [ 36.725058226493204, -1.30244522350558 ], [ 36.725106916805665, -1.302424443913798 ], [ 36.725157396313001, -1.30240856777065 ], [ 36.725209178870536, -1.302397747972464 ], [ 36.725261765784488, -1.302392088720248 ], [ 36.725314650614543, -1.302391644516248 ], [ 36.725367324051234, -1.302396419638952 ], [ 36.725494524038027, -1.302414319588493 ], [ 36.725514798984179, -1.302417570165009 ], [ 36.725624787379104, -1.302437373139355 ], [ 36.725984121131042, -1.302358150381829 ], [ 36.726087461230584, -1.302325003516096 ], [ 36.726108201783461, -1.302318809591943 ], [ 36.726319664814547, -1.302260280110036 ] ] ] } },
{ "type": "Feature", "properties": { }, "geometry": { "type": "Polygon", "coordinates": [ [ [ 36.733428733936066, -1.29941886806405 ], [ 36.733407601817326, -1.29937007251303 ], [ 36.733391323475523, -1.299319427200984 ], [ 36.73338005567939, -1.299267419869577 ], [ 36.733373906943427, -1.299214551377393 ], [ 36.733372936482873, -1.29916133087638 ], [ 36.733377153643453, -1.299108270908493 ], [ 36.733386517811361, -1.299055882469636 ], [ 36.733400938804451, -1.29900467008852 ], [ 36.733420277740692, -1.298955126967799 ], [ 36.733444348375706, -1.298907730234278 ], [ 36.733472918896396, -1.298862936343943 ], [ 36.733505714153402, -1.298821176686063 ], [ 36.733542418310961, -1.29878285342868 ], [ 36.733582677888528, -1.29874833564554 ], [ 36.733626105164973, -1.298717955761693 ], [ 36.73367228191254, -1.298692006352058 ], [ 36.733720763424543, -1.29867073732384 ], [ 36.733771082798178, -1.298654353509638 ], [ 36.73382275543095, -1.298643012694942 ], [ 36.733875283687709, -1.298636824098423 ], [ 36.733928161693058, -1.298635847320187 ], [ 36.733980880203255, -1.298640091767723 ], [ 36.734032931510448, -1.298649516565252 ], [ 36.734083814332216, -1.298664030947414 ], [ 36.734133038639136, -1.298683495133354 ], [ 36.734180130374078, -1.298707721672846 ], [ 36.734321030409184, -1.298789221627212 ], [ 36.734365286733173, -1.298817798249354 ], [ 36.734406565494417, -1.298850579642079 ], [ 36.734444473740361, -1.298887253744065 ], [ 36.734478650603876, -1.29892747143733 ], [ 36.734508770738593, -1.298970849870615 ], [ 36.73453454741604, -1.299016976104025 ], [ 36.734555735255157, -1.299065411039926 ], [ 36.734576437440623, -1.299119785399339 ], [ 36.734635502995509, -1.299158726498026 ], [ 36.734838803837555, -1.299246797329302 ], [ 36.735077731578912, -1.299281935661169 ], [ 36.735262019592348, -1.29927838502595 ], [ 36.735428955111466, -1.299249195368112 ], [ 36.735474256897582, -1.299243252212733 ], [ 36.735519896029288, -1.299241192116574 ], [ 36.735565544533785, -1.299243029884334 ], [ 36.735611628271634, -1.299246859388305 ], [ 36.735635084962681, -1.299229266857454 ], [ 36.73567792009549, -1.299200245483567 ], [ 36.735723318199227, -1.299175483374442 ], [ 36.735770862503728, -1.299155207855217 ], [ 36.735820116535926, -1.299139605062671 ], [ 36.735870628126797, -1.299128818236357 ], [ 36.73602566903272, -1.299103451415405 ], [ 36.736077304629468, -1.299054950702068 ], [ 36.736112946402436, -1.299024281345621 ], [ 36.736151102157599, -1.298996846465605 ], [ 36.736191483017613, -1.298972853771951 ], [ 36.736233783258811, -1.298952484913805 ], [ 36.73637908319283, -1.298890184884618 ], [ 36.736425305785161, -1.298872836228439 ], [ 36.73647291092103, -1.298859814356618 ], [ 36.736521499701361, -1.298851228384161 ], [ 36.73680169961623, -1.298814928288805 ], [ 36.736861535705351, -1.298810565063844 ], [ 36.736921482886579, -1.298812922628043 ], [ 36.736980798275397, -1.298821971766545 ], [ 36.737097954662239, -1.298846626844672 ], [ 36.737286449152961, -1.298828538561827 ], [ 36.737334823544167, -1.298826097041873 ], [ 36.737383220364485, -1.298828036752805 ], [ 36.737431248691294, -1.298834342027147 ], [ 36.737478520578414, -1.298844961934848 ], [ 36.737524654189656, -1.298859810694578 ], [ 36.737632177237799, -1.29889986268309 ], [ 36.737713630843977, -1.298879056744743 ], [ 36.737763028439339, -1.298868888106764 ], [ 36.737813154044836, -1.298863410351575 ], [ 36.73786356890696, -1.298862671426892 ], [ 36.737913831740222, -1.298866677801103 ], [ 36.737963502589757, -1.298875394406557 ], [ 36.738012146682308, -1.298888744946552 ], [ 36.738059338231778, -1.298906612563118 ], [ 36.738104664166208, -1.298928840859863 ], [ 36.738248825936537, -1.299008143656645 ], [ 36.738279729070591, -1.299015540896784 ], [ 36.738293016211699, -1.299016396673632 ], [ 36.738300881187932, -1.299016961403425 ], [ 36.738377937459774, -1.2990230648419 ], [ 36.738589827803409, -1.299012814780452 ], [ 36.738645064912149, -1.299012995162009 ], [ 36.738699993530219, -1.299018865389283 ], [ 36.738908351741557, -1.299052074896197 ], [ 36.739087896769334, -1.299044825156187 ], [ 36.739158818351022, -1.299046665201957 ], [ 36.739221411953395, -1.299052454731377 ], [ 36.739253461340937, -1.299047076022945 ], [ 36.739287546132125, -1.299042475332928 ], [ 36.739304146127374, -1.299040775327131 ], [ 36.739306992721765, -1.29904049148767 ], [ 36.73933352045956, -1.299037917891151 ], [ 36.739546407453417, -1.299017045057354 ], [ 36.739632719407204, -1.298985279017108 ], [ 36.739694951937608, -1.298966569351688 ], [ 36.739921151854624, -1.298913269284303 ], [ 36.739971486843203, -1.298903921281814 ], [ 36.740022475940087, -1.298899421613088 ], [ 36.740128743210796, -1.29889514645732 ], [ 36.74018508100589, -1.298844975261506 ], [ 36.740226021499275, -1.298811948445698 ], [ 36.740269958900278, -1.298783085086901 ], [ 36.740316476747452, -1.298758658767467 ], [ 36.740365134120481, -1.298738901013278 ], [ 36.740415469819489, -1.298723999099143 ], [ 36.740467006736459, -1.298714094273726 ], [ 36.740519256377532, -1.298709280420686 ], [ 36.740571723493183, -1.298709603168838 ], [ 36.740623910772449, -1.298715059459544 ], [ 36.740675323556694, -1.298725597575747 ], [ 36.740725474528219, -1.298741117632161 ], [ 36.740757552820021, -1.298754604490887 ], [ 36.74099663751857, -1.29869132396159 ], [ 36.741035142192629, -1.298682636067392 ], [ 36.74125465672126, -1.298641538069149 ], [ 36.741418155400133, -1.298543107147543 ], [ 36.741470353010257, -1.29851546783772 ], [ 36.741525238956037, -1.298493735060835 ], [ 36.741582155836781, -1.29847816912371 ], [ 36.741796234439761, -1.298432115719594 ], [ 36.741879970104598, -1.298371716968108 ], [ 36.741897629917638, -1.298359506275304 ], [ 36.742107629810256, -1.298220406262305 ], [ 36.742155536905067, -1.298192121917552 ], [ 36.742206081958713, -1.298168950468265 ], [ 36.742258728113775, -1.298151138027455 ], [ 36.742430728862743, -1.298102715230493 ], [ 36.742439885304343, -1.298088016729274 ], [ 36.742518148333374, -1.297954178352759 ], [ 36.742545629955949, -1.297911831213125 ], [ 36.742576911286584, -1.297872244647897 ], [ 36.742611720316198, -1.297835762885172 ], [ 36.742649754360379, -1.297802703155067 ], [ 36.742690682691389, -1.297773352931216 ], [ 36.742734149413963, -1.297747967431058 ], [ 36.742779776560084, -1.297726767396468 ], [ 36.742827167375559, -1.297709937174378 ], [ 36.742875909770028, -1.297697623113712 ], [ 36.742925579900323, -1.29768993229279 ], [ 36.743088384863832, -1.297672497373765 ], [ 36.743106731073532, -1.297667559592798 ], [ 36.743108906378978, -1.297644310972201 ], [ 36.74311911590511, -1.297591677322645 ], [ 36.743134439510428, -1.297540315610871 ], [ 36.743154727407948, -1.297490727892957 ], [ 36.743179781285278, -1.297443398884303 ], [ 36.743209356243078, -1.297398791221727 ], [ 36.743243163188914, -1.297357340941174 ], [ 36.743280871663103, -1.297319453215538 ], [ 36.743322113068928, -1.297285498394117 ], [ 36.743366484275569, -1.297255808382568 ], [ 36.743413551558717, -1.297230673398398 ], [ 36.743462854840118, -1.297210339134282 ], [ 36.743598754782454, -1.297162039101722 ], [ 36.743616883012841, -1.297156587100407 ], [ 36.743634852768601, -1.297150627292598 ], [ 36.743642207244434, -1.297148970926713 ], [ 36.743649428123241, -1.297146799272707 ], [ 36.743668000011887, -1.297143161911547 ], [ 36.743686463642106, -1.297139003555337 ], [ 36.743693944011525, -1.297138080699572 ], [ 36.743701341609402, -1.297136631857247 ], [ 36.743720178298965, -1.297134844166232 ], [ 36.743738957989059, -1.297132527308985 ], [ 36.743751410456305, -1.297131612267077 ], [ 36.743757339495431, -1.297114625097267 ], [ 36.743773976754468, -1.297072640427976 ], [ 36.743794029406843, -1.297032195734674 ], [ 36.743817358199948, -1.296993571879407 ], [ 36.743832193393473, -1.29697116973742 ], [ 36.743889392722437, -1.296884713666131 ], [ 36.743889321120079, -1.296835165567533 ], [ 36.743893868245443, -1.296785129246262 ], [ 36.743902996087506, -1.296735731087548 ], [ 36.74395019609274, -1.296533031166754 ], [ 36.74395309836018, -1.296521170202461 ], [ 36.744000911584031, -1.296334829715635 ], [ 36.744005556318776, -1.296286246938612 ], [ 36.744009302204077, -1.296260431242868 ], [ 36.744012998333325, -1.296234608282129 ], [ 36.74401312334443, -1.296234096904428 ], [ 36.744013198956772, -1.296233575803189 ], [ 36.744019440896921, -1.296208253956069 ], [ 36.744025634027992, -1.296182919970714 ], [ 36.744025808238263, -1.296182423388044 ], [ 36.744025934234571, -1.296181912255344 ], [ 36.744034612116423, -1.296157328119444 ], [ 36.744043242605926, -1.296132727089656 ], [ 36.744043464337615, -1.296132250084369 ], [ 36.744043639504483, -1.296131753842702 ], [ 36.744054669754973, -1.296108144177438 ], [ 36.744065654486988, -1.296084513023301 ], [ 36.744094254475471, -1.296030113041522 ], [ 36.744099480537784, -1.296021253503757 ], [ 36.744104167550752, -1.296012093563407 ], [ 36.744112972490896, -1.295998381125731 ], [ 36.744121253818967, -1.295984342114967 ], [ 36.744127317512941, -1.295976040800132 ], [ 36.744132874008308, -1.295967387350878 ], [ 36.744142971952208, -1.295954609567937 ], [ 36.744152580609175, -1.295941455128884 ], [ 36.744159423538193, -1.295933791983139 ], [ 36.744165796003948, -1.295925728362336 ], [ 36.744177089703179, -1.295914008290926 ], [ 36.744187933152418, -1.295901865108107 ], [ 36.744195489415439, -1.295894913931678 ], [ 36.74420261648136, -1.295887517796358 ], [ 36.744214997171355, -1.295876968307316 ], [ 36.744226970984911, -1.295865953325917 ], [ 36.744235167811183, -1.295859781062333 ], [ 36.744242980839758, -1.295853123641377 ], [ 36.744256329287964, -1.295843846331939 ], [ 36.744269318151595, -1.295834065632328 ], [ 36.744278076601276, -1.295828731723913 ], [ 36.744286500348913, -1.295822877131855 ], [ 36.744300688002738, -1.29581496134755 ], [ 36.744314566826716, -1.295806509123261 ], [ 36.744323802551179, -1.295802064938554 ], [ 36.74433275589282, -1.295797069558259 ], [ 36.744347646117845, -1.295790591532376 ], [ 36.744362281241465, -1.295783549183094 ], [ 36.744371905295658, -1.295780037522067 ], [ 36.744381302005962, -1.295775949461801 ], [ 36.744396751401233, -1.295770971581427 ], [ 36.74441200188059, -1.295765406928812 ], [ 36.744421921579885, -1.295762861610663 ], [ 36.744431671163355, -1.295759720240836 ], [ 36.744447530942907, -1.295756290445834 ], [ 36.744463249907767, -1.295752257080604 ], [ 36.744473369720176, -1.295750702618225 ], [ 36.744483378283071, -1.29574853819201 ], [ 36.744499495708368, -1.295746689513371 ], [ 36.744515531777026, -1.295744226279092 ], [ 36.744525754243561, -1.29574367764288 ], [ 36.74453592539782, -1.295742511005011 ], [ 36.744552094504137, -1.295741461755913 ], [ 36.744555680291747, -1.295740724889211 ], [ 36.744599861415367, -1.29573541630428 ], [ 36.744782761366181, -1.295721116239271 ], [ 36.744837546727169, -1.295719645985185 ], [ 36.74489219716763, -1.295723783490602 ], [ 36.744946147516217, -1.295733485967857 ], [ 36.744998839841458, -1.295748653078719 ], [ 36.745107239848295, -1.295785953037359 ], [ 36.745156916061525, -1.295805868055132 ], [ 36.745185023676662, -1.295820535439842 ], [ 36.745227959606581, -1.295794585678387 ], [ 36.745276092339417, -1.29576873692572 ], [ 36.745326574978179, -1.29574791844987 ], [ 36.745378890186188, -1.295732343595269 ], [ 36.745432268237103, -1.295722216293055 ], [ 36.745467515956008, -1.295696854890097 ], [ 36.745511486195049, -1.295671147125125 ], [ 36.745557668090491, -1.295649724896162 ], [ 36.745605650480279, -1.29563277892798 ], [ 36.745655006172335, -1.295620460092725 ], [ 36.745725606147921, -1.295606360070668 ], [ 36.745779276406559, -1.295598442336137 ], [ 36.745884376377035, -1.29558834229938 ], [ 36.745942494394093, -1.295585930986181 ], [ 36.746000532098449, -1.295589837999945 ], [ 36.746057813380148, -1.295600017826697 ], [ 36.746113670941007, -1.295616351877309 ], [ 36.746165062786659, -1.295637658465576 ], [ 36.746198429254243, -1.295642315526015 ], [ 36.746217929756675, -1.295630989569925 ], [ 36.746273100837733, -1.295606747913141 ], [ 36.746392900786034, -1.295561947885639 ], [ 36.746442372428142, -1.295546131656535 ], [ 36.746493126410186, -1.295535179066762 ], [ 36.746642837581533, -1.295510392991862 ], [ 36.74673550865139, -1.295489300751642 ], [ 36.746847935220806, -1.29545653958979 ], [ 36.746971448102741, -1.295413736251628 ], [ 36.747016674050307, -1.295400260268324 ], [ 36.747062897489307, -1.295390815880746 ], [ 36.747102892085522, -1.295386258522008 ], [ 36.747128994816549, -1.295366031679843 ], [ 36.747172797106273, -1.295338383114925 ], [ 36.747219030280462, -1.295315086499173 ], [ 36.747267268795333, -1.295296356262007 ], [ 36.74731706864933, -1.295282364802632 ], [ 36.747367971469778, -1.295273240903079 ], [ 36.747419508731923, -1.295269068543013 ], [ 36.74747120607131, -1.295269886126613 ], [ 36.747522587649989, -1.295275686129106 ], [ 36.747626701176564, -1.295292561887203 ], [ 36.747655348921192, -1.295296233306912 ], [ 36.747668192908819, -1.295274713540506 ], [ 36.747701189876189, -1.295230394594894 ], [ 36.747738504914395, -1.295189693120938 ], [ 36.747779749020836, -1.295153033424663 ], [ 36.7478244922331, -1.295120797677327 ], [ 36.747872268111188, -1.295093321931392 ], [ 36.747922578600075, -1.295070892617218 ], [ 36.747974899221823, -1.295053743557037 ], [ 36.748033399199315, -1.295037843540646 ], [ 36.748078822201123, -1.295027593745919 ], [ 36.748124954581584, -1.295021327432852 ], [ 36.748171452146586, -1.295019091354825 ], [ 36.748231407828364, -1.295018817249592 ], [ 36.748237723840255, -1.295016196102277 ], [ 36.748257118536657, -1.295001087250661 ], [ 36.748300979273409, -1.294973260036802 ], [ 36.748347293867468, -1.294949803694466 ], [ 36.748395633649068, -1.294930935326894 ], [ 36.748445551204036, -1.294916829572867 ], [ 36.748496584514911, -1.294907616990278 ], [ 36.748502802216045, -1.294907107541769 ], [ 36.748514755881722, -1.294886084469467 ], [ 36.748544541802694, -1.294839410446117 ], [ 36.748578908357906, -1.294796042423629 ], [ 36.748617496105588, -1.294756433990991 ], [ 36.748659901454289, -1.294720999415525 ], [ 36.748705680884044, -1.294690109310008 ], [ 36.748754355585163, -1.294664086756399 ], [ 36.748783526447227, -1.294650367775826 ], [ 36.748802284774342, -1.294636079882961 ], [ 36.748866156572333, -1.29459423172942 ], [ 36.748881992488258, -1.294585393836714 ], [ 36.748910685204613, -1.294563738944321 ], [ 36.748956809549604, -1.29453253315887 ], [ 36.748982907202873, -1.294518568161876 ], [ 36.748983987718638, -1.294513767985433 ], [ 36.748998912331452, -1.294467325058542 ], [ 36.749017924787502, -1.294422420575795 ], [ 36.749040871121217, -1.294379418180022 ], [ 36.749067565509975, -1.294338666110682 ], [ 36.749097791778944, -1.294300494383836 ], [ 36.749135191759621, -1.294257394392615 ], [ 36.749172820805732, -1.294218193807127 ], [ 36.749214168821084, -1.294182992182812 ], [ 36.749258818264238, -1.29415214499399 ], [ 36.749306318255215, -1.294125963742916 ], [ 36.749356818231448, -1.294101363734504 ], [ 36.749378896210878, -1.294091955717907 ], [ 36.749388907105796, -1.29408027287124 ], [ 36.749442207077891, -1.29402387288082 ], [ 36.749481986528671, -1.293985856801541 ], [ 36.74952539954247, -1.293952107617112 ], [ 36.749571996339789, -1.293922974985717 ], [ 36.749621294155588, -1.293898760735854 ], [ 36.749672782240914, -1.293879715739354 ], [ 36.74972592715455, -1.293866037312129 ], [ 36.749780178289626, -1.293857867169879 ], [ 36.749834973578182, -1.293855289959869 ], [ 36.749849925474621, -1.293855353444513 ], [ 36.749855835865958, -1.293853592592882 ], [ 36.749907426126192, -1.293840967727539 ], [ 36.749960000290315, -1.293833513386005 ], [ 36.750013048091091, -1.293831301918212 ], [ 36.75006605466421, -1.293834354788491 ], [ 36.750118505545402, -1.293842642367283 ], [ 36.750123613169841, -1.293843711213333 ], [ 36.7501376712923, -1.293834749558738 ], [ 36.750182002958937, -1.293811961387917 ], [ 36.750185042109727, -1.293810740378419 ], [ 36.750217998166704, -1.29377753818502 ], [ 36.750258218122127, -1.293744185693896 ], [ 36.750301450655627, -1.293714898953893 ], [ 36.750315227563782, -1.293706510644492 ], [ 36.750331718644937, -1.293684711357877 ], [ 36.750353975206309, -1.293657205576461 ], [ 36.750383170835541, -1.293623441913134 ], [ 36.750445166725441, -1.293551578487901 ], [ 36.750459917070039, -1.293536086286637 ], [ 36.750474371676745, -1.293520314234956 ], [ 36.75047820621888, -1.293516877298956 ], [ 36.75048175881463, -1.293513146028008 ], [ 36.750494909343367, -1.29350180348444 ], [ 36.750487471218364, -1.293499223419423 ], [ 36.750351571232457, -1.293445623368922 ], [ 36.750304915658234, -1.293424601395768 ], [ 36.750260448851392, -1.293399224992178 ], [ 36.750218570867695, -1.29336972246333 ], [ 36.750179658471851, -1.293336359235902 ], [ 36.750144061747875, -1.293299435470235 ], [ 36.750112100949508, -1.293259283359777 ], [ 36.750084063619006, -1.293216264142375 ], [ 36.750080287798838, -1.293209824128117 ], [ 36.750073773882349, -1.29320832242251 ], [ 36.750052711644877, -1.293202265069383 ], [ 36.750003730994528, -1.29323638965444 ], [ 36.749970379186315, -1.293257846293303 ], [ 36.749584178994361, -1.293486646253023 ], [ 36.749538236647879, -1.293510945642614 ], [ 36.749490185006415, -1.293530684476242 ], [ 36.749440469711637, -1.293545679692041 ], [ 36.749389551834248, -1.293555792221598 ], [ 36.749028351720654, -1.293609492101815 ], [ 36.748982156643486, -1.293614323885175 ], [ 36.748935719775602, -1.293615134602349 ], [ 36.748889385996122, -1.293611918232652 ], [ 36.748510285948548, -1.293569018084469 ], [ 36.748448804224971, -1.293558404150397 ], [ 36.748248824470345, -1.293511748346189 ], [ 36.748225238424119, -1.293517271325441 ], [ 36.748152220113845, -1.293561703712319 ], [ 36.747982788274037, -1.293684126541129 ], [ 36.747962355461453, -1.293698186028272 ], [ 36.74794351201858, -1.293710522534104 ], [ 36.747940900346606, -1.293727113716413 ], [ 36.74792820648549, -1.293776790764333 ], [ 36.747910907110558, -1.29382503886193 ], [ 36.747889156923776, -1.293871426544033 ], [ 36.74786315042914, -1.293915538982451 ], [ 36.747833120193327, -1.293956981695741 ], [ 36.747799334765915, -1.293995384076932 ], [ 36.747615634669422, -1.29418528410723 ], [ 36.747575859650759, -1.294222457787166 ], [ 36.747532571152092, -1.294255416037621 ], [ 36.747486208293459, -1.294283824529483 ], [ 36.74743741648502, -1.29431042851313 ], [ 36.747346921130763, -1.294417208336039 ], [ 36.747309761779881, -1.294456836930056 ], [ 36.747268839509424, -1.294492513124039 ], [ 36.747224567307242, -1.2945238768741 ], [ 36.747177391968734, -1.294550611657525 ], [ 36.747127789587722, -1.294572447667321 ], [ 36.747076260751705, -1.294589164534907 ], [ 36.747023325489891, -1.294600593554223 ], [ 36.746969518025089, -1.294606619384179 ], [ 36.746915381382237, -1.294607181212701 ], [ 36.74686146190826, -1.294602273370441 ], [ 36.746808303758257, -1.294591945387911 ], [ 36.746756443403939, -1.294576301495668 ], [ 36.74670640421953, -1.294555499572371 ], [ 36.746658691199876, -1.29452974955137 ], [ 36.746613785864064, -1.294499311302184 ], [ 36.74657214139593, -1.294464492007723 ], [ 36.746534178070569, -1.294425643064321 ], [ 36.746500279012928, -1.294383156535342 ], [ 36.746357079115597, -1.294183956539604 ], [ 36.746316084795836, -1.294117258068916 ], [ 36.746286802113843, -1.294060871086601 ], [ 36.746267066906427, -1.294053886901874 ], [ 36.746200334298358, -1.2940653179252 ], [ 36.746062524636478, -1.294179447547938 ], [ 36.746020950424182, -1.294210627332317 ], [ 36.74597659170886, -1.294237641913226 ], [ 36.745929859050491, -1.294260241258982 ], [ 36.745881184980924, -1.294278216202988 ], [ 36.745831020000594, -1.294291400379524 ], [ 36.745779828408935, -1.294299671763674 ], [ 36.745728084007006, -1.294302953800594 ], [ 36.745676265712319, -1.294301216114128 ], [ 36.745624853126195, -1.294294474787865 ], [ 36.745574322094811, -1.294282792216294 ], [ 36.74552514030507, -1.294266276527294 ], [ 36.745477762955908, -1.294245080581311 ], [ 36.745216663006367, -1.294112780491349 ], [ 36.74516440277786, -1.294082498442992 ], [ 36.745115831016065, -1.294046529669336 ], [ 36.745071555856264, -1.29400532451284 ], [ 36.7448668092674, -1.293792183953335 ], [ 36.744591223562068, -1.293639159923364 ], [ 36.744302724019228, -1.293537871658848 ], [ 36.744280569061921, -1.293544942854951 ], [ 36.744228969259417, -1.293555966893168 ], [ 36.744176545833504, -1.293561860906631 ], [ 36.744123801025488, -1.293562568428433 ], [ 36.744071240155598, -1.29355808268078 ], [ 36.744019366781728, -1.293548446639769 ], [ 36.74396867787511, -1.293533752623797 ], [ 36.74391965905911, -1.293514141408947 ], [ 36.743872779956703, -1.293489800880336 ], [ 36.74382848969131, -1.293460964232037 ], [ 36.743556689786921, -1.293264364158678 ], [ 36.743518612078752, -1.293234115604141 ], [ 36.743483391084396, -1.293200543432816 ], [ 36.743451312168403, -1.293163919650832 ], [ 36.743422635237742, -1.293124540988785 ], [ 36.743413768893475, -1.293109736549449 ], [ 36.74338543616318, -1.293099503379912 ], [ 36.743337524860571, -1.293076625734695 ], [ 36.743292079473399, -1.293049119568685 ], [ 36.743249540029915, -1.293017251212981 ], [ 36.742991792441757, -1.292803545611861 ], [ 36.74276977600487, -1.292675891877255 ], [ 36.74253777313826, -1.292572819436432 ], [ 36.742469700551403, -1.292536519022092 ], [ 36.742253624182339, -1.292400548182588 ], [ 36.741930279537286, -1.292321159289585 ], [ 36.741877751155435, -1.292305373761492 ], [ 36.741827087867968, -1.292284298960518 ], [ 36.741638896208421, -1.292194478775071 ], [ 36.741345807054223, -1.292213846376901 ], [ 36.741300840201809, -1.292214924536568 ], [ 36.741255940641715, -1.292212224861347 ], [ 36.741211421144541, -1.292205766157565 ], [ 36.740717921112861, -1.29211286596262 ], [ 36.74066444443816, -1.29209992532794 ], [ 36.740177738629249, -1.291955343430254 ], [ 36.739798383170857, -1.291853481134572 ], [ 36.739747191916514, -1.291836941941212 ], [ 36.739697892741859, -1.291815351369322 ], [ 36.739650976303388, -1.291788924302543 ], [ 36.739606909542935, -1.291757923760255 ], [ 36.739566131040426, -1.291722658279915 ], [ 36.739529046648869, -1.291683478846199 ], [ 36.739496025455054, -1.291640775397867 ], [ 36.739467396106207, -1.291594972946755 ], [ 36.739443443539088, -1.29154652734782 ], [ 36.739424406144181, -1.291495920762176 ], [ 36.73941047339305, -1.291443656858351 ], [ 36.739406584756878, -1.29142549360523 ], [ 36.739268329544146, -1.291368724906936 ], [ 36.739220192039632, -1.291346113289698 ], [ 36.739174500213494, -1.291318841597447 ], [ 36.739131698021829, -1.291287174811109 ], [ 36.739092201344022, -1.291251420615699 ], [ 36.739056393941929, -1.291211926410678 ], [ 36.739024623731176, -1.291169075934503 ], [ 36.738997199400671, -1.29112328553617 ], [ 36.73887782732448, -1.290899741619751 ], [ 36.738297739700016, -1.290430684725523 ], [ 36.738259675784647, -1.290431143436702 ], [ 36.738207326408201, -1.290426624345888 ], [ 36.738155663058841, -1.290416995982317 ], [ 36.738105176806762, -1.290402349865991 ], [ 36.738056347533472, -1.290382825211634 ], [ 36.738009639370503, -1.290358607605386 ], [ 36.737965496287643, -1.290329927240675 ], [ 36.737924337873039, -1.29029705673029 ], [ 36.737712637969523, -1.290110356687156 ], [ 36.737682236792054, -1.290081368200206 ], [ 36.737479836901791, -1.289872768172455 ], [ 36.737474309537141, -1.289866986551406 ], [ 36.737237309669659, -1.289615386522287 ], [ 36.737203085509663, -1.289575312669743 ], [ 36.737172898159344, -1.289532077130864 ], [ 36.737147034136768, -1.289486090269278 ], [ 36.737125738925805, -1.289437788562246 ], [ 36.737109214646132, -1.289387630457908 ], [ 36.737097618134882, -1.289336092024045 ], [ 36.737079595533658, -1.289232883287643 ], [ 36.737068814356086, -1.289230575824435 ], [ 36.737017721229464, -1.289214154669018 ], [ 36.736968502895088, -1.289192703260663 ], [ 36.736921646855862, -1.289166434074143 ], [ 36.736877617216223, -1.289135607303797 ], [ 36.73683685008529, -1.289100528286327 ], [ 36.73679974925723, -1.289061544476427 ], [ 36.73676668221173, -1.289019042005324 ], [ 36.736737976474203, -1.288973441856127 ], [ 36.736713916371663, -1.288925195694018 ], [ 36.73670036639075, -1.288889572659901 ], [ 36.736662606003677, -1.288840709324242 ], [ 36.736652807398819, -1.288826657525401 ], [ 36.736642527964761, -1.288812958131573 ], [ 36.736593320249874, -1.288740213975469 ], [ 36.736545812881253, -1.288755793449891 ], [ 36.736494580976277, -1.28876719322269 ], [ 36.736442490458053, -1.288773524646285 ], [ 36.736390035092079, -1.288774727705728 ], [ 36.736337712102149, -1.288770790997787 ], [ 36.736140512079473, -1.288746190920146 ], [ 36.73608586460994, -1.288736476167329 ], [ 36.736032499450204, -1.28872115679855 ], [ 36.735980982443429, -1.288700395249311 ], [ 36.735931859836278, -1.28867441165975 ], [ 36.735885652486864, -1.288643481540432 ], [ 36.735857247534732, -1.288622266641926 ], [ 36.735844993746383, -1.288626138796137 ], [ 36.73579175583027, -1.288637185302078 ], [ 36.735737683112227, -1.288642777881125 ], [ 36.735683325707676, -1.288642859637099 ], [ 36.735629236628206, -1.288637429738863 ], [ 36.735575966155459, -1.288626543428764 ], [ 36.735524056242731, -1.288610311460545 ], [ 36.735493399727105, -1.288598989623892 ], [ 36.735419361452315, -1.288591465592528 ], [ 36.735369369104639, -1.288583987729919 ], [ 36.735346811347007, -1.288578399077792 ], [ 36.735324451515851, -1.288586011759432 ], [ 36.735271529808806, -1.288598224920026 ], [ 36.735217655705824, -1.288605016564489 ], [ 36.735163376044277, -1.288606317756326 ], [ 36.734626296994001, -1.288591944875515 ], [ 36.734493420246359, -1.288588896175948 ], [ 36.734474643430545, -1.288622963868177 ], [ 36.73444550407666, -1.288665650299626 ], [ 36.734412452600871, -1.288705344999034 ], [ 36.734375790332237, -1.288741686071659 ], [ 36.73433585151929, -1.288774342197667 ], [ 36.734251751475369, -1.288836642196407 ], [ 36.734212670215506, -1.28886302537119 ], [ 36.734171451183165, -1.288885876533417 ], [ 36.734128408666521, -1.288905021447208 ], [ 36.734083870857432, -1.288920314136255 ], [ 36.734002170825036, -1.288944414114049 ], [ 36.733952444784443, -1.288956535116439 ], [ 36.733901800797113, -1.288963855363328 ], [ 36.733850695328492, -1.288966308876217 ], [ 36.733799589003389, -1.288963873541595 ], [ 36.733748942454184, -1.288956571310172 ], [ 36.733699212169157, -1.288944467999057 ], [ 36.733669044551149, -1.288935580770046 ], [ 36.733652000541404, -1.288947442308801 ], [ 36.733605312165444, -1.288976512608743 ], [ 36.733404712067021, -1.289087612582793 ], [ 36.733349544961527, -1.289114179788542 ], [ 36.733291742436762, -1.289134285063703 ], [ 36.733232048875323, -1.289147669492814 ], [ 36.733142738085171, -1.289162399540319 ], [ 36.733107168739018, -1.28918879170781 ], [ 36.73306227294178, -1.289215767900219 ], [ 36.733014991041514, -1.289238238081758 ], [ 36.732965768133681, -1.289255990726423 ], [ 36.732915067585644, -1.289268858717548 ], [ 36.732863366674707, -1.289276720920885 ], [ 36.732811152095145, -1.289279503324948 ], [ 36.732758915376621, -1.289277179737732 ], [ 36.732707148257134, -1.289269772033209 ], [ 36.7326563380539, -1.289257349945441 ], [ 36.732606963075945, -1.289240030412049 ], [ 36.732399924452274, -1.289155860710529 ], [ 36.732379517903148, -1.289157364311347 ], [ 36.732325632734899, -1.289155900227299 ], [ 36.73227216244652, -1.289149025480151 ], [ 36.73221964200409, -1.289136808851827 ], [ 36.73216859687043, -1.289119372569297 ], [ 36.73211953774787, -1.289096891081762 ], [ 36.732069789158729, -1.289070995950175 ], [ 36.731915259953311, -1.289086969801609 ], [ 36.731861233998579, -1.289089807135391 ], [ 36.731807197626956, -1.28908717846122 ], [ 36.731753695380192, -1.28907911026969 ], [ 36.731701266417353, -1.289065683867157 ], [ 36.731422166427933, -1.288978983758884 ], [ 36.731375134987097, -1.288961931635606 ], [ 36.731329875773838, -1.288940566668813 ], [ 36.731286778220607, -1.288915072693683 ], [ 36.73124621315975, -1.288885669073288 ], [ 36.731051365920166, -1.288730127415284 ], [ 36.731001045083694, -1.288739448615905 ], [ 36.730946805037625, -1.288746653758856 ], [ 36.730892118682689, -1.288748286798517 ], [ 36.730837549629413, -1.288744330905026 ], [ 36.730783660279215, -1.288734826849363 ], [ 36.730731006028243, -1.288719872583182 ], [ 36.730680129543252, -1.288699622229222 ], [ 36.730657667216747, -1.288687905258881 ], [ 36.730645095145803, -1.288687764662627 ], [ 36.730590591035387, -1.288681542591973 ], [ 36.730536997686585, -1.288669776314866 ], [ 36.730484870339474, -1.288652587733439 ], [ 36.730391974945057, -1.288616590730313 ], [ 36.730329267640137, -1.288638103175896 ], [ 36.730278737287932, -1.288652711354283 ], [ 36.730227033152076, -1.288662294512514 ], [ 36.730174647294838, -1.288666761449336 ], [ 36.730122078266255, -1.28866606965399 ], [ 36.730069826359497, -1.288660225710786 ], [ 36.730018388849587, -1.288649285236373 ], [ 36.729968255260921, -1.288633352350471 ], [ 36.729526689586592, -1.288468777364738 ], [ 36.729416347546469, -1.288435680526006 ], [ 36.729201890113501, -1.288425195572989 ], [ 36.728935282863766, -1.288465878499937 ], [ 36.728870777466774, -1.288471759530544 ], [ 36.728515677383612, -1.288482559398809 ], [ 36.728499399934407, -1.288482806867019 ], [ 36.728195769753121, -1.288482806754217 ], [ 36.728193162579679, -1.288483841100727 ], [ 36.728143700840398, -1.288498153064521 ], [ 36.728124622577745, -1.288501734724621 ], [ 36.728096054005192, -1.288526299727339 ], [ 36.728057276404826, -1.288556677428036 ], [ 36.728015910807464, -1.288583373811072 ], [ 36.727972301133114, -1.288606166918994 ], [ 36.727926809959357, -1.288624867246787 ], [ 36.727677409853051, -1.288714267186755 ], [ 36.727601634892885, -1.288735304711944 ], [ 36.72735609395459, -1.288784412806959 ], [ 36.727097367030439, -1.288862805323029 ], [ 36.726920890410184, -1.288954043370086 ], [ 36.726829724744967, -1.289011811674384 ], [ 36.726816482749442, -1.289019315783958 ], [ 36.726803563738819, -1.289027370046389 ], [ 36.726793454388208, -1.289032365730927 ], [ 36.726783640865364, -1.289037926958102 ], [ 36.726769731839191, -1.289044088577595 ], [ 36.726756090664935, -1.289050829564316 ], [ 36.726745543484078, -1.289054803880912 ], [ 36.72673523563089, -1.289059370200904 ], [ 36.726720793525473, -1.289064129990786 ], [ 36.726706561560043, -1.289069492782288 ], [ 36.726695678124429, -1.289072407456077 ], [ 36.726684975211064, -1.289075934892903 ], [ 36.726670139111981, -1.289079247013887 ], [ 36.726655453417123, -1.289083179963685 ], [ 36.726644338540268, -1.289085006924873 ], [ 36.726633343641794, -1.289087461507445 ], [ 36.726618256428978, -1.2890892940621 ], [ 36.726603258436093, -1.289091759293872 ], [ 36.726592019160286, -1.289092480947955 ], [ 36.726580838163855, -1.289093839037355 ], [ 36.726565645135508, -1.289094174377343 ], [ 36.726550479283631, -1.28909514814969 ], [ 36.726539223849556, -1.289094757546828 ], [ 36.726527964434148, -1.289095006064082 ], [ 36.726512811907618, -1.289093840960077 ], [ 36.726497624252232, -1.289093313895187 ], [ 36.72636712423305, -1.289082313844066 ], [ 36.726313930120391, -1.289075130735849 ], [ 36.726261709690107, -1.289062657889877 ], [ 36.726210980880474, -1.289045019016285 ], [ 36.72616224683528, -1.289022389063366 ], [ 36.726115990913492, -1.288994992482477 ], [ 36.726072671895153, -1.288963101001749 ], [ 36.726032719431117, -1.288927030930991 ], [ 36.725996529781618, -1.288887140024451 ], [ 36.725964461886058, -1.288843823932516 ], [ 36.72593683380299, -1.28879751227742 ], [ 36.725913919555538, -1.288748664392243 ], [ 36.725895946413559, -1.28869776476502 ], [ 36.725883092639535, -1.28864531823351 ], [ 36.725875485720579, -1.288591844978032 ], [ 36.725863885755437, -1.288465845022362 ], [ 36.725862807269493, -1.288452280261395 ], [ 36.725849438194544, -1.288252666916849 ], [ 36.725779242250532, -1.288236280889514 ], [ 36.725753083673489, -1.288229474850218 ], [ 36.724848839746308, -1.287969699858603 ], [ 36.72421571989009, -1.287827237878824 ], [ 36.724196961809703, -1.287822660535106 ], [ 36.723692761809481, -1.287689960336384 ], [ 36.723681065854812, -1.287686740165727 ], [ 36.723335124366258, -1.287587270847351 ], [ 36.723091619074843, -1.287525127665735 ], [ 36.722789677958431, -1.287452235274435 ], [ 36.722423344042966, -1.287377194667925 ], [ 36.722107274538068, -1.287378301171019 ], [ 36.722104582138819, -1.287378303827216 ], [ 36.721253481959685, -1.28737700350439 ], [ 36.72122755096489, -1.2873763355602 ], [ 36.720444931128341, -1.287337189631123 ], [ 36.720019130580106, -1.28734628163516 ], [ 36.72001229645462, -1.287346383928395 ], [ 36.7196813955332, -1.287349224549418 ], [ 36.718970376609811, -1.28743587070797 ], [ 36.718956039754445, -1.287437422244725 ], [ 36.718896166234956, -1.287443087340285 ], [ 36.718820747746697, -1.287508224787063 ], [ 36.718776798136432, -1.287542388639521 ], [ 36.718729588787959, -1.287571819058889 ], [ 36.718679620975742, -1.287596203550131 ], [ 36.718365120833035, -1.287730003485425 ], [ 36.718346233678879, -1.287737619079019 ], [ 36.717997421899383, -1.287870630729733 ], [ 36.717386927821209, -1.288156828908881 ], [ 36.717077896351533, -1.288337510614507 ], [ 36.717027809215409, -1.28836337278484 ], [ 36.716975314879676, -1.288383835095828 ], [ 36.71692098614249, -1.288398674271213 ], [ 36.716511341787673, -1.288487735527311 ], [ 36.716228914123242, -1.288572089637626 ], [ 36.716173055928394, -1.288585559413246 ], [ 36.715749955785462, -1.288663859276499 ], [ 36.715693961760223, -1.288671194324983 ], [ 36.715637512545229, -1.288672592198072 ], [ 36.714955412415243, -1.288653491935174 ], [ 36.714900953106792, -1.288649179204989 ], [ 36.714847207388715, -1.28863933961021 ], [ 36.714794727513897, -1.288624074256163 ], [ 36.714744052728186, -1.288603539999398 ], [ 36.714695703729454, -1.28857794783595 ], [ 36.714650177317317, -1.288547560733181 ], [ 36.714293446329506, -1.288282308749806 ], [ 36.713772887168894, -1.287965245886224 ], [ 36.713771056337123, -1.287964125750175 ], [ 36.713350756455021, -1.287705825618819 ], [ 36.713307026377301, -1.287675890586827 ], [ 36.713266422123368, -1.287641785621124 ], [ 36.713229334733896, -1.287603839171438 ], [ 36.713196121380143, -1.287562416682956 ], [ 36.713167101924213, -1.287517917076941 ], [ 36.713142555838687, -1.28747076890881 ], [ 36.713122719515127, -1.287421426241027 ], [ 36.713107783987539, -1.287370364270131 ], [ 36.713097893092645, -1.287318074750439 ], [ 36.713093142084659, -1.287265061258096 ], [ 36.713093576717952, -1.287211834341492 ], [ 36.713099192806453, -1.287158906604364 ], [ 36.713109936263997, -1.287106787769125 ], [ 36.713125703625117, -1.287055979768074 ], [ 36.713146343041579, -1.287006971909477 ], [ 36.713171655744709, -1.286960236165259 ], [ 36.713201397959651, -1.286916222625754 ], [ 36.713235283253027, -1.28687535516505 ], [ 36.713272985291454, -1.286838027358866 ], [ 36.713314140984259, -1.28680459869424 ], [ 36.713358353980269, -1.286775391107443 ], [ 36.713405198484807, -1.286750685883583 ], [ 36.713454223360351, -1.286730720947704 ], [ 36.713504956471169, -1.286715688573317 ], [ 36.713556909230256, -1.286705733530829 ], [ 36.713609581304667, -1.286700951693197 ], [ 36.713662465433927, -1.28670138911271 ], [ 36.713715052315294, -1.286707041577321 ], [ 36.71376683550853, -1.286717854651328 ], [ 36.713817316313261, -1.286733724199504 ], [ 36.713866008571664, -1.286754497389992 ], [ 36.713912443350495, -1.286779974166139 ], [ 36.714331829156762, -1.287037712134971 ], [ 36.714872712785329, -1.287367153729561 ], [ 36.71491392237386, -1.287394939128211 ], [ 36.715154527880614, -1.287573844234963 ], [ 36.715610809202083, -1.287586620731614 ], [ 36.715949857733122, -1.287523875384393 ], [ 36.716224285647762, -1.287441910380453 ], [ 36.716263813872594, -1.28743172593919 ], [ 36.716610156163505, -1.287356427000803 ], [ 36.716866603481677, -1.287206489495554 ], [ 36.716909759322618, -1.287183816811145 ], [ 36.717560359017618, -1.286878816693229 ], [ 36.717596966404933, -1.286863281124739 ], [ 36.717954851244407, -1.286726809383757 ], [ 36.718182602782598, -1.286629915322676 ], [ 36.718324252225592, -1.28650757537755 ], [ 36.71836797418834, -1.286473570375581 ], [ 36.718414925888403, -1.286444250089888 ], [ 36.718464613742732, -1.286419922752645 ], [ 36.718516515404204, -1.286400844107332 ], [ 36.718570085252807, -1.286387214720262 ], [ 36.718624760131547, -1.286379177872036 ], [ 36.71884798133064, -1.286358057031474 ], [ 36.719581822999636, -1.28626862908068 ], [ 36.719642003422976, -1.286264716209264 ], [ 36.71999968596127, -1.286261645412325 ], [ 36.720441169120683, -1.286252218204698 ], [ 36.720479348960808, -1.286252764728272 ], [ 36.721268091317164, -1.28629221630624 ], [ 36.722104871457717, -1.286293494114544 ], [ 36.722474825180335, -1.286292198687878 ], [ 36.722529777714094, -1.286294832579 ], [ 36.722584177108736, -1.286303091586309 ], [ 36.723013777087864, -1.286391091415529 ], [ 36.723031996608789, -1.286395155396091 ], [ 36.723346396603027, -1.286471055271642 ], [ 36.723353154018604, -1.286472733109731 ], [ 36.723607854016841, -1.286537733009163 ], [ 36.723623433905786, -1.286541959854413 ], [ 36.723971303933524, -1.286641983413935 ], [ 36.724460299645408, -1.286770681616893 ], [ 36.725099279857133, -1.286914461769709 ], [ 36.725129616076408, -1.286922225391509 ], [ 36.726035921588164, -1.287182591927011 ], [ 36.726378671928536, -1.2872626007765 ], [ 36.726428737102005, -1.287267164927193 ], [ 36.72647941445139, -1.287276765846528 ], [ 36.726528948071014, -1.287291197853002 ], [ 36.726576884424595, -1.287310328805825 ], [ 36.726622784600501, -1.287333983539997 ], [ 36.726666228330508, -1.287361945470131 ], [ 36.726706817837822, -1.287393958573505 ], [ 36.726744181479198, -1.287429729734267 ], [ 36.726777977147776, -1.28746893142721 ], [ 36.726807895405457, -1.28751120471661 ], [ 36.726833662316182, -1.287556162542689 ], [ 36.726855041954167, -1.287603393265607 ], [ 36.726871838564072, -1.287652464434521 ], [ 36.7268838983534, -1.287702926747084 ], [ 36.726891110900638, -1.287754318163407 ], [ 36.726894523857432, -1.287791362462259 ], [ 36.727070250847142, -1.287738118222154 ], [ 36.727120565057469, -1.287725495445001 ], [ 36.727352913292677, -1.287679025711179 ], [ 36.727471534790929, -1.287636504568696 ], [ 36.727569345983802, -1.287552400434254 ], [ 36.727609870255769, -1.287520784019364 ], [ 36.727653196422565, -1.287493186880085 ], [ 36.72769893229183, -1.287469858828634 ], [ 36.727746663858326, -1.287451011033185 ], [ 36.727767306283297, -1.287445066052129 ], [ 36.727803210149141, -1.287422265540086 ], [ 36.727849568464087, -1.287398768489894 ], [ 36.727897957671061, -1.287379869101247 ], [ 36.72794792889416, -1.287365742692286 ], [ 36.727999018582047, -1.287356520305246 ], [ 36.728050752808031, -1.287352287490957 ], [ 36.72810265166634, -1.287353083515088 ], [ 36.728154233723927, -1.287358900993978 ], [ 36.728205020486385, -1.287369685963058 ], [ 36.728254540836652, -1.287385338377461 ], [ 36.728284226364295, -1.2873979932173 ], [ 36.728491259285015, -1.28739799313447 ], [ 36.728805793772686, -1.287388426775308 ], [ 36.729093516875473, -1.28734452144908 ], [ 36.729146846163914, -1.287339097159715 ], [ 36.729200447042011, -1.287339031659777 ], [ 36.72953384698382, -1.287355331530909 ], [ 36.72959838925707, -1.287362428010995 ], [ 36.729661615227208, -1.28737728498075 ], [ 36.729851315232793, -1.287434184906859 ], [ 36.729884544470458, -1.287445347674471 ], [ 36.730154718437205, -1.28754604341169 ], [ 36.730178366902159, -1.287533526643309 ], [ 36.730226212105336, -1.287511140062643 ], [ 36.730276003039037, -1.28749356978189 ], [ 36.730327262435537, -1.287480984220379 ], [ 36.730379498951187, -1.287473504016782 ], [ 36.730432211876121, -1.287471200872685 ], [ 36.730484895933792, -1.287474096865304 ], [ 36.730537046124248, -1.287482164235851 ], [ 36.730588162564764, -1.287495325655558 ], [ 36.73063775528145, -1.28751345496694 ], [ 36.730685348905844, -1.287536378392957 ], [ 36.73073048723159, -1.287563876202854 ], [ 36.730755812970244, -1.287582942945987 ], [ 36.730790181864101, -1.287582870704627 ], [ 36.730841961938637, -1.287587808327892 ], [ 36.73089302793727, -1.287597746908349 ], [ 36.730942904198251, -1.287612593872174 ], [ 36.730991126141674, -1.287632210925647 ], [ 36.731003556543143, -1.287638734791819 ], [ 36.731041753672613, -1.287636552631195 ], [ 36.731086744027316, -1.287637768175808 ], [ 36.731281943996315, -1.28765126809986 ], [ 36.731335605756847, -1.287657713004576 ], [ 36.731388356379064, -1.287669534782165 ], [ 36.731439665396792, -1.287686614552124 ], [ 36.731489016840648, -1.287708780558961 ], [ 36.731535914426701, -1.287735809899327 ], [ 36.731579886547173, -1.287767430763568 ], [ 36.731836713401407, -1.287972448902265 ], [ 36.73191428955878, -1.287996547233374 ], [ 36.732119539782474, -1.287975330126392 ], [ 36.732171505819927, -1.287972500686412 ], [ 36.73222350071466, -1.287974729336838 ], [ 36.732275039593631, -1.287981995295177 ], [ 36.732325641836248, -1.287994230803997 ], [ 36.7323748355563, -1.288011321762838 ], [ 36.732422162002472, -1.288033108792175 ], [ 36.732473034666178, -1.288059588982359 ], [ 36.732518398875939, -1.288060912845707 ], [ 36.732572557236622, -1.288068060648573 ], [ 36.732625718538927, -1.288080689462242 ], [ 36.732677336660693, -1.288098669552493 ], [ 36.732758693887625, -1.288131744540737 ], [ 36.732772469186301, -1.288127167847204 ], [ 36.732827351044563, -1.28811513064261 ], [ 36.732966288414708, -1.288092215575314 ], [ 36.73306160711023, -1.288039424372088 ], [ 36.733253099383433, -1.287906157833519 ], [ 36.73330060400248, -1.287876636342391 ], [ 36.733350888277208, -1.287852219872886 ], [ 36.733403412536099, -1.287833170473282 ], [ 36.733457613067131, -1.287819692590243 ], [ 36.733512908167739, -1.287811930874657 ], [ 36.733568704387878, -1.287809968629186 ], [ 36.733624402899132, -1.28781382691412 ], [ 36.733679405921627, -1.287823464321414 ], [ 36.733691876191621, -1.287826326157673 ], [ 36.733695073198405, -1.28782307849566 ], [ 36.733733397098348, -1.287790771508794 ], [ 36.733745191140393, -1.287781731847672 ], [ 36.733753774309946, -1.287769163098347 ], [ 36.733785217198331, -1.287727565616438 ], [ 36.733820492052693, -1.287689207234869 ], [ 36.733859271328733, -1.287654444130355 ], [ 36.733901194941872, -1.2876235990958 ], [ 36.733945873610807, -1.287596958542906 ], [ 36.733992892472202, -1.28757476984279 ], [ 36.734077192434476, -1.28753986982507 ], [ 36.734129656258283, -1.287521273781737 ], [ 36.734183745065422, -1.287508219477495 ], [ 36.73423888267218, -1.287500845974599 ], [ 36.734294481722323, -1.287499231820358 ], [ 36.734651881652802, -1.287507431684082 ], [ 36.734653923851326, -1.287507482436199 ], [ 36.73499602750644, -1.287516637296025 ], [ 36.735013163386135, -1.287504055614331 ], [ 36.73505836281376, -1.287477226730528 ], [ 36.735105940397602, -1.28745494935816 ], [ 36.735155445061203, -1.287437434706418 ], [ 36.735206407457611, -1.287424848829885 ], [ 36.735258344419279, -1.287417311054079 ], [ 36.735310763538848, -1.287414892844215 ], [ 36.735363167837562, -1.287417617127584 ], [ 36.735415060477102, -1.287425458076166 ], [ 36.735465949469976, -1.287438341351474 ], [ 36.735515352344045, -1.287456144809384 ], [ 36.735562289486843, -1.287478456642071 ], [ 36.735610038675851, -1.287492504124702 ], [ 36.735638104947974, -1.2875040308966 ], [ 36.735646827531873, -1.287501456440399 ], [ 36.735784527481293, -1.287468556399443 ], [ 36.735839318472507, -1.287458443546244 ], [ 36.735894853954811, -1.28745407723431 ], [ 36.73595054057882, -1.287455504114656 ], [ 36.736005783380179, -1.28746270894293 ], [ 36.736059992136283, -1.287475614742304 ], [ 36.73611258767226, -1.287494083625864 ], [ 36.736163008048962, -1.287517918269793 ], [ 36.736210714566866, -1.287546864021549 ], [ 36.736372614619256, -1.287656963975127 ], [ 36.736379174624524, -1.287661640848887 ], [ 36.736432099283434, -1.287641366683071 ], [ 36.73646873930543, -1.287628827208597 ], [ 36.736645339234833, -1.287575427161289 ], [ 36.736696104669591, -1.287562744382321 ], [ 36.736747852587982, -1.287555074607238 ], [ 36.736800095515363, -1.287552490087266 ], [ 36.73685234131387, -1.287555015169608 ], [ 36.736904097818531, -1.287562626068074 ], [ 36.73695487747348, -1.287575251087163 ], [ 36.73700420192484, -1.287592771297347 ], [ 36.737051606526876, -1.287615021655507 ], [ 36.737152306548367, -1.287668421621461 ], [ 36.737197716511041, -1.287695438973149 ], [ 36.73724028458701, -1.287726795198425 ], [ 36.73727960293013, -1.287762189872931 ], [ 36.737315294829976, -1.287801283879739 ], [ 36.73734701832106, -1.287843702658392 ], [ 36.737374469459304, -1.287889039793631 ], [ 36.737397385234082, -1.287936860909244 ], [ 36.737468991852452, -1.288107120216915 ], [ 36.73752386945511, -1.288188246097658 ], [ 36.737547687430194, -1.288219067394929 ], [ 36.737556642991741, -1.2882212705761 ], [ 36.737608529794869, -1.288239859638808 ], [ 36.737658260586315, -1.288263681719816 ], [ 36.737851360629477, -1.288368681655335 ], [ 36.737895488641549, -1.288395496824003 ], [ 36.737936869375659, -1.288426432642836 ], [ 36.737975124247363, -1.288461206086565 ], [ 36.738009903270033, -1.288499499020123 ], [ 36.738040888256819, -1.288540961109263 ], [ 36.738067795731716, -1.288585213025646 ], [ 36.738090379523051, -1.288631849917264 ], [ 36.738108433015633, -1.288680445112384 ], [ 36.738121791041124, -1.288730554022981 ], [ 36.738130331389115, -1.288781718212349 ], [ 36.738133975925209, -1.288833469589139 ], [ 36.73813764218081, -1.288994443640074 ], [ 36.738253747917845, -1.289117701801077 ], [ 36.738438722448741, -1.289308342418897 ], [ 36.738451064308357, -1.289319226800541 ], [ 36.738468510277734, -1.289318891486985 ], [ 36.738518360906433, -1.289322595613297 ], [ 36.738567656111698, -1.28933093256617 ], [ 36.738615971800222, -1.289343830622185 ], [ 36.738662892305527, -1.289361178818057 ], [ 36.738708013963986, -1.289382827905366 ], [ 36.738750948587601, -1.289408591634439 ], [ 36.738791326803636, -1.289438248356757 ], [ 36.739638227150401, -1.290123048157605 ], [ 36.739678563378277, -1.290159154215392 ], [ 36.739715108492625, -1.29019914050867 ], [ 36.739747495834507, -1.290242605853822 ], [ 36.739775400460026, -1.29028911416162 ], [ 36.73985487274706, -1.290437938892726 ], [ 36.740077070279526, -1.290529174784722 ], [ 36.740124497217622, -1.290551409271717 ], [ 36.74016955850395, -1.290578167684266 ], [ 36.7402118294345, -1.290609197824136 ], [ 36.740250911604321, -1.290644207231813 ], [ 36.740286436662529, -1.290682865943033 ], [ 36.740318069784045, -1.290724809598634 ], [ 36.740345512825328, -1.290769642878669 ], [ 36.740368507134448, -1.290816943228322 ], [ 36.740386835988858, -1.290866264840454 ], [ 36.740393247746091, -1.290890445847511 ], [ 36.740462416598398, -1.2909090186037 ], [ 36.740476055318133, -1.290912874742577 ], [ 36.740943145466431, -1.291051629200933 ], [ 36.74134289101643, -1.291126880036159 ], [ 36.74170799264882, -1.291102753491348 ], [ 36.741762756444672, -1.291101941758476 ], [ 36.741817319289524, -1.291106728626852 ], [ 36.741871117635945, -1.291117064656398 ], [ 36.741923595832411, -1.29113284309295 ], [ 36.741974211862299, -1.291153900970928 ], [ 36.74223918600967, -1.291280367704496 ], [ 36.74259342022448, -1.291367340448559 ], [ 36.742648349051706, -1.291383989810314 ], [ 36.742701208345721, -1.291406421332148 ], [ 36.742751399174807, -1.291434380850467 ], [ 36.743008355157116, -1.291596075843888 ], [ 36.743230526678964, -1.291694780300451 ], [ 36.743280223883666, -1.291720022347096 ], [ 36.743566323953985, -1.291884522254501 ], [ 36.743605097596841, -1.291909072718061 ], [ 36.743641659695612, -1.291936848607033 ], [ 36.74378628076461, -1.292056757738603 ], [ 36.743826766368031, -1.29205873452597 ], [ 36.743878442916092, -1.292066352034202 ], [ 36.743929144181791, -1.29207896837898 ], [ 36.743978393982353, -1.292096465069023 ], [ 36.744025729766911, -1.292118677777147 ], [ 36.744070706960798, -1.292145397883568 ], [ 36.744112903140952, -1.292176374435301 ], [ 36.744151922003319, -1.292211316502976 ], [ 36.744187397084893, -1.292249895913325 ], [ 36.744218995205586, -1.292291750331272 ], [ 36.744246419597374, -1.292336486662969 ], [ 36.744263310172784, -1.292371158064603 ], [ 36.744291235170316, -1.292368160258048 ], [ 36.744344579837623, -1.292367771969511 ], [ 36.744397701302056, -1.292372693707466 ], [ 36.744450079058495, -1.292382877247377 ], [ 36.744501199888845, -1.29239822280747 ], [ 36.744550562890758, -1.29241858002638 ], [ 36.744597684385631, -1.292443749436467 ], [ 36.744642102657942, -1.292473484418276 ], [ 36.744730218329295, -1.29253902684733 ], [ 36.744989200212203, -1.292629951650132 ], [ 36.745031394073663, -1.292646803234604 ], [ 36.74507202919947, -1.292667168969857 ], [ 36.745458329288539, -1.292881668842411 ], [ 36.745503858365119, -1.292910005704026 ], [ 36.745546369712081, -1.29294274886227 ], [ 36.745585443893432, -1.292979575259153 ], [ 36.745691765546518, -1.293090255616169 ], [ 36.745719479897325, -1.293073817068398 ], [ 36.745770429931717, -1.293050389125958 ], [ 36.745823520899584, -1.293032410588362 ], [ 36.745878179232818, -1.293020075687368 ], [ 36.746223779119276, -1.292960875575511 ], [ 36.746277990164458, -1.292954412181017 ], [ 36.746332572750291, -1.292953501744415 ], [ 36.74638696682225, -1.292958153608054 ], [ 36.746440614259974, -1.292968320041259 ], [ 36.746492964603924, -1.29298389673007 ], [ 36.746844764628996, -1.293108396596535 ], [ 36.746891637714313, -1.293127516653503 ], [ 36.746931490745517, -1.293148344798184 ], [ 36.746977035235567, -1.293087683813625 ], [ 36.74700680021828, -1.293051422307957 ], [ 36.74703957455197, -1.293017892512074 ], [ 36.747075111786309, -1.292987346557382 ], [ 36.747113144695028, -1.292960014137968 ], [ 36.747364267733438, -1.292795607675401 ], [ 36.747540911673688, -1.29266797360487 ], [ 36.747576370948245, -1.292644426993176 ], [ 36.747740870865904, -1.292544326977589 ], [ 36.747790774583606, -1.292517455307592 ], [ 36.747843203098114, -1.292495999318257 ], [ 36.747897578181217, -1.292480195645969 ], [ 36.748126478097788, -1.292426595577857 ], [ 36.748174829620922, -1.292417591512828 ], [ 36.748223795288169, -1.29241306056629 ], [ 36.748272967458242, -1.292413040459013 ], [ 36.74832193677063, -1.292417531358841 ], [ 36.748370295553514, -1.292426495879287 ], [ 36.748661760357869, -1.292494495167778 ], [ 36.748940174219051, -1.292526001143913 ], [ 36.749128032723981, -1.292498071944639 ], [ 36.749406553211813, -1.292333065379743 ], [ 36.749744368859957, -1.292097710481105 ], [ 36.749788867080575, -1.292069828994048 ], [ 36.749835845981274, -1.292046430245068 ], [ 36.749884861150072, -1.292027735582676 ], [ 36.749935448912176, -1.292013921855553 ], [ 36.749987130716313, -1.292005119739716 ], [ 36.750039417661647, -1.292001412502164 ], [ 36.75009181512273, -1.292002835213297 ], [ 36.750143827428538, -1.292009374415039 ], [ 36.750194962551454, -1.292020968248221 ], [ 36.750244736761736, -1.292037507037677 ], [ 36.750292679203525, -1.292058834329704 ], [ 36.750338336349067, -1.29208474837219 ], [ 36.750381276289033, -1.292115004022959 ], [ 36.750421092818279, -1.292149315068929 ], [ 36.750457426089397, -1.292183844356818 ], [ 36.75054692588035, -1.292204477390671 ], [ 36.750599567759828, -1.292219480876983 ], [ 36.750650426959808, -1.292239778983065 ], [ 36.750698979302456, -1.292265162508121 ], [ 36.750744724385342, -1.292295369838734 ], [ 36.750787190738755, -1.292330089645036 ], [ 36.75082594068494, -1.292368964089498 ], [ 36.750860574849014, -1.292411592514919 ], [ 36.75089073627511, -1.292457535573732 ], [ 36.75090820921848, -1.292487337264241 ], [ 36.750915328799707, -1.292488843057171 ], [ 36.751131459677872, -1.292424234223499 ], [ 36.751184430293044, -1.292411293760932 ], [ 36.751238428718885, -1.29240380494482 ], [ 36.751292902550212, -1.292401844386553 ], [ 36.751347294518304, -1.292405432143291 ], [ 36.751401048191752, -1.292414531512835 ], [ 36.751658548182156, -1.292471731411721 ], [ 36.75170889762952, -1.292485519455588 ], [ 36.751757686235415, -1.292504143661596 ], [ 36.751804456627198, -1.292527429436231 ], [ 36.751848770352048, -1.292555158485662 ], [ 36.751890211987224, -1.292587070862213 ], [ 36.751928393034518, -1.29262286740115 ], [ 36.752075274785206, -1.292774591304631 ], [ 36.752227387267958, -1.292871498900343 ], [ 36.752230762535888, -1.292871873023204 ], [ 36.752272101759957, -1.292879779420514 ], [ 36.752569167176055, -1.292948788890713 ], [ 36.752610937413046, -1.292949178008383 ], [ 36.752644608342592, -1.292951430232028 ], [ 36.752662071912901, -1.292948702726345 ], [ 36.752734408225088, -1.292933965964469 ], [ 36.7528102138726, -1.292918078525287 ], [ 36.752829731253321, -1.292910791742236 ], [ 36.752883307395052, -1.292882238788059 ], [ 36.752932204989889, -1.292859256493095 ], [ 36.75298314112964, -1.292841311452654 ], [ 36.75303560505197, -1.292828583611257 ], [ 36.753089070674655, -1.292821200598021 ], [ 36.753143001870797, -1.292819236446747 ], [ 36.753196857844863, -1.292822710853606 ], [ 36.753250098555469, -1.292831588979511 ], [ 36.753305798553249, -1.292843788957638 ], [ 36.753363474375085, -1.292859843805867 ], [ 36.753419026155626, -1.292882235444049 ], [ 36.753471768972638, -1.292910687796722 ], [ 36.753485839945093, -1.29291932329439 ], [ 36.753524417266121, -1.292929443934718 ], [ 36.753575098746921, -1.292948372969168 ], [ 36.753623641119361, -1.292972317044304 ], [ 36.753669555962801, -1.293001035241769 ], [ 36.753695826205053, -1.293021403104137 ], [ 36.753738078262444, -1.29300250853356 ], [ 36.753783975114231, -1.292984464915497 ], [ 36.753831317524842, -1.292970715840148 ], [ 36.753879709738023, -1.2929613762426 ], [ 36.753928747221678, -1.292956524197178 ], [ 36.753978020049537, -1.292956200264748 ], [ 36.754092020028672, -1.29296070022132 ], [ 36.754147816374733, -1.292965836348267 ], [ 36.754202781358359, -1.292976775273319 ], [ 36.754256320879627, -1.292993398761571 ], [ 36.754284271347551, -1.293005400197705 ], [ 36.754312964057704, -1.292991072000752 ], [ 36.754361390304688, -1.292972483260937 ], [ 36.754411366735823, -1.29295866241229 ], [ 36.75446243113133, -1.292949737280984 ], [ 36.754595731091428, -1.292933037235795 ], [ 36.754644679596041, -1.292929173325054 ], [ 36.754693774355118, -1.29292980914842 ], [ 36.75474260787481, -1.292934939428918 ], [ 36.754790774829523, -1.292944521584896 ], [ 36.754952274826756, -1.292984421521762 ], [ 36.755004260472141, -1.293000096710506 ], [ 36.755016086535086, -1.293005014698302 ], [ 36.755032035585785, -1.292990832407519 ], [ 36.755141635528346, -1.292900932411402 ], [ 36.75518996060957, -1.292865591823186 ], [ 36.755241874810523, -1.292835851127172 ], [ 36.755326474770435, -1.292793451113828 ], [ 36.755330055603451, -1.292791943974874 ], [ 36.75536275667433, -1.292752009658513 ], [ 36.755399580103884, -1.292714986781657 ], [ 36.75548318005989, -1.292638686789338 ], [ 36.755527918171971, -1.292602048555823 ], [ 36.755576290353282, -1.2925704322362 ], [ 36.755627742561259, -1.292544199956286 ], [ 36.755778242492632, -1.292477399927627 ], [ 36.755805951934754, -1.292466015147029 ], [ 36.755968651864478, -1.292404415110245 ], [ 36.756011155263373, -1.292390320807033 ], [ 36.756054673943254, -1.292379824266668 ], [ 36.756262873871783, -1.292338724201757 ], [ 36.756321386550354, -1.292330494959072 ], [ 36.756380442618919, -1.292328761642153 ], [ 36.756439332327034, -1.292333545083257 ], [ 36.756497347923464, -1.292344787794573 ], [ 36.756600247922094, -1.292370687754414 ], [ 36.756655175760997, -1.292387691895711 ], [ 36.756707992348723, -1.292410486067857 ], [ 36.756758097125847, -1.292438811086789 ], [ 36.75680492036782, -1.29247234487908 ], [ 36.756847929663166, -1.292510706143952 ], [ 36.756915829698237, -1.29257810613344 ], [ 36.75695465434854, -1.292621004339592 ], [ 36.756988703670373, -1.292667831447407 ], [ 36.757017587980371, -1.292718051537072 ], [ 36.757021902637881, -1.292727835831254 ], [ 36.757032643972622, -1.292738332052016 ], [ 36.757172744051417, -1.292889132035648 ], [ 36.757207491583159, -1.292930492956824 ], [ 36.757237967363821, -1.292975135606489 ], [ 36.757263867500249, -1.293022614825689 ], [ 36.757284933725821, -1.293072457170165 ], [ 36.757300955975786, -1.293124165631443 ], [ 36.757311774481963, -1.293177224592735 ], [ 36.757317227052127, -1.293212941612624 ], [ 36.757358589466328, -1.293215296524565 ], [ 36.757408865631497, -1.293222991048217 ], [ 36.757458197371882, -1.293235420896314 ], [ 36.75750614542865, -1.293252475391714 ], [ 36.757589545438286, -1.293286675361081 ], [ 36.757637128059081, -1.293308965099129 ], [ 36.757682330864192, -1.293335807522172 ], [ 36.757724725146815, -1.293366948055265 ], [ 36.757763908836303, -1.293402091359824 ], [ 36.757799510311386, -1.293440904134568 ], [ 36.757831191924694, -1.293483018276655 ], [ 36.757849248376331, -1.293512617441267 ], [ 36.757871584974026, -1.293509283089912 ], [ 36.757922592956618, -1.293506588951726 ], [ 36.757973625258749, -1.293508767191708 ], [ 36.75802422346684, -1.293515798243651 ], [ 36.758073933066584, -1.293527618949427 ], [ 36.758122307525767, -1.293544123126336 ], [ 36.758168912305401, -1.293565162520843 ], [ 36.758213328763091, -1.293590548140389 ], [ 36.758255157913631, -1.293620051950963 ], [ 36.758307575997456, -1.293660885108998 ], [ 36.758389186142082, -1.293608974825614 ], [ 36.758434135659172, -1.293583332367749 ], [ 36.758473844959809, -1.293565496778402 ], [ 36.758477750391307, -1.293556569136358 ], [ 36.758502512411461, -1.293511915355409 ], [ 36.758531342488929, -1.293469807041813 ], [ 36.758563984374007, -1.293430618466127 ], [ 36.758600147936583, -1.293394697947564 ], [ 36.758639511744967, -1.29336236475794 ], [ 36.758681725922756, -1.293333906283987 ], [ 36.7587264152587, -1.29330957547291 ], [ 36.758804215222249, -1.293271875459928 ], [ 36.758851994237133, -1.293251512946854 ], [ 36.758901497368015, -1.293235869234257 ], [ 36.758952265763597, -1.293225089326367 ], [ 36.759003828844619, -1.293219273144182 ], [ 36.759055708665677, -1.293218474599235 ], [ 36.759107424345359, -1.293222701093889 ], [ 36.759158496523604, -1.293231913452713 ], [ 36.759208451804938, -1.293246026285518 ], [ 36.759256827146466, -1.293264908778918 ], [ 36.759303174149856, -1.293288385908796 ], [ 36.759343838297873, -1.293311517932068 ], [ 36.759344193434174, -1.293311450990305 ], [ 36.759403860745415, -1.29330364334894 ], [ 36.759464020918124, -1.293302578747939 ], [ 36.759523924054271, -1.293308270458438 ], [ 36.759681724039311, -1.293332270396666 ], [ 36.759739948636174, -1.293344466039836 ], [ 36.759796483590677, -1.293363044457206 ], [ 36.759850640434038, -1.293387779406176 ], [ 36.759917240447741, -1.293422779383694 ], [ 36.759958654887008, -1.293446958414698 ], [ 36.759997773791127, -1.293474741436343 ], [ 36.760034288418538, -1.293505909174735 ], [ 36.760067910581519, -1.293540215642404 ], [ 36.760098374920773, -1.29357739007979 ], [ 36.760178174975778, -1.293684090080079 ], [ 36.760189916397167, -1.293701467381628 ], [ 36.760229232965372, -1.293705035415376 ], [ 36.760393332951359, -1.293731935351091 ], [ 36.760437685081939, -1.293741146017666 ], [ 36.76048111230817, -1.293754071942561 ], [ 36.760642912318168, -1.293809771881202 ], [ 36.760667993426438, -1.293819111899633 ], [ 36.760857493446849, -1.293895111829718 ], [ 36.76090700566121, -1.293917950706178 ], [ 36.76095397470592, -1.293945702691529 ], [ 36.760997920871027, -1.293978084346492 ], [ 36.761038395320121, -1.294014764947415 ], [ 36.761107895356361, -1.294084464936978 ], [ 36.761143086492012, -1.294123358245512 ], [ 36.761174368923456, -1.294165499590856 ], [ 36.761201448430207, -1.294210492622091 ], [ 36.761254318768678, -1.294308799516619 ], [ 36.761278076375383, -1.2943192282143 ], [ 36.76132818501641, -1.294347994443826 ], [ 36.761397185036806, -1.294392694423315 ], [ 36.761438355497916, -1.294422202510969 ], [ 36.761476598364304, -1.294455462695757 ], [ 36.761511577274277, -1.294492182441285 ], [ 36.761542984573872, -1.294532038782875 ], [ 36.76157054402281, -1.294574681168126 ], [ 36.761594013224212, -1.294619734540206 ], [ 36.761613185756509, -1.294666802636564 ], [ 36.761627892989111, -1.294715471474279 ], [ 36.761650493022529, -1.294805171499767 ], [ 36.761656784602465, -1.294836126933544 ], [ 36.761673010639392, -1.294837318290889 ], [ 36.761728025072934, -1.294844235489832 ], [ 36.761782042305427, -1.294856804810713 ], [ 36.761834490660682, -1.294874893230304 ], [ 36.761884815066139, -1.294898309315522 ], [ 36.761932482927307, -1.294926805249344 ], [ 36.761976989764364, -1.294960079453528 ], [ 36.762073589804835, -1.295040379431768 ], [ 36.762078140807546, -1.295044567725659 ], [ 36.762087421051511, -1.295042242692867 ], [ 36.762117869247916, -1.295035549009992 ], [ 36.762198069220744, -1.295020348984828 ], [ 36.762239115931834, -1.29501420585116 ], [ 36.762280510592078, -1.295011259688739 ], [ 36.762416710559883, -1.295006859639035 ], [ 36.762483982816278, -1.2950089183056 ], [ 36.76264078279408, -1.29502361824494 ], [ 36.762704445159983, -1.295033477446244 ], [ 36.762766484160672, -1.295050910638941 ], [ 36.762879696546747, -1.295090201951604 ], [ 36.76289922314011, -1.295084962503801 ], [ 36.762950456446006, -1.295076421788051 ], [ 36.763002268633784, -1.295072883796167 ], [ 36.763054178611306, -1.295074381380019 ], [ 36.763105704378361, -1.295080900634606 ], [ 36.76315636750212, -1.295092381027173 ], [ 36.763254867502852, -1.295119780989032 ], [ 36.763262401214462, -1.295121936085005 ], [ 36.763392001217099, -1.295160036035031 ], [ 36.76344130854249, -1.29517717873774 ], [ 36.763488738142442, -1.295199039185831 ], [ 36.763533845624941, -1.295225412558243 ], [ 36.763576208354955, -1.295256051749964 ], [ 36.763615429414315, -1.295290669687272 ], [ 36.763620735210154, -1.295295830845298 ], [ 36.763640013778087, -1.295305720460346 ], [ 36.763658009897398, -1.29531718993865 ], [ 36.763702385765583, -1.295303102341868 ], [ 36.763706791807671, -1.295301724439447 ], [ 36.763875291740121, -1.295249824395491 ], [ 36.763913753741363, -1.295239524492028 ], [ 36.764102053673476, -1.295196524436014 ], [ 36.764159683453009, -1.295186636621421 ], [ 36.764218038288249, -1.295183089705087 ], [ 36.764316538266833, -1.295182489668588 ], [ 36.764352291437469, -1.295183466407486 ], [ 36.764483891415445, -1.295191466357145 ], [ 36.764531241602846, -1.295196465226881 ], [ 36.764577968686417, -1.295205650585124 ], [ 36.764623707994836, -1.295218950747147 ], [ 36.764668102565608, -1.295236261915157 ], [ 36.76479140258283, -1.295290761870839 ], [ 36.764832512297168, -1.295311071659608 ], [ 36.764871760435852, -1.295334820860029 ], [ 36.764908863600745, -1.295361837987226 ], [ 36.764975253328743, -1.295414646774212 ], [ 36.765037888616973, -1.295363283852818 ], [ 36.765080965100296, -1.295331403248041 ], [ 36.765126968321567, -1.295303975689093 ], [ 36.765175445460777, -1.295281271152129 ], [ 36.76527864541508, -1.295239071130612 ], [ 36.765311235348996, -1.295226961025297 ], [ 36.765440135295762, -1.295183760993451 ], [ 36.765468891117663, -1.295175011843227 ], [ 36.765625891057333, -1.295132011799769 ], [ 36.765672740063614, -1.295121411868206 ], [ 36.765720340546402, -1.295115051094796 ], [ 36.76576831462112, -1.295112979976031 ], [ 36.765816281437317, -1.29511521495428 ], [ 36.765924281421839, -1.295125114912574 ], [ 36.765967550549483, -1.295131331461481 ], [ 36.765972720576357, -1.295129927077329 ], [ 36.766026625764681, -1.29512104825917 ], [ 36.766124225736256, -1.295110048225863 ], [ 36.766135665382599, -1.295108883138858 ], [ 36.766314765333021, -1.295092583076511 ], [ 36.766367554334551, -1.295090395873753 ], [ 36.7664203024515, -1.295093421595834 ], [ 36.766465236161544, -1.295100488345915 ], [ 36.766468083782385, -1.295100012591352 ], [ 36.766485619804996, -1.295097988052646 ], [ 36.76656287538777, -1.295076601255156 ], [ 36.766616640340466, -1.295064653361452 ], [ 36.766671335921316, -1.295058289102311 ], [ 36.766726391232289, -1.295057574906817 ], [ 36.766781231620463, -1.295062518230196 ], [ 36.766903531607824, -1.295079918182511 ], [ 36.766953333823984, -1.295089426883153 ], [ 36.767002028121894, -1.295103602929232 ], [ 36.767049183711769, -1.295122320908304 ], [ 36.767094383416399, -1.295145415226231 ], [ 36.767137227361836, -1.295172681572084 ], [ 36.767177336515012, -1.295203878725723 ], [ 36.767214356037009, -1.295238730691754 ], [ 36.767247958422246, -1.29527692914123 ], [ 36.767322558470575, -1.295370229138458 ], [ 36.767340183371751, -1.295395012310766 ], [ 36.767355883503946, -1.295377382363104 ], [ 36.767391883485153, -1.295341482368265 ], [ 36.767436596644764, -1.295301586807639 ], [ 36.767485423142823, -1.29526691846563 ], [ 36.76756612310237, -1.295216118459162 ], [ 36.767609005922083, -1.295191792760084 ], [ 36.767653915120775, -1.29517150662663 ], [ 36.767700476037525, -1.295155429298952 ], [ 36.767748300231695, -1.29514369490478 ], [ 36.767796988723532, -1.295136401340282 ], [ 36.767846135322714, -1.295133609453502 ], [ 36.767895330016984, -1.295135342536567 ], [ 36.767997330001542, -1.295143642497342 ], [ 36.768063028419512, -1.295153115088955 ], [ 36.768196128412832, -1.295180815036957 ], [ 36.768269489118538, -1.29520162159989 ], [ 36.7684599891329, -1.295270621528392 ], [ 36.768484187783926, -1.295280054683217 ], [ 36.768601215282345, -1.295328967352483 ], [ 36.768688494131034, -1.295363201692744 ], [ 36.768737458839126, -1.295385293247922 ], [ 36.768783998140464, -1.29541217603551 ], [ 36.768827650670275, -1.295443583555169 ], [ 36.768867983681552, -1.295479204450792 ], [ 36.768904597335002, -1.295518685597124 ], [ 36.768937128662884, -1.295561635600454 ], [ 36.768954861839887, -1.295590633281098 ], [ 36.768982384776365, -1.295589691322127 ], [ 36.769028761201582, -1.2955901137726 ], [ 36.769074929816966, -1.295594547774802 ], [ 36.769120548712898, -1.295602960492363 ], [ 36.769197648710353, -1.295620660462313 ], [ 36.769252609518929, -1.295636405371863 ], [ 36.769305604992624, -1.295657918874028 ], [ 36.769356039316698, -1.295684959098638 ], [ 36.769418339333185, -1.295722759079273 ], [ 36.76941946178173, -1.295723441990603 ], [ 36.769500761803442, -1.295773041965406 ], [ 36.769563846992206, -1.295818059391994 ], [ 36.769604908749074, -1.295852068164854 ], [ 36.769629348265688, -1.295859182727243 ], [ 36.769703948142087, -1.295874502316459 ], [ 36.769766423966658, -1.295880659932293 ], [ 36.769814516749754, -1.295887614825834 ], [ 36.769835618519437, -1.295892652483191 ], [ 36.769871272108034, -1.295865443173565 ], [ 36.769915314280887, -1.295838100631067 ], [ 36.76996175889073, -1.295815135437915 ], [ 36.770013158867513, -1.295792735428005 ], [ 36.770067831525282, -1.295772367458919 ], [ 36.770124370188981, -1.295758062362151 ], [ 36.770182113277912, -1.295749987527926 ], [ 36.770240385117788, -1.295748237443769 ], [ 36.770285385109013, -1.295749337426869 ], [ 36.770332968102764, -1.29575262533403 ], [ 36.770380075939137, -1.295760134555888 ], [ 36.770483275933692, -1.295781334515604 ], [ 36.770542824038031, -1.295797182945908 ], [ 36.770588467006299, -1.295815152598754 ], [ 36.770621643598155, -1.295805619082643 ], [ 36.770674320459442, -1.295793321620337 ], [ 36.770727956571449, -1.295786399098279 ], [ 36.770782011940852, -1.295784921211039 ], [ 36.770835942353266, -1.295788902838209 ], [ 36.770889204852239, -1.295798303894466 ], [ 36.770941263205508, -1.295813029733146 ], [ 36.770989163208164, -1.295829229715012 ], [ 36.771043749005742, -1.295851153685024 ], [ 36.771045169088175, -1.295849748394615 ], [ 36.771046662569276, -1.295847835690193 ], [ 36.77108335305028, -1.295805548170895 ], [ 36.771124189857815, -1.295767304186672 ], [ 36.771168735518962, -1.295733513434735 ], [ 36.771216512828957, -1.295704537906251 ], [ 36.771267009963239, -1.295680688008255 ], [ 36.771319685960528, -1.295662219238496 ], [ 36.771373976517943, -1.295649329448281 ], [ 36.771393935099326, -1.29564567645605 ], [ 36.77141214027975, -1.295639455565627 ], [ 36.771418025190094, -1.295635574264746 ], [ 36.771455525978311, -1.295614918418627 ], [ 36.771508125953517, -1.29558861841039 ], [ 36.771563702181894, -1.295564642394373 ], [ 36.771621597120863, -1.295547083278145 ], [ 36.771681081981292, -1.295536162098969 ], [ 36.77176378195653, -1.295525762071182 ], [ 36.771822772845915, -1.29552163415773 ], [ 36.771881857971344, -1.295524035884465 ], [ 36.771940325996574, -1.29553293833733 ], [ 36.771979025994668, -1.295541038322245 ], [ 36.772017454888946, -1.295551116131181 ], [ 36.772061985517183, -1.29555479473173 ], [ 36.772114732159757, -1.29556180416928 ], [ 36.772166535075677, -1.2955740140523 ], [ 36.772196480493513, -1.295582661762778 ], [ 36.772226252609677, -1.295583983520988 ], [ 36.77227333672429, -1.295590287303527 ], [ 36.772319686497553, -1.295600739198898 ], [ 36.77236494189296, -1.295615258019117 ], [ 36.7723743506726, -1.295618743258794 ], [ 36.772401255012376, -1.29562203088641 ], [ 36.772455319933769, -1.295631469651603 ], [ 36.772508151022237, -1.295646392682691 ], [ 36.77255920059703, -1.295666645278675 ], [ 36.772573911609541, -1.295673371380432 ], [ 36.772576614525988, -1.295673877590767 ], [ 36.772620014523838, -1.295682977573839 ], [ 36.772672197073021, -1.295696693459019 ], [ 36.772722756280274, -1.295715589988574 ], [ 36.772771185812722, -1.29573947792091 ], [ 36.772790077107842, -1.295751287381636 ], [ 36.772800976920877, -1.295746571552349 ], [ 36.77285297992939, -1.295730105922716 ], [ 36.772888984302227, -1.295722624652854 ], [ 36.772892808563071, -1.295721246514439 ], [ 36.77294154341061, -1.295708698253621 ], [ 36.772991228415023, -1.295700778083943 ], [ 36.773041430696331, -1.295697555010245 ], [ 36.773091712867689, -1.295699057114011 ], [ 36.773141636846134, -1.295705271308665 ], [ 36.773184536842727, -1.295712671291936 ], [ 36.773237350302011, -1.295724555886675 ], [ 36.773288713268578, -1.295741711505439 ], [ 36.773338107830448, -1.295763965162379 ], [ 36.773350112583906, -1.29577090464302 ], [ 36.773389876430315, -1.29574615858667 ], [ 36.773441829324717, -1.295721103666338 ], [ 36.773465699698292, -1.295712608110681 ], [ 36.773470003861192, -1.295709413236072 ], [ 36.773512425132431, -1.295683618933117 ], [ 36.773557021380363, -1.295661856009416 ], [ 36.773603415446594, -1.295644308518334 ], [ 36.77365521542545, -1.295627408505372 ], [ 36.773706859828444, -1.295613368346329 ], [ 36.773759632781044, -1.295604550509762 ], [ 36.773785519831293, -1.295601544551666 ], [ 36.773788973934778, -1.295598898673386 ], [ 36.773828673914664, -1.295572198671268 ], [ 36.773832944555529, -1.29556965504768 ], [ 36.773836542584398, -1.295563337419858 ], [ 36.773867443165784, -1.29551970935055 ], [ 36.77390246945447, -1.295479362383047 ], [ 36.773914069448452, -1.295467262385017 ], [ 36.773950708368453, -1.295432457592566 ], [ 36.773990416368292, -1.295401248412585 ], [ 36.774032846438345, -1.295373907583612 ], [ 36.774077627780692, -1.295350674038583 ], [ 36.774124369049545, -1.295331750816758 ], [ 36.774163669033086, -1.29531795080741 ], [ 36.774214400149965, -1.295302903124681 ], [ 36.774266352420504, -1.295292932633722 ], [ 36.774319025516434, -1.295288135356294 ], [ 36.774371912167474, -1.295288557493314 ], [ 36.774424503046575, -1.295294194979953 ], [ 36.774476291675022, -1.295304993524703 ], [ 36.774526779300089, -1.295320849132254 ], [ 36.774575479698299, -1.295341609105004 ], [ 36.774621923858007, -1.295367073513572 ], [ 36.774665664496283, -1.295396997122222 ], [ 36.774706280366459, -1.295431091750574 ], [ 36.774743380315023, -1.295469029049019 ], [ 36.774776607048608, -1.295510443660761 ], [ 36.774805640574996, -1.295554936740493 ], [ 36.774830201284828, -1.295602079795457 ], [ 36.774850052644382, -1.295651418812079 ], [ 36.7748650034736, -1.295702478628361 ], [ 36.774874909787243, -1.295754767509969 ], [ 36.774879676181591, -1.295807781885937 ], [ 36.774879256753245, -1.295861011198308 ], [ 36.774873655541199, -1.295913942819126 ], [ 36.774862926488005, -1.295966066987404 ], [ 36.774847172920232, -1.296016881718275 ], [ 36.774826546553392, -1.2960658976376 ], [ 36.774801246030862, -1.296112642694744 ], [ 36.774771515010791, -1.296156666708807 ], [ 36.774769504015687, -1.296159093483696 ], [ 36.774759644398564, -1.296181023399347 ], [ 36.77473280173399, -1.296227725846594 ], [ 36.774701482073553, -1.296271513301515 ], [ 36.774665995290341, -1.296311952536426 ], [ 36.7746266924865, -1.296348643450547 ], [ 36.774583962519422, -1.296381223028654 ], [ 36.774572162513422, -1.296389323028127 ], [ 36.774521626297769, -1.296420071590905 ], [ 36.774520736761183, -1.296420486661205 ], [ 36.774491468950529, -1.296440384897166 ], [ 36.774438487309922, -1.296472121851602 ], [ 36.774410042326124, -1.296487012813019 ], [ 36.774397125105594, -1.296498233526835 ], [ 36.774395142447062, -1.296499947364149 ], [ 36.774362242429902, -1.296528247366156 ], [ 36.774314930805232, -1.296564592700941 ], [ 36.77426392573615, -1.296595465598675 ], [ 36.774209849301521, -1.296620489521547 ], [ 36.774163249281138, -1.296638989511595 ], [ 36.774118776700675, -1.296654423576949 ], [ 36.774073136285907, -1.296665895511743 ], [ 36.774030834106398, -1.296672653587392 ], [ 36.774022483341128, -1.296696684061132 ], [ 36.773991783332526, -1.296772084088483 ], [ 36.773969274730234, -1.296820435150625 ], [ 36.773942151958032, -1.296866324591922 ], [ 36.773929347801051, -1.296883810799298 ], [ 36.77392264705977, -1.296898034565573 ], [ 36.773896918665805, -1.296941605897719 ], [ 36.77387981865791, -1.296967705905257 ], [ 36.773845827174654, -1.29701403394479 ], [ 36.773807147020769, -1.29705647360598 ], [ 36.773764214230965, -1.297094546474342 ], [ 36.773717512779193, -1.297127823361523 ], [ 36.773665712753228, -1.297160723357579 ], [ 36.773621450806367, -1.297185977343922 ], [ 36.773575019928245, -1.297206917745029 ], [ 36.773526833947521, -1.297223357924002 ], [ 36.773477322335637, -1.297235151353507 ], [ 36.773416322315029, -1.297246651334453 ], [ 36.773362201926794, -1.297254020810017 ], [ 36.77330761838698, -1.29725583964459 ], [ 36.773253132217498, -1.29725208916107 ], [ 36.773199302940235, -1.29724280787403 ], [ 36.773146683331269, -1.297228091094174 ], [ 36.77308438333457, -1.297207191070561 ], [ 36.77302493687688, -1.297183211298476 ], [ 36.772979636884315, -1.297161711282604 ], [ 36.772931198864782, -1.297135605118274 ], [ 36.772885653618161, -1.297104670709666 ], [ 36.772840453634799, -1.297070470698121 ], [ 36.772793589112872, -1.297030613536529 ], [ 36.772751529374645, -1.296985653459882 ], [ 36.772714819555205, -1.296936173195655 ], [ 36.772698612376772, -1.296911515113751 ], [ 36.772691385917888, -1.296902215234216 ], [ 36.772667417027456, -1.296896790572831 ], [ 36.772617600287688, -1.296880255163607 ], [ 36.772569616711927, -1.296858923639032 ], [ 36.772562736391208, -1.296855020085798 ], [ 36.772549105675573, -1.296852212942944 ], [ 36.772497661285506, -1.296836091286752 ], [ 36.772448073404064, -1.296814880136329 ], [ 36.772382773415487, -1.296782980113687 ], [ 36.772330517261643, -1.296753741932981 ], [ 36.772287943089708, -1.296723256384732 ], [ 36.772281002052331, -1.296721792680881 ], [ 36.772235659016943, -1.296707951126196 ], [ 36.772191699174158, -1.296690154577143 ], [ 36.772188958961905, -1.296688901707574 ], [ 36.772182144756812, -1.296688069027403 ], [ 36.772120703070605, -1.296676894088371 ], [ 36.772081763363552, -1.296664997962225 ], [ 36.77207041245542, -1.29666447765534 ], [ 36.772021830609127, -1.296657759775725 ], [ 36.771974056586934, -1.296646625140309 ], [ 36.771927258619897, -1.296633433748962 ], [ 36.771888060756353, -1.296632867142162 ], [ 36.771863874782063, -1.296631319573767 ], [ 36.771852126608017, -1.296636356667643 ], [ 36.771829144542657, -1.296667477202237 ], [ 36.771794292553558, -1.296706235654398 ], [ 36.771755895497769, -1.296741437492829 ], [ 36.771715495476712, -1.296775037494585 ], [ 36.771675642848329, -1.296805172469551 ], [ 36.771633194350684, -1.296831472595823 ], [ 36.771588513119362, -1.296853712883283 ], [ 36.771552969131612, -1.296867454970478 ], [ 36.771540535195264, -1.296874736482745 ], [ 36.771490028111721, -1.296900832102247 ], [ 36.771437073741247, -1.296921435260963 ], [ 36.771389261762017, -1.296934416261945 ], [ 36.771371085221382, -1.296944721126109 ], [ 36.771323849468139, -1.296965785805684 ], [ 36.771274826703056, -1.296982201334306 ], [ 36.771224467451496, -1.29699381685175 ], [ 36.771173234521228, -1.297000525610466 ], [ 36.771121598749147, -1.297002265956675 ], [ 36.771070034674217, -1.296999021896908 ], [ 36.771018934667673, -1.296993321877117 ], [ 36.770964114565572, -1.296984308148134 ], [ 36.770910507470163, -1.29696966302852 ], [ 36.770826807474236, -1.296942062996699 ], [ 36.770813220105907, -1.296937379888919 ], [ 36.770713420113182, -1.296901479851458 ], [ 36.770711398143703, -1.296900633781834 ], [ 36.770674365053985, -1.29690545009281 ], [ 36.770634073527894, -1.296909148964644 ], [ 36.770593619840319, -1.296909795187943 ], [ 36.770483619818641, -1.296907395146684 ], [ 36.770436062662377, -1.296904235921496 ], [ 36.770388968793789, -1.296896860205805 ], [ 36.770342706526115, -1.296885325684217 ], [ 36.770328101458624, -1.296880986012993 ], [ 36.770308345701267, -1.296893416061865 ], [ 36.770237845666664, -1.296934116054043 ], [ 36.770191639668305, -1.29695789199723 ], [ 36.770143375835794, -1.296977084839504 ], [ 36.770093501674182, -1.296991516624228 ], [ 36.770042479619534, -1.297001053539604 ], [ 36.769990782751144, -1.29700560715937 ], [ 36.769938890405136, -1.297005135262656 ], [ 36.769905005360606, -1.297003182373861 ], [ 36.769861823440088, -1.297005591144918 ], [ 36.769817245113103, -1.297006218979387 ], [ 36.769772767760458, -1.297003136241228 ], [ 36.769711667752617, -1.296996336217566 ], [ 36.769660782806781, -1.296988178815021 ], [ 36.769610904443269, -1.296975167745187 ], [ 36.769562488599256, -1.296957421942563 ], [ 36.769540304518934, -1.296946776847544 ], [ 36.769515858748257, -1.296943072285352 ], [ 36.769392658741758, -1.296917772237237 ], [ 36.769350659568715, -1.296907364436179 ], [ 36.769223559570896, -1.29687036438723 ], [ 36.769176604496273, -1.296854304668392 ], [ 36.769131314963516, -1.296833968772512 ], [ 36.769088074466147, -1.296809528896218 ], [ 36.76902117448487, -1.296767528875896 ], [ 36.768963952821522, -1.296726140383036 ], [ 36.768908886762993, -1.296680532698425 ], [ 36.768904455657172, -1.296677829340266 ], [ 36.768805714982449, -1.296681208611676 ], [ 36.768805595270116, -1.29668120679253 ], [ 36.768805475952547, -1.296681216738723 ], [ 36.768707775929343, -1.2966845167032 ], [ 36.768687586232666, -1.296684200878927 ], [ 36.768667394694518, -1.29668435710561 ], [ 36.768661156870415, -1.296683787448305 ], [ 36.76865489417758, -1.296683689481883 ], [ 36.768634832457565, -1.296681383421723 ], [ 36.768614722933627, -1.296679546957799 ], [ 36.768608570623293, -1.29667836466889 ], [ 36.768602347627976, -1.296677649346222 ], [ 36.768582607090153, -1.296673375259041 ], [ 36.768562773246082, -1.296669563790861 ], [ 36.76853817324556, -1.296663563781298 ], [ 36.768488254817633, -1.296648787270486 ], [ 36.768439984855178, -1.296629234542757 ], [ 36.768393813306474, -1.29660508785934 ], [ 36.768344013318909, -1.296575887843507 ], [ 36.768301760601389, -1.296548376369506 ], [ 36.768262241703866, -1.296517018185414 ], [ 36.768225801199755, -1.296482086710252 ], [ 36.768192756821193, -1.296443886519267 ], [ 36.768141156855101, -1.296378286517833 ], [ 36.768112686522755, -1.296338524347578 ], [ 36.768095129173396, -1.296308643850563 ], [ 36.768082494057325, -1.296330133938405 ], [ 36.768051989110049, -1.29637220803422 ], [ 36.767997289082572, -1.296440508050059 ], [ 36.76796082781928, -1.296481578908013 ], [ 36.767920416377393, -1.296518716586633 ], [ 36.767876471413146, -1.296551538183826 ], [ 36.767829446014595, -1.296579705297893 ], [ 36.767779825030161, -1.296602927516553 ], [ 36.767707624998252, -1.29663232750147 ], [ 36.76765697794567, -1.296650054729114 ], [ 36.767604831297803, -1.29666262858192 ], [ 36.767551701295027, -1.296669924582109 ], [ 36.767498113912659, -1.296671870501447 ], [ 36.767444599653842, -1.29666844707639 ], [ 36.767412051945556, -1.296664721412574 ], [ 36.767308499886276, -1.296664721373481 ], [ 36.767252763667294, -1.296661812757483 ], [ 36.767197625194932, -1.296653118147688 ], [ 36.767143675800753, -1.296638730789955 ], [ 36.767091494063891, -1.296618804981878 ], [ 36.766973594080383, -1.296566604939553 ], [ 36.766934032012621, -1.296547109480725 ], [ 36.76689618397797, -1.296524427308032 ], [ 36.766739584025061, -1.296421627262033 ], [ 36.76670171200935, -1.296394348226928 ], [ 36.766666321340232, -1.29636388023123 ], [ 36.766633676295491, -1.296330450793437 ], [ 36.766565976334846, -1.296254850786747 ], [ 36.766532410238703, -1.296213434686956 ], [ 36.766520158681359, -1.296194844594913 ], [ 36.766489687752028, -1.296199905122653 ], [ 36.766434576934287, -1.296203295047133 ], [ 36.766379410732313, -1.29620099192842 ], [ 36.766324768177334, -1.296193019940992 ], [ 36.766289675117918, -1.296184134711329 ], [ 36.766252718794163, -1.296187498114166 ], [ 36.766238474770503, -1.296194852214401 ], [ 36.76619544906157, -1.296212536766413 ], [ 36.766151069516106, -1.296226424626668 ], [ 36.766114969502389, -1.296236024616556 ], [ 36.766066433543514, -1.296246550807662 ], [ 36.766017141075999, -1.2962525366644 ], [ 36.765967510464279, -1.296253931382956 ], [ 36.765917962942687, -1.296250723126284 ], [ 36.765868919040216, -1.296242939124545 ], [ 36.765820795011415, -1.296230645444047 ], [ 36.765776839734855, -1.296214960032563 ], [ 36.765766407877273, -1.296217817161147 ], [ 36.765705559859761, -1.296238209957483 ], [ 36.765696816399824, -1.296250251385944 ], [ 36.765674484558758, -1.296277801453131 ], [ 36.765664548823224, -1.296294369490226 ], [ 36.765629426765635, -1.296340803360589 ], [ 36.765589551563579, -1.296383170773632 ], [ 36.765576512689549, -1.296395610154553 ], [ 36.76556677728783, -1.296412739457916 ], [ 36.76553484506951, -1.296457623328888 ], [ 36.765498545521496, -1.29649900808066 ], [ 36.765458254628847, -1.296536465056818 ], [ 36.76541438971838, -1.296569606284316 ], [ 36.765367405136004, -1.296598088491991 ], [ 36.765317787540688, -1.29662161666618 ], [ 36.76526605086368, -1.296639947106366 ], [ 36.765212730985276, -1.296652889949335 ], [ 36.765158380184232, -1.296660311135857 ], [ 36.765103561417334, -1.296662133799105 ], [ 36.76498136139292, -1.296659933753246 ], [ 36.764931296381725, -1.296656681760069 ], [ 36.764881748754995, -1.296648758173627 ], [ 36.764833147884346, -1.296636231658938 ], [ 36.76478591493683, -1.296619210769174 ], [ 36.764740459225237, -1.296597843005002 ], [ 36.764697174661002, -1.296572313536301 ], [ 36.764656436340672, -1.29654284359759 ], [ 36.764633618326584, -1.296522850179019 ], [ 36.764546518884366, -1.296478088355568 ], [ 36.764500393588236, -1.296451416897146 ], [ 36.764457105500128, -1.296420298600318 ], [ 36.764417076372666, -1.29638503664901 ], [ 36.764380696206537, -1.296345974598377 ], [ 36.764325580745712, -1.296280609335924 ], [ 36.764309315555749, -1.296267671398457 ], [ 36.76430516883255, -1.296267419316412 ], [ 36.764283281049622, -1.296267552635042 ], [ 36.764171666211546, -1.296293040844359 ], [ 36.764024414045117, -1.296338396201977 ], [ 36.763825014055435, -1.296401697709104 ], [ 36.763767599827119, -1.296416485472746 ], [ 36.763708919493538, -1.296424838862376 ], [ 36.763649682661374, -1.296426656863319 ], [ 36.763552482642446, -1.296424256826683 ], [ 36.763500584922546, -1.296420446224645 ], [ 36.763449294250719, -1.296411615877291 ], [ 36.763399088791971, -1.296397848107412 ], [ 36.763317788795824, -1.296371248076401 ], [ 36.763267986997938, -1.296352165513472 ], [ 36.763220301088317, -1.296328226040681 ], [ 36.763175197295169, -1.296299663716419 ], [ 36.763105224748358, -1.296250330518177 ], [ 36.76308848720354, -1.296242710382759 ], [ 36.763039130208462, -1.296216718010412 ], [ 36.763031615586222, -1.296219476318065 ], [ 36.762983157532432, -1.296232279113398 ], [ 36.762933727631676, -1.296240497550017 ], [ 36.76288375305348, -1.2962440606053 ], [ 36.762833665674378, -1.29624293748805 ], [ 36.762783898345617, -1.296237137904678 ], [ 36.762701098338532, -1.296223537872272 ], [ 36.762651160914928, -1.296212869867126 ], [ 36.762602450426613, -1.29619749410559 ], [ 36.762555403942912, -1.296177548551768 ], [ 36.76251044360226, -1.296153212173559 ], [ 36.762467972824467, -1.296124703336772 ], [ 36.762429699696405, -1.296093364428081 ], [ 36.762417589121085, -1.296092229056963 ], [ 36.76235665838869, -1.296094197428069 ], [ 36.762332650907915, -1.29609874746505 ], [ 36.76225437879144, -1.296118357365508 ], [ 36.762205058945796, -1.296128279511344 ], [ 36.762100958912818, -1.296144179477197 ], [ 36.762086428131113, -1.29614619566158 ], [ 36.761947028089395, -1.296163595614482 ], [ 36.76189726158222, -1.296167463177348 ], [ 36.761847353009486, -1.296166679973052 ], [ 36.761797730495516, -1.296161252720534 ], [ 36.761748819710661, -1.296151227976139 ], [ 36.76170104021984, -1.296136691734314 ], [ 36.761654801883445, -1.296117768689818 ], [ 36.761608101890822, -1.296096068673279 ], [ 36.761562882409322, -1.296072384000858 ], [ 36.761520088593109, -1.2960445051654 ], [ 36.761480103313936, -1.296012681596479 ], [ 36.761443284315774, -1.295977198016734 ], [ 36.761422335227849, -1.29595278951543 ], [ 36.761413878105877, -1.295955832794362 ], [ 36.76134171994299, -1.295981909233519 ], [ 36.761289813658152, -1.295997748257733 ], [ 36.761236588432013, -1.296008255861555 ], [ 36.761182583387125, -1.296013325613244 ], [ 36.761128345544776, -1.296012906161485 ], [ 36.761078745536395, -1.296010006142507 ], [ 36.761025316452844, -1.296004180788122 ], [ 36.760972729466268, -1.295993028621029 ], [ 36.760921507502019, -1.295976660539055 ], [ 36.760872159911507, -1.295955239307042 ], [ 36.760825177407234, -1.295928977938393 ], [ 36.760781027183135, -1.29589813757676 ], [ 36.760740148268859, -1.295863024899184 ], [ 36.760702947163985, -1.295823989066601 ], [ 36.760669793795913, -1.295781418251691 ], [ 36.76064101784123, -1.295735735778832 ], [ 36.760616905447513, -1.295687395914712 ], [ 36.760597696387862, -1.295636879350967 ], [ 36.760583581676592, -1.295584688424222 ], [ 36.760562381711061, -1.29548738845335 ], [ 36.760554026370833, -1.295438415091861 ], [ 36.760550158903349, -1.29538887765554 ], [ 36.760550811764475, -1.295339191867152 ], [ 36.760555979475065, -1.29528977469444 ], [ 36.760568824543689, -1.29520462813396 ], [ 36.760561099155865, -1.295198605889346 ], [ 36.760524249693646, -1.295163864820419 ], [ 36.76049079226933, -1.295125805320335 ], [ 36.760419892315376, -1.29503710531774 ], [ 36.760391424733704, -1.29499803913078 ], [ 36.76036653403532, -1.294956572224758 ], [ 36.760345418783587, -1.294913035399011 ], [ 36.76031648439379, -1.294845929291198 ], [ 36.760281431743628, -1.294831871221339 ], [ 36.760175250595026, -1.294795318089082 ], [ 36.760109298161012, -1.294784506848692 ], [ 36.760079574959249, -1.294793680643299 ], [ 36.760014974934606, -1.29481098062517 ], [ 36.75996290629287, -1.294822185234167 ], [ 36.759909993244975, -1.294828163819256 ], [ 36.759856752288151, -1.294828858022587 ], [ 36.759803703120312, -1.29482426106844 ], [ 36.759751363567169, -1.294814417829396 ], [ 36.759688463565695, -1.294799317804839 ], [ 36.759636593656815, -1.294784062359383 ], [ 36.75958650244344, -1.294763655404386 ], [ 36.759538693563897, -1.294738302120679 ], [ 36.75949364770883, -1.294708257421501 ], [ 36.759451817788118, -1.294673823389503 ], [ 36.759413624377174, -1.29463534623949 ], [ 36.759379451488286, -1.294593212837341 ], [ 36.759349642709644, -1.294547846810357 ], [ 36.759324497750789, -1.294499704287929 ], [ 36.759304269429215, -1.294449269315358 ], [ 36.759294616633284, -1.294415905392619 ], [ 36.759278187995506, -1.294417355420376 ], [ 36.759266003437851, -1.294418048011823 ], [ 36.75924038833282, -1.29445126048139 ], [ 36.759204943993446, -1.29448909646847 ], [ 36.759166062681821, -1.294523342426507 ], [ 36.759124101762019, -1.294553683596154 ], [ 36.759079446903215, -1.294579841107545 ], [ 36.759032508534986, -1.294601574543509 ], [ 36.758983718074937, -1.294618684149308 ], [ 36.758933523963464, -1.294631012668472 ], [ 36.758882387542066, -1.294638446788329 ], [ 36.758830778813092, -1.294640918181296 ], [ 36.758821242059888, -1.294640453593224 ], [ 36.758800028823352, -1.294659554483765 ], [ 36.758752314646614, -1.294697850989804 ], [ 36.758580714558271, -1.29482025098468 ], [ 36.758539614079645, -1.294846835556528 ], [ 36.758496290451767, -1.294869564657728 ], [ 36.758451099719061, -1.294888251495237 ], [ 36.758364699682367, -1.294919451474951 ], [ 36.758315002627157, -1.294934719130373 ], [ 36.758264075705796, -1.294945098837982 ], [ 36.758212392328744, -1.294950494109782 ], [ 36.75816043293829, -1.294950854792561 ], [ 36.758108680542414, -1.294946177533987 ], [ 36.758057616224789, -1.294936505813793 ], [ 36.758007714672701, -1.294921929539573 ], [ 36.757959439764385, -1.294902584210994 ], [ 36.757913240256904, -1.294878649660178 ], [ 36.757854040271575, -1.294844249641204 ], [ 36.757807355228849, -1.294813783887143 ], [ 36.757764039898966, -1.294778635915546 ], [ 36.757724555968927, -1.294739180360429 ], [ 36.757689324287668, -1.294695837769117 ], [ 36.757664485928011, -1.294657880795646 ], [ 36.75763673830307, -1.294659303856936 ], [ 36.757574307663432, -1.294655198459906 ], [ 36.757473307651644, -1.294642598420485 ], [ 36.757425386520147, -1.294634396861812 ], [ 36.757378394556625, -1.294621882786506 ], [ 36.757332714056545, -1.294605158001253 ], [ 36.757288716646094, -1.294584358568235 ], [ 36.75724676025888, -1.294559653698228 ], [ 36.757207186224001, -1.29453124437403 ], [ 36.75714518624833, -1.294482344358965 ], [ 36.757104850153254, -1.29444715011417 ], [ 36.757074097524466, -1.294414419420999 ], [ 36.757060680130323, -1.294417652084866 ], [ 36.757004173581116, -1.2944250399163 ], [ 36.756947207869125, -1.294426381640889 ], [ 36.756890419820344, -1.294421662260061 ], [ 36.756773619807859, -1.294405662214366 ], [ 36.756725146370108, -1.294396733518535 ], [ 36.756677685899298, -1.294383385760453 ], [ 36.756631635211832, -1.29436573054104 ], [ 36.756587379336864, -1.294343915475825 ], [ 36.756545288297026, -1.294318122960672 ], [ 36.756505714014715, -1.294288568646822 ], [ 36.756438214042618, -1.294233168631322 ], [ 36.756399181945277, -1.294197810704015 ], [ 36.756363754203889, -1.294158797223467 ], [ 36.756332267193173, -1.294116498610526 ], [ 36.756305019871796, -1.294071316477233 ], [ 36.756282270943878, -1.294023679813666 ], [ 36.756264236402728, -1.293974040914779 ], [ 36.756217836462923, -1.293824040953428 ], [ 36.756204584439189, -1.293772369226525 ], [ 36.756196441401066, -1.293719636926538 ], [ 36.756193486168577, -1.29366635447499 ], [ 36.756195747346482, -1.293613037618501 ], [ 36.756208600887128, -1.293472619039716 ], [ 36.756199459830739, -1.293476079939657 ], [ 36.75617930839578, -1.293485024224092 ], [ 36.756159208320085, -1.293515580243238 ], [ 36.756128404843878, -1.293554219996373 ], [ 36.75609210482515, -1.293595720004695 ], [ 36.756053046526034, -1.293635958834074 ], [ 36.756010057537296, -1.293671909745187 ], [ 36.755963600242758, -1.29370318605536 ], [ 36.755914174330904, -1.29372945136137 ], [ 36.755862311420174, -1.293750423157735 ], [ 36.75577572540876, -1.293780287779355 ], [ 36.755746304101137, -1.293804420756017 ], [ 36.755687112350039, -1.293871297972286 ], [ 36.755643961001695, -1.293914813869609 ], [ 36.755596194123164, -1.293953135427141 ], [ 36.755544425390113, -1.293985770316891 ], [ 36.75540352532142, -1.294063770299001 ], [ 36.755355650760137, -1.294087250295809 ], [ 36.755305707433614, -1.294105859890881 ], [ 36.755254183049274, -1.294119417358057 ], [ 36.755201580753877, -1.294127790306304 ], [ 36.755106680726485, -1.294138090273625 ], [ 36.755056456894494, -1.294141163491314 ], [ 36.75500616719188, -1.294139508944051 ], [ 36.754956249992503, -1.294133141054971 ], [ 36.754907140423008, -1.294122115333227 ], [ 36.754809840423519, -1.294095415295395 ], [ 36.754764688579179, -1.294080849304445 ], [ 36.754720983514559, -1.294062345369564 ], [ 36.754662157688237, -1.294034313319286 ], [ 36.754615064028698, -1.294060743412113 ], [ 36.754569459703482, -1.294083564430724 ], [ 36.754521918641863, -1.294101950714246 ], [ 36.754472865425548, -1.294115738058192 ], [ 36.754342665378395, -1.294145738019378 ], [ 36.754292114235824, -1.294154859111941 ], [ 36.754240930005999, -1.29415909579226 ], [ 36.754189577503929, -1.294158409586644 ], [ 36.754138523072662, -1.29415280672719 ], [ 36.754088230348295, -1.294142338095187 ], [ 36.754039156049586, -1.29412709875898 ], [ 36.754001481273406, -1.294111307650783 ], [ 36.753986138057819, -1.29412287191458 ], [ 36.753985609629879, -1.294123230860163 ], [ 36.753985117743028, -1.294123639039124 ], [ 36.753967917734094, -1.294136539038995 ], [ 36.753922523855799, -1.294167110378162 ], [ 36.753874288668598, -1.294192900279777 ], [ 36.753823707615147, -1.294213643846175 ], [ 36.753771300233375, -1.294229128012593 ], [ 36.753717604820061, -1.29423919373573 ], [ 36.753663172901774, -1.294243737627223 ], [ 36.753608563569898, -1.294242713015617 ], [ 36.753554337737981, -1.294236130425726 ], [ 36.753501052380358, -1.29422405747049 ], [ 36.753449254811258, -1.294206618156442 ], [ 36.753377254818687, -1.294178218129721 ], [ 36.753326530900097, -1.2941551007709 ], [ 36.753278447674255, -1.294126839075828 ], [ 36.753233518433944, -1.294093734741377 ], [ 36.753192222802696, -1.294056141159959 ], [ 36.7531550016148, -1.294014459646955 ], [ 36.753122252209401, -1.293969135156763 ], [ 36.753116101364711, -1.293959625868374 ], [ 36.7531087662761, -1.293962053819847 ], [ 36.753069564355059, -1.293971825499632 ], [ 36.75295266431408, -1.293996325463726 ], [ 36.75294971726975, -1.293996934473347 ], [ 36.752886019841256, -1.294009911224823 ], [ 36.752855486559419, -1.294022570255721 ], [ 36.752806557847364, -1.294037577412426 ], [ 36.752756435926209, -1.294047848243095 ], [ 36.752705572306198, -1.294053290226146 ], [ 36.752654425178925, -1.294053854339433 ], [ 36.752603455289758, -1.294049535501786 ], [ 36.752566789315175, -1.294042860702427 ], [ 36.75253085892107, -1.294044300628878 ], [ 36.752479977469754, -1.294041491765558 ], [ 36.752429587063787, -1.294033858607582 ], [ 36.752380138225625, -1.294021469400783 ], [ 36.752333474814151, -1.294007389269357 ], [ 36.752070793055452, -1.293946367057902 ], [ 36.752013163332549, -1.293942263013497 ], [ 36.752012455979255, -1.293942173148063 ], [ 36.752011656050414, -1.293942153536012 ], [ 36.751959165090661, -1.29393564758734 ], [ 36.75195668694753, -1.293935087991411 ], [ 36.751954458314785, -1.293934804855544 ], [ 36.751940349428132, -1.29393139877375 ], [ 36.751919175040413, -1.293926617330181 ], [ 36.751916085229382, -1.293926710426869 ], [ 36.751862747396238, -1.293922982972337 ], [ 36.751810039018963, -1.293913954521992 ], [ 36.751758478879154, -1.2938997139388 ], [ 36.751720678881114, -1.293887213924344 ], [ 36.75170959672667, -1.29388294294134 ], [ 36.751707250173794, -1.293884922972234 ], [ 36.751689484334314, -1.293897069861925 ], [ 36.75168346056239, -1.293923682833575 ], [ 36.751669433373578, -1.293974226063774 ], [ 36.75165061901015, -1.294023168436836 ], [ 36.751627193580404, -1.294070051836829 ], [ 36.751599376353688, -1.294114437420446 ], [ 36.751567427708054, -1.294155909724823 ], [ 36.751531646692946, -1.294194080556306 ], [ 36.751493746672985, -1.294230780561068 ], [ 36.75145630054481, -1.294263827123462 ], [ 36.751415983348963, -1.294293253453553 ], [ 36.75137313938454, -1.294318808258015 ], [ 36.751328134528606, -1.294340273305448 ], [ 36.751281353111672, -1.294357465290019 ], [ 36.75123319463561, -1.294370237396882 ], [ 36.75120118744686, -1.294377151670441 ], [ 36.751171326617303, -1.294388293085701 ], [ 36.751155122518441, -1.294394045001255 ], [ 36.751148012814852, -1.29439644114874 ], [ 36.75111068147973, -1.294445788788721 ], [ 36.751078146018003, -1.294484844126249 ], [ 36.751042112073904, -1.294520653508134 ], [ 36.751002897793853, -1.294552900771031 ], [ 36.750960849403718, -1.294581301201791 ], [ 36.750948519363412, -1.294588808552152 ], [ 36.750947557432532, -1.29459012493973 ], [ 36.750937691900447, -1.294601168843525 ], [ 36.750928311966149, -1.294612633347576 ], [ 36.750920022393679, -1.294620948853739 ], [ 36.750912197393632, -1.294629708496969 ], [ 36.750901303843172, -1.294639725964043 ], [ 36.750890852591226, -1.294650209911685 ], [ 36.750881793119831, -1.294657667591285 ], [ 36.750873152731003, -1.294665613100399 ], [ 36.750861336072859, -1.294674507657321 ], [ 36.750849914155019, -1.294683910082028 ], [ 36.750840172032589, -1.294690438113454 ], [ 36.750830799466684, -1.294697492968911 ], [ 36.750818173502118, -1.294705178956071 ], [ 36.750805890917668, -1.294713409307544 ], [ 36.750795559966214, -1.294718944822377 ], [ 36.750785545486401, -1.294725041081979 ], [ 36.750710245449817, -1.294765941071918 ], [ 36.750694903103572, -1.294773320185021 ], [ 36.750679827257898, -1.294781236191378 ], [ 36.750671056872626, -1.294784789358347 ], [ 36.750662526575184, -1.294788892122293 ], [ 36.750655076377726, -1.294791608990915 ], [ 36.750515382100616, -1.29489004269884 ], [ 36.750470838164496, -1.294918271581095 ], [ 36.750423770513756, -1.294941992090497 ], [ 36.750374628178093, -1.294960977931743 ], [ 36.750323879979831, -1.294975047978723 ], [ 36.750272010061281, -1.294984068002521 ], [ 36.750219513266003, -1.294987951951862 ], [ 36.750166890417923, -1.294986662774106 ], [ 36.750114643543384, -1.294980212768694 ], [ 36.750063271081828, -1.294968663469736 ], [ 36.750048895879502, -1.294963909365811 ], [ 36.750041787735171, -1.294969384122024 ], [ 36.750039003166783, -1.294971112497972 ], [ 36.750032980633314, -1.294997690163883 ], [ 36.750016412483362, -1.295047750227027 ], [ 36.749995090111405, -1.295095953215809 ], [ 36.749969215286555, -1.295141842995495 ], [ 36.749918215263172, -1.295222843019774 ], [ 36.749886753243352, -1.295267630850919 ], [ 36.749850957855863, -1.295308991579834 ], [ 36.749811195150343, -1.295346502245099 ], [ 36.749767871746926, -1.295379779256834 ], [ 36.749721430678036, -1.295408482319243 ], [ 36.74970424436529, -1.295417934784689 ], [ 36.74969433335329, -1.295425083707227 ], [ 36.749652221280371, -1.295452565716233 ], [ 36.749607751678688, -1.295475985547242 ], [ 36.749561310237389, -1.295495140078253 ], [ 36.749513299747505, -1.295509863180652 ], [ 36.749464136608545, -1.295520027160104 ], [ 36.749421737322244, -1.295524715617934 ], [ 36.749388515248143, -1.295550020267771 ], [ 36.749379904825801, -1.295555887633997 ], [ 36.749375502863124, -1.295564455088863 ], [ 36.749364613814485, -1.295583317873778 ], [ 36.749354058510548, -1.295602371865608 ], [ 36.749351333872127, -1.295606322333722 ], [ 36.749348933504393, -1.295610480421144 ], [ 36.749336259913825, -1.295628178147372 ], [ 36.749323899839766, -1.295646099084737 ], [ 36.749320803599986, -1.295649761738588 ], [ 36.749318009850171, -1.29565366300202 ], [ 36.749303673771479, -1.295670025230679 ], [ 36.749289627961723, -1.295686640524975 ], [ 36.749286189939056, -1.295689980091211 ], [ 36.749283029712579, -1.295693586959281 ], [ 36.749267169210057, -1.295708456113272 ], [ 36.749260171879975, -1.295715253056789 ], [ 36.749231577646071, -1.295755158664598 ], [ 36.74919532226248, -1.295796249780918 ], [ 36.749155121918001, -1.29583343773765 ], [ 36.74911138925841, -1.295866340810831 ], [ 36.749064573187781, -1.295894621259755 ], [ 36.749015154260512, -1.295917988793778 ], [ 36.748963639748588, -1.295936203552026 ], [ 36.748910558434545, -1.295949078565576 ], [ 36.748776136426308, -1.295974509705295 ], [ 36.748741847054205, -1.29599147086307 ], [ 36.74869224131124, -1.296010175942391 ], [ 36.74864105065457, -1.296023889060078 ], [ 36.748634491634903, -1.296024966569003 ], [ 36.748625834924198, -1.296028559100277 ], [ 36.748601849500545, -1.296037845962663 ], [ 36.748534049471687, -1.296062245946606 ], [ 36.748513655226006, -1.29606822849015 ], [ 36.748506038180274, -1.296077940125333 ], [ 36.748469419439068, -1.296116233739833 ], [ 36.748407819406552, -1.29617463374682 ], [ 36.748362322471891, -1.296213225750306 ], [ 36.748312875965489, -1.29624653464178 ], [ 36.748260082601007, -1.296274154413009 ], [ 36.748150282550398, -1.296324054392691 ], [ 36.748093789461834, -1.296345972596827 ], [ 36.748035210202168, -1.296361374750512 ], [ 36.747944710170707, -1.2963797747224 ], [ 36.747896273665653, -1.296387333825388 ], [ 36.747847355122879, -1.29639043238387 ], [ 36.747721455094428, -1.296392632337182 ], [ 36.747644027013955, -1.296388369545871 ], [ 36.747579330070458, -1.296380078108873 ], [ 36.747550498009808, -1.296394465634823 ], [ 36.747503127734298, -1.296412744794402 ], [ 36.747465527718731, -1.296425244784972 ], [ 36.747416532787987, -1.296438988914975 ], [ 36.747379132774427, -1.296447588903779 ], [ 36.747337922710528, -1.29645538090468 ], [ 36.747296235483489, -1.296459924634903 ], [ 36.747255047978221, -1.29646278792259 ], [ 36.747186151752615, -1.296486663825336 ], [ 36.747160575936419, -1.29649481629179 ], [ 36.747019875880895, -1.296535816253632 ], [ 36.74698886920762, -1.296543854948801 ], [ 36.746864969162836, -1.296572054911568 ], [ 36.746833573490342, -1.296578221046712 ], [ 36.746729453549598, -1.296595458993063 ], [ 36.746701113775643, -1.296619049613619 ], [ 36.746684040985464, -1.296640596191553 ], [ 36.746649525328301, -1.29668006868993 ], [ 36.746611374437158, -1.296715992003419 ], [ 36.746569946839685, -1.296748028538757 ], [ 36.746525631856741, -1.296775877229148 ], [ 36.746478845943741, -1.296799276363695 ], [ 36.746430028776913, -1.296818006046704 ], [ 36.746379639121379, -1.296831890264314 ], [ 36.746328150519851, -1.296840798538507 ], [ 36.746276046842439, -1.296844647153274 ], [ 36.746223817739384, -1.296843399941394 ], [ 36.74617711773201, -1.296839999923311 ], [ 36.74612486864401, -1.296833602200512 ], [ 36.746073488827548, -1.296822105105003 ], [ 36.746023468375746, -1.296805618303873 ], [ 36.74597528441511, -1.296784299059197 ], [ 36.74592939655443, -1.29675835072785 ], [ 36.745886242500717, -1.296728020821798 ], [ 36.74588352201787, -1.296725680202616 ], [ 36.745879558222278, -1.296734510952106 ], [ 36.745849058210517, -1.296795110972811 ], [ 36.745823019240774, -1.296841126921257 ], [ 36.745792646073838, -1.296884367966536 ], [ 36.745758228214527, -1.296924421952673 ], [ 36.745720093720024, -1.29696090710153 ], [ 36.745678606073056, -1.29699347565172 ], [ 36.745634160717216, -1.297021817173367 ], [ 36.74558718128776, -1.297045661526974 ], [ 36.745538115573702, -1.297064781438298 ], [ 36.745487431249607, -1.29707899466462 ], [ 36.745435611417911, -1.297088165731788 ], [ 36.74534011138914, -1.29710026569933 ], [ 36.745283771281045, -1.297104400738617 ], [ 36.745227310632572, -1.297102577412541 ], [ 36.745171349788215, -1.297094815755028 ], [ 36.74511650360089, -1.297081201045657 ], [ 36.74506337467637, -1.297061882872613 ], [ 36.745012546752378, -1.297037073489075 ], [ 36.74500768609208, -1.297034375557219 ], [ 36.745004685135143, -1.297065950842254 ], [ 36.744995214744769, -1.297115793204314 ], [ 36.744981157867102, -1.297164526672364 ], [ 36.744962637536212, -1.297211724702056 ], [ 36.744939815853016, -1.29725697418808 ], [ 36.744912892566504, -1.297299879080013 ], [ 36.744845789893681, -1.29739648787323 ], [ 36.744811875585967, -1.297447677555851 ], [ 36.744751833767239, -1.297538429989684 ], [ 36.744698660718022, -1.297690775007786 ], [ 36.744677086922991, -1.297743532976729 ], [ 36.744650126667139, -1.29779371841803 ], [ 36.744618078213648, -1.297840776126789 ], [ 36.744581296116841, -1.297884185500502 ], [ 36.744461196053848, -1.298011685522351 ], [ 36.744424581569554, -1.298047059894237 ], [ 36.744384823153595, -1.298078810706821 ], [ 36.744342273427655, -1.298106656359121 ], [ 36.744297309769863, -1.298130349885499 ], [ 36.744250330967716, -1.298149681145982 ], [ 36.744201753681203, -1.298164478690067 ], [ 36.744152008747385, -1.298174611277295 ], [ 36.744108421324889, -1.298181357245973 ], [ 36.744106851557049, -1.298185778504898 ], [ 36.744082000028847, -1.29823763714744 ], [ 36.744051826991758, -1.298286552372459 ], [ 36.744024126978388, -1.298326552383542 ], [ 36.743990214449781, -1.298370527843385 ], [ 36.743952002309385, -1.298410773369586 ], [ 36.743909893035699, -1.298446865066967 ], [ 36.743878580595037, -1.29846855266386 ], [ 36.743851562547242, -1.298501347537385 ], [ 36.743815324233864, -1.298537686359681 ], [ 36.743775825946571, -1.298570403352619 ], [ 36.743733423558538, -1.298599203741784 ], [ 36.743688499108416, -1.298623828040815 ], [ 36.743641457358166, -1.298644054389293 ], [ 36.743592722146253, -1.298659700551599 ], [ 36.743376218326866, -1.29871797120682 ], [ 36.743374724691741, -1.2987237187684 ], [ 36.743356862735133, -1.298772665377472 ], [ 36.743334413616459, -1.298819659566139 ], [ 36.743307584800526, -1.298864267035006 ], [ 36.743276624227377, -1.298906075541716 ], [ 36.743241818021005, -1.298944698710719 ], [ 36.743203487845058, -1.298979779604049 ], [ 36.743161987930186, -1.299010994019918 ], [ 36.74311770180033, -1.299038053488872 ], [ 36.743071038728431, -1.299060707939701 ], [ 36.743022429953996, -1.299078748010487 ], [ 36.742972324697831, -1.299092006983372 ], [ 36.742747428790089, -1.299140019429839 ], [ 36.742629985825396, -1.299173082669276 ], [ 36.742499120630534, -1.299259765223631 ], [ 36.74233272984884, -1.299379783178352 ], [ 36.742286114921292, -1.299409882786874 ], [ 36.742236676864735, -1.299435008314174 ], [ 36.7421849377982, -1.299454894408241 ], [ 36.74213144414184, -1.299469331051206 ], [ 36.741894791039314, -1.299520240600191 ], [ 36.741724944482662, -1.29962249297437 ], [ 36.741682845209638, -1.299645348343045 ], [ 36.741638898222185, -1.299664356568277 ], [ 36.741593449729102, -1.299679367906084 ], [ 36.74154685776778, -1.299690264099509 ], [ 36.741251668128314, -1.29974552994452 ], [ 36.740955662242435, -1.299823876038836 ], [ 36.740891906072427, -1.29983667007087 ], [ 36.740827083152141, -1.299841644262632 ], [ 36.740687100214963, -1.299843862250394 ], [ 36.740652022690021, -1.299871608768695 ], [ 36.740608326396014, -1.299899783460403 ], [ 36.740562140255022, -1.299923597557735 ], [ 36.740513892517662, -1.299942830250313 ], [ 36.74046403055015, -1.299957303207887 ], [ 36.740413016686254, -1.299966882233776 ], [ 36.740361323940341, -1.299971478509187 ], [ 36.740116841527282, -1.299981313919236 ], [ 36.739972325326796, -1.300015366530809 ], [ 36.73985208044833, -1.300059621062835 ], [ 36.739808709536462, -1.300073523211384 ], [ 36.739764327738165, -1.300083692222062 ], [ 36.739719251652176, -1.300090055554348 ], [ 36.739437751572474, -1.300117655455767 ], [ 36.739437207110143, -1.300117708557232 ], [ 36.739413621390753, -1.300119996715125 ], [ 36.73933003847295, -1.300134024004755 ], [ 36.739284254193009, -1.300139693270088 ], [ 36.739238155935666, -1.300141401042329 ], [ 36.739192081448799, -1.300139134809518 ], [ 36.739095581933981, -1.300130209117275 ], [ 36.738898302982555, -1.300138174772336 ], [ 36.738845201706027, -1.300137683481391 ], [ 36.73879240626583, -1.300131934646297 ], [ 36.738586179811854, -1.300099064759157 ], [ 36.738395571945929, -1.300108285146855 ], [ 36.738327418612094, -1.300107238605261 ], [ 36.738220249031833, -1.300098749885283 ], [ 36.738165183564107, -1.300095203275046 ], [ 36.738119758586855, -1.300090324845919 ], [ 36.738074907313539, -1.300081591928985 ], [ 36.737929107310165, -1.30004669187152 ], [ 36.737883050397187, -1.300033465454658 ], [ 36.737838342114671, -1.300016175647532 ], [ 36.737795335580941, -1.299994959010232 ], [ 36.737773535172558, -1.299982966675707 ], [ 36.7377348689417, -1.299992843272359 ], [ 36.737681790351438, -1.300003577460988 ], [ 36.737627909542482, -1.300008897487 ], [ 36.737573770283454, -1.300008749660942 ], [ 36.737519918951136, -1.300003135475298 ], [ 36.737466899016397, -1.299992111589399 ], [ 36.73741524555949, -1.299975789257533 ], [ 36.73726609630625, -1.29992023152398 ], [ 36.73711885059484, -1.299934361378516 ], [ 36.737064824008698, -1.299936802328874 ], [ 36.737010826387639, -1.299933781135504 ], [ 36.736957401503041, -1.299925328223257 ], [ 36.736849160759171, -1.299902549324496 ], [ 36.736739555782556, -1.299916748642532 ], [ 36.736641395380587, -1.300008949463863 ], [ 36.736600957691493, -1.300043351252073 ], [ 36.736557361043154, -1.300073593143662 ], [ 36.736511026266669, -1.300099383219255 ], [ 36.736462400623786, -1.300120472532158 ], [ 36.736411953489537, -1.300136657511395 ], [ 36.736360171821445, -1.300147781926696 ], [ 36.736173535308723, -1.300178318095022 ], [ 36.736092314992234, -1.300239233292749 ], [ 36.736046059286693, -1.300270322284799 ], [ 36.735996866179512, -1.300296447180852 ], [ 36.735945259678871, -1.300317329697465 ], [ 36.735891789500492, -1.300332747393355 ], [ 36.735837025212028, -1.300342536038965 ], [ 36.735781550165967, -1.300346591365693 ], [ 36.735725955285723, -1.300344870176652 ], [ 36.735545541687429, -1.300329877892734 ], [ 36.735405844668499, -1.30035430462766 ], [ 36.735365029623914, -1.300359833864482 ], [ 36.735323914246806, -1.300362210043492 ], [ 36.735054014185287, -1.300367409942949 ], [ 36.735009782882415, -1.300366434009097 ], [ 36.734965780162803, -1.300361809806895 ], [ 36.734612880127969, -1.300309909667357 ], [ 36.734566777836257, -1.300301050619844 ], [ 36.734521616238389, -1.30028818789752 ], [ 36.73447773787894, -1.300271419062762 ], [ 36.734166337921323, -1.300136518948949 ], [ 36.734124259439461, -1.300116070678442 ], [ 36.734084099010175, -1.300092030710015 ], [ 36.733840199085378, -1.299931230637893 ], [ 36.73379492912845, -1.29989787065941 ], [ 36.733753350595158, -1.299859954318828 ], [ 36.733715914151347, -1.299817892588637 ], [ 36.733683025567004, -1.299772141372763 ], [ 36.733655041318166, -1.29972319656507 ], [ 36.733632264723134, -1.29967158867433 ], [ 36.73361696900205, -1.299631414329447 ], [ 36.733598563807888, -1.299619522515832 ], [ 36.733557072903096, -1.299586514809438 ], [ 36.73351899629008, -1.299549572884629 ], [ 36.733484700666892, -1.299509052512505 ], [ 36.73345451631851, -1.299465343926474 ], [ 36.733428733936066, -1.29941886806405 ] ] ] } },
{ "type": "Feature", "properties": { }, "geometry": { "type": "Polygon", "coordinates": [ [ [ 36.711644849925023, -1.291363687413318 ], [ 36.71221491881154, -1.291430229310675 ], [ 36.712385223605189, -1.291427660169888 ], [ 36.712439059586167, -1.291429558132109 ], [ 36.712492438345507, -1.291436856131577 ], [ 36.712544826528458, -1.291449481248123 ], [ 36.712685696536631, -1.291491022637799 ], [ 36.712827840459653, -1.291504795076376 ], [ 36.712869112511854, -1.291510421266693 ], [ 36.71290982962001, -1.291519238586901 ], [ 36.713211829618551, -1.29159703846719 ], [ 36.713259371766668, -1.291611668422331 ], [ 36.713305372116565, -1.291630645637969 ], [ 36.713538509080003, -1.291739724314703 ], [ 36.713648552310751, -1.291761366947649 ], [ 36.713701761098562, -1.291774692297028 ], [ 36.713753349167824, -1.291793390420396 ], [ 36.713802782478155, -1.291817267755193 ], [ 36.713849549295126, -1.291846077123548 ], [ 36.713893165487761, -1.291879520291001 ], [ 36.713933179540227, -1.291917251053909 ], [ 36.713969177226019, -1.291958878823187 ], [ 36.714000785896026, -1.292003972667852 ], [ 36.714027678336244, -1.292052065775862 ], [ 36.714049576155105, -1.292102660286698 ], [ 36.71406625266544, -1.292155232445115 ], [ 36.714077535231176, -1.292209238023155 ], [ 36.714093135263084, -1.292308838056173 ], [ 36.714098753818426, -1.29236101747118 ], [ 36.714099335359215, -1.292413499157374 ], [ 36.714094874439994, -1.292465791713528 ], [ 36.714085412829384, -1.292517405509233 ], [ 36.714045001159043, -1.292690452820253 ], [ 36.714053549693055, -1.292704055587463 ], [ 36.714079162212535, -1.292749522022526 ], [ 36.714100307926898, -1.292797258510291 ], [ 36.714116790491339, -1.292846821803127 ], [ 36.714126989384418, -1.292891345381963 ], [ 36.71427689353542, -1.292865554006309 ], [ 36.714282551199972, -1.29286461174549 ], [ 36.714564971489878, -1.29281912822019 ], [ 36.714783878406479, -1.292774224151886 ], [ 36.714835079137956, -1.292766279124072 ], [ 36.714886801261656, -1.292763318927228 ], [ 36.714938566809586, -1.292765370917326 ], [ 36.714989897412295, -1.292772416132302 ], [ 36.715040318719637, -1.292784389467315 ], [ 36.715089364784191, -1.292801180276342 ], [ 36.715136582367158, -1.292822633394669 ], [ 36.715181535126774, -1.292848550572714 ], [ 36.715223807650588, -1.292878692308138 ], [ 36.715393650222964, -1.293012586295275 ], [ 36.715667868633453, -1.293106498469091 ], [ 36.715747283043385, -1.293120235691722 ], [ 36.715747834088553, -1.293120331308593 ], [ 36.71598913407054, -1.293162331212313 ], [ 36.716041686773274, -1.293174228037408 ], [ 36.716092796972553, -1.293191345657618 ], [ 36.716141954047998, -1.293213513058638 ], [ 36.716188666891938, -1.293240508775909 ], [ 36.716232468815818, -1.293272063107145 ], [ 36.716272922212767, -1.293307860806796 ], [ 36.716309622929515, -1.293347544235479 ], [ 36.716342204304162, -1.293390716933029 ], [ 36.716370340829336, -1.293436947579371 ], [ 36.716596432503579, -1.293853880506071 ], [ 36.717031230542325, -1.294050242986479 ], [ 36.717411413723454, -1.294189853269119 ], [ 36.717419188730197, -1.294192776871415 ], [ 36.717925912035568, -1.294387806430389 ], [ 36.718305957436463, -1.294472618673943 ], [ 36.718596330602509, -1.294490510505801 ], [ 36.718644616548403, -1.294495691795069 ], [ 36.718692243080625, -1.294505226685922 ], [ 36.718738823508126, -1.294519037762736 ], [ 36.718783979633315, -1.294537012890586 ], [ 36.71896369181853, -1.294618154947272 ], [ 36.719325785409289, -1.294661733343162 ], [ 36.719387604890677, -1.294672882902599 ], [ 36.719880504881246, -1.294791982707067 ], [ 36.719886930544028, -1.294793577406976 ], [ 36.720715920107352, -1.295004756262889 ], [ 36.721213238594054, -1.295113025837628 ], [ 36.721989529954243, -1.295273056492315 ], [ 36.72251371896202, -1.29534450145396 ], [ 36.72254142799612, -1.295349020595299 ], [ 36.722845660669435, -1.295406860238541 ], [ 36.723064202315285, -1.295359866287542 ], [ 36.723122965707553, -1.295350608256878 ], [ 36.723182384867748, -1.295347924301469 ], [ 36.723241736001441, -1.295351847115838 ], [ 36.723300296142696, -1.295362328916328 ], [ 36.723671189316342, -1.295450211090968 ], [ 36.723969020484688, -1.295488314483681 ], [ 36.724282371991343, -1.295495849502263 ], [ 36.724291139921661, -1.295496132221877 ], [ 36.725104539773355, -1.295529031907896 ], [ 36.725158607383683, -1.295533973299626 ], [ 36.725211906681629, -1.295544364702525 ], [ 36.72526389675977, -1.295560100660159 ], [ 36.725314049997131, -1.295581021476916 ], [ 36.725361857413773, -1.2956069148386 ], [ 36.725406833836161, -1.295637517967111 ], [ 36.725448522820969, -1.295672520287194 ], [ 36.7254865012873, -1.295711566578387 ], [ 36.725520383810348, -1.29575426057984 ], [ 36.725555867640225, -1.295803908294112 ], [ 36.725577306896149, -1.295810212142728 ], [ 36.726023186118205, -1.295922659578052 ], [ 36.726070637347831, -1.29593698912324 ], [ 36.72611658066424, -1.295955643816901 ], [ 36.726160627815226, -1.295978466014703 ], [ 36.726202406572369, -1.296005262854047 ], [ 36.726241563876641, -1.296035807883841 ], [ 36.72641965469861, -1.296188419137878 ], [ 36.726611680057324, -1.296318471550761 ], [ 36.726695642116781, -1.296356765321689 ], [ 36.72694265216338, -1.296398467205011 ], [ 36.726992964989464, -1.296409471362434 ], [ 36.727042004840392, -1.296425257722654 ], [ 36.727089324100774, -1.296445682194888 ], [ 36.727134490859946, -1.296470558353519 ], [ 36.727177092854241, -1.296499659139766 ], [ 36.727216741230038, -1.296532718934091 ], [ 36.727231458644219, -1.296547591970152 ], [ 36.727269517833726, -1.296545500386839 ], [ 36.727323012953121, -1.296545236831778 ], [ 36.727376270474572, -1.296550312616291 ], [ 36.727428765616288, -1.296560677725906 ], [ 36.727479981108623, -1.296576230026851 ], [ 36.727967081146183, -1.296751129841034 ], [ 36.728013842015876, -1.296770453277526 ], [ 36.728046316329099, -1.296787611824776 ], [ 36.728096014180196, -1.296779986262702 ], [ 36.728147606056517, -1.296777108195843 ], [ 36.728199234651598, -1.296779216292033 ], [ 36.728250425348193, -1.296786291172268 ], [ 36.728300707554475, -1.296798267798294 ], [ 36.728349619030226, -1.296815036070519 ], [ 36.728396710136096, -1.296836441840088 ], [ 36.728441547967144, -1.296862288325918 ], [ 36.728483720332491, -1.296892337923783 ], [ 36.728619320386407, -1.296999137890529 ], [ 36.728658035198755, -1.297032727966583 ], [ 36.728693414052671, -1.297069858541255 ], [ 36.728725138686464, -1.297110195595352 ], [ 36.728752923711042, -1.297153376264738 ], [ 36.728776519177217, -1.297199012104566 ], [ 36.72884513021549, -1.297348641986485 ], [ 36.72885009988498, -1.29734945051549 ], [ 36.728900464122987, -1.297362768420795 ], [ 36.728949316161426, -1.297380916472178 ], [ 36.728996199885657, -1.297403725228134 ], [ 36.729040677558402, -1.297430981731648 ], [ 36.729082333906689, -1.297462431498605 ], [ 36.729167233942988, -1.297533231479445 ], [ 36.729207051050238, -1.297569974597093 ], [ 36.729243013378159, -1.297610545112235 ], [ 36.729274759590211, -1.297654535387769 ], [ 36.729301970711745, -1.297701503425943 ], [ 36.729324373334983, -1.297750977309501 ], [ 36.729341742366124, -1.29780245994325 ], [ 36.729353903287063, -1.297855434048725 ], [ 36.729360733908862, -1.297909367361629 ], [ 36.729375824042137, -1.298107135270555 ], [ 36.729377964944426, -1.298115209919402 ], [ 36.729418412886147, -1.298147220981049 ], [ 36.729455143500637, -1.298179083242591 ], [ 36.729488879877884, -1.298214139498815 ], [ 36.729499469383278, -1.298227334734618 ], [ 36.729527729924385, -1.298231477111701 ], [ 36.730118462406459, -1.298299843220799 ], [ 36.730170612744757, -1.29830850458285 ], [ 36.730470712732554, -1.298373704463889 ], [ 36.730517177906201, -1.298386004704528 ], [ 36.730562369977747, -1.298402421212726 ], [ 36.730605929757431, -1.298422823509358 ], [ 36.730647511028998, -1.298447049435948 ], [ 36.730686783301444, -1.298474906443522 ], [ 36.730932183397456, -1.298666006382444 ], [ 36.7309763288102, -1.298704402868589 ], [ 36.731016091347634, -1.298747377607334 ], [ 36.731189791457965, -1.298956777597479 ], [ 36.731221653106672, -1.298999262993713 ], [ 36.731249223835867, -1.299044687028866 ], [ 36.731272238123708, -1.299092612244523 ], [ 36.73129047432937, -1.299142577094424 ], [ 36.7313037568276, -1.299194100389432 ], [ 36.731311957700136, -1.299246685931629 ], [ 36.731314997967587, -1.299299827292977 ], [ 36.731312848350143, -1.299353012692579 ], [ 36.731305529549502, -1.299405729925367 ], [ 36.731293112049585, -1.299457471294998 ], [ 36.73127571543764, -1.299507738503201 ], [ 36.731253507252681, -1.299556047448718 ], [ 36.731226701371888, -1.299601932889523 ], [ 36.731195555950869, -1.299644952923302 ], [ 36.731160370937509, -1.299684693243297 ], [ 36.731121485183252, -1.299720771128261 ], [ 36.731079273179759, -1.299752839128352 ], [ 36.731034141452341, -1.299780588411171 ], [ 36.730986524644862, -1.299803751736098 ], [ 36.730936881333847, -1.299822106027886 ], [ 36.730885689612144, -1.299835474524965 ], [ 36.730833442484588, -1.299843728481875 ], [ 36.730780643120042, -1.299846788408965 ], [ 36.730727800005646, -1.299844624838024 ], [ 36.730675422049771, -1.299837258606003 ], [ 36.730624013680902, -1.29982476065435 ], [ 36.730574069989764, -1.299807251345756 ], [ 36.730526071961314, -1.299784899304974 ], [ 36.730480481842577, -1.299757919794881 ], [ 36.730437738690981, -1.299726572643312 ], [ 36.730398254145996, -1.29969115974082 ], [ 36.730362408464842, -1.299652022133218 ], [ 36.730226266708655, -1.2994878994883 ], [ 36.730123853190534, -1.299408147095398 ], [ 36.729969050937058, -1.299374514554481 ], [ 36.729396537296481, -1.29930825649328 ], [ 36.729380434018097, -1.29930614494878 ], [ 36.729123233992709, -1.299268444846856 ], [ 36.729070921084507, -1.299258094656802 ], [ 36.729019880258981, -1.299242592741315 ], [ 36.728970611043074, -1.299222090815321 ], [ 36.728923595625197, -1.299196789527861 ], [ 36.728879294136107, -1.299166936498334 ], [ 36.728838140145761, -1.299132823893159 ], [ 36.728800536420053, -1.299094785566239 ], [ 36.728766850978992, -1.299053193791733 ], [ 36.728694641154618, -1.298954436167641 ], [ 36.728570487027007, -1.298856178731253 ], [ 36.728532994613985, -1.298823591573336 ], [ 36.728498633615636, -1.298787677093998 ], [ 36.728467694363125, -1.298748738751106 ], [ 36.72844043827574, -1.298707105552394 ], [ 36.728417095651984, -1.298663129275591 ], [ 36.728397863723757, -1.29861718149608 ], [ 36.728382904989786, -1.298569650447234 ], [ 36.728322408967713, -1.29834148247701 ], [ 36.728187158690432, -1.298263400611444 ], [ 36.728140541929982, -1.298233178046504 ], [ 36.72809725753909, -1.298198294227993 ], [ 36.728057763772213, -1.29815911847382 ], [ 36.728022478752102, -1.298116065540727 ], [ 36.727991776043154, -1.298069591233353 ], [ 36.727965980696439, -1.298020187578517 ], [ 36.727920962867699, -1.29792201058967 ], [ 36.727889300441234, -1.297920020793404 ], [ 36.727835018018546, -1.297910951155345 ], [ 36.727781937434365, -1.297896357726177 ], [ 36.727730612063084, -1.297876392645639 ], [ 36.727681576980551, -1.297851264053803 ], [ 36.727635343385799, -1.297821233921161 ], [ 36.72753300218023, -1.297747047393804 ], [ 36.727219977780983, -1.297634651521674 ], [ 36.726911581872017, -1.297651599480809 ], [ 36.726859033746472, -1.297651904836018 ], [ 36.726806705888102, -1.297647057772448 ], [ 36.726755095829141, -1.297637104376457 ], [ 36.726704694276819, -1.29762213928526 ], [ 36.726655980447852, -1.297602304787141 ], [ 36.726609417511966, -1.297577789468558 ], [ 36.726565448188147, -1.297548826420991 ], [ 36.726524490535255, -1.297515691024749 ], [ 36.726486933977171, -1.297478698330675 ], [ 36.726453135600181, -1.297438200064544 ], [ 36.726435446285251, -1.297412237197005 ], [ 36.726402503268567, -1.297405190729692 ], [ 36.72635796442929, -1.297391528465925 ], [ 36.726314763534049, -1.29737404779148 ], [ 36.726125763563495, -1.297287847723311 ], [ 36.72608563598893, -1.297267475293564 ], [ 36.726047334547061, -1.297243808457263 ], [ 36.725792634629286, -1.297071308383582 ], [ 36.72574413588854, -1.297034291908518 ], [ 36.725638869523976, -1.296944085944553 ], [ 36.725305213643956, -1.296859940136795 ], [ 36.725285077840169, -1.296854442986881 ], [ 36.725075577845146, -1.296792842904915 ], [ 36.725027335219472, -1.29677612542016 ], [ 36.724980879590582, -1.29675489103247 ], [ 36.7249366273604, -1.296729330075394 ], [ 36.724894975180725, -1.296699671663371 ], [ 36.724856296397881, -1.296666181638016 ], [ 36.724820937706248, -1.296629160185312 ], [ 36.724799827428974, -1.296602393705536 ], [ 36.724252242690305, -1.296580245035994 ], [ 36.723915627734215, -1.296572150355076 ], [ 36.723860543731291, -1.296567975461139 ], [ 36.723507243691323, -1.296522775321194 ], [ 36.723451703633948, -1.296512671142459 ], [ 36.723171075896644, -1.296446176914718 ], [ 36.72296479743094, -1.296490533688309 ], [ 36.722911998563546, -1.296499155210019 ], [ 36.722858610603765, -1.296502466323347 ], [ 36.722805159494008, -1.296500434410021 ], [ 36.722752171798675, -1.296493079487687 ], [ 36.722355167803705, -1.296417602188097 ], [ 36.721826880754286, -1.296345598272378 ], [ 36.721791064134599, -1.296339472823336 ], [ 36.720994064095649, -1.296175172506153 ], [ 36.720988264966927, -1.296173943547266 ], [ 36.720478864946955, -1.296063043344678 ], [ 36.720460569229758, -1.296058722818475 ], [ 36.71962567718969, -1.295846039695138 ], [ 36.719166581321716, -1.295735107648518 ], [ 36.718754114313462, -1.295685466429032 ], [ 36.718700543007195, -1.295676240989164 ], [ 36.71864816736862, -1.295661631658407 ], [ 36.71859752010679, -1.295641787027888 ], [ 36.718432434318046, -1.295567248812225 ], [ 36.718197769126689, -1.295552789336839 ], [ 36.718155674251172, -1.295548520944673 ], [ 36.718114041779771, -1.295540942144627 ], [ 36.717653841763941, -1.295438241961502 ], [ 36.717578010987602, -1.295415323180942 ], [ 36.717038087360073, -1.295207514910706 ], [ 36.716643586081098, -1.295062646431708 ], [ 36.716607677195618, -1.295047966801665 ], [ 36.715989677290736, -1.294768866577405 ], [ 36.715945076637446, -1.294746167518338 ], [ 36.715902757092636, -1.294719407490992 ], [ 36.715863082633589, -1.294688816650581 ], [ 36.715826394487912, -1.294654658099923 ], [ 36.715793008198787, -1.294617225626568 ], [ 36.715763210911078, -1.294576841175939 ], [ 36.715737258901676, -1.294533852082486 ], [ 36.71554897605801, -1.294186641378282 ], [ 36.715443316717391, -1.294168364186079 ], [ 36.715401745589027, -1.294159461552227 ], [ 36.715361000799071, -1.294147289375776 ], [ 36.714959800825241, -1.294009889220971 ], [ 36.714903790015725, -1.29398710712764 ], [ 36.71485066457366, -1.293958158630309 ], [ 36.714801092092394, -1.293923407507113 ], [ 36.714754866853006, -1.293886966170066 ], [ 36.714746548737537, -1.293888488411158 ], [ 36.71445567996674, -1.293935332333708 ], [ 36.714220206231786, -1.293975845978136 ], [ 36.714177836815637, -1.293981406127612 ], [ 36.7141351629135, -1.293983570385708 ], [ 36.713940062870435, -1.29398567031197 ], [ 36.713885586504723, -1.29398348083158 ], [ 36.71383160871197, -1.293975762744428 ], [ 36.713663208702393, -1.293942862677188 ], [ 36.713611159667707, -1.29392996060683 ], [ 36.713560641626778, -1.293911918039889 ], [ 36.713512154401542, -1.293888913488875 ], [ 36.713321154443875, -1.29378631342415 ], [ 36.713279605684946, -1.293761525230526 ], [ 36.713240428924259, -1.29373309242247 ], [ 36.713203938854704, -1.293701243391058 ], [ 36.713170428587858, -1.293666233968625 ], [ 36.713140167299528, -1.293628345373715 ], [ 36.713107267323153, -1.293583145374529 ], [ 36.713079494100953, -1.293540999253963 ], [ 36.713055741764975, -1.293496432817078 ], [ 36.713036216810288, -1.293449833510786 ], [ 36.713021088980369, -1.293401606455104 ], [ 36.713010489791493, -1.29335217092113 ], [ 36.713004511389336, -1.293301956686002 ], [ 36.713003205747931, -1.29325140029663 ], [ 36.713006584217815, -1.293200941274449 ], [ 36.713014617427405, -1.293151018294411 ], [ 36.713028826902907, -1.293082985118229 ], [ 36.713019527317471, -1.293060048974315 ], [ 36.712957327394406, -1.292876449019984 ], [ 36.712942162745513, -1.292822799807466 ], [ 36.712932552553923, -1.29276786677645 ], [ 36.712928598448222, -1.292712230851076 ], [ 36.712930342243162, -1.292656480388601 ], [ 36.712930976163008, -1.292651760061707 ], [ 36.712896253806882, -1.292635514350346 ], [ 36.712683008952411, -1.292580579002011 ], [ 36.712531559292074, -1.292565904805031 ], [ 36.712481160766814, -1.29255858918692 ], [ 36.712431673233255, -1.29254651870474 ], [ 36.712319936335341, -1.292513568338316 ], [ 36.71219587614862, -1.292515439756576 ], [ 36.712125716203403, -1.292511889343307 ], [ 36.711512316129138, -1.292440289099682 ], [ 36.711495617974386, -1.29243807330011 ], [ 36.711160117942512, -1.292388173166209 ], [ 36.711141398595103, -1.292385049099285 ], [ 36.71090314076632, -1.29234093514707 ], [ 36.710808771197897, -1.29235731247246 ], [ 36.710756276181094, -1.292363772348617 ], [ 36.710703404841958, -1.29236502236382 ], [ 36.710650666360763, -1.292361050480301 ], [ 36.710598568638133, -1.292351894950075 ], [ 36.710547613403726, -1.292337643946507 ], [ 36.71049829138429, -1.292318434715114 ], [ 36.710451077577673, -1.292294452251831 ], [ 36.710406426678389, -1.292265927521374 ], [ 36.710364768698611, -1.292233135232881 ], [ 36.71032650482698, -1.29219639119431 ], [ 36.710292003564938, -1.292156049271016 ], [ 36.710261597177883, -1.292112497977845 ], [ 36.710235578495293, -1.292066156737531 ], [ 36.710214198090632, -1.292017471841373 ], [ 36.710197661868257, -1.29196691215126 ], [ 36.710186129080419, -1.291914964584289 ], [ 36.710179710793639, -1.291862129423472 ], [ 36.710178468819066, -1.291808915499748 ], [ 36.710182415117252, -1.291755835291716 ], [ 36.71019151168295, -1.29170339999024 ], [ 36.710205670911151, -1.291652114575293 ], [ 36.710224756440766, -1.291602472952907 ], [ 36.71024858446787, -1.291554953198494 ], [ 36.710276925515792, -1.291510012952803 ], [ 36.710309506645139, -1.291468085014553 ], [ 36.710346014082312, -1.29142957317244 ], [ 36.710386096241287, -1.291394848316353 ], [ 36.710429367109583, -1.291364244865577 ], [ 36.710475409965724, -1.291338057548123 ], [ 36.71052378139251, -1.29131653856232 ], [ 36.710574015547294, -1.291299895148055 ], [ 36.710625628648309, -1.291288287590869 ], [ 36.710814628585631, -1.291255487528792 ], [ 36.710861747416502, -1.291249448225416 ], [ 36.710909211586873, -1.291247608288202 ], [ 36.710956652363606, -1.291249982011428 ], [ 36.711003701195239, -1.291256550954849 ], [ 36.711327068828147, -1.291316422925436 ], [ 36.711644849925023, -1.291363687413318 ] ] ] } },
{ "type": "Feature", "properties": { }, "geometry": { "type": "Polygon", "coordinates": [ [ [ 36.743470479385543, -1.322488948525542 ], [ 36.743515750312696, -1.32250472061675 ], [ 36.743559450747718, -1.322524476657813 ], [ 36.743601235376261, -1.322548060539861 ], [ 36.744781273444737, -1.323285325994927 ], [ 36.745741078426825, -1.323765138601127 ], [ 36.746740628800517, -1.323857614096001 ], [ 36.748150846368894, -1.323676419232341 ], [ 36.74878361910438, -1.323513089038741 ], [ 36.748834844872057, -1.323502502940226 ], [ 36.752238014651127, -1.322970892698959 ], [ 36.75392529916715, -1.322507050974393 ], [ 36.753980684026146, -1.322494934911276 ], [ 36.754037026879921, -1.322488740104775 ], [ 36.755132946086199, -1.322426682906295 ], [ 36.756294007729515, -1.322177966349474 ], [ 36.756314471136818, -1.322173997396495 ], [ 36.757177001947021, -1.322024052527997 ], [ 36.757855165025525, -1.321524475692984 ], [ 36.758781603886121, -1.320577696252031 ], [ 36.759307099760036, -1.319989316987902 ], [ 36.760269951693488, -1.318876991320396 ], [ 36.760307415202419, -1.318837856180024 ], [ 36.760348581489282, -1.318802690409037 ], [ 36.760393037337138, -1.318771846993174 ], [ 36.760440336509262, -1.31874563553151 ], [ 36.760490004228295, -1.318724319128723 ], [ 36.76054154194194, -1.318708111754223 ], [ 36.760594432327274, -1.318697176094227 ], [ 36.76064814448354, -1.318691621918807 ], [ 36.760866521908412, -1.318680123638766 ], [ 36.760734013178478, -1.318500819124253 ], [ 36.760009414016139, -1.318393731744858 ], [ 36.758832600854063, -1.318588621100828 ], [ 36.758791650953889, -1.318593790861588 ], [ 36.757866845651463, -1.318674490218901 ], [ 36.757455954279251, -1.318805853403521 ], [ 36.755964741931876, -1.319490763254433 ], [ 36.755943903055261, -1.319499805904618 ], [ 36.755471802844198, -1.319692905806374 ], [ 36.755441771355819, -1.319704154431742 ], [ 36.754497670959324, -1.320025954201004 ], [ 36.75445473552211, -1.320038615470901 ], [ 36.754410904591722, -1.320047648769545 ], [ 36.754366480244123, -1.320052991841233 ], [ 36.75331617995797, -1.320134991469746 ], [ 36.75299315119404, -1.32016019359347 ], [ 36.752939154998579, -1.32016167360409 ], [ 36.752885282821453, -1.320157706048576 ], [ 36.752832075851352, -1.320148330784759 ], [ 36.752780068594262, -1.320133641995202 ], [ 36.751755768649346, -1.319787741603171 ], [ 36.751752524240587, -1.319786634424573 ], [ 36.751751222427821, -1.319786185523095 ], [ 36.751292285051015, -1.319631159949088 ], [ 36.750389224448185, -1.319688826522707 ], [ 36.750338097340816, -1.319689644947172 ], [ 36.75028712329793, -1.319685582862064 ], [ 36.750236761199361, -1.3196766768357 ], [ 36.750187464415959, -1.319663007042622 ], [ 36.750139676728253, -1.319644696541854 ], [ 36.749259976848158, -1.319258596222109 ], [ 36.749207651866591, -1.319232137696807 ], [ 36.74915848793237, -1.319200121628114 ], [ 36.748938225779014, -1.31903894920524 ], [ 36.748278763699687, -1.318556576594436 ], [ 36.74827129603306, -1.31855101464291 ], [ 36.74764899626522, -1.318079114482253 ], [ 36.747613052577634, -1.318049322955859 ], [ 36.747579798083784, -1.318016519940418 ], [ 36.747549481023036, -1.317980950305563 ], [ 36.747522327707216, -1.317942879573277 ], [ 36.746716537832221, -1.316703379708974 ], [ 36.745979101228443, -1.315966213922096 ], [ 36.74560289836446, -1.315715411824322 ], [ 36.744762298324162, -1.315304996026956 ], [ 36.743549875097045, -1.314996909801879 ], [ 36.743490572651375, -1.314978117907806 ], [ 36.743433815201826, -1.314952576923943 ], [ 36.742452701627222, -1.314440799178201 ], [ 36.741364463793531, -1.313907469677055 ], [ 36.741322463631988, -1.313884513600716 ], [ 36.740614363821123, -1.31345551337746 ], [ 36.740587707526423, -1.313438269362849 ], [ 36.740002166680142, -1.313034515927586 ], [ 36.739758262643335, -1.312920242104251 ], [ 36.739711468594457, -1.312895437191205 ], [ 36.739667315546782, -1.312866135419613 ], [ 36.739626228717917, -1.312832618981949 ], [ 36.739588603795987, -1.312795210660085 ], [ 36.739554803129003, -1.312754270716802 ], [ 36.739525152235238, -1.312710193426174 ], [ 36.739499936668359, -1.312663403276536 ], [ 36.739479399267395, -1.312614350882455 ], [ 36.739463737818127, -1.312563508645007 ], [ 36.739453103148271, -1.31251136620234 ], [ 36.739447597674982, -1.312458425714216 ], [ 36.739447274418552, -1.312405197025985 ], [ 36.739452136491764, -1.312352192758398 ], [ 36.739462137069985, -1.312299923370966 ], [ 36.73947717984209, -1.312248892245863 ], [ 36.739497119937994, -1.312199590840147 ], [ 36.739521765323829, -1.312152493952792 ], [ 36.739550878651336, -1.312108055152113 ], [ 36.73958417954367, -1.312066702407662 ], [ 36.739621347295497, -1.312028833968712 ], [ 36.739662023961628, -1.311994814528861 ], [ 36.73970581780415, -1.31196497171385 ], [ 36.739752307065068, -1.311939592926371 ], [ 36.739801044028034, -1.311918922578184 ], [ 36.739851559330098, -1.311903159736341 ], [ 36.739903366481876, -1.311892456206002 ], [ 36.739955966552699, -1.311886915068478 ], [ 36.740008852975564, -1.311886589688461 ], [ 36.740061516425655, -1.311891483200129 ], [ 36.740113449725378, -1.311901548476887 ], [ 36.740164152728738, -1.311916688585191 ], [ 36.740213137138092, -1.311936757718088 ], [ 36.740497437184153, -1.312069957616632 ], [ 36.740513364849591, -1.312078400648457 ], [ 36.740529547746313, -1.312086336815989 ], [ 36.740536749627715, -1.312090796590939 ], [ 36.74054423126492, -1.312094762501749 ], [ 36.74055925999459, -1.31210473616654 ], [ 36.740574592088564, -1.312114230586758 ], [ 36.741183816093738, -1.312534313869959 ], [ 36.741857842262334, -1.312942670032744 ], [ 36.742930636186252, -1.313468429755297 ], [ 36.742942684386811, -1.313474523221785 ], [ 36.743874308138906, -1.313960484788308 ], [ 36.7450797246535, -1.314266789595683 ], [ 36.745132333965927, -1.314283075697579 ], [ 36.745183018414814, -1.314304677673125 ], [ 36.746105718577702, -1.314755177349062 ], [ 36.746168107785785, -1.314790992191868 ], [ 36.74661870792557, -1.315091392059678 ], [ 36.746661441554508, -1.31512303349201 ], [ 36.746700877121043, -1.315158750407723 ], [ 36.747516277547284, -1.315973850282009 ], [ 36.747554162037758, -1.316015907768755 ], [ 36.747587471612334, -1.316061720079242 ], [ 36.748372754415527, -1.317269673325076 ], [ 36.748916193779451, -1.317681771754017 ], [ 36.749571936361242, -1.318161422994297 ], [ 36.749744737836416, -1.318287866823343 ], [ 36.750451051195313, -1.318597867197272 ], [ 36.751329475102985, -1.318541773138763 ], [ 36.751381613175781, -1.318540987724449 ], [ 36.75143358262153, -1.318545277281352 ], [ 36.751484896929639, -1.318554601653459 ], [ 36.751535075722451, -1.318568873551412 ], [ 36.752095758026179, -1.318758267348916 ], [ 36.753019076186405, -1.319070084620444 ], [ 36.753232834001494, -1.319053407454554 ], [ 36.754215842451636, -1.318976660749858 ], [ 36.75508084662129, -1.318681820506806 ], [ 36.755527582853368, -1.318499094708738 ], [ 36.75703805731974, -1.317805336601821 ], [ 36.757098643046803, -1.317781836737488 ], [ 36.757597542842198, -1.317622336610343 ], [ 36.757655202076783, -1.31760737642701 ], [ 36.75771414914346, -1.31759890951471 ], [ 36.758677975521586, -1.317514804438906 ], [ 36.759917198580823, -1.317309578551378 ], [ 36.759972317242713, -1.317303361504318 ], [ 36.760027778883867, -1.317302879007247 ], [ 36.760082996092336, -1.317308136171076 ], [ 36.761111495987251, -1.317460135768207 ], [ 36.761163388554259, -1.317470445301405 ], [ 36.761214027072917, -1.317485824988702 ], [ 36.76126292376361, -1.317506126684602 ], [ 36.761309607624881, -1.317531154831918 ], [ 36.761353628970419, -1.317560668345461 ], [ 36.761394563760682, -1.31759438293432 ], [ 36.761432017687561, -1.317631973840278 ], [ 36.761465629972534, -1.317673078966102 ], [ 36.762141940894367, -1.31858822955742 ], [ 36.764228731863476, -1.318302198633324 ], [ 36.766290146025774, -1.317793011757155 ], [ 36.766314634612101, -1.317787567567572 ], [ 36.767490634204293, -1.317554867204073 ], [ 36.767521879252904, -1.317549639305139 ], [ 36.768216390749991, -1.317454448808066 ], [ 36.768547903654223, -1.31721340988789 ], [ 36.768594403744714, -1.317183133398995 ], [ 36.768643745506573, -1.317157819779983 ], [ 36.768695407888806, -1.317137736344307 ], [ 36.7687488453345, -1.317123095174529 ], [ 36.768803493541903, -1.317114050882652 ], [ 36.768858775423489, -1.317110698977491 ], [ 36.769487339914861, -1.317105152602348 ], [ 36.76971352999923, -1.316996594805522 ], [ 36.769760170312161, -1.316976858360966 ], [ 36.769808444005093, -1.316961610929855 ], [ 36.769857925624649, -1.31695098689377 ], [ 36.769908179071514, -1.316945079886645 ], [ 36.769958761443888, -1.316943941969565 ], [ 36.77031247520506, -1.316952704588121 ], [ 36.770708804865038, -1.316653123446446 ], [ 36.771167964357026, -1.316300483195953 ], [ 36.77120852655559, -1.316272191495517 ], [ 36.771251490011934, -1.316247752797842 ], [ 36.771296494475514, -1.31622737202297 ], [ 36.771343162581793, -1.316211220065072 ], [ 36.77139110301647, -1.31619943235956 ], [ 36.771439913796655, -1.31619210774737 ], [ 36.771489185641499, -1.316189307646184 ], [ 36.772060395044448, -1.316183211386619 ], [ 36.772884163371927, -1.315997933475004 ], [ 36.772938319492511, -1.315988640647581 ], [ 36.772993134212491, -1.315984945112418 ], [ 36.773048037943944, -1.315986885270968 ], [ 36.773102460173874, -1.315994440963411 ], [ 36.773735615298797, -1.316115720625748 ], [ 36.773814559857428, -1.316115478805311 ], [ 36.773864280035227, -1.316117639149599 ], [ 36.77391359023509, -1.316124406322678 ], [ 36.773955849712408, -1.316134270664799 ], [ 36.774070336131231, -1.316077061379631 ], [ 36.774096286712286, -1.31606494687583 ], [ 36.774415086567771, -1.315926346814715 ], [ 36.774464006811129, -1.315907855992332 ], [ 36.774514476373795, -1.315894220562209 ], [ 36.774683376313405, -1.315857320511661 ], [ 36.774724993439364, -1.315849934665701 ], [ 36.774901593384676, -1.315825734607219 ], [ 36.774965628362139, -1.315820846085225 ], [ 36.775029786470135, -1.31582365830854 ], [ 36.775271686436952, -1.315848858215124 ], [ 36.775325134393583, -1.315857171893912 ], [ 36.775449818657393, -1.31588307173847 ], [ 36.775516248514634, -1.315885001453853 ], [ 36.775574174045147, -1.315889840111953 ], [ 36.775631244947895, -1.315900929204781 ], [ 36.77568679738863, -1.315918139747579 ], [ 36.775740185195275, -1.315941271552381 ], [ 36.775796061273155, -1.315969167043746 ], [ 36.775912224357249, -1.315986851999676 ], [ 36.776124059911851, -1.316001944919472 ], [ 36.776187512521076, -1.315995844779172 ], [ 36.776318749388849, -1.315981615159364 ], [ 36.776593916279026, -1.315914251242435 ], [ 36.776837574822693, -1.315836410883434 ], [ 36.777064904501813, -1.315748709051084 ], [ 36.77710447860845, -1.31573518827736 ], [ 36.777144974679317, -1.315724794474235 ], [ 36.777378874596117, -1.315674394404014 ], [ 36.777423611143277, -1.315666721325526 ], [ 36.777468830480018, -1.315662863522737 ], [ 36.777677030428613, -1.31565396344786 ], [ 36.777722078475193, -1.315653934343985 ], [ 36.777766971568703, -1.315657691812858 ], [ 36.777811396052854, -1.315665209602383 ], [ 36.77803129604181, -1.315712009516691 ], [ 36.778081842008405, -1.31572537355337 ], [ 36.778130864262636, -1.315743602121616 ], [ 36.778177901837708, -1.315766523814867 ], [ 36.778547801918457, -1.315969623692719 ], [ 36.778594594561703, -1.315998521808568 ], [ 36.778638223418483, -1.316032061183433 ], [ 36.778678235766165, -1.316069893790725 ], [ 36.778714216409348, -1.316111627054293 ], [ 36.77875221643454, -1.316160527053379 ], [ 36.778760919318962, -1.316172039380974 ], [ 36.778805073922918, -1.316232093057178 ], [ 36.778957828628364, -1.316422058336933 ], [ 36.77899552198317, -1.316475176760395 ], [ 36.779099422066253, -1.316641976773056 ], [ 36.779124012630554, -1.316685858871839 ], [ 36.779144451936062, -1.316731847958432 ], [ 36.779160563659254, -1.316779547300313 ], [ 36.779172208809236, -1.316828545411121 ], [ 36.779179286926791, -1.31687841960037 ], [ 36.779181736950974, -1.316928739619906 ], [ 36.779181999828914, -1.317034231942721 ], [ 36.779183787428437, -1.317065508434418 ], [ 36.779227304533833, -1.317061658138851 ], [ 36.779252923185098, -1.3170606456106 ], [ 36.779290766392464, -1.317041028428153 ], [ 36.779341058649457, -1.317021087936917 ], [ 36.779393082567253, -1.317006318157889 ], [ 36.779579082499616, -1.316963518103289 ], [ 36.779614824079893, -1.316956563029749 ], [ 36.77985802400125, -1.316917762951414 ], [ 36.779909746099918, -1.31691207058987 ], [ 36.779961772549008, -1.316911424573299 ], [ 36.780013618440783, -1.316915830923403 ], [ 36.780064800550271, -1.316925248571698 ], [ 36.780114841839115, -1.316939589742379 ], [ 36.780163275901756, -1.316958720770326 ], [ 36.780209651312539, -1.31698246334692 ], [ 36.780253535833175, -1.317010596181955 ], [ 36.780326780841762, -1.317062718060734 ], [ 36.780447545034853, -1.317048413905621 ], [ 36.780612763233307, -1.31702177345865 ], [ 36.780687557855899, -1.316968383182703 ], [ 36.780772381084141, -1.316884588079896 ], [ 36.780806011049883, -1.316854050008104 ], [ 36.780842070031625, -1.316826461952707 ], [ 36.780880303331642, -1.31680201877846 ], [ 36.78096440329027, -1.316753118769544 ], [ 36.781003075761383, -1.316732689676503 ], [ 36.781043264821299, -1.316715479367202 ], [ 36.781133064782424, -1.316681279347451 ], [ 36.781178179287849, -1.316666349313987 ], [ 36.781224424529015, -1.316655474517952 ], [ 36.781271441415292, -1.31664873940168 ], [ 36.781318864864247, -1.316646196263245 ], [ 36.781405664844868, -1.316645396231379 ], [ 36.781442044781734, -1.316646297537439 ], [ 36.781533844765896, -1.316651697502586 ], [ 36.781555863501502, -1.316653449024277 ], [ 36.781644563489039, -1.316662348990149 ], [ 36.78170114708827, -1.31667110184721 ], [ 36.781756488984399, -1.316685846176835 ], [ 36.781809964731849, -1.316706415613373 ], [ 36.781892464743315, -1.31674331558389 ], [ 36.781895508009804, -1.316744688116314 ], [ 36.781913853645619, -1.31675303080727 ], [ 36.782010056922573, -1.316785030298896 ], [ 36.782050730157984, -1.316795457547286 ], [ 36.782154927904841, -1.316822233930712 ], [ 36.78217401209848, -1.316827515665852 ], [ 36.782339812101405, -1.316876715602264 ], [ 36.782350527218391, -1.316879900614965 ], [ 36.782443145413858, -1.316889538845628 ], [ 36.782502377715616, -1.316862964998101 ], [ 36.782527998188094, -1.316852257450477 ], [ 36.78266899885449, -1.316797567433956 ], [ 36.78267431112701, -1.316795487415562 ], [ 36.782684836385386, -1.31678530624743 ], [ 36.782812512893088, -1.316639941736955 ], [ 36.782858219338593, -1.316593810266061 ], [ 36.78303401924704, -1.316436510280866 ], [ 36.783064516681073, -1.316411175849677 ], [ 36.783149016637417, -1.316346075850422 ], [ 36.783205925641631, -1.316307746111966 ], [ 36.783335425577917, -1.316232046098511 ], [ 36.783344332228324, -1.316226952969838 ], [ 36.783413532194643, -1.316188252961603 ], [ 36.783450705956206, -1.316169317816713 ], [ 36.783489221942602, -1.316153329439866 ], [ 36.783526221926749, -1.31613962943152 ], [ 36.783573977600611, -1.31612444248857 ], [ 36.783588286127582, -1.316121326596953 ], [ 36.783623420164034, -1.316100717273055 ], [ 36.783689961530094, -1.31606765372947 ], [ 36.783739211651692, -1.316039566979129 ], [ 36.783794311466735, -1.316012196234745 ], [ 36.783852148651278, -1.315991315765677 ], [ 36.783911971400464, -1.315977196990506 ], [ 36.783973271380056, -1.315966396971198 ], [ 36.78402031125686, -1.315960242358195 ], [ 36.784067706632015, -1.315958274624852 ], [ 36.784071758321602, -1.315958465683331 ], [ 36.784100829972814, -1.315947663715795 ], [ 36.784173884446638, -1.315894874510032 ], [ 36.784216534569566, -1.315867026464296 ], [ 36.784281734537466, -1.315828726457639 ], [ 36.78433181803662, -1.315802738936583 ], [ 36.784384323702277, -1.315782156485123 ], [ 36.784438677583125, -1.315767204095331 ], [ 36.784482081385434, -1.315757686966437 ], [ 36.78453617148255, -1.315742133882963 ], [ 36.784567510495705, -1.315729969941727 ], [ 36.784599198249985, -1.315708371616221 ], [ 36.784641760578182, -1.315682168493991 ], [ 36.784686548141877, -1.315660039189828 ], [ 36.78473317709053, -1.315642173362759 ], [ 36.78478337706985, -1.31562557335042 ], [ 36.784813469016747, -1.315616590899625 ], [ 36.784820575730208, -1.315614694303398 ], [ 36.784862884227053, -1.31558866395079 ], [ 36.784911301894574, -1.315565188898985 ], [ 36.784961801804755, -1.315546683934962 ], [ 36.785013881790249, -1.31553333307128 ], [ 36.785067023971465, -1.315525269068545 ], [ 36.785120699906336, -1.315522572115213 ], [ 36.785166599896399, -1.315522572098303 ], [ 36.785169241301183, -1.315522696719398 ], [ 36.78517942692141, -1.315521018522528 ], [ 36.785207026913319, -1.315517918513202 ], [ 36.785256451915274, -1.315514672060958 ], [ 36.785276893467703, -1.315515222859605 ], [ 36.785281208585211, -1.315513343621204 ], [ 36.785331373024221, -1.315497138307226 ], [ 36.785382869881659, -1.31548594016659 ], [ 36.785435207034645, -1.31547985621338 ], [ 36.785487884330017, -1.315478944588666 ], [ 36.785540398363999, -1.315483214004836 ], [ 36.78559224729289, -1.315492623662284 ], [ 36.785642935628857, -1.31550708363936 ], [ 36.785691978975024, -1.315526455751603 ], [ 36.785738908654515, -1.315550554872339 ], [ 36.785744630780812, -1.315554242905683 ], [ 36.785756115309702, -1.315557507382736 ], [ 36.785798299883034, -1.315574116558889 ], [ 36.78580513099967, -1.315575817738606 ], [ 36.785852067580855, -1.315592252710918 ], [ 36.785897300487065, -1.315612969226829 ], [ 36.785940445113511, -1.315637791139153 ], [ 36.785954532726322, -1.315646787773432 ], [ 36.785968860312181, -1.315639762500906 ], [ 36.785973258856721, -1.315637630509971 ], [ 36.786029274171717, -1.315610793568977 ], [ 36.786059966317737, -1.315595113873633 ], [ 36.786112660582937, -1.315571669724819 ], [ 36.786167540282243, -1.315554020921846 ], [ 36.786223978265888, -1.315542369150965 ], [ 36.786273321058594, -1.315537618598441 ], [ 36.786385845707052, -1.315487374990044 ], [ 36.786439760371174, -1.315466701746292 ], [ 36.78649556183737, -1.315451947664613 ], [ 36.786552610611281, -1.315443281830013 ], [ 36.786638783792412, -1.315434908696787 ], [ 36.786700660078033, -1.315413822625717 ], [ 36.786753185156044, -1.315398860850069 ], [ 36.786840385124378, -1.315378760824581 ], [ 36.78690747521118, -1.315367723121945 ], [ 36.786994575186334, -1.315359023092182 ], [ 36.787051811491196, -1.315356386430244 ], [ 36.787070334207243, -1.315357518013488 ], [ 36.787109036363908, -1.315345666385486 ], [ 36.787137744349565, -1.31533381950864 ], [ 36.787187784693536, -1.315316012389235 ], [ 36.787239322668192, -1.315303245566518 ], [ 36.787291858422243, -1.315295642862632 ], [ 36.787295544231235, -1.315295478477147 ], [ 36.787301314318846, -1.315292000168731 ], [ 36.787306843192262, -1.315285410355452 ], [ 36.787346505381514, -1.315246913936686 ], [ 36.787389865679586, -1.315212694614976 ], [ 36.78743647085485, -1.3151831100747 ], [ 36.787485833757977, -1.315158469554384 ], [ 36.787537438413878, -1.315139030614334 ], [ 36.787558800981316, -1.315133406477109 ], [ 36.78758479748425, -1.315107886962568 ], [ 36.787629222609198, -1.315068816719391 ], [ 36.787677624567202, -1.31503486773833 ], [ 36.787715565506517, -1.315011251424805 ], [ 36.787719934659457, -1.315006729635859 ], [ 36.787755736200303, -1.314972906589531 ], [ 36.787769014592058, -1.314962478071413 ], [ 36.787772671637526, -1.314958149481197 ], [ 36.787797979253476, -1.31493318095198 ], [ 36.787829597721014, -1.31489001745939 ], [ 36.787865879170425, -1.314849675359733 ], [ 36.787905993943468, -1.314813194797803 ], [ 36.787930093930981, -1.31479339479876 ], [ 36.787975156249608, -1.314760136381345 ], [ 36.787986727342542, -1.314753328415756 ], [ 36.788001645662519, -1.314716683760478 ], [ 36.788022329472618, -1.314676016676896 ], [ 36.788102729439615, -1.314533116722716 ], [ 36.788135035696449, -1.314482472492391 ], [ 36.788284535625152, -1.314274472547612 ], [ 36.788314843851659, -1.31423608543187 ], [ 36.788348472327996, -1.314200609685788 ], [ 36.788385146283282, -1.314168335174184 ], [ 36.788424566062744, -1.314139525605286 ], [ 36.788530066009542, -1.314069525599349 ], [ 36.788597514581873, -1.314031460600636 ], [ 36.788663914551123, -1.314000060589437 ], [ 36.788710531571702, -1.313980641812554 ], [ 36.788758748514745, -1.313965695509664 ], [ 36.788841348483551, -1.313944295486588 ], [ 36.788889204105132, -1.313934202149654 ], [ 36.788937771667186, -1.313928515614526 ], [ 36.78898665141557, -1.313927282686886 ], [ 36.789035441026478, -1.313930513515257 ], [ 36.789112941016313, -1.313939213485452 ], [ 36.789163397964224, -1.313947330750286 ], [ 36.789212864338033, -1.313960220934679 ], [ 36.789272764339835, -1.313978920911873 ], [ 36.78932177255161, -1.313996879978362 ], [ 36.789368826507136, -1.314019522768047 ], [ 36.789413485536649, -1.314046637227222 ], [ 36.789455331399274, -1.314077969424038 ], [ 36.789493972199878, -1.314113225926659 ], [ 36.789528009504153, -1.314147444450275 ], [ 36.789607103575264, -1.314188220892244 ], [ 36.789657762056542, -1.314217944910681 ], [ 36.789704912179488, -1.314253032239869 ], [ 36.789747995775969, -1.314293067513187 ], [ 36.78979977813507, -1.314346724603483 ], [ 36.789834377858583, -1.314350453245358 ], [ 36.789891516093562, -1.314359756895243 ], [ 36.789947333473499, -1.314375174202895 ], [ 36.790001186185947, -1.314396527341744 ], [ 36.790052453079262, -1.314423570019726 ], [ 36.79006595211527, -1.314432670562377 ], [ 36.790071681929923, -1.314434778121766 ], [ 36.790115363598623, -1.314455475265788 ], [ 36.790157029648903, -1.314480023870261 ], [ 36.790196329660354, -1.314505623858661 ], [ 36.790239647664642, -1.314537009855067 ], [ 36.790246646799694, -1.314543226135197 ], [ 36.790281195262018, -1.314557659277707 ], [ 36.790325243359788, -1.314581073039544 ], [ 36.790442641943748, -1.314650642516485 ], [ 36.790540098511322, -1.314706085283251 ], [ 36.790581064665254, -1.314731896263291 ], [ 36.79061956862126, -1.314761297258678 ], [ 36.790655300727181, -1.314794051824566 ], [ 36.790690500745278, -1.314829351819188 ], [ 36.790728932389008, -1.314872232113725 ], [ 36.790762616870978, -1.314918981570147 ], [ 36.790791172401079, -1.314969070317049 ], [ 36.79081427532217, -1.315021930634463 ], [ 36.790830375340562, -1.315064830643813 ], [ 36.790845243434383, -1.315110464670689 ], [ 36.790856042880492, -1.315157243432065 ], [ 36.790862689024443, -1.315204800241088 ], [ 36.790865129768491, -1.31525276231195 ], [ 36.790863345980014, -1.315300753682036 ], [ 36.790858945988312, -1.315354853702522 ], [ 36.790851669913998, -1.315409710441277 ], [ 36.790838877975091, -1.31546353545562 ], [ 36.79082070333358, -1.31551576843509 ], [ 36.790797335184678, -1.315565865642118 ], [ 36.790769016787323, -1.315613305572254 ], [ 36.79073604293189, -1.315657594382956 ], [ 36.79073450390883, -1.315659455526726 ], [ 36.790732477602127, -1.315697691181674 ], [ 36.790727795108211, -1.315745728249339 ], [ 36.790714138219634, -1.315841668003918 ], [ 36.790709175169816, -1.31590319420213 ], [ 36.79070042172058, -1.3159659557699 ], [ 36.790685868251856, -1.316038996473448 ], [ 36.790691496723738, -1.316057001169303 ], [ 36.79070563332305, -1.316112202750277 ], [ 36.790713935799381, -1.316168592700643 ], [ 36.790716312454663, -1.316225548215868 ], [ 36.790712737039286, -1.316282440244955 ], [ 36.790711453260087, -1.316290044446832 ], [ 36.790776719110468, -1.31627839873498 ], [ 36.79082744417299, -1.316271828045114 ], [ 36.790878559666901, -1.316270126226999 ], [ 36.791016559638493, -1.316272126175887 ], [ 36.791034110043995, -1.31627266843249 ], [ 36.791063925537593, -1.316274079249481 ], [ 36.791079158437057, -1.316269286166212 ], [ 36.791122991644052, -1.316259437196125 ], [ 36.791167487420132, -1.316253295658557 ], [ 36.791238687400011, -1.316246495634176 ], [ 36.791288328355229, -1.316244071358657 ], [ 36.791337980126819, -1.316246259816812 ], [ 36.79138722048355, -1.316253042398773 ], [ 36.791435630692675, -1.316264361426942 ], [ 36.791482799080825, -1.316280120646399 ], [ 36.7915774990893, -1.316316720611447 ], [ 36.791627869822321, -1.316339225933432 ], [ 36.791675693656614, -1.31636679091439 ], [ 36.791720470519103, -1.31639912731998 ], [ 36.791782970543728, -1.316449327305134 ], [ 36.791819869158076, -1.316481837164888 ], [ 36.791853678958852, -1.316517588131846 ], [ 36.791884120018352, -1.316556284207028 ], [ 36.791953320067464, -1.316652984208807 ], [ 36.791982830425674, -1.316698944961859 ], [ 36.79200758957866, -1.316747664402717 ], [ 36.792027345537399, -1.316798646685029 ], [ 36.792035222786836, -1.31682245880431 ], [ 36.792059790193434, -1.316833420466541 ], [ 36.79218099021471, -1.316893520424846 ], [ 36.792227115804579, -1.316919289927147 ], [ 36.792270517143649, -1.316949474815422 ], [ 36.792310778369121, -1.316983785864818 ], [ 36.792347513705998, -1.317021894314446 ], [ 36.792380371163553, -1.317063435017369 ], [ 36.792409035908001, -1.31710800993945 ], [ 36.792433233279226, -1.317155191973188 ], [ 36.792452731422514, -1.317204529030175 ], [ 36.792467343510211, -1.317255548372954 ], [ 36.792492143548742, -1.317361348403281 ], [ 36.792502155252102, -1.317416819772177 ], [ 36.79250639209571, -1.31747303742349 ], [ 36.792504808308003, -1.317529394031338 ], [ 36.792500151493975, -1.317587658504001 ], [ 36.792507472966861, -1.317590862138443 ], [ 36.792552202804657, -1.317615747593067 ], [ 36.792594389401572, -1.317644785585343 ], [ 36.792633653373493, -1.317677714977138 ], [ 36.792694653402023, -1.31773401496569 ], [ 36.792735693723031, -1.317776428116554 ], [ 36.792785196356149, -1.317808311144429 ], [ 36.792799701744812, -1.317818118441401 ], [ 36.792840553956751, -1.317807935412107 ], [ 36.792893689618737, -1.317800228427786 ], [ 36.792947323485393, -1.317797880190386 ], [ 36.79295555641157, -1.317798346182612 ], [ 36.792972898686713, -1.317791743441223 ], [ 36.793041698658094, -1.31776824342479 ], [ 36.793087090748678, -1.317754942741566 ], [ 36.793133466327738, -1.317745696971529 ], [ 36.7931804685374, -1.317740577260814 ], [ 36.793227735697869, -1.317739623005751 ], [ 36.793298635683755, -1.317741322979379 ], [ 36.793339388940019, -1.317743857269019 ], [ 36.79337983461172, -1.31774948953965 ], [ 36.793458334605482, -1.31776348950924 ], [ 36.793509778336862, -1.317775304448922 ], [ 36.793559827564181, -1.317792125941906 ], [ 36.793608002531997, -1.317813792743427 ], [ 36.793653841450777, -1.31784009716316 ], [ 36.793676966734822, -1.317854922519822 ], [ 36.793677470960503, -1.31785503131128 ], [ 36.793724570968941, -1.31786485583521 ], [ 36.793763575100414, -1.317874530469871 ], [ 36.793801754902368, -1.317887102246729 ], [ 36.79387015490763, -1.317912502221314 ], [ 36.793918822153266, -1.317933359247167 ], [ 36.793965223562957, -1.317958917454884 ], [ 36.793993456902527, -1.317978313194316 ], [ 36.794013172125354, -1.317988434792452 ], [ 36.794054272135135, -1.318012234779323 ], [ 36.794102673950043, -1.3180438497239 ], [ 36.794147440137742, -1.318080491586463 ], [ 36.794188057561819, -1.318121740357235 ], [ 36.794224060641284, -1.318167123219316 ], [ 36.794254860663287, -1.318210523220255 ], [ 36.794272604480007, -1.318238328712117 ], [ 36.794277850901238, -1.318239936056495 ], [ 36.794325559094396, -1.318259745753928 ], [ 36.794371165950871, -1.318284057397555 ], [ 36.794414253265359, -1.318312648055211 ], [ 36.794512753299671, -1.318385048029153 ], [ 36.794562050608846, -1.318426007624771 ], [ 36.79460618258792, -1.31847255379869 ], [ 36.794656582618742, -1.318532453795168 ], [ 36.794690038109877, -1.318576614105126 ], [ 36.794718832168414, -1.318623985740218 ], [ 36.794742662994466, -1.318674072184039 ], [ 36.794761280809297, -1.318726348465344 ], [ 36.79477382699725, -1.31876820964767 ], [ 36.794784936190503, -1.318787392490553 ], [ 36.794795848475395, -1.318794775921654 ], [ 36.794855166735942, -1.3188322400579 ], [ 36.794899286366686, -1.318863300746919 ], [ 36.794940106589813, -1.318898637067684 ], [ 36.794972172416969, -1.318932556917173 ], [ 36.795019703215885, -1.318931500659458 ], [ 36.795077327089913, -1.318933324423086 ], [ 36.795134427706003, -1.318941332924703 ], [ 36.795207527701194, -1.318955632896389 ], [ 36.795255379825626, -1.318967299756691 ], [ 36.795301916774591, -1.318983293425533 ], [ 36.795325831308631, -1.318987167958735 ], [ 36.795376342196256, -1.319000503466707 ], [ 36.79542533368403, -1.319018696385129 ], [ 36.795472345831122, -1.319041575916193 ], [ 36.79550488094501, -1.319061532191148 ], [ 36.795563729760929, -1.319066365033371 ], [ 36.795616169599107, -1.319073292187494 ], [ 36.795667682311667, -1.319085359239547 ], [ 36.795717771803062, -1.319102449977784 ], [ 36.79576595568404, -1.319124399809591 ], [ 36.795811769917293, -1.319150997346594 ], [ 36.795854773286386, -1.319181986440386 ], [ 36.795894551644963, -1.319217068649378 ], [ 36.795930721905165, -1.319255906112973 ], [ 36.795962935727047, -1.319298124805269 ], [ 36.795990882873269, -1.319343318137211 ], [ 36.796014294196894, -1.319391050872201 ], [ 36.796032944233438, -1.319440863317704 ], [ 36.796046653372251, -1.319492275752324 ], [ 36.796055289586256, -1.319544793045798 ], [ 36.796058769703492, -1.31959790942742 ], [ 36.796057060208142, -1.319651113356866 ], [ 36.796050177563288, -1.319703892450637 ], [ 36.796038188052378, -1.319755738416643 ], [ 36.79602120714091, -1.31980615194928 ], [ 36.795999398364422, -1.319854647538168 ], [ 36.795972971753542, -1.319900758143779 ], [ 36.795942181811306, -1.319944039695329 ], [ 36.795907325062096, -1.319984075367509 ], [ 36.795868737195974, -1.320020479594668 ], [ 36.795826789835758, -1.320052901784055 ], [ 36.795781886958068, -1.320081029692277 ], [ 36.795734461002823, -1.32010459243228 ], [ 36.795684968708535, -1.32012336308221 ], [ 36.795633886713659, -1.320137160870768 ], [ 36.795581706966296, -1.320145852918096 ], [ 36.795528931986425, -1.320149355515502 ], [ 36.795476070026361, -1.320147634931613 ], [ 36.795255669992073, -1.320129534847762 ], [ 36.795201263507536, -1.320122244509759 ], [ 36.795147875888489, -1.320109422577071 ], [ 36.795096060845893, -1.320091202033309 ], [ 36.795046355780507, -1.32006777185386 ], [ 36.795014411633382, -1.320048504222755 ], [ 36.794940238475675, -1.320073260318979 ], [ 36.79488889253016, -1.320087604230924 ], [ 36.794836390174162, -1.320096774709064 ], [ 36.794783244664373, -1.320100682104465 ], [ 36.794729975544783, -1.320099288219474 ], [ 36.794677103567658, -1.320092606681135 ], [ 36.794625145602751, -1.320080702807865 ], [ 36.794522345603184, -1.320051702768455 ], [ 36.794473587757743, -1.320035387943522 ], [ 36.79442659516647, -1.320014474049069 ], [ 36.794381794958419, -1.319989151177986 ], [ 36.794339594335341, -1.319959649497565 ], [ 36.794295594351759, -1.319925649486564 ], [ 36.794256860320438, -1.31989269000019 ], [ 36.794221376421042, -1.319856211561091 ], [ 36.794189456948075, -1.319816537273381 ], [ 36.794161384624388, -1.319774018547989 ], [ 36.794137408097129, -1.319729031990075 ], [ 36.794117739735341, -1.319681976063257 ], [ 36.794102553748949, -1.319633267560305 ], [ 36.794102463937115, -1.319632843278958 ], [ 36.794080914938597, -1.319618262851264 ], [ 36.794041831611722, -1.319589158941542 ], [ 36.794005513222714, -1.319556628578988 ], [ 36.79397225531963, -1.319520936486392 ], [ 36.793942328545143, -1.319482373115685 ], [ 36.793915976434128, -1.319441252284322 ], [ 36.793810576522894, -1.319259252302668 ], [ 36.793794257689335, -1.319226841343216 ], [ 36.793771291156048, -1.319217319584151 ], [ 36.793725833595204, -1.319193140064035 ], [ 36.793682872191994, -1.319164710828085 ], [ 36.793517072249514, -1.319043210784079 ], [ 36.793474256711903, -1.31900833049132 ], [ 36.793435202261307, -1.318969233795628 ], [ 36.793400316867789, -1.318926329109168 ], [ 36.793383399396426, -1.318900542332103 ], [ 36.793367402495583, -1.318896561921546 ], [ 36.793294102495935, -1.318875861893448 ], [ 36.793238826302655, -1.318856946071105 ], [ 36.793235883749404, -1.318855565799247 ], [ 36.793228844417882, -1.318858528837477 ], [ 36.793206814584771, -1.318867234847135 ], [ 36.793167614568006, -1.318881734838347 ], [ 36.793118264945264, -1.318897327635107 ], [ 36.793067657438769, -1.318908087218589 ], [ 36.79301921613586, -1.318913579133826 ], [ 36.792996563724323, -1.318924071094295 ], [ 36.792945638164127, -1.318941703499008 ], [ 36.792893218427885, -1.318954132541524 ], [ 36.792839827941428, -1.318961234114935 ], [ 36.792785999823714, -1.318962937308629 ], [ 36.792732271563473, -1.318959225116338 ], [ 36.79267917965219, -1.318950134605919 ], [ 36.792627254227128, -1.318935756549197 ], [ 36.792588963804242, -1.318920877961722 ], [ 36.792571562560106, -1.318916672609874 ], [ 36.792518290513023, -1.318897671933324 ], [ 36.792467288435887, -1.318873160772954 ], [ 36.7924228683205, -1.318845725488941 ], [ 36.792407019893922, -1.318838590331928 ], [ 36.79240600274489, -1.31883829990797 ], [ 36.79235764173665, -1.318819263119951 ], [ 36.792311325538066, -1.318795630326975 ], [ 36.792267484133532, -1.31876762092866 ], [ 36.792194094821745, -1.318715577989939 ], [ 36.792152930997368, -1.318689065676492 ], [ 36.792146342362614, -1.318686218043466 ], [ 36.792099621627017, -1.318663279119199 ], [ 36.792055314002717, -1.318635916609965 ], [ 36.792013831702256, -1.318604385081365 ], [ 36.791975560652872, -1.31856897788502 ], [ 36.791940856906095, -1.318530024429513 ], [ 36.79193795858145, -1.318526060994798 ], [ 36.791893553380298, -1.318505599755742 ], [ 36.791842668705151, -1.318478763747561 ], [ 36.791794911194899, -1.318446628944441 ], [ 36.791715811223469, -1.318387028924077 ], [ 36.791678228763118, -1.318355951838974 ], [ 36.791643583221628, -1.318321591012148 ], [ 36.791612156792702, -1.318284226318803 ], [ 36.791584205449759, -1.318244162101083 ], [ 36.791559956860986, -1.318201724689208 ], [ 36.791559334384687, -1.318200511720586 ], [ 36.79152933377361, -1.318158948345978 ], [ 36.791501950207973, -1.318111611644759 ], [ 36.791479449616382, -1.318061736719813 ], [ 36.79146206144339, -1.31800983216041 ], [ 36.791435461480212, -1.317914832185656 ], [ 36.791423383547709, -1.317861544885438 ], [ 36.791416694963573, -1.317807304784753 ], [ 36.791415463636149, -1.317752662579827 ], [ 36.7914160037218, -1.317733062155242 ], [ 36.791399666967465, -1.317721581259732 ], [ 36.791362702741225, -1.317690296657226 ], [ 36.79125260279298, -1.31758829663673 ], [ 36.791216421277639, -1.317551411048521 ], [ 36.791183902959823, -1.317511218083632 ], [ 36.791155344766437, -1.317468084747428 ], [ 36.791100050621075, -1.317375244152169 ], [ 36.791088389972465, -1.317375381795095 ], [ 36.791037317860706, -1.317371084740948 ], [ 36.790986882208173, -1.317361924571236 ], [ 36.790967272482987, -1.317356384417834 ], [ 36.790914351747809, -1.317355617431391 ], [ 36.790812251756989, -1.317373835562987 ], [ 36.790778509257656, -1.317383920947191 ], [ 36.79077008786895, -1.3173890460438 ], [ 36.790724479945688, -1.317411210511182 ], [ 36.790677006208796, -1.317428968211408 ], [ 36.79062808589962, -1.317442162326409 ], [ 36.790578151034168, -1.317450676339216 ], [ 36.790527642587953, -1.317454435063 ], [ 36.79047700660167, -1.317453405304866 ], [ 36.790426690242271, -1.317447596159142 ], [ 36.790377137853952, -1.317437058926929 ], [ 36.790178737851789, -1.317384958850447 ], [ 36.790128793592807, -1.317369199705279 ], [ 36.790080603739113, -1.317348638760803 ], [ 36.790034622814595, -1.317323469947229 ], [ 36.78999128450851, -1.31729393065581 ], [ 36.789950997584953, -1.317260299499855 ], [ 36.789914142027506, -1.317222893686829 ], [ 36.789898242655596, -1.317203268492515 ], [ 36.789880118159516, -1.317192148692875 ], [ 36.789839447059997, -1.317161564986652 ], [ 36.789801815752661, -1.317127265192221 ], [ 36.78976755817456, -1.317089553683677 ], [ 36.789713458208304, -1.317024053680474 ], [ 36.789683734984287, -1.316984523430626 ], [ 36.789657721686915, -1.316942427073197 ], [ 36.789635635593953, -1.316898116221533 ], [ 36.789617661180849, -1.316851960985605 ], [ 36.789603948579938, -1.316804346880747 ], [ 36.789594612326397, -1.316755671607501 ], [ 36.789589730401687, -1.316706341729863 ], [ 36.789589323495107, -1.3166987034759 ], [ 36.789580073534282, -1.316664686235927 ], [ 36.789569135666959, -1.316615637593626 ], [ 36.789562756207516, -1.316565780462512 ], [ 36.789560989944846, -1.316515543034516 ], [ 36.789563852047962, -1.316465356767682 ], [ 36.78957131793581, -1.316415652680607 ], [ 36.789605417946319, -1.316243152747106 ], [ 36.789616887167313, -1.316199970143779 ], [ 36.789615711232564, -1.316194269720995 ], [ 36.789606707084275, -1.31613350887951 ], [ 36.789604586949388, -1.316072113002255 ], [ 36.789605786960351, -1.316017013022615 ], [ 36.789608222794193, -1.315976039030476 ], [ 36.789614322803047, -1.31591333905435 ], [ 36.789622278499628, -1.315859544152368 ], [ 36.78963737719824, -1.315783767172644 ], [ 36.789641125055283, -1.315737305742815 ], [ 36.789644805101595, -1.315704271648084 ], [ 36.789657401043506, -1.315615785261647 ], [ 36.789660722621221, -1.315553108754951 ], [ 36.789664837329212, -1.315517132977061 ], [ 36.789621523934478, -1.315490409620399 ], [ 36.789578640241437, -1.315457603868256 ], [ 36.789539224380285, -1.31542065358307 ], [ 36.789519912376505, -1.315398532624176 ], [ 36.789461658891668, -1.315387697377838 ], [ 36.789407361809616, -1.31537463871603 ], [ 36.789354698191843, -1.315355997009024 ], [ 36.78930423309977, -1.31533197227618 ], [ 36.789256508005288, -1.315302822294761 ], [ 36.789212034980956, -1.315268859833974 ], [ 36.789093935030998, -1.315168559808155 ], [ 36.789054904070618, -1.315131932238363 ], [ 36.789036668842314, -1.315113036795603 ], [ 36.789019991078703, -1.315104438666627 ], [ 36.788982697478474, -1.315170722932967 ], [ 36.788964164886622, -1.315222341657666 ], [ 36.788945450944951, -1.315267878826492 ], [ 36.788922708098688, -1.315311518713176 ], [ 36.788916572229759, -1.315321070200121 ], [ 36.788907427035909, -1.315353497415425 ], [ 36.788887241775512, -1.31540464683868 ], [ 36.78886201066004, -1.315453474327831 ], [ 36.788831993435984, -1.31549947721909 ], [ 36.788797499121422, -1.315542181927092 ], [ 36.788758882824737, -1.315581148820343 ], [ 36.788716542088892, -1.315615976747003 ], [ 36.788670912798793, -1.315646307164755 ], [ 36.788622464694001, -1.315671827831797 ], [ 36.788582295132429, -1.315688007161446 ], [ 36.788566697899753, -1.315710088143839 ], [ 36.788533855554235, -1.315748436531946 ], [ 36.788497603856101, -1.315783536026292 ], [ 36.788458258617801, -1.315815080852397 ], [ 36.788416162601642, -1.31584279620291 ], [ 36.788406534283787, -1.315847914362422 ], [ 36.788403893986413, -1.31585036564117 ], [ 36.788356881880674, -1.31588534147063 ], [ 36.788306481855251, -1.315918741467776 ], [ 36.788295060293457, -1.315926078574307 ], [ 36.788250202582184, -1.315970113189258 ], [ 36.788200666375083, -1.316013154439958 ], [ 36.788146312182882, -1.316049835610555 ], [ 36.788046412133703, -1.316108735600506 ], [ 36.788000885013581, -1.316132341608283 ], [ 36.787964723244734, -1.316156646115344 ], [ 36.787787223156919, -1.3162636460989 ], [ 36.787745309186292, -1.316286442060368 ], [ 36.787701558743876, -1.316305423448053 ], [ 36.787579058690866, -1.316352223421272 ], [ 36.787530851167439, -1.316368071926393 ], [ 36.787481376969474, -1.316379289666787 ], [ 36.787431074176922, -1.316385777313057 ], [ 36.787415499207, -1.316386299728072 ], [ 36.787391841203871, -1.316398904121559 ], [ 36.787342528018684, -1.316422049061982 ], [ 36.787291147426636, -1.316440071561937 ], [ 36.78723822314614, -1.316452787920033 ], [ 36.787184294630229, -1.316460068520041 ], [ 36.787129911567931, -1.316461839152028 ], [ 36.787075628281301, -1.316458081768664 ], [ 36.787024500204673, -1.316449266094805 ], [ 36.787020454185466, -1.316450198719235 ], [ 36.786925439785925, -1.316482577451753 ], [ 36.786865662805198, -1.316499157923886 ], [ 36.786804389259558, -1.316508718255452 ], [ 36.786743121442854, -1.316514671382229 ], [ 36.786693954188316, -1.316536625112249 ], [ 36.786685662080124, -1.316540244185104 ], [ 36.786570762028546, -1.316589244162724 ], [ 36.786517900101302, -1.316608579439625 ], [ 36.786463323893692, -1.316622264563262 ], [ 36.786420383350183, -1.316628344448868 ], [ 36.786381258447499, -1.316654929676946 ], [ 36.786344358429176, -1.316677429673677 ], [ 36.786298650581116, -1.316702350106979 ], [ 36.786250769893343, -1.316722722515456 ], [ 36.786201161824891, -1.316738357364508 ], [ 36.7861502879055, -1.316749109195487 ], [ 36.786147508209595, -1.316749419560564 ], [ 36.786120453931652, -1.316755698220408 ], [ 36.786069170774581, -1.316762478443066 ], [ 36.786053570770306, -1.316763778437659 ], [ 36.785999823873127, -1.316765547855799 ], [ 36.785946169332803, -1.316761917613842 ], [ 36.785938075873169, -1.316760544931002 ], [ 36.785883243699416, -1.316756973508814 ], [ 36.785828510659009, -1.316747649413896 ], [ 36.785739310655302, -1.316727649379271 ], [ 36.785698759699095, -1.316716874504789 ], [ 36.785659164009061, -1.316702958574625 ], [ 36.785583664016436, -1.316673058546849 ], [ 36.785556460177439, -1.316661408051061 ], [ 36.785499660185934, -1.316635208030981 ], [ 36.785491204827871, -1.316630585722342 ], [ 36.785444034271755, -1.316617414266489 ], [ 36.785398660574508, -1.316599748396758 ], [ 36.785392226182509, -1.316599999247906 ], [ 36.785341219587863, -1.316614605959158 ], [ 36.785288030239421, -1.316624176268578 ], [ 36.785234156084179, -1.316628338117243 ], [ 36.785226756775877, -1.316628161626266 ], [ 36.785218630918912, -1.316630809224622 ], [ 36.785135625170227, -1.316652961232912 ], [ 36.785121001743143, -1.316662928526026 ], [ 36.785068469787227, -1.316694511641883 ], [ 36.78501271931124, -1.316719897847504 ], [ 36.784901419262788, -1.316763097823497 ], [ 36.784855547387906, -1.316778560444496 ], [ 36.784761869406971, -1.316805496569598 ], [ 36.784670215532998, -1.316871725634083 ], [ 36.784629746692758, -1.316898285390441 ], [ 36.784587077226163, -1.316921090852155 ], [ 36.784542550024639, -1.316939958755154 ], [ 36.784415249970017, -1.316987258726568 ], [ 36.784367097963525, -1.317002610810133 ], [ 36.784263597923932, -1.31703031078157 ], [ 36.784217454563304, -1.317040503903909 ], [ 36.784170601581664, -1.31704659083723 ], [ 36.784153271938955, -1.317047300863684 ], [ 36.78413402734067, -1.317056863240718 ], [ 36.784052280993244, -1.317112764350309 ], [ 36.784006834050061, -1.317140644726797 ], [ 36.783958876395282, -1.317163877438145 ], [ 36.78390887575263, -1.317182235899796 ], [ 36.783857319770732, -1.317195541065034 ], [ 36.783824740182517, -1.317200570953088 ], [ 36.783776941029572, -1.317228512214641 ], [ 36.783735394152693, -1.317260520502026 ], [ 36.783598612744491, -1.317382907911461 ], [ 36.783477887174591, -1.317520358425888 ], [ 36.783447553591493, -1.317552187163416 ], [ 36.783343553537456, -1.317652787176721 ], [ 36.783303473182137, -1.317687900425343 ], [ 36.783260152053842, -1.317718870510735 ], [ 36.783214011284542, -1.317745396367969 ], [ 36.783165499416434, -1.317767220135243 ], [ 36.783058999369892, -1.317808920112449 ], [ 36.783057401805593, -1.317809542696454 ], [ 36.782928548941548, -1.3178595208388 ], [ 36.782750422151985, -1.317939435093548 ], [ 36.782697894337552, -1.317959763223911 ], [ 36.782643546726057, -1.317974467522608 ], [ 36.7825879719189, -1.317983387655962 ], [ 36.782531775898605, -1.317986426360367 ], [ 36.782475571421195, -1.317983550502738 ], [ 36.78219017138187, -1.31795385039285 ], [ 36.782141117000236, -1.317946435716861 ], [ 36.782092947750641, -1.317934513045898 ], [ 36.782034867689106, -1.317917248675137 ], [ 36.781878681579535, -1.317870901469885 ], [ 36.78178452072774, -1.317846704179162 ], [ 36.781725769611789, -1.31783164232557 ], [ 36.781689684092605, -1.317821029323315 ], [ 36.781548684099221, -1.317774129269832 ], [ 36.781495891765616, -1.317753411728431 ], [ 36.781453211294753, -1.317734002718043 ], [ 36.781452325718327, -1.317733606623487 ], [ 36.781451741503631, -1.31773357225771 ], [ 36.781411918968892, -1.317772912076425 ], [ 36.781380144275133, -1.317801895606365 ], [ 36.78134618063325, -1.317828244784315 ], [ 36.781160280538039, -1.317960944779503 ], [ 36.781116091033468, -1.317989341655899 ], [ 36.781069369152455, -1.318013282668695 ], [ 36.781019169129451, -1.318035982659607 ], [ 36.780975210874331, -1.318053569565811 ], [ 36.78092988970409, -1.318067209190064 ], [ 36.780883554772082, -1.318076796453397 ], [ 36.780606954682327, -1.318121396364523 ], [ 36.780584690433891, -1.318124508522709 ], [ 36.780378690372515, -1.318148908453374 ], [ 36.780329934258035, -1.318152436882771 ], [ 36.780281061047042, -1.318151504571352 ], [ 36.780154561025761, -1.318143304523203 ], [ 36.780105471205452, -1.318137839990758 ], [ 36.780057084554635, -1.318127875395394 ], [ 36.780009807431583, -1.318113494421683 ], [ 36.779898907438834, -1.318074094379965 ], [ 36.779848377034391, -1.318053186509358 ], [ 36.779800209431109, -1.318027237139732 ], [ 36.779798273412823, -1.318025924342032 ], [ 36.779712994657487, -1.318045547594886 ], [ 36.779625988213922, -1.318096361085589 ], [ 36.779576529633594, -1.318121909468404 ], [ 36.779524719252144, -1.318142194035055 ], [ 36.779471108343657, -1.31815699895384 ], [ 36.779416267340139, -1.318166166697775 ], [ 36.77936077976198, -1.318169599720679 ], [ 36.779305236009151, -1.318167261495105 ], [ 36.779250227079203, -1.318159176900907 ], [ 36.779225882362667, -1.318152967509181 ], [ 36.779183356430487, -1.318160695170426 ], [ 36.779134696202817, -1.318167250581259 ], [ 36.779085645166077, -1.318169322081915 ], [ 36.779070286415937, -1.318168561079827 ], [ 36.779046427811359, -1.318175141022567 ], [ 36.778988719220507, -1.318187681821179 ], [ 36.778929993979737, -1.318193794296477 ], [ 36.778870956807793, -1.318193405097885 ], [ 36.778812316166508, -1.31818651889668 ], [ 36.778758216162053, -1.318177118875606 ], [ 36.778709914100304, -1.318166408202108 ], [ 36.778662791062899, -1.318151285790999 ], [ 36.778589791068704, -1.318124085763754 ], [ 36.778537840196535, -1.318101541911245 ], [ 36.778488523595371, -1.318073641125366 ], [ 36.778442384698415, -1.3180406908533 ], [ 36.778399931922706, -1.318003054183812 ], [ 36.77836163306673, -1.31796114584628 ], [ 36.778295633108279, -1.317880845842563 ], [ 36.778268219775519, -1.317844479509356 ], [ 36.778243941584108, -1.317805922096819 ], [ 36.778222970476165, -1.317765446675436 ], [ 36.778158470540077, -1.317627046698827 ], [ 36.77813936610557, -1.317580560346915 ], [ 36.778124622784418, -1.317532492572114 ], [ 36.778114367386792, -1.317483256816009 ], [ 36.778103767408133, -1.317417256837073 ], [ 36.778097698378666, -1.317360917400619 ], [ 36.778097502680396, -1.317304248144733 ], [ 36.778103182448938, -1.317247867608931 ], [ 36.778112092817551, -1.317204858381971 ], [ 36.778105449425517, -1.317088622174338 ], [ 36.77809953398836, -1.31707912558526 ], [ 36.777959871401656, -1.316905441389469 ], [ 36.777945580591727, -1.316886860351419 ], [ 36.777930644235276, -1.31686654572326 ], [ 36.777731032028605, -1.316756945094431 ], [ 36.777654882152504, -1.316740738543398 ], [ 36.777560030946233, -1.316744793146323 ], [ 36.777411583660601, -1.316776780021372 ], [ 36.777208595323486, -1.316855091012391 ], [ 36.777178748237773, -1.316865605743409 ], [ 36.776902348125041, -1.316953905673673 ], [ 36.776866675663328, -1.316963957385089 ], [ 36.776539075541599, -1.317044157290888 ], [ 36.776469425470715, -1.317056404219008 ], [ 36.776299725421254, -1.317074804161212 ], [ 36.776293245216834, -1.317075466939991 ], [ 36.776181945185286, -1.317086166901654 ], [ 36.776137317060893, -1.317088583676588 ], [ 36.776092643433337, -1.317087270506931 ], [ 36.775814743388054, -1.31706747040068 ], [ 36.775772194929196, -1.317062723366741 ], [ 36.775551494907305, -1.317029123280797 ], [ 36.775496899854517, -1.317017878850329 ], [ 36.775443750322239, -1.317001020444694 ], [ 36.775392614568254, -1.316978728309238 ], [ 36.775366589755222, -1.316965735697442 ], [ 36.775324620177329, -1.31696266682148 ], [ 36.775278165387569, -1.316955128086914 ], [ 36.77513378186989, -1.31692513613763 ], [ 36.77498303344484, -1.316909431823283 ], [ 36.774891358941815, -1.316921994205776 ], [ 36.774794371412675, -1.316943183275002 ], [ 36.77453684831822, -1.317055142709351 ], [ 36.774381163762122, -1.317132938728257 ], [ 36.774338514310308, -1.317151981291553 ], [ 36.774294388235759, -1.317167239764199 ], [ 36.774062988143626, -1.317236139703267 ], [ 36.774014226525487, -1.317248203388623 ], [ 36.773964561008185, -1.317255647123769 ], [ 36.773914422728268, -1.317258406291597 ], [ 36.773864246926195, -1.31725645694081 ], [ 36.773814469168023, -1.317249815993812 ], [ 36.7737655215644, -1.317238541099782 ], [ 36.773717829019461, -1.317222730134267 ], [ 36.773671805542321, -1.317202520349497 ], [ 36.773666921984628, -1.317199805730471 ], [ 36.773635812651712, -1.317198404113662 ], [ 36.773584839644855, -1.317191159224202 ], [ 36.773010446899484, -1.317081134963901 ], [ 36.772240236180643, -1.31725436634134 ], [ 36.77218466408258, -1.317263825959875 ], [ 36.772128414303332, -1.317267392587074 ], [ 36.771679564897639, -1.317272182642725 ], [ 36.771361035464039, -1.317516816955193 ], [ 36.771357745387292, -1.317519323770871 ], [ 36.770810045103595, -1.317933323770449 ], [ 36.770767460882901, -1.31796241909415 ], [ 36.770722313208317, -1.317987293210789 ], [ 36.770675013855893, -1.318007719252773 ], [ 36.770625994226343, -1.318023510921869 ], [ 36.770575701410358, -1.318034524188389 ], [ 36.770524594110846, -1.318040658604736 ], [ 36.770473138459245, -1.31804185822163 ], [ 36.770061110848033, -1.318031650702541 ], [ 36.769843469810006, -1.318136105270635 ], [ 36.769789149486613, -1.31815860624009 ], [ 36.769732718726132, -1.318175023491711 ], [ 36.769674847914921, -1.318185161992534 ], [ 36.769616224546759, -1.318188901299944 ], [ 36.769039916456933, -1.318193986177772 ], [ 36.768738296166788, -1.318413290252102 ], [ 36.768694013201738, -1.318442273628886 ], [ 36.76864712383508, -1.318466754635224 ], [ 36.768598078515588, -1.318486498091715 ], [ 36.768547348403381, -1.318501314330864 ], [ 36.768495420843713, -1.318511061019134 ], [ 36.767683019472976, -1.318622409052259 ], [ 36.766534872494752, -1.318849597224531 ], [ 36.76445805307079, -1.319362587724752 ], [ 36.764402324117405, -1.319373259035651 ], [ 36.761972123362334, -1.319706358226557 ], [ 36.761949823683764, -1.31970829916682 ], [ 36.761927555641819, -1.319710578539545 ], [ 36.760932586630872, -1.319762966416152 ], [ 36.76011704795436, -1.320705109041703 ], [ 36.760111504187513, -1.320711413943632 ], [ 36.759575003910548, -1.321312114060979 ], [ 36.759558181287503, -1.321330107992044 ], [ 36.758592580782427, -1.322316908147534 ], [ 36.758560887687757, -1.322346787528522 ], [ 36.758526907293771, -1.322374001734696 ], [ 36.757711606870494, -1.322974601724196 ], [ 36.757670233810593, -1.323002227095771 ], [ 36.757626510333367, -1.323025903099046 ], [ 36.757580807533131, -1.32304542878914 ], [ 36.757533513303258, -1.323060638446077 ], [ 36.757485029044048, -1.323071402981428 ], [ 36.756508198554123, -1.323241217336732 ], [ 36.755316791706065, -1.323496433360124 ], [ 36.755276042798144, -1.323503529655845 ], [ 36.755234873228119, -1.323507460324289 ], [ 36.754154397479837, -1.323568642241038 ], [ 36.75249270005083, -1.32402544864225 ], [ 36.752433356084644, -1.324038198241574 ], [ 36.749026023327112, -1.324570456255075 ], [ 36.748386180522274, -1.324735610859143 ], [ 36.748320546552364, -1.32474824748894 ], [ 36.746818446091538, -1.32494124698068 ], [ 36.746759713867718, -1.324945529066267 ], [ 36.746700868062469, -1.324943336348094 ], [ 36.745542167892332, -1.324836135896357 ], [ 36.745492896198506, -1.32482925710863 ], [ 36.745444464555568, -1.32481783527555 ], [ 36.745397285573411, -1.324801967705091 ], [ 36.745351761189909, -1.324781789580303 ], [ 36.744278961388041, -1.324245489206189 ], [ 36.744234464093395, -1.324220539616189 ], [ 36.743094202081913, -1.32350812439079 ], [ 36.740898851486278, -1.322851688916701 ], [ 36.740075577888987, -1.322711138824019 ], [ 36.738147559423851, -1.322562935307139 ], [ 36.738094488429795, -1.32255617590927 ], [ 36.73804234469786, -1.322544154389444 ], [ 36.737991641987776, -1.322526989193443 ], [ 36.737942879861116, -1.322504849446383 ], [ 36.737896538759202, -1.322477953286405 ], [ 36.737192538969374, -1.322021053074421 ], [ 36.736673498697805, -1.321684126678456 ], [ 36.736630513558609, -1.321653115618899 ], [ 36.736590755487327, -1.321618013355061 ], [ 36.736554607375389, -1.321579157941186 ], [ 36.736522417348283, -1.321536923576268 ], [ 36.736494495412941, -1.321491717000332 ], [ 36.736471110472195, -1.321443973577319 ], [ 36.736452487735171, -1.321394153102272 ], [ 36.736438806548364, -1.321342735373277 ], [ 36.736430198668536, -1.321290215570756 ], [ 36.736426746993757, -1.321237099488619 ], [ 36.736428484765149, -1.321183898663233 ], [ 36.73643539524673, -1.321131125447057 ], [ 36.736447411886608, -1.321079288074405 ], [ 36.736464418957944, -1.321028885766925 ], [ 36.736486252673416, -1.320980403925846 ], [ 36.73651270276261, -1.320934309457294 ], [ 36.736543514497058, -1.320891046275773 ], [ 36.736578391143325, -1.320851031029017 ], [ 36.736616996820779, -1.320814649085531 ], [ 36.736658959736225, -1.320782250823146 ], [ 36.736703875764483, -1.320754148254861 ], [ 36.73675131234031, -1.320730612023875 ], [ 36.736800812624196, -1.320711868797178 ], [ 36.736851899901964, -1.320698099082594 ], [ 36.736904082175784, -1.320689435490437 ], [ 36.736956856902324, -1.320685961456314 ], [ 36.737009715832521, -1.320687710437633 ], [ 36.737062149906272, -1.320694665591317 ], [ 36.73711365415496, -1.320706759936028 ], [ 36.737163732564554, -1.320723876997204 ], [ 36.737211902852508, -1.320745851928754 ], [ 36.737257701112412, -1.320772473100563 ], [ 36.737776681039797, -1.321109359813907 ], [ 36.738365852230011, -1.321491734976098 ], [ 36.740182340049699, -1.32163136389936 ], [ 36.740231427000055, -1.321637427573083 ], [ 36.741111226926833, -1.321787627224865 ], [ 36.741174579333865, -1.321802449419538 ], [ 36.743470479385543, -1.322488948525542 ] ] ] } },
{ "type": "Feature", "properties": { }, "geometry": { "type": "Polygon", "coordinates": [ [ [ 36.764866211412595, -1.287472105109458 ], [ 36.764915590904685, -1.287452006661217 ], [ 36.764966700431891, -1.287436912384768 ], [ 36.76513900036872, -1.287395212334516 ], [ 36.765162418530842, -1.28739009617581 ], [ 36.76537251845928, -1.287349096110387 ], [ 36.765416144770946, -1.287342434617443 ], [ 36.765424096359844, -1.287341553838519 ], [ 36.765441487246271, -1.287327736046014 ], [ 36.765555076955714, -1.287174728693419 ], [ 36.765594214467058, -1.287127792087801 ], [ 36.765605479736834, -1.287117025224308 ], [ 36.765606028439485, -1.287115860273451 ], [ 36.765635101966375, -1.28701644301711 ], [ 36.765651187781202, -1.28696949018446 ], [ 36.765671473146327, -1.286924215033105 ], [ 36.765695787993266, -1.286880997140941 ], [ 36.765723928471189, -1.286840198838259 ], [ 36.765755658656019, -1.286802162169975 ], [ 36.765790712528286, -1.286767206028119 ], [ 36.765883812479515, -1.28668250603647 ], [ 36.765924603180089, -1.286648893868114 ], [ 36.765968461567653, -1.286619453698759 ], [ 36.76618596145984, -1.286488453677587 ], [ 36.766225739653947, -1.286466724389334 ], [ 36.766411239566942, -1.286375324359293 ], [ 36.766462348469005, -1.286353353031665 ], [ 36.76651543377568, -1.28633679612929 ], [ 36.766569930961865, -1.286325829723851 ], [ 36.766669430930826, -1.286311129691086 ], [ 36.766669508349842, -1.28631112213576 ], [ 36.766669584664513, -1.2863111070014 ], [ 36.76676922917629, -1.286296415145324 ], [ 36.766858181824254, -1.286283280698398 ], [ 36.76714471866395, -1.28619669939568 ], [ 36.767304891654447, -1.286122495711777 ], [ 36.767483876470628, -1.28601365582421 ], [ 36.767722915309854, -1.285860890227237 ], [ 36.767732857333698, -1.285854687789345 ], [ 36.767911557244965, -1.285745887772658 ], [ 36.767961950370015, -1.285718769970783 ], [ 36.768157150279762, -1.285626769936836 ], [ 36.768207940742428, -1.285605933568546 ], [ 36.768226378250901, -1.285600492278213 ], [ 36.768230505100199, -1.285594825674516 ], [ 36.768268898598485, -1.285552370333454 ], [ 36.768311535199835, -1.285514236820007 ], [ 36.768357937315493, -1.285480852282699 ], [ 36.768412039904867, -1.285446128523863 ], [ 36.768465443933955, -1.285406891264728 ], [ 36.768510498002591, -1.285377145493093 ], [ 36.768558278042889, -1.285352076464773 ], [ 36.7686083064388, -1.285331934773888 ], [ 36.76866008309932, -1.285316921760235 ], [ 36.768713090457496, -1.285307187496678 ], [ 36.768766798644016, -1.285302829288896 ], [ 36.768820670783917, -1.285303890702801 ], [ 36.768874168363197, -1.285310361128937 ], [ 36.768899641388309, -1.285314751715205 ], [ 36.768905389331444, -1.285311374117615 ], [ 36.768972758175295, -1.285240607851674 ], [ 36.768977370962276, -1.285233254777473 ], [ 36.769009854190273, -1.285191247275422 ], [ 36.769046271935707, -1.285152646602506 ], [ 36.769086273476333, -1.285117824504072 ], [ 36.769129473576022, -1.285087116335934 ], [ 36.769175456194858, -1.285060817834538 ], [ 36.769223778495721, -1.285039182268995 ], [ 36.769273975109073, -1.285022418001893 ], [ 36.769325562614668, -1.285010686482644 ], [ 36.769378044197182, -1.285004100692643 ], [ 36.769430914430721, -1.285002724057138 ], [ 36.769483664146378, -1.285006569834438 ], [ 36.769535785335805, -1.285015600988204 ], [ 36.76958677604356, -1.28502973054407 ], [ 36.769636145201254, -1.285048822427231 ], [ 36.769683417356767, -1.285072692772965 ], [ 36.769728137253132, -1.285101111697255 ], [ 36.769769874212955, -1.285133805510698 ], [ 36.769808226286017, -1.285170459354302 ], [ 36.769842824120346, -1.285210720231693 ], [ 36.769873334519282, -1.285254200408713 ], [ 36.769899463650383, -1.285300481147422 ], [ 36.769920959875165, -1.285349116738875 ], [ 36.769937616172626, -1.285399638795468 ], [ 36.769949272132898, -1.285451560761822 ], [ 36.7699558155022, -1.285504382600568 ], [ 36.769957183263848, -1.28555759560803 ], [ 36.769953362245204, -1.285610687313306 ], [ 36.769951762246748, -1.285623887318392 ], [ 36.769943526243573, -1.285672972100157 ], [ 36.769930853984917, -1.285721090234882 ], [ 36.769913852200496, -1.285767836456165 ], [ 36.769892664084722, -1.285812817052324 ], [ 36.769867468090702, -1.285855653182375 ], [ 36.769838476427239, -1.285895984066716 ], [ 36.769805933271499, -1.285933470025814 ], [ 36.769631433180876, -1.286116770056132 ], [ 36.769615392897784, -1.286132043045215 ], [ 36.769599600713384, -1.286147575735807 ], [ 36.769596189393319, -1.286150327940796 ], [ 36.769593013401646, -1.286153352007295 ], [ 36.769575562983889, -1.286166969037001 ], [ 36.769558334178626, -1.286180868993499 ], [ 36.769554671259101, -1.28618327141034 ], [ 36.769551216059462, -1.286185967595237 ], [ 36.769532523564401, -1.286197797526136 ], [ 36.769514024061301, -1.286209930884321 ], [ 36.769323423967506, -1.286321930864128 ], [ 36.769261062141865, -1.28635331906633 ], [ 36.76915006209228, -1.286400419044124 ], [ 36.769102281488031, -1.286418068366151 ], [ 36.769053059731341, -1.2864311023583 ], [ 36.769002835834122, -1.28643940477011 ], [ 36.768952057746382, -1.286442901552337 ], [ 36.768915180818595, -1.286441930307072 ], [ 36.768892905412933, -1.286458052707482 ], [ 36.768835894574138, -1.286509558028911 ], [ 36.768794130102833, -1.286543660116789 ], [ 36.768749196639256, -1.286573402908742 ], [ 36.768701541639452, -1.286598490220879 ], [ 36.76865163966098, -1.286618672229545 ], [ 36.768599987637238, -1.286633747959023 ], [ 36.768547099928767, -1.28664356728295 ], [ 36.768539125610168, -1.286644637005793 ], [ 36.768444961392241, -1.286689017643157 ], [ 36.768295747132051, -1.286779865436286 ], [ 36.768056584586184, -1.28693270990105 ], [ 36.768046392263884, -1.286939064626611 ], [ 36.767836392159609, -1.287066764606933 ], [ 36.767783037434647, -1.287095230908736 ], [ 36.767561137332578, -1.28719803086913 ], [ 36.767490763129167, -1.287224814321172 ], [ 36.767130362986222, -1.287333714226183 ], [ 36.767053626168952, -1.287350876760339 ], [ 36.766925626129023, -1.287369776718184 ], [ 36.76692557027031, -1.287369782164853 ], [ 36.766925515208726, -1.287369793084353 ], [ 36.766825892064105, -1.287384481715211 ], [ 36.766809650355263, -1.287386881238308 ], [ 36.766720003100303, -1.287431052408711 ], [ 36.766618250547815, -1.287492337818693 ], [ 36.766614627634226, -1.287503146829222 ], [ 36.766598078145343, -1.287542154383007 ], [ 36.766532278122021, -1.287681854431556 ], [ 36.766505044232808, -1.287732531518519 ], [ 36.76647262334896, -1.287780015344363 ], [ 36.76643538125446, -1.287823770179888 ], [ 36.766393738127995, -1.287863302367825 ], [ 36.766381906749977, -1.287873394428083 ], [ 36.7662626231335, -1.28803407147775 ], [ 36.766232980960623, -1.288070576926984 ], [ 36.766200301204933, -1.28810435380826 ], [ 36.766164830750967, -1.288135146948874 ], [ 36.765970630649953, -1.288289446952702 ], [ 36.765929856089116, -1.288318850727308 ], [ 36.76588654197937, -1.288344311625422 ], [ 36.765841063542155, -1.288365609084834 ], [ 36.765793814748008, -1.288382558610401 ], [ 36.765745204903652, -1.288395013372296 ], [ 36.765695655106278, -1.288402865477929 ], [ 36.765556003819036, -1.288418334226195 ], [ 36.765431099656325, -1.288442708624396 ], [ 36.765421364829933, -1.288454731310168 ], [ 36.765385034566712, -1.288491715335636 ], [ 36.765345352086435, -1.288525027390288 ], [ 36.76530268220489, -1.288554361224464 ], [ 36.765257417202115, -1.288579447161814 ], [ 36.765209973216031, -1.288600054578498 ], [ 36.765128795737681, -1.288630756820938 ], [ 36.764950898469515, -1.288711435366432 ], [ 36.764901671578578, -1.28873089553741 ], [ 36.764850786582514, -1.288745405647693 ], [ 36.76479873353221, -1.288754825957408 ], [ 36.764746013727503, -1.288759065744291 ], [ 36.764693134889328, -1.288758084177409 ], [ 36.764640606270106, -1.288751890710352 ], [ 36.764588933749351, -1.288740544990202 ], [ 36.764538614961729, -1.288724156282998 ], [ 36.764490134504619, -1.288702882421516 ], [ 36.764443959271119, -1.288676928285182 ], [ 36.764400533953669, -1.288646543826936 ], [ 36.764360276761394, -1.288612021666079 ], [ 36.764323575392559, -1.288573694270125 ], [ 36.764290783300844, -1.288531930752992 ], [ 36.764262216291385, -1.288487133320207 ], [ 36.764238149479461, -1.288439733395438 ], [ 36.764218814640984, -1.288390187465686 ], [ 36.764204397980393, -1.288338972685011 ], [ 36.764195038337448, -1.288286582279372 ], [ 36.764190825850122, -1.288233520796523 ], [ 36.764191801086568, -1.288180299247031 ], [ 36.764197954654428, -1.288127430182926 ], [ 36.764209227291282, -1.288075422761623 ], [ 36.764225510435431, -1.288024777842416 ], [ 36.764246647271364, -1.287975983163031 ], [ 36.764272434239977, -1.287929508642408 ], [ 36.76430262299899, -1.287885801855126 ], [ 36.76433692281455, -1.287845283721126 ], [ 36.764375003361195, -1.287808344451923 ], [ 36.764416497903028, -1.287775339792729 ], [ 36.764461006825528, -1.287746587596433 ], [ 36.764508101484097, -1.287722364762523 ], [ 36.764648122766168, -1.287658863323942 ], [ 36.764661297563528, -1.287639197726314 ], [ 36.764695289827245, -1.287597924345957 ], [ 36.764733164063927, -1.287560229786525 ], [ 36.764774550311721, -1.287526482255192 ], [ 36.764819044302861, -1.287497011403926 ], [ 36.764866211412595, -1.287472105109458 ] ] ] } }
]
}
