{"type":"FeatureCollection","features":[{"type":"Feature","geometry":{"type":"Polygon","coordinates":[[[36.84742037046344,-1.4103021582155448],[36.84747390859175,-1.4103021820258426],[36.8474693923401,-1.4102531444768112],[36.84742037046344,-1.4102531563010385],[36.84742037046344,-1.4103021582155448]]]},"id":"0018000000000002ed38","properties":{"FID":128256}},{"type":"Feature","geometry":{"type":"Polygon","coordinates":[[[36.86273733916512,-1.4274607989764425],[36.862786432943025,-1.427478620548316],[36.862808763212435,-1.427411757060569],[36.86275966944943,-1.4273983969780142],[36.86273733916512,-1.4274607989764425]]]},"id":"0018000000000002eb5f","properties":{"FID":128512}},{"type":"Feature","geometry":{"type":"Polygon","coordinates":[[[36.87955710125352,-1.412727940479406],[36.87961956249064,-1.4128081706842048],[36.879668562924664,-1.412772546518411],[36.87960618380699,-1.412692255453972],[36.87955710125352,-1.412727940479406]]]},"id":"00180000000000031754","properties":{"FID":128768}},{"type":"Feature","geometry":{"type":"Polygon","coordinates":[[[36.87822381614553,-1.4281831892418944],[36.87822833051044,-1.4282545360455343],[36.87829514307871,-1.4282500753412661],[36.878290710797195,-1.4281787270722863],[36.87822381614553,-1.4281831892418944]]]},"id":"00180000000000034597","properties":{"FID":129024}},{"type":"Feature","geometry":{"type":"Polygon","coordinates":[[[36.86448532019275,-1.4273850317504473],[36.86454779422996,-1.4273849953890267],[36.86454779422996,-1.4273225954890585],[36.86448532019275,-1.4273225723164507],[36.86448532019275,-1.4273850317504473]]]},"id":"0018000000000002fad7","properties":{"FID":128513}},{"type":"Feature","geometry":{"type":"Polygon","coordinates":[[[36.879227147451445,-1.4127412945835864],[36.879267283702,-1.4127502425707543],[36.87928066244732,-1.4126967290207226],[36.879240526204065,-1.4126877810224143],[36.879227147451445,-1.4127412945835864]]]},"id":"0018000000000003203c","properties":{"FID":128769}},{"type":"Feature","geometry":{"type":"Polygon","coordinates":[[[36.86272403950728,-1.4272333925733736],[36.86277305119744,-1.4272690615902095],[36.86281319642688,-1.4272110863171719],[36.86275966944944,-1.4271754421548497],[36.86272403950728,-1.4272333925733736]]]},"id":"001800000000000304b7","properties":{"FID":128514}},{"type":"Feature","geometry":{"type":"Polygon","coordinates":[[[36.87924495842832,-1.4126343140875077],[36.87929847341123,-1.4126833209509684],[36.879351988355175,-1.4126298382456888],[36.87929847341123,-1.4125763133661218],[36.87924495842832,-1.4126343140875077]]]},"id":"001800000000000344cd","properties":{"FID":128770}},{"type":"Feature","geometry":{"type":"Polygon","coordinates":[[[36.86230485276369,-1.4271932725154357],[36.86237619513364,-1.4272378642044],[36.86242520705542,-1.427162055735175],[36.86234943149088,-1.4271174278938121],[36.86230485276369,-1.4271932725154357]]]},"id":"001800000000000358a8","properties":{"FID":128515}},{"type":"Feature","geometry":{"type":"Polygon","coordinates":[[[36.87442910712603,-1.4125986238001227],[36.874464813483556,-1.4126655014897602],[36.8745227644545,-1.4126342878387752],[36.87448714020864,-1.412567408728479],[36.87442910712603,-1.4125986238001227]]]},"id":"00180000000000031b57","properties":{"FID":128771}},{"type":"Feature","geometry":{"type":"Polygon","coordinates":[[[36.862197798030486,-1.4256682243662355],[36.86222456172838,-1.4257083528066563],[36.862304852763685,-1.425654866477446],[36.86227808909498,-1.4256147381232813],[36.862197798030486,-1.4256682243662355]]]},"id":"0018000000000003049f","properties":{"FID":128516}},{"type":"Feature","geometry":{"type":"Polygon","coordinates":[[[36.874197302673075,-1.412643217785072],[36.874335531762,-1.4126387598840304],[36.8743310171581,-1.4125673816623323],[36.874197302673075,-1.4125718748782146],[36.874197302673075,-1.412643217785072]]]},"id":"00180000000000031736","properties":{"FID":128772}},{"type":"Feature","geometry":{"type":"Polygon","coordinates":[[[36.86211307362205,-1.4255389397747567],[36.86214878595726,-1.4255880023094187],[36.862385143711414,-1.425431911664554],[36.86235386473299,-1.425378424489397],[36.86211307362205,-1.4255389397747567]]]},"id":"00180000000000036eed","properties":{"FID":128517}},{"type":"Feature","geometry":{"type":"Polygon","coordinates":[[[36.8788257837407,-1.4104894826616854],[36.87886148796327,-1.4105474365914017],[36.87897746500798,-1.4104761011060736],[36.87894176084173,-1.4104181473517954],[36.8788257837407,-1.4104894826616854]]]},"id":"00180000000000031076","properties":{"FID":128773}},{"type":"Feature","geometry":{"type":"Polygon","coordinates":[[[36.88774399550683,-1.437217294833405],[36.88779750430164,-1.437212837812802],[36.88779307259312,-1.437172709472471],[36.887743995506824,-1.4371772020395415],[36.88774399550683,-1.437217294833405]]]},"id":"00180000000000032b1b","properties":{"FID":129029}},{"type":"Feature","geometry":{"type":"Polygon","coordinates":[[[36.86245648600353,-1.4248968413567724],[36.86246986780667,-1.424928058149975],[36.86256345826364,-1.4248834268750994],[36.862550076477525,-1.4248566713244315],[36.86245648600353,-1.4248968413567724]]]},"id":"0018000000000003286f","properties":{"FID":128518}},{"type":"Feature","geometry":{"type":"Polygon","coordinates":[[[36.87885705571589,-1.4103289384448354],[36.878906056658145,-1.410373509330123],[36.87895513964629,-1.4103244528193069],[36.878906056658145,-1.4102798835116455],[36.87885705571589,-1.4103289384448354]]]},"id":"0018000000000002e894","properties":{"FID":128774}},{"type":"Feature","geometry":{"type":"Polygon","coordinates":[[[36.88737837838909,-1.4370701680069047],[36.88750771924296,-1.4371058642041816],[36.887538905455386,-1.4369943383407644],[36.8874095646564,-1.436958701579689],[36.88737837838909,-1.4370701680069047]]]},"id":"00180000000000035e3b","properties":{"FID":129030}},{"type":"Feature","geometry":{"type":"Polygon","coordinates":[[[36.8624609192392,-1.424562409588991],[36.862550076477525,-1.424727357051215],[36.86259465505619,-1.4247050532314232],[36.86250993110457,-1.4245356216834928],[36.8624609192392,-1.424562409588991]]]},"id":"001800000000000362af","properties":{"FID":128519}},{"type":"Feature","geometry":{"type":"Polygon","coordinates":[[[36.879191443406455,-1.4103334063289348],[36.87925390495425,-1.4103779663036204],[36.879302905631995,-1.410302161409706],[36.879240526204065,-1.4102575999883014],[36.879191443406455,-1.4103334063289348]]]},"id":"00180000000000031646","properties":{"FID":128775}},{"type":"Feature","geometry":{"type":"Polygon","coordinates":[[[36.886598060843966,-1.4360445827533543],[36.8866470566257,-1.4360579376538405],[36.88666494787454,-1.4359777147655266],[36.88662030181427,-1.4359643375582678],[36.886598060843966,-1.4360445827533543]]]},"id":"0018000000000002ece9","properties":{"FID":129031}},{"type":"Feature","geometry":{"type":"Polygon","coordinates":[[[36.86167615026983,-1.424120924909768],[36.86171178071924,-1.4241833712569514],[36.86182770270721,-1.4241209568323585],[36.861792072313904,-1.424054049553174],[36.86167615026983,-1.424120924909768]]]},"id":"00180000000000035fa6","properties":{"FID":128520}},{"type":"Feature","geometry":{"type":"Polygon","coordinates":[[[36.879267283702,-1.410163956548663],[36.87932523088808,-1.4102040819400188],[36.87936979930182,-1.4101372166078443],[36.87931628437083,-1.4100970689089478],[36.879267283702,-1.410163956548663]]]},"id":"00180000000000031dd2","properties":{"FID":128776}},{"type":"Feature","geometry":{"type":"Polygon","coordinates":[[[36.88627248837911,-1.4357859417793313],[36.886290379719156,-1.435830515535453],[36.88633937570604,-1.4358127011718345],[36.88631713465071,-1.4357680902599075],[36.88627248837911,-1.4357859417793313]]]},"id":"0018000000000002ecd3","properties":{"FID":129032}},{"type":"Feature","geometry":{"type":"Polygon","coordinates":[[[36.8620551128756,-1.423532320836052],[36.86208187662538,-1.4235858306727713],[36.86211307362205,-1.4235680004116074],[36.86208639198099,-1.4235189501138428],[36.8620551128756,-1.423532320836052]]]},"id":"00180000000000030545","properties":{"FID":128521}},{"type":"Feature","geometry":{"type":"Polygon","coordinates":[[[36.87905322344582,-1.4101594664987898],[36.87911568511104,-1.4101862525374347],[36.87914244265442,-1.410123817486946],[36.87907998101193,-1.4100970909026138],[36.87905322344582,-1.4101594664987898]]]},"id":"00180000000000032438","properties":{"FID":128777}},{"type":"Feature","geometry":{"type":"Polygon","coordinates":[[[36.886321566448245,-1.435652192876272],[36.88633937570604,-1.4356923067557408],[36.886388453730504,-1.4356700297728981],[36.88637064448461,-1.4356298564565124],[36.886321566448245,-1.435652192876272]]]},"id":"001800000000000303b7","properties":{"FID":129033}},{"type":"Feature","geometry":{"type":"Polygon","coordinates":[[[36.86808385320698,-1.4218556982264243],[36.86826223604148,-1.4218557102109413],[36.868262236041474,-1.4218155660607688],[36.86808828610365,-1.421811130000731],[36.86808385320698,-1.4218556982264243]]]},"id":"001800000000000308b4","properties":{"FID":128522}},{"type":"Feature","geometry":{"type":"Polygon","coordinates":[[[36.87743905115306,-1.4100792257045582],[36.87748805304038,-1.4100970467159732],[36.87749699978009,-1.4100569341658244],[36.87744791581851,-1.4100435730844354],[36.87743905115306,-1.4100792257045582]]]},"id":"00180000000000032f1d","properties":{"FID":128778}},{"type":"Feature","geometry":{"type":"Polygon","coordinates":[[[36.88847530635218,-1.4355406892463867],[36.888546623337184,-1.435540716842441],[36.888546623337184,-1.4354693392422386],[36.88847530635218,-1.4354693710637518],[36.88847530635218,-1.4355406892463867]]]},"id":"0018000000000002efb7","properties":{"FID":129034}},{"type":"Feature","geometry":{"type":"Polygon","coordinates":[[[36.8682666689274,-1.4218245234600575],[36.86830681115992,-1.4218244903710613],[36.86831124404314,-1.4217576200628688],[36.86827110181304,-1.4217531331953814],[36.8682666689274,-1.4218245234600575]]]},"id":"0018000000000002f61e","properties":{"FID":128523}},{"type":"Feature","geometry":{"type":"Polygon","coordinates":[[[36.87915582142245,-1.409976683688758],[36.87920933647025,-1.4100078553408137],[36.879231579676514,-1.4099721944515264],[36.879178064644904,-1.4099410228173785],[36.87915582142245,-1.409976683688758]]]},"id":"0018000000000003244f","properties":{"FID":128779}},{"type":"Feature","geometry":{"type":"Polygon","coordinates":[[[36.888551137068085,-1.435469373368625],[36.88855556873087,-1.4355407271484242],[36.88859126822697,-1.4355407104329938],[36.888591268226975,-1.435469332872753],[36.888551137068085,-1.435469373368625]]]},"id":"0018000000000003375b","properties":{"FID":129035}},{"type":"Feature","geometry":{"type":"Polygon","coordinates":[[[36.8683335726361,-1.421842310138564],[36.86840047628396,-1.4218467748991164],[36.86840490916155,-1.42174868151727],[36.868338005517714,-1.4217442166876593],[36.8683335726361,-1.421842310138564]]]},"id":"0018000000000002f3a4","properties":{"FID":128524}},{"type":"Feature","geometry":{"type":"Polygon","coordinates":[[[36.87741672532422,-1.4099766780331109],[36.87746580930663,-1.4099900391358686],[36.877474673968855,-1.4099499282263577],[36.87742567207262,-1.4099365656016045],[36.87741672532422,-1.4099766780331109]]]},"id":"0018000000000002f4c4","properties":{"FID":128780}},{"type":"Feature","geometry":{"type":"Polygon","coordinates":[[[36.882834561935134,-1.4348807746683352],[36.88284342594998,-1.4349699540154495],[36.88289250630916,-1.4349610016320407],[36.88288356022606,-1.4348718239039173],[36.882834561935134,-1.4348807746683352]]]},"id":"0018000000000003333c","properties":{"FID":129036}},{"type":"Feature","geometry":{"type":"Polygon","coordinates":[[[36.8680169492712,-1.421793306763161],[36.86811061476427,-1.421793289078594],[36.86811061476427,-1.4216996194598923],[36.86801694927121,-1.4216996370344601],[36.8680169492712,-1.421793306763161]]]},"id":"00180000000000033265","properties":{"FID":128525}},{"type":"Feature","geometry":{"type":"Polygon","coordinates":[[[36.879343041841196,-1.4100168009689198],[36.879414449766585,-1.4100212491387907],[36.87942331419386,-1.4098964315908433],[36.87934755613739,-1.4098919447174423],[36.879343041841196,-1.4100168009689198]]]},"id":"00180000000000030541","properties":{"FID":128781}},{"type":"Feature","geometry":{"type":"Polygon","coordinates":[[[36.84800452517717,-1.407421584846919],[36.84800895928295,-1.4074662194295524],[36.848071365187884,-1.4074662008554162],[36.848071365187884,-1.4074171439232177],[36.84800452517717,-1.407421584846919]]]},"id":"001800000000000324eb","properties":{"FID":128270}},{"type":"Feature","geometry":{"type":"Polygon","coordinates":[[[36.867936664467955,-1.4217576296484893],[36.868003568476745,-1.4217620945086886],[36.868003568476745,-1.4216951875831032],[36.86794117946433,-1.421690757637996],[36.867936664467955,-1.4217576296484893]]]},"id":"0018000000000002f182","properties":{"FID":128526}},{"type":"Feature","geometry":{"type":"Polygon","coordinates":[[[36.879231579676514,-1.4098651952242731],[36.879302905631995,-1.409874103327414],[36.87931185215087,-1.4098250753949164],[36.87924052620407,-1.409816167262053],[36.879231579676514,-1.4098651952242731]]]},"id":"0018000000000002ea73","properties":{"FID":128782}},{"type":"Feature","geometry":{"type":"Polygon","coordinates":[[[36.86156014594523,-1.4214098131832296],[36.86156466133283,-1.4214499357514436],[36.861640437705304,-1.421436571913634],[36.861631489036995,-1.4213919520973737],[36.86156014594523,-1.4214098131832296]]]},"id":"001800000000000321b1","properties":{"FID":128527}},{"type":"Feature","geometry":{"type":"Polygon","coordinates":[[[36.879129063883944,-1.4097760189480917],[36.87917363241662,-1.409789403612742],[36.87918257895122,-1.409753691132956],[36.879137928345635,-1.4097403674223294],[36.879129063883944,-1.4097760189480917]]]},"id":"0018000000000003125d","properties":{"FID":128783}},{"type":"Feature","geometry":{"type":"Polygon","coordinates":[[[36.86164487099012,-1.4213384714353061],[36.8616627683224,-1.4214098083930828],[36.86169839877828,-1.4214008786177244],[36.86168058355249,-1.421329540182379],[36.86164487099012,-1.4213384714353061]]]},"id":"00180000000000032bd0","properties":{"FID":128528}},{"type":"Feature","geometry":{"type":"Polygon","coordinates":[[[36.87846463660668,-1.4095441421874546],[36.87850034100463,-1.4095485956465934],[36.87850034100463,-1.4095084710243233],[36.87846463660668,-1.4095084758428884],[36.87846463660668,-1.4095441421874546]]]},"id":"0018000000000002ed50","properties":{"FID":128784}},{"type":"Feature","geometry":{"type":"Polygon","coordinates":[[[36.88311993343199,-1.4334136784463685],[36.88312887948631,-1.4334449169598922],[36.883182391641725,-1.4334315406006586],[36.88317344559392,-1.4334003021190513],[36.88311993343199,-1.4334136784463685]]]},"id":"001800000000000300bd","properties":{"FID":129040}},{"type":"Feature","geometry":{"type":"Polygon","coordinates":[[[36.8670270101841,-1.4201924695772816],[36.867035958196354,-1.4202281642795955],[36.867107295979935,-1.4202103058330773],[36.86709834797635,-1.4201790714905829],[36.8670270101841,-1.4201924695772816]]]},"id":"001800000000000310a8","properties":{"FID":128529}},{"type":"Feature","geometry":{"type":"Polygon","coordinates":[[[36.87932523088808,-1.409682342059417],[36.879392124537596,-1.4096823560783478],[36.879401071045606,-1.4095128963888628],[36.879334177404246,-1.4095129416714671],[36.87932523088808,-1.409682342059417]]]},"id":"0018000000000003661f","properties":{"FID":128785}},{"type":"Feature","geometry":{"type":"Polygon","coordinates":[[[36.88806061599876,-1.4334582983120057],[36.88809180197651,-1.4334627686398793],[36.888105179115534,-1.43339584264945],[36.88807399314347,-1.4333914317831622],[36.88806061599876,-1.4334582983120057]]]},"id":"00180000000000033926","properties":{"FID":129041}},{"type":"Feature","geometry":{"type":"Polygon","coordinates":[[[36.86827110181304,-1.4200007562952166],[36.86829786330221,-1.4200676382294721],[36.868565395568375,-1.419951697529738],[36.868534201306986,-1.4198847794252867],[36.86827110181304,-1.4200007562952166]]]},"id":"001800000000000344d9","properties":{"FID":128530}},{"type":"Feature","geometry":{"type":"Polygon","coordinates":[[[36.87921376869639,-1.4093746988316893],[36.87931185215087,-1.4093925056362648],[36.87933417740424,-1.4092676797546988],[36.87923609397954,-1.409249813424866],[36.87921376869639,-1.4093746988316893]]]},"id":"00180000000000030bb1","properties":{"FID":128786}},{"type":"Feature","geometry":{"type":"Polygon","coordinates":[[[36.88447996740962,-1.433391429080682],[36.884493345206195,-1.433444948639872],[36.88455128827243,-1.4334315487738014],[36.88453791048641,-1.4333780292725973],[36.88447996740962,-1.433391429080682]]]},"id":"0018000000000002f9ab","properties":{"FID":129042}},{"type":"Feature","geometry":{"type":"Polygon","coordinates":[[[36.8678787083081,-1.4193720214511207],[36.867945612369596,-1.419380888698607],[36.86795004527458,-1.4193229432821377],[36.86788322330803,-1.4193184751639498],[36.8678787083081,-1.4193720214511207]]]},"id":"00180000000000033507","properties":{"FID":128531}},{"type":"Feature","geometry":{"type":"Polygon","coordinates":[[[36.877795771013446,-1.4092899936478522],[36.87784034035435,-1.409339045067974],[36.87790723535493,-1.4092810421457227],[36.87786266605456,-1.4092275325309063],[36.877795771013446,-1.4092899936478522]]]},"id":"00180000000000034b8e","properties":{"FID":128787}},{"type":"Feature","geometry":{"type":"Polygon","coordinates":[[[36.88482778932902,-1.4333022244038134],[36.88483665310348,-1.4333513077980686],[36.88489016401544,-1.4333379317638535],[36.884881300247436,-1.4332888484204376],[36.88482778932902,-1.4333022244038134]]]},"id":"0018000000000003086e","properties":{"FID":129043}},{"type":"Feature","geometry":{"type":"Polygon","coordinates":[[[36.860530137745705,-1.4191223108457545],[36.860570284198445,-1.4191267398584893],[36.86057915089671,-1.4190866088645577],[36.860534571097396,-1.4190776826455604],[36.860530137745705,-1.4191223108457545]]]},"id":"0018000000000002f3fd","properties":{"FID":128532}},{"type":"Feature","geometry":{"type":"Polygon","coordinates":[[[36.87785371935934,-1.4091829363626054],[36.87791618204364,-1.409267680579262],[36.87811235228399,-1.4091205058954177],[36.878072215402916,-1.4090670337280278],[36.87801869952742,-1.4091071345142447],[36.87799645595422,-1.4090759208120232],[36.87785371935934,-1.4091829363626054]]]},"id":"00180000000000035353","properties":{"FID":128788}},{"type":"Feature","geometry":{"type":"Polygon","coordinates":[[[36.88458247573959,-1.4332353320402131],[36.8845958535175,-1.4333379227174627],[36.88481441159333,-1.4333111595529193],[36.88480989763289,-1.4332888796587926],[36.88483665310348,-1.4332888534597328],[36.88482778932902,-1.4331907585060184],[36.88471182151476,-1.4332041166603389],[36.88470738962014,-1.4331595302005289],[36.88462260906602,-1.4331684369425615],[36.88463155493743,-1.4332309018179312],[36.88458247573959,-1.4332353320402131]]]},"id":"0018000000000003646a","properties":{"FID":129044}},{"type":"Feature","geometry":{"type":"Polygon","coordinates":[[[36.861381828962365,-1.4186496310551233],[36.86151556674001,-1.418654107576395],[36.86151556674001,-1.418622884612949],[36.861381828962365,-1.4186184080434205],[36.861381828962365,-1.4186496310551233]]]},"id":"00180000000000033a03","properties":{"FID":128533}},{"type":"Feature","geometry":{"type":"Polygon","coordinates":[[[36.880444439816024,-1.408951060902352],[36.88050246815104,-1.4089688930662474],[36.88052922518967,-1.4088841712209053],[36.88047571110268,-1.4088663746789785],[36.880444439816024,-1.408951060902352]]]},"id":"00180000000000033382","properties":{"FID":128789}},{"type":"Feature","geometry":{"type":"Polygon","coordinates":[[[36.881612794993636,-1.433110461888961],[36.88162609123652,-1.433190751657879],[36.88173311769659,-1.433172921457927],[36.881719739397596,-1.4330926333759815],[36.881612794993636,-1.433110461888961]]]},"id":"001800000000000343c2","properties":{"FID":129045}},{"type":"Feature","geometry":{"type":"Polygon","coordinates":[[[36.863169905121424,-1.4175705482197771],[36.86322786498999,-1.4175660836767383],[36.86322786498998,-1.4175304021874864],[36.863169905121424,-1.4175348666999728],[36.863169905121424,-1.4175705482197771]]]},"id":"0018000000000002fc36","properties":{"FID":128534}},{"type":"Feature","geometry":{"type":"Polygon","coordinates":[[[36.878660805383674,-1.4087281144117858],[36.87866975198068,-1.4088841643590746],[36.878888245599164,-1.4088708027069585],[36.87887929902873,-1.4087459604135522],[36.8787455928144,-1.4087549050396813],[36.878741078481234,-1.4087236621670285],[36.878660805383674,-1.4087281144117858]]]},"id":"00180000000000036e79","properties":{"FID":128790}},{"type":"Feature","geometry":{"type":"Polygon","coordinates":[[[36.88293707256009,-1.433057008161723],[36.88294158663557,-1.4331684510598952],[36.883044097111245,-1.4331639701379923],[36.88303966511606,-1.4330525258578937],[36.88293707256009,-1.433057008161723]]]},"id":"00180000000000035397","properties":{"FID":129046}},{"type":"Feature","geometry":{"type":"Polygon","coordinates":[[[36.86294693160378,-1.4175303783184103],[36.8629514469063,-1.4176418592226943],[36.86298707673837,-1.4176418526447079],[36.86298707673837,-1.4175304070008186],[36.86294693160378,-1.4175303783184103]]]},"id":"001800000000000302a5","properties":{"FID":128535}},{"type":"Feature","geometry":{"type":"Polygon","coordinates":[[[36.87824170944482,-1.4086924487904613],[36.87824614172929,-1.4087638171801358],[36.8783665520219,-1.4087593381299979],[36.87836203766548,-1.4086879713708726],[36.87824170944482,-1.4086924487904613]]]},"id":"0018000000000003530a","properties":{"FID":128791}},{"type":"Feature","geometry":{"type":"Polygon","coordinates":[[[36.883008476994185,-1.4330569772189046],[36.88304861118014,-1.4330614586555734],[36.88304861118014,-1.4330079256098458],[36.883008476994185,-1.43300344415322],[36.883008476994185,-1.4330569772189046]]]},"id":"00180000000000032953","properties":{"FID":129047}},{"type":"Feature","geometry":{"type":"Polygon","coordinates":[[[36.87865194086445,-1.4086835177737482],[36.878656373124194,-1.4087103039840563],[36.878700941943414,-1.408705856224062],[36.878696509686364,-1.408674611862268],[36.87865194086445,-1.4086835177737482]]]},"id":"00180000000000033792","properties":{"FID":128792}},{"type":"Feature","geometry":{"type":"Polygon","coordinates":[[[36.886825476499496,-1.4314873810747295],[36.886954736257024,-1.4314918576695228],[36.88695925008572,-1.4313446902806883],[36.88683434003298,-1.4313357902495496],[36.886825476499496,-1.4314873810747295]]]},"id":"00180000000000034d58","properties":{"FID":129048}},{"type":"Feature","geometry":{"type":"Polygon","coordinates":[[[36.87883473031764,-1.4085096083302049],[36.8788525413896,-1.408549759895795],[36.87889267784466,-1.408531900659861],[36.87887486678244,-1.4084918085736513],[36.87883473031764,-1.4085096083302049]]]},"id":"00180000000000033156","properties":{"FID":128793}},{"type":"Feature","geometry":{"type":"Polygon","coordinates":[[[36.88623235595372,-1.431188627929189],[36.886245733431295,-1.431224300540527],[36.886290379719156,-1.4312064539357419],[36.886272488379106,-1.4311708064626947],[36.88623235595372,-1.431188627929189]]]},"id":"001800000000000318ab","properties":{"FID":129049}},{"type":"Feature","geometry":{"type":"Polygon","coordinates":[[[36.88021708649211,-1.4084070877396044],[36.88022151865749,-1.4084694782210347],[36.88025270796187,-1.4084694976124366],[36.88024827579837,-1.4084070477148274],[36.88021708649211,-1.4084070877396044]]]},"id":"0018000000000002fb4c","properties":{"FID":128794}},{"type":"Feature","geometry":{"type":"Polygon","coordinates":[[[36.887984784776584,-1.4308987443668173],[36.88802943000778,-1.4309121221702183],[36.88804280715815,-1.4308631030923538],[36.88800267569969,-1.4308497001946052],[36.887984784776584,-1.4308987443668173]]]},"id":"0018000000000002e95e","properties":{"FID":129050}},{"type":"Feature","geometry":{"type":"Polygon","coordinates":[[[36.87821495157362,-1.4083981673083577],[36.87823719508073,-1.408447213152891],[36.87830852200094,-1.408420457029585],[36.87828627851541,-1.408366953107911],[36.87821495157362,-1.4083981673083577]]]},"id":"0018000000000002ea63","properties":{"FID":128795}},{"type":"Feature","geometry":{"type":"Polygon","coordinates":[[[36.88785552683111,-1.4306089125568873],[36.88795803045225,-1.4306936452645584],[36.88802048455002,-1.4306089153257444],[36.88791789894748,-1.4305286448152168],[36.88785552683111,-1.4306089125568873]]]},"id":"00180000000000034fbd","properties":{"FID":129051}},{"type":"Feature","geometry":{"type":"Polygon","coordinates":[[[36.879227147451445,-1.4083937147185115],[36.879240526204065,-1.4084382869064722],[36.879343041841196,-1.408402634323661],[36.879329663107235,-1.4083624608862604],[36.879227147451445,-1.4083937147185115]]]},"id":"001800000000000302f0","properties":{"FID":128796}},{"type":"Feature","geometry":{"type":"Polygon","coordinates":[[[36.88816320140204,-1.4303324882491835],[36.88827021834208,-1.4303681302412008],[36.88831034965442,-1.4302432595059296],[36.888207764456595,-1.430212054413295],[36.88816320140204,-1.4303324882491835]]]},"id":"001800000000000360a4","properties":{"FID":129052}},{"type":"Feature","geometry":{"type":"Polygon","coordinates":[[[36.87888381335339,-1.408451639326587],[36.879008654840156,-1.4084471979484696],[36.879008654840156,-1.4083847842896295],[36.8788838133534,-1.408389225561953],[36.87888381335339,-1.408451639326587]]]},"id":"00180000000000031755","properties":{"FID":128797}},{"type":"Feature","geometry":{"type":"Polygon","coordinates":[[[36.88741851018854,-1.4293380801937396],[36.887422941919645,-1.4293737396526023],[36.88748096474492,-1.4293693233716878],[36.88747645094827,-1.429333606007658],[36.88741851018854,-1.4293380801937396]]]},"id":"0018000000000002fa6a","properties":{"FID":129053}},{"type":"Feature","geometry":{"type":"Polygon","coordinates":[[[36.87952139736878,-1.4080815753413702],[36.87954372255851,-1.408126160435426],[36.87964180557279,-1.40808155542157],[36.87961956249064,-1.4080369689165038],[36.87952139736878,-1.4080815753413702]]]},"id":"00180000000000031b87","properties":{"FID":128798}},{"type":"Feature","geometry":{"type":"Polygon","coordinates":[[[36.878589478805225,-1.4080012674695663],[36.87859842541092,-1.4080369456343154],[36.87866975198068,-1.4080235645590102],[36.878660805383674,-1.4079834283569324],[36.878589478805225,-1.4080012674695663]]]},"id":"001800000000000302a1","properties":{"FID":128799}},{"type":"Feature","geometry":{"type":"Polygon","coordinates":[[[36.880368682811834,-1.4079299607033608],[36.880408818439165,-1.4079343922829135],[36.88041325059299,-1.4078987062396775],[36.88037311496808,-1.407898732621871],[36.880368682811834,-1.4079299607033608]]]},"id":"0018000000000002f237","properties":{"FID":128800}},{"type":"Feature","geometry":{"type":"Polygon","coordinates":[[[36.88039543989916,-1.4078095184748045],[36.88039987205378,-1.4078719672030668],[36.88047571110268,-1.4078719961418968],[36.88047119687577,-1.4078095489857034],[36.88039543989916,-1.4078095184748045]]]},"id":"00180000000000031c5e","properties":{"FID":128801}},{"type":"Feature","geometry":{"type":"Polygon","coordinates":[[[36.88087698372911,-1.4077471494640328],[36.88096620072434,-1.4078139791832294],[36.881001821831106,-1.4077649393956035],[36.88091268695547,-1.4077025067166962],[36.88087698372911,-1.4077471494640328]]]},"id":"001800000000000301a9","properties":{"FID":128802}},{"type":"Feature","geometry":{"type":"Polygon","coordinates":[[[36.88092163327843,-1.407671314763793],[36.881001821831106,-1.4077203601994739],[36.88102414657124,-1.4076802436768079],[36.8809438759666,-1.4076311997853088],[36.88092163327843,-1.407671314763793]]]},"id":"00180000000000032bd2","properties":{"FID":128803}},{"type":"Feature","geometry":{"type":"Polygon","coordinates":[[[36.88318239164173,-1.4170488168880597],[36.88325371376375,-1.4170488017983132],[36.88325371376375,-1.4169819168363915],[36.883182391641725,-1.4169819318662886],[36.88318239164173,-1.4170488168880597]]]},"id":"00180000000000032eb6","properties":{"FID":128804}},{"type":"Feature","geometry":{"type":"Polygon","coordinates":[[[36.88115793071754,-1.414859378164297],[36.881220390594486,-1.4148594103958008],[36.881220390594486,-1.414828198590684],[36.88115793071754,-1.4148237075042873],[36.88115793071754,-1.414859378164297]]]},"id":"0018000000000002fcdb","properties":{"FID":128805}},{"type":"Feature","geometry":{"type":"Polygon","coordinates":[[[36.8829504506375,-1.413998767598361],[36.882959396712444,-1.414065659747961],[36.8830530431748,-1.414052274350734],[36.883044097111245,-1.4139898409210006],[36.8829504506375,-1.413998767598361]]]},"id":"001800000000000315af","properties":{"FID":128806}},{"type":"Feature","geometry":{"type":"Polygon","coordinates":[[[36.88281675182799,-1.413664349940691],[36.88283456193513,-1.4137535488683053],[36.88287018213647,-1.4137446263758688],[36.88285237203795,-1.4136598860937757],[36.88281675182799,-1.413664349940691]]]},"id":"0018000000000003072b","properties":{"FID":128808}},{"type":"Feature","geometry":{"type":"Polygon","coordinates":[[[36.88563488085287,-1.4135172019290858],[36.88565269027708,-1.4135930220620587],[36.885755279042186,-1.413570733648336],[36.885741901475335,-1.413494891089289],[36.88563488085287,-1.4135172019290858]]]},"id":"00180000000000035f5f","properties":{"FID":128810}},{"type":"Feature","geometry":{"type":"Polygon","coordinates":[[[36.885746333307566,-1.413427992568502],[36.88575971087361,-1.4134681677930054],[36.885790897827924,-1.4134592088834128],[36.88577752026757,-1.4134190931290695],[36.885746333307566,-1.413427992568502]]]},"id":"0018000000000002f5d4","properties":{"FID":128811}},{"type":"Feature","geometry":{"type":"Polygon","coordinates":[[[36.88527368510137,-1.4133254568374232],[36.88528263089352,-1.413361136906631],[36.88536732861483,-1.4133388232469064],[36.885353950977354,-1.413303165794038],[36.88527368510137,-1.4133254568374232]]]},"id":"001800000000000319ee","properties":{"FID":128813}},{"type":"Feature","geometry":{"type":"Polygon","coordinates":[[[36.88553672376456,-1.4132630468508431],[36.88555461528373,-1.4133120552710892],[36.88564374452998,-1.4132808618849706],[36.88563036694283,-1.4132362878593523],[36.88553672376456,-1.4132630468508431]]]},"id":"001800000000000319e9","properties":{"FID":128814}},{"type":"Feature","geometry":{"type":"Polygon","coordinates":[[[36.883213579689794,-1.4131961126991641],[36.883218011674494,-1.4132496516866146],[36.88328046980089,-1.4132451671389175],[36.88327603781994,-1.4131916876469914],[36.883213579689794,-1.4131961126991641]]]},"id":"0018000000000002f437","properties":{"FID":128815}},{"type":"Feature","geometry":{"type":"Polygon","coordinates":[[[36.88339192582622,-1.4131470988723],[36.88340087184743,-1.413182779629329],[36.883441005819115,-1.4131693750389238],[36.88343649177431,-1.4131337312162362],[36.88339192582622,-1.4131470988723]]]},"id":"00180000000000030085","properties":{"FID":128816}},{"type":"Feature","geometry":{"type":"Polygon","coordinates":[[[36.883110987376575,-1.4131069382938715],[36.88314225752882,-1.4131738318069311],[36.88319576967449,-1.413147101433678],[36.88316449954502,-1.4130846665001362],[36.883110987376575,-1.4131069382938715]]]},"id":"00180000000000032086","properties":{"FID":128818}},{"type":"Feature","geometry":{"type":"Polygon","coordinates":[[[36.87482598026327,-1.444115554506297],[36.87483492732688,-1.444151208312],[36.87489731049251,-1.4441422934762278],[36.87488844551957,-1.4441021751772554],[36.87482598026327,-1.444115554506297]]]},"id":"0018000000000003002c","properties":{"FID":129074}},{"type":"Feature","geometry":{"type":"Polygon","coordinates":[[[36.88342762783098,-1.4130757566134091],[36.88343649177432,-1.413115897287241],[36.883481139768875,-1.4131069866257997],[36.88347219375743,-1.4130668475023762],[36.88342762783098,-1.4130757566134091]]]},"id":"0018000000000002f43c","properties":{"FID":128819}},{"type":"Feature","geometry":{"type":"Polygon","coordinates":[[[36.874447001348756,-1.444044227424155],[36.87445143386197,-1.4440798476394412],[36.874491572719435,-1.4440709366839521],[36.87448262561404,-1.4440397457894494],[36.874447001348756,-1.444044227424155]]]},"id":"00180000000000032b46","properties":{"FID":129075}},{"type":"Feature","geometry":{"type":"Polygon","coordinates":[[[36.883583649492024,-1.412950886959596],[36.88358816352778,-1.4129776730722423],[36.88367729515897,-1.4129731709469455],[36.883677295158975,-1.4129464202627677],[36.883583649492024,-1.412950886959596]]]},"id":"0018000000000002f41b","properties":{"FID":128820}},{"type":"Feature","geometry":{"type":"Polygon","coordinates":[[[36.87410364493014,-1.4439594921025898],[36.874117024614996,-1.443999584845151],[36.87417054333012,-1.4439817926174412],[36.87415716365499,-1.4439416404133192],[36.87410364493014,-1.4439594921025898]]]},"id":"00180000000000032f36","properties":{"FID":129076}},{"type":"Feature","geometry":{"type":"Polygon","coordinates":[[[36.884542424463554,-1.412799281625289],[36.884551288272434,-1.4128305046744671],[36.8846003674911,-1.4128171134332652],[36.88459142161589,-1.4127858919322611],[36.884542424463554,-1.412799281625289]]]},"id":"00180000000000031096","properties":{"FID":128821}},{"type":"Feature","geometry":{"type":"Polygon","coordinates":[[[36.87459409497784,-1.443767718933391],[36.87462085416668,-1.4438212448294674],[36.87468775209619,-1.4437900492801625],[36.87466099293169,-1.443736523468167],[36.87459409497784,-1.443767718933391]]]},"id":"00180000000000031c83","properties":{"FID":129077}},{"type":"Feature","geometry":{"type":"Polygon","coordinates":[[[36.88509534353143,-1.4127546958829493],[36.88509977540266,-1.412794798451367],[36.88513096263705,-1.4127948160528494],[36.88512653076771,-1.4127547135001872],[36.88509534353143,-1.4127546958829493]]]},"id":"0018000000000002f31d","properties":{"FID":128822}},{"type":"Feature","geometry":{"type":"Polygon","coordinates":[[[36.87661857249013,-1.443544766054136],[36.87662751933564,-1.443584940839299],[36.87669884781738,-1.4435626477739893],[36.87668546860226,-1.4435269600854714],[36.87661857249013,-1.443544766054136]]]},"id":"00180000000000032cfb","properties":{"FID":129078}},{"type":"Feature","geometry":{"type":"Polygon","coordinates":[[[36.88464936460479,-1.4128260156011672],[36.884725199269134,-1.4128260396202221],[36.88472076737531,-1.4127591271944813],[36.8846493646048,-1.4127635983989355],[36.88464936460479,-1.4128260156011672]]]},"id":"001800000000000335f5","properties":{"FID":128823}},{"type":"Feature","geometry":{"type":"Polygon","coordinates":[[[36.875824843422684,-1.4434912716155919],[36.87584265522375,-1.4435313982841802],[36.87588279332187,-1.4435135621706863],[36.87586941395826,-1.4434734113105532],[36.875824843422684,-1.4434912716155919]]]},"id":"0018000000000002f487","properties":{"FID":129079}},{"type":"Feature","geometry":{"type":"Polygon","coordinates":[[[36.88505521046317,-1.4127993083001558],[36.88509082958824,-1.4127993033725614],[36.885086397716485,-1.412741307984594],[36.885055210463165,-1.4127412903612924],[36.88505521046317,-1.4127993083001558]]]},"id":"00180000000000033610","properties":{"FID":128824}},{"type":"Feature","geometry":{"type":"Polygon","coordinates":[[[36.87578027286007,-1.4433664400068815],[36.875798084671935,-1.4434021037439122],[36.87586054910251,-1.4433708740519549],[36.87584265522375,-1.4433352119194238],[36.87578027286007,-1.4433664400068815]]]},"id":"00180000000000030f3d","properties":{"FID":129080}},{"type":"Feature","geometry":{"type":"Polygon","coordinates":[[[36.88337854782915,-1.4127145784780013],[36.88338749385199,-1.4127859263497409],[36.883441005819115,-1.412776970909312],[36.88342762783098,-1.4127101040506227],[36.88337854782915,-1.4127145784780013]]]},"id":"0018000000000002fe1c","properties":{"FID":128825}},{"type":"Feature","geometry":{"type":"Polygon","coordinates":[[[36.876498159334915,-1.4432059049826682],[36.876520485442654,-1.4432549308206777],[36.876582867178364,-1.4432237031802966],[36.87656062317078,-1.443179138631702],[36.876498159334915,-1.4432059049826682]]]},"id":"00180000000000032450","properties":{"FID":129081}},{"type":"Feature","geometry":{"type":"Polygon","coordinates":[[[36.88546991777831,-1.4126342889556698],[36.88547434962694,-1.4126967422012078],[36.88553672376455,-1.4126967180205994],[36.88553672376456,-1.4126298434472038],[36.88546991777831,-1.4126342889556698]]]},"id":"0018000000000002f12f","properties":{"FID":128826}},{"type":"Feature","geometry":{"type":"Polygon","coordinates":[[[36.87560190825723,-1.442443394931354],[36.87561077314416,-1.4424879738474843],[36.87568661713314,-1.4424745819596705],[36.87567767017314,-1.4424300046516936],[36.87560190825723,-1.442443394931354]]]},"id":"00180000000000030908","properties":{"FID":129082}},{"type":"Feature","geometry":{"type":"Polygon","coordinates":[[[36.884350621226375,-1.4126744278084016],[36.8844086464776,-1.4126788830619592],[36.884413078390246,-1.4126075267003675],[36.88435513521504,-1.4126030698867718],[36.884350621226375,-1.4126744278084016]]]},"id":"001800000000000354ca","properties":{"FID":128827}},{"type":"Feature","geometry":{"type":"Polygon","coordinates":[[[36.87562415255482,-1.4424032270606493],[36.87563753196306,-1.442443376977814],[36.87570894348728,-1.4424210838927696],[36.875695564092055,-1.442385396744677],[36.87562415255482,-1.4424032270606493]]]},"id":"00180000000000032046","properties":{"FID":129083}},{"type":"Feature","geometry":{"type":"Polygon","coordinates":[[[36.88420346504438,-1.4125986224577696],[36.88421241096681,-1.4126298439637301],[36.88425697641738,-1.412620935282467],[36.88424811257301,-1.412589712283559],[36.88420346504438,-1.4125986224577696]]]},"id":"00180000000000032f50","properties":{"FID":128828}},{"type":"Feature","geometry":{"type":"Polygon","coordinates":[[[36.87567767017314,-1.4412662071444815],[36.87568661713314,-1.441306320504646],[36.875757946527585,-1.4412884932973147],[36.87574456714126,-1.441248344594956],[36.87567767017314,-1.4412662071444815]]]},"id":"00180000000000031add","properties":{"FID":129084}},{"type":"Feature","geometry":{"type":"Polygon","coordinates":[[[36.88513096263705,-1.412469298990867],[36.88515771799075,-1.4124692797847096],[36.88515771799075,-1.4124246968046235],[36.88513096263705,-1.4124247159957963],[36.88513096263705,-1.412469298990867]]]},"id":"0018000000000002ff3d","properties":{"FID":128829}},{"type":"Feature","geometry":{"type":"Polygon","coordinates":[[[36.87654724393051,-1.440918390385723],[36.876551676317135,-1.4409718565108613],[36.87657843479363,-1.440967424895289],[36.87656948794214,-1.4409139249300271],[36.87654724393051,-1.440918390385723]]]},"id":"0018000000000002f090","properties":{"FID":129085}},{"type":"Feature","geometry":{"type":"Polygon","coordinates":[[[36.8852335521305,-1.4124024297326523],[36.88524692978989,-1.412478211106597],[36.88532719569509,-1.412460379749975],[36.885309386192006,-1.412384561551114],[36.8852335521305,-1.4124024297326523]]]},"id":"0018000000000002f866","properties":{"FID":128830}},{"type":"Feature","geometry":{"type":"Polygon","coordinates":[[[36.878700941943414,-1.4394424161400596],[36.878727699637736,-1.4395182447747354],[36.87879016157952,-1.4394959469940787],[36.87876340390794,-1.4394201184615094],[36.878700941943414,-1.4394424161400596]]]},"id":"0018000000000002f7ae","properties":{"FID":129086}},{"type":"Feature","geometry":{"type":"Polygon","coordinates":[[[36.88426149041179,-1.4123622672768592],[36.88432837956913,-1.4123667371661106],[36.884332811486615,-1.4123310480129865],[36.88426592233329,-1.41232663754331],[36.88426149041179,-1.4123622672768592]]]},"id":"001800000000000300de","properties":{"FID":128831}},{"type":"Feature","geometry":{"type":"Polygon","coordinates":[[[36.88439075467942,-1.4121215059894556],[36.884422024287154,-1.4122196050230702],[36.884506723000335,-1.4121883765215706],[36.88447553550102,-1.412094734443759],[36.88439075467942,-1.4121215059894556]]]},"id":"00180000000000030772","properties":{"FID":128832}},{"type":"Feature","geometry":{"type":"Polygon","coordinates":[[[36.884613745265746,-1.4114526299014887],[36.884627123037966,-1.411492744284537],[36.88472076737531,-1.4114704466973595],[36.884711821514756,-1.4114303099343082],[36.884613745265746,-1.4114526299014887]]]},"id":"0018000000000002ec6c","properties":{"FID":128834}},{"type":"Feature","geometry":{"type":"Polygon","coordinates":[[[36.88246440628652,-1.4111003713309767],[36.882500108741844,-1.411104823978658],[36.88250010874184,-1.4111360318994608],[36.88256699950225,-1.411140502833449],[36.88257143152594,-1.4110557733222715],[36.88246440628652,-1.4110513303542744],[36.88246440628652,-1.4111003713309767]]]},"id":"00180000000000035149","properties":{"FID":128835}},{"type":"Feature","geometry":{"type":"Polygon","coordinates":[[[36.882691834734004,-1.410908626561621],[36.88269634882455,-1.4109755356773477],[36.882740915194425,-1.4109754852644485],[36.882740915194425,-1.4109041534646523],[36.882691834734004,-1.410908626561621]]]},"id":"001800000000000324f5","properties":{"FID":128836}},{"type":"Feature","geometry":{"type":"Polygon","coordinates":[[[36.887998161935094,-1.410435971189501],[36.88800267569969,-1.4105073328289066],[36.888105179115534,-1.410502824483756],[36.88810074742558,-1.410427062996758],[36.887998161935094,-1.410435971189501]]]},"id":"00180000000000034948","properties":{"FID":128837}},{"type":"Feature","geometry":{"type":"Polygon","coordinates":[[[36.887048377628226,-1.4104315184399343],[36.88710188692962,-1.4104359392591013],[36.887101886929614,-1.410400275851982],[36.88704837762823,-1.4103958550134668],[36.887048377628226,-1.4104315184399343]]]},"id":"001800000000000337d6","properties":{"FID":128838}},{"type":"Feature","geometry":{"type":"Polygon","coordinates":[[[36.887101886929614,-1.410355696645171],[36.88710640074927,-1.4104315168543682],[36.88721341922859,-1.4104270441489113],[36.88721341922858,-1.410351259578722],[36.887101886929614,-1.410355696645171]]]},"id":"001800000000000328b9","properties":{"FID":128839}},{"type":"Feature","geometry":{"type":"Polygon","coordinates":[[[36.887226796527536,-1.4104181190322558],[36.88740513292449,-1.4104225528179728],[36.8874095646564,-1.410342347583143],[36.8872312282702,-1.4103378541903362],[36.887226796527536,-1.4104181190322558]]]},"id":"00180000000000034e17","properties":{"FID":128840}},{"type":"Feature","geometry":{"type":"Polygon","coordinates":[[[36.88743631918046,-1.4103601606467886],[36.887570091654574,-1.4104047657860155],[36.887592414399556,-1.410337841807672],[36.88746307369476,-1.4102888158133846],[36.88743631918046,-1.4103601606467886]]]},"id":"00180000000000034916","properties":{"FID":128841}},{"type":"Feature","geometry":{"type":"Polygon","coordinates":[[[36.88773956379509,-1.4102576170099341],[36.887859958535856,-1.4103289190370205],[36.887922412717,-1.410221906423376],[36.88780644978653,-1.4101550399833636],[36.88773956379509,-1.4102576170099341]]]},"id":"001800000000000334cf","properties":{"FID":128842}},{"type":"Feature","geometry":{"type":"Polygon","coordinates":[[[36.847081486346944,-1.4274429781415736],[36.84709487094423,-1.427487590095976],[36.8471662280507,-1.4274697178630817],[36.84715284346637,-1.4274251059693466],[36.847081486346944,-1.4274429781415736]]]},"id":"00180000000000031bfd","properties":{"FID":128331}},{"type":"Feature","geometry":{"type":"Polygon","coordinates":[[[36.88734719210852,-1.4100926094957569],[36.88735162384393,-1.4101595146622776],[36.88742745571958,-1.4101505658959388],[36.887422941919645,-1.4100836623254045],[36.88734719210852,-1.4100926094957569]]]},"id":"0018000000000003291a","properties":{"FID":128843}},{"type":"Feature","geometry":{"type":"Polygon","coordinates":[[[36.84586413473992,-1.427309213337179],[36.84590428918788,-1.427318102909154],[36.845913157651964,-1.4272735512389139],[36.84586856897451,-1.4272646253970436],[36.84586413473992,-1.427309213337179]]]},"id":"0018000000000003270c","properties":{"FID":128332}},{"type":"Feature","geometry":{"type":"Polygon","coordinates":[[[36.88709745517914,-1.4100524630760014],[36.88720447367148,-1.4100926291172315],[36.8872312282702,-1.410021284726056],[36.88712420981685,-1.4099811186878515],[36.88709745517914,-1.4100524630760014]]]},"id":"00180000000000030be1","properties":{"FID":128844}},{"type":"Feature","geometry":{"type":"Polygon","coordinates":[[[36.88749434199514,-1.4100256996187757],[36.88754785097178,-1.4100390957581501],[36.88756122820985,-1.4099811345287945],[36.88750320544796,-1.4099722201114353],[36.88749434199514,-1.4100256996187757]]]},"id":"0018000000000003188a","properties":{"FID":128845}},{"type":"Feature","geometry":{"type":"Polygon","coordinates":[[[36.84689861801656,-1.425494361914738],[36.846929903560145,-1.4255478598975697],[36.84698787621207,-1.4255121533312574],[36.846961106976195,-1.4254586902546418],[36.84689861801656,-1.425494361914738]]]},"id":"00180000000000030de5","properties":{"FID":128334}},{"type":"Feature","geometry":{"type":"Polygon","coordinates":[[[36.88408306431266,-1.4100078947845982],[36.88421241096681,-1.4100078847857676],[36.88421241096681,-1.409927640263743],[36.88408306431267,-1.4099276501323603],[36.88408306431266,-1.4100078947845982]]]},"id":"001800000000000307c2","properties":{"FID":128846}},{"type":"Feature","geometry":{"type":"Polygon","coordinates":[[[36.88692354979665,-1.4097983058309977],[36.887048377628226,-1.4098384404718836],[36.887070700531694,-1.409767118920066],[36.886945872738046,-1.409726984263924],[36.88692354979665,-1.4097983058309977]]]},"id":"00180000000000034732","properties":{"FID":128847}},{"type":"Feature","geometry":{"type":"Polygon","coordinates":[[[36.88427486824813,-1.4097581529941767],[36.884310487751414,-1.4097670654375198],[36.88432837956913,-1.409704679971499],[36.884288246082036,-1.4096957319452852],[36.88427486824813,-1.4097581529941767]]]},"id":"0018000000000002e8f3","properties":{"FID":128848}},{"type":"Feature","geometry":{"type":"Polygon","coordinates":[[[36.84729999164635,-1.4252803165716066],[36.84733119490568,-1.4253293534739753],[36.847393601384695,-1.4252892217439217],[36.847362398151795,-1.4252446469938],[36.84729999164635,-1.4252803165716066]]]},"id":"0018000000000002e912","properties":{"FID":128337}},{"type":"Feature","geometry":{"type":"Polygon","coordinates":[[[36.88692798155762,-1.4097046686364234],[36.886994868287864,-1.4097225136657103],[36.88700824562661,-1.409673468294385],[36.886945872738046,-1.4096555993820612],[36.88692798155762,-1.4097046686364234]]]},"id":"0018000000000002ecbb","properties":{"FID":128849}},{"type":"Feature","geometry":{"type":"Polygon","coordinates":[[[36.881697496944206,-1.4435893460960245],[36.881737631846,-1.4435893611854664],[36.881737631846,-1.4435090952616156],[36.881697496944206,-1.4435091396321154],[36.881697496944206,-1.4435893460960245]]]},"id":"0018000000000002f390","properties":{"FID":129105}},{"type":"Feature","geometry":{"type":"Polygon","coordinates":[[[36.88538513810388,-1.409232016892954],[36.8855456695247,-1.4092364848876537],[36.88555010136876,-1.4091115832886378],[36.88538965202899,-1.4091071729833433],[36.88538513810388,-1.409232016892954]]]},"id":"00180000000000034fd1","properties":{"FID":128850}},{"type":"Feature","geometry":{"type":"Polygon","coordinates":[[[36.888421798051,-1.4434332952484534],[36.88847087468455,-1.443446706057549],[36.888488683421386,-1.4433976430276496],[36.888439606799736,-1.4433797700839495],[36.888421798051,-1.4434332952484534]]]},"id":"0018000000000002f631","properties":{"FID":129106}},{"type":"Feature","geometry":{"type":"Polygon","coordinates":[[[36.88391366581217,-1.408050367279231],[36.88400279704861,-1.4080547868910909],[36.88400279704861,-1.4080057512103707],[36.88391366581217,-1.4080012721127937],[36.88391366581217,-1.408050367279231]]]},"id":"0018000000000002f3af","properties":{"FID":128851}},{"type":"Feature","geometry":{"type":"Polygon","coordinates":[[[36.889139725201495,-1.4432950859646707],[36.8891932329798,-1.4433396474535645],[36.8892377954096,-1.4432816907519381],[36.88918880135546,-1.443241565590535],[36.889139725201495,-1.4432950859646707]]]},"id":"00180000000000030167","properties":{"FID":129107}},{"type":"Feature","geometry":{"type":"Polygon","coordinates":[[[36.84767007787366,-1.4239291773531144],[36.84769684685195,-1.4239648500183009],[36.84774586854466,-1.4239291941991064],[36.847719099584175,-1.4238935215817095],[36.84767007787366,-1.4239291773531144]]]},"id":"00180000000000031117","properties":{"FID":128340}},{"type":"Feature","geometry":{"type":"Polygon","coordinates":[[[36.881117795499215,-1.4078095212624915],[36.88112222761029,-1.4079254646206276],[36.88126938996145,-1.4079210287106911],[36.88126495785926,-1.4078407489043026],[36.881309525097,-1.4078407597277314],[36.88130952509701,-1.407800638514849],[36.881117795499215,-1.4078095212624915]]]},"id":"00180000000000035b66","properties":{"FID":128852}},{"type":"Feature","geometry":{"type":"Polygon","coordinates":[[[36.887579037167164,-1.4428357670383622],[36.887614737137746,-1.4428447307783598],[36.887628114363636,-1.4427911708556431],[36.887596846120175,-1.442777839779247],[36.887579037167164,-1.4428357670383622]]]},"id":"0018000000000002f331","properties":{"FID":129108}},{"type":"Feature","geometry":{"type":"Polygon","coordinates":[[[36.847777071615155,-1.4235323413761982],[36.8478216591377,-1.4236081360091217],[36.84791535032643,-1.4235546350266655],[36.847893015540286,-1.4235100160828704],[36.84787076286059,-1.423523399250547],[36.84785737840424,-1.4234921776599532],[36.847777071615155,-1.4235323413761982]]]},"id":"00180000000000032eaf","properties":{"FID":128341}},{"type":"Feature","geometry":{"type":"Polygon","coordinates":[[[36.87134787047355,-1.4271620661435556],[36.87137463084348,-1.4272200350025281],[36.87145047920106,-1.427179897196449],[36.87142371885872,-1.4271263894186201],[36.87134787047355,-1.4271620661435556]]]},"id":"00180000000000031701","properties":{"FID":128853}},{"type":"Feature","geometry":{"type":"Polygon","coordinates":[[[36.88773956379509,-1.4428402308715769],[36.88785552683111,-1.442875938243202],[36.887882281192766,-1.4428001127706054],[36.88776631819896,-1.4427644648759288],[36.88773956379509,-1.4428402308715769]]]},"id":"001800000000000310a6","properties":{"FID":129109}},{"type":"Feature","geometry":{"type":"Polygon","coordinates":[[[36.84760767162882,-1.4232826576909352],[36.847629924387974,-1.4233629130842538],[36.847683462364024,-1.423345080904178],[36.84765669338086,-1.4232692524563821],[36.84760767162882,-1.4232826576909352]]]},"id":"0018000000000003175e","properties":{"FID":128342}},{"type":"Feature","geometry":{"type":"Polygon","coordinates":[[[36.872534018626915,-1.4271575800082172],[36.872542965969366,-1.4271843568325742],[36.87257415853085,-1.4271709863332689],[36.872583105868415,-1.427193242759037],[36.87265887089426,-1.4271620289017075],[36.87264105832207,-1.4271129942231544],[36.872534018626915,-1.4271575800082172]]]},"id":"001800000000000345b1","properties":{"FID":128854}},{"type":"Feature","geometry":{"type":"Polygon","coordinates":[[[36.88749434199515,-1.4426262206303981],[36.887538905455386,-1.4426663705745144],[36.8875834688886,-1.4426172788860716],[36.887538905455386,-1.4425771884898457],[36.88749434199515,-1.4426262206303981]]]},"id":"00180000000000033320","properties":{"FID":129110}},{"type":"Feature","geometry":{"type":"Polygon","coordinates":[[[36.845743753380354,-1.42215446714404],[36.84576600670242,-1.4222391838895043],[36.84594444361396,-1.422194580057633],[36.845922108230376,-1.4221098651281705],[36.845743753380354,-1.42215446714404]]]},"id":"00180000000000033cb4","properties":{"FID":128343}},{"type":"Feature","geometry":{"type":"Polygon","coordinates":[[[36.87072359589097,-1.4269435365813674],[36.870745923751755,-1.4269881459241847],[36.87091091986581,-1.426925704359274],[36.87089310687032,-1.42687666887032],[36.87072359589097,-1.4269435365813674]]]},"id":"0018000000000003153c","properties":{"FID":128855}},{"type":"Feature","geometry":{"type":"Polygon","coordinates":[[[36.88256699950225,-1.44197966815711],[36.88257143152593,-1.4420242072612786],[36.88262494408721,-1.4420197462891284],[36.882620512066744,-1.4419752072205072],[36.88256699950225,-1.44197966815711]]]},"id":"00180000000000031bae","properties":{"FID":129111}},{"type":"Feature","geometry":{"type":"Polygon","coordinates":[[[36.84616287017012,-1.4219047901404558],[36.846167386501854,-1.4220519427611347],[36.84630115191081,-1.4220429715746985],[36.84629663558727,-1.4218958787280664],[36.84616287017012,-1.4219047901404558]]]},"id":"001800000000000366c0","properties":{"FID":128344}},{"type":"Feature","geometry":{"type":"Polygon","coordinates":[[[36.87083958577036,-1.4266135796669495],[36.87086634632521,-1.4266760091067385],[36.8708885920551,-1.4266670882926487],[36.87086183150836,-1.426604658883859],[36.87083958577036,-1.4266135796669495]]]},"id":"001800000000000337a4","properties":{"FID":128856}},{"type":"Feature","geometry":{"type":"Polygon","coordinates":[[[36.88736943285206,-1.4416809046836936],[36.88745421023712,-1.4416897751976916],[36.88745421023712,-1.4416496770478935],[36.88737394665529,-1.4416407213033262],[36.88736943285206,-1.4416809046836936]]]},"id":"00180000000000032049","properties":{"FID":129112}},{"type":"Feature","geometry":{"type":"Polygon","coordinates":[[[36.846644473804176,-1.4218468186381317],[36.846648907991806,-1.4218824890837471],[36.84669349619705,-1.421878031404886],[36.84668906201211,-1.4218423609836945],[36.846644473804176,-1.4218468186381317]]]},"id":"0018000000000002e828","properties":{"FID":128345}},{"type":"Feature","geometry":{"type":"Polygon","coordinates":[[[36.870866346325215,-1.4265913107630899],[36.870897539597706,-1.426689404408103],[36.87095106065549,-1.4266715726503243],[36.87091986740569,-1.4265734196370645],[36.870866346325215,-1.4265913107630899]]]},"id":"0018000000000003202d","properties":{"FID":128857}},{"type":"Feature","geometry":{"type":"Polygon","coordinates":[[[36.887003813870486,-1.4414623870384538],[36.88704394587452,-1.4414846533499908],[36.88706626877934,-1.441449012351048],[36.8870261367875,-1.4414266865587624],[36.887003813870486,-1.4414623870384538]]]},"id":"001800000000000302b9","properties":{"FID":129113}},{"type":"Feature","geometry":{"type":"Polygon","coordinates":[[[36.84794211921561,-1.4216818297674902],[36.84800452517717,-1.4216951847967054],[36.84801790960677,-1.421628309902963],[36.847955421543425,-1.421614896888869],[36.84794211921561,-1.4216818297674902]]]},"id":"0018000000000002fd61","properties":{"FID":128346}},{"type":"Feature","geometry":{"type":"Polygon","coordinates":[[[36.84655529730735,-1.4390946176551893],[36.846657858480846,-1.439099056594254],[36.846657858480846,-1.4390544770673181],[36.846698012496276,-1.439054495377908],[36.846693496197055,-1.439099040814459],[36.846720265530166,-1.4390990728456596],[36.84672478182773,-1.4390098884734033],[36.846559731500356,-1.4390009707553575],[36.84655529730735,-1.4390946176551893]]]},"id":"00180000000000035980","properties":{"FID":128602}},{"type":"Feature","geometry":{"type":"Polygon","coordinates":[[[36.871124921737064,-1.4264887007553737],[36.871129436537764,-1.4265689723369386],[36.871182957426825,-1.426564523497543],[36.87117844262939,-1.4264842519801062],[36.871124921737064,-1.4264887007553737]]]},"id":"00180000000000030769","properties":{"FID":128858}},{"type":"Feature","geometry":{"type":"Polygon","coordinates":[[[36.883329467794546,-1.4414401049008108],[36.88334735985109,-1.4415025350602695],[36.88338297980391,-1.4414891308488937],[36.88336516982965,-1.4414266991903402],[36.883329467794546,-1.4414401049008108]]]},"id":"00180000000000033878","properties":{"FID":129114}},{"type":"Feature","geometry":{"type":"Polygon","coordinates":[[[36.847210815942894,-1.4215480110076104],[36.84724201924,-1.4216149500153392],[36.84729999164635,-1.421588173714505],[36.84726878837381,-1.4215212942861337],[36.847210815942894,-1.4215480110076104]]]},"id":"00180000000000034463","properties":{"FID":128347}},{"type":"Feature","geometry":{"type":"Polygon","coordinates":[[[36.847050282981876,-1.4389697204012049],[36.84705915130803,-1.4390054430850912],[36.84711268969881,-1.4389875922029698],[36.84710373926502,-1.438956394486567],[36.847050282981876,-1.4389697204012049]]]},"id":"0018000000000002f6cf","properties":{"FID":128603}},{"type":"Feature","geometry":{"type":"Polygon","coordinates":[[[36.87097782116978,-1.4262345583306848],[36.870995634144755,-1.4262791321092156],[36.87105810265423,-1.4262523905503437],[36.871040207607,-1.4262122792414273],[36.87097782116978,-1.4262345583306848]]]},"id":"00180000000000032207","properties":{"FID":128859}},{"type":"Feature","geometry":{"type":"Polygon","coordinates":[[[36.88342311378536,-1.44140888761578],[36.88342762783099,-1.441484659100269],[36.88349000370575,-1.441480209798432],[36.883485571737445,-1.4414088989823555],[36.88342311378536,-1.44140888761578]]]},"id":"0018000000000002f0e9","properties":{"FID":129115}},{"type":"Feature","geometry":{"type":"Polygon","coordinates":[[[36.84712164013151,-1.4214187353436618],[36.84713050844908,-1.4214766902091687],[36.847175096362896,-1.4214722328222777],[36.847166228050696,-1.4214142779964063],[36.84712164013151,-1.4214187353436618]]]},"id":"00180000000000033312","properties":{"FID":128348}},{"type":"Feature","geometry":{"type":"Polygon","coordinates":[[[36.84796437187376,-1.4388225973651196],[36.84796880598195,-1.43886721148408],[36.84805798076799,-1.438858272831669],[36.848053546665156,-1.438809194981668],[36.84796437187376,-1.4388225973651196]]]},"id":"00180000000000031317","properties":{"FID":128604}},{"type":"Feature","geometry":{"type":"Polygon","coordinates":[[[36.870955493379384,-1.4261854890123997],[36.87102239464283,-1.4261854895619002],[36.87101796192296,-1.4261275215263078],[36.870955493379384,-1.4261320180332402],[36.870955493379384,-1.4261854890123997]]]},"id":"0018000000000003131a","properties":{"FID":128860}},{"type":"Feature","geometry":{"type":"Polygon","coordinates":[[[36.88125157947506,-1.4413820948742484],[36.881300578821254,-1.4413865845974854],[36.88130057882125,-1.4413508864744147],[36.881256011578074,-1.4413464321071174],[36.88125157947506,-1.4413820948742484]]]},"id":"0018000000000002ef87","properties":{"FID":129116}},{"type":"Feature","geometry":{"type":"Polygon","coordinates":[[[36.84732676075911,-1.4214187307293134],[36.84734901360311,-1.4214632899074473],[36.847375782698045,-1.421449943081634],[36.84735344774834,-1.4214008643972145],[36.84732676075911,-1.4214187307293134]]]},"id":"00180000000000030203","properties":{"FID":128349}},{"type":"Feature","geometry":{"type":"Polygon","coordinates":[[[36.848093699919964,-1.4387378523344507],[36.84812490284315,-1.4387378605715517],[36.84812490284315,-1.4386888185582065],[36.84809813402038,-1.4386888459324594],[36.848093699919964,-1.4387378523344507]]]},"id":"00180000000000030227","properties":{"FID":128605}},{"type":"Feature","geometry":{"type":"Polygon","coordinates":[[[36.87209256032402,-1.4260517379455144],[36.87236016087596,-1.4260338972623365],[36.87236016087596,-1.426007132612358],[36.87209256032402,-1.4260249731918926],[36.87209256032402,-1.4260517379455144]]]},"id":"00180000000000033215","properties":{"FID":128861}},{"type":"Feature","geometry":{"type":"Polygon","coordinates":[[[36.88374418484803,-1.4413419657594806],[36.88376207680361,-1.4414400925110087],[36.883837830310426,-1.441426704531193],[36.8838200204464,-1.4413286358552064],[36.88374418484803,-1.4413419657594806]]]},"id":"00180000000000030704","properties":{"FID":129117}},{"type":"Feature","geometry":{"type":"Polygon","coordinates":[[[36.84711268969881,-1.4212983200053297],[36.84712607429043,-1.4213429250019662],[36.84719743136667,-1.4213250614571622],[36.847184046788016,-1.4212805160087485],[36.84711268969881,-1.4212983200053297]]]},"id":"00180000000000030dd0","properties":{"FID":128350}},{"type":"Feature","geometry":{"type":"Polygon","coordinates":[[[36.84806693108585,-1.438528320681075],[36.8481382872509,-1.4385282880198358],[36.8481382872509,-1.4384926375489806],[36.848066931085846,-1.438497074412076],[36.84806693108585,-1.438528320681075]]]},"id":"00180000000000031ea6","properties":{"FID":128606}},{"type":"Feature","geometry":{"type":"Polygon","coordinates":[[[36.87193208161193,-1.4259893075399857],[36.87193651427672,-1.4260249706800197],[36.87203017477934,-1.4260071640912397],[36.87202566003392,-1.4259714430653585],[36.87193208161193,-1.4259893075399857]]]},"id":"00180000000000034360","properties":{"FID":128862}},{"type":"Feature","geometry":{"type":"Polygon","coordinates":[[[36.88342311378536,-1.4412616964130303],[36.88343649177431,-1.4413464625994308],[36.88350338168253,-1.441333063469308],[36.88349000370576,-1.441248356880337],[36.88342311378536,-1.4412616964130303]]]},"id":"001800000000000304c8","properties":{"FID":129118}},{"type":"Feature","geometry":{"type":"Polygon","coordinates":[[[36.84725983795899,-1.42129832215977],[36.84729999164636,-1.4212983493685178],[36.84729999164635,-1.4212626568840228],[36.84725983795899,-1.4212626296573567],[36.84725983795899,-1.42129832215977]]]},"id":"00180000000000030209","properties":{"FID":128351}},{"type":"Feature","geometry":{"type":"Polygon","coordinates":[[[36.84767007787366,-1.4384346651408393],[36.84795993776529,-1.4384257620675784],[36.84795993776529,-1.4383721971401824],[36.84767007787366,-1.4383811595220202],[36.84767007787366,-1.4384346651408393]]]},"id":"00180000000000036440","properties":{"FID":128607}},{"type":"Feature","geometry":{"type":"Polygon","coordinates":[[[36.87101344711541,-1.4259536325145274],[36.871031342169154,-1.426002665286285],[36.87105810265423,-1.4259937795633846],[36.871040207607,-1.42594468734121],[36.87101344711541,-1.4259536325145274]]]},"id":"0018000000000002ec05","properties":{"FID":128863}},{"type":"Feature","geometry":{"type":"Polygon","coordinates":[[[36.845132810843076,-1.4208078006307219],[36.84513732723794,-1.4208836238560596],[36.84518191635787,-1.4208791668242566],[36.845177399965735,-1.4208033436509648],[36.845132810843076,-1.4208078006307219]]]},"id":"0018000000000002f2cd","properties":{"FID":128352}},{"type":"Feature","geometry":{"type":"Polygon","coordinates":[[[36.870870779054215,-1.4259491571571914],[36.87089310687032,-1.4260116088226582],[36.870946545843836,-1.4259937794017903],[36.87092430013146,-1.4259268654312962],[36.870870779054215,-1.4259491571571914]]]},"id":"00180000000000030fcc","properties":{"FID":128864}},{"type":"Feature","geometry":{"type":"Polygon","coordinates":[[[36.886910172442484,-1.4413420156686656],[36.887039514120545,-1.4413910359675262],[36.887191096368454,-1.44099415870699],[36.88706175495722,-1.4409451384361134],[36.886910172442484,-1.4413420156686656]]]},"id":"00180000000000036fd2","properties":{"FID":129120}},{"type":"Feature","geometry":{"type":"Polygon","coordinates":[[[36.847184046788016,-1.4202147533918288],[36.84720629967512,-1.420290600959885],[36.84723306882191,-1.4202816569096572],[36.847215250096454,-1.4202058460248097],[36.847184046788016,-1.4202147533918288]]]},"id":"001800000000000318a9","properties":{"FID":128353}},{"type":"Feature","geometry":{"type":"Polygon","coordinates":[[[36.87085739877882,-1.4258778548581257],[36.87086183150836,-1.425931361756332],[36.870897539597706,-1.425926888914563],[36.8708885920551,-1.4258733473270833],[36.87085739877882,-1.4258778548581257]]]},"id":"0018000000000002fccb","properties":{"FID":128865}},{"type":"Feature","geometry":{"type":"Polygon","coordinates":[[[36.8471350247215,-1.4201969256063318],[36.847139458879624,-1.4202995157798126],[36.84719291509808,-1.4202950135020949],[36.84718848094318,-1.4201924828963055],[36.8471350247215,-1.4201969256063318]]]},"id":"001800000000000338dc","properties":{"FID":128354}},{"type":"Feature","geometry":{"type":"Polygon","coordinates":[[[36.87099120142327,-1.4258733956459109],[36.87099563414475,-1.4259313632867427],[36.871031342169154,-1.425926890449326],[36.87102682736242,-1.4258689243733869],[36.87099120142327,-1.4258733956459109]]]},"id":"00180000000000033231","properties":{"FID":128866}},{"type":"Feature","geometry":{"type":"Polygon","coordinates":[[[36.84701012915842,-1.4199784339296362],[36.847085920508285,-1.4199784545560947],[36.847085920508285,-1.4198981493857166],[36.84701012915842,-1.4198981881683843],[36.84701012915842,-1.4199784339296362]]]},"id":"001800000000000338b3","properties":{"FID":128355}},{"type":"Feature","geometry":{"type":"Polygon","coordinates":[[[36.84653304422365,-1.4362987161262462],[36.846537478417986,-1.436356718591727],[36.846577632499006,-1.4363522747038098],[36.846573116192424,-1.436294273816727],[36.84653304422365,-1.4362987161262462]]]},"id":"00180000000000033ae2","properties":{"FID":128611}},{"type":"Feature","geometry":{"type":"Polygon","coordinates":[[[36.870875211782945,-1.4257931235303942],[36.870897539597706,-1.4258555154747978],[36.870946545843836,-1.425837709464627],[36.87092430013146,-1.4257752565774833],[36.870875211782945,-1.4257931235303942]]]},"id":"00180000000000031c91","properties":{"FID":128867}},{"type":"Feature","geometry":{"type":"Polygon","coordinates":[[[36.84724645339166,-1.419866973408638],[36.84726427210959,-1.4199739538436258],[36.84733119490568,-1.419960576476858],[36.84730442579454,-1.4198134315092772],[36.84726427210958,-1.41982238578566],[36.847273222523874,-1.4198624909921833],[36.84724645339166,-1.419866973408638]]]},"id":"00180000000000032393","properties":{"FID":128356}},{"type":"Feature","geometry":{"type":"Polygon","coordinates":[[[36.84709487094423,-1.4360980806306087],[36.84715727762342,-1.4361158936597889],[36.847170662206935,-1.436053510607291],[36.84711268969881,-1.4360401373155776],[36.84709487094423,-1.4360980806306087]]]},"id":"00180000000000033805","properties":{"FID":128612}},{"type":"Feature","geometry":{"type":"Polygon","coordinates":[[[36.872012279968594,-1.4257663781383039],[36.8720212273745,-1.425917936890796],[36.87210150772017,-1.4259135245683963],[36.87208812766865,-1.4257039399465339],[36.872043554841405,-1.425703938832221],[36.87204798749947,-1.4257619054292543],[36.872012279968594,-1.4257663781383039]]]},"id":"001800000000000321a6","properties":{"FID":128868}},{"type":"Feature","geometry":{"type":"Polygon","coordinates":[[[36.88340973579398,-1.4405973353099726],[36.88348557173745,-1.4406062570834604],[36.883490003705745,-1.4405572100390167],[36.883418681813026,-1.4405482626000974],[36.88340973579398,-1.4405973353099726]]]},"id":"0018000000000002ebe5","properties":{"FID":129124}},{"type":"Feature","geometry":{"type":"Polygon","coordinates":[[[36.84723306882191,-1.4197599109531789],[36.847250887543076,-1.4198179349234032],[36.84728217293707,-1.4198089668111706],[36.84726878837381,-1.419751039026779],[36.84723306882191,-1.4197599109531789]]]},"id":"00180000000000030f4d","properties":{"FID":128357}},{"type":"Feature","geometry":{"type":"Polygon","coordinates":[[[36.84706810174724,-1.4358617807210574],[36.847148327195036,-1.435866226014086],[36.84715284346637,-1.4357770506749348],[36.84711268969881,-1.4357725672801027],[36.84710825553909,-1.4358171660265169],[36.84707253590936,-1.4358127184335563],[36.84706810174724,-1.4358617807210574]]]},"id":"00180000000000030924","properties":{"FID":128613}},{"type":"Feature","geometry":{"type":"Polygon","coordinates":[[[36.88087698372911,-1.4256058490992078],[36.88091711907891,-1.4256102740196746],[36.880921633278426,-1.4255612460808667],[36.88087698372911,-1.4255612466777903],[36.88087698372911,-1.4256058490992078]]]},"id":"0018000000000002fc38","properties":{"FID":128869}},{"type":"Feature","geometry":{"type":"Polygon","coordinates":[[[36.88089487638264,-1.4255032865661093],[36.88093049752397,-1.4255121965167086],[36.8809438759666,-1.4254408211656557],[36.880903740631396,-1.4254319359626653],[36.88089487638264,-1.4255032865661093]]]},"id":"00180000000000031dd7","properties":{"FID":128870}},{"type":"Feature","geometry":{"type":"Polygon","coordinates":[[[36.88724017382405,-1.4402539956900362],[36.88728473743844,-1.440267373589399],[36.88729811472441,-1.4402272032337027],[36.88724903730752,-1.4402138509535194],[36.88724017382405,-1.4402539956900362]]]},"id":"00180000000000030f58","properties":{"FID":129126}},{"type":"Feature","geometry":{"type":"Polygon","coordinates":[[[36.87163328655531,-1.4253561005965363],[36.87163771923809,-1.4254185276627442],[36.871695754523266,-1.4254185157543335],[36.87169123975731,-1.4253516295388402],[36.87163328655531,-1.4253561005965363]]]},"id":"00180000000000032aad","properties":{"FID":128871}},{"type":"Feature","geometry":{"type":"Polygon","coordinates":[[[36.888787409976494,-1.4401558711575715],[36.88883205471996,-1.4401558621571566],[36.88883648636582,-1.4400934340115972],[36.88879192369261,-1.4400934414297413],[36.888787409976494,-1.4401558711575715]]]},"id":"001800000000000300d3","properties":{"FID":129127}},{"type":"Feature","geometry":{"type":"Polygon","coordinates":[[[36.84720186552103,-1.4194700859993237],[36.84720629967512,-1.419559289928273],[36.84728217293707,-1.4195548480806273],[36.84727765667366,-1.4194701070983926],[36.84720186552103,-1.4194700859993237]]]},"id":"00180000000000033b07","properties":{"FID":128360}},{"type":"Feature","geometry":{"type":"Polygon","coordinates":[[[36.88089487638264,-1.4254230025067176],[36.880921633278426,-1.4254274392386763],[36.880939443844774,-1.425351640106978],[36.88091268695546,-1.4253472033606813],[36.88089487638264,-1.4254230025067176]]]},"id":"0018000000000003053f","properties":{"FID":128872}},{"type":"Feature","geometry":{"type":"Polygon","coordinates":[[[36.88736943285207,-1.4401692236340229],[36.88743188745015,-1.4401781593411591],[36.887445264709335,-1.4401023545879985],[36.88738281012261,-1.4400934188432561],[36.88736943285207,-1.4401692236340229]]]},"id":"00180000000000032130","properties":{"FID":129128}},{"type":"Feature","geometry":{"type":"Polygon","coordinates":[[[36.846889749671085,-1.419447801444634],[36.84689418384396,-1.4195459283817158],[36.847041332540506,-1.4195414724366044],[36.84703689837648,-1.4194388843566705],[36.846889749671085,-1.419447801444634]]]},"id":"00180000000000034077","properties":{"FID":128361}},{"type":"Feature","geometry":{"type":"Polygon","coordinates":[[[36.84774143442304,-1.4332130236450507],[36.84780384055459,-1.4332130444461588],[36.84780384055459,-1.4331595470322473],[36.84774143442304,-1.4331639892664827],[36.84774143442304,-1.4332130236450507]]]},"id":"0018000000000002f597","properties":{"FID":128617}},{"type":"Feature","geometry":{"type":"Polygon","coordinates":[[[36.871579765993914,-1.425226786206282],[36.87160209359481,-1.4252936969194163],[36.8716734269508,-1.4252758321206098],[36.87165109937155,-1.4252045202651664],[36.871579765993914,-1.425226786206282]]]},"id":"00180000000000034348","properties":{"FID":128873}},{"type":"Feature","geometry":{"type":"Polygon","coordinates":[[[36.846925387275135,-1.4185961047348028],[36.84695215652399,-1.4187120763475314],[36.84701907960358,-1.4186942392498099],[36.846992310379036,-1.4185782677896457],[36.846925387275135,-1.4185961047348028]]]},"id":"00180000000000031482","properties":{"FID":128362}},{"type":"Feature","geometry":{"type":"Polygon","coordinates":[[[36.88093501172268,-1.4251866360001884],[36.88097063284455,-1.425191145287571],[36.880979579160474,-1.4251510151506916],[36.88093944384477,-1.4251465305942845],[36.88093501172268,-1.4251866360001884]]]},"id":"0018000000000002e8ac","properties":{"FID":128874}},{"type":"Feature","geometry":{"type":"Polygon","coordinates":[[[36.88774399550684,-1.4391391863902512],[36.88774850928704,-1.4392150083793824],[36.88781982697752,-1.4392105116184464],[36.88781982697751,-1.4391391852436144],[36.88774399550684,-1.4391391863902512]]]},"id":"00180000000000031a1b","properties":{"FID":129130}},{"type":"Feature","geometry":{"type":"Polygon","coordinates":[[[36.84702794793349,-1.4183463972074501],[36.847032464212205,-1.4184355969550728],[36.84709035466935,-1.4184311329041603],[36.847081486346944,-1.4183419544505111],[36.84702794793349,-1.4183463972074501]]]},"id":"001800000000000350dd","properties":{"FID":128363}},{"type":"Feature","geometry":{"type":"Polygon","coordinates":[[[36.84659093507318,-1.4321116707375603],[36.84661327025403,-1.432174091716814],[36.84668906201211,-1.432151785763237],[36.8466668089688,-1.4320849003433824],[36.84659093507318,-1.4321116707375603]]]},"id":"0018000000000002ebfd","properties":{"FID":128619}},{"type":"Feature","geometry":{"type":"Polygon","coordinates":[[[36.87781358233709,-1.4251287176988718],[36.87782696134694,-1.4251554681639365],[36.87787153066895,-1.4251376280008503],[36.87786266605456,-1.4251108528293397],[36.87781358233709,-1.4251287176988718]]]},"id":"0018000000000002fcbf","properties":{"FID":128875}},{"type":"Feature","geometry":{"type":"Polygon","coordinates":[[[36.84697449159535,-1.4182616740732652],[36.84697892576312,-1.418337491595985],[36.84709487094424,-1.418328560619557],[36.847085920508285,-1.4182483063051432],[36.84697449159535,-1.4182616740732652]]]},"id":"00180000000000035856","properties":{"FID":128364}},{"type":"Feature","geometry":{"type":"Polygon","coordinates":[[[36.84619859024082,-1.4317058615193423],[36.846220843425534,-1.4317548947839385],[36.84629220137844,-1.4317281499282708],[36.84627438242545,-1.4316746302849048],[36.84619859024082,-1.4317058615193423]]]},"id":"0018000000000003267b","properties":{"FID":128620}},{"type":"Feature","geometry":{"type":"Polygon","coordinates":[[[36.87741672532422,-1.424642627433722],[36.87745686256312,-1.4247050965724324],[36.87750143210947,-1.4246783361947002],[36.8774612948949,-1.4246114662906901],[36.87741672532422,-1.424642627433722]]]},"id":"00180000000000033f55","properties":{"FID":128876}},{"type":"Feature","geometry":{"type":"Polygon","coordinates":[[[36.847415936322236,-1.4178737568322697],[36.84742037046344,-1.417918345263608],[36.84750954591326,-1.4179049742946803],[36.84750059552769,-1.417860350685231],[36.847415936322236,-1.4178737568322697]]]},"id":"0018000000000002ea5c","properties":{"FID":128365}},{"type":"Feature","geometry":{"type":"Polygon","coordinates":[[[36.845369141097315,-1.4307962437598776],[36.845373657477694,-1.430831862522181],[36.845418246454614,-1.430822995254391],[36.84540929581501,-1.4307917438452797],[36.845369141097315,-1.4307962437598776]]]},"id":"00180000000000031bb5","properties":{"FID":128621}},{"type":"Feature","geometry":{"type":"Polygon","coordinates":[[[36.877274069684326,-1.4241298564465108],[36.87728744879235,-1.4241699872633329],[36.877345397538875,-1.4241432160516105],[36.877327586101806,-1.4241031084348357],[36.877274069684326,-1.4241298564465108]]]},"id":"00180000000000031e12","properties":{"FID":128877}},{"type":"Feature","geometry":{"type":"Polygon","coordinates":[[[36.846782754641055,-1.4178425481860202],[36.8468406452944,-1.4178425457773787],[36.8468362111183,-1.4178024182495772],[36.846782754641055,-1.4178068590580115],[36.846782754641055,-1.4178425481860202]]]},"id":"0018000000000003281f","properties":{"FID":128366}},{"type":"Feature","geometry":{"type":"Polygon","coordinates":[[[36.844428331971166,-1.4298018356166724],[36.84445510212716,-1.4298285882511104],[36.84449969165987,-1.4297884819675568],[36.84446840508449,-1.4297616947724168],[36.844428331971166,-1.4298018356166724]]]},"id":"00180000000000033289","properties":{"FID":128622}},{"type":"Feature","geometry":{"type":"Polygon","coordinates":[[[36.87795631900988,-1.4239024554517155],[36.87799645595422,-1.4239068812491447],[36.877996455954225,-1.4238712592512999],[36.87795631900988,-1.4238712341544422],[36.87795631900988,-1.4239024554517155]]]},"id":"00180000000000030013","properties":{"FID":128878}},{"type":"Feature","geometry":{"type":"Polygon","coordinates":[[[36.8468406452944,-1.4176998490728032],[36.84691200264706,-1.4177042962092652],[36.84691200264706,-1.417655223944609],[36.8468406452944,-1.417650776770639],[36.8468406452944,-1.4176998490728032]]]},"id":"00180000000000032e51","properties":{"FID":128367}},{"type":"Feature","geometry":{"type":"Polygon","coordinates":[[[36.845208686240106,-1.429721557829997],[36.8452175547879,-1.4298152294186732],[36.84529786436663,-1.4298107531097863],[36.845293347981595,-1.4297126565239977],[36.845208686240106,-1.429721557829997]]]},"id":"00180000000000036192","properties":{"FID":128623}},{"type":"Feature","geometry":{"type":"Polygon","coordinates":[[[36.87736772338937,-1.4238400393772828],[36.877385534816696,-1.4238756865091593],[36.87753270464796,-1.4238087764093383],[36.87751481117611,-1.4237775911244723],[36.87736772338937,-1.4238400393772828]]]},"id":"001800000000000359e4","properties":{"FID":128879}},{"type":"Feature","geometry":{"type":"Polygon","coordinates":[[[36.84709035466935,-1.40520098014349],[36.847184046788016,-1.4052009832165249],[36.847184046788016,-1.4051207126756091],[36.84709035466935,-1.4051251689831683],[36.84709035466935,-1.40520098014349]]]},"id":"00180000000000013740","properties":{"FID":256368}},{"type":"Feature","geometry":{"type":"Polygon","coordinates":[[[36.847005694992525,-1.4294941719781815],[36.84702351376867,-1.429529837628708],[36.84707253590936,-1.4295030976246004],[36.847054717145085,-1.429467372516478],[36.847005694992525,-1.4294941719781815]]]},"id":"00180000000000031e88","properties":{"FID":128624}},{"type":"Feature","geometry":{"type":"Polygon","coordinates":[[[36.879681941596964,-1.4236750032482002],[36.87968645587233,-1.423710718567842],[36.879797917347354,-1.423701802691334],[36.87979340307883,-1.4236616273770069],[36.879681941596964,-1.4236750032482002]]]},"id":"0018000000000003034b","properties":{"FID":128880}},{"type":"Feature","geometry":{"type":"Polygon","coordinates":[[[36.848093699919964,-1.405009224446166],[36.84809813402038,-1.405089471813262],[36.84817392425105,-1.4050895065084426],[36.84816949015519,-1.405004799818223],[36.848093699919964,-1.405009224446166]]]},"id":"0018000000000000a40c","properties":{"FID":256369}},{"type":"Feature","geometry":{"type":"Polygon","coordinates":[[[36.84791978443758,-1.4174010621917057],[36.84794211921561,-1.4174635190141394],[36.84801790960677,-1.417436775839293],[36.847995574851716,-1.4173743191183645],[36.84791978443758,-1.4174010621917057]]]},"id":"00180000000000031f6a","properties":{"FID":128369}},{"type":"Feature","geometry":{"type":"Polygon","coordinates":[[[36.84683177694194,-1.4293514640901872],[36.84684516158459,-1.4294183320406784],[36.846907568475274,-1.4294049679292045],[36.84689418384396,-1.4293381000552414],[36.84683177694194,-1.4293514640901872]]]},"id":"00180000000000031e7e","properties":{"FID":128625}},{"type":"Feature","geometry":{"type":"Polygon","coordinates":[[[36.87537445787607,-1.423572455550262],[36.87542354322175,-1.423594794027853],[36.87546368154864,-1.4235055542406758],[36.87541459622975,-1.4234832752490378],[36.87537445787607,-1.423572455550262]]]},"id":"0018000000000002fc78","properties":{"FID":128881}},{"type":"Feature","geometry":{"type":"Polygon","coordinates":[[[36.845391476648516,-1.4047907538175688],[36.845400427290286,-1.4049423325816672],[36.84553862834597,-1.4049334319777884],[36.845529677720975,-1.4047862535729694],[36.845391476648516,-1.4047907538175688]]]},"id":"001800000000000199eb","properties":{"FID":256370}},{"type":"Feature","geometry":{"type":"Polygon","coordinates":[[[36.847808274672445,-1.417387723198958],[36.8478216591377,-1.4174411859675897],[36.847879631087984,-1.417427858682073],[36.84787076286059,-1.417374312281199],[36.847808274672445,-1.417387723198958]]]},"id":"00180000000000030e7f","properties":{"FID":128370}},{"type":"Feature","geometry":{"type":"Polygon","coordinates":[[[36.84677380416719,-1.429262283255],[36.84679162299941,-1.4293247246080143],[36.84685402993543,-1.429311360599283],[36.8468362111183,-1.4292444566971263],[36.84677380416719,-1.429262283255]]]},"id":"00180000000000033045","properties":{"FID":128626}},{"type":"Feature","geometry":{"type":"Polygon","coordinates":[[[36.87635098743297,-1.4234699340346229],[36.87638669285733,-1.4234743832312182],[36.876391125253626,-1.4234297579611714],[36.87635550191288,-1.4234253072216068],[36.87635098743297,-1.4234699340346229]]]},"id":"0018000000000002ed06","properties":{"FID":128882}},{"type":"Feature","geometry":{"type":"Polygon","coordinates":[[[36.84720186552103,-1.4047862836021647],[36.84720629967512,-1.4049200446218957],[36.84735344774834,-1.4049156175127329],[36.84734901360311,-1.404777337882374],[36.84720186552103,-1.4047862836021647]]]},"id":"00180000000000020eb4","properties":{"FID":256371}},{"type":"Feature","geometry":{"type":"Polygon","coordinates":[[[36.847652259253884,-1.4173029996942572],[36.84766564374748,-1.4173832286469863],[36.84771466546095,-1.4173742903719064],[36.84770128097625,-1.417294061488229],[36.847652259253884,-1.4173029996942572]]]},"id":"001800000000000313f2","properties":{"FID":128371}},{"type":"Feature","geometry":{"type":"Polygon","coordinates":[[[36.846827342765316,-1.428727200363608],[36.84684516158459,-1.4287896408224146],[36.84691200264706,-1.4287717915656144],[36.84689418384396,-1.428709351188257],[36.846827342765316,-1.428727200363608]]]},"id":"00180000000000034394","properties":{"FID":128627}},{"type":"Feature","geometry":{"type":"Polygon","coordinates":[[[36.87641345139387,-1.423456519609412],[36.87656062317078,-1.4234565134252675],[36.876556108703475,-1.423362873823846],[36.87651597097289,-1.42336290790241],[36.876520485442654,-1.4234208658914702],[36.87641345139387,-1.4234252981133033],[36.87641345139387,-1.423456519609412]]]},"id":"0018000000000003125c","properties":{"FID":128883}},{"type":"Feature","geometry":{"type":"Polygon","coordinates":[[[36.845088221693445,-1.4047327597407582],[36.845168531413094,-1.404737230976718],[36.845168531413094,-1.404701554738573],[36.845088221693445,-1.404697083471362],[36.845088221693445,-1.4047327597407582]]]},"id":"0018000000000000b838","properties":{"FID":256372}},{"type":"Feature","geometry":{"type":"Polygon","coordinates":[[[36.84778602196715,-1.417280654692471],[36.84780384055459,-1.417347537185652],[36.84784842806093,-1.4173341606207916],[36.84783060948428,-1.4172717391989251],[36.84778602196715,-1.417280654692471]]]},"id":"00180000000000031a93","properties":{"FID":128372}},{"type":"Feature","geometry":{"type":"Polygon","coordinates":[[[36.875454734561515,-1.4233851747464759],[36.87550381985362,-1.4234030529325676],[36.87553057871143,-1.423322745664257],[36.87548592588805,-1.4233049038534626],[36.875454734561515,-1.4233851747464759]]]},"id":"0018000000000003473b","properties":{"FID":128884}},{"type":"Feature","geometry":{"type":"Polygon","coordinates":[[[36.84785737840424,-1.403493116150902],[36.84800895928295,-1.4035198844149581],[36.84803572813812,-1.4033593375326947],[36.847924218548464,-1.4033415252113495],[36.84791978443757,-1.4033816799084833],[36.84787519697443,-1.4033727472146726],[36.84785737840424,-1.403493116150902]]]},"id":"0018000000000001c3aa","properties":{"FID":256373}},{"type":"Feature","geometry":{"type":"Polygon","coordinates":[[[36.87515595381597,-1.4230373693601548],[36.87524066320559,-1.4230686190648134],[36.87525855723083,-1.423023980886214],[36.87517384786183,-1.4229927906524042],[36.87515595381597,-1.4230373693601548]]]},"id":"00180000000000032919","properties":{"FID":128885}},{"type":"Feature","geometry":{"type":"Polygon","coordinates":[[[36.84748729311775,-1.4031096364185673],[36.84756308397678,-1.4031096730220118],[36.847558567730594,-1.4030516675739892],[36.84748729311775,-1.4030561261664571],[36.84748729311775,-1.4031096364185673]]]},"id":"0018000000000000ae74","properties":{"FID":256374}},{"type":"Feature","geometry":{"type":"Polygon","coordinates":[[[36.851308681118496,-1.417088929403842],[36.85190175485251,-1.4170800216214443],[36.85189732098104,-1.416995289994919],[36.851308681118496,-1.4169997731440676],[36.851308681118496,-1.417088929403842]]]},"id":"0018000000000003500e","properties":{"FID":128374}},{"type":"Feature","geometry":{"type":"Polygon","coordinates":[[[36.87422406200629,-1.4215658534776874],[36.874277498559756,-1.4215792505936657],[36.87429982534171,-1.4214766695817056],[36.87427306603606,-1.4214722315496784],[36.87425968637958,-1.421521303472668],[36.87423744166925,-1.421512380844387],[36.87422406200629,-1.4215658534776874]]]},"id":"00180000000000032d9d","properties":{"FID":128886}},{"type":"Feature","geometry":{"type":"Polygon","coordinates":[[[36.85628951460023,-1.4170131055353554],[36.85632522976053,-1.4170577029251417],[36.85638319501831,-1.4170086931558674],[36.85635191348968,-1.4169640731542097],[36.85628951460023,-1.4170131055353554]]]},"id":"00180000000000034845","properties":{"FID":128375}},{"type":"Feature","geometry":{"type":"Polygon","coordinates":[[[36.87885254138959,-1.4173431194251627],[36.878888245599164,-1.4173609482293765],[36.878906056658145,-1.4173163817213856],[36.87887043453587,-1.4173029512246413],[36.87885254138959,-1.4173431194251627]]]},"id":"0018000000000002f65a","properties":{"FID":128887}},{"type":"Feature","geometry":{"type":"Polygon","coordinates":[[[36.848165056059074,-1.417013110317892],[36.8482408462209,-1.417013133699457],[36.84824528031246,-1.4169328734324709],[36.84816949015519,-1.4169283890275122],[36.848165056059074,-1.417013110317892]]]},"id":"0018000000000003554c","properties":{"FID":128376}},{"type":"Feature","geometry":{"type":"Polygon","coordinates":[[[36.87887486678244,-1.4171424542246749],[36.878937328599186,-1.4171736401088617],[36.87896408620748,-1.4171201678323273],[36.87890162441346,-1.4170889225096832],[36.87887486678244,-1.4171424542246749]]]},"id":"0018000000000002f80e","properties":{"FID":128888}},{"type":"Feature","geometry":{"type":"Polygon","coordinates":[[[36.85129981330388,-1.416928386588369],[36.85134439869435,-1.4169283932112073],[36.85134883259911,-1.4168882831133853],[36.851299813303875,-1.4168882991380907],[36.85129981330388,-1.416928386588369]]]},"id":"0018000000000002ed47","properties":{"FID":128377}},{"type":"Feature","geometry":{"type":"Polygon","coordinates":[[[36.84564562518253,-1.4017050587493867],[36.84569916460038,-1.4017139471451787],[36.845716983692476,-1.4016247952802887],[36.84566344428758,-1.4016113882969896],[36.84564562518253,-1.4017050587493867]]]},"id":"00180000000000014f0c","properties":{"FID":256378}},{"type":"Feature","geometry":{"type":"Polygon","coordinates":[[[36.85726605115835,-1.4168437101814801],[36.85736416387661,-1.4168481367063137],[36.85736416387661,-1.4167500670125288],[36.85726605115835,-1.4167455809075744],[36.85726605115835,-1.4168437101814801]]]},"id":"00180000000000035880","properties":{"FID":128378}},{"type":"Feature","geometry":{"type":"Polygon","coordinates":[[[36.845788342133325,-1.4013260377780676],[36.84582398027008,-1.4013349569898883],[36.84581059544193,-1.401375036442825],[36.84589090437433,-1.4014018058269975],[36.845922108230376,-1.40129927052958],[36.84590872342007,-1.4012992779191733],[36.845926542461484,-1.4012412812371615],[36.84582398027008,-1.4012101037170053],[36.845788342133325,-1.4013260377780676]]]},"id":"00180000000000028d93","properties":{"FID":256379}},{"type":"Feature","geometry":{"type":"Polygon","coordinates":[[[36.851371166337536,-1.416745601028653],[36.85148710460617,-1.4167411336725668],[36.85148258860054,-1.4166787075835063],[36.851371166337536,-1.4166831506612567],[36.851371166337536,-1.416745601028653]]]},"id":"00180000000000033735","properties":{"FID":128379}},{"type":"Feature","geometry":{"type":"Polygon","coordinates":[[[36.851273045634755,-1.416647498062278],[36.8513220649478,-1.4166519429212743],[36.851326580963274,-1.4166162923593337],[36.85127747954382,-1.4166073287958043],[36.851273045634755,-1.416647498062278]]]},"id":"0018000000000002fc24","properties":{"FID":128380}},{"type":"Feature","geometry":{"type":"Polygon","coordinates":[[[36.85133544877467,-1.4166073255917284],[36.851339882679966,-1.4166786746657978],[36.85138898405783,-1.416678716724078],[36.851388984057834,-1.4166073450397119],[36.85133544877467,-1.4166073255917284]]]},"id":"00180000000000031aac","properties":{"FID":128381}},{"type":"Feature","geometry":{"type":"Polygon","coordinates":[[[36.881496822106485,-1.4264619525320963],[36.88177776672588,-1.4264619400010805],[36.88177776672589,-1.4262479054632553],[36.88150125419471,-1.4262479534357495],[36.881496822106485,-1.4264619525320963]]]},"id":"00180000000000036ff7","properties":{"FID":128893}},{"type":"Feature","geometry":{"type":"Polygon","coordinates":[[[36.851393417959905,-1.4166697725976687],[36.85147372080686,-1.4166742326942046],[36.85147815470383,-1.4166073586373285],[36.851393417959905,-1.416602921136694],[36.851393417959905,-1.4166697725976687]]]},"id":"0018000000000003278a","properties":{"FID":128382}},{"type":"Feature","geometry":{"type":"Polygon","coordinates":[[[36.881987304914695,-1.4262211568452372],[36.88208538466858,-1.4262256295555733],[36.88208989879636,-1.426145379674432],[36.881987304914695,-1.4261409316791003],[36.881987304914695,-1.4262211568452372]]]},"id":"0018000000000003204e","properties":{"FID":128894}},{"type":"Feature","geometry":{"type":"Polygon","coordinates":[[[36.84508378741189,-1.40063483139043],[36.84513732723794,-1.4006437797624136],[36.845141761516274,-1.400612545022436],[36.845088221693445,-1.4006036560916206],[36.84508378741189,-1.40063483139043]]]},"id":"00180000000000008dcd","properties":{"FID":256383}},{"type":"Feature","geometry":{"type":"Polygon","coordinates":[[[36.85562512735638,-1.416660844683454],[36.85570985923161,-1.416669801625506],[36.85571872651524,-1.4165984479657538],[36.85563399465022,-1.4165894909680445],[36.85562512735638,-1.416660844683454]]]},"id":"001800000000000332e8","properties":{"FID":128383}},{"type":"Feature","geometry":{"type":"Polygon","coordinates":[[[36.85149597239824,-1.4165538568565814],[36.85150492229842,-1.4166965531199347],[36.851852735925256,-1.4166786905815225],[36.85184378606735,-1.416540455705325],[36.85149597239824,-1.4165538568565814]]]},"id":"001800000000000369cd","properties":{"FID":128384}},{"type":"Feature","geometry":{"type":"Polygon","coordinates":[[[36.882072006433695,-1.4257395956305678],[36.88207652056231,-1.4258064738453913],[36.882130033483904,-1.4258020258405517],[36.882125519358574,-1.425735147679155],[36.882072006433695,-1.4257395956305678]]]},"id":"0018000000000002eb14","properties":{"FID":128896}},{"type":"Feature","geometry":{"type":"Polygon","coordinates":[[[36.84434802144484,-1.400590276454911],[36.84448179015643,-1.400594723867488],[36.84448179015643,-1.4005456745461353],[36.8443525378878,-1.4005412038211809],[36.84434802144484,-1.400590276454911]]]},"id":"00180000000000020cfa","properties":{"FID":256385}},{"type":"Feature","geometry":{"type":"Polygon","coordinates":[[[36.855513629255746,-1.4162372621546313],[36.85552257866769,-1.4163398057708796],[36.855727675902266,-1.4163219712859993],[36.855727675902266,-1.416295208619452],[36.85575000831286,-1.4162952112826517],[36.855741058928544,-1.4161614451017412],[36.85566527648384,-1.4161658817154],[36.855669710128474,-1.4162238447024909],[36.855513629255746,-1.4162372621546313]]]},"id":"00180000000000036529","properties":{"FID":128385}},{"type":"Feature","geometry":{"type":"Polygon","coordinates":[[[36.88117574122663,-1.4257619130293013],[36.881376416940896,-1.4257708348591145],[36.881380849036375,-1.4256860671885363],[36.881180255410264,-1.4256771436368443],[36.88117574122663,-1.4257619130293013]]]},"id":"00180000000000036623","properties":{"FID":128897}},{"type":"Feature","geometry":{"type":"Polygon","coordinates":[[[36.84450856029301,-1.4006660539178273],[36.84459773926677,-1.400683921860093],[36.844624509361225,-1.4005144643596832],[36.8445397647344,-1.400501093063038],[36.84450856029301,-1.4006660539178273]]]},"id":"00180000000000028a04","properties":{"FID":256386}},{"type":"Feature","geometry":{"type":"Polygon","coordinates":[[[36.855134632976885,-1.416206040544884],[36.8552282327592,-1.416201571271023],[36.855228232759195,-1.4161168821377206],[36.855134632976885,-1.4161212918285495],[36.855134632976885,-1.416206040544884]]]},"id":"001800000000000307ff","properties":{"FID":128386}},{"type":"Feature","geometry":{"type":"Polygon","coordinates":[[[36.881403173661404,-1.4257708112467136],[36.88148787585352,-1.4257752963305497],[36.8814968221065,-1.4254898540852474],[36.881412119924676,-1.425489888405654],[36.881403173661404,-1.4257708112467136]]]},"id":"00180000000000030ba0","properties":{"FID":128898}},{"type":"Feature","geometry":{"type":"Polygon","coordinates":[[[36.85115710702921,-1.4161302405622318],[36.851161540945235,-1.4162060495182487],[36.85133544877467,-1.4162015801106222],[36.85133544877467,-1.416121288036994],[36.85115710702921,-1.4161302405622318]]]},"id":"00180000000000035a32","properties":{"FID":128387}},{"type":"Feature","geometry":{"type":"Polygon","coordinates":[[[36.88159490251485,-1.4254497257835081],[36.88168411863874,-1.4254497262024743],[36.88168411863873,-1.4254007237303015],[36.88159490251485,-1.4254051834350998],[36.88159490251485,-1.4254497257835081]]]},"id":"001800000000000312c3","properties":{"FID":128899}},{"type":"Feature","geometry":{"type":"Polygon","coordinates":[[[36.85450586925015,-1.4161391213408983],[36.85457278546745,-1.4161391310346993],[36.85457278546745,-1.416067822790379],[36.85450586925015,-1.4160678130368227],[36.85450586925015,-1.4161391213408983]]]},"id":"001800000000000320e7","properties":{"FID":128388}},{"type":"Feature","geometry":{"type":"Polygon","coordinates":[[[36.881380849036375,-1.4254408150332225],[36.881523578783174,-1.4254631288818427],[36.881536957117866,-1.425391754166339],[36.88139422739704,-1.4253650395253061],[36.881380849036375,-1.4254408150332225]]]},"id":"001800000000000334a0","properties":{"FID":128900}},{"type":"Feature","geometry":{"type":"Polygon","coordinates":[[[36.85115267311291,-1.4161212823606821],[36.851304247211324,-1.4161168698469495],[36.85130424721132,-1.4160499599113376],[36.85115267311291,-1.4160499710982122],[36.85115267311291,-1.4161212823606821]]]},"id":"00180000000000030b01","properties":{"FID":128389}},{"type":"Feature","geometry":{"type":"Polygon","coordinates":[[[36.881987304914695,-1.425360574781136],[36.881991819048494,-1.4254140718753439],[36.88207652056231,-1.425405176767129],[36.88207652056231,-1.425351654985632],[36.881987304914695,-1.425360574781136]]]},"id":"001800000000000329da","properties":{"FID":128901}},{"type":"Feature","geometry":{"type":"Polygon","coordinates":[[[36.85101440047806,-1.4160053671666488],[36.851032218284644,-1.4162639948534261],[36.851072369915954,-1.416259563790653],[36.85106341996322,-1.4160544190512958],[36.85109913765799,-1.4160499512684386],[36.85109913765799,-1.4160009434145722],[36.85101440047806,-1.4160053671666488]]]},"id":"00180000000000035f64","properties":{"FID":128390}},{"type":"Feature","geometry":{"type":"Polygon","coordinates":[[[36.888845431724214,-1.4252356947892695],[36.88886324037026,-1.4253472131756224],[36.88895244767053,-1.4253338340051591],[36.88894801603168,-1.4253114990002491],[36.88897920163276,-1.4253070518788125],[36.888965824652864,-1.4252134089674326],[36.888845431724214,-1.4252356947892695]]]},"id":"00180000000000035378","properties":{"FID":128902}},{"type":"Feature","geometry":{"type":"Polygon","coordinates":[[[36.84961868627401,-1.4159920135778619],[36.84962320239392,-1.4160499791691978],[36.84969004093609,-1.416049990672259],[36.84968560693148,-1.4159920236094148],[36.84961868627401,-1.4159920135778619]]]},"id":"0018000000000002e906","properties":{"FID":128391}},{"type":"Feature","geometry":{"type":"Polygon","coordinates":[[[36.852646395147715,-1.4157913152773196],[36.85273564637925,-1.4157913281924484],[36.85273564637926,-1.4157289401002724],[36.85269549565462,-1.4157289102401884],[36.85269549565462,-1.4157199891641028],[36.852646395147715,-1.4157200060338355],[36.852646395147715,-1.4157913152773196]]]},"id":"001800000000000339f1","properties":{"FID":128392}},{"type":"Feature","geometry":{"type":"Polygon","coordinates":[[[36.853306375478475,-1.415728901054231],[36.85335095965432,-1.4157289082880486],[36.85335095965432,-1.4156709218110188],[36.853306375478475,-1.415670914544825],[36.853306375478475,-1.415728901054231]]]},"id":"0018000000000002f690","properties":{"FID":128393}},{"type":"Feature","geometry":{"type":"Polygon","coordinates":[[[36.85331532515867,-1.415621921331974],[36.85335990932909,-1.415626329639984],[36.8533777265683,-1.4155059831790613],[36.853333142408644,-1.4155015153477946],[36.85331532515867,-1.415621921331974]]]},"id":"00180000000000030eff","properties":{"FID":128394}},{"type":"Feature","geometry":{"type":"Polygon","coordinates":[[[36.858822292295855,-1.4154702552578964],[36.85888025558779,-1.415470312062725],[36.85888468903883,-1.4154167675841618],[36.858822292295855,-1.4154167928162258],[36.858822292295855,-1.4154702552578964]]]},"id":"00180000000000033849","properties":{"FID":128395}},{"type":"Feature","geometry":{"type":"Polygon","coordinates":[[[36.8587107990366,-1.4154613771020153],[36.85877771143263,-1.4154658473436112],[36.85877771143264,-1.415412325410169],[36.8587107990366,-1.4154123152917566],[36.8587107990366,-1.4154613771020153]]]},"id":"0018000000000002f063","properties":{"FID":128396}},{"type":"Feature","geometry":{"type":"Polygon","coordinates":[[[36.855192599171886,-1.415416782841112],[36.85519703284498,-1.415563952383701],[36.85527281577157,-1.415563917317677],[36.85527281577158,-1.4155014721497785],[36.85531739875695,-1.4155014794530802],[36.85531739875695,-1.4154123317883627],[36.855192599171886,-1.415416782841112]]]},"id":"0018000000000003420e","properties":{"FID":128397}},{"type":"Feature","geometry":{"type":"Polygon","coordinates":[[[36.855509195601705,-1.4153722067863705],[36.85551362925574,-1.4155014746733505],[36.85556264574641,-1.4155015188379239],[36.85555821209533,-1.4153721915592081],[36.855509195601705,-1.4153722067863705]]]},"id":"00180000000000031517","properties":{"FID":128398}},{"type":"Feature","geometry":{"type":"Polygon","coordinates":[[[36.85557602880268,-1.415358778136062],[36.85562512735638,-1.4153588208663075],[36.85562512735638,-1.415336519239144],[36.85557602880268,-1.4153409962932537],[36.85557602880268,-1.415358778136062]]]},"id":"0018000000000002f625","properties":{"FID":128399}},{"type":"Feature","geometry":{"type":"Polygon","coordinates":[[[36.847852862176104,-1.4427287816992809],[36.84786624663326,-1.4427867438963002],[36.847937602992666,-1.4427689097099596],[36.847924218548464,-1.4427064832877623],[36.847852862176104,-1.4427287816992809]]]},"id":"001800000000000358d9","properties":{"FID":128655}},{"type":"Feature","geometry":{"type":"Polygon","coordinates":[[[36.848619877972915,-1.4149708566506078],[36.84866446498541,-1.4149708644446464],[36.84866446498541,-1.414921797159577],[36.848624312041665,-1.414921826261349],[36.848619877972915,-1.4149708566506078]]]},"id":"00180000000000030005","properties":{"FID":128400}},{"type":"Feature","geometry":{"type":"Polygon","coordinates":[[[36.848205209253116,-1.4149708556263723],[36.84825423060757,-1.4149708408784607],[36.84825423060757,-1.4149129114541767],[36.848205209253116,-1.414917327374596],[36.848205209253116,-1.4149708556263723]]]},"id":"00180000000000033323","properties":{"FID":128401}},{"type":"Feature","geometry":{"type":"Polygon","coordinates":[[[36.84820069304628,-1.4148995087114595],[36.848249796516555,-1.414903953168194],[36.84825866469833,-1.4148415775632999],[36.84820964334681,-1.4148326114092544],[36.84820069304628,-1.4148995087114595]]]},"id":"00180000000000033322","properties":{"FID":128402}},{"type":"Feature","geometry":{"type":"Polygon","coordinates":[[[36.882834561935134,-1.4208479694567464],[36.882932640558444,-1.420861307540334],[36.882946018636666,-1.4207454088434754],[36.88287912822119,-1.4207364852536521],[36.88287018213647,-1.4207989063398212],[36.88284342594998,-1.4207989283064288],[36.882834561935134,-1.4208479694567464]]]},"id":"00180000000000035c1c","properties":{"FID":128914}},{"type":"Feature","geometry":{"type":"Polygon","coordinates":[[[36.84820069304628,-1.4148237366748284],[36.84825423060757,-1.4148236979527407],[36.84825423060757,-1.414756847454127],[36.84820069304628,-1.414756826655795],[36.84820069304628,-1.4148237366748284]]]},"id":"0018000000000003307f","properties":{"FID":128403}},{"type":"Feature","geometry":{"type":"Polygon","coordinates":[[[36.88230838224955,-1.4205625949148297],[36.88231281428884,-1.4206160861238366],[36.882348516817785,-1.4206071572108396],[36.882339570668485,-1.4205580905706359],[36.88230838224955,-1.4205625949148297]]]},"id":"0018000000000002f5f6","properties":{"FID":128915}},{"type":"Feature","geometry":{"type":"Polygon","coordinates":[[[36.85322615673684,-1.4147122156785887],[36.85326179127564,-1.414712210634982],[36.853261791275635,-1.414672126754919],[36.85322615673684,-1.4146721317806266],[36.85322615673684,-1.4147122156785887]]]},"id":"0018000000000002ffdf","properties":{"FID":128404}},{"type":"Feature","geometry":{"type":"Polygon","coordinates":[[[36.85310570529947,-1.4145873530285962],[36.85311465500405,-1.4146319695901235],[36.853154805500175,-1.4146275396195407],[36.85315028959679,-1.4145784401767054],[36.85310570529947,-1.4145873530285962]]]},"id":"0018000000000003193a","properties":{"FID":128405}},{"type":"Feature","geometry":{"type":"Polygon","coordinates":[[[36.88270521285607,-1.4204867772619565],[36.882754293307535,-1.4204956754503308],[36.88276323940636,-1.4204600116799897],[36.882709726945784,-1.4204510769729062],[36.88270521285607,-1.4204867772619565]]]},"id":"0018000000000002f257","properties":{"FID":128917}},{"type":"Feature","geometry":{"type":"Polygon","coordinates":[[[36.848989957570275,-1.4143733661396458],[36.84899439161674,-1.414413488765889],[36.84902567627041,-1.4144135049602065],[36.84902116011388,-1.4143688638262961],[36.848989957570275,-1.4143733661396458]]]},"id":"001800000000000301fe","properties":{"FID":128406}},{"type":"Feature","geometry":{"type":"Polygon","coordinates":[[[36.84886063109735,-1.4142752461810284],[36.848927552443435,-1.414275257684357],[36.84892311839293,-1.4141771480053238],[36.84886063109735,-1.4141771733825603],[36.84886063109735,-1.4142752461810284]]]},"id":"001800000000000359eb","properties":{"FID":128407}},{"type":"Feature","geometry":{"type":"Polygon","coordinates":[[[36.850461471563754,-1.414203894265967],[36.8505372593631,-1.4142039201978345],[36.850537259363094,-1.4141414737967732],[36.850461471563754,-1.4141414478056697],[36.850461471563754,-1.414203894265967]]]},"id":"0018000000000002ec8e","properties":{"FID":128408}},{"type":"Feature","geometry":{"type":"Polygon","coordinates":[[[36.85086725971695,-1.4142172655567038],[36.85100545051829,-1.4142529509943205],[36.85100101659285,-1.4142708152867787],[36.851058986041274,-1.414284135642449],[36.85109913765799,-1.4141325711084833],[36.85099214874119,-1.4141058242787985],[36.85098763270522,-1.4141370118151102],[36.85093417924017,-1.4141236078909176],[36.85092522927064,-1.414154877454505],[36.85088951149154,-1.4141459033715282],[36.85086725971695,-1.4142172655567038]]]},"id":"00180000000000034b9d","properties":{"FID":128409}},{"type":"Feature","geometry":{"type":"Polygon","coordinates":[[[36.847175096362896,-1.4400310376872423],[36.847184046788016,-1.440120208795278],[36.84725983795899,-1.4401112822963755],[36.847250887543076,-1.4400221112954918],[36.847175096362896,-1.4400310376872423]]]},"id":"00180000000000035674","properties":{"FID":128665}},{"type":"Feature","geometry":{"type":"Polygon","coordinates":[[[36.85042583567015,-1.414003238039107],[36.85043470358998,-1.4140790206080762],[36.85046590552166,-1.414074577973017],[36.85045703760558,-1.4139987954431534],[36.85042583567015,-1.414003238039107]]]},"id":"0018000000000002ff94","properties":{"FID":128410}},{"type":"Feature","geometry":{"type":"Polygon","coordinates":[[[36.84691651893288,-1.4400265611017884],[36.84692990356013,-1.4400889839116842],[36.84699674454573,-1.440075583368803],[36.84698787621207,-1.4400131946500099],[36.84691651893288,-1.4400265611017884]]]},"id":"0018000000000002f073","properties":{"FID":128666}},{"type":"Feature","geometry":{"type":"Polygon","coordinates":[[[36.8578011949238,-1.4132407454383697],[36.85781006195558,-1.4133120594262312],[36.85786359253217,-1.41330316098308],[36.85785464340475,-1.413236249039178],[36.8578011949238,-1.4132407454383697]]]},"id":"00180000000000031e68","properties":{"FID":128411}},{"type":"Feature","geometry":{"type":"Polygon","coordinates":[[[36.85251715720216,-1.4050850444034533],[36.85253045870385,-1.4051474662097643],[36.85257060951845,-1.4051385235891525],[36.852557225916016,-1.405076103337966],[36.85251715720216,-1.4050850444034533]]]},"id":"0018000000000000912d","properties":{"FID":256412}},{"type":"Feature","geometry":{"type":"Polygon","coordinates":[[[36.85228528372508,-1.4130222105592736],[36.852378887128765,-1.4130178049169746],[36.85237445328601,-1.4129107826272427],[36.85228528372509,-1.4129152251504908],[36.85228528372508,-1.4130222105592736]]]},"id":"0018000000000003395a","properties":{"FID":128412}},{"type":"Feature","geometry":{"type":"Polygon","coordinates":[[[36.85188393725626,-1.404955708804488],[36.85189732098104,-1.4050538029489201],[36.85202664212277,-1.4050359684448588],[36.8520132584215,-1.40493787450847],[36.85188393725626,-1.404955708804488]]]},"id":"0018000000000001bbf7","properties":{"FID":256413}},{"type":"Feature","geometry":{"type":"Polygon","coordinates":[[[36.855040950970384,-1.4114392696233518],[36.85507215095073,-1.4114526084575454],[36.85504990043978,-1.4115061211794917],[36.8551212498404,-1.4115417912125736],[36.855170266592246,-1.4114392612629942],[36.85506328358924,-1.4113902153456648],[36.855040950970384,-1.4114392696233518]]]},"id":"00180000000000035fbd","properties":{"FID":128413}},{"type":"Feature","geometry":{"type":"Polygon","coordinates":[[[36.846220843425534,-1.439968590277125],[36.8463055861191,-1.4399686020492404],[36.8463055861191,-1.4399150931330311],[36.846220843425534,-1.439915081304181],[36.846220843425534,-1.439968590277125]]]},"id":"0018000000000002ea78","properties":{"FID":128669}},{"type":"Feature","geometry":{"type":"Polygon","coordinates":[[[36.85686473183336,-1.4048486822852815],[36.85687368108111,-1.4049735454312526],[36.85693164590713,-1.4049690915598183],[36.856936079475524,-1.405000341344268],[36.85702524340524,-1.4049958492236176],[36.85701637627894,-1.4048397725305668],[36.85686473183336,-1.4048486822852815]]]},"id":"0018000000000001f323","properties":{"FID":256414}},{"type":"Feature","geometry":{"type":"Polygon","coordinates":[[[36.858964983717115,-1.4114080424732078],[36.859009564466945,-1.4114125115794656],[36.8590139979102,-1.4113812718349403],[36.85896941716306,-1.4113768027156737],[36.858964983717115,-1.4114080424732078]]]},"id":"0018000000000003094b","properties":{"FID":128414}},{"type":"Feature","geometry":{"type":"Polygon","coordinates":[[[36.85308788799447,-1.4049824621486435],[36.85309683770121,-1.4050359855775314],[36.85328855822202,-1.4050002979550846],[36.85325284158893,-1.404799640602171],[36.85320382356088,-1.404813026535257],[36.85323059052832,-1.404955701674419],[36.85308788799447,-1.4049824621486435]]]},"id":"00180000000000023acd","properties":{"FID":256415}},{"type":"Feature","geometry":{"type":"Polygon","coordinates":[[[36.85885349067396,-1.4113946406243925],[36.858929269837276,-1.4113991284315297],[36.85893821883408,-1.4112341357858649],[36.85886687313209,-1.4112296849344825],[36.85885349067396,-1.4113946406243925]]]},"id":"001800000000000345fe","properties":{"FID":128415}},{"type":"Feature","geometry":{"type":"Polygon","coordinates":[[[36.846220843425534,-1.439816991656452],[36.84622979396658,-1.4398615824942114],[36.84631453664984,-1.4398482023054209],[36.84631002032713,-1.4398080516053942],[36.846220843425534,-1.439816991656452]]]},"id":"0018000000000002efd4","properties":{"FID":128671}},{"type":"Feature","geometry":{"type":"Polygon","coordinates":[[[36.852940751375456,-1.4049468169252586],[36.8529541349082,-1.4050270731940362],[36.85309232179427,-1.4050003360877221],[36.85305225337152,-1.4047996392686268],[36.852998719297275,-1.4048130487329231],[36.85301653662385,-1.4049289555819386],[36.852940751375456,-1.4049468169252586]]]},"id":"00180000000000016dda","properties":{"FID":256416}},{"type":"Feature","geometry":{"type":"Polygon","coordinates":[[[36.855477995806524,-1.4112787362792352],[36.85554482903582,-1.4112787515189746],[36.85554482903582,-1.4112252339399796],[36.855477995806524,-1.4112252186554484],[36.855477995806524,-1.4112787362792352]]]},"id":"0018000000000003007b","properties":{"FID":128416}},{"type":"Feature","geometry":{"type":"Polygon","coordinates":[[[36.85268211207488,-1.4049289756649854],[36.85268654589912,-1.4049913816375132],[36.852829249210586,-1.4049824575819696],[36.852820299471325,-1.4048041381065361],[36.85271331305456,-1.4048086005582971],[36.85272226280681,-1.4049244923583195],[36.85268211207488,-1.4049289756649854]]]},"id":"00180000000000022d71","properties":{"FID":256417}},{"type":"Feature","geometry":{"type":"Polygon","coordinates":[[[36.85897393270958,-1.4112698075005348],[36.85906752761143,-1.4112921022666651],[36.859085343469616,-1.4112252361526976],[36.85899174859041,-1.4112029413575984],[36.85897393270958,-1.4112698075005348]]]},"id":"00180000000000034a26","properties":{"FID":128417}},{"type":"Feature","geometry":{"type":"Polygon","coordinates":[[[36.88310655538542,-1.4174411919290122],[36.88311993343199,-1.4174902312051048],[36.88320020166026,-1.4174723918365182],[36.88318682362831,-1.4174233526329592],[36.88310655538542,-1.4174411919290122]]]},"id":"0018000000000002eb01","properties":{"FID":128929}},{"type":"Feature","geometry":{"type":"Polygon","coordinates":[[[36.85638319501831,-1.4048175183167895],[36.85645454312706,-1.4048487278091373],[36.85648122680935,-1.4047684527986775],[36.85640987872645,-1.4047417022234574],[36.85638319501831,-1.4048175183167895]]]},"id":"0018000000000000ce7f","properties":{"FID":256418}},{"type":"Feature","geometry":{"type":"Polygon","coordinates":[[[36.85530409775861,-1.411189538557585],[36.85533973129197,-1.4111939948408079],[36.8553441649562,-1.4111449741582112],[36.855312965091095,-1.411140495502567],[36.85530409775861,-1.411189538557585]]]},"id":"0018000000000002fe83","properties":{"FID":128418}},{"type":"Feature","geometry":{"type":"Polygon","coordinates":[[[36.84709035466935,-1.4393309582626033],[36.8471082555391,-1.4393844264823128],[36.847179612632594,-1.439362133050277],[36.847161711780196,-1.4393086649087872],[36.84709035466935,-1.4393309582626033]]]},"id":"001800000000000304b1","properties":{"FID":128674}},{"type":"Feature","geometry":{"type":"Polygon","coordinates":[[[36.88264726833438,-1.4174099986458146],[36.88266507848259,-1.417490229014991],[36.88275872531993,-1.4174724385996988],[36.88274091519442,-1.417392148909064],[36.88264726833438,-1.4174099986458146]]]},"id":"0018000000000003497a","properties":{"FID":128930}},{"type":"Feature","geometry":{"type":"Polygon","coordinates":[[[36.85855029113932,-1.4045499478639019],[36.85865283561125,-1.4045588839728893],[36.858675167134635,-1.404380480720896],[36.858572540592526,-1.4043671466555556],[36.85855029113932,-1.4045499478639019]]]},"id":"0018000000000001a34e","properties":{"FID":256419}},{"type":"Feature","geometry":{"type":"Polygon","coordinates":[[[36.85497855097004,-1.4111538621038424],[36.8550365172879,-1.4111583225345596],[36.855045466757836,-1.4110735994070462],[36.85498298465602,-1.41106916279414],[36.85497855097004,-1.4111538621038424]]]},"id":"00180000000000030676","properties":{"FID":128419}},{"type":"Feature","geometry":{"type":"Polygon","coordinates":[[[36.84682734276531,-1.439099081928203],[36.8468406452944,-1.4391302575044376],[36.846889749671085,-1.439112430340029],[36.846876365036536,-1.4390811968228714],[36.84682734276531,-1.439099081928203]]]},"id":"0018000000000002e868","properties":{"FID":128675}},{"type":"Feature","geometry":{"type":"Polygon","coordinates":[[[36.852922934030545,-1.4043448107970842],[36.85296300252364,-1.4044652423179833],[36.85308788799446,-1.4044295355401688],[36.853074504486024,-1.4043849530418755],[36.853119088802245,-1.404371589492159],[36.85309232179427,-1.404291342766594],[36.852922934030545,-1.4043448107970842]]]},"id":"001800000000000255cb","properties":{"FID":256420}},{"type":"Feature","geometry":{"type":"Polygon","coordinates":[[[36.853828082542414,-1.411069126427479],[36.85389499937557,-1.411064680533346],[36.85389048351759,-1.4110067261837007],[36.853828082542414,-1.4110067477628878],[36.853828082542414,-1.411069126427479]]]},"id":"0018000000000002ef8f","properties":{"FID":128420}},{"type":"Feature","geometry":{"type":"Polygon","coordinates":[[[36.856195916166904,-1.4385104501614085],[36.85621373271996,-1.438555045536646],[36.856271698065505,-1.4385283059272245],[36.856253881526484,-1.4384837106137098],[36.856195916166904,-1.4385104501614085]]]},"id":"0018000000000002f086","properties":{"FID":128676}},{"type":"Feature","geometry":{"type":"Polygon","coordinates":[[[36.88313774346567,-1.4173520266878783],[36.88314668951782,-1.4173921705083252],[36.88317787758104,-1.4173877273037465],[36.88316901360652,-1.4173475819810435],[36.88313774346567,-1.4173520266878783]]]},"id":"0018000000000002f44b","properties":{"FID":128932}},{"type":"Feature","geometry":{"type":"Polygon","coordinates":[[[36.858675167134635,-1.4043180585429327],[36.85871079903661,-1.4043715627082036],[36.85876432895829,-1.404335920315033],[36.858733130542404,-1.4042868529612011],[36.858675167134635,-1.4043180585429327]]]},"id":"001800000000000158a7","properties":{"FID":256421}},{"type":"Feature","geometry":{"type":"Polygon","coordinates":[[[36.853694330800394,-1.4110869959403636],[36.85373448098052,-1.4110869686395906],[36.85373891474139,-1.4110067280489],[36.853698764563696,-1.4110066958444312],[36.853694330800394,-1.4110869959403636]]]},"id":"0018000000000002ea2a","properties":{"FID":128421}},{"type":"Feature","geometry":{"type":"Polygon","coordinates":[[[36.856708653493655,-1.435571893999973],[36.856766618449605,-1.4356209685892443],[36.85698517712237,-1.4353935433142158],[36.85693164590713,-1.4353400419632425],[36.856708653493655,-1.435571893999973]]]},"id":"00180000000000036e70","properties":{"FID":128677}},{"type":"Feature","geometry":{"type":"Polygon","coordinates":[[[36.883110987376575,-1.4172316533846783],[36.88314668951782,-1.4172361040305255],[36.883151121506565,-1.4171959499946685],[36.883115501441374,-1.417195956842073],[36.883110987376575,-1.4172316533846783]]]},"id":"0018000000000002eb0c","properties":{"FID":128933}},{"type":"Feature","geometry":{"type":"Polygon","coordinates":[[[36.856887063899094,-1.4043180841114706],[36.85694946228217,-1.4043537382163798],[36.85698517712237,-1.404291312752942],[36.85692269666644,-1.4042556601893235],[36.856887063899094,-1.4043180841114706]]]},"id":"0018000000000001d27c","properties":{"FID":256422}},{"type":"Feature","geometry":{"type":"Polygon","coordinates":[[[36.85375673188889,-1.4110289959550348],[36.85381921503112,-1.4110334921771845],[36.85381921503112,-1.4109978132652354],[36.853761247755095,-1.4109933526247638],[36.85375673188889,-1.4110289959550348]]]},"id":"0018000000000002f9c7","properties":{"FID":128422}},{"type":"Feature","geometry":{"type":"Polygon","coordinates":[[[36.856971794322206,-1.435348928046804],[36.857047575422285,-1.4353980248754306],[36.85707877455243,-1.435348942966294],[36.85700299348445,-1.4352999056863434],[36.856971794322206,-1.435348928046804]]]},"id":"00180000000000030b29","properties":{"FID":128678}},{"type":"Feature","geometry":{"type":"Polygon","coordinates":[[[36.85851909263274,-1.4041976861228596],[36.858536908623655,-1.4042556195073164],[36.85859043867177,-1.4042378121050563],[36.858572540592526,-1.404179820844535],[36.85851909263274,-1.4041976861228596]]]},"id":"00180000000000011b52","properties":{"FID":256423}},{"type":"Feature","geometry":{"type":"Polygon","coordinates":[[[36.85405108367897,-1.41094429820374],[36.85418926850683,-1.410948765341059],[36.85419370224033,-1.4108150076908692],[36.85405551742078,-1.4108105403400073],[36.85405108367897,-1.41094429820374]]]},"id":"00180000000000035635","properties":{"FID":128423}},{"type":"Feature","geometry":{"type":"Polygon","coordinates":[[[36.8590630941714,-1.4353222243640549],[36.859130006247234,-1.4353222177800227],[36.859130006247234,-1.435210709441928],[36.8590630941714,-1.435210715932502],[36.8590630941714,-1.4353222243640549]]]},"id":"0018000000000003173f","properties":{"FID":128679}},{"type":"Feature","geometry":{"type":"Polygon","coordinates":[[[36.85265091108199,-1.4039033676898978],[36.85268654589912,-1.4039033674864376],[36.852691061830924,-1.4038588134828553],[36.852655344908094,-1.4038587557204967],[36.85265091108199,-1.4039033676898978]]]},"id":"0018000000000000d409","properties":{"FID":256424}},{"type":"Feature","geometry":{"type":"Polygon","coordinates":[[[36.853194873867125,-1.4103824557609048],[36.85328855822202,-1.410386912191757],[36.85328855822202,-1.4103378542946072],[36.85319487386713,-1.4103378576231278],[36.853194873867125,-1.4103824557609048]]]},"id":"00180000000000030d9b","properties":{"FID":128424}},{"type":"Feature","geometry":{"type":"Polygon","coordinates":[[[36.852655344908094,-1.435068026827584],[36.852659778733944,-1.4351438155497782],[36.85272226280681,-1.4351393700426889],[36.852717746876905,-1.4350680459762446],[36.852655344908094,-1.435068026827584]]]},"id":"0018000000000003103b","properties":{"FID":128680}},{"type":"Feature","geometry":{"type":"Polygon","coordinates":[[[36.851937472140776,-1.4030338228192736],[36.851990924877754,-1.4030383117771097],[36.85199544085222,-1.4029803223364254],[36.851941906009834,-1.4029758943064061],[36.851937472140776,-1.4030338228192736]]]},"id":"00180000000000010238","properties":{"FID":256425}},{"type":"Feature","geometry":{"type":"Polygon","coordinates":[[[36.85345351136705,-1.4099900418753173],[36.85368989703684,-1.4099855643996468],[36.853685381166265,-1.4098651754938147],[36.85345351136705,-1.4098696288020287],[36.85345351136705,-1.4099900418753173]]]},"id":"0018000000000003585b","properties":{"FID":128425}},{"type":"Feature","geometry":{"type":"Polygon","coordinates":[[[36.8524412893318,-1.43503681523032],[36.85251264125968,-1.4350546377048965],[36.85252602487022,-1.4350055905246453],[36.852503773590016,-1.4350011284568078],[36.85251715720216,-1.4349342886985772],[36.85246362273898,-1.4349208924436445],[36.8524412893318,-1.43503681523032]]]},"id":"001800000000000332ad","properties":{"FID":128681}},{"type":"Feature","geometry":{"type":"Polygon","coordinates":[[[36.85003342914872,-1.4027930675752787],[36.850122601435686,-1.4028019552297109],[36.850131469392025,-1.402708331988036],[36.85003786313239,-1.4026994066705802],[36.85003342914872,-1.4027930675752787]]]},"id":"0018000000000001fad8","properties":{"FID":256426}},{"type":"Feature","geometry":{"type":"Polygon","coordinates":[[[36.853190440073504,-1.4099142599483803],[36.85331532515867,-1.40991421703485],[36.853310809265125,-1.4098339654363143],[36.853190440073504,-1.4098384441777931],[36.853190440073504,-1.4099142599483803]]]},"id":"00180000000000035bae","properties":{"FID":128426}},{"type":"Feature","geometry":{"type":"Polygon","coordinates":[[[36.8585993056085,-1.4349342839691388],[36.85864388657976,-1.4350056240592155],[36.858688549625185,-1.4349788426156638],[36.85864840214625,-1.4349074789055094],[36.8585993056085,-1.4349342839691388]]]},"id":"001800000000000331a7","properties":{"FID":128682}},{"type":"Feature","geometry":{"type":"Polygon","coordinates":[[[36.84959191799401,-1.4026682273043678],[36.84965883867578,-1.4027127792018024],[36.84968560693148,-1.402672692209409],[36.84961425226512,-1.4026280433035772],[36.84959191799401,-1.4026682273043678]]]},"id":"00180000000000010aec","properties":{"FID":256427}},{"type":"Feature","geometry":{"type":"Polygon","coordinates":[[[36.85461736887664,-1.4094594089411105],[36.85462623629182,-1.4095307778244113],[36.85469758610292,-1.4095218515426693],[36.85468420288701,-1.4094460469029875],[36.85461736887664,-1.4094594089411105]]]},"id":"0018000000000003442f","properties":{"FID":128427}},{"type":"Feature","geometry":{"type":"Polygon","coordinates":[[[36.857359730334,-1.4348540114193795],[36.85740874559576,-1.434889686229516],[36.85745332728793,-1.4348405923362448],[36.85740431205584,-1.43480051432161],[36.857359730334,-1.4348540114193795]]]},"id":"0018000000000002eb72","properties":{"FID":128683}},{"type":"Feature","geometry":{"type":"Polygon","coordinates":[[[36.85157627513339,-1.4026370056753008],[36.85158514291472,-1.4027752475913315],[36.85168769708612,-1.4027707505702878],[36.85168326320176,-1.4026325464324187],[36.85157627513339,-1.4026370056753008]]]},"id":"00180000000000024e26","properties":{"FID":256428}},{"type":"Feature","geometry":{"type":"Polygon","coordinates":[[[36.85752467435973,-1.4083580434994478],[36.85756925598171,-1.4083669138880213],[36.85757820514382,-1.4083134157399668],[36.85753362352727,-1.4083044858791827],[36.85752467435973,-1.4083580434994478]]]},"id":"001800000000000309d9","properties":{"FID":128428}},{"type":"Feature","geometry":{"type":"Polygon","coordinates":[[[36.853034353946114,-1.4348540092118676],[36.85310127150048,-1.4348673922808564],[36.85311908880224,-1.4347870811469254],[36.85305668717348,-1.4347692693432634],[36.853034353946114,-1.4348540092118676]]]},"id":"00180000000000031154","properties":{"FID":128684}},{"type":"Feature","geometry":{"type":"Polygon","coordinates":[[[36.84936011742015,-1.4026325256325725],[36.84939575382928,-1.4026369850954528],[36.84940018785133,-1.4025968320490285],[36.849364551444346,-1.4025923725737865],[36.84936011742015,-1.4026325256325725]]]},"id":"0018000000000000bdf6","properties":{"FID":256429}},{"type":"Feature","geometry":{"type":"Polygon","coordinates":[[[36.857141172773034,-1.4083268166375615],[36.85721252014732,-1.4083357292106766],[36.8572170358016,-1.4082866529410918],[36.857145688431686,-1.408277740337547],[36.857141172773034,-1.4083268166375615]]]},"id":"00180000000000031975","properties":{"FID":128429}},{"type":"Feature","geometry":{"type":"Polygon","coordinates":[[[36.852566175687244,-1.4345864439244433],[36.85264196132106,-1.4346043023719608],[36.852650911081994,-1.4345686090999932],[36.85257512545738,-1.4345507506395794],[36.852566175687244,-1.4345864439244433]]]},"id":"00180000000000031d91","properties":{"FID":128685}},{"type":"Feature","geometry":{"type":"Polygon","coordinates":[[[36.8490836472733,-1.4023605419663452],[36.849163870526404,-1.4023961699200365],[36.84919958914222,-1.4023114480156071],[36.84911928381616,-1.4022758215879634],[36.8490836472733,-1.4023605419663452]]]},"id":"0018000000000000da90","properties":{"FID":256430}},{"type":"Feature","geometry":{"type":"Polygon","coordinates":[[[36.84932883290851,-1.4065833105185173],[36.849333349046184,-1.4067482902671824],[36.849431390221184,-1.4067482708027594],[36.84942695620101,-1.4065788302133977],[36.84932883290851,-1.4065833105185173]]]},"id":"00180000000000036044","properties":{"FID":128430}},{"type":"Feature","geometry":{"type":"Polygon","coordinates":[[[36.85816236140052,-1.4345730916565007],[36.858202509144505,-1.4345953657907067],[36.858220325212024,-1.4345641497942478],[36.85818017747775,-1.434541875669995],[36.85816236140052,-1.4345730916565007]]]},"id":"0018000000000002ed82","properties":{"FID":128686}},{"type":"Feature","geometry":{"type":"Polygon","coordinates":[[[36.85209799445235,-1.4023025352839529],[36.85213362953698,-1.4024274426343561],[36.85226295026382,-1.4023917190034634],[36.85222731524176,-1.402262412606834],[36.85209799445235,-1.4023025352839529]]]},"id":"0018000000000001abd4","properties":{"FID":256431}},{"type":"Feature","geometry":{"type":"Polygon","coordinates":[[[36.84967665681027,-1.4064004955487441],[36.849681172926616,-1.406485202490387],[36.84982831605688,-1.4064807127348204],[36.84982379994954,-1.4063960059605964],[36.84967665681027,-1.4064004955487441]]]},"id":"00180000000000032a81","properties":{"FID":128431}},{"type":"Feature","geometry":{"type":"Polygon","coordinates":[[[36.85824257476494,-1.4345819995443778],[36.85829167154057,-1.4346265976298394],[36.858371884764104,-1.4345463115905535],[36.858322870143525,-1.4344972494075037],[36.85824257476494,-1.4345819995443778]]]},"id":"0018000000000003558d","properties":{"FID":128687}},{"type":"Feature","geometry":{"type":"Polygon","coordinates":[[[36.84911484977721,-1.4063246684576023],[36.84912371785486,-1.4063692789785136],[36.849266428068724,-1.4063380544702606],[36.849257477896586,-1.406293445576825],[36.84911484977721,-1.4063246684576023]]]},"id":"00180000000000035224","properties":{"FID":128432}},{"type":"Feature","geometry":{"type":"Polygon","coordinates":[[[36.85869741655009,-1.4344348260612463],[36.858733130542404,-1.4344481984281945],[36.85874651302242,-1.4343946933563896],[36.8587107990366,-1.4343857836114418],[36.85869741655009,-1.4344348260612463]]]},"id":"0018000000000002f9f0","properties":{"FID":128688}},{"type":"Feature","geometry":{"type":"Polygon","coordinates":[[[36.85962942292421,-1.4166697935436556],[36.85970520128884,-1.4166742174781362],[36.85970963469021,-1.4165538272070382],[36.85963385633014,-1.4165494031742063],[36.85962942292421,-1.4166697935436556]]]},"id":"0018000000000003592c","properties":{"FID":128433}},{"type":"Feature","geometry":{"type":"Polygon","coordinates":[[[36.85804191803721,-1.4343723891837128],[36.85809101494666,-1.434390270788212],[36.858122213634644,-1.4343233407343214],[36.85807319884785,-1.4343010544454557],[36.85804191803721,-1.4343723891837128]]]},"id":"0018000000000002e8af","properties":{"FID":128689}},{"type":"Feature","geometry":{"type":"Polygon","coordinates":[[[36.85924141677108,-1.4165271175291227],[36.85924593230092,-1.4165716961283576],[36.85931276211011,-1.416567246494827],[36.85931276211011,-1.416522643747305],[36.85924141677108,-1.4165271175291227]]]},"id":"0018000000000002f1c9","properties":{"FID":128434}},{"type":"Feature","geometry":{"type":"Polygon","coordinates":[[[36.85800185230759,-1.4283927429543826],[36.85800628581153,-1.4284328766089371],[36.8581355962257,-1.4284105905422015],[36.858126647131336,-1.4283704818446443],[36.85800185230759,-1.4283927429543826]]]},"id":"0018000000000002f041","properties":{"FID":128690}},{"type":"Feature","geometry":{"type":"Polygon","coordinates":[[[36.86712962493826,-1.40520094388034],[36.86715187179808,-1.4052500524720264],[36.86723215745768,-1.4052187945123205],[36.86721434357144,-1.4051697828441019],[36.86712962493826,-1.40520094388034]]]},"id":"0018000000000000906c","properties":{"FID":256435}},{"type":"Feature","geometry":{"type":"Polygon","coordinates":[[[36.85943763681211,-1.4163977622695183],[36.859495599619564,-1.4163932986634078],[36.859495599619564,-1.4163531564831862],[36.85943763681211,-1.4163576200549302],[36.85943763681211,-1.4163977622695183]]]},"id":"0018000000000002ff9f","properties":{"FID":128435}},{"type":"Feature","geometry":{"type":"Polygon","coordinates":[[[36.857943806222096,-1.4282500953523452],[36.85795275533867,-1.4282902040159562],[36.857988469692216,-1.428285729392313],[36.85797952057997,-1.428241158884435],[36.857943806222096,-1.4282500953523452]]]},"id":"0018000000000002feb9","properties":{"FID":128691}},{"type":"Feature","geometry":{"type":"Polygon","coordinates":[[[36.859772112781066,-1.416353207793164],[36.85978992846874,-1.41641115804464],[36.85984789099882,-1.416393313755305],[36.859825559831165,-1.4163353282850923],[36.859772112781066,-1.416353207793164]]]},"id":"00180000000000030a0b","properties":{"FID":128436}},{"type":"Feature","geometry":{"type":"Polygon","coordinates":[[[36.862171034322856,-1.4390589137468566],[36.862206746629944,-1.4390901373231373],[36.86225132541655,-1.4390366343805772],[36.862215695228315,-1.4390054093020328],[36.862171034322856,-1.4390589137468566]]]},"id":"00180000000000033598","properties":{"FID":128692}},{"type":"Feature","geometry":{"type":"Polygon","coordinates":[[[36.86671046328884,-1.41529191621407],[36.86671489626825,-1.4153810876774493],[36.86676398739273,-1.4153811300305632],[36.86675947232412,-1.4152874409839094],[36.86671046328884,-1.41529191621407]]]},"id":"00180000000000034aed","properties":{"FID":128437}},{"type":"Feature","geometry":{"type":"Polygon","coordinates":[[[36.86159585854872,-1.4390232654054154],[36.8616538196568,-1.4390455608328498],[36.86166720160586,-1.4390099019992737],[36.86161367379501,-1.4389875826342553],[36.86159585854872,-1.4390232654054154]]]},"id":"00180000000000030559","properties":{"FID":128693}},{"type":"Feature","geometry":{"type":"Polygon","coordinates":[[[36.866326927466716,-1.4153855365995158],[36.866353689663015,-1.415385576200422],[36.86634925666184,-1.415461354872567],[36.8664607383509,-1.4154658313496244],[36.866469686432026,-1.4152785356873046],[36.866407214026424,-1.415278562638184],[36.866407214026424,-1.4153097806494364],[36.86633144256186,-1.4153052968357351],[36.866326927466716,-1.4153855365995158]]]},"id":"001800000000000367ef","properties":{"FID":128438}},{"type":"Feature","geometry":{"type":"Polygon","coordinates":[[[36.861948139876695,-1.4388672119945478],[36.86200166744431,-1.438925175951319],[36.86203286447497,-1.4388939426595155],[36.861979336930034,-1.4388359787581497],[36.861948139876695,-1.4388672119945478]]]},"id":"00180000000000032cfc","properties":{"FID":128694}},{"type":"Feature","geometry":{"type":"Polygon","coordinates":[[[36.86537719156675,-1.4152473281624218],[36.86541733537568,-1.41525175822865],[36.865421768432995,-1.4152027376922462],[36.86538162462649,-1.4151983076080359],[36.86537719156675,-1.4152473281624218]]]},"id":"00180000000000033249","properties":{"FID":128439}},{"type":"Feature","geometry":{"type":"Polygon","coordinates":[[[36.86078874948084,-1.4388761198073825],[36.86081551369107,-1.4389073337751015],[36.860864526652065,-1.438867195646216],[36.86083776245965,-1.4388359817214684],[36.86078874948084,-1.4388761198073825]]]},"id":"001800000000000327e3","properties":{"FID":128695}},{"type":"Feature","geometry":{"type":"Polygon","coordinates":[[[36.866032624757935,-1.4151447495577327],[36.866090664464814,-1.415153664766939],[36.86609953049804,-1.4150912430565556],[36.86604157289111,-1.415082326299658],[36.866032624757935,-1.4151447495577327]]]},"id":"0018000000000003415e","properties":{"FID":128440}},{"type":"Feature","geometry":{"type":"Polygon","coordinates":[[[36.86475738151274,-1.4385327609869847],[36.86481082494292,-1.4385506180942584],[36.86481977322467,-1.438519388471851],[36.864766247706605,-1.4385015329070905],[36.86475738151274,-1.4385327609869847]]]},"id":"0018000000000002ff45","properties":{"FID":128696}},{"type":"Feature","geometry":{"type":"Polygon","coordinates":[[[36.865863184672854,-1.41482815534732],[36.86594347173855,-1.4148192364461951],[36.86593903871266,-1.4147568235688628],[36.865903328216646,-1.4147612901207798],[36.865903328216646,-1.4147880481805413],[36.865863184672854,-1.4147924778793384],[36.865863184672854,-1.41482815534732]]]},"id":"0018000000000003131d","properties":{"FID":128441}},{"type":"Feature","geometry":{"type":"Polygon","coordinates":[[[36.86192137607827,-1.4385684563546068],[36.86194813987669,-1.438595206695631],[36.86201496723268,-1.4385238506222136],[36.86198377019445,-1.4384970647424506],[36.86192137607827,-1.4385684563546068]]]},"id":"0018000000000002e893","properties":{"FID":128697}},{"type":"Feature","geometry":{"type":"Polygon","coordinates":[[[36.86586769979646,-1.4146542634013564],[36.86589446215977,-1.4146542437928102],[36.865898895188344,-1.4145873858189646],[36.86587213282663,-1.414582945751348],[36.86586769979646,-1.4146542634013564]]]},"id":"00180000000000032b70","properties":{"FID":128442}},{"type":"Feature","geometry":{"type":"Polygon","coordinates":[[[36.864690474552354,-1.4385283076852666],[36.864752866321005,-1.4385371897725394],[36.86475738151274,-1.4385015212429533],[36.86469942284874,-1.4384926152183177],[36.864690474552354,-1.4385283076852666]]]},"id":"00180000000000032b5f","properties":{"FID":128698}},{"type":"Feature","geometry":{"type":"Polygon","coordinates":[[[36.86313427537787,-1.4140433762822882],[36.8631387085727,-1.4140924108748971],[36.86318328679484,-1.4140879589953101],[36.863174338314124,-1.414038889032509],[36.86313427537787,-1.4140433762822882]]]},"id":"0018000000000002f3bb","properties":{"FID":128443}},{"type":"Feature","geometry":{"type":"Polygon","coordinates":[[[36.86302278864951,-1.436013360252077],[36.86309413032356,-1.4360579550558659],[36.86312976008656,-1.4360089112648493],[36.86305841844704,-1.4359598539180918],[36.86302278864951,-1.436013360252077]]]},"id":"00180000000000034a33","properties":{"FID":128699}},{"type":"Feature","geometry":{"type":"Polygon","coordinates":[[[36.86383430637319,-1.4140612288448324],[36.863874451023754,-1.4140745788781568],[36.86388783256908,-1.4140344319263174],[36.86384768792581,-1.4140210818909853],[36.86383430637319,-1.4140612288448324]]]},"id":"00180000000000030e95","properties":{"FID":128444}},{"type":"Feature","geometry":{"type":"Polygon","coordinates":[[[36.86978278233357,-1.4359776915537719],[36.869854117453805,-1.4359999711935831],[36.86988974394365,-1.4359019068240904],[36.86981840885797,-1.4358751054803804],[36.86978278233357,-1.4359776915537719]]]},"id":"001800000000000307ab","properties":{"FID":128700}},{"type":"Feature","geometry":{"type":"Polygon","coordinates":[[[36.86234499824849,-1.4139898900300583],[36.86239852552752,-1.413998770922855],[36.86240739200555,-1.4139274290467632],[36.86235386473299,-1.4139184886623304],[36.86234499824849,-1.4139898900300583]]]},"id":"00180000000000033ced","properties":{"FID":128445}},{"type":"Feature","geometry":{"type":"Polygon","coordinates":[[[36.862710657750355,-1.4359241998134062],[36.86276410266683,-1.435937535744651],[36.86277305119744,-1.435892979722282],[36.8627195241908,-1.4358840484138715],[36.862710657750355,-1.4359241998134062]]]},"id":"0018000000000002f685","properties":{"FID":128701}},{"type":"Feature","geometry":{"type":"Polygon","coordinates":[[[36.86286672336539,-1.4139898729349245],[36.86292468347272,-1.4139898711932328],[36.86292911668018,-1.4138872747662794],[36.862871156576354,-1.4138828167029842],[36.86286672336539,-1.4139898729349245]]]},"id":"001800000000000341ff","properties":{"FID":128446}},{"type":"Feature","geometry":{"type":"Polygon","coordinates":[[[36.869582074978624,-1.4358840673289863],[36.86967130567807,-1.4359330815753606],[36.86971144714417,-1.435861765066557],[36.86967130567807,-1.435834972571949],[36.86965341029347,-1.435866187205059],[36.869604403185875,-1.4358394422546146],[36.869582074978624,-1.4358840673289863]]]},"id":"00180000000000032f96","properties":{"FID":128702}},{"type":"Feature","geometry":{"type":"Polygon","coordinates":[[[36.863147657057766,-1.4139229539507436],[36.86318328679484,-1.4139274087477178],[36.86318771998674,-1.4138783888083934],[36.86315209025181,-1.413878393710011],[36.863147657057766,-1.4139229539507436]]]},"id":"0018000000000002fe2c","properties":{"FID":128447}},{"type":"Feature","geometry":{"type":"Polygon","coordinates":[[[36.869475112921215,-1.4358706673712534],[36.86955088114832,-1.4358929828479603],[36.86956426166136,-1.4358572717688174],[36.869483978546626,-1.4358349816106077],[36.869475112921215,-1.4358706673712534]]]},"id":"0018000000000002ec96","properties":{"FID":128703}},{"type":"Feature","geometry":{"type":"Polygon","coordinates":[[[36.863611334868416,-1.4138159672286275],[36.86364261331243,-1.4138159833552666],[36.863642613312436,-1.4138694400769924],[36.863749583848595,-1.4138650236122636],[36.86374515069055,-1.4137535543460733],[36.863611334868416,-1.4137535317613128],[36.863611334868416,-1.4138159672286275]]]},"id":"00180000000000034227","properties":{"FID":128448}},{"type":"Feature","geometry":{"type":"Polygon","coordinates":[[[36.86991650484402,-1.4356611009074214],[36.86998340705238,-1.4356878665183332],[36.870023548348186,-1.4355897185257416],[36.869956646176334,-1.435563012419437],[36.86991650484402,-1.4356611009074214]]]},"id":"001800000000000334f0","properties":{"FID":128704}},{"type":"Feature","geometry":{"type":"Polygon","coordinates":[[[36.86279086615881,-1.4135260976593524],[36.86285777484618,-1.4135350285505204],[36.86286220805767,-1.4134904686734413],[36.86279981468617,-1.4134815137308245],[36.86279086615881,-1.4135260976593524]]]},"id":"0018000000000002f3fc","properties":{"FID":128449}},{"type":"Feature","geometry":{"type":"Polygon","coordinates":[[[36.86029377403503,-1.435500594887063],[36.86036511835416,-1.435527340419521],[36.860396316078436,-1.4354381557385922],[36.860324971789524,-1.4354114102076756],[36.86029377403503,-1.435500594887063]]]},"id":"001800000000000348d3","properties":{"FID":128705}},{"type":"Feature","geometry":{"type":"Polygon","coordinates":[[[36.86293354988737,-1.4135395141815048],[36.863009406946915,-1.413539479142045],[36.86301384014926,-1.4134726209903747],[36.862938065190725,-1.4134681353130842],[36.86293354988737,-1.4135395141815048]]]},"id":"0018000000000003284f","properties":{"FID":128450}},{"type":"Feature","geometry":{"type":"Polygon","coordinates":[[[36.869194121295806,-1.4355050478695524],[36.8692565913351,-1.435527315851632],[36.8692967330275,-1.4354247648526934],[36.86922983019467,-1.4353979989651895],[36.869194121295806,-1.4355050478695524]]]},"id":"00180000000000034ba0","properties":{"FID":128706}},{"type":"Feature","geometry":{"type":"Polygon","coordinates":[[[36.86276410266684,-1.4134681409140675],[36.86285334163442,-1.4134815348694794],[36.862871156576354,-1.4133656108032424],[36.86278199972696,-1.4133522152495681],[36.86276410266684,-1.4134681409140675]]]},"id":"00180000000000033e75","properties":{"FID":128451}},{"type":"Feature","geometry":{"type":"Polygon","coordinates":[[[36.869604403185875,-1.4354247574025063],[36.86965341029347,-1.4354381158395553],[36.869675738479074,-1.435362316031638],[36.86962673138635,-1.4353444954445913],[36.869604403185875,-1.4354247574025063]]]},"id":"00180000000000031433","properties":{"FID":128707}},{"type":"Feature","geometry":{"type":"Polygon","coordinates":[[[36.868039277953464,-1.4126922437605138],[36.8680481437519,-1.412812659206686],[36.8681284284335,-1.4128082022833288],[36.8681194805541,-1.4126877884912463],[36.868039277953464,-1.4126922437605138]]]},"id":"001800000000000357d1","properties":{"FID":128452}},{"type":"Feature","geometry":{"type":"Polygon","coordinates":[[[36.860026211697516,-1.4349520705037344],[36.860093122897965,-1.4349922277821614],[36.860119887361115,-1.4349476347435925],[36.86005297618499,-1.4349074774944766],[36.860026211697516,-1.4349520705037344]]]},"id":"00180000000000033c5c","properties":{"FID":128708}},{"type":"Feature","geometry":{"type":"Polygon","coordinates":[[[36.86774498209367,-1.4126610575856324],[36.867816319189814,-1.4126699657305741],[36.867829700018326,-1.4125629333119216],[36.867758362935156,-1.4125540251011461],[36.86774498209367,-1.4126610575856324]]]},"id":"00180000000000032820","properties":{"FID":128453}},{"type":"Feature","geometry":{"type":"Polygon","coordinates":[[[36.86317885360269,-1.4348361345754492],[36.86323681346422,-1.434925366360464],[36.863308154930806,-1.4348807713782457],[36.86325019512547,-1.434787136836412],[36.86317885360269,-1.4348361345754492]]]},"id":"001800000000000323da","properties":{"FID":128709}},{"type":"Feature","geometry":{"type":"Polygon","coordinates":[[[36.860115453984456,-1.4124648452599475],[36.860119887361115,-1.4125049601394153],[36.860168900785276,-1.4125005462881417],[36.860168900785276,-1.412460408994251],[36.860115453984456,-1.4124648452599475]]]},"id":"0018000000000002f220","properties":{"FID":128454}},{"type":"Feature","geometry":{"type":"Polygon","coordinates":[[[36.863602468535404,-1.434657779464988],[36.86362471646157,-1.4346890151151834],[36.86372733596017,-1.4346221169455657],[36.86370500596945,-1.4345908829197678],[36.863602468535404,-1.434657779464988]]]},"id":"001800000000000361a5","properties":{"FID":128710}},{"type":"Feature","geometry":{"type":"Polygon","coordinates":[[[36.86809280109072,-1.4125049758293284],[36.8681284284335,-1.4125049714265985],[36.8681284284335,-1.4124514603768057],[36.86809280109072,-1.4124559240085908],[36.86809280109072,-1.4125049758293284]]]},"id":"0018000000000002fa79","properties":{"FID":128455}},{"type":"Feature","geometry":{"type":"Polygon","coordinates":[[[36.864320391763464,-1.433944320008223],[36.86436940239055,-1.4340424627106587],[36.86441397986725,-1.4340156858463653],[36.86436496926985,-1.4339176027567189],[36.864320391763464,-1.433944320008223]]]},"id":"00180000000000034714","properties":{"FID":128711}},{"type":"Feature","geometry":{"type":"Polygon","coordinates":[[[36.85947335044533,-1.4119297701937146],[36.8595357466365,-1.4119431266563984],[36.859575893631536,-1.4117246354578983],[36.85951341537416,-1.4117112804336427],[36.85947335044533,-1.4119297701937146]]]},"id":"00180000000000036b63","properties":{"FID":128456}},{"type":"Feature","geometry":{"type":"Polygon","coordinates":[[[36.86103397824567,-1.4333423775731464],[36.86104736030742,-1.4333869287720125],[36.8611677987537,-1.4333423675465338],[36.86115441671385,-1.4333022193137261],[36.86103397824567,-1.4333423775731464]]]},"id":"0018000000000002ec84","properties":{"FID":128712}},{"type":"Feature","geometry":{"type":"Polygon","coordinates":[[[36.8595357466365,-1.4115864147748813],[36.859589275958356,-1.4115908374528736],[36.859589275958356,-1.4115061643105897],[36.85954018004807,-1.4115061193443619],[36.8595357466365,-1.4115864147748813]]]},"id":"0018000000000002eac4","properties":{"FID":128457}},{"type":"Feature","geometry":{"type":"Polygon","coordinates":[[[36.86140407755979,-1.4330793015807544],[36.861439790239004,-1.433132774760039],[36.86152894871421,-1.4330748189218696],[36.8614933181763,-1.433021284832437],[36.86140407755979,-1.4330793015807544]]]},"id":"001800000000000317cb","properties":{"FID":128713}},{"type":"Feature","geometry":{"type":"Polygon","coordinates":[[[36.85945101916406,-1.4113812910471393],[36.85950003303355,-1.4113812781472639],[36.85950003303355,-1.411345601413775],[36.85945101916406,-1.411350073884124],[36.85945101916406,-1.4113812910471393]]]},"id":"00180000000000030472","properties":{"FID":128458}},{"type":"Feature","geometry":{"type":"Polygon","coordinates":[[[36.86087347541362,-1.4327492791783103],[36.860886857504546,-1.4327849647084576],[36.86094481917092,-1.4327671597291003],[36.86093143709052,-1.432731474240854],[36.86087347541362,-1.4327492791783103]]]},"id":"001800000000000309e5","properties":{"FID":128714}},{"type":"Feature","geometry":{"type":"Polygon","coordinates":[[[36.85928599735352,-1.4108417562630016],[36.85937524053779,-1.4109487437710655],[36.85945101916406,-1.4108863388358652],[36.859361858172065,-1.4107792905831134],[36.85928599735352,-1.4108417562630016]]]},"id":"0018000000000003695c","properties":{"FID":128459}},{"type":"Feature","geometry":{"type":"Polygon","coordinates":[[[36.86153789739499,-1.4324460683150626],[36.86158690987499,-1.4325085134067261],[36.86178755694025,-1.432365830572702],[36.86173854459386,-1.4322989236324941],[36.86153789739499,-1.4324460683150626]]]},"id":"0018000000000003652d","properties":{"FID":128715}},{"type":"Feature","geometry":{"type":"Polygon","coordinates":[[[36.86641616211406,-1.406824058769391],[36.86647411942593,-1.4068597310178073],[36.86649636648395,-1.4068285273774925],[36.8664384091896,-1.4067928551496103],[36.86641616211406,-1.406824058769391]]]},"id":"00180000000000032f67","properties":{"FID":128460}},{"type":"Feature","geometry":{"type":"Polygon","coordinates":[[[36.86494907166982,-1.4313669674985245],[36.86498478262892,-1.431460593337199],[36.86503379281355,-1.4314427798548268],[36.864998163972345,-1.4313491525780673],[36.86494907166982,-1.4313669674985245]]]},"id":"00180000000000033c73","properties":{"FID":128716}},{"type":"Feature","geometry":{"type":"Polygon","coordinates":[[[36.85821589172097,-1.4279245341935403],[36.85827385549032,-1.4280270847830463],[36.85834963525027,-1.4279825385461398],[36.85829167154057,-1.4278799881573319],[36.85821589172097,-1.4279245341935403]]]},"id":"001800000000000364a8","properties":{"FID":128461}},{"type":"Feature","geometry":{"type":"Polygon","coordinates":[[[36.86483758769061,-1.4312420996886437],[36.864922308962676,-1.4313759164756823],[36.86498478262892,-1.4313402414236116],[36.8648955462458,-1.4312064498930712],[36.86483758769061,-1.4312420996886437]]]},"id":"0018000000000003649d","properties":{"FID":128717}},{"type":"Feature","geometry":{"type":"Polygon","coordinates":[[[36.85558941185652,-1.4276034811534017],[36.85561617795689,-1.4276035168644834],[36.8556161779569,-1.4276614623317931],[36.855691960452134,-1.427657013319997],[36.855687526808836,-1.4275455483003594],[36.85558941185652,-1.42754553576434],[36.85558941185652,-1.4276034811534017]]]},"id":"001800000000000351c7","properties":{"FID":128462}},{"type":"Feature","geometry":{"type":"Polygon","coordinates":[[[36.864730618735884,-1.4310771096850083],[36.86477519599378,-1.431157421494664],[36.86481082494292,-1.4311350995277907],[36.86476624770661,-1.4310593091388066],[36.864730618735884,-1.4310771096850083]]]},"id":"00180000000000033e88","properties":{"FID":128718}},{"type":"Feature","geometry":{"type":"Polygon","coordinates":[[[36.8745227644545,-1.4378728172929687],[36.87453614406311,-1.4379575257387955],[36.87462085416668,-1.4379441514582092],[36.87460747457348,-1.4378594431337135],[36.8745227644545,-1.4378728172929687]]]},"id":"00180000000000030a7c","properties":{"FID":128974}},{"type":"Feature","geometry":{"type":"Polygon","coordinates":[[[36.85541108041178,-1.4273404047433413],[36.85545566331345,-1.4273493292156774],[36.85546904638916,-1.4272735247896224],[36.855424463495595,-1.4272646002965177],[36.85541108041178,-1.4273404047433413]]]},"id":"00180000000000032528","properties":{"FID":128463}},{"type":"Feature","geometry":{"type":"Polygon","coordinates":[[[36.86507393680979,-1.431063781273528],[36.865114080784146,-1.4311484590737402],[36.86514979166317,-1.4311351188394221],[36.865105132538176,-1.4310504066520584],[36.86507393680979,-1.431063781273528]]]},"id":"00180000000000033c69","properties":{"FID":128719}},{"type":"Feature","geometry":{"type":"Polygon","coordinates":[[[36.874906257547444,-1.4378549513734014],[36.87492406957102,-1.4379039975475874],[36.87495534320565,-1.4378950796661272],[36.87493744910662,-1.4378460350667945],[36.874906257547444,-1.4378549513734014]]]},"id":"0018000000000002f910","properties":{"FID":128975}},{"type":"Feature","geometry":{"type":"Polygon","coordinates":[[[36.85825152384521,-1.427273521385286],[36.85827828897788,-1.4273715962609552],[36.85836745128218,-1.427344886540301],[36.85834068618192,-1.4272467523533718],[36.85825152384521,-1.427273521385286]]]},"id":"001800000000000358f8","properties":{"FID":128464}},{"type":"Feature","geometry":{"type":"Polygon","coordinates":[[[36.86601924360261,-1.4295075172504044],[36.866050521023205,-1.4295521430122875],[36.86607276820929,-1.429538758599622],[36.86604157289111,-1.4294896697489943],[36.86601924360261,-1.4295075172504044]]]},"id":"00180000000000031111","properties":{"FID":128720}},{"type":"Feature","geometry":{"type":"Polygon","coordinates":[[[36.87682812538413,-1.4364949501838589],[36.87689502130562,-1.4365083274725063],[36.87690840048261,-1.4364503689900059],[36.87684150457329,-1.436432529803063],[36.87682812538413,-1.4364949501838589]]]},"id":"00180000000000033b06","properties":{"FID":128976}},{"type":"Feature","geometry":{"type":"Polygon","coordinates":[[[36.85096086492265,-1.426898962182257],[36.85098319877872,-1.42694798541081],[36.85101883440267,-1.4269301861023107],[36.85099658266716,-1.426885563971119],[36.85096086492265,-1.426898962182257]]]},"id":"001800000000000307c3","properties":{"FID":128465}},{"type":"Feature","geometry":{"type":"Polygon","coordinates":[[[36.86552430333221,-1.4293826874647693],[36.865533251527204,-1.429431716665769],[36.865609023813676,-1.4294183426142624],[36.865600157721346,-1.4293648503557201],[36.86552430333221,-1.4293826874647693]]]},"id":"00180000000000032eeb","properties":{"FID":128721}},{"type":"Feature","geometry":{"type":"Polygon","coordinates":[[[36.87729631347608,-1.4363834659167813],[36.87731420700109,-1.4364369691309593],[36.877372155726526,-1.4364191626440312],[36.87735434429595,-1.4363656579500381],[36.87729631347608,-1.4363834659167813]]]},"id":"001800000000000342eb","properties":{"FID":128977}},{"type":"Feature","geometry":{"type":"Polygon","coordinates":[[[36.858095448445226,-1.4267384133200771],[36.85813116272954,-1.4267785562546644],[36.858175743984276,-1.426734000033658],[36.85814002972159,-1.4266938571546086],[36.858095448445226,-1.4267384133200771]]]},"id":"0018000000000003269f","properties":{"FID":128466}},{"type":"Feature","geometry":{"type":"Polygon","coordinates":[[[36.86890877783995,-1.4289634972642575],[36.868966733188394,-1.4290705568964106],[36.869006875038934,-1.4290527341940777],[36.86894448687732,-1.4289456980537087],[36.86890877783995,-1.4289634972642575]]]},"id":"0018000000000003518b","properties":{"FID":128722}},{"type":"Feature","geometry":{"type":"Polygon","coordinates":[[[36.871700187202286,-1.4363656261859987],[36.871784900572266,-1.4363790267906418],[36.87179384800584,-1.436316567060525],[36.871713567324385,-1.436303202096348],[36.871700187202286,-1.4363656261859987]]]},"id":"00180000000000033a3d","properties":{"FID":128978}},{"type":"Feature","geometry":{"type":"Polygon","coordinates":[[[36.850728986546336,-1.4265779137575747],[36.85076470440328,-1.426635849201974],[36.850840491890644,-1.4265868402215116],[36.8508048561804,-1.4265288438690016],[36.850728986546336,-1.4265779137575747]]]},"id":"001800000000000343fc","properties":{"FID":128467}},{"type":"Feature","geometry":{"type":"Polygon","coordinates":[[[36.864182143855544,-1.4286826225402256],[36.86419101011871,-1.4287271916055517],[36.86426686588218,-1.4287138168046096],[36.86425348440577,-1.4286692132106105],[36.864182143855544,-1.4286826225402256]]]},"id":"00180000000000032e03","properties":{"FID":128723}},{"type":"Feature","geometry":{"type":"Polygon","coordinates":[[[36.87197213975802,-1.4359643386793177],[36.87202566003391,-1.4359865953528117],[36.87204355484141,-1.4359464573218568],[36.87199003457853,-1.4359242006530348],[36.87197213975802,-1.4359643386793177]]]},"id":"00180000000000033a42","properties":{"FID":128979}},{"type":"Feature","geometry":{"type":"Polygon","coordinates":[[[36.851727848360134,-1.4257262069438044],[36.85174566599414,-1.4257975625318509],[36.85180363485654,-1.4257841669534328],[36.851785817236554,-1.4257128114426691],[36.851727848360134,-1.4257262069438044]]]},"id":"0018000000000003397d","properties":{"FID":128468}},{"type":"Feature","geometry":{"type":"Polygon","coordinates":[[[36.87176708778842,-1.4359018551895468],[36.87182060821352,-1.4359375576948408],[36.87184728632498,-1.435892970999148],[36.87179384800584,-1.4358617290634756],[36.87176708778842,-1.4359018551895468]]]},"id":"00180000000000033551","properties":{"FID":128980}},{"type":"Feature","geometry":{"type":"Polygon","coordinates":[[[36.851433569394324,-1.4252847913626834],[36.85145582099784,-1.4253516613969077],[36.85152717388038,-1.4253248692536329],[36.85150492229842,-1.4252624611667981],[36.851433569394324,-1.4252847913626834]]]},"id":"00180000000000031ca6","properties":{"FID":128469}},{"type":"Feature","geometry":{"type":"Polygon","coordinates":[[[36.87177595313761,-1.4342520045540852],[36.8718384209844,-1.4342654076223629],[36.87185623375097,-1.4341628073479358],[36.871798280678945,-1.4341494385000988],[36.87177595313761,-1.4342520045540852]]]},"id":"00180000000000032b3d","properties":{"FID":128981}},{"type":"Feature","geometry":{"type":"Polygon","coordinates":[[[36.84733119490567,-1.4168124681519476],[36.84733562905198,-1.4169284311396129],[36.847415936322236,-1.4169239694708367],[36.847411420067026,-1.4168080081358563],[36.84733119490567,-1.4168124681519476]]]},"id":"00180000000000034e3c","properties":{"FID":128214}},{"type":"Feature","geometry":{"type":"Polygon","coordinates":[[[36.84941357202738,-1.4239024300831225],[36.849431390221184,-1.423942551867056],[36.849538463516176,-1.423889039737175],[36.84952064534827,-1.4238489180587817],[36.84941357202738,-1.4239024300831225]]]},"id":"00180000000000033c22","properties":{"FID":128470}},{"type":"Feature","geometry":{"type":"Polygon","coordinates":[[[36.87308694592832,-1.433890803334324],[36.873144897984986,-1.4338908462359181],[36.87314489798499,-1.4337927473241234],[36.87308694592833,-1.433792704351419],[36.87308694592832,-1.433890803334324]]]},"id":"00180000000000033884","properties":{"FID":128982}},{"type":"Feature","geometry":{"type":"Polygon","coordinates":[[[36.84795098743442,-1.416701003033473],[36.84804016224202,-1.4167054776528727],[36.84804467845869,-1.4166341382301917],[36.84795098743442,-1.4166340891502467],[36.84795098743442,-1.416701003033473]]]},"id":"00180000000000031603","properties":{"FID":128215}},{"type":"Feature","geometry":{"type":"Polygon","coordinates":[[[36.85564294404755,-1.4228322524528767],[36.855691960452134,-1.422894690795481],[36.85575000831286,-1.422850068380259],[36.85570090984242,-1.4227876911500947],[36.85564294404755,-1.4228322524528767]]]},"id":"0018000000000002fcca","properties":{"FID":128471}},{"type":"Feature","geometry":{"type":"Polygon","coordinates":[[[36.87774668725131,-1.4331952390082077],[36.877786824310085,-1.433195199940857],[36.877786824310085,-1.4331327998524712],[36.877751201645516,-1.4331327542109915],[36.87774668725131,-1.4331952390082077]]]},"id":"0018000000000002f449","properties":{"FID":128983}},{"type":"Feature","geometry":{"type":"Polygon","coordinates":[[[36.85557602880267,-1.4223149795034216],[36.85559836125926,-1.4223595928250852],[36.85565632708923,-1.4223328178879295],[36.85562956100343,-1.4222882276113975],[36.85557602880267,-1.4223149795034216]]]},"id":"00180000000000031c6d","properties":{"FID":128472}},{"type":"Feature","geometry":{"type":"Polygon","coordinates":[[[36.87298885417028,-1.4331417080171016],[36.872993286771376,-1.4331729160333855],[36.873064618778166,-1.4331595614939698],[36.87306018618136,-1.4331283535171582],[36.87298885417028,-1.4331417080171016]]]},"id":"0018000000000003298b","properties":{"FID":128984}},{"type":"Feature","geometry":{"type":"Polygon","coordinates":[[[36.85769856716344,-1.422283765703042],[36.85772533249713,-1.4223105698134455],[36.85778781227196,-1.422257063928692],[36.85776104696098,-1.42222579876517],[36.85769856716344,-1.422283765703042]]]},"id":"00180000000000032d3b","properties":{"FID":128473}},{"type":"Feature","geometry":{"type":"Polygon","coordinates":[[[36.87600320748478,-1.4331193794102348],[36.87600763990419,-1.4332219702276388],[36.87609234831271,-1.433217525975787],[36.87608791589841,-1.4331506271930048],[36.876061157243406,-1.43315059370693],[36.87605672482722,-1.433119386918344],[36.87600320748478,-1.4331193794102348]]]},"id":"0018000000000002e8e7","properties":{"FID":128985}},{"type":"Feature","geometry":{"type":"Polygon","coordinates":[[[36.84618520548072,-1.4164156086681674],[36.84619415602609,-1.4165047818236547],[36.846247612930355,-1.416500342043002],[36.846234228179156,-1.4164066711205503],[36.84618520548072,-1.4164156086681674]]]},"id":"001800000000000358b8","properties":{"FID":128218}},{"type":"Feature","geometry":{"type":"Polygon","coordinates":[[[36.857841260762626,-1.422248099213638],[36.857912607458516,-1.4223328415261658],[36.85800628581152,-1.4222525836229436],[36.8579393727144,-1.4221678780374936],[36.857841260762626,-1.422248099213638]]]},"id":"0018000000000003585f","properties":{"FID":128474}},{"type":"Feature","geometry":{"type":"Polygon","coordinates":[[[36.87987818920334,-1.432254326442661],[36.879904946469196,-1.4323212181679967],[36.879958460971665,-1.4322989202428675],[36.87993613590789,-1.4322320644737139],[36.87987818920334,-1.432254326442661]]]},"id":"00180000000000031262","properties":{"FID":128986}},{"type":"Feature","geometry":{"type":"Polygon","coordinates":[[[36.8474693923401,-1.41639777651639],[36.84750059552769,-1.4165315617386116],[36.84757195224121,-1.4165137050593777],[36.847536314949885,-1.4163799426520975],[36.8474693923401,-1.41639777651639]]]},"id":"001800000000000320b3","properties":{"FID":128219}},{"type":"Feature","geometry":{"type":"Polygon","coordinates":[[[36.85450586925015,-1.4221901608990293],[36.85455496851738,-1.4222570591502874],[36.85459955193735,-1.42222137248599],[36.85455045269985,-1.4221544743210137],[36.85450586925015,-1.4221901608990293]]]},"id":"00180000000000030dba","properties":{"FID":128475}},{"type":"Feature","geometry":{"type":"Polygon","coordinates":[[[36.879851431927754,-1.4318797948568749],[36.87987367493974,-1.431924346039951],[36.879904946469196,-1.4319065102672333],[36.87988262138916,-1.4318664217708847],[36.879851431927754,-1.4318797948568749]]]},"id":"0018000000000002feb8","properties":{"FID":128987}},{"type":"Feature","geometry":{"type":"Polygon","coordinates":[[[36.85556264574641,-1.422092048539196],[36.855571595152405,-1.422176764039601],[36.8556385104013,-1.4221723074161223],[36.85563399465022,-1.422087569024241],[36.85556264574641,-1.422092048539196]]]},"id":"00180000000000034512","properties":{"FID":128476}},{"type":"Feature","geometry":{"type":"Polygon","coordinates":[[[36.87969983454137,-1.4317861569987873],[36.87972207759922,-1.431839630408763],[36.87978897088764,-1.4318084575253085],[36.87976672785002,-1.4317549247195207],[36.87969983454137,-1.4317861569987873]]]},"id":"0018000000000003155f","properties":{"FID":128988}},{"type":"Feature","geometry":{"type":"Polygon","coordinates":[[[36.84719291509808,-1.416362093641205],[36.84721525009645,-1.4164601774658119],[36.84724645339166,-1.4164557334787378],[36.847228634669435,-1.4163531646291219],[36.84719291509808,-1.416362093641205]]]},"id":"0018000000000003319f","properties":{"FID":128221}},{"type":"Feature","geometry":{"type":"Polygon","coordinates":[[[36.85715907120023,-1.4220786559153258],[36.857185836730046,-1.4221633951902364],[36.85732853132291,-1.4221143455320644],[36.85731514858517,-1.4220742065567658],[36.857270484706596,-1.4220875878307508],[36.85725718406104,-1.4220429862221255],[36.85715907120023,-1.4220786559153258]]]},"id":"001800000000000335aa","properties":{"FID":128477}},{"type":"Feature","geometry":{"type":"Polygon","coordinates":[[[36.87558852884252,-1.4318797991706214],[36.87572675531643,-1.4318708440403585],[36.875717808361316,-1.4317548979276695],[36.87565985833211,-1.4317593743968526],[36.8756598583321,-1.4318039877746331],[36.87558852884252,-1.4318084175728296],[36.87558852884252,-1.4318797991706214]]]},"id":"00180000000000033ef4","properties":{"FID":128989}},{"type":"Feature","geometry":{"type":"Polygon","coordinates":[[[36.84977477963948,-1.4220697630134047],[36.84990853849908,-1.4221277146869387],[36.84993530666404,-1.4220697525770716],[36.84980154785304,-1.4220118009259117],[36.84977477963948,-1.4220697630134047]]]},"id":"001800000000000334d5","properties":{"FID":128478}},{"type":"Feature","geometry":{"type":"Polygon","coordinates":[[[36.87558852884252,-1.431630083194943],[36.87559296128693,-1.4317192267010037],[36.87566880529427,-1.4317147718887928],[36.875664290772214,-1.4316256300168728],[36.87558852884252,-1.431630083194943]]]},"id":"00180000000000035b21","properties":{"FID":128990}},{"type":"Feature","geometry":{"type":"Polygon","coordinates":[[[36.85474225154212,-1.4220385432253717],[36.854760068446886,-1.422083121758295],[36.854849235011514,-1.4220474391194906],[36.85483141812832,-1.4220073219094582],[36.85474225154212,-1.4220385432253717]]]},"id":"0018000000000003223c","properties":{"FID":128479}},{"type":"Feature","geometry":{"type":"Polygon","coordinates":[[[36.87434891140468,-1.4309567430905816],[36.87437567068274,-1.431059327969648],[36.874491572719435,-1.4310325309610368],[36.874464813483556,-1.4309300057878631],[36.87434891140468,-1.4309567430905816]]]},"id":"00180000000000034a6e","properties":{"FID":128991}},{"type":"Feature","geometry":{"type":"Polygon","coordinates":[[[36.84970342505948,-1.4220340888243501],[36.84974357741507,-1.4220429791562843],[36.84975696152874,-1.421998412543918],[36.84971237517745,-1.4219894856683613],[36.84970342505948,-1.4220340888243501]]]},"id":"00180000000000030f41","properties":{"FID":128480}},{"type":"Feature","geometry":{"type":"Polygon","coordinates":[[[36.87424630672067,-1.430854210525773],[36.87426411890409,-1.430965647496798],[36.87429982534171,-1.4309567700350345],[36.87428201316695,-1.430845273657159],[36.87424630672067,-1.430854210525773]]]},"id":"00180000000000031d14","properties":{"FID":128992}},{"type":"Feature","geometry":{"type":"Polygon","coordinates":[[[36.84617625493427,-1.4163041308290765],[36.84618520548072,-1.4163532143236273],[36.8463055861191,-1.416335342139444],[36.84629663558727,-1.4162818572544913],[36.84617625493427,-1.4163041308290765]]]},"id":"001800000000000348c5","properties":{"FID":128225}},{"type":"Feature","geometry":{"type":"Polygon","coordinates":[[[36.84992635657316,-1.4219627237956887],[36.849993276951125,-1.42196719030953],[36.84999327695112,-1.4218958658832421],[36.849930872674186,-1.4218958363380816],[36.84992635657316,-1.4219627237956887]]]},"id":"00180000000000030f91","properties":{"FID":128481}},{"type":"Feature","geometry":{"type":"Polygon","coordinates":[[[36.879204822165576,-1.430849744442184],[36.87922271522611,-1.4309032389903429],[36.87926276940088,-1.4308898789929227],[36.879240526204065,-1.4308363469997933],[36.879204822165576,-1.430849744442184]]]},"id":"0018000000000003136d","properties":{"FID":128993}},{"type":"Feature","geometry":{"type":"Polygon","coordinates":[[[36.84612723219726,-1.4162016034163425],[36.84613166641602,-1.4162952017476604],[36.8461718207182,-1.4162907705218841],[36.846167386501854,-1.4161971127700523],[36.84612723219726,-1.4162016034163425]]]},"id":"00180000000000031f5d","properties":{"FID":128226}},{"type":"Feature","geometry":{"type":"Polygon","coordinates":[[[36.854733302035335,-1.421909214868173],[36.85475555264194,-1.4219895196562156],[36.854826902327744,-1.421967195317775],[36.85480465174269,-1.4218869501313978],[36.854733302035335,-1.421909214868173]]]},"id":"00180000000000032bee","properties":{"FID":128482}},{"type":"Feature","geometry":{"type":"Polygon","coordinates":[[[36.88029284365252,-1.4308363264498574],[36.88031516860798,-1.4308987781089828],[36.88037311496808,-1.4308764586275438],[36.88035079003022,-1.4308140665282438],[36.88029284365252,-1.4308363264498574]]]},"id":"00180000000000034984","properties":{"FID":128994}},{"type":"Feature","geometry":{"type":"Polygon","coordinates":[[[36.846091594207174,-1.4160990068263808],[36.84610046264871,-1.4161347087418408],[36.84613618274967,-1.4161257797939077],[36.84612723219726,-1.4160900794231077],[36.846091594207174,-1.4160990068263808]]]},"id":"00180000000000031218","properties":{"FID":128227}},{"type":"Feature","geometry":{"type":"Polygon","coordinates":[[[36.85722146935279,-1.4217353002462578],[36.85723041855717,-1.4217843840316156],[36.857306199391076,-1.4217710192362454],[36.857297250195906,-1.4217219355155144],[36.85722146935279,-1.4217353002462578]]]},"id":"0018000000000003385a","properties":{"FID":128483}},{"type":"Feature","geometry":{"type":"Polygon","coordinates":[[[36.87991381083732,-1.430747187248111],[36.87994951453149,-1.4307516338466766],[36.879953946712995,-1.4307025992315772],[36.879918325098465,-1.4306980916012546],[36.87991381083732,-1.430747187248111]]]},"id":"00180000000000032c2b","properties":{"FID":128995}},{"type":"Feature","geometry":{"type":"Polygon","coordinates":[[[36.84623874450652,-1.4160811748745261],[36.846265431889826,-1.416268457308286],[36.846350174532105,-1.4162551113190687],[36.84632792138645,-1.4160678065431391],[36.84623874450652,-1.4160811748745261]]]},"id":"00180000000000033e1e","properties":{"FID":128228}},{"type":"Feature","geometry":{"type":"Polygon","coordinates":[[[36.855428897154724,-1.4210709112445714],[36.855477995806524,-1.4211378072032164],[36.85555821209533,-1.421079809387987],[36.855509195601705,-1.421012971531418],[36.855428897154724,-1.4210709112445714]]]},"id":"0018000000000003560d","properties":{"FID":128484}},{"type":"Feature","geometry":{"type":"Polygon","coordinates":[[[36.858429848410644,-1.4447353401238894],[36.85846999600877,-1.444762139143208],[36.85851457705833,-1.4446907659446944],[36.85862163714812,-1.444762130666304],[36.85865283561125,-1.44471755616832],[36.85850119453617,-1.4446238807583598],[36.858429848410644,-1.4447353401238894]]]},"id":"00180000000000033dc0","properties":{"FID":128740}},{"type":"Feature","geometry":{"type":"Polygon","coordinates":[[[36.88077447023105,-1.4306891960107344],[36.88079671296375,-1.4307427267641082],[36.88085917314763,-1.4307159216422565],[36.88083684835738,-1.4306624519817106],[36.88077447023105,-1.4306891960107344]]]},"id":"00180000000000031129","properties":{"FID":128996}},{"type":"Feature","geometry":{"type":"Polygon","coordinates":[[[36.847728049943214,-1.4160365921835383],[36.847732484065624,-1.4160900998829642],[36.847781587847955,-1.416085622082377],[36.847777071615155,-1.4160321159429206],[36.847728049943214,-1.4160365921835383]]]},"id":"0018000000000003032b","properties":{"FID":128229}},{"type":"Feature","geometry":{"type":"Polygon","coordinates":[[[36.854220468848,-1.421008488101411],[36.85422498468577,-1.4210352305070135],[36.85429181905223,-1.4210218542242694],[36.85428295159678,-1.420995133233583],[36.854220468848,-1.421008488101411]]]},"id":"0018000000000002fee5","properties":{"FID":128485}},{"type":"Feature","geometry":{"type":"Polygon","coordinates":[[[36.858211376127954,-1.4444812123834632],[36.85824257476494,-1.4444990144836882],[36.85827828897788,-1.444445546052719],[36.85834963525027,-1.4444945515539833],[36.85838083382866,-1.4444455134149732],[36.85828272246517,-1.4443786221368398],[36.858211376127954,-1.4444812123834632]]]},"id":"0018000000000003230f","properties":{"FID":128741}},{"type":"Feature","geometry":{"type":"Polygon","coordinates":[[[36.874357776442665,-1.4306758135214048],[36.87439791535125,-1.4306802965612064],[36.87440234786743,-1.430649044212928],[36.874362291044925,-1.4306401578459869],[36.874357776442665,-1.4306758135214048]]]},"id":"0018000000000003134b","properties":{"FID":128997}},{"type":"Feature","geometry":{"type":"Polygon","coordinates":[[[36.846332355593134,-1.4160499401845312],[36.84635912505744,-1.4162461426353934],[36.846399197120796,-1.4162417129676321],[36.84638137819367,-1.416094534193026],[36.84643048287642,-1.4160901158358876],[36.84642596656082,-1.416036608780267],[36.846332355593134,-1.4160499401845312]]]},"id":"00180000000000036e14","properties":{"FID":128230}},{"type":"Feature","geometry":{"type":"Polygon","coordinates":[[[36.85421603511612,-1.4209014438451575],[36.85426505247049,-1.420905945865431],[36.85426956830551,-1.4208791547116617],[36.85421603511612,-1.4208747365875602],[36.85421603511612,-1.4209014438451575]]]},"id":"0018000000000002fa96","properties":{"FID":128486}},{"type":"Feature","geometry":{"type":"Polygon","coordinates":[[[36.85709215733314,-1.443687473380014],[36.857181321073845,-1.443754355661519],[36.85719913738848,-1.4437275928473554],[36.85710997366933,-1.4436651745189168],[36.85709215733314,-1.443687473380014]]]},"id":"001800000000000335ad","properties":{"FID":128742}},{"type":"Feature","geometry":{"type":"Polygon","coordinates":[[[36.88071200997521,-1.4305598693717065],[36.880725388457606,-1.4305866221534973],[36.8807699560225,-1.4305687767013333],[36.88075657754821,-1.4305375630540118],[36.88071200997521,-1.4305598693717065]]]},"id":"0018000000000002ff60","properties":{"FID":128998}},{"type":"Feature","geometry":{"type":"Polygon","coordinates":[[[36.856869165405776,-1.420491223284446],[36.85690488028492,-1.420584893528116],[36.85703419263347,-1.4205402609545281],[36.85700299348445,-1.4204466260361057],[36.856869165405776,-1.420491223284446]]]},"id":"00180000000000035968","properties":{"FID":128487}},{"type":"Feature","geometry":{"type":"Polygon","coordinates":[[[36.85685586468774,-1.443602775311565],[36.85695389584948,-1.4436696688742936],[36.85700299348445,-1.4435938075912877],[36.85690044671467,-1.443531403768216],[36.85685586468774,-1.443602775311565]]]},"id":"001800000000000355b5","properties":{"FID":128743}},{"type":"Feature","geometry":{"type":"Polygon","coordinates":[[[36.87444700134875,-1.4305331079116177],[36.87445586637491,-1.4306045003643033],[36.87451833194559,-1.430595538576291],[36.87450938484345,-1.4305286684566278],[36.87444700134875,-1.4305331079116177]]]},"id":"00180000000000032f76","properties":{"FID":128999}},{"type":"Feature","geometry":{"type":"Polygon","coordinates":[[[36.844686918132616,-1.4157556394045916],[36.84473150752507,-1.4157645688508196],[36.844736023944535,-1.415728916336144],[36.84469143455481,-1.4157244478648696],[36.844686918132616,-1.4157556394045916]]]},"id":"0018000000000002f317","properties":{"FID":128232}},{"type":"Feature","geometry":{"type":"Polygon","coordinates":[[[36.85671316917883,-1.4204511179775858],[36.856722036341644,-1.4204912205706997],[36.8567666184496,-1.4204823031883622],[36.85675775129215,-1.4204422006273159],[36.85671316917883,-1.4204511179775858]]]},"id":"0018000000000002f650","properties":{"FID":128488}},{"type":"Feature","geometry":{"type":"Polygon","coordinates":[[[36.84823641212907,-1.4424433932514598],[36.84828099937363,-1.4425013614992432],[36.84833445476386,-1.4424567822591818],[36.84828986755165,-1.4423988141019208],[36.84823641212907,-1.4424433932514598]]]},"id":"00180000000000030dbf","properties":{"FID":128744}},{"type":"Feature","geometry":{"type":"Polygon","coordinates":[[[36.87433996428193,-1.4304617688744918],[36.87435334392381,-1.4304885237893397],[36.87439791535125,-1.4304706772053235],[36.874384535717496,-1.4304394610814068],[36.87433996428193,-1.4304617688744918]]]},"id":"001800000000000330de","properties":{"FID":129000}},{"type":"Feature","geometry":{"type":"Polygon","coordinates":[[[36.84474932685116,-1.4157556739594377],[36.844793998322494,-1.4157556799087465],[36.844793998322494,-1.415711070101959],[36.84474932685116,-1.4157066031477097],[36.84474932685116,-1.4157556739594377]]]},"id":"0018000000000002e92f","properties":{"FID":128233}},{"type":"Feature","geometry":{"type":"Polygon","coordinates":[[[36.85067996683863,-1.4199561637624396],[36.85080034013294,-1.4199561296925203],[36.85080034013294,-1.4199159789777738],[36.850684400783365,-1.4199115289546735],[36.85067996683863,-1.4199561637624396]]]},"id":"00180000000000032d27","properties":{"FID":128489}},{"type":"Feature","geometry":{"type":"Polygon","coordinates":[[[36.85391725023547,-1.4409094346306535],[36.8539752173887,-1.440931732350155],[36.853988600733466,-1.4408871404263075],[36.853930633590764,-1.4408648427075703],[36.85391725023547,-1.4409094346306535]]]},"id":"00180000000000031a49","properties":{"FID":128745}},{"type":"Feature","geometry":{"type":"Polygon","coordinates":[[[36.87217284059184,-1.4304840744291112],[36.87228431345643,-1.4304840697596009],[36.872284313456426,-1.4304483789124898],[36.87217284059184,-1.4304439221726255],[36.87217284059184,-1.4304840744291112]]]},"id":"001800000000000306d8","properties":{"FID":129001}},{"type":"Feature","geometry":{"type":"Polygon","coordinates":[[[36.846234228179156,-1.4157779750174762],[36.84634130612062,-1.4157779559039347],[36.8463457403265,-1.4156976966859813],[36.84627881663535,-1.4156932253684427],[36.84627881663535,-1.4157289125270784],[36.84623874450652,-1.4157289404539002],[36.846234228179156,-1.4157779750174762]]]},"id":"001800000000000336e2","properties":{"FID":128234}},{"type":"Feature","geometry":{"type":"Polygon","coordinates":[[[36.85054177542668,-1.4199115596960257],[36.85055064333256,-1.4199873545262327],[36.850599745236515,-1.419978412680957],[36.85058636127597,-1.4199071034765882],[36.85054177542668,-1.4199115596960257]]]},"id":"001800000000000313a1","properties":{"FID":128490}},{"type":"Feature","geometry":{"type":"Polygon","coordinates":[[[36.85429181905223,-1.44066865745901],[36.85436316918733,-1.4406686821070926],[36.85436768501634,-1.4406106882686693],[36.85429633488562,-1.440606259408406],[36.85429181905223,-1.44066865745901]]]},"id":"001800000000000310bf","properties":{"FID":128746}},{"type":"Feature","geometry":{"type":"Polygon","coordinates":[[[36.87264549094413,-1.4303726163566202],[36.872649923565916,-1.4304350514557673],[36.87270795805244,-1.4304350358584483],[36.87270344334862,-1.430368141021327],[36.87264549094413,-1.4303726163566202]]]},"id":"0018000000000002f0a8","properties":{"FID":129002}},{"type":"Feature","geometry":{"type":"Polygon","coordinates":[[[36.850599745236515,-1.4199026317242918],[36.85060417918611,-1.4199427596846956],[36.85066658289264,-1.4199383295281662],[36.850662148946824,-1.419902603315272],[36.850599745236515,-1.4199026317242918]]]},"id":"0018000000000002f8dd","properties":{"FID":128491}},{"type":"Feature","geometry":{"type":"Polygon","coordinates":[[[36.85380583165558,-1.440508133066314],[36.85381026541216,-1.4405839323680905],[36.85388604976582,-1.4405794694107041],[36.8538816160138,-1.4405036701906402],[36.85380583165558,-1.440508133066314]]]},"id":"0018000000000002f0cf","properties":{"FID":128747}},{"type":"Feature","geometry":{"type":"Polygon","coordinates":[[[36.872641058322074,-1.4303146426798468],[36.87265443827301,-1.4303681660140044],[36.872690063406594,-1.430363692204483],[36.8726811981676,-1.430310143883943],[36.872641058322074,-1.4303146426798468]]]},"id":"0018000000000002ed10","properties":{"FID":129003}},{"type":"Feature","geometry":{"type":"Polygon","coordinates":[[[36.85149597239824,-1.419889263847328],[36.85150040629388,-1.4199249301895702],[36.851611910470425,-1.4199115583563224],[36.851607476581506,-1.4198714309400187],[36.85149597239824,-1.419889263847328]]]},"id":"00180000000000034128","properties":{"FID":128492}},{"type":"Feature","geometry":{"type":"Polygon","coordinates":[[[36.86601481058129,-1.44473091028218],[36.86603713987114,-1.4448245205818981],[36.866090664464814,-1.4448111894243518],[36.8660683351912,-1.4447175197066662],[36.86601481058129,-1.44473091028218]]]},"id":"00180000000000034e86","properties":{"FID":128748}},{"type":"Feature","geometry":{"type":"Polygon","coordinates":[[[36.87277929033595,-1.4303592263371225],[36.87282829532837,-1.430359201345938],[36.87282829532837,-1.4302968025243197],[36.87277929033595,-1.4302967679930576],[36.87277929033595,-1.4303592263371225]]]},"id":"00180000000000031bd4","properties":{"FID":129004}},{"type":"Feature","geometry":{"type":"Polygon","coordinates":[[[36.851402367872545,-1.4198714321553474],[36.85140680177381,-1.4199026373695711],[36.85146477090289,-1.4198937094704809],[36.85145582099784,-1.4198625286484858],[36.851402367872545,-1.4198714321553474]]]},"id":"0018000000000002f58d","properties":{"FID":128493}},{"type":"Feature","geometry":{"type":"Polygon","coordinates":[[[36.86819976515786,-1.4437097545052209],[36.868235474539354,-1.4437499043259268],[36.86828448255885,-1.4437052977711926],[36.86824885529163,-1.4436652059683621],[36.86819976515786,-1.4437097545052209]]]},"id":"00180000000000034e1e","properties":{"FID":128749}},{"type":"Feature","geometry":{"type":"Polygon","coordinates":[[[36.878156921432996,-1.430301270675747],[36.878246141729285,-1.4303101878744249],[36.8782505740135,-1.4302744763811297],[36.87816143580202,-1.430265557616008],[36.878156921432996,-1.430301270675747]]]},"id":"0018000000000003137d","properties":{"FID":129005}},{"type":"Feature","geometry":{"type":"Polygon","coordinates":[[[36.84637250978595,-1.415492595791133],[36.84641709815845,-1.4154926033596238],[36.84641709815845,-1.4154613773625753],[36.846372509785944,-1.415461369776655],[36.84637250978595,-1.415492595791133]]]},"id":"0018000000000003042f","properties":{"FID":128238}},{"type":"Feature","geometry":{"type":"Polygon","coordinates":[[[36.850728986546336,-1.4197643744136452],[36.850778088331424,-1.4197733369379593],[36.85078695620885,-1.4197376614163035],[36.85073350259818,-1.419728720184317],[36.850728986546336,-1.4197643744136452]]]},"id":"00180000000000032480","properties":{"FID":128494}},{"type":"Feature","geometry":{"type":"Polygon","coordinates":[[[36.85970963469021,-1.4406731070660348],[36.85978097957547,-1.4406820582089075],[36.85978992846874,-1.4406062502692933],[36.85971858359215,-1.4405972990798355],[36.85970963469021,-1.4406731070660348]]]},"id":"00180000000000030a29","properties":{"FID":128750}},{"type":"Feature","geometry":{"type":"Polygon","coordinates":[[[36.87847801549806,-1.43028788413154],[36.87860285767389,-1.4302923277108708],[36.87860285767389,-1.4301987067363362],[36.87848244776829,-1.4301942395334302],[36.87847801549806,-1.43028788413154]]]},"id":"001800000000000368f9","properties":{"FID":129006}},{"type":"Feature","geometry":{"type":"Polygon","coordinates":[[[36.8505372593631,-1.4193586373814997],[36.85054620937976,-1.4194032015711981],[36.85062199709192,-1.4193853780459318],[36.850613047084465,-1.4193452155624693],[36.8505372593631,-1.4193586373814997]]]},"id":"00180000000000031dc5","properties":{"FID":128495}},{"type":"Feature","geometry":{"type":"Polygon","coordinates":[[[36.87875445732232,-1.416937302714163],[36.87880797266227,-1.416964076400019],[36.8788257837407,-1.4169284289178878],[36.87877678274495,-1.4168971717451138],[36.87875445732232,-1.416937302714163]]]},"id":"0018000000000002ff4f","properties":{"FID":128751}},{"type":"Feature","geometry":{"type":"Polygon","coordinates":[[[36.878397742113265,-1.4301763752964143],[36.87843787881661,-1.430171936239706],[36.87843787881661,-1.4301407094380523],[36.878397742113265,-1.4301452079546548],[36.878397742113265,-1.4301763752964143]]]},"id":"0018000000000002fb69","properties":{"FID":129007}},{"type":"Feature","geometry":{"type":"Polygon","coordinates":[[[36.856913829527784,-1.4189706806041515],[36.85692721233848,-1.419046502524805],[36.85700742704854,-1.4190286578256976],[36.856994044252424,-1.4189572967354342],[36.856913829527784,-1.4189706806041515]]]},"id":"001800000000000356b1","properties":{"FID":128496}},{"type":"Feature","geometry":{"type":"Polygon","coordinates":[[[36.87857609993413,-1.416910584938087],[36.87866531972175,-1.416937350537318],[36.878696509686364,-1.416848122469409],[36.87864742652555,-1.4168347631657339],[36.87863856200473,-1.4168659638246819],[36.87859391106874,-1.4168525817742728],[36.87857609993413,-1.416910584938087]]]},"id":"00180000000000035e5c","properties":{"FID":128752}},{"type":"Feature","geometry":{"type":"Polygon","coordinates":[[[36.87818367932531,-1.4301317873163801],[36.87818819369268,-1.4302343650442542],[36.87822381614553,-1.4302298914918858],[36.87822381614553,-1.430131809261788],[36.87818367932531,-1.4301317873163801]]]},"id":"00180000000000031805","properties":{"FID":129008}},{"type":"Feature","geometry":{"type":"Polygon","coordinates":[[[36.85720365304358,-1.4189751156191877],[36.857234852107574,-1.419055424188661],[36.85734634760192,-1.419015290207451],[36.857315148585165,-1.4189349818305146],[36.85720365304358,-1.4189751156191877]]]},"id":"001800000000000347e8","properties":{"FID":128497}},{"type":"Feature","geometry":{"type":"Polygon","coordinates":[[[36.875985395722594,-1.4161302027060332],[36.87600763990418,-1.4162550669233456],[36.87613248627454,-1.4162327752115706],[36.8761414331792,-1.4162952179181327],[36.87624846762394,-1.416277358845985],[36.87623508832686,-1.4162015610960703],[36.87621276213247,-1.416206017992353],[36.87619051801291,-1.416094532079726],[36.875985395722594,-1.4161302027060332]]]},"id":"00180000000000035eb7","properties":{"FID":128753}},{"type":"Feature","geometry":{"type":"Polygon","coordinates":[[[36.87822381614553,-1.4302254304989985],[36.878263952943826,-1.4302254523962852],[36.87826846730628,-1.4301318061846184],[36.87822833051044,-1.430131784240404],[36.87822381614553,-1.4302254304989985]]]},"id":"0018000000000003161b","properties":{"FID":129009}},{"type":"Feature","geometry":{"type":"Polygon","coordinates":[[[36.857506858123884,-1.4186540895675803],[36.8575960213624,-1.4187789393169483],[36.85766293477158,-1.4187298794719814],[36.85757820514381,-1.4186050071718612],[36.857506858123884,-1.4186540895675803]]]},"id":"00180000000000034497","properties":{"FID":128498}},{"type":"Feature","geometry":{"type":"Polygon","coordinates":[[[36.87608791589841,-1.4160365604373375],[36.87609234831272,-1.4160990270559923],[36.876194950421045,-1.416090109574055],[36.87619051801292,-1.4160231837878678],[36.87608791589841,-1.4160365604373375]]]},"id":"00180000000000033381","properties":{"FID":128754}},{"type":"Feature","geometry":{"type":"Polygon","coordinates":[[[36.87833979419615,-1.4301139952058848],[36.878455689984705,-1.4301139671150318],[36.878455689984705,-1.430064896533102],[36.878406688742295,-1.4300604605624734],[36.87840668874229,-1.4300113900267433],[36.878344226474695,-1.4300114290116617],[36.87833979419615,-1.4301139952058848]]]},"id":"0018000000000002f55a","properties":{"FID":129010}},{"type":"Feature","geometry":{"type":"Polygon","coordinates":[[[36.85663730563113,-1.4186318017691308],[36.85686473183336,-1.418921631654521],[36.85690488028492,-1.4188904347901443],[36.85668188779038,-1.4186005824505588],[36.85663730563113,-1.4186318017691308]]]},"id":"00180000000000036f7c","properties":{"FID":128499}},{"type":"Feature","geometry":{"type":"Polygon","coordinates":[[[36.87605229241077,-1.4159429219956225],[36.87607453657212,-1.4159919778724326],[36.87615038008278,-1.41596078449158],[36.876128053862644,-1.415907270967061],[36.87605229241077,-1.4159429219956225]]]},"id":"00180000000000032e07","properties":{"FID":128755}},{"type":"Feature","geometry":{"type":"Polygon","coordinates":[[[36.87550825230313,-1.4299400721843512],[36.87558852884252,-1.4299400569286769],[36.87559296128693,-1.4298954819449068],[36.87565091136885,-1.4298954681640283],[36.87565091136885,-1.429859779433331],[36.87559739373106,-1.4298553681150006],[36.87559739373106,-1.4298241404890777],[36.87551268475238,-1.429819658516045],[36.87550825230313,-1.4299400721843512]]]},"id":"00180000000000034027","properties":{"FID":129011}},{"type":"Feature","geometry":{"type":"Polygon","coordinates":[[[36.84472707322205,-1.4142038757126163],[36.8448162519314,-1.414217274728567],[36.844825202643044,-1.4141414544692075],[36.844736023944535,-1.4141325756530068],[36.84472707322205,-1.4142038757126163]]]},"id":"00180000000000033f6d","properties":{"FID":128244}},{"type":"Feature","geometry":{"type":"Polygon","coordinates":[[[36.85774766430184,-1.4183018127431928],[36.85775209782109,-1.4183731594908584],[36.85781901108843,-1.4183687065746424],[36.857819011088424,-1.4182973371299221],[36.85774766430184,-1.4183018127431928]]]},"id":"0018000000000002f5e9","properties":{"FID":128500}},{"type":"Feature","geometry":{"type":"Polygon","coordinates":[[[36.876355501912876,-1.4159652477268747],[36.876391125253626,-1.4159697008316106],[36.876391125253626,-1.4158805160382966],[36.876355501912876,-1.4158805221408697],[36.876355501912876,-1.4159652477268747]]]},"id":"0018000000000002f9b7","properties":{"FID":128756}},{"type":"Feature","geometry":{"type":"Polygon","coordinates":[[[36.878402174388334,-1.4297394168291027],[36.87843787881661,-1.4297438638682687],[36.87843787881661,-1.4296903328918866],[36.87840217438833,-1.4296903467486242],[36.878402174388334,-1.4297394168291027]]]},"id":"0018000000000002ec69","properties":{"FID":129012}},{"type":"Feature","geometry":{"type":"Polygon","coordinates":[[[36.85633409697005,-1.418226033064644],[36.85640544512639,-1.4183374752612814],[36.85645897672417,-1.4183062687171095],[36.856427777331426,-1.418257244877365],[36.85646341032101,-1.418234934902365],[36.856503558991406,-1.4182928924412574],[36.856574906983525,-1.4182483304379863],[36.85652589116668,-1.418172516472054],[36.85648574250847,-1.4181947911670085],[36.85645454312706,-1.4181457674596762],[36.85633409697005,-1.418226033064644]]]},"id":"001800000000000369f8","properties":{"FID":128501}},{"type":"Feature","geometry":{"type":"Polygon","coordinates":[[[36.88105533553509,-1.4151358250659947],[36.881091038674825,-1.415149253744274],[36.881108849200125,-1.4151046323527694],[36.881068713955,-1.4150912857736038],[36.88105533553509,-1.4151358250659947]]]},"id":"001800000000000318b8","properties":{"FID":128757}},{"type":"Feature","geometry":{"type":"Polygon","coordinates":[[[36.87816586809132,-1.4296903671989172],[36.878170300380376,-1.4297617186319784],[36.87824170944482,-1.429761690864593],[36.87824170944482,-1.4296903755144126],[36.87816586809132,-1.4296903671989172]]]},"id":"0018000000000002ff80","properties":{"FID":129013}},{"type":"Feature","geometry":{"type":"Polygon","coordinates":[[[36.84495001979306,-1.413972017420097],[36.84498122404752,-1.4140611908595169],[36.84503476394809,-1.4140433692412437],[36.8450035597163,-1.4139541959019901],[36.84495001979306,-1.413972017420097]]]},"id":"00180000000000031360","properties":{"FID":128246}},{"type":"Feature","geometry":{"type":"Polygon","coordinates":[[[36.85809101494666,-1.417717655977931],[36.8581355962257,-1.417717661961372],[36.8581355962257,-1.4176552151197244],[36.858095448445226,-1.4176552458438867],[36.85809101494666,-1.417717655977931]]]},"id":"00180000000000030232","properties":{"FID":128502}},{"type":"Feature","geometry":{"type":"Polygon","coordinates":[[[36.870933247669726,-1.4151046136435337],[36.870973306359765,-1.415126942039204],[36.87100901439501,-1.4150600433891005],[36.87096887363693,-1.4150377759932091],[36.870933247669726,-1.4151046136435337]]]},"id":"00180000000000032866","properties":{"FID":128758}},{"type":"Feature","geometry":{"type":"Polygon","coordinates":[[[36.87702438060816,-1.4297393851223703],[36.877109087845405,-1.429748327993438],[36.87711352019815,-1.4296591442725743],[36.87703324532361,-1.4296546983406342],[36.87702438060816,-1.4297393851223703]]]},"id":"00180000000000030bff","properties":{"FID":129014}},{"type":"Feature","geometry":{"type":"Polygon","coordinates":[[[36.85778781227196,-1.417378749756486],[36.85780119492381,-1.4174456466410807],[36.85785020989168,-1.4174367685939715],[36.85784126076262,-1.4173698490527007],[36.85778781227196,-1.417378749756486]]]},"id":"001800000000000335fa","properties":{"FID":128503}},{"type":"Feature","geometry":{"type":"Polygon","coordinates":[[[36.871066968088854,-1.4149084204453855],[36.87114281676368,-1.4149441183897558],[36.87117400991894,-1.4148727850491618],[36.87109816127628,-1.4148370871265892],[36.871066968088854,-1.4149084204453855]]]},"id":"00180000000000034a2a","properties":{"FID":128759}},{"type":"Feature","geometry":{"type":"Polygon","coordinates":[[[36.87972207759922,-1.4289278331235664],[36.8797488349219,-1.4289546323998856],[36.87978453869618,-1.4289144722000335],[36.879762213579575,-1.4288921697449037],[36.87972207759922,-1.4289278331235664]]]},"id":"00180000000000033055","properties":{"FID":129015}},{"type":"Feature","geometry":{"type":"Polygon","coordinates":[[[36.85805086714188,-1.4173654281833323],[36.85805530064286,-1.417436772767323],[36.8581355962257,-1.4174323105569842],[36.85813116272954,-1.4173609660540136],[36.85805086714188,-1.4173654281833323]]]},"id":"00180000000000030133","properties":{"FID":128504}},{"type":"Feature","geometry":{"type":"Polygon","coordinates":[[[36.870933247669726,-1.4145472478375851],[36.87101344711541,-1.4145740060132],[36.87102239464283,-1.4145338845129338],[36.870942113119405,-1.4145115872115912],[36.870933247669726,-1.4145472478375851]]]},"id":"00180000000000032208","properties":{"FID":128760}},{"type":"Feature","geometry":{"type":"Polygon","coordinates":[[[36.876582867178364,-1.4288788290783996],[36.876667574924234,-1.428887713234735],[36.8766765217638,-1.42878964405188],[36.87663638409894,-1.4287851604958917],[36.87663195171742,-1.4288208115992018],[36.87658738164403,-1.4288163514578618],[36.876582867178364,-1.4288788290783996]]]},"id":"00180000000000032a47","properties":{"FID":129016}},{"type":"Feature","geometry":{"type":"Polygon","coordinates":[[[36.8466222207474,-1.4133834117583768],[36.84668462782689,-1.413378987515468],[36.84668019364141,-1.4133076409350043],[36.8466222207474,-1.4133121021306194],[36.8466222207474,-1.4133834117583768]]]},"id":"00180000000000030bc4","properties":{"FID":128249}},{"type":"Feature","geometry":{"type":"Polygon","coordinates":[[[36.85578564163044,-1.417369831346402],[36.85587037332097,-1.4174857821942912],[36.85591938957416,-1.417450140457719],[36.85583465794004,-1.41733418976616],[36.85578564163044,-1.417369831346402]]]},"id":"00180000000000033996","properties":{"FID":128505}},{"type":"Feature","geometry":{"type":"Polygon","coordinates":[[[36.870826205489294,-1.414342136518067],[36.87083063822072,-1.414400085474914],[36.87090197232482,-1.4144000733291076],[36.87090197232482,-1.4143421613042564],[36.870826205489294,-1.414342136518067]]]},"id":"0018000000000002ec09","properties":{"FID":128761}},{"type":"Feature","geometry":{"type":"Polygon","coordinates":[[[36.879401071045606,-1.4287004509299097],[36.87948134333491,-1.4287048974411563],[36.87948577554465,-1.4286335619862438],[36.87940550326019,-1.4286291154129271],[36.879401071045606,-1.4287004509299097]]]},"id":"001800000000000335f7","properties":{"FID":129017}},{"type":"Feature","geometry":{"type":"Polygon","coordinates":[[[36.84733562905198,-1.4132095315728612],[36.84736683229623,-1.4132095497897734],[36.847366832296224,-1.4132273323582494],[36.8474693923401,-1.4132318010652116],[36.8474693923401,-1.4131025060936446],[36.84734006319803,-1.4130980560038073],[36.84733562905198,-1.4132095315728612]]]},"id":"00180000000000034bab","properties":{"FID":128250}},{"type":"Feature","geometry":{"type":"Polygon","coordinates":[[[36.856543707639894,-1.4173297300121732],[36.856726552026,-1.4176150863450858],[36.856797817698784,-1.4175660669145653],[36.85661505559312,-1.417285110665498],[36.856543707639894,-1.4173297300121732]]]},"id":"00180000000000036559","properties":{"FID":128506}},{"type":"Feature","geometry":{"type":"Polygon","coordinates":[[[36.87085739877882,-1.4142886417279565],[36.8708975395977,-1.4142886123702167],[36.87090197232482,-1.4142440559407783],[36.87086183150836,-1.4142395664881462],[36.87085739877882,-1.4142886417279565]]]},"id":"0018000000000002ff30","properties":{"FID":128762}},{"type":"Feature","geometry":{"type":"Polygon","coordinates":[[[36.8777110645673,-1.4286558631779096],[36.877795771013446,-1.4286602865108589],[36.8778002033248,-1.4285844888450214],[36.877715496883766,-1.428580065441842],[36.8777110645673,-1.4286558631779096]]]},"id":"0018000000000002f134","properties":{"FID":129018}},{"type":"Feature","geometry":{"type":"Polygon","coordinates":[[[36.846488455921296,-1.4128661404581253],[36.846537478417986,-1.4128661865315395],[36.846537478417986,-1.4128081999362294],[36.846488455921296,-1.412808213300703],[36.846488455921296,-1.4128661404581253]]]},"id":"0018000000000002f658","properties":{"FID":128251}},{"type":"Feature","geometry":{"type":"Polygon","coordinates":[[[36.848115952532325,-1.4170845032921289],[36.84812933694169,-1.4172361070574062],[36.84828543346278,-1.4172226867751985],[36.84827204908177,-1.4170710833646216],[36.848115952532325,-1.4170845032921289]]]},"id":"00180000000000035089","properties":{"FID":128507}},{"type":"Feature","geometry":{"type":"Polygon","coordinates":[[[36.87945901812623,-1.4131114170364634],[36.87953034386106,-1.41313369914475],[36.87954372255851,-1.4130980198882899],[36.87947239683666,-1.4130757377755976],[36.87945901812623,-1.4131114170364634]]]},"id":"00180000000000031254","properties":{"FID":128763}},{"type":"Feature","geometry":{"type":"Polygon","coordinates":[[[36.878179247037075,-1.4285265486797007],[36.87818367932532,-1.4286246029867113],[36.878290710797195,-1.4286157023119712],[36.87828627851541,-1.4285175886847998],[36.878179247037075,-1.4285265486797007]]]},"id":"00180000000000033cdc","properties":{"FID":129019}},{"type":"Feature","geometry":{"type":"Polygon","coordinates":[[[36.86484210287714,-1.4278933345952927],[36.86488668006751,-1.4278977961343602],[36.8648955462458,-1.4278531946427409],[36.8648465359691,-1.427848756406726],[36.86484210287714,-1.4278933345952927]]]},"id":"00180000000000032c28","properties":{"FID":128508}},{"type":"Feature","geometry":{"type":"Polygon","coordinates":[[[36.87828184623334,-1.4131649367826546],[36.87836655202191,-1.4131738332773305],[36.878370984298854,-1.4130936123963027],[36.878290710797195,-1.4130846933114114],[36.87828184623334,-1.4131649367826546]]]},"id":"00180000000000035664","properties":{"FID":128764}},{"type":"Feature","geometry":{"type":"Polygon","coordinates":[[[36.87808116207157,-1.428473009486461],[36.878085594365714,-1.42851759385434],[36.87812129894775,-1.4285176400073187],[36.87812129894775,-1.428468571497254],[36.87808116207157,-1.428473009486461]]]},"id":"001800000000000309b5","properties":{"FID":129020}},{"type":"Feature","geometry":{"type":"Polygon","coordinates":[[[36.84749616139131,-1.4104314723901066],[36.847500595527684,-1.4104716508559505],[36.847580902618134,-1.410462736379132],[36.84757646848659,-1.4104225579638683],[36.84749616139131,-1.4104314723901066]]]},"id":"0018000000000003363f","properties":{"FID":128253}},{"type":"Feature","geometry":{"type":"Polygon","coordinates":[[[36.86508288505955,-1.4276302536223895],[36.865123029029014,-1.4276436018576715],[36.865114080784146,-1.4276703588808652],[36.865172039121575,-1.427683790776037],[36.865194368667154,-1.4276034851648274],[36.86509626638514,-1.4275767644935808],[36.86508288505955,-1.4276302536223895]]]},"id":"0018000000000002f87e","properties":{"FID":128509}},{"type":"Feature","geometry":{"type":"Polygon","coordinates":[[[36.87823719508073,-1.4131292601566796],[36.878272899589135,-1.4131292537216238],[36.87827733187173,-1.4130757259787783],[36.87824170944482,-1.4130712721058358],[36.87823719508073,-1.4131292601566796]]]},"id":"00180000000000032898","properties":{"FID":128765}},{"type":"Feature","geometry":{"type":"Polygon","coordinates":[[[36.87825508837677,-1.4284061175079],[36.878290710797195,-1.4284105665175335],[36.878290710797195,-1.4283615577410613],[36.878259520660436,-1.4283570853306047],[36.87825508837677,-1.4284061175079]]]},"id":"0018000000000002f30e","properties":{"FID":129021}},{"type":"Feature","geometry":{"type":"Polygon","coordinates":[[[36.86484210287714,-1.4275544454202493],[36.86488224697796,-1.427563391802693],[36.864891113156794,-1.4275232521665655],[36.86484653596911,-1.4275143290782184],[36.86484210287714,-1.4275544454202493]]]},"id":"00180000000000032bd7","properties":{"FID":128510}},{"type":"Feature","geometry":{"type":"Polygon","coordinates":[[[36.87475464996483,-1.4129731598925745],[36.8747903561643,-1.4129776720072247],[36.87479922114907,-1.4129285786127068],[36.87476359703714,-1.4129241244179922],[36.87475464996483,-1.4129731598925745]]]},"id":"0018000000000002f3aa","properties":{"FID":128766}},{"type":"Feature","geometry":{"type":"Polygon","coordinates":[[[36.87895513964629,-1.4283704879668677],[36.87897295068906,-1.428432902355239],[36.87906216999508,-1.4284061353229551],[36.87904427689546,-1.428343722582528],[36.87895513964629,-1.4283704879668677]]]},"id":"00180000000000035a13","properties":{"FID":129022}},{"type":"Feature","geometry":{"type":"Polygon","coordinates":[[[36.84770128097626,-1.4104448763419637],[36.847973322202996,-1.4104403950094941],[36.847973322202996,-1.4102709704894623],[36.84770128097625,-1.410275451222464],[36.84770128097626,-1.4104448763419637]]]},"id":"00180000000000036ca6","properties":{"FID":128255}},{"type":"Feature","geometry":{"type":"Polygon","coordinates":[[[36.86403051417098,-1.4274429568628606],[36.86406622557582,-1.4275366343621458],[36.864159814002825,-1.4274964588619707],[36.8641241847385,-1.427402839518742],[36.86403051417098,-1.4274429568628606]]]},"id":"0018000000000003343a","properties":{"FID":128511}},{"type":"Feature","geometry":{"type":"Polygon","coordinates":[[[36.879204822165576,-1.4129375327183298],[36.87926276940088,-1.4129419898149442],[36.879271715924645,-1.4129062737423193],[36.879213768696395,-1.4128973579361024],[36.879204822165576,-1.4129375327183298]]]},"id":"001800000000000302a7","properties":{"FID":128767}},{"type":"Feature","geometry":{"type":"Polygon","coordinates":[[[36.8709376803947,-1.4282990925238694],[36.87095106065549,-1.4283749200057339],[36.87101344711541,-1.4283615601569015],[36.870995634144755,-1.4282902172696539],[36.8709376803947,-1.4282990925238694]]]},"id":"0018000000000002f561","properties":{"FID":129023}}]}