{"type":"FeatureCollection","features":[{"type":"Feature","geometry":{"type":"Polygon","coordinates":[[[37.0420110768534,-1.1815146333913822],[37.042020003482655,-1.1815993461207672],[37.042069058976125,-1.18159934885323],[37.042069058976125,-1.1816172030633874],[37.04210468356249,-1.1816127007860424],[37.04209583883923,-1.181505713340853],[37.0420110768534,-1.1815146333913822]]]},"id":"001a000000000000e47a","properties":{"FID":375808}},{"type":"Feature","geometry":{"type":"Polygon","coordinates":[[[37.03532685319322,-1.1949989473180511],[37.03534921276737,-1.1950524788791304],[37.03538484064606,-1.195034645025532],[37.03536256298602,-1.1949855926692272],[37.03532685319322,-1.1949989473180511]]]},"id":"001a0000000000008852","properties":{"FID":380672}},{"type":"Feature","geometry":{"type":"Polygon","coordinates":[[[37.0543182193532,-1.2086259781261244],[37.05432714447076,-1.2086839145351937],[37.054434163914365,-1.2086705357753897],[37.05442523880995,-1.2086125994670422],[37.0543182193532,-1.2086259781261244]]]},"id":"001a000000000000a051","properties":{"FID":380928}},{"type":"Feature","geometry":{"type":"Polygon","coordinates":[[[37.03793100118189,-1.181528021990534],[37.03797555492159,-1.1815280360242295],[37.03797113230894,-1.1816172036425499],[37.03802019053419,-1.1816172064729429],[37.03802461314385,-1.181478952195479],[37.037931001181875,-1.181474515643786],[37.03793100118189,-1.181528021990534]]]},"id":"001a0000000000016d4e","properties":{"FID":375809}},{"type":"Feature","geometry":{"type":"Polygon","coordinates":[[[37.04591281021479,-1.1857908963674377],[37.045948432917406,-1.185884567982132],[37.04602876818957,-1.185853318271688],[37.04599306363512,-1.1857641267194425],[37.04591281021479,-1.1857908963674377]]]},"id":"001a0000000000004bc8","properties":{"FID":378881}},{"type":"Feature","geometry":{"type":"Polygon","coordinates":[[[37.03522881497925,-1.1949900549335473],[37.03525551545831,-1.1950524791768757],[37.035313502968016,-1.1950301667930465],[37.03528672060699,-1.1949632634715206],[37.03522881497925,-1.1949900549335473]]]},"id":"001a000000000000141d","properties":{"FID":380673}},{"type":"Feature","geometry":{"type":"Polygon","coordinates":[[[37.06500219177391,-1.2186856673641562],[37.06501111557834,-1.2187391890641146],[37.06504681078511,-1.2187347235418184],[37.06503788698507,-1.2186812608453566],[37.06500219177391,-1.2186856673641562]]]},"id":"001a0000000000028746","properties":{"FID":380929}},{"type":"Feature","geometry":{"type":"Polygon","coordinates":[[[37.03822084570193,-1.1814388342859243],[37.038229772796534,-1.1814967978495636],[37.038260976669044,-1.181496783854688],[37.038256554073755,-1.1814388091719978],[37.03822084570193,-1.1814388342859243]]]},"id":"001a000000000000305a","properties":{"FID":375810}},{"type":"Feature","geometry":{"type":"Polygon","coordinates":[[[37.05032727182101,-1.1853137752292866],[37.05033177556824,-1.185362848475257],[37.05038082545188,-1.1853583703287525],[37.05037632170768,-1.1853092971197516],[37.05032727182101,-1.1853137752292866]]]},"id":"001a0000000000000fde","properties":{"FID":378882}},{"type":"Feature","geometry":{"type":"Polygon","coordinates":[[[37.03633016065205,-1.1948874830898712],[37.03634801530434,-1.1949588293603668],[37.036388147304955,-1.1949454642722217],[37.03637029266251,-1.1948741180637485],[37.03633016065205,-1.1948874830898712]]]},"id":"001a000000000000efc8","properties":{"FID":380674}},{"type":"Feature","geometry":{"type":"Polygon","coordinates":[[[37.06607238552402,-1.2174951393666205],[37.06610808020887,-1.2175575462035215],[37.06614369300769,-1.2175352738877268],[37.06611250110898,-1.2174772765473791],[37.06607238552402,-1.2174951393666205]]]},"id":"001a000000000002817c","properties":{"FID":380930}},{"type":"Feature","geometry":{"type":"Polygon","coordinates":[[[37.03813165659573,-1.1814254308775376],[37.038145006303616,-1.181465588513948],[37.03820299150944,-1.1814477154147645],[37.038189641812195,-1.181403138276674],[37.03813165659573,-1.1814254308775376]]]},"id":"001a00000000000085ee","properties":{"FID":375811}},{"type":"Feature","geometry":{"type":"Polygon","coordinates":[[[37.05037632170768,-1.1853003994379252],[37.05038975105318,-1.185340553431193],[37.050447726491875,-1.1853182584328896],[37.05043429715708,-1.1852781044924279],[37.05037632170768,-1.1853003994379252]]]},"id":"001a000000000000836a","properties":{"FID":378883}},{"type":"Feature","geometry":{"type":"Polygon","coordinates":[[[37.0357906696187,-1.1944861328953407],[37.0358396474122,-1.1946511361127599],[37.03589321171719,-1.19463773682904],[37.0358396474122,-1.194472805908803],[37.0357906696187,-1.1944861328953407]]]},"id":"001a0000000000015b51","properties":{"FID":380675}},{"type":"Feature","geometry":{"type":"Polygon","coordinates":[[[37.06131902297131,-1.2152521849802804],[37.06134571386575,-1.2153191005071367],[37.061390335124415,-1.2153012258390377],[37.06135914118317,-1.215234323521214],[37.06131902297131,-1.2152521849802804]]]},"id":"001a000000000002e541","properties":{"FID":380931}},{"type":"Feature","geometry":{"type":"Polygon","coordinates":[[[37.03605374059063,-1.1810151984959432],[37.036067090679964,-1.1811266601148738],[37.03616070504123,-1.1811133008715549],[37.03615185959493,-1.1810508565727558],[37.036129500267535,-1.1810553292198112],[37.036125077542614,-1.1810063107811477],[37.03605374059063,-1.1810151984959432]]]},"id":"001a000000000000697a","properties":{"FID":375812}},{"type":"Feature","geometry":{"type":"Polygon","coordinates":[[[37.05289125090243,-1.1842480829566422],[37.052931455653514,-1.1843416709930152],[37.05304289884925,-1.1842926773597262],[37.05299827246148,-1.184198981785261],[37.05289125090243,-1.1842480829566422]]]},"id":"001a0000000000015df1","properties":{"FID":378884}},{"type":"Feature","geometry":{"type":"Polygon","coordinates":[[[37.03808710295166,-1.1942543045163514],[37.03812272948908,-1.194352367627419],[37.03822526829939,-1.1943166820991442],[37.038185137312574,-1.1942141508998856],[37.03808710295166,-1.1942543045163514]]]},"id":"001a0000000000013e95","properties":{"FID":380676}},{"type":"Feature","geometry":{"type":"Polygon","coordinates":[[[37.06042274358914,-1.2141017240605199],[37.060436089202334,-1.2141463262033532],[37.06052975405042,-1.2141195894206687],[37.06051632657962,-1.214074988672234],[37.06042274358914,-1.2141017240605199]]]},"id":"001a000000000002a0ce","properties":{"FID":380932}},{"type":"Feature","geometry":{"type":"Polygon","coordinates":[[[37.036236546508896,-1.1809840116974708],[37.036263328520164,-1.1810553697050739],[37.03630346056752,-1.1810374797419454],[37.03627667857102,-1.1809706003310623],[37.036236546508896,-1.1809840116974708]]]},"id":"001a0000000000002684","properties":{"FID":375813}},{"type":"Feature","geometry":{"type":"Polygon","coordinates":[[[37.05021582445958,-1.1842123950058805],[37.05024260132102,-1.1843193945420027],[37.05030499873966,-1.184306047225991],[37.05029607312794,-1.184261463668284],[37.05032284995982,-1.1842525020937393],[37.050309502488275,-1.1841900749464889],[37.05021582445958,-1.1842123950058805]]]},"id":"001a00000000000104eb","properties":{"FID":378885}},{"type":"Feature","geometry":{"type":"Polygon","coordinates":[[[37.03885851595931,-1.1939733668979469],[37.03888971956202,-1.1940670177510528],[37.038978907738446,-1.1940402675084147],[37.03895212672727,-1.1939421261478678],[37.03885851595931,-1.1939733668979469]]]},"id":"001a0000000000007bf9","properties":{"FID":380677}},{"type":"Feature","geometry":{"type":"Polygon","coordinates":[[[37.06121193179926,-1.2140303670072512],[37.061229780338905,-1.2141062082127707],[37.06131902297132,-1.2140883875529942],[37.06131009871301,-1.2140437742209687],[37.06127440166882,-1.2140482371329757],[37.06126547740503,-1.2140170093643907],[37.06121193179926,-1.2140303670072512]]]},"id":"001a000000000002245c","properties":{"FID":380933}},{"type":"Feature","geometry":{"type":"Polygon","coordinates":[[[37.0437813124531,-1.180743192121958],[37.043839293163884,-1.1807432333052719],[37.043839293163884,-1.180712004688468],[37.04378581660602,-1.1807075332244128],[37.0437813124531,-1.180743192121958]]]},"id":"001a0000000000002f89","properties":{"FID":375814}},{"type":"Feature","geometry":{"type":"Polygon","coordinates":[[[37.05030499873966,-1.1841767107235925],[37.05032284995982,-1.184221331713248],[37.05038975105318,-1.1841990168828391],[37.05037189984947,-1.184154395956299],[37.05030499873966,-1.1841767107235925]]]},"id":"001a000000000000440e","properties":{"FID":378886}},{"type":"Feature","geometry":{"type":"Polygon","coordinates":[[[37.03728890013692,-1.1938217228211292],[37.03730224999951,-1.1938663148241808],[37.03736465852714,-1.1938529544076322],[37.037337958822405,-1.193737007433191],[37.03729332279106,-1.1937459619127715],[37.03730675455383,-1.193817315706279],[37.03728890013692,-1.1938217228211292]]]},"id":"001a000000000000e8c0","properties":{"FID":380678}},{"type":"Feature","geometry":{"type":"Polygon","coordinates":[[[37.06497992319292,-1.2135264999333994],[37.065060155548274,-1.213571090353901],[37.06509134789922,-1.2135175833189231],[37.06501111557834,-1.2134729929337527],[37.06497992319292,-1.2135264999333994]]]},"id":"001a000000000000f512","properties":{"FID":380934}},{"type":"Feature","geometry":{"type":"Polygon","coordinates":[[[37.03780618504513,-1.1805916098771907],[37.03782846195663,-1.180707525151519],[37.03790421978477,-1.18069414970281],[37.03789087003267,-1.1806406164783092],[37.03793542379697,-1.1806317331620722],[37.037922074050606,-1.1805693022102532],[37.03780618504513,-1.1805916098771907]]]},"id":"001a000000000001159a","properties":{"FID":375815}},{"type":"Feature","geometry":{"type":"Polygon","coordinates":[[[37.05311421912946,-1.1841499772664994],[37.053158845446,-1.1842480327533698],[37.05323466917967,-1.1842168590334983],[37.0531944645964,-1.1841187347414082],[37.05311421912946,-1.1841499772664994]]]},"id":"001a0000000000009f4f","properties":{"FID":378887}},{"type":"Feature","geometry":{"type":"Polygon","coordinates":[[[37.03572817783761,-1.1937503994672205],[37.03576388743338,-1.193835140123569],[37.03584857479911,-1.1937950194382934],[37.0358129471476,-1.1937102776703405],[37.03572817783761,-1.1937503994672205]]]},"id":"001a000000000000f351","properties":{"FID":380679}},{"type":"Feature","geometry":{"type":"Polygon","coordinates":[[[37.06209485613331,-1.2131965584061877],[37.06210828331218,-1.2132321945331774],[37.062148401087896,-1.21321881668083],[37.06213497391646,-1.2131831805841577],[37.06209485613331,-1.2131965584061877]]]},"id":"001a0000000000001497","properties":{"FID":380935}},{"type":"Feature","geometry":{"type":"Polygon","coordinates":[[[37.04374118453297,-1.1806540190490626],[37.04386607237487,-1.1806584997335945],[37.04386607237487,-1.1805514390345488],[37.043745688688375,-1.1805470060124936],[37.04374118453297,-1.1806540190490626]]]},"id":"001a0000000000004a0c","properties":{"FID":375816}},{"type":"Feature","geometry":{"type":"Polygon","coordinates":[[[37.0505057018843,-1.1841009281454293],[37.050523471169036,-1.1841499694314017],[37.05059487580861,-1.1841232242216553],[37.05057702465529,-1.1840741253682598],[37.0505057018843,-1.1841009281454293]]]},"id":"001a000000000000708e","properties":{"FID":378888}},{"type":"Feature","geometry":{"type":"Polygon","coordinates":[[[37.03578174222468,-1.1926757867768505],[37.0357906696187,-1.192720329870762],[37.035821874537774,-1.1927158902973087],[37.03581736989149,-1.192671277781143],[37.03578174222468,-1.1926757867768505]]]},"id":"001a0000000000002e10","properties":{"FID":380680}},{"type":"Feature","geometry":{"type":"Polygon","coordinates":[[[37.06036919736187,-1.2131029115178285],[37.06037812173582,-1.2131608506339673],[37.06041824046758,-1.2131519540278017],[37.06040931609855,-1.213098437419171],[37.06036919736187,-1.2131029115178285]]]},"id":"001a0000000000009c7d","properties":{"FID":380936}},{"type":"Feature","geometry":{"type":"Polygon","coordinates":[[[37.03788644741487,-1.1803374522645182],[37.037904219784764,-1.1804132492008654],[37.0379443509266,-1.1804043169578247],[37.037922074050606,-1.1803285311561587],[37.03788644741487,-1.1803374522645182]]]},"id":"001a0000000000003caf","properties":{"FID":375817}},{"type":"Feature","geometry":{"type":"Polygon","coordinates":[[[37.046581695197276,-1.183449900190156],[37.04659053937471,-1.183498905515366],[37.04667529602055,-1.1834855637611654],[37.046666369962985,-1.183436500858893],[37.046581695197276,-1.183449900190156]]]},"id":"001a000000000000117f","properties":{"FID":378889}},{"type":"Feature","geometry":{"type":"Polygon","coordinates":[[[37.035523093030704,-1.1924260732435992],[37.035536443217445,-1.1925152298927688],[37.03565684049634,-1.1924974235514352],[37.0356434903317,-1.1924082081350158],[37.035523093030704,-1.1924260732435992]]]},"id":"001a000000000000308e","properties":{"FID":380681}},{"type":"Feature","geometry":{"type":"Polygon","coordinates":[[[37.060382542984904,-1.2129646585698128],[37.06046728354017,-1.213143032703847],[37.060543099643944,-1.2131073845216849],[37.06051190533869,-1.2130404849538339],[37.06052975405042,-1.2130360130709517],[37.06047620790206,-1.2129200574651005],[37.060382542984904,-1.2129646585698128]]]},"id":"001a0000000000013f81","properties":{"FID":380937}},{"type":"Feature","geometry":{"type":"Polygon","coordinates":[[[37.04151167524352,-1.18032406588387],[37.041525024330845,-1.18036416172081],[37.04159193352304,-1.1803419094794994],[37.04158300684122,-1.1803017449653481],[37.04151167524352,-1.18032406588387]]]},"id":"001a0000000000003f88","properties":{"FID":375818}},{"type":"Feature","geometry":{"type":"Polygon","coordinates":[[[37.04603319031207,-1.1833160868393637],[37.04603761243429,-1.1833606829567516],[37.04607331696686,-1.183360715744245],[37.046068894846805,-1.1833116413637639],[37.04603319031207,-1.1833160868393637]]]},"id":"001a0000000000007135","properties":{"FID":378890}},{"type":"Feature","geometry":{"type":"Polygon","coordinates":[[[37.04578792588955,-1.1921050060489649],[37.045810200355405,-1.1921674278906231],[37.04585925329109,-1.1921495649883984],[37.0458414828658,-1.1920871314418098],[37.04578792588955,-1.1921050060489649]]]},"id":"001a00000000000087de","properties":{"FID":380682}},{"type":"Feature","geometry":{"type":"Polygon","coordinates":[[[37.06001688840173,-1.2129601837611057],[37.0600436616502,-1.213022613891706],[37.060146251406984,-1.2129780467256048],[37.060101629383745,-1.212879932712149],[37.06005708920842,-1.2128978036765694],[37.06007493803196,-1.212933428779007],[37.06001688840173,-1.2129601837611057]]]},"id":"001a0000000000003e43","properties":{"FID":380938}},{"type":"Feature","geometry":{"type":"Polygon","coordinates":[[[37.036236546508896,-1.1803017495834482],[37.036263328520164,-1.1804756394522502],[37.036379219984276,-1.1804578101476286],[37.03637029266251,-1.1803864704748397],[37.036298955951054,-1.18039541637336],[37.036281101286725,-1.180292807475387],[37.036236546508896,-1.1803017495834482]]]},"id":"001a0000000000016a71","properties":{"FID":375819}},{"type":"Feature","geometry":{"type":"Polygon","coordinates":[[[37.046581695197276,-1.1832938091926617],[37.04660839150737,-1.1833651630659796],[37.04665302181982,-1.1833473204724982],[37.04662624363563,-1.1832759679482898],[37.046581695197276,-1.1832938091926617]]]},"id":"001a0000000000003658","properties":{"FID":378891}},{"type":"Feature","geometry":{"type":"Polygon","coordinates":[[[37.0390279652838,-1.192047025681657],[37.03904131482714,-1.1920960944894607],[37.039081445341445,-1.1920871532954838],[37.039068095805476,-1.1920380845244902],[37.0390279652838,-1.192047025681657]]]},"id":"001a000000000000160f","properties":{"FID":380683}},{"type":"Feature","geometry":{"type":"Polygon","coordinates":[[[37.06036919736187,-1.2128442866601974],[37.06039146735721,-1.212893344087773],[37.060449434813066,-1.2128665906314775],[37.0604271648355,-1.2128175332721],[37.06036919736187,-1.2128442866601974]]]},"id":"001a000000000000075f","properties":{"FID":380939}},{"type":"Feature","geometry":{"type":"Polygon","coordinates":[[[37.028736294389226,-1.175423525962749],[37.028794287095565,-1.1754770155427403],[37.02884335151017,-1.1754235195512335],[37.02878535884293,-1.1753744493365952],[37.028736294389226,-1.175423525962749]]]},"id":"001a000000000000e87a","properties":{"FID":374540}},{"type":"Feature","geometry":{"type":"Polygon","coordinates":[[[37.03797555492159,-1.1803374227533245],[37.038002336292436,-1.1804400086578861],[37.03804246738014,-1.1804310764030705],[37.03802461314385,-1.1803597002593276],[37.038127233992576,-1.1803374225527108],[37.03810937977711,-1.1802661055895434],[37.03805581710439,-1.1802794301458386],[37.038064744219255,-1.1803151181124718],[37.03797555492159,-1.1803374227533245]]]},"id":"001a000000000001790c","properties":{"FID":375820}},{"type":"Feature","geometry":{"type":"Polygon","coordinates":[[[37.04797734221455,-1.1832849035352544],[37.04801304579414,-1.1834053167854066],[37.04811114865877,-1.1833740902818517],[37.048075445127374,-1.1832536772812834],[37.04797734221455,-1.1832849035352544]]]},"id":"001a00000000000133e7","properties":{"FID":378892}},{"type":"Feature","geometry":{"type":"Polygon","coordinates":[[[37.03873361951521,-1.1920470478161351],[37.0387558961426,-1.1921138961684057],[37.038831734903795,-1.1920916032644175],[37.038809458299646,-1.1920247550153926],[37.03873361951521,-1.1920470478161351]]]},"id":"001a00000000000002ce","properties":{"FID":380684}},{"type":"Feature","geometry":{"type":"Polygon","coordinates":[[[37.060797238576356,-1.2127104935175914],[37.060837438951,-1.21275955880065],[37.060939945711866,-1.2126792611950266],[37.06089982726838,-1.2126302537107505],[37.060797238576356,-1.2127104935175914]]]},"id":"001a0000000000015476","properties":{"FID":380940}},{"type":"Feature","geometry":{"type":"Polygon","coordinates":[[[37.02515122332755,-1.1752941945422917],[37.02520029019838,-1.1752942016546823],[37.02519578489442,-1.1752362289396847],[37.02515122332755,-1.175236211036088],[37.02515122332755,-1.1752941945422917]]]},"id":"001a0000000000000179","properties":{"FID":374541}},{"type":"Feature","geometry":{"type":"Polygon","coordinates":[[[37.03798448204631,-1.1802571452771597],[37.03801126341386,-1.1803240220367832],[37.03806032161203,-1.1803062301644984],[37.03805139449663,-1.1802794399481378],[37.03809152555725,-1.1802616100852947],[37.03807367133302,-1.1802170453257903],[37.03798448204631,-1.1802571452771597]]]},"id":"001a0000000000012a67","properties":{"FID":375821}},{"type":"Feature","geometry":{"type":"Polygon","coordinates":[[[37.05281100510055,-1.1832090940734101],[37.05281550869382,-1.183253684923241],[37.05294922434497,-1.1832402880692836],[37.052944802643346,-1.18319127707938],[37.05281100510055,-1.1832090940734101]]]},"id":"001a000000000000e7c2","properties":{"FID":378893}},{"type":"Feature","geometry":{"type":"Polygon","coordinates":[[[37.03892534570622,-1.1919801418321236],[37.03893427271433,-1.1920247412371359],[37.03896998073581,-1.1920158105555636],[37.03896105373209,-1.1919712111817617],[37.03892534570622,-1.1919801418321236]]]},"id":"001a0000000000009292","properties":{"FID":380685}},{"type":"Feature","geometry":{"type":"Polygon","coordinates":[[[37.06039597048044,-1.2125945525199007],[37.06044051044788,-1.2126569927197757],[37.06051190533869,-1.212612394468502],[37.06047178665869,-1.2125499427081385],[37.06039597048044,-1.2125945525199007]]]},"id":"001a0000000000004e98","properties":{"FID":380941}},{"type":"Feature","geometry":{"type":"Polygon","coordinates":[[[37.0347293667885,-1.1752094863408287],[37.034733789598285,-1.1752629753829302],[37.03477842720052,-1.175258513916164],[37.03477392248961,-1.1752050261785079],[37.0347293667885,-1.1752094863408287]]]},"id":"001a00000000000003a9","properties":{"FID":374542}},{"type":"Feature","geometry":{"type":"Polygon","coordinates":[[[37.03809594816258,-1.1802080960639028],[37.038136079198615,-1.1803285051915704],[37.03818513731258,-1.1803106544135478],[37.03814058370128,-1.1801947335328509],[37.03809594816258,-1.1802080960639028]]]},"id":"001a000000000000aad8","properties":{"FID":375822}},{"type":"Feature","geometry":{"type":"Polygon","coordinates":[[[37.056654761317674,-1.1830931491839116],[37.05669488210653,-1.1830931718758853],[37.05670380693204,-1.1829905772343585],[37.056663686148134,-1.182990613406646],[37.056654761317674,-1.1830931491839116]]]},"id":"001a0000000000003efa","properties":{"FID":378894}},{"type":"Feature","geometry":{"type":"Polygon","coordinates":[[[37.03896998073581,-1.1919489076685568],[37.03897440328772,-1.1920202799340713],[37.03905916881379,-1.1920113455884436],[37.03905024182101,-1.1919399851664882],[37.03896998073581,-1.1919489076685568]]]},"id":"001a0000000000007fd6","properties":{"FID":380686}},{"type":"Feature","geometry":{"type":"Polygon","coordinates":[[[37.05992772604431,-1.2125365823806187],[37.05994115362397,-1.2125856630819873],[37.059981272597156,-1.2125722854963685],[37.05996784502492,-1.2125276862164371],[37.05992772604431,-1.2125365823806187]]]},"id":"001a0000000000002a27","properties":{"FID":380942}},{"type":"Feature","geometry":{"type":"Polygon","coordinates":[[[37.02887455940944,-1.1752585218324858],[37.02894148024015,-1.1753254254816718],[37.029030598704956,-1.1752317727166919],[37.028963759866585,-1.1751693461573733],[37.02887455940944,-1.1752585218324858]]]},"id":"001a00000000000178ba","properties":{"FID":374543}},{"type":"Feature","geometry":{"type":"Polygon","coordinates":[[[37.037659009836986,-1.1802170070176654],[37.037667937000556,-1.1802526951068781],[37.03775262214909,-1.180225923272176],[37.03773927236917,-1.1801947233850951],[37.037659009836986,-1.1802170070176654]]]},"id":"001a00000000000062b8","properties":{"FID":375823}},{"type":"Feature","geometry":{"type":"Polygon","coordinates":[[[37.05675735586218,-1.183097618363683],[37.056806401407265,-1.1830976197657523],[37.056810822873814,-1.1829861401874269],[37.05676177733171,-1.1829861387160214],[37.05675735586218,-1.183097618363683]]]},"id":"001a0000000000012422","properties":{"FID":378895}},{"type":"Feature","geometry":{"type":"Polygon","coordinates":[[[37.03513511751508,-1.1919222005022334],[37.035144044988456,-1.1919801242768242],[37.035193105120776,-1.1919756996230093],[37.03518868233892,-1.191913225159065],[37.03513511751508,-1.1919222005022334]]]},"id":"001a0000000000008632","properties":{"FID":380687}},{"type":"Feature","geometry":{"type":"Polygon","coordinates":[[[37.06070807717721,-1.2124964598575905],[37.060721504612545,-1.2125365773389887],[37.06078831425392,-1.2125142825107174],[37.06077496870546,-1.2124786451049823],[37.06070807717721,-1.2124964598575905]]]},"id":"001a0000000000006054","properties":{"FID":380943}},{"type":"Feature","geometry":{"type":"Polygon","coordinates":[[[37.026145578714946,-1.175071220146243],[37.026150083960104,-1.1751202941594672],[37.02619464491541,-1.1751158337820957],[37.02619022158651,-1.1750667585362145],[37.026145578714946,-1.175071220146243]]]},"id":"001a0000000000002f17","properties":{"FID":374544}},{"type":"Feature","geometry":{"type":"Polygon","coordinates":[[[37.04160086020376,-1.1801902802534474],[37.04160978688337,-1.1802303857152046],[37.04170789839082,-1.1802125982729437],[37.04169897172324,-1.1801724339582855],[37.04160086020376,-1.1801902802534474]]]},"id":"001a00000000000011e9","properties":{"FID":375824}},{"type":"Feature","geometry":{"type":"Polygon","coordinates":[[[37.048623934598766,-1.182723018648144],[37.04863728237992,-1.1827676502509465],[37.04872203663867,-1.182740875654252],[37.04870418502524,-1.1826963142917055],[37.048623934598766,-1.182723018648144]]]},"id":"001a000000000000128e","properties":{"FID":378896}},{"type":"Feature","geometry":{"type":"Polygon","coordinates":[[[37.04026757868378,-1.1918954160003195],[37.04031213099182,-1.1920113673966573],[37.040356765170124,-1.1919935140456408],[37.04031213099183,-1.191877564052796],[37.04026757868378,-1.1918954160003195]]]},"id":"001a0000000000001fcf","properties":{"FID":380688}},{"type":"Feature","geometry":{"type":"Polygon","coordinates":[[[37.06186749431895,-1.212376045760493],[37.06190761222774,-1.212465265774151],[37.061961075447236,-1.2124384674557838],[37.061925460596356,-1.2123492935485802],[37.06186749431895,-1.212376045760493]]]},"id":"001a000000000000c695","properties":{"FID":380944}},{"type":"Feature","geometry":{"type":"Polygon","coordinates":[[[37.02507545221829,-1.1750712110929502],[37.02507987561495,-1.1752986569012462],[37.02514671802056,-1.1752986247795356],[37.02514671802055,-1.175182716771392],[37.02516908072343,-1.1751827244716242],[37.02516908072343,-1.1750667579699516],[37.02507545221829,-1.1750712110929502]]]},"id":"001a0000000000018081","properties":{"FID":374545}},{"type":"Feature","geometry":{"type":"Polygon","coordinates":[[[37.037779403602045,-1.1801456630525413],[37.037788330750836,-1.180203624861153],[37.03786408862077,-1.180194728426711],[37.03785516148128,-1.1801367666885454],[37.037779403602045,-1.1801456630525413]]]},"id":"001a00000000000095da","properties":{"FID":375825}},{"type":"Feature","geometry":{"type":"Polygon","coordinates":[[[37.04947564914469,-1.182558028633921],[37.049484492969924,-1.182598192797901],[37.04952912151604,-1.1825848296164503],[37.0495157738987,-1.1825446767219518],[37.04947564914469,-1.182558028633921]]]},"id":"001a0000000000002d7e","properties":{"FID":378897}},{"type":"Feature","geometry":{"type":"Polygon","coordinates":[[[37.035023646860715,-1.1918775575150695],[37.03503707904266,-1.1919667710363084],[37.03508605734364,-1.1919622887265529],[37.03507721176664,-1.1918686411527453],[37.035023646860715,-1.1918775575150695]]]},"id":"001a00000000000079c4","properties":{"FID":380689}},{"type":"Feature","geometry":{"type":"Polygon","coordinates":[[[37.06021756471196,-1.212269026131457],[37.06023991662895,-1.2123091779672888],[37.060293381076505,-1.212273534636354],[37.060271111051065,-1.2122378628761195],[37.06021756471196,-1.212269026131457]]]},"id":"001a000000000000ef7c","properties":{"FID":380945}},{"type":"Feature","geometry":{"type":"Polygon","coordinates":[[[37.026194644915414,-1.1750533730377657],[37.0262035734859,-1.175124711266144],[37.02623920584344,-1.1751202711223103],[37.026230359190784,-1.1750489316685289],[37.026194644915414,-1.1750533730377657]]]},"id":"001a000000000000c694","properties":{"FID":374546}},{"type":"Feature","geometry":{"type":"Polygon","coordinates":[[[37.0416275583432,-1.1801100252689334],[37.04164098930536,-1.1801457003633378],[37.04169897172324,-1.1801278296195745],[37.04169004505458,-1.1800922024174745],[37.0416275583432,-1.1801100252689334]]]},"id":"001a000000000000368f","properties":{"FID":375826}},{"type":"Feature","geometry":{"type":"Polygon","coordinates":[[[37.04943994628373,-1.1823663262986988],[37.049453293915,-1.1824287510661031],[37.049546972926805,-1.1824064341355536],[37.04952912151604,-1.182344020701273],[37.04943994628373,-1.1823663262986988]]]},"id":"001a0000000000002982","properties":{"FID":378898}},{"type":"Feature","geometry":{"type":"Polygon","coordinates":[[[37.04267098929784,-1.1918597582933126],[37.04267991584606,-1.1918953961755836],[37.04273789743534,-1.191877569683527],[37.04272454857072,-1.1918418833681588],[37.04267098929784,-1.1918597582933126]]]},"id":"001a000000000000b146","properties":{"FID":380690}},{"type":"Feature","geometry":{"type":"Polygon","coordinates":[[[37.060030315964894,-1.2122512025684569],[37.06005258606417,-1.2122913557937995],[37.06011505693123,-1.2122556864813754],[37.0600927049758,-1.2122155346288621],[37.060030315964894,-1.2122512025684569]]]},"id":"001a000000000000134c","properties":{"FID":380946}},{"type":"Feature","geometry":{"type":"Polygon","coordinates":[[[37.034613390791435,-1.1750355842018778],[37.03468030634339,-1.1750489252626375],[37.03468923387259,-1.175004362403339],[37.03461789551229,-1.1749909719014033],[37.034613390791435,-1.1750355842018778]]]},"id":"001a000000000000c308","properties":{"FID":374547}},{"type":"Feature","geometry":{"type":"Polygon","coordinates":[[[37.03774819952289,-1.1801100266212083],[37.03776154930117,-1.1801412264404691],[37.0378373890994,-1.1801099961016717],[37.03782395743464,-1.18007431928803],[37.03774819952289,-1.1801100266212083]]]},"id":"001a0000000000000ea4","properties":{"FID":375827}},{"type":"Feature","geometry":{"type":"Polygon","coordinates":[[[37.0547596428905,-1.1823841606739276],[37.054795343137236,-1.1824733346953218],[37.05490678347346,-1.182433184966645],[37.054862240111966,-1.1822994313151294],[37.05478641807719,-1.1823261820945652],[37.054799764726205,-1.1823707507828007],[37.0547596428905,-1.1823841606739276]]]},"id":"001a0000000000015621","properties":{"FID":378899}},{"type":"Feature","geometry":{"type":"Polygon","coordinates":[[[37.040329984666435,-1.1918730988281598],[37.04038354566395,-1.1919979860827496],[37.04048157692877,-1.1919533592589888],[37.040428097900936,-1.191833009694401],[37.040329984666435,-1.1918730988281598]]]},"id":"001a000000000000dedd","properties":{"FID":380691}},{"type":"Feature","geometry":{"type":"Polygon","coordinates":[[[37.06001246713038,-1.2121798452788788],[37.0600392403805,-1.2122333705248567],[37.06008378056677,-1.2122065965885183],[37.06006151047704,-1.2121575987354727],[37.06001246713038,-1.2121798452788788]]]},"id":"001a0000000000007bdb","properties":{"FID":380947}},{"type":"Feature","geometry":{"type":"Polygon","coordinates":[[[37.034546557082024,-1.1749954337775093],[37.03455097990293,-1.1751024210349659],[37.03460454515695,-1.1750979983226748],[37.03460004043528,-1.174990953500098],[37.034546557082024,-1.1749954337775093]]]},"id":"001a000000000000bdf7","properties":{"FID":374548}},{"type":"Feature","geometry":{"type":"Polygon","coordinates":[[[37.0376143740027,-1.1800921891460394],[37.0376322283397,-1.1801590868151166],[37.0377259225868,-1.1801322930135043],[37.03770356374334,-1.1800654065340601],[37.0376143740027,-1.1800921891460394]]]},"id":"001a000000000000cf4f","properties":{"FID":375828}},{"type":"Feature","geometry":{"type":"Polygon","coordinates":[[[37.051477765450635,-1.1823217442216374],[37.051517889098974,-1.1824287644327907],[37.05155801272518,-1.182415354020289],[37.05156693818187,-1.182428766392748],[37.05159813632921,-1.1824198550205574],[37.05158478909197,-1.1823752255204474],[37.05156693818187,-1.18237968680498],[37.051540161808504,-1.1822994437731384],[37.051477765450635,-1.1823217442216374]]]},"id":"001a00000000000065f1","properties":{"FID":378900}},{"type":"Feature","geometry":{"type":"Polygon","coordinates":[[[37.03510841699182,-1.191832959598268],[37.03512176725468,-1.191917694146117],[37.03517525018496,-1.191908779039259],[37.03516189993193,-1.1918240445702508],[37.03510841699182,-1.191832959598268]]]},"id":"001a0000000000008631","properties":{"FID":380692}},{"type":"Feature","geometry":{"type":"Polygon","coordinates":[[[37.060137327004526,-1.2121129897473444],[37.06015959707099,-1.2122066238325675],[37.060248841018804,-1.2121843248227215],[37.06023541349605,-1.2121308224843628],[37.0601908734028,-1.2121397299699554],[37.06018194900583,-1.2120995996610895],[37.060137327004526,-1.2121129897473444]]]},"id":"001a0000000000015906","properties":{"FID":380948}},{"type":"Feature","geometry":{"type":"Polygon","coordinates":[[[37.02610994631157,-1.174995404131781],[37.026114369645356,-1.175035581620638],[37.026185716343825,-1.1750266412425887],[37.02618129301439,-1.174986522725541],[37.02610994631157,-1.174995404131781]]]},"id":"001a000000000000b82e","properties":{"FID":374549}},{"type":"Feature","geometry":{"type":"Polygon","coordinates":[[[37.04104347288156,-1.1800966521942085],[37.04111480493865,-1.1800921851351251],[37.04111030062023,-1.1800342161748854],[37.04104347288156,-1.1800386721057055],[37.04104347288156,-1.1800966521942085]]]},"id":"001a0000000000002e4e","properties":{"FID":375829}},{"type":"Feature","geometry":{"type":"Polygon","coordinates":[[[37.05127264318783,-1.1822949490668946],[37.05129491597254,-1.1823529321326447],[37.05133954340665,-1.182335091597044],[37.051352890688946,-1.1823752433333652],[37.05141979083386,-1.1823484536996727],[37.051384088928216,-1.1822548571414218],[37.051335039721884,-1.182277126451833],[37.051335039721884,-1.182268229680411],[37.05127264318783,-1.1822949490668946]]]},"id":"001a0000000000004adc","properties":{"FID":378901}},{"type":"Feature","geometry":{"type":"Polygon","coordinates":[[[37.039023460836106,-1.1918374284304771],[37.0390457373747,-1.1919132358298443],[37.03913050281762,-1.1918865002417804],[37.039103721862276,-1.191810704718478],[37.039023460836106,-1.1918374284304771]]]},"id":"001a0000000000013516","properties":{"FID":380693}},{"type":"Feature","geometry":{"type":"Polygon","coordinates":[[[37.06005708920842,-1.2118186824094899],[37.06007935929949,-1.21185883522795],[37.06011055379058,-1.211841001619848],[37.06008828370907,-1.2118008488338845],[37.06005708920842,-1.2118186824094899]]]},"id":"001a0000000000007b8d","properties":{"FID":380949}},{"type":"Feature","geometry":{"type":"Polygon","coordinates":[[[37.02945874260187,-1.174968658899343],[37.02946758886205,-1.1750623269649827],[37.029494373365516,-1.1750623251580512],[37.029494373365516,-1.1750845979548261],[37.02952558098555,-1.1750845866504012],[37.029512229695676,-1.174964237425186],[37.02945874260187,-1.174968658899343]]]},"id":"001a000000000000dc96","properties":{"FID":374550}},{"type":"Feature","geometry":{"type":"Polygon","coordinates":[[[37.03784631624107,-1.1800163430408401],[37.03787301575917,-1.1800743230832589],[37.03799340916992,-1.1800208341053493],[37.03795778256913,-1.1799405425085028],[37.037917651434704,-1.1799539526900509],[37.037931001181875,-1.1799806740199925],[37.03784631624107,-1.1800163430408401]]]},"id":"001a0000000000008211","properties":{"FID":375830}},{"type":"Feature","geometry":{"type":"Polygon","coordinates":[[[37.052909101487124,-1.182303870265203],[37.052949224344964,-1.182415366223387],[37.05309194690252,-1.182361884509009],[37.053051824123514,-1.1822503889061577],[37.052909101487124,-1.182303870265203]]]},"id":"001a0000000000010c28","properties":{"FID":378902}},{"type":"Feature","geometry":{"type":"Polygon","coordinates":[[[37.03763673287358,-1.191694730547891],[37.037667937000556,-1.191757195066716],[37.037734767841656,-1.1917214863146715],[37.03770356374335,-1.1916635607179382],[37.03763673287358,-1.191694730547891]]]},"id":"001a00000000000081e5","properties":{"FID":380694}},{"type":"Feature","geometry":{"type":"Polygon","coordinates":[[[37.05995007805053,-1.2117741042089252],[37.059985693870395,-1.2118231244383952],[37.06001688840173,-1.211805290843767],[37.059981272597156,-1.2117517893765757],[37.05995007805053,-1.2117741042089252]]]},"id":"001a0000000000007e56","properties":{"FID":380950}},{"type":"Feature","geometry":{"type":"Polygon","coordinates":[[[37.03031928209831,-1.1749909390477125],[37.03037285046833,-1.175040017469883],[37.03040405771158,-1.1750087775208582],[37.030346066288246,-1.1749597675496817],[37.03031928209831,-1.1749909390477125]]]},"id":"001a0000000000005369","properties":{"FID":374551}},{"type":"Feature","geometry":{"type":"Polygon","coordinates":[[[37.03765008267233,-1.1799717802049983],[37.03767235963164,-1.1800208134744288],[37.03777047645215,-1.1799717953902804],[37.03774819952289,-1.179927181620959],[37.03765008267233,-1.1799717802049983]]]},"id":"001a000000000001276a","properties":{"FID":375831}},{"type":"Feature","geometry":{"type":"Polygon","coordinates":[[[37.048004119900895,-1.181706380975799],[37.04801746779591,-1.1817688057790867],[37.04806209724301,-1.1817554431842308],[37.04804866746731,-1.1816974387485273],[37.048004119900895,-1.181706380975799]]]},"id":"001a000000000000278f","properties":{"FID":378903}},{"type":"Feature","geometry":{"type":"Polygon","coordinates":[[[37.043709983012405,-1.1914093497354183],[37.043745688688375,-1.1915698748320136],[37.043919548873696,-1.1915297781535437],[37.04388392517671,-1.1913736728425102],[37.043709983012405,-1.1914093497354183]]]},"id":"001a0000000000018263","properties":{"FID":380695}},{"type":"Feature","geometry":{"type":"Polygon","coordinates":[[[37.05989653147467,-1.211698305756131],[37.05990987718458,-1.2117384241504618],[37.059963423750595,-1.2117205875196086],[37.05994557489964,-1.211676000836731],[37.05989653147467,-1.211698305756131]]]},"id":"001a0000000000008fbc","properties":{"FID":380951}},{"type":"Feature","geometry":{"type":"Polygon","coordinates":[[[37.03418535913385,-1.1749195948726614],[37.034194286723796,-1.1749597573768582],[37.03424334749673,-1.1749508087692944],[37.0342344199128,-1.1749107052189431],[37.03418535913385,-1.1749195948726614]]]},"id":"001a0000000000002525","properties":{"FID":374552}},{"type":"Feature","geometry":{"type":"Polygon","coordinates":[[[37.0378106076678,-1.179927213817019],[37.03783288457796,-1.1799807252397903],[37.0378952926502,-1.1799539465001319],[37.03787301575917,-1.1799004351555606],[37.0378106076678,-1.179927213817019]]]},"id":"001a00000000000095b3","properties":{"FID":375832}},{"type":"Feature","geometry":{"type":"Polygon","coordinates":[[[37.04982784546383,-1.181652836560376],[37.04983677113307,-1.1817108507876974],[37.049939375307105,-1.181692992030918],[37.04993044965048,-1.1816350368274373],[37.04982784546383,-1.181652836560376]]]},"id":"001a00000000000118d3","properties":{"FID":378904}},{"type":"Feature","geometry":{"type":"Polygon","coordinates":[[[37.03980829521098,-1.1913737191390505],[37.03981722211069,-1.191485159474382],[37.03985735219677,-1.1914806985480857],[37.03985735219676,-1.1914539381041513],[37.039901904756185,-1.1914495257058602],[37.03989297786686,-1.1913647870008996],[37.03980829521098,-1.1913737191390505]]]},"id":"001a0000000000012e5f","properties":{"FID":380696}},{"type":"Feature","geometry":{"type":"Polygon","coordinates":[[[37.06015517580834,-1.2116269573813507],[37.06017744586933,-1.2116938206109134],[37.06021756471196,-1.2116804438682232],[37.06019971592348,-1.211613569073228],[37.06015517580834,-1.2116269573813507]]]},"id":"001a00000000000051f6","properties":{"FID":380952}},{"type":"Feature","geometry":{"type":"Polygon","coordinates":[[[37.02940517355885,-1.1749552870146647],[37.02944530938988,-1.1749553144547502],[37.029445309389885,-1.1748973346934697],[37.02940517355885,-1.1748973072238884],[37.02940517355885,-1.1749552870146647]]]},"id":"001a00000000000034dd","properties":{"FID":374553}},{"type":"Feature","geometry":{"type":"Polygon","coordinates":[[[37.03558550308507,-1.1799138143110894],[37.03560335792017,-1.1799583801697064],[37.03567027256135,-1.1799405465840658],[37.035683622721066,-1.1799896019068445],[37.03574603263769,-1.1799717793453286],[37.03571482768607,-1.1798781583398374],[37.03558550308507,-1.1799138143110894]]]},"id":"001a0000000000008c64","properties":{"FID":375833}},{"type":"Feature","geometry":{"type":"Polygon","coordinates":[[[37.04795056451834,-1.181630558978911],[37.04797734221455,-1.181684054437089],[37.0480219716863,-1.1816617949327346],[37.04799519400654,-1.1816082406130162],[37.04795056451834,-1.181630558978911]]]},"id":"001a00000000000001a6","properties":{"FID":378905}},{"type":"Feature","geometry":{"type":"Polygon","coordinates":[[[37.04361187420696,-1.191329138247207],[37.04362530480251,-1.1913647634717768],[37.04378581660602,-1.1912934615814423],[37.04376796378009,-1.1912577879887425],[37.04361187420696,-1.191329138247207]]]},"id":"001a00000000000111e3","properties":{"FID":380697}},{"type":"Feature","geometry":{"type":"Polygon","coordinates":[[[37.05907163084011,-1.2116135358218398],[37.05908055537355,-1.211649243829774],[37.05910724709086,-1.2116403267899867],[37.05911175029373,-1.2116536988291116],[37.05914294520051,-1.2116492501696001],[37.05912509614788,-1.2115957004844975],[37.05907163084011,-1.2116135358218398]]]},"id":"001a00000000000021c6","properties":{"FID":380953}},{"type":"Feature","geometry":{"type":"Polygon","coordinates":[[[37.028825495015866,-1.1750266513581384],[37.028919118696464,-1.1750310957012946],[37.028928046932684,-1.1749017984486085],[37.02883000009511,-1.1748973045242828],[37.028825495015866,-1.1750266513581384]]]},"id":"001a0000000000006f5f","properties":{"FID":374554}},{"type":"Feature","geometry":{"type":"Polygon","coordinates":[[[37.035732682489424,-1.1798692187985476],[37.03580844250076,-1.1800743440207948],[37.03585750218492,-1.1800564930709811],[37.03577723757592,-1.1798513791153566],[37.035732682489424,-1.1798692187985476]]]},"id":"001a0000000000010796","properties":{"FID":375834}},{"type":"Feature","geometry":{"type":"Polygon","coordinates":[[[37.046706496268186,-1.1816350136083569],[37.04678674881211,-1.1818490637721306],[37.04691163142107,-1.1817999826541479],[37.04684923108853,-1.1816350312555037],[37.04681352693716,-1.1816528508561104],[37.04679125277879,-1.181599343457831],[37.046706496268186,-1.1816350136083569]]]},"id":"001a000000000001106e","properties":{"FID":378906}},{"type":"Feature","geometry":{"type":"Polygon","coordinates":[[[37.043781312453106,-1.191244375928891],[37.043790238864986,-1.1912889716693928],[37.04383036675804,-1.1912800315345469],[37.04382144035109,-1.1912354947681332],[37.043781312453106,-1.191244375928891]]]},"id":"001a00000000000001d5","properties":{"FID":380698}},{"type":"Feature","geometry":{"type":"Polygon","coordinates":[[[37.05969585427718,-1.2116135352143822],[37.05973155209746,-1.2116626131032384],[37.0597672499002,-1.2116403443644737],[37.05973155209746,-1.2115912665209054],[37.05969585427718,-1.2116135352143822]]]},"id":"001a0000000000000196","properties":{"FID":380954}},{"type":"Feature","geometry":{"type":"Polygon","coordinates":[[[37.03410509267956,-1.1748884309357408],[37.034109515527305,-1.1749330231336879],[37.034163081106435,-1.1749240637845806],[37.03415857635741,-1.1748794728952776],[37.03410509267956,-1.1748884309357408]]]},"id":"001a00000000000014b1","properties":{"FID":374555}},{"type":"Feature","geometry":{"type":"Polygon","coordinates":[[[37.03793542379696,-1.1798736565557268],[37.037953278055156,-1.1799182799425305],[37.03801568602407,-1.1798915013388973],[37.037997913681416,-1.179846935670003],[37.03793542379696,-1.1798736565557268]]]},"id":"001a0000000000004419","properties":{"FID":375835}},{"type":"Feature","geometry":{"type":"Polygon","coordinates":[[[37.05092479381125,-1.1815191046905023],[37.05094264487912,-1.1815726190291183],[37.05100512358213,-1.1815503182633538],[37.050982768823005,-1.1814968151734158],[37.05092479381125,-1.1815191046905023]]]},"id":"001a000000000000baad","properties":{"FID":378907}},{"type":"Feature","geometry":{"type":"Polygon","coordinates":[[[37.0372843955815,-1.1911775292811075],[37.03735581322728,-1.1913915594303142],[37.037400367319385,-1.1913737074468727],[37.03735581322728,-1.1912443729682716],[37.0374092945147,-1.1912265579693144],[37.037378090276746,-1.1911462926201613],[37.0372843955815,-1.1911775292811075]]]},"id":"001a0000000000018147","properties":{"FID":380699}},{"type":"Feature","geometry":{"type":"Polygon","coordinates":[[[37.05982521785439,-1.2115734381564496],[37.05988760704153,-1.2116938490437412],[37.05993665047253,-1.2116670628608848],[37.059878682607284,-1.2115466994704032],[37.05982521785439,-1.2115734381564496]]]},"id":"001a000000000000225d","properties":{"FID":380955}},{"type":"Feature","geometry":{"type":"Polygon","coordinates":[[[37.02610544106392,-1.1748527574116514],[37.02610994631157,-1.174897293920951],[37.026154507291444,-1.1748928926229258],[37.026150083960104,-1.1748482959531135],[37.02610544106392,-1.1748527574116514]]]},"id":"001a000000000000b887","properties":{"FID":374556}},{"type":"Feature","geometry":{"type":"Polygon","coordinates":[[[37.03730675455383,-1.1798692216669644],[37.037333454270026,-1.1799182452535566],[37.037387017474806,-1.1798915449434504],[37.03736023587734,-1.1798424637678815],[37.03730675455383,-1.1798692216669644]]]},"id":"001a000000000000abbf","properties":{"FID":375836}},{"type":"Feature","geometry":{"type":"Polygon","coordinates":[[[37.05101847092587,-1.1815056863905258],[37.05102739644884,-1.1815413695813148],[37.05107644586287,-1.1815279977402242],[37.05106752034592,-1.18149231458458],[37.05101847092587,-1.1815056863905258]]]},"id":"001a0000000000002fd3","properties":{"FID":378908}},{"type":"Feature","geometry":{"type":"Polygon","coordinates":[[[37.0374226443552,-1.1911329207255252],[37.03745384857405,-1.191213186001926],[37.0374895573225,-1.191199775943682],[37.03745835311898,-1.1911195107309367],[37.0374226443552,-1.1911329207255252]]]},"id":"001a0000000000006cc8","properties":{"FID":380700}},{"type":"Feature","geometry":{"type":"Polygon","coordinates":[[[37.05892892003259,-1.211225646982306],[37.05894676913344,-1.211292522187238],[37.0589958131999,-1.211283602386971],[37.0589779641111,-1.2112122459788646],[37.05892892003259,-1.211225646982306]]]},"id":"001a0000000000008dfa","properties":{"FID":380956}},{"type":"Feature","geometry":{"type":"Polygon","coordinates":[[[37.02426834165888,-1.1748750336666274],[37.02433969016699,-1.1748839479929152],[37.02434411360836,-1.17483043352242],[37.024277270465674,-1.1748259868251756],[37.02426834165888,-1.1748750336666274]]]},"id":"001a0000000000002747","properties":{"FID":374557}},{"type":"Feature","geometry":{"type":"Polygon","coordinates":[[[37.03752076151263,-1.1797889410748863],[37.03753861587262,-1.1798781119871193],[37.037645578139276,-1.1798558266116714],[37.03762780570618,-1.1797666546034478],[37.03752076151263,-1.1797889410748863]]]},"id":"001a00000000000081ff","properties":{"FID":375837}},{"type":"Feature","geometry":{"type":"Polygon","coordinates":[[[37.04989925078703,-1.181545847867142],[37.04991710210686,-1.1815948851134783],[37.04993937530711,-1.1815859952154433],[37.04994830096265,-1.181621620057817],[37.05002404616045,-1.181599348178973],[37.04998842545565,-1.1814834202323239],[37.049934871535555,-1.1815012811780283],[37.049943797191645,-1.181532487035004],[37.04989925078703,-1.181545847867142]]]},"id":"001a0000000000013e9d","properties":{"FID":378909}},{"type":"Feature","geometry":{"type":"Polygon","coordinates":[[[37.04094085614857,-1.1911373934906353],[37.04097656318462,-1.19121764341977],[37.04103004180903,-1.1911953495455136],[37.04099441669608,-1.1911150984304564],[37.04094085614857,-1.1911373934906353]]]},"id":"001a000000000000c4fc","properties":{"FID":380701}},{"type":"Feature","geometry":{"type":"Polygon","coordinates":[[[37.058902146373086,-1.211136449056155],[37.058915492265754,-1.2111944334696552],[37.05894676913344,-1.211185502479128],[37.058933341369915,-1.211127519409329],[37.058902146373086,-1.211136449056155]]]},"id":"001a0000000000002aa2","properties":{"FID":380957}},{"type":"Feature","geometry":{"type":"Polygon","coordinates":[[[37.024700855078144,-1.1748661072516369],[37.02479006065115,-1.1748660833056759],[37.024785555321806,-1.1748170677242646],[37.024700855078144,-1.174817080884624],[37.024700855078144,-1.1748661072516369]]]},"id":"001a0000000000008ed9","properties":{"FID":374558}},{"type":"Feature","geometry":{"type":"Polygon","coordinates":[[[37.03729782734592,-1.1797800296946075],[37.03731568176064,-1.179820175029657],[37.037431571547785,-1.1797666386217593],[37.0374092945147,-1.1797265031683],[37.03729782734592,-1.1797800296946075]]]},"id":"001a000000000000976f","properties":{"FID":375838}},{"type":"Feature","geometry":{"type":"Polygon","coordinates":[[[37.05304732054489,-1.1814923146857421],[37.05306967466874,-1.1815458163413544],[37.0531097974379,-1.1815324658775133],[37.05308752520959,-1.1814789629926519],[37.05304732054489,-1.1814923146857421]]]},"id":"001a0000000000002eb0","properties":{"FID":378910}},{"type":"Feature","geometry":{"type":"Polygon","coordinates":[[[37.03866678959209,-1.1910080763356277],[37.03871576544862,-1.1911240171568198],[37.03880945829964,-1.1910883013712188],[37.03876482317151,-1.1909724106117026],[37.03866678959209,-1.1910080763356277]]]},"id":"001a0000000000012981","properties":{"FID":380702}},{"type":"Feature","geometry":{"type":"Polygon","coordinates":[[[37.06528758923275,-1.2111631899206032],[37.06531436053749,-1.2112167102337583],[37.06541244003446,-1.2111676235539952],[37.065385668765884,-1.2111141623292139],[37.06528758923275,-1.2111631899206032]]]},"id":"001a000000000000ce74","properties":{"FID":380958}},{"type":"Feature","geometry":{"type":"Polygon","coordinates":[[[37.02554809882197,-1.174861669597553],[37.02565958399463,-1.1748661329860235],[37.025659583994624,-1.1748126289035772],[37.02555252218989,-1.1748081559816657],[37.02554809882197,-1.174861669597553]]]},"id":"001a000000000000b8aa","properties":{"FID":374559}},{"type":"Feature","geometry":{"type":"Polygon","coordinates":[[[37.0458592532911,-1.1796908664342036],[37.04586817944778,-1.179744343704474],[37.04591281021479,-1.1797354605648236],[37.045903884063584,-1.1796819244196655],[37.0458592532911,-1.1796908664342036]]]},"id":"001a000000000000a860","properties":{"FID":375839}},{"type":"Feature","geometry":{"type":"Polygon","coordinates":[[[37.05310087217075,-1.1815191129476796],[37.053145416612345,-1.1815190676968397],[37.05314541661234,-1.1814655717019023],[37.05310087217075,-1.181465558006117],[37.05310087217075,-1.1815191129476796]]]},"id":"001a0000000000008dac","properties":{"FID":378911}},{"type":"Feature","geometry":{"type":"Polygon","coordinates":[[[37.03762780570618,-1.1909946610289246],[37.03767686416304,-1.1911017014340681],[37.037734767841656,-1.1910749166772294],[37.037685791324414,-1.1909679340810362],[37.03762780570618,-1.1909946610289246]]]},"id":"001a0000000000012b36","properties":{"FID":380703}},{"type":"Feature","geometry":{"type":"Polygon","coordinates":[[[37.061510689575265,-1.2110472379418937],[37.061528538041465,-1.2111007852342701],[37.061564234960706,-1.2110873618623736],[37.06154638650328,-1.2110383546657733],[37.061510689575265,-1.2110472379418937]]]},"id":"001a0000000000002606","properties":{"FID":380959}},{"type":"Feature","geometry":{"type":"Polygon","coordinates":[[[37.02610544106392,-1.1747858188022342],[37.02610994631157,-1.174830414151537],[37.026185716343825,-1.1748304211136396],[37.026185716343825,-1.1747813957226863],[37.02610544106392,-1.1747858188022342]]]},"id":"001a00000000000091ee","properties":{"FID":374560}},{"type":"Feature","geometry":{"type":"Polygon","coordinates":[[[37.03689200678335,-1.1796908741950194],[37.036909861297694,-1.1797309607293154],[37.03693664306101,-1.1797176401023655],[37.036914365876314,-1.1796775044352765],[37.03689200678335,-1.1796908741950194]]]},"id":"001a0000000000008375","properties":{"FID":375840}},{"type":"Feature","geometry":{"type":"Polygon","coordinates":[[[37.05063499994455,-1.1814744771686285],[37.05067062033237,-1.1815815074589318],[37.05078214888201,-1.1815413569315227],[37.05074202482733,-1.181434338075649],[37.05063499994455,-1.1814744771686285]]]},"id":"001a0000000000009774","properties":{"FID":378912}},{"type":"Feature","geometry":{"type":"Polygon","coordinates":[[[37.04102119695503,-1.1909411529484029],[37.04104347288156,-1.1909991561466056],[37.041070171225705,-1.1909901908538993],[37.04104347288156,-1.1909322570409966],[37.04102119695503,-1.1909411529484029]]]},"id":"001a000000000000e80a","properties":{"FID":380704}},{"type":"Feature","geometry":{"type":"Polygon","coordinates":[[[37.06433781554592,-1.2110071312172859],[37.06436458720097,-1.2110650739701303],[37.06439577985081,-1.2110517229222184],[37.06436900820728,-1.2109937212516673],[37.06433781554592,-1.2110071312172859]]]},"id":"001a000000000000ba44","properties":{"FID":380960}},{"type":"Feature","geometry":{"type":"Polygon","coordinates":[[[37.0264800309749,-1.1748036559311206],[37.026542448787104,-1.1748036925707308],[37.026542448787104,-1.174754608516358],[37.0264800309749,-1.1747546307623498],[37.0264800309749,-1.1748036559311206]]]},"id":"001a00000000000015ea","properties":{"FID":374561}},{"type":"Feature","geometry":{"type":"Polygon","coordinates":[[[37.03056459869889,-1.1864419596972948],[37.03060915695094,-1.1864508713521666],[37.03061808497977,-1.1863973306615399],[37.03057344482464,-1.1863884202709027],[37.03056459869889,-1.1864419596972948]]]},"id":"001a0000000000003480","properties":{"FID":375585}},{"type":"Feature","geometry":{"type":"Polygon","coordinates":[[[37.03682517516777,-1.179681953819731],[37.03684745237979,-1.1797488416742485],[37.03690093404108,-1.1797309815388295],[37.03687865684544,-1.179664093760856],[37.03682517516777,-1.179681953819731]]]},"id":"001a0000000000009807","properties":{"FID":375841}},{"type":"Feature","geometry":{"type":"Polygon","coordinates":[[[37.04965399941224,-1.1813808622819748],[37.04967185079233,-1.181429899480309],[37.04971639733636,-1.1814120609038137],[37.04969854596722,-1.1813630237556298],[37.04965399941224,-1.1813808622819748]]]},"id":"001a0000000000000583","properties":{"FID":378913}},{"type":"Feature","geometry":{"type":"Polygon","coordinates":[[[37.04321951955536,-1.1909188784177638],[37.04323737251599,-1.1909590314436245],[37.04331762889035,-1.1909233516597089],[37.043299775949436,-1.190887678158726],[37.04321951955536,-1.1909188784177638]]]},"id":"001a0000000000001e4e","properties":{"FID":380705}},{"type":"Feature","geometry":{"type":"Polygon","coordinates":[[[37.06260320411759,-1.2109803935625902],[37.0626210523152,-1.2110160158961176],[37.062674515009306,-1.2109848568360198],[37.06265674869726,-1.2109535963417806],[37.06260320411759,-1.2109803935625902]]]},"id":"001a0000000000003f93","properties":{"FID":380961}},{"type":"Feature","geometry":{"type":"Polygon","coordinates":[[[37.0256773593517,-1.174808170390427],[37.02573985976631,-1.1748081468625724],[37.025739859766304,-1.1747635406019503],[37.025681864625845,-1.1747590750617316],[37.0256773593517,-1.174808170390427]]]},"id":"001a0000000000000ce0","properties":{"FID":374562}},{"type":"Feature","geometry":{"type":"Polygon","coordinates":[[[37.026506816578035,-1.186343817949011],[37.0265112398877,-1.1864329913112015],[37.02659151472,-1.1864285548365334],[37.026587009502165,-1.1863393828558173],[37.026506816578035,-1.186343817949011]]]},"id":"001a00000000000081ce","properties":{"FID":375586}},{"type":"Feature","geometry":{"type":"Polygon","coordinates":[[[37.03723541876094,-1.179713176254709],[37.03727997292682,-1.1798335754217484],[37.03730675455383,-1.1798246152427345],[37.0372843955815,-1.1797666855467446],[37.03741371716152,-1.1797175957290673],[37.03742714890207,-1.1797577507149541],[37.03750741169014,-1.1797309895058345],[37.037485052779516,-1.1796685818081711],[37.037467280307176,-1.1796730415087935],[37.03744942592967,-1.1796328963947806],[37.03723541876094,-1.179713176254709]]]},"id":"001a0000000000013966","properties":{"FID":375842}},{"type":"Feature","geometry":{"type":"Polygon","coordinates":[[[37.049765447635416,-1.1813585654240806],[37.0497787952069,-1.181403135873423],[37.04981007600896,-1.1813942237333661],[37.04980115033645,-1.1813496434225526],[37.049765447635416,-1.1813585654240806]]]},"id":"001a0000000000002cd7","properties":{"FID":378914}},{"type":"Feature","geometry":{"type":"Polygon","coordinates":[[[37.04335325286486,-1.1908742852629597],[37.043380032254895,-1.190936695429213],[37.043415656198825,-1.1909233467227005],[37.043393380999156,-1.190856445469398],[37.04335325286486,-1.1908742852629597]]]},"id":"001a000000000000b7a8","properties":{"FID":380706}},{"type":"Feature","geometry":{"type":"Polygon","coordinates":[[[37.059530874444,-1.210752943551868],[37.05957549681799,-1.2108376687343791],[37.0596245404598,-1.2108153648382567],[37.05957991811594,-1.2107306397531525],[37.059530874444,-1.210752943551868]]]},"id":"001a0000000000004b9a","properties":{"FID":380962}},{"type":"Feature","geometry":{"type":"Polygon","coordinates":[[[37.03317317628059,-1.1747368093944894],[37.033177599185,-1.1748349008562093],[37.033257866662744,-1.174830418888321],[37.03325344376321,-1.1747368054091916],[37.03317317628059,-1.1747368093944894]]]},"id":"001a00000000000068ca","properties":{"FID":374563}},{"type":"Feature","geometry":{"type":"Polygon","coordinates":[[[37.034015898525944,-1.186370612792382],[37.03405160896238,-1.186375064893965],[37.03405603181338,-1.1862814006074454],[37.034020403283805,-1.1862769471970527],[37.034015898525944,-1.186370612792382]]]},"id":"001a00000000000040b7","properties":{"FID":375587}},{"type":"Feature","geometry":{"type":"Polygon","coordinates":[[[37.037899797167775,-1.1795214286739844],[37.037917651434704,-1.179561514521931],[37.03798448204631,-1.1795347856382905],[37.03796670969603,-1.1794946396547719],[37.037899797167775,-1.1795214286739844]]]},"id":"001a0000000000000f5e","properties":{"FID":375843}},{"type":"Feature","geometry":{"type":"Polygon","coordinates":[[[37.05035855238696,-1.1813541084785364],[37.05037189984947,-1.181389781934732],[37.050407602252506,-1.1813808599676208],[37.050398676653394,-1.1813406988702992],[37.05035855238696,-1.1813541084785364]]]},"id":"001a000000000000178b","properties":{"FID":378915}},{"type":"Feature","geometry":{"type":"Polygon","coordinates":[[[37.043495994270366,-1.1908073896560243],[37.0435137652691,-1.1908698229997934],[37.04358959906742,-1.1908475332641577],[37.043571746193294,-1.1907895807219486],[37.043495994270366,-1.1908073896560243]]]},"id":"001a000000000000a2bd","properties":{"FID":380707}},{"type":"Feature","geometry":{"type":"Polygon","coordinates":[[[37.05959776705678,-1.210735130979302],[37.0596245404598,-1.2108064614599403],[37.05965573514628,-1.2107975321004456],[37.05962896175477,-1.2107217205056549],[37.05959776705678,-1.210735130979302]]]},"id":"001a00000000000070a4","properties":{"FID":380963}},{"type":"Feature","geometry":{"type":"Polygon","coordinates":[[[37.03280304375313,-1.1747769423710903],[37.0328521054644,-1.1747769496001483],[37.0328521054644,-1.1747100168746587],[37.03280746668005,-1.1747100590476407],[37.03280304375313,-1.1747769423710903]]]},"id":"001a0000000000011bfc","properties":{"FID":374564}},{"type":"Feature","geometry":{"type":"Polygon","coordinates":[[[37.02901282416692,-1.1863750673859432],[37.02911087075813,-1.1863884489073386],[37.02912872718241,-1.1862680447777534],[37.029030598704956,-1.1862546644373324],[37.02901282416692,-1.1863750673859432]]]},"id":"001a00000000000045db","properties":{"FID":375588}},{"type":"Feature","geometry":{"type":"Polygon","coordinates":[[[37.037797257898525,-1.1794857220313677],[37.03783288457796,-1.1796016621820626],[37.03787752027812,-1.179588300197447],[37.03784631624107,-1.179472350397092],[37.037797257898525,-1.1794857220313677]]]},"id":"001a000000000000fd2c","properties":{"FID":375844}},{"type":"Feature","geometry":{"type":"Polygon","coordinates":[[[37.05092479381125,-1.181358553515956],[37.050951570411414,-1.1814566473700077],[37.051049669308725,-1.1814299038597529],[37.05102289274472,-1.1813318101982881],[37.05092479381125,-1.181358553515956]]]},"id":"001a000000000000d668","properties":{"FID":378916}},{"type":"Feature","geometry":{"type":"Polygon","coordinates":[[[37.03619199170379,-1.1908029086446],[37.03622761916962,-1.1908608827886293],[37.036263328520164,-1.1908386310501544],[37.03623212379049,-1.1907806465705442],[37.03619199170379,-1.1908029086446]]]},"id":"001a0000000000006ad1","properties":{"FID":380708}},{"type":"Feature","geometry":{"type":"Polygon","coordinates":[[[37.060748195726646,-1.2107083460400982],[37.06077054748029,-1.2107529772800298],[37.06080174167442,-1.2107351448392993],[37.06077947180491,-1.2106949934189377],[37.060748195726646,-1.2107083460400982]]]},"id":"001a0000000000001b14","properties":{"FID":380964}},{"type":"Feature","geometry":{"type":"Polygon","coordinates":[[[37.025944972152246,-1.1747858249779],[37.026029670948084,-1.1747902900813199],[37.02603409428674,-1.1746966491843385],[37.02594939549604,-1.1746921839931364],[37.025944972152246,-1.1747858249779]]]},"id":"001a000000000000658f","properties":{"FID":374565}},{"type":"Feature","geometry":{"type":"Polygon","coordinates":[[[37.033882148042885,-1.186357200678087],[37.0339713423605,-1.1863616426430816],[37.03398026997672,-1.1862546466779849],[37.03389107567005,-1.186245725240482],[37.033882148042885,-1.186357200678087]]]},"id":"001a0000000000005875","properties":{"FID":375589}},{"type":"Feature","geometry":{"type":"Polygon","coordinates":[[[37.0379800594342,-1.1794144134476043],[37.037997913681416,-1.1794991046924872],[37.038038044771554,-1.1794901731665952],[37.03802019053419,-1.1794054819857247],[37.0379800594342,-1.1794144134476043]]]},"id":"001a000000000000a528","properties":{"FID":375845}},{"type":"Feature","geometry":{"type":"Polygon","coordinates":[[[37.053435282348175,-1.1812738255521837],[37.05345755446985,-1.1813675085081432],[37.05353788144023,-1.1813451665266623],[37.05351552746044,-1.1812515439130251],[37.053435282348175,-1.1812738255521837]]]},"id":"001a0000000000014ece","properties":{"FID":378917}},{"type":"Feature","geometry":{"type":"Polygon","coordinates":[[[37.04555609087814,-1.1907895818108583],[37.04557386137323,-1.1908296758436223],[37.04568089371019,-1.190785090225475],[37.04566312324129,-1.1907449962913002],[37.04555609087814,-1.1907895818108583]]]},"id":"001a000000000000e88a","properties":{"FID":380709}},{"type":"Feature","geometry":{"type":"Polygon","coordinates":[[[37.063495035522365,-1.21065485318078],[37.06354407651656,-1.210739562227608],[37.063682275333605,-1.210659294744072],[37.06363323443278,-1.210570105090688],[37.063495035522365,-1.21065485318078]]]},"id":"001a000000000000def5","properties":{"FID":380965}},{"type":"Feature","geometry":{"type":"Polygon","coordinates":[[[37.02892804693268,-1.1747011077674945],[37.02894590340183,-1.1747858569533933],[37.029008319098985,-1.1747724591713802],[37.0289860394862,-1.1746877195498824],[37.02892804693268,-1.1747011077674945]]]},"id":"001a0000000000011f19","properties":{"FID":374566}},{"type":"Feature","geometry":{"type":"Polygon","coordinates":[[[37.028861208000095,-1.1862546568063417],[37.02886563116665,-1.1864374877601358],[37.02891911869647,-1.1864329980316122],[37.02891469553315,-1.1862546468761461],[37.028861208000095,-1.1862546568063417]]]},"id":"001a000000000000209d","properties":{"FID":375590}},{"type":"Feature","geometry":{"type":"Polygon","coordinates":[[[37.038243122486406,-1.1793742670699399],[37.03825204957827,-1.1794054758850812],[37.038296685021145,-1.179392114150482],[37.03828325344122,-1.1793608574631855],[37.038243122486406,-1.1793742670699399]]]},"id":"001a00000000000004be","properties":{"FID":375846}},{"type":"Feature","geometry":{"type":"Polygon","coordinates":[[[37.054157648931444,-1.1812559855895084],[37.054166574068745,-1.1813228921643009],[37.05420227460697,-1.1813184481558305],[37.054193349474055,-1.1812515416198952],[37.054157648931444,-1.1812559855895084]]]},"id":"001a0000000000006149","properties":{"FID":378918}},{"type":"Feature","geometry":{"type":"Polygon","coordinates":[[[37.03742714890207,-1.1908074166328304],[37.03747170295047,-1.1909233102026886],[37.03763673287358,-1.1908608940303405],[37.037592097025616,-1.1907449432267683],[37.03742714890207,-1.1908074166328304]]]},"id":"001a000000000001734a","properties":{"FID":380710}},{"type":"Feature","geometry":{"type":"Polygon","coordinates":[[[37.06025326227575,-1.2105076935617836],[37.06029788420581,-1.2105344579894466],[37.060320154223035,-1.2104898814633098],[37.06027553230666,-1.2104675981414816],[37.06025326227575,-1.2105076935617836]]]},"id":"001a0000000000002330","properties":{"FID":380966}},{"type":"Feature","geometry":{"type":"Polygon","coordinates":[[[37.02555702747178,-1.1746877612354898],[37.02556587420627,-1.1747903309100458],[37.025668512630745,-1.1747813783928245],[37.02566400735577,-1.1747367828547897],[37.0256506553574,-1.1747412318817174],[37.02564172671908,-1.1746788505087775],[37.02555702747178,-1.1746877612354898]]]},"id":"001a0000000000012a43","properties":{"FID":374567}},{"type":"Feature","geometry":{"type":"Polygon","coordinates":[[[37.028602534199614,-1.18641070996009],[37.02867387845871,-1.1864107158096746],[37.02867387845871,-1.1863705755008138],[37.02863824729329,-1.1863706013902786],[37.02863824729329,-1.1863349407874706],[37.02869173499024,-1.1863393515401224],[37.02869173499023,-1.1862501707758022],[37.02860703929267,-1.1862457167462859],[37.028602534199614,-1.18641070996009]]]},"id":"001a0000000000012463","properties":{"FID":375591}},{"type":"Feature","geometry":{"type":"Polygon","coordinates":[[[37.03530908019347,-1.1792806432486407],[37.03533578064307,-1.179360898154545],[37.03581294714759,-1.179204820648922],[37.03578616497049,-1.179124567827169],[37.03530908019347,-1.1792806432486407]]]},"id":"001a0000000000018372","properties":{"FID":375847}},{"type":"Feature","geometry":{"type":"Polygon","coordinates":[[[37.049814497901366,-1.181309488979488],[37.0498456968012,-1.1814031553179296],[37.04988582135087,-1.1813897455890674],[37.049881399462805,-1.1813674842740245],[37.04992152399275,-1.18135407458286],[37.0498813994628,-1.1812426361659436],[37.049845696801206,-1.18125597695895],[37.049859126244776,-1.1812916492896655],[37.049814497901366,-1.181309488979488]]]},"id":"001a00000000000077f3","properties":{"FID":378919}},{"type":"Feature","geometry":{"type":"Polygon","coordinates":[[[37.04222064761239,-1.1907538898833347],[37.04225184977219,-1.1908564290680572],[37.042372235932554,-1.1908207681741243],[37.042336611477296,-1.1907137601632016],[37.04222064761239,-1.1907538898833347]]]},"id":"001a0000000000006727","properties":{"FID":380711}},{"type":"Feature","geometry":{"type":"Polygon","coordinates":[[[37.05909390123343,-1.2104764804526569],[37.05913402067475,-1.2105701218136338],[37.05919649233209,-1.2105433586587449],[37.059160794248754,-1.210449705879576],[37.05909390123343,-1.2104764804526569]]]},"id":"001a000000000000ee8f","properties":{"FID":380967}},{"type":"Feature","geometry":{"type":"Polygon","coordinates":[[[37.029976001286386,-1.174723439366201],[37.03002948799997,-1.1747813573437058],[37.03010525395114,-1.1747144880438707],[37.03005176729326,-1.1746565112724796],[37.029976001286386,-1.174723439366201]]]},"id":"001a00000000000065de","properties":{"FID":374568}},{"type":"Feature","geometry":{"type":"Polygon","coordinates":[[[37.02877200741724,-1.1862724946058705],[37.028825495015866,-1.1862769643241733],[37.028825495015866,-1.1862368242520809],[37.02877200741724,-1.18623683416756],[37.02877200741724,-1.1862724946058705]]]},"id":"001a0000000000008633","properties":{"FID":375592}},{"type":"Feature","geometry":{"type":"Polygon","coordinates":[[[37.035264442916905,-1.1791022612304],[37.03528229783082,-1.1791424069663095],[37.0353224304195,-1.1791289971310688],[37.03530908019347,-1.1790844210218911],[37.035264442916905,-1.1791022612304]]]},"id":"001a00000000000021d7","properties":{"FID":375848}},{"type":"Feature","geometry":{"type":"Polygon","coordinates":[[[37.053595854366705,-1.1812292610563189],[37.05363597684524,-1.181327320243604],[37.05375192249538,-1.1812827431548019],[37.05371180008088,-1.1811846253064382],[37.053595854366705,-1.1812292610563189]]]},"id":"001a000000000000cbb6","properties":{"FID":378920}},{"type":"Feature","geometry":{"type":"Polygon","coordinates":[[[37.04222957421591,-1.190687029122619],[37.042247427419646,-1.1907316029859778],[37.04228755616436,-1.1907092836316842],[37.04226970297047,-1.1906691892941255],[37.04222957421591,-1.190687029122619]]]},"id":"001a000000000000174e","properties":{"FID":380712}},{"type":"Feature","geometry":{"type":"Polygon","coordinates":[[[37.059232108521584,-1.2104274599214606],[37.05924995754791,-1.210476467831402],[37.059281152395315,-1.210463116472404],[37.05926330337666,-1.210418530774852],[37.059232108521584,-1.2104274599214606]]]},"id":"001a0000000000005e75","properties":{"FID":380968}},{"type":"Feature","geometry":{"type":"Polygon","coordinates":[[[37.03233486722793,-1.174625334317538],[37.03234821799983,-1.1746921787059614],[37.03242398153628,-1.174674391742814],[37.03240620782726,-1.1746074980010635],[37.03233486722793,-1.174625334317538]]]},"id":"001a00000000000012e6","properties":{"FID":374569}},{"type":"Feature","geometry":{"type":"Polygon","coordinates":[[[37.032107412289754,-1.1863125973713942],[37.03221446445043,-1.1863170554320335],[37.03221888741314,-1.186214548095793],[37.032111835258966,-1.1862100899099688],[37.032107412289754,-1.1863125973713942]]]},"id":"001a00000000000119bd","properties":{"FID":375593}},{"type":"Feature","geometry":{"type":"Polygon","coordinates":[[[37.03666907068918,-1.179115634671854],[37.036682420665564,-1.1791557906982446],[37.0367538389025,-1.1791334691617554],[37.03671370710368,-1.1790220180468411],[37.03667357528271,-1.1790398469025123],[37.036695852541165,-1.179102255536254],[37.03666907068918,-1.179115634671854]]]},"id":"001a000000000001268a","properties":{"FID":375849}},{"type":"Feature","geometry":{"type":"Polygon","coordinates":[[[37.0488781152372,-1.1811980312938855],[37.0489093145391,-1.181269368159782],[37.048971713102716,-1.1812426496797594],[37.0489405138276,-1.1811757318337361],[37.0488781152372,-1.1811980312938855]]]},"id":"001a000000000000a0e5","properties":{"FID":378921}},{"type":"Feature","geometry":{"type":"Polygon","coordinates":[[[37.03666907068918,-1.1906736492094807],[37.03667799797428,-1.1907628106001962],[37.03674491162671,-1.1907538629737215],[37.036735984349846,-1.1906647016817502],[37.03666907068918,-1.1906736492094807]]]},"id":"001a000000000000c25f","properties":{"FID":380713}},{"type":"Feature","geometry":{"type":"Polygon","coordinates":[[[37.059566572345396,-1.210423009948283],[37.05957991811594,-1.2104675493763295],[37.05961561599322,-1.21045418521275],[37.05960227022923,-1.2104095868584686],[37.059566572345396,-1.210423009948283]]]},"id":"001a0000000000005e73","properties":{"FID":380969}},{"type":"Feature","geometry":{"type":"Polygon","coordinates":[[[37.02516015202605,-1.1746164099983687],[37.02516908072343,-1.1747457308381373],[37.0253340566415,-1.1747368163685998],[37.02532955134583,-1.174607486380729],[37.02516015202605,-1.1746164099983687]]]},"id":"001a0000000000010174","properties":{"FID":374570}},{"type":"Feature","geometry":{"type":"Polygon","coordinates":[[[37.028366221200045,-1.1861966636528882],[37.0284019344097,-1.1862011162405963],[37.02841078079836,-1.1861565350959864],[37.028370726307735,-1.1861520913273178],[37.028366221200045,-1.1861966636528882]]]},"id":"001a00000000000007bf","properties":{"FID":375594}},{"type":"Feature","geometry":{"type":"Polygon","coordinates":[[[37.045542660639356,-1.1789818732811108],[37.04554716468313,-1.1790175074191411],[37.04559621779633,-1.1790086151072499],[37.045591713755606,-1.1789773998157087],[37.045542660639356,-1.1789818732811108]]]},"id":"001a0000000000005dee","properties":{"FID":375850}},{"type":"Feature","geometry":{"type":"Polygon","coordinates":[[[37.047999616009385,-1.181242631939956],[37.04804424546746,-1.1813541208216103],[37.048235947103166,-1.1812783132641003],[37.048195821642445,-1.1811668137172555],[37.047999616009385,-1.181242631939956]]]},"id":"001a0000000000015f6f","properties":{"FID":378922}},{"type":"Feature","geometry":{"type":"Polygon","coordinates":[[[37.045489185334674,-1.190593365121788],[37.04552931228981,-1.190700356767554],[37.045627418507216,-1.190655793569022],[37.04558278756496,-1.1905532341975724],[37.045489185334674,-1.190593365121788]]]},"id":"001a0000000000014b12","properties":{"FID":380714}},{"type":"Feature","geometry":{"type":"Polygon","coordinates":[[[37.06052082969511,-1.2104185211165077],[37.06053867840464,-1.2104497218368746],[37.06057879704769,-1.210422962039429],[37.06056536958595,-1.2103917497994696],[37.06052082969511,-1.2104185211165077]]]},"id":"001a0000000000005d95","properties":{"FID":380970}},{"type":"Feature","geometry":{"type":"Polygon","coordinates":[[[37.028714014693136,-1.1746654691650207],[37.02877643058921,-1.1746654469143567],[37.02877643058921,-1.1745718190893495],[37.028714014693136,-1.174576260449607],[37.028714014693136,-1.1746654691650207]]]},"id":"001a0000000000003e05","properties":{"FID":374571}},{"type":"Feature","geometry":{"type":"Polygon","coordinates":[[[37.03146534174023,-1.1861832877634562],[37.03150547643482,-1.1861877889394474],[37.03150989944062,-1.1861431607323385],[37.03146976474848,-1.1861387184805847],[37.03146534174023,-1.1861832877634562]]]},"id":"001a00000000000033b4","properties":{"FID":375595}},{"type":"Feature","geometry":{"type":"Polygon","coordinates":[[[37.03766793700057,-1.1790086197308765],[37.03769021395441,-1.179057651857098],[37.037797257898525,-1.179008615655565],[37.03777489907701,-1.1789595849262249],[37.03766793700057,-1.1790086197308765]]]},"id":"001a0000000000013aa6","properties":{"FID":375851}},{"type":"Feature","geometry":{"type":"Polygon","coordinates":[[[37.046077739086634,-1.181162350123793],[37.046109021481875,-1.1812649164404045],[37.04624725347553,-1.1812203427445938],[37.046215971139794,-1.1811177767286487],[37.046077739086634,-1.181162350123793]]]},"id":"001a00000000000105b6","properties":{"FID":378923}},{"type":"Feature","geometry":{"type":"Polygon","coordinates":[[[37.045658619204694,-1.1905398450733997],[37.04566754538603,-1.1905889181624187],[37.04571209438472,-1.1905844476113467],[37.04570325010038,-1.1905353732723052],[37.045658619204694,-1.1905398450733997]]]},"id":"001a000000000000384f","properties":{"FID":380715}},{"type":"Feature","geometry":{"type":"Polygon","coordinates":[[[37.06076604438029,-1.2104185014478428],[37.0608061628977,-1.2104630848332723],[37.06085078448797,-1.2104229870116685],[37.060810665995206,-1.2103739226398504],[37.06076604438029,-1.2104185014478428]]]},"id":"001a0000000000009330","properties":{"FID":380971}},{"type":"Feature","geometry":{"type":"Polygon","coordinates":[[[37.02651566319709,-1.1745807246853144],[37.02652909694989,-1.174661007430524],[37.026627146887606,-1.1746475889279564],[37.0266183002821,-1.1745673532509617],[37.02651566319709,-1.1745807246853144]]]},"id":"001a000000000000660e","properties":{"FID":374572}},{"type":"Feature","geometry":{"type":"Polygon","coordinates":[[[37.029155511810615,-1.1862367995962233],[37.029284765932886,-1.1862412651614846],[37.02928476593288,-1.1861209048607124],[37.029155511810615,-1.1861164391139882],[37.029155511810615,-1.1862367995962233]]]},"id":"001a0000000000005700","properties":{"FID":375596}},{"type":"Feature","geometry":{"type":"Polygon","coordinates":[[[37.04552931228981,-1.1788971214788213],[37.04553373444269,-1.1789729385723782],[37.04558278756496,-1.1789684651134662],[37.04557386137323,-1.1788926590898452],[37.04552931228981,-1.1788971214788213]]]},"id":"001a00000000000075a3","properties":{"FID":375852}},{"type":"Feature","geometry":{"type":"Polygon","coordinates":[[[37.04639441129833,-1.1811489982070722],[37.04644346383973,-1.181149001102241],[37.04643895985149,-1.181095453362742],[37.04639441129833,-1.1810954982133672],[37.04639441129833,-1.1811489982070722]]]},"id":"001a000000000000c37b","properties":{"FID":378924}},{"type":"Feature","geometry":{"type":"Polygon","coordinates":[[[37.04562741850722,-1.1904818680673028],[37.04564076683875,-1.19052203110163],[37.04570325010038,-1.1905041952418929],[37.04569432392345,-1.1904596015447717],[37.04562741850722,-1.1904818680673028]]]},"id":"001a0000000000000df0","properties":{"FID":380716}},{"type":"Feature","geometry":{"type":"Polygon","coordinates":[[[37.059789520080166,-1.210409607455356],[37.059816293412474,-1.2104631306469689],[37.05984748801658,-1.2104497204226345],[37.05982071469576,-1.2103961972694248],[37.059789520080166,-1.210409607455356]]]},"id":"001a000000000000b1d2","properties":{"FID":380972}},{"type":"Feature","geometry":{"type":"Polygon","coordinates":[[[37.02665393243658,-1.1745584352265206],[37.026658355737304,-1.174643158536638],[37.02675206411898,-1.1746387047213946],[37.02674755891108,-1.1745539827895013],[37.02665393243658,-1.1745584352265206]]]},"id":"001a0000000000006e02","properties":{"FID":374573}},{"type":"Feature","geometry":{"type":"Polygon","coordinates":[[[37.031911245144265,-1.186098583086865],[37.03195580257156,-1.1861074946596482],[37.031964730435135,-1.186036155547117],[37.03192017301332,-1.1860272439541106],[37.031911245144265,-1.186098583086865]]]},"id":"001a0000000000002742","properties":{"FID":375597}},{"type":"Feature","geometry":{"type":"Polygon","coordinates":[[[37.03762780570618,-1.178883735756579],[37.037654505304495,-1.178937295138345],[37.03769914111415,-1.1789149774199579],[37.03767235963164,-1.1788614782916358],[37.03762780570618,-1.178883735756579]]]},"id":"001a000000000000ae91","properties":{"FID":375853}},{"type":"Feature","geometry":{"type":"Polygon","coordinates":[[[37.04638548520628,-1.1810508573933398],[37.046389907307066,-1.1810954504340978],[37.04643453775369,-1.1810909852634761],[37.04643453775369,-1.1810508603498797],[37.04638548520628,-1.1810508573933398]]]},"id":"001a000000000000bd77","properties":{"FID":378925}},{"type":"Feature","geometry":{"type":"Polygon","coordinates":[[[37.04543562809882,-1.1904684903689071],[37.04548025913144,-1.1905889079236143],[37.04557386137323,-1.1905532562807901],[37.045529312289815,-1.1904328376949551],[37.04543562809882,-1.1904684903689071]]]},"id":"001a000000000000f886","properties":{"FID":380717}},{"type":"Feature","geometry":{"type":"Polygon","coordinates":[[[37.059499679703876,-1.2103872844467782],[37.05951302548672,-1.2104229795445625],[37.05957099364388,-1.2104051328730436],[37.05956206917072,-1.210369485228896],[37.059499679703876,-1.2103872844467782]]]},"id":"001a00000000000023e1","properties":{"FID":380973}},{"type":"Feature","geometry":{"type":"Polygon","coordinates":[[[37.025824558800856,-1.1745985380113273],[37.025873625217756,-1.1745985455387569],[37.025873625217756,-1.1745271879011778],[37.025828982151985,-1.174522751540477],[37.025824558800856,-1.1745985380113273]]]},"id":"001a0000000000008078","properties":{"FID":374574}},{"type":"Feature","geometry":{"type":"Polygon","coordinates":[[[37.033926704262974,-1.1859514181585098],[37.03399362044664,-1.1859648133551695],[37.0340069709141,-1.1858711876072983],[37.033940136647495,-1.1858622704045334],[37.033926704262974,-1.1859514181585098]]]},"id":"001a0000000000009d19","properties":{"FID":375598}},{"type":"Feature","geometry":{"type":"Polygon","coordinates":[[[37.03561670809218,-1.1788614465048728],[37.03568804547283,-1.1790398245970368],[37.035741609889456,-1.179021963819323],[37.03567027256135,-1.1788391665746962],[37.03561670809218,-1.1788614465048728]]]},"id":"001a0000000000014f0b","properties":{"FID":375854}},{"type":"Feature","geometry":{"type":"Polygon","coordinates":[[[37.04792386870129,-1.1810687013552996],[37.047946142512515,-1.1811222072759069],[37.04812007453888,-1.1810508604163619],[37.04809771889214,-1.1809973559832085],[37.04792386870129,-1.1810687013552996]]]},"id":"001a0000000000008151","properties":{"FID":378926}},{"type":"Feature","geometry":{"type":"Polygon","coordinates":[[[37.03872026991537,-1.1904239353389379],[37.03876040060687,-1.1905487955772351],[37.038827312343216,-1.1905264683233563],[37.038782677226045,-1.1904016199230423],[37.03872026991537,-1.1904239353389379]]]},"id":"001a00000000000069a2","properties":{"FID":380718}},{"type":"Feature","geometry":{"type":"Polygon","coordinates":[[[37.059816293412474,-1.210365017991161],[37.059856412454664,-1.2104452738572558],[37.059900952753075,-1.210422983397586],[37.059860833735506,-1.2103471497529699],[37.059816293412474,-1.210365017991161]]]},"id":"001a000000000000c34d","properties":{"FID":380974}},{"type":"Feature","geometry":{"type":"Polygon","coordinates":[[[37.03281197151274,-1.1745762421049848],[37.03285652838833,-1.1745762601937006],[37.032856528388336,-1.1745138646532476],[37.03281197151274,-1.1745093686642591],[37.03281197151274,-1.1745762421049848]]]},"id":"001a00000000000088a9","properties":{"FID":374575}},{"type":"Feature","geometry":{"type":"Polygon","coordinates":[[[37.02925355820956,-1.1858265640843648],[37.029258063262304,-1.1858711716525274],[37.0292981991745,-1.1858667139657857],[37.029293694124235,-1.1858265859975219],[37.02925355820956,-1.1858265640843648]]]},"id":"001a00000000000036bf","properties":{"FID":375599}},{"type":"Feature","geometry":{"type":"Polygon","coordinates":[[[37.03511283977856,-1.1787232502212062],[37.035139622203616,-1.178794605235315],[37.03517975487102,-1.178776717396095],[37.03515297246074,-1.178709840741548],[37.03511283977856,-1.1787232502212062]]]},"id":"001a000000000000d917","properties":{"FID":375855}},{"type":"Feature","geometry":{"type":"Polygon","coordinates":[[[37.05410860159774,-1.1809795541786623],[37.05414872379306,-1.1811579131058232],[37.05426466862476,-1.1811311290208746],[37.054260247003214,-1.1811132877207182],[37.05428251887196,-1.1811088760459627],[37.054242396750546,-1.180948309840292],[37.05410860159774,-1.1809795541786623]]]},"id":"001a0000000000016e69","properties":{"FID":378927}},{"type":"Feature","geometry":{"type":"Polygon","coordinates":[[[37.03879160425168,-1.1904060775296563],[37.0388138808613,-1.1904685023314392],[37.038831734903795,-1.190464037542911],[37.0388495889419,-1.1905041924091206],[37.03892534570622,-1.1904774237835678],[37.038885215105765,-1.1903704236162593],[37.03879160425168,-1.1904060775296563]]]},"id":"001a0000000000010a9a","properties":{"FID":380719}},{"type":"Feature","geometry":{"type":"Polygon","coordinates":[[[37.06170694058865,-1.2104006640435558],[37.061729210173674,-1.2104408147121282],[37.06183179754883,-1.2103828711717106],[37.06180952799527,-1.2103427206093607],[37.06170694058865,-1.2104006640435558]]]},"id":"001a0000000000003916","properties":{"FID":380975}},{"type":"Feature","geometry":{"type":"Polygon","coordinates":[[[37.02979317963468,-1.1745584570481216],[37.02987336893722,-1.1746342278659665],[37.029918009521886,-1.174589641063431],[37.02995364006064,-1.174629805007524],[37.02998042438518,-1.1746029940225315],[37.029860017711165,-1.1744870714438365],[37.02979317963468,-1.1745584570481216]]]},"id":"001a000000000000cf7f","properties":{"FID":374576}},{"type":"Feature","geometry":{"type":"Polygon","coordinates":[[[37.0342789759171,-1.1858622261730376],[37.0343503146098,-1.1858622322958474],[37.03435031460981,-1.1858220955329657],[37.0342789759171,-1.1858221483118154],[37.0342789759171,-1.1858622261730376]]]},"id":"001a0000000000009ec6","properties":{"FID":375600}},{"type":"Feature","geometry":{"type":"Polygon","coordinates":[[[37.035674695313915,-1.178714295612619],[37.03569255012712,-1.1787945684072247],[37.035781742224685,-1.1787722660017164],[37.0357593827835,-1.1786964825799442],[37.035674695313915,-1.178714295612619]]]},"id":"001a00000000000064d1","properties":{"FID":375856}},{"type":"Feature","geometry":{"type":"Polygon","coordinates":[[[37.056008158526986,-1.1807253642244067],[37.05602158683139,-1.1808056303096104],[37.05607955777559,-1.1807922389144034],[37.05606612948191,-1.1807164502870238],[37.056008158526986,-1.1807253642244067]]]},"id":"001a000000000000b20f","properties":{"FID":378928}},{"type":"Feature","geometry":{"type":"Polygon","coordinates":[[[37.04536880433637,-1.1902499953259609],[37.04540893135795,-1.1903347078118132],[37.0454713329271,-1.1903079738788298],[37.04543120593997,-1.1902187822760881],[37.04536880433637,-1.1902499953259609]]]},"id":"001a000000000000ef60","properties":{"FID":380720}},{"type":"Feature","geometry":{"type":"Polygon","coordinates":[[[37.059526453143064,-1.210329310483044],[37.05954430209705,-1.210360570506947],[37.059588842586905,-1.210333798961229],[37.059566572345396,-1.210302609483371],[37.059526453143064,-1.210329310483044]]]},"id":"001a0000000000000425","properties":{"FID":380976}},{"type":"Feature","geometry":{"type":"Polygon","coordinates":[[[37.02674313561578,-1.1744558841085206],[37.02675206411898,-1.1747323351387595],[37.02680104799774,-1.1747278655886002],[37.02679220141338,-1.1744514135006088],[37.02674313561578,-1.1744558841085206]]]},"id":"001a00000000000181b7","properties":{"FID":374577}},{"type":"Feature","geometry":{"type":"Polygon","coordinates":[[[37.02925355820956,-1.1858265640843648],[37.02917779137152,-1.1858176676101242],[37.02917328631379,-1.185857818377972],[37.02924471192334,-1.185871144282084],[37.02925355820956,-1.1858265640843648]]]},"id":"001a00000000000018f0","properties":{"FID":375601}},{"type":"Feature","geometry":{"type":"Polygon","coordinates":[[[37.039505025664255,-1.1786429511422714],[37.0395184570185,-1.1786831039466243],[37.039612066936854,-1.1786518957842098],[37.039598717498286,-1.1786073226857154],[37.039505025664255,-1.1786429511422714]]]},"id":"001a0000000000007c2c","properties":{"FID":375857}},{"type":"Feature","geometry":{"type":"Polygon","coordinates":[[[37.046679718103704,-1.1805648458543105],[37.04668864415963,-1.1806049491087292],[37.046728770452525,-1.1805915985561966],[37.046719926291914,-1.180551435144087],[37.046679718103704,-1.1805648458543105]]]},"id":"001a00000000000035df","properties":{"FID":378929}},{"type":"Feature","geometry":{"type":"Polygon","coordinates":[[[37.03972803496253,-1.1901563404040565],[37.0397547337897,-1.1902232332543543],[37.039803790811625,-1.190200950770493],[37.03977709200247,-1.1901340579993076],[37.03972803496253,-1.1901563404040565]]]},"id":"001a0000000000007c45","properties":{"FID":380721}},{"type":"Feature","geometry":{"type":"Polygon","coordinates":[[[37.061104922343404,-1.2103159878083103],[37.06111834970536,-1.2103561028612997],[37.061180737781356,-1.2103338229747644],[37.06116739230504,-1.210298128724559],[37.061104922343404,-1.2103159878083103]]]},"id":"001a000000000000706a","properties":{"FID":380977}},{"type":"Feature","geometry":{"type":"Polygon","coordinates":[[[37.02680555320232,-1.1744513838918038],[37.02681448169786,-1.1746297850375385],[37.02686797073533,-1.1746297830611654],[37.026863547447356,-1.1744469520517669],[37.02680555320232,-1.1744513838918038]]]},"id":"001a000000000000860f","properties":{"FID":374578}},{"type":"Feature","geometry":{"type":"Polygon","coordinates":[[[37.02697503060495,-1.1859559059334006],[37.02706865666635,-1.1859603389305804],[37.02707307994186,-1.1858043054100236],[37.026979453886156,-1.1858042930050905],[37.02697503060495,-1.1859559059334006]]]},"id":"001a00000000000069d3","properties":{"FID":375602}},{"type":"Feature","geometry":{"type":"Polygon","coordinates":[[[37.04355839748179,-1.178714317592602],[37.04365650635941,-1.1787187454571395],[37.04366092862624,-1.1786117398459737],[37.04356281975458,-1.1786073118626839],[37.04355839748179,-1.178714317592602]]]},"id":"001a00000000000067be","properties":{"FID":375858}},{"type":"Feature","geometry":{"type":"Polygon","coordinates":[[[37.05576743118531,-1.1804265921275139],[37.055785281063194,-1.1804890563439239],[37.05582982385863,-1.1804756384723776],[37.05581647739889,-1.1804132221019998],[37.05576743118531,-1.1804265921275139]]]},"id":"001a000000000000b1fa","properties":{"FID":378930}},{"type":"Feature","geometry":{"type":"Polygon","coordinates":[[[37.03595562145396,-1.1901206728721732],[37.03597789893233,-1.1902589020432686],[37.036080440766845,-1.1902410854760619],[37.036058163319886,-1.1901028565542606],[37.03595562145396,-1.1901206728721732]]]},"id":"001a0000000000014cf7","properties":{"FID":380722}},{"type":"Feature","geometry":{"type":"Polygon","coordinates":[[[37.06057879704768,-1.2103025631219415],[37.06059664574298,-1.2103382447897983],[37.060641185587315,-1.2103159546523943],[37.06062784001182,-1.210280260169529],[37.06057879704768,-1.2103025631219415]]]},"id":"001a00000000000016b9","properties":{"FID":380978}},{"type":"Feature","geometry":{"type":"Polygon","coordinates":[[[37.02552131286598,-1.1744157272371585],[37.025525818149795,-1.1745138260614685],[37.025592660145854,-1.1745093752395726],[37.025588236780365,-1.1744112752453364],[37.02552131286598,-1.1744157272371585]]]},"id":"001a00000000000092d3","properties":{"FID":374579}},{"type":"Feature","geometry":{"type":"Polygon","coordinates":[[[37.03153217828058,-1.1858711566934679],[37.03164365428539,-1.1858845641489484],[37.03165708709149,-1.1857819757200982],[37.03154552919978,-1.1857686283818678],[37.03153217828058,-1.1858711566934679]]]},"id":"001a000000000000f1e6","properties":{"FID":375603}},{"type":"Feature","geometry":{"type":"Polygon","coordinates":[[[37.03621869182925,-1.178602854602754],[37.03623212379049,-1.1786608041056756],[37.03627225585505,-1.1786518730681137],[37.036263328520164,-1.1785939126349703],[37.03621869182925,-1.178602854602754]]]},"id":"001a00000000000074b5","properties":{"FID":375859}},{"type":"Feature","geometry":{"type":"Polygon","coordinates":[[[37.05579412412035,-1.180377574267168],[37.05580755246433,-1.180417661507804],[37.055896719880586,-1.1803909424797014],[37.05588779495589,-1.180346366861749],[37.05579412412035,-1.180377574267168]]]},"id":"001a0000000000013167","properties":{"FID":378931}},{"type":"Feature","geometry":{"type":"Polygon","coordinates":[[[37.037788330750836,-1.189995820982633],[37.0378373890994,-1.1901028586109879],[37.03788644741487,-1.1900805757914024],[37.03784181172018,-1.1899735279390269],[37.037788330750836,-1.189995820982633]]]},"id":"001a000000000001093d","properties":{"FID":380723}},{"type":"Feature","geometry":{"type":"Polygon","coordinates":[[[37.05957991811594,-1.2102891891839809],[37.059588842586905,-1.2103293178523835],[37.0596378862197,-1.21031597681934],[37.05962896175477,-1.210280270328156],[37.05957991811594,-1.2102891891839809]]]},"id":"001a00000000000016e1","properties":{"FID":380979}},{"type":"Feature","geometry":{"type":"Polygon","coordinates":[[[37.02484797458723,-1.1744112850902295],[37.0248524799127,-1.1744915304031107],[37.02492825125409,-1.1744870594329029],[37.02492382784822,-1.1744068129417682],[37.02484797458723,-1.1744112850902295]]]},"id":"001a0000000000003d20","properties":{"FID":374580}},{"type":"Feature","geometry":{"type":"Polygon","coordinates":[[[37.03393563188467,-1.1857864282545585],[37.03398911568713,-1.185790897793351],[37.03399362044664,-1.1857597081413036],[37.03393563188467,-1.185750770668259],[37.03393563188467,-1.1857864282545585]]]},"id":"001a000000000000008d","properties":{"FID":375604}},{"type":"Feature","geometry":{"type":"Polygon","coordinates":[[[37.039536310887996,-1.1785805391914244],[37.03958536805729,-1.1785850218929965],[37.03958979057175,-1.1785537838850175],[37.03954073340545,-1.1785493011685197],[37.039536310887996,-1.1785805391914244]]]},"id":"001a000000000000147d","properties":{"FID":375860}},{"type":"Feature","geometry":{"type":"Polygon","coordinates":[[[37.04943102056575,-1.1803864966522062],[37.04946221963025,-1.18048458004447],[37.04957817194152,-1.1804444220001915],[37.049546972926805,-1.180346338855588],[37.04943102056575,-1.1803864966522062]]]},"id":"001a00000000000066d9","properties":{"FID":378932}},{"type":"Feature","geometry":{"type":"Polygon","coordinates":[[[37.03747170295047,-1.1899646498327645],[37.037489557322495,-1.190004745980083],[37.03752518415267,-1.1899958178979038],[37.037511834331,-1.189951230493521],[37.03747170295047,-1.1899646498327645]]]},"id":"001a0000000000005b30","properties":{"FID":380724}},{"type":"Feature","geometry":{"type":"Polygon","coordinates":[[[37.06148399874148,-1.210302571952108],[37.061506268394886,-1.2103561066938466],[37.06159100763861,-1.210320440155369],[37.06156865613755,-1.2102669068245948],[37.06148399874148,-1.210302571952108]]]},"id":"001a000000000000ee3c","properties":{"FID":380980}},{"type":"Feature","geometry":{"type":"Polygon","coordinates":[[[37.02449123383852,-1.1744068402827064],[37.02449573918609,-1.1745093597784584],[37.02458043966843,-1.1745049275515493],[37.024576016241426,-1.174406826307174],[37.02449123383852,-1.1744068402827064]]]},"id":"001a0000000000006704","properties":{"FID":374581}},{"type":"Feature","geometry":{"type":"Polygon","coordinates":[[[37.02696159693446,-1.1857150956684521],[37.027006239305464,-1.1857151063276457],[37.027006239305464,-1.185661585900149],[37.02696159693446,-1.1856571544718002],[37.02696159693446,-1.1857150956684521]]]},"id":"001a0000000000001d89","properties":{"FID":375605}},{"type":"Feature","geometry":{"type":"Polygon","coordinates":[[[37.03603588586609,-1.1785359252074188],[37.03604923595871,-1.1786251057520947],[37.03609829548044,-1.178620691195896],[37.03608044076685,-1.1785270434737278],[37.03603588586609,-1.1785359252074188]]]},"id":"001a0000000000003bba","properties":{"FID":375861}},{"type":"Feature","geometry":{"type":"Polygon","coordinates":[[[37.04623382336447,-1.1803552491467662],[37.046269527800625,-1.180444428532545],[37.04632750652657,-1.180422139349125],[37.04629180211889,-1.1803329600791514],[37.04623382336447,-1.1803552491467662]]]},"id":"001a0000000000014703","properties":{"FID":378933}},{"type":"Feature","geometry":{"type":"Polygon","coordinates":[[[37.03501029657985,-1.1898888005083246],[37.03505042931861,-1.1899691027870138],[37.03509948951407,-1.189942339636752],[37.035059356802385,-1.18986203745937],[37.03501029657985,-1.1898888005083246]]]},"id":"001a0000000000001f79","properties":{"FID":380725}},{"type":"Feature","geometry":{"type":"Polygon","coordinates":[[[37.06713363995191,-1.2102981248370832],[37.06719610472548,-1.2103560846573325],[37.06717375495028,-1.210378372956824],[37.067205028260176,-1.2104051708485946],[37.06725848757807,-1.2103471893419842],[37.06716483141176,-1.2102624304233238],[37.06713363995191,-1.2102981248370832]]]},"id":"001a0000000000013f11","properties":{"FID":380981}},{"type":"Feature","geometry":{"type":"Polygon","coordinates":[[[37.0249327565746,-1.1744023734205393],[37.02493717997993,-1.1744826198922085],[37.0250263852633,-1.1744781769909178],[37.02502187994858,-1.1743979318867035],[37.0249327565746,-1.1744023734205393]]]},"id":"001a0000000000010d3f","properties":{"FID":374582}},{"type":"Feature","geometry":{"type":"Polygon","coordinates":[[[37.031576817847466,-1.1857284734636062],[37.03166151008808,-1.1857418275850093],[37.031679365886376,-1.185630388606739],[37.03159459175913,-1.1856169767522913],[37.031576817847466,-1.1857284734636062]]]},"id":"001a0000000000012e76","properties":{"FID":375606}},{"type":"Feature","geometry":{"type":"Polygon","coordinates":[[[37.03978151450528,-1.1785270045250011],[37.039790441408265,-1.1785626900401944],[37.03983057150913,-1.1785537594040956],[37.03982164461106,-1.1785181328367982],[37.03978151450528,-1.1785270045250011]]]},"id":"001a000000000000410d","properties":{"FID":375862}},{"type":"Feature","geometry":{"type":"Polygon","coordinates":[[[37.04618477068158,-1.1802348734060564],[37.046215971139794,-1.1803284826380713],[37.04628738001213,-1.1803062205086345],[37.04625617958457,-1.1802081335564036],[37.04618477068158,-1.1802348734060564]]]},"id":"001a0000000000011907","properties":{"FID":378934}},{"type":"Feature","geometry":{"type":"Polygon","coordinates":[[[37.03507721176664,-1.1898665322730861],[37.03509948951407,-1.1899467604819167],[37.035193105120776,-1.1899200067375184],[37.03517082740202,-1.1898397786813664],[37.03507721176664,-1.1898665322730861]]]},"id":"001a000000000001462b","properties":{"FID":380726}},{"type":"Feature","geometry":{"type":"Polygon","coordinates":[[[37.06032907860301,-1.2102758268146607],[37.06034692735969,-1.210302605412333],[37.06038704610867,-1.2102758457457958],[37.060369197361865,-1.2102490671773642],[37.06032907860301,-1.2102758268146607]]]},"id":"001a00000000000023ba","properties":{"FID":380982}},{"type":"Feature","geometry":{"type":"Polygon","coordinates":[[[37.02581563018387,-1.1743889638148788],[37.02582005353555,-1.1744603117658066],[37.025873625217756,-1.1744603086673624],[37.02586911995547,-1.174388962031129],[37.02581563018387,-1.1743889638148788]]]},"id":"001a00000000000065f3","properties":{"FID":374583}},{"type":"Feature","geometry":{"type":"Polygon","coordinates":[[[37.02461615473591,-1.1857641335189382],[37.024656293208245,-1.1858220986434063],[37.02479898939395,-1.185732927916889],[37.02476769783182,-1.1856839024751251],[37.024874760791015,-1.1856169800815952],[37.02480783622059,-1.1855010781683541],[37.02469192632331,-1.185572382276607],[37.024754345669024,-1.1856794541729567],[37.02461615473591,-1.1857641335189382]]]},"id":"001a0000000000018000","properties":{"FID":375607}},{"type":"Feature","geometry":{"type":"Polygon","coordinates":[[[37.035630140164606,-1.1785136424957647],[37.035652417742675,-1.178607281021065],[37.03570590028275,-1.1785939002749193],[37.035683622721066,-1.1785002618473308],[37.035630140164606,-1.1785136424957647]]]},"id":"001a0000000000012047","properties":{"FID":375863}},{"type":"Feature","geometry":{"type":"Polygon","coordinates":[[[37.0506304962161,-1.1802170218846666],[37.05063942178674,-1.1802794519054827],[37.0507019007505,-1.1802705268733433],[37.05068404962348,-1.1801768924404068],[37.05064834735628,-1.1801813359100668],[37.05065285108362,-1.1802125502330203],[37.0506304962161,-1.1802170218846666]]]},"id":"001a0000000000007727","properties":{"FID":378935}},{"type":"Feature","geometry":{"type":"Polygon","coordinates":[[[37.03580401975633,-1.189808581385322],[37.03585750218491,-1.1899556928766517],[37.03601360840549,-1.1898933013572661],[37.03596004418919,-1.1897506124463606],[37.03580401975633,-1.189808581385322]]]},"id":"001a0000000000015aa3","properties":{"FID":380727}},{"type":"Feature","geometry":{"type":"Polygon","coordinates":[[[37.06100241581545,-1.2101910928477695],[37.061015761322096,-1.2102356901466975],[37.06106930707254,-1.2102223365595073],[37.06105587970153,-1.2101777406123404],[37.06100241581545,-1.2101910928477695]]]},"id":"001a0000000000001677","properties":{"FID":380983}},{"type":"Feature","geometry":{"type":"Polygon","coordinates":[[[37.02962813191567,-1.1744023917482094],[37.0296727726508,-1.1744424753455631],[37.02969505205331,-1.1744202121516942],[37.02964598821301,-1.1743800791087937],[37.02962813191567,-1.1744023917482094]]]},"id":"001a0000000000009574","properties":{"FID":374584}},{"type":"Feature","geometry":{"type":"Polygon","coordinates":[[[37.032490899102314,-1.185550120033116],[37.03264693064203,-1.1855545807860215],[37.03265143548466,-1.1855010530822772],[37.032495322048206,-1.1854965935093031],[37.032490899102314,-1.185550120033116]]]},"id":"001a00000000000006c6","properties":{"FID":375608}},{"type":"Feature","geometry":{"type":"Polygon","coordinates":[[[37.0374895573225,-1.178500288777289],[37.03751633887232,-1.178607289562459],[37.03760995136808,-1.1785849782150681],[37.03759660156197,-1.1785270285829457],[37.037654505304495,-1.1785136384949586],[37.03764115550656,-1.1784690644340472],[37.0374895573225,-1.178500288777289]]]},"id":"001a000000000001094c","properties":{"FID":375864}},{"type":"Feature","geometry":{"type":"Polygon","coordinates":[[[37.05096049594261,-1.1800475761200269],[37.05099169435036,-1.1801501343081728],[37.0510452474915,-1.1801323341234224],[37.0510139672212,-1.1800297773260349],[37.05096049594261,-1.1800475761200269]]]},"id":"001a000000000000d091","properties":{"FID":378936}},{"type":"Feature","geometry":{"type":"Polygon","coordinates":[[[37.04538665676911,-1.1897639566090363],[37.04543120593997,-1.1898887936593872],[37.045507037737856,-1.1898620857296267],[37.04546240672168,-1.1897371912319545],[37.04538665676911,-1.1897639566090363]]]},"id":"001a00000000000150bc","properties":{"FID":380728}},{"type":"Feature","geometry":{"type":"Polygon","coordinates":[[[37.060810665995206,-1.2101242232301295],[37.06082851463349,-1.2101554236270384],[37.060868633116385,-1.2101376263244021],[37.06085520570826,-1.2101019334105039],[37.060810665995206,-1.2101242232301295]]]},"id":"001a000000000000b160","properties":{"FID":380984}},{"type":"Feature","geometry":{"type":"Polygon","coordinates":[[[37.024433319618595,-1.1743577666889982],[37.02444224840515,-1.17450936160396],[37.02448681040609,-1.1745093799356718],[37.02448238697339,-1.1743577744036628],[37.024433319618595,-1.1743577666889982]]]},"id":"001a00000000000116e2","properties":{"FID":374585}},{"type":"Feature","geometry":{"type":"Polygon","coordinates":[[[37.03384201465952,-1.185527796090116],[37.033957909981744,-1.185532293671822],[37.033962414743186,-1.1854742876325615],[37.03384201465952,-1.185469860275303],[37.03384201465952,-1.185527796090116]]]},"id":"001a00000000000007fb","properties":{"FID":375609}},{"type":"Feature","geometry":{"type":"Polygon","coordinates":[[[37.03633016065205,-1.1784155743697082],[37.03634359259271,-1.1784601478496062],[37.03633466526657,-1.1784601685116791],[37.036374797274554,-1.178576096798944],[37.036490688561045,-1.1785404174635965],[37.03643720659807,-1.1783798558829013],[37.03633016065205,-1.1784155743697082]]]},"id":"001a000000000001513a","properties":{"FID":375865}},{"type":"Feature","geometry":{"type":"Polygon","coordinates":[[[37.04602426417564,-1.1800253179900835],[37.04605104258163,-1.180087709567075],[37.0460866652165,-1.1800698926206084],[37.04605996871476,-1.1800119187516114],[37.04602426417564,-1.1800253179900835]]]},"id":"001a000000000000a84f","properties":{"FID":378937}},{"type":"Feature","geometry":{"type":"Polygon","coordinates":[[[37.03520203258704,-1.189648016031364],[37.03521988751627,-1.1897773544804966],[37.03528672060699,-1.1897639883128597],[37.03526894759744,-1.1896391284788772],[37.03520203258704,-1.189648016031364]]]},"id":"001a000000000000829c","properties":{"FID":380729}},{"type":"Feature","geometry":{"type":"Polygon","coordinates":[[[37.06118966205557,-1.2100974846493895],[37.06120751060069,-1.2101375878940297],[37.06124762887416,-1.2101153097009745],[37.0612297803389,-1.2100796285200395],[37.06118966205557,-1.2100974846493895]]]},"id":"001a000000000000384e","properties":{"FID":380985}},{"type":"Feature","geometry":{"type":"Polygon","coordinates":[[[37.02870066325435,-1.174353328224012],[37.02870508643066,-1.1744736967843372],[37.02878986392467,-1.1744692633767913],[37.02878986392468,-1.1744023867339777],[37.028825495015866,-1.1743978881857262],[37.028825495015866,-1.1743488650682845],[37.02870066325435,-1.174353328224012]]]},"id":"001a000000000000f549","properties":{"FID":374586}},{"type":"Feature","geometry":{"type":"Polygon","coordinates":[[[37.02481234154856,-1.1854921662032731],[37.024874760791015,-1.185608079437396],[37.02499067039714,-1.1855456759670127],[37.02492825125408,-1.1854252833061165],[37.02481234154856,-1.1854921662032731]]]},"id":"001a00000000000112c9","properties":{"FID":375610}},{"type":"Feature","geometry":{"type":"Polygon","coordinates":[[[37.035366985757314,-1.1783932773831174],[37.0355052381759,-1.1787990073820698],[37.035630140164606,-1.1787588858329332],[37.03549188798343,-1.1783486786765054],[37.035366985757314,-1.1783932773831174]]]},"id":"001a00000000000194a6","properties":{"FID":375866}},{"type":"Feature","geometry":{"type":"Polygon","coordinates":[[[37.05399716003693,-1.1800163959113348],[37.054023935504695,-1.180123378331082],[37.05409967645332,-1.1801011098698377],[37.054072982895576,-1.1799985448179349],[37.05399716003693,-1.1800163959113348]]]},"id":"001a0000000000006b58","properties":{"FID":378938}},{"type":"Feature","geometry":{"type":"Polygon","coordinates":[[[37.04019174142016,-1.1894785657624805],[37.04021852197477,-1.189572214616033],[37.04028543236932,-1.1895543686414567],[37.040263074312875,-1.1894607685262848],[37.04019174142016,-1.1894785657624805]]]},"id":"001a000000000000cd35","properties":{"FID":380730}},{"type":"Feature","geometry":{"type":"Polygon","coordinates":[[[37.06053417529027,-1.2100038121467582],[37.060543099643944,-1.2100618051260605],[37.06058321828455,-1.2100528519703078],[37.060574293935794,-1.2099993400434552],[37.06053417529027,-1.2100038121467582]]]},"id":"001a0000000000006c14","properties":{"FID":380986}},{"type":"Feature","geometry":{"type":"Polygon","coordinates":[[[37.0247588510003,-1.1743399490077653],[37.024763274416195,-1.1744915539277199],[37.02481676496121,-1.1744915521049606],[37.02481676496121,-1.174335459554997],[37.0247588510003,-1.1743399490077653]]]},"id":"001a0000000000015bab","properties":{"FID":374587}},{"type":"Feature","geometry":{"type":"Polygon","coordinates":[[[37.024625083500034,-1.1853092946387536],[37.02463393034782,-1.1853762353338344],[37.02488368952341,-1.1853494688320605],[37.024874760791015,-1.1852825886224168],[37.024625083500034,-1.1853092946387536]]]},"id":"001a00000000000169bb","properties":{"FID":375611}},{"type":"Feature","geometry":{"type":"Polygon","coordinates":[[[37.0393980661327,-1.1782104206788797],[37.03940699308277,-1.1782773341541646],[37.03945154591815,-1.1782683940122056],[37.03944261897354,-1.1782059585715043],[37.0393980661327,-1.1782104206788797]]]},"id":"001a0000000000003e07","properties":{"FID":375867}},{"type":"Feature","geometry":{"type":"Polygon","coordinates":[[[37.04923932208278,-1.180038685473789],[37.049279446967276,-1.1801590767977996],[37.049315068019645,-1.180145679208623],[37.04931957182963,-1.1801590422308597],[37.04945779771641,-1.1801055771052287],[37.04940874720967,-1.1799717741705515],[37.049279446967276,-1.1800208581485059],[37.04923932208278,-1.180038685473789]]]},"id":"001a00000000000174d9","properties":{"FID":378939}},{"type":"Feature","geometry":{"type":"Polygon","coordinates":[[[37.04074471282815,-1.189268980549987],[37.04076256639653,-1.189313612650868],[37.04079376918213,-1.1892957369287298],[37.04077591562141,-1.1892556431796433],[37.04074471282815,-1.189268980549987]]]},"id":"001a00000000000042ac","properties":{"FID":380731}},{"type":"Feature","geometry":{"type":"Polygon","coordinates":[[[37.06113169519069,-1.2099949336441065],[37.061149543750055,-1.2100305558397257],[37.06118966205557,-1.2100127587319363],[37.06117631658089,-1.2099770647714627],[37.06113169519069,-1.2099949336441065]]]},"id":"001a0000000000008129","properties":{"FID":380987}},{"type":"Feature","geometry":{"type":"Polygon","coordinates":[[[37.03333813405191,-1.1743711408947326],[37.03338269060522,-1.1743711590864734],[37.03338269060522,-1.1743220799257863],[37.03333813405191,-1.174317642815309],[37.03333813405191,-1.1743711408947326]]]},"id":"001a00000000000024c9","properties":{"FID":374588}},{"type":"Feature","geometry":{"type":"Polygon","coordinates":[[[37.03420763715443,-1.1853583618348642],[37.03431910905938,-1.1853628107424607],[37.03431910905938,-1.1852558399643627],[37.03421214190042,-1.1852513795674833],[37.03420763715443,-1.1853583618348642]]]},"id":"001a0000000000007b0d","properties":{"FID":375612}},{"type":"Feature","geometry":{"type":"Polygon","coordinates":[[[37.04305450230345,-1.1781881607293068],[37.04307677760697,-1.1782684150929064],[37.043130336580866,-1.1782550344853073],[37.04311248359395,-1.1781747705099967],[37.04305450230345,-1.1781881607293068]]]},"id":"001a00000000000026ec","properties":{"FID":375868}},{"type":"Feature","geometry":{"type":"Polygon","coordinates":[[[37.059459560464596,-1.1753432603709781],[37.05950860418471,-1.1753432076311388],[37.05951302548672,-1.175289716217069],[37.05946398176959,-1.1752852924709913],[37.059459560464596,-1.1753432603709781]]]},"id":"001a0000000000009716","properties":{"FID":378684}},{"type":"Feature","geometry":{"type":"Polygon","coordinates":[[[37.05380097006993,-1.1799851583229868],[37.053832167257866,-1.1800609659600907],[37.05392575874132,-1.180020805023807],[37.053894561593566,-1.179949474943061],[37.05380097006993,-1.1799851583229868]]]},"id":"001a0000000000001e8c","properties":{"FID":378940}},{"type":"Feature","geometry":{"type":"Polygon","coordinates":[[[37.04246141983709,-1.1886045716846252],[37.042492621893565,-1.188711642996918],[37.04252390583174,-1.188702725317301],[37.04248819955566,-1.1885956656366898],[37.04246141983709,-1.1886045716846252]]]},"id":"001a0000000000007937","properties":{"FID":380732}},{"type":"Feature","geometry":{"type":"Polygon","coordinates":[[[37.06110942542239,-1.2099235341976462],[37.06112277090936,-1.2099681311264874],[37.06116288922966,-1.2099592370562953],[37.061149543750055,-1.209910159196405],[37.06110942542239,-1.2099235341976462]]]},"id":"001a0000000000001698","properties":{"FID":380988}},{"type":"Feature","geometry":{"type":"Polygon","coordinates":[[[37.02429504616035,-1.1743176541653244],[37.024335184809765,-1.1743221014394258],[37.02433969016699,-1.1742819626461078],[37.02429504616034,-1.1742775260551088],[37.02429504616035,-1.1743176541653244]]]},"id":"001a0000000000002fb2","properties":{"FID":374589}},{"type":"Feature","geometry":{"type":"Polygon","coordinates":[[[37.02566400735577,-1.185331637682944],[37.02577549235088,-1.185344988101611],[37.02578442097279,-1.1852246042625363],[37.0256773593517,-1.1852156644235539],[37.02566400735577,-1.185331637682944]]]},"id":"001a0000000000012a96","properties":{"FID":375613}},{"type":"Feature","geometry":{"type":"Polygon","coordinates":[[[37.04479801552843,-1.17818815166467],[37.044851491341625,-1.1781881467472182],[37.04484706914723,-1.1781123307205634],[37.04479801552843,-1.178112325890937],[37.04479801552843,-1.17818815166467]]]},"id":"001a0000000000009d79","properties":{"FID":375869}},{"type":"Feature","geometry":{"type":"Polygon","coordinates":[[[37.067392258501116,-1.175258498906687],[37.06743237335655,-1.1752585253481227],[37.06742795253683,-1.1752094757020994],[37.067392258501116,-1.1752094396522728],[37.067392258501116,-1.175258498906687]]]},"id":"001a0000000000001469","properties":{"FID":378685}},{"type":"Feature","geometry":{"type":"Polygon","coordinates":[[[37.04978329898813,-1.1799360822236737],[37.049796646556324,-1.1799717546808803],[37.04985020057829,-1.1799494768561134],[37.049841274910705,-1.1799182722510793],[37.04978329898813,-1.1799360822236737]]]},"id":"001a0000000000000b84","properties":{"FID":378941}},{"type":"Feature","geometry":{"type":"Polygon","coordinates":[[[37.04249712612633,-1.1885689454741326],[37.042528328167464,-1.1886803779631863],[37.04261308955021,-1.1886581286311628],[37.04260416299379,-1.1886224348424248],[37.04263978731794,-1.188609087984198],[37.042617511880515,-1.1885377108327972],[37.04249712612633,-1.1885689454741326]]]},"id":"001a00000000000147b4","properties":{"FID":380733}},{"type":"Feature","geometry":{"type":"Polygon","coordinates":[[[37.06071700150951,-1.2099458280207243],[37.06077054748028,-1.2099458587117187],[37.06077054748028,-1.2099057067037904],[37.06071700150951,-1.2099057349459013],[37.06071700150951,-1.2099458280207243]]]},"id":"001a00000000000003bb","properties":{"FID":380989}},{"type":"Feature","geometry":{"type":"Polygon","coordinates":[[[37.02970840330965,-1.1743265564939507],[37.02977974648446,-1.1743889708692248],[37.029806530873,-1.1743577999283838],[37.02977532337347,-1.1743310017783892],[37.029806530873,-1.1742953434560743],[37.02976639524121,-1.1742596683959876],[37.02970840330965,-1.1743265564939507]]]},"id":"001a00000000000104f5","properties":{"FID":374590}},{"type":"Feature","geometry":{"type":"Polygon","coordinates":[[[37.02587804856589,-1.1852647577837765],[37.02588247191377,-1.1853271687414242],[37.02598953323314,-1.1853227282864152],[37.025985109891764,-1.1852201181724178],[37.02595832409662,-1.1852201233823874],[37.02595832409662,-1.185184462786005],[37.025900329130245,-1.1851889039679726],[37.02590032913024,-1.185264704949966],[37.02587804856589,-1.1852647577837765]]]},"id":"001a00000000000161a5","properties":{"FID":375614}},{"type":"Feature","geometry":{"type":"Polygon","coordinates":[[[37.04406228916718,-1.1781702854789542],[37.0441291141308,-1.1781792056516889],[37.0441291141308,-1.1781658314416894],[37.04420052505343,-1.1781747393681201],[37.04420494728715,-1.1781301883181274],[37.04418267232935,-1.1781257027174967],[37.04420052505343,-1.178018668133422],[37.044160397364706,-1.1780142238106355],[37.044151470998294,-1.178067741073535],[37.044075637786136,-1.1780588427617242],[37.04406228916718,-1.1781702854789542]]]},"id":"001a00000000000086a0","properties":{"FID":375870}},{"type":"Feature","geometry":{"type":"Polygon","coordinates":[[[37.06749934055559,-1.1753030724595426],[37.06757957012589,-1.1753075423899577],[37.06758399093637,-1.175227318385079],[37.06753495267172,-1.175222836383503],[37.06753053185826,-1.1752629531736842],[37.06749934055559,-1.175262965189985],[37.06749934055559,-1.1753030724595426]]]},"id":"001a000000000000c417","properties":{"FID":378686}},{"type":"Feature","geometry":{"type":"Polygon","coordinates":[[[37.04595293693603,-1.1799539560784893],[37.04597521135133,-1.1800029840561042],[37.04605546470276,-1.1799673281717555],[37.04603761243429,-1.1799182904867407],[37.04595293693603,-1.1799539560784893]]]},"id":"001a000000000000c52c","properties":{"FID":378942}},{"type":"Feature","geometry":{"type":"Polygon","coordinates":[[[37.04261308955021,-1.1885020645379387],[37.04264871386999,-1.1886313441841363],[37.04274682397534,-1.1886045836571002],[37.04271111780876,-1.1884753055462638],[37.04261308955021,-1.1885020645379387]]]},"id":"001a0000000000011fef","properties":{"FID":380734}},{"type":"Feature","geometry":{"type":"Polygon","coordinates":[[[37.06218401582941,-1.2099190774844122],[37.062224215436196,-1.2099993877038595],[37.06234456850468,-1.2099458792948021],[37.06230887196913,-1.209861134533956],[37.06218401582941,-1.2099190774844122]]]},"id":"001a000000000000856d","properties":{"FID":380990}},{"type":"Feature","geometry":{"type":"Polygon","coordinates":[[[37.03472494397844,-1.1742551972435273],[37.03473829431168,-1.1743265755608998],[37.034782850007325,-1.1743176382880895],[37.03476949968227,-1.174246318946234],[37.03472494397844,-1.1742551972435273]]]},"id":"001a0000000000005e39","properties":{"FID":374591}},{"type":"Feature","geometry":{"type":"Polygon","coordinates":[[[37.025797772946625,-1.1853093333883167],[37.0258780485659,-1.1853137986484226],[37.02588247191377,-1.1851844670484104],[37.02580227821332,-1.1851800003965043],[37.025797772946625,-1.1853093333883167]]]},"id":"001a00000000000056e9","properties":{"FID":375615}},{"type":"Feature","geometry":{"type":"Polygon","coordinates":[[[37.043527195882774,-1.1779964147985698],[37.04353612232585,-1.1780722208836647],[37.04358959906742,-1.1780677383556832],[37.043576250359195,-1.1779874643016222],[37.043527195882774,-1.1779964147985698]]]},"id":"001a00000000000088db","properties":{"FID":375871}},{"type":"Feature","geometry":{"type":"Polygon","coordinates":[[[37.067097945771444,-1.1751871424616793],[37.067102448478664,-1.1752897265070232],[37.067209449093475,-1.175285242029086],[37.067205028260176,-1.1751827157636119],[37.067097945771444,-1.1751871424616793]]]},"id":"001a0000000000011a90","properties":{"FID":378687}},{"type":"Feature","geometry":{"type":"Polygon","coordinates":[[[37.04966734700419,-1.1799227429165244],[37.04967627269314,-1.1799628439416163],[37.04971639733636,-1.179953972040431],[37.04970747165234,-1.1799182897534457],[37.04966734700419,-1.1799227429165244]]]},"id":"001a000000000000015a","properties":{"FID":378943}},{"type":"Feature","geometry":{"type":"Polygon","coordinates":[[[37.04173017410696,-1.1884396182369708],[37.041756872198924,-1.1885109857475842],[37.041792578834205,-1.188497578638283],[37.04176579885939,-1.1884262124660574],[37.04173017410696,-1.1884396182369708]]]},"id":"001a000000000000304b","properties":{"FID":380735}},{"type":"Feature","geometry":{"type":"Polygon","coordinates":[[[37.05784085348472,-1.2098477550151439],[37.05784535676613,-1.20991908679276],[37.057889898298086,-1.209914662092856],[37.05788105549612,-1.2098432816146003],[37.05784085348472,-1.2098477550151439]]]},"id":"001a000000000000173d","properties":{"FID":380991}},{"type":"Feature","geometry":{"type":"Polygon","coordinates":[[[37.03343625671959,-1.1743845303446967],[37.03349416377437,-1.174384518882905],[37.03349416377437,-1.1743488731831173],[37.03353880213735,-1.174348831198957],[37.03353880213735,-1.1742373576814158],[37.03343625671959,-1.1742373520375042],[37.03343625671959,-1.1743845303446967]]]},"id":"001a000000000000fdcb","properties":{"FID":374592}},{"type":"Feature","geometry":{"type":"Polygon","coordinates":[[[37.032410630778294,-1.1852959324161731],[37.03250875469705,-1.1853093128128818],[37.03252661028739,-1.1851889179477912],[37.03242398153628,-1.1851755487965538],[37.032410630778294,-1.1852959324161731]]]},"id":"001a00000000000130bb","properties":{"FID":375616}},{"type":"Feature","geometry":{"type":"Polygon","coordinates":[[[37.044690981891335,-1.1780320924407524],[37.04475346596947,-1.178036543364968],[37.04475346596948,-1.1779919435895012],[37.044695485987894,-1.1779874816771743],[37.044690981891335,-1.1780320924407524]]]},"id":"001a000000000000c49a","properties":{"FID":375872}},{"type":"Feature","geometry":{"type":"Polygon","coordinates":[[[37.056886642795256,-1.1751603956944816],[37.05690449239808,-1.175240697882314],[37.0569579593014,-1.1752273237528614],[37.0569668840946,-1.1752585216802092],[37.05700700471101,-1.1752495951774824],[37.05698031222173,-1.175138093962577],[37.056886642795256,-1.1751603956944816]]]},"id":"001a00000000000143c9","properties":{"FID":378688}},{"type":"Feature","geometry":{"type":"Polygon","coordinates":[[[37.05156693818187,-1.179949482467778],[37.051602639997675,-1.180056506036332],[37.051718507008374,-1.1800119327545815],[37.05168288713429,-1.179909326790594],[37.05156693818187,-1.179949482467778]]]},"id":"001a0000000000017392","properties":{"FID":378944}},{"type":"Feature","geometry":{"type":"Polygon","coordinates":[[[37.04380366942757,-1.188301379284667],[37.04380809168544,-1.188354882228405],[37.04387499877634,-1.1883459967688839],[37.04387049462895,-1.188292436230781],[37.04380366942757,-1.188301379284667]]]},"id":"001a0000000000006fd8","properties":{"FID":380736}},{"type":"Feature","geometry":{"type":"Polygon","coordinates":[[[37.06127882286331,-1.209865587950809],[37.061301174453604,-1.2099057370515027],[37.06135914118317,-1.2098745074965496],[37.06134129267532,-1.2098388265676083],[37.06127882286331,-1.209865587950809]]]},"id":"001a000000000000a413","properties":{"FID":380992}},{"type":"Feature","geometry":{"type":"Polygon","coordinates":[[[37.03376617069498,-1.1743756001851622],[37.033810808891026,-1.1743756170976358],[37.033810808891026,-1.1743265381972303],[37.03386879755251,-1.1743265844182895],[37.03386879755251,-1.1742150525236272],[37.033770675468304,-1.1742150963369986],[37.03376617069498,-1.1743756001851622]]]},"id":"001a000000000000f559","properties":{"FID":374593}},{"type":"Feature","geometry":{"type":"Polygon","coordinates":[[[37.0323303623657,-1.1851933942372639],[37.03240170296943,-1.1852023007265549],[37.03240620782725,-1.185157732047639],[37.03233486722794,-1.185148766592202],[37.0323303623657,-1.1851933942372639]]]},"id":"001a0000000000000395","properties":{"FID":375617}},{"type":"Feature","geometry":{"type":"Polygon","coordinates":[[[37.04113708083651,-1.1779874760785904],[37.04115935672754,-1.178045460523455],[37.041208412801744,-1.1780231351279138],[37.041186136925745,-1.177965209671017],[37.04113708083651,-1.1779874760785904]]]},"id":"001a0000000000006b69","properties":{"FID":375873}},{"type":"Feature","geometry":{"type":"Polygon","coordinates":[[[37.05875051065957,-1.175120286135625],[37.05876393845691,-1.1751826899610003],[37.05880405808053,-1.175173763681594],[37.058786208944596,-1.1751113694614626],[37.05875051065957,-1.175120286135625]]]},"id":"001a0000000000002eff","properties":{"FID":378689}},{"type":"Feature","geometry":{"type":"Polygon","coordinates":[[[37.04650136053628,-1.1797979016325977],[37.046505864520654,-1.1798424917438588],[37.04657719121762,-1.1798335472539323],[37.04657276912821,-1.1797889559221406],[37.04650136053628,-1.1797979016325977]]]},"id":"001a00000000000071c8","properties":{"FID":378945}},{"type":"Feature","geometry":{"type":"Polygon","coordinates":[[[37.042349960413155,-1.1882567637158183],[37.042403519922544,-1.188444050455208],[37.04254618129785,-1.1884039217168103],[37.042492621893565,-1.1882166355168944],[37.042349960413155,-1.1882567637158183]]]},"id":"001a000000000000fe3f","properties":{"FID":380737}},{"type":"Feature","geometry":{"type":"Polygon","coordinates":[[[37.061060382783545,-1.2098477859284404],[37.06109157685315,-1.2099012370479711],[37.061136198268,-1.2098789462690662],[37.061104922343404,-1.2098254375524395],[37.061060382783545,-1.2098477859284404]]]},"id":"001a00000000000075c1","properties":{"FID":380993}},{"type":"Feature","geometry":{"type":"Polygon","coordinates":[[[37.03399362044664,-1.1743131657058197],[37.03407388702393,-1.1743131621164717],[37.03407388702393,-1.1742150638153688],[37.03399362044664,-1.1742106484645665],[37.03399362044664,-1.1743131657058197]]]},"id":"001a000000000001235a","properties":{"FID":374594}},{"type":"Feature","geometry":{"type":"Polygon","coordinates":[[[37.034216564741655,-1.1852379907872868],[37.034323613798456,-1.1852468701934218],[37.03433254137144,-1.185139878376048],[37.034247770336066,-1.1851354251596151],[37.034243347496734,-1.1851755712255303],[37.03421656474165,-1.1851755765414362],[37.034216564741655,-1.1852379907872868]]]},"id":"001a000000000000da62","properties":{"FID":375618}},{"type":"Feature","geometry":{"type":"Polygon","coordinates":[[[37.04441901583512,-1.1780186956710275],[37.044454639269865,-1.1780231509319765],[37.04444571293958,-1.1780588162198748],[37.04450819722856,-1.1780722224957922],[37.044526049872694,-1.177978562596202],[37.04442794216869,-1.1779607010081228],[37.04441901583512,-1.1780186956710275]]]},"id":"001a0000000000004ecf","properties":{"FID":375874}},{"type":"Feature","geometry":{"type":"Polygon","coordinates":[[[37.06563536981713,-1.175066797485847],[37.06567998843909,-1.175066754329025],[37.06567998843909,-1.1750266464139265],[37.06563536981713,-1.175026630652334],[37.06563536981713,-1.175066797485847]]]},"id":"001a0000000000002c12","properties":{"FID":378690}},{"type":"Feature","geometry":{"type":"Polygon","coordinates":[[[37.047732084353086,-1.1797844927093222],[37.04773658826117,-1.1798201855730934],[37.04779456581674,-1.179811271868357],[37.047790061912245,-1.1797755790399622],[37.047732084353086,-1.1797844927093222]]]},"id":"001a000000000000875a","properties":{"FID":378946}},{"type":"Feature","geometry":{"type":"Polygon","coordinates":[[[37.03730675455383,-1.1877707362980698],[37.037315681760646,-1.1878108521467494],[37.03742714890206,-1.1877841187558336],[37.037418221708926,-1.187739523628567],[37.03730675455383,-1.1877707362980698]]]},"id":"001a000000000000b3a9","properties":{"FID":380738}},{"type":"Feature","geometry":{"type":"Polygon","coordinates":[[[37.0621929399803,-1.2097942365350995],[37.062237560718245,-1.2098834378189816],[37.0622999478325,-1.2098521971137386],[37.06225540900575,-1.2097630536208088],[37.0621929399803,-1.2097942365350995]]]},"id":"001a0000000000004abe","properties":{"FID":380994}},{"type":"Feature","geometry":{"type":"Polygon","coordinates":[[[37.029418606778236,-1.1741883283213619],[37.0294230299109,-1.1743176512638658],[37.02953008602146,-1.1743131682900159],[37.02953008602146,-1.1742641457346144],[37.029472093901546,-1.1742641582493551],[37.02946758886205,-1.1741838592619],[37.029418606778236,-1.1741883283213619]]]},"id":"001a000000000001160a","properties":{"FID":374595}},{"type":"Feature","geometry":{"type":"Polygon","coordinates":[[[37.02606530339076,-1.1850818838434922],[37.02607423197711,-1.185139862275881],[37.02610994631157,-1.1851354149975653],[37.0261010177296,-1.1850819162525759],[37.02606530339076,-1.1850818838434922]]]},"id":"001a0000000000003044","properties":{"FID":375619}},{"type":"Feature","geometry":{"type":"Polygon","coordinates":[[[37.03597789893233,-1.1779607302931565],[37.03602253577103,-1.1780632711564094],[37.036134004894485,-1.1780142271457057],[37.036111727463926,-1.1779651952579773],[37.03604481322892,-1.177996401544512],[37.03602253577103,-1.1779428914813563],[37.03597789893233,-1.1779607302931565]]]},"id":"001a000000000000a397","properties":{"FID":375875}},{"type":"Feature","geometry":{"type":"Polygon","coordinates":[[[37.06591634387451,-1.1748973035410921],[37.065920764786306,-1.1749463536951745],[37.06595645954572,-1.1749463898934236],[37.06595645954572,-1.1748973301992258],[37.06591634387451,-1.1748973035410921]]]},"id":"001a0000000000008842","properties":{"FID":378691}},{"type":"Feature","geometry":{"type":"Polygon","coordinates":[[[37.04972532301929,-1.1797666572005996],[37.04975652195742,-1.1799049193802842],[37.04983677113307,-1.1798870578606706],[37.04980557222939,-1.1797487958896626],[37.04972532301929,-1.1797666572005996]]]},"id":"001a0000000000016bad","properties":{"FID":378947}},{"type":"Feature","geometry":{"type":"Polygon","coordinates":[[[37.041047895307344,-1.1875076617886922],[37.0410613263766,-1.1875477639298682],[37.04114158515326,-1.187525468782899],[37.04112815409885,-1.1874853667059473],[37.041047895307344,-1.1875076617886922]]]},"id":"001a000000000000af5d","properties":{"FID":380739}},{"type":"Feature","geometry":{"type":"Polygon","coordinates":[[[37.06119858632867,-1.2097719417778454],[37.0612164348716,-1.209821006599822],[37.061283325931505,-1.2097898117648762],[37.06126547740503,-1.2097451689991146],[37.06119858632867,-1.2097719417778454]]]},"id":"001a000000000000c9a4","properties":{"FID":380995}},{"type":"Feature","geometry":{"type":"Polygon","coordinates":[[[37.0266271468876,-1.174197234733896],[37.02667178946376,-1.1741972519225699],[37.02667178946376,-1.1741615444105635],[37.02662714688759,-1.1741660053719518],[37.0266271468876,-1.174197234733896]]]},"id":"001a00000000000009ef","properties":{"FID":374596}},{"type":"Feature","geometry":{"type":"Polygon","coordinates":[[[37.02463393034782,-1.1850863478767577],[37.024656293208245,-1.1851577339194688],[37.024696349743266,-1.1851443183238328],[37.024674068810356,-1.1850729900089005],[37.02463393034782,-1.1850863478767577]]]},"id":"001a0000000000006e88","properties":{"FID":375620}},{"type":"Feature","geometry":{"type":"Polygon","coordinates":[[[37.04116828346137,-1.1779027378445317],[37.04117278777618,-1.177978555691142],[37.041248542119966,-1.177974081154783],[37.04124411970639,-1.1778983210397762],[37.04116828346137,-1.1779027378445317]]]},"id":"001a0000000000010309","properties":{"FID":375876}},{"type":"Feature","geometry":{"type":"Polygon","coordinates":[[[37.05681974768509,-1.1747858715258637],[37.056864371725034,-1.174910700699125],[37.05696246263754,-1.1748750191629136],[37.056917838657874,-1.1747501902599309],[37.05681974768509,-1.1747858715258637]]]},"id":"001a000000000000316f","properties":{"FID":378692}},{"type":"Feature","geometry":{"type":"Polygon","coordinates":[[[37.04619820080171,-1.1797532974957807],[37.046215971139794,-1.1798469374968263],[37.04625617958458,-1.1798424829905383],[37.04624274947514,-1.1797488345303473],[37.04619820080171,-1.1797532974957807]]]},"id":"001a0000000000011eb9","properties":{"FID":378948}},{"type":"Feature","geometry":{"type":"Polygon","coordinates":[[[37.039901904756185,-1.1874496708286],[37.03992868541754,-1.1875433150750119],[37.04001336793323,-1.1875210094494586],[37.039986669201014,-1.1874274230155015],[37.039901904756185,-1.1874496708286]]]},"id":"001a0000000000006660","properties":{"FID":380740}},{"type":"Feature","geometry":{"type":"Polygon","coordinates":[[[37.06094444880108,-1.2097585999294937],[37.06098898843207,-1.2098209770712938],[37.06104695541087,-1.209780844597016],[37.06100241581545,-1.2097184675541546],[37.06094444880108,-1.2097585999294937]]]},"id":"001a000000000000d1a2","properties":{"FID":380996}},{"type":"Feature","geometry":{"type":"Polygon","coordinates":[[[37.03483641509059,-1.1741660408406351],[37.03484083789387,-1.1742596508770877],[37.03488547543041,-1.1742551901155933],[37.03487654792529,-1.1741615908602343],[37.03483641509059,-1.1741660408406351]]]},"id":"001a0000000000003ceb","properties":{"FID":374597}},{"type":"Feature","geometry":{"type":"Polygon","coordinates":[[[37.02698838236035,-1.1851532477896873],[37.02707758512961,-1.1851576916856863],[37.02707758512961,-1.1850729918232734],[37.026992805640745,-1.1850730173973618],[37.02698838236035,-1.1851532477896873]]]},"id":"001a0000000000000ae9","properties":{"FID":375621}},{"type":"Feature","geometry":{"type":"Polygon","coordinates":[[[37.036111727463926,-1.1779651952579773],[37.03616963238872,-1.1779562837339317],[37.03615628231822,-1.1778537295468465],[37.036102800109326,-1.177858153184086],[37.036111727463926,-1.1779651952579773]]]},"id":"001a0000000000006b92","properties":{"FID":375877}},{"type":"Feature","geometry":{"type":"Polygon","coordinates":[[[37.04963614802777,-1.1797978544308207],[37.049694124067756,-1.1797934185113441],[37.049694124067756,-1.1797488192043288],[37.04963614802777,-1.1797532550850787],[37.04963614802777,-1.1797978544308207]]]},"id":"001a000000000000b703","properties":{"FID":378949}},{"type":"Feature","geometry":{"type":"Polygon","coordinates":[[[37.03962992078336,-1.1871687881443485],[37.039638847704964,-1.1872044229819618],[37.039687904805085,-1.1871955228969269],[37.039678977889494,-1.187159829153868],[37.03962992078336,-1.1871687881443485]]]},"id":"001a0000000000000a5c","properties":{"FID":380741}},{"type":"Feature","geometry":{"type":"Polygon","coordinates":[[[37.061898688041786,-1.2092769649921071],[37.061920957568,-1.2093215953812089],[37.06200119330431,-1.2092858850604469],[37.06197892380272,-1.2092413137132703],[37.061898688041786,-1.2092769649921071]]]},"id":"001a00000000000080f0","properties":{"FID":380997}},{"type":"Feature","geometry":{"type":"Polygon","coordinates":[[[37.0242549074888,-1.1741972420381956],[37.02437532343705,-1.1741972669309266],[37.02437532343705,-1.1741481824116835],[37.0242549074888,-1.174143738066248],[37.0242549074888,-1.1741972420381956]]]},"id":"001a0000000000005eb1","properties":{"FID":374598}},{"type":"Feature","geometry":{"type":"Polygon","coordinates":[[[37.02468750290307,-1.1850774370612498],[37.024700855078144,-1.1851265059248357],[37.024736488171385,-1.1851175801446774],[37.02471871258452,-1.1850685213569367],[37.02468750290307,-1.1850774370612498]]]},"id":"001a00000000000036c5","properties":{"FID":375622}},{"type":"Feature","geometry":{"type":"Polygon","coordinates":[[[37.03914835678238,-1.1777779282888623],[37.03916170630362,-1.1778313976574426],[37.03925982111458,-1.177804658176258],[37.03925089414642,-1.1777511203305282],[37.03914835678238,-1.1777779282888623]]]},"id":"001a00000000000099f0","properties":{"FID":375878}},{"type":"Feature","geometry":{"type":"Polygon","coordinates":[[[37.046269527800625,-1.1796061308586308],[37.04628738001213,-1.179655168012496],[37.046389907307066,-1.1796239982053114],[37.04637205512075,-1.1795749022366877],[37.046269527800625,-1.1796061308586308]]]},"id":"001a000000000000133a","properties":{"FID":378950}},{"type":"Feature","geometry":{"type":"Polygon","coordinates":[[[37.03517975487102,-1.1870885233508748],[37.03528229783082,-1.1870929915655943],[37.03528672060699,-1.1870483642373273],[37.0353180076455,-1.187052826202889],[37.035322430419505,-1.1869592204335415],[37.03518868233892,-1.1869502887884134],[37.03517975487102,-1.1870885233508748]]]},"id":"001a00000000000053bd","properties":{"FID":380742}},{"type":"Feature","geometry":{"type":"Polygon","coordinates":[[[37.06185406709556,-1.209107522478624],[37.06187633663545,-1.209156574581101],[37.061916536412596,-1.209138777223311],[37.061898688041786,-1.2090897136830698],[37.06185406709556,-1.209107522478624]]]},"id":"001a0000000000002363","properties":{"FID":380998}},{"type":"Feature","geometry":{"type":"Polygon","coordinates":[[[37.02471420725075,-1.1741392927153325],[37.02471871258452,-1.1742106398847756],[37.02483462243915,-1.1742061382189288],[37.02483019902759,-1.1741347898983021],[37.02471420725075,-1.1741392927153325]]]},"id":"001a0000000000007665","properties":{"FID":374599}},{"type":"Feature","geometry":{"type":"Polygon","coordinates":[[[37.026083160562365,-1.1850819000481247],[37.026114369645356,-1.1850863644910936],[37.026123298225684,-1.1849927420723187],[37.026096512481395,-1.1849882675648218],[37.026083160562365,-1.1850819000481247]]]},"id":"001a00000000000107fa","properties":{"FID":375623}},{"type":"Feature","geometry":{"type":"Polygon","coordinates":[[[37.04198880122334,-1.1776797910715424],[37.042042279103164,-1.1776797865813837],[37.04204227910316,-1.1776351857434402],[37.04198880122333,-1.1776351902033053],[37.04198880122334,-1.1776797910715424]]]},"id":"001a000000000000166c","properties":{"FID":375879}},{"type":"Feature","geometry":{"type":"Polygon","coordinates":[[[37.0507598759401,-1.1794946542187843],[37.05078214888201,-1.1795481561182595],[37.05081334736635,-1.1795347690649054],[37.05079107443401,-1.179481267204527],[37.0507598759401,-1.1794946542187843]]]},"id":"001a000000000000a8a4","properties":{"FID":378951}},{"type":"Feature","geometry":{"type":"Polygon","coordinates":[[[37.03597789893233,-1.1869859322956584],[37.03601360840549,-1.1869859636447395],[37.03601360840549,-1.186932447314239],[37.03597789893233,-1.1869324159409511],[37.03597789893233,-1.1869859322956584]]]},"id":"001a000000000000a337","properties":{"FID":380743}},{"type":"Feature","geometry":{"type":"Polygon","coordinates":[[[37.061292250193105,-1.2088623045761169],[37.061327865354606,-1.2089291853562874],[37.06138141087487,-1.2088979689068036],[37.061345713865755,-1.2088310895251966],[37.061292250193105,-1.2088623045761169]]]},"id":"001a0000000000012452","properties":{"FID":380999}},{"type":"Feature","geometry":{"type":"Polygon","coordinates":[[[37.02460272063002,-1.1742685877473484],[37.02466514005223,-1.1742685659501033],[37.02466514005223,-1.174295317885459],[37.02470978383188,-1.1742953350667524],[37.02471420725075,-1.17413033616501],[37.02460722597068,-1.1741303393124565],[37.02460272063002,-1.1742685877473484]]]},"id":"001a0000000000001f42","properties":{"FID":374600}},{"type":"Feature","geometry":{"type":"Polygon","coordinates":[[[37.02466964538903,-1.184974917591007],[37.024674068810356,-1.1850685102751852],[37.02472764133607,-1.1850640792093674],[37.02472764133607,-1.184974897338607],[37.02466964538903,-1.184974917591007]]]},"id":"001a0000000000004f27","properties":{"FID":375624}},{"type":"Feature","geometry":{"type":"Polygon","coordinates":[[[37.04131995587231,-1.1776040248055053],[37.041324378281274,-1.1776575130303233],[37.041364507535484,-1.1776574799120372],[37.041360085128964,-1.1776039917146264],[37.04131995587231,-1.1776040248055053]]]},"id":"001a00000000000015f3","properties":{"FID":375880}},{"type":"Feature","geometry":{"type":"Polygon","coordinates":[[[37.05410860159774,-1.1794902241845262],[37.05418442434006,-1.1796685513545941],[37.05422454649349,-1.1796507254253998],[37.05414872379306,-1.1794723395132662],[37.05410860159774,-1.1794902241845262]]]},"id":"001a000000000000da21","properties":{"FID":378952}},{"type":"Feature","geometry":{"type":"Polygon","coordinates":[[[37.03569255012713,-1.1870171497853226],[37.035862006828715,-1.187026053635488],[37.03586642956964,-1.1869324485871457],[37.03569697287835,-1.1869279649764397],[37.03569255012713,-1.1870171497853226]]]},"id":"001a0000000000011490","properties":{"FID":380744}},{"type":"Feature","geometry":{"type":"Polygon","coordinates":[[[37.061555310732544,-1.2087017580914248],[37.06158208341374,-1.2087463753121488],[37.06167574678343,-1.2086928238750503],[37.06164897413677,-1.2086437849514198],[37.061555310732544,-1.2087017580914248]]]},"id":"001a00000000000059bd","properties":{"FID":381000}},{"type":"Feature","geometry":{"type":"Polygon","coordinates":[[[37.0266672842509,-1.1740991554336662],[37.02667178946376,-1.1741927737506668],[37.02671635009963,-1.1741883140378473],[37.026711926802435,-1.174094694520328],[37.0266672842509,-1.1740991554336662]]]},"id":"001a00000000000006bb","properties":{"FID":374601}},{"type":"Feature","geometry":{"type":"Polygon","coordinates":[[[37.033440679608,-1.185077469099873],[37.03357000802252,-1.185072976129931],[37.03356550323678,-1.1849659576532703],[37.033440679608,-1.1849704390990754],[37.033440679608,-1.185077469099873]]]},"id":"001a0000000000007f7a","properties":{"FID":375625}},{"type":"Feature","geometry":{"type":"Polygon","coordinates":[[[37.042069058976125,-1.1776173896996152],[37.04208691221929,-1.1776664270610853],[37.04216716986378,-1.1776351932769482],[37.04214931664032,-1.1775861560047158],[37.042069058976125,-1.1776173896996152]]]},"id":"001a0000000000000de5","properties":{"FID":375881}},{"type":"Feature","geometry":{"type":"Polygon","coordinates":[[[37.05065285108362,-1.1794857124174662],[37.05067062033237,-1.179525851801347],[37.05074644666301,-1.1794991047192926],[37.0507330992693,-1.1794589556156063],[37.05065285108362,-1.1794857124174662]]]},"id":"001a0000000000007262","properties":{"FID":378953}},{"type":"Feature","geometry":{"type":"Polygon","coordinates":[[[37.04245249326205,-1.1868477347514836],[37.04246592407179,-1.1869368683984292],[37.04256403442384,-1.186923489230548],[37.042550603632215,-1.1868343557285173],[37.04245249326205,-1.1868477347514836]]]},"id":"001a000000000000d517","properties":{"FID":380745}},{"type":"Feature","geometry":{"type":"Polygon","coordinates":[[[37.06225540900575,-1.2084654506784465],[37.06227325728887,-1.208510032511281],[37.062313374973435,-1.2084966589624175],[37.06229552670019,-1.2084520771673568],[37.06225540900575,-1.2084654506784465]]]},"id":"001a0000000000003468","properties":{"FID":381001}},{"type":"Feature","geometry":{"type":"Polygon","coordinates":[[[37.03461789551229,-1.1740679042754283],[37.03462231832886,-1.1741259282689036],[37.03467588353034,-1.174121447433948],[37.03467588353034,-1.1740679506605878],[37.03461789551229,-1.1740679042754283]]]},"id":"001a000000000000b1bb","properties":{"FID":374602}},{"type":"Feature","geometry":{"type":"Polygon","coordinates":[[[37.02615008396011,-1.1850819172455704],[37.026248134408455,-1.1850819205051606],[37.02625263964727,-1.184970448713671],[37.026154507291444,-1.1849659669571802],[37.02615008396011,-1.1850819172455704]]]},"id":"001a0000000000003ef5","properties":{"FID":375626}},{"type":"Feature","geometry":{"type":"Polygon","coordinates":[[[37.0421046835625,-1.177532643875376],[37.0421181144365,-1.1775772130248248],[37.042158243252594,-1.177563864542808],[37.042144812386,-1.1775237142494346],[37.0421046835625,-1.177532643875376]]]},"id":"001a0000000000003c56","properties":{"FID":375882}},{"type":"Feature","geometry":{"type":"Polygon","coordinates":[[[37.04627845390692,-1.1794456174215728],[37.04630523221925,-1.179521382289209],[37.04635420293003,-1.1795035942646905],[37.04633192863089,-1.1794277595158575],[37.04627845390692,-1.1794456174215728]]]},"id":"001a0000000000006100","properties":{"FID":378954}},{"type":"Feature","geometry":{"type":"Polygon","coordinates":[[[37.036446133911625,-1.1868878500536157],[37.03657095238267,-1.1868923238774842],[37.03657545698228,-1.1868165180467956],[37.03645055661701,-1.186812045393196],[37.036446133911625,-1.1868878500536157]]]},"id":"001a000000000000a319","properties":{"FID":380746}},{"type":"Feature","geometry":{"type":"Polygon","coordinates":[[[37.062224215436196,-1.2084163648683113],[37.06224648486255,-1.2084565134638738],[37.06228660256191,-1.2084386592555758],[37.0622911055676,-1.2084476079115225],[37.062331223242296,-1.2084253319784894],[37.06230887196913,-1.2083762823263138],[37.062224215436196,-1.2084163648683113]]]},"id":"001a0000000000007eac","properties":{"FID":381002}},{"type":"Feature","geometry":{"type":"Polygon","coordinates":[[[37.03302599169715,-1.1740500877681908],[37.0330304146105,-1.1742061532787518],[37.033075053258045,-1.1742061703052342],[37.03307054844164,-1.174045628360507],[37.03302599169715,-1.1740500877681908]]]},"id":"001a000000000000335b","properties":{"FID":374603}},{"type":"Feature","geometry":{"type":"Polygon","coordinates":[[[37.02868280672502,-1.1850239658720076],[37.02872744804012,-1.1850283974366302],[37.0287318712148,-1.1849481101747823],[37.028687311813115,-1.1849481567870703],[37.02868280672502,-1.1850239658720076]]]},"id":"001a0000000000000233","properties":{"FID":375627}},{"type":"Feature","geometry":{"type":"Polygon","coordinates":[[[37.040294359210456,-1.1775861676262964],[37.04030770852129,-1.177630739145458],[37.040437024724554,-1.1775861354642156],[37.04046822764985,-1.1776753263710096],[37.04039689495841,-1.1777021212980328],[37.04037461883378,-1.1776396589254985],[37.04032105782968,-1.1776575171139636],[37.040356765170124,-1.1777600720644807],[37.040526211003055,-1.1777021191753712],[37.04046380518882,-1.1775237375395744],[37.040294359210456,-1.1775861676262964]]]},"id":"001a000000000001525b","properties":{"FID":375883}},{"type":"Feature","geometry":{"type":"Polygon","coordinates":[[[37.05418000271363,-1.1794500560585246],[37.05419777109968,-1.1794946708872331],[37.05423347162257,-1.1794812733321656],[37.0543137158531,-1.179686395436215],[37.05435834143274,-1.1796685584371],[37.054260247003214,-1.1794233003653414],[37.05418000271363,-1.1794500560585246]]]},"id":"001a000000000001848f","properties":{"FID":378955}},{"type":"Feature","geometry":{"type":"Polygon","coordinates":[[[37.0457477990772,-1.1868298800561767],[37.04578792588954,-1.18691906403824],[37.04589053578037,-1.1868744402852325],[37.04585032713331,-1.1867852577971536],[37.0457477990772,-1.1868298800561767]]]},"id":"001a00000000000047b2","properties":{"FID":380747}},{"type":"Feature","geometry":{"type":"Polygon","coordinates":[[[37.034493073689454,-1.174130341637257],[37.03456441217217,-1.1741348360877941],[37.03456441217217,-1.1740768615096475],[37.03452870198749,-1.1740768242923152],[37.0345332067136,-1.1740411686789995],[37.034493073689454,-1.1740411998041242],[37.034493073689454,-1.174130341637257]]]},"id":"001a000000000000bc05","properties":{"FID":374604}},{"type":"Feature","geometry":{"type":"Polygon","coordinates":[[[37.03105506560256,-1.184983781498107],[37.03116211931176,-1.1849882413096764],[37.03116654233845,-1.1849080155595053],[37.03105506560256,-1.1849035656972613],[37.03105506560256,-1.184983781498107]]]},"id":"001a0000000000004fef","properties":{"FID":375628}},{"type":"Feature","geometry":{"type":"Polygon","coordinates":[[[37.041921892396395,-1.177537127969166],[37.04197094795607,-1.1776173792731417],[37.042024425849036,-1.1775861483922208],[37.04197987459025,-1.1775058862746628],[37.041921892396395,-1.177537127969166]]]},"id":"001a0000000000006627","properties":{"FID":375884}},{"type":"Feature","geometry":{"type":"Polygon","coordinates":[[[37.050643925514635,-1.179423283791057],[37.05065285108362,-1.1794768163074383],[37.050692975187545,-1.179467885956224],[37.05067954589808,-1.1794188420373666],[37.050643925514635,-1.179423283791057]]]},"id":"001a00000000000000dc","properties":{"FID":378956}},{"type":"Feature","geometry":{"type":"Polygon","coordinates":[[[37.03510841699182,-1.1868700300064707],[37.03520203258704,-1.1868699817862325],[37.035206455368076,-1.1867763763982446],[37.03510841699182,-1.1867763757305292],[37.03510841699182,-1.1868700300064707]]]},"id":"001a000000000000fc42","properties":{"FID":380748}},{"type":"Feature","geometry":{"type":"Polygon","coordinates":[[[37.026176787771156,-1.1849436928684387],[37.02621692538283,-1.1849481359863907],[37.02621692538283,-1.184903516546576],[37.02618129301439,-1.1849035417242033],[37.026176787771156,-1.1849436928684387]]]},"id":"001a0000000000001857","properties":{"FID":375629}},{"type":"Feature","geometry":{"type":"Polygon","coordinates":[[[37.04128424900491,-1.1774925159716163],[37.04134223170731,-1.1775058751223941],[37.041355580825744,-1.1774613028145346],[37.041297598133994,-1.177447943651335],[37.04128424900491,-1.1774925159716163]]]},"id":"001a000000000000746e","properties":{"FID":375885}},{"type":"Feature","geometry":{"type":"Polygon","coordinates":[[[37.05109871870771,-1.179298448862313],[37.05112549524378,-1.1793564166871358],[37.05122801571264,-1.1793118168160013],[37.05120574290742,-1.1792538380832842],[37.05109871870771,-1.179298448862313]]]},"id":"001a00000000000021b1","properties":{"FID":378957}},{"type":"Feature","geometry":{"type":"Polygon","coordinates":[[[37.035264442916905,-1.1868164919208828],[37.035313502968016,-1.186820970947922],[37.0353180076455,-1.1867629636082213],[37.03526894759744,-1.1867629639095123],[37.035264442916905,-1.1868164919208828]]]},"id":"001a00000000000034c0","properties":{"FID":380749}},{"type":"Feature","geometry":{"type":"Polygon","coordinates":[[[37.03356550323677,-1.174125884251702],[37.03361014155597,-1.174125901310508],[37.03361014155597,-1.1741660244946681],[37.03366362559775,-1.1741660226353208],[37.03365920272289,-1.1740946824155403],[37.03375282018332,-1.1740947083853874],[37.033748397313886,-1.1740188906475215],[37.03356550323677,-1.174023367024309],[37.03356550323677,-1.174125884251702]]]},"id":"001a0000000000016b4a","properties":{"FID":374606}},{"type":"Feature","geometry":{"type":"Polygon","coordinates":[[[37.026230359190784,-1.1849436826297024],[37.02628384865757,-1.1849391940418368],[37.02627934342069,-1.1848990655841283],[37.026230359190784,-1.1848990632034022],[37.026230359190784,-1.1849436826297024]]]},"id":"001a0000000000003620","properties":{"FID":375630}},{"type":"Feature","geometry":{"type":"Polygon","coordinates":[[[37.0383323114559,-1.1774702318670809],[37.0383724423615,-1.1775772572666647],[37.03849733942595,-1.1775326624330924],[37.03845720858929,-1.1774211593933634],[37.0383323114559,-1.1774702318670809]]]},"id":"001a0000000000012dcd","properties":{"FID":375886}},{"type":"Feature","geometry":{"type":"Polygon","coordinates":[[[37.05118789190419,-1.1792137594265188],[37.05121016471488,-1.179262783210557],[37.05131276694947,-1.1792226597968747],[37.05129049417024,-1.1791735772115117],[37.05118789190419,-1.1792137594265188]]]},"id":"001a000000000000e438","properties":{"FID":378958}},{"type":"Feature","geometry":{"type":"Polygon","coordinates":[[[37.03651747047872,-1.1868031021549346],[37.03660215696696,-1.18680313449462],[37.03660666156463,-1.18675850703179],[37.03651747047872,-1.1867540657417128],[37.03651747047872,-1.1868031021549346]]]},"id":"001a0000000000000c9d","properties":{"FID":380750}},{"type":"Feature","geometry":{"type":"Polygon","coordinates":[[[37.0296415650939,-1.1740500713193318],[37.02969505205331,-1.1740545476353192],[37.02969947516918,-1.1740233101921225],[37.0296415650939,-1.1740144242305888],[37.0296415650939,-1.1740500713193318]]]},"id":"001a00000000000028c1","properties":{"FID":374607}},{"type":"Feature","geometry":{"type":"Polygon","coordinates":[[[37.02683676197552,-1.1847251591925607],[37.02684118526512,-1.1848054277723883],[37.02693931669502,-1.184805430061394],[37.02693931669502,-1.1847252104957013],[37.02683676197552,-1.1847251591925607]]]},"id":"001a0000000000000b1b","properties":{"FID":375631}},{"type":"Feature","geometry":{"type":"Polygon","coordinates":[[[37.03793992831206,-1.177492518247368],[37.037953278055156,-1.1775326719534178],[37.03805581710439,-1.1774969671605824],[37.03801568602407,-1.1773899415384106],[37.03797555492159,-1.1774033493946072],[37.037997913681416,-1.177470231100727],[37.03793992831206,-1.177492518247368]]]},"id":"001a000000000001551c","properties":{"FID":375887}},{"type":"Feature","geometry":{"type":"Polygon","coordinates":[[[37.05105859482787,-1.179195913889552],[37.05107644586287,-1.1792315740547878],[37.05117454459158,-1.1791914617013366],[37.05115669358069,-1.179151324174908],[37.05105859482787,-1.179195913889552]]]},"id":"001a000000000000c1c3","properties":{"FID":378959}},{"type":"Feature","geometry":{"type":"Polygon","coordinates":[[[37.042385666757134,-1.1867719296889412],[37.042403519922544,-1.1868076001831493],[37.04248819955566,-1.1867630195504306],[37.042470346411044,-1.1867317691418249],[37.042385666757134,-1.1867719296889412]]]},"id":"001a000000000000aa16","properties":{"FID":380751}},{"type":"Feature","geometry":{"type":"Polygon","coordinates":[[[37.029356109523064,-1.174014416268467],[37.02936061456947,-1.174085758964621],[37.02941410173542,-1.1740812792823707],[37.0294096786022,-1.1740144133702124],[37.029356109523064,-1.174014416268467]]]},"id":"001a0000000000007778","properties":{"FID":374608}},{"type":"Feature","geometry":{"type":"Polygon","coordinates":[[[37.024905970392155,-1.1848143839232415],[37.02500410443143,-1.1848143863055467],[37.02499959911532,-1.184720737040806],[37.024905970392155,-1.1847207232418133],[37.024905970392155,-1.1848143839232415]]]},"id":"001a000000000001090a","properties":{"FID":375632}},{"type":"Feature","geometry":{"type":"Polygon","coordinates":[[[37.04124411970639,-1.1774345735531395],[37.04136008512897,-1.1774434397294273],[37.041360085128964,-1.1773899422107046],[37.04124411970639,-1.1773854948197675],[37.04124411970639,-1.1774345735531395]]]},"id":"001a0000000000000270","properties":{"FID":375888}},{"type":"Feature","geometry":{"type":"Polygon","coordinates":[[[37.04867740759687,-1.1789863390460145],[37.04869083725636,-1.1790264285419196],[37.04876216180882,-1.1790041703300684],[37.048744310205244,-1.1789595541794853],[37.04867740759687,-1.1789863390460145]]]},"id":"001a00000000000077d7","properties":{"FID":378960}},{"type":"Feature","geometry":{"type":"Polygon","coordinates":[[[37.0379800594342,-1.1866336729466527],[37.037993409169914,-1.1866782562496097],[37.03808710295166,-1.1866515085406657],[37.03806924872634,-1.1866024575850171],[37.0379800594342,-1.1866336729466527]]]},"id":"001a000000000000bfd1","properties":{"FID":380752}},{"type":"Feature","geometry":{"type":"Polygon","coordinates":[[[37.0288924158917,-1.1740589966620303],[37.0289949677142,-1.1740590027923452],[37.02899939087262,-1.1740010148181788],[37.0288924158917,-1.1740010180395672],[37.0288924158917,-1.1740589966620303]]]},"id":"001a0000000000008373","properties":{"FID":374609}},{"type":"Feature","geometry":{"type":"Polygon","coordinates":[[[37.02479006065115,-1.1848411242624115],[37.024892618254725,-1.1848455962792384],[37.02489704166249,-1.1847073644867399],[37.02479448406515,-1.1847073719870842],[37.02479006065115,-1.1848411242624115]]]},"id":"001a0000000000004649","properties":{"FID":375633}},{"type":"Feature","geometry":{"type":"Polygon","coordinates":[[[37.03978151450528,-1.177372111899315],[37.039790441408265,-1.1774122741740176],[37.03983949840611,-1.1774033238719241],[37.03984392090512,-1.1774300635022523],[37.03987520598304,-1.1774256308905484],[37.03986177469469,-1.17735873032497],[37.03978151450528,-1.177372111899315]]]},"id":"001a0000000000009796","properties":{"FID":375889}},{"type":"Feature","geometry":{"type":"Polygon","coordinates":[[[37.04798184610744,-1.1789417006724705],[37.04799519400654,-1.178981850669449],[37.04804424546746,-1.1789640034151572],[37.048035319578034,-1.1789283213004194],[37.04798184610744,-1.1789417006724705]]]},"id":"001a000000000000b210","properties":{"FID":378961}},{"type":"Feature","geometry":{"type":"Polygon","coordinates":[[[37.03722649154428,-1.186526629089368],[37.037262118503335,-1.1865311411127801],[37.037266623060134,-1.1864553367797817],[37.03723091420222,-1.186455305215809],[37.03722649154428,-1.186526629089368]]]},"id":"001a00000000000073d6","properties":{"FID":380753}},{"type":"Feature","geometry":{"type":"Polygon","coordinates":[[[37.02518685620031,-1.1739876840539385],[37.02519136150482,-1.1740456546941203],[37.02522257097021,-1.1740411656401297],[37.02522699435792,-1.1741125134110308],[37.02531619928609,-1.1741080709799763],[37.025311775903795,-1.1739832203005116],[37.02518685620031,-1.1739876840539385]]]},"id":"001a000000000001667e","properties":{"FID":374610}},{"type":"Feature","geometry":{"type":"Polygon","coordinates":[[[37.025004104431424,-1.184836666830711],[37.02508429901133,-1.1848366541873319],[37.02508429901134,-1.1847340932664934],[37.02504866608837,-1.1847341183455606],[37.025044160775025,-1.1846895098264352],[37.025004104431424,-1.1846939656272526],[37.025004104431424,-1.184836666830711]]]},"id":"001a0000000000004ee0","properties":{"FID":375634}},{"type":"Feature","geometry":{"type":"Polygon","coordinates":[[[37.0378373890994,-1.1773944141977313],[37.03785073886131,-1.177434567856286],[37.037953278055156,-1.1774078191702748],[37.03793992831206,-1.1773631876386206],[37.0378373890994,-1.1773944141977313]]]},"id":"001a0000000000011ff2","properties":{"FID":375890}},{"type":"Feature","geometry":{"type":"Polygon","coordinates":[[[37.055580089082966,-1.1789417006318663],[37.05559351746652,-1.1789952180131809],[37.055660413706136,-1.1789773895517075],[37.05565148875239,-1.1789239201136705],[37.055580089082966,-1.1789417006318663]]]},"id":"001a0000000000009af8","properties":{"FID":378962}},{"type":"Feature","geometry":{"type":"Polygon","coordinates":[[[37.044378888267026,-1.1864686907574373],[37.0444011631647,-1.1865489611724098],[37.04456617735954,-1.1864998856480475],[37.0445438206196,-1.1864196167860293],[37.044378888267026,-1.1864686907574373]]]},"id":"001a000000000001678b","properties":{"FID":380754}},{"type":"Feature","geometry":{"type":"Polygon","coordinates":[[[37.02478113190726,-1.173978750014327],[37.024785555321806,-1.1741169773986133],[37.02483462243915,-1.1741169852537396],[37.02483019902759,-1.1739787579556287],[37.02478113190726,-1.173978750014327]]]},"id":"001a000000000000abcd","properties":{"FID":374611}},{"type":"Feature","geometry":{"type":"Polygon","coordinates":[[[37.02606980864089,-1.1847697716286916],[37.026123298225684,-1.1847697627886113],[37.026123298225684,-1.184680583277275],[37.02607423197713,-1.1846805820336808],[37.02606980864089,-1.1847697716286916]]]},"id":"001a0000000000009aa2","properties":{"FID":375635}},{"type":"Feature","geometry":{"type":"Polygon","coordinates":[[[37.03682067058364,-1.1773408837510466],[37.03686530690507,-1.1774568560353353],[37.03693213848378,-1.177430071370503],[37.036887584104804,-1.1773141569150913],[37.03682067058364,-1.1773408837510466]]]},"id":"001a000000000000fc62","properties":{"FID":375891}},{"type":"Feature","geometry":{"type":"Polygon","coordinates":[[[37.04877108760896,-1.1789060558699735],[37.048780013408006,-1.1789506338066316],[37.04882456049878,-1.1789417528555826],[37.048815634705214,-1.1788971160401476],[37.04877108760896,-1.1789060558699735]]]},"id":"001a0000000000002fec","properties":{"FID":378963}},{"type":"Feature","geometry":{"type":"Polygon","coordinates":[[[37.03702132906114,-1.1865801664891804],[37.03717292822128,-1.18658911407426],[37.0371774327836,-1.1864419368440817],[37.03702583363285,-1.1864374682289272],[37.03702132906114,-1.1865801664891804]]]},"id":"001a00000000000048e7","properties":{"FID":380755}},{"type":"Feature","geometry":{"type":"Polygon","coordinates":[[[37.03317317628059,-1.1740411552264989],[37.03327572206921,-1.1740367422829698],[37.033271217265245,-1.1739698220922297],[37.03317317628059,-1.1739742831568838],[37.03317317628059,-1.1740411552264989]]]},"id":"001a000000000000c161","properties":{"FID":374612}},{"type":"Feature","geometry":{"type":"Polygon","coordinates":[[[37.033913353780775,-1.1847697536794275],[37.0340248261367,-1.1847653039889348],[37.0340248261367,-1.1846806125820726],[37.03391335378077,-1.1846805829847091],[37.033913353780775,-1.1847697536794275]]]},"id":"001a000000000000906d","properties":{"FID":375636}},{"type":"Feature","geometry":{"type":"Polygon","coordinates":[[[37.036455061224075,-1.1773453725109158],[37.03647733854947,-1.1773766091378717],[37.03651747047872,-1.1773453478734945],[37.03649519316563,-1.177314170204575],[37.036455061224075,-1.1773453725109158]]]},"id":"001a000000000000476b","properties":{"FID":375892}},{"type":"Feature","geometry":{"type":"Polygon","coordinates":[[[37.05567376019454,-1.1789060779535252],[37.05568268514555,-1.1789372793934842],[37.0557718527151,-1.1789105042727694],[37.05576292777506,-1.1788793028904092],[37.05567376019454,-1.1789060779535252]]]},"id":"001a0000000000003ee2","properties":{"FID":378964}},{"type":"Feature","geometry":{"type":"Polygon","coordinates":[[[37.03618306435904,-1.186513283423278],[37.03623212379049,-1.186517762521735],[37.03623212379049,-1.1864374893974743],[37.03618748708042,-1.1864374793751868],[37.03618306435904,-1.186513283423278]]]},"id":"001a0000000000001601","properties":{"FID":380756}},{"type":"Feature","geometry":{"type":"Polygon","coordinates":[[[37.03228130030255,-1.1739742794280679],[37.032285805167824,-1.174041200470974],[37.03237942439576,-1.1740366898294483],[37.032375001442816,-1.1739698265279215],[37.03228130030255,-1.1739742794280679]]]},"id":"001a000000000000a8bb","properties":{"FID":374613}},{"type":"Feature","geometry":{"type":"Polygon","coordinates":[[[37.02503531397711,-1.1846850502067907],[37.02505759479944,-1.184689536151316],[37.02505759479944,-1.184729617354021],[37.02509773302834,-1.184734119583496],[37.02508429901133,-1.1848321745083985],[37.02512001383156,-1.1848366867269804],[37.02514229462796,-1.1845914316028792],[37.025044160775025,-1.1845824696538738],[37.02503531397711,-1.1846850502067907]]]},"id":"001a0000000000018526","properties":{"FID":375637}},{"type":"Feature","geometry":{"type":"Polygon","coordinates":[[[37.03911264884849,-1.1772740103212105],[37.039121575833605,-1.1773141728342393],[37.03920183675148,-1.1772963133859258],[37.03919290977621,-1.1772562098528412],[37.03911264884849,-1.1772740103212105]]]},"id":"001a0000000000009700","properties":{"FID":375893}},{"type":"Feature","geometry":{"type":"Polygon","coordinates":[[[37.048641786231904,-1.1789015830028309],[37.048672985635264,-1.1789773936828338],[37.04871753279167,-1.1789550800404183],[37.04872203663867,-1.1789640241221182],[37.04874431020525,-1.1789550766283754],[37.04870868887308,-1.178870379638201],[37.048641786231904,-1.1789015830028309]]]},"id":"001a000000000000bc36","properties":{"FID":378965}},{"type":"Feature","geometry":{"type":"Polygon","coordinates":[[[37.0357237550883,-1.186526646791846],[37.035777237575914,-1.186526636475767],[37.03578174222469,-1.1864330314648643],[37.0357237550883,-1.1864329942030851],[37.0357237550883,-1.186526646791846]]]},"id":"001a000000000000536a","properties":{"FID":380757}},{"type":"Feature","geometry":{"type":"Polygon","coordinates":[[[37.02535633737237,-1.184609255135923],[37.02543661347854,-1.1846092414315375],[37.02543661347854,-1.1845602013189964],[37.02535633737237,-1.1845602149734065],[37.02535633737237,-1.184609255135923]]]},"id":"001a000000000000366a","properties":{"FID":375638}},{"type":"Feature","geometry":{"type":"Polygon","coordinates":[[[37.039050241821016,-1.1772071614799937],[37.039068095805476,-1.177273993910818],[37.039117153290654,-1.1772606247153852],[37.03909929931824,-1.177193733430945],[37.039050241821016,-1.1772071614799937]]]},"id":"001a000000000000a521","properties":{"FID":375894}},{"type":"Feature","geometry":{"type":"Polygon","coordinates":[[[37.04803531957803,-1.1789194250420754],[37.04808437101187,-1.1790264790497083],[37.04824487296794,-1.1789551142590138],[37.0482003255218,-1.1788481085557765],[37.04803531957803,-1.1789194250420754]]]},"id":"001a0000000000014ffb","properties":{"FID":378966}},{"type":"Feature","geometry":{"type":"Polygon","coordinates":[[[37.03637029266251,-1.186428553370099],[37.036374797274554,-1.1864820572290218],[37.03640600194301,-1.1864776209717338],[37.0364014973329,-1.1864241171408803],[37.03637029266251,-1.186428553370099]]]},"id":"001a0000000000001448","properties":{"FID":380758}},{"type":"Feature","geometry":{"type":"Polygon","coordinates":[[[37.03466245128168,-1.1739787222143363],[37.03467588353034,-1.1741124920210235],[37.03476057216291,-1.1741035826759467],[37.03474271712093,-1.1739698224862385],[37.03466245128168,-1.1739787222143363]]]},"id":"001a0000000000012af1","properties":{"FID":374615}},{"type":"Feature","geometry":{"type":"Polygon","coordinates":[[[37.02520921889086,-1.1847296110476488],[37.02527163779294,-1.184729639877644],[37.025276061177664,-1.184649349832777],[37.025311775903795,-1.184649382453288],[37.02531619928609,-1.1845601923280489],[37.02521364227937,-1.184555720025645],[37.02520921889086,-1.1847296110476488]]]},"id":"001a0000000000014e4c","properties":{"FID":375639}},{"type":"Feature","geometry":{"type":"Polygon","coordinates":[[[37.039117153290654,-1.1771848544821175],[37.03914385234214,-1.177256204338023],[37.039183982799855,-1.177242796788776],[37.0391572837631,-1.1771714469937231],[37.039117153290654,-1.1771848544821175]]]},"id":"001a0000000000003549","properties":{"FID":375895}},{"type":"Feature","geometry":{"type":"Polygon","coordinates":[[[37.05586994510318,-1.1788302773879722],[37.05588337343314,-1.1788748401424],[37.055932419568435,-1.178861471717452],[37.05591899124754,-1.1788168500970637],[37.05586994510318,-1.1788302773879722]]]},"id":"001a0000000000005fc7","properties":{"FID":378967}},{"type":"Feature","geometry":{"type":"Polygon","coordinates":[[[37.0438883474297,-1.1864508379523941],[37.043932979412396,-1.1865757246501902],[37.044004308634264,-1.1865489746118802],[37.04395967669537,-1.1864240881130779],[37.0438883474297,-1.1864508379523941]]]},"id":"001a000000000000ef7e","properties":{"FID":380759}},{"type":"Feature","geometry":{"type":"Polygon","coordinates":[[[37.0345332067136,-1.173969820068875],[37.03453762953531,-1.1740501146465234],[37.03462682304915,-1.1740456134499062],[37.03462682304915,-1.1739653684528266],[37.0345332067136,-1.173969820068875]]]},"id":"001a0000000000000fb5","properties":{"FID":374616}},{"type":"Feature","geometry":{"type":"Polygon","coordinates":[[[37.02491489912073,-1.184560200318703],[37.02498174167785,-1.1845691196340904],[37.02499067039713,-1.1845245376396154],[37.02492382784821,-1.1845156182995695],[37.02491489912073,-1.184560200318703]]]},"id":"001a0000000000009ce8","properties":{"FID":375640}},{"type":"Feature","geometry":{"type":"Polygon","coordinates":[[[37.036633443439605,-1.177175919308379],[37.03665572071036,-1.177216052843933],[37.036695852541165,-1.1771982258808815],[37.03667799797427,-1.177158082759551],[37.036633443439605,-1.177175919308379]]]},"id":"001a000000000000b405","properties":{"FID":375896}},{"type":"Feature","geometry":{"type":"Polygon","coordinates":[[[37.0477811359916,-1.1788213299254275],[37.04779456581674,-1.178946199498955],[37.047914942797085,-1.1789327827934832],[37.047901512994194,-1.1788034947959634],[37.0477811359916,-1.1788213299254275]]]},"id":"001a0000000000008b74","properties":{"FID":378968}},{"type":"Feature","geometry":{"type":"Polygon","coordinates":[[[37.04428078036439,-1.1865177226461496],[37.04428970671493,-1.1865623123738964],[37.044387814605514,-1.186540035346408],[37.04436996192743,-1.1864597547707287],[37.04442343805555,-1.1864463667936285],[37.04440558538622,-1.186379522812413],[37.04433876067678,-1.186392883553717],[37.0443431829021,-1.1864241070831978],[37.04429863306437,-1.1864374734394971],[37.04431640386689,-1.1865087977022155],[37.04428078036439,-1.1865177226461496]]]},"id":"001a0000000000010ee7","properties":{"FID":380760}},{"type":"Feature","geometry":{"type":"Polygon","coordinates":[[[37.03475164464246,-1.1739653835778499],[37.03476057216291,-1.1740054858417623],[37.03480520974871,-1.173996606488972],[37.034800705039466,-1.173956435902831],[37.03475164464246,-1.1739653835778499]]]},"id":"001a0000000000001760","properties":{"FID":374617}},{"type":"Feature","geometry":{"type":"Polygon","coordinates":[[[37.02469192632331,-1.184488877693809],[37.024696349743266,-1.184662749478707],[37.02479448406515,-1.1846582723888817],[37.02479448406515,-1.1844888704836272],[37.02469192632331,-1.184488877693809]]]},"id":"001a000000000001646f","properties":{"FID":375641}},{"type":"Feature","geometry":{"type":"Polygon","coordinates":[[[37.044035510028486,-1.1772428253557095],[37.04416932373004,-1.1772472903990423],[37.044173745965665,-1.1771580826992636],[37.04410683914975,-1.1771536407813776],[37.04410683914975,-1.17719376223081],[37.04403993227225,-1.1771893203323092],[37.044035510028486,-1.1772428253557095]]]},"id":"001a00000000000120a4","properties":{"FID":375897}},{"type":"Feature","geometry":{"type":"Polygon","coordinates":[[[37.05310087217075,-1.1788079496193764],[37.05311421912947,-1.17884809683116],[37.05320338985205,-1.1788168438550064],[37.05319004290972,-1.178772278358974],[37.05310087217075,-1.1788079496193764]]]},"id":"001a000000000000c38e","properties":{"FID":378969}},{"type":"Feature","geometry":{"type":"Polygon","coordinates":[[[37.032067277927254,-1.1984993173065535],[37.032116340134735,-1.1985037908815501],[37.03212969094673,-1.1983521666666932],[37.03207620577716,-1.198347762788439],[37.032067277927254,-1.1984993173065535]]]},"id":"001a000000000000c014","properties":{"FID":380761}},{"type":"Feature","geometry":{"type":"Polygon","coordinates":[[[37.034867620419085,-1.1739519845481314],[37.03487204322046,-1.174108045954941],[37.03491668073785,-1.1741035853005017],[37.034912176035505,-1.1739520029392905],[37.034867620419085,-1.1739519845481314]]]},"id":"001a00000000000081fd","properties":{"FID":374618}},{"type":"Feature","geometry":{"type":"Polygon","coordinates":[[[37.025490103528696,-1.1843550738522217],[37.0255258181498,-1.184359527249865],[37.02552131286598,-1.1845022373790135],[37.025597165425246,-1.1845067133942562],[37.02560158879019,-1.1843104854272857],[37.025490103528696,-1.184310513729215],[37.025490103528696,-1.1843550738522217]]]},"id":"001a000000000000eb4b","properties":{"FID":375642}},{"type":"Feature","geometry":{"type":"Polygon","coordinates":[[[37.04426734988995,-1.1772115996640131],[37.0443476870202,-1.17723392033655],[37.044374384150856,-1.1771313472948324],[37.04432533021305,-1.1771179680816155],[37.04430747751962,-1.1771804004741],[37.04428078036439,-1.1771714468125505],[37.04426734988995,-1.1772115996640131]]]},"id":"001a000000000000f294","properties":{"FID":375898}},{"type":"Feature","geometry":{"type":"Polygon","coordinates":[[[37.05155801272518,-1.178821304280814],[37.051575863637474,-1.1788659186571606],[37.051709663455064,-1.178803514245404],[37.051687308912726,-1.1787589110341168],[37.05155801272518,-1.178821304280814]]]},"id":"001a0000000000011079","properties":{"FID":378970}},{"type":"Feature","geometry":{"type":"Polygon","coordinates":[[[37.031924595993914,-1.1982496248043637],[37.03192901897423,-1.1983299196807513],[37.03197808127496,-1.1983254311842872],[37.03197365829762,-1.1982496174407353],[37.031924595993914,-1.1982496248043637]]]},"id":"001a0000000000007001","properties":{"FID":380762}},{"type":"Feature","geometry":{"type":"Polygon","coordinates":[[[37.02622585395059,-1.17405453637983],[37.02635519518991,-1.1740501219990978],[37.02635068995744,-1.1739519666129432],[37.02622585395059,-1.1739564290589097],[37.02622585395059,-1.17405453637983]]]},"id":"001a00000000000114fa","properties":{"FID":374619}},{"type":"Feature","geometry":{"type":"Polygon","coordinates":[[[37.02542326143845,-1.184502233359015],[37.02548117487068,-1.1845022147078543],[37.025485680156976,-1.1843060441440332],[37.02542326143845,-1.184301594339238],[37.02542326143845,-1.184502233359015]]]},"id":"001a00000000000166dd","properties":{"FID":375643}},{"type":"Feature","geometry":{"type":"Polygon","coordinates":[[[37.043973107226655,-1.1771179490876438],[37.044022161402154,-1.1771268507939587],[37.044035510028486,-1.1770555329764725],[37.04398645586199,-1.1770466312464714],[37.043973107226655,-1.1771179490876438]]]},"id":"001a00000000000061f6","properties":{"FID":375899}},{"type":"Feature","geometry":{"type":"Polygon","coordinates":[[[37.04861943074567,-1.1788882029118255],[37.04866848178522,-1.1788926847019296],[37.04866848178522,-1.178852563549782],[37.04870868887308,-1.1788570059312031],[37.04871311083251,-1.1787589028631964],[37.048623934598766,-1.1787589323780456],[37.04861943074567,-1.1788882029118255]]]},"id":"001a000000000000c8c0","properties":{"FID":378971}},{"type":"Feature","geometry":{"type":"Polygon","coordinates":[[[37.02688132251038,-1.1740322701846646],[37.02688582771,-1.174139263595557],[37.02693038821481,-1.174139282076507],[37.02692596493062,-1.1740857894410504],[37.02701508586381,-1.1740812893999095],[37.02701066258477,-1.173947544197011],[37.02696610212911,-1.173947525609678],[37.02696610212911,-1.1740277783692097],[37.02688132251038,-1.1740322701846646]]]},"id":"001a0000000000011a89","properties":{"FID":374620}},{"type":"Feature","geometry":{"type":"Polygon","coordinates":[[[37.04249262189356,-1.1753164767894064],[37.042506052695906,-1.175356624643423],[37.042550603632215,-1.175343209784577],[37.042541677068115,-1.1753031100815359],[37.04249262189356,-1.1753164767894064]]]},"id":"001a000000000000525f","properties":{"FID":375132}},{"type":"Feature","geometry":{"type":"Polygon","coordinates":[[[37.02536968942474,-1.1844977636556628],[37.025414332772236,-1.1844977750433812],[37.02541875614829,-1.1843015466742173],[37.025374194717934,-1.1842971132495785],[37.02536968942474,-1.1844977636556628]]]},"id":"001a000000000000c921","properties":{"FID":375644}},{"type":"Feature","geometry":{"type":"Polygon","coordinates":[[[37.04156965776455,-1.1768013501241539],[37.041618713561896,-1.176823626377193],[37.04164098930536,-1.176783512414286],[37.04159193352304,-1.176761236169731],[37.04156965776455,-1.1768013501241539]]]},"id":"001a000000000000601a","properties":{"FID":375900}},{"type":"Feature","geometry":{"type":"Polygon","coordinates":[[[37.04871311083251,-1.1787366330678977],[37.04871753279166,-1.178821342887917],[37.04878443536309,-1.178816887033583],[37.048780013408006,-1.1787321772966883],[37.04871311083251,-1.1787366330678977]]]},"id":"001a000000000001181c","properties":{"FID":378972}},{"type":"Feature","geometry":{"type":"Polygon","coordinates":[[[37.03227237247782,-1.1739118457556093],[37.03228130030255,-1.1739698016047666],[37.032366073629575,-1.1739608910247854],[37.03236156876928,-1.1739029258234348],[37.03227237247782,-1.1739118457556093]]]},"id":"001a000000000000afab","properties":{"FID":374621}},{"type":"Feature","geometry":{"type":"Polygon","coordinates":[[[37.0349300310359,-1.1749508514142473],[37.03493445383348,-1.174990965413943],[37.03498351410717,-1.1749864946474269],[37.03497909131257,-1.1749463806779226],[37.0349300310359,-1.1749508514142473]]]},"id":"001a0000000000002bf2","properties":{"FID":375133}},{"type":"Feature","geometry":{"type":"Polygon","coordinates":[[[37.02879879217675,-1.1843194142582414],[37.02887013624343,-1.184319421993179],[37.02887013624342,-1.184270325500465],[37.028798792176744,-1.1842703766604616],[37.02879879217675,-1.1843194142582414]]]},"id":"001a0000000000001ad7","properties":{"FID":375645}},{"type":"Feature","geometry":{"type":"Polygon","coordinates":[[[37.041355580825744,-1.1768192199962684],[37.04142249017388,-1.1768415142311865],[37.04145811507708,-1.1767344995090911],[37.04139128765812,-1.1767122039966045],[37.041355580825744,-1.1768192199962684]]]},"id":"001a000000000000ca1f","properties":{"FID":375901}},{"type":"Feature","geometry":{"type":"Polygon","coordinates":[[[37.04760728504339,-1.1786831029869702],[37.04763398097674,-1.178794569259364],[37.04768303268146,-1.1787811997366917],[37.04769195861416,-1.1788302557371237],[37.047776713975466,-1.1788123844928717],[37.04774101027975,-1.1786518638529562],[37.04760728504339,-1.1786831029869702]]]},"id":"001a0000000000014db0","properties":{"FID":378973}},{"type":"Feature","geometry":{"type":"Polygon","coordinates":[[[37.02584683938158,-1.173960929665181],[37.025891400522546,-1.1739608893488829],[37.02589140052255,-1.1738895920041637],[37.02584683938158,-1.1738895733566495],[37.02584683938158,-1.173960929665181]]]},"id":"001a0000000000000e2e","properties":{"FID":374622}},{"type":"Feature","geometry":{"type":"Polygon","coordinates":[[[37.041779229796006,-1.1748170321593485],[37.041868414428016,-1.1749642314430149],[37.041908543381936,-1.1749419304818691],[37.0418148545244,-1.174794742115837],[37.041779229796006,-1.1748170321593485]]]},"id":"001a0000000000016be3","properties":{"FID":375134}},{"type":"Feature","geometry":{"type":"Polygon","coordinates":[[[37.0339713423605,-1.184051836865883],[37.03397576521638,-1.1841098190700161],[37.034060536568745,-1.1841053740731593],[37.034060536568745,-1.184047381933259],[37.0339713423605,-1.184051836865883]]]},"id":"001a000000000000a237","properties":{"FID":375646}},{"type":"Feature","geometry":{"type":"Polygon","coordinates":[[[37.03857760103285,-1.1764179025779355],[37.03862665884893,-1.1765471755564962],[37.038751473577406,-1.17649816624424],[37.038697993277076,-1.1763688442967521],[37.03857760103285,-1.1764179025779355]]]},"id":"001a000000000001414d","properties":{"FID":375902}},{"type":"Feature","geometry":{"type":"Polygon","coordinates":[[[37.04759385518364,-1.178642954366666],[37.047620633011284,-1.1786830725132662],[37.04766968472503,-1.1786563292988093],[37.047642906915456,-1.1786117336327053],[37.04759385518364,-1.178642954366666]]]},"id":"001a0000000000005e78","properties":{"FID":378974}},{"type":"Feature","geometry":{"type":"Polygon","coordinates":[[[37.02447345819176,-1.1738939971466689],[37.024477881624996,-1.1739430718201178],[37.0245492299277,-1.1739341325999106],[37.0245448064988,-1.1738851169079871],[37.02447345819176,-1.1738939971466689]]]},"id":"001a0000000000000f79","properties":{"FID":374623}},{"type":"Feature","geometry":{"type":"Polygon","coordinates":[[[37.034974586614084,-1.17478136134827],[37.034983514107175,-1.1748260010798024],[37.03503257434777,-1.1748215304394605],[37.03502364686071,-1.174776949659493],[37.034974586614084,-1.17478136134827]]]},"id":"001a00000000000094da","properties":{"FID":375135}},{"type":"Feature","geometry":{"type":"Polygon","coordinates":[[[37.030805327607354,-1.1839715815997813],[37.030809832564024,-1.184060801595045],[37.030885597702586,-1.1840607994858292],[37.030885597702586,-1.184016183866264],[37.03084103961984,-1.1840161710643122],[37.030841039619844,-1.1839716144160202],[37.030805327607354,-1.1839715815997813]]]},"id":"001a000000000000d0ed","properties":{"FID":375647}},{"type":"Feature","geometry":{"type":"Polygon","coordinates":[[[37.03834123853682,-1.176324230523806],[37.03836801977298,-1.1764446573717824],[37.03840815065887,-1.1764357282474334],[37.03840364617279,-1.1764223646132528],[37.038443777039014,-1.1764178543894364],[37.03841257324494,-1.176293018457753],[37.03836801977298,-1.1763019570495858],[37.0383724423615,-1.1763197997067865],[37.03834123853682,-1.176324230523806]]]},"id":"001a0000000000015538","properties":{"FID":375903}},{"type":"Feature","geometry":{"type":"Polygon","coordinates":[[[37.04877108760896,-1.1786563159584111],[37.04881563470521,-1.1786563313490528],[37.048815634705214,-1.1786117330525983],[37.04877108760896,-1.178607299047987],[37.04877108760896,-1.1786563159584111]]]},"id":"001a00000000000017ca","properties":{"FID":378975}},{"type":"Feature","geometry":{"type":"Polygon","coordinates":[[[37.02551238421181,-1.173867281977972],[37.02551688949617,-1.1739609010378351],[37.02562837471662,-1.1739564681086938],[37.02562837471662,-1.173867257780303],[37.02551238421181,-1.173867281977972]]]},"id":"001a00000000000043c7","properties":{"FID":374624}},{"type":"Feature","geometry":{"type":"Polygon","coordinates":[[[37.04138236095167,-1.1745941172559784],[37.04146704177423,-1.1746119541954305],[37.04148047276603,-1.1745673261050202],[37.041395710062744,-1.1745450719428026],[37.04138236095167,-1.1745941172559784]]]},"id":"001a0000000000007fee","properties":{"FID":375136}},{"type":"Feature","geometry":{"type":"Polygon","coordinates":[[[37.0339713423605,-1.1840028028773961],[37.03414964876308,-1.184007272641873],[37.03415415351265,-1.1839002357344168],[37.03397576521638,-1.1838957670191104],[37.0339713423605,-1.1840028028773961]]]},"id":"001a000000000001264c","properties":{"FID":375648}},{"type":"Feature","geometry":{"type":"Polygon","coordinates":[[[37.04032105782968,-1.176328680377811],[37.04036569200249,-1.1763375924626953],[37.04037461883378,-1.1763019273676485],[37.040329984666435,-1.1762885375987209],[37.04032105782968,-1.176328680377811]]]},"id":"001a0000000000003710","properties":{"FID":375904}},{"type":"Feature","geometry":{"type":"Polygon","coordinates":[[[37.047745514187284,-1.178584983983727],[37.0477588621298,-1.178638507513597],[37.04780791375024,-1.1786296157285052],[37.04779456581674,-1.1785760922449853],[37.047745514187284,-1.178584983983727]]]},"id":"001a0000000000006c98","properties":{"FID":378976}},{"type":"Feature","geometry":{"type":"Polygon","coordinates":[[[37.03781953481276,-1.2160949345541874],[37.037828461956636,-1.2161395637867367],[37.03786408862077,-1.216130616990004],[37.03785516148128,-1.2160904708988227],[37.03781953481276,-1.2160949345541874]]]},"id":"001a000000000002cced","properties":{"FID":380768}},{"type":"Feature","geometry":{"type":"Polygon","coordinates":[[[37.030470895226884,-1.173853896070288],[37.03047540020426,-1.1739475091886173],[37.0305333915245,-1.1739475557955734],[37.03052888655071,-1.1738494059194555],[37.030470895226884,-1.173853896070288]]]},"id":"001a0000000000005a66","properties":{"FID":374625}},{"type":"Feature","geometry":{"type":"Polygon","coordinates":[[[37.04121733952955,-1.1745272111461258],[37.04126197315214,-1.174540601039413],[37.04128424900491,-1.1744736849019617],[37.04123519298187,-1.174460304482854],[37.04121733952955,-1.1745272111461258]]]},"id":"001a0000000000003a90","properties":{"FID":375137}},{"type":"Feature","geometry":{"type":"Polygon","coordinates":[[[37.024986246995056,-1.1839225715025377],[37.025062018197175,-1.183922569768502],[37.025062018197175,-1.1838734714821533],[37.024986246995056,-1.1838734731689793],[37.024986246995056,-1.1839225715025377]]]},"id":"001a000000000000af61","properties":{"FID":375649}},{"type":"Feature","geometry":{"type":"Polygon","coordinates":[[[37.040410244250424,-1.176194913203494],[37.0404147486122,-1.1762929985375092],[37.04045930083007,-1.176288537802232],[37.040454878368486,-1.1761904512681827],[37.040410244250424,-1.176194913203494]]]},"id":"001a000000000000699f","properties":{"FID":375905}},{"type":"Feature","geometry":{"type":"Polygon","coordinates":[[[37.047451203715326,-1.1784735482671682],[37.04746012967649,-1.1785181264332463],[37.04753587746795,-1.1785047551977914],[37.04752695151608,-1.1784556995373427],[37.047451203715326,-1.1784735482671682]]]},"id":"001a000000000000ac23","properties":{"FID":378977}},{"type":"Feature","geometry":{"type":"Polygon","coordinates":[[[37.03529122528614,-1.2160459266013752],[37.0353224304195,-1.2160726804768893],[37.03536256298602,-1.2160236071133503],[37.035331357869886,-1.2159968532716603],[37.03529122528614,-1.2160459266013752]]]},"id":"001a000000000002b437","properties":{"FID":380769}},{"type":"Feature","geometry":{"type":"Polygon","coordinates":[[[37.02693038821481,-1.1738271093478887],[37.026934893411386,-1.1738985127827661],[37.02701066258477,-1.17389404249399],[37.027006239305464,-1.1738226967941645],[37.02693038821481,-1.1738271093478887]]]},"id":"001a000000000000e72b","properties":{"FID":374626}},{"type":"Feature","geometry":{"type":"Polygon","coordinates":[[[37.041614209274705,-1.174500453617512],[37.04167219171396,-1.1745272458033469],[37.04171232077619,-1.1744336022136064],[37.041654338368936,-1.174406810048371],[37.041614209274705,-1.174500453617512]]]},"id":"001a000000000000ce30","properties":{"FID":375138}},{"type":"Feature","geometry":{"type":"Polygon","coordinates":[[[37.02854904643711,-1.1839002410911286],[37.0287318712148,-1.1839314588709815],[37.028758655989094,-1.183806621882592],[37.02863374220216,-1.1837842854609306],[37.02862489584059,-1.1838244426665068],[37.028714014693136,-1.1838422680751866],[37.02870508643066,-1.1838958056952924],[37.028611462474686,-1.1838779326375395],[37.02862039074864,-1.1838378330177883],[37.028562397903706,-1.1838244145128152],[37.02854904643711,-1.1839002410911286]]]},"id":"001a0000000000011438","properties":{"FID":375650}},{"type":"Feature","geometry":{"type":"Polygon","coordinates":[[[37.04021409949854,-1.176052250354483],[37.04023187129953,-1.1761592621265657],[37.0402765055271,-1.176154800210433],[37.04025865183936,-1.1760477897808752],[37.04021409949854,-1.176052250354483]]]},"id":"001a00000000000030d6","properties":{"FID":375906}},{"type":"Feature","geometry":{"type":"Polygon","coordinates":[[[37.0473530999598,-1.1784556878534485],[37.04737537394596,-1.1785493121518513],[37.04744227775306,-1.1785359603140046],[37.04742442582525,-1.1784423264092723],[37.0473530999598,-1.1784556878534485]]]},"id":"001a000000000001360d","properties":{"FID":378978}},{"type":"Feature","geometry":{"type":"Polygon","coordinates":[[[37.039723530558206,-1.2135443294154196],[37.03979936831017,-1.213588946964129],[37.03982164461106,-1.213544354193859],[37.039745888780566,-1.2135042180251459],[37.039723530558206,-1.2135443294154196]]]},"id":"001a0000000000000966","properties":{"FID":380770}},{"type":"Feature","geometry":{"type":"Polygon","coordinates":[[[37.03204942222416,-1.1738538976758677],[37.03215196959689,-1.1738494260819423],[37.03215196959688,-1.1738048247241277],[37.03204942222416,-1.1738048184395413],[37.03204942222416,-1.1738538976758677]]]},"id":"001a00000000000050d0","properties":{"FID":374627}},{"type":"Feature","geometry":{"type":"Polygon","coordinates":[[[37.04115051188928,-1.1744469447795134],[37.04118171450837,-1.1744514109121231],[37.04119064123945,-1.1744023751855897],[37.04116386104291,-1.1743978995632907],[37.04115051188928,-1.1744469447795134]]]},"id":"001a0000000000001709","properties":{"FID":375139}},{"type":"Feature","geometry":{"type":"Polygon","coordinates":[[[37.02536968942474,-1.1838155129789374],[37.025432108189214,-1.1838155425266101],[37.02543210818921,-1.1838512019103595],[37.025490103528696,-1.1838511824614972],[37.025494608814434,-1.1837174340870629],[37.025374194717934,-1.1837129442989807],[37.02536968942474,-1.1838155129789374]]]},"id":"001a000000000001188c","properties":{"FID":375651}},{"type":"Feature","geometry":{"type":"Polygon","coordinates":[[[37.045261771539806,-1.1760878983104388],[37.04531082484563,-1.1761369786929987],[37.045377730553284,-1.1760744964326584],[37.045328677292616,-1.176025475058459],[37.045261771539806,-1.1760878983104388]]]},"id":"001a000000000000dc0b","properties":{"FID":375907}},{"type":"Feature","geometry":{"type":"Polygon","coordinates":[[[37.04749575162069,-1.1783843662492581],[37.04750025554343,-1.1784289540012969],[37.04753587746795,-1.178428931346839],[37.04753145543689,-1.1783798648006332],[37.04749575162069,-1.1783843662492581]]]},"id":"001a0000000000004462","properties":{"FID":378979}},{"type":"Feature","geometry":{"type":"Polygon","coordinates":[[[37.043540544600006,-1.2114084421307305],[37.04356281975458,-1.2114575085640873],[37.04359852550283,-1.2114396589976915],[37.043571746193294,-1.2113906054856471],[37.043540544600006,-1.2114084421307305]]]},"id":"001a00000000000072e7","properties":{"FID":380771}},{"type":"Feature","geometry":{"type":"Polygon","coordinates":[[[37.03266036326287,-1.173800386440604],[37.03266478619846,-1.173867249171682],[37.03270049729818,-1.1738628087357357],[37.03270049729819,-1.1737959366195672],[37.03266036326287,-1.173800386440604]]]},"id":"001a00000000000026ff","properties":{"FID":374628}},{"type":"Feature","geometry":{"type":"Polygon","coordinates":[[[37.041520601934096,-1.1744023389620697],[37.04157408015832,-1.1744335603669631],[37.04159635591545,-1.1743979272599523],[37.04154287770761,-1.174366705873436],[37.041520601934096,-1.1744023389620697]]]},"id":"001a00000000000092c3","properties":{"FID":375140}},{"type":"Feature","geometry":{"type":"Polygon","coordinates":[[[37.025004104431424,-1.1838021704933672],[37.02509773302834,-1.1838066059779502],[37.02510215642363,-1.1837040382484074],[37.025008527832405,-1.1836996026559614],[37.025004104431424,-1.1838021704933672]]]},"id":"001a0000000000004755","properties":{"FID":375652}},{"type":"Feature","geometry":{"type":"Polygon","coordinates":[[[37.04481586810137,-1.1760388375006436],[37.044878270179694,-1.1760566642382928],[37.04489161864881,-1.1759987228548],[37.04482921658195,-1.1759853145702395],[37.04481586810137,-1.1760388375006436]]]},"id":"001a000000000000166f","properties":{"FID":375908}},{"type":"Feature","geometry":{"type":"Polygon","coordinates":[[[37.048195821642445,-1.1783129955671858],[37.04822710312597,-1.1784021779219855],[37.0482716505557,-1.178388819874663],[37.04824045098002,-1.1782951588384343],[37.048195821642445,-1.1783129955671858]]]},"id":"001a000000000000dfd7","properties":{"FID":378980}},{"type":"Feature","geometry":{"type":"Polygon","coordinates":[[[37.04453939840649,-1.2112256082818142],[37.04455725104296,-1.2112523929443932],[37.044601800722155,-1.2112300975487296],[37.044588452199825,-1.2111988769421067],[37.04453939840649,-1.2112256082818142]]]},"id":"001a000000000000920c","properties":{"FID":380772}},{"type":"Feature","geometry":{"type":"Polygon","coordinates":[[[37.03321331003297,-1.1738048631723368],[37.03322215583664,-1.1738449673194171],[37.03327572206921,-1.1738315900946517],[37.03326679436653,-1.1737959060810095],[37.03321331003297,-1.1738048631723368]]]},"id":"001a00000000000013c4","properties":{"FID":374629}},{"type":"Feature","geometry":{"type":"Polygon","coordinates":[[[37.04140914106773,-1.1743845036734735],[37.04147596847029,-1.1743934264520808],[37.04148489516523,-1.1743532867863975],[37.04141798587453,-1.174339946811594],[37.04140914106773,-1.1743845036734735]]]},"id":"001a0000000000001afa","properties":{"FID":375141}},{"type":"Feature","geometry":{"type":"Polygon","coordinates":[[[37.02825031697001,-1.1836817531148325],[37.02829045343806,-1.1836951552350827],[37.02830380495212,-1.1836505663831027],[37.028263668491434,-1.1836416435995691],[37.02825031697001,-1.1836817531148325]]]},"id":"001a000000000000ab8f","properties":{"FID":375653}},{"type":"Feature","geometry":{"type":"Polygon","coordinates":[[[37.04436103558675,-1.1759585725203847],[37.044374384150856,-1.1760031987395005],[37.0444680697097,-1.1759719377447708],[37.044454639269865,-1.175927371796913],[37.04436103558675,-1.1759585725203847]]]},"id":"001a000000000000a3a7","properties":{"FID":375909}},{"type":"Feature","geometry":{"type":"Polygon","coordinates":[[[37.05099619805642,-1.1780588040228006],[37.0510139672212,-1.178103419154907],[37.05106301664429,-1.178081096214734],[37.05104074378849,-1.1780365510234991],[37.05099619805642,-1.1780588040228006]]]},"id":"001a000000000000739b","properties":{"FID":378981}},{"type":"Feature","geometry":{"type":"Polygon","coordinates":[[[37.025128942533875,-1.1737870000598611],[37.02513336592729,-1.1738850988406069],[37.025182432810155,-1.1738806286157784],[37.02517800941973,-1.173787008111213],[37.025128942533875,-1.1737870000598611]]]},"id":"001a00000000000043f2","properties":{"FID":374630}},{"type":"Feature","geometry":{"type":"Polygon","coordinates":[[[37.041275322285315,-1.1743443916139304],[37.04131995587231,-1.174362258887808],[37.041355580825744,-1.1742775219499173],[37.04130652485085,-1.1742596641519611],[37.041275322285315,-1.1743443916139304]]]},"id":"001a000000000000c811","properties":{"FID":375142}},{"type":"Feature","geometry":{"type":"Polygon","coordinates":[[[37.02474541692075,-1.1836460566569702],[37.02492382784822,-1.1836550068632987],[37.02492825125408,-1.1836059578625624],[37.02474541692075,-1.183601497051852],[37.02474541692075,-1.1836460566569702]]]},"id":"001a000000000000d40a","properties":{"FID":375654}},{"type":"Feature","geometry":{"type":"Polygon","coordinates":[[[37.044472491927145,-1.1759140166322233],[37.04448141825414,-1.1759719666679644],[37.044512619443566,-1.175967536277888],[37.044503693120404,-1.1759095273594191],[37.044472491927145,-1.1759140166322233]]]},"id":"001a0000000000000d65","properties":{"FID":375910}},{"type":"Feature","geometry":{"type":"Polygon","coordinates":[[[37.0506304962161,-1.1779741078728976],[37.050657272924724,-1.178018701174025],[37.05069297518754,-1.1779964086292911],[37.05067062033237,-1.1779562829789811],[37.0506304962161,-1.1779741078728976]]]},"id":"001a000000000000088f","properties":{"FID":378982}},{"type":"Feature","geometry":{"type":"Polygon","coordinates":[[[37.032259021692,-1.1738583772286622],[37.0323526409544,-1.1738583446326154],[37.032348217999825,-1.1737781071876827],[37.032259021692,-1.1737825491466143],[37.032259021692,-1.1738583772286622]]]},"id":"001a0000000000008959","properties":{"FID":374631}},{"type":"Feature","geometry":{"type":"Polygon","coordinates":[[[37.04106132637659,-1.1744112677871774],[37.04111030062024,-1.1744201721367469],[37.04111480493865,-1.1743845191034517],[37.0411772101941,-1.1743934514033478],[37.04119506365629,-1.1742685749756294],[37.041137080836506,-1.1742596920556159],[37.04112373167795,-1.1743399608099805],[37.041074675546604,-1.1743309987872814],[37.04106132637659,-1.1744112677871774]]]},"id":"001a000000000000fcdb","properties":{"FID":375143}},{"type":"Feature","geometry":{"type":"Polygon","coordinates":[[[37.02977532337347,-1.1836772667186628],[37.02982881023456,-1.1836773174495296],[37.02982881023456,-1.183592565333368],[37.02977532337347,-1.1835925734825503],[37.02977532337347,-1.1836772667186628]]]},"id":"001a000000000000be51","properties":{"FID":375655}},{"type":"Feature","geometry":{"type":"Polygon","coordinates":[[[37.04478016295109,-1.175896173308648],[37.044820290297665,-1.1759496927191144],[37.04486934390143,-1.175913997772177],[37.044829216581945,-1.1758604784347686],[37.04478016295109,-1.175896173308648]]]},"id":"001a0000000000000dc9","properties":{"FID":375911}},{"type":"Feature","geometry":{"type":"Polygon","coordinates":[[[37.051571359967355,-1.1779384182452166],[37.0515802854224,-1.17799642519215],[37.05162040901415,-1.1779874960735397],[37.05162491268121,-1.1780097535742022],[37.05169181257565,-1.1779964029744048],[37.0516650362483,-1.1778715144288419],[37.05158478909197,-1.1778848952416079],[37.05159371454536,-1.1779339475855841],[37.051571359967355,-1.1779384182452166]]]},"id":"001a0000000000014ada","properties":{"FID":378983}},{"type":"Feature","geometry":{"type":"Polygon","coordinates":[[[37.024682997567375,-1.1737602430773622],[37.02469192632331,-1.1738048285274034],[37.024736488171385,-1.1737959497164814],[37.02472764133607,-1.1737513041133338],[37.024682997567375,-1.1737602430773622]]]},"id":"001a0000000000005e40","properties":{"FID":374632}},{"type":"Feature","geometry":{"type":"Polygon","coordinates":[[[37.03492110353625,-1.1742373765895266],[37.034925526334376,-1.1743087159579988],[37.0350057918833,-1.1743042346195185],[37.0350057918833,-1.1742329447963398],[37.03492110353625,-1.1742373765895266]]]},"id":"001a000000000000abcb","properties":{"FID":375144}},{"type":"Feature","geometry":{"type":"Polygon","coordinates":[[[37.025574802853896,-1.1837219020641585],[37.0256506553574,-1.1837263197806578],[37.025655078719105,-1.1835658144625205],[37.02558373150042,-1.1835613853782878],[37.025574802853896,-1.1837219020641585]]]},"id":"001a0000000000016302","properties":{"FID":375656}},{"type":"Feature","geometry":{"type":"Polygon","coordinates":[[[37.04426734988995,-1.175780220668932],[37.04427185401275,-1.1758248069525499],[37.0443833104899,-1.1758114162940125],[37.044378888267026,-1.175766828822731],[37.04426734988995,-1.175780220668932]]]},"id":"001a0000000000000e4a","properties":{"FID":375912}},{"type":"Feature","geometry":{"type":"Polygon","coordinates":[[[37.050688471462685,-1.177902749640912],[37.05071524814994,-1.178023162540657],[37.0509114464503,-1.1779785851679034],[37.050880248008085,-1.177858182410709],[37.050688471462685,-1.177902749640912]]]},"id":"001a0000000000014d15","properties":{"FID":378984}},{"type":"Feature","geometry":{"type":"Polygon","coordinates":[[[37.02725590842779,-1.1737914408401633],[37.02731390231392,-1.1738003849077647],[37.02732283074709,-1.1737602388677344],[37.02726483686806,-1.1737468756258524],[37.02725590842779,-1.1737914408401633]]]},"id":"001a000000000000bdf8","properties":{"FID":374633}},{"type":"Feature","geometry":{"type":"Polygon","coordinates":[[[37.036446133911625,-1.1742507413588381],[37.03652639778242,-1.1742463190232224],[37.036521893179774,-1.1741794011974194],[37.036446133911625,-1.1741793940369765],[37.036446133911625,-1.1742507413588381]]]},"id":"001a000000000000b6af","properties":{"FID":375145}},{"type":"Feature","geometry":{"type":"Polygon","coordinates":[[[37.02899939087263,-1.183547963269788],[37.02904845514893,-1.1835479651396716],[37.029052960214386,-1.1834231236107624],[37.0290038959411,-1.183423121663268],[37.02899939087263,-1.183547963269788]]]},"id":"001a0000000000004a96","properties":{"FID":375657}},{"type":"Feature","geometry":{"type":"Polygon","coordinates":[[[37.0444011631647,-1.1757445683558374],[37.04440558538622,-1.1758693951716759],[37.04447699603724,-1.1758649312947393],[37.0444680697097,-1.175740115437425],[37.0444011631647,-1.1757445683558374]]]},"id":"001a000000000000626e","properties":{"FID":375913}},{"type":"Feature","geometry":{"type":"Polygon","coordinates":[[[37.050889173548036,-1.177862639033116],[37.05090702462465,-1.1779116711171964],[37.050947148588214,-1.177893846344762],[37.05092929752145,-1.1778492326754273],[37.050889173548036,-1.177862639033116]]]},"id":"001a000000000000b7a4","properties":{"FID":378985}},{"type":"Feature","geometry":{"type":"Polygon","coordinates":[[[37.02968612391122,-1.1737468846839332],[37.02970398019433,-1.1738137779783506],[37.02975304399553,-1.1738048299995774],[37.02973518772446,-1.1737379367630816],[37.02968612391122,-1.1737468846839332]]]},"id":"001a000000000000bb8d","properties":{"FID":374634}},{"type":"Feature","geometry":{"type":"Polygon","coordinates":[[[37.042185023082844,-1.1741347958479158],[37.042251849772185,-1.174232910889831],[37.04229648275966,-1.174206181777367],[37.04222957421591,-1.1741080681142346],[37.042185023082844,-1.1741347958479158]]]},"id":"001a000000000000ce8f","properties":{"FID":375146}},{"type":"Feature","geometry":{"type":"Polygon","coordinates":[[[37.0288612080001,-1.1835390355223023],[37.028892415891704,-1.1835390798143057],[37.02889683905636,-1.183467695978906],[37.02894590340182,-1.1834676979015346],[37.02894590340183,-1.1834141823660234],[37.02886563116665,-1.183409774669887],[37.0288612080001,-1.1835390355223023]]]},"id":"001a00000000000053e1","properties":{"FID":375658}},{"type":"Feature","geometry":{"type":"Polygon","coordinates":[[[37.04246592407179,-1.175481435709346],[37.04252390583174,-1.1754858993314408],[37.04252390583174,-1.1754547339891963],[37.042470346411044,-1.1754547382496066],[37.04246592407179,-1.175481435709346]]]},"id":"001a0000000000002ca1","properties":{"FID":375914}},{"type":"Feature","geometry":{"type":"Polygon","coordinates":[[[37.04922147059642,-1.1778448004614381],[37.04929279462804,-1.1780900680816473],[37.04948899676941,-1.17803205764121],[37.04947564914469,-1.1779874909223502],[37.04931957182962,-1.1780320944205689],[37.04925709167721,-1.1778314048327665],[37.04922147059642,-1.1778448004614381]]]},"id":"001a0000000000018879","properties":{"FID":378986}},{"type":"Feature","geometry":{"type":"Polygon","coordinates":[[[37.02520029019838,-1.1737379340659735],[37.02520471358745,-1.173929721562241],[37.02530284722391,-1.1739252592677616],[37.02529391854292,-1.1737334827047563],[37.02520029019838,-1.1737379340659735]]]},"id":"001a0000000000017d92","properties":{"FID":374635}},{"type":"Feature","geometry":{"type":"Polygon","coordinates":[[[37.03646398853544,-1.1740946915568],[37.03647291584571,-1.174139270686987],[37.03651747047872,-1.1741303337246831],[37.03650854317392,-1.1740857546307746],[37.03646398853544,-1.1740946915568]]]},"id":"001a0000000000007daa","properties":{"FID":375147}},{"type":"Feature","geometry":{"type":"Polygon","coordinates":[[[37.02540089881367,-1.1834409884763488],[37.025454470804405,-1.1834543587617294],[37.02546331755137,-1.183414200439081],[37.02540982748153,-1.1834053083382516],[37.02540089881367,-1.1834409884763488]]]},"id":"001a00000000000028f6","properties":{"FID":375659}},{"type":"Feature","geometry":{"type":"Polygon","coordinates":[[[37.04925709167722,-1.1778225090027192],[37.04927052122958,-1.1778715517620133],[37.04935969666981,-1.1778403583740273],[37.04934626713394,-1.1777957341603575],[37.04925709167722,-1.1778225090027192]]]},"id":"001a000000000000e114","properties":{"FID":378987}},{"type":"Feature","geometry":{"type":"Polygon","coordinates":[[[37.0296415650939,-1.1738137406644829],[37.02968170079455,-1.1738137686800278],[37.02968170079455,-1.1737335191979663],[37.02964598821301,-1.1737334817280365],[37.0296415650939,-1.1738137406644829]]]},"id":"001a00000000000062ee","properties":{"FID":374636}},{"type":"Feature","geometry":{"type":"Polygon","coordinates":[[[37.04222957421591,-1.1741080681142346],[37.04229648275966,-1.1740545435449177],[37.042225151862,-1.173974289767249],[37.04216266561056,-1.1740278047276327],[37.04222957421591,-1.1741080681142346]]]},"id":"001a0000000000010417","properties":{"FID":375148}},{"type":"Feature","geometry":{"type":"Polygon","coordinates":[[[37.02815669242891,-1.183427594989172],[37.02825924528829,-1.1834364886507],[37.02825924528829,-1.1833919313100822],[37.02816111563829,-1.1833829687093373],[37.02815669242891,-1.183427594989172]]]},"id":"001a00000000000003fc","properties":{"FID":375660}},{"type":"Feature","geometry":{"type":"Polygon","coordinates":[[[37.04937304431583,-1.177786835326079],[37.04938197004093,-1.1778403073802168],[37.04942659865001,-1.1778314261335463],[37.04941767293038,-1.1777778952104818],[37.04937304431583,-1.177786835326079]]]},"id":"001a0000000000005b3e","properties":{"FID":378988}},{"type":"Feature","geometry":{"type":"Polygon","coordinates":[[[37.025374194717934,-1.1737691877318117],[37.025490103528696,-1.1737736431353396],[37.025490103528696,-1.1737335162831364],[37.02537861809643,-1.1737290514223526],[37.025374194717934,-1.1737691877318117]]]},"id":"001a000000000000a46f","properties":{"FID":374637}},{"type":"Feature","geometry":{"type":"Polygon","coordinates":[[[37.03490775323656,-1.1739520123772382],[37.034912176035505,-1.1739921252525574],[37.03494338133149,-1.1739876955323962],[37.0349523088284,-1.1741036237639901],[37.03499244159916,-1.1741035925971375],[37.034988018805095,-1.173947531449626],[37.03490775323656,-1.1739520123772382]]]},"id":"001a0000000000011622","properties":{"FID":375149}},{"type":"Feature","geometry":{"type":"Polygon","coordinates":[[[37.031438557962346,-1.1834588084112312],[37.031487620593836,-1.1834588102708528],[37.03149204360073,-1.1833785296481663],[37.03144298097223,-1.1833785277386715],[37.031438557962346,-1.1834588084112312]]]},"id":"001a00000000000097d4","properties":{"FID":375661}},{"type":"Feature","geometry":{"type":"Polygon","coordinates":[[[37.04946221963024,-1.1777689563766685],[37.049480071057445,-1.1778581676647617],[37.04965399941224,-1.1778224782150173],[37.04964056993076,-1.1777466895412396],[37.04957375003473,-1.1777600388321676],[37.04957375003473,-1.1777466657137772],[37.04946221963024,-1.1777689563766685]]]},"id":"001a0000000000010934","properties":{"FID":378989}},{"type":"Feature","geometry":{"type":"Polygon","coordinates":[[[37.02718013950973,-1.1737156590248379],[37.02718898604694,-1.1737647223456884],[37.027233628278445,-1.1737557836013495],[37.027229123100355,-1.173711190254865],[37.02718013950973,-1.1737156590248379]]]},"id":"001a0000000000006fb6","properties":{"FID":374638}},{"type":"Feature","geometry":{"type":"Polygon","coordinates":[[[37.04245249326205,-1.1739609370257185],[37.0425060526959,-1.1740277979000258],[37.04256403442384,-1.1739787711233955],[37.04251497926437,-1.1739118407341351],[37.04245249326205,-1.1739609370257185]]]},"id":"001a00000000000121b7","properties":{"FID":375150}},{"type":"Feature","geometry":{"type":"Polygon","coordinates":[[[37.03030593095408,-1.1834364932968078],[37.030346066288246,-1.183436516402312],[37.030346066288246,-1.1833785226811178],[37.03031043594167,-1.1833740680598286],[37.03030593095408,-1.1834364932968078]]]},"id":"001a0000000000003028","properties":{"FID":375662}},{"type":"Feature","geometry":{"type":"Polygon","coordinates":[[[37.05092479381125,-1.1777333058653146],[37.050933719345736,-1.1777689855235673],[37.050982768823005,-1.177755617519572],[37.05097384329454,-1.1777199378964591],[37.05092479381125,-1.1777333058653146]]]},"id":"001a0000000000007ec3","properties":{"FID":378990}},{"type":"Feature","geometry":{"type":"Polygon","coordinates":[[[37.032914517810546,-1.1737513281635488],[37.03298585784142,-1.1737513453040178],[37.03299028075721,-1.1737067351288548],[37.03291894073068,-1.1737022991145416],[37.032914517810546,-1.1737513281635488]]]},"id":"001a0000000000006f73","properties":{"FID":374639}},{"type":"Feature","geometry":{"type":"Polygon","coordinates":[[[37.04295197030364,-1.1738984873489644],[37.043018796287974,-1.17402334640337],[37.04310355709886,-1.173978736602274],[37.0430366492979,-1.1738538790791813],[37.04295197030364,-1.1738984873489644]]]},"id":"001a0000000000012de1","properties":{"FID":375151}},{"type":"Feature","geometry":{"type":"Polygon","coordinates":[[[37.02487025546691,-1.183405283088855],[37.02505759479944,-1.183414212575473],[37.02505759479944,-1.183360694484223],[37.024874760791015,-1.1833562331572938],[37.02487025546691,-1.183405283088855]]]},"id":"001a0000000000013526","properties":{"FID":375663}},{"type":"Feature","geometry":{"type":"Polygon","coordinates":[[[37.05050570188429,-1.1776664036675186],[37.050523471169036,-1.1777377645412872],[37.050572520923254,-1.1777243965104887],[37.050554751650516,-1.1776530357070196],[37.05050570188429,-1.1776664036675186]]]},"id":"001a0000000000009e92","properties":{"FID":378991}},{"type":"Feature","geometry":{"type":"Polygon","coordinates":[[[37.034118443126566,-1.1737647175892048],[37.034167503950655,-1.1737647254132915],[37.034163081106435,-1.1736978052429086],[37.034118443126566,-1.1736978468721173],[37.034118443126566,-1.1737647175892048]]]},"id":"001a0000000000009837","properties":{"FID":374640}},{"type":"Feature","geometry":{"type":"Polygon","coordinates":[[[37.0430366492979,-1.173831610927462],[37.043063428804565,-1.1738762045549032],[37.0431481895634,-1.17382269966887],[37.04311690589387,-1.1737781168562618],[37.0430366492979,-1.173831610927462]]]},"id":"001a0000000000010803","properties":{"FID":375152}},{"type":"Feature","geometry":{"type":"Polygon","coordinates":[[[37.024763274416195,-1.183498956030552],[37.024861408647844,-1.1835033806316249],[37.02487025546691,-1.1833562443785908],[37.02476769783182,-1.1833517706189658],[37.024763274416195,-1.183498956030552]]]},"id":"001a0000000000012096","properties":{"FID":375664}},{"type":"Feature","geometry":{"type":"Polygon","coordinates":[[[37.050880248008085,-1.177675321234101],[37.0508980990869,-1.177711039125256],[37.05098727252961,-1.1776619376247313],[37.0509694214727,-1.1776307559746853],[37.050880248008085,-1.177675321234101]]]},"id":"001a0000000000007ec4","properties":{"FID":378992}},{"type":"Feature","geometry":{"type":"Polygon","coordinates":[[[37.03313746541291,-1.173697803318867],[37.03315974375443,-1.173836033557667],[37.03319987751423,-1.173831583731044],[37.033195454611175,-1.1738048444887847],[37.033240011251884,-1.173795907512225],[37.03323108354481,-1.1737379526532872],[37.03326679436653,-1.1737335123139587],[37.033257866662744,-1.1736799763864623],[37.03313746541291,-1.173697803318867]]]},"id":"001a00000000000149e5","properties":{"FID":374641}},{"type":"Feature","geometry":{"type":"Polygon","coordinates":[[[37.03638372459577,-1.1738182039702372],[37.03649519316563,-1.1738182487764985],[37.03649519316563,-1.1737736499196876],[37.03638372459577,-1.173773605050354],[37.03638372459577,-1.1738182039702372]]]},"id":"001a0000000000007d48","properties":{"FID":375153}},{"type":"Feature","geometry":{"type":"Polygon","coordinates":[[[37.026890250996615,-1.1832581258764807],[37.026894756195674,-1.183320590084245],[37.02693931669503,-1.183316124004874],[37.02693931669503,-1.1832581279836978],[37.026890250996615,-1.1832581258764807]]]},"id":"001a00000000000036e8","properties":{"FID":375665}},{"type":"Feature","geometry":{"type":"Polygon","coordinates":[[[37.0507732233289,-1.1775950947869194],[37.050817769197685,-1.1777333167053536],[37.050866818753235,-1.1777199487211842],[37.05082669474532,-1.177581717258146],[37.0507732233289,-1.1775950947869194]]]},"id":"001a000000000000f2c6","properties":{"FID":378993}},{"type":"Feature","geometry":{"type":"Polygon","coordinates":[[[37.027581427184685,-1.1736799991752978],[37.02759035558503,-1.1737245828735432],[37.02762598726357,-1.1737156655450227],[37.027621564021665,-1.1736755492556366],[37.027581427184685,-1.1736799991752978]]]},"id":"001a000000000000c201","properties":{"FID":374642}},{"type":"Feature","geometry":{"type":"Polygon","coordinates":[[[37.04581912651812,-1.17379590250715],[37.04587268347139,-1.1738003763050942],[37.04587268347139,-1.1737468876495045],[37.04581912651812,-1.1737424138222878],[37.04581912651812,-1.17379590250715]]]},"id":"001a000000000000b814","properties":{"FID":375154}},{"type":"Feature","geometry":{"type":"Polygon","coordinates":[[[37.03039955272978,-1.1833027222555876],[37.03045312104069,-1.183307192179302],[37.030457544110476,-1.1831957335824332],[37.03040848078434,-1.1831912523734196],[37.03039955272978,-1.1833027222555876]]]},"id":"001a0000000000005148","properties":{"FID":375666}},{"type":"Feature","geometry":{"type":"Polygon","coordinates":[[[37.050982768823005,-1.1776263073214266],[37.051031818267155,-1.1776263122875785],[37.05102739644883,-1.1775727718177906],[37.050982768823005,-1.1775772343786999],[37.050982768823005,-1.1776263073214266]]]},"id":"001a000000000000341f","properties":{"FID":378994}},{"type":"Feature","geometry":{"type":"Polygon","coordinates":[[[37.03420763715443,-1.1736755532497116],[37.03421214190042,-1.1738003874172844],[37.03429683107293,-1.173795897227528],[37.034292408236574,-1.1736755396144818],[37.03420763715443,-1.1736755532497116]]]},"id":"001a0000000000006776","properties":{"FID":374643}},{"type":"Feature","geometry":{"type":"Polygon","coordinates":[[[37.045801274191604,-1.173729023089254],[37.04589053578037,-1.1737424292007097],[37.04589938004191,-1.173697816868578],[37.04580577821934,-1.1736844189082105],[37.045801274191604,-1.173729023089254]]]},"id":"001a0000000000000c85","properties":{"FID":375155}},{"type":"Feature","geometry":{"type":"Polygon","coordinates":[[[37.03032378708508,-1.18323583070732],[37.03039512965647,-1.1832358393632334],[37.030395129656476,-1.1831689466485606],[37.03032378708508,-1.1831734170917416],[37.03032378708508,-1.18323583070732]]]},"id":"001a0000000000007d54","properties":{"FID":375667}},{"type":"Feature","geometry":{"type":"Polygon","coordinates":[[[37.05084904955247,-1.1774880553470146],[37.050866818753235,-1.177595056807272],[37.0509872725296,-1.1775728051006589],[37.050964917764986,-1.177465757173487],[37.05084904955247,-1.1774880553470146]]]},"id":"001a000000000001441b","properties":{"FID":378995}},{"type":"Feature","geometry":{"type":"Polygon","coordinates":[[[37.03338269060522,-1.1736666178117374],[37.0333871954023,-1.173760226951332],[37.03346746264876,-1.1737558051421817],[37.03346295785666,-1.1736621371929485],[37.03338269060522,-1.1736666178117374]]]},"id":"001a000000000000678c","properties":{"FID":374644}},{"type":"Feature","geometry":{"type":"Polygon","coordinates":[[[37.0287318712148,-1.1832491898484343],[37.02878535884293,-1.1832626197381446],[37.02881656676706,-1.1831377166630033],[37.028763079161884,-1.1831288249244332],[37.0287318712148,-1.1832491898484343]]]},"id":"001a0000000000011f8c","properties":{"FID":375668}},{"type":"Feature","geometry":{"type":"Polygon","coordinates":[[[37.04961829663891,-1.1774479382940797],[37.04962722233389,-1.1774657679784728],[37.04967185079233,-1.1774390367871643],[37.04966292510284,-1.177421148212474],[37.04961829663891,-1.1774479382940797]]]},"id":"001a0000000000001473","properties":{"FID":378996}},{"type":"Feature","geometry":{"type":"Polygon","coordinates":[[[37.03194245172764,-1.1737468456329974],[37.032000359971555,-1.1737513124967602],[37.032004864854215,-1.1736532614910644],[37.031946874706875,-1.173648795834052],[37.03194245172764,-1.1737468456329974]]]},"id":"001a000000000000c1d3","properties":{"FID":374645}},{"type":"Feature","geometry":{"type":"Polygon","coordinates":[[[37.02563279807968,-1.1831734431738046],[37.025668512630745,-1.1831778969397155],[37.025668512630745,-1.1831243796392639],[37.02563722144245,-1.1831243364019464],[37.02563279807968,-1.1831734431738046]]]},"id":"001a000000000000158e","properties":{"FID":375669}},{"type":"Feature","geometry":{"type":"Polygon","coordinates":[[[37.0508311984616,-1.1774122781991758],[37.050849049552475,-1.1774568325333579],[37.050933719345736,-1.177421174267],[37.05091586827567,-1.1773765611099862],[37.0508311984616,-1.1774122781991758]]]},"id":"001a000000000000e94a","properties":{"FID":378997}},{"type":"Feature","geometry":{"type":"Polygon","coordinates":[[[37.03389107567005,-1.173648747098312],[37.033900003296125,-1.173751360479533],[37.03394906426754,-1.1737468906190065],[37.03393563188466,-1.1736442879989077],[37.03389107567005,-1.173648747098312]]]},"id":"001a0000000000004c81","properties":{"FID":374646}},{"type":"Feature","geometry":{"type":"Polygon","coordinates":[[[37.03373054202344,-1.1832091130766682],[37.03377960310915,-1.1832091150299777],[37.03378402597669,-1.1831154594115856],[37.03373496489395,-1.1831154574000742],[37.03373054202344,-1.1832091130766682]]]},"id":"001a0000000000006db6","properties":{"FID":375670}},{"type":"Feature","geometry":{"type":"Polygon","coordinates":[[[37.05040760225251,-1.1773766086502986],[37.05043880089768,-1.1774702059650899],[37.05049677629723,-1.1774523992421064],[37.05046549579079,-1.1773587443986415],[37.05040760225251,-1.1773766086502986]]]},"id":"001a000000000000ec5e","properties":{"FID":378998}},{"type":"Feature","geometry":{"type":"Polygon","coordinates":[[[37.04967627269314,-1.1773988493029321],[37.049685198381,-1.1774434838069423],[37.04974759627832,-1.1774300856818174],[37.04972532301929,-1.1773364670333981],[37.049685198381,-1.1773453958206541],[37.04969854596722,-1.1773944389654638],[37.04967627269314,-1.1773988493029321]]]},"id":"001a000000000000a76b","properties":{"FID":378999}},{"type":"Feature","geometry":{"type":"Polygon","coordinates":[[[37.02480783622059,-1.1831600601665377],[37.0248524799127,-1.1831600133850912],[37.02485690332292,-1.1830975856452333],[37.02481234154856,-1.1830931516530667],[37.02480783622059,-1.1831600601665377]]]},"id":"001a0000000000000bc9","properties":{"FID":375672}},{"type":"Feature","geometry":{"type":"Polygon","coordinates":[[[37.04977437331232,-1.1773141447494853],[37.04981007600896,-1.177461282459033],[37.049997351105155,-1.1774122501480724],[37.049974996035964,-1.177323051466049],[37.04991259833392,-1.177340926701833],[37.04989925078703,-1.1772874064975987],[37.04985020057829,-1.1773007741786325],[37.04987247379905,-1.1773810196655228],[37.049841274910705,-1.1773899867830186],[37.04981900168038,-1.1773007867051213],[37.04977437331232,-1.1773141447494853]]]},"id":"001a0000000000010e89","properties":{"FID":379000}},{"type":"Feature","geometry":{"type":"Polygon","coordinates":[[[37.02870959151737,-1.1831332530361298],[37.02874972773209,-1.183137755575933],[37.028763079161884,-1.1830351735191469],[37.02871851977929,-1.183030739815253],[37.02870959151737,-1.1831332530361298]]]},"id":"001a0000000000007c84","properties":{"FID":375673}},{"type":"Feature","geometry":{"type":"Polygon","coordinates":[[[37.04950234439166,-1.177095677757103],[37.049524699606266,-1.1771446988525294],[37.04960044524566,-1.1771090612836674],[37.04957817194152,-1.1770599800973878],[37.04950234439166,-1.177095677757103]]]},"id":"001a000000000001130a","properties":{"FID":379001}},{"type":"Feature","geometry":{"type":"Polygon","coordinates":[[[37.02897268809732,-1.183070867098724],[37.02903059870496,-1.1830753286083346],[37.02903510377151,-1.1829905659400766],[37.02897268809732,-1.1829861155893764],[37.02897268809732,-1.183070867098724]]]},"id":"001a0000000000002708","properties":{"FID":375674}},{"type":"Feature","geometry":{"type":"Polygon","coordinates":[[[37.04882906433916,-1.1770688843824095],[37.04883799013109,-1.1771135189702442],[37.04888704102311,-1.1771045697197646],[37.04887361139987,-1.1770555277067551],[37.04882906433916,-1.1770688843824095]]]},"id":"001a0000000000005dc9","properties":{"FID":379002}},{"type":"Feature","geometry":{"type":"Polygon","coordinates":[[[37.02681890498883,-1.1830530097119258],[37.026863547447356,-1.183057501222806],[37.02686797073533,-1.1829772168799098],[37.02681890498882,-1.1829772145958655],[37.02681890498883,-1.1830530097119258]]]},"id":"001a0000000000004699","properties":{"FID":375675}},{"type":"Feature","geometry":{"type":"Polygon","coordinates":[[[37.05560686396723,-1.1769841753879866],[37.055669338658774,-1.1771803672640944],[37.05572280647139,-1.1771625728624535],[37.055660413706136,-1.1769663210350363],[37.05560686396723,-1.1769841753879866]]]},"id":"001a0000000000013ac2","properties":{"FID":379003}},{"type":"Feature","geometry":{"type":"Polygon","coordinates":[[[37.0543806132714,-1.1769440470308117],[37.05440288510324,-1.1769931250277268],[37.054451932238244,-1.1769708043868612],[37.054434163914365,-1.176921774434804],[37.0543806132714,-1.1769440470308117]]]},"id":"001a0000000000001561","properties":{"FID":379004}},{"type":"Feature","geometry":{"type":"Polygon","coordinates":[[[37.028722942954516,-1.1830084516012531],[37.02876758424499,-1.1830084048122944],[37.02877200741724,-1.1829281814617523],[37.02872744804012,-1.1829281679928494],[37.028722942954516,-1.1830084516012531]]]},"id":"001a00000000000039cf","properties":{"FID":375677}},{"type":"Feature","geometry":{"type":"Polygon","coordinates":[[[37.04971197543799,-1.1769529850814746],[37.04974317438185,-1.1770287910911583],[37.049841274910705,-1.1769886245920846],[37.049814497901366,-1.1769172863322301],[37.04971197543799,-1.1769529850814746]]]},"id":"001a000000000000cdb1","properties":{"FID":379005}},{"type":"Feature","geometry":{"type":"Polygon","coordinates":[[[37.02867387845871,-1.1735818716474435],[37.02867838354736,-1.173684442142398],[37.02876758424499,-1.1736800002795595],[37.028758655989094,-1.1735774393170055],[37.02867387845871,-1.1735818716474435]]]},"id":"001a00000000000004ce","properties":{"FID":374654}},{"type":"Feature","geometry":{"type":"Polygon","coordinates":[[[37.03285652838833,-1.1829504504351671],[37.03290559006353,-1.1829549315568886],[37.03291001298421,-1.1828969306116937],[37.03286103321798,-1.1828925071204681],[37.03285652838833,-1.1829504504351671]]]},"id":"001a00000000000084cb","properties":{"FID":375678}},{"type":"Feature","geometry":{"type":"Polygon","coordinates":[[[37.0507019007505,-1.1769306868119993],[37.05071966998726,-1.1769752419611172],[37.0507598759401,-1.176957416854662],[37.05074202482733,-1.1769128630177639],[37.0507019007505,-1.1769306868119993]]]},"id":"001a00000000000037e7","properties":{"FID":379006}},{"type":"Feature","geometry":{"type":"Polygon","coordinates":[[[37.03433696420536,-1.1828434169855429],[37.03437267448415,-1.1828478701947325],[37.03437709731563,-1.1828077860352324],[37.034341387039,-1.1828033328135161],[37.03433696420536,-1.1828434169855429]]]},"id":"001a0000000000003633","properties":{"FID":375679}},{"type":"Feature","geometry":{"type":"Polygon","coordinates":[[[37.05454560480472,-1.1768459413076082],[37.054563454982876,-1.176921772602447],[37.054616923609565,-1.1769083963324136],[37.054599155326045,-1.1768325638472563],[37.05454560480472,-1.1768459413076082]]]},"id":"001a0000000000003aac","properties":{"FID":379007}},{"type":"Feature","geometry":{"type":"Polygon","coordinates":[[[37.02775983115997,-1.182830072867489],[37.0278222478745,-1.1828345234312125],[37.0278266711042,-1.1827809982197357],[37.02775983115997,-1.1827765575406586],[37.02775983115997,-1.182830072867489]]]},"id":"001a000000000000bf46","properties":{"FID":375680}},{"type":"Feature","geometry":{"type":"Polygon","coordinates":[[[37.05084454583729,-1.1768325699858617],[37.05085797509625,-1.1768860876240692],[37.050933719345736,-1.1768593465100001],[37.050915868275666,-1.176810256829202],[37.05084454583729,-1.1768325699858617]]]},"id":"001a00000000000087c2","properties":{"FID":379008}},{"type":"Feature","geometry":{"type":"Polygon","coordinates":[[[37.02525378042221,-1.1828389674330937],[37.02528941324476,-1.1828434226103035],[37.02529391854292,-1.182776574091705],[37.02525820380803,-1.182772120168515],[37.02525378042221,-1.1828389674330937]]]},"id":"001a0000000000007e08","properties":{"FID":375681}},{"type":"Feature","geometry":{"type":"Polygon","coordinates":[[[37.050135575702576,-1.1767656808457054],[37.05015784883586,-1.1768504021021864],[37.0502470231871,-1.1768281065794894],[37.05022475008115,-1.176743385469949],[37.050135575702576,-1.1767656808457054]]]},"id":"001a0000000000000c8a","properties":{"FID":379009}},{"type":"Feature","geometry":{"type":"Polygon","coordinates":[[[37.03138507228465,-1.1736844601419434],[37.03160802457428,-1.173693388548834],[37.03161695248055,-1.173523918593484],[37.03153217828057,-1.173523931942391],[37.03153217828057,-1.1735685332784953],[37.03138949529777,-1.1735596018295225],[37.03138507228465,-1.1736844601419434]]]},"id":"001a0000000000015fb3","properties":{"FID":374658}},{"type":"Feature","geometry":{"type":"Polygon","coordinates":[[[37.054599155326045,-1.1767300068450186],[37.05463035217119,-1.1768370283594571],[37.054777493016054,-1.1767879750102734],[37.05474179276055,-1.176685441649057],[37.054599155326045,-1.1767300068450186]]]},"id":"001a0000000000010bfc","properties":{"FID":379010}},{"type":"Feature","geometry":{"type":"Polygon","coordinates":[[[37.024874760791015,-1.182754277058893],[37.02495503742833,-1.1827497858569707],[37.02495503742833,-1.1827186068289721],[37.02487476079101,-1.1827230390553678],[37.024874760791015,-1.182754277058893]]]},"id":"001a0000000000007db4","properties":{"FID":375683}},{"type":"Feature","geometry":{"type":"Polygon","coordinates":[[[37.05030499873966,-1.1766943655270394],[37.05033619742889,-1.1766898760740128],[37.05033619742889,-1.1766274315514968],[37.050304998739655,-1.1766274438190703],[37.05030499873966,-1.1766943655270394]]]},"id":"001a0000000000002b27","properties":{"FID":379011}},{"type":"Feature","geometry":{"type":"Polygon","coordinates":[[[37.0343057586492,-1.196140463309798],[37.03433254137144,-1.1961449349213364],[37.034345891776695,-1.1960914284941926],[37.03431468622437,-1.1960869675584207],[37.0343057586492,-1.196140463309798]]]},"id":"001a00000000000082a9","properties":{"FID":380547}},{"type":"Feature","geometry":{"type":"Polygon","coordinates":[[[37.02451802017359,-1.1826160166511999],[37.02452244360412,-1.182660624113938],[37.02458494501049,-1.1826605943900899],[37.02458494501049,-1.1826160359993634],[37.02451802017359,-1.1826160166511999]]]},"id":"001a0000000000002ab7","properties":{"FID":375684}},{"type":"Feature","geometry":{"type":"Polygon","coordinates":[[[37.05172301066937,-1.176547205039043],[37.05174978697534,-1.1766230179509065],[37.051825530295076,-1.1765962186566197],[37.051798835901664,-1.1765248816542018],[37.05172301066937,-1.176547205039043]]]},"id":"001a000000000000d27e","properties":{"FID":379012}},{"type":"Feature","geometry":{"type":"Polygon","coordinates":[[[37.03371268672859,-1.1959264166978731],[37.03375282018332,-1.195935335742682],[37.033757243052484,-1.195899715603626],[37.03371719150524,-1.195890795261273],[37.03371268672859,-1.1959264166978731]]]},"id":"001a0000000000002c41","properties":{"FID":380548}},{"type":"Feature","geometry":{"type":"Polygon","coordinates":[[[37.027376319410926,-1.1827141009382385],[37.027469944956046,-1.1827185962543514],[37.027474450119215,-1.1826071341527942],[37.027438736454386,-1.1826026214037497],[37.0274343132011,-1.182678424992944],[37.02738074266773,-1.1826740134028897],[37.027376319410926,-1.1827141009382385]]]},"id":"001a0000000000010905","properties":{"FID":375685}},{"type":"Feature","geometry":{"type":"Polygon","coordinates":[[[37.05261931553545,-1.176498145301652],[37.05263708430326,-1.1765650250112483],[37.052668363874716,-1.1765561163504668],[37.05265051323087,-1.1764892379525338],[37.05261931553545,-1.176498145301652]]]},"id":"001a000000000000188d","properties":{"FID":379013}},{"type":"Feature","geometry":{"type":"Polygon","coordinates":[[[37.02948995023718,-1.1956677936586253],[37.02953008602147,-1.1956678105601388],[37.029534509147354,-1.1955607898818337],[37.029494373365516,-1.195556351029091],[37.02948995023718,-1.1956677936586253]]]},"id":"001a000000000000475d","properties":{"FID":380549}},{"type":"Feature","geometry":{"type":"Polygon","coordinates":[[[37.025044160775025,-1.182647258568882],[37.025088804322195,-1.1826472120730134],[37.02509322771803,-1.1825179485178423],[37.025044160775025,-1.182513466527504],[37.025044160775025,-1.182647258568882]]]},"id":"001a00000000000041f8","properties":{"FID":375686}},{"type":"Feature","geometry":{"type":"Polygon","coordinates":[[[37.05158921087636,-1.1764089582924353],[37.05161598723164,-1.176502620400417],[37.051651689023345,-1.1764892250057055],[37.0516382599111,-1.1764446036710663],[37.051687308912726,-1.1764312371197119],[37.05167396169185,-1.1763821964702905],[37.05158921087636,-1.1764089582924353]]]},"id":"001a000000000000ca5d","properties":{"FID":379014}},{"type":"Feature","geometry":{"type":"Polygon","coordinates":[[[37.02929819917449,-1.1956767072696937],[37.02937847093245,-1.1956767410713636],[37.02937847093245,-1.1956499737329107],[37.02948544519879,-1.195654421948565],[37.02948995023718,-1.195560783570985],[37.02930262231448,-1.1955563615648703],[37.02929819917449,-1.1956767072696937]]]},"id":"001a00000000000140f4","properties":{"FID":380550}},{"type":"Feature","geometry":{"type":"Polygon","coordinates":[[[37.02517800941973,-1.1826293796458693],[37.02522257097021,-1.18262939337103],[37.02522257097021,-1.182705189238974],[37.025289413244764,-1.1827096891445],[37.02529834192631,-1.1825313183161485],[37.025182432810155,-1.182531295041869],[37.02517800941973,-1.1826293796458693]]]},"id":"001a00000000000156bd","properties":{"FID":375687}},{"type":"Feature","geometry":{"type":"Polygon","coordinates":[[[37.051772059613775,-1.1763465094622654],[37.05178991047347,-1.1763911209922908],[37.05182110852507,-1.1763777366013493],[37.051807761328774,-1.1763331731323463],[37.051772059613775,-1.1763465094622654]]]},"id":"001a000000000000a726","properties":{"FID":379015}},{"type":"Feature","geometry":{"type":"Polygon","coordinates":[[[37.029159934959274,-1.19507031304162],[37.02916444001782,-1.1951193542425909],[37.02922235047284,-1.19511490580996],[37.02921792732798,-1.1950658633629754],[37.029159934959274,-1.19507031304162]]]},"id":"001a0000000000000aca","properties":{"FID":380551}},{"type":"Feature","geometry":{"type":"Polygon","coordinates":[[[37.02458494501049,-1.182665073808294],[37.02468750290307,-1.1826695483909608],[37.02469192632331,-1.182562504259529],[37.02472764133607,-1.182562537835476],[37.024732064753856,-1.1824554941049528],[37.02459379186315,-1.1824510445882024],[37.02458494501049,-1.182665073808294]]]},"id":"001a0000000000011064","properties":{"FID":375688}},{"type":"Feature","geometry":{"type":"Polygon","coordinates":[[[37.05017119633524,-1.1760967987074455],[37.050180121962306,-1.1761548037241318],[37.05021582445958,-1.1761503036862866],[37.050206898836905,-1.1760878805262898],[37.05017119633524,-1.1760967987074455]]]},"id":"001a0000000000007e1c","properties":{"FID":379016}},{"type":"Feature","geometry":{"type":"Polygon","coordinates":[[[37.03139391831062,-1.1950480248290885],[37.03153668319224,-1.1950658241572725],[37.031550034110616,-1.1949454615637285],[37.031407351162834,-1.1949320825038812],[37.03139391831062,-1.1950480248290885]]]},"id":"001a000000000001402b","properties":{"FID":380552}},{"type":"Feature","geometry":{"type":"Polygon","coordinates":[[[37.02599395657423,-1.1824599630173158],[37.026060880054004,-1.1824777818007626],[37.02607873722668,-1.1824109037223196],[37.026011813763354,-1.1823930849221889],[37.02599395657423,-1.1824599630173158]]]},"id":"001a000000000000b89a","properties":{"FID":375689}},{"type":"Feature","geometry":{"type":"Polygon","coordinates":[[[37.05005974873442,-1.1761771101379932],[37.05015784883586,-1.176177063014934],[37.05016235259359,-1.1760879226266348],[37.05005974873442,-1.176083444497524],[37.05005974873442,-1.1761771101379932]]]},"id":"001a000000000000a238","properties":{"FID":379017}},{"type":"Feature","geometry":{"type":"Polygon","coordinates":[[[37.03186660578258,-1.1949320513978101],[37.031871110673535,-1.1949944736918945],[37.03191124514427,-1.1949900102396793],[37.031911245144265,-1.1949320567167268],[37.03186660578258,-1.1949320513978101]]]},"id":"001a000000000000083b","properties":{"FID":380553}},{"type":"Feature","geometry":{"type":"Polygon","coordinates":[[[37.02754129032557,-1.1823797159992409],[37.02754579548433,-1.1825179123828635],[37.02766612407597,-1.1825179256210872],[37.02766170083651,-1.1823796692371304],[37.02754129032557,-1.1823797159992409]]]},"id":"001a0000000000016aab","properties":{"FID":375690}},{"type":"Feature","geometry":{"type":"Polygon","coordinates":[[[37.05197718046654,-1.1754859337567427],[37.051986105871734,-1.1755260288051763],[37.05204850179302,-1.1755126921840233],[37.05203515463851,-1.175472547838521],[37.05197718046654,-1.1754859337567427]]]},"id":"001a000000000000a0be","properties":{"FID":379018}},{"type":"Feature","geometry":{"type":"Polygon","coordinates":[[[37.03161695248055,-1.1950568971425042],[37.03180419253739,-1.195092567897009],[37.03181754340668,-1.1950256786180367],[37.03177740888426,-1.195021239742726],[37.031795264654114,-1.19494095571609],[37.031701644674435,-1.194923149733376],[37.03169271677857,-1.1949632622642503],[37.03163472638241,-1.1949543877426794],[37.03161695248055,-1.1950568971425042]]]},"id":"001a000000000000d79b","properties":{"FID":380554}},{"type":"Feature","geometry":{"type":"Polygon","coordinates":[[[37.02777760600407,-1.1823841717752706],[37.02786238457865,-1.1823930485137644],[37.02787573617125,-1.1823039052525228],[37.02778653438035,-1.1822949793995368],[37.02777760600407,-1.1823841717752706]]]},"id":"001a000000000000feda","properties":{"FID":375691}},{"type":"Feature","geometry":{"type":"Polygon","coordinates":[[[37.06091767588476,-1.186446367765149],[37.06099791272983,-1.186450828476142],[37.06100241581545,-1.1863349233244256],[37.06092209710098,-1.1863304637910166],[37.06091767588476,-1.186446367765149]]]},"id":"001a0000000000011f71","properties":{"FID":379019}},{"type":"Feature","geometry":{"type":"Polygon","coordinates":[[[37.03152775527612,-1.1949008285739033],[37.03153217828057,-1.19494544764454],[37.03156788993628,-1.194945416526733],[37.03156788993628,-1.1949008458197965],[37.03152775527612,-1.1949008285739033]]]},"id":"001a0000000000001919","properties":{"FID":380555}},{"type":"Feature","geometry":{"type":"Polygon","coordinates":[[[37.02739859951657,-1.182370797407674],[37.02749673019483,-1.1823752229753894],[37.027505658605556,-1.182268231378244],[37.02740310468416,-1.1822637566452383],[37.02739859951657,-1.182370797407674]]]},"id":"001a0000000000011b62","properties":{"FID":375692}},{"type":"Feature","geometry":{"type":"Polygon","coordinates":[[[37.065657720066056,-1.1863928772454067],[37.06570225680531,-1.1863928878453136],[37.06570675959912,-1.186294782229906],[37.0656621409936,-1.186294772854634],[37.065657720066056,-1.1863928772454067]]]},"id":"001a000000000001341c","properties":{"FID":379020}},{"type":"Feature","geometry":{"type":"Polygon","coordinates":[[[37.029240206869765,-1.1949320913328814],[37.0292892709837,-1.1949320861078985],[37.029293694124235,-1.1948874445658475],[37.02924471192335,-1.194883026652451],[37.029240206869765,-1.1949320913328814]]]},"id":"001a00000000000039d8","properties":{"FID":380556}},{"type":"Feature","geometry":{"type":"Polygon","coordinates":[[[37.02704637645968,-1.1822459093288744],[37.02705079973654,-1.1823618289919504],[37.02723805154394,-1.182357382740032],[37.02723805154394,-1.1823083470306248],[37.02720684294283,-1.1823083611606453],[37.02720684294283,-1.1822369883705406],[37.02704637645968,-1.1822459093288744]]]},"id":"001a0000000000010878","properties":{"FID":375693}},{"type":"Feature","geometry":{"type":"Polygon","coordinates":[[[37.062331223242296,-1.1854252679440507],[37.06233564437243,-1.1854698574675444],[37.06240703739967,-1.1854653839227656],[37.06240253440117,-1.1854207957245542],[37.062331223242296,-1.1854252679440507]]]},"id":"001a0000000000002891","properties":{"FID":379021}},{"type":"Feature","geometry":{"type":"Polygon","coordinates":[[[37.02678769620797,-1.1947002163333167],[37.026890250996615,-1.1946957148244037],[37.02688582770999,-1.1946511523903751],[37.026787696207975,-1.1946555842886255],[37.02678769620797,-1.1947002163333167]]]},"id":"001a0000000000000fca","properties":{"FID":380557}},{"type":"Feature","geometry":{"type":"Polygon","coordinates":[[[37.02469192632331,-1.1822815999780605],[37.024736488171385,-1.1822860343319053],[37.024754345669024,-1.1821923973582817],[37.02470527849755,-1.1821834947711536],[37.02469192632331,-1.1822815999780605]]]},"id":"001a00000000000062d8","properties":{"FID":375694}},{"type":"Feature","geometry":{"type":"Polygon","coordinates":[[[37.0596378862197,-1.1854966232465833],[37.05972704893303,-1.1855055411538933],[37.059735973385905,-1.1854207950404663],[37.05964238938966,-1.185411887202821],[37.0596378862197,-1.1854966232465833]]]},"id":"001a000000000000865c","properties":{"FID":379022}},{"type":"Feature","geometry":{"type":"Polygon","coordinates":[[[37.03052888655071,-1.1945485924470352],[37.0305333915245,-1.1947447869735879],[37.03064486905971,-1.1947448025487684],[37.030640364092825,-1.1945486082999097],[37.03052888655071,-1.1945485924470352]]]},"id":"001a0000000000010bbe","properties":{"FID":380558}},{"type":"Feature","geometry":{"type":"Polygon","coordinates":[[[37.02598510989176,-1.182201303561849],[37.02604302287693,-1.1822102451341192],[37.02604752812843,-1.1821656770087592],[37.02598953323314,-1.1821567366906451],[37.02598510989176,-1.182201303561849]]]},"id":"001a000000000000b13f","properties":{"FID":375695}},{"type":"Feature","geometry":{"type":"Polygon","coordinates":[[[37.05731028310262,-1.184564641265406],[37.05738602062428,-1.1845646375691956],[37.05739052393388,-1.1845022315702178],[37.057314704538484,-1.1844977586827825],[37.05731028310262,-1.184564641265406]]]},"id":"001a0000000000002cce","properties":{"FID":379023}},{"type":"Feature","geometry":{"type":"Polygon","coordinates":[[[37.03031928209832,-1.1944415812141782],[37.03038177852616,-1.1944415419381165],[37.03038620160028,-1.1943434876650236],[37.03032378708508,-1.194343466619823],[37.03031928209832,-1.1944415812141782]]]},"id":"001a0000000000006fc4","properties":{"FID":380559}},{"type":"Feature","geometry":{"type":"Polygon","coordinates":[[[37.02587804856589,-1.1822548347085053],[37.02593153829162,-1.1822637861576282],[37.02594939549604,-1.182156712836866],[37.02589590578345,-1.1821478202839297],[37.02587804856589,-1.1822548347085053]]]},"id":"001a000000000000f86c","properties":{"FID":375696}},{"type":"Feature","geometry":{"type":"Polygon","coordinates":[[[37.05728350884634,-1.1845066708798195],[37.057319207852515,-1.184506702923499],[37.057319207852515,-1.184444249423715],[37.05728350884634,-1.1844442762701402],[37.05728350884634,-1.1845066708798195]]]},"id":"001a00000000000098b7","properties":{"FID":379024}},{"type":"Feature","geometry":{"type":"Polygon","coordinates":[[[37.030395129656476,-1.194370231175293],[37.0304531210407,-1.194379106152168],[37.030457544110476,-1.194343486263281],[37.03039955272978,-1.1943345523144162],[37.030395129656476,-1.194370231175293]]]},"id":"001a0000000000002231","properties":{"FID":380560}},{"type":"Feature","geometry":{"type":"Polygon","coordinates":[[[37.02460722597068,-1.1820764550287277],[37.024611649395794,-1.1821299615071799],[37.02473206475385,-1.1821255538575868],[37.024732064753856,-1.1820720375951224],[37.02460722597068,-1.1820764550287277]]]},"id":"001a0000000000008289","properties":{"FID":375697}},{"type":"Feature","geometry":{"type":"Polygon","coordinates":[[[37.05911175029373,-1.1844665309603053],[37.059160794248754,-1.1844665314459712],[37.059160794248754,-1.184372912460271],[37.05911175029373,-1.1843729119162703],[37.05911175029373,-1.1844665309603053]]]},"id":"001a0000000000010f8b","properties":{"FID":379025}},{"type":"Feature","geometry":{"type":"Polygon","coordinates":[[[37.02818790062266,-1.193759292160834],[37.028339436281314,-1.1937548477794444],[37.028335013082774,-1.1936344697001153],[37.02818790062266,-1.1936344815827142],[37.02818790062266,-1.193759292160834]]]},"id":"001a00000000000108de","properties":{"FID":380561}},{"type":"Feature","geometry":{"type":"Polygon","coordinates":[[[37.03379737648262,-1.1821300137343655],[37.03386879755251,-1.1821433405777666],[37.03387322041463,-1.1821076769263295],[37.03383308702633,-1.1821032333371029],[37.03384201465951,-1.1820630797338934],[37.033810808891026,-1.1820586150649495],[37.03379737648262,-1.1821300137343655]]]},"id":"001a0000000000009d5a","properties":{"FID":375698}},{"type":"Feature","geometry":{"type":"Polygon","coordinates":[[[37.05916971877123,-1.1843773686980403],[37.059174140093894,-1.184457662358714],[37.059348045238146,-1.1844531807036824],[37.05934804523815,-1.1844487030242674],[37.05941051671135,-1.1844487296153672],[37.05940601352702,-1.1843416893481105],[37.05924995754791,-1.1843417091121735],[37.05924995754791,-1.1843773537445368],[37.05916971877123,-1.1843773686980403]]]},"id":"001a0000000000010fa2","properties":{"FID":379026}},{"type":"Feature","geometry":{"type":"Polygon","coordinates":[[[37.03288331164417,-1.1936790297485607],[37.032914517810546,-1.1936834914246206],[37.032914517810546,-1.1936344427442163],[37.03288331164417,-1.1936344614617538],[37.03288331164417,-1.1936790297485607]]]},"id":"001a0000000000007c02","properties":{"FID":380562}},{"type":"Feature","geometry":{"type":"Polygon","coordinates":[[[37.033828664161774,-1.1820987644147314],[37.03388657090419,-1.182103226080649],[37.033900003296125,-1.18200065272978],[37.033846437523266,-1.1819917625171794],[37.033828664161774,-1.1820987644147314]]]},"id":"001a00000000000063c9","properties":{"FID":375699}},{"type":"Feature","geometry":{"type":"Polygon","coordinates":[[[37.05693568825304,-1.183588089138978],[37.0570560500875,-1.1835970529115498],[37.057060553417585,-1.1834721966023696],[37.05694461304898,-1.1834677003324257],[37.05693568825304,-1.183588089138978]]]},"id":"001a0000000000010899","properties":{"FID":379027}},{"type":"Feature","geometry":{"type":"Polygon","coordinates":[[[37.03174177923866,-1.193754859517901],[37.031853254922304,-1.1937548764179577],[37.031853254922304,-1.193670160053745],[37.03182204830067,-1.1936746002859797],[37.03182204830067,-1.1936076880329278],[37.03174177923866,-1.1936077111894137],[37.03174177923866,-1.193754859517901]]]},"id":"001a0000000000016c83","properties":{"FID":380563}},{"type":"Feature","geometry":{"type":"Polygon","coordinates":[[[37.046568265148,-1.189545473504075],[37.04658169519728,-1.1895811547211694],[37.046648517844574,-1.1895633112238986],[37.04663959178373,-1.1895231982838428],[37.046568265148,-1.189545473504075]]]},"id":"001a0000000000001aea","properties":{"FID":380819}},{"type":"Feature","geometry":{"type":"Polygon","coordinates":[[[37.02838850100262,-1.1819337649216255],[37.02847327886548,-1.1820987625447246],[37.028571326183695,-1.1820497348879169],[37.028491053535305,-1.1818802474250594],[37.02838850100262,-1.1819337649216255]]]},"id":"001a0000000000018704","properties":{"FID":375700}},{"type":"Feature","geometry":{"type":"Polygon","coordinates":[[[37.05741729815072,-1.183427572253328],[37.05746634325013,-1.183427573432026],[37.05746634325013,-1.183378554981156],[37.05742171958007,-1.1833785437501172],[37.05741729815072,-1.183427572253328]]]},"id":"001a000000000000392e","properties":{"FID":379028}},{"type":"Feature","geometry":{"type":"Polygon","coordinates":[[[37.03182647128723,-1.1936032559831546],[37.031830976180665,-1.1936701563929315],[37.03185767790696,-1.1936701495099586],[37.031853254922304,-1.1936032478360115],[37.03182647128723,-1.1936032559831546]]]},"id":"001a00000000000034de","properties":{"FID":380564}},{"type":"Feature","geometry":{"type":"Polygon","coordinates":[[[37.04632300253116,-1.188956842500172],[37.046340854729536,-1.18901037015872],[37.04642110767721,-1.1889835947948624],[37.046398833398584,-1.1889256574604785],[37.04632300253116,-1.188956842500172]]]},"id":"001a000000000000f284","properties":{"FID":380820}},{"type":"Feature","geometry":{"type":"Polygon","coordinates":[[[37.03212969094673,-1.1818936552626473],[37.03219210391268,-1.1819070048841829],[37.032205536617504,-1.181862419610234],[37.03214312366309,-1.1818445910939201],[37.03212969094673,-1.1818936552626473]]]},"id":"001a0000000000004120","properties":{"FID":375701}},{"type":"Feature","geometry":{"type":"Polygon","coordinates":[[[37.06684824975201,-1.1829950316758442],[37.06685275247473,-1.1830440913320133],[37.066897288480675,-1.1830396267343433],[37.06689286762837,-1.1829950428918548],[37.06684824975201,-1.1829950316758442]]]},"id":"001a000000000000169c","properties":{"FID":379029}},{"type":"Feature","geometry":{"type":"Polygon","coordinates":[[[37.02825031697001,-1.1933624805149246],[37.0283751495041,-1.1933669459717002],[37.0283795727002,-1.1932375870670315],[37.0282547401737,-1.1932331214230847],[37.02825031697001,-1.1933624805149246]]]},"id":"001a0000000000010947","properties":{"FID":380565}},{"type":"Feature","geometry":{"type":"Polygon","coordinates":[[[37.046956261547294,-1.1887383595136958],[37.04699188373847,-1.1888676916803087],[37.0470944919295,-1.1888365002961123],[37.04705878789862,-1.1887115896996798],[37.046956261547294,-1.1887383595136958]]]},"id":"001a0000000000013ae9","properties":{"FID":380821}},{"type":"Feature","geometry":{"type":"Polygon","coordinates":[[[37.02852226158566,-1.1818624349577984],[37.028615967567184,-1.1820006542437098],[37.02870959151737,-1.1819382584792044],[37.028611462474686,-1.181799990475733],[37.02852226158566,-1.1818624349577984]]]},"id":"001a0000000000017278","properties":{"FID":375702}},{"type":"Feature","geometry":{"type":"Polygon","coordinates":[[[37.059321271733175,-1.1827542436081855],[37.05933469942498,-1.182856839205159],[37.059463981769596,-1.1828434538105088],[37.05945505728328,-1.1827409060688552],[37.059321271733175,-1.1827542436081855]]]},"id":"001a00000000000029dd","properties":{"FID":379030}},{"type":"Feature","geometry":{"type":"Polygon","coordinates":[[[37.03326679436653,-1.1933133955352824],[37.033369340023185,-1.1933178566910663],[37.03337826771328,-1.1931306039639655],[37.03327572206921,-1.1931261425903323],[37.03326679436653,-1.1933133955352824]]]},"id":"001a0000000000016779","properties":{"FID":380566}},{"type":"Feature","geometry":{"type":"Polygon","coordinates":[[[37.04905196314511,-1.188675963587626],[37.049065392735386,-1.1887250204524829],[37.049145642674326,-1.1887027252375626],[37.04913229498654,-1.1886536671699104],[37.04905196314511,-1.188675963587626]]]},"id":"001a000000000000a3cf","properties":{"FID":380822}},{"type":"Feature","geometry":{"type":"Polygon","coordinates":[[[37.03223223820631,-1.181857996780896],[37.03227687734365,-1.1818624294355657],[37.032285805167824,-1.181791100093835],[37.03224116603598,-1.1817866084764157],[37.03223223820631,-1.181857996780896]]]},"id":"001a00000000000058fb","properties":{"FID":375703}},{"type":"Feature","geometry":{"type":"Polygon","coordinates":[[[37.059348045238146,-1.1826918490261595],[37.059499679703876,-1.1826918425136803],[37.059499679703876,-1.1826293941139554],[37.059459560464596,-1.182633848679342],[37.059459560464596,-1.1825714592689314],[37.05950860418471,-1.1825714609260223],[37.05950860418471,-1.1824555195118314],[37.05934804523814,-1.182455487880295],[37.059348045238146,-1.1826918490261595]]]},"id":"001a000000000001799d","properties":{"FID":379031}},{"type":"Feature","geometry":{"type":"Polygon","coordinates":[[[37.03330242326522,-1.193126135870561],[37.03336491713043,-1.1931216761773538],[37.033364917130434,-1.1930949122237002],[37.03330242326521,-1.1930948915806485],[37.03330242326522,-1.193126135870561]]]},"id":"001a0000000000007b79","properties":{"FID":380567}},{"type":"Feature","geometry":{"type":"Polygon","coordinates":[[[37.046782326735475,-1.1883281364377414],[37.04682687505085,-1.1884306899795658],[37.04692948347484,-1.188386121715251],[37.04688935729277,-1.188283558145702],[37.046782326735475,-1.1883281364377414]]]},"id":"001a000000000000d3b5","properties":{"FID":380823}},{"type":"Feature","geometry":{"type":"Polygon","coordinates":[[[37.031946874706875,-1.1817554145302096],[37.0320271435426,-1.1817554034449331],[37.0320271435426,-1.1817197492670326],[37.031946874706875,-1.1817241802578329],[37.031946874706875,-1.1817554145302096]]]},"id":"001a000000000000815c","properties":{"FID":375704}},{"type":"Feature","geometry":{"type":"Polygon","coordinates":[[[37.05916521557196,-1.182344044543163],[37.059196492332084,-1.1823440285821476],[37.059200913653115,-1.1822994213112397],[37.05916521557196,-1.1822949698163892],[37.05916521557196,-1.182344044543163]]]},"id":"001a000000000000192c","properties":{"FID":379032}},{"type":"Feature","geometry":{"type":"Polygon","coordinates":[[[37.033195454611175,-1.1930904406708505],[37.03319987751423,-1.1931350564959358],[37.03325786666274,-1.1931306085952518],[37.033257866662744,-1.1930859822947255],[37.033195454611175,-1.1930904406708505]]]},"id":"001a0000000000001304","properties":{"FID":380568}},{"type":"Feature","geometry":{"type":"Polygon","coordinates":[[[37.04714796605303,-1.188363784617435],[37.04719251414428,-1.1884530189151292],[37.04729954409748,-1.1883994827139885],[37.04725499607184,-1.1883103075845283],[37.04714796605303,-1.188363784617435]]]},"id":"001a0000000000014c92","properties":{"FID":380824}},{"type":"Feature","geometry":{"type":"Polygon","coordinates":[[[37.0271354972454,-1.1816974731690835],[37.02715777742479,-1.1817509353540323],[37.02718013950973,-1.181742041805395],[37.02715777742479,-1.1816885219853746],[37.0271354972454,-1.1816974731690835]]]},"id":"001a0000000000001856","properties":{"FID":375705}},{"type":"Feature","geometry":{"type":"Polygon","coordinates":[[[37.059053781769954,-1.1822592958790359],[37.05905820309966,-1.1824243022284309],[37.05918306461472,-1.1824198235824435],[37.05917864329262,-1.182366340226655],[37.05912067482223,-1.1823663007322287],[37.05911617161992,-1.1822593254918163],[37.059053781769954,-1.1822592958790359]]]},"id":"001a00000000000150d5","properties":{"FID":379033}},{"type":"Feature","geometry":{"type":"Polygon","coordinates":[[[37.02616343586685,-1.1929611576514132],[37.02622585395059,-1.1929611209788058],[37.0262258539506,-1.192898686079534],[37.026257062972384,-1.1928987267235887],[37.02625706297238,-1.1928318112877205],[37.026163435866856,-1.1928362878696228],[37.02616343586685,-1.1929611576514132]]]},"id":"001a00000000000050c0","properties":{"FID":380569}},{"type":"Feature","geometry":{"type":"Polygon","coordinates":[[[37.05353337789174,-1.188243387070074],[37.05356457519461,-1.1883459636058595],[37.05367609930162,-1.188310275234711],[37.05364490204664,-1.1882077578684822],[37.05353337789174,-1.188243387070074]]]},"id":"001a0000000000013b77","properties":{"FID":380825}},{"type":"Feature","geometry":{"type":"Polygon","coordinates":[[[37.03212076310339,-1.1816706755895374],[37.032169825274806,-1.1816751573994377],[37.03218768094835,-1.1815458181722536],[37.0321341958214,-1.1815414050925526],[37.03212076310339,-1.1816706755895374]]]},"id":"001a00000000000134ad","properties":{"FID":375706}},{"type":"Feature","geometry":{"type":"Polygon","coordinates":[[[37.06168016795349,-1.1820318684672897],[37.06170694058865,-1.1820318638187477],[37.06170694058865,-1.1819872683493569],[37.06168016795349,-1.1819872729827192],[37.06168016795349,-1.1820318684672897]]]},"id":"001a000000000000149d","properties":{"FID":379034}},{"type":"Feature","geometry":{"type":"Polygon","coordinates":[[[37.02819232383014,-1.1927337498085697],[37.02828152512361,-1.1927381859972064],[37.0282859483254,-1.1926489773361915],[37.02819674703735,-1.19264454105881],[37.02819232383014,-1.1927337498085697]]]},"id":"001a000000000000658a","properties":{"FID":380570}},{"type":"Feature","geometry":{"type":"Polygon","coordinates":[[[37.04701415783535,-1.188185426807714],[37.0470230838502,-1.1882122193313454],[37.04706320995843,-1.1882032818765382],[37.047058787898614,-1.1881765367550825],[37.04701415783535,-1.188185426807714]]]},"id":"001a0000000000001d40","properties":{"FID":380826}},{"type":"Feature","geometry":{"type":"Polygon","coordinates":[[[37.03168829378388,-1.1809482955052921],[37.031692716778565,-1.1810642628608332],[37.03175070712851,-1.1810598254009088],[37.0317462022301,-1.18094833820172],[37.03168829378388,-1.1809482955052921]]]},"id":"001a000000000000be11","properties":{"FID":375707}},{"type":"Feature","geometry":{"type":"Polygon","coordinates":[[[37.06293314944673,-1.1816573031407693],[37.06305800429806,-1.181661779961647],[37.0630625072559,-1.1815815345581886],[37.062937652412316,-1.1815770576212434],[37.06293314944673,-1.1816573031407693]]]},"id":"001a000000000000a21d","properties":{"FID":379035}},{"type":"Feature","geometry":{"type":"Polygon","coordinates":[[[37.0278133195026,-1.1927069795500291],[37.027938152786355,-1.1927292503686606],[37.02795150436505,-1.1926400780597073],[37.027866807805914,-1.1926267278138765],[37.02786680780591,-1.1926356299761764],[37.0278266711042,-1.192626709327993],[37.0278133195026,-1.1927069795500291]]]},"id":"001a000000000000434d","properties":{"FID":380571}},{"type":"Feature","geometry":{"type":"Polygon","coordinates":[[[37.05302504829742,-1.1880784492924463],[37.053051824123514,-1.1881363688893682],[37.0531097974379,-1.1881096510547497],[37.05308752520959,-1.1880516610531657],[37.05302504829742,-1.1880784492924463]]]},"id":"001a0000000000003eaf","properties":{"FID":380827}},{"type":"Feature","geometry":{"type":"Polygon","coordinates":[[[37.033440679608,-1.1809349610680238],[37.033467462648765,-1.1809304785229155],[37.03346746264876,-1.180979508346894],[37.03351652391192,-1.180975091939756],[37.03351201912285,-1.1808948403726813],[37.033440679608,-1.1808992494695092],[37.033440679608,-1.1809349610680238]]]},"id":"001a00000000000111da","properties":{"FID":375708}},{"type":"Feature","geometry":{"type":"Polygon","coordinates":[[[37.05965573514628,-1.1815770828042174],[37.059700357443546,-1.1815815133664354],[37.05970477873389,-1.1815413847056475],[37.05966023831514,-1.1815369528516104],[37.05965573514628,-1.1815770828042174]]]},"id":"001a00000000000014c6","properties":{"FID":379036}},{"type":"Feature","geometry":{"type":"Polygon","coordinates":[[[37.02631055241954,-1.192582118248591],[37.02635068995744,-1.1925865584738728],[37.02635519518991,-1.1925330738776294],[37.02631055241954,-1.1925330670625713],[37.02631055241954,-1.192582118248591]]]},"id":"001a0000000000002702","properties":{"FID":380572}},{"type":"Feature","geometry":{"type":"Polygon","coordinates":[[[37.047081061974986,-1.1880160099216137],[37.04710783999158,-1.1880650351099553],[37.047197018085804,-1.1880249212070877],[37.04717024010207,-1.187971417279342],[37.047081061974986,-1.1880160099216137]]]},"id":"001a000000000000a036","properties":{"FID":380828}},{"type":"Feature","geometry":{"type":"Polygon","coordinates":[[[37.03484534260063,-1.1808412893111344],[37.03484976540337,-1.180894786917004],[37.034894321030734,-1.1808903817169214],[37.03488547543041,-1.1808368350458585],[37.03484534260063,-1.1808412893111344]]]},"id":"001a0000000000000a3b","properties":{"FID":375709}},{"type":"Feature","geometry":{"type":"Polygon","coordinates":[[[37.05970928189971,-1.1815859695176554],[37.05980286580974,-1.1815904625183915],[37.05980736896947,-1.1815413780907036],[37.05970928189971,-1.1815368962364299],[37.05970928189971,-1.1815859695176554]]]},"id":"001a0000000000002e5c","properties":{"FID":379037}},{"type":"Feature","geometry":{"type":"Polygon","coordinates":[[[37.02757700394007,-1.1925910105871123],[37.02760821238244,-1.1925954729419082],[37.02763049241708,-1.1925063373715001],[37.02759928398428,-1.1925018749948721],[37.02757700394007,-1.1925910105871123]]]},"id":"001a000000000000c2d6","properties":{"FID":380573}},{"type":"Feature","geometry":{"type":"Polygon","coordinates":[[[37.05446536083036,-1.1879669269019317],[37.05447870753837,-1.1880070827888567],[37.05452775462217,-1.187993704841956],[37.05451882952926,-1.1879491192271372],[37.05446536083036,-1.1879669269019317]]]},"id":"001a0000000000001538","properties":{"FID":380829}},{"type":"Feature","geometry":{"type":"Polygon","coordinates":[[[37.064257500521535,-1.1815503202993363],[37.064324388779426,-1.1815547571865546],[37.06432889165871,-1.1814789314250729],[37.064257500521535,-1.1814745056886002],[37.064257500521535,-1.1815503202993363]]]},"id":"001a00000000000008ac","properties":{"FID":379038}},{"type":"Feature","geometry":{"type":"Polygon","coordinates":[[[37.02797828942657,-1.1924929198138539],[37.027982712646796,-1.1926356382223442],[37.02811205076366,-1.1926311908690355],[37.02811205076366,-1.192564277539671],[37.0280540575136,-1.192568725074077],[37.0280540575136,-1.192492909713847],[37.02797828942657,-1.1924929198138539]]]},"id":"001a0000000000006591","properties":{"FID":380574}},{"type":"Feature","geometry":{"type":"Polygon","coordinates":[[[37.054527754622164,-1.1879535758188084],[37.05454118320028,-1.1879981498763732],[37.05457680167286,-1.1879892248316102],[37.054563454982876,-1.1879446495233013],[37.054527754622164,-1.1879535758188084]]]},"id":"001a0000000000003a7e","properties":{"FID":380830}},{"type":"Feature","geometry":{"type":"Polygon","coordinates":[[[37.02710428860033,-1.180716450413341],[37.02711772224447,-1.1807521327327846],[37.027166705877114,-1.1807342805381176],[37.027153354154436,-1.180698596984233],[37.02710428860033,-1.180716450413341]]]},"id":"001a000000000000a255","properties":{"FID":375711}},{"type":"Feature","geometry":{"type":"Polygon","coordinates":[[[37.06205473832799,-1.1809750859708346],[37.06205915947497,-1.1810419375329417],[37.062099359150885,-1.1810419598743145],[37.062099359150885,-1.1809750984495901],[37.06205473832799,-1.1809750859708346]]]},"id":"001a00000000000082f6","properties":{"FID":379039}},{"type":"Feature","geometry":{"type":"Polygon","coordinates":[[[37.024357465846414,-1.1924260545444532],[37.02449573918609,-1.1924304879084275],[37.02449573918609,-1.1923814358139457],[37.024406533252346,-1.19238147959033],[37.024406533252346,-1.1923413299870327],[37.02436197120227,-1.1923413217297807],[37.024357465846414,-1.1924260545444532]]]},"id":"001a000000000000d2a9","properties":{"FID":380575}},{"type":"Feature","geometry":{"type":"Polygon","coordinates":[[[37.046661947879024,-1.187958036661924],[37.04668422207702,-1.188024930157036],[37.04686257919567,-1.1879624998409672],[37.04684030505233,-1.1878911277568809],[37.046661947879024,-1.187958036661924]]]},"id":"001a0000000000007a30","properties":{"FID":380831}},{"type":"Feature","geometry":{"type":"Polygon","coordinates":[[[37.03209848444369,-1.1807387251915442],[37.03227237247781,-1.180743212014738],[37.03227237247782,-1.1806986015802179],[37.03209848444369,-1.1806941735951457],[37.03209848444369,-1.1807387251915442]]]},"id":"001a000000000000c596","properties":{"FID":375712}},{"type":"Feature","geometry":{"type":"Polygon","coordinates":[[[37.05803261114755,-1.180778879921048],[37.05803711441707,-1.1808368376213298],[37.058121775831964,-1.180836875359937],[37.058117354445244,-1.1807744391880657],[37.05803261114755,-1.180778879921048]]]},"id":"001a000000000000c992","properties":{"FID":379040}},{"type":"Feature","geometry":{"type":"Polygon","coordinates":[[[37.02446452940902,-1.1922833498777248],[37.02451802017359,-1.1922878166857387],[37.02451802017359,-1.1921897130116579],[37.02446895284281,-1.1921852357071985],[37.02446452940902,-1.1922833498777248]]]},"id":"001a0000000000005775","properties":{"FID":380576}},{"type":"Feature","geometry":{"type":"Polygon","coordinates":[[[37.05220907687686,-1.1877751877763947],[37.05221349862325,-1.1878108879034899],[37.05225812549309,-1.1878064182222092],[37.05225362186527,-1.1877707194011684],[37.05220907687686,-1.1877751877763947]]]},"id":"001a000000000000291c","properties":{"FID":380832}},{"type":"Feature","geometry":{"type":"Polygon","coordinates":[[[37.024246060594955,-1.1806896694881037],[37.024263836297244,-1.1808858881459408],[37.024384252230725,-1.1808770033717693],[37.024361971202275,-1.1806807961310333],[37.024246060594955,-1.1806896694881037]]]},"id":"001a0000000000017435","properties":{"FID":375713}},{"type":"Feature","geometry":{"type":"Polygon","coordinates":[[[37.058175323716554,-1.1806138881427295],[37.05818424836015,-1.1807120129759094],[37.05826899148089,-1.1807075134141878],[37.0582600668477,-1.1806094476106175],[37.058175323716554,-1.1806138881427295]]]},"id":"001a00000000000006d4","properties":{"FID":379041}},{"type":"Feature","geometry":{"type":"Polygon","coordinates":[[[37.034047104206465,-1.1921585046102845],[37.034060536568745,-1.1922253781211163],[37.03406938226939,-1.1922209359841804],[37.03408281462757,-1.1922655266985085],[37.03420321431265,-1.1922432404921752],[37.03418978197672,-1.1921718869328428],[37.03412737072473,-1.1921808245857575],[37.034118443126566,-1.1921406434352169],[37.034047104206465,-1.1921585046102845]]]},"id":"001a0000000000014f5f","properties":{"FID":380577}},{"type":"Feature","geometry":{"type":"Polygon","coordinates":[[[37.047000809756064,-1.1877662738056414],[37.047040935876595,-1.1878777935845348],[37.04710333604453,-1.1878554839444815],[37.04706320995843,-1.1877439643179069],[37.047000809756064,-1.1877662738056414]]]},"id":"001a000000000000df4d","properties":{"FID":380833}},{"type":"Feature","geometry":{"type":"Polygon","coordinates":[[[37.031946874706875,-1.1806540408869544],[37.031969153413016,-1.1807030785781214],[37.03201379271177,-1.1806763374141305],[37.0319915140193,-1.180631719578527],[37.031946874706875,-1.1806540408869544]]]},"id":"001a000000000000f7e3","properties":{"FID":375714}},{"type":"Feature","geometry":{"type":"Polygon","coordinates":[[[37.058277916112964,-1.1806629556495445],[37.058313532753004,-1.180662931775654],[37.058313532753004,-1.180609440655025],[37.058277916112964,-1.180609405593765],[37.058277916112964,-1.1806629556495445]]]},"id":"001a0000000000001858","properties":{"FID":379042}},{"type":"Feature","geometry":{"type":"Polygon","coordinates":[[[37.02742538478161,-1.1922431996502396],[37.02753236191921,-1.1922477112197964],[37.02753686707851,-1.1921228345208812],[37.027429808035436,-1.1921183830384212],[37.02742538478161,-1.1922431996502396]]]},"id":"001a00000000000113f0","properties":{"FID":380578}},{"type":"Feature","geometry":{"type":"Polygon","coordinates":[[[37.0516650362483,-1.18745859366639],[37.05167838347081,-1.1874942719605135],[37.05171850700837,-1.1874809158984039],[37.05170966345506,-1.18744522611553],[37.0516650362483,-1.18745859366639]]]},"id":"001a000000000000a055","properties":{"FID":380834}},{"type":"Feature","geometry":{"type":"Polygon","coordinates":[[[37.02451802017359,-1.1805916173895765],[37.02453137237974,-1.1806673786919615],[37.02458936843695,-1.180658462249381],[37.024576016241426,-1.1805827010217544],[37.02451802017359,-1.1805916173895765]]]},"id":"001a0000000000001c3c","properties":{"FID":375715}},{"type":"Feature","geometry":{"type":"Polygon","coordinates":[[[37.066117003877345,-1.18051578406001],[37.06612142477691,-1.1806139098363861],[37.06618389042167,-1.1806138803287316],[37.06617938765746,-1.180515814809118],[37.066117003877345,-1.18051578406001]]]},"id":"001a0000000000005454","properties":{"FID":379043}},{"type":"Feature","geometry":{"type":"Polygon","coordinates":[[[37.03058237285785,-1.1921272802505443],[37.03062701300751,-1.1921272871895046],[37.0306270130075,-1.1920693376492617],[37.03058237285785,-1.1920693306774892],[37.03058237285785,-1.1921272802505443]]]},"id":"001a0000000000000a34","properties":{"FID":380579}},{"type":"Feature","geometry":{"type":"Polygon","coordinates":[[[37.051508963636266,-1.187298099541814],[37.05153574002112,-1.1873962079616773],[37.05165611080366,-1.1873649791862069],[37.051629334463165,-1.1872668709985406],[37.051508963636266,-1.187298099541814]]]},"id":"001a0000000000015e1d","properties":{"FID":380835}},{"type":"Feature","geometry":{"type":"Polygon","coordinates":[[[37.066134851211,-1.180404294181838],[37.066139272109474,-1.1804712000697057],[37.06618389042167,-1.1804712127334591],[37.06617938765746,-1.1804043081572984],[37.066134851211,-1.180404294181838]]]},"id":"001a0000000000006c5e","properties":{"FID":379044}},{"type":"Feature","geometry":{"type":"Polygon","coordinates":[[[37.02478113190726,-1.192064842835998],[37.02482569370073,-1.1920693318954283],[37.02483462243915,-1.1920247390284502],[37.024790060651156,-1.1920202499504853],[37.02478113190726,-1.192064842835998]]]},"id":"001a0000000000002d82","properties":{"FID":380580}},{"type":"Feature","geometry":{"type":"Polygon","coordinates":[[[37.05120574290742,-1.187186577332449],[37.05121016471488,-1.187231175421314],[37.05132169243629,-1.1872223009802967],[37.05131718875042,-1.187177704246695],[37.05120574290742,-1.187186577332449]]]},"id":"001a000000000000a12a","properties":{"FID":380836}},{"type":"Feature","geometry":{"type":"Polygon","coordinates":[[[37.024232626420755,-1.1803686167868945],[37.02424155523193,-1.180506859987567],[37.024433319618595,-1.1804935081215706],[37.024424390830944,-1.1803552653116216],[37.024232626420755,-1.1803686167868945]]]},"id":"001a00000000000123e1","properties":{"FID":375717}},{"type":"Feature","geometry":{"type":"Polygon","coordinates":[[[37.06734322010691,-1.1803731248316354],[37.06738783767895,-1.1803730786176692],[37.067392258501116,-1.1803285375988326],[37.06734322010691,-1.1803240580809586],[37.06734322010691,-1.1803731248316354]]]},"id":"001a000000000000a584","properties":{"FID":379045}},{"type":"Feature","geometry":{"type":"Polygon","coordinates":[[[37.02456708747128,-1.192096086969591],[37.024682997567375,-1.1921005179333772],[37.02468750290307,-1.1919801179338327],[37.02457151089884,-1.191975688094338],[37.02456708747128,-1.192096086969591]]]},"id":"001a0000000000012461","properties":{"FID":380581}},{"type":"Feature","geometry":{"type":"Polygon","coordinates":[[[37.04807102312915,-1.1867362273188984],[37.04807994901418,-1.1867941921116536],[37.048137844407016,-1.1867897513589714],[37.048129000417894,-1.186727306715376],[37.04807102312915,-1.1867362273188984]]]},"id":"001a000000000000b7d4","properties":{"FID":380837}},{"type":"Feature","geometry":{"type":"Polygon","coordinates":[[[37.033726037247625,-1.1803151261535985],[37.03378402597669,-1.1803151090475326],[37.03378402597669,-1.1802794571914572],[37.033726037247625,-1.1802794742712575],[37.033726037247625,-1.1803151261535985]]]},"id":"001a0000000000000322","properties":{"FID":375718}},{"type":"Feature","geometry":{"type":"Polygon","coordinates":[[[37.066812637298916,-1.1803552850009793],[37.0669062120521,-1.1803597196267854],[37.0669062120521,-1.1803017581319428],[37.06681705815612,-1.1802973135754606],[37.066812637298916,-1.1803552850009793]]]},"id":"001a000000000000c3c1","properties":{"FID":379046}},{"type":"Feature","geometry":{"type":"Polygon","coordinates":[[[37.02442881426717,-1.1921674120598267],[37.02453137237974,-1.192171875556805],[37.02454030115427,-1.1919578423312942],[37.02443774305428,-1.19195337858523],[37.02442881426717,-1.1921674120598267]]]},"id":"001a0000000000013f72","properties":{"FID":380582}},{"type":"Feature","geometry":{"type":"Polygon","coordinates":[[[37.06019529466328,-1.191654605017246],[37.06023991662896,-1.1916679883268664],[37.06025326227575,-1.1916145071759394],[37.06021314345285,-1.1916011120817072],[37.06019529466328,-1.191654605017246]]]},"id":"001a000000000000a4c3","properties":{"FID":380838}},{"type":"Feature","geometry":{"type":"Polygon","coordinates":[[[37.03442165323253,-1.1801189298183699],[37.034493073689454,-1.180123359451353],[37.03449749651361,-1.1800876983361535],[37.03442615796526,-1.1800787888885707],[37.03442165323253,-1.1801189298183699]]]},"id":"001a0000000000002ba5","properties":{"FID":375719}},{"type":"Feature","geometry":{"type":"Polygon","coordinates":[[[37.06530985771934,-1.180239353230091],[37.0653143605375,-1.18028835108119],[37.065358897487435,-1.180288365142397],[37.065358897487435,-1.1802392972779296],[37.06530985771934,-1.180239353230091]]]},"id":"001a00000000000092f3","properties":{"FID":379047}},{"type":"Feature","geometry":{"type":"Polygon","coordinates":[[[37.02443774305428,-1.19195337858523],[37.024406533252346,-1.1919489158270675],[37.024397604461406,-1.1920648458972594],[37.02442881426717,-1.1920648869029662],[37.02443774305428,-1.19195337858523]]]},"id":"001a000000000000d216","properties":{"FID":380583}},{"type":"Feature","geometry":{"type":"Polygon","coordinates":[[[37.0600392403805,-1.1915476245799819],[37.06007935929949,-1.1915788161976308],[37.060132905740524,-1.1915030181868098],[37.0600927049758,-1.1914718279086267],[37.0600392403805,-1.1915476245799819]]]},"id":"001a000000000000e9b5","properties":{"FID":380839}},{"type":"Feature","geometry":{"type":"Polygon","coordinates":[[[37.0340248261367,-1.1798870846897318],[37.03407388702393,-1.1798870297760549],[37.03406938226939,-1.1798513895460938],[37.0340248261367,-1.1798513744686314],[37.0340248261367,-1.1798870846897318]]]},"id":"001a0000000000003846","properties":{"FID":375720}},{"type":"Feature","geometry":{"type":"Polygon","coordinates":[[[37.06685717332949,-1.1801813558135013],[37.066861676051644,-1.1802883729244604],[37.06698652414564,-1.180283897861489],[37.06698652414564,-1.1802259365565297],[37.066941906326875,-1.1802259237735282],[37.06693748547728,-1.1801769257539385],[37.06685717332949,-1.1801813558135013]]]},"id":"001a000000000000d68e","properties":{"FID":379048}},{"type":"Feature","geometry":{"type":"Polygon","coordinates":[[[37.030470895226884,-1.1920157831367073],[37.03061808497977,-1.1920113514369877],[37.03061808497978,-1.1919177364678142],[37.030470895226884,-1.1919221679803629],[37.030470895226884,-1.1920157831367073]]]},"id":"001a000000000000fede","properties":{"FID":380584}},{"type":"Feature","geometry":{"type":"Polygon","coordinates":[[[37.06062784001181,-1.1904773958525277],[37.060721504612545,-1.1905264853748645],[37.060743774499834,-1.1904863606917033],[37.06065010992784,-1.1904328517196627],[37.06062784001181,-1.1904773958525277]]]},"id":"001a000000000000e3e6","properties":{"FID":380840}},{"type":"Feature","geometry":{"type":"Polygon","coordinates":[[[37.034069382269394,-1.1798781427293559],[37.03410509267956,-1.1798825969105484],[37.034109515527305,-1.1797577195378444],[37.03407830987357,-1.1797577327727866],[37.034069382269394,-1.1798781427293559]]]},"id":"001a000000000000b9c8","properties":{"FID":375721}},{"type":"Feature","geometry":{"type":"Polygon","coordinates":[[[37.06089982726838,-1.1801144928639682],[37.06095779431838,-1.1801233701628884],[37.06097113983323,-1.1800654327999054],[37.06090875157712,-1.1800565064097908],[37.06089982726838,-1.1801144928639682]]]},"id":"001a00000000000096ba","properties":{"FID":379049}},{"type":"Feature","geometry":{"type":"Polygon","coordinates":[[[37.02804521108156,-1.1919756692302308],[37.02814325897656,-1.1919801442662572],[37.02814325897656,-1.1918686636272566],[37.02804521108156,-1.191868668913957],[37.02804521108156,-1.1919756692302308]]]},"id":"001a0000000000008f01","properties":{"FID":380585}},{"type":"Feature","geometry":{"type":"Polygon","coordinates":[[[37.065546214360054,-1.1873426450323556],[37.06559975676889,-1.1873426909237175],[37.06559975676889,-1.187284716429703],[37.065546214360054,-1.1872891482032777],[37.065546214360054,-1.1873426450323556]]]},"id":"001a0000000000001632","properties":{"FID":380841}},{"type":"Feature","geometry":{"type":"Polygon","coordinates":[[[37.034064959419204,-1.1796284176513692],[37.03413187547568,-1.1796551921674585],[37.03415415351265,-1.1795972153611824],[37.03408723747666,-1.1795749193169256],[37.034064959419204,-1.1796284176513692]]]},"id":"001a000000000000b9de","properties":{"FID":375722}},{"type":"Feature","geometry":{"type":"Polygon","coordinates":[[[37.059860833735506,-1.1799940993578506],[37.05986975817195,-1.1800341952171798],[37.05990987718458,-1.1800252652770395],[37.05990545590673,-1.1799851583390604],[37.059860833735506,-1.1799940993578506]]]},"id":"001a0000000000000d40","properties":{"FID":379050}},{"type":"Feature","geometry":{"type":"Polygon","coordinates":[[[37.024254907488796,-1.1919266505124428],[37.02432183256762,-1.1919310836788968],[37.02432625601008,-1.1918195873753499],[37.024259412850995,-1.1918151528445533],[37.024254907488796,-1.1919266505124428]]]},"id":"001a0000000000011b08","properties":{"FID":380586}},{"type":"Feature","geometry":{"type":"Polygon","coordinates":[[[37.065528366881665,-1.1872312173564554],[37.065581909303674,-1.1872401008808322],[37.06559083303683,-1.1871776859880832],[37.06553729062141,-1.1871687435220362],[37.065528366881665,-1.1872312173564554]]]},"id":"001a00000000000059e6","properties":{"FID":380842}},{"type":"Feature","geometry":{"type":"Polygon","coordinates":[[[37.06106930707254,-1.1800029956044575],[37.061145040673566,-1.1800029961419018],[37.061145040673566,-1.1799450310181363],[37.06107372827953,-1.1799450205886148],[37.06106930707254,-1.1800029956044575]]]},"id":"001a0000000000001bc2","properties":{"FID":379051}},{"type":"Feature","geometry":{"type":"Polygon","coordinates":[[[37.02414342016455,-1.1919266305569194],[37.024210345345885,-1.1919310637337874],[37.02421476879511,-1.1917928602029277],[37.02415234898668,-1.1917884152228324],[37.02414342016455,-1.1919266305569194]]]},"id":"001a00000000000032d9","properties":{"FID":380587}},{"type":"Feature","geometry":{"type":"Polygon","coordinates":[[[37.05755993005075,-1.2082290897000627],[37.057577779488106,-1.2082736739786202],[37.05762240306226,-1.2082558652362403],[37.05760013221767,-1.208211292427455],[37.05755993005075,-1.2082290897000627]]]},"id":"001a0000000000002b9d","properties":{"FID":380843}},{"type":"Feature","geometry":{"type":"Polygon","coordinates":[[[37.024290622716,-1.1771090124940238],[37.024303974963864,-1.1771982028792423],[37.02435304240586,-1.177193789055878],[37.02434411360836,-1.1771001104544265],[37.024290622716,-1.1771090124940238]]]},"id":"001a000000000000acb9","properties":{"FID":375724}},{"type":"Feature","geometry":{"type":"Polygon","coordinates":[[[37.05952194996591,-1.179962845019269],[37.059557647871685,-1.1799584020049871],[37.059553144696466,-1.1798781204988662],[37.05952194996591,-1.1798826112728644],[37.05952194996591,-1.179962845019269]]]},"id":"001a00000000000015fb","properties":{"FID":379052}},{"type":"Feature","geometry":{"type":"Polygon","coordinates":[[[37.03312411478587,-1.191725975225024],[37.0331418883195,-1.1917884183873158],[37.03317317628059,-1.1917839189680426],[37.03315532084894,-1.191717055935777],[37.03312411478587,-1.191725975225024]]]},"id":"001a0000000000012272","properties":{"FID":380588}},{"type":"Feature","geometry":{"type":"Polygon","coordinates":[[[37.062540817263944,-1.2081934210738148],[37.06256750770921,-1.2082648045895248],[37.062598783003736,-1.2082513952271465],[37.06256750770921,-1.2081800258055293],[37.062540817263944,-1.2081934210738148]]]},"id":"001a0000000000005cca","properties":{"FID":380844}},{"type":"Feature","geometry":{"type":"Polygon","coordinates":[[[37.0241612778077,-1.177095635320617],[37.024232626420755,-1.1770956497761678],[37.024232626420755,-1.1770510396274718],[37.02416127780769,-1.1770510840617423],[37.0241612778077,-1.177095635320617]]]},"id":"001a0000000000000ff5","properties":{"FID":375725}},{"type":"Feature","geometry":{"type":"Polygon","coordinates":[[[37.05955764787169,-1.1798379926190812],[37.05956206917072,-1.1799807186154183],[37.05966908090045,-1.1799762271424457],[37.059664659607925,-1.179837978406166],[37.05955764787169,-1.1798379926190812]]]},"id":"001a00000000000173ec","properties":{"FID":379053}},{"type":"Feature","geometry":{"type":"Polygon","coordinates":[[[37.03299028075722,-1.1916947684587171],[37.033003713314656,-1.1918240694538471],[37.03309290870939,-1.1918107033291738],[37.033075053258045,-1.1916813540153401],[37.03299028075722,-1.1916947684587171]]]},"id":"001a0000000000005489","properties":{"FID":380589}},{"type":"Feature","geometry":{"type":"Polygon","coordinates":[[[37.062143898073366,-1.2081488613531106],[37.06215732524316,-1.2081889736591278],[37.06221971242636,-1.2081666971793095],[37.06220636714102,-1.2081265246686617],[37.062143898073366,-1.2081488613531106]]]},"id":"001a000000000000c25e","properties":{"FID":380845}},{"type":"Feature","geometry":{"type":"Polygon","coordinates":[[[37.024290622715995,-1.1771001140346464],[37.0243931810233,-1.1770956377760953],[37.0243931810233,-1.177051086648344],[37.024290622716,-1.1770555039128638],[37.024290622715995,-1.1771001140346464]]]},"id":"001a000000000000059b","properties":{"FID":375726}},{"type":"Feature","geometry":{"type":"Polygon","coordinates":[[[37.067615264069474,-1.1798246285156335],[37.06761968487778,-1.1799137972307743],[37.06769999618177,-1.1799093674889771],[37.06769549351163,-1.179820141247173],[37.067615264069474,-1.1798246285156335]]]},"id":"001a00000000000067c9","properties":{"FID":379054}},{"type":"Feature","geometry":{"type":"Polygon","coordinates":[[[37.02494160338498,-1.1916456865835592],[37.02507545221829,-1.191645709919014],[37.02507545221829,-1.1914762734468165],[37.02494160338498,-1.1914762498237557],[37.02494160338498,-1.1916456865835592]]]},"id":"001a000000000000d6ed","properties":{"FID":380590}},{"type":"Feature","geometry":{"type":"Polygon","coordinates":[[[37.06265674869726,-1.2081443516052184],[37.06269686616991,-1.2081934126753624],[37.062736983620375,-1.2081622348174847],[37.06269686616991,-1.2081131738027475],[37.06265674869726,-1.2081443516052184]]]},"id":"001a000000000000a29c","properties":{"FID":380846}},{"type":"Feature","geometry":{"type":"Polygon","coordinates":[[[37.02458494501049,-1.1770109314995485],[37.02459829720436,-1.1770644687010705],[37.02463393034782,-1.177055548695447],[37.02462057816048,-1.1770020115310864],[37.02458494501049,-1.1770109314995485]]]},"id":"001a0000000000008413","properties":{"FID":375727}},{"type":"Feature","geometry":{"type":"Polygon","coordinates":[[[37.06390971333533,-1.1793876251494328],[37.063918637274064,-1.1794545198809205],[37.06396325695133,-1.1794500564241661],[37.063954333018074,-1.1793831617392059],[37.06390971333533,-1.1793876251494328]]]},"id":"001a000000000000ae7f","properties":{"FID":379055}},{"type":"Feature","geometry":{"type":"Polygon","coordinates":[[[37.02532512796434,-1.191471827916678],[37.02536076075196,-1.1914717997807216],[37.02536076075196,-1.191431651748211],[37.025325127964344,-1.1914316798659859],[37.02532512796434,-1.191471827916678]]]},"id":"001a0000000000002d0a","properties":{"FID":380591}},{"type":"Feature","geometry":{"type":"Polygon","coordinates":[[[37.06694640904378,-1.2069136472020667],[37.06696417430591,-1.2069627061743904],[37.06702663922534,-1.2069404313660197],[37.06700879211099,-1.2068868935339265],[37.06694640904378,-1.2069136472020667]]]},"id":"001a0000000000006320","properties":{"FID":380847}},{"type":"Feature","geometry":{"type":"Polygon","coordinates":[[[37.0244556006252,-1.1771000924287565],[37.02458043966845,-1.1771001032816446],[37.02458043966844,-1.1770020439545887],[37.0244556006252,-1.177002032946362],[37.0244556006252,-1.1771000924287565]]]},"id":"001a0000000000004500","properties":{"FID":375728}},{"type":"Feature","geometry":{"type":"Polygon","coordinates":[[[37.06410595786346,-1.1790977706405779],[37.0641193027996,-1.1791512836554858],[37.06416834337203,-1.1791379161263358],[37.06415499844492,-1.1790844031641503],[37.06410595786346,-1.1790977706405779]]]},"id":"001a00000000000030b6","properties":{"FID":379056}},{"type":"Feature","geometry":{"type":"Polygon","coordinates":[[[37.026783272915104,-1.1914004449662359],[37.02683233868564,-1.1914094029150435],[37.026845690467226,-1.1913603212723796],[37.026796624705696,-1.1913514222612316],[37.026783272915104,-1.1914004449662359]]]},"id":"001a0000000000001bdf","properties":{"FID":380592}},{"type":"Feature","geometry":{"type":"Polygon","coordinates":[[[37.0659118410937,-1.2064722326937087],[37.06597430691885,-1.206476662873889],[37.06597872782711,-1.2064320850315728],[37.06591184109371,-1.2064320874454182],[37.0659118410937,-1.2064722326937087]]]},"id":"001a00000000000033ca","properties":{"FID":380848}},{"type":"Feature","geometry":{"type":"Polygon","coordinates":[[[37.024558158700046,-1.1768281340605302],[37.024562582128134,-1.1769262422558013],[37.02466964538903,-1.1769217553961324],[37.02466964538903,-1.17682363777074],[37.024558158700046,-1.1768281340605302]]]},"id":"001a00000000000127e4","properties":{"FID":375729}},{"type":"Feature","geometry":{"type":"Polygon","coordinates":[[[37.06414607453524,-1.178910540337415],[37.06415499844492,-1.1789773750679275],[37.06418619118483,-1.178972943862564],[37.06420403899324,-1.1790531878696038],[37.0642931960989,-1.17903536836146],[37.064275348312414,-1.1789283233949333],[37.06423081069764,-1.1789372618716238],[37.06422188679726,-1.1788971105359993],[37.06414607453524,-1.178910540337415]]]},"id":"001a0000000000012d3b","properties":{"FID":379057}},{"type":"Feature","geometry":{"type":"Polygon","coordinates":[[[37.0267297019025,-1.1913870771905546],[37.026778767709146,-1.1913959761983037],[37.026783272915104,-1.1913647781946692],[37.026734207111495,-1.1913558791763788],[37.0267297019025,-1.1913870771905546]]]},"id":"001a0000000000001be0","properties":{"FID":380593}},{"type":"Feature","geometry":{"type":"Polygon","coordinates":[[[37.06594311494735,-1.206400877048213],[37.06598323060376,-1.2064008876658139],[37.065983230603756,-1.206338459361389],[37.06594311494735,-1.206338448712006],[37.06594311494735,-1.206400877048213]]]},"id":"001a0000000000001a32","properties":{"FID":380849}},{"type":"Feature","geometry":{"type":"Polygon","coordinates":[[[37.024263836297244,-1.1767745875719249],[37.02426834165888,-1.1769485374569253],[37.02438867566938,-1.1769440218164144],[37.024384252230725,-1.1768548706645305],[37.024330761367864,-1.1768593527389484],[37.02432625601008,-1.1767701440800837],[37.024263836297244,-1.1767745875719249]]]},"id":"001a0000000000017848","properties":{"FID":375730}},{"type":"Feature","geometry":{"type":"Polygon","coordinates":[[[37.059633464925284,-1.1787856664286882],[37.05973597338591,-1.1787811877795165],[37.05973155209746,-1.1787143386064087],[37.059633464925284,-1.178718748489283],[37.059633464925284,-1.1787856664286882]]]},"id":"001a000000000000bc63","properties":{"FID":379058}},{"type":"Feature","geometry":{"type":"Polygon","coordinates":[[[37.02583791076733,-1.191449520456298],[37.02598060463639,-1.1914495232484197],[37.025985109891764,-1.191338029624592],[37.02583791076733,-1.1913335578120812],[37.02583791076733,-1.191449520456298]]]},"id":"001a00000000000117e8","properties":{"FID":380594}},{"type":"Feature","geometry":{"type":"Polygon","coordinates":[[[37.066237350491726,-1.2060441505770667],[37.066246274144305,-1.2061734620247018],[37.06629089239073,-1.2061689799456936],[37.06628196874364,-1.206044148745926],[37.066237350491726,-1.2060441505770667]]]},"id":"001a000000000000c1e2","properties":{"FID":380850}},{"type":"Feature","geometry":{"type":"Polygon","coordinates":[[[37.02589590578345,-1.1767478392920698],[37.02598060463639,-1.1767567811037851],[37.025985109891764,-1.1767077419348402],[37.025900329130245,-1.176703279902237],[37.02589590578345,-1.1767478392920698]]]},"id":"001a000000000000a6e7","properties":{"FID":375731}},{"type":"Feature","geometry":{"type":"Polygon","coordinates":[[[37.06013290574052,-1.1786920234806373],[37.06015959707099,-1.178741090111382],[37.06019971592348,-1.178723207462605],[37.06017302460777,-1.1786697229205778],[37.06013290574052,-1.1786920234806373]]]},"id":"001a000000000000b25c","properties":{"FID":379059}},{"type":"Feature","geometry":{"type":"Polygon","coordinates":[[[37.06831530389616,-1.1863973328857806],[37.06842680534778,-1.1864017751617533],[37.06842680534778,-1.1863572366192987],[37.068319806527846,-1.1863527238776201],[37.06831530389616,-1.1863973328857806]]]},"id":"001a000000000000279b","properties":{"FID":379827}},{"type":"Feature","geometry":{"type":"Polygon","coordinates":[[[37.02668071797571,-1.1913647944668884],[37.02671635009963,-1.1913603448514642],[37.02671635009963,-1.1913023348025844],[37.02668071797571,-1.1913068433374019],[37.02668071797571,-1.1913647944668884]]]},"id":"001a000000000000bbbf","properties":{"FID":380595}},{"type":"Feature","geometry":{"type":"Polygon","coordinates":[[[37.06567998843909,-1.205393131136312],[37.065724607033644,-1.2055224044903718],[37.06578699115103,-1.2055001327702501],[37.06573795167218,-1.2053708119274378],[37.06567998843909,-1.205393131136312]]]},"id":"001a0000000000013b11","properties":{"FID":380851}},{"type":"Feature","geometry":{"type":"Polygon","coordinates":[[[37.02437089999757,-1.1766319114319783],[37.02437532343704,-1.1767166423112843],[37.02440210981477,-1.176712161379586],[37.02440210981477,-1.176631899600543],[37.02437089999757,-1.1766319114319783]]]},"id":"001a0000000000006d1a","properties":{"FID":375732}},{"type":"Feature","geometry":{"type":"Polygon","coordinates":[[[37.06753495267172,-1.1787053918791526],[37.06765537880164,-1.1787009293122435],[37.06765537880164,-1.1786206479698866],[37.06753495267172,-1.178625110403249],[37.06753495267172,-1.1787053918791526]]]},"id":"001a0000000000012aa7","properties":{"FID":379060}},{"type":"Feature","geometry":{"type":"Polygon","coordinates":[[[37.03315532084894,-1.191280068644906],[37.033195454611175,-1.1913825990597486],[37.033275722069206,-1.1913513943730536],[37.03323108354481,-1.1912488758383197],[37.03315532084894,-1.191280068644906]]]},"id":"001a000000000000bade","properties":{"FID":380596}},{"type":"Feature","geometry":{"type":"Polygon","coordinates":[[[37.027224699834335,-1.1765516572107941],[37.02737631941092,-1.1765516664608284],[37.027376319410926,-1.1765025803742388],[37.027224699834335,-1.1765025710297474],[37.027224699834335,-1.1765516572107941]]]},"id":"001a0000000000005d3d","properties":{"FID":375733}},{"type":"Feature","geometry":{"type":"Polygon","coordinates":[[[37.059348045238146,-1.1784289433575421],[37.05939266772449,-1.1784333753147096],[37.059392667724495,-1.178388783306692],[37.059348045238146,-1.178384351330118],[37.059348045238146,-1.1784289433575421]]]},"id":"001a00000000000024f1","properties":{"FID":379061}},{"type":"Feature","geometry":{"type":"Polygon","coordinates":[[[37.02673863040734,-1.191306819641885],[37.02688582770999,-1.191302330500334],[37.02688582770999,-1.1912443796291798],[37.02673863040733,-1.1912488686547733],[37.02673863040734,-1.191306819641885]]]},"id":"001a000000000000551f","properties":{"FID":380597}},{"type":"Feature","geometry":{"type":"Polygon","coordinates":[[[37.026587009502165,-1.1764089687276111],[37.02663607540502,-1.176417873118976],[37.02665393243658,-1.1763420520258148],[37.02660486654577,-1.1763331476098053],[37.026587009502165,-1.1764089687276111]]]},"id":"001a0000000000009199","properties":{"FID":375734}},{"type":"Feature","geometry":{"type":"Polygon","coordinates":[[[37.06769107270794,-1.1784557029267757],[37.06776688126721,-1.178460120909604],[37.067766881267204,-1.1784021633239643],[37.06772668472998,-1.1783977222650959],[37.06772668472998,-1.1783486586367713],[37.06769549351163,-1.1783441954893334],[37.06769107270794,-1.1784557029267757]]]},"id":"001a0000000000013052","properties":{"FID":379062}},{"type":"Feature","geometry":{"type":"Polygon","coordinates":[[[37.02742538478161,-1.1911150677637772],[37.02747887337007,-1.1911195349542611],[37.02748329662064,-1.191061574447359],[37.027429808035436,-1.1910571072256084],[37.02742538478161,-1.1911150677637772]]]},"id":"001a00000000000082e3","properties":{"FID":380598}},{"type":"Feature","geometry":{"type":"Polygon","coordinates":[[[37.02676541591529,-1.1763866427072027],[37.02687239402304,-1.1764089697122568],[37.02689025099662,-1.176319772463068],[37.026783272915104,-1.176297504329143],[37.02676541591529,-1.1763866427072027]]]},"id":"001a0000000000015710","properties":{"FID":375735}},{"type":"Feature","geometry":{"type":"Polygon","coordinates":[[[37.05895119046967,-1.1784066537168454],[37.05907163084011,-1.1784021917256047],[37.059067127634755,-1.1783308082030093],[37.05895119046967,-1.1783353179701497],[37.05895119046967,-1.1784066537168454]]]},"id":"001a000000000000d136","properties":{"FID":379063}},{"type":"Feature","geometry":{"type":"Polygon","coordinates":[[[37.031701644674435,-1.1910437238025695],[37.03175070712851,-1.1911730553572322],[37.03180861552504,-1.1911507488033473],[37.03175963501725,-1.191021416132975],[37.031701644674435,-1.1910437238025695]]]},"id":"001a000000000000449d","properties":{"FID":380599}},{"type":"Feature","geometry":{"type":"Polygon","coordinates":[[[37.02611887489245,-1.176350983872726],[37.02618129301439,-1.176413423538451],[37.026248134408455,-1.1763509862452297],[37.026185716343825,-1.1762885467012283],[37.02611887489245,-1.176350983872726]]]},"id":"001a0000000000004662","properties":{"FID":375736}},{"type":"Feature","geometry":{"type":"Polygon","coordinates":[[[37.06178717656149,-1.178116810352299],[37.06184514290302,-1.1781167939817827],[37.06184964593609,-1.1780320793255559],[37.06195215126786,-1.1780320784365732],[37.06195215126786,-1.1779785350711298],[37.06179167959816,-1.1779740754808152],[37.06178717656149,-1.178116810352299]]]},"id":"001a00000000000167ec","properties":{"FID":379064}},{"type":"Feature","geometry":{"type":"Polygon","coordinates":[[[37.027804391129614,-1.1912488429578936],[37.027960432719986,-1.1912532938490754],[37.027960432719986,-1.1911998242148654],[37.02785787943949,-1.191195359970606],[37.027866807805914,-1.190990243807044],[37.02781774273285,-1.1909857661964791],[37.027804391129614,-1.1912488429578936]]]},"id":"001a0000000000017b3b","properties":{"FID":380600}},{"type":"Feature","geometry":{"type":"Polygon","coordinates":[[[37.06831088313023,-1.1865311360049142],[37.06840453781753,-1.1865355626581684],[37.06840453781753,-1.1864374714807888],[37.06831530389616,-1.1864330345043002],[37.06831088313023,-1.1865311360049142]]]},"id":"001a00000000000111af","properties":{"FID":380856}},{"type":"Feature","geometry":{"type":"Polygon","coordinates":[[[37.06520735712879,-1.177969644744963],[37.06526974169076,-1.1779740951206865],[37.0652742445114,-1.1778893845108875],[37.065211778083764,-1.1778893529214354],[37.06520735712879,-1.177969644744963]]]},"id":"001a000000000000b28d","properties":{"FID":379065}},{"type":"Feature","geometry":{"type":"Polygon","coordinates":[[[37.026417613109174,-1.190981302176577],[37.0264844542862,-1.1909902175219196],[37.02650231135495,-1.190865370450899],[37.026435470194336,-1.1908564550354186],[37.026417613109174,-1.190981302176577]]]},"id":"001a0000000000013e16","properties":{"FID":380601}},{"type":"Feature","geometry":{"type":"Polygon","coordinates":[[[37.02688132251038,-1.1761414216401869],[37.0269437399784,-1.1761503551135233],[37.026948245174154,-1.1760968390509785],[37.02688582770999,-1.1760879055501248],[37.02688132251038,-1.1761414216401869]]]},"id":"001a00000000000037f3","properties":{"FID":375738}},{"type":"Feature","geometry":{"type":"Polygon","coordinates":[[[37.06310704558748,-1.177849222358444],[37.06315166576359,-1.1778537131669016],[37.06315616871562,-1.177826960482619],[37.06310704558748,-1.177822480654833],[37.06310704558748,-1.177849222358444]]]},"id":"001a0000000000000a17","properties":{"FID":379066}},{"type":"Feature","geometry":{"type":"Polygon","coordinates":[[[37.03091238168403,-1.1908207715524721],[37.03094358869586,-1.1909188456717894],[37.03102828167363,-1.190892110857743],[37.03102828167363,-1.1908832095135344],[37.031077344581796,-1.1908698252830026],[37.03105506560256,-1.1907806307270237],[37.03091238168403,-1.1908207715524721]]]},"id":"001a000000000000dceb","properties":{"FID":380602}},{"type":"Feature","geometry":{"type":"Polygon","coordinates":[[[37.027202419675454,-1.1760522456349343],[37.02720684294283,-1.176105741100318],[37.02725590842779,-1.176101269259334],[37.02725590842779,-1.1760522426813411],[37.027202419675454,-1.1760522456349343]]]},"id":"001a0000000000002b47","properties":{"FID":375739}},{"type":"Feature","geometry":{"type":"Polygon","coordinates":[[[37.06205915947497,-1.177782375280516],[37.062063662494765,-1.1778448016566434],[37.062103780295146,-1.1778447679966217],[37.062099359150885,-1.1777779226501806],[37.06205915947497,-1.177782375280516]]]},"id":"001a00000000000001d9","properties":{"FID":379067}},{"type":"Feature","geometry":{"type":"Polygon","coordinates":[[[37.030283651738614,-1.190771735908275],[37.03034164321169,-1.19099023812175],[37.030457544110476,-1.1909590051926877],[37.03039955272978,-1.19074050348402],[37.030283651738614,-1.190771735908275]]]},"id":"001a00000000000175bb","properties":{"FID":380603}},{"type":"Feature","geometry":{"type":"Polygon","coordinates":[[[37.02643096496684,-1.1760209930979797],[37.026453245361914,-1.1761191148747223],[37.02656472914804,-1.1760968237993765],[37.02654695400769,-1.1760255030190634],[37.02649788804475,-1.1760343943238674],[37.02649338282112,-1.1760076524296228],[37.02643096496684,-1.1760209930979797]]]},"id":"001a000000000000e253","properties":{"FID":375740}},{"type":"Feature","geometry":{"type":"Polygon","coordinates":[[[37.06216624939733,-1.177746667222813],[37.06217067053752,-1.177849266648145],[37.062224215436196,-1.1778492601833594],[37.062219712426355,-1.1777422443785708],[37.06216624939733,-1.177746667222813]]]},"id":"001a00000000000101f3","properties":{"FID":379068}},{"type":"Feature","geometry":{"type":"Polygon","coordinates":[[[37.06826626612568,-1.1841588695224896],[37.068328729924374,-1.184163314254432],[37.06833757145379,-1.1840741639640797],[37.068275189528784,-1.184069717896255],[37.06826626612568,-1.1841588695224896]]]},"id":"001a00000000000008ff","properties":{"FID":379836}},{"type":"Feature","geometry":{"type":"Polygon","coordinates":[[[37.027407527939346,-1.1909277616640606],[37.027465521704656,-1.1909322762473709],[37.027469944956046,-1.1909055016530854],[37.027554641977076,-1.1909054710613292],[37.02755914713501,-1.190762796042096],[37.02741195119425,-1.1907583234490318],[37.027407527939346,-1.1909277616640606]]]},"id":"001a000000000001583c","properties":{"FID":380604}},{"type":"Feature","geometry":{"type":"Polygon","coordinates":[[[37.06296884567533,-1.1778403527482695],[37.06302681107336,-1.177844813134541],[37.06303131403313,-1.1776842343012122],[37.062977769729734,-1.1776798230078733],[37.06296884567533,-1.1778403527482695]]]},"id":"001a0000000000016c23","properties":{"FID":379069}},{"type":"Feature","geometry":{"type":"Polygon","coordinates":[[[37.025632798079684,-1.1907895659747094],[37.025681864625845,-1.1907895634267536],[37.025681864625845,-1.1906959459916182],[37.02563279807968,-1.1906958895282873],[37.025632798079684,-1.1907895659747094]]]},"id":"001a0000000000005a62","properties":{"FID":380605}},{"type":"Feature","geometry":{"type":"Polygon","coordinates":[[[37.02660486654577,-1.1760923722932162],[37.02666286095072,-1.176101256446839],[37.0266762127634,-1.17599869433977],[37.0266183002821,-1.1759898088718885],[37.02660486654577,-1.1760923722932162]]]},"id":"001a000000000000f2df","properties":{"FID":375742}},{"type":"Feature","geometry":{"type":"Polygon","coordinates":[[[37.06410145497035,-1.1776708650727092],[37.06416834337204,-1.1776797812634507],[37.064172846260995,-1.1776530290707279],[37.06410595786346,-1.1776441128650164],[37.06410145497035,-1.1776708650727092]]]},"id":"001a0000000000002bed","properties":{"FID":379070}},{"type":"Feature","geometry":{"type":"Polygon","coordinates":[[[37.06823057250229,-1.1840161586150861],[37.068297457098716,-1.1840340247031305],[37.068306380497994,-1.183993885981874],[37.06824399854617,-1.1839760674346957],[37.06823057250229,-1.1840161586150861]]]},"id":"001a0000000000001375","properties":{"FID":379838}},{"type":"Feature","geometry":{"type":"Polygon","coordinates":[[[37.02830822815255,-1.1908163152106839],[37.02846435057346,-1.1908252458292379],[37.02846877376414,-1.190691475663107],[37.028317156463714,-1.190687013439152],[37.02830822815255,-1.1908163152106839]]]},"id":"001a0000000000010e02","properties":{"FID":380606}},{"type":"Feature","geometry":{"type":"Polygon","coordinates":[[[37.02441103860515,-1.175905053364975],[37.0244556006252,-1.1759005923834276],[37.0244556006252,-1.1758649409857598],[37.02441103860516,-1.175869401942413],[37.02441103860515,-1.175905053364975]]]},"id":"001a000000000000a14e","properties":{"FID":375743}},{"type":"Feature","geometry":{"type":"Polygon","coordinates":[[[37.06284849364178,-1.1776753501014763],[37.06289753507273,-1.1776797723915065],[37.06290645913591,-1.1776173742099896],[37.0628573358388,-1.1776128942583628],[37.06284849364178,-1.1776753501014763]]]},"id":"001a000000000000280c","properties":{"FID":379071}},{"type":"Feature","geometry":{"type":"Polygon","coordinates":[[[37.02581563018387,-1.1907048150984025],[37.025927114946725,-1.190709317090562],[37.025927114946725,-1.1906290234688965],[37.02582005353555,-1.1906245699686964],[37.02581563018387,-1.1907048150984025]]]},"id":"001a0000000000006c87","properties":{"FID":380607}},{"type":"Feature","geometry":{"type":"Polygon","coordinates":[[[37.02433076136786,-1.1759541452661462],[37.02444224840515,-1.1759586073966606],[37.02444224840515,-1.1759095203477445],[37.02440210981477,-1.175909552209802],[37.024406533252346,-1.175847137976904],[37.02433518480977,-1.1758426438736276],[37.02433076136786,-1.1759541452661462]]]},"id":"001a000000000000e87b","properties":{"FID":375744}},{"type":"Feature","geometry":{"type":"Polygon","coordinates":[[[37.06442697248727,-1.1776262902342713],[37.064480515721726,-1.1776218073770042],[37.064480515721726,-1.1775772193286957],[37.06442697248726,-1.1775817021496715],[37.06442697248727,-1.1776262902342713]]]},"id":"001a000000000000c183","properties":{"FID":379072}},{"type":"Feature","geometry":{"type":"Polygon","coordinates":[[[37.03309290870939,-1.1906335049689518],[37.03311068225065,-1.1906959463762907],[37.03316424856531,-1.1906825509720458],[37.03315081603751,-1.1906156794956673],[37.03309290870939,-1.1906335049689518]]]},"id":"001a0000000000005597","properties":{"FID":380608}},{"type":"Feature","geometry":{"type":"Polygon","coordinates":[[[37.024892618254725,-1.175820346907961],[37.02489704166249,-1.1759363068887068],[37.02494160338498,-1.175931845901037],[37.02493717997992,-1.1758158860011199],[37.024892618254725,-1.175820346907961]]]},"id":"001a0000000000011dca","properties":{"FID":375745}},{"type":"Feature","geometry":{"type":"Polygon","coordinates":[[[37.06286183880907,-1.1775638766647012],[37.06290195616839,-1.177563843131025],[37.06290195616839,-1.1775282073747313],[37.06286183880908,-1.177528181988122],[37.06286183880907,-1.1775638766647012]]]},"id":"001a0000000000001492","properties":{"FID":379073}},{"type":"Feature","geometry":{"type":"Polygon","coordinates":[[[37.02542326143845,-1.1907583620071003],[37.02554359353954,-1.190776166669131],[37.02557037948732,-1.1906022481243925],[37.02544554214202,-1.190584454934957],[37.02542326143845,-1.1907583620071003]]]},"id":"001a000000000001782c","properties":{"FID":380609}},{"type":"Feature","geometry":{"type":"Polygon","coordinates":[[[37.02488811293172,-1.1758158792064612],[37.02492382784821,-1.1758159158294863],[37.02492382784822,-1.1757802058060742],[37.02488811293172,-1.1757802280943255],[37.02488811293172,-1.1758158792064612]]]},"id":"001a0000000000001d2d","properties":{"FID":375746}},{"type":"Feature","geometry":{"type":"Polygon","coordinates":[[[37.06270579025774,-1.1775772540953302],[37.062750328808164,-1.1775861639941472],[37.06275925288944,-1.1775326601059668],[37.06271913545127,-1.1775237404889525],[37.06270579025774,-1.1775772540953302]]]},"id":"001a0000000000003b8b","properties":{"FID":379074}},{"type":"Feature","geometry":{"type":"Polygon","coordinates":[[[37.030841039619844,-1.190544298596867],[37.03084546266604,-1.1906602407896767],[37.03095251668366,-1.19065579237236],[37.03094801173582,-1.190544331741303],[37.030841039619844,-1.190544298596867]]]},"id":"001a0000000000004b5d","properties":{"FID":380610}},{"type":"Feature","geometry":{"type":"Polygon","coordinates":[[[37.02494160338498,-1.1757757469118022],[37.024946108704675,-1.1759318351065156],[37.02501295123313,-1.1759273828821792],[37.025008527832405,-1.1757712935729603],[37.02494160338498,-1.1757757469118022]]]},"id":"001a0000000000009f58","properties":{"FID":375747}},{"type":"Feature","geometry":{"type":"Polygon","coordinates":[[[37.06410595786346,-1.1776396952642754],[37.06417726727898,-1.1776441252602332],[37.064181770167394,-1.1775326732195568],[37.06411037888552,-1.1775281855070836],[37.06410595786346,-1.1776396952642754]]]},"id":"001a0000000000003c8a","properties":{"FID":379075}},{"type":"Feature","geometry":{"type":"Polygon","coordinates":[[[37.02603409428674,-1.1905710474999012],[37.026083160562365,-1.1905844272845683],[37.026096512481395,-1.1905354054757453],[37.02604752812843,-1.1905220243992443],[37.02603409428674,-1.1905710474999012]]]},"id":"001a00000000000016e4","properties":{"FID":380611}},{"type":"Feature","geometry":{"type":"Polygon","coordinates":[[[37.02822803712513,-1.17562413114153],[37.02823246033017,-1.1757222313128635],[37.0282770200104,-1.1757177705824537],[37.02826809169431,-1.1756196812637711],[37.02822803712513,-1.17562413114153]]]},"id":"001a00000000000071b1","properties":{"FID":375748}},{"type":"Feature","geometry":{"type":"Polygon","coordinates":[[[37.06529201018283,-1.177528166010374],[37.065363400302545,-1.1775281771936628],[37.065363400302545,-1.1774835897699043],[37.06529201018284,-1.1774835785461737],[37.06529201018283,-1.177528166010374]]]},"id":"001a0000000000009ff7","properties":{"FID":379076}},{"type":"Feature","geometry":{"type":"Polygon","coordinates":[[[37.02825924528829,-1.1905755015849382],[37.02829045343806,-1.19058892494436],[37.028312733263824,-1.1905309219749902],[37.02828152512361,-1.1905175575706166],[37.02825924528829,-1.1905755015849382]]]},"id":"001a0000000000009c7a","properties":{"FID":380612}},{"type":"Feature","geometry":{"type":"Polygon","coordinates":[[[37.02471871258452,-1.1755840283114658],[37.02472313600285,-1.1757133642715212],[37.02476769783182,-1.1757133229885894],[37.024763274416195,-1.1755840460291296],[37.02471871258452,-1.1755840283114658]]]},"id":"001a0000000000003ac0","properties":{"FID":375749}},{"type":"Feature","geometry":{"type":"Polygon","coordinates":[[[37.06686609690585,-1.17737657417791],[37.06687502048113,-1.177425616238918],[37.06691963834101,-1.177416736884203],[37.066910714771225,-1.1773721122706837],[37.06686609690585,-1.17737657417791]]]},"id":"001a0000000000001aa6","properties":{"FID":379077}},{"type":"Feature","geometry":{"type":"Polygon","coordinates":[[[37.02606980864089,-1.1905443130237094],[37.02623920584344,-1.1905443116954677],[37.02623920584344,-1.190464018785287],[37.02606980864089,-1.1904595985212547],[37.02606980864089,-1.1905443130237094]]]},"id":"001a000000000001163f","properties":{"FID":380613}},{"type":"Feature","geometry":{"type":"Polygon","coordinates":[[[37.024647364447944,-1.175584012506741],[37.02465178787062,-1.175740101673493],[37.024718712584516,-1.1757400679248],[37.024714207250746,-1.1755840390854575],[37.024647364447944,-1.175584012506741]]]},"id":"001a00000000000048a2","properties":{"FID":375750}},{"type":"Feature","geometry":{"type":"Polygon","coordinates":[[[37.06710244847867,-1.1773141845547754],[37.06718267848774,-1.1773275464121533],[37.067187181189695,-1.177273996758538],[37.06711137202488,-1.1772606251702618],[37.06710244847867,-1.1773141845547754]]]},"id":"001a0000000000004299","properties":{"FID":379078}},{"type":"Feature","geometry":{"type":"Polygon","coordinates":[[[37.02825474017369,-1.1904774191953273],[37.0282948766393,-1.1904774387649417],[37.02829938175141,-1.1904105182362992],[37.02825924528829,-1.1904105575832786],[37.02825474017369,-1.1904774191953273]]]},"id":"001a0000000000012489","properties":{"FID":380614}},{"type":"Feature","geometry":{"type":"Polygon","coordinates":[[[37.025088804322195,-1.1755126581361863],[37.0251378712351,-1.175512665114238],[37.0251378712351,-1.1754546812214515],[37.025088804322195,-1.1754547331340057],[37.025088804322195,-1.1755126581361863]]]},"id":"001a000000000000b741","properties":{"FID":375751}},{"type":"Feature","geometry":{"type":"Polygon","coordinates":[[[37.066825981737416,-1.1773364387149179],[37.066901791200344,-1.1773364403097037],[37.0669062120521,-1.1772338881070423],[37.066830402593794,-1.177229410121191],[37.066825981737416,-1.1773364387149179]]]},"id":"001a0000000000012a0c","properties":{"FID":379079}},{"type":"Feature","geometry":{"type":"Polygon","coordinates":[[[37.03302156878352,-1.1902767555644964],[37.03305719780232,-1.190365973260989],[37.03311068225065,-1.190348099531457],[37.033075053258045,-1.1902589408825315],[37.03302156878352,-1.1902767555644964]]]},"id":"001a00000000000067cb","properties":{"FID":380615}},{"type":"Feature","geometry":{"type":"Polygon","coordinates":[[[37.0245448064988,-1.1754547217833067],[37.0245492299277,-1.1755483475921849],[37.02458936843695,-1.175548374838567],[37.02458936843695,-1.1754547395783055],[37.0245448064988,-1.1754547217833067]]]},"id":"001a00000000000019ff","properties":{"FID":375752}},{"type":"Feature","geometry":{"type":"Polygon","coordinates":[[[37.06761076139408,-1.1773097128901124],[37.06769549351163,-1.1773096938024514],[37.06769549351163,-1.1772160459956704],[37.06764645532232,-1.1772160412215813],[37.06764645532232,-1.1772517333960146],[37.06761076139408,-1.177251757173067],[37.06761076139408,-1.1773097128901124]]]},"id":"001a00000000000073c1","properties":{"FID":379080}},{"type":"Feature","geometry":{"type":"Polygon","coordinates":[[[37.024460024059536,-1.1901474297044305],[37.02446452940902,-1.1902098492860826],[37.02450016261796,-1.1902054002639504],[37.02449573918609,-1.1901474598549324],[37.024460024059536,-1.1901474297044305]]]},"id":"001a000000000000277b","properties":{"FID":380616}},{"type":"Feature","geometry":{"type":"Polygon","coordinates":[[[37.02887906448565,-1.175459146276881],[37.028887910816316,-1.1754948351440762],[37.02894590340183,-1.175477026730676],[37.0289369751678,-1.1754458173836337],[37.02887906448565,-1.175459146276881]]]},"id":"001a0000000000001d92","properties":{"FID":375753}},{"type":"Feature","geometry":{"type":"Polygon","coordinates":[[[37.06756172314752,-1.1771402585529105],[37.067566225825956,-1.1772160492387174],[37.067633111034695,-1.177216071583565],[37.067628608360394,-1.1771358047277602],[37.06756172314752,-1.1771402585529105]]]},"id":"001a000000000000b796","properties":{"FID":379081}},{"type":"Feature","geometry":{"type":"Polygon","coordinates":[[[37.03441280757473,-1.1901429596185524],[37.03443950835334,-1.190214336901158],[37.03447964140703,-1.1902009758314276],[37.03445294064316,-1.1901295986095728],[37.03441280757473,-1.1901429596185524]]]},"id":"001a000000000000c4f2","properties":{"FID":380617}},{"type":"Feature","geometry":{"type":"Polygon","coordinates":[[[37.0439909600022,-1.1863973157679673],[37.04401323501876,-1.1864642089031967],[37.04408014192083,-1.1864419480550308],[37.04405778503139,-1.1863795351004442],[37.0439909600022,-1.1863973157679673]]]},"id":"001a000000000000ae38","properties":{"FID":375754}},{"type":"Feature","geometry":{"type":"Polygon","coordinates":[[[37.06412372382084,-1.177117970145682],[37.06412822671257,-1.1772249814044122],[37.06423081069763,-1.17722050372987],[37.06422630781226,-1.177113492624917],[37.06412372382084,-1.177117970145682]]]},"id":"001a00000000000121e9","properties":{"FID":379082}},{"type":"Feature","geometry":{"type":"Polygon","coordinates":[[[37.02800507447824,-1.1901652971058947],[37.02805856264061,-1.1901697647649483],[37.02805856264061,-1.190116237968089],[37.028005074478244,-1.1901117702798152],[37.02800507447824,-1.1901652971058947]]]},"id":"001a000000000000ae1f","properties":{"FID":380618}},{"type":"Feature","geometry":{"type":"Polygon","coordinates":[[[37.03576831018026,-1.1863259743683243],[37.035777237575914,-1.1864240843220777],[37.03585307944346,-1.186419658113756],[37.03585307944346,-1.1863929003336582],[37.035897634456205,-1.1863884323973612],[37.03588870707532,-1.1863126011187104],[37.03576831018026,-1.1863259743683243]]]},"id":"001a000000000000b8ec","properties":{"FID":375755}},{"type":"Feature","geometry":{"type":"Polygon","coordinates":[[[37.06422630781226,-1.177104598676695],[37.0642397345969,-1.177193742261881],[37.064275348312414,-1.1771848258821873],[37.06426200340497,-1.177100098610167],[37.06422630781226,-1.177104598676695]]]},"id":"001a00000000000021b9","properties":{"FID":379083}},{"type":"Feature","geometry":{"type":"Polygon","coordinates":[[[37.028147764098044,-1.1901563416244167],[37.02819674703735,-1.190156340685741],[37.028196747037356,-1.190107294207654],[37.02814776409805,-1.1901072951158442],[37.028147764098044,-1.1901563416244167]]]},"id":"001a0000000000002999","properties":{"FID":380619}},{"type":"Feature","geometry":{"type":"Polygon","coordinates":[[[37.03555429806458,-1.186134232896241],[37.035656840496344,-1.1861387021839587],[37.035661345152555,-1.1860317193552863],[37.03555872082421,-1.1860272512218974],[37.03555429806458,-1.186134232896241]]]},"id":"001a0000000000003be1","properties":{"FID":375756}},{"type":"Feature","geometry":{"type":"Polygon","coordinates":[[[37.0666788653075,-1.177073383167297],[37.06668328617285,-1.1771090659402372],[37.066732325012964,-1.1770956419644816],[37.0667279041506,-1.1770644355030964],[37.0666788653075,-1.177073383167297]]]},"id":"001a0000000000009e6e","properties":{"FID":379084}},{"type":"Feature","geometry":{"type":"Polygon","coordinates":[[[37.03055116569109,-1.1901295980908875],[37.030600228921,-1.1902366460893892],[37.030662643199044,-1.1902098488484194],[37.03061808497977,-1.190102848330464],[37.03055116569109,-1.1901295980908875]]]},"id":"001a0000000000008aa4","properties":{"FID":380620}},{"type":"Feature","geometry":{"type":"Polygon","coordinates":[[[37.03557215290734,-1.1859826616654736],[37.035625635506456,-1.1859826517233052],[37.035625635506456,-1.1859380362396608],[37.03557657566588,-1.1859380360355447],[37.03557215290734,-1.1859826616654736]]]},"id":"001a000000000000044e","properties":{"FID":375757}},{"type":"Feature","geometry":{"type":"Polygon","coordinates":[[[37.067508182186046,-1.1770599869257468],[37.06755730233568,-1.1770733603202488],[37.06757506744828,-1.1770154238560295],[37.06752602917759,-1.1770019902841944],[37.067508182186046,-1.1770599869257468]]]},"id":"001a000000000000cd40","properties":{"FID":379085}},{"type":"Feature","geometry":{"type":"Polygon","coordinates":[[[37.02437982879179,-1.1901295849796014],[37.024477881624996,-1.1901429643594585],[37.02449123383852,-1.1900404131826108],[37.0243931810233,-1.190031514128629],[37.02437982879179,-1.1901295849796014]]]},"id":"001a00000000000111dc","properties":{"FID":380621}},{"type":"Feature","geometry":{"type":"Polygon","coordinates":[[[37.03735581322728,-1.1859380736825502],[37.03736023587733,-1.1859870982619458],[37.03744049873929,-1.1859826624318643],[37.037436076094096,-1.1859335789730001],[37.03735581322728,-1.1859380736825502]]]},"id":"001a00000000000046e5","properties":{"FID":375758}},{"type":"Feature","geometry":{"type":"Polygon","coordinates":[[[37.06664759177088,-1.17706892087636],[37.066732325012964,-1.1770644258165106],[37.066732325012964,-1.176970777546562],[37.06664759177088,-1.1769707962246283],[37.06664759177088,-1.17706892087636]]]},"id":"001a0000000000007b22","properties":{"FID":379086}},{"type":"Feature","geometry":{"type":"Polygon","coordinates":[[[37.03049325629367,-1.1900359522083463],[37.030506607403524,-1.1900761226137682],[37.03056459869889,-1.1900582371116633],[37.03055116569109,-1.190018126985691],[37.03049325629367,-1.1900359522083463]]]},"id":"001a0000000000002b81","properties":{"FID":380622}},{"type":"Feature","geometry":{"type":"Polygon","coordinates":[[[37.039108226305004,-1.1858488883876426],[37.03913050281762,-1.1859603393289964],[37.03924196717719,-1.1859380306172016],[37.03922861767069,-1.1858756506958992],[37.03919741421341,-1.1858800865248975],[37.03918848723761,-1.1858310157059557],[37.039108226305004,-1.1858488883876426]]]},"id":"001a0000000000013ea7","properties":{"FID":375759}},{"type":"Feature","geometry":{"type":"Polygon","coordinates":[[[37.067588493613435,-1.1769395910838132],[37.06759741709988,-1.177104601646979],[37.0676597996075,-1.177100099920751],[37.067650876128724,-1.1769351484077812],[37.067588493613435,-1.1769395910838132]]]},"id":"001a000000000000cade","properties":{"FID":379087}},{"type":"Feature","geometry":{"type":"Polygon","coordinates":[[[37.030105253951135,-1.190004774484045],[37.030114182041814,-1.1900493765317113],[37.030149894393546,-1.190044867579591],[37.03014096630725,-1.1900003245061879],[37.030105253951135,-1.190004774484045]]]},"id":"001a000000000000921b","properties":{"FID":380623}},{"type":"Feature","geometry":{"type":"Polygon","coordinates":[[[37.03732010441315,-1.185920243242058],[37.037436076094096,-1.1859157803572469],[37.037436076094096,-1.1858310307862074],[37.03732010441315,-1.1858354935350093],[37.03732010441315,-1.185920243242058]]]},"id":"001a00000000000128fa","properties":{"FID":375760}},{"type":"Feature","geometry":{"type":"Polygon","coordinates":[[[37.06541686097694,-1.1761325028510121],[37.06542136378845,-1.176203817157588],[37.06546147973323,-1.1762038431615234],[37.06545705879347,-1.1761280513984176],[37.06541686097694,-1.1761325028510121]]]},"id":"001a0000000000003a8d","properties":{"FID":379088}},{"type":"Feature","geometry":{"type":"Polygon","coordinates":[[[37.034283480658665,-1.1900226151186948],[37.034296831072936,-1.1900983865966583],[37.034457363469755,-1.1900716449747462],[37.03443950835334,-1.1899646443995047],[37.034332541371434,-1.1899824710801448],[37.03433696420535,-1.1900137017299517],[37.034283480658665,-1.1900226151186948]]]},"id":"001a0000000000013732","properties":{"FID":380624}},{"type":"Feature","geometry":{"type":"Polygon","coordinates":[[[37.0390279652838,-1.1858042905771236],[37.03904131482714,-1.1858622504505547],[37.03911264884849,-1.185848878268542],[37.03909929931824,-1.1857864394597257],[37.0390279652838,-1.1858042905771236]]]},"id":"001a00000000000055be","properties":{"FID":375761}},{"type":"Feature","geometry":{"type":"Polygon","coordinates":[[[37.05955764787169,-1.17590507245235],[37.0595844212895,-1.1759719822999357],[37.05968250852793,-1.1759318228756328],[37.05965573514628,-1.1758693896980696],[37.05955764787169,-1.17590507245235]]]},"id":"001a00000000000066d2","properties":{"FID":379089}},{"type":"Feature","geometry":{"type":"Polygon","coordinates":[[[37.028321661574445,-1.1899423413381087],[37.028326084773795,-1.1899824757588657],[37.028370726307735,-1.1899780037910686],[37.028366221200045,-1.189937870681101],[37.028321661574445,-1.1899423413381087]]]},"id":"001a0000000000001471","properties":{"FID":380625}},{"type":"Feature","geometry":{"type":"Polygon","coordinates":[[[37.03718636000629,-1.1855634721430868],[37.037221986984996,-1.1855679255406766],[37.03723091420221,-1.1855189288306311],[37.03719078266666,-1.1855144278569283],[37.03718636000629,-1.1855634721430868]]]},"id":"001a000000000000338c","properties":{"FID":375762}},{"type":"Feature","geometry":{"type":"Polygon","coordinates":[[[37.06753053185826,-1.1756776915795875],[37.06753495267172,-1.175731158975266],[37.06761076139408,-1.175726744934969],[37.06761076139408,-1.1756732090924862],[37.06753053185826,-1.1756776915795875]]]},"id":"001a000000000000adbc","properties":{"FID":379090}},{"type":"Feature","geometry":{"type":"Polygon","coordinates":[[[37.034546557082024,-1.1899423366661286],[37.03455990744801,-1.190000306296081],[37.034613390791435,-1.189986913128153],[37.03460004043528,-1.1899289435587426],[37.034546557082024,-1.1899423366661286]]]},"id":"001a00000000000012fc","properties":{"FID":380626}},{"type":"Feature","geometry":{"type":"Polygon","coordinates":[[[37.036999051902384,-1.1856437782728146],[37.03711502409531,-1.1856437360008278],[37.037119446760016,-1.1855100013813231],[37.036999051902384,-1.1855055155250414],[37.036999051902384,-1.1856437782728146]]]},"id":"001a0000000000015e60","properties":{"FID":375763}},{"type":"Feature","geometry":{"type":"Polygon","coordinates":[[[37.05945956046459,-1.1757356597459938],[37.05947290625482,-1.1758292831620043],[37.05967800536045,-1.1757980683444347],[37.05965573514628,-1.1756598185710585],[37.05957099364388,-1.1756732061004063],[37.05957549681799,-1.1757177835424584],[37.05945956046459,-1.1757356597459938]]]},"id":"001a0000000000016691","properties":{"FID":379091}},{"type":"Feature","geometry":{"type":"Polygon","coordinates":[[[37.0303416432117,-1.1898486908697712],[37.03035941742511,-1.1899200343681706],[37.030395129656476,-1.1899111043961792],[37.03037285046833,-1.1898397725543834],[37.0303416432117,-1.1898486908697712]]]},"id":"001a0000000000000d20","properties":{"FID":380627}},{"type":"Feature","geometry":{"type":"Polygon","coordinates":[[[37.04575230310826,-1.1854118964927172],[37.04576565141685,-1.185460952513735],[37.045877105603374,-1.1854297480877276],[37.04586817944778,-1.1853806820689254],[37.04575230310826,-1.1854118964927172]]]},"id":"001a00000000000004e1","properties":{"FID":375764}},{"type":"Feature","geometry":{"type":"Polygon","coordinates":[[[37.06760634058523,-1.175655373439618],[37.067615264069474,-1.1756999366752277],[37.067650876128724,-1.1756954977257619],[37.067646455322325,-1.1756464476032769],[37.06760634058523,-1.175655373439618]]]},"id":"001a000000000000072d","properties":{"FID":379092}},{"type":"Feature","geometry":{"type":"Polygon","coordinates":[[[37.03009190276764,-1.1897818055035028],[37.03009632585937,-1.1898219388360105],[37.03014989439354,-1.1898130240038352],[37.03014538939601,-1.189772891991608],[37.03009190276764,-1.1897818055035028]]]},"id":"001a0000000000007fc0","properties":{"FID":380628}},{"type":"Feature","geometry":{"type":"Polygon","coordinates":[[[37.03975031128526,-1.185260254439516],[37.03979494580845,-1.1853761862252241],[37.03983949840611,-1.1853628202369746],[37.03981271771189,-1.1852870378798097],[37.03985284780045,-1.1852736231354646],[37.03987070158784,-1.185327150230564],[37.039875205983044,-1.1853271388609254],[37.03989297786686,-1.1853806672919103],[37.039959888561,-1.1853539281656593],[37.03990640914945,-1.1852023036285175],[37.03975031128526,-1.185260254439516]]]},"id":"001a0000000000017617","properties":{"FID":375765}},{"type":"Feature","geometry":{"type":"Polygon","coordinates":[[[37.0676597996075,-1.17571332250641],[37.0677311873982,-1.1757178112824882],[37.06773560819944,-1.1756598487896688],[37.067664302279866,-1.1756553587005572],[37.0676597996075,-1.17571332250641]]]},"id":"001a0000000000008661","properties":{"FID":379093}},{"type":"Feature","geometry":{"type":"Polygon","coordinates":[[[37.03015431748175,-1.1897818301664191],[37.03022566021932,-1.1897773528583524],[37.03022123713545,-1.1897104573119572],[37.030154317481745,-1.1897149242340126],[37.03015431748175,-1.1897818301664191]]]},"id":"001a000000000000c6e0","properties":{"FID":380629}},{"type":"Feature","geometry":{"type":"Polygon","coordinates":[[[37.04134223170731,-1.184957076322061],[37.04137343424413,-1.1850819362892675],[37.04147154607054,-1.1850596024873643],[37.04144034357582,-1.1849303229204275],[37.04134223170731,-1.184957076322061]]]},"id":"001a000000000001559e","properties":{"FID":375766}},{"type":"Feature","geometry":{"type":"Polygon","coordinates":[[[37.06685717332948,-1.175624165095687],[37.0669062120521,-1.1756241708830335],[37.0669062120521,-1.1755884801011842],[37.066861676051644,-1.1755884634195792],[37.06685717332948,-1.175624165095687]]]},"id":"001a0000000000003649","properties":{"FID":379094}},{"type":"Feature","geometry":{"type":"Polygon","coordinates":[[[37.02884335151017,-1.189746123101115],[37.028910272369586,-1.189746136237481],[37.02891469553315,-1.1896970804883622],[37.02884335151017,-1.189692597510909],[37.02884335151017,-1.189746123101115]]]},"id":"001a0000000000009df6","properties":{"FID":380630}},{"type":"Feature","geometry":{"type":"Polygon","coordinates":[[[37.04176579885939,-1.1849436901046497],[37.041783652177024,-1.185001635251335],[37.04187283680361,-1.1849704245722577],[37.04185498350788,-1.184916899344125],[37.04176579885939,-1.1849436901046497]]]},"id":"001a000000000000a0da","properties":{"FID":375767}},{"type":"Feature","geometry":{"type":"Polygon","coordinates":[[[37.067048907178375,-1.1756286150137205],[37.06717825765281,-1.1756330892066589],[37.067178257652806,-1.175584029271933],[37.067053409888636,-1.1755840201929153],[37.067048907178375,-1.1756286150137205]]]},"id":"001a00000000000085f0","properties":{"FID":379095}},{"type":"Feature","geometry":{"type":"Polygon","coordinates":[[[37.029614780644614,-1.189723844789545],[37.02973518772446,-1.1897282667234739],[37.02973961083789,-1.189607884330399],[37.02961920376536,-1.18960346222889],[37.029614780644614,-1.189723844789545]]]},"id":"001a000000000001555d","properties":{"FID":380631}},{"type":"Feature","geometry":{"type":"Polygon","coordinates":[[[37.04109252903397,-1.1847118115557598],[37.04112373167795,-1.1848901806357608],[37.04125746884285,-1.184863401858984],[37.04122184384133,-1.1846850432737919],[37.04109252903397,-1.1847118115557598]]]},"id":"001a0000000000017846","properties":{"FID":375768}},{"type":"Feature","geometry":{"type":"Polygon","coordinates":[[[37.06691963834101,-1.1755750794460413],[37.066924059191685,-1.1756286059966203],[37.066995447706105,-1.175624142769828],[37.066995447706105,-1.1755706655675913],[37.06691963834101,-1.1755750794460413]]]},"id":"001a0000000000005fe7","properties":{"FID":379096}},{"type":"Feature","geometry":{"type":"Polygon","coordinates":[[[37.02911087075813,-1.1895677408498482],[37.02911537581972,-1.189621254468328],[37.02931155050364,-1.189616826956621],[37.02931155050364,-1.1895633018900131],[37.02911087075813,-1.1895677408498482]]]},"id":"001a00000000000160d1","properties":{"FID":380632}},{"type":"Feature","geometry":{"type":"Polygon","coordinates":[[[37.04159635591545,-1.1846092504566403],[37.041632062629574,-1.18470734304719],[37.04168554077181,-1.1846895367868553],[37.041654338368936,-1.1845914329763423],[37.04159635591545,-1.1846092504566403]]]},"id":"001a0000000000000928","properties":{"FID":375769}},{"type":"Feature","geometry":{"type":"Polygon","coordinates":[[[37.059588842586905,-1.1754992890842964],[37.059633464925284,-1.1755126752417013],[37.05964681068354,-1.175463639670816],[37.05960227022923,-1.1754502522395835],[37.059588842586905,-1.1754992890842964]]]},"id":"001a000000000000241c","properties":{"FID":379097}},{"type":"Feature","geometry":{"type":"Polygon","coordinates":[[[37.02458494501049,-1.189469644825686],[37.02458936843695,-1.1895989746658333],[37.02466514005223,-1.1895989674901417],[37.02466514005223,-1.1895633016686593],[37.02470978383188,-1.1895633102058631],[37.02470978383188,-1.1894696360746677],[37.02458494501049,-1.189469644825686]]]},"id":"001a000000000000c680","properties":{"FID":380633}},{"type":"Feature","geometry":{"type":"Polygon","coordinates":[[[37.04147596847028,-1.1845869668950977],[37.0415071709497,-1.1846583164394549],[37.04158300684122,-1.184627078886267],[37.04155180439436,-1.1845557294657862],[37.04147596847028,-1.1845869668950977]]]},"id":"001a000000000000e83a","properties":{"FID":375770}},{"type":"Feature","geometry":{"type":"Polygon","coordinates":[[[37.06799422460349,-1.1754502396116726],[37.06807895627331,-1.1754502225102137],[37.06808345891967,-1.1754190564542237],[37.06799422460349,-1.1754190254926735],[37.06799422460349,-1.1754502396116726]]]},"id":"001a000000000000bdb8","properties":{"FID":379098}},{"type":"Feature","geometry":{"type":"Polygon","coordinates":[[[37.03110855152287,-1.1894072506639997],[37.03113091239368,-1.1894607188920112],[37.03118882128354,-1.1894339935776892],[37.03117096536485,-1.189380454895548],[37.03110855152287,-1.1894072506639997]]]},"id":"001a000000000000735a","properties":{"FID":380634}},{"type":"Feature","geometry":{"type":"Polygon","coordinates":[[[37.03593776670534,-1.184323869001507],[37.0359734761982,-1.1843238426214617],[37.0359734761982,-1.1843952118969925],[37.036076018038955,-1.1843996831698749],[37.03608494539684,-1.1842034706077345],[37.03596897156131,-1.1841990317165862],[37.035964548826634,-1.1842569738010003],[37.03593776670534,-1.1842569788296935],[37.03593776670534,-1.184323869001507]]]},"id":"001a000000000001636a","properties":{"FID":375771}},{"type":"Feature","geometry":{"type":"Polygon","coordinates":[[[37.052061930829446,-1.1754056866875768],[37.05207527797903,-1.175481469402069],[37.05214217745874,-1.1754680631085557],[37.052128748437156,-1.175396758638907],[37.052061930829446,-1.1754056866875768]]]},"id":"001a00000000000083de","properties":{"FID":378331}},{"type":"Feature","geometry":{"type":"Polygon","coordinates":[[[37.0309302376662,-1.18934036735895],[37.03093916565563,-1.189393869088624],[37.031001579642925,-1.189380454183351],[37.030992651661144,-1.1893269525161592],[37.0309302376662,-1.18934036735895]]]},"id":"001a0000000000008f75","properties":{"FID":380635}},{"type":"Feature","geometry":{"type":"Polygon","coordinates":[[[37.0358396474122,-1.1841499522116514],[37.03592441659227,-1.1841544061939033],[37.03592441659227,-1.1841008943062847],[37.035844152057116,-1.1840964289840943],[37.0358396474122,-1.1841499522116514]]]},"id":"001a000000000000c112","properties":{"FID":375772}},{"type":"Feature","geometry":{"type":"Polygon","coordinates":[[[37.051410865359095,-1.1753699969375226],[37.05141979083386,-1.1753923022645354],[37.05148669091718,-1.175370001065535],[37.051477765450635,-1.175343218855467],[37.051410865359095,-1.1753699969375226]]]},"id":"001a0000000000006172","properties":{"FID":378332}},{"type":"Feature","geometry":{"type":"Polygon","coordinates":[[[37.06886822497821,-1.1754190300875496],[37.068903918287965,-1.1754234830525518],[37.06890833901777,-1.1753833667588065],[37.06887272757559,-1.1753833884426803],[37.06886822497821,-1.1754190300875496]]]},"id":"001a00000000000044c3","properties":{"FID":379100}},{"type":"Feature","geometry":{"type":"Polygon","coordinates":[[[37.068734456775836,-1.1802304351387252],[37.06877457088933,-1.1802348766978001],[37.068779073492536,-1.1801545816948793],[37.068743380121376,-1.1801546068128672],[37.068734456775836,-1.1802304351387252]]]},"id":"001a00000000000025a4","properties":{"FID":379868}},{"type":"Feature","geometry":{"type":"Polygon","coordinates":[[[37.03117989332474,-1.1893492503042993],[37.03120667719785,-1.1894295288038974],[37.031295874795944,-1.1894027852662117],[37.03126466793522,-1.1892957555639105],[37.03121560515337,-1.1893091381618357],[37.031224533107796,-1.1893358779580743],[37.03117989332474,-1.1893492503042993]]]},"id":"001a000000000000488f","properties":{"FID":380636}},{"type":"Feature","geometry":{"type":"Polygon","coordinates":[[[37.03971460364699,-1.1838467453886539],[37.039723530558206,-1.1838824359762392],[37.03977709200247,-1.1838690488449186],[37.039768165097826,-1.1838288795840222],[37.03971460364699,-1.1838467453886539]]]},"id":"001a0000000000001a17","properties":{"FID":375773}},{"type":"Feature","geometry":{"type":"Polygon","coordinates":[[[37.05148669091718,-1.1753298266467966],[37.05151338542528,-1.17537000010072],[37.051575863637474,-1.175334336694854],[37.051602639997675,-1.1753744499312606],[37.05162040901415,-1.175365515524613],[37.05154908726739,-1.1752540491823213],[37.05150454184699,-1.1752807755379833],[37.05152231088745,-1.1753075385911214],[37.05148669091718,-1.1753298266467966]]]},"id":"001a0000000000005a18","properties":{"FID":378333}},{"type":"Feature","geometry":{"type":"Polygon","coordinates":[[[37.06870326599063,-1.1753878396167912],[37.068712189340005,-1.1754368778472586],[37.068765647547636,-1.1754235051690394],[37.068756806070375,-1.1753744657218284],[37.06870326599063,-1.1753878396167912]]]},"id":"001a0000000000005628","properties":{"FID":379101}},{"type":"Feature","geometry":{"type":"Polygon","coordinates":[[[37.06862745840954,-1.1802170206495395],[37.06870768673266,-1.180230380374442],[37.06872553342921,-1.180145695676233],[37.068640802514324,-1.180132288137843],[37.06862745840954,-1.1802170206495395]]]},"id":"001a0000000000009c69","properties":{"FID":379869}},{"type":"Feature","geometry":{"type":"Polygon","coordinates":[[[37.03244634200277,-1.1890059316718653],[37.032490899102314,-1.1891263073355052],[37.03250875469705,-1.18911742185102],[37.03252661028739,-1.1891619995872689],[37.03265143548466,-1.1891218492134343],[37.03261572436086,-1.1890237343934016],[37.03256666249017,-1.189041596334216],[37.032544383967014,-1.1889702680816114],[37.03244634200277,-1.1890059316718653]]]},"id":"001a0000000000014fbc","properties":{"FID":380637}},{"type":"Feature","geometry":{"type":"Polygon","coordinates":[[[37.036829597850115,-1.1835791966105862],[37.0368875841048,-1.1837397084676742],[37.03692771580767,-1.1837218747695335],[37.036909861297694,-1.183677305539778],[37.03692771580767,-1.183672843102128],[37.03688307952453,-1.1835569119304343],[37.036829597850115,-1.1835791966105862]]]},"id":"001a0000000000010982","properties":{"FID":375774}},{"type":"Feature","geometry":{"type":"Polygon","coordinates":[[[37.05160706178098,-1.1752451403615731],[37.05162040901415,-1.1752897026877138],[37.0516650362483,-1.175276346863806],[37.05164718535793,-1.175227318505374],[37.05160706178098,-1.1752451403615731]]]},"id":"001a0000000000002bee","properties":{"FID":378334}},{"type":"Feature","geometry":{"type":"Polygon","coordinates":[[[37.06826184535677,-1.1754012157588802],[37.068306380497994,-1.1754011736178018],[37.06831088313023,-1.1753566387157768],[37.068266266125676,-1.175352147245056],[37.06826184535677,-1.1754012157588802]]]},"id":"001a00000000000099b3","properties":{"FID":379102}},{"type":"Feature","geometry":{"type":"Polygon","coordinates":[[[37.02944088625857,-1.1890148317935079],[37.029472093901546,-1.1890148149664128],[37.029472093901546,-1.1889657709452746],[37.02944088625857,-1.1889657877529225],[37.02944088625857,-1.1890148317935079]]]},"id":"001a0000000000009e69","properties":{"FID":380638}},{"type":"Feature","geometry":{"type":"Polygon","coordinates":[[[37.03696334291308,-1.1835346224961116],[37.0369767747368,-1.1836862222954394],[37.03705703802196,-1.1836773102638771],[37.03703918354375,-1.1835256617095502],[37.03696334291308,-1.1835346224961116]]]},"id":"001a0000000000012505","properties":{"FID":375775}},{"type":"Feature","geometry":{"type":"Polygon","coordinates":[[[37.05676177733171,-1.1751648618306338],[37.056779626965216,-1.1752049925889674],[37.05687329652973,-1.1751648433126214],[37.056855446919236,-1.1751247126418018],[37.05676177733171,-1.1751648618306338]]]},"id":"001a000000000000afe3","properties":{"FID":378335}},{"type":"Feature","geometry":{"type":"Polygon","coordinates":[[[37.03239277515947,-1.1889524228537072],[37.032397280017854,-1.1890059332922855],[37.03246862055595,-1.1889969770154785],[37.032459692754216,-1.18894347691768],[37.03239277515947,-1.1889524228537072]]]},"id":"001a000000000000759d","properties":{"FID":380639}},{"type":"Feature","geometry":{"type":"Polygon","coordinates":[[[37.0448247943862,-1.1832492409784203],[37.044842646952574,-1.1833473097266969],[37.04494067220445,-1.1833294596594766],[37.044922901554564,-1.1832358681439663],[37.0448247943862,-1.1832492409784203]]]},"id":"001a00000000000121d4","properties":{"FID":375776}},{"type":"Feature","geometry":{"type":"Polygon","coordinates":[[[37.05215552459359,-1.1750890899096353],[37.052195647867634,-1.1750890578701518],[37.052195647867634,-1.1750355714603025],[37.05215552459359,-1.1750355445667462],[37.05215552459359,-1.1750890899096353]]]},"id":"001a0000000000000e6d","properties":{"FID":378336}},{"type":"Feature","geometry":{"type":"Polygon","coordinates":[[[37.029445309389885,-1.1888275467725957],[37.02948995023718,-1.1888275556081143],[37.029494373365516,-1.1887874025695948],[37.02944981443077,-1.188787451376593],[37.029445309389885,-1.1888275467725957]]]},"id":"001a0000000000007b0e","properties":{"FID":380640}},{"type":"Feature","geometry":{"type":"Polygon","coordinates":[[[37.04131995587231,-1.1832402710952477],[37.041333304994836,-1.1832804289417307],[37.04136892994173,-1.1832715060446124],[37.04136008512897,-1.1832313959013183],[37.04131995587231,-1.1832402710952477]]]},"id":"001a0000000000002975","properties":{"FID":375777}},{"type":"Feature","geometry":{"type":"Polygon","coordinates":[[[37.05207527797903,-1.1749775864442786],[37.05210205415517,-1.17506676762303],[37.05215552459359,-1.1750489161680346],[37.05212432668561,-1.1749597446262057],[37.05207527797903,-1.1749775864442786]]]},"id":"001a000000000000c31f","properties":{"FID":378337}},{"type":"Feature","geometry":{"type":"Polygon","coordinates":[[[37.028722942954516,-1.1887784879251706],[37.02872744804012,-1.1888721438157468],[37.028745222647856,-1.1888721604183112],[37.0287497277321,-1.1889657575900061],[37.0288612080001,-1.188961301432976],[37.02885670292278,-1.1888364623057912],[37.028812143597534,-1.1888409321780011],[37.02880772042772,-1.1887740372367184],[37.028722942954516,-1.1887784879251706]]]},"id":"001a0000000000018493","properties":{"FID":380641}},{"type":"Feature","geometry":{"type":"Polygon","coordinates":[[[37.03810487527251,-1.1832982598190085],[37.038180714712674,-1.1832982568638126],[37.038180714712674,-1.1832358493570396],[37.03810487527251,-1.1832358522521378],[37.03810487527251,-1.1832982598190085]]]},"id":"001a0000000000000c48","properties":{"FID":375778}},{"type":"Feature","geometry":{"type":"Polygon","coordinates":[[[37.05533043532931,-1.1750043637709626],[37.05543745329469,-1.1749998797354773],[37.05543294986398,-1.1749419298430157],[37.05533043532931,-1.174950820723051],[37.05533043532931,-1.1750043637709626]]]},"id":"001a000000000000b411","properties":{"FID":378338}},{"type":"Feature","geometry":{"type":"Polygon","coordinates":[[[37.03084996762022,-1.188675945221069],[37.03095693972308,-1.1886759219538696],[37.03095693972308,-1.188586737561533],[37.03084996762022,-1.1885867607076002],[37.03084996762022,-1.188675945221069]]]},"id":"001a0000000000007bd3","properties":{"FID":380642}},{"type":"Feature","geometry":{"type":"Polygon","coordinates":[[[37.04418709456415,-1.1831868170214466],[37.044231726363414,-1.1831867697614498],[37.04423172636342,-1.1831377434208257],[37.04418709456415,-1.1831377317270866],[37.04418709456415,-1.1831868170214466]]]},"id":"001a000000000000b986","properties":{"FID":375779}},{"type":"Feature","geometry":{"type":"Polygon","coordinates":[[[37.05219564786764,-1.1749998746306014],[37.05224027474845,-1.1749998907371835],[37.05224027474845,-1.1749329740479706],[37.052195647867634,-1.1749330168089895],[37.05219564786764,-1.1749998746306014]]]},"id":"001a00000000000016f8","properties":{"FID":378339}},{"type":"Feature","geometry":{"type":"Polygon","coordinates":[[[37.068903918287965,-1.1752406769973849],[37.06895745821967,-1.1753967402574543],[37.069055532793335,-1.1753655383533903],[37.06900199293399,-1.1752094754144327],[37.068903918287965,-1.1752406769973849]]]},"id":"001a0000000000014693","properties":{"FID":379107}},{"type":"Feature","geometry":{"type":"Polygon","coordinates":[[[37.02772854087087,-1.1885912069882816],[37.02778653438035,-1.1885956640011808],[37.027791039523926,-1.1885510880347057],[37.027733046018035,-1.188546630995305],[37.02772854087087,-1.1885912069882816]]]},"id":"001a0000000000006fda","properties":{"FID":380643}},{"type":"Feature","geometry":{"type":"Polygon","coordinates":[[[37.038127233992576,-1.183128839733233],[37.03817178761206,-1.1831243741497157],[37.03816736501134,-1.183061917987824],[37.038127233992576,-1.1830663735680926],[37.038127233992576,-1.183128839733233]]]},"id":"001a0000000000002492","properties":{"FID":375780}},{"type":"Feature","geometry":{"type":"Polygon","coordinates":[[[37.04714354399837,-1.1749196030876314],[37.04716581804876,-1.1749775786131704],[37.04721929211981,-1.1749553080947137],[37.04719251414427,-1.1748928663296012],[37.04714354399837,-1.1749196030876314]]]},"id":"001a0000000000001725","properties":{"FID":378340}},{"type":"Feature","geometry":{"type":"Polygon","coordinates":[[[37.027737469253154,-1.188497576331715],[37.02787573617125,-1.1885198767125924],[37.027889087761395,-1.1884262361980193],[37.027755326014464,-1.1884039242013886],[37.027737469253154,-1.188497576331715]]]},"id":"001a0000000000010168","properties":{"FID":380644}},{"type":"Feature","geometry":{"type":"Polygon","coordinates":[[[37.038305530206586,-1.1829727261046654],[37.038327888864956,-1.1830842271316593],[37.03837694684952,-1.183075330589717],[37.03835458820623,-1.1829638296597358],[37.038305530206586,-1.1829727261046654]]]},"id":"001a000000000001184f","properties":{"FID":375781}},{"type":"Feature","geometry":{"type":"Polygon","coordinates":[[[37.052151102843666,-1.174888407928502],[37.052160028227505,-1.1749508274456997],[37.05219564786764,-1.1749463883626732],[37.05218230074016,-1.1748839195063188],[37.052151102843666,-1.174888407928502]]]},"id":"001a0000000000003d0b","properties":{"FID":378341}},{"type":"Feature","geometry":{"type":"Polygon","coordinates":[[[37.027469944956046,-1.188390585700985],[37.027474450119215,-1.188479761997999],[37.02750115344432,-1.1884797569385661],[37.02749673019483,-1.188390579390676],[37.027469944956046,-1.188390585700985]]]},"id":"001a000000000000275b","properties":{"FID":380645}},{"type":"Feature","geometry":{"type":"Polygon","coordinates":[[[37.06790957470122,-1.206766514397914],[37.067976459593496,-1.2068423206932717],[37.06807003284608,-1.206757595637029],[37.0679987272551,-1.206681800916339],[37.06790957470122,-1.206766514397914]]]},"id":"001a0000000000011e8c","properties":{"FID":380901}},{"type":"Feature","geometry":{"type":"Polygon","coordinates":[[[37.0379176514347,-1.1829861338413132],[37.03792657856652,-1.1830441001205823],[37.03802019053419,-1.1830307380567169],[37.03801126341385,-1.1829727718683087],[37.0379176514347,-1.1829861338413132]]]},"id":"001a000000000000054e","properties":{"FID":375782}},{"type":"Feature","geometry":{"type":"Polygon","coordinates":[[[37.05204408003659,-1.1748660897764676],[37.05206635258478,-1.1749686531189028],[37.052151102843666,-1.1749508477807507],[37.052128748437156,-1.1748482858663611],[37.05204408003659,-1.1748660897764676]]]},"id":"001a000000000001222b","properties":{"FID":378342}},{"type":"Feature","geometry":{"type":"Polygon","coordinates":[[[37.027514505103184,-1.18845296268473],[37.02757700394007,-1.1884485071888353],[37.02757249878324,-1.188381672182645],[37.027514505103184,-1.1883861161000755],[37.027514505103184,-1.18845296268473]]]},"id":"001a0000000000008ec2","properties":{"FID":380646}},{"type":"Feature","geometry":{"type":"Polygon","coordinates":[[[37.03801568602407,-1.182932630465538],[37.03802019053419,-1.1830084034776207],[37.038078175839544,-1.1830039644852715],[37.03807367133302,-1.1829281915388592],[37.03801568602407,-1.182932630465538]]]},"id":"001a000000000000c3b4","properties":{"FID":375783}},{"type":"Feature","geometry":{"type":"Polygon","coordinates":[[[37.04715689205145,-1.1748304436687964],[37.04717474404497,-1.1748750561911083],[37.04720594407819,-1.1748660904828707],[37.04719251414428,-1.1748215273823213],[37.04715689205145,-1.1748304436687964]]]},"id":"001a0000000000003d35","properties":{"FID":378343}},{"type":"Feature","geometry":{"type":"Polygon","coordinates":[[[37.06835099747787,-1.1774033583760595],[37.068444652113406,-1.17740331846358],[37.06844907287119,-1.1773007680606242],[37.06835541824136,-1.1772963316365443],[37.06835099747787,-1.1774033583760595]]]},"id":"001a0000000000010197","properties":{"FID":379879}},{"type":"Feature","geometry":{"type":"Polygon","coordinates":[[[37.03142070210495,-1.188136395407242],[37.03145190889873,-1.1881363788948158],[37.0314474858894,-1.1881988110567765],[37.03158124084893,-1.1882032618552367],[37.03158566385012,-1.1880739872790878],[37.03142520702351,-1.1880694823130649],[37.03142070210495,-1.188136395407242]]]},"id":"001a0000000000015027","properties":{"FID":380647}},{"type":"Feature","geometry":{"type":"Polygon","coordinates":[[[37.06784711054174,-1.2066773152666495],[37.06787830169493,-1.2067085339520665],[37.06790507204408,-1.2066818167481317],[37.06787830169493,-1.206650586727604],[37.06784711054174,-1.2066773152666495]]]},"id":"001a000000000000af4f","properties":{"FID":380903}},{"type":"Feature","geometry":{"type":"Polygon","coordinates":[[[37.038260976669044,-1.18295043735341],[37.038301107614004,-1.1829504605285883],[37.038301107614,-1.1829103292520795],[37.038260976669044,-1.1829103060564814],[37.038260976669044,-1.18295043735341]]]},"id":"001a0000000000003002","properties":{"FID":375784}},{"type":"Feature","geometry":{"type":"Polygon","coordinates":[[[37.04721929211981,-1.1747947807054198],[37.04724156614698,-1.1748705465405265],[37.0472861960706,-1.1748571904844214],[37.04730404803237,-1.1749151753338836],[37.04734859602794,-1.1749017616019468],[37.04730404803237,-1.1747635435480173],[37.04721929211981,-1.1747947807054198]]]},"id":"001a0000000000017239","properties":{"FID":378344}},{"type":"Feature","geometry":{"type":"Polygon","coordinates":[[[37.06810130576974,-1.177345390626387],[37.06814142023323,-1.177349833324958],[37.06814584100948,-1.1772383302554938],[37.06810572654843,-1.1772338875151482],[37.06810130576974,-1.177345390626387]]]},"id":"001a00000000000048c5","properties":{"FID":379880}},{"type":"Feature","geometry":{"type":"Polygon","coordinates":[[[37.0313404326001,-1.1881898754447282],[37.0314117741746,-1.18818987957597],[37.031416279093726,-1.1880561237452956],[37.03134493752364,-1.1880561194931472],[37.0313404326001,-1.1881898754447282]]]},"id":"001a0000000000004cb5","properties":{"FID":380648}},{"type":"Feature","geometry":{"type":"Polygon","coordinates":[[[37.03801568602407,-1.1826293773376035],[37.038029117653416,-1.182669534992007],[37.038082598445676,-1.1826516715556732],[37.03807367133302,-1.1826115616675228],[37.03801568602407,-1.1826293773376035]]]},"id":"001a0000000000003e21","properties":{"FID":375785}},{"type":"Feature","geometry":{"type":"Polygon","coordinates":[[[37.04779898783179,-1.1747947650713373],[37.047834691499006,-1.1748527088367384],[37.04795056451834,-1.1747769267442745],[37.047914942797085,-1.1747234000214222],[37.04779898783179,-1.1747947650713373]]]},"id":"001a000000000000f44b","properties":{"FID":378345}},{"type":"Feature","geometry":{"type":"Polygon","coordinates":[[[37.067940765827565,-1.1771937463452762],[37.06798088037981,-1.1771982480113818],[37.067989803818,-1.1771224261466204],[37.06794968927069,-1.1771179833502594],[37.067940765827565,-1.1771937463452762]]]},"id":"001a00000000000048c0","properties":{"FID":379881}},{"type":"Feature","geometry":{"type":"Polygon","coordinates":[[[37.0271354972454,-1.1881185861329664],[37.02718898604694,-1.1881229960370816],[37.02720241967545,-1.187989270560244],[37.0271489308838,-1.1879848016369192],[37.0271354972454,-1.1881185861329664]]]},"id":"001a0000000000007701","properties":{"FID":380649}},{"type":"Feature","geometry":{"type":"Polygon","coordinates":[[[37.04274240165291,-1.1825892435762337],[37.042786952444395,-1.182589256891614],[37.042786952444395,-1.182544708889729],[37.04274240165291,-1.1825446955491634],[37.04274240165291,-1.1825892435762337]]]},"id":"001a0000000000001922","properties":{"FID":375786}},{"type":"Feature","geometry":{"type":"Polygon","coordinates":[[[37.04663516969813,-1.1747635247760118],[37.04667971810371,-1.1747724966411734],[37.04668422207702,-1.1747367868131282],[37.04664409575952,-1.1747278643386125],[37.04663516969813,-1.1747635247760118]]]},"id":"001a000000000000b6d3","properties":{"FID":378346}},{"type":"Feature","geometry":{"type":"Polygon","coordinates":[[[37.03290559006353,-1.1880338345409287],[37.032959074623335,-1.1880383029413117],[37.03297693010315,-1.1879401787031623],[37.03292344555648,-1.1879312895476244],[37.03290559006353,-1.1880338345409287]]]},"id":"001a0000000000002884","properties":{"FID":380650}},{"type":"Feature","geometry":{"type":"Polygon","coordinates":[[[37.04495410255448,-1.1824555122852725],[37.04498972572697,-1.1830886920308228],[37.045083410492694,-1.1830842271470061],[37.04505220954829,-1.1824510382976476],[37.04495410255448,-1.1824555122852725]]]},"id":"001a000000000001925b","properties":{"FID":375787}},{"type":"Feature","geometry":{"type":"Polygon","coordinates":[[[37.04729954409748,-1.1747412278697718],[37.04732189998976,-1.1747992017542417],[37.04736202593301,-1.1747813794853628],[37.04733967005307,-1.1747234056566151],[37.04729954409748,-1.1747412278697718]]]},"id":"001a0000000000003d3e","properties":{"FID":378347}},{"type":"Feature","geometry":{"type":"Polygon","coordinates":[[[37.03257116733777,-1.187855457197683],[37.032695992458585,-1.187864409752921],[37.032704920231325,-1.1877796874099644],[37.03258009512584,-1.187770734744675],[37.03257116733777,-1.187855457197683]]]},"id":"001a000000000000abdd","properties":{"FID":380651}},{"type":"Feature","geometry":{"type":"Polygon","coordinates":[[[37.03685187506077,-1.1824644021972035],[37.03686080232343,-1.182495614087706],[37.036914365876314,-1.1824822280489884],[37.03690543862024,-1.1824465964317323],[37.03685187506077,-1.1824644021972035]]]},"id":"001a000000000000289b","properties":{"FID":375788}},{"type":"Feature","geometry":{"type":"Polygon","coordinates":[[[37.04663516969813,-1.1744870642144316],[37.04669757021446,-1.174504949794117],[37.04671100023983,-1.1744648018587203],[37.046648517844574,-1.1744469764475893],[37.04663516969813,-1.1744870642144316]]]},"id":"001a0000000000006a8f","properties":{"FID":378348}},{"type":"Feature","geometry":{"type":"Polygon","coordinates":[[[37.027938152786355,-1.1876503796355493],[37.028040705953714,-1.1876503681273811],[37.028040705953714,-1.1875344218110258],[37.02794257600901,-1.1875299431042254],[37.027938152786355,-1.1876503796355493]]]},"id":"001a0000000000010d15","properties":{"FID":380652}},{"type":"Feature","geometry":{"type":"Polygon","coordinates":[[[37.03808710295166,-1.1824778184931946],[37.038136079198615,-1.1824733434367396],[37.03813165659573,-1.1824198456488335],[37.03808710295166,-1.1824243107416015],[37.03808710295166,-1.1824778184931946]]]},"id":"001a000000000000b26b","properties":{"FID":375789}},{"type":"Feature","geometry":{"type":"Polygon","coordinates":[[[37.0459974857598,-1.17440237884887],[37.0460421164474,-1.1744068136352859],[37.04604653856908,-1.174371164104727],[37.04600198977539,-1.174366669127418],[37.0459974857598,-1.17440237884887]]]},"id":"001a000000000000154c","properties":{"FID":378349}},{"type":"Feature","geometry":{"type":"Polygon","coordinates":[[[37.026426541652306,-1.1875745641129638],[37.02645775058803,-1.187579027874087],[37.026471102438336,-1.1875299522344922],[37.026435470194336,-1.187521018685866],[37.026426541652306,-1.1875745641129638]]]},"id":"001a0000000000008353","properties":{"FID":380653}},{"type":"Feature","geometry":{"type":"Polygon","coordinates":[[[37.036914365876314,-1.1823796897027945],[37.03693213848377,-1.182428737464699],[37.037043606213075,-1.1823886387656644],[37.03702583363285,-1.1823395911236754],[37.036914365876314,-1.1823796897027945]]]},"id":"001a000000000000e640","properties":{"FID":375790}},{"type":"Feature","geometry":{"type":"Polygon","coordinates":[[[37.046844727125446,-1.174264152696788],[37.04699638769243,-1.1742953259261115],[37.047014157835356,-1.174192786484055],[37.04686257919567,-1.1741615529862475],[37.046844727125446,-1.174264152696788]]]},"id":"001a00000000000113ce","properties":{"FID":378350}},{"type":"Feature","geometry":{"type":"Polygon","coordinates":[[[37.03358335856774,-1.187454150903458],[37.03364577028648,-1.1874541772870044],[37.03364577028649,-1.187409558731042],[37.03358335856774,-1.187405111715215],[37.03358335856774,-1.187454150903458]]]},"id":"001a0000000000001508","properties":{"FID":380654}},{"type":"Feature","geometry":{"type":"Polygon","coordinates":[[[37.04106132637659,-1.1823172518544178],[37.04109252903397,-1.182388597866712],[37.04116386104291,-1.1823573756612242],[37.04113265841615,-1.1822860297686284],[37.04106132637659,-1.1823172518544178]]]},"id":"001a00000000000049ed","properties":{"FID":375791}},{"type":"Feature","geometry":{"type":"Polygon","coordinates":[[[37.04914122074123,-1.1740902043281591],[37.04915456842736,-1.174148197392025],[37.04920361910568,-1.1741392508061779],[37.04919027142855,-1.1740813166989947],[37.04914122074123,-1.1740902043281591]]]},"id":"001a000000000000a00f","properties":{"FID":378351}},{"type":"Feature","geometry":{"type":"Polygon","coordinates":[[[37.033088403894105,-1.1874006475456704],[37.03319987751423,-1.1874050939654592],[37.03319987751423,-1.1873471544461984],[37.03309290870939,-1.1873426964823495],[37.033088403894105,-1.1874006475456704]]]},"id":"001a000000000000a510","properties":{"FID":380655}},{"type":"Feature","geometry":{"type":"Polygon","coordinates":[[[37.03653974778499,-1.1822860472182697],[37.036620011552465,-1.182455518642371],[37.03672255248165,-1.1824020047653327],[37.036642288827345,-1.1822370124571802],[37.03653974778499,-1.1822860472182697]]]},"id":"001a0000000000016981","properties":{"FID":375792}},{"type":"Feature","geometry":{"type":"Polygon","coordinates":[[[37.048739888247724,-1.1741348180022342],[37.04879786500281,-1.1741348049770999],[37.04879786500281,-1.1740857946758616],[37.048744310205244,-1.1740813212857077],[37.048739888247724,-1.1741348180022342]]]},"id":"001a000000000000c523","properties":{"FID":378352}},{"type":"Feature","geometry":{"type":"Polygon","coordinates":[[[37.02795150436505,-1.1872579469916933],[37.027987217778225,-1.1872668791078438],[37.02800056934792,-1.1872178049174833],[37.027960432719986,-1.1872088829640441],[37.02795150436505,-1.1872579469916933]]]},"id":"001a0000000000007089","properties":{"FID":380656}},{"type":"Feature","geometry":{"type":"Polygon","coordinates":[[[37.04465535857242,-1.1823306490426972],[37.04493182782625,-1.1823261674039347],[37.04492732374434,-1.1822370268626452],[37.04465535857242,-1.1822459162701688],[37.04465535857242,-1.1823306490426972]]]},"id":"001a0000000000017697","properties":{"FID":375793}},{"type":"Feature","geometry":{"type":"Polygon","coordinates":[[[37.04869525921688,-1.1740902089533116],[37.04870868887308,-1.174139247258479],[37.048739888247724,-1.1741303410934516],[37.04872645859728,-1.1740813028194252],[37.04869525921688,-1.1740902089533116]]]},"id":"001a00000000000039b9","properties":{"FID":378353}},{"type":"Feature","geometry":{"type":"Polygon","coordinates":[[[37.0289013441312,-1.1872579584647132],[37.0290038959411,-1.187275807588306],[37.029017247324255,-1.1871865929018008],[37.02891469553315,-1.187168743713202],[37.0289013441312,-1.1872579584647132]]]},"id":"001a00000000000130d5","properties":{"FID":380657}},{"type":"Feature","geometry":{"type":"Polygon","coordinates":[[[37.04441008950046,-1.182254861428781],[37.044454639269865,-1.1822548159680115],[37.044454639269865,-1.182214688656928],[37.044414511721435,-1.1822102459379733],[37.04441008950046,-1.182254861428781]]]},"id":"001a0000000000001cc3","properties":{"FID":375794}},{"type":"Feature","geometry":{"type":"Polygon","coordinates":[[[37.04667529602055,-1.1741080740361216],[37.046746622551225,-1.1741125084269004],[37.04675112652039,-1.1740590091310137],[37.046675296020545,-1.1740545265280997],[37.04667529602055,-1.1741080740361216]]]},"id":"001a000000000000aa89","properties":{"FID":378354}},{"type":"Feature","geometry":{"type":"Polygon","coordinates":[[[37.02785787943949,-1.1871687522164398],[37.028009497696836,-1.1871732208069],[37.028013920915164,-1.1870840268974832],[37.02786238457865,-1.1870796158131045],[37.02785787943949,-1.1871687522164398]]]},"id":"001a000000000000fe23","properties":{"FID":380658}},{"type":"Feature","geometry":{"type":"Polygon","coordinates":[[[37.044597378512584,-1.1822414569172968],[37.044637505960054,-1.1822458996101253],[37.0446419281672,-1.182201343183907],[37.044601800722155,-1.1821969004746053],[37.044597378512584,-1.1822414569172968]]]},"id":"001a0000000000000040","properties":{"FID":375795}},{"type":"Feature","geometry":{"type":"Polygon","coordinates":[[[37.05668153580575,-1.1740367254832322],[37.056685957279896,-1.1740857802091536],[37.056717153228725,-1.174081292393808],[37.05671273175648,-1.1740322376937098],[37.05668153580575,-1.1740367254832322]]]},"id":"001a0000000000001bbf","properties":{"FID":378355}},{"type":"Feature","geometry":{"type":"Polygon","coordinates":[[[37.03068492229848,-1.1869725647443148],[37.030689427262594,-1.1870528333496504],[37.030774120536215,-1.1870483860448506],[37.03077412053622,-1.1869770064311589],[37.03072505742357,-1.1869770067429875],[37.03072505742357,-1.1869725860424665],[37.03068492229848,-1.1869725647443148]]]},"id":"001a0000000000000e69","properties":{"FID":380659}},{"type":"Feature","geometry":{"type":"Polygon","coordinates":[[[37.036914365876314,-1.182192410702564],[37.03694557031326,-1.182290514452348],[37.0369901246567,-1.1822771510215973],[37.036958920238874,-1.1821790473617502],[37.036914365876314,-1.182192410702564]]]},"id":"001a0000000000003138","properties":{"FID":375796}},{"type":"Feature","geometry":{"type":"Polygon","coordinates":[[[37.049020763904466,-1.1741080897239067],[37.04908766619671,-1.1741080564848285],[37.049087666196705,-1.1740278260756931],[37.04902526773268,-1.174027789599352],[37.049020763904466,-1.1741080897239067]]]},"id":"001a00000000000040dd","properties":{"FID":378356}},{"type":"Feature","geometry":{"type":"Polygon","coordinates":[[[37.02811655588709,-1.1870260721381023],[37.02816111563829,-1.1870305631022926],[37.0281655388474,-1.1869725514208405],[37.0281209790989,-1.186963639586508],[37.02811655588709,-1.1870260721381023]]]},"id":"001a000000000000a64d","properties":{"FID":380660}},{"type":"Feature","geometry":{"type":"Polygon","coordinates":[[[37.03915277932342,-1.1820943401188229],[37.039183982799855,-1.1821612089865179],[37.03925089414643,-1.182129996425643],[37.03921969069871,-1.1820630687378728],[37.03915277932342,-1.1820943401188229]]]},"id":"001a0000000000011c00","properties":{"FID":375797}},{"type":"Feature","geometry":{"type":"Polygon","coordinates":[[[37.04872645859728,-1.1740322336452143],[37.04882013854615,-1.1740679549824167],[37.04883799013109,-1.1740189043655633],[37.048744310205244,-1.1739831830311296],[37.04872645859728,-1.1740322336452143]]]},"id":"001a0000000000007c1a","properties":{"FID":378357}},{"type":"Feature","geometry":{"type":"Polygon","coordinates":[[[37.03061358001123,-1.1868788995781419],[37.03061808497978,-1.1869681273338633],[37.030742913451704,-1.1869636424902372],[37.030742913451704,-1.1868744623929837],[37.03061358001123,-1.1868788995781419]]]},"id":"001a00000000000135d0","properties":{"FID":380661}},{"type":"Feature","geometry":{"type":"Polygon","coordinates":[[[37.03906359136026,-1.1820274309388075],[37.03909479487497,-1.1821879362817007],[37.03916170630362,-1.1821745788064095],[37.03913050281762,-1.1820140736594629],[37.03906359136026,-1.1820274309388075]]]},"id":"001a00000000000020c4","properties":{"FID":375798}},{"type":"Feature","geometry":{"type":"Polygon","coordinates":[[[37.056489774575454,-1.1738672897181508],[37.05652097060855,-1.1739743006493715],[37.05656109147131,-1.1739653751016423],[37.056529895455455,-1.1738538878216862],[37.056489774575454,-1.1738672897181508]]]},"id":"001a000000000000bb4f","properties":{"FID":378358}},{"type":"Feature","geometry":{"type":"Polygon","coordinates":[[[37.06789614859546,-1.1757891683830577],[37.067936263172356,-1.1757891356478671],[37.067936263172356,-1.1757044444155444],[37.06789614859546,-1.1756999421842635],[37.06789614859546,-1.1757891683830577]]]},"id":"001a0000000000001894","properties":{"FID":379894}},{"type":"Feature","geometry":{"type":"Polygon","coordinates":[[[37.02872744804012,-1.1866648684513637],[37.028847774677814,-1.1866693549888438],[37.02885227975568,-1.186580162110615],[37.0287318712148,-1.186571255969013],[37.02872744804012,-1.1866648684513637]]]},"id":"001a0000000000010838","properties":{"FID":380662}},{"type":"Feature","geometry":{"type":"Polygon","coordinates":[[[37.05673950622319,-1.2135755434025592],[37.05678404843339,-1.2136558557213661],[37.05683309396045,-1.2136290657882718],[37.056788551780336,-1.21354881253904],[37.05673950622319,-1.2135755434025592]]]},"id":"001a000000000000f7cd","properties":{"FID":380918}},{"type":"Feature","geometry":{"type":"Polygon","coordinates":[[[37.03914835678238,-1.1819962353440563],[37.039166210742735,-1.1820229463459595],[37.03920634118811,-1.1819962168283742],[37.03918848723761,-1.181969446928066],[37.03914835678238,-1.1819962353440563]]]},"id":"001a0000000000005b61","properties":{"FID":375799}},{"type":"Feature","geometry":{"type":"Polygon","coordinates":[[[37.05657451967349,-1.1738093169415236],[37.05662356534204,-1.1739341339496563],[37.056685957279896,-1.173911846994204],[37.05663691165347,-1.1737825537423165],[37.05657451967349,-1.1738093169415236]]]},"id":"001a000000000001626e","properties":{"FID":378359}},{"type":"Feature","geometry":{"type":"Polygon","coordinates":[[[37.03066714816456,-1.1865534087116685],[37.030671571221326,-1.18659801767734],[37.0307117063538,-1.1865935595728292],[37.03071170635379,-1.186553420083959],[37.03066714816456,-1.1865534087116685]]]},"id":"001a0000000000001b99","properties":{"FID":380663}},{"type":"Feature","geometry":{"type":"Polygon","coordinates":[[[37.04736644797439,-1.211470894646496],[37.047384299916445,-1.211519911337609],[37.04743777382673,-1.2114976508365587],[37.0474154998597,-1.2114485868170908],[37.04736644797439,-1.211470894646496]]]},"id":"001a000000000000c134","properties":{"FID":380919}},{"type":"Feature","geometry":{"type":"Polygon","coordinates":[[[37.03677161154919,-1.1819516070952194],[37.036807320632626,-1.1820541778863818],[37.03690543862024,-1.1820229504805522],[37.03686530690507,-1.181915970100663],[37.03677161154919,-1.1819516070952194]]]},"id":"001a0000000000010119","properties":{"FID":375800}},{"type":"Feature","geometry":{"type":"Polygon","coordinates":[[[37.05646300001669,-1.1737468992090783],[37.056476428237,-1.1738226729287584],[37.056534398818144,-1.1738137659437498],[37.05652097060855,-1.1737335158855438],[37.05646300001669,-1.1737468992090783]]]},"id":"001a000000000000b1f9","properties":{"FID":378360}},{"type":"Feature","geometry":{"type":"Polygon","coordinates":[[[37.03212076310339,-1.1866782933064404],[37.03220995958075,-1.186687214656302],[37.03221888741314,-1.1865578766552807],[37.03212969094673,-1.1865534347016897],[37.03212076310339,-1.1866782933064404]]]},"id":"001a00000000000131b4","properties":{"FID":380664}},{"type":"Feature","geometry":{"type":"Polygon","coordinates":[[[37.047241566146994,-1.2114619772098252],[37.04725499607184,-1.2114931366647181],[37.04732632203357,-1.2114619222740228],[37.04730847007727,-1.211430715480614],[37.047241566146994,-1.2114619772098252]]]},"id":"001a00000000000040eb","properties":{"FID":380920}},{"type":"Feature","geometry":{"type":"Polygon","coordinates":[[[37.036446133911625,-1.1818267913616094],[37.03649519316563,-1.1819516066744977],[37.03655760238583,-1.1819293030344016],[37.03650854317392,-1.1818044878909542],[37.036446133911625,-1.1818267913616094]]]},"id":"001a000000000001108a","properties":{"FID":375801}},{"type":"Feature","geometry":{"type":"Polygon","coordinates":[[[37.05015342696434,-1.1737602320359597],[37.05022917194832,-1.1737691925827947],[37.05023809756826,-1.1737067332167779],[37.05016235259359,-1.1736978315327384],[37.05015342696434,-1.1737602320359597]]]},"id":"001a0000000000009e1a","properties":{"FID":378361}},{"type":"Feature","geometry":{"type":"Polygon","coordinates":[[[37.06827518952879,-1.1754725656636076],[37.06827961029689,-1.1755661983168049],[37.06835099747787,-1.1755617351790304],[37.06834649484812,-1.1754681038915789],[37.06827518952879,-1.1754725656636076]]]},"id":"001a00000000000067dc","properties":{"FID":379897}},{"type":"Feature","geometry":{"type":"Polygon","coordinates":[[[37.03061808497977,-1.1865935482933934],[37.030662643199044,-1.1865890800485113],[37.03066264319905,-1.186544519892202],[37.03061808497977,-1.1865445085136697],[37.03061808497977,-1.1865935482933934]]]},"id":"001a000000000000a398","properties":{"FID":380665}},{"type":"Feature","geometry":{"type":"Polygon","coordinates":[[[37.04723272204878,-1.2113995478337165],[37.047250492133905,-1.2114485658283773],[37.04729954409748,-1.2114307399517348],[37.04728177402435,-1.2113816630369643],[37.04723272204878,-1.2113995478337165]]]},"id":"001a000000000000a04e","properties":{"FID":380921}},{"type":"Feature","geometry":{"type":"Polygon","coordinates":[[[37.03786408862077,-1.1817554053283155],[37.037908724301786,-1.181893663700248],[37.0379443509266,-1.1818802629224552],[37.037904219784764,-1.1817465309694206],[37.03786408862077,-1.1817554053283155]]]},"id":"001a00000000000132a7","properties":{"FID":375802}},{"type":"Feature","geometry":{"type":"Polygon","coordinates":[[[37.0461624963305,-1.1737691517708926],[37.04620712691678,-1.1737825408306575],[37.04623382336446,-1.1736933539534171],[37.04618927468556,-1.1736799636179496],[37.0461624963305,-1.1737691517708926]]]},"id":"001a0000000000005297","properties":{"FID":378362}},{"type":"Feature","geometry":{"type":"Polygon","coordinates":[[[37.06878349422993,-1.175517164648846],[37.06884145498437,-1.175517149974664],[37.06884145498437,-1.1754636153036353],[37.06886380424597,-1.175463622387192],[37.068863804245964,-1.1754056707766782],[37.06878349422994,-1.1754056782686548],[37.06878349422993,-1.175517164648846]]]},"id":"001a0000000000003e22","properties":{"FID":379898}},{"type":"Feature","geometry":{"type":"Polygon","coordinates":[[[37.03056009372703,-1.1865757104639798],[37.030600228921,-1.1865801526222088],[37.03060473389037,-1.186531101433644],[37.03056459869889,-1.1865266592572574],[37.03056009372703,-1.1865757104639798]]]},"id":"001a00000000000027f8","properties":{"FID":380666}},{"type":"Feature","geometry":{"type":"Polygon","coordinates":[[[37.04938197004093,-1.2109893152960578],[37.04940424340522,-1.2110739959207282],[37.04947114534439,-1.2110561809967675],[37.04944887200061,-1.2109714415138795],[37.04938197004093,-1.2109893152960578]]]},"id":"001a0000000000008f10","properties":{"FID":380922}},{"type":"Feature","geometry":{"type":"Polygon","coordinates":[[[37.03736465852714,-1.1817242243558204],[37.037382512925454,-1.181773269750752],[37.0374226443552,-1.1817598578374156],[37.03740478996674,-1.1817063928505154],[37.03736465852714,-1.1817242243558204]]]},"id":"001a0000000000003905","properties":{"FID":375803}},{"type":"Feature","geometry":{"type":"Polygon","coordinates":[[[37.04611344359948,-1.173737981941566],[37.046162496330496,-1.173733512458087],[37.0461624963305,-1.1736799651979903],[37.04611344359948,-1.1736800165506862],[37.04611344359948,-1.173737981941566]]]},"id":"001a0000000000000ca1","properties":{"FID":378363}},{"type":"Feature","geometry":{"type":"Polygon","coordinates":[[[37.02866052701257,-1.1866649116365668],[37.02872744804012,-1.186669348167165],[37.028736294389226,-1.1864999243287533],[37.02866495019132,-1.1864954388655706],[37.02866052701257,-1.1866649116365668]]]},"id":"001a000000000000207a","properties":{"FID":380667}},{"type":"Feature","geometry":{"type":"Polygon","coordinates":[[[37.04927052122958,-1.2109625511147077],[37.04928386889196,-1.21099376965254],[37.049337341404446,-1.2109759331420362],[37.049328497561305,-1.2109447017736121],[37.04927052122958,-1.2109625511147077]]]},"id":"001a0000000000002c38","properties":{"FID":380923}},{"type":"Feature","geometry":{"type":"Polygon","coordinates":[[[37.041881763449844,-1.1815993757949061],[37.04190403911271,-1.1816706819403087],[37.0419308190366,-1.1816617800303701],[37.041912965755095,-1.181590405115858],[37.041881763449844,-1.1815993757949061]]]},"id":"001a0000000000002ecc","properties":{"FID":375804}},{"type":"Feature","geometry":{"type":"Polygon","coordinates":[[[37.05021582445958,-1.1736755045871776],[37.05026929628621,-1.1736844561006337],[37.0502827256515,-1.1735952435147503],[37.05022475008115,-1.173590779436463],[37.05021582445958,-1.1736755045871776]]]},"id":"001a00000000000133d6","properties":{"FID":378364}},{"type":"Feature","geometry":{"type":"Polygon","coordinates":[[[37.024295046160354,-1.1865534215956959],[37.02438867566938,-1.1865578542505435],[37.0243931810233,-1.1864687155848392],[37.02429955152006,-1.1864642238897338],[37.024295046160354,-1.1865534215956959]]]},"id":"001a000000000000487f","properties":{"FID":380668}},{"type":"Feature","geometry":{"type":"Polygon","coordinates":[[[37.04933291948301,-1.2109223992940714],[37.049341845213036,-1.2109759202745354],[37.04943994628373,-1.2109535978332282],[37.04942659865001,-1.2109000885100776],[37.04933291948301,-1.2109223992940714]]]},"id":"001a000000000000b6d8","properties":{"FID":380924}},{"type":"Feature","geometry":{"type":"Polygon","coordinates":[[[37.03773034521436,-1.181594903524793],[37.037779403602045,-1.1817241945948858],[37.03783288457796,-1.181701912643898],[37.03778382622635,-1.181572621734806],[37.03773034521436,-1.181594903524793]]]},"id":"001a000000000000adb5","properties":{"FID":375805}},{"type":"Feature","geometry":{"type":"Polygon","coordinates":[[[37.024785555321806,-1.186571227161332],[37.02488368952341,-1.1865668063876393],[37.02487918419986,-1.1864508705587782],[37.024785555321806,-1.1864508588084008],[37.024785555321806,-1.186571227161332]]]},"id":"001a00000000000041dc","properties":{"FID":380669}},{"type":"Feature","geometry":{"type":"Polygon","coordinates":[[[37.04996164850053,-1.2106147499025834],[37.050015202400886,-1.210690497543628],[37.05005974873442,-1.210654877099729],[37.05001069863403,-1.2105790577428654],[37.04996164850053,-1.2106147499025834]]]},"id":"001a0000000000004831","properties":{"FID":380925}},{"type":"Feature","geometry":{"type":"Polygon","coordinates":[[[37.03780618504513,-1.1815458152771205],[37.03781953481276,-1.1816261031470343],[37.03787752027812,-1.1816127083032502],[37.03786408862077,-1.181536900309698],[37.03780618504513,-1.1815458152771205]]]},"id":"001a0000000000009b76","properties":{"FID":375806}},{"type":"Feature","geometry":{"type":"Polygon","coordinates":[[[37.024040861505355,-1.1866069061088251],[37.02412113906239,-1.1866113703964865],[37.02412113906239,-1.1865311436567543],[37.024263836297244,-1.1865355764927688],[37.02426834165888,-1.1864240970008955],[37.024049790340044,-1.186415189404952],[37.024040861505355,-1.1866069061088251]]]},"id":"001a0000000000018484","properties":{"FID":380670}},{"type":"Feature","geometry":{"type":"Polygon","coordinates":[[[37.051116569732855,-1.2101108467644086],[37.051143346262336,-1.2101465083109029],[37.051263717694994,-1.210052894603722],[37.05123251940404,-1.210017185724731],[37.051116569732855,-1.2101108467644086]]]},"id":"001a00000000000032c8","properties":{"FID":380926}},{"type":"Feature","geometry":{"type":"Polygon","coordinates":[[[37.0381896418122,-1.1815191074605094],[37.03820749600797,-1.1816038033009622],[37.03829668502115,-1.181585974935515],[37.03827883084728,-1.1815012792326944],[37.0381896418122,-1.1815191074605094]]]},"id":"001a0000000000004e08","properties":{"FID":375807}},{"type":"Feature","geometry":{"type":"Polygon","coordinates":[[[37.03506828428506,-1.1950524771806228],[37.035081634555276,-1.1951505428698936],[37.03516632271542,-1.1951371838320528],[37.03514854967644,-1.1950390699606388],[37.03506828428506,-1.1950524771806228]]]},"id":"001a0000000000006a04","properties":{"FID":380671}},{"type":"Feature","geometry":{"type":"Polygon","coordinates":[[[37.05421562136331,-1.2087240753459245],[37.05422454649349,-1.20876862733045],[37.05433606958725,-1.2087463322272864],[37.05432714447077,-1.2087017803333333],[37.05421562136331,-1.2087240753459245]]]},"id":"001a000000000000c12f","properties":{"FID":380927}}]}