{"type":"FeatureCollection","features":[{"type":"Feature","geometry":{"type":"Polygon","coordinates":[[[37.0940175840539,-1.2400715393436599],[37.09404434475375,-1.240125075727709],[37.09409336509265,-1.240098318920008],[37.09406218521482,-1.240044795912167],[37.0940175840539,-1.2400715393436599]]]},"id":"001a0000000000022410","properties":{"FID":532992}},{"type":"Feature","geometry":{"type":"Polygon","coordinates":[[[37.11331210011611,-1.2636423622209958],[37.113401278639195,-1.2636378647453894],[37.113401278639195,-1.263588823506505],[37.11331210011611,-1.2635933209200494],[37.11331210011611,-1.2636423622209958]]]},"id":"001a000000000002af4f","properties":{"FID":534784}},{"type":"Feature","geometry":{"type":"Polygon","coordinates":[[[37.0893577980895,-1.2621752818623895],[37.089451425598696,-1.2623536474994588],[37.089576316650785,-1.2622868116623625],[37.089482689302976,-1.2621084465877275],[37.0893577980895,-1.2621752818623895]]]},"id":"001a00000000000360d6","properties":{"FID":495872}},{"type":"Feature","geometry":{"type":"Polygon","coordinates":[[[37.09489601727567,-1.2398173847335203],[37.09492277765099,-1.239853047094045],[37.095003058717666,-1.2397951063686536],[37.09497179739546,-1.2397593997337009],[37.09489601727567,-1.2398173847335203]]]},"id":"001a000000000001ff5a","properties":{"FID":532993}},{"type":"Feature","geometry":{"type":"Polygon","coordinates":[[[37.11287062390017,-1.2636156163479935],[37.11293754911875,-1.2636200473264594],[37.11293754911875,-1.2635665206847528],[37.11287062390017,-1.2635665748108527],[37.11287062390017,-1.2636156163479935]]]},"id":"001a000000000001a024","properties":{"FID":534785}},{"type":"Feature","geometry":{"type":"Polygon","coordinates":[[[37.086272114712465,-1.2620727548233077],[37.08629887827297,-1.262126264939308],[37.08635682503067,-1.2620950167413396],[37.08633006149155,-1.2620415067043929],[37.086272114712465,-1.2620727548233077]]]},"id":"001a000000000002638f","properties":{"FID":495873}},{"type":"Feature","geometry":{"type":"Polygon","coordinates":[[[37.094855917612165,-1.2397148134036466],[37.09487817701995,-1.239763880383569],[37.09491827667112,-1.239746059295471],[37.09489159813016,-1.2396970056530192],[37.094855917612165,-1.2397148134036466]]]},"id":"001a000000000002305b","properties":{"FID":532994}},{"type":"Feature","geometry":{"type":"Polygon","coordinates":[[[37.07990005994004,-1.261889944366956],[37.07992682585306,-1.2619345441120062],[37.07999820157281,-1.2618943921523176],[37.07997143568614,-1.2618497924880547],[37.07990005994004,-1.261889944366956]]]},"id":"001a000000000002bf1c","properties":{"FID":495874}},{"type":"Feature","geometry":{"type":"Polygon","coordinates":[[[37.09496737825457,-1.2396568349587906],[37.09498071751233,-1.2397014467256176],[37.09501639796885,-1.2396925460118604],[37.095003058717666,-1.239647934275775],[37.09496737825457,-1.2396568349587906]]]},"id":"001a000000000001bc41","properties":{"FID":532995}},{"type":"Feature","geometry":{"type":"Polygon","coordinates":[[[37.11341019648546,-1.2635710293561664],[37.11348153921598,-1.2635799307397648],[37.11349045705235,-1.2635219477133537],[37.113419114330625,-1.2635130462938597],[37.11341019648546,-1.2635710293561664]]]},"id":"001a000000000002c78b","properties":{"FID":534787}},{"type":"Feature","geometry":{"type":"Polygon","coordinates":[[[37.08319088352061,-1.2617918545013034],[37.08328451899643,-1.2619211162612534],[37.08332462506359,-1.2618899281055524],[37.083226569782646,-1.2617650495297683],[37.08319088352061,-1.2617918545013034]]]},"id":"001a0000000000036247","properties":{"FID":495875}},{"type":"Feature","geometry":{"type":"Polygon","coordinates":[[[37.099542435916675,-1.2393135149174397],[37.09956919457526,-1.2393669875329731],[37.0996137104869,-1.2393402481399909],[37.09958695184476,-1.239286716606015],[37.099542435916675,-1.2393135149174397]]]},"id":"001a0000000000027f25","properties":{"FID":532996}},{"type":"Feature","geometry":{"type":"Polygon","coordinates":[[[37.08028804193307,-1.2617160024385714],[37.080319227737306,-1.2617739885232475],[37.080359335444825,-1.2617561416627505],[37.08032814965784,-1.2616981556318314],[37.08028804193307,-1.2617160024385714]]]},"id":"001a0000000000021275","properties":{"FID":495876}},{"type":"Feature","geometry":{"type":"Polygon","coordinates":[[[37.099515677248206,-1.2392599833671913],[37.09953351636162,-1.2392956710620187],[37.09956027502351,-1.2392867399739234],[37.09954685477842,-1.2392510980045588],[37.099515677248206,-1.2392599833671913]]]},"id":"001a000000000002c052","properties":{"FID":532997}},{"type":"Feature","geometry":{"type":"Polygon","coordinates":[[[37.11258083208038,-1.2635308654133486],[37.112620921927004,-1.2635353310108965],[37.112620921927004,-1.263566550053768],[37.11272351910678,-1.2635754613487948],[37.11273243703659,-1.2635041403749374],[37.112585250146196,-1.2634862942892724],[37.11258083208038,-1.2635308654133486]]]},"id":"001a00000000000336df","properties":{"FID":534789}},{"type":"Feature","geometry":{"type":"Polygon","coordinates":[[[37.084180761531485,-1.2616401965994677],[37.084198604421054,-1.2616848239892833],[37.08424321162577,-1.2616625346511992],[37.08422536874717,-1.2616223938278814],[37.084180761531485,-1.2616401965994677]]]},"id":"001a000000000001b620","properties":{"FID":495877}},{"type":"Feature","geometry":{"type":"Polygon","coordinates":[[[37.10032276998564,-1.239259997131479],[37.10034952835587,-1.239322434417625],[37.10038520616746,-1.239304569199491],[37.10035394716835,-1.2392421465856773],[37.10032276998564,-1.239259997131479]]]},"id":"001a0000000000022508","properties":{"FID":532998}},{"type":"Feature","geometry":{"type":"Polygon","coordinates":[[[37.11313816077221,-1.263553141698552],[37.1132229214831,-1.2635621143836857],[37.11323183935134,-1.263481823664955],[37.11314707865091,-1.2634729099308164],[37.11313816077221,-1.263553141698552]]]},"id":"001a000000000002c772","properties":{"FID":534790}},{"type":"Feature","geometry":{"type":"Polygon","coordinates":[[[37.08352081707646,-1.261640196730412],[37.08356992638332,-1.2617204919568703],[37.0836100322926,-1.261693731721616],[37.083561004861714,-1.2616134352222157],[37.08352081707646,-1.261640196730412]]]},"id":"001a000000000001c2ce","properties":{"FID":495878}},{"type":"Feature","geometry":{"type":"Polygon","coordinates":[[[37.099747503549274,-1.2393804096434267],[37.09976984328423,-1.2394561909694748],[37.10012654163515,-1.2393491431996573],[37.10008644486758,-1.2392242847345367],[37.09980994022711,-1.2393090223490104],[37.09982336042344,-1.239358112270538],[37.099747503549274,-1.2393804096434267]]]},"id":"001a0000000000039c43","properties":{"FID":532999}},{"type":"Feature","geometry":{"type":"Polygon","coordinates":[[[37.08379730204052,-1.2616402011434225],[37.08382406651481,-1.2616803708639663],[37.083971230022584,-1.2615911432453109],[37.08394446560262,-1.2615510327109036],[37.08379730204052,-1.2616402011434225]]]},"id":"001a0000000000027195","properties":{"FID":495879}},{"type":"Feature","geometry":{"type":"Polygon","coordinates":[[[37.09945765918381,-1.239166324045749],[37.099506757689845,-1.2392600112600818],[37.099555774331826,-1.2392376810699226],[37.099511176553754,-1.2391396146553737],[37.09945765918381,-1.239166324045749]]]},"id":"001a0000000000030ccc","properties":{"FID":533000}},{"type":"Feature","geometry":{"type":"Polygon","coordinates":[[[37.087105954578945,-1.2615466016698482],[37.08712379674844,-1.2615777682304055],[37.08716840215297,-1.2615510524651161],[37.08715055999446,-1.2615198269104773],[37.087105954578945,-1.2615466016698482]]]},"id":"001a0000000000028ad2","properties":{"FID":495880}},{"type":"Feature","geometry":{"type":"Polygon","coordinates":[[[37.100099783182515,-1.2391351216950102],[37.100117622152034,-1.2391619027319973],[37.100157718902345,-1.2391440243513385],[37.10014438059808,-1.239112864069157],[37.100099783182515,-1.2391351216950102]]]},"id":"001a0000000000019f22","properties":{"FID":533001}},{"type":"Feature","geometry":{"type":"Polygon","coordinates":[[[37.08394446560263,-1.2615108901582885],[37.08396672836242,-1.2615465890320188],[37.08401133570982,-1.2615153858061936],[37.083989072963725,-1.2614841734888977],[37.08394446560263,-1.2615108901582885]]]},"id":"001a0000000000025dd3","properties":{"FID":495881}},{"type":"Feature","geometry":{"type":"Polygon","coordinates":[[[37.09059295127021,-1.2381719571585885],[37.090637554539434,-1.2382388282510712],[37.090708919713066,-1.2381942478540557],[37.09066431648779,-1.238127376887033],[37.09059295127021,-1.2381719571585885]]]},"id":"001a0000000000033ab2","properties":{"FID":533002}},{"type":"Feature","geometry":{"type":"Polygon","coordinates":[[[37.08962534001281,-1.2614930516533083],[37.08966994387764,-1.2615510431683132],[37.089705626949744,-1.2615242995936669],[37.08966102310687,-1.261466308136552],[37.08962534001281,-1.2614930516533083]]]},"id":"001a000000000002f8a7","properties":{"FID":495882}},{"type":"Feature","geometry":{"type":"Polygon","coordinates":[[[37.091573971331115,-1.237998086096937],[37.091596313587075,-1.2380693897130202],[37.091681017681736,-1.2380382181804916],[37.0916542561089,-1.2379668688985745],[37.091573971331115,-1.237998086096937]]]},"id":"001a000000000002f301","properties":{"FID":533003}},{"type":"Feature","geometry":{"type":"Polygon","coordinates":[[[37.11294646702218,-1.2634639810755413],[37.11302222824913,-1.263468441814048],[37.113026728103534,-1.2634015621188246],[37.11298213862488,-1.26339711254212],[37.11298213862488,-1.263428331314227],[37.112950885065665,-1.2634238363541848],[37.11294646702218,-1.2634639810755413]]]},"id":"001a0000000000025b66","properties":{"FID":534795}},{"type":"Feature","geometry":{"type":"Polygon","coordinates":[[[37.079364985165476,-1.2614662844542228],[37.079414015433805,-1.261506440236243],[37.07944078152625,-1.261475237012943],[37.0793961713667,-1.261435125816839],[37.079364985165476,-1.2614662844542228]]]},"id":"001a00000000000271f6","properties":{"FID":495883}},{"type":"Feature","geometry":{"type":"Polygon","coordinates":[[[37.091319858374625,-1.2378955295423013],[37.091337617666575,-1.2379267382715835],[37.091377801117545,-1.2378999511068205],[37.0913554587942,-1.2378731822381155],[37.091319858374625,-1.2378955295423013]]]},"id":"001a000000000002d48b","properties":{"FID":533004}},{"type":"Feature","geometry":{"type":"Polygon","coordinates":[[[37.08299018889403,-1.2614752294131677],[37.08307940476318,-1.2615421063618408],[37.08314185580626,-1.2614574166231627],[37.08305714173089,-1.2613905239519467],[37.08299018889403,-1.2614752294131677]]]},"id":"001a0000000000034d9f","properties":{"FID":495884}},{"type":"Feature","geometry":{"type":"Polygon","coordinates":[[[37.092064517300145,-1.237623478885722],[37.09209127872143,-1.2376681067815132],[37.09212245944754,-1.2376457731024277],[37.09209569803776,-1.2376012042320006],[37.092064517300145,-1.237623478885722]]]},"id":"001a0000000000028658","properties":{"FID":533005}},{"type":"Feature","geometry":{"type":"Polygon","coordinates":[[[37.079427357554515,-1.2613548490436817],[37.07947196769488,-1.2614440193559906],[37.079520997890874,-1.2614172868962157],[37.079476469634116,-1.261328056298459],[37.079427357554515,-1.2613548490436817]]]},"id":"001a0000000000031108","properties":{"FID":495885}},{"type":"Feature","geometry":{"type":"Polygon","coordinates":[[[37.098338449710674,-1.2340071658801206],[37.09838304821096,-1.2340294396805545],[37.09840088760339,-1.2339982466719193],[37.098356289114086,-1.2339759728799011],[37.098338449710674,-1.2340071658801206]]]},"id":"001a000000000001cb57","properties":{"FID":533006}},{"type":"Feature","geometry":{"type":"Polygon","coordinates":[[[37.08293674116938,-1.261363777365558],[37.08295458436515,-1.2613949454913824],[37.08300803207665,-1.2613592856247848],[37.082985769022436,-1.2613280729970024],[37.08293674116938,-1.261363777365558]]]},"id":"001a000000000002a56e","properties":{"FID":495886}},{"type":"Feature","geometry":{"type":"Polygon","coordinates":[[[37.09033883487316,-1.233686092673638],[37.090383438298794,-1.2337797345056185],[37.090445801207515,-1.2337485218847897],[37.09040127966137,-1.233654878865646],[37.09033883487316,-1.233686092673638]]]},"id":"001a000000000001d463","properties":{"FID":533007}},{"type":"Feature","geometry":{"type":"Polygon","coordinates":[[[37.089411322921634,-1.26135039831047],[37.08944250480103,-1.2613904913031244],[37.08947376850915,-1.2613681895135527],[37.08944250480103,-1.2613280979166364],[37.089411322921634,-1.26135039831047]]]},"id":"001a0000000000022d76","properties":{"FID":495887}},{"type":"Feature","geometry":{"type":"Polygon","coordinates":[[[37.09735743942205,-1.2336638058263936],[37.09741095834405,-1.2337485656398937],[37.09757151487278,-1.2336415083982657],[37.09754917445967,-1.2336058387740898],[37.09746889621504,-1.2336593377337477],[37.09743771779023,-1.233614788832407],[37.09735743942205,-1.2336638058263936]]]},"id":"001a00000000000382c1","properties":{"FID":533008}},{"type":"Feature","geometry":{"type":"Polygon","coordinates":[[[37.0795032357035,-1.2613102545175638],[37.07952991990962,-1.2613548552875333],[37.0795076557874,-1.2613682135451372],[37.079525499827085,-1.2614038698207537],[37.079592374010105,-1.2613637346239324],[37.07954334386236,-1.26128349353028],[37.0795032357035,-1.2613102545175638]]]},"id":"001a000000000001d30d","properties":{"FID":495888}},{"type":"Feature","geometry":{"type":"Polygon","coordinates":[[[37.0903789370369,-1.2335790997762648],[37.09045472188168,-1.2337306827740442],[37.09053950915186,-1.2336861298114303],[37.09046814381137,-1.2335389576606932],[37.0903789370369,-1.2335790997762648]]]},"id":"001a00000000000346f3","properties":{"FID":533009}},{"type":"Feature","geometry":{"type":"Polygon","coordinates":[[[37.08954513482898,-1.2612522505446229],[37.08959415821209,-1.2613325401431146],[37.08963426078797,-1.2613057823161788],[37.08958523743199,-1.2612254928065507],[37.08954513482898,-1.2612522505446229]]]},"id":"001a000000000002165a","properties":{"FID":495889}},{"type":"Feature","geometry":{"type":"Polygon","coordinates":[[[37.09039235898064,-1.233409669510545],[37.09039677840058,-1.2334453390416253],[37.090463642554724,-1.2334319244635465],[37.09045472188168,-1.233396269232397],[37.09039235898064,-1.233409669510545]]]},"id":"001a000000000002d067","properties":{"FID":533010}},{"type":"Feature","geometry":{"type":"Polygon","coordinates":[[[37.08389985821407,-1.261243327602595],[37.083931124313146,-1.2613057954711342],[37.08400241424253,-1.2612701345430748],[37.08397123002258,-1.261207665422673],[37.08389985821407,-1.261243327602595]]]},"id":"001a0000000000034df6","properties":{"FID":495890}},{"type":"Feature","geometry":{"type":"Polygon","coordinates":[[[37.097972822804806,-1.2329771280879034],[37.09802634127207,-1.233088600702091],[37.09810653706639,-1.2330484327703233],[37.098053100490866,-1.2329414409697235],[37.097972822804806,-1.2329771280879034]]]},"id":"001a0000000000038d54","properties":{"FID":533011}},{"type":"Feature","geometry":{"type":"Polygon","coordinates":[[[37.082959004238646,-1.261212163265048],[37.08302145538545,-1.2612879269788964],[37.08307940476318,-1.2612389099540704],[37.083016953666316,-1.2611675738606458],[37.082959004238646,-1.261212163265048]]]},"id":"001a0000000000035540","properties":{"FID":495891}},{"type":"Feature","geometry":{"type":"Polygon","coordinates":[[[37.09403092348656,-1.2323394498203135],[37.094066604410905,-1.2323929494806343],[37.094102285317696,-1.2323662435759133],[37.09406660441091,-1.2323126849962276],[37.09403092348656,-1.2323394498203135]]]},"id":"001a000000000001ef50","properties":{"FID":533012}},{"type":"Feature","geometry":{"type":"Polygon","coordinates":[[[37.083770537556354,-1.261056101916162],[37.08381072520317,-1.2611095663606349],[37.08386867394999,-1.2610694640832412],[37.08382406651481,-1.2610114687006242],[37.083770537556354,-1.261056101916162]]]},"id":"001a0000000000031507","properties":{"FID":495892}},{"type":"Feature","geometry":{"type":"Polygon","coordinates":[[[37.097237062619634,-1.2320585109191735],[37.097277160964886,-1.2320897627827168],[37.09730842129211,-1.2320407208757533],[37.09726824113082,-1.2320139522210352],[37.097237062619634,-1.2320585109191735]]]},"id":"001a000000000001a223","properties":{"FID":533013}},{"type":"Feature","geometry":{"type":"Polygon","coordinates":[[[37.0839355441271,-1.2609223062228143],[37.08398457130467,-1.260998114671787],[37.08402025717601,-1.2609757973841138],[37.08397123002258,-1.2608999890066084],[37.0839355441271,-1.2609223062228143]]]},"id":"001a00000000000304e1","properties":{"FID":495893}},{"type":"Feature","geometry":{"type":"Polygon","coordinates":[[[37.098061938395816,-1.2320763560571442],[37.09813329625556,-1.2321120529516318],[37.09820465404499,-1.2319559760804326],[37.098133296255554,-1.231924761028713],[37.098061938395816,-1.2320763560571442]]]},"id":"001a000000000002f7c0","properties":{"FID":533014}},{"type":"Feature","geometry":{"type":"Polygon","coordinates":[[[37.08359669094156,-1.2608598766913885],[37.083627875322634,-1.2609000313934802],[37.083667981199845,-1.2608687857940697],[37.08363679683602,-1.2608286311378603],[37.08359669094156,-1.2608598766913885]]]},"id":"001a000000000002a5aa","properties":{"FID":495894}},{"type":"Feature","geometry":{"type":"Polygon","coordinates":[[[37.09764729219338,-1.2318222080972743],[37.097691891119304,-1.2318578683347028],[37.09766955074333,-1.2318935551466108],[37.09773649001776,-1.2319381697110772],[37.09784344542932,-1.2317865269882793],[37.097727570240274,-1.231706263936145],[37.09764729219338,-1.2318222080972743]]]},"id":"001a000000000003928f","properties":{"FID":533015}},{"type":"Feature","geometry":{"type":"Polygon","coordinates":[[[37.08271378270151,-1.2608331163110855],[37.08276281070535,-1.2609044393208035],[37.08280741879356,-1.2608732366053825],[37.08275830897015,-1.2608019150445517],[37.08271378270151,-1.2608331163110855]]]},"id":"001a000000000002f50a","properties":{"FID":495895}},{"type":"Feature","geometry":{"type":"Polygon","coordinates":[[[37.10059027141337,-1.231764230325766],[37.10062594910634,-1.231804397799129],[37.10073740086885,-1.231710713074388],[37.100697304439535,-1.2316661359447176],[37.10059027141337,-1.231764230325766]]]},"id":"001a0000000000027b0c","properties":{"FID":533016}},{"type":"Feature","geometry":{"type":"Polygon","coordinates":[[[37.08361445212613,-1.2607528512367083],[37.08362787532264,-1.2607796057117444],[37.083672482878555,-1.2607573173357711],[37.08365463985948,-1.2607260909123439],[37.08361445212613,-1.2607528512367083]]]},"id":"001a0000000000022aa3","properties":{"FID":495896}},{"type":"Feature","geometry":{"type":"Polygon","coordinates":[[[37.100608110262044,-1.2315278894468966],[37.100652707364524,-1.2315680297162257],[37.100675046820214,-1.2315413078313464],[37.10063044973149,-1.231505590208439],[37.100608110262044,-1.2315278894468966]]]},"id":"001a0000000000019f20","properties":{"FID":533017}},{"type":"Feature","geometry":{"type":"Polygon","coordinates":[[[37.08353424029031,-1.2607528271352229],[37.08358776942325,-1.2608331063362141],[37.083632295155084,-1.2608019053929191],[37.08357884790384,-1.2607261113650763],[37.08353424029031,-1.2607528271352229]]]},"id":"001a0000000000032468","properties":{"FID":495897}},{"type":"Feature","geometry":{"type":"Polygon","coordinates":[[[37.100483238228975,-1.2314610437627218],[37.10055017490258,-1.231536850666685],[37.100608110262044,-1.2314788278593585],[37.10054125547165,-1.2314075013428085],[37.100483238228975,-1.2314610437627218]]]},"id":"001a00000000000351b8","properties":{"FID":533018}},{"type":"Feature","geometry":{"type":"Polygon","coordinates":[[[37.08366798119984,-1.2605611112757211],[37.083734851562085,-1.2606369179241623],[37.08377503922869,-1.2605967575985781],[37.08370816890352,-1.2605254374466788],[37.08366798119984,-1.2605611112757211]]]},"id":"001a000000000001c761","properties":{"FID":495898}},{"type":"Feature","geometry":{"type":"Polygon","coordinates":[[[37.100492157667055,-1.2309794263538907],[37.10055459370281,-1.2309972817081947],[37.10057243256029,-1.2309437444121707],[37.100509996539905,-1.2309214664997943],[37.100492157667055,-1.2309794263538907]]]},"id":"001a000000000002a08b","properties":{"FID":533019}},{"type":"Feature","geometry":{"type":"Polygon","coordinates":[[[37.08244621526494,-1.2604719162231397],[37.08247740014091,-1.2605209851320982],[37.08252200840473,-1.2604942103131467],[37.08249082354795,-1.260445200493368],[37.08244621526494,-1.2604719162231397]]]},"id":"001a00000000000265bf","properties":{"FID":495899}},{"type":"Feature","geometry":{"type":"Polygon","coordinates":[[[37.10878168651828,-1.2412933175456033],[37.108812860058045,-1.241293337581634],[37.108812860058045,-1.2412532317437535],[37.10878168651828,-1.2412532116918629],[37.10878168651828,-1.2412933175456033]]]},"id":"001a000000000001ea20","properties":{"FID":533020}},{"type":"Feature","geometry":{"type":"Polygon","coordinates":[[[37.08305264001396,-1.2604630167710507],[37.08309724792384,-1.2605343533550106],[37.08316862052254,-1.260494205807115],[37.083128432519764,-1.2604184275292774],[37.08305264001396,-1.2604630167710507]]]},"id":"001a000000000003293d","properties":{"FID":495900}},{"type":"Feature","geometry":{"type":"Polygon","coordinates":[[[37.11100675623777,-1.2391395741053528],[37.11104684695657,-1.2391529540675181],[37.11108251949585,-1.2390637920505991],[37.111042428796814,-1.2390459300904024],[37.11100675623777,-1.2391395741053528]]]},"id":"001a000000000002483a","properties":{"FID":533021}},{"type":"Feature","geometry":{"type":"Polygon","coordinates":[[[37.08836340755055,-1.2604362412702212],[37.088394671724224,-1.2605298711642647],[37.088474878181394,-1.2604986694518665],[37.08844369588564,-1.2604095244833942],[37.08836340755055,-1.2604362412702212]]]},"id":"001a000000000001f6ec","properties":{"FID":495901}},{"type":"Feature","geometry":{"type":"Polygon","coordinates":[[[37.08462224898612,-1.2641863534930167],[37.08464901315584,-1.2642220381004177],[37.084698039850856,-1.2641863887018754],[37.08467577731565,-1.2641506881297246],[37.08462224898612,-1.2641863534930167]]]},"id":"001a0000000000024db6","properties":{"FID":496669}},{"type":"Feature","geometry":{"type":"Polygon","coordinates":[[[37.10760002763693,-1.2386580274628851],[37.10763120168569,-1.2386847644707548],[37.107702550114226,-1.2386134171827552],[37.107671376096185,-1.2385866802286425],[37.10760002763693,-1.2386580274628851]]]},"id":"001a00000000000262c2","properties":{"FID":533022}},{"type":"Feature","geometry":{"type":"Polygon","coordinates":[[[37.082325813688826,-1.260342629440692],[37.082348076945706,-1.2604050698313025],[37.0824239520382,-1.260378306741779],[37.08240610871183,-1.2603203384749235],[37.082325813688826,-1.260342629440692]]]},"id":"001a000000000001c89a","properties":{"FID":495902}},{"type":"Feature","geometry":{"type":"Polygon","coordinates":[[[37.081032650503836,-1.2641685012666597],[37.081046074178374,-1.2642354059703944],[37.08118432151118,-1.2642086587442318],[37.08118432151118,-1.2641952566886505],[37.081135210588336,-1.264204222894375],[37.08112628876711,-1.2641507043620435],[37.081032650503836,-1.2641685012666597]]]},"id":"001a000000000002fd92","properties":{"FID":496670}},{"type":"Feature","geometry":{"type":"Polygon","coordinates":[[[37.107591109074576,-1.238626798313895],[37.10761786475833,-1.2386446432766105],[37.10765795735464,-1.2385821815785487],[37.10762678331739,-1.2385643498946206],[37.107591109074576,-1.238626798313895]]]},"id":"001a0000000000024ea3","properties":{"FID":533023}},{"type":"Feature","geometry":{"type":"Polygon","coordinates":[[[37.08841693311715,-1.260217775244382],[37.08843927634656,-1.2602489835794983],[37.088474878181394,-1.2602266696540763],[37.08845261680626,-1.2601910329282533],[37.08841693311715,-1.260217775244382]]]},"id":"001a000000000001fe18","properties":{"FID":495903}},{"type":"Feature","geometry":{"type":"Polygon","coordinates":[[[37.08035491541283,-1.264199754646333],[37.08038610118831,-1.2642487697856575],[37.080461896481715,-1.2641952554198184],[37.08043071073883,-1.2641506684125974],[37.08035491541283,-1.264199754646333]]]},"id":"001a0000000000031f59","properties":{"FID":496671}},{"type":"Feature","geometry":{"type":"Polygon","coordinates":[[[37.106373755911434,-1.2373782597377487],[37.10642276790431,-1.237431774524708],[37.10647628012576,-1.2373827186325028],[37.106427268169114,-1.2373336269863464],[37.106373755911434,-1.2373782597377487]]]},"id":"001a0000000000034e73","properties":{"FID":533024}},{"type":"Feature","geometry":{"type":"Polygon","coordinates":[[[37.08255769499603,-1.260217759861847],[37.08260672310542,-1.2603069688039135],[37.082682516077405,-1.260266807077948],[37.082637907912336,-1.2601776429172813],[37.08255769499603,-1.260217759861847]]]},"id":"001a000000000003512e","properties":{"FID":495904}},{"type":"Feature","geometry":{"type":"Polygon","coordinates":[[[37.07985995197848,-1.2641952527641986],[37.07990898191215,-1.2642621553616102],[37.080047231413,-1.2641685146107702],[37.08000262162655,-1.264101656667487],[37.07985995197848,-1.2641952527641986]]]},"id":"001a00000000000374c2","properties":{"FID":496672}},{"type":"Feature","geometry":{"type":"Polygon","coordinates":[[[37.10654762969281,-1.237355958613014],[37.106610060506284,-1.237413913043947],[37.106654653911505,-1.237369308059122],[37.10658780470477,-1.2373068848701372],[37.10654762969281,-1.237355958613014]]]},"id":"001a000000000002e778","properties":{"FID":533025}},{"type":"Feature","geometry":{"type":"Polygon","coordinates":[[[37.07978415605586,-1.2601375185013737],[37.07979749810845,-1.2601642752849578],[37.079846528084346,-1.2601374856994405],[37.079833186040766,-1.26011072894953],[37.07978415605586,-1.2601375185013737]]]},"id":"001a000000000001c62e","properties":{"FID":495905}},{"type":"Feature","geometry":{"type":"Polygon","coordinates":[[[37.08440821712061,-1.264137319557664],[37.08442605995419,-1.264195292005885],[37.08447066701894,-1.2641819142973991],[37.08445724397849,-1.2641239272557296],[37.08440821712061,-1.264137319557664]]]},"id":"001a00000000000274ee","properties":{"FID":496673}},{"type":"Feature","geometry":{"type":"Polygon","coordinates":[[[37.10471051957926,-1.236762891106948],[37.10476845160961,-1.2368030506242884],[37.10479970870276,-1.2367629096496215],[37.104746195241844,-1.2367183139509736],[37.10471051957926,-1.236762891106948]]]},"id":"001a000000000002bd14","properties":{"FID":533026}},{"type":"Feature","geometry":{"type":"Polygon","coordinates":[[[37.088470458644224,-1.260084014923558],[37.0885329050425,-1.2601865699270993],[37.0885819291104,-1.2601553559816452],[37.088523984131754,-1.2600527853270014],[37.088470458644224,-1.260084014923558]]]},"id":"001a00000000000364b3","properties":{"FID":495906}},{"type":"Feature","geometry":{"type":"Polygon","coordinates":[[[37.08171488106014,-1.2641194613293092],[37.08173272455663,-1.2642041806364348],[37.081777333278644,-1.2641952895296482],[37.081759489793136,-1.2641105702911741],[37.08171488106014,-1.2641194613293092]]]},"id":"001a000000000001f968","properties":{"FID":496674}},{"type":"Feature","geometry":{"type":"Polygon","coordinates":[[[37.10483538432139,-1.2366647840130347],[37.1048665595609,-1.2366960032547274],[37.10490223514659,-1.2366603313824367],[37.104871059922445,-1.2366291121743935],[37.10483538432139,-1.2366647840130347]]]},"id":"001a000000000001dfa9","properties":{"FID":533027}},{"type":"Feature","geometry":{"type":"Polygon","coordinates":[[[37.0828163404079,-1.2599502401020435],[37.082851945004684,-1.2600126348930307],[37.082918897969215,-1.2599769891028871],[37.082883211555725,-1.2599145367447169],[37.0828163404079,-1.2599502401020435]]]},"id":"001a000000000001abfc","properties":{"FID":495907}},{"type":"Feature","geometry":{"type":"Polygon","coordinates":[[[37.08055111546206,-1.2641060933356925],[37.080555535482084,-1.2641507131171674],[37.0806179886992,-1.2641462477267895],[37.080609066814326,-1.2640971569359638],[37.08055111546206,-1.2641060933356925]]]},"id":"001a0000000000023d35","properties":{"FID":496675}},{"type":"Feature","geometry":{"type":"Polygon","coordinates":[[[37.104804127243646,-1.236575594646118],[37.104857640661734,-1.2366246722437182],[37.104946829603975,-1.2365265584237837],[37.1048665595609,-1.2364507307158283],[37.104830883957625,-1.2364953663052731],[37.104857640661734,-1.2365176345713524],[37.104804127243646,-1.236575594646118]]]},"id":"001a0000000000032967","properties":{"FID":533028}},{"type":"Feature","geometry":{"type":"Polygon","coordinates":[[[37.08303479684233,-1.2598833290913325],[37.08309724792383,-1.2599858909177828],[37.083155197241,-1.2599502177841495],[37.08309724792384,-1.2598476403535288],[37.08303479684233,-1.2598833290913325]]]},"id":"001a0000000000036e4e","properties":{"FID":495908}},{"type":"Feature","geometry":{"type":"Polygon","coordinates":[[[37.08070712563543,-1.264061515360012],[37.080716047508226,-1.2641239491031635],[37.08075173498844,-1.2641194575786785],[37.08074281312003,-1.2640570238717537],[37.08070712563543,-1.264061515360012]]]},"id":"001a000000000001bfaa","properties":{"FID":496676}},{"type":"Feature","geometry":{"type":"Polygon","coordinates":[[[37.11071245695462,-1.2338020585458673],[37.11077038418087,-1.2339268869103819],[37.11080605685644,-1.2339090881094212],[37.11075254783648,-1.233784187896345],[37.11071245695462,-1.2338020585458673]]]},"id":"001a00000000000300f6","properties":{"FID":533029}},{"type":"Feature","geometry":{"type":"Polygon","coordinates":[[[37.08233023360066,-1.259517707689868],[37.082356998616575,-1.259553331002054],[37.08243279184964,-1.2595043161637678],[37.08240610871183,-1.2594641461974425],[37.08233023360066,-1.259517707689868]]]},"id":"001a00000000000203b7","properties":{"FID":495909}},{"type":"Feature","geometry":{"type":"Polygon","coordinates":[[[37.08962984132151,-1.2641551641356157],[37.08967886464732,-1.2642309721751754],[37.089710046411575,-1.2642086688138474],[37.08972346847921,-1.2642309367655447],[37.089781412498716,-1.2641908313019763],[37.089750230765155,-1.2641462497408484],[37.089776993041234,-1.2641283886465045],[37.08971896717631,-1.2640392123671789],[37.08964768286963,-1.2640882769390864],[37.08967444518358,-1.2641283866272814],[37.08962984132151,-1.2641551641356157]]]},"id":"001a0000000000038e4f","properties":{"FID":496677}},{"type":"Feature","geometry":{"type":"Polygon","coordinates":[[[37.110658947865446,-1.2336548699231544],[37.11069462059596,-1.2337396106551604],[37.110725793311666,-1.2337262486870897],[37.11069012059652,-1.2336415080167855],[37.110658947865446,-1.2336548699231544]]]},"id":"001a0000000000030a16","properties":{"FID":533030}},{"type":"Feature","geometry":{"type":"Polygon","coordinates":[[[37.083155197241,-1.2592055499289927],[37.08318638181199,-1.2592546170480907],[37.0832755974397,-1.259196644123162],[37.08323991120179,-1.2591475928439892],[37.083155197241,-1.2592055499289927]]]},"id":"001a000000000002255d","properties":{"FID":495910}},{"type":"Feature","geometry":{"type":"Polygon","coordinates":[[[37.0795032357035,-1.264070423145069],[37.07951215772443,-1.2641061122899866],[37.07957010990707,-1.2640927477391666],[37.07956118789326,-1.264057058633366],[37.0795032357035,-1.264070423145069]]]},"id":"001a0000000000027576","properties":{"FID":496678}},{"type":"Feature","geometry":{"type":"Polygon","coordinates":[[[37.10208405519172,-1.2330662737994265],[37.10211973214863,-1.2330841508159025],[37.1021420711517,-1.2330261737892907],[37.102106394205784,-1.233012778484918],[37.10208405519172,-1.2330662737994265]]]},"id":"001a000000000001d6fe","properties":{"FID":533031}},{"type":"Feature","geometry":{"type":"Polygon","coordinates":[[[37.08294566276781,-1.2592590277356055],[37.08302145538545,-1.259388343465209],[37.083128432519764,-1.2593259429825063],[37.08303037697345,-1.259156502899305],[37.08294566276781,-1.259205546643365],[37.08296792583434,-1.2592412442013277],[37.08294566276781,-1.2592590277356055]]]},"id":"001a0000000000034f9b","properties":{"FID":495911}},{"type":"Feature","geometry":{"type":"Polygon","coordinates":[[[37.08431458309622,-1.264012481660708],[37.08434134737952,-1.264061508711247],[37.08439929570216,-1.2640303156308579],[37.08437253144026,-1.2639812296147495],[37.08431458309622,-1.264012481660708]]]},"id":"001a00000000000260b2","properties":{"FID":496679}},{"type":"Feature","geometry":{"type":"Polygon","coordinates":[[[37.10138401409737,-1.2321343284140631],[37.10141969139923,-1.2321655324795653],[37.101464288001836,-1.2321165119431832],[37.10143302946857,-1.2320852950430246],[37.10138401409737,-1.2321343284140631]]]},"id":"001a0000000000022991","properties":{"FID":533032}},{"type":"Feature","geometry":{"type":"Polygon","coordinates":[[[37.08182194197321,-1.2592010664871156],[37.08190223755426,-1.2593081135902238],[37.081973529478816,-1.2592545694433952],[37.08189331582743,-1.2591475802268033],[37.08182194197321,-1.2592010664871156]]]},"id":"001a000000000002e999","properties":{"FID":495912}},{"type":"Feature","geometry":{"type":"Polygon","coordinates":[[[37.08648172141586,-1.2639678537982484],[37.08649064257799,-1.2640035396506542],[37.086561929990104,-1.2639901899005017],[37.08655300883674,-1.2639545040933133],[37.08648172141586,-1.2639678537982484]]]},"id":"001a000000000001ffd4","properties":{"FID":496680}},{"type":"Feature","geometry":{"type":"Polygon","coordinates":[[[37.10099164444573,-1.2313718191376308],[37.10101840256877,-1.2313985684603546],[37.10105849882028,-1.2313584675124987],[37.10103174071204,-1.2313317182221692],[37.10099164444573,-1.2313718191376308]]]},"id":"001a0000000000023046","properties":{"FID":533033}},{"type":"Feature","geometry":{"type":"Polygon","coordinates":[[[37.08282526202115,-1.259076204590221],[37.08287428994961,-1.2591564974172575],[37.08297684742893,-1.2590896256761641],[37.082923317844894,-1.2590093487865424],[37.08282526202115,-1.259076204590221]]]},"id":"001a000000000002d39b","properties":{"FID":495913}},{"type":"Feature","geometry":{"type":"Polygon","coordinates":[[[37.08249524344973,-1.264039207762354],[37.08254877334984,-1.2641328363738065],[37.08264240965502,-1.2640793214256936],[37.08256661664111,-1.2639544785601844],[37.08251308675416,-1.2639857165823076],[37.082530930054205,-1.2640213736324228],[37.08249524344973,-1.264039207762354]]]},"id":"001a0000000000035023","properties":{"FID":496681}},{"type":"Feature","geometry":{"type":"Polygon","coordinates":[[[37.10264596522104,-1.2311488739130643],[37.10270839939954,-1.2312291738066206],[37.10279750916261,-1.2311622735531529],[37.10273515688812,-1.2310775500863862],[37.10264596522104,-1.2311488739130643]]]},"id":"001a0000000000036c8f","properties":{"FID":533034}},{"type":"Feature","geometry":{"type":"Polygon","coordinates":[[[37.08297684742894,-1.2589647782372622],[37.08308832634406,-1.2590138107231779],[37.0831150910801,-1.2589468993096489],[37.08300361220614,-1.2588978668444595],[37.08297684742894,-1.2589647782372622]]]},"id":"001a000000000002e195","properties":{"FID":495914}},{"type":"Feature","geometry":{"type":"Polygon","coordinates":[[[37.08095685580707,-1.2639634205619965],[37.08098804132365,-1.2640213500644961],[37.08108618148383,-1.2639678774968637],[37.08105499600947,-1.2639143760999318],[37.08095685580707,-1.2639634205619965]]]},"id":"001a00000000000241f1","properties":{"FID":496682}},{"type":"Feature","geometry":{"type":"Polygon","coordinates":[[[37.102565692626705,-1.231055242740411],[37.10260578802134,-1.2311087221483281],[37.102654884392685,-1.2310730755760664],[37.102614707197944,-1.2310195975703206],[37.102565692626705,-1.231055242740411]]]},"id":"001a00000000000296c8","properties":{"FID":533035}},{"type":"Feature","geometry":{"type":"Polygon","coordinates":[[[37.08372151023403,-1.2586570948970308],[37.083766117732324,-1.2587328552035015],[37.08386867394999,-1.2586748988173149],[37.083828568183826,-1.2585991230176345],[37.08372151023403,-1.2586570948970308]]]},"id":"001a000000000003327e","properties":{"FID":495915}},{"type":"Feature","geometry":{"type":"Polygon","coordinates":[[[37.0858529813334,-1.2639188269298487],[37.08586632226917,-1.2639634128138766],[37.08590650875407,-1.263950050175333],[37.085897587520044,-1.2639098773806308],[37.0858529813334,-1.2639188269298487]]]},"id":"001a000000000001bf63","properties":{"FID":496683}},{"type":"Feature","geometry":{"type":"Polygon","coordinates":[[[37.102793090499254,-1.2308768920453708],[37.102815347467484,-1.2309303660521007],[37.10286444369671,-1.2309125274542898],[37.10284660540395,-1.2308590406943953],[37.102793090499254,-1.2308768920453708]]]},"id":"001a000000000001a424","properties":{"FID":533036}},{"type":"Feature","geometry":{"type":"Polygon","coordinates":[[[37.081465235350564,-1.2586214074162594],[37.08151868416005,-1.2587195136167046],[37.08156329301375,-1.2586972272223373],[37.081514264198745,-1.2585946205311134],[37.081465235350564,-1.2586214074162594]]]},"id":"001a000000000001fcd6","properties":{"FID":495916}},{"type":"Feature","geometry":{"type":"Polygon","coordinates":[[[37.07116467710516,-1.2641685334881174],[37.07118694378838,-1.2642086689231697],[37.07124940507289,-1.2641774548589988],[37.07122713840883,-1.2641373194847503],[37.07116467710516,-1.2641685334881174]]]},"id":"001a000000000002aecc","properties":{"FID":496428}},{"type":"Feature","geometry":{"type":"Polygon","coordinates":[[[37.0797306241146,-1.263945599784363],[37.079757390090165,-1.2639857145544016],[37.079815342076806,-1.263945545788678],[37.07978415605586,-1.263905445706038],[37.0797306241146,-1.263945599784363]]]},"id":"001a000000000002a889","properties":{"FID":496684}},{"type":"Feature","geometry":{"type":"Polygon","coordinates":[[[37.10268606057122,-1.2307654168647868],[37.10271281806806,-1.2308144542527693],[37.10275291338122,-1.230792162668647],[37.10272173723148,-1.2307430791692704],[37.10268606057122,-1.2307654168647868]]]},"id":"001a0000000000021590","properties":{"FID":533037}},{"type":"Feature","geometry":{"type":"Polygon","coordinates":[[[37.081826361915766,-1.2584787013205079],[37.08184420538482,-1.2585144131617212],[37.08189773576562,-1.2584876108654564],[37.08187989230974,-1.258451958100621],[37.081826361915766,-1.2584787013205079]]]},"id":"001a000000000002984d","properties":{"FID":495917}},{"type":"Feature","geometry":{"type":"Polygon","coordinates":[[[37.07604296403108,-1.2641060723164077],[37.07606522921697,-1.2641506924644823],[37.07615887389464,-1.2641060889872482],[37.07613660873748,-1.2640615279830212],[37.07604296403108,-1.2641060723164077]]]},"id":"001a000000000002f4ed","properties":{"FID":496429}},{"type":"Feature","geometry":{"type":"Polygon","coordinates":[[[37.084987861422334,-1.26395001432221],[37.085005704113236,-1.263985729234059],[37.085063733751916,-1.263958962897152],[37.08511717990836,-1.2640525895740553],[37.08516628813375,-1.264021367037597],[37.08509041591151,-1.263892043035266],[37.084987861422334,-1.26395001432221]]]},"id":"001a0000000000032785","properties":{"FID":496685}},{"type":"Feature","geometry":{"type":"Polygon","coordinates":[[[37.11051175675699,-1.2307431265886761],[37.11052517496938,-1.2307921397992245],[37.11056526595502,-1.2307787531628405],[37.110547429560064,-1.2307297528159955],[37.11051175675699,-1.2307431265886761]]]},"id":"001a0000000000019ec5","properties":{"FID":533038}},{"type":"Feature","geometry":{"type":"Polygon","coordinates":[[[37.087872918369136,-1.2583984766875733],[37.087904182754414,-1.2584430526877506],[37.08798889116506,-1.2583806151132602],[37.087957626816326,-1.2583404660642354],[37.087872918369136,-1.2583984766875733]]]},"id":"001a0000000000021680","properties":{"FID":495918}},{"type":"Feature","geometry":{"type":"Polygon","coordinates":[[[37.07121821536874,-1.2640927103936879],[37.07124048203554,-1.264141761863455],[37.0713073638576,-1.2641150209011323],[37.07128951779605,-1.2640659548933877],[37.07121821536874,-1.2640927103936879]]]},"id":"001a000000000002282b","properties":{"FID":496430}},{"type":"Feature","geometry":{"type":"Polygon","coordinates":[[[37.085420422668555,-1.2639232627417398],[37.085460527554,-1.2639767894969702],[37.08551405526449,-1.2639411248498402],[37.08547395040866,-1.2638831704609284],[37.085420422668555,-1.2639232627417398]]]},"id":"001a000000000002fa6c","properties":{"FID":496686}},{"type":"Feature","geometry":{"type":"Polygon","coordinates":[[[37.10278417134463,-1.230747548874192],[37.10282426661827,-1.2307787978619296],[37.10285102406404,-1.2307431020128619],[37.102815347467484,-1.2307118992144732],[37.10278417134463,-1.230747548874192]]]},"id":"001a000000000001b778","properties":{"FID":533039}},{"type":"Feature","geometry":{"type":"Polygon","coordinates":[[[37.08890741861657,-1.2581799757540633],[37.08892976169475,-1.2582691438497768],[37.08900104670767,-1.2582513160620055],[37.08897436598774,-1.2581621020286657],[37.08890741861657,-1.2581799757540633]]]},"id":"001a00000000000330b0","properties":{"FID":495919}},{"type":"Feature","geometry":{"type":"Polygon","coordinates":[[[37.0766360178441,-1.2640302963223229],[37.07665386259037,-1.264070443401066],[37.07673408203774,-1.2640436589444641],[37.076716237311196,-1.2639990837164736],[37.0766360178441,-1.2640302963223229]]]},"id":"001a000000000001acea","properties":{"FID":496431}},{"type":"Feature","geometry":{"type":"Polygon","coordinates":[[[37.08561218929772,-1.2639232540621332],[37.085665716896216,-1.2639812207774233],[37.08563003183495,-1.264016942200323],[37.08567013660441,-1.2640659821500222],[37.08575484762617,-1.2639856975897963],[37.085656795632545,-1.263883133472987],[37.08561218929772,-1.2639232540621332]]]},"id":"001a0000000000039467","properties":{"FID":496687}},{"type":"Feature","geometry":{"type":"Polygon","coordinates":[[[37.10900014647491,-1.2305023039921341],[37.109022483354664,-1.2305513498633955],[37.109120585539785,-1.2305112553560082],[37.10909824869031,-1.2304622095940523],[37.10900014647491,-1.2305023039921341]]]},"id":"001a000000000002c997","properties":{"FID":533040}},{"type":"Feature","geometry":{"type":"Polygon","coordinates":[[[37.082058244820395,-1.258184430474743],[37.082138540139745,-1.258295902229952],[37.08224109865989,-1.2582245465502317],[37.08216080345413,-1.2581130751073195],[37.082058244820395,-1.258184430474743]]]},"id":"001a00000000000396cd","properties":{"FID":495920}},{"type":"Feature","geometry":{"type":"Polygon","coordinates":[[[37.07059392728928,-1.2638831610306525],[37.070638542862646,-1.263976775350831],[37.07071876896223,-1.2639366446182727],[37.07067865592353,-1.2638430145223347],[37.07059392728928,-1.2638831610306525]]]},"id":"001a000000000001f545","properties":{"FID":496432}},{"type":"Feature","geometry":{"type":"Polygon","coordinates":[[[37.08020774456437,-1.2638474937551367],[37.080252354224626,-1.2639232662154194],[37.08029246196914,-1.2638965020689983],[37.08024785233355,-1.2638251576880344],[37.08020774456437,-1.2638474937551367]]]},"id":"001a000000000002b427","properties":{"FID":496688}},{"type":"Feature","geometry":{"type":"Polygon","coordinates":[[[37.108964472909065,-1.2304175680620837],[37.108991228085095,-1.2304710820267464],[37.109022483354664,-1.230453240091072],[37.10900014647491,-1.2303997723314801],[37.108964472909065,-1.2304175680620837]]]},"id":"001a0000000000020acf","properties":{"FID":533041}},{"type":"Feature","geometry":{"type":"Polygon","coordinates":[[[37.088136046216945,-1.258144259271158],[37.08822967530465,-1.2582736210969145],[37.088309963787886,-1.2582156253889187],[37.08822075435657,-1.2580863085617267],[37.088136046216945,-1.258144259271158]]]},"id":"001a0000000000033d39","properties":{"FID":495921}},{"type":"Feature","geometry":{"type":"Polygon","coordinates":[[[37.08591092844759,-1.2638430035943686],[37.08594211183308,-1.2639009882428707],[37.08600456040989,-1.263865293294191],[37.08596887551544,-1.263807324736396],[37.08591092844759,-1.2638430035943686]]]},"id":"001a000000000002832b","properties":{"FID":496689}},{"type":"Feature","geometry":{"type":"Polygon","coordinates":[[[37.09188168824315,-1.2520041099831065],[37.09194413170169,-1.2520308726385228],[37.091961890840615,-1.2519907472007676],[37.0918995292368,-1.2519639832003595],[37.09188168824315,-1.2520041099831065]]]},"id":"001a0000000000025658","properties":{"FID":533042}},{"type":"Feature","geometry":{"type":"Polygon","coordinates":[[[37.08245063516944,-1.258130874405645],[37.08249082354795,-1.2581754823843359],[37.08250866685347,-1.25815765490546],[37.08251308675416,-1.258166553882971],[37.08254877334984,-1.2581353851150372],[37.082499745201254,-1.258081833512872],[37.08245063516944,-1.258130874405645]]]},"id":"001a000000000002de9a","properties":{"FID":495922}},{"type":"Feature","geometry":{"type":"Polygon","coordinates":[[[37.070977374734525,-1.2638831499038674],[37.07102641067286,-1.263981236733209],[37.07120036928527,-1.2638920708088357],[37.0711513334645,-1.2637939844038037],[37.070977374734525,-1.2638831499038674]]]},"id":"001a00000000000369ed","properties":{"FID":496434}},{"type":"Feature","geometry":{"type":"Polygon","coordinates":[[[37.086526245370074,-1.2638207038806826],[37.086553008836745,-1.2639232743601383],[37.0866154568872,-1.2639054673179952],[37.0865842737914,-1.263802852567162],[37.086526245370074,-1.2638207038806826]]]},"id":"001a0000000000021a73","properties":{"FID":496690}},{"type":"Feature","geometry":{"type":"Polygon","coordinates":[[[37.094971797395445,-1.251576011354568],[37.09503423819052,-1.2516964179329944],[37.09510559903327,-1.2516607200312162],[37.09503873916318,-1.2515359020679113],[37.094971797395445,-1.251576011354568]]]},"id":"001a0000000000038bde","properties":{"FID":533043}},{"type":"Feature","geometry":{"type":"Polygon","coordinates":[[[37.089206226026235,-1.2581309263811877],[37.089250830149055,-1.2582156519481298],[37.08934445779646,-1.2581620985467],[37.08929985373126,-1.2580773731866974],[37.089206226026235,-1.2581309263811877]]]},"id":"001a0000000000028261","properties":{"FID":495923}},{"type":"Feature","geometry":{"type":"Polygon","coordinates":[[[37.0709328412326,-1.2637850472767036],[37.07094618491343,-1.2638296415625687],[37.07100864640521,-1.263811772643035],[37.07099522087284,-1.2637671797772174],[37.0709328412326,-1.2637850472767036]]]},"id":"001a000000000001a292","properties":{"FID":496435}},{"type":"Feature","geometry":{"type":"Polygon","coordinates":[[[37.07986437204063,-1.2638340870541163],[37.07990898191214,-1.2639143468969847],[37.07996693377763,-1.263883152457031],[37.07992682585306,-1.2638028767493998],[37.07986437204063,-1.2638340870541163]]]},"id":"001a00000000000300cb","properties":{"FID":496691}},{"type":"Feature","geometry":{"type":"Polygon","coordinates":[[[37.09650571400717,-1.2504523562332646],[37.09654589459149,-1.2505504078074783],[37.096639512811464,-1.2505147585518568],[37.0966038331545,-1.25041663292615],[37.09650571400717,-1.2504523562332646]]]},"id":"001a000000000003639f","properties":{"FID":533044}},{"type":"Feature","geometry":{"type":"Polygon","coordinates":[[[37.08749839944889,-1.2578365815957493],[37.087547424216595,-1.2579034688750403],[37.08759644895113,-1.2578678312912013],[37.087547424216595,-1.2578009441032265],[37.08749839944889,-1.2578365815957493]]]},"id":"001a000000000001d41e","properties":{"FID":495924}},{"type":"Feature","geometry":{"type":"Polygon","coordinates":[[[37.07792467554746,-1.2638028821122311],[37.07793801794219,-1.2638429852404038],[37.07815206890847,-1.2637761258783875],[37.07813872655313,-1.2637359638873118],[37.07792467554746,-1.2638028821122311]]]},"id":"001a00000000000232d4","properties":{"FID":496436}},{"type":"Feature","geometry":{"type":"Polygon","coordinates":[[[37.0847604894995,-1.2638207358275872],[37.08481843748708,-1.2638876029851749],[37.08486304431037,-1.2638474820751884],[37.08480509635845,-1.263780555970285],[37.0847604894995,-1.2638207358275872]]]},"id":"001a000000000003275a","properties":{"FID":496692}},{"type":"Feature","geometry":{"type":"Polygon","coordinates":[[[37.09651463393514,-1.2502739571995178],[37.096554814514526,-1.2503586733791097],[37.096639512811464,-1.2503185693878949],[37.096599414113186,-1.2502293677300564],[37.09651463393514,-1.2502739571995178]]]},"id":"001a0000000000029523","properties":{"FID":533045}},{"type":"Feature","geometry":{"type":"Polygon","coordinates":[[[37.08963876209612,-1.257823204739947],[37.08966102310687,-1.2578812086145417],[37.08973680870248,-1.2578544534683795],[37.08971896717631,-1.2577964944095272],[37.08963876209612,-1.257823204739947]]]},"id":"001a000000000002fd4c","properties":{"FID":495925}},{"type":"Feature","geometry":{"type":"Polygon","coordinates":[[[37.07488802999728,-1.263695833489457],[37.07489695258601,-1.263740440007152],[37.07500394170649,-1.26371368202529],[37.07499501913093,-1.2636735629146671],[37.07488802999728,-1.263695833489457]]]},"id":"001a000000000003047b","properties":{"FID":496437}},{"type":"Feature","geometry":{"type":"Polygon","coordinates":[[[37.086410352079255,-1.2637672015456718],[37.0864638790883,-1.2637761092047854],[37.08647280025262,-1.26373150703902],[37.086419273250165,-1.263722599362642],[37.086410352079255,-1.2637672015456718]]]},"id":"001a000000000001c9b8","properties":{"FID":496693}},{"type":"Feature","geometry":{"type":"Polygon","coordinates":[[[37.09536419966338,-1.2487311083434394],[37.09539546081625,-1.248789064593412],[37.095573780066374,-1.2487043496647456],[37.09554260082576,-1.248646392312722],[37.09536419966338,-1.2487311083434394]]]},"id":"001a000000000003008a","properties":{"FID":533046}},{"type":"Feature","geometry":{"type":"Polygon","coordinates":[[[37.09402650428828,-1.2633257387181998],[37.09406660441091,-1.2633703454361838],[37.094133547015154,-1.263312385055903],[37.09408894589817,-1.2632677944095896],[37.09402650428828,-1.2633257387181998]]]},"id":"001a000000000001e1ec","properties":{"FID":533302}},{"type":"Feature","geometry":{"type":"Polygon","coordinates":[[[37.08218314861206,-1.2577607781736633],[37.082241098659885,-1.2578811785052528],[37.08234365703496,-1.2578321368696659],[37.08228570706911,-1.2577117368367123],[37.08218314861206,-1.2577607781736633]]]},"id":"001a000000000003314f","properties":{"FID":495926}},{"type":"Feature","geometry":{"type":"Polygon","coordinates":[[[37.07554355084092,-1.2636512578370223],[37.07557915900882,-1.2637315537954013],[37.07563269401453,-1.2637048009320497],[37.07559700401511,-1.2636289937179737],[37.07554355084092,-1.2636512578370223]]]},"id":"001a0000000000032408","properties":{"FID":496438}},{"type":"Feature","geometry":{"type":"Polygon","coordinates":[[[37.08594211183308,-1.2637315559098066],[37.085986717964865,-1.2637984081385405],[37.08605808771862,-1.2637493997941982],[37.08601348163076,-1.2636824886615712],[37.08594211183308,-1.2637315559098066]]]},"id":"001a000000000002fd7f","properties":{"FID":496694}},{"type":"Feature","geometry":{"type":"Polygon","coordinates":[[[37.094780055535,-1.2485839621923436],[37.09481131693996,-1.248753433656982],[37.09494503703823,-1.2487311107266603],[37.094936116916955,-1.2486909589362227],[37.09496287727748,-1.2486865059092163],[37.094940617895716,-1.2485571853402766],[37.094780055535,-1.2485839621923436]]]},"id":"001a0000000000039a65","properties":{"FID":533047}},{"type":"Feature","geometry":{"type":"Polygon","coordinates":[[[37.09234096967123,-1.263272250960764],[37.0923677309904,-1.2633168448233592],[37.092407832031206,-1.2632900852940665],[37.092385571864355,-1.2632454755011242],[37.09234096967123,-1.263272250960764]]]},"id":"001a0000000000029351","properties":{"FID":533303}},{"type":"Feature","geometry":{"type":"Polygon","coordinates":[[[37.082080590009944,-1.2576314963768225],[37.08209843341642,-1.2576938879768174],[37.08213854013975,-1.2576850179311079],[37.082116194968066,-1.257622582980992],[37.082080590009944,-1.2576314963768225]]]},"id":"001a0000000000026907","properties":{"FID":495927}},{"type":"Feature","geometry":{"type":"Polygon","coordinates":[[[37.07804950460461,-1.26361558925092],[37.07807627120069,-1.263669106993979],[37.078111959980106,-1.2636512723193565],[37.07808519339719,-1.2635977546232289],[37.07804950460461,-1.26361558925092]]]},"id":"001a0000000000025072","properties":{"FID":496439}},{"type":"Feature","geometry":{"type":"Polygon","coordinates":[[[37.08501462545705,-1.2637137178524454],[37.08505481241414,-1.263762756550274],[37.08510383883472,-1.2637226213475976],[37.08506373375191,-1.2636735813550692],[37.08501462545705,-1.2637137178524454]]]},"id":"001a000000000002fa3a","properties":{"FID":496695}},{"type":"Feature","geometry":{"type":"Polygon","coordinates":[[[37.09470427521462,-1.2481603360796036],[37.094713195364434,-1.2481915781433526],[37.09476671624029,-1.2481737042784202],[37.094757796097056,-1.2481469463801347],[37.09470427521462,-1.2481603360796036]]]},"id":"001a000000000001c50b","properties":{"FID":533048}},{"type":"Feature","geometry":{"type":"Polygon","coordinates":[[[37.09383917913566,-1.2632766792969599],[37.09387486015446,-1.2633213007096056],[37.0939283816497,-1.2632722412190944],[37.09388828145055,-1.2632276344990077],[37.09383917913566,-1.2632766792969599]]]},"id":"001a000000000003038c","properties":{"FID":533304}},{"type":"Feature","geometry":{"type":"Polygon","coordinates":[[[37.089674445183576,-1.2576225863714359],[37.08969670618337,-1.2576850165926454],[37.08973680870249,-1.2576671758730484],[37.089710046411575,-1.257609188010531],[37.089674445183576,-1.2576225863714359]]]},"id":"001a0000000000020de9","properties":{"FID":495928}},{"type":"Feature","geometry":{"type":"Polygon","coordinates":[[[37.071302943273956,-1.2635843830226736],[37.0713609020159,-1.2636735812635551],[37.071432204302994,-1.2636289945600927],[37.07137424561801,-1.2635397964870108],[37.071302943273956,-1.2635843830226736]]]},"id":"001a0000000000035dff","properties":{"FID":496440}},{"type":"Feature","geometry":{"type":"Polygon","coordinates":[[[37.08484520158435,-1.2637449379938932],[37.08489422814668,-1.2638117765705439],[37.084983441672534,-1.2637449364072213],[37.08493441517054,-1.2636780389630475],[37.08484520158435,-1.2637449379938932]]]},"id":"001a0000000000031c07","properties":{"FID":496696}},{"type":"Feature","geometry":{"type":"Polygon","coordinates":[[[37.09135995999543,-1.2480488952567703],[37.09137329991742,-1.2481112790104318],[37.091422403903614,-1.248102386971794],[37.09140456279248,-1.248035475063826],[37.09135995999543,-1.2480488952567703]]]},"id":"001a0000000000022a4c","properties":{"FID":533049}},{"type":"Feature","geometry":{"type":"Polygon","coordinates":[[[37.092323128786276,-1.263236599070983],[37.09233646853094,-1.2632677806686377],[37.09237215028986,-1.2632499493154048],[37.09235881055177,-1.2632187087157576],[37.092323128786276,-1.263236599070983]]]},"id":"001a000000000002badb","properties":{"FID":533305}},{"type":"Feature","geometry":{"type":"Polygon","coordinates":[[[37.08480059475008,-1.2576270540199548],[37.08480951611914,-1.2576582487147052],[37.08487638542833,-1.2576403762963904],[37.08487196567174,-1.257613651953976],[37.08480059475008,-1.2576270540199548]]]},"id":"001a00000000000215a0","properties":{"FID":495929}},{"type":"Feature","geometry":{"type":"Polygon","coordinates":[[[37.073215884753075,-1.263566572383287],[37.07325599638899,-1.2636691145617418],[37.07337191070604,-1.263624494215114],[37.073336301454624,-1.2635264237418726],[37.073215884753075,-1.263566572383287]]]},"id":"001a000000000002f399","properties":{"FID":496441}},{"type":"Feature","geometry":{"type":"Polygon","coordinates":[[[37.0858484797901,-1.2636691219749925],[37.08586632226917,-1.2637136915839622],[37.08593319060343,-1.263686955709989],[37.085919849679975,-1.2636423701817305],[37.0858484797901,-1.2636691219749925]]]},"id":"001a0000000000019b05","properties":{"FID":496697}},{"type":"Feature","geometry":{"type":"Polygon","coordinates":[[[37.095208139203706,-1.247959694896303],[37.09522597937815,-1.2480221193139331],[37.09527057979504,-1.2480087587067448],[37.095252739631576,-1.2479463343465815],[37.095208139203706,-1.247959694896303]]]},"id":"001a000000000001ce54","properties":{"FID":533050}},{"type":"Feature","geometry":{"type":"Polygon","coordinates":[[[37.09465525528912,-1.2632142622706473],[37.094735454816075,-1.2633525272456827],[37.09488267800231,-1.2632677882732537],[37.09483807734657,-1.263187545236446],[37.094793476663384,-1.2632142608201926],[37.094757796097056,-1.2631518726391373],[37.09465525528912,-1.2632142622706473]]]},"id":"001a000000000003a1c7","properties":{"FID":533306}},{"type":"Feature","geometry":{"type":"Polygon","coordinates":[[[37.08486304431037,-1.2575334070920945],[37.08488980839117,-1.2576225640157468],[37.08500570411324,-1.2575868791739357],[37.08497894007523,-1.257502149366954],[37.08486304431037,-1.2575334070920945]]]},"id":"001a00000000000392a0","properties":{"FID":495930}},{"type":"Feature","geometry":{"type":"Polygon","coordinates":[[[37.07157939295872,-1.2634639893633106],[37.07161950549945,-1.2635531890684386],[37.07169530995462,-1.2635219311741512],[37.07165519745581,-1.2634327906687148],[37.07157939295872,-1.2634639893633106]]]},"id":"001a000000000002206f","properties":{"FID":496442}},{"type":"Feature","geometry":{"type":"Polygon","coordinates":[[[37.08537139646212,-1.263646787743303],[37.085438265252975,-1.2637672281286993],[37.08554974038285,-1.2637047993992205],[37.085482871694836,-1.2635843593577452],[37.08537139646212,-1.263646787743303]]]},"id":"001a0000000000036d51","properties":{"FID":496698}},{"type":"Feature","geometry":{"type":"Polygon","coordinates":[[[37.09115928798901,-1.2479373769915023],[37.091177129160535,-1.2479730757623788],[37.09123065264877,-1.2479462918635469],[37.091212811490415,-1.2479106521436538],[37.09115928798901,-1.2479373769915023]]]},"id":"001a00000000000229f4","properties":{"FID":533051}},{"type":"Feature","geometry":{"type":"Polygon","coordinates":[[[37.0945972333311,-1.2631474059923284],[37.094628494814955,-1.263191982438254],[37.09465967444904,-1.2631696814832065],[37.094628494814955,-1.2631251037122722],[37.0945972333311,-1.2631474059923284]]]},"id":"001a000000000001b1ed","properties":{"FID":533307}},{"type":"Feature","geometry":{"type":"Polygon","coordinates":[[[37.11352612838684,-1.2533373420217486],[37.113566299524564,-1.2534265293746103],[37.1136822311758,-1.253373047839539],[37.113642060102435,-1.2532793769990682],[37.11352612838684,-1.2533373420217486]]]},"id":"001a000000000003995c","properties":{"FID":534075}},{"type":"Feature","geometry":{"type":"Polygon","coordinates":[[[37.08506815349682,-1.257479892914999],[37.08509041591151,-1.257542326622563],[37.08513502256742,-1.2575244694829497],[37.085112760166446,-1.2574665217540337],[37.08506815349682,-1.257479892914999]]]},"id":"001a000000000001dc70","properties":{"FID":495931}},{"type":"Feature","geometry":{"type":"Polygon","coordinates":[[[37.07153477796391,-1.2633658898422255],[37.071552623965125,-1.2634372150868782],[37.071628428490186,-1.2634194198007793],[37.07161058250761,-1.2633480356133842],[37.07153477796391,-1.2633658898422255]]]},"id":"001a000000000002f7d3","properties":{"FID":496443}},{"type":"Feature","geometry":{"type":"Polygon","coordinates":[[[37.08576376887777,-1.263602229740329],[37.0857994538732,-1.2636601981948223],[37.085844060092775,-1.2636334201569934],[37.08580387357325,-1.2635754677528195],[37.08576376887777,-1.263602229740329]]]},"id":"001a000000000002c2f9","properties":{"FID":496699}},{"type":"Feature","geometry":{"type":"Polygon","coordinates":[[[37.09133319830401,-1.247910617491766],[37.09133761766657,-1.247986423786022],[37.091386721676955,-1.2479864414507102],[37.091382220477385,-1.2479106365510397],[37.09133319830401,-1.247910617491766]]]},"id":"001a0000000000034da0","properties":{"FID":533052}},{"type":"Feature","geometry":{"type":"Polygon","coordinates":[[[37.09202433423003,-1.263044831558475],[37.09206001614268,-1.263107280842006],[37.09208677756563,-1.2630894211361354],[37.09205109566617,-1.2630314581569795],[37.09202433423003,-1.263044831558475]]]},"id":"001a000000000001ebb7","properties":{"FID":533308}},{"type":"Feature","geometry":{"type":"Polygon","coordinates":[[[37.08588416474382,-1.2574130016835046],[37.08590650875407,-1.2574486361051915],[37.08595103306163,-1.2574174410527827],[37.08593319060343,-1.257386217882396],[37.08588416474382,-1.2574130016835046]]]},"id":"001a000000000002245d","properties":{"FID":495932}},{"type":"Feature","geometry":{"type":"Polygon","coordinates":[[[37.08035041352813,-1.2635933119340106],[37.08036825736042,-1.2636289696604133],[37.08043513076621,-1.2635977452811853],[37.08041286692192,-1.263557615226099],[37.08035041352813,-1.2635933119340106]]]},"id":"001a0000000000020d60","properties":{"FID":496700}},{"type":"Feature","geometry":{"type":"Polygon","coordinates":[[[37.08979033325467,-1.2477367558919927],[37.08981267606062,-1.2477724400485257],[37.0898482772207,-1.247754565704313],[37.08988846149763,-1.2478259490937649],[37.08991522372264,-1.2478125275441305],[37.08987062000879,-1.2477367325856459],[37.089852778515564,-1.2477456409147576],[37.08983493701793,-1.2477144260710376],[37.08979033325467,-1.2477367558919927]]]},"id":"001a000000000002e46f","properties":{"FID":533053}},{"type":"Feature","geometry":{"type":"Polygon","coordinates":[[[37.092216083384365,-1.263062651222031],[37.092274025410546,-1.2630938569313208],[37.09229636745062,-1.2630492714880448],[37.09223842544232,-1.2630225520425764],[37.092216083384365,-1.263062651222031]]]},"id":"001a000000000001a209","properties":{"FID":533309}},{"type":"Feature","geometry":{"type":"Polygon","coordinates":[[[37.08862203224645,-1.25740855756015],[37.0886711380971,-1.2574843543220182],[37.088742423364415,-1.2574397314147487],[37.08869790077169,-1.2573639178061862],[37.08862203224645,-1.25740855756015]]]},"id":"001a0000000000035ea6","properties":{"FID":495933}},{"type":"Feature","geometry":{"type":"Polygon","coordinates":[[[37.07934263913902,-1.2636245090120692],[37.079378327295196,-1.263673567261292],[37.079463045668994,-1.2636111671187786],[37.07942293746572,-1.263562064548922],[37.07934263913902,-1.2636245090120692]]]},"id":"001a00000000000331a7","properties":{"FID":496701}},{"type":"Feature","geometry":{"type":"Polygon","coordinates":[[[37.093464609214855,-1.2477188792590783],[37.0935181310132,-1.2478303970417617],[37.09366977589377,-1.2477545612870309],[37.09362075526823,-1.2476475719678983],[37.093464609214855,-1.2477188792590783]]]},"id":"001a000000000003827d","properties":{"FID":533054}},{"type":"Feature","geometry":{"type":"Polygon","coordinates":[[[37.10029601160551,-1.2630403907820738],[37.100336108257046,-1.2630760219866028],[37.10036736726386,-1.263044808751116],[37.10032276998564,-1.263004707780224],[37.10029601160551,-1.2630403907820738]]]},"id":"001a0000000000023dcb","properties":{"FID":533310}},{"type":"Feature","geometry":{"type":"Polygon","coordinates":[[[37.08825193674826,-1.2572881511584357],[37.08831438333483,-1.2573683896327554],[37.08838575079647,-1.2573149120653204],[37.088323304271384,-1.2572346147283662],[37.08825193674826,-1.2572881511584357]]]},"id":"001a0000000000031fce","properties":{"FID":495934}},{"type":"Feature","geometry":{"type":"Polygon","coordinates":[[[37.08003380755354,-1.2635799306362812],[37.080091841172,-1.2636691173314394],[37.08017205681641,-1.2636155896451657],[37.0801096032152,-1.2635264177475396],[37.08003380755354,-1.2635799306362812]]]},"id":"001a0000000000033108","properties":{"FID":496702}},{"type":"Feature","geometry":{"type":"Polygon","coordinates":[[[37.09615349872533,-1.2476698382796725],[37.096171338666935,-1.2477233524810412],[37.09621143760221,-1.247710007391461],[37.09622485846538,-1.247745658380859],[37.09627387732867,-1.2477278004465406],[37.09623819749157,-1.2476386491411475],[37.09615349872533,-1.2476698382796725]]]},"id":"001a000000000003174d","properties":{"FID":533055}},{"type":"Feature","geometry":{"type":"Polygon","coordinates":[[[37.099983829773514,-1.2629823793773403],[37.1000150889324,-1.263044836721813],[37.10005076690877,-1.2630270071642573],[37.10001950776529,-1.2629645498745656],[37.099983829773514,-1.2629823793773403]]]},"id":"001a000000000001f9ab","properties":{"FID":533311}},{"type":"Feature","geometry":{"type":"Polygon","coordinates":[[[37.08763663447675,-1.2572212710321042],[37.08770792076166,-1.2573104530041619],[37.08777036781701,-1.2572613727753805],[37.08773026420967,-1.2572123405810929],[37.08771684177287,-1.257221239508994],[37.08768565915095,-1.2571810898753768],[37.08763663447675,-1.2572212710321042]]]},"id":"001a0000000000030dcd","properties":{"FID":495935}},{"type":"Feature","geometry":{"type":"Polygon","coordinates":[[[37.079289188725475,-1.2634952159628596],[37.079324876907954,-1.2635932774673952],[37.0793694052578,-1.2635754729568167],[37.079338219045056,-1.26347733655069],[37.079289188725475,-1.2634952159628596]]]},"id":"001a000000000001e11c","properties":{"FID":496703}},{"type":"Feature","geometry":{"type":"Polygon","coordinates":[[[37.09637641584524,-1.2476654017209732],[37.09641209561425,-1.2477635208936695],[37.09645227625051,-1.247745631475699],[37.096465615234806,-1.247790251702138],[37.0965324737878,-1.2477679700848299],[37.09647903605089,-1.247625244726753],[37.09637641584524,-1.2476654017209732]]]},"id":"001a000000000002bc69","properties":{"FID":533056}},{"type":"Feature","geometry":{"type":"Polygon","coordinates":[[[37.09258624047433,-1.263004714899579],[37.092657521890025,-1.2631072417166258],[37.092715545401646,-1.263062652216278],[37.09264418220448,-1.262964554121386],[37.09258624047433,-1.263004714899579]]]},"id":"001a000000000003633c","properties":{"FID":533312}},{"type":"Feature","geometry":{"type":"Polygon","coordinates":[[[37.11267892944126,-1.2526194468409744],[37.11273243703659,-1.2526640479825786],[37.112763608874346,-1.2526283708272086],[37.11271010130207,-1.2525837697270592],[37.11267892944126,-1.2526194468409744]]]},"id":"001a000000000002120d","properties":{"FID":534080}},{"type":"Feature","geometry":{"type":"Polygon","coordinates":[[[37.08525541947783,-1.257100858416715],[37.08532228837569,-1.2571632600917049],[37.08539816035521,-1.257074114822589],[37.08533120968053,-1.2570161414747387],[37.08525541947783,-1.257100858416715]]]},"id":"001a0000000000039664","properties":{"FID":495936}},{"type":"Feature","geometry":{"type":"Polygon","coordinates":[[[37.085665716896216,-1.263472923335484],[37.08571024135169,-1.2635442634919867],[37.08575042792314,-1.2635219278451695],[37.08570582164594,-1.2634505891243877],[37.085665716896216,-1.263472923335484]]]},"id":"001a00000000000261ae","properties":{"FID":496704}},{"type":"Feature","geometry":{"type":"Polygon","coordinates":[[[37.09506991862068,-1.2475271349816552],[37.0950921779627,-1.2475896040720613],[37.09515911961919,-1.247562837045288],[37.09513677846198,-1.2475004283979627],[37.09506991862068,-1.2475271349816552]]]},"id":"001a000000000001af97","properties":{"FID":533057}},{"type":"Feature","geometry":{"type":"Polygon","coordinates":[[[37.09320600180337,-1.2628932134588915],[37.09322384247089,-1.2629289236845929],[37.093259523792774,-1.2629110338170308],[37.09324168313403,-1.262875382651255],[37.09320600180337,-1.2628932134588915]]]},"id":"001a000000000001c4f2","properties":{"FID":533313}},{"type":"Feature","geometry":{"type":"Polygon","coordinates":[[[37.085656795632545,-1.2570206008211708],[37.085705821645945,-1.257109740700899],[37.0857415066699,-1.2570874872143505],[37.08569239883422,-1.2570027755740492],[37.085656795632545,-1.2570206008211708]]]},"id":"001a00000000000301df","properties":{"FID":495937}},{"type":"Feature","geometry":{"type":"Polygon","coordinates":[[[37.085250999744346,-1.2634818411694149],[37.08527776368191,-1.2635353537444185],[37.085326789951665,-1.2635085610985017],[37.085300026032215,-1.2634550485908187],[37.085250999744346,-1.2634818411694149]]]},"id":"001a000000000002a175","properties":{"FID":496705}},{"type":"Feature","geometry":{"type":"Polygon","coordinates":[[[37.09323276280301,-1.2474246182293907],[37.0932640248757,-1.2475137862605035],[37.09330854466274,-1.247500427206845],[37.09328178369109,-1.2474112441868612],[37.09323276280301,-1.2474246182293907]]]},"id":"001a000000000001ba75","properties":{"FID":533058}},{"type":"Feature","geometry":{"type":"Polygon","coordinates":[[[37.09206001614268,-1.2629065799930637],[37.09209569803777,-1.2629957694601708],[37.092216083384365,-1.2629378037600616],[37.09217598223742,-1.2628531153783609],[37.09206001614268,-1.2629065799930637]]]},"id":"001a000000000003394f","properties":{"FID":533314}},{"type":"Feature","geometry":{"type":"Polygon","coordinates":[[[37.086178483095786,-1.2570116568582277],[37.08621858756179,-1.257096399200242],[37.08626319352343,-1.2570785427747537],[37.086223089082104,-1.2569938595409447],[37.086178483095786,-1.2570116568582277]]]},"id":"001a000000000002410c","properties":{"FID":495938}},{"type":"Feature","geometry":{"type":"Polygon","coordinates":[[[37.07932929700273,-1.2634684520683583],[37.079378327295196,-1.2635576122650178],[37.07941851737665,-1.263535333997534],[37.0793694052578,-1.2634506032512316],[37.07932929700273,-1.2634684520683583]]]},"id":"001a000000000002f14a","properties":{"FID":496706}},{"type":"Feature","geometry":{"type":"Polygon","coordinates":[[[37.09504315829971,-1.2473711066985593],[37.09507883872547,-1.2473666255014975],[37.09507883872547,-1.2473175964503076],[37.09504315829971,-1.2473175936148957],[37.09504315829971,-1.2473711066985593]]]},"id":"001a000000000001aaa5","properties":{"FID":533059}},{"type":"Feature","geometry":{"type":"Polygon","coordinates":[[[37.09930160754443,-1.2628620072337073],[37.099337285872345,-1.262915537709824],[37.099408642475424,-1.2628709069576203],[37.09937296418267,-1.2628174356057318],[37.09930160754443,-1.2628620072337073]]]},"id":"001a0000000000028988","properties":{"FID":533315}},{"type":"Feature","geometry":{"type":"Polygon","coordinates":[[[37.07916878190681,-1.2569893772244525],[37.079195548089764,-1.2570339725990378],[37.07924007651903,-1.2570027756811861],[37.07927134462764,-1.2570517825998733],[37.07930703281891,-1.2570250413073285],[37.079253500525425,-1.256940336911906],[37.07916878190681,-1.2569893772244525]]]},"id":"001a000000000002baac","properties":{"FID":495939}},{"type":"Feature","geometry":{"type":"Polygon","coordinates":[[[37.08220541191275,-1.2634684740977407],[37.08225894202687,-1.2635397855253783],[37.082312472101464,-1.2635041202873765],[37.082263361942786,-1.2634283074903625],[37.08220541191275,-1.2634684740977407]]]},"id":"001a000000000002b24a","properties":{"FID":496707}},{"type":"Feature","geometry":{"type":"Polygon","coordinates":[[[37.093130219836375,-1.2472507172206149],[37.09314355943243,-1.2473086731110463],[37.093174821543606,-1.247299721490912],[37.09316590120435,-1.24724623602472],[37.093130219836375,-1.2472507172206149]]]},"id":"001a000000000001fe2c","properties":{"FID":533060}},{"type":"Feature","geometry":{"type":"Polygon","coordinates":[[[37.0912038909096,-1.2627772818228944],[37.091221732070146,-1.262812933850826],[37.091279674891524,-1.2627862315977814],[37.09126633495229,-1.2627505046403296],[37.0912038909096,-1.2627772818228944]]]},"id":"001a0000000000029036","properties":{"FID":533316}},{"type":"Feature","geometry":{"type":"Polygon","coordinates":[[[37.07931595486398,-1.2569581319540002],[37.07934263913902,-1.2570027285691197],[37.079378327295196,-1.2569804735370367],[37.079351561179706,-1.2569358783210802],[37.07931595486398,-1.2569581319540002]]]},"id":"001a00000000000270b4","properties":{"FID":495940}},{"type":"Feature","geometry":{"type":"Polygon","coordinates":[[[37.08574592637348,-1.2633926567874425],[37.08577269012828,-1.2634505965435079],[37.08584406009278,-1.2634194174702291],[37.085817296364326,-1.2633569911541642],[37.08574592637348,-1.2633926567874425]]]},"id":"001a00000000000327ab","properties":{"FID":496708}},{"type":"Feature","geometry":{"type":"Polygon","coordinates":[[[37.09312129949162,-1.2471704452276011],[37.093139140180014,-1.2472105675486482],[37.093197081467956,-1.2471838306696565],[37.09317924079384,-1.2471436494032746],[37.09312129949162,-1.2471704452276011]]]},"id":"001a0000000000029cb2","properties":{"FID":533061}},{"type":"Feature","geometry":{"type":"Polygon","coordinates":[[[37.09397298286553,-1.2627773133166316],[37.0940175840539,-1.2628397300849783],[37.09406218521481,-1.2628085286518773],[37.094022003252725,-1.2627460973681706],[37.09397298286553,-1.2627773133166316]]]},"id":"001a000000000002580e","properties":{"FID":533317}},{"type":"Feature","geometry":{"type":"Polygon","coordinates":[[[37.086000140722085,-1.2569403027210357],[37.086022402850524,-1.257007220636705],[37.08607142861663,-1.2569849232487695],[37.086049166503244,-1.256922491202548],[37.086000140722085,-1.2569403027210357]]]},"id":"001a00000000000224a8","properties":{"FID":495941}},{"type":"Feature","geometry":{"type":"Polygon","coordinates":[[[37.08041286692192,-1.2633659150118703],[37.08044855455136,-1.2634550598676437],[37.08052434977949,-1.2634238643052709],[37.08048866218735,-1.2633346605659388],[37.08041286692192,-1.2633659150118703]]]},"id":"001a000000000002e8cb","properties":{"FID":496709}},{"type":"Feature","geometry":{"type":"Polygon","coordinates":[[[37.09490493740188,-1.247018850763033],[37.09491827667112,-1.2470901979141875],[37.094962877277474,-1.2470812631356434],[37.09494953801644,-1.2470099160425905],[37.09490493740188,-1.247018850763033]]]},"id":"001a0000000000021b1f","properties":{"FID":533062}},{"type":"Feature","geometry":{"type":"Polygon","coordinates":[[[37.093259523792774,-1.26275496257031],[37.093299624339956,-1.2628263091412373],[37.09334422594289,-1.262799593615923],[37.09330854466274,-1.2627282325401432],[37.093259523792774,-1.26275496257031]]]},"id":"001a000000000002e77d","properties":{"FID":533318}},{"type":"Feature","geometry":{"type":"Polygon","coordinates":[[[37.079347141086295,-1.2568823536594718],[37.07936498516547,-1.256909092988074],[37.07940509340081,-1.2568823376774532],[37.079387249331496,-1.2568555983779703],[37.079347141086295,-1.2568823536594718]]]},"id":"001a000000000001a1a8","properties":{"FID":495942}},{"type":"Feature","geometry":{"type":"Polygon","coordinates":[[[37.0918995292368,-1.2469653363122086],[37.09194413170169,-1.2470188252677552],[37.09197973181452,-1.2469920428337429],[37.09193963053675,-1.2469341137630867],[37.0918995292368,-1.2469653363122086]]]},"id":"001a000000000002e7f2","properties":{"FID":533063}},{"type":"Feature","geometry":{"type":"Polygon","coordinates":[[[37.09420482690839,-1.262710409456174],[37.09426284918072,-1.26283523070238],[37.094316370389315,-1.2628129710108336],[37.09425392897544,-1.262688105478541],[37.09420482690839,-1.262710409456174]]]},"id":"001a0000000000023dc9","properties":{"FID":533319}},{"type":"Feature","geometry":{"type":"Polygon","coordinates":[[[37.08963426078797,-1.256873444720271],[37.08966994387764,-1.256931401766],[37.08972788793995,-1.2568957368519018],[37.08969228672072,-1.2568377785381477],[37.08963426078797,-1.256873444720271]]]},"id":"001a000000000002744c","properties":{"FID":495943}},{"type":"Feature","geometry":{"type":"Polygon","coordinates":[[[37.09406660441091,-1.2468984176712536],[37.09408002567149,-1.246960854985244],[37.09416472686227,-1.2469474845567212],[37.09415580664491,-1.2468806072947956],[37.09406660441091,-1.2468984176712536]]]},"id":"001a000000000002c79f","properties":{"FID":533064}},{"type":"Feature","geometry":{"type":"Polygon","coordinates":[[[37.091101345071344,-1.2626613434512595],[37.09116820857531,-1.2627505453624874],[37.09122173207014,-1.2627103989812734],[37.091154868615554,-1.2626211972044985],[37.091101345071344,-1.2626613434512595]]]},"id":"001a0000000000032444","properties":{"FID":533320}},{"type":"Feature","geometry":{"type":"Polygon","coordinates":[[[37.079458625582376,-1.256913561964473],[37.07951215772442,-1.2570072384289919],[37.07974846809941,-1.2568600600194917],[37.079694936131816,-1.256770870281779],[37.079458625582376,-1.256913561964473]]]},"id":"001a0000000000032bcb","properties":{"FID":495944}},{"type":"Feature","geometry":{"type":"Polygon","coordinates":[[[37.094195906695965,-1.2468582946896676],[37.094218248143356,-1.2469117940966492],[37.09426284918072,-1.2468939504203267],[37.09424050774709,-1.2468404510674074],[37.094195906695965,-1.2468582946896676]]]},"id":"001a00000000000228de","properties":{"FID":533065}},{"type":"Feature","geometry":{"type":"Polygon","coordinates":[[[37.09299199528852,-1.2626167475655272],[37.09299641454991,-1.2626657855191765],[37.093032095983794,-1.262665781444734],[37.09302767672459,-1.26261231639449],[37.09299199528852,-1.2626167475655272]]]},"id":"001a000000000002a778","properties":{"FID":533321}},{"type":"Feature","geometry":{"type":"Polygon","coordinates":[[[37.07884324867078,-1.2568912948472313],[37.078892279291885,-1.2569626156120974],[37.079088483298676,-1.2568288513037105],[37.07903945281023,-1.2567574718923025],[37.07884324867078,-1.2568912948472313]]]},"id":"001a00000000000393f3","properties":{"FID":495945}},{"type":"Feature","geometry":{"type":"Polygon","coordinates":[[[37.09482465622645,-1.2468315500804137],[37.09484699747992,-1.2468984418923064],[37.094891598130154,-1.246880598356826],[37.09486925689044,-1.2468181905604503],[37.09482465622645,-1.2468315500804137]]]},"id":"001a000000000002f498","properties":{"FID":533066}},{"type":"Feature","geometry":{"type":"Polygon","coordinates":[[[37.09287161123121,-1.262433935420699],[37.0928805316067,-1.2625097560406127],[37.092938473101476,-1.2625008222151615],[37.09292513346766,-1.2624250162412887],[37.09287161123121,-1.262433935420699]]]},"id":"001a0000000000023a9c","properties":{"FID":533322}},{"type":"Feature","geometry":{"type":"Polygon","coordinates":[[[37.11077038418087,-1.2641774391877667],[37.110783802345296,-1.2642264950581996],[37.11089523846843,-1.2641997298859184],[37.110881902142616,-1.2641506727546745],[37.11077038418087,-1.2641774391877667]]]},"id":"001a00000000000305c3","properties":{"FID":533834}},{"type":"Feature","geometry":{"type":"Polygon","coordinates":[[[37.0793961713667,-1.2568199154304847],[37.07944078152625,-1.2569091354220323],[37.079686014133365,-1.2567709000776133],[37.07964140412469,-1.256686166779174],[37.0793961713667,-1.2568199154304847]]]},"id":"001a000000000003a61e","properties":{"FID":495946}},{"type":"Feature","geometry":{"type":"Polygon","coordinates":[[[37.09417806626782,-1.246675452989117],[37.094218248143356,-1.2467914344027458],[37.09430745019063,-1.2467601723134882],[37.09426284918072,-1.2466442638063733],[37.09417806626782,-1.246675452989117]]]},"id":"001a0000000000028b7c","properties":{"FID":533067}},{"type":"Feature","geometry":{"type":"Polygon","coordinates":[[[37.094476851941316,-1.2625008175632766],[37.09454371233001,-1.2625944422648547],[37.09469093590595,-1.2624874533127801],[37.09466417544497,-1.2624517746496493],[37.09464183413512,-1.262465132645271],[37.09460615349409,-1.2624116584158445],[37.094476851941316,-1.2625008175632766]]]},"id":"001a0000000000036eff","properties":{"FID":533323}},{"type":"Feature","geometry":{"type":"Polygon","coordinates":[[[37.109847388495226,-1.2640704380491827],[37.10986522506271,-1.2641149942699368],[37.109994499136114,-1.2640659767350735],[37.10997666260048,-1.2640213616242595],[37.109847388495226,-1.2640704380491827]]]},"id":"001a000000000003283a","properties":{"FID":533835}},{"type":"Feature","geometry":{"type":"Polygon","coordinates":[[[37.079052794999846,-1.2567530597749852],[37.079092985261724,-1.2568154952659254],[37.079231154464615,-1.256726315756485],[37.079191046133076,-1.2566638791410543],[37.079052794999846,-1.2567530597749852]]]},"id":"001a0000000000035dc4","properties":{"FID":495947}},{"type":"Feature","geometry":{"type":"Polygon","coordinates":[[[37.0967777303993,-1.2464971183441707],[37.09682232986069,-1.2465684795936498],[37.09685800941005,-1.2465461817301076],[37.096813409970615,-1.2464748205483445],[37.0967777303993,-1.2464971183441707]]]},"id":"001a0000000000030a7e","properties":{"FID":533068}},{"type":"Feature","geometry":{"type":"Polygon","coordinates":[[[37.09304101633952,-1.2624339474486157],[37.09307669775144,-1.262478509572281],[37.09313021983637,-1.2624428507293823],[37.09309903954399,-1.2623982727351266],[37.09304101633952,-1.2624339474486157]]]},"id":"001a000000000001a551","properties":{"FID":533324}},{"type":"Feature","geometry":{"type":"Polygon","coordinates":[[[37.110600938731714,-1.2638162469627545],[37.11063219330602,-1.2638831231973724],[37.1107213751323,-1.263847464337341],[37.11069012059652,-1.2637761029408026],[37.110600938731714,-1.2638162469627545]]]},"id":"001a0000000000029d8d","properties":{"FID":533836}},{"type":"Feature","geometry":{"type":"Polygon","coordinates":[[[37.0888940782406,-1.2566772532865271],[37.088911919969874,-1.2567664334604167],[37.08897436598774,-1.2567530628815722],[37.08895652427385,-1.2566638828112406],[37.0888940782406,-1.2566772532865271]]]},"id":"001a000000000001b795","properties":{"FID":495948}},{"type":"Feature","geometry":{"type":"Polygon","coordinates":[[[37.09988129636444,-1.2464658962402304],[37.099921393245616,-1.2465372695844936],[37.09997049143721,-1.2465105041905449],[37.099930312752896,-1.2464391322807427],[37.09988129636444,-1.2464658962402304]]]},"id":"001a000000000002acdb","properties":{"FID":533069}},{"type":"Feature","geometry":{"type":"Polygon","coordinates":[[[37.09310787805343,-1.2623893303965277],[37.09313463908932,-1.2624384090667742],[37.09318374188177,-1.26241161905412],[37.09315698086401,-1.262358113366617],[37.09310787805343,-1.2623893303965277]]]},"id":"001a000000000001dd97","properties":{"FID":533325}},{"type":"Feature","geometry":{"type":"Polygon","coordinates":[[[37.11055634775809,-1.263709225616771],[37.11061435692758,-1.2637493927853705],[37.110658947865446,-1.2636780056082415],[37.110600938731714,-1.2636378975129423],[37.11055634775809,-1.263709225616771]]]},"id":"001a00000000000328ff","properties":{"FID":533837}},{"type":"Feature","geometry":{"type":"Polygon","coordinates":[[[37.10314977395661,-1.219256472799098],[37.10319886995906,-1.2194036348334503],[37.10327914185133,-1.2193768787491945],[37.103225627266376,-1.2192297291212013],[37.10314977395661,-1.219256472799098]]]},"id":"001a0000000000035dad","properties":{"FID":416333}},{"type":"Feature","geometry":{"type":"Polygon","coordinates":[[[37.08792644429801,-1.2567084611173103],[37.087957626816326,-1.2567619491827284],[37.08803349603715,-1.2567128839302546],[37.08800223170767,-1.2566593973324685],[37.08792644429801,-1.2567084611173103]]]},"id":"001a00000000000342bf","properties":{"FID":495949}},{"type":"Feature","geometry":{"type":"Polygon","coordinates":[[[37.09618917860415,-1.2457747614348043],[37.096211437602214,-1.2458237756599506],[37.09626053830906,-1.2458059185897972],[37.096242698389425,-1.245756890779877],[37.09618917860415,-1.2457747614348043]]]},"id":"001a000000000002a6e7","properties":{"FID":533070}},{"type":"Feature","geometry":{"type":"Polygon","coordinates":[[[37.100612610888305,-1.2623358132355404],[37.100661626781736,-1.2623982684398667],[37.10069288564801,-1.26237596855646],[37.10064378794622,-1.2623135147681663],[37.100612610888305,-1.2623358132355404]]]},"id":"001a000000000001f46c","properties":{"FID":533326}},{"type":"Feature","geometry":{"type":"Polygon","coordinates":[[[37.10941480947758,-1.2636557352396016],[37.10945048282142,-1.2637449063314599],[37.10950399280422,-1.2637225902208384],[37.10946831948675,-1.263633419239397],[37.10941480947758,-1.2636557352396016]]]},"id":"001a0000000000030876","properties":{"FID":533838}},{"type":"Feature","geometry":{"type":"Polygon","coordinates":[[[37.10310967886325,-1.2188462150554586],[37.10316319353392,-1.2189488014985999],[37.10326130366074,-1.2188997141217457],[37.103212207700636,-1.2187971747402315],[37.10310967886325,-1.2188462150554586]]]},"id":"001a00000000000318f0","properties":{"FID":416334}},{"type":"Feature","geometry":{"type":"Polygon","coordinates":[[[37.07919996819242,-1.256650508983222],[37.07924457847267,-1.2567173571229961],[37.07940067331065,-1.2566103498635897],[37.079351561179706,-1.2565479446664267],[37.07919996819242,-1.256650508983222]]]},"id":"001a00000000000355ae","properties":{"FID":495950}},{"type":"Feature","geometry":{"type":"Polygon","coordinates":[[[37.09828051253533,-1.245413556312008],[37.098338449710674,-1.24555177195144],[37.098405306534794,-1.24552501059366],[37.09834736941293,-1.2453867951636075],[37.09828051253533,-1.245413556312008]]]},"id":"001a0000000000036a30","properties":{"FID":533071}},{"type":"Feature","geometry":{"type":"Polygon","coordinates":[[[37.09083822799082,-1.2621529954158475],[37.09085606924142,-1.262210960117326],[37.090891751729416,-1.262202042893341],[37.09087391048761,-1.262139651053678],[37.09083822799082,-1.2621529954158475]]]},"id":"001a000000000001d8c5","properties":{"FID":533327}},{"type":"Feature","geometry":{"type":"Polygon","coordinates":[[[37.10948173789264,-1.263637916835949],[37.109508492877424,-1.263713721497571],[37.1095709211368,-1.2636958600615305],[37.109539666104105,-1.2636155861982707],[37.10948173789264,-1.263637916835949]]]},"id":"001a0000000000021c61","properties":{"FID":533839}},{"type":"Feature","geometry":{"type":"Polygon","coordinates":[[[37.08531786864628,-1.2564810168465386],[37.08536689488892,-1.256521166609676],[37.08541600294514,-1.256454305772073],[37.08536689488892,-1.2564141574293537],[37.08531786864628,-1.2564810168465386]]]},"id":"001a000000000002f74d","properties":{"FID":495951}},{"type":"Feature","geometry":{"type":"Polygon","coordinates":[[[37.092648601487085,-1.2442942885935933],[37.092693203490825,-1.2443834672799303],[37.09280916857205,-1.2443255168638385],[37.09276898591496,-1.2442408086136834],[37.092648601487085,-1.2442942885935933]]]},"id":"001a000000000002ea85","properties":{"FID":533072}},{"type":"Feature","geometry":{"type":"Polygon","coordinates":[[[37.092648601487085,-1.2621039645363943],[37.092666442291865,-1.2621530146278044],[37.092724465796344,-1.262135166603986],[37.09270212388828,-1.2620816463896583],[37.092648601487085,-1.2621039645363943]]]},"id":"001a00000000000297f1","properties":{"FID":533328}},{"type":"Feature","geometry":{"type":"Polygon","coordinates":[[[37.10978937871089,-1.2636557431342494],[37.10984738849522,-1.2637359836263706],[37.109918734738834,-1.2636780186178966],[37.10986072501169,-1.263602204597537],[37.10978937871089,-1.2636557431342494]]]},"id":"001a0000000000024040","properties":{"FID":533840}},{"type":"Feature","geometry":{"type":"Polygon","coordinates":[[[37.085326789951665,-1.256284853137003],[37.085349052286915,-1.2563160615791107],[37.08533120968053,-1.2563294013053559],[37.08536247516223,-1.256369550151289],[37.085420422668555,-1.2563249719680558],[37.08536689488892,-1.256253614782228],[37.085326789951665,-1.256284853137003]]]},"id":"001a000000000001d275","properties":{"FID":495952}},{"type":"Feature","geometry":{"type":"Polygon","coordinates":[[[37.0993551250297,-1.2441605374975249],[37.099386302629036,-1.2442140617040747],[37.099421980915224,-1.2441961914825628],[37.09939080333125,-1.244142726313392],[37.0993551250297,-1.2441605374975249]]]},"id":"001a000000000002d29f","properties":{"FID":533073}},{"type":"Feature","geometry":{"type":"Polygon","coordinates":[[[37.091279674891524,-1.2620370919244888],[37.09131535717091,-1.2621039675582273],[37.091351039432716,-1.2620816509633204],[37.09131535717091,-1.2620192615600374],[37.091279674891524,-1.2620370919244888]]]},"id":"001a0000000000024074","properties":{"FID":533329}},{"type":"Feature","geometry":{"type":"Polygon","coordinates":[[[37.10664131680421,-1.2633881888845881],[37.10666807283908,-1.2634238626047747],[37.10670816596152,-1.2633926219859402],[37.106681409941466,-1.2633569483068676],[37.10664131680421,-1.2633881888845881]]]},"id":"001a0000000000026181","properties":{"FID":533841}},{"type":"Feature","geometry":{"type":"Polygon","coordinates":[[[37.08509041591151,-1.256262563239904],[37.08511717990836,-1.2563071544600795],[37.0851796291959,-1.2562669874431849],[37.085152865222106,-1.2562223962986312],[37.08509041591151,-1.256262563239904]]]},"id":"001a000000000002f5e9","properties":{"FID":495953}},{"type":"Feature","geometry":{"type":"Polygon","coordinates":[[[37.09935954390287,-1.244008916644857],[37.099386302629036,-1.24407584520082],[37.09943090048401,-1.2440580056660386],[37.09940414177433,-1.243991077177958],[37.09935954390287,-1.244008916644857]]]},"id":"001a000000000002d4b7","properties":{"FID":533074}},{"type":"Feature","geometry":{"type":"Polygon","coordinates":[[[37.09334422594289,-1.2620370741415787],[37.09343793013853,-1.2621931163170328],[37.09349137011897,-1.262161945544042],[37.09340224890453,-1.2620058863106074],[37.09334422594289,-1.2620370741415787]]]},"id":"001a000000000002e88c","properties":{"FID":533330}},{"type":"Feature","geometry":{"type":"Polygon","coordinates":[[[37.106788433962336,-1.2633659052110087],[37.106886539175804,-1.2633748337481279],[37.106895457824976,-1.2632990225153293],[37.1067973526236,-1.2632856084529913],[37.106788433962336,-1.2633659052110087]]]},"id":"001a000000000001de13","properties":{"FID":533842}},{"type":"Feature","geometry":{"type":"Polygon","coordinates":[[[37.089001046707665,-1.2562090411804092],[37.08903673010915,-1.256262512335104],[37.0891080968594,-1.2562134644791982],[37.089072413493064,-1.2561599934297543],[37.089001046707665,-1.2562090411804092]]]},"id":"001a000000000002dd4c","properties":{"FID":495954}},{"type":"Feature","geometry":{"type":"Polygon","coordinates":[[[37.096929368456,-1.2413869743574306],[37.09695612808011,-1.241427120002032],[37.09700072743165,-1.2413914094396787],[37.09697396782402,-1.2413557469508356],[37.096929368456,-1.2413869743574306]]]},"id":"001a00000000000301f8","properties":{"FID":533075}},{"type":"Feature","geometry":{"type":"Polygon","coordinates":[[[37.09209127872143,-1.2619479064979608],[37.09217598223742,-1.2621039827455518],[37.09223842544232,-1.2620682937115395],[37.0921536401602,-1.2619122190793624],[37.09209127872143,-1.2619479064979608]]]},"id":"001a0000000000038232","properties":{"FID":533331}},{"type":"Feature","geometry":{"type":"Polygon","coordinates":[[[37.08539816035521,-1.2561867551310417],[37.08542934396132,-1.256222419452543],[37.08549621269872,-1.2561599870113749],[37.08546502912139,-1.256124322762479],[37.08539816035521,-1.2561867551310417]]]},"id":"001a0000000000026f45","properties":{"FID":495955}},{"type":"Feature","geometry":{"type":"Polygon","coordinates":[[[37.105209895431145,-1.2512014418272692],[37.10521439577135,-1.2512505138840295],[37.10526340854928,-1.251246046525463],[37.10526340854928,-1.2511970181877154],[37.105209895431145,-1.2512014418272692]]]},"id":"001a000000000001fa04","properties":{"FID":533076}},{"type":"Feature","geometry":{"type":"Polygon","coordinates":[[[37.095203720077244,-1.2619479151310204],[37.0952304803389,-1.2619880200940532],[37.095288419954116,-1.2619523484585704],[37.09526165971386,-1.2619122435561076],[37.095203720077244,-1.2619479151310204]]]},"id":"001a0000000000023d01","properties":{"FID":533332}},{"type":"Feature","geometry":{"type":"Polygon","coordinates":[[[37.11237121909203,-1.2633614473031247],[37.112509488461654,-1.2633658689172524],[37.112509488461654,-1.2632633010642806],[37.11237571898691,-1.2632633483851963],[37.11237121909203,-1.2633614473031247]]]},"id":"001a0000000000036ab4","properties":{"FID":533844}},{"type":"Feature","geometry":{"type":"Polygon","coordinates":[[[37.08886731563845,-1.256155542056001],[37.088898497751934,-1.256213514343134],[37.08895652427385,-1.2561777900147133],[37.08892084083286,-1.2561198333794725],[37.08886731563845,-1.256155542056001]]]},"id":"001a0000000000025eff","properties":{"FID":495956}},{"type":"Feature","geometry":{"type":"Polygon","coordinates":[[[37.101968186788355,-1.2505593485536453],[37.10202612101321,-1.250559336466467],[37.10203053972338,-1.2505281113103681],[37.10196818678836,-1.2505236532600903],[37.101968186788355,-1.2505593485536453]]]},"id":"001a00000000000263cc","properties":{"FID":533077}},{"type":"Feature","geometry":{"type":"Polygon","coordinates":[[[37.09309011919541,-1.261805196820407],[37.09309903954399,-1.261823051506491],[37.09312571874512,-1.2618051944961095],[37.09315698086401,-1.2618631696567792],[37.09318374188176,-1.261849797298116],[37.093139140180014,-1.2617784680788338],[37.09309011919541,-1.261805196820407]]]},"id":"001a000000000002bc51","properties":{"FID":533333}},{"type":"Feature","geometry":{"type":"Polygon","coordinates":[[[37.1130713175547,-1.2632901071874858],[37.11315157849754,-1.2632945520245134],[37.113155996528505,-1.2631741482845558],[37.11307573559056,-1.263174129406216],[37.1130713175547,-1.2632901071874858]]]},"id":"001a0000000000034d49","properties":{"FID":533845}},{"type":"Feature","geometry":{"type":"Polygon","coordinates":[[[37.09326844412049,-1.2302659565640004],[37.0933041254204,-1.2302972221034199],[37.09336206657638,-1.230239197238134],[37.09332638530502,-1.2302035678636338],[37.09326844412049,-1.2302659565640004]]]},"id":"001a0000000000023840","properties":{"FID":416341}},{"type":"Feature","geometry":{"type":"Polygon","coordinates":[[[37.08900104670767,-1.2560261974296165],[37.08904565095677,-1.256084183143401],[37.08908133433629,-1.256057446167142],[37.08903673010915,-1.2559994605112506],[37.08900104670767,-1.2560261974296165]]]},"id":"001a000000000002cc88","properties":{"FID":495957}},{"type":"Feature","geometry":{"type":"Polygon","coordinates":[[[37.102400646656214,-1.250318571686413],[37.10243190477171,-1.250318586919435],[37.10243190477172,-1.2502739831389067],[37.102400646656214,-1.2502739678881956],[37.102400646656214,-1.250318571686413]]]},"id":"001a0000000000029c80","properties":{"FID":533078}},{"type":"Feature","geometry":{"type":"Polygon","coordinates":[[[37.090187183020596,-1.2618007456757039],[37.09025412920942,-1.261894372936982],[37.09033433360849,-1.2618275157540337],[37.09026746933502,-1.2617383145163281],[37.090187183020596,-1.2618007456757039]]]},"id":"001a00000000000242bc","properties":{"FID":533334}},{"type":"Feature","geometry":{"type":"Polygon","coordinates":[[[37.09359399441191,-1.2293652638399224],[37.09366527483605,-1.2294320999194852],[37.09369653672209,-1.2293964468750467],[37.09362517449126,-1.2293295532191997],[37.09359399441191,-1.2293652638399224]]]},"id":"001a0000000000035b54","properties":{"FID":416342}},{"type":"Feature","geometry":{"type":"Polygon","coordinates":[[[37.088506142306976,-1.2559994567455564],[37.08854182595215,-1.2560261918864382],[37.088626533617465,-1.2559102898176988],[37.08859085001401,-1.255883495726622],[37.088506142306976,-1.2559994567455564]]]},"id":"001a000000000002e736","properties":{"FID":495958}},{"type":"Feature","geometry":{"type":"Polygon","coordinates":[[[37.10192359049612,-1.250149089190264],[37.10198602529756,-1.250153546141908],[37.10198602529756,-1.250113426305376],[37.10192359049612,-1.2501089693272096],[37.10192359049612,-1.250149089190264]]]},"id":"001a000000000001c7ea","properties":{"FID":533079}},{"type":"Feature","geometry":{"type":"Polygon","coordinates":[[[37.09144466436639,-1.2617294056998334],[37.09151152755354,-1.261831945873387],[37.09160965346556,-1.2617650867044565],[37.09154279036896,-1.2616669738863846],[37.09144466436639,-1.2617294056998334]]]},"id":"001a00000000000370cc","properties":{"FID":533335}},{"type":"Feature","geometry":{"type":"Polygon","coordinates":[[[37.09511001816571,-1.2276752666386206],[37.095136778461985,-1.227706438805139],[37.095181378933795,-1.2276663273266324],[37.095154618654,-1.2276350962362985],[37.09511001816571,-1.2276752666386206]]]},"id":"001a00000000000206a3","properties":{"FID":416343}},{"type":"Feature","geometry":{"type":"Polygon","coordinates":[[[37.08780605182449,-1.2558879970605956],[37.08782831339821,-1.2559281163258835],[37.08789076034982,-1.2558924368907516],[37.08786849879527,-1.2558523176903116],[37.08780605182449,-1.2558879970605956]]]},"id":"001a0000000000026c3e","properties":{"FID":495959}},{"type":"Feature","geometry":{"type":"Polygon","coordinates":[[[37.101856655092185,-1.250126829520218],[37.10191017068905,-1.2501312566381695],[37.10191017068905,-1.2500956207701748],[37.10185665509219,-1.25009113463289],[37.101856655092185,-1.250126829520218]]]},"id":"001a000000000002d29b","properties":{"FID":533080}},{"type":"Feature","geometry":{"type":"Polygon","coordinates":[[[37.090659897084144,-1.2616624837602644],[37.090713420954465,-1.261760583621037],[37.09080704671206,-1.2617070803377828],[37.090753522910894,-1.2616089807152886],[37.090659897084144,-1.2616624837602644]]]},"id":"001a000000000002a359","properties":{"FID":533336}},{"type":"Feature","geometry":{"type":"Polygon","coordinates":[[[37.09292513346766,-1.2255928488571586],[37.09293397199831,-1.225650785220104],[37.09297857382637,-1.2256463493243221],[37.09296965346295,-1.2255839330884244],[37.09292513346766,-1.2255928488571586]]]},"id":"001a0000000000019c99","properties":{"FID":416344}},{"type":"Feature","geometry":{"type":"Polygon","coordinates":[[[37.08860419044579,-1.2558835108180082],[37.08863095314511,-1.2559013636293619],[37.08866663672884,-1.2558478317883965],[37.08863987404269,-1.2558299789957614],[37.08860419044579,-1.2558835108180082]]]},"id":"001a0000000000025197","properties":{"FID":495960}},{"type":"Feature","geometry":{"type":"Polygon","coordinates":[[[37.10817073152054,-1.2497790083649036],[37.10821090563154,-1.2497834781514308],[37.10821532396419,-1.2496942647214706],[37.10817965001147,-1.2496898386586393],[37.10817073152054,-1.2497790083649036]]]},"id":"001a0000000000021215","properties":{"FID":533081}},{"type":"Feature","geometry":{"type":"Polygon","coordinates":[[[37.09008021630446,-1.2616401965724864],[37.09011589917452,-1.2616937321270072],[37.09019610372658,-1.2616447020909933],[37.09016042089602,-1.2615911666480129],[37.09008021630446,-1.2616401965724864]]]},"id":"001a0000000000034cdd","properties":{"FID":533337}},{"type":"Feature","geometry":{"type":"Polygon","coordinates":[[[37.09037451761586,-1.2251647828779864],[37.09041461975987,-1.2252138421449166],[37.09045030246526,-1.2251870850461777],[37.090405699080776,-1.2251335582854292],[37.09037451761586,-1.2251647828779864]]]},"id":"001a000000000001b92e","properties":{"FID":416345}},{"type":"Feature","geometry":{"type":"Polygon","coordinates":[[[37.0893577980895,-1.2558344941019657],[37.089411322921634,-1.2558701403188863],[37.08942024372315,-1.2558611986829349],[37.0894916100957,-1.2559102417686316],[37.089518372467275,-1.2558746230043005],[37.08939348131532,-1.2557853893049695],[37.0893577980895,-1.2558344941019657]]]},"id":"001a000000000002d934","properties":{"FID":495961}},{"type":"Feature","geometry":{"type":"Polygon","coordinates":[[[37.10813955770417,-1.2491770168549483],[37.10817965001147,-1.2491725802099296],[37.10817965001147,-1.2491279811980245],[37.10813955770417,-1.249127993309699],[37.10813955770417,-1.2491770168549483]]]},"id":"001a000000000001c0a3","properties":{"FID":533082}},{"type":"Feature","geometry":{"type":"Polygon","coordinates":[[[37.094022003252725,-1.2616000932698117],[37.09407552463925,-1.261689275795958],[37.094057684181465,-1.261698190529951],[37.094102285317696,-1.2617829176683633],[37.094160225835296,-1.2617472459274246],[37.09406218521481,-1.2615733351327643],[37.094022003252725,-1.2616000932698117]]]},"id":"001a0000000000032a54","properties":{"FID":533338}},{"type":"Feature","geometry":{"type":"Polygon","coordinates":[[[37.098806609846534,-1.2245939755544903],[37.09885120805852,-1.2245895405786205],[37.098846789154344,-1.2245538837621168],[37.098806609846534,-1.2245538844588666],[37.098806609846534,-1.2245939755544903]]]},"id":"001a000000000001bd93","properties":{"FID":416346}},{"type":"Feature","geometry":{"type":"Polygon","coordinates":[[[37.08868005898973,-1.2557988001925828],[37.08872458159341,-1.2558076829037632],[37.08873800384357,-1.2557631368911326],[37.0886933994051,-1.2557541965044328],[37.08868005898973,-1.2557988001925828]]]},"id":"001a000000000001bdb4","properties":{"FID":495962}},{"type":"Feature","geometry":{"type":"Polygon","coordinates":[[[37.10809046505275,-1.2490254464108288],[37.108094965213844,-1.2490610631523147],[37.10815739469261,-1.2490521877739083],[37.10815289453539,-1.2490165120764916],[37.10809046505275,-1.2490254464108288]]]},"id":"001a000000000002579b","properties":{"FID":533083}},{"type":"Feature","geometry":{"type":"Polygon","coordinates":[[[37.09164533558243,-1.2615911875983339],[37.091703278065054,-1.2616803583457108],[37.09179690254357,-1.2616179427585832],[37.09174346131323,-1.2615287563595263],[37.09164533558243,-1.2615911875983339]]]},"id":"001a00000000000350c6","properties":{"FID":533339}},{"type":"Feature","geometry":{"type":"Polygon","coordinates":[[[37.09483807734658,-1.2245494351026598],[37.094851416628146,-1.2246029325742787],[37.094953957158395,-1.2245806397226122],[37.09494061789572,-1.2245226613699243],[37.09483807734658,-1.2245494351026598]]]},"id":"001a0000000000034bed","properties":{"FID":416347}},{"type":"Feature","geometry":{"type":"Polygon","coordinates":[[[37.08777928882052,-1.2557943619230372],[37.08781939240074,-1.2558746145254889],[37.0878774197867,-1.2558433758940206],[37.08789968133851,-1.255883495081719],[37.08797104920854,-1.2558478450485493],[37.08794870583477,-1.2557988152399873],[37.08790860232611,-1.2558210809033965],[37.087855076384066,-1.2557185051248836],[37.08780155040248,-1.2557453015062583],[37.08781497282361,-1.255776477936441],[37.08777928882052,-1.2557943619230372]]]},"id":"001a0000000000037b70","properties":{"FID":495963}},{"type":"Feature","geometry":{"type":"Polygon","coordinates":[[[37.10468818136873,-1.248338726860321],[37.10472385704233,-1.2483387290335517],[37.10472385704233,-1.2482763128309613],[37.10469268174137,-1.248271811901152],[37.10468818136873,-1.248338726860321]]]},"id":"001a000000000002022c","properties":{"FID":533084}},{"type":"Feature","geometry":{"type":"Polygon","coordinates":[[[37.09724148162203,-1.2615554781216365],[37.09728608079785,-1.2616179496763218],[37.09733959977258,-1.2615822350749075],[37.09729500062972,-1.2615198226329345],[37.09724148162203,-1.2615554781216365]]]},"id":"001a000000000002209c","properties":{"FID":533340}},{"type":"Feature","geometry":{"type":"Polygon","coordinates":[[[37.09467309559973,-1.2245137172262788],[37.09470427521461,-1.2245761833405069],[37.09476671624029,-1.224544927798087],[37.094739955807306,-1.2244825083095825],[37.09467309559973,-1.2245137172262788]]]},"id":"001a0000000000028103","properties":{"FID":416348}},{"type":"Feature","geometry":{"type":"Polygon","coordinates":[[[37.08796654779679,-1.2557051499605807],[37.087975468776165,-1.2557675634437757],[37.08804683657154,-1.2557586497278095],[37.088037915600964,-1.2556962363169577],[37.08796654779679,-1.2557051499605807]]]},"id":"001a000000000002790e","properties":{"FID":495964}},{"type":"Feature","geometry":{"type":"Polygon","coordinates":[[[37.104679262447576,-1.2482049563073427],[37.10468376282078,-1.2482539655222318],[37.10472385704233,-1.2482540129301989],[37.10472385704233,-1.2482005050272793],[37.104679262447576,-1.2482049563073427]]]},"id":"001a000000000001fc86","properties":{"FID":533085}},{"type":"Feature","geometry":{"type":"Polygon","coordinates":[[[37.09007129558418,-1.2615555207994773],[37.090093556462065,-1.2615867306743858],[37.09016042089602,-1.261542113904834],[37.090138160038684,-1.2615109040858319],[37.09007129558418,-1.2615555207994773]]]},"id":"001a0000000000020bc6","properties":{"FID":533341}},{"type":"Feature","geometry":{"type":"Polygon","coordinates":[[[37.11331210011611,-1.2629021471138424],[37.11340577847002,-1.26291551565197],[37.11341469631573,-1.2628397117422874],[37.11332101797336,-1.2628263431459317],[37.11331210011611,-1.2629021471138424]]]},"id":"001a00000000000244ee","properties":{"FID":533853}},{"type":"Feature","geometry":{"type":"Polygon","coordinates":[[[37.098869047335626,-1.2244646754062551],[37.09887354806998,-1.2245851115262851],[37.09892706587159,-1.2245806503439458],[37.09892706587159,-1.2244646813078985],[37.098869047335626,-1.2244646754062551]]]},"id":"001a000000000003586b","properties":{"FID":416349}},{"type":"Feature","geometry":{"type":"Polygon","coordinates":[[[37.08483628021969,-1.2556694631425729],[37.08488530678806,-1.255740835519225],[37.08491207086064,-1.2557229806899837],[37.08486304431037,-1.2556516673871283],[37.08483628021969,-1.2556694631425729]]]},"id":"001a0000000000019aa7","properties":{"FID":495965}},{"type":"Feature","geometry":{"type":"Polygon","coordinates":[[[37.10628456872738,-1.2482049394681995],[37.10634249949797,-1.2482094124479177],[37.10634249949797,-1.2481692971391276],[37.10628898717762,-1.2481692938140991],[37.10628456872738,-1.2482049394681995]]]},"id":"001a000000000001fbf3","properties":{"FID":533086}},{"type":"Feature","geometry":{"type":"Polygon","coordinates":[[[37.08997316758882,-1.261493048636194],[37.09000434922645,-1.2615688537854897],[37.090035612692155,-1.2615599514580427],[37.0900088505116,-1.2614797047047166],[37.08997316758882,-1.261493048636194]]]},"id":"001a000000000002f88f","properties":{"FID":533342}},{"type":"Feature","geometry":{"type":"Polygon","coordinates":[[[37.094775636382415,-1.224362124667519],[37.09485591761217,-1.2245360576687911],[37.09491385752698,-1.2245092969871008],[37.094833576361445,-1.2243353642272188],[37.094775636382415,-1.224362124667519]]]},"id":"001a0000000000038424","properties":{"FID":416350}},{"type":"Feature","geometry":{"type":"Polygon","coordinates":[[[37.089620920545805,-1.2557051335028224],[37.08966102310687,-1.2557319129767843],[37.08969228672072,-1.2556783963411515],[37.089652102335,-1.2556516182492232],[37.089620920545805,-1.2557051335028224]]]},"id":"001a000000000002a104","properties":{"FID":495966}},{"type":"Feature","geometry":{"type":"Polygon","coordinates":[[[37.10461682996878,-1.2481291151522318],[37.10462133034586,-1.2482539911471868],[37.10465250567754,-1.248254008506231],[37.10465250567754,-1.248169292538495],[37.10467926244758,-1.2481692647294595],[37.10467926244758,-1.2481291486208053],[37.10461682996878,-1.2481291151522318]]]},"id":"001a00000000000272c6","properties":{"FID":533087}},{"type":"Feature","geometry":{"type":"Polygon","coordinates":[[[37.091551710908064,-1.2614930483038829],[37.09158739305347,-1.261591148429327],[37.09169885872479,-1.2615510436082986],[37.09166317663427,-1.2614529437220743],[37.091551710908064,-1.2614930483038829]]]},"id":"001a000000000002fc81","properties":{"FID":533343}},{"type":"Feature","geometry":{"type":"Polygon","coordinates":[[[37.11337010707619,-1.2628218659156067],[37.11343253200384,-1.2628218874244308],[37.11343253200384,-1.262786184382366],[37.113370107076186,-1.2627862218585668],[37.11337010707619,-1.2628218659156067]]]},"id":"001a000000000001f25e","properties":{"FID":533855}},{"type":"Feature","geometry":{"type":"Polygon","coordinates":[[[37.09572091971365,-1.2242729199627203],[37.09573434066771,-1.2243086093910707],[37.09579227987989,-1.2242818493270506],[37.09577894077159,-1.2242462175865243],[37.09572091971365,-1.2242729199627203]]]},"id":"001a0000000000025003","properties":{"FID":416351}},{"type":"Feature","geometry":{"type":"Polygon","coordinates":[[[37.08505481241414,-1.255673930226734],[37.085094917501884,-1.2557274483862841],[37.085152865222106,-1.2556872980337257],[37.08511717990836,-1.255629339140041],[37.08505481241414,-1.255673930226734]]]},"id":"001a000000000002c2cb","properties":{"FID":495967}},{"type":"Feature","geometry":{"type":"Polygon","coordinates":[[[37.10545520447638,-1.2481648004842594],[37.105508717413144,-1.2481648038382256],[37.10550421709124,-1.248129127819695],[37.10545520447638,-1.248129168294232],[37.10545520447638,-1.2481648004842594]]]},"id":"001a000000000001ec03","properties":{"FID":533088}},{"type":"Feature","geometry":{"type":"Polygon","coordinates":[[[37.091667595976716,-1.2614261898779306],[37.091685437023074,-1.2614574135303362],[37.09173896013582,-1.2614306099427843],[37.09172111910264,-1.2613994453579274],[37.091667595976716,-1.2614261898779306]]]},"id":"001a0000000000020f4f","properties":{"FID":533344}},{"type":"Feature","geometry":{"type":"Polygon","coordinates":[[[37.09555593997758,-1.224090099049451],[37.09557378006637,-1.2241436406007853],[37.09560946023076,-1.2241302702013626],[37.0955872010477,-1.2240767411027564],[37.09555593997758,-1.224090099049451]]]},"id":"001a000000000001ca07","properties":{"FID":416352}},{"type":"Feature","geometry":{"type":"Polygon","coordinates":[[[37.08872908295807,-1.2555580153945771],[37.088769186012684,-1.2555936480284948],[37.08881379040451,-1.2555357197951105],[37.08877368737458,-1.2555045136411318],[37.08872908295807,-1.2555580153945771]]]},"id":"001a000000000002aadb","properties":{"FID":495968}},{"type":"Feature","geometry":{"type":"Polygon","coordinates":[[[37.10539719117149,-1.2481291210613292],[37.105406110004175,-1.2482049581082775],[37.10545520447638,-1.2482004917056473],[37.105446285649734,-1.2481246547157654],[37.10539719117149,-1.2481291210613292]]]},"id":"001a000000000002a696","properties":{"FID":533089}},{"type":"Feature","geometry":{"type":"Polygon","coordinates":[[[37.09203325470984,-1.261439584108523],[37.0920689366181,-1.2615331974349149],[37.09222500384057,-1.2614796599539362],[37.09219824246867,-1.2614039016612837],[37.09214922084742,-1.2614217171137156],[37.09214471969522,-1.2614039068892196],[37.09203325470984,-1.261439584108523]]]},"id":"001a000000000002eade","properties":{"FID":533345}},{"type":"Feature","geometry":{"type":"Polygon","coordinates":[[[37.09566298044439,-1.2239965123199954],[37.09568523960416,-1.2240365986312174],[37.095738759761794,-1.224005429464501],[37.09571650061847,-1.2239697061568504],[37.09566298044439,-1.2239965123199954]]]},"id":"001a0000000000028520","properties":{"FID":416353}},{"type":"Feature","geometry":{"type":"Polygon","coordinates":[[[37.08887623650693,-1.255544600830594],[37.08895202292331,-1.2555624678832769],[37.088969864638315,-1.255486628183672],[37.0888940782406,-1.2554688201218227],[37.08887623650693,-1.255544600830594]]]},"id":"001a000000000001ac52","properties":{"FID":495969}},{"type":"Feature","geometry":{"type":"Polygon","coordinates":[[[37.10632024361419,-1.2480533296263598],[37.10632466206225,-1.248106822417525],[37.10637817435622,-1.2481068257839045],[37.10638267462379,-1.248155892793044],[37.10642276790431,-1.2481558812173554],[37.10642276790432,-1.248053351569203],[37.10632024361419,-1.2480533296263598]]]},"id":"001a000000000001a243","properties":{"FID":533090}},{"type":"Feature","geometry":{"type":"Polygon","coordinates":[[[37.09366977589377,-1.2614172500519634],[37.09371437726882,-1.2615421146386436],[37.09376789888263,-1.261519797512662],[37.093718796486144,-1.2613949489584475],[37.09366977589377,-1.2614172500519634]]]},"id":"001a000000000003578c","properties":{"FID":533346}},{"type":"Feature","geometry":{"type":"Polygon","coordinates":[[[37.0986372182223,-1.220942007469515],[37.09864613788777,-1.2209776472052856],[37.0987040747706,-1.2209642750643963],[37.09869515511228,-1.2209286353677777],[37.0986372182223,-1.220942007469515]]]},"id":"001a000000000001a9ef","properties":{"FID":416354}},{"type":"Feature","geometry":{"type":"Polygon","coordinates":[[[37.088827212638144,-1.255459894197437],[37.08886281428238,-1.2555000276967196],[37.08888957688619,-1.255477747497925],[37.08885839476886,-1.2554375998628846],[37.088827212638144,-1.255459894197437]]]},"id":"001a000000000001fef4","properties":{"FID":495970}},{"type":"Feature","geometry":{"type":"Polygon","coordinates":[[[37.105013680326245,-1.2480711942359446],[37.105062775064596,-1.2480667279233095],[37.10505827471497,-1.248008752155287],[37.105013680326245,-1.2480087197635086],[37.105013680326245,-1.2480711942359446]]]},"id":"001a000000000001f299","properties":{"FID":533091}},{"type":"Feature","geometry":{"type":"Polygon","coordinates":[[[37.09201541374913,-1.261381562405252],[37.09202433423003,-1.2614172432884811],[37.09211795829368,-1.26139048090334],[37.0921135389787,-1.2613592702503682],[37.09201541374913,-1.261381562405252]]]},"id":"001a000000000001ae02","properties":{"FID":533347}},{"type":"Feature","geometry":{"type":"Polygon","coordinates":[[[37.09933278516681,-1.2208974353223592],[37.099337285872345,-1.2209152248717063],[37.09939080333124,-1.220897384887616],[37.09938188375751,-1.2208795486463968],[37.09933278516681,-1.2208974353223592]]]},"id":"001a000000000001dc47","properties":{"FID":416355}},{"type":"Feature","geometry":{"type":"Polygon","coordinates":[[[37.0791464358199,-1.2554197940903375],[37.079231154464615,-1.2555758144880167],[37.07935606312643,-1.2555000228955637],[37.079266842675665,-1.255348445453208],[37.0791464358199,-1.2554197940903375]]]},"id":"001a000000000003a15e","properties":{"FID":495971}},{"type":"Feature","geometry":{"type":"Polygon","coordinates":[[[37.10250325832514,-1.246403478585884],[37.10252109670252,-1.246465894623061],[37.10255677344407,-1.2464525062974334],[37.1025389350755,-1.2463945737644635],[37.10250325832514,-1.246403478585884]]]},"id":"001a000000000001e592","properties":{"FID":533092}},{"type":"Feature","geometry":{"type":"Polygon","coordinates":[[[37.09190394856481,-1.2612968837702487],[37.091921789552984,-1.2613325342494752],[37.09197081132811,-1.2613058058125712],[37.091952970352025,-1.2612700963514345],[37.09190394856481,-1.2612968837702487]]]},"id":"001a000000000002abf9","properties":{"FID":533348}},{"type":"Feature","geometry":{"type":"Polygon","coordinates":[[[37.09931944671058,-1.220669983442298],[37.0993551250297,-1.2206967616890128],[37.099395222202226,-1.2206343359844631],[37.09935954390287,-1.2206075577734763],[37.09931944671058,-1.220669983442298]]]},"id":"001a000000000002d4aa","properties":{"FID":416356}},{"type":"Feature","geometry":{"type":"Polygon","coordinates":[[[37.079378327295196,-1.2552012788952611],[37.0794050934008,-1.2552547852643312],[37.079485391658345,-1.2552191033556717],[37.079463045668994,-1.25516558295825],[37.079378327295196,-1.2552012788952611]]]},"id":"001a000000000002d9fb","properties":{"FID":495972}},{"type":"Feature","geometry":{"type":"Polygon","coordinates":[[[37.11037356538823,-1.2458862346584862],[37.11042707468844,-1.2458817564714286],[37.11042707468844,-1.245846069953507],[37.11037356538823,-1.2458505481115696],[37.11037356538823,-1.2458862346584862]]]},"id":"001a000000000001c2c9","properties":{"FID":533093}},{"type":"Feature","geometry":{"type":"Polygon","coordinates":[[[37.09143574381412,-1.2612968824285162],[37.091480346564516,-1.2613949518404868],[37.091556130257295,-1.2613592779697318],[37.09151152755354,-1.26126120873727],[37.09143574381412,-1.2612968824285162]]]},"id":"001a00000000000340eb","properties":{"FID":533349}},{"type":"Feature","geometry":{"type":"Polygon","coordinates":[[[37.09739753770066,-1.2641551331502352],[37.0974644772265,-1.2642265026097623],[37.09753583567493,-1.2641596145570402],[37.09746889621504,-1.2640882452491946],[37.09739753770066,-1.2641551331502352]]]},"id":"001a000000000002439c","properties":{"FID":533605}},{"type":"Feature","geometry":{"type":"Polygon","coordinates":[[[37.09959145253451,-1.2206253982088597],[37.09964046911916,-1.2206922833293379],[37.099725245638,-1.2206254243565067],[37.09967614728011,-1.220558540719399],[37.09959145253451,-1.2206253982088597]]]},"id":"001a000000000002d486","properties":{"FID":416357}},{"type":"Feature","geometry":{"type":"Polygon","coordinates":[[[37.08914378020816,-1.2552057120457039],[37.089201724691215,-1.2552414029927315],[37.08923740799388,-1.2551834465115612],[37.08917946353937,-1.2551477556004458],[37.08914378020816,-1.2552057120457039]]]},"id":"001a0000000000027fb7","properties":{"FID":495973}},{"type":"Feature","geometry":{"type":"Polygon","coordinates":[[[37.107591109074576,-1.2418775055740532],[37.107622283127185,-1.2418730428358349],[37.107622283127185,-1.2418239705854526],[37.107591109074576,-1.2418239507376025],[37.107591109074576,-1.2418775055740532]]]},"id":"001a0000000000027e53","properties":{"FID":533094}},{"type":"Feature","geometry":{"type":"Polygon","coordinates":[[[37.0992391704283,-1.2613057934508312],[37.09932836629201,-1.2614395268911933],[37.09940414177432,-1.2613905173106645],[37.09931944671058,-1.2612567092378029],[37.0992391704283,-1.2613057934508312]]]},"id":"001a00000000000319e4","properties":{"FID":533350}},{"type":"Feature","geometry":{"type":"Polygon","coordinates":[[[37.09564964131227,-1.2641194730224428],[37.09569415963318,-1.2642176040565156],[37.095814620834915,-1.2641640625898316],[37.09578335986295,-1.2640971730579529],[37.09574326069069,-1.2641150192139317],[37.09572983973827,-1.2640882668782645],[37.09564964131227,-1.2641194730224428]]]},"id":"001a00000000000355a3","properties":{"FID":533606}},{"type":"Feature","geometry":{"type":"Polygon","coordinates":[[[37.10890654423716,-1.2303105530706455],[37.108933299434604,-1.2303596449406726],[37.10906257517283,-1.2302882675654083],[37.10903582002317,-1.2302436567973736],[37.10890654423716,-1.2303105530706455]]]},"id":"001a0000000000026e80","properties":{"FID":416358}},{"type":"Feature","geometry":{"type":"Polygon","coordinates":[[[37.07954776394382,-1.2551700833773005],[37.07960129602007,-1.2551745096765976],[37.07960579795129,-1.255138842915935],[37.07955226587836,-1.2551388434947943],[37.07954776394382,-1.2551700833773005]]]},"id":"001a000000000001bc58","properties":{"FID":495974}},{"type":"Feature","geometry":{"type":"Polygon","coordinates":[[[37.10768471301368,-1.2417570655916288],[37.10781849116057,-1.2417526316410532],[37.10781849116057,-1.2416812650020699],[37.10768471301368,-1.2416812752668274],[37.10768471301368,-1.2417570655916288]]]},"id":"001a000000000002d316","properties":{"FID":533095}},{"type":"Feature","geometry":{"type":"Polygon","coordinates":[[[37.08990180169054,-1.2612835045814044],[37.089937484648466,-1.261323640427872],[37.08999992978255,-1.2612701253898535],[37.089964246855374,-1.2612299896157446],[37.08990180169054,-1.2612835045814044]]]},"id":"001a000000000002e77e","properties":{"FID":533351}},{"type":"Feature","geometry":{"type":"Polygon","coordinates":[[[37.0955872010477,-1.2641105385139122],[37.0956183802691,-1.26414620325552],[37.095680820506814,-1.264092744195948],[37.09565406041153,-1.2640570648491667],[37.0955872010477,-1.2641105385139122]]]},"id":"001a000000000001b535","properties":{"FID":533607}},{"type":"Feature","geometry":{"type":"Polygon","coordinates":[[[37.11071245695462,-1.2301589443897327],[37.11072579331167,-1.2301901526186536],[37.11077038418086,-1.230167908691268],[37.11075254783648,-1.2301366556557594],[37.11071245695462,-1.2301589443897327]]]},"id":"001a000000000001dab4","properties":{"FID":416359}},{"type":"Feature","geometry":{"type":"Polygon","coordinates":[[[37.08615171949082,-1.2545324317951512],[37.08619632549361,-1.2545502257984646],[37.086240931468936,-1.2544655034287662],[37.08619632549361,-1.254443223980551],[37.08615171949082,-1.2545324317951512]]]},"id":"001a000000000001d349","properties":{"FID":495975}},{"type":"Feature","geometry":{"type":"Polygon","coordinates":[[[37.10827775333912,-1.2415609088152313],[37.108286671816856,-1.2416099520716546],[37.10834018266021,-1.241600994816603],[37.10833126418906,-1.2415475281045083],[37.10827775333912,-1.2415609088152313]]]},"id":"001a000000000001ff21","properties":{"FID":533096}},{"type":"Feature","geometry":{"type":"Polygon","coordinates":[[[37.09207343777501,-1.2612255338102953],[37.09207785709241,-1.2612745703997053],[37.09210911966347,-1.2612700954570761],[37.09210461850878,-1.2612210602550582],[37.09207343777501,-1.2612255338102953]]]},"id":"001a00000000000199d5","properties":{"FID":533352}},{"type":"Feature","geometry":{"type":"Polygon","coordinates":[[[37.09179248320902,-1.2637583008761006],[37.09189502806909,-1.2638742405202013],[37.091952970352025,-1.263829650403253],[37.091846006242676,-1.2637092392239757],[37.09179248320902,-1.2637583008761006]]]},"id":"001a000000000003437d","properties":{"FID":533608}},{"type":"Feature","geometry":{"type":"Polygon","coordinates":[[[37.113914093920904,-1.2625275882975964],[37.1139185119053,-1.2625677021575579],[37.113980936359745,-1.2625632389001462],[37.11397651837916,-1.262523125077188],[37.113914093920904,-1.2625275882975964]]]},"id":"001a0000000000029718","properties":{"FID":533864}},{"type":"Feature","geometry":{"type":"Polygon","coordinates":[[[37.11102901068034,-1.2299716827532048],[37.111037928819,-1.2300340921933797],[37.11110485573282,-1.2300207422264133],[37.11109593760241,-1.229958273905158],[37.11102901068034,-1.2299716827532048]]]},"id":"001a000000000002ba54","properties":{"FID":416360}},{"type":"Feature","geometry":{"type":"Polygon","coordinates":[[[37.086240931468936,-1.2544655034287662],[37.08628103590039,-1.2544120178536307],[37.08615171949082,-1.25430497217671],[37.08612495587598,-1.2543406492431],[37.08616956189523,-1.2543763260174772],[37.08615613916939,-1.2543941947754138],[37.086240931468936,-1.2544655034287662]]]},"id":"001a000000000003638d","properties":{"FID":495976}},{"type":"Feature","geometry":{"type":"Polygon","coordinates":[[[37.10814397604116,-1.2416010254548688],[37.10824657956885,-1.2416009953671063],[37.10824657956885,-1.2415385944048318],[37.10814397604116,-1.241534141920996],[37.10814397604116,-1.2416010254548688]]]},"id":"001a000000000001ace0","properties":{"FID":533097}},{"type":"Feature","geometry":{"type":"Polygon","coordinates":[[[37.09210911966347,-1.261212131390787],[37.09214471969522,-1.2613013184638648],[37.09224734589577,-1.2612567576389995],[37.092216083384365,-1.2611719846203906],[37.09210911966347,-1.261212131390787]]]},"id":"001a0000000000032f9f","properties":{"FID":533353}},{"type":"Feature","geometry":{"type":"Polygon","coordinates":[[[37.095355279593726,-1.2635665616062806],[37.095390959865746,-1.2636423492941815],[37.09544448024083,-1.2636156026641736],[37.09540879999517,-1.2635398150766672],[37.095355279593726,-1.2635665616062806]]]},"id":"001a000000000002dd11","properties":{"FID":533609}},{"type":"Feature","geometry":{"type":"Polygon","coordinates":[[[37.103212207700636,-1.2294455147977623],[37.103238965003015,-1.22951683831589],[37.10328806094498,-1.229499001431398],[37.10326130366074,-1.2294276779901643],[37.103212207700636,-1.2294455147977623]]]},"id":"001a000000000002a079","properties":{"FID":416361}},{"type":"Feature","geometry":{"type":"Polygon","coordinates":[[[37.08814938673246,-1.2192698170398186],[37.088167228645084,-1.2193054933949632],[37.0882608576925,-1.2192608906308176],[37.088243015802924,-1.2192252733122004],[37.08814938673246,-1.2192698170398186]]]},"id":"001a0000000000029a12","properties":{"FID":381033}},{"type":"Feature","geometry":{"type":"Polygon","coordinates":[[[37.09929268795972,-1.261207694850976],[37.09936846347936,-1.2612121588421628],[37.09937296418267,-1.2611318744276339],[37.09929718866774,-1.2611274103702639],[37.09929268795972,-1.261207694850976]]]},"id":"001a00000000000213d8","properties":{"FID":533354}},{"type":"Feature","geometry":{"type":"Polygon","coordinates":[[[37.09237215028986,-1.2635041328109027],[37.09242567289529,-1.2635754938022712],[37.0924970363077,-1.2635219443890986],[37.09244351375498,-1.2634505835411516],[37.09237215028986,-1.2635041328109027]]]},"id":"001a000000000002433f","properties":{"FID":533610}},{"type":"Feature","geometry":{"type":"Polygon","coordinates":[[[37.11028880133932,-1.2279115560710634],[37.110369065368815,-1.2279071304492852],[37.11036906536882,-1.2278714629016878],[37.11028880133932,-1.2278758884823944],[37.11028880133932,-1.2279115560710634]]]},"id":"001a000000000001e95f","properties":{"FID":416362}},{"type":"Feature","geometry":{"type":"Polygon","coordinates":[[[37.09094969481468,-1.2611274151076557],[37.090976456647745,-1.261154181449667],[37.09100771969403,-1.2611229672128972],[37.090980957872524,-1.2610962008960882],[37.09094969481468,-1.2611274151076557]]]},"id":"001a0000000000024f78","properties":{"FID":533355}},{"type":"Feature","geometry":{"type":"Polygon","coordinates":[[[37.097999582043386,-1.2634773821368555],[37.09802184048505,-1.2635085899976963],[37.09807085813213,-1.2634773744074959],[37.09804859970552,-1.2634461665866825],[37.097999582043386,-1.2634773821368555]]]},"id":"001a000000000002ab13","properties":{"FID":533611}},{"type":"Feature","geometry":{"type":"Polygon","coordinates":[[[37.113441449846256,-1.2625097367809475],[37.113535046217706,-1.2625141960450827],[37.11353954604021,-1.2624205860323536],[37.11344586785951,-1.2624161280333472],[37.113441449846256,-1.2625097367809475]]]},"id":"001a0000000000032497","properties":{"FID":533867}},{"type":"Feature","geometry":{"type":"Polygon","coordinates":[[[37.110320056048444,-1.2272516475921071],[37.11033789249944,-1.227291741824594],[37.1104538293237,-1.2272337987678044],[37.11043599290129,-1.227198126153482],[37.110320056048444,-1.2272516475921071]]]},"id":"001a000000000001d1e8","properties":{"FID":416363}},{"type":"Feature","geometry":{"type":"Polygon","coordinates":[[[37.09102547906249,-1.2609847256051188],[37.09107458328441,-1.2610560987453516],[37.09118604974466,-1.2609891969118474],[37.091141446813076,-1.2609133811298898],[37.09102547906249,-1.2609847256051188]]]},"id":"001a00000000000329d1","properties":{"FID":533356}},{"type":"Feature","geometry":{"type":"Polygon","coordinates":[[[37.098427646683795,-1.263437250460641],[37.09846774436987,-1.263508593321516],[37.09850792386568,-1.263486261031822],[37.09846774436987,-1.2634149196081796],[37.098427646683795,-1.263437250460641]]]},"id":"001a000000000001ac88","properties":{"FID":533612}},{"type":"Feature","geometry":{"type":"Polygon","coordinates":[[[37.11044041109808,-1.227193633076903],[37.11053409317016,-1.2274032277967986],[37.11061877511347,-1.2273631232329987],[37.11052067495941,-1.2271579630558185],[37.11044041109808,-1.227193633076903]]]},"id":"001a0000000000037999","properties":{"FID":416364}},{"type":"Feature","geometry":{"type":"Polygon","coordinates":[[[37.074049711055366,-1.2412398376988205],[37.074067556437946,-1.2413022682088983],[37.074107667602924,-1.2412888666865898],[37.07408982223022,-1.2412264362304353],[37.074049711055366,-1.2412398376988205]]]},"id":"001a0000000000029811","properties":{"FID":494188}},{"type":"Feature","geometry":{"type":"Polygon","coordinates":[[[37.111813884492236,-1.237677018497992],[37.11186289280081,-1.2376814661333255],[37.111867392727305,-1.2376413515877367],[37.111818302604874,-1.237636846299281],[37.111813884492236,-1.237677018497992]]]},"id":"001a000000000001cd6f","properties":{"FID":533101}},{"type":"Feature","geometry":{"type":"Polygon","coordinates":[[[37.09403092348656,-1.2607840419693335],[37.09409786612377,-1.2608643230468521],[37.09416914605211,-1.260801929171158],[37.094102285317696,-1.2607216469029672],[37.09403092348656,-1.2607840419693335]]]},"id":"001a00000000000221a0","properties":{"FID":533357}},{"type":"Feature","geometry":{"type":"Polygon","coordinates":[[[37.09849450342557,-1.263419372641834],[37.09852126247138,-1.2634595361480256],[37.0985658608591,-1.2634283354583804],[37.09853910182976,-1.263388172002062],[37.09849450342557,-1.263419372641834]]]},"id":"001a000000000002aa55","properties":{"FID":533613}},{"type":"Feature","geometry":{"type":"Polygon","coordinates":[[[37.11308465347695,-1.26241612883837],[37.11308915332747,-1.2625364993316455],[37.11319616787176,-1.26253648602521],[37.11319616787176,-1.26241609971314],[37.11308465347695,-1.26241612883837]]]},"id":"001a0000000000035a6b","properties":{"FID":533869}},{"type":"Feature","geometry":{"type":"Polygon","coordinates":[[[37.10965118596257,-1.2268770441277543],[37.109682359127774,-1.226921638626751],[37.109731450699314,-1.2268904235994011],[37.10970469579695,-1.2268458755116383],[37.10965118596257,-1.2268770441277543]]]},"id":"001a000000000001b436","properties":{"FID":416365}},{"type":"Feature","geometry":{"type":"Polygon","coordinates":[[[37.078334932598736,-1.2410258074110823],[37.07837954341114,-1.24108378401172],[37.07841515018666,-1.2410570046315264],[37.078370621250855,-1.24099902674941],[37.078334932598736,-1.2410258074110823]]]},"id":"001a000000000002bcfe","properties":{"FID":494189}},{"type":"Feature","geometry":{"type":"Polygon","coordinates":[[[37.111916400999654,-1.237650280995228],[37.1119966632237,-1.2376948486568493],[37.11201449926139,-1.237663656687026],[37.1119387369792,-1.2376190155244235],[37.111916400999654,-1.237650280995228]]]},"id":"001a00000000000251ad","properties":{"FID":533102}},{"type":"Feature","geometry":{"type":"Polygon","coordinates":[[[37.09883336877702,-1.2607484232013628],[37.09886462843252,-1.260792994964294],[37.09890030697572,-1.2607662552610133],[37.09887354806998,-1.2607216676932806],[37.09883336877702,-1.2607484232013628]]]},"id":"001a0000000000026778","properties":{"FID":533358}},{"type":"Feature","geometry":{"type":"Polygon","coordinates":[[[37.09804859970552,-1.2634193688200266],[37.09807085813213,-1.2634595485665694],[37.098119957578405,-1.2634283317059547],[37.0981778948822,-1.2635219843703573],[37.098204654045,-1.2635041255955461],[37.09812437652693,-1.2633747806592768],[37.09804859970552,-1.2634193688200266]]]},"id":"001a0000000000031d3a","properties":{"FID":533614}},{"type":"Feature","geometry":{"type":"Polygon","coordinates":[[[37.1127413549653,-1.2623893340650092],[37.11285728793847,-1.2624294782602794],[37.11288404167511,-1.2623536727960707],[37.112768108744824,-1.2623135285946028],[37.1127413549653,-1.2623893340650092]]]},"id":"001a000000000002b0d4","properties":{"FID":533870}},{"type":"Feature","geometry":{"type":"Polygon","coordinates":[[[37.10777839865319,-1.2258871165869647],[37.10780515426773,-1.2259495866091865],[37.1078541652913,-1.2259272756334787],[37.107827409694906,-1.2258648646376467],[37.10777839865319,-1.2258871165869647]]]},"id":"001a00000000000206e6","properties":{"FID":416366}},{"type":"Feature","geometry":{"type":"Polygon","coordinates":[[[37.07514220055806,-1.2388720185910798],[37.075177890781276,-1.2389344479062478],[37.07522250353559,-1.2389121841210502],[37.075186813334334,-1.2388452708635835],[37.07514220055806,-1.2388720185910798]]]},"id":"001a0000000000026451","properties":{"FID":494190}},{"type":"Feature","geometry":{"type":"Polygon","coordinates":[[[37.111836138686556,-1.2375432046239372],[37.11190748296926,-1.2375922818157685],[37.11193423705713,-1.2375566393953181],[37.11186289280081,-1.2375075622407714],[37.111836138686556,-1.2375432046239372]]]},"id":"001a0000000000029425","properties":{"FID":533103}},{"type":"Feature","geometry":{"type":"Polygon","coordinates":[[[37.09012031861133,-1.2607528702669315],[37.09016042089602,-1.2608286435971763],[37.09023628781062,-1.2607929689680488],[37.09019610372659,-1.260712711078801],[37.09012031861133,-1.2607528702669315]]]},"id":"001a0000000000033c15","properties":{"FID":533359}},{"type":"Feature","geometry":{"type":"Polygon","coordinates":[[[37.09180140371737,-1.2633703196262822],[37.09181924473079,-1.2634283444494596],[37.0918995292368,-1.2634015642302026],[37.09187718707433,-1.2633436145214996],[37.09180140371737,-1.2633703196262822]]]},"id":"001a0000000000029310","properties":{"FID":533615}},{"type":"Feature","geometry":{"type":"Polygon","coordinates":[[[37.11266109356736,-1.2623581554400534],[37.11271010130207,-1.2623759868481959],[37.11273685509315,-1.2623135183085952],[37.11268784737657,-1.262295686901325],[37.11266109356736,-1.2623581554400534]]]},"id":"001a0000000000020a03","properties":{"FID":533871}},{"type":"Feature","geometry":{"type":"Polygon","coordinates":[[[37.109918734738834,-1.2258782444724121],[37.10995882606045,-1.2258782441695932],[37.109963326105365,-1.225842564713835],[37.1099231529672,-1.2258425663225476],[37.109918734738834,-1.2258782444724121]]]},"id":"001a0000000000028fd8","properties":{"FID":416367}},{"type":"Feature","geometry":{"type":"Polygon","coordinates":[[[37.07381788440213,-1.2385732732175334],[37.07383122755233,-1.2386268049922473],[37.07388918427444,-1.238613409465736],[37.0738758411349,-1.2385554527046474],[37.07381788440213,-1.2385732732175334]]]},"id":"001a0000000000023f3d","properties":{"FID":494191}},{"type":"Feature","geometry":{"type":"Polygon","coordinates":[[[37.09075794230881,-1.2607617450766313],[37.09081596734174,-1.2608063486921728],[37.090869409256186,-1.260735041077209],[37.09080704671205,-1.2606948776342772],[37.09075794230881,-1.2607617450766313]]]},"id":"001a000000000002f778","properties":{"FID":533360}},{"type":"Feature","geometry":{"type":"Polygon","coordinates":[[[37.108304508769024,-1.2256730951487602],[37.108331264189054,-1.2257266036599388],[37.108380356677145,-1.225704291781406],[37.108358019599194,-1.2256508297554713],[37.108304508769024,-1.2256730951487602]]]},"id":"001a000000000002e2f1","properties":{"FID":416368}},{"type":"Feature","geometry":{"type":"Polygon","coordinates":[[[37.09028973015262,-1.2607707123570744],[37.09033433360849,-1.2608643549564358],[37.09047256322668,-1.2607929942740006],[37.09042354043787,-1.2606993664670751],[37.09028973015262,-1.2607707123570744]]]},"id":"001a0000000000035648","properties":{"FID":533361}},{"type":"Feature","geometry":{"type":"Polygon","coordinates":[[[37.108135057545844,-1.225601733504934],[37.10816631318517,-1.2256909533478262],[37.10835360127526,-1.2256284993995905],[37.108322345716815,-1.225534858509334],[37.108135057545844,-1.225601733504934]]]},"id":"001a000000000003715d","properties":{"FID":416369}},{"type":"Feature","geometry":{"type":"Polygon","coordinates":[[[37.06889057423156,-1.2384662666227673],[37.06891726234191,-1.2385108511656284],[37.068984146305425,-1.2384662732566984],[37.06896187894621,-1.2384261599465762],[37.06889057423156,-1.2384662666227673]]]},"id":"001a00000000000203ba","properties":{"FID":494193}},{"type":"Feature","geometry":{"type":"Polygon","coordinates":[[[37.07283236727778,-1.2235594979853746],[37.072872479125735,-1.2236575755187706],[37.072934938959115,-1.2236308547547337],[37.07289482714569,-1.2235327183895324],[37.07283236727778,-1.2235594979853746]]]},"id":"001a0000000000031981","properties":{"FID":381041}},{"type":"Feature","geometry":{"type":"Polygon","coordinates":[[[37.098869047335626,-1.2606948882138507],[37.09890922660878,-1.2607573128039296],[37.09895382475757,-1.2607305428185922],[37.09891364550916,-1.2606681183006483],[37.098869047335626,-1.2606948882138507]]]},"id":"001a000000000002489c","properties":{"FID":533362}},{"type":"Feature","geometry":{"type":"Polygon","coordinates":[[[37.11316049637458,-1.262251104653031],[37.11326309278919,-1.262264502170106],[37.11328092851468,-1.2621307190188944],[37.113178332125365,-1.262117321384587],[37.11316049637458,-1.262251104653031]]]},"id":"001a000000000002be54","properties":{"FID":533874}},{"type":"Feature","geometry":{"type":"Polygon","coordinates":[[[37.102445242654596,-1.2241927110342576],[37.10247200024045,-1.2242194565900366],[37.102530015889556,-1.2241570302361018],[37.10250325832514,-1.224130284729203],[37.102445242654596,-1.2241927110342576]]]},"id":"001a00000000000274b4","properties":{"FID":416370}},{"type":"Feature","geometry":{"type":"Polygon","coordinates":[[[37.06900649552308,-1.2383860169861718],[37.06903768617795,-1.2384261615884895],[37.06906445609939,-1.2384038341404537],[37.06903326545602,-1.2383636895699535],[37.06900649552308,-1.2383860169861718]]]},"id":"001a0000000000022fc8","properties":{"FID":494194}},{"type":"Feature","geometry":{"type":"Polygon","coordinates":[[[37.072716452098625,-1.223332072636245],[37.072743220662794,-1.223385602967737],[37.072801178254146,-1.2233588372565933],[37.07277440971136,-1.2233008838909574],[37.072716452098625,-1.223332072636245]]]},"id":"001a0000000000028de3","properties":{"FID":381042}},{"type":"Feature","geometry":{"type":"Polygon","coordinates":[[[37.089866118715044,-1.2606859697772972],[37.08989288094831,-1.2607305625490337],[37.089977668875925,-1.2606770315093216],[37.08995090667396,-1.2606324388392707],[37.089866118715044,-1.2606859697772972]]]},"id":"001a00000000000201c2","properties":{"FID":533363}},{"type":"Feature","geometry":{"type":"Polygon","coordinates":[[[37.113530628209894,-1.26233138977809],[37.11364655991828,-1.2623403160004714],[37.113655477734305,-1.2621173376078112],[37.11361088864318,-1.2621128875247307],[37.11360638882512,-1.2622734163939493],[37.113535046217706,-1.2622689401105514],[37.113530628209894,-1.26233138977809]]]},"id":"001a000000000003aa98","properties":{"FID":533875}},{"type":"Feature","geometry":{"type":"Polygon","coordinates":[[[37.102525515382474,-1.224107935360575],[37.10256119212185,-1.224134713622317],[37.10259245016804,-1.2240901111705398],[37.10255677344407,-1.2240678134236822],[37.102525515382474,-1.224107935360575]]]},"id":"001a00000000000251ea","properties":{"FID":416371}},{"type":"Feature","geometry":{"type":"Polygon","coordinates":[[[37.06964414118083,-1.2375120451138735],[37.069675331561605,-1.2375878259085111],[37.06972436837989,-1.237565549248706],[37.06969317802018,-1.2374897095413988],[37.06964414118083,-1.2375120451138735]]]},"id":"001a000000000002c1f6","properties":{"FID":494195}},{"type":"Feature","geometry":{"type":"Polygon","coordinates":[[[37.075079742625185,-1.2206254171581925],[37.07511993508881,-1.2207056750046321],[37.0751823111288,-1.2206699977274917],[37.07514220055806,-1.220594161314782],[37.075079742625185,-1.2206254171581925]]]},"id":"001a0000000000032759","properties":{"FID":381043}},{"type":"Feature","geometry":{"type":"Polygon","coordinates":[[[37.09044580120752,-1.260605733988118],[37.09045472188168,-1.260650268871662],[37.0905038264904,-1.2606413656405158],[37.09049490582228,-1.2605967717690634],[37.09044580120752,-1.260605733988118]]]},"id":"001a0000000000023296","properties":{"FID":533364}},{"type":"Feature","geometry":{"type":"Polygon","coordinates":[[[37.11312924289241,-1.2621485306837599],[37.11316049637458,-1.2621663627632846],[37.11319174984325,-1.2621173338636384],[37.11316049637458,-1.2620950168661205],[37.11312924289241,-1.2621485306837599]]]},"id":"001a000000000001df29","properties":{"FID":533876}},{"type":"Feature","geometry":{"type":"Polygon","coordinates":[[[37.10180313945577,-1.2233142377530657],[37.10183439782924,-1.2233454498685228],[37.10187449362887,-1.223305304039384],[37.10184331710088,-1.2232740906407866],[37.10180313945577,-1.2233142377530657]]]},"id":"001a00000000000239fe","properties":{"FID":416372}},{"type":"Feature","geometry":{"type":"Polygon","coordinates":[[[37.06960844823518,-1.23744961328553],[37.06962629471019,-1.2374897384809702],[37.06967533156161,-1.2374674029325692],[37.06966198764706,-1.2374273223475878],[37.06960844823518,-1.23744961328553]]]},"id":"001a0000000000019ab4","properties":{"FID":494196}},{"type":"Feature","geometry":{"type":"Polygon","coordinates":[[[37.07532056964038,-1.2205362147704866],[37.07534733724361,-1.2205808356241548],[37.07538302736589,-1.2205629836559602],[37.07536068011248,-1.2205184096473156],[37.07532056964038,-1.2205362147704866]]]},"id":"001a0000000000023ff6","properties":{"FID":381044}},{"type":"Feature","geometry":{"type":"Polygon","coordinates":[[[37.113579635355585,-1.2309883633210523],[37.11364655991828,-1.2309972984639306],[37.11365989573451,-1.2309259199957658],[37.113593052999036,-1.2309169834835187],[37.113579635355585,-1.2309883633210523]]]},"id":"001a0000000000027402","properties":{"FID":533109}},{"type":"Feature","geometry":{"type":"Polygon","coordinates":[[[37.09803076022631,-1.2606547695396184],[37.09805751944348,-1.2606904453407968],[37.098146716762606,-1.2606190807403217],[37.098119957578405,-1.2605834050319542],[37.09803076022631,-1.2606547695396184]]]},"id":"001a00000000000317e5","properties":{"FID":533365}},{"type":"Feature","geometry":{"type":"Polygon","coordinates":[[[37.112638757810814,-1.2621886883635927],[37.112678929441266,-1.2622020640321165],[37.112714601175874,-1.2621084066043293],[37.11267442956523,-1.2620906049854452],[37.112638757810814,-1.2621886883635927]]]},"id":"001a0000000000027002","properties":{"FID":533877}},{"type":"Feature","geometry":{"type":"Polygon","coordinates":[[[37.10207071724229,-1.2231136056697907],[37.10209747496656,-1.2231447723092055],[37.10213757062049,-1.2231135877199244],[37.10211531344391,-1.2230823484730047],[37.10207071724229,-1.2231136056697907]]]},"id":"001a000000000001e412","properties":{"FID":416373}},{"type":"Feature","geometry":{"type":"Polygon","coordinates":[[[37.06981802124292,-1.2350773597839917],[37.06985371408548,-1.2351620892478634],[37.06989382758024,-1.2351486926675432],[37.06985813475741,-1.2350595384624081],[37.06981802124292,-1.2350773597839917]]]},"id":"001a00000000000252ca","properties":{"FID":494197}},{"type":"Feature","geometry":{"type":"Polygon","coordinates":[[[37.069996403416006,-1.2197603114020736],[37.07004994254163,-1.21979153061645],[37.07007220956695,-1.219755908159259],[37.07002317298375,-1.219720193779708],[37.069996403416006,-1.2197603114020736]]]},"id":"001a0000000000029f14","properties":{"FID":381045}},{"type":"Feature","geometry":{"type":"Polygon","coordinates":[[[37.11246039877488,-1.230399757259151],[37.112469316737126,-1.2304443611254714],[37.112567414249206,-1.2304220735730909],[37.11255849629906,-1.2303774697898333],[37.11246039877488,-1.230399757259151]]]},"id":"001a000000000002cce0","properties":{"FID":533110}},{"type":"Feature","geometry":{"type":"Polygon","coordinates":[[[37.090013269954945,-1.2605477605918771],[37.09005787358099,-1.2606101777493095],[37.09010697845866,-1.260574476305733],[37.09006237486283,-1.2605120592341343],[37.090013269954945,-1.2605477605918771]]]},"id":"001a000000000001a1e3","properties":{"FID":533366}},{"type":"Feature","geometry":{"type":"Polygon","coordinates":[[[37.112268703229056,-1.2621084004404255],[37.11234896506229,-1.2621351532929614],[37.11237121909203,-1.2620682749993917],[37.11229095728348,-1.2620415221401822],[37.112268703229056,-1.2621084004404255]]]},"id":"001a0000000000028a8a","properties":{"FID":533878}},{"type":"Feature","geometry":{"type":"Polygon","coordinates":[[[37.10245416185098,-1.2229842654757734],[37.1024987578164,-1.2230957314513444],[37.10261028852344,-1.2230511320433124],[37.102561192121854,-1.2229396800333692],[37.10245416185098,-1.2229842654757734]]]},"id":"001a000000000003256f","properties":{"FID":416374}},{"type":"Feature","geometry":{"type":"Polygon","coordinates":[[[37.075646118688674,-1.2330573487815972],[37.07567280431404,-1.2330841091982605],[37.07571741676395,-1.2330350714317797],[37.07569064929729,-1.2330083123838995],[37.075646118688674,-1.2330573487815972]]]},"id":"001a00000000000302b3","properties":{"FID":494198}},{"type":"Feature","geometry":{"type":"Polygon","coordinates":[[[37.08555416009813,-1.229940447110479],[37.08558984519675,-1.2299939499884187],[37.08562553027781,-1.2299716676265613],[37.08558984519675,-1.2299137415439878],[37.08555416009813,-1.229940447110479]]]},"id":"001a0000000000023c0b","properties":{"FID":381046}},{"type":"Feature","geometry":{"type":"Polygon","coordinates":[[[37.09079362484514,-1.2605566838005167],[37.09086057047367,-1.2606503079317994],[37.090936354814694,-1.2605923233640284],[37.090864989865054,-1.260503140857969],[37.09079362484514,-1.2605566838005167]]]},"id":"001a0000000000031abe","properties":{"FID":533367}},{"type":"Feature","geometry":{"type":"Polygon","coordinates":[[[37.10257011130394,-1.222926271928914],[37.10261920769948,-1.2229352066022232],[37.10262362637345,-1.2228861464042289],[37.10257461180826,-1.2228816907231885],[37.10257011130394,-1.222926271928914]]]},"id":"001a000000000001ec15","properties":{"FID":416375}},{"type":"Feature","geometry":{"type":"Polygon","coordinates":[[[37.088073599476694,-1.240374780042906],[37.08810928333485,-1.2404416254335577],[37.088153888132844,-1.2404193631243632],[37.088118204296656,-1.240352458813386],[37.088073599476694,-1.240374780042906]]]},"id":"001a0000000000023436","properties":{"FID":494199}},{"type":"Feature","geometry":{"type":"Polygon","coordinates":[[[37.08893868255555,-1.229708620876353],[37.088965445131336,-1.2297531838451046],[37.08900104670767,-1.2297353270046598],[37.08897436598773,-1.229686280737914],[37.08893868255555,-1.229708620876353]]]},"id":"001a0000000000022a96","properties":{"FID":381047}},{"type":"Feature","geometry":{"type":"Polygon","coordinates":[[[37.08983935647189,-1.260538846945967],[37.08987954075376,-1.2605878795462964],[37.08992856391063,-1.2605521794252978],[37.08988396020499,-1.2604986752993264],[37.08983935647189,-1.260538846945967]]]},"id":"001a00000000000291f8","properties":{"FID":533368}},{"type":"Feature","geometry":{"type":"Polygon","coordinates":[[[37.08973680870249,-1.238613429660698],[37.08976807228364,-1.238657986337099],[37.08981267606062,-1.2386268193320853],[37.089776993041234,-1.2385822169377108],[37.08973680870249,-1.238613429660698]]]},"id":"001a000000000002538e","properties":{"FID":494200}},{"type":"Feature","geometry":{"type":"Polygon","coordinates":[[[37.08904565095677,-1.2296818219536942],[37.08908133433629,-1.229735322095196],[37.08913043987571,-1.2297041540861142],[37.08909917601946,-1.229650641304657],[37.08904565095677,-1.2296818219536942]]]},"id":"001a0000000000030960","properties":{"FID":381048}},{"type":"Feature","geometry":{"type":"Polygon","coordinates":[[[37.09137329991742,-1.2604987026183674],[37.09142682326075,-1.2605878860703805],[37.091475927210666,-1.260556671207506],[37.09142240390362,-1.2604674878736912],[37.09137329991742,-1.2604987026183674]]]},"id":"001a0000000000021da7","properties":{"FID":533369}},{"type":"Feature","geometry":{"type":"Polygon","coordinates":[[[37.085447186543554,-1.2381229135095992],[37.08548729141419,-1.238167504864176],[37.08558542548366,-1.2380827839169557],[37.085545320667315,-1.2380381926889243],[37.085447186543554,-1.2381229135095992]]]},"id":"001a0000000000032950","properties":{"FID":494201}},{"type":"Feature","geometry":{"type":"Polygon","coordinates":[[[37.085482871694836,-1.2296417075337631],[37.08550071426389,-1.2296773937446686],[37.085545320667315,-1.2296506027824101],[37.085527478109235,-1.2296149755906867],[37.085482871694836,-1.2296417075337631]]]},"id":"001a000000000001dabf","properties":{"FID":381049}},{"type":"Feature","geometry":{"type":"Polygon","coordinates":[[[37.09512343923296,-1.260489759157638],[37.09517245884163,-1.2605744683081477],[37.095257240590676,-1.2605210000313911],[37.095208139203706,-1.2604407191476112],[37.09512343923296,-1.260489759157638]]]},"id":"001a00000000000355e9","properties":{"FID":533370}},{"type":"Feature","geometry":{"type":"Polygon","coordinates":[[[37.11231771122955,-1.2619568062294733],[37.1123890550374,-1.261988015594885],[37.1124158089472,-1.261925606666423],[37.11234004708521,-1.2618988378410254],[37.11231771122955,-1.2619568062294733]]]},"id":"001a000000000002b917","properties":{"FID":533882}},{"type":"Feature","geometry":{"type":"Polygon","coordinates":[[[37.07913751375397,-1.236374928124442],[37.07915535788473,-1.2364061394087444],[37.079222314262836,-1.236366053578622],[37.07919996819242,-1.2363303733004423],[37.07913751375397,-1.236374928124442]]]},"id":"001a000000000001f581","properties":{"FID":494202}},{"type":"Feature","geometry":{"type":"Polygon","coordinates":[[[37.085447186543554,-1.229472257841419],[37.08547837012856,-1.2295123867059221],[37.08550071426389,-1.2294945674586968],[37.08546944884183,-1.2294544399472571],[37.085447186543554,-1.229472257841419]]]},"id":"001a0000000000025c6e","properties":{"FID":381050}},{"type":"Feature","geometry":{"type":"Polygon","coordinates":[[[37.09626053830905,-1.2605388425479604],[37.096327397051354,-1.2606190632314895],[37.096394255731944,-1.260565598520734],[37.096327397051354,-1.2604853189672465],[37.09626053830905,-1.2605388425479604]]]},"id":"001a00000000000359d0","properties":{"FID":533371}},{"type":"Feature","geometry":{"type":"Polygon","coordinates":[[[37.08827869957767,-1.2357462193894337],[37.088309963787886,-1.2357863504005222],[37.08841251357646,-1.2357105349164403],[37.08838124941048,-1.235670404019466],[37.08827869957767,-1.2357462193894337]]]},"id":"001a000000000002d7a5","properties":{"FID":494203}},{"type":"Feature","geometry":{"type":"Polygon","coordinates":[[[37.08652182571407,-1.2294589013523363],[37.086526245370074,-1.2294989918405688],[37.08657535264079,-1.2294945390379075],[37.086570851142355,-1.229454449907022],[37.08652182571407,-1.2294589013523363]]]},"id":"001a00000000000237e8","properties":{"FID":381051}},{"type":"Feature","geometry":{"type":"Polygon","coordinates":[[[37.09622485846539,-1.260454089902257],[37.096242698389425,-1.2605254460954163],[37.096305056254494,-1.2605075877076926],[37.096291717240625,-1.2604407014505252],[37.09622485846539,-1.260454089902257]]]},"id":"001a000000000001b4c2","properties":{"FID":533372}},{"type":"Feature","geometry":{"type":"Polygon","coordinates":[[[37.08812712525734,-1.2356838065300084],[37.08818949010787,-1.2357461988457588],[37.08825643814228,-1.235683763359879],[37.08818949010787,-1.235621386878143],[37.08812712525734,-1.2356838065300084]]]},"id":"001a0000000000033e7a","properties":{"FID":494204}},{"type":"Feature","geometry":{"type":"Polygon","coordinates":[[[37.08665556111142,-1.2294410453514308],[37.086660062604594,-1.2294678060380928],[37.086713589429216,-1.2294544353307213],[37.08670466829453,-1.2294321104921029],[37.08665556111142,-1.2294410453514308]]]},"id":"001a000000000001c24f","properties":{"FID":381052}},{"type":"Feature","geometry":{"type":"Polygon","coordinates":[[[37.09507441959113,-1.260427360762345],[37.09511001816571,-1.2605031444773223],[37.09515461865401,-1.2604852861084095],[37.095118938265564,-1.2604050180946167],[37.09507441959113,-1.260427360762345]]]},"id":"001a0000000000021f42","properties":{"FID":533373}},{"type":"Feature","geometry":{"type":"Polygon","coordinates":[[[37.08713721929508,-1.2342880888776044],[37.08716390069138,-1.2344218415371788],[37.0872308496732,-1.2344084829655786],[37.087204086456836,-1.2342747318015426],[37.08713721929508,-1.2342880888776044]]]},"id":"001a0000000000032017","properties":{"FID":494205}},{"type":"Feature","geometry":{"type":"Polygon","coordinates":[[[37.085482871694836,-1.2293786151420876],[37.08549621269872,-1.2294232205150721],[37.08555416009813,-1.2294009316502303],[37.08553639938883,-1.2293607622055622],[37.085482871694836,-1.2293786151420876]]]},"id":"001a000000000001daa2","properties":{"FID":381053}},{"type":"Feature","geometry":{"type":"Polygon","coordinates":[[[37.099921393245616,-1.260409492946101],[37.09997941093845,-1.260485312068665],[37.10001950776529,-1.260454073163379],[37.099961571934884,-1.260378311785983],[37.099921393245616,-1.260409492946101]]]},"id":"001a0000000000021484","properties":{"FID":533374}},{"type":"Feature","geometry":{"type":"Polygon","coordinates":[[[37.087507320485884,-1.234288079958175],[37.08753400174593,-1.2343193194276418],[37.087592029360394,-1.2342747273793757],[37.08756526627741,-1.2342434892923466],[37.087507320485884,-1.234288079958175]]]},"id":"001a000000000001af2e","properties":{"FID":494206}},{"type":"Feature","geometry":{"type":"Polygon","coordinates":[[[37.08690527079193,-1.2292894412557807],[37.08691869337905,-1.2293161750472188],[37.08696771853889,-1.2292849492435571],[37.08695437780585,-1.229258214161573],[37.08690527079193,-1.2292894412557807]]]},"id":"001a000000000001d9a3","properties":{"FID":381054}},{"type":"Feature","geometry":{"type":"Polygon","coordinates":[[[37.08984827722071,-1.2604362869059833],[37.089875039460566,-1.2604942195238664],[37.089901801690544,-1.260480847665627],[37.0899196431717,-1.2605254114625923],[37.090048952857984,-1.2604674810805214],[37.09000434922644,-1.2603649259918221],[37.08984827722071,-1.2604362869059833]]]},"id":"001a0000000000036b58","properties":{"FID":533375}},{"type":"Feature","geometry":{"type":"Polygon","coordinates":[[[37.11234896506229,-1.2618720746387642],[37.11240689097837,-1.2618765388200563],[37.11240689097837,-1.261840895323064],[37.11235338314227,-1.2618364165358877],[37.11234896506229,-1.2618720746387642]]]},"id":"001a000000000001e94f","properties":{"FID":533887}},{"type":"Feature","geometry":{"type":"Polygon","coordinates":[[[37.087052428044096,-1.2340383783771696],[37.08708811240505,-1.2340829784275003],[37.087146140376525,-1.2340428103358287],[37.08711045604414,-1.233993786650311],[37.087052428044096,-1.2340383783771696]]]},"id":"001a0000000000019bd8","properties":{"FID":494207}},{"type":"Feature","geometry":{"type":"Polygon","coordinates":[[[37.08724869181196,-1.2269929729715692],[37.08729771674857,-1.2270509730511552],[37.08737800626428,-1.2269840986073173],[37.08733340098876,-1.2269260861109619],[37.08724869181196,-1.2269929729715692]]]},"id":"001a0000000000034667","properties":{"FID":381055}},{"type":"Feature","geometry":{"type":"Polygon","coordinates":[[[37.09131535717091,-1.2604184466118544],[37.091377801117545,-1.2604808610132834],[37.09145358491758,-1.2604094784463329],[37.091391141036254,-1.2603426372689566],[37.09131535717091,-1.2604184466118544]]]},"id":"001a0000000000028d0d","properties":{"FID":533376}},{"type":"Feature","geometry":{"type":"Polygon","coordinates":[[[37.08247298023804,-1.2312826266379533],[37.08250866685347,-1.2313540045971658],[37.08256661664111,-1.231322806088712],[37.082530930054205,-1.231251428235041],[37.08247298023804,-1.2312826266379533]]]},"id":"001a00000000000221d6","properties":{"FID":494208}},{"type":"Feature","geometry":{"type":"Polygon","coordinates":[[[37.0822276752066,-1.2266719654398637],[37.08224551857689,-1.2268012419705028],[37.082307970338306,-1.2267923291329117],[37.082294628747654,-1.2266674619026487],[37.0822276752066,-1.2266719654398637]]]},"id":"001a0000000000035908","properties":{"FID":381056}},{"type":"Feature","geometry":{"type":"Polygon","coordinates":[[[37.100010588268994,-1.2603515281745399],[37.10005518573949,-1.2604318197067383],[37.100153300077885,-1.2603827365282056],[37.100108702667825,-1.260302504206206],[37.100010588268994,-1.2603515281745399]]]},"id":"001a0000000000035f03","properties":{"FID":533377}},{"type":"Feature","geometry":{"type":"Polygon","coordinates":[[[37.1120234172786,-1.2618408508890808],[37.11212601530568,-1.2618899516909359],[37.11217060531197,-1.2617918381606776],[37.112068007348114,-1.2617472223514337],[37.1120234172786,-1.2618408508890808]]]},"id":"001a0000000000038a6b","properties":{"FID":533889}},{"type":"Feature","geometry":{"type":"Polygon","coordinates":[[[37.08241503037556,-1.2306405574150516],[37.08244621526494,-1.2307074069470474],[37.08255319324809,-1.23065836847943],[37.08252200840472,-1.2305915191178562],[37.08241503037556,-1.2306405574150516]]]},"id":"001a00000000000330e0","properties":{"FID":494209}},{"type":"Feature","geometry":{"type":"Polygon","coordinates":[[[37.07903503269779,-1.226373175283876],[37.07904837488822,-1.22644007364747],[37.07911082940345,-1.2264311609435177],[37.07909740537064,-1.226359781844162],[37.07903503269779,-1.226373175283876]]]},"id":"001a00000000000273d4","properties":{"FID":381057}},{"type":"Feature","geometry":{"type":"Polygon","coordinates":[[[37.09586363997583,-1.2602935952930368],[37.095899319997436,-1.2603426395937274],[37.0959260800021,-1.2603247830961795],[37.09589039999368,-1.2602757388305066],[37.09586363997583,-1.2602935952930368]]]},"id":"001a0000000000027025","properties":{"FID":533378}},{"type":"Feature","geometry":{"type":"Polygon","coordinates":[[[37.070995220872845,-1.2497611751394593],[37.071088872095565,-1.2499038830099256],[37.07116917956004,-1.2498458983699912],[37.071093374555154,-1.2497344146816312],[37.071057682322405,-1.2497567228541537],[37.07103983619944,-1.2497299846571537],[37.070995220872845,-1.2497611751394593]]]},"id":"001a00000000000393b3","properties":{"FID":494210}},{"type":"Feature","geometry":{"type":"Polygon","coordinates":[[[37.08529560630145,-1.2251201955666906],[37.08533120968053,-1.2251870803732197],[37.085420422668555,-1.225142473823289],[37.08538473748652,-1.2250755904850439],[37.08529560630145,-1.2251201955666906]]]},"id":"001a0000000000027b68","properties":{"FID":381058}},{"type":"Feature","geometry":{"type":"Polygon","coordinates":[[[37.098409807297955,-1.2602489551299123],[37.098440985304286,-1.260360456954168],[37.09856136010561,-1.2603292401196005],[37.09853468290653,-1.260231120268138],[37.0984766640562,-1.2602489647663941],[37.09847224512916,-1.2602311551785235],[37.098409807297955,-1.2602489551299123]]]},"id":"001a000000000002d918","properties":{"FID":533379}},{"type":"Feature","geometry":{"type":"Polygon","coordinates":[[[37.11225086725402,-1.261769551805459],[37.11229095728348,-1.2617829289599534],[37.11230879324863,-1.2617160069790307],[37.112268703229056,-1.261702629820377],[37.11225086725402,-1.261769551805459]]]},"id":"001a0000000000034317","properties":{"FID":533891}},{"type":"Feature","geometry":{"type":"Polygon","coordinates":[[[37.07821894435808,-1.2485349079483337],[37.078236788714875,-1.2485661280866935],[37.078303664086356,-1.2485304445086505],[37.0782859016008,-1.248503708189353],[37.07821894435808,-1.2485349079483337]]]},"id":"001a0000000000024043","properties":{"FID":494211}},{"type":"Feature","geometry":{"type":"Polygon","coordinates":[[[37.09502981905345,-1.26014196043658],[37.095038739163186,-1.2601954635698502],[37.09513235933117,-1.260173190165063],[37.09512343923296,-1.2601196871285676],[37.09502981905345,-1.26014196043658]]]},"id":"001a000000000001ccc1","properties":{"FID":533380}},{"type":"Feature","geometry":{"type":"Polygon","coordinates":[[[37.078174415301795,-1.248503713998791],[37.07820118185177,-1.2485438165182607],[37.0782903217589,-1.2484858720160317],[37.078263555241826,-1.2484457105777849],[37.078174415301795,-1.248503713998791]]]},"id":"001a0000000000033ec4","properties":{"FID":494212}},{"type":"Feature","geometry":{"type":"Polygon","coordinates":[[[37.09077136418234,-1.2601330112944082],[37.09083380859781,-1.2602356223548004],[37.09094527542846,-1.260168723115701],[37.09087832987819,-1.2600661281475096],[37.09077136418234,-1.2601330112944082]]]},"id":"001a0000000000039da7","properties":{"FID":533381}},{"type":"Feature","geometry":{"type":"Polygon","coordinates":[[[37.07840622803076,-1.2470901872567093],[37.07844641865098,-1.2471749169767588],[37.07851771397338,-1.2471392224620894],[37.078473185100556,-1.2470545052135393],[37.07840622803076,-1.2470901872567093]]]},"id":"001a0000000000035954","properties":{"FID":494213}},{"type":"Feature","geometry":{"type":"Polygon","coordinates":[[[37.099801020705,-1.260039380097842],[37.09985453782118,-1.2600705964352525],[37.09988129636444,-1.260030490985462],[37.09982777926804,-1.2599992746692592],[37.099801020705,-1.260039380097842]]]},"id":"001a0000000000023bda","properties":{"FID":533382}},{"type":"Feature","geometry":{"type":"Polygon","coordinates":[[[37.11313374274015,-1.261626849361528],[37.113191749843246,-1.2616446488422346],[37.11320508574331,-1.261595624292722],[37.11314707865091,-1.2615822506580088],[37.11313374274015,-1.261626849361528]]]},"id":"001a000000000001cf28","properties":{"FID":533894}},{"type":"Feature","geometry":{"type":"Polygon","coordinates":[[[37.077108656568576,-1.24554287293939],[37.07712650119856,-1.2456142185533858],[37.07718895736894,-1.2455963748585284],[37.077171112754314,-1.2455294551083138],[37.077108656568576,-1.24554287293939]]]},"id":"001a000000000001af71","properties":{"FID":494214}},{"type":"Feature","geometry":{"type":"Polygon","coordinates":[[[37.09661275307039,-1.2598253781744082],[37.09664843272297,-1.2598744215263498],[37.096728711877034,-1.2598209128105424],[37.09669303226399,-1.2597673840023569],[37.09661275307039,-1.2598253781744082]]]},"id":"001a0000000000033701","properties":{"FID":533383}},{"type":"Feature","geometry":{"type":"Polygon","coordinates":[[[37.07787564427214,-1.2449230720428537],[37.077920255367076,-1.2449631738151028],[37.0779469401557,-1.2449364178975388],[37.077902410932396,-1.2448963148125838],[37.07787564427214,-1.2449230720428537]]]},"id":"001a000000000002b270","properties":{"FID":494215}},{"type":"Feature","geometry":{"type":"Polygon","coordinates":[[[37.09145808611271,-1.259816437819244],[37.0915026070095,-1.259914564134352],[37.091596313587075,-1.259869977800018],[37.091551710908064,-1.259771853068225],[37.09145808611271,-1.259816437819244]]]},"id":"001a0000000000036fac","properties":{"FID":533384}},{"type":"Feature","geometry":{"type":"Polygon","coordinates":[[[37.11314707865091,-1.2615822506580088],[37.113209585586326,-1.2615866976443275],[37.11321400361375,-1.2615465553895622],[37.11315157849754,-1.2615421070144586],[37.11314707865091,-1.2615822506580088]]]},"id":"001a000000000002d12b","properties":{"FID":533896}},{"type":"Feature","geometry":{"type":"Polygon","coordinates":[[[37.07293051847464,-1.2436031323574532],[37.072952784615914,-1.2436388225176718],[37.072983973574374,-1.2436165364524374],[37.07296612792524,-1.243585317630103],[37.07293051847464,-1.2436031323574532]]]},"id":"001a000000000001e058","properties":{"FID":494216}},{"type":"Feature","geometry":{"type":"Polygon","coordinates":[[[37.095783359862956,-1.2597272599867004],[37.09580570082073,-1.2597673771951197],[37.09589039999367,-1.2597228250002812],[37.09586814089695,-1.2596826474952154],[37.095783359862956,-1.2597272599867004]]]},"id":"001a000000000002f5c4","properties":{"FID":533385}},{"type":"Feature","geometry":{"type":"Polygon","coordinates":[[[37.0699250178537,-1.2419131736238767],[37.06995178744779,-1.2419577596071651],[37.07000532660635,-1.2419220675869174],[37.06998305956049,-1.2418819516827513],[37.0699250178537,-1.2419131736238767]]]},"id":"001a000000000001b1eb","properties":{"FID":494217}},{"type":"Feature","geometry":{"type":"Polygon","coordinates":[[[37.09429402897218,-1.2595489174923769],[37.09431186937176,-1.259589051091668],[37.094356470351485,-1.2595667078950157],[37.094338629962884,-1.2595265743403563],[37.09429402897218,-1.2595489174923769]]]},"id":"001a000000000001ef42","properties":{"FID":533386}},{"type":"Feature","geometry":{"type":"Polygon","coordinates":[[[37.0695103744088,-1.2418462582260192],[37.069532641599714,-1.2418819486197463],[37.06956833458264,-1.2418640745295657],[37.06954606740269,-1.2418239584498236],[37.0695103744088,-1.2418462582260192]]]},"id":"001a000000000002b916","properties":{"FID":494218}},{"type":"Feature","geometry":{"type":"Polygon","coordinates":[[[37.095698660564835,-1.2595578017216915],[37.09575659980556,-1.2596380517060328],[37.09581903992411,-1.2595890299964971],[37.095761100733334,-1.2595087801581233],[37.095698660564835,-1.2595578017216915]]]},"id":"001a00000000000349b3","properties":{"FID":533387}},{"type":"Feature","geometry":{"type":"Polygon","coordinates":[[[37.1131738322804,-1.261519843205012],[37.1132452570593,-1.2615465659709786],[37.11326751081335,-1.2614930852807904],[37.113191749843246,-1.261466316708843],[37.1131738322804,-1.261519843205012]]]},"id":"001a000000000001ba6e","properties":{"FID":533899}},{"type":"Feature","geometry":{"type":"Polygon","coordinates":[[[37.06944349093032,-1.2417481579300207],[37.06950145115759,-1.2418418015396202],[37.069537144155866,-1.2418195017660467],[37.06947910209239,-1.2417258595853575],[37.06944349093032,-1.2417481579300207]]]},"id":"001a000000000002dfe8","properties":{"FID":494219}},{"type":"Feature","geometry":{"type":"Polygon","coordinates":[[[37.09422716835302,-1.259508772158442],[37.09424500876908,-1.2595622447266723],[37.09429402897218,-1.2595444318241082],[37.09427618856821,-1.259490900291916],[37.09422716835302,-1.259508772158442]]]},"id":"001a000000000001ac35","properties":{"FID":533388}},{"type":"Feature","geometry":{"type":"Polygon","coordinates":[[[37.080047231413,-1.2511256351662015],[37.08011410511486,-1.2512282264843935],[37.08018990069258,-1.2511835977455072],[37.080118525161524,-1.2510765955417176],[37.080047231413,-1.2511256351662015]]]},"id":"001a000000000003418b","properties":{"FID":494220}},{"type":"Feature","geometry":{"type":"Polygon","coordinates":[[[37.09287161123121,-1.2594998371211388],[37.09294739346873,-1.2595711761739334],[37.09299199528852,-1.2595265810104666],[37.09296965346295,-1.2595042874515825],[37.09299199528852,-1.2594820187568883],[37.09293397199831,-1.2594285047792682],[37.09287161123121,-1.2594998371211388]]]},"id":"001a0000000000027d37","properties":{"FID":533389}},{"type":"Feature","geometry":{"type":"Polygon","coordinates":[[[37.07985995197848,-1.2510230826070972],[37.07987779593146,-1.2510587891756317],[37.07993124591113,-1.2510319985939333],[37.07991340197131,-1.2509963510902014],[37.07985995197848,-1.2510230826070972]]]},"id":"001a000000000001f802","properties":{"FID":494221}},{"type":"Feature","geometry":{"type":"Polygon","coordinates":[[[37.09104332026697,-1.2592679702815808],[37.09107008206545,-1.2593081341847023],[37.091159287988994,-1.259250166496178],[37.09113252622347,-1.2592100026890585],[37.09104332026697,-1.2592679702815808]]]},"id":"001a000000000002f5c9","properties":{"FID":533390}},{"type":"Feature","geometry":{"type":"Polygon","coordinates":[[[37.079195548089764,-1.251014153316878],[37.079253500525425,-1.2510097152831932],[37.079253500525425,-1.2509561857109337],[37.079195548089764,-1.2509606827165052],[37.079195548089764,-1.251014153316878]]]},"id":"001a000000000001be7f","properties":{"FID":494222}},{"type":"Feature","geometry":{"type":"Polygon","coordinates":[[[37.092443513754986,-1.2591386469613017],[37.09254163840475,-1.2592233671592585],[37.09257281893702,-1.259187730724548],[37.09247919546117,-1.2591029948652854],[37.092443513754986,-1.2591386469613017]]]},"id":"001a000000000003014e","properties":{"FID":533391}},{"type":"Feature","geometry":{"type":"Polygon","coordinates":[[[37.08850614230697,-1.2509785177109762],[37.08857750957976,-1.2510141631673795],[37.08859526954383,-1.2509785223414496],[37.088528403665656,-1.2509428616371672],[37.08850614230697,-1.2509785177109762]]]},"id":"001a000000000002596a","properties":{"FID":494223}},{"type":"Feature","geometry":{"type":"Polygon","coordinates":[[[37.09132427773801,-1.2591208203138016],[37.091368880557035,-1.2592010596777665],[37.09140456279248,-1.2591788053497028],[37.09136437935636,-1.259098551683979],[37.09132427773801,-1.2591208203138016]]]},"id":"001a000000000002ba16","properties":{"FID":533392}},{"type":"Feature","geometry":{"type":"Polygon","coordinates":[[[37.07994466978958,-1.2509651460770812],[37.07997143568614,-1.2510008234193566],[37.0800383094579,-1.2509562242590404],[37.08001596363896,-1.2509205330900668],[37.07994466978958,-1.2509651460770812]]]},"id":"001a000000000001adfa","properties":{"FID":494224}},{"type":"Feature","geometry":{"type":"Polygon","coordinates":[[[37.09287161123121,-1.2590896302113253],[37.09288495087489,-1.2591297208308796],[37.092938473101476,-1.2591163781016224],[37.09292955273312,-1.2590762141194156],[37.09287161123121,-1.2590896302113253]]]},"id":"001a000000000001fe6a","properties":{"FID":533393}},{"type":"Feature","geometry":{"type":"Polygon","coordinates":[[[37.078994842403795,-1.2508581143986008],[37.07902160865094,-1.2508893067193496],[37.0791330936475,-1.2508090328254975],[37.0791063274415,-1.2507778405974],[37.078994842403795,-1.2508581143986008]]]},"id":"001a0000000000027fdc","properties":{"FID":494225}},{"type":"Feature","geometry":{"type":"Polygon","coordinates":[[[37.0917791433642,-1.2591253058523277],[37.09183708573982,-1.2591966467524374],[37.091908449731974,-1.2591431078597373],[37.091850425573966,-1.2590717684594948],[37.0917791433642,-1.2591253058523277]]]},"id":"001a0000000000032483","properties":{"FID":533394}},{"type":"Feature","geometry":{"type":"Polygon","coordinates":[[[37.08558984519675,-1.2506708455018312],[37.085607687739476,-1.2507154010780281],[37.08569239883422,-1.2506797172128825],[37.08567013660442,-1.2506306906347777],[37.08558984519675,-1.2506708455018312]]]},"id":"001a000000000002a97b","properties":{"FID":494226}},{"type":"Feature","geometry":{"type":"Polygon","coordinates":[[[37.07182014973248,-1.2631875442187088],[37.071864764551805,-1.2632588954631907],[37.071909379343694,-1.2632276261699413],[37.071864764551805,-1.2631563340602705],[37.07182014973248,-1.2631875442187088]]]},"id":"001a000000000002f860","properties":{"FID":495762}},{"type":"Feature","geometry":{"type":"Polygon","coordinates":[[[37.091368880557035,-1.2590851376452956],[37.091408982150696,-1.2591698784229948],[37.09144916556208,-1.2591475493751156],[37.0914134833486,-1.2590628533321007],[37.091368880557035,-1.2590851376452956]]]},"id":"001a0000000000023ec5","properties":{"FID":533395}},{"type":"Feature","geometry":{"type":"Polygon","coordinates":[[[37.08567013660441,-1.250621779695487],[37.085696900387205,-1.2506797609858618],[37.08572808386478,-1.2506663818079167],[37.08570582164594,-1.250608385323522],[37.08567013660441,-1.250621779695487]]]},"id":"001a000000000002a97c","properties":{"FID":494227}},{"type":"Feature","geometry":{"type":"Polygon","coordinates":[[[37.09515019952428,-1.258995948312399],[37.095212640165556,-1.2590539315084586],[37.09525724059067,-1.2590049120212958],[37.09519479998782,-1.2589469289048674],[37.09515019952428,-1.258995948312399]]]},"id":"001a0000000000033280","properties":{"FID":533396}},{"type":"Feature","geometry":{"type":"Polygon","coordinates":[[[37.113548463869435,-1.2613682012295488],[37.11363764210115,-1.2614038928934403],[37.113695566985434,-1.2612522744032453],[37.11360638882512,-1.2612165827568917],[37.113548463869435,-1.2613682012295488]]]},"id":"001a000000000003820f","properties":{"FID":533908}},{"type":"Feature","geometry":{"type":"Polygon","coordinates":[[[37.11233112910705,-1.2301321863045256],[37.112348965062296,-1.2301857244903482],[37.1124158089472,-1.2301634143605094],[37.11239797300843,-1.2301099352081872],[37.11233112910705,-1.2301321863045256]]]},"id":"001a000000000001d4d6","properties":{"FID":416404}},{"type":"Feature","geometry":{"type":"Polygon","coordinates":[[[37.08337373450336,-1.2500866878206625],[37.08345844820878,-1.2501624810697618],[37.083507475709006,-1.250108973613296],[37.08346736974302,-1.250073282451865],[37.08348521280818,-1.2500554612888302],[37.08343610344392,-1.2500153155165397],[37.08337373450336,-1.2500866878206625]]]},"id":"001a0000000000036fa5","properties":{"FID":494228}},{"type":"Feature","geometry":{"type":"Polygon","coordinates":[[[37.092251765202576,-1.2589335412636715],[37.0922785265547,-1.2589915290363638],[37.09230528789695,-1.258982585336691],[37.0922785265547,-1.2589201709185411],[37.092251765202576,-1.2589335412636715]]]},"id":"001a0000000000021487","properties":{"FID":533397}},{"type":"Feature","geometry":{"type":"Polygon","coordinates":[[[37.113842751616936,-1.2295525132680134],[37.113869504989175,-1.2296327883429345],[37.1139185119053,-1.2296149547651114],[37.1138917585512,-1.2295346797773192],[37.113842751616936,-1.2295525132680134]]]},"id":"001a00000000000228fd","properties":{"FID":416405}},{"type":"Feature","geometry":{"type":"Polygon","coordinates":[[[37.08894310206416,-1.2499216953415164],[37.08899220769724,-1.249935047934231],[37.08900104670767,-1.2498993787202655],[37.08895202292331,-1.249886024771858],[37.08894310206416,-1.2499216953415164]]]},"id":"001a0000000000024ba5","properties":{"FID":494229}},{"type":"Feature","geometry":{"type":"Polygon","coordinates":[[[37.070879302758435,-1.262986867114892],[37.07091499507894,-1.2631028288443806],[37.07108445149861,-1.2630537748104618],[37.07105317986061,-1.2629467147697577],[37.07093284123259,-1.2629868614767412],[37.07092833876305,-1.2629734740742606],[37.070879302758435,-1.262986867114892]]]},"id":"001a0000000000036fe6","properties":{"FID":495765}},{"type":"Feature","geometry":{"type":"Polygon","coordinates":[[[37.09283592971828,-1.258857735053632],[37.09287161123121,-1.2588933819021642],[37.09289837235438,-1.258866672750356],[37.09286269085462,-1.2588309669087667],[37.09283592971828,-1.258857735053632]]]},"id":"001a0000000000024ecc","properties":{"FID":533398}},{"type":"Feature","geometry":{"type":"Polygon","coordinates":[[[37.083387075895416,-1.2498904842446998],[37.08343610344392,-1.249939542331879],[37.08348521280818,-1.249890459992677],[37.08343168359951,-1.249841417164356],[37.083387075895416,-1.2498904842446998]]]},"id":"001a000000000002a55c","properties":{"FID":494230}},{"type":"Feature","geometry":{"type":"Polygon","coordinates":[[[37.0709328412326,-1.2629377947436289],[37.07094176430778,-1.2629779741988867],[37.07098187720103,-1.2629645525910176],[37.070972954130774,-1.2629289196600477],[37.0709328412326,-1.2629377947436289]]]},"id":"001a000000000001b813","properties":{"FID":495766}},{"type":"Feature","geometry":{"type":"Polygon","coordinates":[[[37.09213137991526,-1.2588309528645925],[37.092175982237414,-1.2589156765669836],[37.092216083384365,-1.258893408397392],[37.092171481086886,-1.2588086847823343],[37.09213137991526,-1.2588309528645925]]]},"id":"001a00000000000344d9","properties":{"FID":533399}},{"type":"Feature","geometry":{"type":"Polygon","coordinates":[[[37.088925260342556,-1.2497745258884136],[37.08898328684304,-1.2497834828162657],[37.08898770634893,-1.2497477686115155],[37.08892976169475,-1.2497388693271858],[37.088925260342556,-1.2497745258884136]]]},"id":"001a000000000001da79","properties":{"FID":494231}},{"type":"Feature","geometry":{"type":"Polygon","coordinates":[[[37.070807918064766,-1.2628397334559156],[37.07084811289518,-1.2629244439104133],[37.070946184913424,-1.2628753979031584],[37.07091049260827,-1.2627906717527082],[37.070807918064766,-1.2628397334559156]]]},"id":"001a000000000003392c","properties":{"FID":495767}},{"type":"Feature","geometry":{"type":"Polygon","coordinates":[[[37.09253271798753,-1.2588443556003133],[37.09255947923588,-1.2589603028167433],[37.09266644229187,-1.25893798664879],[37.092657521890025,-1.258880057087288],[37.092693203490825,-1.258871142415832],[37.092670943411655,-1.25876409224254],[37.09255947923588,-1.258790850426725],[37.0925683996498,-1.2588354409429148],[37.09253271798753,-1.2588443556003133]]]},"id":"001a0000000000036ddb","properties":{"FID":533400}},{"type":"Feature","geometry":{"type":"Polygon","coordinates":[[[37.11354396404748,-1.2611229695548902],[37.11360638882511,-1.2611497240477694],[37.11363764210115,-1.261069421920519],[37.11357521735048,-1.261042667439249],[37.11354396404748,-1.2611229695548902]]]},"id":"001a0000000000031f07","properties":{"FID":533912}},{"type":"Feature","geometry":{"type":"Polygon","coordinates":[[[37.11184505672574,-1.2291155329443963],[37.11185847469088,-1.2291601215472863],[37.11194315508422,-1.2291378182091435],[37.111929818951545,-1.2290932283530307],[37.11184505672574,-1.2291155329443963]]]},"id":"001a00000000000233a4","properties":{"FID":416408}},{"type":"Feature","geometry":{"type":"Polygon","coordinates":[[[37.08920172469121,-1.249680924359238],[37.089264170459344,-1.249703203375345],[37.08927751076718,-1.2496630937287254],[37.089219566344745,-1.2496407995228886],[37.08920172469121,-1.249680924359238]]]},"id":"001a0000000000022b5c","properties":{"FID":494232}},{"type":"Feature","geometry":{"type":"Polygon","coordinates":[[[37.07631497537439,-1.2627327052730928],[37.07631939565261,-1.2627950970903856],[37.07635508529657,-1.2627906652263308],[37.07635508529657,-1.262732686967694],[37.07631497537439,-1.2627327052730928]]]},"id":"001a000000000001a4a5","properties":{"FID":495768}},{"type":"Feature","geometry":{"type":"Polygon","coordinates":[[[37.09225626634812,-1.258835430433155],[37.092287447003216,-1.258880005635067],[37.092407832031206,-1.258799743055498],[37.09237665142792,-1.2587551679978939],[37.09225626634812,-1.258835430433155]]]},"id":"001a000000000002be5a","properties":{"FID":533401}},{"type":"Feature","geometry":{"type":"Polygon","coordinates":[[[37.11389625835151,-1.2281478991121648],[37.113923011703946,-1.22821478904015],[37.11398985413455,-1.2281880608421347],[37.11396310080683,-1.228125592441396],[37.11389625835151,-1.2281478991121648]]]},"id":"001a000000000002735a","properties":{"FID":416409}},{"type":"Feature","geometry":{"type":"Polygon","coordinates":[[[37.089041231454424,-1.24962739369547],[37.08909025517843,-1.2496407476849933],[37.0891080968594,-1.2495828022943292],[37.08906349264873,-1.2495694344599835],[37.089041231454424,-1.24962739369547]]]},"id":"001a000000000001b5d2","properties":{"FID":494233}},{"type":"Feature","geometry":{"type":"Polygon","coordinates":[[[37.070321894493375,-1.2627460883389081],[37.07033974079292,-1.2627861784204366],[37.07037543337882,-1.2627683430225531],[37.07035758708806,-1.2627282529766306],[37.070321894493375,-1.2627460883389081]]]},"id":"001a000000000001c75c","properties":{"FID":495769}},{"type":"Feature","geometry":{"type":"Polygon","coordinates":[[[37.094682015753385,-1.2587194823608656],[37.094735454816075,-1.2587819236414217],[37.094802396802216,-1.2587194899557612],[37.094748875952725,-1.2586570501621899],[37.094682015753385,-1.2587194823608656]]]},"id":"001a0000000000034157","properties":{"FID":533402}},{"type":"Feature","geometry":{"type":"Polygon","coordinates":[[[37.11312032501152,-1.2270554238406142],[37.11315157849754,-1.2271133970668278],[37.1132229214831,-1.2270732746047113],[37.113191749843246,-1.227015300160029],[37.11312032501152,-1.2270554238406142]]]},"id":"001a000000000003067a","properties":{"FID":416410}},{"type":"Feature","geometry":{"type":"Polygon","coordinates":[[[37.089652102335,-1.2494490339151831],[37.08969228672072,-1.249466841070804],[37.08971896717631,-1.249404443222841],[37.089674445183576,-1.2493865895447782],[37.089652102335,-1.2494490339151831]]]},"id":"001a000000000002cb7d","properties":{"FID":494234}},{"type":"Feature","geometry":{"type":"Polygon","coordinates":[[[37.07033974079291,-1.2626836164664694],[37.07038435652257,-1.2627638841769528],[37.070424469723974,-1.2627416058695802],[37.07038435652257,-1.2626613223485705],[37.07033974079291,-1.2626836164664694]]]},"id":"001a00000000000277c8","properties":{"FID":495770}},{"type":"Feature","geometry":{"type":"Polygon","coordinates":[[[37.10028709214329,-1.2582200749065229],[37.100313850526696,-1.2582735705013566],[37.10034952835587,-1.2582513195439182],[37.10031826934135,-1.25820226584149],[37.10028709214329,-1.2582200749065229]]]},"id":"001a000000000001afac","properties":{"FID":533403}},{"type":"Feature","geometry":{"type":"Polygon","coordinates":[[[37.1127992805672,-1.2268904325039816],[37.112812698355384,-1.226943978569298],[37.11284387015856,-1.2269350436391224],[37.112830534191914,-1.22688149628274],[37.1127992805672,-1.2268904325039816]]]},"id":"001a000000000001f3b2","properties":{"FID":416411}},{"type":"Feature","geometry":{"type":"Polygon","coordinates":[[[37.08053769169588,-1.2488782562283243],[37.08057788113476,-1.2489362539572761],[37.080662598107054,-1.2488827497554074],[37.080626910582964,-1.2488203110240632],[37.08053769169588,-1.2488782562283243]]]},"id":"001a000000000002f149","properties":{"FID":494235}},{"type":"Feature","geometry":{"type":"Polygon","coordinates":[[[37.07092833876305,-1.2625721446680194],[37.07095060551882,-1.2626658324447693],[37.07099522087285,-1.2626524542719697],[37.07097295413077,-1.2625632539774942],[37.07092833876305,-1.2625721446680194]]]},"id":"001a0000000000023a68","properties":{"FID":495771}},{"type":"Feature","geometry":{"type":"Polygon","coordinates":[[[37.09523940042392,-1.2581398047967],[37.09534635952298,-1.258224550910397],[37.09537311973194,-1.2581933578865552],[37.09526616067239,-1.2581086118391196],[37.09523940042392,-1.2581398047967]]]},"id":"001a000000000003610a","properties":{"FID":533404}},{"type":"Feature","geometry":{"type":"Polygon","coordinates":[[[37.082272283624086,-1.2485394050145988],[37.08232131192649,-1.2486151950606827],[37.082410528618766,-1.2485571928130013],[37.08236150037669,-1.2484814029492297],[37.082272283624086,-1.2485394050145988]]]},"id":"001a0000000000038d42","properties":{"FID":494236}},{"type":"Feature","geometry":{"type":"Polygon","coordinates":[[[37.07067865592353,-1.262563251144066],[37.07069650213532,-1.2626033999102622],[37.0707544613617,-1.2625766326749162],[37.070732112682435,-1.2625320124452435],[37.07067865592353,-1.262563251144066]]]},"id":"001a00000000000262fe","properties":{"FID":495772}},{"type":"Feature","geometry":{"type":"Polygon","coordinates":[[[37.091667595976716,-1.2581309209485891],[37.091685437023074,-1.2581710545518585],[37.091747880650765,-1.2581442848111004],[37.091730039619776,-1.25810415126599],[37.091667595976716,-1.2581309209485891]]]},"id":"001a000000000002cd4b","properties":{"FID":533405}},{"type":"Feature","geometry":{"type":"Polygon","coordinates":[[[37.081153054227485,-1.248253977947904],[37.08118874149261,-1.2482941088700295],[37.08123335054932,-1.248249528611501],[37.08119766330614,-1.248209397745758],[37.081153054227485,-1.248253977947904]]]},"id":"001a0000000000019aaa","properties":{"FID":494237}},{"type":"Feature","geometry":{"type":"Polygon","coordinates":[[[37.070995220872845,-1.2625944723087985],[37.0710219900721,-1.2626435062788912],[37.07112456431297,-1.2625855294990238],[37.07107552844097,-1.2625008490689653],[37.071030913136326,-1.2625275711558592],[37.07105317986061,-1.2625632768314954],[37.070995220872845,-1.2625944723087985]]]},"id":"001a000000000003727d","properties":{"FID":495773}},{"type":"Feature","geometry":{"type":"Polygon","coordinates":[[[37.09616241869668,-1.2580506519139725],[37.096229277529545,-1.2581175308399029],[37.09628721634582,-1.258059557790871],[37.09622035756644,-1.2579926789818205],[37.09616241869668,-1.2580506519139725]]]},"id":"001a00000000000342d5","properties":{"FID":533406}},{"type":"Feature","geometry":{"type":"Polygon","coordinates":[[[37.08105499600947,-1.247201651243477],[37.08106391783946,-1.247228413226049],[37.081130790603645,-1.2472016439149214],[37.08112186878188,-1.2471748819735742],[37.08105499600947,-1.247201651243477]]]},"id":"001a0000000000025fe8","properties":{"FID":494238}},{"type":"Feature","geometry":{"type":"Polygon","coordinates":[[[37.070794574358494,-1.2624428782855697],[37.070812420541785,-1.262482967831326],[37.07088372336789,-1.2624472992107314],[37.070865959065294,-1.2624116367108265],[37.070794574358494,-1.2624428782855697]]]},"id":"001a000000000001a778","properties":{"FID":495774}},{"type":"Feature","geometry":{"type":"Polygon","coordinates":[[[37.096028619011044,-1.2579391451894069],[37.09609105889509,-1.2579748179737549],[37.09611331792333,-1.25793472954661],[37.09605095989317,-1.2578990554255054],[37.096028619011044,-1.2579391451894069]]]},"id":"001a00000000000288c0","properties":{"FID":533407}},{"type":"Feature","geometry":{"type":"Polygon","coordinates":[[[37.11309357136224,-1.260846510338404],[37.113187249999115,-1.2608777016092374],[37.113209585586326,-1.2608019149903424],[37.11312032501152,-1.2607707091833464],[37.11309357136224,-1.260846510338404]]]},"id":"001a0000000000035127","properties":{"FID":533919}},{"type":"Feature","geometry":{"type":"Polygon","coordinates":[[[37.08104157233658,-1.2471168972430622],[37.08107725965658,-1.247183818042672],[37.08110844512137,-1.24717044093109],[37.08107283966836,-1.2470990930730441],[37.08104157233658,-1.2471168972430622]]]},"id":"001a00000000000251d4","properties":{"FID":494239}},{"type":"Feature","geometry":{"type":"Polygon","coordinates":[[[37.094744374962055,-1.2579391534766178],[37.09482465622645,-1.2579882231684771],[37.094851416628146,-1.257943632988661],[37.094775636382415,-1.257890121253746],[37.094744374962055,-1.2579391534766178]]]},"id":"001a00000000000212e4","properties":{"FID":533408}},{"type":"Feature","geometry":{"type":"Polygon","coordinates":[[[37.08376161605943,-1.2466888499226114],[37.083783960723956,-1.246724536078838],[37.083837407823985,-1.2466933275273138],[37.08381072520317,-1.2466531691775018],[37.08376161605943,-1.2466888499226114]]]},"id":"001a000000000002fd9f","properties":{"FID":494240}},{"type":"Feature","geometry":{"type":"Polygon","coordinates":[[[37.070268437432226,-1.26238042545762],[37.07033532015031,-1.2625320618772462],[37.070281781235245,-1.2625543272143707],[37.070317473849684,-1.262643541012184],[37.070420049086536,-1.2625989079593714],[37.070317473849684,-1.2623581171798333],[37.070268437432226,-1.26238042545762]]]},"id":"001a0000000000039ae7","properties":{"FID":495776}},{"type":"Feature","geometry":{"type":"Polygon","coordinates":[[[37.094476851941316,-1.2579837262494988],[37.094539293163024,-1.2580149733724062],[37.094512532646014,-1.2580729612016317],[37.09457497383698,-1.2581041493015737],[37.09463291397651,-1.2579703947114536],[37.09460615349409,-1.2579614548249185],[37.0946195746547,-1.2579302471538634],[37.09452145281946,-1.257885663753792],[37.094476851941316,-1.2579837262494988]]]},"id":"001a0000000000039b7e","properties":{"FID":533409}},{"type":"Feature","geometry":{"type":"Polygon","coordinates":[[[37.0866734033918,-1.2466353695826586],[37.08670466829453,-1.2466621158852305],[37.08674035282671,-1.246621936726639],[37.086709087939376,-1.2465907650759211],[37.0866734033918,-1.2466353695826586]]]},"id":"001a0000000000020e36","properties":{"FID":494241}},{"type":"Feature","geometry":{"type":"Polygon","coordinates":[[[37.0713073638576,-1.2621664033694033],[37.07133855352342,-1.2622510846324646],[37.07139209165871,-1.2622332482500092],[37.0713609020159,-1.2621485670829942],[37.0713073638576,-1.2621664033694033]]]},"id":"001a00000000000300e5","properties":{"FID":495777}},{"type":"Feature","geometry":{"type":"Polygon","coordinates":[[[37.0959260800021,-1.2578366215143075],[37.096006359956796,-1.2578945430370962],[37.096073218933725,-1.2578009527667462],[37.09599293905313,-1.2577429723436164],[37.0959260800021,-1.2578366215143075]]]},"id":"001a000000000002f326","properties":{"FID":533410}},{"type":"Feature","geometry":{"type":"Polygon","coordinates":[[[37.08389093673307,-1.2466309028761322],[37.08398457130467,-1.2467601825305434],[37.08406928429627,-1.2466977761730156],[37.0839801514937,-1.2465684818277127],[37.08389093673307,-1.2466309028761322]]]},"id":"001a000000000003a67c","properties":{"FID":494242}},{"type":"Feature","geometry":{"type":"Polygon","coordinates":[[[37.070183708318964,-1.262117314970283],[37.07021931911775,-1.2621842104289955],[37.07027736058912,-1.2621530139888049],[37.07024166795496,-1.262086119989996],[37.070183708318964,-1.262117314970283]]]},"id":"001a0000000000032856","properties":{"FID":495778}},{"type":"Feature","geometry":{"type":"Polygon","coordinates":[[[37.09533302033256,-1.2574665064530857],[37.09538654075045,-1.2575066357265867],[37.09543556018106,-1.2574442082066681],[37.09538203979939,-1.2574040789913254],[37.09533302033256,-1.2574665064530857]]]},"id":"001a00000000000263cb","properties":{"FID":533411}},{"type":"Feature","geometry":{"type":"Polygon","coordinates":[[[37.113628724282925,-1.2604674954983337],[37.113633142284755,-1.2605878596970561],[37.11371340260431,-1.2605833964838067],[37.11370448479541,-1.2604629892860526],[37.113628724282925,-1.2604674954983337]]]},"id":"001a000000000002c120","properties":{"FID":533923}},{"type":"Feature","geometry":{"type":"Polygon","coordinates":[[[37.08661995838286,-1.2465862709982203],[37.0866734033918,-1.2466264008049632],[37.08670466829453,-1.2465862943557149],[37.08665114146331,-1.246546165931901],[37.08661995838286,-1.2465862709982203]]]},"id":"001a000000000002d149","properties":{"FID":494243}},{"type":"Feature","geometry":{"type":"Polygon","coordinates":[[[37.070183708318964,-1.262117314970283],[37.07014801563873,-1.2620192455136956],[37.07007220956696,-1.2620460137416245],[37.070107902284484,-1.2621440833595183],[37.070183708318964,-1.262117314970283]]]},"id":"001a000000000002475e","properties":{"FID":495779}},{"type":"Feature","geometry":{"type":"Polygon","coordinates":[[[37.09612673880468,-1.2574709844535286],[37.09619359767048,-1.2574977312053264],[37.09622035756644,-1.2574308342285287],[37.096148997821935,-1.2574040441187184],[37.09612673880468,-1.2574709844535286]]]},"id":"001a0000000000029f85","properties":{"FID":533412}},{"type":"Feature","geometry":{"type":"Polygon","coordinates":[[[37.113633142284755,-1.2604585706205147],[37.1137223204121,-1.2604629875322062],[37.11372682022295,-1.2604005992180711],[37.11363764210115,-1.2603961232354095],[37.113633142284755,-1.2604585706205147]]]},"id":"001a000000000001ad68","properties":{"FID":533924}},{"type":"Feature","geometry":{"type":"Polygon","coordinates":[[[37.08663329917745,-1.2464168255431343],[37.086709087939376,-1.2465194280824714],[37.08677595549612,-1.2464658734665233],[37.08670016680413,-1.2463633301329138],[37.08663329917745,-1.2464168255431343]]]},"id":"001a0000000000032849","properties":{"FID":494244}},{"type":"Feature","geometry":{"type":"Polygon","coordinates":[[[37.06878349422993,-1.2620281864105496],[37.06881918758137,-1.2621128542815905],[37.068850378316746,-1.2620995225421983],[37.06887272757559,-1.2621530002430918],[37.06902434214614,-1.2620906059752834],[37.068997572209895,-1.2620236806391631],[37.068859301648025,-1.262081660468436],[37.0688325316509,-1.2620103066051302],[37.06878349422993,-1.2620281864105496]]]},"id":"001a000000000003a074","properties":{"FID":495780}},{"type":"Feature","geometry":{"type":"Polygon","coordinates":[[[37.09333530562451,-1.2573817872328668],[37.093420089523725,-1.2574486656969623],[37.0934958711875,-1.257355044138095],[37.09340666814088,-1.2572836946892687],[37.09333530562451,-1.2573817872328668]]]},"id":"001a0000000000035256","properties":{"FID":533413}},{"type":"Feature","geometry":{"type":"Polygon","coordinates":[[[37.084484008209124,-1.2461671576141127],[37.08453753664073,-1.2462474111043367],[37.08458214363687,-1.2462206563095766],[37.084524113612666,-1.2461359334414308],[37.084484008209124,-1.2461671576141127]]]},"id":"001a000000000002e379","properties":{"FID":494245}},{"type":"Feature","geometry":{"type":"Polygon","coordinates":[[[37.070714348342726,-1.2620682780197787],[37.070732112682435,-1.2621128559595667],[37.07085703598079,-1.2620638377276392],[37.07083468733312,-1.2620192180880678],[37.070714348342726,-1.2620682780197787]]]},"id":"001a0000000000033e77","properties":{"FID":495781}},{"type":"Feature","geometry":{"type":"Polygon","coordinates":[[[37.093540472669616,-1.2572970562244528],[37.09359841363657,-1.2573282602861549],[37.09361625420746,-1.2572881268357523],[37.093562732481615,-1.2572613939153814],[37.093540472669616,-1.2572970562244528]]]},"id":"001a000000000002683a","properties":{"FID":533414}},{"type":"Feature","geometry":{"type":"Polygon","coordinates":[[[37.085438265252975,-1.246189414839861],[37.08546502912139,-1.2462429648061697],[37.08562111056689,-1.2461582052204236],[37.08559434675611,-1.2461091398488844],[37.085438265252975,-1.246189414839861]]]},"id":"001a000000000002c61c","properties":{"FID":494246}},{"type":"Feature","geometry":{"type":"Polygon","coordinates":[[[37.071178020743346,-1.2621441111916347],[37.07119586683232,-1.2621976032093343],[37.071351978992254,-1.2621307072236596],[37.07129402024319,-1.2619969340685668],[37.07124498448572,-1.262019241635457],[37.071280594763635,-1.2620994798824672],[37.071178020743346,-1.2621441111916347]]]},"id":"001a00000000000357a3","properties":{"FID":495782}},{"type":"Feature","geometry":{"type":"Polygon","coordinates":[[[37.09582795993664,-1.2567263133758022],[37.09590373908145,-1.2567887350321874],[37.09593500000147,-1.2567530432128602],[37.095854719967676,-1.256690637224919],[37.09582795993664,-1.2567263133758022]]]},"id":"001a00000000000315eb","properties":{"FID":533415}},{"type":"Feature","geometry":{"type":"Polygon","coordinates":[[[37.08476941087349,-1.2461136103745163],[37.08479617498886,-1.2461581918443128],[37.08484970318995,-1.2461269832245672],[37.08482293909435,-1.24608240181646],[37.08476941087349,-1.2461136103745163]]]},"id":"001a000000000002f882","properties":{"FID":494247}},{"type":"Feature","geometry":{"type":"Polygon","coordinates":[[[37.09440107130374,-1.2567307323122667],[37.094441171219025,-1.2567619366130505],[37.09449469229587,-1.2566906420773303],[37.09442333085129,-1.256637116614046],[37.09440107130374,-1.2566682924292898],[37.09443225103571,-1.2566906150154533],[37.09440107130374,-1.2567307323122667]]]},"id":"001a00000000000244da","properties":{"FID":533416}},{"type":"Feature","geometry":{"type":"Polygon","coordinates":[[[37.08332912676362,-1.2460734936616127],[37.083360311259796,-1.2461448513564763],[37.08346736974301,-1.2460913431723406],[37.0834450249809,-1.2460467473727692],[37.083360311259796,-1.2460868477716682],[37.08334696986281,-1.2460645854816197],[37.08332912676362,-1.2460734936616127]]]},"id":"001a0000000000033d9e","properties":{"FID":494248}},{"type":"Feature","geometry":{"type":"Polygon","coordinates":[[[37.091730039619776,-1.2565613092212509],[37.09180140371736,-1.2566148365752272],[37.091828165235846,-1.256579158819086],[37.09175238182762,-1.2565256457432978],[37.091730039619776,-1.2565613092212509]]]},"id":"001a000000000001b2a6","properties":{"FID":533417}},{"type":"Feature","geometry":{"type":"Polygon","coordinates":[[[37.08545160626507,-1.2460600923091134],[37.085478370128556,-1.246109157717219],[37.08556308137444,-1.2460645738650367],[37.08553639938882,-1.2460155072155725],[37.08545160626507,-1.2460600923091134]]]},"id":"001a00000000000325d5","properties":{"FID":494249}},{"type":"Feature","geometry":{"type":"Polygon","coordinates":[[[37.069501451157585,-1.261720489342758],[37.069537144155866,-1.2618052148419183],[37.0696396386313,-1.261765072317291],[37.069604027548024,-1.2616759173391794],[37.069501451157585,-1.261720489342758]]]},"id":"001a000000000002bd53","properties":{"FID":495785}},{"type":"Feature","geometry":{"type":"Polygon","coordinates":[[[37.091810324224625,-1.2562447025233292],[37.09202883538971,-1.2564141222205203],[37.09206893661809,-1.2563651217383536],[37.09185042557396,-1.2561956432241368],[37.091810324224625,-1.2562447025233292]]]},"id":"001a000000000003620e","properties":{"FID":533418}},{"type":"Feature","geometry":{"type":"Polygon","coordinates":[[[37.083489632649325,-1.245886225185466],[37.083574346219315,-1.2460066221843729],[37.08361445212613,-1.2459798823785895],[37.083529738603005,-1.2458594855094496],[37.083489632649325,-1.245886225185466]]]},"id":"001a0000000000022dc7","properties":{"FID":494250}},{"type":"Feature","geometry":{"type":"Polygon","coordinates":[[[37.06914468393938,-1.2616580490369418],[37.069162530528445,-1.2617382889888258],[37.06920264440531,-1.2617294146722824],[37.06918930040383,-1.2616491589492056],[37.06914468393938,-1.2616580490369418]]]},"id":"001a000000000001c4c2","properties":{"FID":495786}},{"type":"Feature","geometry":{"type":"Polygon","coordinates":[[[37.091516028745076,-1.2561822987909799],[37.09167209715856,-1.2563294416804336],[37.091725620281146,-1.2562669986523667],[37.09156955198295,-1.2561242823669356],[37.091516028745076,-1.2561822987909799]]]},"id":"001a0000000000036a2f","properties":{"FID":533419}},{"type":"Feature","geometry":{"type":"Polygon","coordinates":[[[37.08740026796951,-1.2455562196090286],[37.087440371759456,-1.2456186936763114],[37.08747163633132,-1.2455963490112807],[37.087435952159204,-1.2455339203988351],[37.08740026796951,-1.2455562196090286]]]},"id":"001a0000000000020677","properties":{"FID":494251}},{"type":"Feature","geometry":{"type":"Polygon","coordinates":[[[37.06903768617795,-1.261662485375139],[37.069042188764804,-1.2616937041271903],[37.069113493330484,-1.2616892708768184],[37.06910457003047,-1.2616000849776434],[37.06906445609939,-1.2616045308701527],[37.069068876819415,-1.2616580697466582],[37.06903768617795,-1.261662485375139]]]},"id":"001a00000000000232eb","properties":{"FID":495787}},{"type":"Feature","geometry":{"type":"Polygon","coordinates":[[[37.08998208832116,-1.2559548792472157],[37.09000434922644,-1.2560083947448561],[37.090048952857984,-1.2559860548310684],[37.09002669196641,-1.2559325393933436],[37.08998208832116,-1.2559548792472157]]]},"id":"001a0000000000025dd5","properties":{"FID":533420}},{"type":"Feature","geometry":{"type":"Polygon","coordinates":[[[37.08093009027427,-1.2453065147763387],[37.08096135765413,-1.2453867821166036],[37.08101930867852,-1.2453644698320239],[37.08098804132365,-1.24528426160301],[37.08093009027427,-1.2453065147763387]]]},"id":"001a0000000000030827","properties":{"FID":494252}},{"type":"Feature","geometry":{"type":"Polygon","coordinates":[[[37.07069199965112,-1.2613949641564848],[37.070705425239574,-1.261452957220269],[37.07074553826348,-1.2614440242182043],[37.07072769206375,-1.2613860456569466],[37.07069199965112,-1.2613949641564848]]]},"id":"001a000000000002a08a","properties":{"FID":495788}},{"type":"Feature","geometry":{"type":"Polygon","coordinates":[[[37.09010697845866,-1.2559102576434948],[37.09012481988928,-1.2559593017655857],[37.09016042089602,-1.2559459639011161],[37.09014708075072,-1.255896904266704],[37.09010697845866,-1.2559102576434948]]]},"id":"001a000000000001dbb5","properties":{"FID":533421}},{"type":"Feature","geometry":{"type":"Polygon","coordinates":[[[37.07996693377763,-1.2446643996906805],[37.08000262162655,-1.24471343862532],[37.08003380755354,-1.2446911532929956],[37.08000262162655,-1.2446420995221275],[37.07996693377763,-1.2446643996906805]]]},"id":"001a0000000000023899","properties":{"FID":494253}},{"type":"Feature","geometry":{"type":"Polygon","coordinates":[[[37.07106210292099,-1.2613191402242068],[37.07107994903848,-1.2613637748271862],[37.07115575405738,-1.2613325208696482],[37.071137907958544,-1.2612879453868497],[37.07106210292099,-1.2613191402242068]]]},"id":"001a00000000000285c6","properties":{"FID":495789}},{"type":"Feature","geometry":{"type":"Polygon","coordinates":[[[37.09131535717091,-1.2559058194197148],[37.09135995999543,-1.255932582778735],[37.091377801117545,-1.2558968765157894],[37.091333198304014,-1.2558745985209012],[37.09131535717091,-1.2559058194197148]]]},"id":"001a000000000002c8ed","properties":{"FID":533422}},{"type":"Feature","geometry":{"type":"Polygon","coordinates":[[[37.08122442874017,-1.2444013074071167],[37.081277959578586,-1.2444816203301508],[37.08133591034991,-1.2444414897853973],[37.081282379554295,-1.2443611769913463],[37.08122442874017,-1.2444013074071167]]]},"id":"001a0000000000032317","properties":{"FID":494254}},{"type":"Feature","geometry":{"type":"Polygon","coordinates":[[[37.09682683072225,-1.2556695079512838],[37.09685800941004,-1.2557274735960546],[37.0969115287011,-1.2556962540432193],[37.09688035003635,-1.2556382884799644],[37.09682683072225,-1.2556695079512838]]]},"id":"001a000000000002c31b","properties":{"FID":533423}},{"type":"Feature","geometry":{"type":"Polygon","coordinates":[[[37.08715948107426,-1.244057995342729],[37.08720850607122,-1.2441293482619402],[37.0872308496732,-1.244115942543884],[37.0871817428466,-1.2440445910084499],[37.08715948107426,-1.244057995342729]]]},"id":"001a0000000000022f7e","properties":{"FID":494255}},{"type":"Feature","geometry":{"type":"Polygon","coordinates":[[[37.09102998028422,-1.2555535489931517],[37.09106566268657,-1.255580283074606],[37.09110576444805,-1.2555267983315017],[37.09107008206545,-1.2554955789676776],[37.09102998028422,-1.2555535489931517]]]},"id":"001a0000000000029a05","properties":{"FID":533424}},{"type":"Feature","geometry":{"type":"Polygon","coordinates":[[[37.08202705976414,-1.2438662441201993],[37.0820449031838,-1.2439509759536251],[37.08213403836579,-1.24392868542416],[37.082111775043174,-1.2438439672334591],[37.08202705976414,-1.2438662441201993]]]},"id":"001a0000000000024522","properties":{"FID":494256}},{"type":"Feature","geometry":{"type":"Polygon","coordinates":[[[37.09209127872143,-1.2555624696072616],[37.09219824246867,-1.2556471573283254],[37.09225626634812,-1.2555713631450338],[37.092153640160205,-1.2554866627553183],[37.09209127872143,-1.2555624696072616]]]},"id":"001a00000000000381f5","properties":{"FID":533425}},{"type":"Feature","geometry":{"type":"Polygon","coordinates":[[[37.113356689391395,-1.2592456547094646],[37.113459285527775,-1.2592501448380926],[37.11346370353995,-1.259102967087533],[37.113356689391395,-1.2591029757426666],[37.113356689391395,-1.2592456547094646]]]},"id":"001a0000000000030c23","properties":{"FID":533937}},{"type":"Feature","geometry":{"type":"Polygon","coordinates":[[[37.08215188175912,-1.2435719527438245],[37.08217864684087,-1.2435987142779976],[37.08220991368229,-1.2435630356491387],[37.08218314861206,-1.2435362741422102],[37.08215188175912,-1.2435719527438245]]]},"id":"001a0000000000023a3c","properties":{"FID":494257}},{"type":"Feature","geometry":{"type":"Polygon","coordinates":[[[37.07178896027368,-1.260962429455268],[37.071802303797064,-1.2610070200089976],[37.07187368751237,-1.260984755685853],[37.071864764551805,-1.26094457885104],[37.07178896027368,-1.260962429455268]]]},"id":"001a0000000000019bb8","properties":{"FID":495793}},{"type":"Feature","geometry":{"type":"Polygon","coordinates":[[[37.09674205081042,-1.25548667334403],[37.096804490079435,-1.255553563053082],[37.09683575061068,-1.2555267843859463],[37.0967733113686,-1.2554598947363205],[37.09674205081042,-1.25548667334403]]]},"id":"001a000000000001b95f","properties":{"FID":533426}},{"type":"Feature","geometry":{"type":"Polygon","coordinates":[[[37.08406036283612,-1.2435451977147778],[37.08408270740856,-1.2435942156975792],[37.084136236136516,-1.2435719201791877],[37.08411839323159,-1.243522887432406],[37.08406036283612,-1.2435451977147778]]]},"id":"001a000000000002a273","properties":{"FID":494258}},{"type":"Feature","geometry":{"type":"Polygon","coordinates":[[[37.0917791433642,-1.2554153172767912],[37.09186384724511,-1.2554955935106908],[37.091912869059456,-1.2554465060079514],[37.091854926744446,-1.2553929933182288],[37.09183708573981,-1.2554108757135287],[37.09181032422463,-1.2553841122710558],[37.0917791433642,-1.2554153172767912]]]},"id":"001a00000000000327ea","properties":{"FID":533427}},{"type":"Feature","geometry":{"type":"Polygon","coordinates":[[[37.0841273146846,-1.2434515262718508],[37.08415849883742,-1.2435094853760926],[37.08422536874718,-1.2434649046648836],[37.08419418462312,-1.243411429772312],[37.0841273146846,-1.2434515262718508]]]},"id":"001a000000000002f20e","properties":{"FID":494259}},{"type":"Feature","geometry":{"type":"Polygon","coordinates":[[[37.09109684385405,-1.2547553622828924],[37.09116378920241,-1.2548178144286375],[37.091226151439514,-1.2547509203734477],[37.091159287989,-1.2546884669917249],[37.09109684385405,-1.2547553622828924]]]},"id":"001a0000000000035ac3","properties":{"FID":533428}},{"type":"Feature","geometry":{"type":"Polygon","coordinates":[[[37.08420310606681,-1.2434069763783335],[37.08423429018703,-1.2434649353666578],[37.08430116002687,-1.2434203547920202],[37.08426997593542,-1.2433668210039177],[37.08420310606681,-1.2434069763783335]]]},"id":"001a000000000002da2e","properties":{"FID":494260}},{"type":"Feature","geometry":{"type":"Polygon","coordinates":[[[37.07695705889273,-1.2608509566401267],[37.07699274822291,-1.260922270717266],[37.07705512265229,-1.260895552561804],[37.07701951520901,-1.260819750405131],[37.07695705889273,-1.2608509566401267]]]},"id":"001a00000000000204e4","properties":{"FID":495796}},{"type":"Feature","geometry":{"type":"Polygon","coordinates":[[[37.091408982150696,-1.2540329850710392],[37.091471426016646,-1.2540597479019286],[37.09149368646435,-1.2540151778366422],[37.09142682326074,-1.2539883700902457],[37.091408982150696,-1.2540329850710392]]]},"id":"001a000000000001a347","properties":{"FID":533429}},{"type":"Feature","geometry":{"type":"Polygon","coordinates":[[[37.083975649834095,-1.243389111693293],[37.08404260176082,-1.2435362847313167],[37.08409162886596,-1.2435139451022283],[37.08402475883285,-1.2433668298953038],[37.083975649834095,-1.243389111693293]]]},"id":"001a000000000002b821","properties":{"FID":494261}},{"type":"Feature","geometry":{"type":"Polygon","coordinates":[[[37.09231862764489,-1.2539794600750933],[37.092407832031206,-1.2540240741072715],[37.09245243418317,-1.2539348748425716],[37.09236322985178,-1.2538903198681806],[37.09231862764489,-1.2539794600750933]]]},"id":"001a0000000000035df5","properties":{"FID":533430}},{"type":"Feature","geometry":{"type":"Polygon","coordinates":[[[37.082397187047,-1.24341587961998],[37.08245513692374,-1.2434916919497065],[37.08243279184964,-1.2435095232070563],[37.08245955682769,-1.243545194047623],[37.08250866685348,-1.243509518028572],[37.08252200840474,-1.2435273541005833],[37.08257553828509,-1.2434872394591945],[37.08247298023804,-1.2433578763214967],[37.082397187047,-1.24341587961998]]]},"id":"001a000000000003a25e","properties":{"FID":494262}},{"type":"Feature","geometry":{"type":"Polygon","coordinates":[[[37.07418346945822,-1.2607974632975287],[37.07419689440057,-1.260833136000644],[37.07423700549405,-1.2608197168120283],[37.074228082824156,-1.2607840873844622],[37.07418346945822,-1.2607974632975287]]]},"id":"001a000000000001aaf2","properties":{"FID":495798}},{"type":"Feature","geometry":{"type":"Polygon","coordinates":[[[37.0927645666397,-1.2539081127005194],[37.09282250822722,-1.2539527124757928],[37.09285818974676,-1.2539081573661088],[37.09280024818778,-1.2538635576382378],[37.0927645666397,-1.2539081127005194]]]},"id":"001a000000000002f74e","properties":{"FID":533431}},{"type":"Feature","geometry":{"type":"Polygon","coordinates":[[[37.08427889736978,-1.2433667927152543],[37.08431008145738,-1.243420326497099],[37.084377033075214,-1.2433757447170213],[37.08434134737952,-1.2433222258478602],[37.08427889736978,-1.2433667927152543]]]},"id":"001a000000000002f001","properties":{"FID":494263}},{"type":"Feature","geometry":{"type":"Polygon","coordinates":[[[37.07647549678688,-1.2609981138331088],[37.07652452900879,-1.2611274181961198],[37.07661367097675,-1.2611229841236933],[37.07661367097674,-1.2610872661863697],[37.07666720521889,-1.2610872616589832],[37.07680546089998,-1.2610337772469604],[37.076778693834875,-1.260971347221844],[37.07674750650802,-1.2609713343792963],[37.07674750650802,-1.260931188849195],[37.07667612758874,-1.260739500324209],[37.07660925071646,-1.2607662341463008],[37.076604748599216,-1.2607528484740964],[37.07660925071645,-1.2609089276616525],[37.07660032833837,-1.2608910695324174],[37.07660032833837,-1.2609357019492466],[37.07661817309343,-1.2609357004747577],[37.07661817309343,-1.2608821534012558],[37.076636017844095,-1.260926784323566],[37.0766360178441,-1.2610293327641828],[37.076622593353186,-1.2609936610104293],[37.07661817309343,-1.2609981032902637],[37.07647549678688,-1.2609981138331088]]]},"id":"001a0000000000039757","properties":{"FID":495799}},{"type":"Feature","geometry":{"type":"Polygon","coordinates":[[[37.09599293905313,-1.2536673492272958],[37.096015279946265,-1.2536896396992145],[37.096073218933725,-1.2536361031195902],[37.09605095989317,-1.2536138113314],[37.09599293905313,-1.2536673492272958]]]},"id":"001a000000000002a6cd","properties":{"FID":533432}},{"type":"Feature","geometry":{"type":"Polygon","coordinates":[[[37.08616064069358,-1.2433846695852473],[37.08618290277273,-1.2434292623966408],[37.08630779945761,-1.243366798392145],[37.08628545557107,-1.243322207059985],[37.08616064069358,-1.2433846695852473]]]},"id":"001a000000000001d2d3","properties":{"FID":494264}},{"type":"Feature","geometry":{"type":"Polygon","coordinates":[[[37.076649360475905,-1.2606235239946066],[37.076716237311196,-1.2606324487544853],[37.076720739421525,-1.260610176018518],[37.07665386259037,-1.2606012512463036],[37.076649360475905,-1.2606235239946066]]]},"id":"001a0000000000026640","properties":{"FID":495800}},{"type":"Feature","geometry":{"type":"Polygon","coordinates":[[[37.095997439966226,-1.2535558633003898],[37.09606429895138,-1.2536183115276436],[37.096091058895105,-1.2535870655799721],[37.09602419993464,-1.2535246764163104],[37.095997439966226,-1.2535558633003898]]]},"id":"001a00000000000294c9","properties":{"FID":533433}},{"type":"Feature","geometry":{"type":"Polygon","coordinates":[[[37.08394446560262,-1.2433489710371552],[37.08395780688964,-1.2433846841598302],[37.084033680297374,-1.2433489831915072],[37.084015837367204,-1.2433132849471944],[37.08394446560262,-1.2433489710371552]]]},"id":"001a000000000002270e","properties":{"FID":494265}},{"type":"Feature","geometry":{"type":"Polygon","coordinates":[[[37.07727809852023,-1.2605611218170314],[37.07736281934761,-1.2607394800630793],[37.077465384622634,-1.260690427821541],[37.077380663915065,-1.2605120700184667],[37.07727809852023,-1.2605611218170314]]]},"id":"001a000000000002ead5","properties":{"FID":495801}},{"type":"Feature","geometry":{"type":"Polygon","coordinates":[[[37.09642551644024,-1.25346670064134],[37.09645227625051,-1.2535157082686155],[37.09648795598215,-1.2534978873174287],[37.096465615234806,-1.2534488656605638],[37.09642551644024,-1.25346670064134]]]},"id":"001a0000000000019da2","properties":{"FID":533434}},{"type":"Feature","geometry":{"type":"Polygon","coordinates":[[[37.08526434079091,-1.2433132862532261],[37.085300026032215,-1.2434114088324857],[37.085349052286915,-1.243393553719036],[37.0853134489166,-1.2432954889038588],[37.08526434079091,-1.2433132862532261]]]},"id":"001a0000000000032e64","properties":{"FID":494266}},{"type":"Feature","geometry":{"type":"Polygon","coordinates":[[[37.07547217073679,-1.2604451945994586],[37.07551228112505,-1.2605031524380548],[37.07561042869585,-1.2604407127078472],[37.07557023650402,-1.260382756379095],[37.07547217073679,-1.2604451945994586]]]},"id":"001a0000000000027afe","properties":{"FID":495802}},{"type":"Feature","geometry":{"type":"Polygon","coordinates":[[[37.093045517436025,-1.2534622276614924],[37.09312571874512,-1.2535246346918596],[37.09316590120435,-1.253475580158467],[37.093085618101675,-1.253413174555633],[37.093045517436025,-1.2534622276614924]]]},"id":"001a000000000002e554","properties":{"FID":533435}},{"type":"Feature","geometry":{"type":"Polygon","coordinates":[[[37.08384632931158,-1.2431929285470318],[37.083940045789205,-1.2433445004000134],[37.083989072963725,-1.2433133107896412],[37.08389543839793,-1.2431616787934308],[37.08384632931158,-1.2431929285470318]]]},"id":"001a000000000003737c","properties":{"FID":494267}},{"type":"Feature","geometry":{"type":"Polygon","coordinates":[[[37.0749192181237,-1.2602266742459116],[37.074941565513114,-1.2602802043608625],[37.075017366497,-1.260244525984439],[37.07499501913094,-1.2601954828208635],[37.0749192181237,-1.2602266742459116]]]},"id":"001a000000000001e2de","properties":{"FID":495803}},{"type":"Feature","geometry":{"type":"Polygon","coordinates":[[[37.09280024818777,-1.2527933710525219],[37.092880531606696,-1.2528602612440844],[37.09292513346766,-1.252806708986342],[37.09284485009817,-1.2527398778972636],[37.09280024818777,-1.2527933710525219]]]},"id":"001a000000000002f233","properties":{"FID":533436}},{"type":"Feature","geometry":{"type":"Polygon","coordinates":[[[37.113401278639195,-1.2580194170421044],[37.11347262137851,-1.2580372907469153],[37.1134771212049,-1.2580015770443937],[37.11341019648546,-1.2579837479631504],[37.113401278639195,-1.2580194170421044]]]},"id":"001a000000000002b303","properties":{"FID":533948}},{"type":"Feature","geometry":{"type":"Polygon","coordinates":[[[37.083931124313146,-1.2431215630087555],[37.083962308550355,-1.2431706126574424],[37.08402475883284,-1.2431304711104627],[37.08399349277415,-1.243081422885971],[37.083931124313146,-1.2431215630087555]]]},"id":"001a000000000002e2c4","properties":{"FID":494268}},{"type":"Feature","geometry":{"type":"Polygon","coordinates":[[[37.07796036440148,-1.2600973930466928],[37.07796478457942,-1.2602266658531212],[37.078031660201724,-1.260226676310387],[37.078027240027865,-1.2600929169467492],[37.07796036440148,-1.2600973930466928]]]},"id":"001a0000000000024757","properties":{"FID":495804}},{"type":"Feature","geometry":{"type":"Polygon","coordinates":[[[37.090320993495205,-1.2525525577532304],[37.09036559693183,-1.2526060534998535],[37.09039235898064,-1.2525837765923953],[37.09034775556048,-1.252530280887274],[37.090320993495205,-1.2525525577532304]]]},"id":"001a0000000000024da8","properties":{"FID":533437}},{"type":"Feature","geometry":{"type":"Polygon","coordinates":[[[37.11343253200384,-1.2578455418935697],[37.1134771212049,-1.2578678132452823],[37.11345036768756,-1.257916877406262],[37.11348603904181,-1.2579346944894236],[37.11347262137851,-1.2579614694762973],[37.11350387471234,-1.257974816560167],[37.11358413517531,-1.2578098638270487],[37.1134771212049,-1.2577607789851888],[37.11343253200384,-1.2578455418935697]]]},"id":"001a00000000000380ce","properties":{"FID":533949}},{"type":"Feature","geometry":{"type":"Polygon","coordinates":[[[37.08400241424253,-1.2430769695625494],[37.08403368029738,-1.2431260177766286],[37.08410497012591,-1.2430859084386665],[37.08407378595006,-1.2430323749112335],[37.08400241424253,-1.2430769695625494]]]},"id":"001a0000000000025705","properties":{"FID":494269}},{"type":"Feature","geometry":{"type":"Polygon","coordinates":[[[37.076475496786884,-1.2603604522426644],[37.076533451396195,-1.2605076125460448],[37.077264756004105,-1.2602133253310575],[37.07720680197915,-1.2600705951556115],[37.076475496786884,-1.2603604522426644]]]},"id":"001a000000000003b65e","properties":{"FID":495805}},{"type":"Feature","geometry":{"type":"Polygon","coordinates":[[[37.109428227893375,-1.2632276352230951],[37.109432646151696,-1.263316854433214],[37.10948615614768,-1.2633168473647387],[37.10948173789264,-1.263223201941245],[37.109428227893375,-1.2632276352230951]]]},"id":"001a000000000002890f","properties":{"FID":533438}},{"type":"Feature","geometry":{"type":"Polygon","coordinates":[[[37.11297763876771,-1.257814329592922],[37.113013310355036,-1.2578232370417475],[37.11303114614211,-1.2577340205970142],[37.11299997441963,-1.2577250974217167],[37.11297763876771,-1.257814329592922]]]},"id":"001a000000000001f2bc","properties":{"FID":533950}},{"type":"Feature","geometry":{"type":"Polygon","coordinates":[[[37.08408270740857,-1.2430279216039593],[37.08410947177748,-1.2430769845131688],[37.08417634173247,-1.2430413138212857],[37.08414957738824,-1.2429922509944404],[37.08408270740857,-1.2430279216039593]]]},"id":"001a00000000000269df","properties":{"FID":494270}},{"type":"Feature","geometry":{"type":"Polygon","coordinates":[[[37.0777418926781,-1.2600304756864111],[37.077987131030454,-1.2600215605637315],[37.07798262899875,-1.2599769458943948],[37.0777418926781,-1.2599814174765258],[37.0777418926781,-1.2600304756864111]]]},"id":"001a0000000000038279","properties":{"FID":495806}},{"type":"Feature","geometry":{"type":"Polygon","coordinates":[[[37.10536601616052,-1.2630091804053678],[37.10537935350281,-1.2630537540515765],[37.10545520447638,-1.2630314786112893],[37.10543736682199,-1.2629868620113114],[37.10536601616052,-1.2630091804053678]]]},"id":"001a000000000002879e","properties":{"FID":533439}},{"type":"Feature","geometry":{"type":"Polygon","coordinates":[[[37.08415849883742,-1.2429253750827933],[37.08439929570216,-1.243384642836349],[37.084484008209124,-1.2433400649506954],[37.08434134737952,-1.2430636250785492],[37.084327924315126,-1.2430725182288014],[37.08422987039127,-1.2428852648814297],[37.08415849883742,-1.2429253750827933]]]},"id":"001a000000000003b432","properties":{"FID":494271}},{"type":"Feature","geometry":{"type":"Polygon","coordinates":[[[37.07818775765057,-1.2599145624445178],[37.07819225966955,-1.2599368617974145],[37.078250212906994,-1.2599279293761165],[37.07824571089162,-1.2599056300451437],[37.07818775765057,-1.2599145624445178]]]},"id":"001a000000000001cfc3","properties":{"FID":495807}},{"type":"Feature","geometry":{"type":"Polygon","coordinates":[[[37.10541061033218,-1.2629199666931812],[37.105446285649734,-1.2629199622447502],[37.105446285649734,-1.262875402566639],[37.105410610332186,-1.2628754069948798],[37.10541061033218,-1.2629199666931812]]]},"id":"001a000000000002c53f","properties":{"FID":533440}},{"type":"Feature","geometry":{"type":"Polygon","coordinates":[[[37.08203147969419,-1.2421495006686492],[37.08208951171373,-1.242238644307926],[37.082209913682284,-1.2421628620320886],[37.08217864684087,-1.2421138136655985],[37.082142960062995,-1.2421361104492412],[37.082116194968066,-1.2420959564226501],[37.08203147969419,-1.2421495006686492]]]},"id":"001a0000000000039330","properties":{"FID":494272}},{"type":"Feature","geometry":{"type":"Polygon","coordinates":[[[37.078116380148806,-1.259994795748557],[37.078196679833354,-1.259990332873057],[37.07819667983336,-1.2600037337713275],[37.0783215084223,-1.259999239528641],[37.0783170882661,-1.259923453447485],[37.07818333748622,-1.2599324053103191],[37.07818333748622,-1.2599145178035593],[37.0781163801488,-1.2599189950855842],[37.078116380148806,-1.259994795748557]]]},"id":"001a00000000000312c1","properties":{"FID":495808}},{"type":"Feature","geometry":{"type":"Polygon","coordinates":[[[37.10496466737923,-1.2628798297480737],[37.1050047614452,-1.2628932081852573],[37.10501818067864,-1.2628486607128326],[37.1049825051501,-1.2628352676500463],[37.10496466737923,-1.2628798297480737]]]},"id":"001a0000000000019d6a","properties":{"FID":533441}},{"type":"Feature","geometry":{"type":"Polygon","coordinates":[[[37.081826361915766,-1.2421048928382796],[37.08192450094121,-1.242225299163213],[37.081960187826624,-1.242194093086024],[37.08186204884948,-1.2420736868899984],[37.081826361915766,-1.2421048928382796]]]},"id":"001a000000000002e1ae","properties":{"FID":494273}},{"type":"Feature","geometry":{"type":"Polygon","coordinates":[[[37.07816099109564,-1.2598298201612477],[37.07816549311627,-1.2599011772295692],[37.07829482377151,-1.2598967264452297],[37.07829482377151,-1.2598253537548418],[37.07816099109564,-1.2598298201612477]]]},"id":"001a00000000000353f8","properties":{"FID":495809}},{"type":"Feature","geometry":{"type":"Polygon","coordinates":[[[37.11135898107896,-1.2628664888550651],[37.11138573536965,-1.2629378050688982],[37.11143924392135,-1.2629199756656557],[37.11142590769581,-1.2628843169044668],[37.11147491626718,-1.2628620184483645],[37.11146158004821,-1.2628263597548843],[37.11135898107896,-1.2628664888550651]]]},"id":"001a00000000000231dc","properties":{"FID":533442}},{"type":"Feature","geometry":{"type":"Polygon","coordinates":[[[37.11337452509382,-1.257613673469184],[37.113454785700284,-1.2576404269206418],[37.11347262137851,-1.2575958186227383],[37.113392360791835,-1.2575690651679952],[37.11337452509382,-1.257613673469184]]]},"id":"001a000000000002d667","properties":{"FID":533954}},{"type":"Feature","geometry":{"type":"Polygon","coordinates":[[[37.08211619496807,-1.2420692291564959],[37.082142960062995,-1.2421272013506133],[37.08217864684087,-1.2421093296206545],[37.08215638353197,-1.2420514017439126],[37.08211619496807,-1.2420692291564959]]]},"id":"001a00000000000225bd","properties":{"FID":494274}},{"type":"Feature","geometry":{"type":"Polygon","coordinates":[[[37.07458924542953,-1.2595355163651125],[37.074602670296784,-1.2595711877659606],[37.07466062640253,-1.2595489131370095],[37.07464720154601,-1.2595132417825257],[37.07458924542953,-1.2595355163651125]]]},"id":"001a000000000001e2d9","properties":{"FID":495810}},{"type":"Feature","geometry":{"type":"Polygon","coordinates":[[[37.111519506674725,-1.2628575571433045],[37.11155076085225,-1.2628843009493205],[37.11159535121306,-1.262826313248083],[37.11156409705479,-1.2628040545972294],[37.111519506674725,-1.2628575571433045]]]},"id":"001a0000000000025ad6","properties":{"FID":533443}},{"type":"Feature","geometry":{"type":"Polygon","coordinates":[[[37.08195126610691,-1.2419844916617546],[37.08198245119577,-1.2420335413781014],[37.08207166830505,-1.241980041679874],[37.0820449031838,-1.2419309786903416],[37.08195126610691,-1.2419844916617546]]]},"id":"001a0000000000023094","properties":{"FID":494275}},{"type":"Feature","geometry":{"type":"Polygon","coordinates":[[[37.07728260059568,-1.25933039526997],[37.07729594310853,-1.2593749807995713],[37.07737624370152,-1.2593571768765965],[37.07736281934762,-1.2593125927725946],[37.07728260059568,-1.25933039526997]]]},"id":"001a000000000001a3db","properties":{"FID":495811}},{"type":"Feature","geometry":{"type":"Polygon","coordinates":[[[37.105428447993155,-1.262812962296651],[37.10549529827063,-1.2628887502926043],[37.10557556761649,-1.2628085036281818],[37.105508717413144,-1.262737142257552],[37.105428447993155,-1.262812962296651]]]},"id":"001a0000000000020707","properties":{"FID":533444}},{"type":"Feature","geometry":{"type":"Polygon","coordinates":[[[37.113905176136754,-1.2575111060020672],[37.1139095941217,-1.257551214198546],[37.11396310080683,-1.2575423013473288],[37.11395868282516,-1.2575066184622095],[37.113905176136754,-1.2575111060020672]]]},"id":"001a000000000001c450","properties":{"FID":533956}},{"type":"Feature","geometry":{"type":"Polygon","coordinates":[[[37.10591890012381,-1.2627505496392522],[37.105932319187794,-1.262786209455111],[37.10597241271777,-1.2627683667449299],[37.10595907548476,-1.262732705599628],[37.10591890012381,-1.2627505496392522]]]},"id":"001a00000000000230e4","properties":{"FID":533445}},{"type":"Feature","geometry":{"type":"Polygon","coordinates":[[[37.077407430758,-1.259330388798106],[37.07746096441424,-1.2593348720373108],[37.07746538462263,-1.259214487186065],[37.07741185096965,-1.2592144904664058],[37.077407430758,-1.259330388798106]]]},"id":"001a0000000000033b57","properties":{"FID":495813}},{"type":"Feature","geometry":{"type":"Polygon","coordinates":[[[37.11130547246789,-1.2627594426429414],[37.111336726737875,-1.2627906716145034],[37.11137681727384,-1.2627505224181033],[37.111345644838615,-1.262719292120475],[37.11130547246789,-1.2627594426429414]]]},"id":"001a0000000000019fa2","properties":{"FID":533446}},{"type":"Feature","geometry":{"type":"Polygon","coordinates":[[[37.069207146981945,-1.2589736658025943],[37.06924726083414,-1.2590361136474717],[37.06929629794169,-1.259004894394133],[37.06925618411661,-1.2589424466309747],[37.069207146981945,-1.2589736658025943]]]},"id":"001a000000000002369c","properties":{"FID":495814}},{"type":"Feature","geometry":{"type":"Polygon","coordinates":[[[37.111394653464345,-1.2627416089476258],[37.11147941621781,-1.262839694835294],[37.11155076085225,-1.2627728220944687],[37.111465998182375,-1.2626791625119875],[37.111394653464345,-1.2627416089476258]]]},"id":"001a000000000003926a","properties":{"FID":533447}},{"type":"Feature","geometry":{"type":"Polygon","coordinates":[[[37.113887340565164,-1.2573104360428646],[37.113998771908264,-1.257314899709105],[37.11400327170191,-1.257243549118779],[37.113891758551205,-1.257239086719496],[37.113887340565164,-1.2573104360428646]]]},"id":"001a0000000000025b0f","properties":{"FID":533959}},{"type":"Feature","geometry":{"type":"Polygon","coordinates":[[[37.07722906680778,-1.258924598896304],[37.0772334870303,-1.2589602999344385],[37.07732713019955,-1.2589513663476561],[37.07732270998274,-1.2589157243946643],[37.07722906680778,-1.258924598896304]]]},"id":"001a0000000000020253","properties":{"FID":495815}},{"type":"Feature","geometry":{"type":"Polygon","coordinates":[[[37.109080411933775,-1.2627862047491074],[37.10910716706693,-1.2628932279989136],[37.10925877930136,-1.262853107072064],[37.10921418750068,-1.2626791618901452],[37.109142840562434,-1.262696993649372],[37.10916067730359,-1.262768342227927],[37.109080411933775,-1.2627862047491074]]]},"id":"001a00000000000387ab","properties":{"FID":533448}},{"type":"Feature","geometry":{"type":"Polygon","coordinates":[[[37.11361088864318,-1.2573238164730876],[37.11369114898742,-1.2573460856272438],[37.113722320412094,-1.2572524607154751],[37.113642060102435,-1.2572257072788917],[37.11361088864318,-1.2573238164730876]]]},"id":"001a0000000000027edb","properties":{"FID":533960}},{"type":"Feature","geometry":{"type":"Polygon","coordinates":[[[37.07732270998274,-1.2589157243946643],[37.07731820790979,-1.2588845113468736],[37.07722906680778,-1.2588889425919578],[37.07722906680778,-1.2589201713730265],[37.07732270998274,-1.2589157243946643]]]},"id":"001a000000000002d6ac","properties":{"FID":495816}},{"type":"Feature","geometry":{"type":"Polygon","coordinates":[[[37.107903176281695,-1.2626791762166953],[37.10791659497779,-1.2627371435912196],[37.10797010609476,-1.2627282253576186],[37.10796118757802,-1.2626881242561792],[37.10798794312496,-1.2626836651627191],[37.107983442957206,-1.262661372666581],[37.107903176281695,-1.2626791762166953]]]},"id":"001a0000000000026081","properties":{"FID":533449}},{"type":"Feature","geometry":{"type":"Polygon","coordinates":[[[37.06914468393938,-1.258893404642819],[37.06916703310757,-1.2589558520217443],[37.069233916840865,-1.2589335469065495],[37.069211567693266,-1.2588710996163104],[37.06914468393938,-1.258893404642819]]]},"id":"001a000000000002a2c0","properties":{"FID":495817}},{"type":"Feature","geometry":{"type":"Polygon","coordinates":[[[37.10528574658228,-1.2625855198345726],[37.10535709732288,-1.2627148810605044],[37.10542394766626,-1.2626747553412567],[37.10535259699155,-1.2625498797814576],[37.10528574658228,-1.2625855198345726]]]},"id":"001a000000000003143b","properties":{"FID":533450}},{"type":"Feature","geometry":{"type":"Polygon","coordinates":[[[37.10836693806704,-1.262469609828006],[37.10840261192744,-1.2625142220095393],[37.108456122685055,-1.262474084311275],[37.10842494899162,-1.2624294562240392],[37.10836693806704,-1.262469609828006]]]},"id":"001a0000000000029753","properties":{"FID":533451}},{"type":"Feature","geometry":{"type":"Polygon","coordinates":[[[37.11390067633699,-1.2570785682943224],[37.11397201858383,-1.2570785643372078],[37.1139676006027,-1.2570250630665876],[37.113900676336996,-1.2570294778737023],[37.11390067633699,-1.2570785682943224]]]},"id":"001a0000000000025ae7","properties":{"FID":533963}},{"type":"Feature","geometry":{"type":"Polygon","coordinates":[[[37.07721564242664,-1.2588488454884792],[37.07730928561893,-1.258848826113053],[37.077309285618924,-1.2587596266797045],[37.07721564242664,-1.25876407345214],[37.07721564242664,-1.2588488454884792]]]},"id":"001a000000000002a82f","properties":{"FID":495819}},{"type":"Feature","geometry":{"type":"Polygon","coordinates":[[[37.10704257446653,-1.2622778588752475],[37.10708716760528,-1.2623492349301049],[37.107118423697166,-1.2623313630897404],[37.10706933035308,-1.2622600030504463],[37.10704257446653,-1.2622778588752475]]]},"id":"001a0000000000030658","properties":{"FID":533452}},{"type":"Feature","geometry":{"type":"Polygon","coordinates":[[[37.06901983955816,-1.2586704764960397],[37.06906445609939,-1.2587596532959473],[37.06910014931262,-1.2587418215807207],[37.06905553279334,-1.258648157873014],[37.06901983955816,-1.2586704764960397]]]},"id":"001a000000000002f2ee","properties":{"FID":495820}},{"type":"Feature","geometry":{"type":"Polygon","coordinates":[[[37.10685086456811,-1.2619746363897164],[37.10691771353187,-1.2620995238583055],[37.10695338810662,-1.2620816966452415],[37.1068865391758,-1.2619568092853066],[37.10685086456811,-1.2619746363897164]]]},"id":"001a000000000002e188","properties":{"FID":533453}},{"type":"Feature","geometry":{"type":"Polygon","coordinates":[[[37.11259416809305,-1.2569269568971697],[37.112629839869456,-1.2569313802881463],[37.11263433974826,-1.25689130117197],[37.11259866797407,-1.2568912440346318],[37.11259416809305,-1.2569269568971697]]]},"id":"001a000000000001f75d","properties":{"FID":533965}},{"type":"Feature","geometry":{"type":"Polygon","coordinates":[[[37.069728870924145,-1.2584653618946344],[37.069751138048005,-1.2585366652770198],[37.06984921154896,-1.2585054600711456],[37.0698269444552,-1.2584340977973387],[37.069728870924145,-1.2584653618946344]]]},"id":"001a000000000001b6eb","properties":{"FID":495821}},{"type":"Feature","geometry":{"type":"Polygon","coordinates":[[[37.11115836449225,-1.2613057919894022],[37.11122970944326,-1.2613325169110754],[37.11126088192844,-1.2612567571997046],[37.111189537008165,-1.2612299732688987],[37.11115836449225,-1.2613057919894022]]]},"id":"001a00000000000242a9","properties":{"FID":533454}},{"type":"Feature","geometry":{"type":"Polygon","coordinates":[[[37.070067707044004,-1.2575557014141399],[37.07014801563873,-1.2576493011242083],[37.070210395953715,-1.257600270233258],[37.07013016929202,-1.2575021825560555],[37.070067707044004,-1.2575557014141399]]]},"id":"001a0000000000026528","properties":{"FID":495822}},{"type":"Feature","geometry":{"type":"Polygon","coordinates":[[[37.11130547246789,-1.2609446089030625],[37.11135456293826,-1.260957954545697],[37.1113634810368,-1.2609178552510618],[37.111314390572474,-1.260900024722275],[37.11130547246789,-1.2609446089030625]]]},"id":"001a000000000001eca0","properties":{"FID":533455}},{"type":"Feature","geometry":{"type":"Polygon","coordinates":[[[37.113642060102435,-1.2568110339066199],[37.11364655991828,-1.2568823525560866],[37.11371340260431,-1.2568778802437777],[37.113708984607385,-1.256806560306704],[37.113642060102435,-1.2568110339066199]]]},"id":"001a00000000000224ad","properties":{"FID":533967}},{"type":"Feature","geometry":{"type":"Polygon","coordinates":[[[37.07017478515054,-1.2572970594646418],[37.07025059111515,-1.257399588646217],[37.070308550697725,-1.2573594870544815],[37.07023274479368,-1.2572568989978343],[37.07017478515054,-1.2572970594646418]]]},"id":"001a0000000000038bc9","properties":{"FID":495823}},{"type":"Feature","geometry":{"type":"Polygon","coordinates":[[[37.11143924392135,-1.2609579612306305],[37.11153292470024,-1.2609936380958073],[37.11155967892662,-1.2609223199500816],[37.111470498133556,-1.2608866271984724],[37.11143924392135,-1.2609579612306305]]]},"id":"001a000000000002208a","properties":{"FID":533456}},{"type":"Feature","geometry":{"type":"Polygon","coordinates":[[[37.113914093920904,-1.256824397904857],[37.113980936359745,-1.256846653770409],[37.113998771908264,-1.2567842282732504],[37.113927429687806,-1.2567664132389913],[37.113914093920904,-1.256824397904857]]]},"id":"001a0000000000025a88","properties":{"FID":533968}},{"type":"Feature","geometry":{"type":"Polygon","coordinates":[[[37.07009005592791,-1.25725247453175],[37.07012124611703,-1.2572970612152012],[37.07021931911775,-1.2572301420572836],[37.07018812897079,-1.2571855554927946],[37.07009005592791,-1.25725247453175]]]},"id":"001a0000000000023055","properties":{"FID":495824}},{"type":"Feature","geometry":{"type":"Polygon","coordinates":[[[37.11115836449225,-1.2609624596856184],[37.11127871814752,-1.2610025906683007],[37.11131439057248,-1.2608866291011516],[37.11119403697655,-1.2608509829780006],[37.11115836449225,-1.2609624596856184]]]},"id":"001a0000000000032c60","properties":{"FID":533457}},{"type":"Feature","geometry":{"type":"Polygon","coordinates":[[[37.113316599952476,-1.2567887027394622],[37.113347771538535,-1.256895747922567],[37.11348153921598,-1.2568555893725102],[37.113454785700284,-1.2567530143919394],[37.113316599952476,-1.2567887027394622]]]},"id":"001a00000000000358c9","properties":{"FID":533969}},{"type":"Feature","geometry":{"type":"Polygon","coordinates":[[[37.07790683111387,-1.2572836608269213],[37.07794251997666,-1.2573416272593116],[37.077951442189615,-1.2573327428562853],[37.07804950460461,-1.257497700961458],[37.07833935275385,-1.2573238327954714],[37.0782903217589,-1.2572435384286378],[37.0782412907308,-1.257158816915184],[37.07823678871487,-1.2571632597463054],[37.07820560201504,-1.2571053371992904],[37.07790683111387,-1.2572836608269213]]]},"id":"001a000000000003a5a1","properties":{"FID":495825}},{"type":"Feature","geometry":{"type":"Polygon","coordinates":[[[37.11115836449225,-1.2605522122488262],[37.1112252094771,-1.2605834379712297],[37.11119403697654,-1.2606502852472776],[37.11123412759158,-1.2606681475853223],[37.11128321811035,-1.2605522000120486],[37.11118061888818,-1.2605075836665276],[37.11115836449225,-1.2605522122488262]]]},"id":"001a0000000000033bc2","properties":{"FID":533458}},{"type":"Feature","geometry":{"type":"Polygon","coordinates":[[[37.07834385476342,-1.2572257094406931],[37.07838846557032,-1.2572926181699218],[37.078673810375996,-1.2571142228315966],[37.078629199744626,-1.2570428874049426],[37.07834385476342,-1.2572257094406931]]]},"id":"001a000000000003aff3","properties":{"FID":495826}},{"type":"Feature","geometry":{"type":"Polygon","coordinates":[[[37.101263643988204,-1.2600215528546108],[37.10129932134937,-1.2600260351384258],[37.1013037401039,-1.2599858887826891],[37.1012680627449,-1.2599858918154534],[37.101263643988204,-1.2600215528546108]]]},"id":"001a000000000001ce70","properties":{"FID":533459}},{"type":"Feature","geometry":{"type":"Polygon","coordinates":[[[37.07783553519089,-1.2571588131955047],[37.07787564427214,-1.2572390787005092],[37.078143146720194,-1.2571097961311617],[37.078103037786896,-1.2570295311457853],[37.07783553519089,-1.2571588131955047]]]},"id":"001a000000000003a4bc","properties":{"FID":495827}},{"type":"Feature","geometry":{"type":"Polygon","coordinates":[[[37.10791659497779,-1.2590227390263333],[37.10792101332839,-1.2590673368256915],[37.10796118757801,-1.2590628334674827],[37.10795226906017,-1.2590182514708677],[37.10791659497779,-1.2590227390263333]]]},"id":"001a0000000000025139","properties":{"FID":533460}},{"type":"Feature","geometry":{"type":"Polygon","coordinates":[[[37.11222853137083,-1.2567887006953877],[37.11230879324863,-1.2568021199478372],[37.112322211127776,-1.2567129199321867],[37.11224194926485,-1.2567039848959918],[37.11222853137083,-1.2567887006953877]]]},"id":"001a0000000000029bf2","properties":{"FID":533972}},{"type":"Feature","geometry":{"type":"Polygon","coordinates":[[[37.0777418926781,-1.257042895511491],[37.07776415734245,-1.2570785347926579],[37.07789790889543,-1.2569893669599792],[37.07787114223351,-1.2569536843623088],[37.0777418926781,-1.257042895511491]]]},"id":"001a0000000000035ac5","properties":{"FID":495828}},{"type":"Feature","geometry":{"type":"Polygon","coordinates":[[[37.10839819360623,-1.258987059740466],[37.10840711206913,-1.2590271566487148],[37.108478459732716,-1.259018240582393],[37.10847395959546,-1.2589781293069602],[37.10839819360623,-1.258987059740466]]]},"id":"001a000000000002ca83","properties":{"FID":533461}},{"type":"Feature","geometry":{"type":"Polygon","coordinates":[[[37.113530628209894,-1.256668326378058],[37.11355288187615,-1.2567441294844777],[37.11358413517531,-1.2567307483755912],[37.11356179970373,-1.2566593718685497],[37.113530628209894,-1.256668326378058]]]},"id":"001a000000000001d5b0","properties":{"FID":533973}},{"type":"Feature","geometry":{"type":"Polygon","coordinates":[[[37.07779092404385,-1.2571142175297323],[37.077826612963676,-1.257172183836134],[37.07808519339719,-1.2570027322783548],[37.07804950460461,-1.2569447663811368],[37.07779092404385,-1.2571142175297323]]]},"id":"001a00000000000363b2","properties":{"FID":495829}},{"type":"Feature","geometry":{"type":"Polygon","coordinates":[[[37.10829117196576,-1.2587640680283754],[37.10839369346399,-1.2587685606726458],[37.108398193606234,-1.258701686619458],[37.1083401826602,-1.258701647263965],[37.1083401826602,-1.258639214792588],[37.108295590293494,-1.2586392475087078],[37.10829117196576,-1.2587640680283754]]]},"id":"001a000000000003109b","properties":{"FID":533462}},{"type":"Feature","geometry":{"type":"Polygon","coordinates":[[[37.07822344637512,-1.257051796654014],[37.07827697942899,-1.257132075161534],[37.07841965219151,-1.257042877816286],[37.07843749649892,-1.2570741038024678],[37.07853555825666,-1.2570161053753097],[37.07851329382914,-1.2569804665010815],[37.07856682666906,-1.2569448110535182],[37.07853555825666,-1.25689125855386],[37.07846868309902,-1.2569313851479487],[37.07845534080194,-1.2569091161323835],[37.07822344637512,-1.257051796654014]]]},"id":"001a000000000003a598","properties":{"FID":495830}},{"type":"Feature","geometry":{"type":"Polygon","coordinates":[[[37.10830450876903,-1.2586303068724893],[37.108358019599194,-1.2586303030247106],[37.108358019599194,-1.2585812659048743],[37.10830900891683,-1.2585812539694383],[37.10830450876903,-1.2586303068724893]]]},"id":"001a000000000001eb71","properties":{"FID":533463}},{"type":"Feature","geometry":{"type":"Polygon","coordinates":[[[37.07791133315028,-1.2568867870263076],[37.07793801794219,-1.256953697598851],[37.07800047341369,-1.2569269256169826],[37.077973706789635,-1.2568600755282888],[37.07791133315028,-1.2568867870263076]]]},"id":"001a000000000002cdb9","properties":{"FID":495831}},{"type":"Feature","geometry":{"type":"Polygon","coordinates":[[[37.10833576433518,-1.2571231231937336],[37.10834018266021,-1.2571632928107441],[37.10839819360623,-1.2571587897418497],[37.10839369346399,-1.2571142549885943],[37.10833576433518,-1.2571231231937336]]]},"id":"001a000000000001b0bb","properties":{"FID":533464}},{"type":"Feature","geometry":{"type":"Polygon","coordinates":[[[37.112264203327506,-1.256641544043256],[37.1123132931474,-1.2566504652257968],[37.112326629209385,-1.256561326001577],[37.11227762121493,-1.2565524034316689],[37.112264203327506,-1.256641544043256]]]},"id":"001a0000000000031c9b","properties":{"FID":533976}},{"type":"Feature","geometry":{"type":"Polygon","coordinates":[[[37.07816991328171,-1.2569536913114392],[37.07821452419562,-1.2570339404980968],[37.07851771397338,-1.2568690051562783],[37.07848210724823,-1.25680655219299],[37.07839730587375,-1.2568555939661157],[37.078383963563525,-1.2568377521521963],[37.07816991328171,-1.2569536913114392]]]},"id":"001a000000000003b1f3","properties":{"FID":495832}},{"type":"Feature","geometry":{"type":"Polygon","coordinates":[[[37.10303390725883,-1.2540374368619502],[37.10318545038836,-1.2540329816914448],[37.10318545038836,-1.253979463593509],[37.10310526021895,-1.253979492529971],[37.10310526021895,-1.2540017966670187],[37.10303390725883,-1.2540062228141442],[37.10303390725883,-1.2540374368619502]]]},"id":"001a0000000000031c79","properties":{"FID":533465}},{"type":"Feature","geometry":{"type":"Polygon","coordinates":[[[37.113593052999036,-1.2565568382771422],[37.11361980646361,-1.2566237160948222],[37.11372682022295,-1.2565791640952555],[37.113695566985434,-1.2565122430847728],[37.113593052999036,-1.2565568382771422]]]},"id":"001a000000000002fd0e","properties":{"FID":533977}},{"type":"Feature","geometry":{"type":"Polygon","coordinates":[[[37.103265722295525,-1.253952703812051],[37.10328356048502,-1.2540463454264696],[37.103310317761036,-1.2540418902164971],[37.10329247957813,-1.2539482486455098],[37.103265722295525,-1.253952703812051]]]},"id":"001a000000000001de68","properties":{"FID":533466}},{"type":"Feature","geometry":{"type":"Polygon","coordinates":[[[37.077661592489974,-1.25694033369255],[37.07771062391001,-1.2570072283874159],[37.07796478457942,-1.256828819708564],[37.07791575333122,-1.25675749827682],[37.077661592489974,-1.25694033369255]]]},"id":"001a000000000003ad21","properties":{"FID":495834}},{"type":"Feature","geometry":{"type":"Polygon","coordinates":[[[37.1084650411408,-1.2536807440925937],[37.10853197043426,-1.253680698553806],[37.10853197043426,-1.2536361527934323],[37.10846504114081,-1.2536361392932722],[37.1084650411408,-1.2536807440925937]]]},"id":"001a00000000000298e1","properties":{"FID":533467}},{"type":"Feature","geometry":{"type":"Polygon","coordinates":[[[37.07812980436321,-1.256904653208657],[37.07815657092966,-1.256953676317616],[37.078459760949706,-1.2567753419847654],[37.078428574345764,-1.2567262744522432],[37.07812980436321,-1.256904653208657]]]},"id":"001a0000000000037036","properties":{"FID":495835}},{"type":"Feature","geometry":{"type":"Polygon","coordinates":[[[37.10826883486028,-1.2536584434072875],[37.10834468280578,-1.2536584273174707],[37.10834468280578,-1.2536004292392544],[37.108268834860276,-1.2536004452731684],[37.10826883486028,-1.2536584434072875]]]},"id":"001a000000000001c515","properties":{"FID":533468}},{"type":"Feature","geometry":{"type":"Polygon","coordinates":[[[37.0780584268044,-1.256766408707277],[37.07810753981112,-1.2568689552022407],[37.078143146720194,-1.256851128552762],[37.07815657092966,-1.2568778825067959],[37.078254633067274,-1.2568332841021639],[37.07822786653702,-1.256779774973089],[37.07839730587375,-1.2566995212208678],[37.07836169908946,-1.2566237278881236],[37.0780584268044,-1.256766408707277]]]},"id":"001a000000000003abeb","properties":{"FID":495836}},{"type":"Feature","geometry":{"type":"Polygon","coordinates":[[[37.108469541278616,-1.2535781848808667],[37.108540888880654,-1.2535781843217868],[37.10854088888066,-1.2535424888200972],[37.108469541278616,-1.2535469734118443],[37.108469541278616,-1.2535781848808667]]]},"id":"001a000000000002695e","properties":{"FID":533469}},{"type":"Feature","geometry":{"type":"Polygon","coordinates":[[[37.07792917758276,-1.2566460057064623],[37.077973706789635,-1.2567084291150288],[37.07804508443183,-1.2566638599935163],[37.078080773226574,-1.2567263117568095],[37.07821894435808,-1.256641558744017],[37.078174415301795,-1.2565746494295917],[37.07823236855351,-1.2565389803395932],[37.07820560201504,-1.2564988710691571],[37.078013897649555,-1.2566192785194406],[37.07800047341369,-1.256601438056603],[37.07792917758276,-1.2566460057064623]]]},"id":"001a000000000003668b","properties":{"FID":495837}},{"type":"Feature","geometry":{"type":"Polygon","coordinates":[[[37.07744311986656,-1.256610377287775],[37.07764374799165,-1.2569180209881214],[37.07789790889542,-1.2567485853859015],[37.077697281473455,-1.2564453709894838],[37.07744311986656,-1.256610377287775]]]},"id":"001a000000000003b64e","properties":{"FID":495838}},{"type":"Feature","geometry":{"type":"Polygon","coordinates":[[[37.07786672204987,-1.2565301038911656],[37.07790683111387,-1.256605881980354],[37.0781744153018,-1.256467630313737],[37.078134224530835,-1.2563918540834058],[37.07786672204987,-1.2565301038911656]]]},"id":"001a000000000003a0cb","properties":{"FID":495839}},{"type":"Feature","geometry":{"type":"Polygon","coordinates":[[[37.06925176340799,-1.256400781312489],[37.06928737466416,-1.2564631821789591],[37.069372104824076,-1.2564141375355493],[37.069340914312946,-1.256351722634997],[37.06925176340799,-1.256400781312489]]]},"id":"001a0000000000020d4c","properties":{"FID":495840}},{"type":"Feature","geometry":{"type":"Polygon","coordinates":[[[37.11292413135373,-1.264239876344903],[37.11296430282572,-1.2642844712919548],[37.113057899814486,-1.2641997554276345],[37.113017810209996,-1.2641551592388198],[37.11292413135373,-1.264239876344903]]]},"id":"001a0000000000032e8d","properties":{"FID":534754}},{"type":"Feature","geometry":{"type":"Polygon","coordinates":[[[37.07735839913298,-1.2565033439070639],[37.07741185096965,-1.2565836237496486],[37.077799846275454,-1.256329451174669],[37.077750733060356,-1.2562491593404594],[37.07735839913298,-1.2565033439070639]]]},"id":"001a000000000003b22c","properties":{"FID":495842}},{"type":"Feature","geometry":{"type":"Polygon","coordinates":[[[37.07729152288982,-1.256409709805527],[37.07734055456005,-1.256485517530081],[37.0775947165264,-1.2563205120439536],[37.07754568502799,-1.2562402186547659],[37.07729152288982,-1.256409709805527]]]},"id":"001a0000000000032af5","properties":{"FID":495843}},{"type":"Feature","geometry":{"type":"Polygon","coordinates":[[[37.11331210011611,-1.2561867172956003],[37.11333885368458,-1.2562402603156422],[37.11337452509381,-1.2562223811630069],[37.113347771538535,-1.256168897191804],[37.11331210011611,-1.2561867172956003]]]},"id":"001a000000000001d78a","properties":{"FID":533988}},{"type":"Feature","geometry":{"type":"Polygon","coordinates":[[[37.077759655296894,-1.2563829476725938],[37.07785329778675,-1.2565434897655894],[37.0781163801488,-1.256382941233033],[37.07802281985372,-1.2562223989056898],[37.077759655296894,-1.2563829476725938]]]},"id":"001a000000000003b273","properties":{"FID":495844}},{"type":"Feature","geometry":{"type":"Polygon","coordinates":[[[37.077804266463176,-1.2562001053756129],[37.07786222001069,-1.256275941551041],[37.07795586236811,-1.2562045598396268],[37.077893488713414,-1.2561287380441255],[37.077804266463176,-1.2562001053756129]]]},"id":"001a000000000002f7f6","properties":{"FID":495845}},{"type":"Feature","geometry":{"type":"Polygon","coordinates":[[[37.07160616194244,-1.2550898218626452],[37.07165519745581,-1.2550897779934465],[37.071659618017996,-1.2550273680451387],[37.07161058250762,-1.255027352844506],[37.07160616194244,-1.2550898218626452]]]},"id":"001a000000000001a1fc","properties":{"FID":495846}},{"type":"Feature","geometry":{"type":"Polygon","coordinates":[[[37.075864596725225,-1.2549872531176616],[37.07593147428415,-1.254982781991723],[37.07592697212483,-1.2549337454360519],[37.075864596725225,-1.2549382010526493],[37.075864596725225,-1.2549872531176616]]]},"id":"001a000000000002cdf9","properties":{"FID":495847}},{"type":"Feature","geometry":{"type":"Polygon","coordinates":[[[37.11306239966665,-1.2561823030558312],[37.11311140712953,-1.256262559134692],[37.113191749843246,-1.2562090098681038],[37.1131426606194,-1.2561287553239857],[37.11306239966665,-1.2561823030558312]]]},"id":"001a0000000000037623","properties":{"FID":533992}},{"type":"Feature","geometry":{"type":"Polygon","coordinates":[[[37.0694033771866,-1.2547241355649628],[37.069425644410344,-1.254764263385159],[37.06946133744591,-1.2547420082457876],[37.069438988368354,-1.2547018818182345],[37.0694033771866,-1.2547241355649628]]]},"id":"001a000000000001bee5","properties":{"FID":495848}},{"type":"Feature","geometry":{"type":"Polygon","coordinates":[[[37.1123890550374,-1.2565835967154757],[37.11246489866422,-1.2565924871039742],[37.11248273458649,-1.2564632105488454],[37.11247381662591,-1.256458756243924],[37.112500570504366,-1.2562625413521322],[37.11251840641784,-1.2561287820140716],[37.112455980701434,-1.2561198458115863],[37.1123890550374,-1.2565835967154757]]]},"id":"001a000000000003b5af","properties":{"FID":533993}},{"type":"Feature","geometry":{"type":"Polygon","coordinates":[[[37.11294196716278,-1.264070438757744],[37.113022228249136,-1.2640793681176632],[37.113026728103534,-1.2639901792506925],[37.11294646702218,-1.26398567600271],[37.11294196716278,-1.264070438757744]]]},"id":"001a000000000003369b","properties":{"FID":534761}},{"type":"Feature","geometry":{"type":"Polygon","coordinates":[[[37.07588244166131,-1.2546662023977462],[37.07593147428415,-1.2547330955704175],[37.076016196684556,-1.2546661738763918],[37.07596716411899,-1.2546037669244576],[37.07588244166131,-1.2546662023977462]]]},"id":"001a0000000000036ca1","properties":{"FID":495849}},{"type":"Feature","geometry":{"type":"Polygon","coordinates":[[[37.069577257825635,-1.2545547308582137],[37.06960844823517,-1.2545904015509526],[37.069644141180824,-1.2545591738314896],[37.06961295078662,-1.254523503176126],[37.069577257825635,-1.2545547308582137]]]},"id":"001a0000000000026455","properties":{"FID":495850}},{"type":"Feature","geometry":{"type":"Polygon","coordinates":[[[37.11314707865091,-1.2640213967520153],[37.113187249999115,-1.264065991391025],[37.11330318225776,-1.2639544649406709],[37.11326309278919,-1.2639098690949904],[37.11314707865091,-1.2640213967520153]]]},"id":"001a0000000000036a4d","properties":{"FID":534764}},{"type":"Feature","geometry":{"type":"Polygon","coordinates":[[[37.06962629471019,-1.2545145458370455],[37.06968425479145,-1.254594814996322],[37.069728870924145,-1.2545591894611479],[37.069670910878536,-1.2544833477736355],[37.06962629471019,-1.2545145458370455]]]},"id":"001a0000000000034082","properties":{"FID":495852}},{"type":"Feature","geometry":{"type":"Polygon","coordinates":[[[37.0760919965454,-1.254483353251896],[37.07611876386394,-1.2545145488797307],[37.07616779632702,-1.2544789121334596],[37.07614102902657,-1.2544476575199124],[37.0760919965454,-1.254483353251896]]]},"id":"001a000000000001dbef","properties":{"FID":495853}},{"type":"Feature","geometry":{"type":"Polygon","coordinates":[[[37.07470965985133,-1.254447660233983],[37.0747631954988,-1.2545368512199324],[37.07487910740748,-1.2544655175655253],[37.074825571845565,-1.254380812945093],[37.07470965985133,-1.254447660233983]]]},"id":"001a000000000002f32d","properties":{"FID":495854}},{"type":"Feature","geometry":{"type":"Polygon","coordinates":[[[37.07498609655428,-1.2542871381927014],[37.07503963199773,-1.2543629883644714],[37.07507974262518,-1.2543362349963307],[37.0750262890698,-1.2542603835526456],[37.07498609655428,-1.2542871381927014]]]},"id":"001a000000000001d32b","properties":{"FID":495855}},{"type":"Feature","geometry":{"type":"Polygon","coordinates":[[[37.07484791926382,-1.2542692947798293],[37.07487018481657,-1.254313905426757],[37.074914797760144,-1.2542916227214906],[37.07489695258601,-1.2542469980578663],[37.07484791926382,-1.2542692947798293]]]},"id":"001a0000000000023e01","properties":{"FID":495856}},{"type":"Feature","geometry":{"type":"Polygon","coordinates":[[[37.11217952330991,-1.2558612207447044],[37.112246367351375,-1.255914748483019],[37.11229095728348,-1.2558612023238747],[37.11222853137084,-1.2558077194157236],[37.11217952330991,-1.2558612207447044]]]},"id":"001a000000000002223e","properties":{"FID":534001}},{"type":"Feature","geometry":{"type":"Polygon","coordinates":[[[37.0695103744088,-1.2542113290130077],[37.069554908783786,-1.2542827289440663],[37.06961295078662,-1.254246999962216],[37.06957275527196,-1.2541757055071432],[37.0695103744088,-1.2542113290130077]]]},"id":"001a0000000000033452","properties":{"FID":495857}},{"type":"Feature","geometry":{"type":"Polygon","coordinates":[[[37.07771954615149,-1.25395720034441],[37.07775073306035,-1.2540285177191661],[37.07781769073537,-1.2539973080554843],[37.07778642199996,-1.2539259921493084],[37.07771954615149,-1.25395720034441]]]},"id":"001a0000000000033752","properties":{"FID":495858}},{"type":"Feature","geometry":{"type":"Polygon","coordinates":[[[37.07821894435808,-1.2535647570812993],[37.0782903217589,-1.2536673407874241],[37.07836611924296,-1.2536182787651715],[37.07829482377151,-1.253511267156879],[37.07821894435808,-1.2535647570812993]]]},"id":"001a0000000000036ae9","properties":{"FID":495859}},{"type":"Feature","geometry":{"type":"Polygon","coordinates":[[[37.07645765199672,-1.252409848763468],[37.076479917055316,-1.2524455440916709],[37.0765378716611,-1.2524053959502932],[37.07651110449724,-1.2523742017241422],[37.07645765199672,-1.252409848763468]]]},"id":"001a000000000002877d","properties":{"FID":495860}},{"type":"Feature","geometry":{"type":"Polygon","coordinates":[[[37.0799535917562,-1.2630894107259276],[37.07999820157282,-1.2631474114429424],[37.080047231413,-1.2631072749233554],[37.08000262162655,-1.263053761236335],[37.0799535917562,-1.2630894107259276]]]},"id":"001a00000000000282b9","properties":{"FID":495861}},{"type":"Feature","geometry":{"type":"Polygon","coordinates":[[[37.07989563988006,-1.2629333327570254],[37.07990005994004,-1.2629868662785841],[37.0799535917562,-1.2629824324563859],[37.07994908984658,-1.2629289003411748],[37.07989563988006,-1.2629333327570254]]]},"id":"001a00000000000281e9","properties":{"FID":495862}},{"type":"Feature","geometry":{"type":"Polygon","coordinates":[[[37.08102372867,-1.2629512089856565],[37.081090601471246,-1.263053765792848],[37.08116197604541,-1.2630046973238571],[37.08109510330999,-1.262902140719394],[37.08102372867,-1.2629512089856565]]]},"id":"001a0000000000038842","properties":{"FID":495863}},{"type":"Feature","geometry":{"type":"Polygon","coordinates":[[[37.08167035415067,-1.2629155263509324],[37.08171488106014,-1.2629690400850555],[37.08171046111079,-1.2629690546598134],[37.081755069846494,-1.2630180802141435],[37.081813020236496,-1.262968999629188],[37.081723802808945,-1.2628664618723022],[37.08167035415067,-1.2629155263509324]]]},"id":"001a0000000000034e84","properties":{"FID":495864}},{"type":"Feature","geometry":{"type":"Polygon","coordinates":[[[37.096577073400226,-1.2413334611808247],[37.09658157427702,-1.2413647103424224],[37.096800071050374,-1.2413379492497325],[37.09678665029378,-1.2412130551118943],[37.09671529110721,-1.2412220101776508],[37.0967108720727,-1.2411952429488897],[37.09666627254268,-1.241199689584675],[37.096675192450874,-1.2412710372084077],[37.09660833402962,-1.2412754945125068],[37.09661725394496,-1.241329027836361],[37.096577073400226,-1.2413334611808247]]]},"id":"001a0000000000037a7c","properties":{"FID":532985}},{"type":"Feature","geometry":{"type":"Polygon","coordinates":[[[37.11280378043547,-1.263829658867134],[37.11288404167511,-1.263834103252759],[37.11289295958513,-1.2637225924061033],[37.112812698355384,-1.2637181479223865],[37.11280378043547,-1.263829658867134]]]},"id":"001a0000000000024b29","properties":{"FID":534777}},{"type":"Feature","geometry":{"type":"Polygon","coordinates":[[[37.08009626122003,-1.2628842960540934],[37.08012744710675,-1.262937796898359],[37.08019432073462,-1.2628976588638647],[37.08016313487667,-1.2628486450240153],[37.08009626122003,-1.2628842960540934]]]},"id":"001a000000000002f070","properties":{"FID":495865}},{"type":"Feature","geometry":{"type":"Polygon","coordinates":[[[37.09664401368438,-1.2410436178590656],[37.096661853505175,-1.241097122728307],[37.096737631777536,-1.241070399078182],[37.09674655167696,-1.2410926684105004],[37.096782231263624,-1.2410792837861493],[37.09675547157527,-1.2410035097335101],[37.09664401368438,-1.2410436178590656]]]},"id":"001a000000000002ff06","properties":{"FID":532986}},{"type":"Feature","geometry":{"type":"Polygon","coordinates":[[[37.113383442943366,-1.2637137012977853],[37.113459285527775,-1.2637493792989953],[37.1134771212049,-1.26371367280232],[37.113401278639195,-1.2636780538280894],[37.113383442943366,-1.2637137012977853]]]},"id":"001a000000000002c7cd","properties":{"FID":534778}},{"type":"Feature","geometry":{"type":"Polygon","coordinates":[[[37.08536689488892,-1.2628308208586525],[37.085389239058614,-1.2628932022914354],[37.08542934396132,-1.2628798419146903],[37.08540708165072,-1.2628174001375632],[37.08536689488892,-1.2628308208586525]]]},"id":"001a00000000000219b5","properties":{"FID":495866}},{"type":"Feature","geometry":{"type":"Polygon","coordinates":[[[37.10066612740467,-1.2406735129204083],[37.10072848146098,-1.2407403829242505],[37.100768659702425,-1.2407002646378682],[37.10070622385124,-1.2406333960569218],[37.10066612740467,-1.2406735129204083]]]},"id":"001a000000000003094e","properties":{"FID":532987}},{"type":"Feature","geometry":{"type":"Polygon","coordinates":[[[37.079882215992534,-1.2627460500554712],[37.07991340197131,-1.262817439524333],[37.0799535917562,-1.2627995901373261],[37.079922323941766,-1.262728261137325],[37.079882215992534,-1.2627460500554712]]]},"id":"001a000000000003077f","properties":{"FID":495867}},{"type":"Feature","geometry":{"type":"Polygon","coordinates":[[[37.10050557773695,-1.2406333777953513],[37.100559094332404,-1.2407359601713677],[37.10063486852683,-1.240691366064265],[37.10058135198737,-1.2405932666898605],[37.10050557773695,-1.2406333777953513]]]},"id":"001a0000000000031a89","properties":{"FID":532988}},{"type":"Feature","geometry":{"type":"Polygon","coordinates":[[[37.113178332125365,-1.263700303960158],[37.11321850345622,-1.2636958568134202],[37.11321850345622,-1.2636512414961645],[37.113178332125365,-1.2636512624919014],[37.113178332125365,-1.263700303960158]]]},"id":"001a000000000001b314","properties":{"FID":534780}},{"type":"Feature","geometry":{"type":"Polygon","coordinates":[[[37.089246328816806,-1.262505288824207],[37.08929985373126,-1.2625810786400125],[37.08938014102882,-1.2625231309268936],[37.08932661617367,-1.2624473412812525],[37.089246328816806,-1.262505288824207]]]},"id":"001a0000000000035c0b","properties":{"FID":495868}},{"type":"Feature","geometry":{"type":"Polygon","coordinates":[[[37.10072406267136,-1.2405576044248354],[37.100750820893296,-1.240602171174977],[37.10079983669315,-1.2405754157821969],[37.10077307848933,-1.2405308490867752],[37.10072406267136,-1.2405576044248354]]]},"id":"001a0000000000023942","properties":{"FID":532989}},{"type":"Feature","geometry":{"type":"Polygon","coordinates":[[[37.11342361416033,-1.2636869465324978],[37.11349937488762,-1.2637092295090842],[37.11351721055487,-1.263646789412271],[37.11343695001764,-1.263628948579866],[37.11342361416033,-1.2636869465324978]]]},"id":"001a000000000002b986","properties":{"FID":534781}},{"type":"Feature","geometry":{"type":"Polygon","coordinates":[[[37.08934887728031,-1.262300161512857],[37.08939798263843,-1.262393792698695],[37.08943808532287,-1.2623715197493999],[37.08938906183417,-1.2622778872974394],[37.08934887728031,-1.262300161512857]]]},"id":"001a00000000000269b4","properties":{"FID":495869}},{"type":"Feature","geometry":{"type":"Polygon","coordinates":[[[37.100661626781736,-1.2405397516424268],[37.100670546197826,-1.2405754089329384],[37.10073298207977,-1.2405620591606559],[37.10072406267136,-1.240526342927398],[37.100661626781736,-1.2405397516424268]]]},"id":"001a000000000001ebb2","properties":{"FID":532990}},{"type":"Feature","geometry":{"type":"Polygon","coordinates":[[[37.11294196716278,-1.263727086171255],[37.11304898192479,-1.2637315564101446],[37.11304898192479,-1.2636423255482052],[37.11294646702217,-1.263637898162429],[37.11294196716278,-1.263727086171255]]]},"id":"001a0000000000021d8b","properties":{"FID":534782}},{"type":"Feature","geometry":{"type":"Polygon","coordinates":[[[37.0865753526408,-1.2622600345032602],[37.08660653574043,-1.2623224440059548],[37.08664663996959,-1.2623045978531022],[37.0866154568872,-1.262242188408748],[37.0865753526408,-1.2622600345032602]]]},"id":"001a00000000000233fa","properties":{"FID":495870}},{"type":"Feature","geometry":{"type":"Polygon","coordinates":[[[37.09408894589818,-1.2401473514232317],[37.09412462679395,-1.2402543623135494],[37.094218248143356,-1.2402231593140254],[37.09417806626782,-1.240116163289613],[37.09408894589818,-1.2401473514232317]]]},"id":"001a0000000000035f62","properties":{"FID":532991}},{"type":"Feature","geometry":{"type":"Polygon","coordinates":[[[37.11274577302131,-1.2636512787729846],[37.11278594459235,-1.2636512577873131],[37.11279036264565,-1.2636066866134443],[37.11274577302131,-1.2636066632466607],[37.11274577302131,-1.2636512787729846]]]},"id":"001a000000000001d9fa","properties":{"FID":534783}},{"type":"Feature","geometry":{"type":"Polygon","coordinates":[[[37.089683365952695,-1.2622332598297505],[37.08972788793995,-1.2623045943317044],[37.08980375530742,-1.2622555757567806],[37.08975915152495,-1.2621842427637144],[37.089683365952695,-1.2622332598297505]]]},"id":"001a0000000000021b81","properties":{"FID":495871}}]}