{"type":"FeatureCollection","features":[{"type":"Feature","geometry":{"type":"Polygon","coordinates":[[[36.80412691843036,-1.3992079176758185],[36.804149266467846,-1.3992793036133941],[36.80419831709991,-1.3992614554611766],[36.80417596907727,-1.3991945901824874],[36.80412691843036,-1.3992079176758185]]]},"id":"00180000000000017c42","properties":{"FID":248576}},{"type":"Feature","geometry":{"type":"Polygon","coordinates":[[[36.83844865372822,-1.3903789196071492],[36.83861364009672,-1.3903834109515243],[36.83861807476753,-1.390294229256784],[36.838453088408954,-1.3902897377404433],[36.83844865372822,-1.3903789196071492]]]},"id":"001800000000000238c2","properties":{"FID":256256}},{"type":"Feature","geometry":{"type":"Polygon","coordinates":[[[36.80192412466455,-1.3992213228272872],[36.80195534711619,-1.3993417413341631],[36.80207579992445,-1.3993149747392948],[36.802044577523695,-1.399190095279839],[36.80192412466455,-1.3992213228272872]]]},"id":"001800000000000295b3","properties":{"FID":248577}},{"type":"Feature","geometry":{"type":"Polygon","coordinates":[[[36.837699517350075,-1.3901381257084828],[36.83770846892595,-1.3902094703020067],[36.8377574972626,-1.3902005549828442],[36.837748545692676,-1.3901292104509724],[36.837699517350075,-1.3901381257084828]]]},"id":"0018000000000000a373","properties":{"FID":256257}},{"type":"Feature","geometry":{"type":"Polygon","coordinates":[[[36.80315485442251,-1.3991945626397255],[36.80320834251326,-1.3994041529118995],[36.80329757140803,-1.3993818231535122],[36.80324408338184,-1.3991722927217376],[36.80315485442251,-1.3991945626397255]]]},"id":"0018000000000001a4e2","properties":{"FID":248578}},{"type":"Feature","geometry":{"type":"Polygon","coordinates":[[[36.838350515817716,-1.3899240830430801],[36.838355032628186,-1.3900132797490947],[36.83852445388264,-1.3900088347093742],[36.8385200192062,-1.3899196367126447],[36.838350515817716,-1.3899240830430801]]]},"id":"00180000000000021c48","properties":{"FID":256258}},{"type":"Feature","geometry":{"type":"Polygon","coordinates":[[[36.799699080204334,-1.3894469422175426],[36.7997035172134,-1.3895094219262552],[36.7998016243459,-1.3895049666855486],[36.79979718734271,-1.3894380269836042],[36.799699080204334,-1.3894469422175426]]]},"id":"0018000000000001a468","properties":{"FID":248067}},{"type":"Feature","geometry":{"type":"Polygon","coordinates":[[[36.801241910803775,-1.3991633536744772],[36.80125974063313,-1.3992525507962812],[36.80133105990754,-1.3992347118473363],[36.80132218608451,-1.3991990053528005],[36.80128208953758,-1.399207946344513],[36.80126869662874,-1.3991588791184553],[36.801241910803775,-1.3991633536744772]]]},"id":"001800000000000192aa","properties":{"FID":248579}},{"type":"Feature","geometry":{"type":"Polygon","coordinates":[[[36.83778426984138,-1.389933002314516],[36.83785563596246,-1.3899330135746673],[36.83785563596246,-1.389888433431548],[36.83778870456207,-1.3898839429991456],[36.83778426984138,-1.389933002314516]]]},"id":"00180000000000017758","properties":{"FID":256259}},{"type":"Feature","geometry":{"type":"Polygon","coordinates":[[[36.80310136629303,-1.3894558862818762],[36.80317268379039,-1.3894514411611583],[36.80316824698957,-1.3893979435097732],[36.80310136629303,-1.3893979076867475],[36.80310136629303,-1.3894558862818762]]]},"id":"00180000000000017208","properties":{"FID":248068}},{"type":"Feature","geometry":{"type":"Polygon","coordinates":[[[36.80235671877384,-1.3992079497921721],[36.80238794104274,-1.3993372305519565],[36.80274913243669,-1.3992480715154603],[36.80274017662047,-1.3992079654497818],[36.8026911250206,-1.39922129315043],[36.80266885870574,-1.3991321192622879],[36.80235671877384,-1.3992079497921721]]]},"id":"001800000000000295da","properties":{"FID":248580}},{"type":"Feature","geometry":{"type":"Polygon","coordinates":[[[36.83865379849491,-1.3899998870511279],[36.83876967465006,-1.3900043796986281],[36.838778626095994,-1.3898572230965052],[36.8386582331633,-1.389852752865375],[36.83865379849491,-1.3899998870511279]]]},"id":"0018000000000000dc7e","properties":{"FID":256260}},{"type":"Feature","geometry":{"type":"Polygon","coordinates":[[[36.80331540074148,-1.3990830760073443],[36.803324356488005,-1.3992881847237966],[36.80339123698276,-1.399283751112712],[36.80338228124434,-1.3990831037249871],[36.80331540074148,-1.3990830760073443]]]},"id":"0018000000000002671b","properties":{"FID":248581}},{"type":"Feature","geometry":{"type":"Polygon","coordinates":[[[36.83757468792191,-1.3896476329844556],[36.83757912265521,-1.3896921918655576],[36.837614764761355,-1.389687740355108],[36.837610330030195,-1.389643181499542],[36.83757468792191,-1.3896476329844556]]]},"id":"0018000000000000ac6e","properties":{"FID":256261}},{"type":"Feature","geometry":{"type":"Polygon","coordinates":[[[36.802552925865704,-1.3990518533967744],[36.80256623637819,-1.399136610638501],[36.80262868072577,-1.399127678048586],[36.80261980705854,-1.3990429588358324],[36.802552925865704,-1.3990518533967744]]]},"id":"0018000000000000949e","properties":{"FID":248582}},{"type":"Feature","geometry":{"type":"Polygon","coordinates":[[[36.83719568148811,-1.3893444181285],[36.83728930406032,-1.3894202275151255],[36.837347284295426,-1.3893443995801704],[36.83725809654947,-1.3892686286889344],[36.83719568148811,-1.3893444181285]]]},"id":"0018000000000001b369","properties":{"FID":256262}},{"type":"Feature","geometry":{"type":"Polygon","coordinates":[[[36.80224078544418,-1.3991098387251328],[36.80226748874318,-1.3991812061511169],[36.8025171846629,-1.3990964635594603],[36.80249491829562,-1.3990251344515752],[36.80224078544418,-1.3991098387251328]]]},"id":"0018000000000001e1f1","properties":{"FID":248583}},{"type":"Feature","geometry":{"type":"Polygon","coordinates":[[[36.83867161929035,-1.3887023155675673],[36.83876967465006,-1.3887379814189493],[36.838792012201196,-1.388671065519451],[36.83869387474777,-1.388639858959339],[36.83867161929035,-1.3887023155675673]]]},"id":"0018000000000000ba63","properties":{"FID":256263}},{"type":"Feature","geometry":{"type":"Polygon","coordinates":[[[36.802646510220605,-1.3989894725775627],[36.80265546604818,-1.3990295784600848],[36.80274913243669,-1.3990072871839934],[36.80274017662047,-1.3989671218905226],[36.802646510220605,-1.3989894725775627]]]},"id":"00180000000000013c4a","properties":{"FID":248584}},{"type":"Feature","geometry":{"type":"Polygon","coordinates":[[[36.839541137478285,-1.3885908402291351],[36.83957234402275,-1.3886264707704257],[36.8395455720933,-1.3886487699575634],[36.83958129537124,-1.3886888951848144],[36.83967491491403,-1.388599764620627],[36.83960798516528,-1.3885284073401507],[36.839541137478285,-1.3885908402291351]]]},"id":"0018000000000001e755","properties":{"FID":256264}},{"type":"Feature","geometry":{"type":"Polygon","coordinates":[[[36.80307910010175,-1.3893578157323316],[36.80315041762061,-1.3893577711264846],[36.80315485442251,-1.3892998312026636],[36.80307910010175,-1.389299837286757],[36.80307910010175,-1.3893578157323316]]]},"id":"0018000000000000d068","properties":{"FID":248073}},{"type":"Feature","geometry":{"type":"Polygon","coordinates":[[[36.80147821731732,-1.3988824420085153],[36.801527269722136,-1.3989047446732603],[36.80154509948265,-1.3988645656657916],[36.80150056615572,-1.3988422994641754],[36.80147821731732,-1.3988824420085153]]]},"id":"0018000000000000aaaa","properties":{"FID":248585}},{"type":"Feature","geometry":{"type":"Polygon","coordinates":[[[36.83846203989334,-1.3885462325833036],[36.83846647457326,-1.3885953068431285],[36.8386225915616,-1.3885818936585195],[36.83861807476754,-1.3884882431066665],[36.83854679150808,-1.3884927463280836],[36.838551226182915,-1.3885373032274573],[36.83846203989334,-1.3885462325833036]]]},"id":"0018000000000001c428","properties":{"FID":256265}},{"type":"Feature","geometry":{"type":"Polygon","coordinates":[[[36.799632196368684,-1.3892552419656556],[36.799721347413836,-1.3892686112951111],[36.79972578442156,-1.389223989742185],[36.799636633381766,-1.3892150804388135],[36.799632196368684,-1.3892552419656556]]]},"id":"00180000000000009531","properties":{"FID":248074}},{"type":"Feature","geometry":{"type":"Polygon","coordinates":[[[36.803805911131754,-1.398860104593923],[36.803886183627675,-1.398860125856529],[36.803886183627675,-1.398815515146219],[36.80380591113175,-1.3988155533198048],[36.803805911131754,-1.398860104593923]]]},"id":"0018000000000000d630","properties":{"FID":248586}},{"type":"Feature","geometry":{"type":"Polygon","coordinates":[[[36.842493053859506,-1.3884169083732982],[36.84254207901408,-1.3884213676794677],[36.84255103000193,-1.388292055143301],[36.842502004853316,-1.3882875957752763],[36.842493053859506,-1.3884169083732982]]]},"id":"0018000000000001d66e","properties":{"FID":256266}},{"type":"Feature","geometry":{"type":"Polygon","coordinates":[[[36.80319051315398,-1.3892909189170832],[36.80330644499387,-1.3892953576697837],[36.80331096394923,-1.389219577059779],[36.80319051315398,-1.3892151012230305],[36.80319051315398,-1.3892909189170832]]]},"id":"0018000000000001450c","properties":{"FID":248075}},{"type":"Feature","geometry":{"type":"Polygon","coordinates":[[[36.801527269722136,-1.3988378265677401],[36.80155849234142,-1.3989002487188116],[36.80165216012012,-1.398851190243504],[36.801620937540406,-1.3987887682374833],[36.801527269722136,-1.3988378265677401]]]},"id":"001800000000000142dc","properties":{"FID":248587}},{"type":"Feature","geometry":{"type":"Polygon","coordinates":[[[36.84240387233896,-1.3883054238092591],[36.842506439290204,-1.3883010068026702],[36.842506439290204,-1.3882474568671026],[36.84240387233896,-1.3882519332318897],[36.84240387233896,-1.3883054238092591]]]},"id":"0018000000000000bdf8","properties":{"FID":256267}},{"type":"Feature","geometry":{"type":"Polygon","coordinates":[[[36.801371238592886,-1.398824436573001],[36.801402461278066,-1.3989047036986848],[36.80147821731732,-1.3988779807975857],[36.80144707682903,-1.3987977123014024],[36.801371238592886,-1.398824436573001]]]},"id":"0018000000000000cf48","properties":{"FID":248588}},{"type":"Feature","geometry":{"type":"Polygon","coordinates":[[[36.843184248044224,-1.388171681903644],[36.84321988744032,-1.388185061410898],[36.84323770713191,-1.3881360028624878],[36.84320206774442,-1.3881226233558561],[36.843184248044224,-1.388171681903644]]]},"id":"00180000000000018cb2","properties":{"FID":256268}},{"type":"Feature","geometry":{"type":"Polygon","coordinates":[[[36.80276696190245,-1.3988779452256561],[36.80281149446637,-1.3988779648348149],[36.80281601345198,-1.3987530897042793],[36.80277139872737,-1.3987486698855403],[36.80276696190245,-1.3988779452256561]]]},"id":"001800000000000103d1","properties":{"FID":248589}},{"type":"Feature","geometry":{"type":"Polygon","coordinates":[[[36.84339824839874,-1.3879442716201882],[36.84344727295119,-1.3879977630276095],[36.84356322368918,-1.3878818459022204],[36.8435097648376,-1.3878327736980587],[36.84339824839874,-1.3879442716201882]]]},"id":"0018000000000001e77a","properties":{"FID":256269}},{"type":"Feature","geometry":{"type":"Polygon","coordinates":[[[36.80363197339773,-1.3985925828728383],[36.80364092910588,-1.3986862205747042],[36.80371668285074,-1.3986817445026116],[36.80371224608258,-1.3985881433644212],[36.80363197339773,-1.3985925828728383]]]},"id":"00180000000000017ca7","properties":{"FID":248590}},{"type":"Feature","geometry":{"type":"Polygon","coordinates":[[[36.838256894593066,-1.387895197961445],[36.83831043937822,-1.3878951776661388],[36.838306004688896,-1.3878149596777063],[36.838256894593066,-1.387814958916735],[36.838256894593066,-1.387895197961445]]]},"id":"0018000000000000f87c","properties":{"FID":256270}},{"type":"Feature","geometry":{"type":"Polygon","coordinates":[[[36.80275356926267,-1.3984989355223638],[36.80276696190245,-1.3986103969089825],[36.80282045027395,-1.398605970514115],[36.80280705764386,-1.3984900481298006],[36.80275356926267,-1.3984989355223638]]]},"id":"00180000000000014978","properties":{"FID":248591}},{"type":"Feature","geometry":{"type":"Polygon","coordinates":[[[36.84286759864371,-1.387672247284399],[36.84290332031169,-1.3876767105054886],[36.84290775472444,-1.387636572547035],[36.84286759864371,-1.3876321303174368],[36.84286759864371,-1.387672247284399]]]},"id":"00180000000000008a05","properties":{"FID":256271}},{"type":"Feature","geometry":{"type":"Polygon","coordinates":[[[36.801286526451634,-1.3984677198190059],[36.80130435627023,-1.3985212258282818],[36.80156744830082,-1.398423155571663],[36.8015496185457,-1.3983696498724567],[36.801286526451634,-1.3984677198190059]]]},"id":"00180000000000026f95","properties":{"FID":248592}},{"type":"Feature","geometry":{"type":"Polygon","coordinates":[[[36.84287211517741,-1.3875919909062522],[36.84296129613138,-1.3876053502466208],[36.84297468147704,-1.3875161967233918],[36.84288550053925,-1.3875027778888467],[36.84287211517741,-1.3875919909062522]]]},"id":"0018000000000001ac90","properties":{"FID":256272}},{"type":"Feature","geometry":{"type":"Polygon","coordinates":[[[36.79960540995071,-1.3891214502296045],[36.79977040098452,-1.3891348124090481],[36.79977483798932,-1.3890456502225907],[36.79961436614675,-1.3890322654345362],[36.79960540995071,-1.3891214502296045]]]},"id":"0018000000000001fcfe","properties":{"FID":248081}},{"type":"Feature","geometry":{"type":"Polygon","coordinates":[[[36.801255303717475,-1.3983473624966276],[36.80126869662874,-1.3983696022771497],[36.801317749172604,-1.398342891784738],[36.80130435627022,-1.3983205925491387],[36.801255303717475,-1.3983473624966276]]]},"id":"0018000000000000a823","properties":{"FID":248593}},{"type":"Feature","geometry":{"type":"Polygon","coordinates":[[[36.802044577523695,-1.3982848960161705],[36.80205345125998,-1.398325062441295],[36.80211145917655,-1.3983116910563023],[36.802102503283045,-1.3982715261743948],[36.802044577523695,-1.3982848960161705]]]},"id":"0018000000000001333f","properties":{"FID":248594}},{"type":"Feature","geometry":{"type":"Polygon","coordinates":[[[36.8022362664234,-1.3982759846777695],[36.80226748874318,-1.39834732765317],[36.802329933343174,-1.3983161498872365],[36.80229871104978,-1.3982447475403252],[36.8022362664234,-1.3982759846777695]]]},"id":"00180000000000014a5e","properties":{"FID":248595}},{"type":"Feature","geometry":{"type":"Polygon","coordinates":[[[36.80324852017811,-1.3889609088500081],[36.803252956974106,-1.3889966259398674],[36.80327530527587,-1.3889921177073516],[36.80328861565826,-1.3891214494052802],[36.80344472490245,-1.389099173892312],[36.80344472490245,-1.3891214730504196],[36.80378364515275,-1.3890768542356464],[36.803770252697205,-1.388965364167279],[36.80356509312084,-1.3889876961155996],[36.8035740488371,-1.3890545498608402],[36.803435769170505,-1.3890723989131435],[36.803422458814616,-1.389001045224964],[36.80334662260539,-1.3890099721753648],[36.803342185815005,-1.388952015487663],[36.80324852017811,-1.3889609088500081]]]},"id":"0018000000000002c292","properties":{"FID":248084}},{"type":"Feature","geometry":{"type":"Polygon","coordinates":[[[36.80275356926267,-1.3983473182708208],[36.80278922818776,-1.3983473216987663],[36.802784791363926,-1.398226954035561],[36.80275356926267,-1.398226929058701],[36.80275356926267,-1.3983473182708208]]]},"id":"0018000000000000e485","properties":{"FID":248596}},{"type":"Feature","geometry":{"type":"Polygon","coordinates":[[[36.80268216919735,-1.3991321141074287],[36.80271339132876,-1.3992123804892664],[36.80289176804239,-1.3992079330206748],[36.80288733122471,-1.3990697179109868],[36.802931945879344,-1.399185666637969],[36.802998826729194,-1.3991856348043394],[36.80299430775476,-1.399158890868954],[36.802958648928616,-1.3990652629628317],[36.80290072384025,-1.3990875558934732],[36.80290072384025,-1.3990384831852987],[36.80298099731937,-1.3990385043160325],[36.80305675174067,-1.399007261013012],[36.8033510593955,-1.3990028382799993],[36.80334662260538,-1.3989136374844116],[36.80328861565826,-1.3989136260349768],[36.803284178864395,-1.3986371785481622],[36.80330644499388,-1.3986282662589158],[36.803302008201086,-1.3983116717742774],[36.803012219324536,-1.398316128346983],[36.80300770035092,-1.3982090862594085],[36.80280262082108,-1.398213542881951],[36.80282045027395,-1.398922531657092],[36.80286506496895,-1.399051863533079],[36.80285167234694,-1.3990607924908804],[36.80279366501135,-1.3990607811295743],[36.80279366501135,-1.3990830869416855],[36.80268216919735,-1.3991231917556635],[36.80268216919735,-1.3991321141074287]]]},"id":"0018000000000002b2a8","properties":{"FID":248597}},{"type":"Feature","geometry":{"type":"Polygon","coordinates":[[[36.80161206375218,-1.3981333197905814],[36.80162093754041,-1.3981689656827079],[36.80167442674128,-1.3981556174033976],[36.80166555295948,-1.3981199120664445],[36.80161206375218,-1.3981333197905814]]]},"id":"0018000000000000c00f","properties":{"FID":248598}},{"type":"Feature","geometry":{"type":"Polygon","coordinates":[[[36.80167442674128,-1.3981110063739175],[36.8016878195766,-1.3981466887112974],[36.80173687184232,-1.3981288413711566],[36.801723479015884,-1.3980931590716559],[36.80167442674128,-1.3981110063739175]]]},"id":"00180000000000009c2a","properties":{"FID":248599}},{"type":"Feature","geometry":{"type":"Polygon","coordinates":[[[36.829539334411216,-1.3592053270671935],[36.82957506253666,-1.3592098003712583],[36.829583932965136,-1.3591607623495174],[36.82954828697761,-1.3591562875720236],[36.829539334411216,-1.3592053270671935]]]},"id":"0018000000000000d15c","properties":{"FID":252951}},{"type":"Feature","geometry":{"type":"Polygon","coordinates":[[[36.80236559247266,-1.398106542317823],[36.80238342203095,-1.3981957356635106],[36.80246369607192,-1.3981823744686095],[36.80244586653299,-1.398093181245144],[36.80236559247266,-1.398106542317823]]]},"id":"0018000000000000f8e1","properties":{"FID":248600}},{"type":"Feature","geometry":{"type":"Polygon","coordinates":[[[36.80309241051948,-1.3981110036021938],[36.803105803097864,-1.3983116841279197],[36.80323512762559,-1.3983027213314134],[36.80322173507064,-1.3981021006625538],[36.80309241051948,-1.3981110036021938]]]},"id":"001800000000000272cf","properties":{"FID":248601}},{"type":"Feature","geometry":{"type":"Polygon","coordinates":[[[36.80207128089358,-1.3980708713058587],[36.802120332904806,-1.3982001801913593],[36.80215599213542,-1.3981868004478664],[36.80213816252227,-1.3981466786987593],[36.80219173351289,-1.3981244068651084],[36.802160511161105,-1.3980352199397081],[36.80207128089358,-1.3980708713058587]]]},"id":"001800000000000272f5","properties":{"FID":248602}},{"type":"Feature","geometry":{"type":"Polygon","coordinates":[[[36.804077867750905,-1.3980753538163186],[36.80416265885469,-1.3980798138195278],[36.80416265885469,-1.3980262823757772],[36.80407786775091,-1.398021822322729],[36.804077867750905,-1.3980753538163186]]]},"id":"0018000000000000a312","properties":{"FID":248603}},{"type":"Feature","geometry":{"type":"Polygon","coordinates":[[[36.80216938488349,-1.3980262548500408],[36.802218436829605,-1.3981689466621317],[36.80226305188802,-1.3981555819607476],[36.802209563113124,-1.3980129117587614],[36.80216938488349,-1.3980262548500408]]]},"id":"0018000000000000b364","properties":{"FID":248604}},{"type":"Feature","geometry":{"type":"Polygon","coordinates":[[[36.801166072357134,-1.3982224728490351],[36.80119285820958,-1.3983072216604062],[36.80121512496911,-1.3982983093455974],[36.80122851788765,-1.3983383937273715],[36.801540662584124,-1.398235860399242],[36.80151395902254,-1.398155571729925],[36.801772531257946,-1.3980708507093718],[36.80175913843796,-1.3980307668725913],[36.8012731335436,-1.3981867928309029],[36.80129540027893,-1.3982537198806038],[36.801264177548525,-1.398262617167822],[36.801241910803775,-1.3981957495584711],[36.801166072357134,-1.3982224728490351]]]},"id":"0018000000000002cd37","properties":{"FID":248605}},{"type":"Feature","geometry":{"type":"Polygon","coordinates":[[[36.80257962905192,-1.3979326410837527],[36.80259745855858,-1.3979906065307681],[36.802708954500375,-1.3979593671467299],[36.80269556185007,-1.3979014398311347],[36.80257962905192,-1.3979326410837527]]]},"id":"0018000000000001b587","properties":{"FID":248606}},{"type":"Feature","geometry":{"type":"Polygon","coordinates":[[[36.80246369607192,-1.3979326152025928],[36.80249048145411,-1.3980218230401047],[36.802593021723226,-1.3979861669793678],[36.80256623637819,-1.397901420361515],[36.80246369607192,-1.3979326152025928]]]},"id":"0018000000000001a961","properties":{"FID":248607}},{"type":"Feature","geometry":{"type":"Polygon","coordinates":[[[36.80145595063705,-1.397923701269997],[36.801464906608885,-1.397946021746776],[36.8015496185457,-1.3979058728257745],[36.801540662584124,-1.3978836118757778],[36.80145595063705,-1.397923701269997]]]},"id":"00180000000000014bb9","properties":{"FID":248608}},{"type":"Feature","geometry":{"type":"Polygon","coordinates":[[[36.80268668819086,-1.3978568131700355],[36.802708954500375,-1.3979505045829557],[36.80274913243669,-1.3979415631727998],[36.80272678397582,-1.397847932808703],[36.80268668819086,-1.3978568131700355]]]},"id":"0018000000000001a98d","properties":{"FID":248609}},{"type":"Feature","geometry":{"type":"Polygon","coordinates":[[[36.8021158960408,-1.3978255913811701],[36.80213816252227,-1.3979415291677115],[36.80218721448911,-1.3979326637223932],[36.80216938488349,-1.3978167045645862],[36.8021158960408,-1.3978255913811701]]]},"id":"00180000000000020d19","properties":{"FID":248610}},{"type":"Feature","geometry":{"type":"Polygon","coordinates":[[[36.80124634772024,-1.3884436448049025],[36.80129096336542,-1.3884838075863244],[36.80134001589451,-1.3884258323589689],[36.80129540027893,-1.3883857291038628],[36.80124634772024,-1.3884436448049025]]]},"id":"00180000000000016427","properties":{"FID":248099}},{"type":"Feature","geometry":{"type":"Polygon","coordinates":[[[36.8039842852085,-1.397946028460581],[36.80412248168683,-1.397941543831866],[36.80412248168683,-1.3977943925601377],[36.8039842852085,-1.397798876915196],[36.8039842852085,-1.397946028460581]]]},"id":"0018000000000001fcd4","properties":{"FID":248611}},{"type":"Feature","geometry":{"type":"Polygon","coordinates":[[[36.806976320863484,-1.3995557538383945],[36.80698527616633,-1.3996181631110696],[36.80702980618822,-1.3996137211892106],[36.80701641432099,-1.399551274059838],[36.806976320863484,-1.3995557538383945]]]},"id":"001800000000000182c1","properties":{"FID":249123}},{"type":"Feature","geometry":{"type":"Polygon","coordinates":[[[36.80362309985096,-1.3977944039491303],[36.803627536624475,-1.3978389920040737],[36.80374346777882,-1.3978345569845645],[36.80374346777882,-1.3977899475269802],[36.80362309985096,-1.3977944039491303]]]},"id":"0018000000000000d88d","properties":{"FID":248612}},{"type":"Feature","geometry":{"type":"Polygon","coordinates":[[[36.81244320806447,-1.3995691038349043],[36.81247886231325,-1.3996270954664396],[36.812585907108804,-1.3995646522862175],[36.81255017075916,-1.399506721789351],[36.81244320806447,-1.3995691038349043]]]},"id":"0018000000000002284d","properties":{"FID":249124}},{"type":"Feature","geometry":{"type":"Polygon","coordinates":[[[36.80133557898366,-1.3882965175933673],[36.80148717328645,-1.3884080020629195],[36.801464906608885,-1.3884392082957864],[36.80152283282254,-1.3884838274460571],[36.80159867090313,-1.3883812442513899],[36.801420291068695,-1.3882519302930423],[36.80139350529867,-1.388287618626787],[36.8013622826097,-1.3882608307113302],[36.80133557898366,-1.3882965175933673]]]},"id":"00180000000000029ac1","properties":{"FID":248101}},{"type":"Feature","geometry":{"type":"Polygon","coordinates":[[[36.803770252697205,-1.397781012766419],[36.80377468946188,-1.3978122178875605],[36.803832696027484,-1.3978077691771926],[36.803828177104045,-1.3977765655817675],[36.803770252697205,-1.397781012766419]]]},"id":"0018000000000000b170","properties":{"FID":248613}},{"type":"Feature","geometry":{"type":"Polygon","coordinates":[[[36.80696292898656,-1.3994977677472136],[36.806976320863484,-1.399551292846865],[36.807020933049465,-1.3995423884816778],[36.807007541180624,-1.3994888634246805],[36.80696292898656,-1.3994977677472136]]]},"id":"0018000000000000d368","properties":{"FID":249125}},{"type":"Feature","geometry":{"type":"Polygon","coordinates":[[[36.80274017662047,-1.3975848469592396],[36.80275800608839,-1.397651733737086],[36.80281601345198,-1.3976339022197866],[36.80279818399805,-1.3975670155219106],[36.80274017662047,-1.3975848469592396]]]},"id":"0018000000000000c3e9","properties":{"FID":248614}},{"type":"Feature","geometry":{"type":"Polygon","coordinates":[[[36.80793946157329,-1.3994219935331396],[36.807948416759395,-1.3994620971858112],[36.80800190138043,-1.3994487483766602],[36.80799302835842,-1.3994130447015931],[36.80793946157329,-1.3994219935331396]]]},"id":"0018000000000000ab30","properties":{"FID":249126}},{"type":"Feature","geometry":{"type":"Polygon","coordinates":[[[36.802508310982276,-1.397553626801852],[36.80251718466289,-1.3975937327372592],[36.80279366501135,-1.3975135069177445],[36.8027802723764,-1.3974689037244954],[36.802508310982276,-1.397553626801852]]]},"id":"0018000000000001ecb9","properties":{"FID":248615}},{"type":"Feature","geometry":{"type":"Polygon","coordinates":[[[36.812657215451374,-1.3993996724668256],[36.812737478330625,-1.3995423743461168],[36.81283556815881,-1.3994843774820094],[36.812759741611266,-1.3993461744987612],[36.812657215451374,-1.3993996724668256]]]},"id":"001800000000000291e0","properties":{"FID":249127}},{"type":"Feature","geometry":{"type":"Polygon","coordinates":[[[36.80231210377198,-1.3969873337937235],[36.80232105964007,-1.39716566714977],[36.802432473835026,-1.397161196672841],[36.80242803698977,-1.397085382302983],[36.80236559247266,-1.3970898518513986],[36.80236115562339,-1.396987331545575],[36.80231210377198,-1.3969873337937235]]]},"id":"0018000000000001a694","properties":{"FID":248616}},{"type":"Feature","geometry":{"type":"Polygon","coordinates":[[[36.80818470182819,-1.3993639821732122],[36.80820704863842,-1.399417521083416],[36.808260533072215,-1.3993952505559535],[36.8082382684355,-1.3993417102099162],[36.80818470182819,-1.3993639821732122]]]},"id":"00180000000000013bbe","properties":{"FID":249128}},{"type":"Feature","geometry":{"type":"Polygon","coordinates":[[[36.80236559247266,-1.3969783882912368],[36.802392377890406,-1.3970542113099165],[36.80243699284381,-1.3970408476887015],[36.802410207442236,-1.3969650247381502],[36.80236559247266,-1.3969783882912368]]]},"id":"00180000000000008b53","properties":{"FID":248617}},{"type":"Feature","geometry":{"type":"Polygon","coordinates":[[[36.808042076438966,-1.3993595693398737],[36.80804651294716,-1.3993996959502473],[36.808122344333015,-1.3993907567324226],[36.80811782567191,-1.3993461707700643],[36.808042076438966,-1.3993595693398737]]]},"id":"0018000000000000b102","properties":{"FID":249129}},{"type":"Feature","geometry":{"type":"Polygon","coordinates":[[[36.802450303377185,-1.3969203983174554],[36.802508310982276,-1.397045257159702],[36.80265546604818,-1.3969739353288608],[36.80259745855858,-1.396853537814474],[36.802450303377185,-1.3969203983174554]]]},"id":"0018000000000001a001","properties":{"FID":248618}},{"type":"Feature","geometry":{"type":"Polygon","coordinates":[[[36.808064341134795,-1.3993015872101993],[36.80807773281208,-1.3993461894823553],[36.80810895266382,-1.39934169353405],[36.808095560992186,-1.3992926898678197],[36.808064341134795,-1.3993015872101993]]]},"id":"0018000000000000bd43","properties":{"FID":249130}},{"type":"Feature","geometry":{"type":"Polygon","coordinates":[[[36.8040600386014,-1.3966662819474804],[36.804064557510664,-1.396724249213912],[36.804184924719515,-1.396719735055586],[36.80418048797945,-1.3966617663862466],[36.8040600386014,-1.3966662819474804]]]},"id":"00180000000000021e7f","properties":{"FID":248619}},{"type":"Feature","geometry":{"type":"Polygon","coordinates":[[[36.81469054222397,-1.3993283197226172],[36.8147217592808,-1.3994219558075556],[36.814842191276355,-1.3993863307227334],[36.814815410372084,-1.399292673278334],[36.81469054222397,-1.3993283197226172]]]},"id":"00180000000000020067","properties":{"FID":249131}},{"type":"Feature","geometry":{"type":"Polygon","coordinates":[[[36.80401994353977,-1.396487868415854],[36.80403333595007,-1.396594920539625],[36.80412248168683,-1.3965815189531081],[36.804109089292695,-1.3964745264657432],[36.80401994353977,-1.396487868415854]]]},"id":"00180000000000011658","properties":{"FID":248620}},{"type":"Feature","geometry":{"type":"Polygon","coordinates":[[[36.81169405409684,-1.399252523347032],[36.8117030088278,-1.399346153282069],[36.8118456271489,-1.3993327823052588],[36.81184119086887,-1.3992435901760523],[36.81169405409684,-1.399252523347032]]]},"id":"0018000000000001f82f","properties":{"FID":249132}},{"type":"Feature","geometry":{"type":"Polygon","coordinates":[[[36.803614144140646,-1.3963942737500756],[36.803618580914694,-1.3964477816192686],[36.80364980265051,-1.39644328702172],[36.80364536587833,-1.3963942399469824],[36.803614144140646,-1.3963942737500756]]]},"id":"0018000000000000d04e","properties":{"FID":248621}},{"type":"Feature","geometry":{"type":"Polygon","coordinates":[[[36.80539335133453,-1.3992569958062817],[36.80546022995683,-1.3993238794371619],[36.80550927971873,-1.3992703431740605],[36.80544683780512,-1.3992034975693062],[36.80539335133453,-1.3992569958062817]]]},"id":"0018000000000000ce01","properties":{"FID":249133}},{"type":"Feature","geometry":{"type":"Polygon","coordinates":[[[36.80369441684486,-1.396215867390485],[36.803698853614094,-1.396322903952772],[36.80383713278843,-1.3963184208544268],[36.80383713278843,-1.3962248047833339],[36.80379695544359,-1.396224823315725],[36.80379251868024,-1.3961713159015734],[36.80370780931415,-1.3961757740524197],[36.80370780931415,-1.396215861215513],[36.80369441684486,-1.396215867390485]]]},"id":"00180000000000025009","properties":{"FID":248622}},{"type":"Feature","geometry":{"type":"Polygon","coordinates":[[[36.808099997497166,-1.399221294054435],[36.80810443400188,-1.3992525581801145],[36.8081580006674,-1.3992391486340336],[36.80814904550669,-1.3992079670843416],[36.808099997497166,-1.399221294054435]]]},"id":"0018000000000000a217","properties":{"FID":249134}},{"type":"Feature","geometry":{"type":"Polygon","coordinates":[[[36.804064557510664,-1.396140069586485],[36.804073431004426,-1.396211398259131],[36.804144829725644,-1.3961980233178064],[36.804135874078554,-1.3961311569380956],[36.804064557510664,-1.396140069586485]]]},"id":"001800000000000144f2","properties":{"FID":248623}},{"type":"Feature","geometry":{"type":"Polygon","coordinates":[[[36.81411088837141,-1.399257015872013],[36.81417332296193,-1.399323853942674],[36.81412871509541,-1.399363981497691],[36.81418219524156,-1.3994175421202328],[36.814356108137254,-1.3992480747032536],[36.814240193635854,-1.3991321370786594],[36.81411088837141,-1.399257015872013]]]},"id":"001800000000000285e1","properties":{"FID":249135}},{"type":"Feature","geometry":{"type":"Polygon","coordinates":[[[36.79993982864499,-1.3957699776542372],[36.799962177948515,-1.3958680671414578],[36.79999783822029,-1.3958591499362647],[36.800011231359385,-1.3959215965137293],[36.80004689160751,-1.395912679275102],[36.800060284737725,-1.3959617431669316],[36.80013604215253,-1.395943887290957],[36.80008255183843,-1.3957343076624327],[36.79993982864499,-1.3957699776542372]]]},"id":"00180000000000029d2b","properties":{"FID":248624}},{"type":"Feature","geometry":{"type":"Polygon","coordinates":[[[36.806699856163625,-1.39923467723703],[36.80675786043306,-1.399328309181809],[36.80691831676555,-1.3992346718081015],[36.80686039478095,-1.3991365777998823],[36.806699856163625,-1.39923467723703]]]},"id":"0018000000000002235c","properties":{"FID":249136}},{"type":"Feature","geometry":{"type":"Polygon","coordinates":[[[36.808064341134795,-1.3991232112293484],[36.80808660582392,-1.3991989963464468],[36.80813121733949,-1.3991856314814073],[36.80810443400188,-1.3991098694922994],[36.808064341134795,-1.3991232112293484]]]},"id":"00180000000000012b4c","properties":{"FID":249137}},{"type":"Feature","geometry":{"type":"Polygon","coordinates":[[[36.80696736555955,-1.39914996955714],[36.80705215334777,-1.3992168813935528],[36.80708337363287,-1.3991722965071567],[36.80699858588047,-1.399109845670528],[36.80696736555955,-1.39914996955714]]]},"id":"0018000000000001b383","properties":{"FID":249138}},{"type":"Feature","geometry":{"type":"Polygon","coordinates":[[[36.80242360014424,-1.3955336316951497],[36.8025217036665,-1.3956183827193052],[36.80259745855858,-1.3955380777208612],[36.802499355136874,-1.3954489256491904],[36.80242360014424,-1.3955336316951497]]]},"id":"0018000000000001f6ec","properties":{"FID":248627}},{"type":"Feature","geometry":{"type":"Polygon","coordinates":[[[36.80425180443546,-1.399136578950496],[36.80426076006851,-1.3991722825609705],[36.80440339275677,-1.399127683829729],[36.80439451930263,-1.399091978824628],[36.80425180443546,-1.399136578950496]]]},"id":"00180000000000016a47","properties":{"FID":249139}},{"type":"Feature","geometry":{"type":"Polygon","coordinates":[[[36.81597034858376,-1.3840693122486254],[36.81599704692046,-1.3841183485166313],[36.81603721763039,-1.3841005018510435],[36.816014955337806,-1.3840514448944004],[36.81597034858376,-1.3840693122486254]]]},"id":"00180000000000009bae","properties":{"FID":247604}},{"type":"Feature","geometry":{"type":"Polygon","coordinates":[[[36.81383888653289,-1.3990295611523278],[36.813878976265784,-1.3990786084057982],[36.81394141105237,-1.3990206702547578],[36.81390132135336,-1.398976083624582],[36.81383888653289,-1.3990295611523278]]]},"id":"0018000000000001bea6","properties":{"FID":249140}},{"type":"Feature","geometry":{"type":"Polygon","coordinates":[[[36.81641625061511,-1.384042527086323],[36.8164430309388,-1.3841406640297296],[36.81650094540925,-1.3841272523751926],[36.81649207340821,-1.3840915667815965],[36.816527725702215,-1.3840826593566269],[36.81650989955736,-1.3840158076761258],[36.81641625061511,-1.384042527086323]]]},"id":"0018000000000001c69a","properties":{"FID":247605}},{"type":"Feature","geometry":{"type":"Polygon","coordinates":[[[36.804238412064755,-1.3989538003713675],[36.80424736769942,-1.3991276783223585],[36.80428746263766,-1.3991231987321135],[36.8042785891696,-1.3989493193903817],[36.804238412064755,-1.3989538003713675]]]},"id":"0018000000000001a0f7","properties":{"FID":249141}},{"type":"Feature","geometry":{"type":"Polygon","coordinates":[[[36.82039376159466,-1.3839221255274454],[36.82040715103633,-1.3839712210635653],[36.82044280143973,-1.3839622546282409],[36.82042941200453,-1.3839132185684533],[36.82039376159466,-1.3839221255274454]]]},"id":"001800000000000104fd","properties":{"FID":247606}},{"type":"Feature","geometry":{"type":"Polygon","coordinates":[[[36.81039199179844,-1.398913623882708],[36.810418774306704,-1.398980521321652],[36.81048564838004,-1.3989537844989537],[36.810503475979054,-1.3990028241695684],[36.81053913116416,-1.3989849842465547],[36.81049008474149,-1.398869068891568],[36.81039199179844,-1.398913623882708]]]},"id":"0018000000000000f7b3","properties":{"FID":249142}},{"type":"Feature","geometry":{"type":"Polygon","coordinates":[[[36.8151810592414,-1.3839310378404328],[36.815225666472244,-1.3839444394310378],[36.8152390568512,-1.3839087672213775],[36.81519888570705,-1.3838909458540922],[36.8151810592414,-1.3839310378404328]]]},"id":"0018000000000001216a","properties":{"FID":247607}},{"type":"Feature","geometry":{"type":"Polygon","coordinates":[[[36.81202406396928,-1.3949093909833619],[36.81204189119699,-1.3949941057302067],[36.81208198190533,-1.3949851688749602],[36.81206859095394,-1.3949004328586296],[36.81202406396928,-1.3949093909833619]]]},"id":"00180000000000015e93","properties":{"FID":248631}},{"type":"Feature","geometry":{"type":"Polygon","coordinates":[[[36.80422058295398,-1.3988601462615087],[36.80425180443546,-1.3988601114807397],[36.804247367699425,-1.398815522506567],[36.80422058295398,-1.3988199967875747],[36.80422058295398,-1.3988601462615087]]]},"id":"0018000000000000a759","properties":{"FID":249143}},{"type":"Feature","geometry":{"type":"Polygon","coordinates":[[[36.81524349292713,-1.3838641615586156],[36.81525244722773,-1.383931055501565],[36.81531931692447,-1.3839221189326543],[36.81531036263198,-1.383855284509013],[36.81524349292713,-1.3838641615586156]]]},"id":"0018000000000001ec5d","properties":{"FID":247608}},{"type":"Feature","geometry":{"type":"Polygon","coordinates":[[[36.80639660647261,-1.3946997712261855],[36.806494704720706,-1.394864804023519],[36.8065527091512,-1.3948290755881176],[36.806454610980104,-1.3946641025139597],[36.80639660647261,-1.3946997712261855]]]},"id":"00180000000000023c72","properties":{"FID":248632}},{"type":"Feature","geometry":{"type":"Polygon","coordinates":[[[36.815136451983605,-1.3988110828939047],[36.81514984237874,-1.3988556806026455],[36.81519001354957,-1.398842279130118],[36.81517662316172,-1.3987976814593066],[36.815136451983605,-1.3988110828939047]]]},"id":"001800000000000105e2","properties":{"FID":249144}},{"type":"Feature","geometry":{"type":"Polygon","coordinates":[[[36.81612191285929,-1.3838418666699912],[36.816175473710445,-1.383846367731699],[36.81617990973012,-1.3838017626739443],[36.81612643103074,-1.3837972601040356],[36.81612191285929,-1.3838418666699912]]]},"id":"00180000000000009760","properties":{"FID":247609}},{"type":"Feature","geometry":{"type":"Polygon","coordinates":[[[36.812429817178575,-1.3946106098327828],[36.81244764430834,-1.3946685631549312],[36.81263938837218,-1.3946150594397546],[36.812625997521856,-1.3945570850226117],[36.812429817178575,-1.3946106098327828]]]},"id":"0018000000000001bec6","properties":{"FID":248633}},{"type":"Feature","geometry":{"type":"Polygon","coordinates":[[[36.807850320441396,-1.3988199749471166],[36.807854756961106,-1.398953779082219],[36.80800633789103,-1.3989492857809458],[36.80800190138043,-1.3988155413951715],[36.807850320441396,-1.3988199749471166]]]},"id":"0018000000000001d646","properties":{"FID":249145}},{"type":"Feature","geometry":{"type":"Polygon","coordinates":[[[36.81601043715952,-1.3837036485708196],[36.81601939136712,-1.3837972921954822],[36.8161130408127,-1.3837838890026968],[36.816099650592236,-1.3836902662369737],[36.81601043715952,-1.3837036485708196]]]},"id":"00180000000000016a9b","properties":{"FID":247610}},{"type":"Feature","geometry":{"type":"Polygon","coordinates":[[[36.81233172681153,-1.3944678907303143],[36.81236738111412,-1.3945749365512905],[36.8124030353995,-1.3945660213581421],[36.81237181736254,-1.3944545537399573],[36.81233172681153,-1.3944678907303143]]]},"id":"00180000000000010b0c","properties":{"FID":248634}},{"type":"Feature","geometry":{"type":"Polygon","coordinates":[[[36.813954801664195,-1.3987664735693317],[36.814021672535986,-1.3988333491202631],[36.814084107201936,-1.3987709511790674],[36.81401723638667,-1.3987040757524039],[36.813954801664195,-1.3987664735693317]]]},"id":"0018000000000001151d","properties":{"FID":249146}},{"type":"Feature","geometry":{"type":"Polygon","coordinates":[[[36.81628694916105,-1.3832443725680488],[36.81630033934755,-1.3832755769362175],[36.81638059826728,-1.3832398869602733],[36.816367208095336,-1.3832086826506467],[36.81628694916105,-1.3832443725680488]]]},"id":"00180000000000008eaa","properties":{"FID":247611}},{"type":"Feature","geometry":{"type":"Polygon","coordinates":[[[36.80431424735886,-1.3944634530361282],[36.804568373080464,-1.3945481555641113],[36.80459959441501,-1.3944545121147163],[36.804349905530934,-1.3943653872840058],[36.80431424735886,-1.3944634530361282]]]},"id":"00180000000000029506","properties":{"FID":248635}},{"type":"Feature","geometry":{"type":"Polygon","coordinates":[[[36.81483775517631,-1.3986728531944874],[36.81485558172485,-1.3987040480354915],[36.814904625248595,-1.398677281715834],[36.81488679871191,-1.3986416264811212],[36.81483775517631,-1.3986728531944874]]]},"id":"00180000000000017cd6","properties":{"FID":249147}},{"type":"Feature","geometry":{"type":"Polygon","coordinates":[[[36.816006001129665,-1.3832042101410382],[36.81601939136712,-1.383271140982733],[36.81610408661646,-1.3832577220301634],[36.81609069639437,-1.3831863923729746],[36.816006001129665,-1.3832042101410382]]]},"id":"00180000000000008f22","properties":{"FID":247612}},{"type":"Feature","geometry":{"type":"Polygon","coordinates":[[[36.81260817043514,-1.394347551101198],[36.81263938837219,-1.394530318902494],[36.812719651270825,-1.3945169639992696],[36.81268843336769,-1.394334136982503],[36.81260817043514,-1.394347551101198]]]},"id":"0018000000000000b2d3","properties":{"FID":248636}},{"type":"Feature","geometry":{"type":"Polygon","coordinates":[[[36.81373627971986,-1.3981511134998692],[36.813776451659635,-1.3981734553711531],[36.81380766910286,-1.3981109746951135],[36.813767497180066,-1.398088692314907],[36.81373627971986,-1.3981511134998692]]]},"id":"00180000000000014995","properties":{"FID":249148}},{"type":"Feature","geometry":{"type":"Polygon","coordinates":[[[36.816318165542995,-1.3831596351130218],[36.81633599173413,-1.3832131698840515],[36.8163716441035,-1.383199745279043],[36.816353817920955,-1.3831507283307471],[36.816318165542995,-1.3831596351130218]]]},"id":"00180000000000014cfe","properties":{"FID":247613}},{"type":"Feature","geometry":{"type":"Polygon","coordinates":[[[36.81303174742431,-1.3941647111396271],[36.81304965656079,-1.3942761814296414],[36.813107573692584,-1.394267277446399],[36.813089746722106,-1.3941558057692411],[36.81303174742431,-1.3941647111396271]]]},"id":"0018000000000001d94a","properties":{"FID":248637}},{"type":"Feature","geometry":{"type":"Polygon","coordinates":[[[36.804867193575625,-1.397785503131281],[36.8048805036713,-1.397816724348058],[36.80492955381801,-1.3977899562392535],[36.80491624373117,-1.3977587350619405],[36.804867193575625,-1.397785503131281]]]},"id":"0018000000000000e09c","properties":{"FID":249149}},{"type":"Feature","geometry":{"type":"Polygon","coordinates":[[[36.815533315976985,-1.3830971872236104],[36.81555566056399,-1.383168533808532],[36.81567600905047,-1.3831328924398265],[36.81565374664899,-1.383061544544592],[36.815533315976985,-1.3830971872236104]]]},"id":"0018000000000001bbd3","properties":{"FID":247614}},{"type":"Feature","geometry":{"type":"Polygon","coordinates":[[[36.806592802838566,-1.3940844184959056],[36.80668202764674,-1.3940844598368065],[36.80668202764674,-1.3940086348650789],[36.806592802838566,-1.3940086529101707],[36.806592802838566,-1.3940844184959056]]]},"id":"0018000000000000da82","properties":{"FID":248638}},{"type":"Feature","geometry":{"type":"Polygon","coordinates":[[[36.81414210567326,-1.3975670080136449],[36.8141554962487,-1.3975937635291857],[36.814204540237384,-1.397566998544282],[36.81419114967084,-1.3975402430619601],[36.81414210567326,-1.3975670080136449]]]},"id":"0018000000000000f7f8","properties":{"FID":249150}},{"type":"Feature","geometry":{"type":"Polygon","coordinates":[[[36.819765030108336,-1.3805376626842973],[36.819782855467245,-1.3805778181633415],[36.819979098419715,-1.3804930882551154],[36.81996570890039,-1.3804529718528225],[36.819765030108336,-1.3805376626842973]]]},"id":"001800000000000133ff","properties":{"FID":247615}},{"type":"Feature","geometry":{"type":"Polygon","coordinates":[[[36.80648139491579,-1.3940175194769393],[36.80649470472071,-1.3940531975537376],[36.8065527091512,-1.394026450615791],[36.8065393171975,-1.393995234377339],[36.80648139491579,-1.3940175194769393]]]},"id":"00180000000000016990","properties":{"FID":248639}},{"type":"Feature","geometry":{"type":"Polygon","coordinates":[[[36.812924785427064,-1.3974733721862906],[36.8129336578567,-1.3975045519631901],[36.81300052965311,-1.397482278643831],[36.81298722102032,-1.3974510609175221],[36.812924785427064,-1.3974733721862906]]]},"id":"0018000000000000f79a","properties":{"FID":249151}},{"type":"Feature","geometry":{"type":"Polygon","coordinates":[[[36.80648139491579,-1.393946214223571],[36.80662854207024,-1.3939506729620186],[36.80662854207024,-1.3939283715543564],[36.80665524378378,-1.3939283614166813],[36.806659762534345,-1.3938882556464205],[36.8064858315177,-1.3938837489507745],[36.80648139491579,-1.393946214223571]]]},"id":"0018000000000001a06b","properties":{"FID":248640}},{"type":"Feature","geometry":{"type":"Polygon","coordinates":[[[36.814931323970605,-1.397451029335122],[36.814971495260316,-1.397553596310601],[36.815011584378354,-1.397535796664233],[36.814971495260316,-1.3974376885564166],[36.814931323970605,-1.397451029335122]]]},"id":"0018000000000001c260","properties":{"FID":249152}},{"type":"Feature","geometry":{"type":"Polygon","coordinates":[[[36.806673072307134,-1.3939194732524895],[36.80671324808823,-1.3939194558065193],[36.80670881149997,-1.3938347319602185],[36.806673072307134,-1.3938347281047174],[36.806673072307134,-1.3939194732524895]]]},"id":"001800000000000121db","properties":{"FID":248641}},{"type":"Feature","geometry":{"type":"Polygon","coordinates":[[[36.814204540237384,-1.3974020262033724],[36.81423575749965,-1.3974510552064365],[36.81426245646349,-1.3974376628282823],[36.81423123921251,-1.3973886338560313],[36.814204540237384,-1.3974020262033724]]]},"id":"0018000000000000e1d6","properties":{"FID":249153}},{"type":"Feature","geometry":{"type":"Polygon","coordinates":[[[36.80704319805302,-1.393848094045454],[36.80707441834191,-1.3938838026186613],[36.807105638617614,-1.3938570082551371],[36.807078854908205,-1.3938213379247884],[36.80704319805302,-1.393848094045454]]]},"id":"0018000000000000d0d1","properties":{"FID":248642}},{"type":"Feature","geometry":{"type":"Polygon","coordinates":[[[36.813981582880565,-1.3972459397472292],[36.81408410720193,-1.3974421662641423],[36.81414654181509,-1.3974064743774548],[36.8140440175804,-1.397214708469077],[36.813981582880565,-1.3972459397472292]]]},"id":"0018000000000002249a","properties":{"FID":249154}},{"type":"Feature","geometry":{"type":"Polygon","coordinates":[[[36.80677568893166,-1.393825783929336],[36.80681134591594,-1.3939060739932347],[36.80687378667646,-1.3938793061091543],[36.8068425663028,-1.3937990543729704],[36.80677568893166,-1.393825783929336]]]},"id":"0018000000000001a737","properties":{"FID":248643}},{"type":"Feature","geometry":{"type":"Polygon","coordinates":[[[36.81344201343336,-1.3972102890486655],[36.813468794835686,-1.3972504191437605],[36.813522275459725,-1.3972191726391074],[36.81349105789586,-1.3971790640620059],[36.81344201343336,-1.3972102890486655]]]},"id":"00180000000000010c13","properties":{"FID":249155}},{"type":"Feature","geometry":{"type":"Polygon","coordinates":[[[36.807275049462554,-1.39380349517818],[36.807368709995735,-1.3938124359803732],[36.80739549360006,-1.3935894734572483],[36.80730183310083,-1.3935760722593933],[36.807275049462554,-1.39380349517818]]]},"id":"00180000000000027506","properties":{"FID":248644}},{"type":"Feature","geometry":{"type":"Polygon","coordinates":[[[36.81498036744405,-1.397156768681179],[36.815042801299455,-1.39723704373017],[36.815136451983605,-1.3971656959059116],[36.815074018207376,-1.3970854210658765],[36.81498036744405,-1.397156768681179]]]},"id":"001800000000000187b0","properties":{"FID":249156}},{"type":"Feature","geometry":{"type":"Polygon","coordinates":[[[36.813156618377185,-1.3934378529741491],[36.81319679063227,-1.3936474491799808],[36.81329044365743,-1.3936296298781883],[36.81327705292515,-1.3935716574384243],[36.81333948822059,-1.3935627314099508],[36.813330533688045,-1.3935091977017782],[36.813250271453285,-1.3935270704526606],[36.81322800832053,-1.3934066433137844],[36.81326366219043,-1.3933977290217598],[36.81324583525763,-1.3933130191683027],[36.81317444533152,-1.3933263893032617],[36.81319227228156,-1.3934289386537642],[36.813156618377185,-1.3934378529741491]]]},"id":"0018000000000002d01b","properties":{"FID":248645}},{"type":"Feature","geometry":{"type":"Polygon","coordinates":[[[36.81495366873977,-1.3970987970368853],[36.814975931352315,-1.3971344889872042],[36.815029493034714,-1.3971032417043328],[36.815002712198364,-1.3970675727630406],[36.81495366873977,-1.3970987970368853]]]},"id":"0018000000000000e261","properties":{"FID":249157}},{"type":"Feature","geometry":{"type":"Polygon","coordinates":[[[36.81021806956831,-1.393313037333476],[36.81024485213963,-1.393375465878284],[36.81028050744958,-1.3933620318742077],[36.81025372489118,-1.3932952028486802],[36.81021806956831,-1.393313037333476]]]},"id":"0018000000000000e7a5","properties":{"FID":248646}},{"type":"Feature","geometry":{"type":"Polygon","coordinates":[[[36.81480653816853,-1.3970943449406297],[36.81484662737613,-1.397156770501326],[36.81489567090582,-1.3971255461007153],[36.81485558172485,-1.397063120620717],[36.81480653816853,-1.3970943449406297]]]},"id":"0018000000000000e202","properties":{"FID":249158}},{"type":"Feature","geometry":{"type":"Polygon","coordinates":[[[36.811194641281716,-1.393348672052001],[36.811248123552495,-1.3933665497717826],[36.81126595096748,-1.3933040835477644],[36.811212468709606,-1.393286265289185],[36.811194641281716,-1.393348672052001]]]},"id":"00180000000000016e3d","properties":{"FID":248647}},{"type":"Feature","geometry":{"type":"Polygon","coordinates":[[[36.81350444858934,-1.3970140857193534],[36.81353122996903,-1.397089898044345],[36.81367392691116,-1.397036387972912],[36.81364714558322,-1.3969605758860202],[36.81350444858934,-1.3970140857193534]]]},"id":"00180000000000022f1c","properties":{"FID":249159}},{"type":"Feature","geometry":{"type":"Polygon","coordinates":[[[36.81280878652685,-1.3933754404180476],[36.81287122221816,-1.393379894138845],[36.81288017680641,-1.3932817928342704],[36.812817741122664,-1.393277339050394],[36.81280878652685,-1.3933754404180476]]]},"id":"0018000000000001124c","properties":{"FID":248648}},{"type":"Feature","geometry":{"type":"Polygon","coordinates":[[[36.8138656677913,-1.396594893467186],[36.81388349457448,-1.3966483884098682],[36.8139949734851,-1.396612754970968],[36.813977146728824,-1.396559260151788],[36.8138656677913,-1.396594893467186]]]},"id":"001800000000000179f8","properties":{"FID":249160}},{"type":"Feature","geometry":{"type":"Polygon","coordinates":[[[36.806004212177825,-1.393255051149471],[36.80607560903353,-1.3933843481571262],[36.80615136028256,-1.393339795192974],[36.8060800456598,-1.3932104374755419],[36.806004212177825,-1.393255051149471]]]},"id":"0018000000000001be8b","properties":{"FID":248649}},{"type":"Feature","geometry":{"type":"Polygon","coordinates":[[[36.81351783928041,-1.3965592510424027],[36.813580274372285,-1.3966885299419123],[36.813642709411404,-1.3966618191790716],[36.813580274372285,-1.3965280207629749],[36.81351783928041,-1.3965592510424027]]]},"id":"00180000000000024b41","properties":{"FID":249161}},{"type":"Feature","geometry":{"type":"Polygon","coordinates":[[[36.81168066307512,-1.3931970532373477],[36.8117030088278,-1.393241662046496],[36.81175649073049,-1.393210480709804],[36.811734144993984,-1.3931658719630966],[36.81168066307512,-1.3931970532373477]]]},"id":"00180000000000012724","properties":{"FID":248650}},{"type":"Feature","geometry":{"type":"Polygon","coordinates":[[[36.809014158312266,-1.3961177777840985],[36.8090319862664,-1.3961578940842485],[36.80906764216175,-1.3961400566141857],[36.809054250663905,-1.3960999784295125],[36.809014158312266,-1.3961177777840985]]]},"id":"00180000000000011659","properties":{"FID":249162}},{"type":"Feature","geometry":{"type":"Polygon","coordinates":[[[36.81239859915294,-1.3931346372759197],[36.812407471645784,-1.3932773104433118],[36.812523471176306,-1.393268421101384],[36.812514516544816,-1.3931302095197118],[36.81239859915294,-1.3931346372759197]]]},"id":"0018000000000001f419","properties":{"FID":248651}},{"type":"Feature","geometry":{"type":"Polygon","coordinates":[[[36.80438112695779,-1.3957565709094786],[36.80439451930263,-1.3958323958090795],[36.80447922788158,-1.395814556129562],[36.80446583555209,-1.3957387908226182],[36.80438112695779,-1.3957565709094786]]]},"id":"0018000000000000ebfa","properties":{"FID":249163}},{"type":"Feature","geometry":{"type":"Polygon","coordinates":[[[36.81308974672211,-1.3931480504965406],[36.81312991901356,-1.3932372297055706],[36.81322800832053,-1.393192630938707],[36.81318783608241,-1.3931034519351762],[36.81308974672211,-1.3931480504965406]]]},"id":"0018000000000000ee2d","properties":{"FID":248652}},{"type":"Feature","geometry":{"type":"Polygon","coordinates":[[[36.809598288579664,-1.3956629372416107],[36.80964289918239,-1.3957120206897113],[36.809718646773945,-1.3956495635119754],[36.809674118372705,-1.395600538141076],[36.809598288579664,-1.3956629372416107]]]},"id":"0018000000000000ad6e","properties":{"FID":249164}},{"type":"Feature","geometry":{"type":"Polygon","coordinates":[[[36.80612013960364,-1.3931658792427029],[36.80613353163333,-1.3932149358886114],[36.80617370770779,-1.393205998386693],[36.806169188927505,-1.3931747996343251],[36.8062405856238,-1.3931614288433085],[36.806227193613516,-1.3931034519398167],[36.806164752306586,-1.3931168381990457],[36.80617370770779,-1.3931569360941656],[36.80612013960364,-1.3931658792427029]]]},"id":"001800000000000186a5","properties":{"FID":248653}},{"type":"Feature","geometry":{"type":"Polygon","coordinates":[[[36.81335731513079,-1.3951412326748849],[36.81336175131976,-1.395190272040625],[36.813419750358385,-1.3951858257481653],[36.81341523202131,-1.395136787920902],[36.81335731513079,-1.3951412326748849]]]},"id":"0018000000000000fe79","properties":{"FID":249165}},{"type":"Feature","geometry":{"type":"Polygon","coordinates":[[[36.81136404274993,-1.393041007337637],[36.811448825492114,-1.3930766905114267],[36.811520134932486,-1.3928983062773934],[36.81143099812126,-1.3928671027316837],[36.81136404274993,-1.393041007337637]]]},"id":"00180000000000023e37","properties":{"FID":248654}},{"type":"Feature","geometry":{"type":"Polygon","coordinates":[[[36.811662835760224,-1.392947385957521],[36.8117118814042,-1.3929473858939847],[36.8117118814042,-1.392871568207271],[36.811662835760224,-1.392871568224261],[36.811662835760224,-1.392947385957521]]]},"id":"00180000000000011993","properties":{"FID":248655}},{"type":"Feature","geometry":{"type":"Polygon","coordinates":[[[36.83294615919168,-1.3996627553943963],[36.83297285138751,-1.3997340958303905],[36.83305760931149,-1.3996984150837404],[36.8330709964553,-1.3997386035375317],[36.83315567213687,-1.3997029243220738],[36.83308881860004,-1.399537895356433],[36.832968416377184,-1.3995869522008866],[36.83299075568578,-1.3996449339809802],[36.83294615919168,-1.3996627553943963]]]},"id":"00180000000000027371","properties":{"FID":256335}},{"type":"Feature","geometry":{"type":"Polygon","coordinates":[[[36.81320122683088,-1.3928893761813974],[36.81331714296302,-1.3928938683407472],[36.81331714296302,-1.3928180522956863],[36.81320122683088,-1.3928136194998315],[36.81320122683088,-1.3928893761813974]]]},"id":"00180000000000014dfd","properties":{"FID":248656}},{"type":"Feature","geometry":{"type":"Polygon","coordinates":[[[36.833989529402885,-1.3993907901142697],[36.83399848142914,-1.3994308805070952],[36.83403864234093,-1.3994220001166995],[36.834025255372765,-1.3993818719353384],[36.833989529402885,-1.3993907901142697]]]},"id":"00180000000000012887","properties":{"FID":256336}},{"type":"Feature","geometry":{"type":"Polygon","coordinates":[[[36.81152457123179,-1.392800227459378],[36.81156474437458,-1.3928091301694345],[36.81156918067121,-1.3927734301033956],[36.811529089684534,-1.392768985746841],[36.81152457123179,-1.392800227459378]]]},"id":"0018000000000000c119","properties":{"FID":248657}},{"type":"Feature","geometry":{"type":"Polygon","coordinates":[[[36.83154147902185,-1.3989359648429092],[36.83158607636528,-1.3989359226235734],[36.831590593590086,-1.3988735255118396],[36.83154599624939,-1.3988735082359596],[36.83154147902185,-1.3989359648429092]]]},"id":"00180000000000014b37","properties":{"FID":256337}},{"type":"Feature","geometry":{"type":"Polygon","coordinates":[[[36.806360949288184,-1.392800225683958],[36.80638329665002,-1.3928091559296856],[36.80639660647261,-1.3927690104922839],[36.80637434127421,-1.3927645388963743],[36.806360949288184,-1.392800225683958]]]},"id":"0018000000000000a725","properties":{"FID":248658}},{"type":"Feature","geometry":{"type":"Polygon","coordinates":[[[36.83101977844558,-1.3987441669377225],[36.83106881122926,-1.399100927854973],[36.83127841163894,-1.3990741441845331],[36.83122937899459,-1.3987129844041881],[36.83101977844558,-1.3987441669377225]]]},"id":"0018000000000002d337","properties":{"FID":256338}},{"type":"Feature","geometry":{"type":"Polygon","coordinates":[[[36.80598194686119,-1.3927823777808985],[36.8062405856238,-1.3928894170640094],[36.80630746347927,-1.3927378046252095],[36.80621380160082,-1.3926976416433816],[36.80618258094829,-1.3927778972852718],[36.806013167598486,-1.3927065820846707],[36.80598194686119,-1.3927823777808985]]]},"id":"00180000000000028ec4","properties":{"FID":248659}},{"type":"Feature","geometry":{"type":"Polygon","coordinates":[[[36.833548086392845,-1.39849003107049],[36.8335659084223,-1.3985345963849192],[36.833726470751515,-1.3984722038971502],[36.83371308372668,-1.3984276171545538],[36.833548086392845,-1.39849003107049]]]},"id":"0018000000000002292f","properties":{"FID":256339}},{"type":"Feature","geometry":{"type":"Polygon","coordinates":[[[36.81493584221491,-1.3924390352280653],[36.814993757867484,-1.3924479716715468],[36.81499827610797,-1.3924078124145174],[36.81494471440294,-1.3923989157088321],[36.81493584221491,-1.3924390352280653]]]},"id":"0018000000000000a50c","properties":{"FID":248660}},{"type":"Feature","geometry":{"type":"Polygon","coordinates":[[[36.830984133151894,-1.3983963809761235],[36.83102421357309,-1.3986996093925872],[36.83123381410949,-1.3986728270797741],[36.83119816891923,-1.398369637570708],[36.830984133151894,-1.3983963809761235]]]},"id":"001800000000000296e0","properties":{"FID":256340}},{"type":"Feature","geometry":{"type":"Polygon","coordinates":[[[36.814717323173525,-1.392300776294517],[36.8147217592808,-1.392345410759608],[36.814761930684504,-1.3923409342795987],[36.81475741242956,-1.3922963607977745],[36.814717323173525,-1.392300776294517]]]},"id":"0018000000000000aead","properties":{"FID":248661}},{"type":"Feature","geometry":{"type":"Polygon","coordinates":[[[36.831849224781955,-1.3951323451350268],[36.831889304733075,-1.3951367869566202],[36.8318937398083,-1.3950921753238787],[36.831849224781955,-1.3950877548803031],[36.831849224781955,-1.3951323451350268]]]},"id":"0018000000000000ae5a","properties":{"FID":256085}},{"type":"Feature","geometry":{"type":"Polygon","coordinates":[[[36.83135865427135,-1.398476646363161],[36.8313898642788,-1.3984766706572893],[36.8313898642788,-1.3983696430992076],[36.83135865427134,-1.3983696187633199],[36.83135865427135,-1.398476646363161]]]},"id":"0018000000000000a706","properties":{"FID":256341}},{"type":"Feature","geometry":{"type":"Polygon","coordinates":[[[36.80599082012471,-1.3921759364708168],[36.80603099627677,-1.3921893001795227],[36.80604882495075,-1.3921447321276321],[36.8060087309682,-1.3921269068433155],[36.80599082012471,-1.3921759364708168]]]},"id":"001800000000000148b2","properties":{"FID":248662}},{"type":"Feature","geometry":{"type":"Polygon","coordinates":[[[36.832370919491616,-1.394989659549414],[36.83238430676006,-1.3950654560777689],[36.83247793544084,-1.3950475780482112],[36.83246454818938,-1.3949717816460456],[36.832370919491616,-1.394989659549414]]]},"id":"0018000000000001c721","properties":{"FID":256086}},{"type":"Feature","geometry":{"type":"Polygon","coordinates":[[[36.83125615394346,-1.3983428914835307],[36.83143897894799,-1.3983384212935],[36.831438978948,-1.3982982861064432],[36.83125615394346,-1.3983027561993542],[36.83125615394346,-1.3983428914835307]]]},"id":"0018000000000000e3fc","properties":{"FID":256342}},{"type":"Feature","geometry":{"type":"Polygon","coordinates":[[[36.80599977554701,-1.3921179710299365],[36.80604882495075,-1.3921358119674847],[36.80607109024723,-1.392055542286345],[36.806026559647556,-1.3920421387660107],[36.80599977554701,-1.3921179710299365]]]},"id":"00180000000000018990","properties":{"FID":248663}},{"type":"Feature","geometry":{"type":"Polygon","coordinates":[[[36.833004060711936,-1.3950520774948265],[36.83305317430626,-1.3951055814184135],[36.83316018926554,-1.3950164135299272],[36.83312002787538,-1.3949673244231127],[36.83308881860004,-1.3949941118842533],[36.83305317430626,-1.394953977193187],[36.8330085778499,-1.3949896293145534],[36.83303527002316,-1.3950252899390432],[36.833004060711936,-1.3950520774948265]]]},"id":"0018000000000001e6ed","properties":{"FID":256087}},{"type":"Feature","geometry":{"type":"Polygon","coordinates":[[[36.83106881122926,-1.398186784036639],[36.83107776361005,-1.398258150430186],[36.83122937899459,-1.3982358776625798],[36.831215991516515,-1.398160073557289],[36.83106881122926,-1.398186784036639]]]},"id":"00180000000000019721","properties":{"FID":256343}},{"type":"Feature","geometry":{"type":"Polygon","coordinates":[[[36.80566086546052,-1.3897189718859115],[36.80570991508924,-1.3897278935631039],[36.805718870545576,-1.389683311664336],[36.80566538427189,-1.3896744109952117],[36.80566086546052,-1.3897189718859115]]]},"id":"00180000000000015989","properties":{"FID":248664}},{"type":"Feature","geometry":{"type":"Polygon","coordinates":[[[36.83272761134181,-1.3949896380055482],[36.832772207968056,-1.3950387059905967],[36.83282123958678,-1.3949985733430519],[36.83277664299018,-1.3949495054245131],[36.83272761134181,-1.3949896380055482]]]},"id":"001800000000000125ac","properties":{"FID":256088}},{"type":"Feature","geometry":{"type":"Polygon","coordinates":[[[36.83250019276764,-1.397633894920127],[36.832504709936465,-1.3977141396771053],[36.83254478953138,-1.3977141211580995],[36.832540354495315,-1.3976294156271234],[36.83250019276764,-1.397633894920127]]]},"id":"0018000000000000a496","properties":{"FID":256344}},{"type":"Feature","geometry":{"type":"Polygon","coordinates":[[[36.805379959170715,-1.3897501727426935],[36.805469185443414,-1.3897456997225044],[36.80546466662004,-1.3896922046632323],[36.80555389279047,-1.3896877317152225],[36.80555389279047,-1.3896788716023183],[36.80569208633349,-1.3896788620764493],[36.805687649683925,-1.389562929006557],[36.805540500655745,-1.3895673821639465],[36.80554050065574,-1.3896164397136221],[36.805379959170715,-1.3896208980538671],[36.805379959170715,-1.3897501727426935]]]},"id":"00180000000000027ef1","properties":{"FID":248665}},{"type":"Feature","geometry":{"type":"Polygon","coordinates":[[[36.83278116014208,-1.3948915162042177],[36.83283462677349,-1.3949762723507797],[36.83290156267063,-1.3949361107486562],[36.83284801395778,-1.394851415697205],[36.83278116014208,-1.3948915162042177]]]},"id":"0018000000000000ef4b","properties":{"FID":256089}},{"type":"Feature","geometry":{"type":"Polygon","coordinates":[[[36.83217470949295,-1.3976026780440671],[36.83219253185429,-1.3976739992129896],[36.83250019276764,-1.3975893017787342],[36.832477935440835,-1.3975179431203075],[36.83217470949295,-1.3976026780440671]]]},"id":"00180000000000026394","properties":{"FID":256345}},{"type":"Feature","geometry":{"type":"Polygon","coordinates":[[[36.80497860393217,-1.3894113135709365],[36.80500095171208,-1.389446943313746],[36.805041046241435,-1.3894246901913518],[36.80502321732431,-1.3893889785251214],[36.80497860393217,-1.3894113135709365]]]},"id":"00180000000000018589","properties":{"FID":248666}},{"type":"Feature","geometry":{"type":"Polygon","coordinates":[[[36.832419951377105,-1.3948603474614003],[36.83242438642042,-1.3949361284974573],[36.83251801505031,-1.3949272280739127],[36.83251358001263,-1.394855846648476],[36.832419951377105,-1.3948603474614003]]]},"id":"00180000000000010cf0","properties":{"FID":256090}},{"type":"Feature","geometry":{"type":"Polygon","coordinates":[[[36.83538529321776,-1.3974555146078569],[36.83540311480322,-1.3975446691675202],[36.835447709811554,-1.3975357687925578],[36.835452144672786,-1.3975670206967445],[36.835541334603185,-1.3975491604741856],[36.835514561210005,-1.3974243181886188],[36.83538529321776,-1.3974555146078569]]]},"id":"0018000000000002787f","properties":{"FID":256346}},{"type":"Feature","geometry":{"type":"Polygon","coordinates":[[[36.80576348349078,-1.3893666921318988],[36.80579018551692,-1.3894157406440133],[36.805816969693446,-1.3894023513255027],[36.80584819050046,-1.3894469770638738],[36.80591063207491,-1.3894068366578314],[36.805883847932336,-1.3893622494495659],[36.80590611327853,-1.3893488826789966],[36.80587489249599,-1.3892953376221655],[36.80576348349078,-1.3893666921318988]]]},"id":"001800000000000247f0","properties":{"FID":248667}},{"type":"Feature","geometry":{"type":"Polygon","coordinates":[[[36.83286140113964,-1.3948335737652164],[36.832923819869585,-1.3949093675675197],[36.8329773685274,-1.3948647534093113],[36.832919384856304,-1.3947889977957288],[36.83286140113964,-1.3948335737652164]]]},"id":"0018000000000001f245","properties":{"FID":256091}},{"type":"Feature","geometry":{"type":"Polygon","coordinates":[[[36.829120205247484,-1.397312818237249],[36.82925843682215,-1.3973128513722137],[36.82925843682215,-1.397237040697581],[36.82912020524749,-1.3972325479775056],[36.829120205247484,-1.397312818237249]]]},"id":"0018000000000001daeb","properties":{"FID":256347}},{"type":"Feature","geometry":{"type":"Polygon","coordinates":[[[36.80552710851859,-1.3889832211765574],[36.80557172157957,-1.3890590001829242],[36.80569208633349,-1.3889921222797568],[36.805647473345175,-1.38891188381818],[36.80552710851859,-1.3889832211765574]]]},"id":"0018000000000001b250","properties":{"FID":248668}},{"type":"Feature","geometry":{"type":"Polygon","coordinates":[[[36.83247793544084,-1.3947488275384876],[36.832482370480655,-1.394829126685288],[36.83257156400275,-1.3948246472941939],[36.83257156400275,-1.3947443863232485],[36.83247793544084,-1.3947488275384876]]]},"id":"001800000000000111e3","properties":{"FID":256092}},{"type":"Feature","geometry":{"type":"Polygon","coordinates":[[[36.83080130701998,-1.396915984966611],[36.83080574216062,-1.3969650160097504],[36.830881550171405,-1.3969560811688522],[36.83088155017141,-1.396911488004084],[36.83080130701998,-1.396915984966611]]]},"id":"00180000000000013a3f","properties":{"FID":256348}},{"type":"Feature","geometry":{"type":"Polygon","coordinates":[[[36.80512131739572,-1.3889296889722313],[36.80519715178377,-1.3889386605350207],[36.805219417336886,-1.3887959626391477],[36.80514366513246,-1.3887870489548961],[36.80512131739572,-1.3889296889722313]]]},"id":"001800000000000268b8","properties":{"FID":248669}},{"type":"Feature","geometry":{"type":"Polygon","coordinates":[[[36.83207212816827,-1.394731015399787],[36.83213011250544,-1.3947444056874017],[36.832139064757406,-1.3947042308066846],[36.83208108042728,-1.39469089996018],[36.83207212816827,-1.394731015399787]]]},"id":"00180000000000018a1d","properties":{"FID":256093}},{"type":"Feature","geometry":{"type":"Polygon","coordinates":[[[36.83020822775588,-1.396568160957185],[36.830275083903636,-1.3965681301503319],[36.830270648731094,-1.3965012621425221],[36.830208227755875,-1.3965057307218949],[36.83020822775588,-1.396568160957185]]]},"id":"00180000000000014d54","properties":{"FID":256349}},{"type":"Feature","geometry":{"type":"Polygon","coordinates":[[[36.81240747164578,-1.3860001048055641],[36.81242538093365,-1.3860625029708762],[36.812474426071255,-1.3860535892483266],[36.812456516795294,-1.3859867322132582],[36.81240747164578,-1.3860001048055641]]]},"id":"00180000000000012fc6","properties":{"FID":248670}},{"type":"Feature","geometry":{"type":"Polygon","coordinates":[[[36.83195624148812,-1.3946462667596315],[36.83200075644987,-1.3946641237108541],[36.832014143785514,-1.3946195280000413],[36.83196954670091,-1.394606131500189],[36.83195624148812,-1.3946462667596315]]]},"id":"001800000000000106ad","properties":{"FID":256094}},{"type":"Feature","geometry":{"type":"Polygon","coordinates":[[[36.83252696725519,-1.396429946978925],[36.83253591945898,-1.396461116661896],[36.83261616072335,-1.396443302209233],[36.83261172569157,-1.3964121096029685],[36.83252696725519,-1.396429946978925]]]},"id":"001800000000000102dd","properties":{"FID":256350}},{"type":"Feature","geometry":{"type":"Polygon","coordinates":[[[36.81473514975113,-1.3859019755717672],[36.81481541037209,-1.3859421383164507],[36.81483323692601,-1.3859019839003182],[36.81484662737613,-1.3859108969180376],[36.8148822804646,-1.3858395652533664],[36.81479314771114,-1.3857905266855275],[36.81473514975113,-1.3859019755717672]]]},"id":"0018000000000001b2a1","properties":{"FID":248671}},{"type":"Feature","geometry":{"type":"Polygon","coordinates":[[[36.83208551549096,-1.3946195353368136],[36.83209890281121,-1.3946552007878326],[36.832161322186465,-1.394628439191286],[36.83214793487754,-1.3945927737920196],[36.83208551549096,-1.3946195353368136]]]},"id":"0018000000000001185d","properties":{"FID":256095}},{"type":"Feature","geometry":{"type":"Polygon","coordinates":[[[36.82642689654389,-1.3963675058598188],[36.82644028489104,-1.396416553900208],[36.82650270905431,-1.3963987068658805],[36.82648932071848,-1.3963496588868802],[36.82642689654389,-1.3963675058598188]]]},"id":"0018000000000001825a","properties":{"FID":256351}},{"type":"Feature","geometry":{"type":"Polygon","coordinates":[[[36.81258138872073,-1.3856790082644683],[36.812625997521856,-1.3856834923237051],[36.81262599752186,-1.3856433624840818],[36.812585907108804,-1.3856433744294523],[36.81258138872073,-1.3856790082644683]]]},"id":"0018000000000000bfeb","properties":{"FID":248672}},{"type":"Feature","geometry":{"type":"Polygon","coordinates":[[[36.83228172572687,-1.3946150679549374],[36.83231293534375,-1.3946106348018688],[36.832308500293735,-1.394539253833458],[36.83228172572688,-1.3945392661096658],[36.83228172572687,-1.3946150679549374]]]},"id":"0018000000000000b9c8","properties":{"FID":256096}},{"type":"Feature","geometry":{"type":"Polygon","coordinates":[[[36.83233075767168,-1.3962693707015816],[36.83237535453787,-1.3965101841757497],[36.83242438642042,-1.3965012629213203],[36.83237978958386,-1.396260449654065],[36.83233075767168,-1.3962693707015816]]]},"id":"00180000000000019bf8","properties":{"FID":256352}},{"type":"Feature","geometry":{"type":"Polygon","coordinates":[[[36.81441410639497,-1.3856433500654723],[36.81457462824751,-1.3857726628429903],[36.814605845353334,-1.3857370222556926],[36.81444532356865,-1.3856032508326965],[36.81441410639497,-1.3856433500654723]]]},"id":"0018000000000001d666","properties":{"FID":248673}},{"type":"Feature","geometry":{"type":"Polygon","coordinates":[[[36.83252253221804,-1.3945927845112196],[36.83261616072335,-1.3945927429618985],[36.83261172569157,-1.3945303395677346],[36.83252253221804,-1.3945303596788303],[36.83252253221804,-1.3945927845112196]]]},"id":"00180000000000014d1a","properties":{"FID":256097}},{"type":"Feature","geometry":{"type":"Polygon","coordinates":[[[36.82652053278598,-1.3962961703425483],[36.82656513316478,-1.3963005892176423],[36.82657408609208,-1.3962337122252906],[36.82652948571869,-1.396224774394945],[36.82652053278598,-1.3962961703425483]]]},"id":"0018000000000001645a","properties":{"FID":256353}},{"type":"Feature","geometry":{"type":"Polygon","coordinates":[[[36.814855581724856,-1.3855675295147465],[36.81506070994825,-1.3856879490264635],[36.81510975333575,-1.385603237440929],[36.814904625248595,-1.3854828180894503],[36.814855581724856,-1.3855675295147465]]]},"id":"00180000000000027432","properties":{"FID":248674}},{"type":"Feature","geometry":{"type":"Polygon","coordinates":[[[36.83191164436851,-1.3945303737791817],[36.83191607944238,-1.3945704829572376],[36.83199188631204,-1.3945660100296793],[36.83198745124272,-1.3945259008949056],[36.83191164436851,-1.3945303737791817]]]},"id":"0018000000000000a7ee","properties":{"FID":256098}},{"type":"Feature","geometry":{"type":"Polygon","coordinates":[[[36.826810393697926,-1.3961088778874293],[36.826814829078494,-1.3961623697274403],[36.826921853088066,-1.3961534608979544],[36.826921853088066,-1.396104407134534],[36.826810393697926,-1.3961088778874293]]]},"id":"001800000000000148c2","properties":{"FID":256354}},{"type":"Feature","geometry":{"type":"Polygon","coordinates":[[[36.81243425342325,-1.3856300069112768],[36.81249225319025,-1.3856299682030544],[36.812496689431185,-1.3854872637208073],[36.812438689667665,-1.385487302325408],[36.81243425342325,-1.3856300069112768]]]},"id":"00180000000000017855","properties":{"FID":248675}},{"type":"Feature","geometry":{"type":"Polygon","coordinates":[[[36.83183132020659,-1.3945125153245195],[36.831835837416385,-1.3946685560210061],[36.831889304733075,-1.394664133380598],[36.83188043458184,-1.3945080532212561],[36.83183132020659,-1.3945125153245195]]]},"id":"0018000000000000b3bb","properties":{"FID":256099}},{"type":"Feature","geometry":{"type":"Polygon","coordinates":[[[36.83172430331918,-1.3959706126070366],[36.83176003038635,-1.3959750740722459],[36.83176446546935,-1.3959349798235878],[36.831728820535524,-1.3959305168479146],[36.83172430331918,-1.3959706126070366]]]},"id":"0018000000000000b7ee","properties":{"FID":256355}},{"type":"Feature","geometry":{"type":"Polygon","coordinates":[[[36.81321461757692,-1.3854427071109676],[36.81323688071372,-1.3855140615105033],[36.81329931604313,-1.3854962262477812],[36.81328148911893,-1.3854248511334306],[36.81321461757692,-1.3854427071109676]]]},"id":"0018000000000001243e","properties":{"FID":248676}},{"type":"Feature","geometry":{"type":"Polygon","coordinates":[[[36.8313898642788,-1.3945125331961445],[36.83139438151563,-1.3946819517399387],[36.83149688165145,-1.394681926865479],[36.83148801145302,-1.3945080694363665],[36.8313898642788,-1.3945125331961445]]]},"id":"00180000000000026af8","properties":{"FID":256100}},{"type":"Feature","geometry":{"type":"Polygon","coordinates":[[[36.82648932071848,-1.3958636378279545],[36.82649383825539,-1.3959438846044132],[36.82656965069703,-1.3959438695832924],[36.82656965069704,-1.3958635999612634],[36.82648932071848,-1.3958636378279545]]]},"id":"00180000000000014836","properties":{"FID":256356}},{"type":"Feature","geometry":{"type":"Polygon","coordinates":[[[36.81289356761065,-1.3854961949729607],[36.81296487565617,-1.385563095348412],[36.812911394628486,-1.3856210767247827],[36.81300052965311,-1.3857057873289504],[36.81307191974732,-1.3856255442681769],[36.812973830233055,-1.3855408175063049],[36.813076355953434,-1.3854248761957184],[36.813009484225674,-1.3853668728868347],[36.81289356761065,-1.3854961949729607]]]},"id":"00180000000000029ec1","properties":{"FID":248677}},{"type":"Feature","geometry":{"type":"Polygon","coordinates":[[[36.830948487840985,-1.3945437029937278],[36.831095586236415,-1.3945392390388207],[36.8310911511132,-1.3944634575921273],[36.830948487840985,-1.3944679000402689],[36.830948487840985,-1.3945437029937278]]]},"id":"00180000000000021484","properties":{"FID":256101}},{"type":"Feature","geometry":{"type":"Polygon","coordinates":[[[36.826953064972585,-1.395921596379315],[36.827006617964756,-1.3959304898844203],[36.82701548870204,-1.3958725343075653],[36.82696201785282,-1.3958636392820598],[36.826953064972585,-1.395921596379315]]]},"id":"00180000000000012278","properties":{"FID":256357}},{"type":"Feature","geometry":{"type":"Polygon","coordinates":[[[36.81439184361305,-1.3850993711340678],[36.81441854252046,-1.385170703054244],[36.814489931243926,-1.3851439079862062],[36.81446315021191,-1.3850725776636372],[36.81439184361305,-1.3850993711340678]]]},"id":"0018000000000001e472","properties":{"FID":248678}},{"type":"Feature","geometry":{"type":"Polygon","coordinates":[[[36.83081912971315,-1.3942984967623144],[36.83082808212423,-1.3943385833883108],[36.8308905025749,-1.3943251988398306],[36.83089493771018,-1.3943475318350884],[36.830948487840985,-1.3943341305308825],[36.830935100311926,-1.3942717110199234],[36.83081912971315,-1.3942984967623144]]]},"id":"001800000000000110a6","properties":{"FID":256102}},{"type":"Feature","geometry":{"type":"Polygon","coordinates":[[[36.826752405179285,-1.3956986587249005],[36.82675692270008,-1.3957387703123643],[36.82680595831709,-1.395734308670002],[36.82680152293598,-1.395698654998177],[36.826752405179285,-1.3956986587249005]]]},"id":"00180000000000008da7","properties":{"FID":256358}},{"type":"Feature","geometry":{"type":"Polygon","coordinates":[[[36.81447654072914,-1.3850413624438584],[36.814489931243926,-1.3851126971040943],[36.81477080289342,-1.3850458493007094],[36.81475741242956,-1.3849789736843898],[36.81447654072914,-1.3850413624438584]]]},"id":"00180000000000028574","properties":{"FID":248679}},{"type":"Feature","geometry":{"type":"Polygon","coordinates":[[[36.81840503289129,-1.399564695655853],[36.81840946877701,-1.3996181983433635],[36.81844068426158,-1.3996137026261022],[36.818436248377736,-1.3995601999663447],[36.81840503289129,-1.399564695655853]]]},"id":"0018000000000000d449","properties":{"FID":249191}},{"type":"Feature","geometry":{"type":"Polygon","coordinates":[[[36.831907127163355,-1.3944144047624127],[36.83194728921397,-1.394414386420409],[36.83194728921398,-1.394378715002141],[36.8320320483165,-1.3943831753688896],[36.83203648338313,-1.3942628228218232],[36.83195624148812,-1.3942627984082976],[36.83195172428571,-1.3943430817205247],[36.831907127163355,-1.3943430619270276],[36.831907127163355,-1.3944144047624127]]]},"id":"0018000000000001db8f","properties":{"FID":256103}},{"type":"Feature","geometry":{"type":"Polygon","coordinates":[[[36.83197849897236,-1.3954890307280716],[36.83201866098411,-1.3954979894289585],[36.832027531118726,-1.3954399787854808],[36.83198293404222,-1.395435559999828],[36.83197849897236,-1.3954890307280716]]]},"id":"00180000000000009006","properties":{"FID":256359}},{"type":"Feature","geometry":{"type":"Polygon","coordinates":[[[36.81382105973894,-1.3849165432585167],[36.813834450372596,-1.3849611259868675],[36.81388793073184,-1.3849477338533691],[36.813870103949725,-1.3848987132438542],[36.81382105973894,-1.3849165432585167]]]},"id":"00180000000000012515","properties":{"FID":248680}},{"type":"Feature","geometry":{"type":"Polygon","coordinates":[[[36.818311386352796,-1.3995334602118332],[36.81831582224414,-1.3996538684232551],[36.81838712505364,-1.3996494130274115],[36.818378253279256,-1.3995334274285882],[36.818311386352796,-1.3995334602118332]]]},"id":"0018000000000000cf71","properties":{"FID":249192}},{"type":"Feature","geometry":{"type":"Polygon","coordinates":[[[36.831247201584326,-1.3942182252535231],[36.83125615394346,-1.3942583115773486],[36.83130962168034,-1.3942494303083333],[36.83130518657,-1.3942092617287876],[36.831247201584326,-1.3942182252535231]]]},"id":"00180000000000017d36","properties":{"FID":256104}},{"type":"Feature","geometry":{"type":"Polygon","coordinates":[[[36.83204987071229,-1.3954355285689621],[36.832067693103774,-1.3954756918457214],[36.83213011250544,-1.3954444699050907],[36.83211229012904,-1.3954043066900184],[36.83204987071229,-1.3954355285689621]]]},"id":"00180000000000014fde","properties":{"FID":256360}},{"type":"Feature","geometry":{"type":"Polygon","coordinates":[[[36.79997557109408,-1.3949182586334352],[36.79998444507876,-1.3949851872643828],[36.80003793546386,-1.3949762434431376],[36.800024542329595,-1.3949093971484785],[36.79997557109408,-1.3949182586334352]]]},"id":"0018000000000000fa2b","properties":{"FID":247913}},{"type":"Feature","geometry":{"type":"Polygon","coordinates":[[[36.814137669531185,-1.3849254419998596],[36.814177759101874,-1.3849298890643162],[36.814177759101874,-1.384889760886099],[36.81413766953118,-1.3848853138066992],[36.814137669531185,-1.3849254419998596]]]},"id":"00180000000000012534","properties":{"FID":248681}},{"type":"Feature","geometry":{"type":"Polygon","coordinates":[[[36.82091545516068,-1.3994977548581409],[36.82093328024179,-1.3995914502760682],[36.82096005892697,-1.3995869762826336],[36.820946669585595,-1.3994933187635787],[36.82091545516068,-1.3994977548581409]]]},"id":"0018000000000000d675","properties":{"FID":249193}},{"type":"Feature","geometry":{"type":"Polygon","coordinates":[[[36.83176003038635,-1.394213757846062],[36.83176446546935,-1.3943207505977149],[36.83188486965759,-1.3943162977491217],[36.8318848696576,-1.394209283827796],[36.83176003038635,-1.394213757846062]]]},"id":"0018000000000001116b","properties":{"FID":256105}},{"type":"Feature","geometry":{"type":"Polygon","coordinates":[[[36.8318937398083,-1.395480112314339],[36.83196511163025,-1.3955024142301833],[36.83198745124272,-1.3954266189691744],[36.83191607944239,-1.3954043170420984],[36.8318937398083,-1.395480112314339]]]},"id":"0018000000000001b687","properties":{"FID":256361}},{"type":"Feature","geometry":{"type":"Polygon","coordinates":[[[36.80281601345198,-1.3949851967807219],[36.80287837542522,-1.3950788050939673],[36.80300326354019,-1.3949940985200102],[36.80294081950909,-1.3949004325441026],[36.80281601345198,-1.3949851967807219]]]},"id":"0018000000000001a2c8","properties":{"FID":247914}},{"type":"Feature","geometry":{"type":"Polygon","coordinates":[[[36.81428036530152,-1.3849209589918827],[36.814342717598194,-1.3849209608884279],[36.814347235878515,-1.3848630353027187],[36.814284801435036,-1.384863034846758],[36.81428036530152,-1.3849209589918827]]]},"id":"0018000000000000eb0c","properties":{"FID":248682}},{"type":"Feature","geometry":{"type":"Polygon","coordinates":[[[36.82108048074703,-1.3994843906122416],[36.82108935219667,-1.3995869914854302],[36.82109387006413,-1.399627110257793],[36.821160734470254,-1.3996226170680626],[36.821147345165286,-1.3994799570296896],[36.82108048074703,-1.3994843906122416]]]},"id":"00180000000000012669","properties":{"FID":249194}},{"type":"Feature","geometry":{"type":"Polygon","coordinates":[[[36.831407768961334,-1.3942984742011397],[36.83147462402189,-1.3942984452455303],[36.83147462402189,-1.3943385757374016],[36.83153704392544,-1.394343086492234],[36.831541479021844,-1.3941914614135615],[36.83147018892146,-1.3941914521729377],[36.83147018892146,-1.3942449593419963],[36.8314122040655,-1.3942449455610089],[36.831407768961334,-1.3942984742011397]]]},"id":"0018000000000001a90a","properties":{"FID":256106}},{"type":"Feature","geometry":{"type":"Polygon","coordinates":[[[36.8322103542113,-1.3954355155724194],[36.832295113011526,-1.3954355158823706],[36.83229511301152,-1.3953641712707827],[36.8322103542113,-1.3953641708850915],[36.8322103542113,-1.3954355155724194]]]},"id":"001800000000000216ae","properties":{"FID":256362}},{"type":"Feature","geometry":{"type":"Polygon","coordinates":[[[36.79920854255937,-1.3947934618175637],[36.79924420319469,-1.394931692656775],[36.79938692773116,-1.394895965308807],[36.79935126716469,-1.3947532740538842],[36.79920854255937,-1.3947934618175637]]]},"id":"0018000000000001a20e","properties":{"FID":247915}},{"type":"Feature","geometry":{"type":"Polygon","coordinates":[[[36.81421341251327,-1.3849031461028758],[36.814266974748726,-1.3849075873159251],[36.814271410883045,-1.384858580532451],[36.8142179308015,-1.3848540783586445],[36.81421341251327,-1.3849031461028758]]]},"id":"00180000000000014d90","properties":{"FID":248683}},{"type":"Feature","geometry":{"type":"Polygon","coordinates":[[[36.81812852882204,-1.3994175027817364],[36.81813296472438,-1.3994531640066998],[36.818204349856735,-1.3994487073128679],[36.818199913958686,-1.399408585777923],[36.81812852882204,-1.3994175027817364]]]},"id":"0018000000000000d78f","properties":{"FID":249195}},{"type":"Feature","geometry":{"type":"Polygon","coordinates":[[[36.83035089245978,-1.3941334831318146],[36.83039549052305,-1.3943698298288765],[36.830471298955466,-1.3943519800926572],[36.8304222657746,-1.3941201140473696],[36.83035089245978,-1.3941334831318146]]]},"id":"0018000000000002a7c0","properties":{"FID":256107}},{"type":"Feature","geometry":{"type":"Polygon","coordinates":[[[36.83225938620353,-1.3952393159199046],[36.8322683384398,-1.3953062164165453],[36.832361967267786,-1.395292856434134],[36.832353097173396,-1.3952304135563696],[36.83225938620353,-1.3952393159199046]]]},"id":"0018000000000000f003","properties":{"FID":256363}},{"type":"Feature","geometry":{"type":"Polygon","coordinates":[[[36.79937805367476,-1.3947310177935226],[36.79938692773116,-1.3947800439223195],[36.799418151254514,-1.3947711487266736],[36.7994091950347,-1.3947220646474547],[36.79937805367476,-1.3947310177935226]]]},"id":"0018000000000000cb87","properties":{"FID":247916}},{"type":"Feature","geometry":{"type":"Polygon","coordinates":[[[36.81475297632443,-1.3848986791717004],[36.81478419335485,-1.3849967995670285],[36.814860017823825,-1.3849745022193927],[36.81485106347562,-1.3849432752343696],[36.81498488568536,-1.3849076232265474],[36.81496254092564,-1.3848362729918209],[36.81475297632443,-1.3848986791717004]]]},"id":"001800000000000287aa","properties":{"FID":248684}},{"type":"Feature","geometry":{"type":"Polygon","coordinates":[[[36.82188753187173,-1.3993818624278371],[36.821909874535606,-1.399555756571091],[36.821958913373415,-1.3995512919714006],[36.82193657072438,-1.399372937823805],[36.82188753187173,-1.3993818624278371]]]},"id":"0018000000000001aca2","properties":{"FID":249196}},{"type":"Feature","geometry":{"type":"Polygon","coordinates":[[[36.829650871812206,-1.3940710851063849],[36.82965530702201,-1.3941111949153064],[36.829708858052705,-1.3941022527103504],[36.8296999055058,-1.3940666247751872],[36.829650871812206,-1.3940710851063849]]]},"id":"0018000000000000907e","properties":{"FID":256108}},{"type":"Feature","geometry":{"type":"Polygon","coordinates":[[[36.832553741733015,-1.3952349006278375],[36.83258051620113,-1.3953196092341804],[36.8326473701987,-1.3952972843391875],[36.8326250307861,-1.3952126139025365],[36.832553741733015,-1.3952349006278375]]]},"id":"0018000000000001f390","properties":{"FID":256364}},{"type":"Feature","geometry":{"type":"Polygon","coordinates":[[[36.813928020438105,-1.3848139613249266],[36.813981582880565,-1.384849613424828],[36.81400384578617,-1.38481395748356],[36.813950365510856,-1.3847783039219916],[36.813928020438105,-1.3848139613249266]]]},"id":"0018000000000000bc81","properties":{"FID":248685}},{"type":"Feature","geometry":{"type":"Polygon","coordinates":[[[36.820897630075265,-1.3993729572419824],[36.820911019425544,-1.3994710152440326],[36.8209377981188,-1.3994665413058054],[36.82092884450772,-1.399408603463046],[36.82097344826592,-1.3993997003671792],[36.82096449465916,-1.3993595439237054],[36.820897630075265,-1.3993729572419824]]]},"id":"00180000000000013294","properties":{"FID":249197}},{"type":"Feature","geometry":{"type":"Polygon","coordinates":[[[36.82960183808599,-1.3940978405321383],[36.82964191925826,-1.3941022829221927],[36.82964635446861,-1.3940710484803562],[36.829601838086,-1.3940666274101257],[36.82960183808599,-1.3940978405321383]]]},"id":"0018000000000000a920","properties":{"FID":256109}},{"type":"Feature","geometry":{"type":"Polygon","coordinates":[[[36.83284801395778,-1.3951902965127871],[36.83287035330284,-1.395230436244309],[36.832941642049896,-1.3951858547209406],[36.83291938485631,-1.3951501725393038],[36.83284801395778,-1.3951902965127871]]]},"id":"00180000000000019959","properties":{"FID":256365}},{"type":"Feature","geometry":{"type":"Polygon","coordinates":[[[36.799957658788415,-1.3946730642298977],[36.800002275211426,-1.394766701096419],[36.800153872248636,-1.394695305428829],[36.8001093380835,-1.3946016674035693],[36.799957658788415,-1.3946730642298977]]]},"id":"00180000000000024ad4","properties":{"FID":247918}},{"type":"Feature","geometry":{"type":"Polygon","coordinates":[[[36.81490010700237,-1.3846757619982588],[36.814931323970605,-1.3847426118380635],[36.81501158437835,-1.38470691831922],[36.81498036744405,-1.3846400686038236],[36.81490010700237,-1.3846757619982588]]]},"id":"00180000000000020c06","properties":{"FID":248686}},{"type":"Feature","geometry":{"type":"Polygon","coordinates":[[[36.82151296267609,-1.3994086310598197],[36.8215307876129,-1.3995691092588753],[36.82163338359412,-1.399555756200311],[36.82170024751151,-1.3995513225556073],[36.82167355123726,-1.399323866876954],[36.821593215929106,-1.3993327688005455],[36.82159773376573,-1.399341725455991],[36.82151296267609,-1.3993506490135994],[36.82151748051763,-1.399408607948187],[36.82151296267609,-1.3994086310598197]]]},"id":"0018000000000002a5b3","properties":{"FID":249198}},{"type":"Feature","geometry":{"type":"Polygon","coordinates":[[[36.83030637650235,-1.3940219872414448],[36.830310811672746,-1.3940755330458248],[36.83035089245978,-1.3940710574369992],[36.8303464572918,-1.3940175711192475],[36.83030637650235,-1.3940219872414448]]]},"id":"001800000000000090db","properties":{"FID":256110}},{"type":"Feature","geometry":{"type":"Polygon","coordinates":[[[36.83260720852929,-1.3951724511617167],[36.83266519244581,-1.3952259721224463],[36.832718741291394,-1.3951724392334692],[36.832660757416974,-1.3951189183552468],[36.83260720852929,-1.3951724511617167]]]},"id":"00180000000000016c1c","properties":{"FID":256366}},{"type":"Feature","geometry":{"type":"Polygon","coordinates":[[[36.79932004361309,-1.394610621457718],[36.799328999843716,-1.3946730283183881],[36.79934231093676,-1.3946685631519578],[36.79934683013448,-1.394708687437319],[36.799369097450075,-1.3947042376654355],[36.79935570419464,-1.3946061658570166],[36.79932004361309,-1.394610621457718]]]},"id":"00180000000000011e98","properties":{"FID":247919}},{"type":"Feature","geometry":{"type":"Polygon","coordinates":[[[36.81483323692601,-1.384577633247881],[36.81486445392252,-1.3846490010541852],[36.814944714402934,-1.3846133077003915],[36.81491349744036,-1.384541940027739],[36.81483323692601,-1.384577633247881]]]},"id":"00180000000000013f81","properties":{"FID":248687}},{"type":"Feature","geometry":{"type":"Polygon","coordinates":[[[36.82187414269859,-1.399314967291959],[36.82188309619501,-1.399359523891122],[36.82192326370226,-1.3993506425222237],[36.821914310210715,-1.3993060264878892],[36.82187414269859,-1.399314967291959]]]},"id":"00180000000000009046","properties":{"FID":249199}},{"type":"Feature","geometry":{"type":"Polygon","coordinates":[[[36.83039549052305,-1.3940086518809365],[36.83040000782078,-1.3940621366562596],[36.83049807417949,-1.3940576750119926],[36.830493639020354,-1.3939997298561804],[36.83039549052305,-1.3940086518809365]]]},"id":"00180000000000012786","properties":{"FID":256111}},{"type":"Feature","geometry":{"type":"Polygon","coordinates":[[[36.83233075767168,-1.3951768965329594],[36.83242438642042,-1.3951769137627366],[36.83242438642043,-1.395123405780001],[36.83233075767168,-1.395127847488102],[36.83233075767168,-1.3951768965329594]]]},"id":"0018000000000000c517","properties":{"FID":256367}},{"type":"Feature","geometry":{"type":"Polygon","coordinates":[[[36.81411088837141,-1.3845419459022652],[36.81411976065854,-1.3845865502862351],[36.81415993238973,-1.384577620057556],[36.814146541815084,-1.3845330379479188],[36.81411088837141,-1.3845419459022652]]]},"id":"0018000000000000c793","properties":{"FID":248688}},{"type":"Feature","geometry":{"type":"Polygon","coordinates":[[[36.82117855949214,-1.3993149545409929],[36.821200820227695,-1.3995423737292108],[36.82126324882298,-1.3995334420480607],[36.82124098810625,-1.3993060230951484],[36.82117855949214,-1.3993149545409929]]]},"id":"00180000000000014fc2","properties":{"FID":249200}},{"type":"Feature","geometry":{"type":"Polygon","coordinates":[[[36.83158164127155,-1.3940353813112472],[36.83161285118465,-1.3940354073336183],[36.83161285118465,-1.3939908183722511],[36.831581641271555,-1.3939907923324852],[36.83158164127155,-1.3940353813112472]]]},"id":"0018000000000000b115","properties":{"FID":256112}},{"type":"Feature","geometry":{"type":"Polygon","coordinates":[[[36.81454784724621,-1.3845687040508605],[36.81458358262921,-1.3846489671131352],[36.814686106114834,-1.3845999113952494],[36.81464593466988,-1.3845196692875277],[36.81454784724621,-1.3845687040508605]]]},"id":"00180000000000022ee4","properties":{"FID":248689}},{"type":"Feature","geometry":{"type":"Polygon","coordinates":[[[36.82126324882298,-1.3993015723513513],[36.821316805944214,-1.399622618401866],[36.82140601296479,-1.3996092721281335],[36.82135689161689,-1.3992882049520974],[36.82126324882298,-1.3993015723513513]]]},"id":"0018000000000002b4f6","properties":{"FID":249201}},{"type":"Feature","geometry":{"type":"Polygon","coordinates":[[[36.83213454756618,-1.3940308983527272],[36.83225495115031,-1.3940309048331248],[36.83225938620353,-1.3939506835203253],[36.83213906475741,-1.3939506754233288],[36.83213454756618,-1.3940308983527272]]]},"id":"0018000000000000fdc0","properties":{"FID":256113}},{"type":"Feature","geometry":{"type":"Polygon","coordinates":[[[36.81473958585733,-1.3845062648169835],[36.81479758381387,-1.3845687067380734],[36.8148822804646,-1.384492924852494],[36.81481984647347,-1.3844305038354698],[36.81473958585733,-1.3845062648169835]]]},"id":"00180000000000015f3d","properties":{"FID":248690}},{"type":"Feature","geometry":{"type":"Polygon","coordinates":[[[36.8213792344414,-1.3992837527190427],[36.821419320080174,-1.399604806541685],[36.82150409127735,-1.3995958826429635],[36.82146392354199,-1.3992748307435168],[36.8213792344414,-1.3992837527190427]]]},"id":"0018000000000002932f","properties":{"FID":249202}},{"type":"Feature","geometry":{"type":"Polygon","coordinates":[[[36.830333069653484,-1.3939149615852071],[36.830337586955025,-1.3939952594944156],[36.83038210289363,-1.3939908220611479],[36.83038210289363,-1.3939105013867599],[36.830333069653484,-1.3939149615852071]]]},"id":"0018000000000000c660","properties":{"FID":256114}},{"type":"Feature","geometry":{"type":"Polygon","coordinates":[[[36.81634042774415,-1.394945061363661],[36.81635381792096,-1.3950386532116532],[36.81641625061511,-1.3950342452173898],[36.816402860449635,-1.3949361341237945],[36.81634042774415,-1.394945061363661]]]},"id":"001800000000000144f0","properties":{"FID":248691}},{"type":"Feature","geometry":{"type":"Polygon","coordinates":[[[36.82108048074703,-1.3991767574631244],[36.82109387006413,-1.3992748147116596],[36.8211651701904,-1.399270359730272],[36.82115178088622,-1.3991677829628462],[36.82108048074703,-1.3991767574631244]]]},"id":"00180000000000017b56","properties":{"FID":249203}},{"type":"Feature","geometry":{"type":"Polygon","coordinates":[[[36.83584011187134,-1.3938882533138894],[36.83584454670898,-1.3939595703477643],[36.835915914707535,-1.393959578098004],[36.83591139774765,-1.3938882626241167],[36.83584011187134,-1.3938882533138894]]]},"id":"00180000000000015ac8","properties":{"FID":256115}},{"type":"Feature","geometry":{"type":"Polygon","coordinates":[[[36.79992651765953,-1.3944768233115403],[36.799984445078756,-1.3946329057557352],[36.80010038194743,-1.3945883292754806],[36.800042454619046,-1.3944367079458098],[36.79992651765953,-1.3944768233115403]]]},"id":"001800000000000243aa","properties":{"FID":247924}},{"type":"Feature","geometry":{"type":"Polygon","coordinates":[[[36.81792340912122,-1.3949183048047538],[36.817945670838384,-1.3949940723200256],[36.8180081021865,-1.3949807448258513],[36.81798584048816,-1.3949004581600877],[36.81792340912122,-1.3949183048047538]]]},"id":"001800000000000175eb","properties":{"FID":248692}},{"type":"Feature","geometry":{"type":"Polygon","coordinates":[[[36.82176719351064,-1.3991410742727006],[36.82177162919433,-1.3992168746640055],[36.82183405730682,-1.3992168635982174],[36.82182962162689,-1.3991366031579189],[36.82176719351064,-1.3991410742727006]]]},"id":"0018000000000001c577","properties":{"FID":249204}},{"type":"Feature","geometry":{"type":"Polygon","coordinates":[[[36.83152809160042,-1.3939596042197282],[36.83153704392544,-1.394044279143012],[36.83157268895194,-1.394039824925745],[36.83156825385741,-1.3939907983723698],[36.83161285118465,-1.3939819005869314],[36.8316218034994,-1.394035363168459],[36.83167970605933,-1.3940264608003297],[36.83166188357409,-1.3938748860814842],[36.83155938366756,-1.3938837682418164],[36.83156825385741,-1.3939551272250872],[36.83152809160042,-1.3939596042197282]]]},"id":"00180000000000027700","properties":{"FID":256116}},{"type":"Feature","geometry":{"type":"Polygon","coordinates":[[[36.79937805367476,-1.394450108187119],[36.79942258828044,-1.3945838341677295],[36.79945824881252,-1.394574917821239],[36.79940919503469,-1.394436694474402],[36.79937805367476,-1.394450108187119]]]},"id":"0018000000000001f66c","properties":{"FID":247925}},{"type":"Feature","geometry":{"type":"Polygon","coordinates":[[[36.81821322165202,-1.3948737197131145],[36.818217739695505,-1.3949316737461095],[36.818293560638594,-1.3949272003301478],[36.818289042599744,-1.3948647866085744],[36.81821322165202,-1.3948737197131145]]]},"id":"00180000000000010e80","properties":{"FID":248693}},{"type":"Feature","geometry":{"type":"Polygon","coordinates":[[[36.8216066051532,-1.3990741933874826],[36.82164677281092,-1.3990741729635214],[36.82164233711973,-1.399007292962966],[36.8216066051532,-1.3990072917652778],[36.8216066051532,-1.3990741933874826]]]},"id":"0018000000000000d5e4","properties":{"FID":249205}},{"type":"Feature","geometry":{"type":"Polygon","coordinates":[[[36.830328634484424,-1.3937633787709347],[36.83035984492769,-1.3937634049250105],[36.830359844927685,-1.3937188156173113],[36.830333069653484,-1.3937187681323973],[36.830328634484424,-1.3937633787709347]]]},"id":"0018000000000000cb0a","properties":{"FID":256117}},{"type":"Feature","geometry":{"type":"Polygon","coordinates":[[[36.7998016243459,-1.3944277682497717],[36.799815017520565,-1.3944812911528537],[36.79984624086309,-1.39447685691996],[36.7998328476941,-1.3944233340442242],[36.7998016243459,-1.3944277682497717]]]},"id":"0018000000000000c318","properties":{"FID":247926}},{"type":"Feature","geometry":{"type":"Polygon","coordinates":[[[36.82517388434426,-1.3948379942933307],[36.82523630957888,-1.3948425053326294],[36.825240827192495,-1.3947666734404405],[36.82517840196169,-1.3947622218103037],[36.82517388434426,-1.3948379942933307]]]},"id":"00180000000000020366","properties":{"FID":248694}},{"type":"Feature","geometry":{"type":"Polygon","coordinates":[[[36.82172702591844,-1.3990251319533271],[36.8217492864886,-1.3991276643848038],[36.82189204969034,-1.3991009113338166],[36.821869707021065,-1.3989939205734596],[36.82172702591844,-1.3990251319533271]]]},"id":"0018000000000001d82c","properties":{"FID":249206}},{"type":"Feature","geometry":{"type":"Polygon","coordinates":[[[36.83117582906771,-1.39379462015044],[36.83118478143548,-1.3938703772565757],[36.831447849152326,-1.393839189429761],[36.83142107427305,-1.3936385522517232],[36.83125615394346,-1.393660817758029],[36.83127397652672,-1.3937812395971243],[36.83117582906771,-1.39379462015044]]]},"id":"00180000000000028c27","properties":{"FID":256118}},{"type":"Feature","geometry":{"type":"Polygon","coordinates":[[[36.79955635627053,-1.3943296945595327],[36.79956974948961,-1.3943698352956213],[36.799667856799644,-1.394338609116577],[36.799658900610076,-1.3942984471952982],[36.79955635627053,-1.3943296945595327]]]},"id":"001800000000000167e0","properties":{"FID":247927}},{"type":"Feature","geometry":{"type":"Polygon","coordinates":[[[36.81605060786218,-1.3947844930828321],[36.81609069639437,-1.394909352851875],[36.81621556217484,-1.3948647986795595],[36.816170955541985,-1.39474436246748],[36.81605060786218,-1.3947844930828321]]]},"id":"0018000000000002804b","properties":{"FID":248695}},{"type":"Feature","geometry":{"type":"Polygon","coordinates":[[[36.82147731278954,-1.399002815557023],[36.821490702034666,-1.3991098515616816],[36.82158434454002,-1.3990964844861313],[36.82157095531188,-1.3989939087509644],[36.82147731278954,-1.399002815557023]]]},"id":"0018000000000001b4b0","properties":{"FID":249207}},{"type":"Feature","geometry":{"type":"Polygon","coordinates":[[[36.83413226892152,-1.39368756865334],[36.834279360967294,-1.3936831062636839],[36.834279360967294,-1.3936117670686397],[36.83413226892152,-1.393616229317573],[36.83413226892152,-1.39368756865334]]]},"id":"0018000000000000ec34","properties":{"FID":256119}},{"type":"Feature","geometry":{"type":"Polygon","coordinates":[[[36.80397976629432,-1.394396567831314],[36.804104652548084,-1.3944768434283636],[36.8041983170999,-1.3943341279001356],[36.804073431004426,-1.3942538525154329],[36.80397976629432,-1.394396567831314]]]},"id":"0018000000000001ad9e","properties":{"FID":247928}},{"type":"Feature","geometry":{"type":"Polygon","coordinates":[[[36.81631364738326,-1.3946997814449194],[36.816322601554084,-1.3947310156370643],[36.8163716441035,-1.394713174974145],[36.816362689938614,-1.3946864006505972],[36.81631364738326,-1.3946997814449194]]]},"id":"0018000000000000b7ac","properties":{"FID":248696}},{"type":"Feature","geometry":{"type":"Polygon","coordinates":[[[36.821941088539994,-1.3989671639789545],[36.821958913373415,-1.3990875579414954],[36.82201238784786,-1.399078612007439],[36.82199456302736,-1.3989626782315407],[36.821941088539994,-1.3989671639789545]]]},"id":"0018000000000001a65c","properties":{"FID":249208}},{"type":"Feature","geometry":{"type":"Polygon","coordinates":[[[36.83339647577461,-1.393500266236888],[36.83345445907061,-1.393509197938458],[36.83345889405172,-1.3934735662764928],[36.83340542787286,-1.3934646117563667],[36.83339647577461,-1.393500266236888]]]},"id":"0018000000000000b7dd","properties":{"FID":256120}},{"type":"Feature","geometry":{"type":"Polygon","coordinates":[[[36.79982841069278,-1.394356444524416],[36.79990860534198,-1.3943564125332735],[36.79990860534199,-1.3944099411041664],[36.80004689160751,-1.394414383110324],[36.80005576558363,-1.3942895598589808],[36.79999783822029,-1.3942850827397513],[36.800002275211426,-1.3942494353973565],[36.7998328476941,-1.3942405043362436],[36.79982841069278,-1.394356444524416]]]},"id":"00180000000000025a47","properties":{"FID":247929}},{"type":"Feature","geometry":{"type":"Polygon","coordinates":[[[36.815792003447044,-1.39463292963373],[36.81585887265518,-1.39464628063623],[36.815867744732294,-1.3945972390461645],[36.815805311574366,-1.3945838666991348],[36.815792003447044,-1.39463292963373]]]},"id":"001800000000000147a6","properties":{"FID":248697}},{"type":"Feature","geometry":{"type":"Polygon","coordinates":[[[36.81773611470363,-1.3988288928747326],[36.81775845862401,-1.3989181070009433],[36.81781193614132,-1.398904700596533],[36.81782976197181,-1.3989760966438343],[36.81796801469537,-1.398944846336862],[36.81794123492479,-1.398815570850652],[36.8178029821511,-1.3988467613537146],[36.817794110306515,-1.3988155229645614],[36.81773611470363,-1.3988288928747326]]]},"id":"00180000000000023c17","properties":{"FID":249209}},{"type":"Feature","geometry":{"type":"Polygon","coordinates":[[[36.83422146044828,-1.3934690733891606],[36.834225895383256,-1.3935092396677313],[36.83427936096729,-1.3935002998733306],[36.8342704911035,-1.3934601549408965],[36.83422146044828,-1.3934690733891606]]]},"id":"0018000000000001014e","properties":{"FID":256121}},{"type":"Feature","geometry":{"type":"Polygon","coordinates":[[[36.799328999843716,-1.3942449741303709],[36.79938692773116,-1.394418840388224],[36.799516258765735,-1.3943787191128556],[36.79945824881252,-1.3942003940944916],[36.799328999843716,-1.3942449741303709]]]},"id":"00180000000000025483","properties":{"FID":247930}},{"type":"Feature","geometry":{"type":"Polygon","coordinates":[[[36.816367208095336,-1.3941647000289323],[36.81638947028172,-1.3942672857176197],[36.81654555184276,-1.3942360201516952],[36.81652328970344,-1.39411565520094],[36.81640729645565,-1.3941423848893846],[36.816407296455644,-1.3941557641780231],[36.816367208095336,-1.3941647000289323]]]},"id":"0018000000000001ff3d","properties":{"FID":248698}},{"type":"Feature","geometry":{"type":"Polygon","coordinates":[[[36.81584104634885,-1.3987843552049826],[36.81585887265518,-1.3988913171274215],[36.81597478461575,-1.3988734990038318],[36.81596139437021,-1.398766515729754],[36.81584104634885,-1.3987843552049826]]]},"id":"0018000000000001c3cf","properties":{"FID":249210}},{"type":"Feature","geometry":{"type":"Polygon","coordinates":[[[36.830993003410924,-1.3935404044810116],[36.83100639092947,-1.3936073410672147],[36.83112236123383,-1.3935805569171076],[36.8310911511132,-1.3934200117965427],[36.831015343317816,-1.3934334012002798],[36.831037601085974,-1.3935315070163572],[36.830993003410924,-1.3935404044810116]]]},"id":"001800000000000229af","properties":{"FID":256122}},{"type":"Feature","geometry":{"type":"Polygon","coordinates":[[[36.79922637287918,-1.3941067153383824],[36.79929777628272,-1.3942404868002924],[36.799418151254514,-1.3941780469424312],[36.79935126716468,-1.394044312604597],[36.79922637287918,-1.3941067153383824]]]},"id":"0018000000000002606d","properties":{"FID":247931}},{"type":"Feature","geometry":{"type":"Polygon","coordinates":[[[36.81916750844428,-1.3941201354389028],[36.81918533394747,-1.3941780830772552],[36.81922993875917,-1.3941691841143495],[36.81921211326675,-1.3941067174594939],[36.81916750844428,-1.3941201354389028]]]},"id":"001800000000000105d7","properties":{"FID":248699}},{"type":"Feature","geometry":{"type":"Polygon","coordinates":[[[36.81652328970344,-1.398793242938063],[36.81653216170073,-1.3988467836377438],[36.81670606906192,-1.3988199965314703],[36.81669719708554,-1.3987665154594178],[36.81652328970344,-1.398793242938063]]]},"id":"0018000000000000ce28","properties":{"FID":249211}},{"type":"Feature","geometry":{"type":"Polygon","coordinates":[[[36.83129623421683,-1.3934333997914334],[36.83130518657,-1.393491380090201],[36.83147018892146,-1.393469054105776],[36.83146123658832,-1.3934111334140293],[36.83129623421683,-1.3934333997914334]]]},"id":"0018000000000000fe57","properties":{"FID":256123}},{"type":"Feature","geometry":{"type":"Polygon","coordinates":[[[36.80381930358083,-1.393937265083583],[36.803877227949236,-1.3939774255546393],[36.80393967118914,-1.393883750263535],[36.803877227949236,-1.3938436720870713],[36.80381930358083,-1.393937265083583]]]},"id":"00180000000000024709","properties":{"FID":247932}},{"type":"Feature","geometry":{"type":"Polygon","coordinates":[[[36.81966694948509,-1.3941423774507535],[36.819684774867675,-1.3941825458731771],[36.81967582110462,-1.394186990116724],[36.819715989813,-1.3942627851987317],[36.81981850617213,-1.3942137656669458],[36.81976059430407,-1.3940978009406986],[36.81966694948509,-1.3941423774507535]]]},"id":"0018000000000001b6e5","properties":{"FID":248700}},{"type":"Feature","geometry":{"type":"Polygon","coordinates":[[[36.818106267160005,-1.3987486253994492],[36.81811070306368,-1.3987932659883051],[36.818168698372325,-1.3987932174975395],[36.81816418032584,-1.3987486379121243],[36.818106267160005,-1.3987486253994492]]]},"id":"00180000000000013de7","properties":{"FID":249212}},{"type":"Feature","geometry":{"type":"Polygon","coordinates":[[[36.835866803019734,-1.393420028994325],[36.83587131998236,-1.3935092373759532],[36.83613880580262,-1.3935002642184438],[36.836138805802605,-1.3934110928001717],[36.835866803019734,-1.393420028994325]]]},"id":"00180000000000014360","properties":{"FID":256124}},{"type":"Feature","geometry":{"type":"Polygon","coordinates":[[[36.81632703756493,-1.3940532237921237],[36.81634042774415,-1.394111194724975],[36.81638059826729,-1.394102257416946],[36.816367208095336,-1.394044286527192],[36.81632703756493,-1.3940532237921237]]]},"id":"0018000000000000a48e","properties":{"FID":248701}},{"type":"Feature","geometry":{"type":"Polygon","coordinates":[[[36.81748195213322,-1.3987352904161634],[36.81749534210301,-1.3987754264060657],[36.81757116378797,-1.3987486473506996],[36.81755777383193,-1.3987085114263613],[36.81748195213322,-1.3987352904161634]]]},"id":"0018000000000001889f","properties":{"FID":249213}},{"type":"Feature","geometry":{"type":"Polygon","coordinates":[[[36.831140183849435,-1.3934289285220807],[36.83120260403601,-1.3934289216061806],[36.83120260403601,-1.3933887920414347],[36.831140183849435,-1.393384340084835],[36.831140183849435,-1.3934289285220807]]]},"id":"0018000000000000ab0d","properties":{"FID":256125}},{"type":"Feature","geometry":{"type":"Polygon","coordinates":[[[36.81939045014218,-1.3939016000937883],[36.819403839765826,-1.3939461898360632],[36.81949304909823,-1.393919473213942],[36.81947965949075,-1.3938748835524746],[36.81939045014218,-1.3939016000937883]]]},"id":"00180000000000018ee9","properties":{"FID":248702}},{"type":"Feature","geometry":{"type":"Polygon","coordinates":[[[36.81789219341794,-1.3987219088294396],[36.81795906072407,-1.3987174164740852],[36.81795906072407,-1.3986684130115097],[36.81789219341795,-1.398672845849195],[36.81789219341794,-1.3987219088294396]]]},"id":"0018000000000000ac12","properties":{"FID":249214}},{"type":"Feature","geometry":{"type":"Polygon","coordinates":[[[36.83122937899459,-1.393388839621053],[36.831238249224114,-1.3934289265734028],[36.831287363994264,-1.3934155475887593],[36.831278411638934,-1.3933754621708274],[36.83122937899459,-1.393388839621053]]]},"id":"0018000000000000fe65","properties":{"FID":256126}},{"type":"Feature","geometry":{"type":"Polygon","coordinates":[[[36.819524264124624,-1.3938168703635738],[36.81955096117618,-1.393848076866804],[36.81960000158116,-1.3938124591164405],[36.81957774036284,-1.3937767718268035],[36.819524264124624,-1.3938168703635738]]]},"id":"0018000000000001228d","properties":{"FID":248703}},{"type":"Feature","geometry":{"type":"Polygon","coordinates":[[[36.81756220976856,-1.3986327244763412],[36.81757116378797,-1.3986683621252913],[36.81761576957492,-1.3986549990760928],[36.817633595452776,-1.3987218750780632],[36.81766924719558,-1.3987129574238029],[36.81764698539506,-1.3986104208196417],[36.81756220976856,-1.3986327244763412]]]},"id":"0018000000000001fd6b","properties":{"FID":249215}},{"type":"Feature","geometry":{"type":"Polygon","coordinates":[[[36.827439147301874,-1.393384358639886],[36.82745253546536,-1.3934958290874386],[36.827563993885455,-1.393477985151234],[36.82754617040586,-1.3933665362016703],[36.827439147301874,-1.393384358639886]]]},"id":"0018000000000001b2e0","properties":{"FID":256127}},{"type":"Feature","geometry":{"type":"Polygon","coordinates":[[[36.80003793546386,-1.3932639398308155],[36.80009594496218,-1.3932773371780438],[36.800109338083494,-1.3932371865161928],[36.8000513285957,-1.393219388076977],[36.80003793546386,-1.3932639398308155]]]},"id":"00180000000000010ece","properties":{"FID":247936}},{"type":"Feature","geometry":{"type":"Polygon","coordinates":[[[36.81819096001553,-1.393714310589003],[36.818208785754514,-1.393812454357418],[36.81835590954644,-1.393785694297709],[36.81833364795297,-1.3936875720629553],[36.81819096001553,-1.393714310589003]]]},"id":"0018000000000001c061","properties":{"FID":248704}},{"type":"Feature","geometry":{"type":"Polygon","coordinates":[[[36.81770489892116,-1.3985346089418527],[36.81771385292327,-1.3985747661703372],[36.81775845862402,-1.3985613437594435],[36.81774950462732,-1.3985212460379164],[36.81770489892116,-1.3985346089418527]]]},"id":"0018000000000000e1f0","properties":{"FID":249216}},{"type":"Feature","geometry":{"type":"Polygon","coordinates":[[[36.83585793334688,-1.39338880210894],[36.83613437098268,-1.3933799041679575],[36.83613437098268,-1.393295191607564],[36.83585793334688,-1.3932996306665948],[36.83585793334688,-1.39338880210894]]]},"id":"001800000000000159c6","properties":{"FID":256128}},{"type":"Feature","geometry":{"type":"Polygon","coordinates":[[[36.82372470053553,-1.3934200453209513],[36.82379156255834,-1.393420017429499],[36.823791562558334,-1.3933843434013058],[36.82372470053553,-1.3933843712628609],[36.82372470053553,-1.3934200453209513]]]},"id":"001800000000000123f5","properties":{"FID":248705}},{"type":"Feature","geometry":{"type":"Polygon","coordinates":[[[36.81664363661284,-1.3985390652377852],[36.816648072604366,-1.3985836469162785],[36.8167417212526,-1.3985702801450421],[36.81673728526668,-1.398530158849089],[36.81664363661284,-1.3985390652377852]]]},"id":"00180000000000008ed0","properties":{"FID":249217}},{"type":"Feature","geometry":{"type":"Polygon","coordinates":[[[36.83351687729864,-1.3934021816503999],[36.833530264359084,-1.3934735151213693],[36.83359268252297,-1.3934645906450784],[36.83361945661391,-1.3936162347266419],[36.83368630966972,-1.3936028300648642],[36.83366405270087,-1.3934556815219699],[36.833748727701526,-1.393442309239279],[36.833739857773914,-1.3933798706158702],[36.83368630966972,-1.3933888118355162],[36.83366848766937,-1.39329068838242],[36.83361502164246,-1.3932996280292105],[36.833628408685094,-1.3933843373185901],[36.83351687729864,-1.3934021816503999]]]},"id":"001800000000000290ab","properties":{"FID":256129}},{"type":"Feature","geometry":{"type":"Polygon","coordinates":[[[36.817901147397336,-1.393326368172548],[36.81790558331333,-1.393384380863458],[36.81806609757575,-1.393379913879313],[36.818061661669404,-1.3933174417500087],[36.817901147397336,-1.393326368172548]]]},"id":"001800000000000202ee","properties":{"FID":248706}},{"type":"Feature","geometry":{"type":"Polygon","coordinates":[[[36.82326093599268,-1.3983160939165458],[36.82326988932086,-1.3983696278704232],[36.823314491664355,-1.3983607258176212],[36.82330553834158,-1.3983116518250567],[36.82326093599268,-1.3983160939165458]]]},"id":"0018000000000000e8b4","properties":{"FID":249218}},{"type":"Feature","geometry":{"type":"Polygon","coordinates":[[[36.83695489025636,-1.3931168323420497],[36.836972711462465,-1.3932238088000852],[36.83712874948863,-1.3931970701430605],[36.83711092832024,-1.3930944929964741],[36.83695489025636,-1.3931168323420497]]]},"id":"00180000000000023b70","properties":{"FID":256130}},{"type":"Feature","geometry":{"type":"Polygon","coordinates":[[[36.81841834054765,-1.3932060035333176],[36.81843624837773,-1.39326840842435],[36.81848077149608,-1.393255052106912],[36.81846746385097,-1.3931970825537539],[36.81841834054765,-1.3932060035333176]]]},"id":"00180000000000015fdd","properties":{"FID":248707}},{"type":"Feature","geometry":{"type":"Polygon","coordinates":[[[36.82335909398088,-1.3982849250290885],[36.8233635295689,-1.3983741018301266],[36.823421520750664,-1.3983741129163372],[36.823417003025675,-1.3982804777719293],[36.82335909398088,-1.3982849250290885]]]},"id":"0018000000000000c7d7","properties":{"FID":249219}},{"type":"Feature","geometry":{"type":"Polygon","coordinates":[[[36.83645540198103,-1.3930900799898762],[36.836526769388364,-1.3931168395100173],[36.83654459069794,-1.3930633102699626],[36.83647774023333,-1.3930365279643502],[36.83645540198103,-1.3930900799898762]]]},"id":"00180000000000016f40","properties":{"FID":256131}},{"type":"Feature","geometry":{"type":"Polygon","coordinates":[[[36.79950286553695,-1.3931881453323105],[36.799609846965396,-1.3932283079455348],[36.79967229381059,-1.3930588604035083],[36.799609846965396,-1.3930365629792951],[36.79956974948961,-1.393152493538887],[36.79952069578577,-1.3931346510460525],[36.79950286553695,-1.3931881453323105]]]},"id":"001800000000000236c5","properties":{"FID":247940}},{"type":"Feature","geometry":{"type":"Polygon","coordinates":[[[36.817566645704915,-1.3931703046808146],[36.81758003565935,-1.393210435053634],[36.817629077373546,-1.3931970559264868],[36.817620205508064,-1.3931569623093973],[36.817566645704915,-1.3931703046808146]]]},"id":"00180000000000010784","properties":{"FID":248708}},{"type":"Feature","geometry":{"type":"Polygon","coordinates":[[[36.81793679901094,-1.3982626406210121],[36.81794123492479,-1.3983339825460361],[36.81799923036657,-1.3983250139612684],[36.81799027639907,-1.3982536951426152],[36.81793679901094,-1.3982626406210121]]]},"id":"00180000000000017be2","properties":{"FID":249220}},{"type":"Feature","geometry":{"type":"Polygon","coordinates":[[[36.83619235212596,-1.3931078879880574],[36.83625033322366,-1.3931212779762903],[36.836272589411934,-1.393009766633485],[36.836214608331744,-1.3929964360590978],[36.83619235212596,-1.3931078879880574]]]},"id":"0018000000000000f377","properties":{"FID":256132}},{"type":"Feature","geometry":{"type":"Polygon","coordinates":[[[36.83721350263602,-1.3993818351031468],[36.83728930406033,-1.3993774164747048],[36.83728930406032,-1.3993016088655184],[36.83721350263602,-1.3993060274122233],[36.83721350263602,-1.3993818351031468]]]},"id":"00180000000000018098","properties":{"FID":256388}},{"type":"Feature","geometry":{"type":"Polygon","coordinates":[[[36.82036698270403,-1.393165848499826],[36.82042497624018,-1.3931703228892967],[36.82042941200453,-1.393098951128466],[36.82037150061571,-1.393094534660965],[36.82036698270403,-1.393165848499826]]]},"id":"001800000000000093a5","properties":{"FID":248709}},{"type":"Feature","geometry":{"type":"Polygon","coordinates":[[[36.818280170813566,-1.398271534800461],[36.81830243242315,-1.3983562288456775],[36.81840503289129,-1.3983250367105946],[36.81838268916658,-1.3982448045284503],[36.818280170813566,-1.398271534800461]]]},"id":"00180000000000010565","properties":{"FID":249221}},{"type":"Feature","geometry":{"type":"Polygon","coordinates":[[[36.83584454670898,-1.393032064198472],[36.836125501341996,-1.3930365203508055],[36.836125501342,-1.3929518086288337],[36.83584898154634,-1.3929429318311517],[36.83584454670898,-1.393032064198472]]]},"id":"0018000000000000b616","properties":{"FID":256133}},{"type":"Feature","geometry":{"type":"Polygon","coordinates":[[[36.841882166493654,-1.3991098221748381],[36.84189111756165,-1.39916334468614],[36.84198029970261,-1.3991500013565328],[36.841975783114265,-1.3991009162571935],[36.841882166493654,-1.3991098221748381]]]},"id":"00180000000000017e41","properties":{"FID":256389}},{"type":"Feature","geometry":{"type":"Polygon","coordinates":[[[36.80124191080377,-1.3930008829795073],[36.80124634772024,-1.393130215364047],[36.80135340879042,-1.3931257112928639],[36.80134897188039,-1.3930855882873994],[36.80145151373317,-1.3930811664502565],[36.80144707682903,-1.3929964390331788],[36.80124191080377,-1.3930008829795073]]]},"id":"0018000000000001d9dd","properties":{"FID":247942}},{"type":"Feature","geometry":{"type":"Polygon","coordinates":[[[36.817687073060526,-1.393107879746447],[36.817709416995754,-1.393156944585293],[36.81776289454858,-1.3931346251689276],[36.81774055062953,-1.3930856198500372],[36.817687073060526,-1.393107879746447]]]},"id":"001800000000000126c3","properties":{"FID":248710}},{"type":"Feature","geometry":{"type":"Polygon","coordinates":[[[36.818204349856735,-1.3982046487208477],[36.81821322165202,-1.3983339513772386],[36.818262345091824,-1.398333946299566],[36.81825782705106,-1.3982046236889454],[36.818204349856735,-1.3982046487208477]]]},"id":"0018000000000000da9e","properties":{"FID":249222}},{"type":"Feature","geometry":{"type":"Polygon","coordinates":[[[36.83340542787286,-1.3929874720767659],[36.83350800734315,-1.3929830485439665],[36.83350349023576,-1.3929339666820653],[36.83340542787286,-1.3929384268216876],[36.83340542787286,-1.3929874720767659]]]},"id":"0018000000000001508c","properties":{"FID":256134}},{"type":"Feature","geometry":{"type":"Polygon","coordinates":[[[36.82546375054621,-1.3928314163308122],[36.82552174007759,-1.392831431360821],[36.82552174007759,-1.3927957587174415],[36.82546375054622,-1.392795743661541],[36.82546375054621,-1.3928314163308122]]]},"id":"0018000000000000aa96","properties":{"FID":248711}},{"type":"Feature","geometry":{"type":"Polygon","coordinates":[[[36.82174485080357,-1.3982715336089246],[36.821758240000165,-1.398351807023913],[36.82202577699593,-1.398302736765214],[36.821998998697374,-1.398155570762425],[36.82186527134327,-1.3981778747610145],[36.82187414269859,-1.398209111025469],[36.82180284325717,-1.3982180249050002],[36.82181171462,-1.3982581812152017],[36.82174485080357,-1.3982715336089246]]]},"id":"0018000000000002c052","properties":{"FID":249223}},{"type":"Feature","geometry":{"type":"Polygon","coordinates":[[[36.83644209757754,-1.3929785624978868],[36.83651789979489,-1.393000901702082],[36.83650894807447,-1.3930187202980522],[36.83656249412903,-1.39303207209577],[36.8366115232277,-1.392880482888151],[36.83648217503261,-1.392840333354608],[36.83644209757754,-1.3929785624978868]]]},"id":"001800000000000241dd","properties":{"FID":256135}},{"type":"Feature","geometry":{"type":"Polygon","coordinates":[[[36.84022784264861,-1.3990429281242698],[36.84023227722233,-1.3991098520286818],[36.84043298246432,-1.3991054087612815],[36.84043298246432,-1.399034063793623],[36.84022784264861,-1.3990429281242698]]]},"id":"001800000000000255c8","properties":{"FID":256391}},{"type":"Feature","geometry":{"type":"Polygon","coordinates":[[[36.80093420178087,-1.3929964266878694],[36.80101447739579,-1.3930008549846382],[36.80101447739579,-1.3929696316885858],[36.80093872088126,-1.3929651806755718],[36.80093420178087,-1.3929964266878694]]]},"id":"0018000000000000b8ca","properties":{"FID":247944}},{"type":"Feature","geometry":{"type":"Polygon","coordinates":[[[36.822208624872985,-1.3928135865622242],[36.82223540309548,-1.3928180343016041],[36.822222013985446,-1.3928804698351942],[36.82230670211904,-1.3928983119763068],[36.82233348030596,-1.3927823596112283],[36.822222013985446,-1.3927600696654756],[36.822208624872985,-1.3928135865622242]]]},"id":"0018000000000000e9d5","properties":{"FID":248712}},{"type":"Feature","geometry":{"type":"Polygon","coordinates":[[[36.82333231616609,-1.3981377615763566],[36.82335014066352,-1.3982804502552724],[36.82339474295851,-1.3982715482820287],[36.82337691847185,-1.3981333196094403],[36.82333231616609,-1.3981377615763566]]]},"id":"00180000000000023219","properties":{"FID":249224}},{"type":"Feature","geometry":{"type":"Polygon","coordinates":[[[36.833137850008285,-1.3928447905188268],[36.83335187952584,-1.3928448186174482],[36.83335187952584,-1.3927868562529169],[36.833137850008285,-1.3927912866508376],[36.833137850008285,-1.3928447905188268]]]},"id":"0018000000000000ddd3","properties":{"FID":256136}},{"type":"Feature","geometry":{"type":"Polygon","coordinates":[[[36.84016543010143,-1.39903848072158],[36.8401698646789,-1.3991098637501713],[36.84021889137865,-1.3991098590019198],[36.840214456804134,-1.3990340169489874],[36.84016543010143,-1.39903848072158]]]},"id":"00180000000000011b58","properties":{"FID":256392}},{"type":"Feature","geometry":{"type":"Polygon","coordinates":[[[36.817847587798,-1.392777927467819],[36.817901147397336,-1.3927779045905946],[36.817901147397336,-1.392733309606636],[36.817847587798,-1.3927333324539313],[36.817847587798,-1.392777927467819]]]},"id":"00180000000000013612","properties":{"FID":248713}},{"type":"Feature","geometry":{"type":"Polygon","coordinates":[[[36.823582023018965,-1.3981110206145948],[36.823590894167936,-1.3982849131556871],[36.82373808937296,-1.3982804406079072],[36.823729136101576,-1.3981065499104313],[36.823582023018965,-1.3981110206145948]]]},"id":"001800000000000280f3","properties":{"FID":249225}},{"type":"Feature","geometry":{"type":"Polygon","coordinates":[[[36.827323171207325,-1.3928046574013457],[36.82733655939185,-1.3929027492511823],[36.82749261780531,-1.3928760092118093],[36.82747479430847,-1.392777938880207],[36.827323171207325,-1.3928046574013457]]]},"id":"0018000000000002423a","properties":{"FID":256137}},{"type":"Feature","geometry":{"type":"Polygon","coordinates":[[[36.84044185158679,-1.3990340205171625],[36.84046418863126,-1.3991276684942815],[36.84056224160665,-1.3991053636590687],[36.84055780705279,-1.3990741719088566],[36.84052660092549,-1.399078607091575],[36.84051321513525,-1.3990161873187552],[36.84044185158679,-1.3990340205171625]]]},"id":"0018000000000001fa1c","properties":{"FID":256393}},{"type":"Feature","geometry":{"type":"Polygon","coordinates":[[[36.79935126716468,-1.3931346389706818],[36.79945381178873,-1.393156921082354],[36.79950286553695,-1.3929651764512472],[36.79940032098096,-1.3929384336797985],[36.79935126716468,-1.3931346389706818]]]},"id":"00180000000000029dfa","properties":{"FID":247946}},{"type":"Feature","geometry":{"type":"Polygon","coordinates":[[[36.81693345416712,-1.392777906161934],[36.81697362436762,-1.3927734889355259],[36.816969188395625,-1.3927288552021193],[36.81693345416711,-1.3927288510884634],[36.81693345416712,-1.392777906161934]]]},"id":"0018000000000000a94a","properties":{"FID":248714}},{"type":"Feature","geometry":{"type":"Polygon","coordinates":[[[36.82581604035372,-1.3981422294224257],[36.825923065812,-1.3981422368828054],[36.825923065812,-1.3980708809507392],[36.82581604035372,-1.398070873394752],[36.82581604035372,-1.3981422294224257]]]},"id":"00180000000000015a1f","properties":{"FID":249226}},{"type":"Feature","geometry":{"type":"Polygon","coordinates":[[[36.836236946656996,-1.3928225047916085],[36.83629492771962,-1.3928269779044715],[36.8362993625299,-1.3927556210159744],[36.836241381470764,-1.3927511478609982],[36.836236946656996,-1.3928225047916085]]]},"id":"0018000000000000fdb2","properties":{"FID":256138}},{"type":"Feature","geometry":{"type":"Polygon","coordinates":[[[36.84095913309673,-1.3990028011891888],[36.840963567626446,-1.3990474292554342],[36.84103936519499,-1.3990429515578064],[36.84103493066983,-1.3989983829932968],[36.84095913309673,-1.3990028011891888]]]},"id":"00180000000000015797","properties":{"FID":256394}},{"type":"Feature","geometry":{"type":"Polygon","coordinates":[[[36.801384631483145,-1.3929473794849936],[36.80144707682903,-1.3929518345804002],[36.80144707682903,-1.3929161510599086],[36.801384631483145,-1.392911695941258],[36.801384631483145,-1.3929473794849936]]]},"id":"001800000000000122d6","properties":{"FID":247947}},{"type":"Feature","geometry":{"type":"Polygon","coordinates":[[[36.82523187410342,-1.392715477772862],[36.825285428344785,-1.3927244323026562],[36.82528986381702,-1.3926753611935783],[36.82523630957888,-1.392670925176226],[36.82523187410342,-1.392715477772862]]]},"id":"001800000000000092ce","properties":{"FID":248715}},{"type":"Feature","geometry":{"type":"Polygon","coordinates":[[[36.81610852264043,-1.3979237409155003],[36.81613086705337,-1.3980173555940634],[36.81617990973012,-1.3980039714448653],[36.81615764748055,-1.397910355357559],[36.81610852264043,-1.3979237409155003]]]},"id":"00180000000000015719","properties":{"FID":249227}},{"type":"Feature","geometry":{"type":"Polygon","coordinates":[[[36.83204987071229,-1.3928135845759235],[36.83209890281122,-1.3928180426650087],[36.83209890281122,-1.3928804647134845],[36.83211229012904,-1.3928804588554498],[36.83211672519084,-1.3927555936290665],[36.83204987071229,-1.3927556213188144],[36.83204987071229,-1.3928135845759235]]]},"id":"0018000000000001b758","properties":{"FID":256139}},{"type":"Feature","geometry":{"type":"Polygon","coordinates":[[[36.800443754498055,-1.3929518176481877],[36.800515074559776,-1.3929518294226009],[36.800515074559776,-1.3929161454860006],[36.800443754498055,-1.3929116731863092],[36.800443754498055,-1.3929518176481877]]]},"id":"0018000000000000c290","properties":{"FID":247948}},{"type":"Feature","geometry":{"type":"Polygon","coordinates":[[[36.82202577699593,-1.392661968499847],[36.8220569909513,-1.3926619952530712],[36.822061426617566,-1.392617381509952],[36.82202577699593,-1.3926173759695153],[36.82202577699593,-1.392661968499847]]]},"id":"0018000000000000ab99","properties":{"FID":248716}},{"type":"Feature","geometry":{"type":"Polygon","coordinates":[[[36.825396890038455,-1.3978791478373989],[36.82540132550399,-1.3979415627946168],[36.82548157452884,-1.3979371241059189],[36.82547270360714,-1.3978702115500687],[36.825396890038455,-1.3978791478373989]]]},"id":"001800000000000094bf","properties":{"FID":249228}},{"type":"Feature","geometry":{"type":"Polygon","coordinates":[[[36.83584011187135,-1.3927868076269443],[36.83612098439495,-1.3927913255530484],[36.83612098439495,-1.392706554985364],[36.83584454670898,-1.3927021343946053],[36.83584011187135,-1.3927868076269443]]]},"id":"0018000000000000b608","properties":{"FID":256140}},{"type":"Feature","geometry":{"type":"Polygon","coordinates":[[[36.840638039587866,-1.3989939282430066],[36.84064699080694,-1.3990741462582177],[36.84069158264355,-1.3990697041116533],[36.84068263142989,-1.3989894266975802],[36.840638039587866,-1.3989939282430066]]]},"id":"00180000000000019cf8","properties":{"FID":256396}},{"type":"Feature","geometry":{"type":"Polygon","coordinates":[[[36.816946844236384,-1.3923721428440876],[36.816982578458415,-1.392434580171638],[36.81701823051557,-1.392416747890355],[36.81698257845841,-1.3923543091222148],[36.816946844236384,-1.3923721428440876]]]},"id":"001800000000000163e8","properties":{"FID":248717}},{"type":"Feature","geometry":{"type":"Polygon","coordinates":[[[36.81799923036657,-1.3979147954258677],[36.81805270770948,-1.3979103699040205],[36.81804827180232,-1.3978478897695068],[36.81799923036657,-1.3978523531966591],[36.81799923036657,-1.3979147954258677]]]},"id":"001800000000000146e9","properties":{"FID":249229}},{"type":"Feature","geometry":{"type":"Polygon","coordinates":[[[36.83347679823198,-1.3927288795749742],[36.83353026435909,-1.3927333163140372],[36.83353469933564,-1.3926708743896148],[36.83348123321174,-1.3926664376172078],[36.83347679823198,-1.3927288795749742]]]},"id":"0018000000000001bc37","properties":{"FID":256141}},{"type":"Feature","geometry":{"type":"Polygon","coordinates":[[[36.84021889137865,-1.3990385138336598],[36.84027686930981,-1.39903852380408],[36.840276869309804,-1.3989760969488274],[36.84021889137864,-1.3989760869330814],[36.84021889137865,-1.3990385138336598]]]},"id":"0018000000000000a184","properties":{"FID":256397}},{"type":"Feature","geometry":{"type":"Polygon","coordinates":[[[36.817513168009945,-1.3923587529140249],[36.8175221220353,-1.3923989037073556],[36.817566645704915,-1.3923899480960134],[36.81755777383193,-1.3923453958360141],[36.817513168009945,-1.3923587529140249]]]},"id":"0018000000000000de57","properties":{"FID":248718}},{"type":"Feature","geometry":{"type":"Polygon","coordinates":[[[36.81609069639437,-1.3977498188672937],[36.8161130408127,-1.3978746549708418],[36.81616651952177,-1.3978657691821263],[36.816148693289726,-1.3977409101906637],[36.81609069639437,-1.3977498188672937]]]},"id":"0018000000000001fa59","properties":{"FID":249230}},{"type":"Feature","geometry":{"type":"Polygon","coordinates":[[[36.83356147344763,-1.3926307946749308],[36.83361050454164,-1.3926307941152272],[36.83361050454164,-1.3925816900480266],[36.833561473447624,-1.3925816905775723],[36.83356147344763,-1.3926307946749308]]]},"id":"00180000000000015176","properties":{"FID":256142}},{"type":"Feature","geometry":{"type":"Polygon","coordinates":[[[36.84059344771887,-1.3988512222602465],[36.840606833494526,-1.3989894452993137],[36.840669327789236,-1.3989805140802585],[36.84065142535544,-1.3988467733329675],[36.84059344771887,-1.3988512222602465]]]},"id":"00180000000000011b4c","properties":{"FID":256398}},{"type":"Feature","geometry":{"type":"Polygon","coordinates":[[[36.79911939089578,-1.39304994053333],[36.79931108738139,-1.3931212740795635],[36.799391364758975,-1.3928983325778481],[36.79920410552059,-1.39283143841059],[36.79914617748987,-1.3929830206357432],[36.79914617748987,-1.3929874812108767],[36.79911939089578,-1.39304994053333]]]},"id":"0018000000000002a293","properties":{"FID":247951}},{"type":"Feature","geometry":{"type":"Polygon","coordinates":[[[36.821838492986494,-1.3923230837654883],[36.821842928665895,-1.39236319557475],[36.821900921042435,-1.392358751856499],[36.821900921042435,-1.3923186188684904],[36.821838492986494,-1.3923230837654883]]]},"id":"0018000000000000b8da","properties":{"FID":248719}},{"type":"Feature","geometry":{"type":"Polygon","coordinates":[[[36.82207038009126,-1.3977409198829351],[36.822083769228804,-1.3977855124501715],[36.82211498315965,-1.3977765579059043],[36.82210159402778,-1.397731965366494],[36.82207038009126,-1.3977409198829351]]]},"id":"0018000000000000967b","properties":{"FID":249231}},{"type":"Feature","geometry":{"type":"Polygon","coordinates":[[[36.83708859025977,-1.3925504949874175],[36.83709310714754,-1.3926129493293717],[36.83718672984999,-1.3926084514287735],[36.83718672984999,-1.3925460338536082],[36.83708859025977,-1.3925504949874175]]]},"id":"001800000000000128e4","properties":{"FID":256143}},{"type":"Feature","geometry":{"type":"Polygon","coordinates":[[[36.84280075391274,-1.398935949591447],[36.84284977886263,-1.3989537805038423],[36.84289436936663,-1.398846783783668],[36.8428409100299,-1.3988244561591407],[36.84280075391274,-1.398935949591447]]]},"id":"0018000000000001ec73","properties":{"FID":256399}},{"type":"Feature","geometry":{"type":"Polygon","coordinates":[[[36.81732143660083,-1.392323114886476],[36.817325872551656,-1.3923676884571135],[36.81737491443468,-1.3923632290938088],[36.817370478486794,-1.3923186555562233],[36.81732143660083,-1.392323114886476]]]},"id":"00180000000000009f2d","properties":{"FID":248720}},{"type":"Feature","geometry":{"type":"Polygon","coordinates":[[[36.82209715836392,-1.3976873878057057],[36.82211054749659,-1.3977631996812516],[36.82215958620108,-1.3977542765095938],[36.82214176141613,-1.3976784862138631],[36.82209715836392,-1.3976873878057057]]]},"id":"00180000000000011fe4","properties":{"FID":249232}},{"type":"Feature","geometry":{"type":"Polygon","coordinates":[[[36.83191607944239,-1.3925416010445],[36.83199188631203,-1.3925415889913146],[36.83199188631204,-1.3924880848281185],[36.83191607944239,-1.3924925555117937],[36.83191607944239,-1.3925416010445]]]},"id":"0018000000000001646e","properties":{"FID":256144}},{"type":"Feature","geometry":{"type":"Polygon","coordinates":[[[36.80050168151196,-1.3928537042699158],[36.8005462976066,-1.3928581862839424],[36.80055073456482,-1.3928136197955536],[36.800506200638786,-1.3928091362691764],[36.80050168151196,-1.3928537042699158]]]},"id":"00180000000000013155","properties":{"FID":247953}},{"type":"Feature","geometry":{"type":"Polygon","coordinates":[[[36.8204561908725,-1.392363205825476],[36.820505230676105,-1.3923632058432962],[36.8205052306761,-1.3923096942609463],[36.8204561908725,-1.3923096942102662],[36.8204561908725,-1.392363205825476]]]},"id":"00180000000000014ca2","properties":{"FID":248721}},{"type":"Feature","geometry":{"type":"Polygon","coordinates":[[[36.81782976197181,-1.3976918485574499],[36.81783419789209,-1.3977721097306863],[36.817927845035875,-1.3977676646486112],[36.81792340912122,-1.3976874035798759],[36.81782976197181,-1.3976918485574499]]]},"id":"001800000000000116c8","properties":{"FID":249233}},{"type":"Feature","geometry":{"type":"Polygon","coordinates":[[[36.83199632138109,-1.3925281916918273],[36.832089950554376,-1.3925282120467208],[36.832089950554376,-1.3924791666399707],[36.83199632138109,-1.3924836049032572],[36.83199632138109,-1.3925281916918273]]]},"id":"00180000000000016dac","properties":{"FID":256145}},{"type":"Feature","geometry":{"type":"Polygon","coordinates":[[[36.80024310483088,-1.3929384561485216],[36.80042592447187,-1.392956304940392],[36.80043931753341,-1.3928135636624257],[36.80032338119633,-1.392804668699862],[36.80031886205832,-1.392840375286309],[36.80025197878344,-1.3928358817228774],[36.80024310483088,-1.3929384561485216]]]},"id":"00180000000000020cd6","properties":{"FID":247954}},{"type":"Feature","geometry":{"type":"Polygon","coordinates":[[[36.820335768033985,-1.392327521442174],[36.82041158680175,-1.3923364882188896],[36.820416022566896,-1.3923007925991828],[36.82034028594757,-1.3922918837621896],[36.820335768033985,-1.392327521442174]]]},"id":"001800000000000106d2","properties":{"FID":248722}},{"type":"Feature","geometry":{"type":"Polygon","coordinates":[[[36.81628694916105,-1.3978033276426995],[36.816385034274646,-1.3978122417385996],[36.81638059826729,-1.3978657267015746],[36.81647424725476,-1.3978791224751423],[36.81649650940886,-1.3976651008538297],[36.81635825392993,-1.3976517459892603],[36.816349381911735,-1.3977408745864166],[36.81629582118673,-1.397736440506248],[36.81628694916105,-1.3978033276426995]]]},"id":"0018000000000002ac30","properties":{"FID":249234}},{"type":"Feature","geometry":{"type":"Polygon","coordinates":[[[36.83686570203575,-1.3924524242062533],[36.83687908848827,-1.3926708806351726],[36.83696819456732,-1.3926709232940648],[36.836959325026946,-1.3924479265158647],[36.83686570203575,-1.3924524242062533]]]},"id":"00180000000000014291","properties":{"FID":256146}},{"type":"Feature","geometry":{"type":"Polygon","coordinates":[[[36.8002653718765,-1.3928358761442972],[36.80030103200201,-1.3928358820877302],[36.80030103200201,-1.3927957376897617],[36.8002653718765,-1.3927957317284245],[36.8002653718765,-1.3928358761442972]]]},"id":"0018000000000000d138","properties":{"FID":247955}},{"type":"Feature","geometry":{"type":"Polygon","coordinates":[[[36.816969188395625,-1.392233908520503],[36.81697806033933,-1.3922874394166553],[36.81702710245337,-1.3922918990773108],[36.81706727260293,-1.392287422700849],[36.81708509861321,-1.3923944236334544],[36.81710736058315,-1.3923899755399576],[36.81716535667993,-1.3923989101886425],[36.81722778868789,-1.39238552617188],[36.81723674274786,-1.392385541728576],[36.81732143660083,-1.3923677096610239],[36.81733039064944,-1.3922918546857648],[36.81731700064974,-1.3922918603188064],[36.81731700064974,-1.3922784819091865],[36.81729917469544,-1.3921625627145167],[36.817272394682284,-1.3921581144804238],[36.81706727260293,-1.3921937736623506],[36.817058318522406,-1.3921625417903796],[36.81697806033934,-1.3921804118453607],[36.816969188395625,-1.392233908520503]]]},"id":"0018000000000002c801","properties":{"FID":248723}},{"type":"Feature","geometry":{"type":"Polygon","coordinates":[[[36.8168755400359,-1.3975625561116527],[36.816888930115674,-1.3976472336440495],[36.81696023430321,-1.3976427802856992],[36.816946844236384,-1.3975536426643236],[36.8168755400359,-1.3975625561116527]]]},"id":"001800000000000120eb","properties":{"FID":249235}},{"type":"Feature","geometry":{"type":"Polygon","coordinates":[[[36.833722035786494,-1.3924568413102223],[36.83373090571625,-1.3925326541242429],[36.833864693694046,-1.392514822618221],[36.83385574165155,-1.3924390114638556],[36.833722035786494,-1.3924568413102223]]]},"id":"0018000000000001f336","properties":{"FID":256147}},{"type":"Feature","geometry":{"type":"Polygon","coordinates":[[[36.817789674383825,-1.3921759418421906],[36.81783871595877,-1.39231864400541],[36.81795906072407,-1.392274061315261],[36.817927845035875,-1.3921893051795793],[36.817896629334484,-1.3921982564679938],[36.817878803520124,-1.3921447107422014],[36.817789674383825,-1.3921759418421906]]]},"id":"0018000000000001dec6","properties":{"FID":248724}},{"type":"Feature","geometry":{"type":"Polygon","coordinates":[[[36.81812409291943,-1.3974510414442105],[36.81813748277277,-1.3975045561240325],[36.818208785754514,-1.3974867226331718],[36.81819539591411,-1.3974332080265444],[36.81812409291943,-1.3974510414442105]]]},"id":"00180000000000017b57","properties":{"FID":249236}},{"type":"Feature","geometry":{"type":"Polygon","coordinates":[[[36.83672740259265,-1.3924256344012529],[36.836785383269614,-1.3925727768502658],[36.836834494345595,-1.3925504826505424],[36.83682110788499,-1.3925148211906646],[36.83686570203575,-1.3924970082345927],[36.836847798678285,-1.3924523933413668],[36.836785383269614,-1.3924791501566822],[36.83675869245372,-1.3924122842474969],[36.83672740259265,-1.3924256344012529]]]},"id":"00180000000000023b15","properties":{"FID":256148}},{"type":"Feature","geometry":{"type":"Polygon","coordinates":[[[36.81755777383193,-1.392162558288551],[36.817606815560914,-1.392180396276627],[36.817624641440936,-1.3921358345629555],[36.81758003565935,-1.3921179753846817],[36.81755777383193,-1.392162558288551]]]},"id":"0018000000000000c131","properties":{"FID":248725}},{"type":"Feature","geometry":{"type":"Polygon","coordinates":[[[36.815586877255086,-1.3975045425002748],[36.81566713695031,-1.3977721204941809],[36.81589452525491,-1.3977052288940806],[36.81580982976521,-1.3974376736123881],[36.815586877255086,-1.3975045425002748]]]},"id":"0018000000000002bc4b","properties":{"FID":249237}},{"type":"Feature","geometry":{"type":"Polygon","coordinates":[[[36.831920514516,-1.3923676914123408],[36.8319339018662,-1.392421189656204],[36.83197406390224,-1.3924077963126031],[36.831960676559326,-1.3923542981146375],[36.831920514516,-1.3923676914123408]]]},"id":"0018000000000000fc25","properties":{"FID":256149}},{"type":"Feature","geometry":{"type":"Polygon","coordinates":[[[36.83893022564839,-1.396835730088121],[36.83893466030014,-1.3968981325891718],[36.83901941137158,-1.3968936721218224],[36.83901497672491,-1.3968312696951313],[36.83893022564839,-1.396835730088121]]]},"id":"001800000000000150a9","properties":{"FID":256405}},{"type":"Feature","geometry":{"type":"Polygon","coordinates":[[[36.7999353916501,-1.392813565423035],[36.7999888820707,-1.39284036714611],[36.80000227521142,-1.3928091380235372],[36.79994878480052,-1.3927823957822856],[36.7999353916501,-1.392813565423035]]]},"id":"00180000000000017d24","properties":{"FID":247958}},{"type":"Feature","geometry":{"type":"Polygon","coordinates":[[[36.81775394055242,-1.3921224243664698],[36.81776289454858,-1.3921581153585967],[36.81783871595877,-1.3921402666652083],[36.81782976197181,-1.3921045757239594],[36.81775394055242,-1.3921224243664698]]]},"id":"0018000000000000bb87","properties":{"FID":248726}},{"type":"Feature","geometry":{"type":"Polygon","coordinates":[[[36.81589452525491,-1.3973395495193202],[36.81590791551258,-1.3973975257694016],[36.81593469602063,-1.3973931120722578],[36.815921305767816,-1.3973306756448562],[36.81589452525491,-1.3973395495193202]]]},"id":"0018000000000000d377","properties":{"FID":249238}},{"type":"Feature","geometry":{"type":"Polygon","coordinates":[[[36.83584011187134,-1.3926798037775703],[36.83611654957396,-1.3926798254184867],[36.83611211475267,-1.392340945075751],[36.83584011187134,-1.3923453594533841],[36.83584011187134,-1.3926798037775703]]]},"id":"0018000000000000f2e9","properties":{"FID":256150}},{"type":"Feature","geometry":{"type":"Polygon","coordinates":[[[36.83932712592524,-1.3968089245569908],[36.83933156055313,-1.3968981391793533],[36.83941631116828,-1.3968981375473233],[36.83941179442283,-1.396759877492435],[36.83934938118475,-1.3967598873428155],[36.83934938118475,-1.396804475580962],[36.83932712592524,-1.3968089245569908]]]},"id":"0018000000000001a25c","properties":{"FID":256406}},{"type":"Feature","geometry":{"type":"Polygon","coordinates":[[[36.7999532217946,-1.3927734535937428],[36.7999888820707,-1.3927957620823426],[36.800002275211426,-1.3927689935067906],[36.79996661494179,-1.3927511455263246],[36.7999532217946,-1.3927734535937428]]]},"id":"001800000000000117bd","properties":{"FID":247959}},{"type":"Feature","geometry":{"type":"Polygon","coordinates":[[[36.81835147365749,-1.3920332536571816],[36.818427294463234,-1.3920377021214851],[36.818427294463234,-1.3920020271342393],[36.81835590954644,-1.391997557454909],[36.81835147365749,-1.3920332536571816]]]},"id":"00180000000000015d68","properties":{"FID":248727}},{"type":"Feature","geometry":{"type":"Polygon","coordinates":[[[36.816866585932125,-1.39727269007428],[36.81689336609248,-1.3973618800921463],[36.81698257845841,-1.3973395569773037],[36.81695579833042,-1.3972459664446244],[36.816866585932125,-1.39727269007428]]]},"id":"0018000000000002034e","properties":{"FID":249239}},{"type":"Feature","geometry":{"type":"Polygon","coordinates":[[[36.83184470757299,-1.3923454099572845],[36.83185365985959,-1.3924122460372204],[36.83191164436851,-1.3923988851203266],[36.83190269208894,-1.3923364483267544],[36.83184470757299,-1.3923454099572845]]]},"id":"0018000000000000d772","properties":{"FID":256151}},{"type":"Feature","geometry":{"type":"Polygon","coordinates":[[[36.81843624837773,-1.391984205248894],[36.81844068426158,-1.392033237146925],[36.818498679311006,-1.392033253019416],[36.81849416128472,-1.3919842226505297],[36.81843624837773,-1.391984205248894]]]},"id":"001800000000000167dc","properties":{"FID":248728}},{"type":"Feature","geometry":{"type":"Polygon","coordinates":[[[36.81584548238862,-1.3972459476237853],[36.81590347947657,-1.3972459598111597],[36.81590347947657,-1.3971612162412212],[36.81584548238862,-1.3971612039923542],[36.81584548238862,-1.3972459476237853]]]},"id":"00180000000000016dea","properties":{"FID":249240}},{"type":"Feature","geometry":{"type":"Polygon","coordinates":[[[36.83401186840217,-1.3924746925414468],[36.83414113880194,-1.3924747181635557],[36.83414113880194,-1.392336443789374],[36.83401630334975,-1.3923319976016584],[36.83401186840217,-1.3924746925414468]]]},"id":"00180000000000025e8a","properties":{"FID":256152}},{"type":"Feature","geometry":{"type":"Polygon","coordinates":[[[36.83887224665812,-1.396166836921482],[36.838890067400776,-1.3962337500390647],[36.83892579099634,-1.3962247750771077],[36.838907970262326,-1.3961579214556072],[36.83887224665812,-1.396166836921482]]]},"id":"0018000000000000f0e2","properties":{"FID":256408}},{"type":"Feature","geometry":{"type":"Polygon","coordinates":[[[36.82531664092152,-1.391952987293007],[36.825396890038455,-1.3919619323234125],[36.82540132550399,-1.3918994855076852],[36.82532551186197,-1.3918905786866769],[36.82531664092152,-1.391952987293007]]]},"id":"001800000000000173db","properties":{"FID":248729}},{"type":"Feature","geometry":{"type":"Polygon","coordinates":[[[36.82323424028293,-1.3971166453032497],[36.823243111473694,-1.397165659801144],[36.82330553834158,-1.3971522709736306],[36.82329666715831,-1.3971077162943903],[36.82323424028293,-1.3971166453032497]]]},"id":"00180000000000008fd9","properties":{"FID":249241}},{"type":"Feature","geometry":{"type":"Polygon","coordinates":[[[36.83159502868327,-1.3923542922322953],[36.83159946377618,-1.3924568802650321],[36.831849224781955,-1.3924434780197354],[36.83184470757299,-1.3923409512911056],[36.83159502868327,-1.3923542922322953]]]},"id":"001800000000000270b2","properties":{"FID":256153}},{"type":"Feature","geometry":{"type":"Polygon","coordinates":[[[36.82040715103633,-1.3920020632579382],[36.82066573928617,-1.3920555698302441],[36.82068356442758,-1.391966358087787],[36.82064791414046,-1.3919574337413954],[36.82065686778562,-1.391908397711706],[36.82049184125222,-1.3918726917184976],[36.82048296973076,-1.3919173265111517],[36.82042497624018,-1.3919039328858864],[36.82040715103633,-1.3920020632579382]]]},"id":"0018000000000002a56f","properties":{"FID":248730}},{"type":"Feature","geometry":{"type":"Polygon","coordinates":[[[36.815783049211866,-1.3970630891902176],[36.8158098297652,-1.3971567401489482],[36.815890089218094,-1.3971389217707137],[36.815867744732294,-1.397040848787184],[36.815783049211866,-1.3970630891902176]]]},"id":"0018000000000000e799","properties":{"FID":249242}},{"type":"Feature","geometry":{"type":"Polygon","coordinates":[[[36.8337354228097,-1.3923186199519966],[36.83375324479388,-1.392376613660206],[36.83379332371031,-1.3923632221090088],[36.83377550173582,-1.3923052284500201],[36.8337354228097,-1.3923186199519966]]]},"id":"00180000000000018010","properties":{"FID":256154}},{"type":"Feature","geometry":{"type":"Polygon","coordinates":[[[36.838640412364605,-1.39554702167316],[36.838644847033805,-1.3955826698754916],[36.83871177765696,-1.3955826974857866],[36.83871177765696,-1.3955470278756679],[36.838640412364605,-1.39554702167316]]]},"id":"001800000000000181bb","properties":{"FID":256410}},{"type":"Feature","geometry":{"type":"Polygon","coordinates":[[[36.81827121688014,-1.391895045130919],[36.818306868315034,-1.3919128290820435],[36.81832469402603,-1.3918771868781281],[36.818289042599744,-1.391859343475806],[36.81827121688014,-1.391895045130919]]]},"id":"0018000000000000e7a3","properties":{"FID":248731}},{"type":"Feature","geometry":{"type":"Polygon","coordinates":[[[36.822806121920024,-1.3970452525918318],[36.8228195109241,-1.3971389016465472],[36.82302461702029,-1.3971121459907525],[36.823006792444225,-1.3969917601336055],[36.8228953271406,-1.3970051517206414],[36.822899762756485,-1.3970318888811641],[36.822806121920024,-1.3970452525918318]]]},"id":"001800000000000279d2","properties":{"FID":249243}},{"type":"Feature","geometry":{"type":"Polygon","coordinates":[[[36.831960676559326,-1.3923542981146375],[36.83195172428571,-1.3922963200896572],[36.831902692088946,-1.3923052377064928],[36.83191607944239,-1.3923631945400436],[36.831960676559326,-1.3923542981146375]]]},"id":"0018000000000001530f","properties":{"FID":256155}},{"type":"Feature","geometry":{"type":"Polygon","coordinates":[[[36.838506633051615,-1.3955291894982378],[36.83851550240584,-1.3955871693227258],[36.838604688630745,-1.3955737715596195],[36.83859581928725,-1.3955157918215708],[36.838506633051615,-1.3955291894982378]]]},"id":"001800000000000174dc","properties":{"FID":256411}},{"type":"Feature","geometry":{"type":"Polygon","coordinates":[[[36.800350085188036,-1.3926575228462728],[36.800528467605155,-1.3926619524326298],[36.80053290456445,-1.3925683212858069],[36.800488288461715,-1.3925638986192905],[36.800488288461715,-1.3925371359568723],[36.800394701374195,-1.3925326517608068],[36.80039470137418,-1.3925817167088894],[36.80035452215803,-1.392577272864742],[36.800350085188036,-1.3926575228462728]]]},"id":"0018000000000002938b","properties":{"FID":247964}},{"type":"Feature","geometry":{"type":"Polygon","coordinates":[[[36.82583386425125,-1.391828125192313],[36.82586064115834,-1.3919039158883642],[36.8259275012459,-1.3918816539384735],[36.82590072436307,-1.391805863348742],[36.82583386425125,-1.391828125192313]]]},"id":"0018000000000001d1d2","properties":{"FID":248732}},{"type":"Feature","geometry":{"type":"Polygon","coordinates":[[[36.82279725067673,-1.3969783988822693],[36.822801686298504,-1.3970363545094333],[36.822872984775024,-1.3970274420570568],[36.822864113539765,-1.3969694485094948],[36.82279725067673,-1.3969783988822693]]]},"id":"0018000000000001352e","properties":{"FID":249244}},{"type":"Feature","geometry":{"type":"Polygon","coordinates":[[[36.836700711755775,-1.3923097261971618],[36.83674974076254,-1.3923275592918212],[36.83676756201823,-1.392278489988948],[36.836718533023316,-1.392260656894201],[36.836700711755775,-1.3923097261971618]]]},"id":"001800000000000183eb","properties":{"FID":256156}},{"type":"Feature","geometry":{"type":"Polygon","coordinates":[[[36.82555738801052,-1.3919217963099801],[36.82565997839423,-1.3919619045052707],[36.82572240321763,-1.3917835410783894],[36.825664413843946,-1.391765689545642],[36.825655460806274,-1.3917924870534752],[36.82561537746831,-1.3917790661431844],[36.82559755351801,-1.3918326002958512],[36.82559303592624,-1.3918281045832697],[36.82555738801052,-1.3919217963099801]]]},"id":"001800000000000225e6","properties":{"FID":248733}},{"type":"Feature","geometry":{"type":"Polygon","coordinates":[[[36.823729136101576,-1.396947182134847],[36.82373808937296,-1.3969917943438415],[36.82380051582215,-1.3969784057830854],[36.82378712699605,-1.396929355389929],[36.823729136101576,-1.396947182134847]]]},"id":"00180000000000008b9e","properties":{"FID":249245}},{"type":"Feature","geometry":{"type":"Polygon","coordinates":[[[36.83666950399579,-1.392211615113864],[36.83667393878355,-1.3922650944626125],[36.83670958132725,-1.3922606414394878],[36.836700711755775,-1.3922071239213947],[36.83666950399579,-1.392211615113864]]]},"id":"0018000000000000aa66","properties":{"FID":256157}},{"type":"Feature","geometry":{"type":"Polygon","coordinates":[[[36.81867258204022,-1.3917746006698237],[36.81868588964836,-1.3918236492382676],[36.81874832037053,-1.3918058067613301],[36.81873493062798,-1.391756759747454],[36.81867258204022,-1.3917746006698237]]]},"id":"00180000000000013e10","properties":{"FID":248734}},{"type":"Feature","geometry":{"type":"Polygon","coordinates":[[[36.82223983875102,-1.3969248844246114],[36.8222442744063,-1.3969560815497923],[36.822293313021945,-1.396947159094182],[36.82228887736961,-1.3969159619959088],[36.82223983875102,-1.3969248844246114]]]},"id":"0018000000000001376f","properties":{"FID":249246}},{"type":"Feature","geometry":{"type":"Polygon","coordinates":[[[36.836834494345595,-1.3922115853827217],[36.83686570203575,-1.3924479658066062],[36.83693698692055,-1.3924390001206508],[36.83690577926057,-1.392202679412445],[36.836834494345595,-1.3922115853827217]]]},"id":"0018000000000001793c","properties":{"FID":256158}},{"type":"Feature","geometry":{"type":"Polygon","coordinates":[[[36.80121068805077,-1.3925193078401943],[36.80123747388704,-1.3927021141002198],[36.801344452805075,-1.392688750795577],[36.8013622826097,-1.3928180762701288],[36.80142916487994,-1.392804668561946],[36.80138906839104,-1.392537118743366],[36.80134001589451,-1.3925460390195508],[36.80133557898366,-1.3925014562624007],[36.80121068805077,-1.3925193078401943]]]},"id":"00180000000000027f08","properties":{"FID":247967}},{"type":"Feature","geometry":{"type":"Polygon","coordinates":[[[36.82062565323815,-1.3917745938115553],[36.820674692929174,-1.391792431054296],[36.82069251806841,-1.3917434123962404],[36.82064347838924,-1.3917300343651398],[36.82062565323815,-1.3917745938115553]]]},"id":"00180000000000014b7c","properties":{"FID":248735}},{"type":"Feature","geometry":{"type":"Polygon","coordinates":[[[36.8158766989572,-1.3968802981509234],[36.81589452525491,-1.3970408359520052],[36.815988174858866,-1.397031872201168],[36.81597034858376,-1.396871394097819],[36.8158766989572,-1.3968802981509234]]]},"id":"001800000000000270c3","properties":{"FID":249247}},{"type":"Feature","geometry":{"type":"Polygon","coordinates":[[[36.83237978958386,-1.3922606510532138],[36.83241099915924,-1.3922695950005428],[36.83239317685071,-1.3923230661010915],[36.83252253221804,-1.3923676768955509],[36.83254930669749,-1.3922829514787098],[36.83249132268986,-1.3922651018296837],[36.83250914497468,-1.3922116308970285],[36.832410999159244,-1.3921759640035547],[36.83237978958386,-1.3922606510532138]]]},"id":"0018000000000002433a","properties":{"FID":256159}},{"type":"Feature","geometry":{"type":"Polygon","coordinates":[[[36.820830765430806,-1.3916497533231622],[36.820835201170766,-1.3917255979348624],[36.82098683760245,-1.3917211172598967],[36.82098683760245,-1.3916453110852385],[36.820830765430806,-1.3916497533231622]]]},"id":"00180000000000009be7","properties":{"FID":248736}},{"type":"Feature","geometry":{"type":"Polygon","coordinates":[[[36.822329044656044,-1.3968446455108283],[36.822346869395766,-1.3969204339717662],[36.82249398494043,-1.3968892069788446],[36.82247616023622,-1.3968134187211725],[36.822329044656044,-1.3968446455108283]]]},"id":"001800000000000178af","properties":{"FID":249248}},{"type":"Feature","geometry":{"type":"Polygon","coordinates":[[[36.83160389886883,-1.3921982557185353],[36.831621803499395,-1.3923141526041947],[36.831688658365955,-1.3923052674106091],[36.83167970605933,-1.3922294546167775],[36.831822450048385,-1.3922116389840995],[36.83180906267795,-1.3921357882942886],[36.831621803499395,-1.3921580993391558],[36.8316262385907,-1.392198206022426],[36.83160389886883,-1.3921982557185353]]]},"id":"0018000000000002640b","properties":{"FID":256160}},{"type":"Feature","geometry":{"type":"Polygon","coordinates":[[[36.82044280143973,-1.3912172485793655],[36.820447237203,-1.391288574007166],[36.82064347838925,-1.3912662794511073],[36.820639042637765,-1.3911949542442352],[36.82044280143973,-1.3912172485793655]]]},"id":"0018000000000002460d","properties":{"FID":248737}},{"type":"Feature","geometry":{"type":"Polygon","coordinates":[[[36.823211898019956,-1.3967955944339483],[36.82321633361681,-1.396858009194947],[36.82333675175571,-1.3968490926503991],[36.823327880576194,-1.3967821802853764],[36.823211898019956,-1.3967955944339483]]]},"id":"001800000000000126b3","properties":{"FID":249249}},{"type":"Feature","geometry":{"type":"Polygon","coordinates":[[[36.83678094848856,-1.392140274626452],[36.83679433495647,-1.3921848525152387],[36.836834494345595,-1.3921759184382114],[36.83682110788499,-1.3921313405823073],[36.83678094848856,-1.392140274626452]]]},"id":"0018000000000001741a","properties":{"FID":256161}},{"type":"Feature","geometry":{"type":"Polygon","coordinates":[[[36.821312370233194,-1.3881939419675384],[36.82142827363176,-1.3882341089576649],[36.82146392354199,-1.3881270481017731],[36.8213480201994,-1.3880913992509694],[36.821312370233194,-1.3881939419675384]]]},"id":"0018000000000001352d","properties":{"FID":248738}},{"type":"Feature","geometry":{"type":"Polygon","coordinates":[[[36.82337240074414,-1.3967732810342077],[36.823381354058796,-1.3968045140798293],[36.82343482750266,-1.3967955703793453],[36.823430391918926,-1.3967643738595663],[36.82337240074414,-1.3967732810342077]]]},"id":"0018000000000000a8fe","properties":{"FID":249250}},{"type":"Feature","geometry":{"type":"Polygon","coordinates":[[[36.836678373571026,-1.39213578026252],[36.836682890483935,-1.392202692572542],[36.83674078907028,-1.3921982507585327],[36.83673635428654,-1.3921313370114459],[36.836678373571026,-1.39213578026252]]]},"id":"00180000000000016be3","properties":{"FID":256162}},{"type":"Feature","geometry":{"type":"Polygon","coordinates":[[[36.80133557898366,-1.3924523920066587],[36.801344452805075,-1.39252377534927],[36.80138906839104,-1.392519277181112],[36.801380112410015,-1.3924479548525168],[36.80133557898366,-1.3924523920066587]]]},"id":"00180000000000015a5b","properties":{"FID":247971}},{"type":"Feature","geometry":{"type":"Polygon","coordinates":[[[36.82491531188898,-1.3880245187498026],[36.824919747383454,-1.3881092686619105],[36.824986608323535,-1.38810478667178],[36.82498217283307,-1.3880200368416553],[36.82491531188898,-1.3880245187498026]]]},"id":"001800000000000096c3","properties":{"FID":248739}},{"type":"Feature","geometry":{"type":"Polygon","coordinates":[[[36.816327037564925,-1.3967732468886582],[36.81633599173413,-1.3968134029548254],[36.81638947028172,-1.3968044587001882],[36.81638059826729,-1.3967599005363782],[36.816327037564925,-1.3967732468886582]]]},"id":"0018000000000000c699","properties":{"FID":249251}},{"type":"Feature","geometry":{"type":"Polygon","coordinates":[[[36.83374872770153,-1.392274030131107],[36.83379784079994,-1.3923498236919427],[36.834025255372765,-1.3922071740892141],[36.833962837575,-1.3921134917092886],[36.83385574165155,-1.3921804155922393],[36.83386912865048,-1.3921937854352042],[36.83374872770153,-1.392274030131107]]]},"id":"00180000000000028684","properties":{"FID":256163}},{"type":"Feature","geometry":{"type":"Polygon","coordinates":[[[36.825156060287306,-1.3879709912770442],[36.825169448865054,-1.3880869661828688],[36.82520961458369,-1.3880824927162112],[36.82520066149084,-1.387966556352605],[36.825156060287306,-1.3879709912770442]]]},"id":"001800000000000212c5","properties":{"FID":248740}},{"type":"Feature","geometry":{"type":"Polygon","coordinates":[[[36.81580982976521,-1.396764364870745],[36.81581426580684,-1.396808944810871],[36.8158766989572,-1.3968000155918985],[36.81587226291931,-1.3967598958295893],[36.81580982976521,-1.396764364870745]]]},"id":"00180000000000009172","properties":{"FID":249252}},{"type":"Feature","geometry":{"type":"Polygon","coordinates":[[[36.8320320483165,-1.3920778123997715],[36.832036483383135,-1.392153647262878],[36.83218357960882,-1.392149187980226],[36.83218357960882,-1.3920733914892403],[36.8320320483165,-1.3920778123997715]]]},"id":"0018000000000001d361","properties":{"FID":256164}},{"type":"Feature","geometry":{"type":"Polygon","coordinates":[[[36.82491531188898,-1.387917515112276],[36.82493313600407,-1.3879977418537512],[36.82514267170715,-1.3879487038979639],[36.82512484764265,-1.387868477473177],[36.82491531188898,-1.387917515112276]]]},"id":"0018000000000001401c","properties":{"FID":248741}},{"type":"Feature","geometry":{"type":"Polygon","coordinates":[[[36.81524792900279,-1.396755465135566],[36.815288100120256,-1.3967599062065044],[36.81529253619325,-1.3967197433055292],[36.81524792900279,-1.396719783823968],[36.81524792900279,-1.396755465135566]]]},"id":"0018000000000000be6b","properties":{"FID":249253}},{"type":"Feature","geometry":{"type":"Polygon","coordinates":[[[36.83492595473868,-1.3920689227221288],[36.83505974054846,-1.3920644677470342],[36.835059740548466,-1.392010966384048],[36.83492595473868,-1.3920154212625262],[36.83492595473868,-1.3920689227221288]]]},"id":"0018000000000000f2b7","properties":{"FID":256165}},{"type":"Feature","geometry":{"type":"Polygon","coordinates":[[[36.80109475292353,-1.3924167442999573],[36.801099189848834,-1.3924613270868031],[36.80120625113217,-1.3924568834731346],[36.801201814213286,-1.3924123007518427],[36.80109475292353,-1.3924167442999573]]]},"id":"0018000000000000d4ab","properties":{"FID":247974}},{"type":"Feature","geometry":{"type":"Polygon","coordinates":[[[36.824901923265124,-1.387850583514489],[36.824906358760416,-1.3878952067173846],[36.824977737342344,-1.3878863034484086],[36.824977737342344,-1.3878461772382864],[36.824901923265124,-1.387850583514489]]]},"id":"0018000000000000ffc4","properties":{"FID":248742}},{"type":"Feature","geometry":{"type":"Polygon","coordinates":[[[36.816291385174026,-1.3967242413601446],[36.81630033934755,-1.3967732581429786],[36.81633599173412,-1.3967643417463373],[36.816327037564925,-1.3967153249973154],[36.816291385174026,-1.3967242413601446]]]},"id":"0018000000000000c69a","properties":{"FID":249254}},{"type":"Feature","geometry":{"type":"Polygon","coordinates":[[[36.835233604249204,-1.3920377048362227],[36.83527376448836,-1.3920510629133953],[36.83528715122988,-1.392010931267427],[36.83524699099802,-1.3919975731882765],[36.835233604249204,-1.3920377048362227]]]},"id":"0018000000000000d3cd","properties":{"FID":256166}},{"type":"Feature","geometry":{"type":"Polygon","coordinates":[[[36.82479933182753,-1.387458197605855],[36.82480376732898,-1.3875117372393726],[36.82493313600407,-1.3874983354569672],[36.824924182877666,-1.387444818366579],[36.82479933182753,-1.387458197605855]]]},"id":"00180000000000013d31","properties":{"FID":248743}},{"type":"Feature","geometry":{"type":"Polygon","coordinates":[[[36.81671502318517,-1.396724244869108],[36.816728413294044,-1.39678662020019],[36.81678189155741,-1.3967777354686415],[36.816768501458235,-1.3967108406508821],[36.81671502318517,-1.396724244869108]]]},"id":"0018000000000000cb64","properties":{"FID":249255}},{"type":"Feature","geometry":{"type":"Polygon","coordinates":[[[36.83534513303935,-1.392006488097634],[36.83536295463451,-1.3920644801600035],[36.83539859781192,-1.392055568778808],[36.83537634135985,-1.3919975979856252],[36.83534513303935,-1.392006488097634]]]},"id":"001800000000000092cf","properties":{"FID":256167}},{"type":"Feature","geometry":{"type":"Polygon","coordinates":[[[36.80291855326944,-1.392443484719219],[36.80303448553596,-1.3924702207900042],[36.80305675174067,-1.3923721656056542],[36.80294081950908,-1.3923453700077169],[36.80291855326944,-1.392443484719219]]]},"id":"0018000000000001f96e","properties":{"FID":247976}},{"type":"Feature","geometry":{"type":"Polygon","coordinates":[[[36.82473247071777,-1.3874359284087843],[36.82473690622325,-1.3874804917446852],[36.82476811903199,-1.38747606203478],[36.824763683528396,-1.3874358976997712],[36.82473247071777,-1.3874359284087843]]]},"id":"0018000000000000abe0","properties":{"FID":248744}},{"type":"Feature","geometry":{"type":"Polygon","coordinates":[[[36.82401457242985,-1.3967063831207587],[36.82401900797847,-1.396759877739533],[36.824081434190035,-1.3967554088312262],[36.824081434190035,-1.396706411924965],[36.82401457242985,-1.3967063831207587]]]},"id":"00180000000000017adf","properties":{"FID":249256}},{"type":"Feature","geometry":{"type":"Polygon","coordinates":[[[36.83477434695307,-1.3919663421801443],[36.83481894234165,-1.3919931139339259],[36.83483232916573,-1.3919708159397723],[36.834783298884055,-1.3919440654210755],[36.83477434695307,-1.3919663421801443]]]},"id":"00180000000000011ee3","properties":{"FID":256168}},{"type":"Feature","geometry":{"type":"Polygon","coordinates":[[[36.82493757149748,-1.3874091461785985],[36.824946524622256,-1.3874537463752838],[36.82499112595244,-1.38744931180102],[36.82498217283307,-1.3874002532275127],[36.82493757149748,-1.3874091461785985]]]},"id":"0018000000000001040d","properties":{"FID":248745}},{"type":"Feature","geometry":{"type":"Polygon","coordinates":[[[36.823804951383636,-1.3967331601821318],[36.823822775766914,-1.3968178663943873],[36.82399223040312,-1.3967866487015421],[36.823974406060756,-1.3966974830692431],[36.823804951383636,-1.3967331601821318]]]},"id":"00180000000000018e2f","properties":{"FID":249257}},{"type":"Feature","geometry":{"type":"Polygon","coordinates":[[[36.832361967267786,-1.3919485161583303],[36.83236640231459,-1.3919753059118527],[36.83241099915924,-1.3919663503931836],[36.83240212907074,-1.3919395818801112],[36.832361967267786,-1.3919485161583303]]]},"id":"0018000000000000c61a","properties":{"FID":256169}},{"type":"Feature","geometry":{"type":"Polygon","coordinates":[[[36.82477255453532,-1.3871906434022814],[36.824777072177326,-1.3872486395609303],[36.82481715597064,-1.3872441681019927],[36.82481272046999,-1.3871906883254932],[36.82477255453532,-1.3871906434022814]]]},"id":"0018000000000000e192","properties":{"FID":248746}},{"type":"Feature","geometry":{"type":"Polygon","coordinates":[[[36.824228546277126,-1.3967019439714548],[36.82425088823231,-1.3968223040504366],[36.82428210124662,-1.3968178694650943],[36.82429548998292,-1.3968802984387205],[36.82443373059671,-1.39685351528484],[36.82440695317184,-1.3967241980859295],[36.82439356445576,-1.396728664175125],[36.824380175737254,-1.3966706951744474],[36.824228546277126,-1.3967019439714548]]]},"id":"00180000000000025abe","properties":{"FID":249258}},{"type":"Feature","geometry":{"type":"Polygon","coordinates":[[[36.83492151984579,-1.3919351310088108],[36.83498837172126,-1.3919351633302188],[36.83498393683214,-1.3918325811931436],[36.83492151984579,-1.3918325870120831],[36.83492151984579,-1.3919351310088108]]]},"id":"0018000000000001e032","properties":{"FID":256170}},{"type":"Feature","geometry":{"type":"Polygon","coordinates":[[[36.82313164652697,-1.3866823324402515],[36.82327876050735,-1.3866778842928555],[36.82327432491424,-1.3865708441117945],[36.82320302682543,-1.3865708276894289],[36.82320302682544,-1.3866064948959567],[36.82313164652697,-1.3866065394353615],[36.82313164652697,-1.3866823324402515]]]},"id":"0018000000000001c0bd","properties":{"FID":248747}},{"type":"Feature","geometry":{"type":"Polygon","coordinates":[[[36.81549322714219,-1.3966617879724708],[36.81552444385968,-1.3966885741414574],[36.815564532677534,-1.396648415337379],[36.81553783418446,-1.3966216657302977],[36.81549322714219,-1.3966617879724708]]]},"id":"0018000000000000a455","properties":{"FID":249259}},{"type":"Feature","geometry":{"type":"Polygon","coordinates":[[[36.83242438642042,-1.3917880017562432],[36.832428903593886,-1.3918414818306721],[36.832540354495315,-1.3918370769490966],[36.832535919458984,-1.3917835360152104],[36.83242438642042,-1.3917880017562432]]]},"id":"0018000000000000dda2","properties":{"FID":256171}},{"type":"Feature","geometry":{"type":"Polygon","coordinates":[[[36.80188846532208,-1.3923320242689103],[36.80189298436412,-1.392381065355159],[36.801968739900616,-1.392372135730069],[36.80196430302752,-1.3923230932095811],[36.80188846532208,-1.3923320242689103]]]},"id":"0018000000000000e961","properties":{"FID":247980}},{"type":"Feature","geometry":{"type":"Polygon","coordinates":[[[36.82313164652697,-1.3862364341954552],[36.82321633361681,-1.3862498213179646],[36.823225286950425,-1.3861962778549077],[36.82314059987084,-1.3861828906984988],[36.82313164652697,-1.3862364341954552]]]},"id":"00180000000000014cdb","properties":{"FID":248748}},{"type":"Feature","geometry":{"type":"Polygon","coordinates":[[[36.81679076352362,-1.3966350296758956],[36.81680415361876,-1.39675990533033],[36.816862149953714,-1.3967509976820844],[36.816848759869096,-1.3966305822101002],[36.81679076352362,-1.3966350296758956]]]},"id":"0018000000000001085a","properties":{"FID":249260}},{"type":"Feature","geometry":{"type":"Polygon","coordinates":[[[36.83537634135985,-1.3917300341422962],[36.83540754966714,-1.3917389183177067],[36.83542093638436,-1.3916898703911198],[36.835389728082745,-1.3916854445934035],[36.83537634135985,-1.3917300341422962]]]},"id":"0018000000000000aa92","properties":{"FID":256172}},{"type":"Feature","geometry":{"type":"Polygon","coordinates":[[[36.821142909444085,-1.3857013490498982],[36.82117855949214,-1.385705756650188],[36.82118751307293,-1.3856567305798817],[36.821147345165286,-1.3856522858428302],[36.821142909444085,-1.3857013490498982]]]},"id":"0018000000000000d541","properties":{"FID":248749}},{"type":"Feature","geometry":{"type":"Polygon","coordinates":[[[36.81667041685404,-1.396612724073769],[36.81667928883365,-1.3966439611490136],[36.81671502318517,-1.396635043378912],[36.81671050504973,-1.3966038458506023],[36.81667041685404,-1.396612724073769]]]},"id":"001800000000000090f8","properties":{"FID":249261}},{"type":"Feature","geometry":{"type":"Polygon","coordinates":[[[36.83514449607401,-1.3917032798374511],[36.83516675259606,-1.3917344999674275],[36.83519796099205,-1.3917032585847522],[36.83517570447941,-1.391676496880354],[36.83514449607401,-1.3917032798374511]]]},"id":"0018000000000000d7ec","properties":{"FID":256173}},{"type":"Feature","geometry":{"type":"Polygon","coordinates":[[[36.821075962878744,-1.385647811592295],[36.82108048074703,-1.3857147247352852],[36.821142909444085,-1.3857102658520546],[36.82113839157962,-1.3856478111635073],[36.821075962878744,-1.385647811592295]]]},"id":"0018000000000000e7c1","properties":{"FID":248750}},{"type":"Feature","geometry":{"type":"Polygon","coordinates":[[[36.82286854915753,-1.3964968137439153],[36.822881938150275,-1.3966127599207754],[36.82304695933995,-1.3965948837045894],[36.82303357037714,-1.3964789972887157],[36.82286854915753,-1.3964968137439153]]]},"id":"00180000000000020e21","properties":{"FID":249262}},{"type":"Feature","geometry":{"type":"Polygon","coordinates":[[[36.83527376448836,-1.3917255985784553],[36.835313924705645,-1.3917255815043033],[36.835313924705645,-1.3916676224552726],[36.83527376448836,-1.3916675800550802],[36.83527376448836,-1.3917255985784553]]]},"id":"00180000000000013a1d","properties":{"FID":256174}},{"type":"Feature","geometry":{"type":"Polygon","coordinates":[[[36.82112952013588,-1.3855942927013523],[36.82117412377281,-1.3856032344586384],[36.8211829952112,-1.3855452338281462],[36.821142909444085,-1.3855363291831695],[36.82112952013588,-1.3855942927013523]]]},"id":"001800000000000182de","properties":{"FID":248751}},{"type":"Feature","geometry":{"type":"Polygon","coordinates":[[[36.82058992077946,-1.3964165359364145],[36.820607828082764,-1.396492323719542],[36.82064791414046,-1.3964834459237665],[36.82063008899045,-1.3964075972342571],[36.82058992077946,-1.3964165359364145]]]},"id":"0018000000000000b05b","properties":{"FID":249263}},{"type":"Feature","geometry":{"type":"Polygon","coordinates":[[[36.82759077016468,-1.3916140810743793],[36.82759520549834,-1.3916453310124899],[36.82763536989655,-1.3916408553650566],[36.82763085242955,-1.3916051481340308],[36.82759077016468,-1.3916140810743793]]]},"id":"0018000000000001172f","properties":{"FID":256175}},{"type":"Feature","geometry":{"type":"Polygon","coordinates":[[[36.80192864370443,-1.392274023439031],[36.80198213268261,-1.392278522732598],[36.8019910064264,-1.3921893335105753],[36.80193751745463,-1.392184834169812],[36.80192864370443,-1.392274023439031]]]},"id":"0018000000000001e1ed","properties":{"FID":247984}},{"type":"Feature","geometry":{"type":"Polygon","coordinates":[[[36.821419320080174,-1.38552740348316],[36.82146392354199,-1.3855452619430486],[36.821481748490655,-1.3855006529914418],[36.82143722718226,-1.3854828524925693],[36.821419320080174,-1.38552740348316]]]},"id":"0018000000000000a9d6","properties":{"FID":248752}},{"type":"Feature","geometry":{"type":"Polygon","coordinates":[[[36.8168755400359,-1.396416546790219],[36.816879976013524,-1.3964834258920038],[36.81692901819272,-1.3964789634560886],[36.81692014624311,-1.3964121058339298],[36.8168755400359,-1.396416546790219]]]},"id":"0018000000000000d74e","properties":{"FID":249264}},{"type":"Feature","geometry":{"type":"Polygon","coordinates":[[[36.827563993885455,-1.3915382925933741],[36.827577382026284,-1.3916096278717989],[36.82761302896609,-1.3916051749274476],[36.82759964083174,-1.39152938089191],[36.827563993885455,-1.3915382925933741]]]},"id":"0018000000000000d0f1","properties":{"FID":256176}},{"type":"Feature","geometry":{"type":"Polygon","coordinates":[[[36.82152635191474,-1.3855363448625133],[36.821588780234684,-1.3855675529961424],[36.82163338359412,-1.385478351541167],[36.82156651961614,-1.3854471642644168],[36.82152635191474,-1.3855363448625133]]]},"id":"0018000000000000f1d6","properties":{"FID":248753}},{"type":"Feature","geometry":{"type":"Polygon","coordinates":[[[36.82402796121469,-1.3962560124704162],[36.8240323967625,-1.3963005871687442],[36.82411708281874,-1.3962872096721803],[36.82411264727601,-1.396242635037993],[36.82402796121469,-1.3962560124704162]]]},"id":"0018000000000000957d","properties":{"FID":249265}},{"type":"Feature","geometry":{"type":"Polygon","coordinates":[[[36.835104335764456,-1.3916051527698832],[36.835148930953466,-1.3916051739987054],[36.835153365832674,-1.391426817836261],[36.83510877064633,-1.3914267965080331],[36.835104335764456,-1.3916051527698832]]]},"id":"001800000000000266b0","properties":{"FID":256177}},{"type":"Feature","geometry":{"type":"Polygon","coordinates":[[[36.82109830578828,-1.3852465105883218],[36.82111613082523,-1.3852464852915325],[36.82111613082523,-1.385469462603944],[36.821236552390666,-1.385469423401321],[36.82124098810625,-1.3851974433961192],[36.821160734470254,-1.385197468763377],[36.821160734470254,-1.3851840937639972],[36.82109830578828,-1.385184093831116],[36.82109830578828,-1.3852465105883218]]]},"id":"0018000000000002b54e","properties":{"FID":248754}},{"type":"Feature","geometry":{"type":"Polygon","coordinates":[[[36.823715747262526,-1.396189104312578],[36.823729136101576,-1.3963273464426482],[36.82391641531345,-1.396309540739486],[36.823907544203614,-1.3961980337229138],[36.82385850666053,-1.3962024957806207],[36.823853988962306,-1.3961490033896655],[36.82377373816752,-1.3961578996689208],[36.82377817373062,-1.3961802357659698],[36.823715747262526,-1.396189104312578]]]},"id":"00180000000000027f30","properties":{"FID":249266}},{"type":"Feature","geometry":{"type":"Polygon","coordinates":[[[36.827577382026284,-1.3914847814423363],[36.82770666370291,-1.3915293970897222],[36.82772005181785,-1.3914892624024975],[36.8277602161481,-1.391502621993266],[36.82778247489838,-1.3914535869024631],[36.82766658147924,-1.3914089657064754],[36.827657628684506,-1.3914312440030492],[36.82760415830066,-1.3914134296829648],[36.827577382026284,-1.3914847814423363]]]},"id":"001800000000000206c2","properties":{"FID":256178}},{"type":"Feature","geometry":{"type":"Polygon","coordinates":[[[36.79980606134882,-1.3922918989807425],[36.800024542329595,-1.3923141562148311],[36.80002906148561,-1.392274049113661],[36.799984445078756,-1.3922695668059852],[36.79999340122889,-1.3921892947449361],[36.79993982864499,-1.3921803957618193],[36.79994434780617,-1.3921402887822498],[36.79982389152452,-1.3921268956654547],[36.79980606134882,-1.3922918989807425]]]},"id":"001800000000000225a0","properties":{"FID":247987}},{"type":"Feature","geometry":{"type":"Polygon","coordinates":[[[36.816652590743644,-1.384711426110659],[36.81666146272539,-1.3848139901727985],[36.81671050504973,-1.3848094769658634],[36.81670163307386,-1.3847025139080045],[36.816652590743644,-1.384711426110659]]]},"id":"00180000000000016d44","properties":{"FID":248755}},{"type":"Feature","geometry":{"type":"Polygon","coordinates":[[[36.824161684650214,-1.396108844760669],[36.82417063786913,-1.3961712940939952],[36.82420628645474,-1.3961668384092698],[36.82419733324016,-1.3961043891116323],[36.824161684650214,-1.396108844760669]]]},"id":"00180000000000012cdf","properties":{"FID":249267}},{"type":"Feature","geometry":{"type":"Polygon","coordinates":[[[36.83093058304698,-1.3913331620766456],[36.830943970576854,-1.3914178697121127],[36.83101977844559,-1.391409001038645],[36.83100639092947,-1.391319775476651],[36.83093058304698,-1.3913331620766456]]]},"id":"00180000000000008bea","properties":{"FID":256179}},{"type":"Feature","geometry":{"type":"Polygon","coordinates":[[[36.8026242438923,-1.3921357809747523],[36.802646510220605,-1.392198236486027],[36.802708954500375,-1.3921759303113752],[36.80268668819086,-1.392109074090398],[36.8026242438923,-1.3921357809747523]]]},"id":"0018000000000001fa5c","properties":{"FID":247988}},{"type":"Feature","geometry":{"type":"Polygon","coordinates":[[[36.81650989955736,-1.3846980152335193],[36.816514335556946,-1.3847560148287807],[36.81663476462893,-1.3847426014698565],[36.816625810495964,-1.3846890827613447],[36.81650989955736,-1.3846980152335193]]]},"id":"00180000000000011086","properties":{"FID":248756}},{"type":"Feature","geometry":{"type":"Polygon","coordinates":[[[36.8228953271406,-1.39602859453124],[36.822899762756485,-1.3960820888841798],[36.82301122805342,-1.3960776776961772],[36.823011228053424,-1.3960241620008749],[36.8228953271406,-1.39602859453124]]]},"id":"0018000000000001be6a","properties":{"FID":249268}},{"type":"Feature","geometry":{"type":"Polygon","coordinates":[[[36.83649112675628,-1.391087917063698],[36.83650451327679,-1.3911681599329837],[36.83655354241403,-1.3911592436791538],[36.836540155902405,-1.391079000878942],[36.83649112675628,-1.391087917063698]]]},"id":"0018000000000000b367","properties":{"FID":256180}},{"type":"Feature","geometry":{"type":"Polygon","coordinates":[[[36.802441429688535,-1.3920956895670056],[36.80244586653299,-1.3921536520456792],[36.802499355136874,-1.3921491713268817],[36.80249048145411,-1.3920912300445005],[36.802441429688535,-1.3920956895670056]]]},"id":"001800000000000157ff","properties":{"FID":247989}},{"type":"Feature","geometry":{"type":"Polygon","coordinates":[[[36.817553337895035,-1.3959929176999812],[36.8175889896766,-1.3961133403336043],[36.81774055062953,-1.3960687129229878],[36.81770489892116,-1.3959483501236292],[36.817553337895035,-1.3959929176999812]]]},"id":"0018000000000001f5e4","properties":{"FID":249269}},{"type":"Feature","geometry":{"type":"Polygon","coordinates":[[[36.83629492771963,-1.3911949156331964],[36.83648669195753,-1.3911993945207968],[36.83649112675628,-1.3910834588204601],[36.8362993625299,-1.391078979670251],[36.83629492771963,-1.3911949156331964]]]},"id":"001800000000000251e8","properties":{"FID":256181}},{"type":"Feature","geometry":{"type":"Polygon","coordinates":[[[36.800452628426534,-1.392046603496388],[36.80046158451993,-1.392095683402984],[36.80056412760376,-1.3920822827426391],[36.800555253688664,-1.3920332608960637],[36.800452628426534,-1.392046603496388]]]},"id":"0018000000000000ec8e","properties":{"FID":247990}},{"type":"Feature","geometry":{"type":"Polygon","coordinates":[[[36.82359089416793,-1.3960419544870766],[36.82361323631616,-1.3960419632815582],[36.82361323631616,-1.3959483116729101],[36.82359089416792,-1.3959483623135271],[36.82359089416793,-1.3960419544870766]]]},"id":"0018000000000000e1b0","properties":{"FID":249270}},{"type":"Feature","geometry":{"type":"Polygon","coordinates":[[[36.827867238786354,-1.391141419562123],[36.827960873200546,-1.391168194163991],[36.82800547270868,-1.391021018688945],[36.82791627366545,-1.3909898236323146],[36.827867238786354,-1.391141419562123]]]},"id":"0018000000000001fd42","properties":{"FID":256182}},{"type":"Feature","geometry":{"type":"Polygon","coordinates":[[[36.82361323631616,-1.395952771267525],[36.82362662517381,-1.396050876178043],[36.82368905171729,-1.3960420077688875],[36.82367566287096,-1.3959439029594525],[36.82361323631616,-1.395952771267525]]]},"id":"0018000000000001b8e0","properties":{"FID":249271}},{"type":"Feature","geometry":{"type":"Polygon","coordinates":[[[36.83519352611553,-1.3910477829606018],[36.83522473450018,-1.3910478100749653],[36.83522473450018,-1.390958584565887],[36.83519352611553,-1.390958616860701],[36.83519352611553,-1.3910477829606018]]]},"id":"001800000000000176a5","properties":{"FID":256183}},{"type":"Feature","geometry":{"type":"Polygon","coordinates":[[[36.802972041531234,-1.3920421591486485],[36.80299430775476,-1.392109074485071],[36.80304787812483,-1.392095671836115],[36.80302552975431,-1.3920243572963844],[36.802972041531234,-1.3920421591486485]]]},"id":"0018000000000001654b","properties":{"FID":247992}},{"type":"Feature","geometry":{"type":"Polygon","coordinates":[[[36.82328327824081,-1.3959081863212546],[36.823287713833366,-1.395966199308324],[36.82333231616609,-1.3959616993723956],[36.82333675175571,-1.3960063335566586],[36.82339030737237,-1.3960018487106702],[36.82339030737237,-1.3959661718193574],[36.82349281862838,-1.3959572860772984],[36.82348394746763,-1.3958324008100764],[36.8232966671583,-1.395850264652376],[36.82330110275008,-1.39590375846732],[36.82328327824081,-1.3959081863212546]]]},"id":"001800000000000229ab","properties":{"FID":249272}},{"type":"Feature","geometry":{"type":"Polygon","coordinates":[[[36.83133639660007,-1.3909407452431803],[36.831340831708545,-1.3910299538871533],[36.83138099406751,-1.3910299372639954],[36.8313809940675,-1.3909363084422235],[36.83133639660007,-1.3909407452431803]]]},"id":"0018000000000000e4ea","properties":{"FID":256184}},{"type":"Feature","geometry":{"type":"Polygon","coordinates":[[[36.80226305188801,-1.392002053531115],[36.80226748874318,-1.3920421748685918],[36.8023388892091,-1.3920332653300003],[36.80233437019432,-1.3919976057999124],[36.80226305188801,-1.392002053531115]]]},"id":"00180000000000018547","properties":{"FID":247993}},{"type":"Feature","geometry":{"type":"Polygon","coordinates":[[[36.82357306972864,-1.39582792167731],[36.82357758744408,-1.395885932824086],[36.82361323631616,-1.3958814772843227],[36.82360880074315,-1.3958279242517782],[36.82357306972864,-1.39582792167731]]]},"id":"0018000000000001765d","properties":{"FID":249273}},{"type":"Feature","geometry":{"type":"Polygon","coordinates":[[[36.83513110930659,-1.3910567048038425],[36.835184574234326,-1.3910566839850793],[36.83518457423433,-1.3909363097602325],[36.83513554418686,-1.3909363093287377],[36.83513110930659,-1.3910567048038425]]]},"id":"00180000000000010a67","properties":{"FID":256185}},{"type":"Feature","geometry":{"type":"Polygon","coordinates":[[[36.823122693182015,-1.3957654934122452],[36.823180684553016,-1.3957744255912745],[36.823189637890934,-1.3957253852198968],[36.82313164652697,-1.3957164530193555],[36.823122693182015,-1.3957654934122452]]]},"id":"00180000000000011f45","properties":{"FID":249274}},{"type":"Feature","geometry":{"type":"Polygon","coordinates":[[[36.83087267989899,-1.3909095813093604],[36.830917195514665,-1.3909095450943134],[36.830921712780444,-1.3908649371593784],[36.830877115035335,-1.390860516314437],[36.83087267989899,-1.3909095813093604]]]},"id":"00180000000000012279","properties":{"FID":256186}},{"type":"Feature","geometry":{"type":"Polygon","coordinates":[[[36.8006265736428,-1.3919886698257],[36.80063996666799,-1.3920600302562942],[36.80067118966207,-1.392055537839618],[36.80066223359407,-1.391984215777957],[36.8006265736428,-1.3919886698257]]]},"id":"001800000000000147e5","properties":{"FID":247995}},{"type":"Feature","geometry":{"type":"Polygon","coordinates":[[[36.818293560638594,-1.3953998785412904],[36.81830243242315,-1.3954444340128078],[36.81834703776829,-1.3954355339413675],[36.818342601878825,-1.3953909571292347],[36.818293560638594,-1.3953998785412904]]]},"id":"00180000000000011f36","properties":{"FID":249275}},{"type":"Feature","geometry":{"type":"Polygon","coordinates":[[[36.82750157062007,-1.390856048186339],[36.82755060574219,-1.390851590195193],[36.82755060574219,-1.3908114618093805],[36.82750157062007,-1.3908159197706655],[36.82750157062007,-1.390856048186339]]]},"id":"0018000000000000a62d","properties":{"FID":256187}},{"type":"Feature","geometry":{"type":"Polygon","coordinates":[[[36.8276531933546,-1.3907980645654408],[36.827657628684506,-1.3908516073045887],[36.827702228375955,-1.390842652313723],[36.82769779304873,-1.3907891690673642],[36.8276531933546,-1.3907980645654408]]]},"id":"0018000000000000c368","properties":{"FID":256188}},{"type":"Feature","geometry":{"type":"Polygon","coordinates":[[[36.80252614050614,-1.3920644746574156],[36.80257962905192,-1.3920644542752492],[36.80257962905192,-1.3920243119240723],[36.8026242438923,-1.3920243338602307],[36.8026242438923,-1.391957430083246],[36.80252614050614,-1.391957428420235],[36.80252614050614,-1.3920644746574156]]]},"id":"001800000000000093b8","properties":{"FID":247997}},{"type":"Feature","geometry":{"type":"Polygon","coordinates":[[[36.83126954141424,-1.3908248501571512],[36.831340831708545,-1.3908516134046445],[36.83136760661694,-1.3907758079836459],[36.83129623421683,-1.3907490462303143],[36.83126954141424,-1.3908248501571512]]]},"id":"0018000000000001babf","properties":{"FID":256189}},{"type":"Feature","geometry":{"type":"Polygon","coordinates":[[[36.82760859363351,-1.39078026731562],[36.827693275585546,-1.390784673556821],[36.82769779304873,-1.3907267473828098],[36.82761302896609,-1.3907267418233802],[36.82760859363351,-1.39078026731562]]]},"id":"00180000000000014496","properties":{"FID":256190}},{"type":"Feature","geometry":{"type":"Polygon","coordinates":[[[36.82968651775014,-1.3906286085662323],[36.82970434071267,-1.3906999784964422],[36.829811360530655,-1.3906732442738],[36.82979353759401,-1.3906018744901347],[36.82968651775014,-1.3906286085662323]]]},"id":"0018000000000001bcb8","properties":{"FID":256191}},{"type":"Feature","geometry":{"type":"Polygon","coordinates":[[[36.800269808851574,-1.3919262238040062],[36.80027432799259,-1.3919752653313076],[36.80032781816793,-1.3919708441797913],[36.800323381196336,-1.3919262020987184],[36.800269808851574,-1.3919262238040062]]]},"id":"00180000000000014828","properties":{"FID":248000}},{"type":"Feature","geometry":{"type":"Polygon","coordinates":[[[36.828232823005195,-1.3906241672598079],[36.82832202166571,-1.3906330690400879],[36.82833097437983,-1.390557287927411],[36.828241775730135,-1.3905439274497917],[36.828232823005195,-1.3906241672598079]]]},"id":"0018000000000001161c","properties":{"FID":256192}},{"type":"Feature","geometry":{"type":"Polygon","coordinates":[[[36.799667856799644,-1.3919440581788918],[36.79971247339756,-1.3919663822924428],[36.79972578442157,-1.3919396159052269],[36.79968124999853,-1.391917290305555],[36.799667856799644,-1.3919440581788918]]]},"id":"00180000000000008dc6","properties":{"FID":248001}},{"type":"Feature","geometry":{"type":"Polygon","coordinates":[[[36.827523829448396,-1.3905706438938799],[36.827599640831735,-1.3905929867469216],[36.82761746429841,-1.3905349974570225],[36.82754173506925,-1.390512712549325],[36.827523829448396,-1.3905706438938799]]]},"id":"0018000000000001a5c7","properties":{"FID":256193}},{"type":"Feature","geometry":{"type":"Polygon","coordinates":[[[36.80090306106338,-1.3919173361357224],[36.800907498000186,-1.3920065218765174],[36.80094315781592,-1.3920020083564169],[36.80093872088126,-1.3919172830030087],[36.80090306106338,-1.3919173361357224]]]},"id":"0018000000000000e1ce","properties":{"FID":248002}},{"type":"Feature","geometry":{"type":"Polygon","coordinates":[[[36.832959464225894,-1.390535016941418],[36.83299962570348,-1.3905350005260813],[36.8330085778499,-1.3904101227249812],[36.832963981366596,-1.390405701859905],[36.832959464225894,-1.390535016941418]]]},"id":"0018000000000000dc92","properties":{"FID":256194}},{"type":"Feature","geometry":{"type":"Polygon","coordinates":[[[36.829508123620805,-1.390419027948597],[36.82956167475835,-1.3905483637127345],[36.8296999055058,-1.3904948464735625],[36.82964635446861,-1.3903655705510851],[36.829508123620805,-1.390419027948597]]]},"id":"00180000000000022d58","properties":{"FID":256195}},{"type":"Feature","geometry":{"type":"Polygon","coordinates":[[[36.80342689560018,-1.3919707971719821],[36.803475946711714,-1.3920600021166492],[36.80354282706927,-1.392019893835929],[36.80355621956603,-1.3920421893911266],[36.80365875835651,-1.391984187174393],[36.80360970736632,-1.3918950420592056],[36.803502649564436,-1.3919530072117028],[36.80348933922059,-1.3919351703872438],[36.80342689560018,-1.3919707971719821]]]},"id":"0018000000000001e6e8","properties":{"FID":248004}},{"type":"Feature","geometry":{"type":"Polygon","coordinates":[[[36.8320320483165,-1.3904056918446908],[36.83228172572688,-1.3904101318707829],[36.83228172572688,-1.3903432560777755],[36.83203648338314,-1.3903387947231851],[36.8320320483165,-1.3904056918446908]]]},"id":"0018000000000001aa7a","properties":{"FID":256196}},{"type":"Feature","geometry":{"type":"Polygon","coordinates":[[[36.80215599213542,-1.391890529407479],[36.802160511161105,-1.3919351689224564],[36.802240785444184,-1.3919217569555198],[36.80223182956636,-1.3918816583689753],[36.80215599213542,-1.391890529407479]]]},"id":"0018000000000000a1dc","properties":{"FID":248005}},{"type":"Feature","geometry":{"type":"Polygon","coordinates":[[[36.83639750317059,-1.390316508038663],[36.83647330543378,-1.3903209560261192],[36.83647330543378,-1.3902763746066584],[36.83653572110661,-1.3902808280786005],[36.83654015590241,-1.3901336887733384],[36.836401937974685,-1.3901336438678127],[36.83639750317059,-1.390316508038663]]]},"id":"001800000000000269ec","properties":{"FID":256197}},{"type":"Feature","geometry":{"type":"Polygon","coordinates":[[[36.82977571465304,-1.3900979691260429],[36.82982918346302,-1.3901292180018665],[36.829860394117595,-1.39008014279065],[36.82980692533024,-1.390044494904849],[36.82977571465304,-1.3900979691260429]]]},"id":"0018000000000000f0d3","properties":{"FID":256198}},{"type":"Feature","geometry":{"type":"Polygon","coordinates":[[[36.800131605169426,-1.391984221758398],[36.800234148711,-1.3919886627859748],[36.80023858568795,-1.3919217954146532],[36.800287638915414,-1.391921796340935],[36.800287638915414,-1.3918727322705058],[36.80013604215253,-1.391868290153333],[36.800131605169426,-1.391984221758398]]]},"id":"0018000000000000da62","properties":{"FID":248007}},{"type":"Feature","geometry":{"type":"Polygon","coordinates":[[[36.836945938589004,-1.390022175737357],[36.83695037336013,-1.390066794878177],[36.83701730552154,-1.390057851579878],[36.837012788629124,-1.3900132934207132],[36.836945938589004,-1.390022175737357]]]},"id":"00180000000000015bdb","properties":{"FID":256199}},{"type":"Feature","geometry":{"type":"Polygon","coordinates":[[[36.835715197168454,-1.3900712230656118],[36.83574640533233,-1.3900712505503858],[36.83574640533233,-1.3903075929151225],[36.83584898154634,-1.3903075718821847],[36.83585349851005,-1.3899775862472854],[36.835715197168454,-1.3899776019440566],[36.835715197168454,-1.3900712230656118]]]},"id":"0018000000000002b91e","properties":{"FID":256200}},{"type":"Feature","geometry":{"type":"Polygon","coordinates":[[[36.8005819575966,-1.3919306631094468],[36.800635447549325,-1.391930702354654],[36.800635447549325,-1.391863797095259],[36.80058639455268,-1.3918593357956213],[36.8005819575966,-1.3919306631094468]]]},"id":"00180000000000020092","properties":{"FID":248009}},{"type":"Feature","geometry":{"type":"Polygon","coordinates":[[[36.831688658365955,-1.3899241230402792],[36.8317332556204,-1.3899285442194802],[36.831737690705005,-1.3898705645059197],[36.83169309345323,-1.389866143302171],[36.831688658365955,-1.3899241230402792]]]},"id":"0018000000000000ab3a","properties":{"FID":256201}},{"type":"Feature","geometry":{"type":"Polygon","coordinates":[[[36.80214268154904,-1.391841529934108],[36.80214711841144,-1.3918816511536143],[36.80223182956636,-1.3918682775930662],[36.802222955851484,-1.3918236578429954],[36.80214268154904,-1.391841529934108]]]},"id":"00180000000000015436","properties":{"FID":248010}},{"type":"Feature","geometry":{"type":"Polygon","coordinates":[[[36.83522029962528,-1.3898750187339142],[36.83529610309862,-1.3899463990118717],[36.83536738950084,-1.3898705638230582],[36.83528715122988,-1.3897992642461041],[36.83522029962528,-1.3898750187339142]]]},"id":"0018000000000001da28","properties":{"FID":256202}},{"type":"Feature","geometry":{"type":"Polygon","coordinates":[[[36.79973474060303,-1.3919128691878853],[36.79986850802826,-1.3919663427618825],[36.799913124505075,-1.3918637757639953],[36.79977935716058,-1.391810302211823],[36.79973474060303,-1.3919128691878853]]]},"id":"00180000000000024458","properties":{"FID":248011}},{"type":"Feature","geometry":{"type":"Polygon","coordinates":[[[36.83176446546935,-1.3897724702618903],[36.83176890055207,-1.3898349253760864],[36.83184027249482,-1.3898349370003493],[36.83184470757299,-1.3898884160251925],[36.8318937398083,-1.3898884172039685],[36.8318937398083,-1.3899508340824591],[36.831938336938734,-1.3899508563273066],[36.8319339018662,-1.3897680261143457],[36.83176446546935,-1.3897724702618903]]]},"id":"00180000000000022254","properties":{"FID":256203}},{"type":"Feature","geometry":{"type":"Polygon","coordinates":[[[36.80231210377198,-1.3917924817328604],[36.8023388892091,-1.3919842023595044],[36.80238794104274,-1.3919752826541756],[36.80235671877384,-1.391783523855435],[36.80231210377198,-1.3917924817328604]]]},"id":"0018000000000001b760","properties":{"FID":248012}},{"type":"Feature","geometry":{"type":"Polygon","coordinates":[[[36.836468788508036,-1.3897590786510083],[36.83647330543378,-1.3900311183939213],[36.83651338287188,-1.3900266455297394],[36.83650451327679,-1.38975908364364],[36.836468788508036,-1.3897590786510083]]]},"id":"0018000000000001ceee","properties":{"FID":256204}},{"type":"Feature","geometry":{"type":"Polygon","coordinates":[[[36.83687908848827,-1.3898705674018008],[36.83697714623197,-1.3898705694626974],[36.836981581001226,-1.3897501809958068],[36.83688352326341,-1.3897501787872897],[36.83687908848827,-1.3898705674018008]]]},"id":"0018000000000001fce7","properties":{"FID":256205}},{"type":"Feature","geometry":{"type":"Polygon","coordinates":[[[36.80346255420041,-1.3917032517967265],[36.80348038349407,-1.391770187283611],[36.80359187810386,-1.3917434226838377],[36.8035740488371,-1.3916765468066168],[36.80346255420041,-1.3917032517967265]]]},"id":"001800000000000220b2","properties":{"FID":248014}},{"type":"Feature","geometry":{"type":"Polygon","coordinates":[[[36.83208108042727,-1.389741278468605],[36.83208551549096,-1.3897947571906186],[36.8321211602524,-1.3897903054403495],[36.83211672519085,-1.3897368267490107],[36.83208108042727,-1.389741278468605]]]},"id":"00180000000000016f6b","properties":{"FID":256206}},{"type":"Feature","geometry":{"type":"Polygon","coordinates":[[[36.83129623421683,-1.389696680479441],[36.83132300914142,-1.3898125871770382],[36.83138099406751,-1.3897992290917345],[36.831354219163956,-1.3896833225199785],[36.83129623421683,-1.389696680479441]]]},"id":"0018000000000000e94b","properties":{"FID":256207}},{"type":"Feature","geometry":{"type":"Polygon","coordinates":[[[36.83167970605933,-1.3896610055598886],[36.831688658365955,-1.389705604626902],[36.831800110385934,-1.3896788519500394],[36.831791240223964,-1.3896342514863844],[36.83167970605933,-1.3896610055598886]]]},"id":"00180000000000016f51","properties":{"FID":256208}},{"type":"Feature","geometry":{"type":"Polygon","coordinates":[[[36.83213454756618,-1.389669925720502],[36.83220591915512,-1.389669937475427],[36.83220591915512,-1.3895852299070874],[36.83213454756618,-1.389589676368295],[36.83213454756618,-1.389669925720502]]]},"id":"0018000000000000cf6d","properties":{"FID":256209}},{"type":"Feature","geometry":{"type":"Polygon","coordinates":[[[36.83691473093281,-1.389576283579662],[36.83691916570581,-1.3896476503668955],[36.836981581001226,-1.3896431881482483],[36.836981581001226,-1.3895762583477482],[36.83691473093281,-1.389576283579662]]]},"id":"001800000000000158f5","properties":{"FID":256210}},{"type":"Feature","geometry":{"type":"Polygon","coordinates":[[[36.83204987071229,-1.3896431679562993],[36.83213011250544,-1.3896476553043582],[36.83213454756618,-1.3895540100497978],[36.83205430577786,-1.3895495226203352],[36.83204987071229,-1.3896431679562993]]]},"id":"0018000000000001581e","properties":{"FID":256211}},{"type":"Feature","geometry":{"type":"Polygon","coordinates":[[[36.82916036881549,-1.3894291377670316],[36.82922279067735,-1.3894291340583425],[36.82922722591291,-1.389366694974689],[36.82916036881549,-1.3893667197006905],[36.82916036881549,-1.3894291377670316]]]},"id":"0018000000000000ad6b","properties":{"FID":256212}},{"type":"Feature","geometry":{"type":"Polygon","coordinates":[[[36.83678094848857,-1.3893488578251403],[36.83678990017596,-1.3895005054075558],[36.83690134448676,-1.38949158656977],[36.8368923928129,-1.3893399392381773],[36.83678094848857,-1.3893488578251403]]]},"id":"00180000000000021940","properties":{"FID":256213}},{"type":"Feature","geometry":{"type":"Polygon","coordinates":[[[36.83200527364929,-1.3893488985893052],[36.83206325803902,-1.389375606057774],[36.83207656323251,-1.3893443944208277],[36.83201866098411,-1.389322143731476],[36.83200527364929,-1.3893488985893052]]]},"id":"00180000000000016e08","properties":{"FID":256214}},{"type":"Feature","geometry":{"type":"Polygon","coordinates":[[[36.83662039280991,-1.3893087384774292],[36.8366382962226,-1.3894157623118701],[36.83669619484396,-1.3894024068522974],[36.83667393878355,-1.3892998012856768],[36.83662039280991,-1.3893087384774292]]]},"id":"0018000000000001fb3f","properties":{"FID":256215}},{"type":"Feature","geometry":{"type":"Polygon","coordinates":[[[36.8292896477182,-1.3892552309424953],[36.829303035545884,-1.3893087266401964],[36.82944570200037,-1.3892730853157744],[36.82943231419858,-1.3892195303192403],[36.8292896477182,-1.3892552309424953]]]},"id":"0018000000000002003f","properties":{"FID":256216}},{"type":"Feature","geometry":{"type":"Polygon","coordinates":[[[36.83437306937053,-1.389224000945843],[36.83441766500178,-1.389228481642011],[36.83441766500178,-1.3891883586064735],[36.83437306937053,-1.3891838778931351],[36.83437306937053,-1.389224000945843]]]},"id":"001800000000000097f7","properties":{"FID":256217}},{"type":"Feature","geometry":{"type":"Polygon","coordinates":[[[36.83671409823825,-1.389134839843303],[36.836905779260576,-1.3891616146699473],[36.83691473093281,-1.3891125334006513],[36.836722967808115,-1.3890813020193977],[36.83671409823825,-1.389134839843303]]]},"id":"0018000000000002479c","properties":{"FID":256218}},{"type":"Feature","geometry":{"type":"Polygon","coordinates":[[[36.83623251184295,-1.3891437611639241],[36.8363929862402,-1.3891393023900598],[36.8363929862402,-1.3890545411356963],[36.83623251184296,-1.3890589997281202],[36.83623251184295,-1.3891437611639241]]]},"id":"00180000000000011b41","properties":{"FID":256219}},{"type":"Feature","geometry":{"type":"Polygon","coordinates":[[[36.82909342952334,-1.3890501391875503],[36.82909794690079,-1.3890947005937815],[36.82915141620201,-1.3890902229017614],[36.829142545721545,-1.3890456216431846],[36.82909342952334,-1.3890501391875503]]]},"id":"0018000000000000ad71","properties":{"FID":256220}},{"type":"Feature","geometry":{"type":"Polygon","coordinates":[[[36.83454693469024,-1.3890322967446795],[36.83459596512906,-1.3890322983642225],[36.83459596512906,-1.3889965742840622],[36.83454693469024,-1.3889965726425737],[36.83454693469024,-1.3890322967446795]]]},"id":"00180000000000008a59","properties":{"FID":256221}},{"type":"Feature","geometry":{"type":"Polygon","coordinates":[[[36.83191164436851,-1.3890010715062833],[36.83198293404222,-1.3891214576216502],[36.83200075644987,-1.3891258895751168],[36.8320320483165,-1.3891883313964903],[36.83221487139787,-1.3892373821724118],[36.83223712880407,-1.3891660624592579],[36.832054305777866,-1.389112553403381],[36.8319695467009,-1.3889653653425005],[36.83191164436851,-1.3890010715062833]]]},"id":"00180000000000028343","properties":{"FID":256222}},{"type":"Feature","geometry":{"type":"Polygon","coordinates":[[[36.8313274442507,-1.3889564515686883],[36.83136760661695,-1.3889743284486933],[36.83140325172532,-1.3888940274971182],[36.8313631715101,-1.3888762085801913],[36.8313274442507,-1.3889564515686883]]]},"id":"0018000000000000e25b","properties":{"FID":256223}},{"type":"Feature","geometry":{"type":"Polygon","coordinates":[[[36.83426153911025,-1.3889475425529472],[36.83434629555319,-1.3889475496388992],[36.83434186062545,-1.388844975443065],[36.83426153911025,-1.3888450066391809],[36.83426153911025,-1.3889475425529472]]]},"id":"0018000000000001f3a7","properties":{"FID":256224}},{"type":"Feature","geometry":{"type":"Polygon","coordinates":[[[36.83018145242664,-1.3888494446853432],[36.83019040491511,-1.3888851270143843],[36.830243873424514,-1.3888761912086156],[36.83023500307541,-1.3888405074216488],[36.83018145242664,-1.3888494446853432]]]},"id":"0018000000000000ad14","properties":{"FID":256225}},{"type":"Feature","geometry":{"type":"Polygon","coordinates":[[[36.82951707619098,-1.388787016811623],[36.82952151140884,-1.3888450136093498],[36.829566109973534,-1.3888405187567985],[36.82956167475835,-1.3887825814433612],[36.82951707619098,-1.388787016811623]]]},"id":"0018000000000000b860","properties":{"FID":256226}},{"type":"Feature","geometry":{"type":"Polygon","coordinates":[[[36.82885269397193,-1.3889163573180578],[36.828995361297316,-1.3889163245185516],[36.82899979654654,-1.3887736356253657],[36.828857129229725,-1.3887692098013342],[36.82885269397193,-1.3889163573180578]]]},"id":"0018000000000002807b","properties":{"FID":256227}},{"type":"Feature","geometry":{"type":"Polygon","coordinates":[[[36.83004322258153,-1.3888182482593314],[36.830110161011845,-1.3888182224650512],[36.83011459619403,-1.388746868626946],[36.83004322258153,-1.3887469153949574],[36.83004322258153,-1.3888182482593314]]]},"id":"00180000000000012ece","properties":{"FID":256228}},{"type":"Feature","geometry":{"type":"Polygon","coordinates":[[[36.83018596973748,-1.3887424230085181],[36.83019484009248,-1.388782565021804],[36.830270648731094,-1.3887691817515495],[36.83026621355828,-1.3887290782017965],[36.83018596973748,-1.3887424230085181]]]},"id":"0018000000000001451e","properties":{"FID":256229}},{"type":"Feature","geometry":{"type":"Polygon","coordinates":[[[36.82920940283511,-1.388773636793877],[36.8292406137519,-1.3888628319871363],[36.829316423371125,-1.3888360734384615],[36.82932981119395,-1.3888851101770845],[36.829423443751885,-1.3888539265138802],[36.829374409874525,-1.3887156565859087],[36.82920940283511,-1.388773636793877]]]},"id":"00180000000000025ba1","properties":{"FID":256230}},{"type":"Feature","geometry":{"type":"Polygon","coordinates":[[[36.83453806485862,-1.3887959422704652],[36.83459596512906,-1.388795961380322],[36.83460048216953,-1.3887379842247753],[36.83453806485862,-1.388733529561156],[36.83453806485862,-1.3887959422704652]]]},"id":"0018000000000000a872","properties":{"FID":256231}},{"type":"Feature","geometry":{"type":"Polygon","coordinates":[[[36.83204987071229,-1.3887201331548455],[36.83212567744444,-1.3887780811090422],[36.83214793487754,-1.388751344195768],[36.83206769310378,-1.3886933578718461],[36.83204987071229,-1.3887201331548455]]]},"id":"001800000000000137c8","properties":{"FID":256232}},{"type":"Feature","geometry":{"type":"Polygon","coordinates":[[[36.8301636295794,-1.3886755379529665],[36.830172582070034,-1.388720136704867],[36.830275083903636,-1.3887067447224568],[36.830270648731094,-1.388662182968515],[36.8301636295794,-1.3886755379529665]]]},"id":"00180000000000017a5b","properties":{"FID":256233}},{"type":"Feature","geometry":{"type":"Polygon","coordinates":[[[36.83446669552655,-1.3886265240290903],[36.83452911289786,-1.3886220627029298],[36.83452911289786,-1.3885729649388183],[36.83446669552655,-1.3885729681901786],[36.83446669552655,-1.3886265240290903]]]},"id":"0018000000000000a581","properties":{"FID":256234}},{"type":"Feature","geometry":{"type":"Polygon","coordinates":[[[36.83434629555319,-1.3884882510627632],[36.83439532612541,-1.3885372913075447],[36.83441766500178,-1.3885105538867328],[36.83436855231615,-1.3884659731893574],[36.83434629555319,-1.3884882510627632]]]},"id":"0018000000000001075d","properties":{"FID":256235}},{"type":"Feature","geometry":{"type":"Polygon","coordinates":[[[36.829869346645026,-1.3885596119516077],[36.829994189116135,-1.3885596058349776],[36.829994189116135,-1.3884838151964702],[36.829869346645026,-1.3884838211945638],[36.829869346645026,-1.3885596119516077]]]},"id":"0018000000000001d78c","properties":{"FID":256236}},{"type":"Feature","geometry":{"type":"Polygon","coordinates":[[[36.82977571465304,-1.3884748794056256],[36.82983813599424,-1.388483792970684],[36.82984257119278,-1.3884481057599967],[36.829784585057375,-1.3884347723316188],[36.82977571465304,-1.3884748794056256]]]},"id":"001800000000000098e6","properties":{"FID":256237}},{"type":"Feature","geometry":{"type":"Polygon","coordinates":[[[36.83000757681595,-1.3883187951621567],[36.83001201200431,-1.3885283717741008],[36.83008782083081,-1.3885284230690988],[36.830083385647,-1.3883143289716569],[36.83000757681595,-1.3883187951621567]]]},"id":"00180000000000026799","properties":{"FID":256238}},{"type":"Feature","geometry":{"type":"Polygon","coordinates":[[[36.832892610511216,-1.3885373339121383],[36.83311107574249,-1.3885819335970566],[36.833137850008285,-1.3884614952388399],[36.83306656145087,-1.388448106678861],[36.83305760931149,-1.3884882730711074],[36.8329773685274,-1.388470410507848],[36.8330085778499,-1.3882965138570564],[36.83294615919168,-1.3882831425978661],[36.832892610511216,-1.3885373339121383]]]},"id":"0018000000000002c8e8","properties":{"FID":256239}},{"type":"Feature","geometry":{"type":"Polygon","coordinates":[[[36.83273656352125,-1.3883054310944867],[36.83280341737737,-1.38831438272384],[36.832941642049896,-1.388327745903953],[36.83294615919168,-1.3883054329899978],[36.832852448975345,-1.3882964930576365],[36.83286140113964,-1.3882118054971153],[36.83274995072334,-1.3882028900631065],[36.83273656352125,-1.3883054310944867]]]},"id":"00180000000000022785","properties":{"FID":256240}},{"type":"Feature","geometry":{"type":"Polygon","coordinates":[[[36.83291043269906,-1.388118128896958],[36.83293720703769,-1.3882519201483299],[36.83299519069477,-1.3882385640145143],[36.83296841637719,-1.388104772908949],[36.83291043269906,-1.388118128896958]]]},"id":"001800000000000216f8","properties":{"FID":256241}},{"type":"Feature","geometry":{"type":"Polygon","coordinates":[[[36.8327543857468,-1.3881359979596324],[36.83282123958678,-1.388153806376153],[36.83283462677348,-1.3881092206704124],[36.832763337923005,-1.3880913738060563],[36.8327543857468,-1.3881359979596324]]]},"id":"0018000000000001515a","properties":{"FID":256242}},{"type":"Feature","geometry":{"type":"Polygon","coordinates":[[[36.829757891707764,-1.3878952151374058],[36.82980692533024,-1.3879175086226745],[36.82982918346302,-1.3878773378364546],[36.82978014985534,-1.3878505861616774],[36.829757891707764,-1.3878952151374058]]]},"id":"0018000000000000dff0","properties":{"FID":256243}},{"type":"Feature","geometry":{"type":"Polygon","coordinates":[[[36.838600253959136,-1.395052068602843],[36.83861807476753,-1.3950966273425442],[36.83864928170274,-1.395083276877974],[36.83862702623188,-1.3950386801309802],[36.838600253959136,-1.395052068602843]]]},"id":"0018000000000000c755","properties":{"FID":256244}},{"type":"Feature","geometry":{"type":"Polygon","coordinates":[[[36.83835051581772,-1.3949539542988107],[36.8383684188103,-1.3950253229182092],[36.83842639819679,-1.3950119004844417],[36.838408495218296,-1.3949405913909538],[36.83835051581772,-1.3949539542988107]]]},"id":"0018000000000000f71f","properties":{"FID":256245}},{"type":"Feature","geometry":{"type":"Polygon","coordinates":[[[36.838417446708085,-1.3949495238105403],[36.83842639819679,-1.395002983194889],[36.83852445388264,-1.3949851443025045],[36.83851106772887,-1.3949271883346337],[36.838417446708085,-1.3949495238105403]]]},"id":"00180000000000015f8b","properties":{"FID":256246}},{"type":"Feature","geometry":{"type":"Polygon","coordinates":[[[36.838141017631955,-1.3948960066421763],[36.83816327324953,-1.3949539794770072],[36.838256894593066,-1.3949138093642328],[36.83823463900375,-1.3948602952914884],[36.838141017631955,-1.3948960066421763]]]},"id":"00180000000000010fb7","properties":{"FID":256247}},{"type":"Feature","geometry":{"type":"Polygon","coordinates":[[[36.83828810168116,-1.3946551752942797],[36.838301487875434,-1.3947756111063663],[36.838355032628186,-1.3947711275706962],[36.838341646443645,-1.3946507513028863],[36.83828810168116,-1.3946551752942797]]]},"id":"0018000000000001eb56","properties":{"FID":256248}},{"type":"Feature","geometry":{"type":"Polygon","coordinates":[[[36.838800963644424,-1.3942182223032447],[36.838805398303975,-1.3942939958814127],[36.83885442591116,-1.3942895356068132],[36.83884999125456,-1.3942137620849293],[36.838800963644424,-1.3942182223032447]]]},"id":"00180000000000016ecc","properties":{"FID":256249}},{"type":"Feature","geometry":{"type":"Polygon","coordinates":[[[36.80151395902254,-1.3995067212791483],[36.80155405544369,-1.3996984196099171],[36.80175913843796,-1.3996583281753605],[36.80174130872908,-1.3995646693676702],[36.80167894579641,-1.3995780622651437],[36.801656597011956,-1.399479965348131],[36.80151395902254,-1.3995067212791483]]]},"id":"0018000000000002767b","properties":{"FID":248570}},{"type":"Feature","geometry":{"type":"Polygon","coordinates":[[[36.8386805707482,-1.3942850945988494],[36.838787577540856,-1.3942895648699485],[36.838787577540856,-1.3942137699212207],[36.838685005414995,-1.3942092781957705],[36.8386805707482,-1.3942850945988494]]]},"id":"0018000000000000dfba","properties":{"FID":256250}},{"type":"Feature","geometry":{"type":"Polygon","coordinates":[[[36.80169677552034,-1.3994397937662815],[36.80172799806802,-1.3995735971595753],[36.80179488000734,-1.399555779407586],[36.80176365748792,-1.3994219761900575],[36.80169677552034,-1.3994397937662815]]]},"id":"0018000000000000f3bb","properties":{"FID":248571}},{"type":"Feature","geometry":{"type":"Polygon","coordinates":[[[36.83839067435923,-1.3935493143816982],[36.838408495218296,-1.3935850141479207],[36.83844865372823,-1.3935671622268577],[36.83843083287886,-1.3935315219396822],[36.83839067435923,-1.3935493143816982]]]},"id":"0018000000000000a477","properties":{"FID":256251}},{"type":"Feature","geometry":{"type":"Polygon","coordinates":[[[36.80386383551064,-1.3993015884001083],[36.80386835443191,-1.39939524924652],[36.80393967118914,-1.3993907939751642],[36.80393523443436,-1.3992971317236877],[36.80386383551064,-1.3993015884001083]]]},"id":"001800000000000169de","properties":{"FID":248572}},{"type":"Feature","geometry":{"type":"Polygon","coordinates":[[[36.84139166272997,-1.3932104546620845],[36.84140504836067,-1.393263947649564],[36.84143625411609,-1.39325951552262],[36.841427302992855,-1.393201543006386],[36.84139166272997,-1.3932104546620845]]]},"id":"0018000000000000a041","properties":{"FID":256252}},{"type":"Feature","geometry":{"type":"Polygon","coordinates":[[[36.80175470155228,-1.3993372568628637],[36.80184393220201,-1.3993416943927575],[36.801843932202004,-1.3992703739425967],[36.80175470155228,-1.399270397588203],[36.80175470155228,-1.3993372568628637]]]},"id":"0018000000000001fa45","properties":{"FID":248573}},{"type":"Feature","geometry":{"type":"Polygon","coordinates":[[[36.83881426762226,-1.392688741411909],[36.83881878440431,-1.392853736378029],[36.8389659492245,-1.3928492739566662],[36.838961432451455,-1.3926842793164103],[36.83881426762226,-1.392688741411909]]]},"id":"0018000000000001f333","properties":{"FID":256253}},{"type":"Feature","geometry":{"type":"Polygon","coordinates":[[[36.79951625876574,-1.3897858367465623],[36.79966341978843,-1.3897813833915764],[36.799658900610076,-1.3896431421393831],[36.79951625876574,-1.3896476321945674],[36.79951625876574,-1.3897858367465623]]]},"id":"0018000000000001d588","properties":{"FID":248062}},{"type":"Feature","geometry":{"type":"Polygon","coordinates":[[[36.80289176804239,-1.3993015583328772],[36.802958648928616,-1.3995156043746446],[36.80312363247759,-1.399462089721692],[36.803052314932884,-1.3992480659708588],[36.80289176804239,-1.3993015583328772]]]},"id":"00180000000000026328","properties":{"FID":248574}},{"type":"Feature","geometry":{"type":"Polygon","coordinates":[[[36.838475426056014,-1.3927600604390242],[36.83851550240584,-1.3927645620495053],[36.8385200192062,-1.3927333308511216],[36.83856009553178,-1.3927333146812015],[36.8385646123294,-1.3926887085205062],[36.83847986073514,-1.392684306740869],[36.838475426056014,-1.3927600604390242]]]},"id":"001800000000000202c5","properties":{"FID":256254}},{"type":"Feature","geometry":{"type":"Polygon","coordinates":[[[36.80128208953758,-1.399261422076076],[36.80133105990754,-1.3993951988024036],[36.80141133509146,-1.3993639907001345],[36.80135784570019,-1.3992302372615535],[36.80128208953758,-1.399261422076076]]]},"id":"001800000000000155dc","properties":{"FID":248575}},{"type":"Feature","geometry":{"type":"Polygon","coordinates":[[[36.837204551000056,-1.3925594413703273],[36.83720898575562,-1.3926084624806165],[36.83727591768228,-1.3926040342477566],[36.83727148293073,-1.392523745019667],[36.837244710165756,-1.3925237567039497],[36.837249144918914,-1.3925549441684517],[36.837204551000056,-1.3925594413703273]]]},"id":"0018000000000000b580","properties":{"FID":256255}}]}