{"type":"FeatureCollection","features":[{"type":"Feature","geometry":{"type":"Polygon","coordinates":[[[37.1028376862559,-1.1835702995353816],[37.10285552455088,-1.1836059393705942],[37.10290012026908,-1.183592582974265],[37.102882281985096,-1.183552409205964],[37.1028376862559,-1.1835702995353816]]]},"id":"001a000000000000163b","properties":{"FID":414720}},{"type":"Feature","geometry":{"type":"Polygon","coordinates":[[[37.113686649174355,-1.1871687471815333],[37.113780327043266,-1.1874318314728944],[37.113856087397,-1.1874006143470337],[37.113762491440895,-1.1871420041778438],[37.113686649174355,-1.1871687471815333]]]},"id":"001a0000000000018ad8","properties":{"FID":416256}},{"type":"Feature","geometry":{"type":"Polygon","coordinates":[[[37.08218314861206,-1.1859826410654168],[37.08224109865989,-1.1860094188434924],[37.08226786370871,-1.185955870297893],[37.082209913682284,-1.1859291514352717],[37.08218314861206,-1.1859826410654168]]]},"id":"001a0000000000003722","properties":{"FID":379904}},{"type":"Feature","geometry":{"type":"Polygon","coordinates":[[[37.10181655928268,-1.175383363840941],[37.10186115564085,-1.1754012158572016],[37.101878994176424,-1.1753610847750404],[37.10183881655111,-1.175338749044191],[37.10181655928268,-1.175383363840941]]]},"id":"001a00000000000015e4","properties":{"FID":414465}},{"type":"Feature","geometry":{"type":"Polygon","coordinates":[[[37.10257903048494,-1.1834900195081364],[37.10265488439269,-1.1835970024773508],[37.10272623772636,-1.1835479573082597],[37.10265038389337,-1.1834409745479142],[37.10257903048494,-1.1834900195081364]]]},"id":"001a0000000000001ed2","properties":{"FID":414721}},{"type":"Feature","geometry":{"type":"Polygon","coordinates":[[[37.112170605311974,-1.1755438853561602],[37.11228653919969,-1.1755572724113987],[37.11229545718336,-1.1755082200579174],[37.11217952330991,-1.175494832951904],[37.112170605311974,-1.1755438853561602]]]},"id":"001a0000000000011dc4","properties":{"FID":415233}},{"type":"Feature","geometry":{"type":"Polygon","coordinates":[[[37.083489632649325,-1.185732963629496],[37.08351639723721,-1.1857463279276659],[37.08350297402005,-1.1857864727511989],[37.083605612458776,-1.185826569594233],[37.0836457183483,-1.1857284612845929],[37.0835118955488,-1.1856794279415996],[37.083489632649325,-1.185732963629496]]]},"id":"001a0000000000016c3f","properties":{"FID":379905}},{"type":"Feature","geometry":{"type":"Polygon","coordinates":[[[37.11040923825943,-1.1753164620379966],[37.110476083936334,-1.175334319773574],[37.110489502155346,-1.1752942027902074],[37.11042257467236,-1.1752718727646443],[37.11040923825943,-1.1753164620379966]]]},"id":"001a000000000000c3ee","properties":{"FID":414466}},{"type":"Feature","geometry":{"type":"Polygon","coordinates":[[[37.109932071242156,-1.1835390776801111],[37.110003417402275,-1.1835702866395885],[37.11004359049589,-1.1834766329313915],[37.10997224437538,-1.183445423991358],[37.109932071242156,-1.1835390776801111]]]},"id":"001a00000000000124f2","properties":{"FID":414722}},{"type":"Feature","geometry":{"type":"Polygon","coordinates":[[[37.11376249144089,-1.1865846432325462],[37.113771409242624,-1.1866336682011867],[37.11382491602995,-1.1866202885197936],[37.11381599823483,-1.186575679584417],[37.11376249144089,-1.1865846432325462]]]},"id":"001a000000000000c22f","properties":{"FID":416258}},{"type":"Feature","geometry":{"type":"Polygon","coordinates":[[[37.08248190189355,-1.1857240421225685],[37.08256661664111,-1.1857641253468518],[37.08258887982404,-1.1857151244100517],[37.0825041651025,-1.1856749823021382],[37.08248190189355,-1.1857240421225685]]]},"id":"001a0000000000003749","properties":{"FID":379906}},{"type":"Feature","geometry":{"type":"Polygon","coordinates":[[[37.10078649850716,-1.1753833877091209],[37.101085256918616,-1.1755795587539573],[37.10110309564535,-1.1755527905108056],[37.10087119185499,-1.1754012067403772],[37.100933627563926,-1.1753075772959538],[37.10086677307408,-1.1752629902058507],[37.10078649850716,-1.1753833877091209]]]},"id":"001a0000000000018fee","properties":{"FID":414467}},{"type":"Feature","geometry":{"type":"Polygon","coordinates":[[[37.107519760536185,-1.1835434990775353],[37.107595527445056,-1.1835702830046444],[37.10763120168569,-1.18347663790037],[37.107555434814174,-1.1834454380483648],[37.107519760536185,-1.1835434990775353]]]},"id":"001a0000000000011fec","properties":{"FID":414723}},{"type":"Feature","geometry":{"type":"Polygon","coordinates":[[[37.11362422446598,-1.1865534244267266],[37.113628724282925,-1.1865979848981314],[37.11370448479542,-1.1865935596286028],[37.11370448479542,-1.186548928713976],[37.11362422446598,-1.1865534244267266]]]},"id":"001a0000000000001aee","properties":{"FID":416259}},{"type":"Feature","geometry":{"type":"Polygon","coordinates":[[[37.08218314861206,-1.1856749951340413],[37.0822365968923,-1.1857329434969481],[37.082307970338306,-1.1856705106271217],[37.082254440260385,-1.1856080871335333],[37.08218314861206,-1.1856749951340413]]]},"id":"001a000000000000fa09","properties":{"FID":379907}},{"type":"Feature","geometry":{"type":"Polygon","coordinates":[[[37.10133499869297,-1.1752718584553734],[37.10137509476915,-1.1752986696677503],[37.10141519082313,-1.17523176101274],[37.10137509476915,-1.1752050087033419],[37.10133499869297,-1.1752718584553734]]]},"id":"001a0000000000009d83","properties":{"FID":414468}},{"type":"Feature","geometry":{"type":"Polygon","coordinates":[[[37.11028438313327,-1.1834989535429417],[37.11039140182603,-1.18352124446974],[37.11040923825943,-1.183436477465098],[37.11030663779802,-1.18341423521655],[37.11028438313327,-1.1834989535429417]]]},"id":"001a0000000000003315","properties":{"FID":414724}},{"type":"Feature","geometry":{"type":"Polygon","coordinates":[[[37.0820449031838,-1.185487669590321],[37.08205382489198,-1.1855278188644796],[37.08215188175912,-1.1855055524589548],[37.082142960062995,-1.1854654032593952],[37.0820449031838,-1.185487669590321]]]},"id":"001a00000000000071cc","properties":{"FID":379908}},{"type":"Feature","geometry":{"type":"Polygon","coordinates":[[[37.10095146632802,-1.1752629717938814],[37.10106291758949,-1.175320936962942],[37.10109417628253,-1.1752585213982358],[37.10098272506918,-1.1752005562733059],[37.10095146632802,-1.1752629717938814]]]},"id":"001a0000000000015472","properties":{"FID":414469}},{"type":"Feature","geometry":{"type":"Polygon","coordinates":[[[37.10684644615217,-1.183454334603183],[37.10691771353188,-1.1834810713429034],[37.10694896969694,-1.1834008014777722],[37.10687320211121,-1.183374076154309],[37.10684644615217,-1.183454334603183]]]},"id":"001a000000000000e04f","properties":{"FID":414725}},{"type":"Feature","geometry":{"type":"Polygon","coordinates":[[[37.082254440260385,-1.1853449742227484],[37.082343657034954,-1.185389581454793],[37.0823926852891,-1.1852959279227018],[37.08230355042511,-1.185251378360545],[37.082254440260385,-1.1853449742227484]]]},"id":"001a00000000000139ae","properties":{"FID":379909}},{"type":"Feature","geometry":{"type":"Polygon","coordinates":[[[37.100996063219014,-1.1751514878203668],[37.10110309564535,-1.175196099235355],[37.10112093436769,-1.1751559680649997],[37.10101840256877,-1.1751113457360856],[37.100996063219014,-1.1751514878203668]]]},"id":"001a000000000000ae56","properties":{"FID":414470}},{"type":"Feature","geometry":{"type":"Polygon","coordinates":[[[37.107497423192626,-1.1834141963279374],[37.10753309748162,-1.1834231185805584],[37.10754201605113,-1.183383000490003],[37.10750634176652,-1.1833740782310034],[37.107497423192626,-1.1834141963279374]]]},"id":"001a0000000000000b54","properties":{"FID":414726}},{"type":"Feature","geometry":{"type":"Polygon","coordinates":[[[37.07921781230782,-1.1852692144314079],[37.07927576472568,-1.1852915166135614],[37.079289188725475,-1.1852513703388923],[37.079231154464615,-1.1852290694372754],[37.07921781230782,-1.1852692144314079]]]},"id":"001a000000000000801c","properties":{"FID":379910}},{"type":"Feature","geometry":{"type":"Polygon","coordinates":[[[37.108054791038484,-1.1751291896510143],[37.108094965213844,-1.1751336287854617],[37.108103883714115,-1.175080159708704],[37.10806820970647,-1.1750712359591815],[37.108054791038484,-1.1751291896510143]]]},"id":"001a00000000000052ec","properties":{"FID":414471}},{"type":"Feature","geometry":{"type":"Polygon","coordinates":[[[37.107497423192626,-1.183324994827407],[37.10753759767738,-1.1833518048398635],[37.10757327194658,-1.1832937819633065],[37.10753309748162,-1.1832670308590976],[37.107497423192626,-1.183324994827407]]]},"id":"001a00000000000072a4","properties":{"FID":414727}},{"type":"Feature","geometry":{"type":"Polygon","coordinates":[[[37.082682516077405,-1.185273668345464],[37.08277615220984,-1.1852825712371529],[37.08277615220984,-1.1852379833993858],[37.082687017817314,-1.185233545457778],[37.082682516077405,-1.185273668345464]]]},"id":"001a0000000000003df2","properties":{"FID":379911}},{"type":"Feature","geometry":{"type":"Polygon","coordinates":[[[37.10142861072196,-1.1751247643810891],[37.10151780388871,-1.1751737730066587],[37.10155789986366,-1.1750935015560076],[37.10146870674629,-1.1750444929833905],[37.10142861072196,-1.1751247643810891]]]},"id":"001a000000000000d2c6","properties":{"FID":414472}},{"type":"Feature","geometry":{"type":"Polygon","coordinates":[[[37.107707050299446,-1.183293812089562],[37.107742724485114,-1.1833072091091446],[37.10776497993149,-1.1832581100737594],[37.10772930575679,-1.1832402971695497],[37.107707050299446,-1.183293812089562]]]},"id":"001a000000000000a956","properties":{"FID":414728}},{"type":"Feature","geometry":{"type":"Polygon","coordinates":[[[37.08254877334984,-1.1852781149264133],[37.08266467281467,-1.1852736527513874],[37.08266025292323,-1.1852023341202007],[37.08254877334984,-1.1852067859977158],[37.08254877334984,-1.1852781149264133]]]},"id":"001a000000000000acda","properties":{"FID":379912}},{"type":"Feature","geometry":{"type":"Polygon","coordinates":[[[37.101727366483956,-1.175097996651504],[37.10178088217638,-1.175102464925815],[37.101785300901504,-1.1750444696768612],[37.101727366483956,-1.1750444850379365],[37.101727366483956,-1.175097996651504]]]},"id":"001a000000000000b838","properties":{"FID":414473}},{"type":"Feature","geometry":{"type":"Polygon","coordinates":[[[37.1063603369293,-1.1832491956095208],[37.106431686610634,-1.1832715153154796],[37.106458442723,-1.183200147730032],[37.106387093068044,-1.183177886894682],[37.1063603369293,-1.1832491956095208]]]},"id":"001a000000000000bdbf","properties":{"FID":414729}},{"type":"Feature","geometry":{"type":"Polygon","coordinates":[[[37.0860313240692,-1.185180033106337],[37.086107113460585,-1.1852290884760517],[37.08615613916939,-1.1851488097108938],[37.08608034982926,-1.1851042306583868],[37.0860313240692,-1.185180033106337]]]},"id":"001a000000000000d3aa","properties":{"FID":379913}},{"type":"Feature","geometry":{"type":"Polygon","coordinates":[[[37.107934432021175,-1.1750534149400944],[37.10802361717217,-1.175075694922779],[37.10803253568123,-1.175035529129622],[37.10794335054123,-1.1750132491309457],[37.107934432021175,-1.1750534149400944]]]},"id":"001a0000000000000cfb","properties":{"FID":414474}},{"type":"Feature","geometry":{"type":"Polygon","coordinates":[[[37.103796365640555,-1.1831734183875853],[37.1038454612045,-1.1832001493050857],[37.10386771784919,-1.1831644729885211],[37.103818704126276,-1.1831332658344875],[37.103796365640555,-1.1831734183875853]]]},"id":"001a000000000000cc69","properties":{"FID":414730}},{"type":"Feature","geometry":{"type":"Polygon","coordinates":[[[37.079057296965125,-1.185171116081438],[37.0791464358199,-1.1852246209367387],[37.07919996819242,-1.1851354294365413],[37.0791063274415,-1.1850819361081495],[37.079057296965125,-1.185171116081438]]]},"id":"001a000000000001216c","properties":{"FID":379914}},{"type":"Feature","geometry":{"type":"Polygon","coordinates":[[[37.10861223641238,-1.1750489057708726],[37.10871475745577,-1.175084576114769],[37.10873709442362,-1.1750088256640319],[37.108701420728096,-1.1749954283740012],[37.10869250230148,-1.1750355349124955],[37.1086211548489,-1.1750132727919866],[37.10861223641238,-1.1750489057708726]]]},"id":"001a0000000000000d74","properties":{"FID":414475}},{"type":"Feature","geometry":{"type":"Polygon","coordinates":[[[37.10760002763693,-1.1832313648829251],[37.10768029464865,-1.1832402972283593],[37.10768471301368,-1.183133305013872],[37.10760894619818,-1.183128835943638],[37.10760002763693,-1.1832313648829251]]]},"id":"001a0000000000004825","properties":{"FID":414731}},{"type":"Feature","geometry":{"type":"Polygon","coordinates":[[[37.07960579795129,-1.185108648092117],[37.07962356011353,-1.1851131416468743],[37.07961021802894,-1.185157704002885],[37.079694936131816,-1.1851844767048787],[37.07972612219114,-1.1850819108181836],[37.079619140036705,-1.1850507148896632],[37.07960579795129,-1.185108648092117]]]},"id":"001a000000000000aaf6","properties":{"FID":379915}},{"type":"Feature","geometry":{"type":"Polygon","coordinates":[[[37.10115661179919,-1.1748304581583684],[37.10121454667343,-1.1748661173782384],[37.1012502240588,-1.1748170564831515],[37.1011922892131,-1.1747769232866454],[37.10115661179919,-1.1748304581583684]]]},"id":"001a0000000000009e08","properties":{"FID":414476}},{"type":"Feature","geometry":{"type":"Polygon","coordinates":[[[37.1117647943335,-1.18310208223067],[37.111813884492236,-1.1831065553837687],[37.111813884492236,-1.183017359600445],[37.1117647943335,-1.183017360907983],[37.1117647943335,-1.18310208223067]]]},"id":"001a000000000000a04c","properties":{"FID":414732}},{"type":"Feature","geometry":{"type":"Polygon","coordinates":[[[37.080912246580255,-1.1850685584606289],[37.080970279495645,-1.1850819057766442],[37.08097469949011,-1.1850506776929397],[37.080921168427814,-1.1850373189184817],[37.080912246580255,-1.1850685584606289]]]},"id":"001a000000000000a6ac","properties":{"FID":379916}},{"type":"Feature","geometry":{"type":"Polygon","coordinates":[[[37.108656828583975,-1.1745807240050739],[37.10866124688938,-1.1746698913297828],[37.10875043114471,-1.1746654475810046],[37.10874601284475,-1.1745762803692987],[37.108656828583975,-1.1745807240050739]]]},"id":"001a000000000000937c","properties":{"FID":414477}},{"type":"Feature","geometry":{"type":"Polygon","coordinates":[[[37.10193250975677,-1.1829459714088915],[37.10197710604351,-1.1829593480668705],[37.10198602529756,-1.182914811606902],[37.101941429016314,-1.1829058511100048],[37.10193250975677,-1.1829459714088915]]]},"id":"001a000000000000aa52","properties":{"FID":414733}},{"type":"Feature","geometry":{"type":"Polygon","coordinates":[[[37.08101930867852,-1.185037316721553],[37.08108176149616,-1.1850596069021695],[37.08110402513505,-1.1850016532538092],[37.081037152346184,-1.1849793732392573],[37.08101930867852,-1.185037316721553]]]},"id":"001a00000000000011a8","properties":{"FID":379917}},{"type":"Feature","geometry":{"type":"Polygon","coordinates":[[[37.10324346546575,-1.1742552355778122],[37.10329247957813,-1.1742641300188141],[37.103296980037534,-1.1742329201353978],[37.10324788410162,-1.1742240269518878],[37.10324346546575,-1.1742552355778122]]]},"id":"001a0000000000002e70","properties":{"FID":414478}},{"type":"Feature","geometry":{"type":"Polygon","coordinates":[[[37.10183881655111,-1.1828568142242701],[37.10188791344256,-1.1828701795428946],[37.101896832707595,-1.1828390094054413],[37.1018477358222,-1.1828255851993363],[37.10183881655111,-1.1828568142242701]]]},"id":"001a00000000000015dc","properties":{"FID":414734}},{"type":"Feature","geometry":{"type":"Polygon","coordinates":[[[37.079520997890874,-1.1850150219613025],[37.07957010990707,-1.1850417621038758],[37.079587953931366,-1.1850060827548825],[37.079543343862355,-1.1849793311828185],[37.079520997890874,-1.1850150219613025]]]},"id":"001a0000000000004339","properties":{"FID":379918}},{"type":"Feature","geometry":{"type":"Polygon","coordinates":[[[37.110458247519404,-1.1827542789241743],[37.11052517496938,-1.1827765486605006],[37.11054301136982,-1.1827275212381165],[37.110476083936334,-1.1827051926227383],[37.110458247519404,-1.1827542789241743]]]},"id":"001a0000000000000730","properties":{"FID":414735}},{"type":"Feature","geometry":{"type":"Polygon","coordinates":[[[37.079414015433805,-1.1848634289169742],[37.07947196769488,-1.1849035196355286],[37.0795076557874,-1.1848544852805565],[37.07944520161395,-1.1848143471336547],[37.079414015433805,-1.1848634289169742]]]},"id":"001a00000000000094f4","properties":{"FID":379919}},{"type":"Feature","geometry":{"type":"Polygon","coordinates":[[[37.11038248360767,-1.1827943786938224],[37.110431492885766,-1.182807743620565],[37.110462747533255,-1.1827185889568046],[37.110413656457844,-1.1827007507535825],[37.11038248360767,-1.1827943786938224]]]},"id":"001a000000000000ebab","properties":{"FID":414736}},{"type":"Feature","geometry":{"type":"Polygon","coordinates":[[[37.079614638106314,-1.1848589396557816],[37.0797306241146,-1.1849080191114274],[37.079752888168365,-1.1848589590300316],[37.07964140412469,-1.1848054504864545],[37.079614638106314,-1.1848589396557816]]]},"id":"001a000000000000ceca","properties":{"FID":379920}},{"type":"Feature","geometry":{"type":"Polygon","coordinates":[[[37.10363582291401,-1.1827096464893025],[37.10373393240032,-1.1827408526748464],[37.103751770474446,-1.182673980355237],[37.10365366101231,-1.1826472490735105],[37.10363582291401,-1.1827096464893025]]]},"id":"001a000000000001350b","properties":{"FID":414737}},{"type":"Feature","geometry":{"type":"Polygon","coordinates":[[[37.07944078152625,-1.1848188338720143],[37.07952991990962,-1.1848366434133146],[37.079538841927274,-1.1847876150692627],[37.07945412364203,-1.184769795349723],[37.07944078152625,-1.1848188338720143]]]},"id":"001a00000000000003ce","properties":{"FID":379921}},{"type":"Feature","geometry":{"type":"Polygon","coordinates":[[[37.10122796660944,-1.1825803575577578],[37.10133049811161,-1.182607079746463],[37.101343918026124,-1.1825580570388092],[37.10123688595578,-1.182531287300023],[37.10122796660944,-1.1825803575577578]]]},"id":"001a000000000000e239","properties":{"FID":414738}},{"type":"Feature","geometry":{"type":"Polygon","coordinates":[[[37.08158563835585,-1.1847697735407905],[37.08179959670395,-1.1848990750397221],[37.08182194197321,-1.18486338542323],[37.08160790184001,-1.1847385617333335],[37.08158563835585,-1.1847697735407905]]]},"id":"001a0000000000017f47","properties":{"FID":379922}},{"type":"Feature","geometry":{"type":"Polygon","coordinates":[[[37.10110309564535,-1.1826026207015305],[37.101178869270484,-1.182629407240481],[37.10121454667343,-1.182526866463694],[37.101138773085644,-1.1825000799212377],[37.10110309564535,-1.1826026207015305]]]},"id":"001a00000000000057b4","properties":{"FID":414739}},{"type":"Feature","geometry":{"type":"Polygon","coordinates":[[[37.08154102951589,-1.1847206993821573],[37.08158563835584,-1.1847340797095813],[37.081598980076954,-1.18468951909155],[37.08155437124521,-1.1846761387591798],[37.08154102951589,-1.1847206993821573]]]},"id":"001a00000000000038f8","properties":{"FID":379923}},{"type":"Feature","geometry":{"type":"Polygon","coordinates":[[[37.11023529193685,-1.1825580540953617],[37.11032897427449,-1.1825892674516862],[37.11035572894603,-1.1825134893869653],[37.110257628435356,-1.182482227240075],[37.11023529193685,-1.1825580540953617]]]},"id":"001a000000000001082a","properties":{"FID":414740}},{"type":"Feature","geometry":{"type":"Polygon","coordinates":[[[37.079886717906305,-1.184667203627526],[37.07995359175621,-1.184680589894572],[37.079962513721725,-1.1846404562181072],[37.07989563988006,-1.1846270699347627],[37.079886717906305,-1.184667203627526]]]},"id":"001a00000000000075ac","properties":{"FID":379924}},{"type":"Feature","geometry":{"type":"Polygon","coordinates":[[[37.10911166716482,-1.18254915924344],[37.10915625902867,-1.182558059978194],[37.10916959567252,-1.1824777802482356],[37.10912500381688,-1.1824733540734402],[37.10911166716482,-1.18254915924344]]]},"id":"001a0000000000001676","properties":{"FID":414741}},{"type":"Feature","geometry":{"type":"Polygon","coordinates":[[[37.08594211183308,-1.1846582978985754],[37.086017983163806,-1.1847028755949085],[37.086049166503244,-1.1846538570148986],[37.08597337705127,-1.18460480189142],[37.08594211183308,-1.1846582978985754]]]},"id":"001a000000000000e415","properties":{"FID":379925}},{"type":"Feature","geometry":{"type":"Polygon","coordinates":[[[37.10948173789264,-1.1824242765306976],[37.10956200281733,-1.1824465739737018],[37.1095709211368,-1.182419822957956],[37.10949065622199,-1.18239305095679],[37.10948173789264,-1.1824242765306976]]]},"id":"001a00000000000053c1","properties":{"FID":414742}},{"type":"Feature","geometry":{"type":"Polygon","coordinates":[[[37.08156779482315,-1.1846583177756396],[37.08160790184001,-1.184685021065583],[37.08162124355703,-1.1846583073864383],[37.08176399159034,-1.1847385379909106],[37.08178183507475,-1.1847028600061458],[37.081598980076954,-1.1846003437131223],[37.08156779482315,-1.1846583177756396]]]},"id":"001a0000000000015052","properties":{"FID":379926}},{"type":"Feature","geometry":{"type":"Polygon","coordinates":[[[37.111002256257734,-1.1824153791506302],[37.111042428796814,-1.1824198152899004],[37.11104684695657,-1.1823841272379279],[37.111006756237764,-1.1823752153455933],[37.111002256257734,-1.1824153791506302]]]},"id":"001a0000000000002520","properties":{"FID":414743}},{"type":"Feature","geometry":{"type":"Polygon","coordinates":[[[37.0797707321477,-1.1846092300994828],[37.07984210802111,-1.1846449287805716],[37.07986887395551,-1.18459138127413],[37.079797498108455,-1.1845557415162016],[37.0797707321477,-1.1846092300994828]]]},"id":"001a000000000000dc7d","properties":{"FID":379927}},{"type":"Feature","geometry":{"type":"Polygon","coordinates":[[[37.109499574550256,-1.182388613833257],[37.1095709211368,-1.1824153484080546],[37.10959317602096,-1.1823574207169714],[37.10952632952846,-1.1823306159091522],[37.109499574550256,-1.182388613833257]]]},"id":"001a0000000000000df6","properties":{"FID":414744}},{"type":"Feature","geometry":{"type":"Polygon","coordinates":[[[37.082820760289835,-1.184591387964878],[37.08288763143357,-1.184618143843227],[37.08291889796922,-1.1845289528821659],[37.082851945004684,-1.184506674638361],[37.082820760289835,-1.184591387964878]]]},"id":"001a0000000000005528","properties":{"FID":379928}},{"type":"Feature","geometry":{"type":"Polygon","coordinates":[[[37.10108075632173,-1.182393054437736],[37.1011253531331,-1.182410906384974],[37.10116553115432,-1.182321721129565],[37.10112093436769,-1.1822994530552913],[37.10108075632173,-1.182393054437736]]]},"id":"001a000000000000cada","properties":{"FID":414745}},{"type":"Feature","geometry":{"type":"Polygon","coordinates":[[[37.0818531271177,-1.1844041236820069],[37.08195126610691,-1.184457662211685],[37.081969109545234,-1.1844308785497737],[37.08187097058016,-1.1843729225545923],[37.0818531271177,-1.1844041236820069]]]},"id":"001a000000000000b4f4","properties":{"FID":379929}},{"type":"Feature","geometry":{"type":"Polygon","coordinates":[[[37.11003909045596,-1.1823529336481007],[37.11022195548941,-1.1823885837713521],[37.11023529193685,-1.1823484583078432],[37.11004800871663,-1.1823083437152724],[37.11003909045596,-1.1823529336481007]]]},"id":"001a000000000000712d","properties":{"FID":414746}},{"type":"Feature","geometry":{"type":"Polygon","coordinates":[[[37.079833186040766,-1.1842792897355714],[37.07987329401713,-1.1842926229723534],[37.07989113796684,-1.1842525271395241],[37.079846528084346,-1.1842346699162347],[37.079833186040766,-1.1842792897355714]]]},"id":"001a0000000000005909","properties":{"FID":379930}},{"type":"Feature","geometry":{"type":"Polygon","coordinates":[[[37.10572718724914,-1.182339567411629],[37.10579403725072,-1.182370789534695],[37.105820793598795,-1.1823038983468122],[37.105753943621934,-1.1822726762405937],[37.10572718724914,-1.182339567411629]]]},"id":"001a00000000000083e1","properties":{"FID":414747}},{"type":"Feature","geometry":{"type":"Polygon","coordinates":[[[37.079458625582376,-1.1841811780300084],[37.07949431368147,-1.1842079509677628],[37.07955226587836,-1.1841321236839055],[37.07951215772443,-1.1841053609066807],[37.079458625582376,-1.1841811780300084]]]},"id":"001a000000000000e3a6","properties":{"FID":379931}},{"type":"Feature","geometry":{"type":"Polygon","coordinates":[[[37.11091307477764,-1.182344002236986],[37.11104684695657,-1.1823886016996126],[37.111073601362676,-1.182303875938054],[37.11093982923322,-1.1822592764607454],[37.11091307477764,-1.182344002236986]]]},"id":"001a000000000000e70e","properties":{"FID":414748}},{"type":"Feature","geometry":{"type":"Polygon","coordinates":[[[37.0821875685326,-1.1841544084336293],[37.082281205304284,-1.1841677887795325],[37.08229012698338,-1.1841187631881487],[37.08219207030324,-1.1841053929252285],[37.0821875685326,-1.1841544084336293]]]},"id":"001a0000000000003247","properties":{"FID":379932}},{"type":"Feature","geometry":{"type":"Polygon","coordinates":[[[37.10337275136661,-1.1823083608065061],[37.10345302306609,-1.1823217105217096],[37.10347086120943,-1.182232523404035],[37.103390589529745,-1.1822191736369636],[37.10337275136661,-1.1823083608065061]]]},"id":"001a00000000000101bf","properties":{"FID":414749}},{"type":"Feature","geometry":{"type":"Polygon","coordinates":[[[37.079480889719655,-1.1840652073494466],[37.07952991990962,-1.1840875310407093],[37.07954776394382,-1.1840563293800235],[37.07949873376592,-1.1840295881195961],[37.079480889719655,-1.1840652073494466]]]},"id":"001a000000000000091a","properties":{"FID":379933}},{"type":"Feature","geometry":{"type":"Polygon","coordinates":[[[37.108973391302186,-1.182268241504658],[37.10903140174062,-1.1822771095549682],[37.10904032012549,-1.1822057895935363],[37.108982309694184,-1.1821968626349648],[37.108973391302186,-1.182268241504658]]]},"id":"001a00000000000043c3","properties":{"FID":414750}},{"type":"Feature","geometry":{"type":"Polygon","coordinates":[[[37.086383588559904,-1.1839938808246249],[37.08638809006996,-1.1840474057360975],[37.08647721991161,-1.1840339990460245],[37.08647280025262,-1.1839849490113923],[37.086383588559904,-1.1839938808246249]]]},"id":"001a0000000000009509","properties":{"FID":379934}},{"type":"Feature","geometry":{"type":"Polygon","coordinates":[[[37.11043599290129,-1.1822369961215888],[37.110529593160734,-1.1822726852251861],[37.110569765962225,-1.1821656719053746],[37.110476083936334,-1.1821299840850463],[37.11043599290129,-1.1822369961215888]]]},"id":"001a000000000000d701","properties":{"FID":414751}},{"type":"Feature","geometry":{"type":"Polygon","coordinates":[[[37.07907063915145,-1.1839983394478817],[37.0791464358199,-1.1840473988646039],[37.079195548089764,-1.1839671154617022],[37.07911975147266,-1.1839225326011438],[37.07907063915145,-1.1839983394478817]]]},"id":"001a000000000001259f","properties":{"FID":379935}},{"type":"Feature","geometry":{"type":"Polygon","coordinates":[[[37.10423339681462,-1.182147791984393],[37.10427349128562,-1.1821611796670901],[37.10430024819575,-1.1820809221562554],[37.104260153739574,-1.1820675344697262],[37.10423339681462,-1.182147791984393]]]},"id":"001a0000000000004792","properties":{"FID":414752}},{"type":"Feature","geometry":{"type":"Polygon","coordinates":[[[37.08938014102882,-1.183909156645622],[37.089464847714225,-1.183953770616421],[37.0894871087784,-1.183913611041619],[37.08940240211903,-1.183864580096537],[37.08938014102882,-1.183909156645622]]]},"id":"001a000000000000123b","properties":{"FID":379936}},{"type":"Feature","geometry":{"type":"Polygon","coordinates":[[[37.109013564967604,-1.1820809198589743],[37.109075993653946,-1.182094311334814],[37.109093830411574,-1.1820051311995705],[37.10903140174062,-1.1819917396920547],[37.109013564967604,-1.1820809198589743]]]},"id":"001a00000000000075e1","properties":{"FID":414753}},{"type":"Feature","geometry":{"type":"Polygon","coordinates":[[[37.08947376850915,-1.1837352552588023],[37.089620920545805,-1.183837845955502],[37.08964768286963,-1.1837976752321686],[37.08950053088732,-1.1836951435128846],[37.08947376850915,-1.1837352552588023]]]},"id":"001a0000000000009d68","properties":{"FID":379937}},{"type":"Feature","geometry":{"type":"Polygon","coordinates":[[[37.10829117196577,-1.1820051143769474],[37.10834468280577,-1.1820363668267497],[37.10838477499944,-1.1819694470977569],[37.108331264189054,-1.1819337790010889],[37.10829117196577,-1.1820051143769474]]]},"id":"001a00000000000078dc","properties":{"FID":414754}},{"type":"Feature","geometry":{"type":"Polygon","coordinates":[[[37.08038610118831,-1.1836505535844986],[37.08044405267247,-1.1837976641629475],[37.080560037354054,-1.183753092363054],[37.08050650598562,-1.1836059720796563],[37.08038610118831,-1.1836505535844986]]]},"id":"001a000000000001380e","properties":{"FID":379938}},{"type":"Feature","geometry":{"type":"Polygon","coordinates":[[[37.10490223514659,-1.181920389438715],[37.10497800479548,-1.1819560652593188],[37.104995842563056,-1.1819159264208545],[37.104920072932835,-1.1818802506129942],[37.10490223514659,-1.181920389438715]]]},"id":"001a0000000000007cf2","properties":{"FID":414755}},{"type":"Feature","geometry":{"type":"Polygon","coordinates":[[[37.082678096187045,-1.1836371594265733],[37.08272712421501,-1.1836594821068314],[37.08274938734866,-1.1836148433712865],[37.082700359335746,-1.183592579597602],[37.082678096187045,-1.1836371594265733]]]},"id":"001a000000000000040a","properties":{"FID":379939}},{"type":"Feature","geometry":{"type":"Polygon","coordinates":[[[37.10949065622199,-1.181893671202037],[37.10952632952846,-1.1818981189924125],[37.10953524785232,-1.1818535294261505],[37.10949957455026,-1.1818446071441315],[37.10949065622199,-1.181893671202037]]]},"id":"001a0000000000002d43","properties":{"FID":414756}},{"type":"Feature","geometry":{"type":"Polygon","coordinates":[[[37.08276281070535,-1.183610393198168],[37.08281183867604,-1.1836460856616886],[37.08284310524436,-1.18360148315157],[37.08278957556156,-1.1835658020909425],[37.08276281070535,-1.183610393198168]]]},"id":"001a000000000000955c","properties":{"FID":379940}},{"type":"Feature","geometry":{"type":"Polygon","coordinates":[[[37.10929003445538,-1.1819694530142586],[37.109325707860734,-1.181978375300636],[37.109365799510904,-1.1818490491696174],[37.109330126125315,-1.1818401268641918],[37.10929003445538,-1.1819694530142586]]]},"id":"001a000000000000c9a0","properties":{"FID":414757}},{"type":"Feature","geometry":{"type":"Polygon","coordinates":[[[37.079266842675665,-1.1835256608889966],[37.07930253086914,-1.1835435397241143],[37.07934263913902,-1.1834498514749157],[37.07930703281891,-1.1834320302797972],[37.079266842675665,-1.1835256608889966]]]},"id":"001a000000000000f992","properties":{"FID":379941}},{"type":"Feature","geometry":{"type":"Polygon","coordinates":[[[37.104995842563056,-1.1818668809108805],[37.105044937313515,-1.1818891953057271],[37.10506719358942,-1.181840155968719],[37.10501818067865,-1.1818178403064006],[37.104995842563056,-1.1818668809108805]]]},"id":"001a0000000000005c1b","properties":{"FID":414758}},{"type":"Feature","geometry":{"type":"Polygon","coordinates":[[[37.079191046133076,-1.1834810782317242],[37.07925792062454,-1.1835167883820026],[37.07930703281891,-1.1834231363649756],[37.07926242257709,-1.1834008025580667],[37.07923565641882,-1.1834543481673063],[37.07921339220625,-1.1834409718568522],[37.079191046133076,-1.1834810782317242]]]},"id":"001a000000000000e788","properties":{"FID":379942}},{"type":"Feature","geometry":{"type":"Polygon","coordinates":[[[37.1091830141338,-1.1818713295525032],[37.10927219774611,-1.1819025548962787],[37.109298952808366,-1.1818312520970717],[37.109209769229025,-1.1817955522626011],[37.1091830141338,-1.1818713295525032]]]},"id":"001a000000000000ef38","properties":{"FID":414759}},{"type":"Feature","geometry":{"type":"Polygon","coordinates":[[[37.08044405267247,-1.1834008579122994],[37.08045747645598,-1.1835078451275312],[37.08050650598561,-1.1835033692856793],[37.08049308221118,-1.18339190581548],[37.08044405267247,-1.1834008579122994]]]},"id":"001a000000000000a285","properties":{"FID":379943}},{"type":"Feature","geometry":{"type":"Polygon","coordinates":[[[37.109365799510904,-1.1818445746840291],[37.109414809477585,-1.1818535244166941],[37.109423727815184,-1.1818089348519134],[37.10937471785456,-1.1817999851045624],[37.109365799510904,-1.1818445746840291]]]},"id":"001a000000000000253c","properties":{"FID":414760}},{"type":"Feature","geometry":{"type":"Polygon","coordinates":[[[37.08038168115795,-1.1833740896947178],[37.08043963264566,-1.1833651750901684],[37.08043963264566,-1.1833383759918685],[37.08038168115795,-1.1833428731334046],[37.08038168115795,-1.1833740896947178]]]},"id":"001a000000000000148a","properties":{"FID":379944}},{"type":"Feature","geometry":{"type":"Polygon","coordinates":[[[37.10097380569153,-1.1818490676374],[37.10101390196773,-1.1818579810175953],[37.101022821340436,-1.181800020734701],[37.10098272506918,-1.1817955234163966],[37.10097380569153,-1.1818490676374]]]},"id":"001a00000000000073bd","properties":{"FID":414761}},{"type":"Feature","geometry":{"type":"Polygon","coordinates":[[[37.07954334386236,-1.1828657353000334],[37.07961021802894,-1.1829148152112483],[37.0796548280568,-1.182856810752966],[37.079592374010105,-1.1828033034564218],[37.07954334386236,-1.1828657353000334]]]},"id":"001a000000000000caa2","properties":{"FID":379945}},{"type":"Feature","geometry":{"type":"Polygon","coordinates":[[[37.11091757476322,-1.1818579852378768],[37.111006756237764,-1.1818802610157009],[37.11102459251949,-1.1818133967223003],[37.110935411066926,-1.1817911209188214],[37.11091757476322,-1.1818579852378768]]]},"id":"001a0000000000008196","properties":{"FID":414762}},{"type":"Feature","geometry":{"type":"Polygon","coordinates":[[[37.0895495543006,-1.1828657652442847],[37.08962534001281,-1.1829058656240938],[37.08967444518358,-1.182812227756919],[37.089598577680725,-1.182772069811299],[37.0895495543006,-1.1828657652442847]]]},"id":"001a000000000000d0b1","properties":{"FID":379946}},{"type":"Feature","geometry":{"type":"Polygon","coordinates":[[[37.11033789249944,-1.1817910818936166],[37.11042707468844,-1.1818223067383695],[37.11044491111305,-1.1817732808644676],[37.11035572894603,-1.181742056017576],[37.11033789249944,-1.1817910818936166]]]},"id":"001a0000000000000dd1","properties":{"FID":414763}},{"type":"Feature","geometry":{"type":"Polygon","coordinates":[[[37.08947818798512,-1.1828122275251571],[37.089518372467275,-1.182825616694989],[37.089545134828974,-1.1827498182540996],[37.089504950361665,-1.1827364290808635],[37.08947818798512,-1.1828122275251571]]]},"id":"001a000000000000a0b4","properties":{"FID":379947}},{"type":"Feature","geometry":{"type":"Polygon","coordinates":[[[37.1099231529672,-1.181795550428285],[37.10999449913611,-1.1817955559892739],[37.10999449913611,-1.1817509882119999],[37.1099231529672,-1.1817509826105417],[37.1099231529672,-1.181795550428285]]]},"id":"001a0000000000007595","properties":{"FID":414764}},{"type":"Feature","geometry":{"type":"Polygon","coordinates":[[[37.08953171272833,-1.182705211448327],[37.08962984132151,-1.1827542680205756],[37.089652102335,-1.182718586024424],[37.08955397377196,-1.1826695294748022],[37.08953171272833,-1.182705211448327]]]},"id":"001a000000000000093c","properties":{"FID":379948}},{"type":"Feature","geometry":{"type":"Polygon","coordinates":[[[37.11017736428225,-1.1817420714608362],[37.11025312840874,-1.181764321374588],[37.11026204664304,-1.1817242068279257],[37.11018628252588,-1.181706372450863],[37.11017736428225,-1.1817420714608362]]]},"id":"001a0000000000007586","properties":{"FID":414765}},{"type":"Feature","geometry":{"type":"Polygon","coordinates":[[[37.08146073353479,-1.1826963001946151],[37.08149642064848,-1.1827141195261066],[37.08153652770482,-1.1826517109053838],[37.08150084061088,-1.1826294154118981],[37.08146073353479,-1.1826963001946151]]]},"id":"001a0000000000007467","properties":{"FID":379949}},{"type":"Feature","geometry":{"type":"Polygon","coordinates":[[[37.10946831948676,-1.1817866322003716],[37.10955308449676,-1.1818089185467686],[37.10960209433659,-1.1816439531988066],[37.10951741120349,-1.1816171910770903],[37.10946831948676,-1.1817866322003716]]]},"id":"001a0000000000002068","properties":{"FID":414766}},{"type":"Feature","geometry":{"type":"Polygon","coordinates":[[[37.08942916452356,-1.1825803720299515],[37.08949602957058,-1.1826160180733822],[37.08950945167785,-1.182584832019293],[37.0894470061211,-1.1825491170494131],[37.08942916452356,-1.1825803720299515]]]},"id":"001a000000000000a0d2","properties":{"FID":379950}},{"type":"Feature","geometry":{"type":"Polygon","coordinates":[[[37.10977604218126,-1.1816573125128793],[37.10981613358194,-1.1816706991840968],[37.10982955192332,-1.1816260987889582],[37.109789378710886,-1.181612713391557],[37.10977604218126,-1.1816573125128793]]]},"id":"001a0000000000002f68","properties":{"FID":414767}},{"type":"Feature","geometry":{"type":"Polygon","coordinates":[[[37.08885397525509,-1.1826160224477222],[37.0889341812039,-1.1826650646153167],[37.08897436598774,-1.1826026605731177],[37.08903673010915,-1.182642793922427],[37.08906799399233,-1.1825848282358378],[37.08892526034257,-1.1825000722578067],[37.08885397525509,-1.1826160224477222]]]},"id":"001a0000000000014a03","properties":{"FID":379951}},{"type":"Feature","geometry":{"type":"Polygon","coordinates":[[[37.10994548956205,-1.1816929963578096],[37.11003017219419,-1.1817242327235922],[37.110034672234676,-1.1817152725367956],[37.11006584523468,-1.1817286805273721],[37.11009710004011,-1.1816528342506862],[37.109981162644296,-1.1816082500538148],[37.10994548956205,-1.1816929963578096]]]},"id":"001a0000000000004a7f","properties":{"FID":414768}},{"type":"Feature","geometry":{"type":"Polygon","coordinates":[[[37.08946034639527,-1.1825045640947063],[37.089540633515014,-1.1825402362996102],[37.0895673958685,-1.1824733311212945],[37.0894871087784,-1.1824376589323853],[37.08946034639527,-1.1825045640947063]]]},"id":"001a0000000000011f2c","properties":{"FID":379952}},{"type":"Feature","geometry":{"type":"Polygon","coordinates":[[[37.10356005186027,-1.181643928321851],[37.103626903863194,-1.1816573110564164],[37.103635822914,-1.1816127185177405],[37.10356897091931,-1.1815993357648413],[37.10356005186027,-1.181643928321851]]]},"id":"001a0000000000007c1c","properties":{"FID":414769}},{"type":"Feature","geometry":{"type":"Polygon","coordinates":[[[37.08580387357325,-1.1824866842780657],[37.085902007214095,-1.1825446951588825],[37.08596445582547,-1.1824376540083152],[37.08587082381135,-1.1823796908142261],[37.08580387357325,-1.1824866842780657]]]},"id":"001a0000000000004905","properties":{"FID":379953}},{"type":"Feature","geometry":{"type":"Polygon","coordinates":[[[37.10663239812371,-1.181577054933881],[37.10670374753687,-1.1816037906880368],[37.10673050354867,-1.1815458512390524],[37.10665915416189,-1.1815146408927146],[37.10663239812371,-1.181577054933881]]]},"id":"001a0000000000005458","properties":{"FID":414770}},{"type":"Feature","geometry":{"type":"Polygon","coordinates":[[[37.0894559269182,-1.1823350866156983],[37.08953621404285,-1.1823841269815631],[37.0896030789911,-1.1822771401495682],[37.08952279194054,-1.1822236242092212],[37.0894559269182,-1.1823350866156983]]]},"id":"001a0000000000015fc9","properties":{"FID":379954}},{"type":"Feature","geometry":{"type":"Polygon","coordinates":[[[37.11164885960975,-1.1814923380165454],[37.11171128602255,-1.1815190932360007],[37.11172020407712,-1.1814923437851612],[37.11165777767202,-1.18146558856909],[37.11164885960975,-1.1814923380165454]]]},"id":"001a0000000000000ef7","properties":{"FID":414771}},{"type":"Feature","geometry":{"type":"Polygon","coordinates":[[[37.08810036237196,-1.1820987547164987],[37.08818065099847,-1.1821477958842277],[37.08822075435657,-1.1820809180402294],[37.088136046216945,-1.1820318869449218],[37.08810036237196,-1.1820987547164987]]]},"id":"001a0000000000011f41","properties":{"FID":379955}},{"type":"Feature","geometry":{"type":"Polygon","coordinates":[[[37.10570484935236,-1.1815057369359099],[37.10576728089275,-1.1815235450872021],[37.10577619967984,-1.1814789539454105],[37.10571376814714,-1.1814655615502925],[37.10570484935236,-1.1815057369359099]]]},"id":"001a0000000000007dc3","properties":{"FID":414772}},{"type":"Feature","geometry":{"type":"Polygon","coordinates":[[[37.08191999915397,-1.1817732448409453],[37.082004796408675,-1.1818178615825936],[37.08202255798326,-1.1817821887421778],[37.08193784259997,-1.1817375707447462],[37.08191999915397,-1.1817732448409453]]]},"id":"001a000000000000714f","properties":{"FID":379956}},{"type":"Feature","geometry":{"type":"Polygon","coordinates":[[[37.11148833430096,-1.1814477437811293],[37.111639941546386,-1.1814967748091245],[37.111653359549564,-1.1814521756965353],[37.111506170463976,-1.18140313462252],[37.11148833430096,-1.1814477437811293]]]},"id":"001a00000000000116cd","properties":{"FID":414773}},{"type":"Feature","geometry":{"type":"Polygon","coordinates":[[[37.08022108653903,-1.1816840484546594],[37.08033707157726,-1.181728651417964],[37.08036825736042,-1.1816528371308856],[37.080252354224626,-1.1816082917968542],[37.08022108653903,-1.1816840484546594]]]},"id":"001a0000000000014c80","properties":{"FID":379957}},{"type":"Feature","geometry":{"type":"Polygon","coordinates":[[[37.11137239913425,-1.1814120501848735],[37.11141248965044,-1.181420962263795],[37.111421407741844,-1.1813763744461472],[37.11138131723058,-1.1813674623575066],[37.11137239913425,-1.1814120501848735]]]},"id":"001a0000000000001b9e","properties":{"FID":414774}},{"type":"Feature","geometry":{"type":"Polygon","coordinates":[[[37.08911259820023,-1.1814522022746592],[37.08920172469121,-1.1815012225057626],[37.089228487169855,-1.181456638470517],[37.08914378020817,-1.1814031327101986],[37.08911259820023,-1.1814522022746592]]]},"id":"001a000000000000ccc0","properties":{"FID":379958}},{"type":"Feature","geometry":{"type":"Polygon","coordinates":[[[37.111238627557185,-1.1814031273586516],[37.11132330867597,-1.1814343631931907],[37.11134114487967,-1.1813853385238764],[37.11125646378176,-1.1813496283779796],[37.111238627557185,-1.1814031273586516]]]},"id":"001a000000000000768c","properties":{"FID":414775}},{"type":"Feature","geometry":{"type":"Polygon","coordinates":[[[37.079427357554515,-1.1813630024279722],[37.07949431368147,-1.1813942346120523],[37.07951215772443,-1.1813540838074168],[37.07944520161395,-1.1813273277538658],[37.079427357554515,-1.1813630024279722]]]},"id":"001a000000000000b6b5","properties":{"FID":379959}},{"type":"Feature","geometry":{"type":"Polygon","coordinates":[[[37.107394900424744,-1.1816127345669782],[37.10744391172615,-1.181639465173355],[37.107591109074576,-1.1813852996869199],[37.10764462043221,-1.181420967932781],[37.107608946198184,-1.181487876873504],[37.107671376096185,-1.1815235238086705],[37.10774714284634,-1.181394229417401],[37.10757327194658,-1.18129614630709],[37.107394900424744,-1.1816127345669782]]]},"id":"001a0000000000019213","properties":{"FID":414776}},{"type":"Feature","geometry":{"type":"Polygon","coordinates":[[[37.08549179297991,-1.181363046956736],[37.085545320667315,-1.1813764058614897],[37.08555416009813,-1.1813273290595054],[37.08550071426389,-1.1813139688673928],[37.08549179297991,-1.181363046956736]]]},"id":"001a0000000000003835","properties":{"FID":379960}},{"type":"Feature","geometry":{"type":"Polygon","coordinates":[[[37.10250325832514,-1.1813496436703608],[37.10254785426033,-1.1813585456786326],[37.10255677344407,-1.1813095370400706],[37.102512177514384,-1.1813005761392086],[37.10250325832514,-1.1813496436703608]]]},"id":"001a00000000000025e5","properties":{"FID":414777}},{"type":"Feature","geometry":{"type":"Polygon","coordinates":[[[37.08010518316799,-1.1813451991702526],[37.08019882262903,-1.1813986902718367],[37.08022108653903,-1.1813541126696554],[37.08012744710675,-1.1813006216022144],[37.08010518316799,-1.1813451991702526]]]},"id":"001a00000000000101b8","properties":{"FID":379961}},{"type":"Feature","geometry":{"type":"Polygon","coordinates":[[[37.10689995806038,-1.1812782669681432],[37.10695338810662,-1.1812961563311357],[37.10697122538739,-1.1812425957931956],[37.106917713531885,-1.1812247665781603],[37.10689995806038,-1.1812782669681432]]]},"id":"001a0000000000009557","properties":{"FID":414778}},{"type":"Feature","geometry":{"type":"Polygon","coordinates":[[[37.0896030789911,-1.181322894118491],[37.08966552441336,-1.1813585497945422],[37.08968778541588,-1.181318453043466],[37.08962534001281,-1.1812827385003437],[37.0896030789911,-1.181322894118491]]]},"id":"001a000000000000a370","properties":{"FID":379962}},{"type":"Feature","geometry":{"type":"Polygon","coordinates":[[[37.1029045389259,-1.1813005825969713],[37.10296697288141,-1.1813184504118366],[37.102993730274434,-1.1812203536986483],[37.10293129634199,-1.181202485864997],[37.1029045389259,-1.1813005825969713]]]},"id":"001a000000000000ebec","properties":{"FID":414779}},{"type":"Feature","geometry":{"type":"Polygon","coordinates":[[[37.0895495543006,-1.1812827416519813],[37.0896030789911,-1.181309526386367],[37.08962534001281,-1.18127384632104],[37.0895673958685,-1.1812425960415396],[37.0895495543006,-1.1812827416519813]]]},"id":"001a00000000000002ca","properties":{"FID":379963}},{"type":"Feature","geometry":{"type":"Polygon","coordinates":[[[37.102480919433525,-1.1812470714392713],[37.10258794966484,-1.181282732120313],[37.10261028852344,-1.181229275151427],[37.1024987578164,-1.1811935668644922],[37.102480919433525,-1.1812470714392713]]]},"id":"001a000000000000e76c","properties":{"FID":414780}},{"type":"Feature","geometry":{"type":"Polygon","coordinates":[[[37.08725311142362,-1.1810865560905732],[37.087293215295,-1.1811088395551912],[37.087319978478455,-1.1810553627374438],[37.08727987462189,-1.1810330203992454],[37.08725311142362,-1.1810865560905732]]]},"id":"001a000000000000bccb","properties":{"FID":379964}},{"type":"Feature","geometry":{"type":"Polygon","coordinates":[[[37.10596349395486,-1.181153449294394],[37.10602150680588,-1.181171267480263],[37.1060348440274,-1.1811222512795356],[37.10597691301057,-1.181108847515332],[37.10596349395486,-1.181153449294394]]]},"id":"001a0000000000006260","properties":{"FID":414781}},{"type":"Feature","geometry":{"type":"Polygon","coordinates":[[[37.08563445154532,-1.1810464026457117],[37.08571916260878,-1.1810910182011327],[37.08574150666989,-1.181050859714404],[37.08566121534129,-1.181006293121116],[37.08563445154532,-1.1810464026457117]]]},"id":"001a0000000000005398","properties":{"FID":379965}},{"type":"Feature","geometry":{"type":"Polygon","coordinates":[[[37.1059902502403,-1.1810553568159976],[37.10604376278151,-1.181077660866308],[37.10605718182234,-1.181041949502412],[37.10600808775843,-1.1810196943313618],[37.1059902502403,-1.1810553568159976]]]},"id":"001a00000000000074db","properties":{"FID":414782}},{"type":"Feature","geometry":{"type":"Polygon","coordinates":[[[37.08555866165971,-1.181001824761282],[37.085630031834945,-1.181028568574493],[37.08564787436778,-1.180984004531824],[37.085576504210096,-1.180952784998993],[37.08555866165971,-1.181001824761282]]]},"id":"001a0000000000005399","properties":{"FID":379966}},{"type":"Feature","geometry":{"type":"Polygon","coordinates":[[[37.105428447993155,-1.181104385995629],[37.10549087977195,-1.1811400927692077],[37.10555772999177,-1.1810330732088463],[37.10549529827063,-1.1809928919039907],[37.105428447993155,-1.181104385995629]]]},"id":"001a00000000000074c9","properties":{"FID":414783}},{"type":"Feature","geometry":{"type":"Polygon","coordinates":[[[37.082441713510086,-1.1808591470240253],[37.08244621526494,-1.1809037180302875],[37.08249082354795,-1.1808992541576429],[37.082481901893544,-1.1808502172354112],[37.082441713510086,-1.1808591470240253]]]},"id":"001a0000000000008379","properties":{"FID":379967}},{"type":"Feature","geometry":{"type":"Polygon","coordinates":[[[37.10702923743071,-1.1809884687084862],[37.10709166782877,-1.1810509039626351],[37.107118423697166,-1.181019695195549],[37.107055993322184,-1.1809572599967666],[37.10702923743071,-1.1809884687084862]]]},"id":"001a000000000000dccd","properties":{"FID":414784}},{"type":"Feature","geometry":{"type":"Polygon","coordinates":[[[37.083855250798074,-1.1808368394802455],[37.08388651691639,-1.1808502511087846],[37.08390435987838,-1.180818995980474],[37.08386867394999,-1.1808011773862601],[37.083855250798074,-1.1808368394802455]]]},"id":"001a00000000000016da","properties":{"FID":379968}},{"type":"Feature","geometry":{"type":"Polygon","coordinates":[[[37.11053851136095,-1.1809795652454704],[37.11062327511735,-1.1810152156087241],[37.11066786604972,-1.180912671343948],[37.11057868415749,-1.1808769721315902],[37.11053851136095,-1.1809795652454704]]]},"id":"001a0000000000011345","properties":{"FID":414785}},{"type":"Feature","geometry":{"type":"Polygon","coordinates":[[[37.0839355441271,-1.1807610317429102],[37.083980151493705,-1.1807833638520768],[37.08401133570982,-1.1807119724076063],[37.08396672836242,-1.1806896992068028],[37.0839355441271,-1.1807610317429102]]]},"id":"001a0000000000009567","properties":{"FID":379969}},{"type":"Feature","geometry":{"type":"Polygon","coordinates":[[[37.1034931997956,-1.1809706380952483],[37.10354671418278,-1.1809884682261536],[37.1035823085927,-1.1808858786418204],[37.10353329467655,-1.1808636214337225],[37.1034931997956,-1.1809706380952483]]]},"id":"001a0000000000007857","properties":{"FID":414786}},{"type":"Feature","geometry":{"type":"Polygon","coordinates":[[[37.08844819726774,-1.1805291659560044],[37.088506142306976,-1.180564833192663],[37.088523984131754,-1.180533639073806],[37.088461537725784,-1.1805023996692583],[37.08844819726774,-1.1805291659560044]]]},"id":"001a000000000000b7cf","properties":{"FID":379970}},{"type":"Feature","geometry":{"type":"Polygon","coordinates":[[[37.10146870674629,-1.180952791780999],[37.10158023904007,-1.1809929166207724],[37.10161141568135,-1.1809037588768778],[37.101495464693045,-1.180863585136884],[37.10146870674629,-1.180952791780999]]]},"id":"001a0000000000008ad7","properties":{"FID":414787}},{"type":"Feature","geometry":{"type":"Polygon","coordinates":[[[37.08228570706911,-1.1805514454095074],[37.082379343714045,-1.1805603527384851],[37.08238826538107,-1.180489012558551],[37.08229462874766,-1.1804801051649978],[37.08228570706911,-1.1805514454095074]]]},"id":"001a0000000000002f9b","properties":{"FID":379971}},{"type":"Feature","geometry":{"type":"Polygon","coordinates":[[[37.11086848399638,-1.1809527559192292],[37.111006756237764,-1.1809973446470936],[37.11104684695657,-1.1808680843942965],[37.11097108366114,-1.1808457755955448],[37.11094874738287,-1.180921597613239],[37.110886320312176,-1.1808992575093815],[37.11086848399638,-1.1809527559192292]]]},"id":"001a0000000000013012","properties":{"FID":414788}},{"type":"Feature","geometry":{"type":"Polygon","coordinates":[[[37.08052876980114,-1.1805024123138297],[37.08057337926389,-1.1805246865546546],[37.0805912230413,-1.1804890134690516],[37.08054219356897,-1.1804667491476033],[37.08052876980114,-1.1805024123138297]]]},"id":"001a0000000000001b45","properties":{"FID":379972}},{"type":"Feature","geometry":{"type":"Polygon","coordinates":[[[37.105896644109784,-1.180885899342467],[37.106021506805874,-1.1809527788609098],[37.106052681534536,-1.1808948302696922],[37.10592781889222,-1.1808279508031587],[37.105896644109784,-1.180885899342467]]]},"id":"001a000000000000ce48","properties":{"FID":414789}},{"type":"Feature","geometry":{"type":"Polygon","coordinates":[[[37.085077074832945,-1.180261647446662],[37.08514844548237,-1.1803062352679659],[37.085188550518296,-1.1802482519221986],[37.085112760166446,-1.1801991984081572],[37.085077074832945,-1.180261647446662]]]},"id":"001a00000000000125dd","properties":{"FID":379973}},{"type":"Feature","geometry":{"type":"Polygon","coordinates":[[[37.110431492885766,-1.18085913235623],[37.1104984203605,-1.1808814613320562],[37.11051175675699,-1.180845753477645],[37.11044491111305,-1.1808234820962153],[37.110431492885766,-1.18085913235623]]]},"id":"001a000000000000622f","properties":{"FID":414790}},{"type":"Feature","geometry":{"type":"Polygon","coordinates":[[[37.08324883276291,-1.1802972907863594],[37.08335589141076,-1.1803641741938729],[37.08341826036667,-1.1802660911174971],[37.08339599743844,-1.1802527159354737],[37.083422762060884,-1.1802081307742698],[37.08333804831376,-1.1801546214355731],[37.08324883276291,-1.1802972907863594]]]},"id":"001a00000000000162bc","properties":{"FID":379974}},{"type":"Feature","geometry":{"type":"Polygon","coordinates":[[[37.10136167486042,-1.1807699328008376],[37.101424110146404,-1.1807922759560037],[37.10143753004357,-1.1807521469657074],[37.10137509476915,-1.1807298038096121],[37.10136167486042,-1.1807699328008376]]]},"id":"001a000000000000c2e6","properties":{"FID":414791}},{"type":"Feature","geometry":{"type":"Polygon","coordinates":[[[37.08230355042511,-1.1800698989756275],[37.08237484195504,-1.1800876938240663],[37.08238826538107,-1.1800431393200455],[37.08231689201411,-1.180020811057372],[37.08230355042511,-1.1800698989756275]]]},"id":"001a0000000000003d46","properties":{"FID":379975}},{"type":"Feature","geometry":{"type":"Polygon","coordinates":[[[37.11168903178983,-1.1806049863244903],[37.111729122130605,-1.180604950185914],[37.111733622065415,-1.180555899530096],[37.11168903178983,-1.1805514727247761],[37.11168903178983,-1.1806049863244903]]]},"id":"001a00000000000072d8","properties":{"FID":414792}},{"type":"Feature","geometry":{"type":"Polygon","coordinates":[[[37.08274938734866,-1.180056482608179],[37.082771732325185,-1.1800877007776078],[37.0828341836333,-1.1800386733447692],[37.08280741879356,-1.1800074651222359],[37.08274938734866,-1.180056482608179]]]},"id":"001a000000000000773e","properties":{"FID":379976}},{"type":"Feature","geometry":{"type":"Polygon","coordinates":[[[37.11156409705479,-1.1805915682258716],[37.111639941546386,-1.180627239340173],[37.11168011373142,-1.1805335972530124],[37.111604269281926,-1.1804979261676214],[37.11156409705479,-1.1805915682258716]]]},"id":"001a000000000001202f","properties":{"FID":414793}},{"type":"Feature","geometry":{"type":"Polygon","coordinates":[[[37.09047256322669,-1.2095936087869412],[37.09047706448277,-1.209651531551124],[37.09052166782332,-1.2096515270698078],[37.09051716657002,-1.2095936043385815],[37.09047256322669,-1.2095936087869412]]]},"id":"001a0000000000008376","properties":{"FID":416329}},{"type":"Feature","geometry":{"type":"Polygon","coordinates":[[[37.08342718190584,-1.180025263658557],[37.083471789585246,-1.1800431201330217],[37.08353866012847,-1.179895971203515],[37.083489632649325,-1.1798781246245598],[37.08342718190584,-1.180025263658557]]]},"id":"001a0000000000013ee5","properties":{"FID":379977}},{"type":"Feature","geometry":{"type":"Polygon","coordinates":[[[37.108090465052754,-1.1805336098603791],[37.10812172071134,-1.1805559068328557],[37.10816181302852,-1.1805024137452187],[37.108135057545844,-1.1804801055494747],[37.108090465052754,-1.1805336098603791]]]},"id":"001a000000000000885c","properties":{"FID":414794}},{"type":"Feature","geometry":{"type":"Polygon","coordinates":[[[37.09049040456732,-1.209473209641142],[37.09049932523598,-1.2095222210681542],[37.09053500789966,-1.20951334157473],[37.09052608723539,-1.2094642712447605],[37.09049040456732,-1.209473209641142]]]},"id":"001a0000000000003dd7","properties":{"FID":416330}},{"type":"Feature","geometry":{"type":"Polygon","coordinates":[[[37.07930703281891,-1.1798781268345295],[37.079324876907954,-1.179922726370183],[37.079396171366696,-1.1799004153274117],[37.07938282924025,-1.1798558636044543],[37.07930703281891,-1.1798781268345295]]]},"id":"001a0000000000009c51","properties":{"FID":379978}},{"type":"Feature","geometry":{"type":"Polygon","coordinates":[[[37.10819306865629,-1.180471194834548],[37.10830900891683,-1.1805247290676408],[37.10834018266021,-1.1804667241593363],[37.108268834860276,-1.1804310401778197],[37.10825991638035,-1.1804578486948685],[37.10821090563154,-1.1804310597176504],[37.10819306865629,-1.180471194834548]]]},"id":"001a000000000000c0e0","properties":{"FID":414795}},{"type":"Feature","geometry":{"type":"Polygon","coordinates":[[[37.09410678634826,-1.2085992174005038],[37.09414246723526,-1.2086304133927204],[37.09416914605211,-1.2085992249263315],[37.094133547015154,-1.2085679687220938],[37.09410678634826,-1.2085992174005038]]]},"id":"001a0000000000001b23","properties":{"FID":416331}},{"type":"Feature","geometry":{"type":"Polygon","coordinates":[[[37.082883211555725,-1.1798959821915345],[37.08296792583434,-1.1799182793728649],[37.08298126730108,-1.17986477527852],[37.082896553038054,-1.1798469538055394],[37.082883211555725,-1.1798959821915345]]]},"id":"001a000000000000ad5a","properties":{"FID":379979}},{"type":"Feature","geometry":{"type":"Polygon","coordinates":[[[37.10887528891753,-1.180497948454223],[37.109009064863635,-1.1805692781752828],[37.10906257517283,-1.18046671223001],[37.10892879932563,-1.180399856922049],[37.10887528891753,-1.180497948454223]]]},"id":"001a0000000000016770","properties":{"FID":414796}},{"type":"Feature","geometry":{"type":"Polygon","coordinates":[[[37.09422266732994,-1.2085145099774737],[37.09431637038931,-1.2085189681750759],[37.094320789569906,-1.2084431691798312],[37.09422716835302,-1.2084387095977234],[37.09422266732994,-1.2085145099774737]]]},"id":"001a0000000000004a2e","properties":{"FID":416332}},{"type":"Feature","geometry":{"type":"Polygon","coordinates":[[[37.0869766396412,-1.1796507326324042],[37.087048008420176,-1.179677476059244],[37.08706134913598,-1.1796373426295677],[37.08699448184253,-1.179610588052965],[37.0869766396412,-1.1796507326324042]]]},"id":"001a00000000000041ff","properties":{"FID":379980}},{"type":"Feature","geometry":{"type":"Polygon","coordinates":[[[37.10821982411752,-1.1803954202384142],[37.10836251974366,-1.1804622549773185],[37.108384774999436,-1.1804176945077351],[37.10823766108617,-1.1803508108916878],[37.10821982411752,-1.1803954202384142]]]},"id":"001a00000000000150e0","properties":{"FID":414797}},{"type":"Feature","geometry":{"type":"Polygon","coordinates":[[[37.07910190733313,-1.1796685346994376],[37.07920889025066,-1.1797577434765036],[37.0792802666771,-1.1796685871651635],[37.0791732020111,-1.1795793798617442],[37.07910190733313,-1.1796685346994376]]]},"id":"001a000000000000ef6e","properties":{"FID":379981}},{"type":"Feature","geometry":{"type":"Polygon","coordinates":[[[37.10525448969899,-1.180382040379787],[37.1052946654287,-1.1804087914887835],[37.1053303408034,-1.1803508322922556],[37.10529016509349,-1.1803284968527397],[37.10525448969899,-1.180382040379787]]]},"id":"001a0000000000003b57","properties":{"FID":414798}},{"type":"Feature","geometry":{"type":"Polygon","coordinates":[[[37.10310967886325,-1.2188462150554586],[37.10316319353392,-1.2189488014985999],[37.10326130366074,-1.2188997141217457],[37.103212207700636,-1.2187971747402315],[37.10310967886325,-1.2188462150554586]]]},"id":"001a00000000000318f0","properties":{"FID":416334}},{"type":"Feature","geometry":{"type":"Polygon","coordinates":[[[37.0868384033545,-1.1795749160906828],[37.08688751041371,-1.17959276057428],[37.08690527079193,-1.1795347743622517],[37.08686074707056,-1.179516976347382],[37.0868384033545,-1.1795749160906828]]]},"id":"001a0000000000008f0f","properties":{"FID":379982}},{"type":"Feature","geometry":{"type":"Polygon","coordinates":[[[37.10352887605811,-1.180373126864625],[37.103600146704196,-1.1803953905854951],[37.1036179848113,-1.180341888311156],[37.10354671418278,-1.1803195657064605],[37.10352887605811,-1.180373126864625]]]},"id":"001a0000000000009a07","properties":{"FID":414799}},{"type":"Feature","geometry":{"type":"Polygon","coordinates":[[[37.104282410256765,-1.214966782869425],[37.10430916716359,-1.2150515172760528],[37.10435376198634,-1.215038130760681],[37.10432258652599,-1.2149534083465605],[37.104282410256765,-1.214966782869425]]]},"id":"001a0000000000023d43","properties":{"FID":416335}},{"type":"Feature","geometry":{"type":"Polygon","coordinates":[[[37.08746271528994,-1.1793474973993234],[37.08752066111714,-1.17939211553533],[37.08756968586978,-1.1793207476449084],[37.087507320485884,-1.179280614827847],[37.08746271528994,-1.1793474973993234]]]},"id":"001a000000000000fbe8","properties":{"FID":379983}},{"type":"Feature","geometry":{"type":"Polygon","coordinates":[[[37.108982309694184,-1.180364170600554],[37.109120585539785,-1.1804221248514235],[37.10913842228642,-1.1803731005356475],[37.10900464657945,-1.1803151350554935],[37.108982309694184,-1.180364170600554]]]},"id":"001a000000000000b37a","properties":{"FID":414800}},{"type":"Feature","geometry":{"type":"Polygon","coordinates":[[[37.10438051886679,-1.214882109307088],[37.104398356781594,-1.2149088161570512],[37.10445637088699,-1.2148776516000832],[37.10443853298648,-1.2148508858517613],[37.10438051886679,-1.214882109307088]]]},"id":"001a0000000000023217","properties":{"FID":416336}},{"type":"Feature","geometry":{"type":"Polygon","coordinates":[[[37.081367095703456,-1.1792583355983222],[37.081384939285535,-1.179320777337153],[37.081429548221536,-1.1793073630611077],[37.08141170465043,-1.17924492138001],[37.081367095703456,-1.1792583355983222]]]},"id":"001a000000000000231d","properties":{"FID":379984}},{"type":"Feature","geometry":{"type":"Polygon","coordinates":[[[37.105905562880935,-1.1803864979367527],[37.10594565642574,-1.1804043011080296],[37.1059902502403,-1.180306227535492],[37.1059501567202,-1.1802883655025722],[37.105905562880935,-1.1803864979367527]]]},"id":"001a000000000000ce96","properties":{"FID":414801}},{"type":"Feature","geometry":{"type":"Polygon","coordinates":[[[37.104928991824316,-1.2146368059355788],[37.10496024884815,-1.2147706191409013],[37.105062775064596,-1.2147482889418917],[37.105044937313515,-1.2146769682007914],[37.10497800479548,-1.214690358774326],[37.10496466737923,-1.2146323442756481],[37.104928991824316,-1.2146368059355788]]]},"id":"001a000000000002f5cd","properties":{"FID":416337}},{"type":"Feature","geometry":{"type":"Polygon","coordinates":[[[37.08508599616796,-1.1792984316594952],[37.085130602826595,-1.1793252388012396],[37.0851796291959,-1.1792449179553681],[37.085130602826595,-1.179213704073656],[37.08508599616796,-1.1792984316594952]]]},"id":"001a0000000000007b4b","properties":{"FID":379985}},{"type":"Feature","geometry":{"type":"Polygon","coordinates":[[[37.10827775333912,-1.1802438028780593],[37.108380356677145,-1.1802883606482057],[37.108416030530925,-1.1802036757393324],[37.10831792739071,-1.1801590478890098],[37.10827775333912,-1.1802438028780593]]]},"id":"001a0000000000004fc1","properties":{"FID":414802}},{"type":"Feature","geometry":{"type":"Polygon","coordinates":[[[37.11002575397236,-1.214507536927423],[37.11005692697621,-1.2146412832891251],[37.110092600003505,-1.2146324019399728],[37.11006142701502,-1.214498596739861],[37.11002575397236,-1.214507536927423]]]},"id":"001a000000000002bc6b","properties":{"FID":416338}},{"type":"Feature","geometry":{"type":"Polygon","coordinates":[[[37.084640091767035,-1.179298477095077],[37.08474264674823,-1.1793519430720911],[37.08479167337993,-1.1792538373743184],[37.08468911846809,-1.1792003714615011],[37.084640091767035,-1.179298477095077]]]},"id":"001a000000000000ae41","properties":{"FID":379986}},{"type":"Feature","geometry":{"type":"Polygon","coordinates":[[[37.108460622823415,-1.1802304156902388],[37.10849179650149,-1.1802482394226705],[37.108549807325986,-1.1801546113969013],[37.108514133538144,-1.180136740049336],[37.108460622823415,-1.1802304156902388]]]},"id":"001a000000000000ec91","properties":{"FID":414803}},{"type":"Feature","geometry":{"type":"Polygon","coordinates":[[[37.109695777493975,-1.2122779739093663],[37.10970019573596,-1.2123805556421796],[37.10978046041834,-1.2123805085670447],[37.10977604218126,-1.2122735073565658],[37.109695777493975,-1.2122779739093663]]]},"id":"001a0000000000013307","properties":{"FID":416339}},{"type":"Feature","geometry":{"type":"Polygon","coordinates":[[[37.08144288997136,-1.1791780661360716],[37.0814830789085,-1.1792806184243623],[37.08154102951589,-1.1792627565587193],[37.08150534242415,-1.179155776458144],[37.08144288997136,-1.1791780661360716]]]},"id":"001a000000000000f349","properties":{"FID":379987}},{"type":"Feature","geometry":{"type":"Polygon","coordinates":[[[37.10835360127526,-1.180141242483889],[37.10839819360623,-1.1801635081264614],[37.10842936731119,-1.18008772457073],[37.10838035667714,-1.180069884329057],[37.10835360127526,-1.180141242483889]]]},"id":"001a0000000000002aff","properties":{"FID":414804}},{"type":"Feature","geometry":{"type":"Polygon","coordinates":[[[37.10993207124216,-1.2122868620070357],[37.10993657128875,-1.212313661020574],[37.10999899917881,-1.212295808658056],[37.10999449913611,-1.2122690686067243],[37.10993207124216,-1.2122868620070357]]]},"id":"001a00000000000093dd","properties":{"FID":416340}},{"type":"Feature","geometry":{"type":"Polygon","coordinates":[[[37.08748055737161,-1.1791780384226287],[37.08753400174593,-1.1792003495746668],[37.087547424216595,-1.1791691665089041],[37.08749839944889,-1.1791468455087084],[37.08748055737161,-1.1791780384226287]]]},"id":"001a0000000000009311","properties":{"FID":379988}},{"type":"Feature","geometry":{"type":"Polygon","coordinates":[[[37.10269948023448,-1.1800520383585777],[37.10275741387416,-1.180078808143915],[37.102779670853344,-1.1800341863042252],[37.1027173185635,-1.1800074264652631],[37.10269948023448,-1.1800520383585777]]]},"id":"001a0000000000008e0e","properties":{"FID":414805}},{"type":"Feature","geometry":{"type":"Polygon","coordinates":[[[37.08506815349682,-1.1791958899286865],[37.08511717990836,-1.1792182116860868],[37.08520189157635,-1.1790264499490564],[37.085152865222106,-1.1790041282257697],[37.08506815349682,-1.1791958899286865]]]},"id":"001a0000000000016755","properties":{"FID":379989}},{"type":"Feature","geometry":{"type":"Polygon","coordinates":[[[37.10138401409737,-1.1799985154207215],[37.10144194878965,-1.1800208109987882],[37.10145086810963,-1.1799940594644671],[37.10139293342448,-1.1799717638872427],[37.10138401409737,-1.1799985154207215]]]},"id":"001a000000000000afa6","properties":{"FID":414806}},{"type":"Feature","geometry":{"type":"Polygon","coordinates":[[[37.087484976969144,-1.1790442975298705],[37.087525162556574,-1.1790576875080545],[37.087547424216595,-1.1789907998774372],[37.087507320485884,-1.1789774086232467],[37.087484976969144,-1.1790442975298705]]]},"id":"001a000000000000a3ab","properties":{"FID":379990}},{"type":"Feature","geometry":{"type":"Polygon","coordinates":[[[37.108589899406,-1.1799896154205258],[37.10863449159137,-1.1800163552591596],[37.10868358387375,-1.179922749379339],[37.10863899171863,-1.1798959507080362],[37.108589899406,-1.1799896154205258]]]},"id":"001a000000000000c628","properties":{"FID":414807}},{"type":"Feature","geometry":{"type":"Polygon","coordinates":[[[37.08851948275436,-1.1789907578438932],[37.08858634864076,-1.179026462464754],[37.088617612718245,-1.1789729205269117],[37.0885507468607,-1.178932799534944],[37.08851948275436,-1.1789907578438932]]]},"id":"001a0000000000001415","properties":{"FID":379991}},{"type":"Feature","geometry":{"type":"Polygon","coordinates":[[[37.10638267462379,-1.1799807222478838],[37.10641834946225,-1.1800030096437233],[37.10648519882549,-1.1798915215117913],[37.106445105579546,-1.1798692440957206],[37.10638267462379,-1.1799807222478838]]]},"id":"001a000000000000f95d","properties":{"FID":414808}},{"type":"Feature","geometry":{"type":"Polygon","coordinates":[[[37.08831438333483,-1.1789417159870375],[37.088394671724224,-1.1789863392160695],[37.08842143450092,-1.1789417000415812],[37.08834114614118,-1.1788971357279934],[37.08831438333483,-1.1789417159870375]]]},"id":"001a000000000000f3ff","properties":{"FID":379992}},{"type":"Feature","geometry":{"type":"Polygon","coordinates":[[[37.10401042205547,-1.179918286548192],[37.104126369015944,-1.1799717649567636],[37.1041575445608,-1.179904868032719],[37.10404159765026,-1.179851389655096],[37.10401042205547,-1.179918286548192]]]},"id":"001a00000000000122da","properties":{"FID":414809}},{"type":"Feature","geometry":{"type":"Polygon","coordinates":[[[37.07909740537064,-1.1788257879904098],[37.079177703968895,-1.1788659410125046],[37.07922673436387,-1.1787723060343962],[37.0791464358199,-1.1787321530557449],[37.07909740537064,-1.1788257879904098]]]},"id":"001a000000000000e2dc","properties":{"FID":379993}},{"type":"Feature","geometry":{"type":"Polygon","coordinates":[[[37.101294820765794,-1.1799271905659214],[37.10138843284672,-1.1799494605255787],[37.10141519082313,-1.1798513663272567],[37.1013215787768,-1.1798246216499597],[37.101294820765794,-1.1799271905659214]]]},"id":"001a0000000000010f35","properties":{"FID":414810}},{"type":"Feature","geometry":{"type":"Polygon","coordinates":[[[37.08539816035521,-1.1787767177509958],[37.08544268497504,-1.1787900996061684],[37.08546502912139,-1.178732160427415],[37.08541600294513,-1.1787143142297078],[37.08539816035521,-1.1787767177509958]]]},"id":"001a000000000000469f","properties":{"FID":379994}},{"type":"Feature","geometry":{"type":"Polygon","coordinates":[[[37.10441619469202,-1.1798692242776607],[37.10446520801039,-1.1798915400486738],[37.10449196484965,-1.17982906914733],[37.104442951549395,-1.179806812262074],[37.10441619469202,-1.1798692242776607]]]},"id":"001a00000000000046ad","properties":{"FID":414811}},{"type":"Feature","geometry":{"type":"Polygon","coordinates":[[[37.08913927886927,-1.1787678383659763],[37.089183883033286,-1.1787901097918732],[37.089228487169855,-1.178714338521126],[37.089183883033286,-1.1786920082317747],[37.08913927886927,-1.1787678383659763]]]},"id":"001a0000000000008908","properties":{"FID":379995}},{"type":"Feature","geometry":{"type":"Polygon","coordinates":[[[37.10274849471514,-1.1799137983922412],[37.1028064283156,-1.1799584077007843],[37.10287336284146,-1.1798647529724782],[37.102793090499254,-1.1798067734393503],[37.10275741387416,-1.1798558429538712],[37.102779670853344,-1.1798736891577375],[37.10274849471514,-1.1799137983922412]]]},"id":"001a00000000000041b3","properties":{"FID":414812}},{"type":"Feature","geometry":{"type":"Polygon","coordinates":[[[37.08959415821208,-1.1787945649642966],[37.08966552441336,-1.1788257826991682],[37.089714547715026,-1.1787053678214725],[37.08964318156204,-1.1786786252969919],[37.08959415821208,-1.1787945649642966]]]},"id":"001a0000000000010690","properties":{"FID":379996}},{"type":"Feature","geometry":{"type":"Polygon","coordinates":[[[37.10538385383248,-1.1798647529473312],[37.105432866495654,-1.1798959584414581],[37.10547304212636,-1.1798290992509761],[37.10541952916322,-1.1797978461240266],[37.10538385383248,-1.1798647529473312]]]},"id":"001a000000000000bf88","properties":{"FID":414813}},{"type":"Feature","geometry":{"type":"Polygon","coordinates":[[[37.085438265252975,-1.1786697438411915],[37.08546944884183,-1.1787232586290977],[37.085531897825874,-1.17869201977142],[37.08550513398215,-1.1786384952458788],[37.085438265252975,-1.1786697438411915]]]},"id":"001a000000000000e267","properties":{"FID":379997}},{"type":"Feature","geometry":{"type":"Polygon","coordinates":[[[37.10854530719317,-1.17981128019286],[37.10862557315649,-1.179873670624239],[37.108674665444916,-1.179806792986459],[37.108594399536045,-1.179748818030242],[37.10854530719317,-1.17981128019286]]]},"id":"001a000000000000d9f3","properties":{"FID":414814}},{"type":"Feature","geometry":{"type":"Polygon","coordinates":[[[37.08427889736977,-1.1787143252298684],[37.0843190028868,-1.1787410847379107],[37.084377033075214,-1.178651909474674],[37.08433684574236,-1.1786251512854538],[37.08427889736977,-1.1787143252298684]]]},"id":"001a000000000000a6d3","properties":{"FID":379998}},{"type":"Feature","geometry":{"type":"Polygon","coordinates":[[[37.10799236147122,-1.1797933990422431],[37.108099383553565,-1.1798469544969916],[37.108148476198934,-1.1797577639761625],[37.10803695402476,-1.1797042197830336],[37.10799236147122,-1.1797933990422431]]]},"id":"001a000000000000e4cf","properties":{"FID":414815}},{"type":"Feature","geometry":{"type":"Polygon","coordinates":[[[37.08633898267236,-1.1786474384877401],[37.08640143090723,-1.1786697278160678],[37.08641477174204,-1.178634070799782],[37.08635240536434,-1.1786117801986973],[37.08633898267236,-1.1786474384877401]]]},"id":"001a0000000000000ca2","properties":{"FID":379999}},{"type":"Feature","geometry":{"type":"Polygon","coordinates":[[[37.10502259920618,-1.17973096384405],[37.10511178794518,-1.1797755559648488],[37.10513412602498,-1.1797354679674383],[37.105044937313515,-1.179686401423796],[37.10502259920618,-1.17973096384405]]]},"id":"001a0000000000009d3e","properties":{"FID":414816}},{"type":"Feature","geometry":{"type":"Polygon","coordinates":[[[37.08831438333484,-1.1786875671613442],[37.08835448661895,-1.1787098499350521],[37.08839909126602,-1.1786296028602734],[37.08835898800659,-1.1786073201124594],[37.08831438333484,-1.1786875671613442]]]},"id":"001a000000000000e5c8","properties":{"FID":380000}},{"type":"Feature","geometry":{"type":"Polygon","coordinates":[[[37.10643618687487,-1.17973544594984],[37.1064896990864,-1.1797755884997179],[37.10653429256579,-1.179713136048333],[37.10648519882548,-1.1796730425026163],[37.10643618687487,-1.17973544594984]]]},"id":"001a0000000000009ab6","properties":{"FID":414817}},{"type":"Feature","geometry":{"type":"Polygon","coordinates":[[[37.08901446890662,-1.1787143097235584],[37.08905015230149,-1.1787366021197978],[37.0891080968594,-1.178647433360234],[37.08915712053817,-1.178678645383238],[37.08917496220268,-1.1786518700202484],[37.089085835678794,-1.1785939002810004],[37.08901446890662,-1.1787143097235584]]]},"id":"001a0000000000016592","properties":{"FID":380001}},{"type":"Feature","geometry":{"type":"Polygon","coordinates":[[[37.10257903048495,-1.179695297791374],[37.10264596522104,-1.1797443592723031],[37.10268164190106,-1.1796952899037798],[37.10261028852344,-1.1796462383910467],[37.10257903048495,-1.179695297791374]]]},"id":"001a0000000000001524","properties":{"FID":414818}},{"type":"Feature","geometry":{"type":"Polygon","coordinates":[[[37.0832755974397,-1.1785761044648098],[37.08331128366003,-1.1786028152196606],[37.08335138971239,-1.1785404177286887],[37.083315703511786,-1.178518123646317],[37.0832755974397,-1.1785761044648098]]]},"id":"001a0000000000009452","properties":{"FID":380002}},{"type":"Feature","geometry":{"type":"Polygon","coordinates":[[[37.102668222234485,-1.1797934098634888],[37.102712818068056,-1.1798201518175173],[37.10281092880521,-1.1796596588981212],[37.102766333032086,-1.1796329170165138],[37.102668222234485,-1.1797934098634888]]]},"id":"001a0000000000015526","properties":{"FID":414819}},{"type":"Feature","geometry":{"type":"Polygon","coordinates":[[[37.0882475171975,-1.1785850280306058],[37.088309963787886,-1.1786117331293406],[37.088336644752424,-1.1785404209927182],[37.08827428002854,-1.1785136557469411],[37.0882475171975,-1.1785850280306058]]]},"id":"001a0000000000009484","properties":{"FID":380003}},{"type":"Feature","geometry":{"type":"Polygon","coordinates":[[[37.07752333844094,-1.2180926105606416],[37.07756352955045,-1.2181282857213933],[37.07760805898183,-1.2180792805999312],[37.07756794975258,-1.2180436041725966],[37.07752333844094,-1.2180926105606416]]]},"id":"001a000000000002b91a","properties":{"FID":381027}},{"type":"Feature","geometry":{"type":"Polygon","coordinates":[[[37.107956687408596,-1.1796239907875736],[37.10801911700664,-1.179664111328294],[37.1080414541892,-1.1796284403368154],[37.107979024610415,-1.179588319822515],[37.107956687408596,-1.1796239907875736]]]},"id":"001a0000000000000b61","properties":{"FID":414820}},{"type":"Feature","geometry":{"type":"Polygon","coordinates":[[[37.088845054383874,-1.1785225659773548],[37.08888957688619,-1.178540422415537],[37.08891191996987,-1.178482427352026],[37.088871735151415,-1.1784690375756905],[37.088845054383874,-1.1785225659773548]]]},"id":"001a0000000000000b0c","properties":{"FID":380004}},{"type":"Feature","geometry":{"type":"Polygon","coordinates":[[[37.06947910209239,-1.2180123983076374],[37.069532641599714,-1.2180212684474432],[37.06954156484709,-1.2179767223422886],[37.06948802534635,-1.2179677932172932],[37.06947910209239,-1.2180123983076374]]]},"id":"001a000000000001ce64","properties":{"FID":381028}},{"type":"Feature","geometry":{"type":"Polygon","coordinates":[[[37.10489331625181,-1.1796552037941594],[37.10499584256306,-1.1797131294104042],[37.10503601843632,-1.179641795876051],[37.10493791071469,-1.1795838604049917],[37.10489331625181,-1.1796552037941594]]]},"id":"001a000000000000e2b0","properties":{"FID":414821}},{"type":"Feature","geometry":{"type":"Polygon","coordinates":[[[37.08660211608933,-1.1785047298927886],[37.086664482252154,-1.1785448628917934],[37.086713589429216,-1.1784734953024856],[37.08665114146331,-1.1784333636309796],[37.08660211608933,-1.1785047298927886]]]},"id":"001a0000000000011c93","properties":{"FID":380005}},{"type":"Feature","geometry":{"type":"Polygon","coordinates":[[[37.07399175446152,-1.2146100895823069],[37.07404529063883,-1.2147170678058765],[37.07412109255932,-1.2146769411503262],[37.07406755643795,-1.2145743850222799],[37.07399175446152,-1.2146100895823069]]]},"id":"001a0000000000033bc5","properties":{"FID":381029}},{"type":"Feature","geometry":{"type":"Polygon","coordinates":[[[37.104429614034565,-1.1796061392651347],[37.10447862734386,-1.1796418195550655],[37.10453655955978,-1.1795704448169577],[37.10448754628972,-1.1795303490053044],[37.104429614034565,-1.1796061392651347]]]},"id":"001a00000000000029ea","properties":{"FID":414822}},{"type":"Feature","geometry":{"type":"Polygon","coordinates":[[[37.08951387115165,-1.1784423325704507],[37.089571815338765,-1.1784601568453155],[37.08958523743199,-1.17842002507362],[37.08952729325561,-1.178402200793927],[37.08951387115165,-1.1784423325704507]]]},"id":"001a0000000000006a47","properties":{"FID":380006}},{"type":"Feature","geometry":{"type":"Polygon","coordinates":[[[37.07864704400046,-1.2123448435523017],[37.07867823051045,-1.2123582575009004],[37.07870499687447,-1.2123091949231006],[37.07866930838692,-1.212291372659689],[37.07864704400046,-1.2123448435523017]]]},"id":"001a0000000000000d1f","properties":{"FID":381030}},{"type":"Feature","geometry":{"type":"Polygon","coordinates":[[[37.101540061248976,-1.1795481489095845],[37.101615916245244,-1.1795838248917379],[37.10165159343284,-1.1795080252688104],[37.10157573847395,-1.1794723493116417],[37.101540061248976,-1.1795481489095845]]]},"id":"001a000000000001255f","properties":{"FID":414823}},{"type":"Feature","geometry":{"type":"Polygon","coordinates":[[[37.08453303501574,-1.1784333668738147],[37.08459998642766,-1.1784557046130761],[37.084613327594035,-1.1784155716179658],[37.0845508778186,-1.1783888062499328],[37.08453303501574,-1.1784333668738147]]]},"id":"001a0000000000000266","properties":{"FID":380007}},{"type":"Feature","geometry":{"type":"Polygon","coordinates":[[[37.07187810806125,-1.2121575518652237],[37.071904876934745,-1.2122066471391861],[37.07194498929552,-1.2121887910060682],[37.07191830229878,-1.212135272778072],[37.07187810806125,-1.2121575518652237]]]},"id":"001a000000000000b23b","properties":{"FID":381031}},{"type":"Feature","geometry":{"type":"Polygon","coordinates":[[[37.1012769820863,-1.179499137187111],[37.10133941744531,-1.179512472392351],[37.10134833677792,-1.1794723562819707],[37.10128590142659,-1.1794589621859133],[37.1012769820863,-1.179499137187111]]]},"id":"001a000000000000133e","properties":{"FID":414824}},{"type":"Feature","geometry":{"type":"Polygon","coordinates":[[[37.082397187047,-1.1783308223206532],[37.08242837194405,-1.178344235491283],[37.08244621526494,-1.1783040904910673],[37.08241503037556,-1.1782906773238866],[37.082397187047,-1.1783308223206532]]]},"id":"001a0000000000000a01","properties":{"FID":380008}},{"type":"Feature","geometry":{"type":"Polygon","coordinates":[[[37.072801178254146,-1.2116759974867797],[37.07281902394384,-1.2117517636988537],[37.07286805863746,-1.211742903634268],[37.072850212959814,-1.2116625980018785],[37.072801178254146,-1.2116759974867797]]]},"id":"001a0000000000004922","properties":{"FID":381032}},{"type":"Feature","geometry":{"type":"Polygon","coordinates":[[[37.10871475745578,-1.1792538386378386],[37.10879952334845,-1.1792940229929576],[37.10876826798258,-1.1793564416708298],[37.10883519699561,-1.179387660966719],[37.108888707433366,-1.179276150869085],[37.10873709442362,-1.17920480486512],[37.10871475745578,-1.1792538386378386]]]},"id":"001a0000000000015138","properties":{"FID":414825}},{"type":"Feature","geometry":{"type":"Polygon","coordinates":[[[37.08554974038285,-1.178321933277951],[37.08560326802747,-1.178330817662063],[37.085607687739476,-1.1782773390068944],[37.08555866165971,-1.178272860010009],[37.08554974038285,-1.178321933277951]]]},"id":"001a0000000000000c58","properties":{"FID":380009}},{"type":"Feature","geometry":{"type":"Polygon","coordinates":[[[37.10123238536831,-1.1792226405584691],[37.10137509476915,-1.1793430590768295],[37.10141077207542,-1.1793029389063352],[37.1012680627449,-1.1791825205163544],[37.10123238536831,-1.1792226405584691]]]},"id":"001a000000000000e2c0","properties":{"FID":414826}},{"type":"Feature","geometry":{"type":"Polygon","coordinates":[[[37.08244621526494,-1.1782460851019947],[37.082539851702585,-1.1782817888690869],[37.08255769499603,-1.178241644013465],[37.082464058581444,-1.1782015236066217],[37.08244621526494,-1.1782460851019947]]]},"id":"001a000000000000f7b2","properties":{"FID":380010}},{"type":"Feature","geometry":{"type":"Polygon","coordinates":[[[37.08195126610691,-1.218168416800831],[37.081995874694464,-1.218199655929031],[37.08201813805267,-1.21816846277169],[37.081973529478816,-1.2181372236641097],[37.08195126610691,-1.218168416800831]]]},"id":"001a000000000002498a","properties":{"FID":381034}},{"type":"Feature","geometry":{"type":"Polygon","coordinates":[[[37.10863899171863,-1.1792984647304112],[37.108696920604714,-1.1793118096977897],[37.108732594302445,-1.1791780887753787],[37.10867016531988,-1.179164696074077],[37.10863899171863,-1.1792984647304112]]]},"id":"001a00000000000049de","properties":{"FID":414827}},{"type":"Feature","geometry":{"type":"Polygon","coordinates":[[[37.08125561414166,-1.1782728882638511],[37.08142062643653,-1.178357598613972],[37.08150534242416,-1.1782015207648833],[37.08145181175363,-1.1781747333953014],[37.081398281043576,-1.1782728504080848],[37.08128688138113,-1.1782148673583994],[37.08125561414166,-1.1782728882638511]]]},"id":"001a0000000000017f2e","properties":{"FID":380011}},{"type":"Feature","geometry":{"type":"Polygon","coordinates":[[[37.08204040140402,-1.218119405148971],[37.082093931639974,-1.2181595215979122],[37.082111775043174,-1.2181327624738412],[37.08205382489198,-1.218092658088103],[37.08204040140402,-1.218119405148971]]]},"id":"001a0000000000020042","properties":{"FID":381035}},{"type":"Feature","geometry":{"type":"Polygon","coordinates":[[[37.10839369346399,-1.179204792911855],[37.10844720422819,-1.1792226220527016],[37.1084650411408,-1.1791735993457333],[37.10841153038979,-1.179155770202081],[37.10839369346399,-1.179204792911855]]]},"id":"001a0000000000008f13","properties":{"FID":414828}},{"type":"Feature","geometry":{"type":"Polygon","coordinates":[[[37.08529110472353,-1.1782372106427241],[37.085380317760915,-1.1782639720213886],[37.08541150137469,-1.178165853780455],[37.08532228837569,-1.1781390923807264],[37.08529110472353,-1.1782372106427241]]]},"id":"001a000000000000b473","properties":{"FID":380012}},{"type":"Feature","geometry":{"type":"Polygon","coordinates":[[[37.08212511666747,-1.2174772872193662],[37.08219649022322,-1.2175352757507634],[37.08221875351982,-1.2175085052901384],[37.08215188175912,-1.217450503479848],[37.08212511666747,-1.2174772872193662]]]},"id":"001a000000000002aec4","properties":{"FID":381036}},{"type":"Feature","geometry":{"type":"Polygon","coordinates":[[[37.104648087127416,-1.1792003337059556],[37.10468818136873,-1.1792181960403447],[37.104714938125575,-1.1791646755796215],[37.10467484389908,-1.1791468721266374],[37.104648087127416,-1.1792003337059556]]]},"id":"001a00000000000012fe","properties":{"FID":414829}},{"type":"Feature","geometry":{"type":"Polygon","coordinates":[[[37.0881226238553,-1.1782282440359753],[37.088185070553294,-1.17826837482403],[37.08825193674826,-1.1781614028037481],[37.08818949010787,-1.1781212720948822],[37.0881226238553,-1.1782282440359753]]]},"id":"001a0000000000013f28","properties":{"FID":380013}},{"type":"Feature","geometry":{"type":"Polygon","coordinates":[[[37.07908406318923,-1.2127506340453869],[37.0791464358199,-1.2127684421813258],[37.07915535788473,-1.2127328106776143],[37.079092985261724,-1.2127105222190453],[37.07908406318923,-1.2127506340453869]]]},"id":"001a000000000000a4bb","properties":{"FID":381037}},{"type":"Feature","geometry":{"type":"Polygon","coordinates":[[[37.1072700400979,-1.1791379199062844],[37.10731013288689,-1.1791601969586591],[37.107336888674524,-1.1791111525943367],[37.10729679590037,-1.1790933497941127],[37.1072700400979,-1.1791379199062844]]]},"id":"001a000000000000242a","properties":{"FID":414830}},{"type":"Feature","geometry":{"type":"Polygon","coordinates":[[[37.0851974718396,-1.178076669047702],[37.08525992105796,-1.178098958813465],[37.08527776368191,-1.1780454484106606],[37.085215314478916,-1.178023158643555],[37.0851974718396,-1.178076669047702]]]},"id":"001a0000000000000c31","properties":{"FID":380014}},{"type":"Feature","geometry":{"type":"Polygon","coordinates":[[[37.07886551299699,-1.2124340223561225],[37.07902611061815,-1.2125589073704688],[37.07907063915145,-1.212505375126965],[37.07891012348299,-1.2123805479189744],[37.07886551299699,-1.2124340223561225]]]},"id":"001a0000000000010176","properties":{"FID":381038}},{"type":"Feature","geometry":{"type":"Polygon","coordinates":[[[37.10285994321042,-1.179102229245363],[37.10293579682385,-1.1791423790218272],[37.102958053748196,-1.1790978176648048],[37.102882281985096,-1.1790531921544498],[37.10285994321042,-1.179102229245363]]]},"id":"001a000000000000ce05","properties":{"FID":414831}},{"type":"Feature","geometry":{"type":"Polygon","coordinates":[[[37.08138493928554,-1.1780454505240372],[37.081433968188016,-1.1780677733791445],[37.08145181175364,-1.1780320449515367],[37.08140278286323,-1.1780097809924637],[37.08138493928554,-1.1780454505240372]]]},"id":"001a00000000000055c7","properties":{"FID":380015}},{"type":"Feature","geometry":{"type":"Polygon","coordinates":[[[37.08194676432133,-1.2107351189720452],[37.08198245119577,-1.2107440394761917],[37.08200029462642,-1.2106950063574473],[37.081960187826624,-1.210686038521815],[37.08194676432133,-1.2107351189720452]]]},"id":"001a0000000000003ba2","properties":{"FID":381039}},{"type":"Feature","geometry":{"type":"Polygon","coordinates":[[[37.10455889781709,-1.1790888609557728],[37.10459007317567,-1.179106685487451],[37.10461241141647,-1.1790487595522237],[37.10458115424243,-1.1790353518169936],[37.10455889781709,-1.1790888609557728]]]},"id":"001a0000000000007b94","properties":{"FID":414832}},{"type":"Feature","geometry":{"type":"Polygon","coordinates":[[[37.080858797323714,-1.1780008591796312],[37.08110844512137,-1.178152449021213],[37.08116647787973,-1.1780587966280167],[37.08109510331,-1.178014207334631],[37.081068337828235,-1.178063265717072],[37.08088548103098,-1.1779562776421149],[37.080858797323714,-1.1780008591796312]]]},"id":"001a0000000000018ba1","properties":{"FID":380016}},{"type":"Feature","geometry":{"type":"Polygon","coordinates":[[[37.08183978544335,-1.210645932403182],[37.08187097058016,-1.2106682465728515],[37.08189773576562,-1.2106236688498662],[37.08186204884948,-1.2106057885548116],[37.08183978544335,-1.210645932403182]]]},"id":"001a000000000000928f","properties":{"FID":381040}},{"type":"Feature","geometry":{"type":"Polygon","coordinates":[[[37.10371609432178,-1.1790532286562214],[37.103796365640555,-1.1791245713813123],[37.1038454612045,-1.1790710561360251],[37.10376518994016,-1.178999713516625],[37.10371609432178,-1.1790532286562214]]]},"id":"001a00000000000113fd","properties":{"FID":414833}},{"type":"Feature","geometry":{"type":"Polygon","coordinates":[[[37.08089440288184,-1.1779473645451337],[37.08098362132999,-1.1780097557709905],[37.081037152346184,-1.177933958190979],[37.08099696316189,-1.1779071989964007],[37.080979201336056,-1.177938450612061],[37.080925670277075,-1.1779027708071088],[37.08089440288184,-1.1779473645451337]]]},"id":"001a00000000000127ef","properties":{"FID":380017}},{"type":"Feature","geometry":{"type":"Polygon","coordinates":[[[37.10466592497629,-1.1790799539638626],[37.104746195241844,-1.1791022541832368],[37.104772951977246,-1.1790264209932007],[37.10468818136873,-1.1790041319119609],[37.10466592497629,-1.1790799539638626]]]},"id":"001a0000000000010a42","properties":{"FID":414834}},{"type":"Feature","geometry":{"type":"Polygon","coordinates":[[[37.08749389800779,-1.1779696190095421],[37.08753400174594,-1.1779963771396924],[37.08761429099988,-1.1778848982712984],[37.087574187306174,-1.1778581402021344],[37.08749389800779,-1.1779696190095421]]]},"id":"001a0000000000003935","properties":{"FID":380018}},{"type":"Feature","geometry":{"type":"Polygon","coordinates":[[[37.10857206252416,-1.1790086265506226],[37.10868358387374,-1.1790442736154614],[37.108696920604714,-1.178995262519716],[37.108585481096235,-1.178964029446372],[37.10857206252416,-1.1790086265506226]]]},"id":"001a00000000000049eb","properties":{"FID":414835}},{"type":"Feature","geometry":{"type":"Polygon","coordinates":[[[37.08640143090723,-1.1779027405701237],[37.08644603675633,-1.1779205963729802],[37.08646829874782,-1.177867077313204],[37.08642819441999,-1.1778492693514309],[37.08640143090723,-1.1779027405701237]]]},"id":"001a00000000000029a3","properties":{"FID":380019}},{"type":"Feature","geometry":{"type":"Polygon","coordinates":[[[37.10330139867013,-1.1789104941230555],[37.1033594136546,-1.1789417367838335],[37.10338167044871,-1.178892701551489],[37.103323737308585,-1.17886593206905],[37.10330139867013,-1.1789104941230555]]]},"id":"001a0000000000005366","properties":{"FID":414836}},{"type":"Feature","geometry":{"type":"Polygon","coordinates":[[[37.08541150137469,-1.177862649550631],[37.08556308137444,-1.1779607538391539],[37.085545320667315,-1.1779874695320198],[37.08558984519675,-1.1780186939190975],[37.085665716896216,-1.1779161137964633],[37.08546502912139,-1.1777823812358141],[37.08541150137469,-1.177862649550631]]]},"id":"001a0000000000018356","properties":{"FID":380020}},{"type":"Feature","geometry":{"type":"Polygon","coordinates":[[[37.1033594136546,-1.1788748557348219],[37.10339950860965,-1.1788926595094351],[37.103444103992764,-1.178803478051026],[37.10339950860965,-1.1787856854301744],[37.1033594136546,-1.1788748557348219]]]},"id":"001a0000000000013058","properties":{"FID":414837}},{"type":"Feature","geometry":{"type":"Polygon","coordinates":[[[37.08724869181195,-1.177822508027481],[37.08730213635725,-1.1778581860189958],[37.08732447993036,-1.1778225083071923],[37.087275373167216,-1.17778234663456],[37.08724869181195,-1.177822508027481]]]},"id":"001a0000000000009c42","properties":{"FID":380021}},{"type":"Feature","geometry":{"type":"Polygon","coordinates":[[[37.10170502735294,-1.17880350954082],[37.10173178521235,-1.1788435994409483],[37.101785300901504,-1.178807971649458],[37.101754124335116,-1.1787633582870407],[37.10170502735294,-1.17880350954082]]]},"id":"001a000000000000f9ce","properties":{"FID":414838}},{"type":"Feature","geometry":{"type":"Polygon","coordinates":[[[37.08876918601269,-1.177684240710819],[37.088809370888015,-1.1776976305953437],[37.088822711279576,-1.1776575007522156],[37.08878260825458,-1.1776485846926712],[37.08876918601269,-1.177684240710819]]]},"id":"001a0000000000001489","properties":{"FID":380022}},{"type":"Feature","geometry":{"type":"Polygon","coordinates":[[[37.10275291338122,-1.1787678381601894],[37.102775252188906,-1.1787945728559157],[37.10282876710678,-1.1787588867180614],[37.1028064283156,-1.178727677615332],[37.10275291338122,-1.1787678381601894]]]},"id":"001a000000000000027c","properties":{"FID":414839}},{"type":"Feature","geometry":{"type":"Polygon","coordinates":[[[37.0885819291104,-1.1777065810759397],[37.08864437541261,-1.177737761167393],[37.08868447851411,-1.1776664196250242],[37.08862203224644,-1.1776307644547206],[37.0885819291104,-1.1777065810759397]]]},"id":"001a000000000000f25a","properties":{"FID":380023}},{"type":"Feature","geometry":{"type":"Polygon","coordinates":[[[37.10521439577135,-1.1787901243733343],[37.10526790888614,-1.1788079543912773],[37.1052946654287,-1.1787232327297619],[37.10524115233369,-1.1787054027059292],[37.10521439577135,-1.1787901243733343]]]},"id":"001a0000000000010ae7","properties":{"FID":414840}},{"type":"Feature","geometry":{"type":"Polygon","coordinates":[[[37.08829212191041,-1.177519300595752],[37.088394671724224,-1.17758618870896],[37.088425854041084,-1.1775371258863234],[37.08844369588564,-1.1775505096034673],[37.088474878181394,-1.1775059219736452],[37.08838575079647,-1.177447952361612],[37.08836790893764,-1.1774746678703227],[37.088412513576465,-1.1775014145100327],[37.088394671724224,-1.1775281889475055],[37.08831880288152,-1.1774791401859486],[37.08829212191041,-1.177519300595752]]]},"id":"001a000000000000d4f0","properties":{"FID":380024}},{"type":"Feature","geometry":{"type":"Polygon","coordinates":[[[37.10304724503081,-1.178745538206622],[37.10308742198552,-1.1787589252251671],[37.10311417933402,-1.1786875657708826],[37.10307400239416,-1.1786741787494301],[37.10304724503081,-1.178745538206622]]]},"id":"001a00000000000102e6","properties":{"FID":414841}},{"type":"Feature","geometry":{"type":"Polygon","coordinates":[[[37.08009626122003,-1.1775147930539513],[37.08013636905087,-1.177528185896276],[37.08017205681641,-1.1774434793135076],[37.08013636905087,-1.177430076730626],[37.08009626122003,-1.1775147930539513]]]},"id":"001a0000000000005c38","properties":{"FID":380025}},{"type":"Feature","geometry":{"type":"Polygon","coordinates":[[[37.10425565334005,-1.1782104255060042],[37.104291329226804,-1.178228297755594],[37.1043136675598,-1.178188152763316],[37.10427349128562,-1.1781702916298793],[37.10425565334005,-1.1782104255060042]]]},"id":"001a0000000000002541","properties":{"FID":414842}},{"type":"Feature","geometry":{"type":"Polygon","coordinates":[[[37.0822276752066,-1.1774835813381224],[37.08233915527373,-1.1775505130434463],[37.082397187047,-1.1774523887624229],[37.08228570706911,-1.1773855160536286],[37.0822276752066,-1.1774835813381224]]]},"id":"001a0000000000015d4d","properties":{"FID":380026}},{"type":"Feature","geometry":{"type":"Polygon","coordinates":[[[37.111394653464345,-1.1782505736822924],[37.111474916267184,-1.1782683981036823],[37.11149725238302,-1.1781658578076846],[37.11141698960497,-1.178148033341969],[37.111394653464345,-1.1782505736822924]]]},"id":"001a00000000000129d7","properties":{"FID":414843}},{"type":"Feature","geometry":{"type":"Polygon","coordinates":[[[37.091516028745076,-1.1972418744377928],[37.09153828917909,-1.197362299085879],[37.09164083439893,-1.1973400000795504],[37.091614154651,-1.1972195865459254],[37.091516028745076,-1.1972418744377928]]]},"id":"001a000000000000400b","properties":{"FID":416123}},{"type":"Feature","geometry":{"type":"Polygon","coordinates":[[[37.08309724792384,-1.1775415669969371],[37.08314185580626,-1.1775638401649837],[37.083217648218785,-1.1773988990739481],[37.083173040382995,-1.1773765670583636],[37.08309724792384,-1.1775415669969371]]]},"id":"001a0000000000016213","properties":{"FID":380027}},{"type":"Feature","geometry":{"type":"Polygon","coordinates":[[[37.103818704126276,-1.1781836627426328],[37.103898975331276,-1.1782416403313813],[37.10395248941849,-1.1781613891911413],[37.103872218272826,-1.1781034117007252],[37.103818704126276,-1.1781836627426328]]]},"id":"001a0000000000013f38","properties":{"FID":414844}},{"type":"Feature","geometry":{"type":"Polygon","coordinates":[[[37.09444567222854,-1.1969252522561702],[37.094472432770246,-1.1970010623684482],[37.09453479215933,-1.1969832286017696],[37.094512532646014,-1.196907465332891],[37.09444567222854,-1.1969252522561702]]]},"id":"001a000000000000f865","properties":{"FID":416124}},{"type":"Feature","geometry":{"type":"Polygon","coordinates":[[[37.08033256969145,-1.177376562775979],[37.08036825736042,-1.1773810142395107],[37.08037275924402,-1.1773320078652536],[37.08033707157727,-1.1773275563863135],[37.08033256969145,-1.177376562775979]]]},"id":"001a0000000000007933","properties":{"FID":380028}},{"type":"Feature","geometry":{"type":"Polygon","coordinates":[[[37.11127430000192,-1.1781925779770897],[37.11135898107896,-1.1782327031856035],[37.11140357155795,-1.1781346438094586],[37.1113188905331,-1.1780989336454093],[37.11127430000192,-1.1781925779770897]]]},"id":"001a000000000000a28f","properties":{"FID":414845}},{"type":"Feature","geometry":{"type":"Polygon","coordinates":[[[37.100296011605515,-1.196176162529603],[37.10034952835587,-1.1962028861008558],[37.10036736726386,-1.1961672605108482],[37.10030934988186,-1.1961404901771011],[37.100296011605515,-1.196176162529603]]]},"id":"001a0000000000000f12","properties":{"FID":416125}},{"type":"Feature","geometry":{"type":"Polygon","coordinates":[[[37.082441713510086,-1.1773052450138375],[37.08247298023804,-1.1773275488444948],[37.08251758850459,-1.177269559237595],[37.08248190189355,-1.1772427897653124],[37.082441713510086,-1.1773052450138375]]]},"id":"001a0000000000009edb","properties":{"FID":380029}},{"type":"Feature","geometry":{"type":"Polygon","coordinates":[[[37.105936737659526,-1.178170331413315],[37.10599025024031,-1.178188161339414],[37.10601700651585,-1.1781168058856433],[37.10596349395486,-1.1780989759556648],[37.105936737659526,-1.178170331413315]]]},"id":"001a000000000000c252","properties":{"FID":414846}},{"type":"Feature","geometry":{"type":"Polygon","coordinates":[[[37.094802396802216,-1.1961672607893077],[37.094815736090354,-1.1962162997309596],[37.094927196794586,-1.1961806080257305],[37.09490935654655,-1.1961315813206914],[37.094802396802216,-1.1961672607893077]]]},"id":"001a00000000000096be","properties":{"FID":416126}},{"type":"Feature","geometry":{"type":"Polygon","coordinates":[[[37.082312472101464,-1.177305249444552],[37.08237042204592,-1.1773542859973452],[37.08245955682769,-1.1772517341644786],[37.082401606954484,-1.177202697744161],[37.082312472101464,-1.177305249444552]]]},"id":"001a000000000000a7cb","properties":{"FID":380030}},{"type":"Feature","geometry":{"type":"Polygon","coordinates":[[[37.103261303660744,-1.1781926243973024],[37.103323737308585,-1.17824163674962],[37.10339950860965,-1.178139079410896],[37.103310317761036,-1.1780721737750397],[37.103270222756585,-1.1781257238229963],[37.103296980037534,-1.1781435583716329],[37.103261303660744,-1.1781926243973024]]]},"id":"001a000000000000d72f","properties":{"FID":414847}},{"type":"Feature","geometry":{"type":"Polygon","coordinates":[[[37.09838304821096,-1.1956321256763862],[37.09846332544229,-1.1956410501047787],[37.09848116481494,-1.1954805416618401],[37.09840088760339,-1.195471617114956],[37.09838304821096,-1.1956321256763862]]]},"id":"001a0000000000005501","properties":{"FID":416127}},{"type":"Feature","geometry":{"type":"Polygon","coordinates":[[[37.07997143568614,-1.1774211541583934],[37.080056153366996,-1.1774746645370968],[37.08009626122003,-1.1774122672044822],[37.08005165146374,-1.177385517553063],[37.08014979289134,-1.177233886425178],[37.0801096032152,-1.1772071271087567],[37.07997143568614,-1.1774211541583934]]]},"id":"001a0000000000013b7e","properties":{"FID":380031}},{"type":"Feature","geometry":{"type":"Polygon","coordinates":[[[37.104509802737,-1.1780320948024916],[37.10454997888002,-1.1780543712570095],[37.10459457355441,-1.1779830318721196],[37.10455439743614,-1.1779562812002025],[37.104509802737,-1.1780320948024916]]]},"id":"001a000000000000b618","properties":{"FID":414848}},{"type":"Feature","geometry":{"type":"Polygon","coordinates":[[[37.09220274361754,-1.1954404253788784],[37.092211664075386,-1.1955072671058604],[37.09225626634812,-1.1954983749584074],[37.09224734589577,-1.195435951643568],[37.09220274361754,-1.1954404253788784]]]},"id":"001a0000000000003cb2","properties":{"FID":416128}},{"type":"Feature","geometry":{"type":"Polygon","coordinates":[[[37.08002488559679,-1.175436882334036],[37.0800739972717,-1.1754591453510652],[37.08010068126777,-1.1753923089165699],[37.08005165146374,-1.1753744610486763],[37.08002488559679,-1.175436882334036]]]},"id":"001a00000000000070e5","properties":{"FID":379264}},{"type":"Feature","geometry":{"type":"Polygon","coordinates":[[[37.081759489793136,-1.177167028585165],[37.08186655064033,-1.1772204850709695],[37.08188881403824,-1.1771803905461402],[37.08178183507475,-1.1771268739281666],[37.081759489793136,-1.177167028585165]]]},"id":"001a0000000000013a7d","properties":{"FID":380032}},{"type":"Feature","geometry":{"type":"Polygon","coordinates":[[[37.10443853298648,-1.1779205812972546],[37.10449646523448,-1.1779518245523333],[37.10451430312073,-1.177916106531122],[37.10445637088699,-1.1778849221621275],[37.10443853298648,-1.1779205812972546]]]},"id":"001a000000000000725a","properties":{"FID":414849}},{"type":"Feature","geometry":{"type":"Polygon","coordinates":[[[37.09893148477087,-1.1955295759062439],[37.09901626211973,-1.1955429651272953],[37.09903410135618,-1.1954404221048123],[37.098949324028204,-1.19542703281787],[37.09893148477087,-1.1955295759062439]]]},"id":"001a000000000000672e","properties":{"FID":416129}},{"type":"Feature","geometry":{"type":"Polygon","coordinates":[[[37.08009626122003,-1.175410101943301],[37.08013636905087,-1.1754279703150214],[37.08015421293583,-1.1753878283125814],[37.08011410511486,-1.1753699599461804],[37.08009626122003,-1.175410101943301]]]},"id":"001a000000000000556a","properties":{"FID":379265}},{"type":"Feature","geometry":{"type":"Polygon","coordinates":[[[37.081875472370456,-1.1771803621131693],[37.08191107742931,-1.1771937656501066],[37.081955686041574,-1.1771045658056183],[37.08191999915397,-1.1770867470152306],[37.081875472370456,-1.1771803621131693]]]},"id":"001a000000000000b364","properties":{"FID":380033}},{"type":"Feature","geometry":{"type":"Polygon","coordinates":[[[37.1111717007671,-1.1778938354106259],[37.11122079132823,-1.1779072000177213],[37.11124304570497,-1.1778135506861225],[37.11119403697655,-1.1778046586328874],[37.1111717007671,-1.1778938354106259]]]},"id":"001a00000000000048c4","properties":{"FID":414850}},{"type":"Feature","geometry":{"type":"Polygon","coordinates":[[[37.09555152087234,-1.195369054955383],[37.095564860022535,-1.195413674227886],[37.09562288120547,-1.195395793360503],[37.09560946023076,-1.195355652499358],[37.09555152087234,-1.195369054955383]]]},"id":"001a0000000000000669","properties":{"FID":416130}},{"type":"Feature","geometry":{"type":"Polygon","coordinates":[[[37.08810036237196,-1.1754235129962307],[37.088136046216945,-1.1754368552972791],[37.08815830768932,-1.1753833420266695],[37.0881226238553,-1.1753699997267932],[37.08810036237196,-1.1754235129962307]]]},"id":"001a000000000000594e","properties":{"FID":379266}},{"type":"Feature","geometry":{"type":"Polygon","coordinates":[[[37.0795076557874,-1.1771357933582884],[37.07966375005908,-1.1772338937855447],[37.07969051605933,-1.1771848360403774],[37.07959687594188,-1.1771313462554387],[37.07960129602007,-1.1771179687701308],[37.07953884192727,-1.1770823093165936],[37.0795076557874,-1.1771357933582884]]]},"id":"001a000000000001598b","properties":{"FID":380034}},{"type":"Feature","geometry":{"type":"Polygon","coordinates":[[[37.111162782644925,-1.1777199061849557],[37.11126088192844,-1.1777333329811053],[37.11126980003853,-1.1776664401465016],[37.1111717007671,-1.1776485983376608],[37.111162782644925,-1.1777199061849557]]]},"id":"001a0000000000006202","properties":{"FID":414851}},{"type":"Feature","geometry":{"type":"Polygon","coordinates":[[[37.09867731579233,-1.1953199902196872],[37.098766512348085,-1.1953423226156181],[37.098771013088815,-1.1953110901626811],[37.09868181653861,-1.1952932346369853],[37.09867731579233,-1.1953199902196872]]]},"id":"001a0000000000005eb8","properties":{"FID":416131}},{"type":"Feature","geometry":{"type":"Polygon","coordinates":[[[37.08125561414166,-1.175392308787108],[37.081322486729036,-1.1754368488964353],[37.081358173910765,-1.1753833585422468],[37.08129130135631,-1.175338759595411],[37.08125561414166,-1.175392308787108]]]},"id":"001a000000000000cfa8","properties":{"FID":379267}},{"type":"Feature","geometry":{"type":"Polygon","coordinates":[[[37.082165305226425,-1.1771803970363073],[37.08222325528852,-1.1772160662366495],[37.08229012698338,-1.1771179824743472],[37.082232176974756,-1.1770778379425317],[37.082165305226425,-1.1771803970363073]]]},"id":"001a000000000000e1c0","properties":{"FID":380035}},{"type":"Feature","geometry":{"type":"Polygon","coordinates":[[[37.10154898055687,-1.1776084340124913],[37.10162925427844,-1.177657523106209],[37.101660512726994,-1.177608466915056],[37.101580239040075,-1.177559377863798],[37.10154898055687,-1.1776084340124913]]]},"id":"001a00000000000129d6","properties":{"FID":414852}},{"type":"Feature","geometry":{"type":"Polygon","coordinates":[[[37.095083339695364,-1.1950702890973308],[37.09511001816571,-1.195172840926526],[37.09519479998782,-1.1951505325130207],[37.095163538748366,-1.1950479942048862],[37.095083339695364,-1.1950702890973308]]]},"id":"001a00000000000068bc","properties":{"FID":416132}},{"type":"Feature","geometry":{"type":"Polygon","coordinates":[[[37.08190665749192,-1.175387811478343],[37.08202255798326,-1.175427940390371],[37.0820449031838,-1.1753655303071102],[37.08192892087751,-1.1753254026590874],[37.08190665749192,-1.175387811478343]]]},"id":"001a0000000000014a64","properties":{"FID":379268}},{"type":"Feature","geometry":{"type":"Polygon","coordinates":[[[37.08546502912139,-1.1771223979623076],[37.085531897825874,-1.1771714704592988],[37.085576504210096,-1.177109008182284],[37.08550963554677,-1.177059994637154],[37.08546502912139,-1.1771223979623076]]]},"id":"001a000000000000ed1b","properties":{"FID":380036}},{"type":"Feature","geometry":{"type":"Polygon","coordinates":[[[37.101785300901504,-1.177599521713077],[37.10188341289556,-1.177648568900794],[37.101919089951345,-1.17758172345732],[37.10182097800564,-1.1775326763079046],[37.101785300901504,-1.177599521713077]]]},"id":"001a0000000000006ec4","properties":{"FID":414853}},{"type":"Feature","geometry":{"type":"Polygon","coordinates":[[[37.0957030796611,-1.1950480288509224],[37.09570758059221,-1.1950926103007868],[37.09577894077159,-1.1950881273276248],[37.09577894077159,-1.1950390568489064],[37.0957030796611,-1.1950480288509224]]]},"id":"001a0000000000003054","properties":{"FID":416133}},{"type":"Feature","geometry":{"type":"Polygon","coordinates":[[[37.08741811006656,-1.1753744453749113],[37.087484976969144,-1.1754100908897702],[37.087525162556574,-1.175338753181346],[37.08746271528994,-1.1753030980666135],[37.08741811006656,-1.1753744453749113]]]},"id":"001a000000000000f7f7","properties":{"FID":379269}},{"type":"Feature","geometry":{"type":"Polygon","coordinates":[[[37.08365463985948,-1.1771135238210066],[37.08370816890352,-1.1771625690868064],[37.083766117732324,-1.1771045502848028],[37.08371258873107,-1.1770510886797407],[37.08365463985948,-1.1771135238210066]]]},"id":"001a0000000000004bb8","properties":{"FID":380037}},{"type":"Feature","geometry":{"type":"Polygon","coordinates":[[[37.111069183204556,-1.177595093442646],[37.11114494639727,-1.177603981725787],[37.111162782644925,-1.1775014543049598],[37.111082519495845,-1.1774925181711777],[37.111069183204556,-1.177595093442646]]]},"id":"001a000000000000fac6","properties":{"FID":414854}},{"type":"Feature","geometry":{"type":"Polygon","coordinates":[[[37.09634965600694,-1.1951015132008873],[37.09640317567364,-1.1951059709740415],[37.09640767656124,-1.1950078776637247],[37.096354156897874,-1.1950078968151958],[37.09634965600694,-1.1951015132008873]]]},"id":"001a00000000000103de","properties":{"FID":416134}},{"type":"Feature","geometry":{"type":"Polygon","coordinates":[[[37.08612495587598,-1.175369998783238],[37.08619632549361,-1.1754012179584967],[37.086227508756316,-1.1753343169911583],[37.08616064069357,-1.1753030869305883],[37.08612495587598,-1.175369998783238]]]},"id":"001a000000000000da8d","properties":{"FID":379270}},{"type":"Feature","geometry":{"type":"Polygon","coordinates":[[[37.0796548280568,-1.1771402222617764],[37.07971720019654,-1.1771669907315043],[37.079757390090165,-1.1770644305375835],[37.07969943805721,-1.1770421279030043],[37.0796548280568,-1.1771402222617764]]]},"id":"001a000000000000646c","properties":{"FID":380038}},{"type":"Feature","geometry":{"type":"Polygon","coordinates":[[[37.09383025887821,-1.1858488641080591],[37.0939283816497,-1.1859112872505557],[37.09397740206707,-1.185839965991589],[37.09387486015445,-1.1857775531753123],[37.09383025887821,-1.1858488641080591]]]},"id":"001a000000000000cee3","properties":{"FID":414599}},{"type":"Feature","geometry":{"type":"Polygon","coordinates":[[[37.102204505764725,-1.1775505008513092],[37.10228477875952,-1.177577217872233],[37.10231595509741,-1.1774969610754673],[37.10223568213719,-1.1774657697397735],[37.102204505764725,-1.1775505008513092]]]},"id":"001a0000000000011d8b","properties":{"FID":414855}},{"type":"Feature","geometry":{"type":"Polygon","coordinates":[[[37.09580119989572,-1.1950078969718219],[37.09580570082073,-1.195092594753732],[37.09584579995843,-1.1950926104583774],[37.09584138087087,-1.1950078525214387],[37.09580119989572,-1.1950078969718219]]]},"id":"001a0000000000006df9","properties":{"FID":416135}},{"type":"Feature","geometry":{"type":"Polygon","coordinates":[[[37.08087664103088,-1.175365501793706],[37.080979201336056,-1.175396769846017],[37.081001465006445,-1.1753209345854925],[37.08089890473277,-1.1752897253995775],[37.08087664103088,-1.175365501793706]]]},"id":"001a000000000000dd29","properties":{"FID":379271}},{"type":"Feature","geometry":{"type":"Polygon","coordinates":[[[37.08761429099988,-1.1770822577994935],[37.08766781711977,-1.1771045676722591],[37.08768565915095,-1.1770600108580467],[37.08763213304424,-1.1770377009901134],[37.08761429099988,-1.1770822577994935]]]},"id":"001a000000000000980f","properties":{"FID":380039}},{"type":"Feature","geometry":{"type":"Polygon","coordinates":[[[37.09388828145055,-1.1857552582336266],[37.09397298286553,-1.1858176556685853],[37.09400866381843,-1.1857641524409936],[37.09392396244517,-1.185706172062963],[37.09388828145055,-1.1857552582336266]]]},"id":"001a0000000000000390","properties":{"FID":414600}},{"type":"Feature","geometry":{"type":"Polygon","coordinates":[[[37.101161030562416,-1.1774791718773074],[37.10120120856384,-1.1774925005283474],[37.10122346602142,-1.177443466500996],[37.101183369861275,-1.1774300777039277],[37.101161030562416,-1.1774791718773074]]]},"id":"001a0000000000002b13","properties":{"FID":414856}},{"type":"Feature","geometry":{"type":"Polygon","coordinates":[[[37.096884769060516,-1.1949633025725763],[37.096916029557114,-1.1949677578873683],[37.0969204485791,-1.1949276313984474],[37.09688926991819,-1.1949231158760574],[37.096884769060516,-1.1949633025725763]]]},"id":"001a000000000000235e","properties":{"FID":416136}},{"type":"Feature","geometry":{"type":"Polygon","coordinates":[[[37.08276281070535,-1.175329848177516],[37.0828341836333,-1.1753833856047888],[37.082883211555725,-1.1753209159635578],[37.08281183867604,-1.1752674374975889],[37.08276281070535,-1.175329848177516]]]},"id":"001a0000000000006ab8","properties":{"FID":379272}},{"type":"Feature","geometry":{"type":"Polygon","coordinates":[[[37.08249082354795,-1.1770376666605251],[37.08258887982404,-1.177086728076655],[37.08260672310542,-1.1770421684611327],[37.08251308675416,-1.1769975727163222],[37.08249082354795,-1.1770376666605251]]]},"id":"001a00000000000036d7","properties":{"FID":380040}},{"type":"Feature","geometry":{"type":"Polygon","coordinates":[[[37.09395072317959,-1.1854743042728477],[37.09399082334417,-1.1854876935616185],[37.094013083017785,-1.1854252725732641],[37.09396856366372,-1.1854118935026015],[37.09395072317959,-1.1854743042728477]]]},"id":"001a000000000000383a","properties":{"FID":414601}},{"type":"Feature","geometry":{"type":"Polygon","coordinates":[[[37.10120562732434,-1.1773944079709227],[37.10125472464516,-1.1774167233685775],[37.10128148267099,-1.1773543142787761],[37.10123238536831,-1.1773319988918978],[37.10120562732434,-1.1773944079709227]]]},"id":"001a000000000000a23c","properties":{"FID":414857}},{"type":"Feature","geometry":{"type":"Polygon","coordinates":[[[37.09577894077159,-1.194932079918867],[37.09578335986295,-1.1949677084566888],[37.09583246085999,-1.1949588050183928],[37.095823540847995,-1.1949231296568654],[37.09577894077159,-1.194932079918867]]]},"id":"001a0000000000003f4f","properties":{"FID":416137}},{"type":"Feature","geometry":{"type":"Polygon","coordinates":[[[37.08339149574256,-1.175378927430606],[37.08346736974301,-1.1754235033265839],[37.08353424029031,-1.1752986361935223],[37.08346286805156,-1.1752585245749196],[37.08339149574256,-1.175378927430606]]]},"id":"001a0000000000011ebe","properties":{"FID":379273}},{"type":"Feature","geometry":{"type":"Polygon","coordinates":[[[37.087730264209675,-1.1770377084152137],[37.087797130824256,-1.1770733541268836],[37.0878372343946,-1.1770020135837478],[37.087774869240945,-1.1769663569068618],[37.087730264209675,-1.1770377084152137]]]},"id":"001a00000000000117f9","properties":{"FID":380041}},{"type":"Feature","geometry":{"type":"Polygon","coordinates":[[[37.09002219068235,-1.1842257513338341],[37.09008913702362,-1.1842926686074542],[37.0901248198893,-1.1842569517486485],[37.090053454140374,-1.1841901035835138],[37.09002219068235,-1.1842257513338341]]]},"id":"001a000000000000208a","properties":{"FID":414602}},{"type":"Feature","geometry":{"type":"Polygon","coordinates":[[[37.10088903063446,-1.1773319760700587],[37.10114319184995,-1.1774880445751028],[37.10116553115432,-1.1774523734748883],[37.10091137001724,-1.177291830706828],[37.10088903063446,-1.1773319760700587]]]},"id":"001a000000000000d974","properties":{"FID":414858}},{"type":"Feature","geometry":{"type":"Polygon","coordinates":[[[37.0967777303993,-1.1949320611252685],[37.09687143015341,-1.1949632772578056],[37.09688926991819,-1.1949097439761085],[37.096791151157554,-1.1948785385998284],[37.0967777303993,-1.1949320611252685]]]},"id":"001a0000000000011464","properties":{"FID":416138}},{"type":"Feature","geometry":{"type":"Polygon","coordinates":[[[37.08015871483272,-1.1753075567532016],[37.08019432073463,-1.175329852388033],[37.08023893040314,-1.1752718657369763],[37.08020324267053,-1.1752451550143563],[37.08015871483272,-1.1753075567532016]]]},"id":"001a000000000000eb0f","properties":{"FID":379274}},{"type":"Feature","geometry":{"type":"Polygon","coordinates":[[[37.08688300893467,-1.1770733556767807],[37.0869766396412,-1.177091215722481],[37.08699898331466,-1.1769708061202593],[37.0869097722696,-1.1769485200456302],[37.08688300893467,-1.1770733556767807]]]},"id":"001a00000000000131fd","properties":{"FID":380042}},{"type":"Feature","geometry":{"type":"Polygon","coordinates":[[[37.09083380859781,-1.1832536629788482],[37.0908961711189,-1.1832893787375696],[37.09093185358714,-1.183226927208094],[37.090869409256186,-1.1831912716520343],[37.09083380859781,-1.1832536629788482]]]},"id":"001a000000000000dfd9","properties":{"FID":414603}},{"type":"Feature","geometry":{"type":"Polygon","coordinates":[[[37.105361515829735,-1.177189309771723],[37.105406110004175,-1.1772071608307317],[37.105441785323954,-1.1771268971498836],[37.10539719117149,-1.1771090460969391],[37.105361515829735,-1.177189309771723]]]},"id":"001a000000000000ea9b","properties":{"FID":414859}},{"type":"Feature","geometry":{"type":"Polygon","coordinates":[[[37.09182366406371,-1.194570868299459],[37.09183258456823,-1.1946020679799119],[37.09187718707433,-1.1945931765515712],[37.091872767744675,-1.1945619648734882],[37.09182366406371,-1.194570868299459]]]},"id":"001a0000000000002316","properties":{"FID":416139}},{"type":"Feature","geometry":{"type":"Polygon","coordinates":[[[37.08179075681531,-1.1752852654209291],[37.0818531271177,-1.175325399748701],[37.08188439409949,-1.1752674444188163],[37.08182194197321,-1.1752273113998606],[37.08179075681531,-1.1752852654209291]]]},"id":"001a000000000000a954","properties":{"FID":379275}},{"type":"Feature","geometry":{"type":"Polygon","coordinates":[[[37.0797127801254,-1.1768861019310846],[37.079766312079826,-1.1769261985615342],[37.07979307804222,-1.176890567958089],[37.079739546107554,-1.176850412472075],[37.0797127801254,-1.1768861019310846]]]},"id":"001a0000000000008d96","properties":{"FID":380043}},{"type":"Feature","geometry":{"type":"Polygon","coordinates":[[[37.090468143811364,-1.1831778649951934],[37.09056176988588,-1.1832135640730397],[37.09060187192625,-1.1831109975224139],[37.09050382649039,-1.1830753085323897],[37.090468143811364,-1.1831778649951934]]]},"id":"001a00000000000139e9","properties":{"FID":414604}},{"type":"Feature","geometry":{"type":"Polygon","coordinates":[[[37.10135725610943,-1.1770198589206462],[37.10141077207542,-1.1770466387907408],[37.10144194878965,-1.1769931105821114],[37.10138843284672,-1.1769663307297638],[37.10135725610943,-1.1770198589206462]]]},"id":"001a000000000000d9af","properties":{"FID":414860}},{"type":"Feature","geometry":{"type":"Polygon","coordinates":[[[37.09683575061068,-1.1945129084398478],[37.09688926991819,-1.1945262613536316],[37.096898189798935,-1.1944861822785486],[37.096844670498015,-1.1944727704488638],[37.09683575061068,-1.1945129084398478]]]},"id":"001a0000000000006b35","properties":{"FID":416140}},{"type":"Feature","geometry":{"type":"Polygon","coordinates":[[[37.08661995838286,-1.1752540439092374],[37.08666898374477,-1.1753254123516503],[37.086735851338524,-1.175280804333187],[37.08669124566778,-1.1752094852728643],[37.08661995838286,-1.1752540439092374]]]},"id":"001a000000000000db38","properties":{"FID":379276}},{"type":"Feature","geometry":{"type":"Polygon","coordinates":[[[37.08123335054932,-1.1768548486215291],[37.08126453594697,-1.176877153966073],[37.08129130135631,-1.1768370486710666],[37.08126011597017,-1.1768147433452891],[37.08123335054932,-1.1768548486215291]]]},"id":"001a0000000000005b2c","properties":{"FID":380044}},{"type":"Feature","geometry":{"type":"Polygon","coordinates":[[[37.09054392856284,-1.182990586342705],[37.09062421448197,-1.183048577693169],[37.09068215778119,-1.1829682885563348],[37.09060187192625,-1.1829103561984142],[37.09054392856284,-1.182990586342705]]]},"id":"001a000000000001583d","properties":{"FID":414605}},{"type":"Feature","geometry":{"type":"Polygon","coordinates":[[[37.10834018266021,-1.1770198773838934],[37.10845170436711,-1.1770599991811586],[37.108478459732716,-1.1769752859094442],[37.108366938067036,-1.1769351052414327],[37.10834018266021,-1.1770198773838934]]]},"id":"001a00000000000155f2","properties":{"FID":414861}},{"type":"Feature","geometry":{"type":"Polygon","coordinates":[[[37.09187718707433,-1.1944549145091208],[37.09188168824314,-1.19449955629579],[37.09193071004542,-1.1944905953177996],[37.09193071004541,-1.194512922221814],[37.09197531249112,-1.1945084491271134],[37.091952970352025,-1.1943969901414635],[37.09190394856481,-1.194401414973071],[37.09191286905945,-1.1944460459499298],[37.09187718707433,-1.1944549145091208]]]},"id":"001a000000000000620e","properties":{"FID":416141}},{"type":"Feature","geometry":{"type":"Polygon","coordinates":[[[37.083569926383326,-1.1752808304392741],[37.08361895380816,-1.1753075687007015],[37.08365463985948,-1.1752317636606617],[37.08360561245878,-1.1752050254253814],[37.083569926383326,-1.1752808304392741]]]},"id":"001a0000000000009fb3","properties":{"FID":379277}},{"type":"Feature","geometry":{"type":"Polygon","coordinates":[[[37.085152865222106,-1.17682363632051],[37.0851974718396,-1.1768638095754314],[37.08515736680861,-1.1769083597277012],[37.085188550518296,-1.1769396143227953],[37.08525541947783,-1.1768637933919515],[37.0851796291959,-1.1767924245281562],[37.085152865222106,-1.17682363632051]]]},"id":"001a0000000000004189","properties":{"FID":380045}},{"type":"Feature","geometry":{"type":"Polygon","coordinates":[[[37.097031906044585,-1.1829415626172186],[37.09711668561713,-1.1829950621555327],[37.09714786418014,-1.1829459945861303],[37.097063166477675,-1.1828924938184096],[37.097031906044585,-1.1829415626172186]]]},"id":"001a0000000000005e4f","properties":{"FID":414606}},{"type":"Feature","geometry":{"type":"Polygon","coordinates":[[[37.10596799424821,-1.177051081127786],[37.10606610057371,-1.1770911772825678],[37.10611069431407,-1.1769708041612947],[37.10601258804902,-1.1769351231785146],[37.10596799424821,-1.177051081127786]]]},"id":"001a000000000000db70","properties":{"FID":414862}},{"type":"Feature","geometry":{"type":"Polygon","coordinates":[[[37.09263526179989,-1.1944192875602675],[37.092648601487085,-1.1944504760627679],[37.09270212388829,-1.1944237125571142],[37.09268878421095,-1.1943969422926348],[37.09263526179989,-1.1944192875602675]]]},"id":"001a000000000000b03d","properties":{"FID":416142}},{"type":"Feature","geometry":{"type":"Polygon","coordinates":[[[37.08276723059054,-1.1751960559195616],[37.08280291706113,-1.1752049830118179],[37.08281183867604,-1.1751603880551744],[37.08277615220984,-1.1751515198387075],[37.08276723059054,-1.1751960559195616]]]},"id":"001a000000000000378a","properties":{"FID":379278}},{"type":"Feature","geometry":{"type":"Polygon","coordinates":[[[37.0835118955488,-1.176819191760957],[37.08361003229259,-1.1768816181529624],[37.08363679683602,-1.176832563446315],[37.08353866012847,-1.1767701371068977],[37.0835118955488,-1.176819191760957]]]},"id":"001a00000000000122b3","properties":{"FID":380046}},{"type":"Feature","geometry":{"type":"Polygon","coordinates":[[[37.08998650776614,-1.175476992658672],[37.090031111408656,-1.1755082129937073],[37.09010697845865,-1.1754011738444277],[37.09006237486283,-1.1753744283026555],[37.08998650776614,-1.175476992658672]]]},"id":"001a00000000000106e5","properties":{"FID":414095}},{"type":"Feature","geometry":{"type":"Polygon","coordinates":[[[37.0963809167345,-1.1828077463828677],[37.0964165965013,-1.1828300374028011],[37.096465615234806,-1.1827676185902884],[37.0964344363781,-1.1827408997902027],[37.0963809167345,-1.1828077463828677]]]},"id":"001a000000000000b1c1","properties":{"FID":414607}},{"type":"Feature","geometry":{"type":"Polygon","coordinates":[[[37.10130824068692,-1.1769396119554598],[37.101348336777924,-1.176979728792514],[37.10137509476915,-1.1769529972847386],[37.10133049811161,-1.1769128326362646],[37.10130824068692,-1.1769396119554598]]]},"id":"001a0000000000004230","properties":{"FID":414863}},{"type":"Feature","geometry":{"type":"Polygon","coordinates":[[[37.092711044284634,-1.1937459449615433],[37.09272446579634,-1.1937905627009178],[37.09281358784458,-1.1937682467280715],[37.09280024818778,-1.1937236277769012],[37.092711044284634,-1.1937459449615433]]]},"id":"001a00000000000013df","properties":{"FID":416143}},{"type":"Feature","geometry":{"type":"Polygon","coordinates":[[[37.08915712053817,-1.1751961079839195],[37.089206226026235,-1.1752273176639119],[37.08923740799388,-1.1751737849706152],[37.08918838436943,-1.1751425740514667],[37.08915712053817,-1.1751961079839195]]]},"id":"001a00000000000088e0","properties":{"FID":379279}},{"type":"Feature","geometry":{"type":"Polygon","coordinates":[[[37.07892354755047,-1.1767611977590844],[37.07896365602997,-1.1767924341913116],[37.07900826645559,-1.176730026664545],[37.07897257811728,-1.1767032561140003],[37.07892354755047,-1.1767611977590844]]]},"id":"001a000000000000c4ef","properties":{"FID":380047}},{"type":"Feature","geometry":{"type":"Polygon","coordinates":[[[37.10005968640012,-1.1753432083957482],[37.10014438059808,-1.1753789242403438],[37.1001755578576,-1.175312034960948],[37.10009086369611,-1.1752763191309872],[37.10005968640012,-1.1753432083957482]]]},"id":"001a00000000000040cf","properties":{"FID":414096}},{"type":"Feature","geometry":{"type":"Polygon","coordinates":[[[37.09651463393514,-1.1827587273355116],[37.096559233558544,-1.1827809968714253],[37.0965949132375,-1.1827096591342907],[37.096550313636065,-1.1826829142891349],[37.09651463393514,-1.1827587273355116]]]},"id":"001a0000000000008202","properties":{"FID":414608}},{"type":"Feature","geometry":{"type":"Polygon","coordinates":[[[37.10114319184995,-1.1769485336669645],[37.1011922892131,-1.1769752644961418],[37.10122796660944,-1.1769083612512836],[37.101183369861275,-1.1768816194205423],[37.10114319184995,-1.1769485336669645]]]},"id":"001a0000000000007d0f","properties":{"FID":414864}},{"type":"Feature","geometry":{"type":"Polygon","coordinates":[[[37.09259516088496,-1.1934605346994076],[37.092621840271654,-1.1935898885443714],[37.09266644229187,-1.1935809391194288],[37.092648601487085,-1.1934917979917807],[37.092670943411655,-1.1934873226756588],[37.09266202301036,-1.193442752203362],[37.09259516088496,-1.1934605346994076]]]},"id":"001a000000000000fa11","properties":{"FID":416144}},{"type":"Feature","geometry":{"type":"Polygon","coordinates":[[[37.083632295155084,-1.1751738163644712],[37.08370366722702,-1.1752094528026573],[37.08372151023403,-1.1751648967235253],[37.08365013817966,-1.1751292014186216],[37.083632295155084,-1.1751738163644712]]]},"id":"001a000000000000c0c1","properties":{"FID":379280}},{"type":"Feature","geometry":{"type":"Polygon","coordinates":[[[37.08012302706063,-1.1767567773739869],[37.08017205681641,-1.1767701496240233],[37.08018548065027,-1.1767121724599419],[37.08013636905087,-1.1766988014695505],[37.08012302706063,-1.1767567773739869]]]},"id":"001a0000000000003781","properties":{"FID":380048}},{"type":"Feature","geometry":{"type":"Polygon","coordinates":[[[37.09886012769762,-1.1752094546672427],[37.098886886608334,-1.1752317639274668],[37.098927065871585,-1.1751826900011881],[37.09890030697573,-1.1751603807688396],[37.09886012769762,-1.1752094546672427]]]},"id":"001a0000000000007e3d","properties":{"FID":414097}},{"type":"Feature","geometry":{"type":"Polygon","coordinates":[[[37.096354156897874,-1.18270523100941],[37.096385335789144,-1.1827319498239575],[37.0964165965013,-1.1826918316917898],[37.096385335789144,-1.1826650552953943],[37.096354156897874,-1.18270523100941]]]},"id":"001a0000000000009777","properties":{"FID":414609}},{"type":"Feature","geometry":{"type":"Polygon","coordinates":[[[37.1103111378213,-1.1768994844817204],[37.110431492885766,-1.1769351118487832],[37.11044491111305,-1.1768771564687257],[37.11032897427449,-1.176845934206582],[37.1103111378213,-1.1768994844817204]]]},"id":"001a0000000000008298","properties":{"FID":414865}},{"type":"Feature","geometry":{"type":"Polygon","coordinates":[[[37.0924925351771,-1.1930993982545521],[37.09250145559927,-1.193143968407846],[37.09256389852364,-1.1931306150209855],[37.09255497810917,-1.1930859860124754],[37.0924925351771,-1.1930993982545521]]]},"id":"001a000000000000198a","properties":{"FID":416145}},{"type":"Feature","geometry":{"type":"Polygon","coordinates":[[[37.08108176149616,-1.175151516179748],[37.08116197604541,-1.1751916098476083],[37.081206585118586,-1.1751068908132802],[37.08112628876711,-1.1750623232628787],[37.08108176149616,-1.175151516179748]]]},"id":"001a000000000000bb4c","properties":{"FID":379281}},{"type":"Feature","geometry":{"type":"Polygon","coordinates":[[[37.08483628021969,-1.176712194696672],[37.08486304431037,-1.1767344497449028],[37.08489872974924,-1.1766899094586616],[37.08487196567174,-1.1766675955513044],[37.08483628021969,-1.176712194696672]]]},"id":"001a0000000000007263","properties":{"FID":380049}},{"type":"Feature","geometry":{"type":"Polygon","coordinates":[[[37.094490273125885,-1.175173774803976],[37.09450361247149,-1.1752138968699424],[37.094548213333155,-1.17519607291178],[37.09453037299179,-1.1751559617984422],[37.094490273125885,-1.175173774803976]]]},"id":"001a0000000000009c5b","properties":{"FID":414098}},{"type":"Feature","geometry":{"type":"Polygon","coordinates":[[[37.09365193533606,-1.1820274389004988],[37.09370987621387,-1.1821032061126853],[37.09375005834909,-1.1820720171315249],[37.093692035666045,-1.181996192396025],[37.09365193533606,-1.1820274389004988]]]},"id":"001a000000000000ef46","properties":{"FID":414610}},{"type":"Feature","geometry":{"type":"Polygon","coordinates":[[[37.10854088888066,-1.1768637641527089],[37.108576562655315,-1.1768726875014557],[37.108589899406,-1.1768370425950592],[37.10854980732598,-1.1768236551469806],[37.10854088888066,-1.1768637641527089]]]},"id":"001a0000000000002cfd","properties":{"FID":414866}},{"type":"Feature","geometry":{"type":"Polygon","coordinates":[[[37.09596617907316,-1.1930636886375658],[37.09597509906758,-1.1931305815999476],[37.096015279946265,-1.1931261202646695],[37.09601077903428,-1.1930592166873033],[37.09596617907316,-1.1930636886375658]]]},"id":"001a0000000000002fa5","properties":{"FID":416146}},{"type":"Feature","geometry":{"type":"Polygon","coordinates":[[[37.08677595549612,-1.1750801671093085],[37.08684290483631,-1.1751291773461285],[37.08686966818603,-1.1750934934833976],[37.08680271887058,-1.1750444832859057],[37.08677595549612,-1.1750801671093085]]]},"id":"001a000000000000900c","properties":{"FID":379282}},{"type":"Feature","geometry":{"type":"Polygon","coordinates":[[[37.08353424029031,-1.176761255141108],[37.08357884790384,-1.176792419775334],[37.08366356136956,-1.1766586724640407],[37.08361895380816,-1.1766274490286621],[37.08353424029031,-1.176761255141108]]]},"id":"001a0000000000013624","properties":{"FID":380050}},{"type":"Feature","geometry":{"type":"Polygon","coordinates":[[[37.098614878137944,-1.1751827037184521],[37.09879769020085,-1.1752941966008217],[37.098824449134625,-1.1752540435512813],[37.098641637139266,-1.175142550749401],[37.098614878137944,-1.1751827037184521]]]},"id":"001a00000000000167f1","properties":{"FID":414099}},{"type":"Feature","geometry":{"type":"Polygon","coordinates":[[[37.100568013761134,-1.1820274484132294],[37.10080875609223,-1.1821299745304867],[37.10082217610345,-1.1820898434047549],[37.1005858526153,-1.1819873072638076],[37.100568013761134,-1.1820274484132294]]]},"id":"001a000000000000d4f4","properties":{"FID":414611}},{"type":"Feature","geometry":{"type":"Polygon","coordinates":[[[37.10120120856384,-1.1768816367300774],[37.101272563330134,-1.1769128493615928],[37.1013037401039,-1.176841483081989],[37.10123238536831,-1.1768102704655685],[37.10120120856384,-1.1768816367300774]]]},"id":"001a000000000000f1b8","properties":{"FID":414867}},{"type":"Feature","geometry":{"type":"Polygon","coordinates":[[[37.09244793304982,-1.1928407329036135],[37.092470275036284,-1.1928853271809716],[37.09253271798753,-1.1928541253627192],[37.09251037602033,-1.1928095311540385],[37.09244793304982,-1.1928407329036135]]]},"id":"001a0000000000009cd4","properties":{"FID":416147}},{"type":"Feature","geometry":{"type":"Polygon","coordinates":[[[37.08534463255914,-1.1751336756058648],[37.085433845530645,-1.1751826950481996],[37.085478370128556,-1.1750935068624027],[37.085389239058614,-1.1750489611556916],[37.08534463255914,-1.1751336756058648]]]},"id":"001a0000000000010998","properties":{"FID":379283}},{"type":"Feature","geometry":{"type":"Polygon","coordinates":[[[37.08528668499223,-1.176636369470688],[37.08537581618827,-1.1766854495930186],[37.08534013098428,-1.1767478314200803],[37.08537139646212,-1.1767701342306964],[37.08542934396132,-1.1766720177625936],[37.08530452760957,-1.1766007034864463],[37.08528668499223,-1.176636369470688]]]},"id":"001a0000000000012cfe","properties":{"FID":380051}},{"type":"Feature","geometry":{"type":"Polygon","coordinates":[[[37.10042088396146,-1.175151518303084],[37.100465399349524,-1.1751782612856836],[37.100483238228975,-1.1751470191487499],[37.100438641022116,-1.175120277448785],[37.10042088396146,-1.175151518303084]]]},"id":"001a0000000000003f9b","properties":{"FID":414100}},{"type":"Feature","geometry":{"type":"Polygon","coordinates":[[[37.10045647990816,-1.1818624353050415],[37.100509996539905,-1.1818936321842395],[37.10053233603962,-1.1818535387664044],[37.10047881942438,-1.1818267580139412],[37.10045647990816,-1.1818624353050415]]]},"id":"001a0000000000009010","properties":{"FID":414612}},{"type":"Feature","geometry":{"type":"Polygon","coordinates":[[[37.10122796660944,-1.1767969162565417],[37.101535642508885,-1.1769886527984166],[37.10156240043089,-1.176948498505654],[37.10125472464516,-1.1767567621055075],[37.10122796660944,-1.1767969162565417]]]},"id":"001a00000000000170e0","properties":{"FID":414868}},{"type":"Feature","geometry":{"type":"Polygon","coordinates":[[[37.09758043466949,-1.1928407166719333],[37.09761161303287,-1.1928496504053072],[37.097629452615315,-1.192796180365588],[37.09759377344602,-1.1927872585615142],[37.09758043466949,-1.1928407166719333]]]},"id":"001a0000000000006121","properties":{"FID":416148}},{"type":"Feature","geometry":{"type":"Polygon","coordinates":[[[37.08528218341376,-1.1750979606015006],[37.08534463255914,-1.1751202507305043],[37.08536689488892,-1.175057845171267],[37.08530452760957,-1.1750355537727253],[37.08528218341376,-1.1750979606015006]]]},"id":"001a0000000000011cdb","properties":{"FID":379284}},{"type":"Feature","geometry":{"type":"Polygon","coordinates":[[[37.083217648218785,-1.1766408603351],[37.0832755974397,-1.1766542113293341],[37.08328451899643,-1.176609614550578],[37.08322206807625,-1.1766006909010505],[37.083217648218785,-1.1766408603351]]]},"id":"001a0000000000002ca2","properties":{"FID":380052}},{"type":"Feature","geometry":{"type":"Polygon","coordinates":[[[37.094347550157735,-1.1750935047705169],[37.09443225103571,-1.1752629859937036],[37.0945036124715,-1.1752317357948223],[37.09446793176239,-1.1751559290506757],[37.094427831861914,-1.1751738009432728],[37.094383230926134,-1.1750757014568496],[37.094347550157735,-1.1750935047705169]]]},"id":"001a00000000000147a5","properties":{"FID":414101}},{"type":"Feature","geometry":{"type":"Polygon","coordinates":[[[37.10053233603963,-1.181866904856251],[37.10059477204074,-1.1818981392345707],[37.10063486852683,-1.181817847363128],[37.100572432560284,-1.1817866130129462],[37.10053233603963,-1.181866904856251]]]},"id":"001a000000000000d9f2","properties":{"FID":414613}},{"type":"Feature","geometry":{"type":"Polygon","coordinates":[[[37.11019070073791,-1.176841489438609],[37.11023087372755,-1.1768459277560117],[37.11023979196458,-1.1767611997432288],[37.1101996189799,-1.1767567613943872],[37.11019070073791,-1.176841489438609]]]},"id":"001a0000000000003246","properties":{"FID":414869}},{"type":"Feature","geometry":{"type":"Polygon","coordinates":[[[37.09733518077617,-1.1927872641442054],[37.09736635924513,-1.1927872446651226],[37.09736635924513,-1.192827357606823],[37.09740645751881,-1.192827374430616],[37.09741095834406,-1.1927381834712747],[37.09733518077617,-1.1927381979923464],[37.09733518077617,-1.1927872641442054]]]},"id":"001a000000000000a845","properties":{"FID":416149}},{"type":"Feature","geometry":{"type":"Polygon","coordinates":[[[37.08227678538946,-1.1750623369432023],[37.082312472101464,-1.175080155491092],[37.08233023360066,-1.1750355412231046],[37.08229462874766,-1.1750221965324805],[37.08227678538946,-1.1750623369432023]]]},"id":"001a0000000000006fb1","properties":{"FID":379285}},{"type":"Feature","geometry":{"type":"Polygon","coordinates":[[[37.089219566344745,-1.176654233532548],[37.089264170459344,-1.1766720297907713],[37.08929093291493,-1.1766096129909243],[37.089246328816806,-1.1765917578563785],[37.089219566344745,-1.176654233532548]]]},"id":"001a0000000000007f60","properties":{"FID":380053}},{"type":"Feature","geometry":{"type":"Polygon","coordinates":[[[37.10051449717226,-1.1751291678379816],[37.10063486852683,-1.1751960609226166],[37.10061702968474,-1.1752317771600902],[37.100697304439535,-1.1752763328578633],[37.10075974029841,-1.1751603920952192],[37.100559094332404,-1.1750489434640363],[37.10051449717226,-1.1751291678379816]]]},"id":"001a00000000000181c5","properties":{"FID":414102}},{"type":"Feature","geometry":{"type":"Polygon","coordinates":[[[37.10067946561283,-1.1817777014131285],[37.10073298207977,-1.1818445802102284],[37.100773078489325,-1.1818089205391813],[37.10072406267136,-1.1817420305190431],[37.10067946561283,-1.1817777014131285]]]},"id":"001a000000000000902b","properties":{"FID":414614}},{"type":"Feature","geometry":{"type":"Polygon","coordinates":[[[37.1038900563129,-1.1767344977271799],[37.103934651393814,-1.1767746020228658],[37.10396582702123,-1.176738913609168],[37.10392123195951,-1.1766988093525044],[37.1038900563129,-1.1767344977271799]]]},"id":"001a00000000000097fd","properties":{"FID":414870}},{"type":"Feature","geometry":{"type":"Polygon","coordinates":[[[37.09762053282464,-1.1927872497241259],[37.097665131767044,-1.1927872546285265],[37.097665131767044,-1.1927069702908712],[37.097624951803645,-1.1927069546993851],[37.09762053282464,-1.1927872497241259]]]},"id":"001a000000000000a027","properties":{"FID":416150}},{"type":"Feature","geometry":{"type":"Polygon","coordinates":[[[37.08942916452356,-1.1751336603868339],[37.08947376850915,-1.1751515155279075],[37.08953171272833,-1.1750222047676089],[37.0894871087784,-1.1750043496364566],[37.08942916452356,-1.1751336603868339]]]},"id":"001a000000000000e3c2","properties":{"FID":379286}},{"type":"Feature","geometry":{"type":"Polygon","coordinates":[[[37.08370816890352,-1.1766809453735674],[37.08377945905217,-1.1767255337946163],[37.08384632931158,-1.1766185621645175],[37.08377945905217,-1.1765739641310022],[37.08370816890352,-1.1766809453735674]]]},"id":"001a0000000000015367","properties":{"FID":380054}},{"type":"Feature","geometry":{"type":"Polygon","coordinates":[[[37.096086557987825,-1.17509798166118],[37.09614457875287,-1.1751291678160032],[37.09618025863609,-1.1750623237593316],[37.09612673880467,-1.1750310678519422],[37.096086557987825,-1.17509798166118]]]},"id":"001a000000000000c8c3","properties":{"FID":414103}},{"type":"Feature","geometry":{"type":"Polygon","coordinates":[[[37.10070622385124,-1.181652868414754],[37.10077757910534,-1.1816840813615965],[37.1008043373075,-1.1816171875776227],[37.10073740086885,-1.1815859646237306],[37.10070622385124,-1.181652868414754]]]},"id":"001a000000000000db3b","properties":{"FID":414615}},{"type":"Feature","geometry":{"type":"Polygon","coordinates":[[[37.10125022405881,-1.176743409189324],[37.10136167486042,-1.1768013745743442],[37.10138401409736,-1.1767612302317132],[37.101272563330134,-1.1766987906155932],[37.10125022405881,-1.176743409189324]]]},"id":"001a0000000000001db6","properties":{"FID":414871}},{"type":"Feature","geometry":{"type":"Polygon","coordinates":[[[37.09170777924467,-1.192613335137958],[37.091747880650765,-1.1927159092104918],[37.09182366406371,-1.1926891511813644],[37.09178356269956,-1.1925865772773043],[37.09170777924467,-1.192613335137958]]]},"id":"001a0000000000006e2c","properties":{"FID":416151}},{"type":"Feature","geometry":{"type":"Polygon","coordinates":[[[37.08540708165072,-1.1750400291498686],[37.08548729141419,-1.175084595347804],[37.08550963554677,-1.1750444456294262],[37.08542934396132,-1.174999880725823],[37.08540708165072,-1.1750400291498686]]]},"id":"001a0000000000007b07","properties":{"FID":379287}},{"type":"Feature","geometry":{"type":"Polygon","coordinates":[[[37.08402475883284,-1.1765471928205884],[37.08406036283612,-1.1765650123217721],[37.08407820575533,-1.1765293458850927],[37.08403810010508,-1.1765115373560735],[37.08402475883284,-1.1765471928205884]]]},"id":"001a0000000000005f85","properties":{"FID":380055}},{"type":"Feature","geometry":{"type":"Polygon","coordinates":[[[37.09441891167696,-1.1750533648616226],[37.09446793176239,-1.1751604034939032],[37.09453037299179,-1.17513364848317],[37.094481352948605,-1.175022194455529],[37.09441891167696,-1.1750533648616226]]]},"id":"001a0000000000013a08","properties":{"FID":414104}},{"type":"Feature","geometry":{"type":"Polygon","coordinates":[[[37.10005518573949,-1.181577053526783],[37.10007752537952,-1.1816216316619552],[37.10014438059808,-1.1815859669993674],[37.100099783182515,-1.1814968096385192],[37.1000641052303,-1.181510143115691],[37.10009086369611,-1.1815547700403546],[37.10005518573949,-1.181577053526783]]]},"id":"001a000000000000cc8a","properties":{"FID":414616}},{"type":"Feature","geometry":{"type":"Polygon","coordinates":[[[37.105089531682985,-1.1767790355287675],[37.105134126024986,-1.1767968866710814],[37.1051698014788,-1.1767032606316132],[37.105129625679794,-1.1766853997417188],[37.105089531682985,-1.1767790355287675]]]},"id":"001a000000000000bab6","properties":{"FID":414872}},{"type":"Feature","geometry":{"type":"Polygon","coordinates":[[[37.097553675276046,-1.1926534736772492],[37.09764729219338,-1.19266236728284],[37.097656211980755,-1.1925821195705533],[37.09756259507496,-1.1925732258920934],[37.097553675276046,-1.1926534736772492]]]},"id":"001a00000000000069b8","properties":{"FID":416152}},{"type":"Feature","geometry":{"type":"Polygon","coordinates":[[[37.08465343292603,-1.1750355754127035],[37.084715882613104,-1.1750845979076852],[37.08474264674824,-1.1750489131730337],[37.08468019708422,-1.174999890719374],[37.08465343292603,-1.1750355754127035]]]},"id":"001a00000000000012cf","properties":{"FID":379288}},{"type":"Feature","geometry":{"type":"Polygon","coordinates":[[[37.08910367736086,-1.1765784273330755],[37.08914378020816,-1.1766007095431292],[37.08920172469121,-1.176489232400316],[37.08916162187597,-1.1764669502250142],[37.08910367736086,-1.1765784273330755]]]},"id":"001a0000000000011c9e","properties":{"FID":380056}},{"type":"Feature","geometry":{"type":"Polygon","coordinates":[[[37.089883960204986,-1.1750935212315359],[37.08997316758882,-1.1751381217900905],[37.09002219068235,-1.1750444532116335],[37.0899330652005,-1.1749954356301417],[37.089883960204986,-1.1750935212315359]]]},"id":"001a000000000000d096","properties":{"FID":414105}},{"type":"Feature","geometry":{"type":"Polygon","coordinates":[[[37.09977426213209,-1.1812471060545866],[37.09981444090299,-1.1812961164080593],[37.099850118978225,-1.181264942151594],[37.09981444090299,-1.1812203366430454],[37.09977426213209,-1.1812471060545866]]]},"id":"001a000000000000b045","properties":{"FID":414617}},{"type":"Feature","geometry":{"type":"Polygon","coordinates":[[[37.1034931997956,-1.176685440820259],[37.10353779512099,-1.1766988182353204],[37.10356447047681,-1.1765962644390613],[37.10352437561312,-1.1765828759975112],[37.1034931997956,-1.176685440820259]]]},"id":"001a00000000000044da","properties":{"FID":414873}},{"type":"Feature","geometry":{"type":"Polygon","coordinates":[[[37.09239449229968,-1.1925152318753118],[37.09240341273392,-1.1925954986033438],[37.09248811588498,-1.192586567044222],[37.09247469432949,-1.1925063123291728],[37.09239449229968,-1.1925152318753118]]]},"id":"001a000000000000122a","properties":{"FID":416153}},{"type":"Feature","geometry":{"type":"Polygon","coordinates":[[[37.08113971242431,-1.1750578756019323],[37.08121550692993,-1.1751069292106266],[37.08126453594697,-1.1750310923604832],[37.08118432151118,-1.1749820484240816],[37.08113971242431,-1.1750578756019323]]]},"id":"001a000000000000cfc3","properties":{"FID":379289}},{"type":"Feature","geometry":{"type":"Polygon","coordinates":[[[37.079525499827085,-1.176475849282805],[37.07954334386236,-1.1765338124873064],[37.079592374010105,-1.1765159743667217],[37.079574529986886,-1.1764624866900235],[37.079525499827085,-1.176475849282805]]]},"id":"001a0000000000002696","properties":{"FID":380057}},{"type":"Feature","geometry":{"type":"Polygon","coordinates":[[[37.09595283999689,-1.1750533686057247],[37.09599743996622,-1.1750712221088968],[37.09602419993464,-1.1750132884114892],[37.09597959998178,-1.174995434912957],[37.09595283999689,-1.1750533686057247]]]},"id":"001a0000000000006cee","properties":{"FID":414106}},{"type":"Feature","geometry":{"type":"Polygon","coordinates":[[[37.090410200341005,-1.1810865427347226],[37.09045472188168,-1.1811043986893583],[37.090481483897555,-1.1810286056045187],[37.090436880532266,-1.181010750928982],[37.090410200341005,-1.1810865427347226]]]},"id":"001a000000000000707c","properties":{"FID":414618}},{"type":"Feature","geometry":{"type":"Polygon","coordinates":[[[37.10373393240032,-1.1766452618213037],[37.10380528467048,-1.1766631098742488],[37.10382312272703,-1.1765828876548998],[37.10375627090529,-1.1765650285626494],[37.10373393240032,-1.1766452618213037]]]},"id":"001a000000000000f8fe","properties":{"FID":414874}},{"type":"Feature","geometry":{"type":"Polygon","coordinates":[[[37.096800071050374,-1.1924661819040958],[37.09680449007943,-1.1924973897880535],[37.09684908952435,-1.192492918261275],[37.09684467049802,-1.1924572337877533],[37.096800071050374,-1.1924661819040958]]]},"id":"001a0000000000002e63","properties":{"FID":416154}},{"type":"Feature","geometry":{"type":"Polygon","coordinates":[[[37.086303297942564,-1.1750400353738883],[37.086347903852065,-1.1750623073167263],[37.086383588559904,-1.1749998712840488],[37.08633898267236,-1.1749775993581548],[37.086303297942564,-1.1750400353738883]]]},"id":"001a000000000000a9ee","properties":{"FID":379290}},{"type":"Feature","geometry":{"type":"Polygon","coordinates":[[[37.083931124313146,-1.1764892312408162],[37.08395338707704,-1.1765204478968456],[37.084006915900474,-1.176489232943286],[37.08398457130467,-1.1764580175992554],[37.083931124313146,-1.1764892312408162]]]},"id":"001a00000000000078c8","properties":{"FID":380058}},{"type":"Feature","geometry":{"type":"Polygon","coordinates":[[[37.09564514037757,-1.1749642365075008],[37.09572091971365,-1.1750176958985001],[37.095747679784225,-1.174982074965954],[37.09567190047615,-1.174924082399858],[37.09564514037757,-1.1749642365075008]]]},"id":"001a000000000000f4ee","properties":{"FID":414107}},{"type":"Feature","geometry":{"type":"Polygon","coordinates":[[[37.099805521381434,-1.1810018516903387],[37.09983227994281,-1.1810909919905288],[37.09989913538778,-1.1810731690416563],[37.09987237685112,-1.1809839699790747],[37.099805521381434,-1.1810018516903387]]]},"id":"001a0000000000008261","properties":{"FID":414619}},{"type":"Feature","geometry":{"type":"Polygon","coordinates":[[[37.105646918071415,-1.176663119669691],[37.10571376814714,-1.1766765042263905],[37.105736106041164,-1.176565013812975],[37.10566917416223,-1.1765516304810981],[37.105646918071415,-1.176663119669691]]]},"id":"001a00000000000062b6","properties":{"FID":414875}},{"type":"Feature","geometry":{"type":"Polygon","coordinates":[[[37.09256389852364,-1.1924884741761994],[37.09263526179989,-1.192488470712942],[37.0926352617999,-1.1924349841218116],[37.09256389852364,-1.1924349875365186],[37.09256389852364,-1.1924884741761994]]]},"id":"001a0000000000007a94","properties":{"FID":416155}},{"type":"Feature","geometry":{"type":"Polygon","coordinates":[[[37.08477833224639,-1.174990950899919],[37.08480951611914,-1.1750177296544955],[37.08483628021969,-1.1749909361109563],[37.08480059475008,-1.1749642271355094],[37.08477833224639,-1.174990950899919]]]},"id":"001a000000000000a7c4","properties":{"FID":379291}},{"type":"Feature","geometry":{"type":"Polygon","coordinates":[[[37.081973529478816,-1.1765204290676936],[37.082085009936726,-1.176587301566016],[37.082138540139745,-1.1765026174284992],[37.08202705976414,-1.1764356861416119],[37.081973529478816,-1.1765204290676936]]]},"id":"001a0000000000009164","properties":{"FID":380059}},{"type":"Feature","geometry":{"type":"Polygon","coordinates":[[[37.09581903992411,-1.1749508257553203],[37.09585471996768,-1.1749954281333623],[37.095912659083574,-1.1749418975827985],[37.09587697906853,-1.1749017696140942],[37.09581903992411,-1.1749508257553203]]]},"id":"001a00000000000097fe","properties":{"FID":414108}},{"type":"Feature","geometry":{"type":"Polygon","coordinates":[[[37.09976984328423,-1.1809572463853448],[37.099787682335034,-1.1810063102190003],[37.09983227994281,-1.1809884809701459],[37.09980994022711,-1.1809394284434156],[37.09976984328423,-1.1809572463853448]]]},"id":"001a000000000000046f","properties":{"FID":414620}},{"type":"Feature","geometry":{"type":"Polygon","coordinates":[[[37.103720594754854,-1.1765293776492216],[37.10376518994016,-1.1765561184741204],[37.10380528467048,-1.1764758452616884],[37.10376068950987,-1.176453578556066],[37.103720594754854,-1.1765293776492216]]]},"id":"001a000000000000839d","properties":{"FID":414876}},{"type":"Feature","geometry":{"type":"Polygon","coordinates":[[[37.09289387124873,-1.1923234720712899],[37.092902791621476,-1.1923858894485435],[37.09293397199831,-1.1923814522860237],[37.09292513346766,-1.1923190336541043],[37.09289387124873,-1.1923234720712899]]]},"id":"001a00000000000057a8","properties":{"FID":416156}},{"type":"Feature","geometry":{"type":"Polygon","coordinates":[[[37.08669124566778,-1.1750221879796463],[37.08671800907352,-1.175040025942499],[37.08675369359913,-1.1749864810862498],[37.086726930206574,-1.174968643142213],[37.08669124566778,-1.1750221879796463]]]},"id":"001a0000000000005cc5","properties":{"FID":379292}},{"type":"Feature","geometry":{"type":"Polygon","coordinates":[[[37.08116647787973,-1.1764936732779223],[37.081206585118586,-1.1765159578986284],[37.081246692335256,-1.1764535637227949],[37.081206585118586,-1.1764312791238871],[37.08116647787973,-1.1764936732779223]]]},"id":"001a000000000000c745","properties":{"FID":380060}},{"type":"Feature","geometry":{"type":"Polygon","coordinates":[[[37.09610889885208,-1.1749285526827669],[37.096171338666935,-1.174968677801534],[37.096211437602214,-1.1749107142757114],[37.09614457875287,-1.1748705399594817],[37.09610889885208,-1.1749285526827669]]]},"id":"001a000000000000dea4","properties":{"FID":414109}},{"type":"Feature","geometry":{"type":"Polygon","coordinates":[[[37.099992749273106,-1.1807342677091217],[37.100059686400115,-1.1807744406647633],[37.10009536435452,-1.180712002049734],[37.10002400842815,-1.1806718391019042],[37.099992749273106,-1.1807342677091217]]]},"id":"001a000000000000bacf","properties":{"FID":414621}},{"type":"Feature","geometry":{"type":"Polygon","coordinates":[[[37.10636925564331,-1.176466938669884],[37.106404930488374,-1.1764713884437534],[37.10640943075428,-1.1764446515461564],[37.10637375591143,-1.1764357278283037],[37.10636925564331,-1.176466938669884]]]},"id":"001a0000000000001b54","properties":{"FID":414877}},{"type":"Feature","geometry":{"type":"Polygon","coordinates":[[[37.09313463908932,-1.192287817056748],[37.09315247977442,-1.1923546884774014],[37.09319266221881,-1.1923458096451292],[37.093174821543606,-1.1922788793694663],[37.09313463908932,-1.192287817056748]]]},"id":"001a0000000000009e20","properties":{"FID":416157}},{"type":"Feature","geometry":{"type":"Polygon","coordinates":[[[37.08070270562464,-1.1749998744725643],[37.08074731498038,-1.1750266233409958],[37.0807830024452,-1.17496865824867],[37.080738393111425,-1.1749419094065066],[37.08070270562464,-1.1749998744725643]]]},"id":"001a0000000000003d80","properties":{"FID":379293}},{"type":"Feature","geometry":{"type":"Polygon","coordinates":[[[37.08403810010508,-1.1764268027576645],[37.08406928429628,-1.1764357404099313],[37.084055943029774,-1.1764847625181567],[37.0841273146846,-1.1765070321951543],[37.08415407903705,-1.1764178783232575],[37.084047021567976,-1.1763866819351263],[37.08403810010508,-1.1764268027576645]]]},"id":"001a000000000000bd37","properties":{"FID":380061}},{"type":"Feature","geometry":{"type":"Polygon","coordinates":[[[37.09917673325833,-1.1749642350960998],[37.099221331242376,-1.1749909772206009],[37.099306108251916,-1.1748616200313946],[37.09925700960983,-1.1748304147439108],[37.09917673325833,-1.1749642350960998]]]},"id":"001a0000000000010b44","properties":{"FID":414110}},{"type":"Feature","geometry":{"type":"Polygon","coordinates":[[[37.091997572784024,-1.1803061881405024],[37.092046676347124,-1.1803329817850001],[37.09203775586897,-1.1803507862353992],[37.09208235824877,-1.1803775321939645],[37.0921135389787,-1.1803240500470458],[37.09201541374913,-1.1802661040292897],[37.091997572784024,-1.1803061881405024]]]},"id":"001a00000000000101ac","properties":{"FID":414622}},{"type":"Feature","geometry":{"type":"Polygon","coordinates":[[[37.105584486427205,-1.1764669390281064],[37.105660255361954,-1.1764847769126734],[37.10566917416223,-1.1764401929692732],[37.10559340523682,-1.1764223550677755],[37.105584486427205,-1.1764669390281064]]]},"id":"001a0000000000005432","properties":{"FID":414878}},{"type":"Feature","geometry":{"type":"Polygon","coordinates":[[[37.09403984371929,-1.192287833374369],[37.094084444866496,-1.192292256491981],[37.094084444866496,-1.1922610370923166],[37.09403984371929,-1.1922566139611004],[37.09403984371929,-1.192287833374369]]]},"id":"001a0000000000002f09","properties":{"FID":416158}},{"type":"Feature","geometry":{"type":"Polygon","coordinates":[[[37.08685624558986,-1.1750400031512884],[37.086896349680835,-1.1750533949701045],[37.086927614487394,-1.1749597628207817],[37.08688751041371,-1.174946370997533],[37.08685624558986,-1.1750400031512884]]]},"id":"001a0000000000005cb8","properties":{"FID":379294}},{"type":"Feature","geometry":{"type":"Polygon","coordinates":[[[37.08802899462929,-1.176400032177783],[37.08810036237196,-1.1764402004964094],[37.088127125257344,-1.1763911493205483],[37.08805575754103,-1.1763509810307498],[37.08802899462929,-1.176400032177783]]]},"id":"001a00000000000082f8","properties":{"FID":380062}},{"type":"Feature","geometry":{"type":"Polygon","coordinates":[[[37.09803076022631,-1.174839357811673],[37.098070858132125,-1.1748571628311455],[37.098088697601455,-1.1748170306234662],[37.09804859970552,-1.174799225609219],[37.09803076022631,-1.174839357811673]]]},"id":"001a0000000000003a49","properties":{"FID":414111}},{"type":"Feature","geometry":{"type":"Polygon","coordinates":[[[37.09803076022631,-1.180243799353482],[37.09804859970552,-1.1802839135651062],[37.09808427865075,-1.1802661059107353],[37.09806643918033,-1.180225932854449],[37.09803076022631,-1.180243799353482]]]},"id":"001a00000000000052a9","properties":{"FID":414623}},{"type":"Feature","geometry":{"type":"Polygon","coordinates":[[[37.10310526021895,-1.1764446223861151],[37.10314085484593,-1.1764624960527637],[37.10316319353392,-1.1764178789825537],[37.10313201756086,-1.176400054462435],[37.10310526021895,-1.1764446223861151]]]},"id":"001a0000000000005f03","properties":{"FID":414879}},{"type":"Feature","geometry":{"type":"Polygon","coordinates":[[[37.09100321847092,-1.1922878244485058],[37.09103439966528,-1.1923235028346888],[37.09107008206545,-1.1922833562019848],[37.091038900886446,-1.192252154773204],[37.09100321847092,-1.1922878244485058]]]},"id":"001a000000000000512c","properties":{"FID":416159}},{"type":"Feature","geometry":{"type":"Polygon","coordinates":[[[37.07942293746572,-1.17503106852124],[37.0795032357035,-1.1750578537411447],[37.07953442184527,-1.1749686894344895],[37.07945412364203,-1.1749419042066003],[37.07942293746572,-1.17503106852124]]]},"id":"001a00000000000119af","properties":{"FID":379295}},{"type":"Feature","geometry":{"type":"Polygon","coordinates":[[[37.08409162886596,-1.1763822212766355],[37.084136236136516,-1.1764178607387237],[37.08416300048567,-1.1763821738794922],[37.08411839323159,-1.1763510096387786],[37.08409162886596,-1.1763822212766355]]]},"id":"001a000000000000bd38","properties":{"FID":380063}},{"type":"Feature","geometry":{"type":"Polygon","coordinates":[[[37.09568523960416,-1.174834918736506],[37.095787860789066,-1.174888432907802],[37.09580119989572,-1.17485720018896],[37.095698660564835,-1.1748036847679872],[37.09568523960416,-1.174834918736506]]]},"id":"001a00000000000097e7","properties":{"FID":414112}},{"type":"Feature","geometry":{"type":"Polygon","coordinates":[[[37.098088697601455,-1.1802348893255556],[37.09811545679722,-1.1802749823440102],[37.09837412851311,-1.1801100343567912],[37.09831169059731,-1.1800074367819195],[37.09821357376373,-1.1800699053116273],[37.09821807453882,-1.1800832598828463],[37.098097617334474,-1.1801590891482965],[37.09812887730757,-1.1802081207007729],[37.098088697601455,-1.1802348893255556]]]},"id":"001a0000000000016633","properties":{"FID":414624}},{"type":"Feature","geometry":{"type":"Polygon","coordinates":[[[37.103600146704196,-1.176462488052719],[37.103644741963706,-1.176489228906272],[37.103698256238864,-1.1764133981083118],[37.103649242401204,-1.1763821929407268],[37.103600146704196,-1.176462488052719]]]},"id":"001a0000000000005e3e","properties":{"FID":414880}},{"type":"Feature","geometry":{"type":"Polygon","coordinates":[[[37.092987494188684,-1.192243242927973],[37.0929964145499,-1.1922967064720653],[37.09309903954399,-1.1922744164704822],[37.09309011919541,-1.1922209530295669],[37.092987494188684,-1.192243242927973]]]},"id":"001a0000000000007ae3","properties":{"FID":416160}},{"type":"Feature","geometry":{"type":"Polygon","coordinates":[[[37.0893355369856,-1.1750088185345204],[37.089406903441585,-1.1750444521400574],[37.08944250480103,-1.1749686545500255],[37.089375639704606,-1.1749330100871185],[37.0893355369856,-1.1750088185345204]]]},"id":"001a0000000000001d66","properties":{"FID":379296}},{"type":"Feature","geometry":{"type":"Polygon","coordinates":[[[37.07945412364203,-1.176440151706722],[37.07949873376592,-1.1764535338411994],[37.07952549982708,-1.1763643749487063],[37.079480889719655,-1.1763465173494168],[37.07945412364203,-1.176440151706722]]]},"id":"001a00000000000071bc","properties":{"FID":380064}},{"type":"Feature","geometry":{"type":"Polygon","coordinates":[[[37.09791930429801,-1.174817066218368],[37.09799508125471,-1.1748616343400526],[37.09803076022631,-1.1747992077965808],[37.09795048251549,-1.1747546506153157],[37.09791930429801,-1.174817066218368]]]},"id":"001a000000000000e8c3","properties":{"FID":414113}},{"type":"Feature","geometry":{"type":"Polygon","coordinates":[[[37.09313463908932,-1.1800787966290234],[37.093161400115335,-1.1800921588231643],[37.09320158255476,-1.1800029720446117],[37.09317032045513,-1.1799896210495084],[37.09313463908932,-1.1800787966290234]]]},"id":"001a0000000000005280","properties":{"FID":414625}},{"type":"Feature","geometry":{"type":"Polygon","coordinates":[[[37.10568259327251,-1.1764981463322695],[37.105811874817206,-1.176529340417428],[37.10583863115869,-1.176413425837361],[37.10570484935235,-1.1763821838214354],[37.10568259327251,-1.1764981463322695]]]},"id":"001a000000000000cf2c","properties":{"FID":414881}},{"type":"Feature","geometry":{"type":"Polygon","coordinates":[[[37.094057684181465,-1.1921986069647879],[37.09412462679395,-1.1922030910421528],[37.09412904598624,-1.1921495953158547],[37.09406218521482,-1.1921451099133435],[37.094057684181465,-1.1921986069647879]]]},"id":"001a0000000000000217","properties":{"FID":416161}},{"type":"Feature","geometry":{"type":"Polygon","coordinates":[[[37.081246692335256,-1.1749597660654894],[37.08133140852611,-1.1750087990782634],[37.081367095703456,-1.1749463592829172],[37.08128688138113,-1.1748973154522173],[37.081246692335256,-1.1749597660654894]]]},"id":"001a000000000000fd13","properties":{"FID":379297}},{"type":"Feature","geometry":{"type":"Polygon","coordinates":[[[37.083306781958896,-1.1764134176313525],[37.08340041728502,-1.176462488052511],[37.08344060513703,-1.176391143954621],[37.08334246816389,-1.1763420845334605],[37.083306781958896,-1.1764134176313525]]]},"id":"001a0000000000005ee2","properties":{"FID":380065}},{"type":"Feature","geometry":{"type":"Polygon","coordinates":[[[37.09810211811678,-1.1747323428978993],[37.098164556213256,-1.1747679926714416],[37.09820023510136,-1.1747055664758583],[37.09814221598308,-1.1746654329444464],[37.09810211811678,-1.1747323428978993]]]},"id":"001a0000000000001dd1","properties":{"FID":414114}},{"type":"Feature","geometry":{"type":"Polygon","coordinates":[[[37.09266202301036,-1.1799762178357174],[37.09273338618995,-1.180025276129049],[37.09277790630307,-1.1799583974535997],[37.09270662500584,-1.1799093379527994],[37.09266202301036,-1.1799762178357174]]]},"id":"001a000000000000d9fe","properties":{"FID":414626}},{"type":"Feature","geometry":{"type":"Polygon","coordinates":[[[37.109432646151696,-1.1764446207088182],[37.10952632952846,-1.176475836036508],[37.10955308449676,-1.1764089617133862],[37.10945940115463,-1.1763732726284113],[37.109432646151696,-1.1764446207088182]]]},"id":"001a000000000000c8a2","properties":{"FID":414882}},{"type":"Feature","geometry":{"type":"Polygon","coordinates":[[[37.09120831028005,-1.1921273181823964],[37.09124849380273,-1.192140647060796],[37.09127967489153,-1.1920603975337267],[37.0912395732263,-1.1920425904899126],[37.09120831028005,-1.1921273181823964]]]},"id":"001a0000000000002066","properties":{"FID":416162}},{"type":"Feature","geometry":{"type":"Polygon","coordinates":[[[37.081001465006445,-1.174924054556726],[37.08109510331,-1.1749731261331522],[37.08113521058833,-1.17490178518581],[37.08104157233658,-1.1748527136556977],[37.081001465006445,-1.174924054556726]]]},"id":"001a000000000000dde4","properties":{"FID":379298}},{"type":"Feature","geometry":{"type":"Polygon","coordinates":[[[37.08594661337057,-1.1764401754789555],[37.085991219499576,-1.1764669227650206],[37.08604466497213,-1.1763688191211692],[37.086000140722085,-1.1763465456904336],[37.08594661337057,-1.1764401754789555]]]},"id":"001a000000000000dc41","properties":{"FID":380066}},{"type":"Feature","geometry":{"type":"Polygon","coordinates":[[[37.098958243655225,-1.1746431297296018],[37.09918123397357,-1.1747813732765005],[37.09920349205205,-1.1747457062215545],[37.09898500252967,-1.1746030366296152],[37.098958243655225,-1.1746431297296018]]]},"id":"001a00000000000134a6","properties":{"FID":414115}},{"type":"Feature","geometry":{"type":"Polygon","coordinates":[[[37.098307189828034,-1.179989607384271],[37.0983607080482,-1.180083276303468],[37.098530182151116,-1.1799851343653522],[37.0984766640562,-1.179891524739379],[37.098307189828034,-1.179989607384271]]]},"id":"001a000000000001383d","properties":{"FID":414627}},{"type":"Feature","geometry":{"type":"Polygon","coordinates":[[[37.10644060531586,-1.1764268015454482],[37.10654762969281,-1.176471409506954],[37.10658330444996,-1.1763822012281675],[37.10647628012576,-1.1763375932859328],[37.10644060531586,-1.1764268015454482]]]},"id":"001a0000000000003c7d","properties":{"FID":414883}},{"type":"Feature","geometry":{"type":"Polygon","coordinates":[[[37.09484699747992,-1.1918909673006706],[37.094860336759844,-1.1919935439013019],[37.09494503703823,-1.1919890310674477],[37.094936116916955,-1.1918820262617826],[37.09484699747992,-1.1918909673006706]]]},"id":"001a0000000000015289","properties":{"FID":416163}},{"type":"Feature","geometry":{"type":"Polygon","coordinates":[[[37.07926242257709,-1.1749196124775008],[37.07930253086914,-1.1749508479951172],[37.07932929700273,-1.1749151610700639],[37.07934263913902,-1.1749240815647115],[37.079378327295196,-1.1748750073303946],[37.079324876907954,-1.1748349102739066],[37.07926242257709,-1.1749196124775008]]]},"id":"001a0000000000005241","properties":{"FID":379299}},{"type":"Feature","geometry":{"type":"Polygon","coordinates":[[[37.08061348683081,-1.1763465557934023],[37.080649174361525,-1.1763643748487933],[37.08067151998534,-1.1763242208255626],[37.08063583246564,-1.1763064017787395],[37.08061348683081,-1.1763465557934023]]]},"id":"001a0000000000002f66","properties":{"FID":380067}},{"type":"Feature","geometry":{"type":"Polygon","coordinates":[[[37.09416472686227,-1.1745985600394742],[37.09422716835302,-1.174669889066824],[37.09428960978996,-1.1746164062116495],[37.09422266732994,-1.1745450293161797],[37.09416472686227,-1.1745985600394742]]]},"id":"001a00000000000165dd","properties":{"FID":414116}},{"type":"Feature","geometry":{"type":"Polygon","coordinates":[[[37.092603999455875,-1.1799316625939893],[37.09263526179989,-1.1799539640663317],[37.09266644229187,-1.179913790895083],[37.09263076067789,-1.1798914993485337],[37.092603999455875,-1.1799316625939893]]]},"id":"001a0000000000002295","properties":{"FID":414628}},{"type":"Feature","geometry":{"type":"Polygon","coordinates":[[[37.102003863802366,-1.1764268122973396],[37.10205287875396,-1.1764446544962268],[37.10211081291104,-1.1763152992341934],[37.10206179799868,-1.1762930417462973],[37.102003863802366,-1.1764268122973396]]]},"id":"001a0000000000013d47","properties":{"FID":414884}},{"type":"Feature","geometry":{"type":"Polygon","coordinates":[[[37.090173842880226,-1.1918731443638517],[37.09022286583799,-1.1918954061388871],[37.090263049907186,-1.1918107145501156],[37.09021394513529,-1.1917883951708685],[37.090173842880226,-1.1918731443638517]]]},"id":"001a0000000000007bae","properties":{"FID":416164}},{"type":"Feature","geometry":{"type":"Polygon","coordinates":[[[37.079458625582376,-1.174897317339217],[37.079534421845274,-1.1749508472519905],[37.079587953931366,-1.1748661067955204],[37.07951215772443,-1.1748170522235817],[37.079458625582376,-1.174897317339217]]]},"id":"001a0000000000005ce6","properties":{"FID":379300}},{"type":"Feature","geometry":{"type":"Polygon","coordinates":[[[37.082651331289675,-1.1762707207168168],[37.08269143770712,-1.1762974801151038],[37.08272712421501,-1.176243988904867],[37.082687017817314,-1.1762172295348183],[37.082651331289675,-1.1762707207168168]]]},"id":"001a000000000000c64b","properties":{"FID":380068}},{"type":"Feature","geometry":{"type":"Polygon","coordinates":[[[37.09591265908357,-1.1745584024072213],[37.09597509906758,-1.1745941120744068],[37.095997439966226,-1.1745539683107853],[37.09593500000147,-1.1745183175373224],[37.09591265908357,-1.1745584024072213]]]},"id":"001a000000000000ac4c","properties":{"FID":414117}},{"type":"Feature","geometry":{"type":"Polygon","coordinates":[[[37.09813779703564,-1.1799628637799704],[37.09820915482064,-1.180065440356206],[37.09829385118291,-1.1800118950230643],[37.09822249348136,-1.1799049026933737],[37.09813779703564,-1.1799628637799704]]]},"id":"001a000000000001444d","properties":{"FID":414629}},{"type":"Feature","geometry":{"type":"Polygon","coordinates":[[[37.10636925564331,-1.1763331328145339],[37.10640051204522,-1.176342066288994],[37.106373755911434,-1.1764267799586363],[37.106431686610634,-1.176444659160053],[37.106471861686956,-1.176315292313383],[37.10638267462379,-1.176288538484552],[37.10636925564331,-1.1763331328145339]]]},"id":"001a0000000000012724","properties":{"FID":414885}},{"type":"Feature","geometry":{"type":"Polygon","coordinates":[[[37.0974555574155,-1.1914673253807835],[37.097459976404586,-1.1915342259369863],[37.09750015645951,-1.1915297656804467],[37.0974956556398,-1.1914628664536608],[37.0974555574155,-1.1914673253807835]]]},"id":"001a00000000000061fa","properties":{"FID":416165}},{"type":"Feature","geometry":{"type":"Polygon","coordinates":[[[37.08015421293583,-1.1748705831442146],[37.08022108653902,-1.1748883901181906],[37.08023893040314,-1.1748304658509274],[37.080167636773005,-1.1748126095688864],[37.08015421293583,-1.1748705831442146]]]},"id":"001a000000000000e94e","properties":{"FID":379301}},{"type":"Feature","geometry":{"type":"Polygon","coordinates":[[[37.080809686180366,-1.1762662532070698],[37.08088106103107,-1.176301950088017],[37.08091674843007,-1.1762395069537426],[37.08084095361215,-1.1761994032987042],[37.080809686180366,-1.1762662532070698]]]},"id":"001a000000000000c763","properties":{"FID":380069}},{"type":"Feature","geometry":{"type":"Polygon","coordinates":[[[37.097018567164575,-1.1745718177755147],[37.09714344517203,-1.1746342287009846],[37.09715678402903,-1.1746029967905551],[37.097076505349456,-1.1745629133503608],[37.09710326491921,-1.174509396817781],[37.09705866563081,-1.1744870693658562],[37.097018567164575,-1.1745718177755147]]]},"id":"001a000000000000eebe","properties":{"FID":414118}},{"type":"Feature","geometry":{"type":"Polygon","coordinates":[[[37.091364379356364,-1.1798737016243557],[37.09143132445754,-1.179909344877215],[37.09148476591811,-1.1798023438935148],[37.09141790270626,-1.179771115761794],[37.091364379356364,-1.1798737016243557]]]},"id":"001a0000000000003142","properties":{"FID":414630}},{"type":"Feature","geometry":{"type":"Polygon","coordinates":[[[37.10120562732434,-1.1763242293693035],[37.1012680627449,-1.1763643522697862],[37.10131716002337,-1.1762885882074727],[37.10125472464516,-1.1762484064929435],[37.10120562732434,-1.1763242293693035]]]},"id":"001a000000000000e053","properties":{"FID":414886}},{"type":"Feature","geometry":{"type":"Polygon","coordinates":[[[37.113775827235735,-1.1861832886005232],[37.11382041622521,-1.186187771661081],[37.113824916029955,-1.1861298231118391],[37.113780327043266,-1.1861298148305393],[37.113775827235735,-1.1861832886005232]]]},"id":"001a000000000000a9a4","properties":{"FID":415142}},{"type":"Feature","geometry":{"type":"Polygon","coordinates":[[[37.09322834355605,-1.1913647841164459],[37.09323726388761,-1.1914004572987618],[37.09332638530502,-1.1913737279764502],[37.09331746498443,-1.1913380548603176],[37.09322834355605,-1.1913647841164459]]]},"id":"001a0000000000007ea4","properties":{"FID":416166}},{"type":"Feature","geometry":{"type":"Polygon","coordinates":[[[37.08944700612109,-1.1748259833406853],[37.089518372467275,-1.1748660915492364],[37.08953621404285,-1.174825955044496],[37.08946926719075,-1.174785837247289],[37.08944700612109,-1.1748259833406853]]]},"id":"001a000000000000a0c1","properties":{"FID":379302}},{"type":"Feature","geometry":{"type":"Polygon","coordinates":[[[37.088127125257344,-1.176261787653107],[37.08819399150577,-1.1763019668405856],[37.08823859625162,-1.1762261427812375],[37.08816722864508,-1.1761859746002037],[37.088127125257344,-1.176261787653107]]]},"id":"001a000000000000cfe6","properties":{"FID":380070}},{"type":"Feature","geometry":{"type":"Polygon","coordinates":[[[37.09575659980556,-1.1745539917241816],[37.09585030088067,-1.174616415970701],[37.095908240000085,-1.1745316840859084],[37.095814620834915,-1.1744692586766794],[37.09575659980556,-1.1745539917241816]]]},"id":"001a000000000000d653","properties":{"FID":414119}},{"type":"Feature","geometry":{"type":"Polygon","coordinates":[[[37.09828051253533,-1.1799004077244444],[37.09832061030286,-1.1799494779208117],[37.09839638683966,-1.1798825884114137],[37.098356289114086,-1.1798335183275672],[37.09838746714344,-1.1798112475286278],[37.098481164814935,-1.1799271945667777],[37.09850792386568,-1.1799048747422838],[37.09838304821096,-1.1797532612115935],[37.09828943224472,-1.1798335582190558],[37.09832061030286,-1.179869224900301],[37.09828051253533,-1.1799004077244444]]]},"id":"001a000000000001714a","properties":{"FID":414631}},{"type":"Feature","geometry":{"type":"Polygon","coordinates":[[[37.10307850286715,-1.1762662499399248],[37.10313201756086,-1.1762975031869158],[37.10314977395661,-1.1762662620595719],[37.103096341102784,-1.1762395405230344],[37.10307850286715,-1.1762662499399248]]]},"id":"001a0000000000002869","properties":{"FID":414887}},{"type":"Feature","geometry":{"type":"Polygon","coordinates":[[[37.113677731362166,-1.186196659571355],[37.11374015602437,-1.1861966828911512],[37.11373573802908,-1.1861342813553177],[37.113677731362166,-1.1861342476788113],[37.113677731362166,-1.186196659571355]]]},"id":"001a00000000000001d0","properties":{"FID":415143}},{"type":"Feature","geometry":{"type":"Polygon","coordinates":[[[37.09117262794795,-1.1913558602781908],[37.09121723086032,-1.191360342939028],[37.091221732070146,-1.191311263216549],[37.091181548532624,-1.191302352112241],[37.09117262794795,-1.1913558602781908]]]},"id":"001a00000000000016b4","properties":{"FID":416167}},{"type":"Feature","geometry":{"type":"Polygon","coordinates":[[[37.0800650753199,-1.1748081333339524],[37.0801319490053,-1.174834890782701],[37.08015421293583,-1.1747768980825999],[37.08008733927097,-1.1747501995234089],[37.0800650753199,-1.1748081333339524]]]},"id":"001a0000000000011256","properties":{"FID":379303}},{"type":"Feature","geometry":{"type":"Polygon","coordinates":[[[37.08068928188653,-1.1761815577651864],[37.08074731498038,-1.1762038588811992],[37.08076065685576,-1.1761681434905558],[37.08070270562464,-1.17614589999289],[37.08068928188653,-1.1761815577651864]]]},"id":"001a00000000000043d7","properties":{"FID":380071}},{"type":"Feature","geometry":{"type":"Polygon","coordinates":[[[37.097072086337,-1.174482622664057],[37.09715678402903,-1.1745361190994164],[37.09719688241874,-1.1744736830490519],[37.097112184773586,-1.1744201866749875],[37.097072086337,-1.174482622664057]]]},"id":"001a0000000000006d7c","properties":{"FID":414120}},{"type":"Feature","geometry":{"type":"Polygon","coordinates":[[[37.09827159282484,-1.1796685613257292],[37.09832061030286,-1.1797399254993002],[37.09834286864587,-1.179722091832688],[37.09829835195301,-1.179650716527772],[37.09827159282484,-1.1796685613257292]]]},"id":"001a0000000000003466","properties":{"FID":414632}},{"type":"Feature","geometry":{"type":"Polygon","coordinates":[[[37.10298931162305,-1.1762841180839545],[37.10306958374768,-1.1763064198534559],[37.10307850286715,-1.17625736060981],[37.103002649403244,-1.1762395232038285],[37.10298931162305,-1.1762841180839545]]]},"id":"001a00000000000081ac","properties":{"FID":414888}},{"type":"Feature","geometry":{"type":"Polygon","coordinates":[[[37.097299501461904,-1.191222102200992],[37.09743771779022,-1.191231002967106],[37.09744213678039,-1.191186405001774],[37.097299501461904,-1.1911775147242594],[37.097299501461904,-1.191222102200992]]]},"id":"001a0000000000008ecf","properties":{"FID":416168}},{"type":"Feature","geometry":{"type":"Polygon","coordinates":[[[37.084006915900474,-1.174772442608779],[37.08406928429628,-1.17479920944067],[37.084087127213294,-1.174754654202337],[37.08402475883284,-1.1747278873772808],[37.084006915900474,-1.174772442608779]]]},"id":"001a000000000000c09c","properties":{"FID":379304}},{"type":"Feature","geometry":{"type":"Polygon","coordinates":[[[37.088202912457135,-1.1761548030121194],[37.08829654145845,-1.1761949201907378],[37.08831438333483,-1.1761547811848527],[37.08822075435657,-1.1761146640163678],[37.088202912457135,-1.1761548030121194]]]},"id":"001a000000000000ac3b","properties":{"FID":380072}},{"type":"Feature","geometry":{"type":"Polygon","coordinates":[[[37.09732626094925,-1.174451426490315],[37.09746889621504,-1.1745272199607502],[37.0974912366529,-1.1744826028595925],[37.097344100601994,-1.174411294486457],[37.09732626094925,-1.174451426490315]]]},"id":"001a00000000000084d2","properties":{"FID":414121}},{"type":"Feature","geometry":{"type":"Polygon","coordinates":[[[37.0985034231086,-1.1796373383377987],[37.09854360258462,-1.1796774572390878],[37.09857027978042,-1.1796507230269218],[37.09853018215112,-1.179606128079744],[37.0985034231086,-1.1796373383377987]]]},"id":"001a0000000000009040","properties":{"FID":414633}},{"type":"Feature","geometry":{"type":"Polygon","coordinates":[[[37.11059652054473,-1.1761681909027284],[37.1106767842329,-1.176190490220594],[37.110685702414976,-1.176163686405892],[37.1106054387367,-1.176141387081355],[37.11059652054473,-1.1761681909027284]]]},"id":"001a000000000000984e","properties":{"FID":414889}},{"type":"Feature","geometry":{"type":"Polygon","coordinates":[[[37.09070450031216,-1.1910392389167233],[37.09074460227353,-1.1910526282073786],[37.09075794230882,-1.1910125400329752],[37.09071784035483,-1.1909991507403987],[37.09070450031216,-1.1910392389167233]]]},"id":"001a00000000000044eb","properties":{"FID":416169}},{"type":"Feature","geometry":{"type":"Polygon","coordinates":[[[37.08123777052775,-1.1747947356071624],[37.08133591034991,-1.1748437961264677],[37.08131356493086,-1.1748839476286743],[37.08134033032211,-1.1748973117078472],[37.08139828104358,-1.1747769392629885],[37.081277959578586,-1.174714502600143],[37.08123777052775,-1.1747947356071624]]]},"id":"001a0000000000017ad4","properties":{"FID":379305}},{"type":"Feature","geometry":{"type":"Polygon","coordinates":[[[37.080921168427814,-1.1761325010536736],[37.08099254316877,-1.1761681389728704],[37.08101480683506,-1.1761235702286377],[37.0809435139678,-1.1760879310577652],[37.080921168427814,-1.1761325010536736]]]},"id":"001a000000000000b92f","properties":{"FID":380073}},{"type":"Feature","geometry":{"type":"Polygon","coordinates":[[[37.097353020426716,-1.1744067998255805],[37.09750015645951,-1.1744826412398741],[37.09751799606942,-1.1744425092787565],[37.097370778239636,-1.1743711433394537],[37.097353020426716,-1.1744067998255805]]]},"id":"001a00000000000139f0","properties":{"FID":414122}},{"type":"Feature","geometry":{"type":"Polygon","coordinates":[[[37.0981511357095,-1.1795927745235233],[37.09816897515906,-1.179615047613532],[37.098222493481366,-1.1795793580885343],[37.098204654045,-1.1795570850297685],[37.0981511357095,-1.1795927745235233]]]},"id":"001a0000000000005d5d","properties":{"FID":414634}},{"type":"Feature","geometry":{"type":"Polygon","coordinates":[[[37.110859565836826,-1.1762350375085424],[37.111002256257734,-1.176279618541653],[37.1110335106587,-1.1761770635242381],[37.11089082029942,-1.1761324824611106],[37.110859565836826,-1.1762350375085424]]]},"id":"001a0000000000017208","properties":{"FID":414890}},{"type":"Feature","geometry":{"type":"Polygon","coordinates":[[[37.113441449846256,-1.1862635964533321],[37.1135082927218,-1.186263550534803],[37.1135082927218,-1.1862903406919136],[37.113566299524564,-1.186294790217562],[37.11357521735048,-1.186094107747173],[37.11344586785952,-1.1860896565773167],[37.113441449846256,-1.1862635964533321]]]},"id":"001a00000000000174f3","properties":{"FID":415146}},{"type":"Feature","geometry":{"type":"Polygon","coordinates":[[[37.08983051756372,-1.1910660475524593],[37.08988396020499,-1.1910749273038004],[37.08989288094831,-1.1910080472071063],[37.08983935647189,-1.1910035866256286],[37.08983051756372,-1.1910660475524593]]]},"id":"001a0000000000006d4f","properties":{"FID":416170}},{"type":"Feature","geometry":{"type":"Polygon","coordinates":[[[37.08271378270151,-1.1746698844346246],[37.08275830897015,-1.1746832675022552],[37.08277615220984,-1.1746297616357366],[37.08273604583925,-1.1746164278597344],[37.08271378270151,-1.1746698844346246]]]},"id":"001a000000000000271c","properties":{"FID":379306}},{"type":"Feature","geometry":{"type":"Polygon","coordinates":[[[37.08289213316074,-1.1760165488771275],[37.08299469061483,-1.176078965636958],[37.083016953666316,-1.176038873358914],[37.082918897969215,-1.1759764457085848],[37.08289213316074,-1.1760165488771275]]]},"id":"001a000000000000f51f","properties":{"FID":380074}},{"type":"Feature","geometry":{"type":"Polygon","coordinates":[[[37.09871749517188,-1.174375588694142],[37.09875317378757,-1.174388987915449],[37.098762093438744,-1.1743488771963564],[37.098730833738976,-1.1743399424600849],[37.09871749517188,-1.174375588694142]]]},"id":"001a0000000000003629","properties":{"FID":414123}},{"type":"Feature","geometry":{"type":"Polygon","coordinates":[[[37.09778108888876,-1.17950356168387],[37.09783010669878,-1.1795794009088427],[37.09789696399218,-1.1795347895504131],[37.09784344542932,-1.1794589616314208],[37.09778108888876,-1.17950356168387]]]},"id":"001a000000000000f853","properties":{"FID":414635}},{"type":"Feature","geometry":{"type":"Polygon","coordinates":[[[37.11047166574173,-1.1761860227907377],[37.11056084776585,-1.176230610872201],[37.11058760235166,-1.1761726264421206],[37.1104984203605,-1.1761325120481125],[37.11047166574173,-1.1761860227907377]]]},"id":"001a000000000000d073","properties":{"FID":414891}},{"type":"Feature","geometry":{"type":"Polygon","coordinates":[[[37.09107008206545,-1.1910080482084877],[37.09111026566479,-1.1910214361464317],[37.09113252622347,-1.1909723723759895],[37.09109242447679,-1.1909545653166613],[37.09107008206545,-1.1910080482084877]]]},"id":"001a0000000000000408","properties":{"FID":416171}},{"type":"Feature","geometry":{"type":"Polygon","coordinates":[[[37.082544271601364,-1.174696652153896],[37.08262014648852,-1.1747412283185488],[37.08267359444658,-1.174647601824696],[37.08259780146528,-1.17460302445853],[37.082544271601364,-1.174696652153896]]]},"id":"001a0000000000013b44","properties":{"FID":379307}},{"type":"Feature","geometry":{"type":"Polygon","coordinates":[[[37.079182124072645,-1.175989818126212],[37.079253500525425,-1.1760254568795736],[37.07927134462764,-1.1759897890043884],[37.079204470148554,-1.1759541393435635],[37.079182124072645,-1.175989818126212]]]},"id":"001a000000000000136c","properties":{"FID":380075}},{"type":"Feature","geometry":{"type":"Polygon","coordinates":[[[37.096385335789144,-1.1743265410313661],[37.0964967940781,-1.174397932235599],[37.09657265435729,-1.1742864320258937],[37.09646119618507,-1.1742106256413],[37.096385335789144,-1.1743265410313661]]]},"id":"001a0000000000014fff","properties":{"FID":414124}},{"type":"Feature","geometry":{"type":"Polygon","coordinates":[[[37.090722259754926,-1.179178080424011],[37.09076686294455,-1.1791869847118217],[37.09078470421271,-1.1791201093638068],[37.09073568163505,-1.1791111560315373],[37.090722259754926,-1.179178080424011]]]},"id":"001a0000000000004d45","properties":{"FID":414636}},{"type":"Feature","geometry":{"type":"Polygon","coordinates":[[[37.10308292151308,-1.17623056517146],[37.10317653128207,-1.1762707328638888],[37.103225627266376,-1.1761547630100961],[37.10318545038836,-1.1761414345936085],[37.10317653128207,-1.1761548186677935],[37.1031275170912,-1.1761325026470764],[37.10308292151308,-1.17623056517146]]]},"id":"001a0000000000006693","properties":{"FID":414892}},{"type":"Feature","geometry":{"type":"Polygon","coordinates":[[[37.09153386982877,-1.1909055134164388],[37.09158739305347,-1.1909411930426297],[37.09160965346556,-1.1909055009047298],[37.091551710908064,-1.1908698318265611],[37.09153386982877,-1.1909055134164388]]]},"id":"001a0000000000008240","properties":{"FID":416172}},{"type":"Feature","geometry":{"type":"Polygon","coordinates":[[[37.08044405267247,-1.1746698910323141],[37.08051542788309,-1.1747234296762938],[37.080564457373534,-1.174661018777138],[37.08049308221118,-1.1746074802112454],[37.08044405267247,-1.1746698910323141]]]},"id":"001a0000000000008cb4","properties":{"FID":379308}},{"type":"Feature","geometry":{"type":"Polygon","coordinates":[[[37.0857013200935,-1.175958611900443],[37.08573258541555,-1.1759942806631902],[37.08579495232658,-1.1759407315436736],[37.08575934917529,-1.1759050712411503],[37.0857013200935,-1.175958611900443]]]},"id":"001a00000000000093a6","properties":{"FID":380076}},{"type":"Feature","geometry":{"type":"Polygon","coordinates":[[[37.098806609846534,-1.1742596476266223],[37.098855708793984,-1.1742774895699444],[37.09887354806998,-1.1742195211747992],[37.09882894987175,-1.1742017272336291],[37.098806609846534,-1.1742596476266223]]]},"id":"001a0000000000002549","properties":{"FID":414125}},{"type":"Feature","geometry":{"type":"Polygon","coordinates":[[[37.090093556462065,-1.179066557987656],[37.090138160038684,-1.179128988322522],[37.09020060499984,-1.1790844425997613],[37.09015600146165,-1.179017537170485],[37.090093556462065,-1.179066557987656]]]},"id":"001a0000000000008421","properties":{"FID":414637}},{"type":"Feature","geometry":{"type":"Polygon","coordinates":[[[37.102859943210426,-1.176177099448005],[37.102895619785,-1.1761993871158816],[37.10293129634199,-1.1761458505919113],[37.102895619785,-1.1761235629460578],[37.102859943210426,-1.176177099448005]]]},"id":"001a0000000000008194","properties":{"FID":414893}},{"type":"Feature","geometry":{"type":"Polygon","coordinates":[[[37.090766862944555,-1.1909010110868214],[37.09083380859781,-1.1909188677436855],[37.09084272922419,-1.1908698368346775],[37.09078028481642,-1.1908519683579006],[37.090766862944555,-1.1909010110868214]]]},"id":"001a00000000000083d5","properties":{"FID":416173}},{"type":"Feature","geometry":{"type":"Polygon","coordinates":[[[37.080796344314024,-1.1746654350011099],[37.080889982882475,-1.1747011400613865],[37.08091674843007,-1.1746342459223174],[37.08081860804055,-1.1745985517143758],[37.080796344314024,-1.1746654350011099]]]},"id":"001a000000000000211d","properties":{"FID":379309}},{"type":"Feature","geometry":{"type":"Polygon","coordinates":[[[37.088845054383874,-1.17596749405149],[37.088911919969874,-1.1760031978718084],[37.088965445131336,-1.175896148476538],[37.088898497751934,-1.1758649208287453],[37.088845054383874,-1.17596749405149]]]},"id":"001a0000000000004f9a","properties":{"FID":380077}},{"type":"Feature","geometry":{"type":"Polygon","coordinates":[[[37.09832061030286,-1.1742150784135386],[37.09843206561356,-1.1742685712622218],[37.09846332544229,-1.1742106301158652],[37.098351788347586,-1.1741571385683085],[37.09832061030286,-1.1742150784135386]]]},"id":"001a0000000000014bee","properties":{"FID":414126}},{"type":"Feature","geometry":{"type":"Polygon","coordinates":[[[37.1002647525679,-1.1788481112867044],[37.10030934988186,-1.1788703792962791],[37.100336108257046,-1.1788079662742306],[37.100296011605515,-1.1787901028636603],[37.1002647525679,-1.1788481112867044]]]},"id":"001a000000000000ebc3","properties":{"FID":414638}},{"type":"Feature","geometry":{"type":"Polygon","coordinates":[[[37.1016916893337,-1.1761815166534173],[37.101763043616636,-1.1762127290562978],[37.10180313945577,-1.176128039553327],[37.101713946640515,-1.1760834460938527],[37.10170060862291,-1.176119093142403],[37.101718447198046,-1.1761280589374412],[37.1016916893337,-1.1761815166534173]]]},"id":"001a0000000000010431","properties":{"FID":414894}},{"type":"Feature","geometry":{"type":"Polygon","coordinates":[[[37.091828165235846,-1.1908341519567094],[37.091872767744675,-1.1908386347904096],[37.09187718707433,-1.1907984519934496],[37.09183258456822,-1.1907940280462896],[37.091828165235846,-1.1908341519567094]]]},"id":"001a000000000000bb01","properties":{"FID":416174}},{"type":"Feature","geometry":{"type":"Polygon","coordinates":[[[37.08038168115795,-1.1746074981018964],[37.08044405267247,-1.174647632924921],[37.0804663983595,-1.174611956506078],[37.08040836504082,-1.1745718134002308],[37.08038168115795,-1.1746074981018964]]]},"id":"001a000000000000e7ce","properties":{"FID":379310}},{"type":"Feature","geometry":{"type":"Polygon","coordinates":[[[37.081728304608376,-1.1759140017649876],[37.08176841153644,-1.1759362861254086],[37.08179517675977,-1.1758783403612405],[37.081759489793136,-1.175860462740031],[37.081728304608376,-1.1759140017649876]]]},"id":"001a0000000000009295","properties":{"FID":380078}},{"type":"Feature","geometry":{"type":"Polygon","coordinates":[[[37.09665293359533,-1.1741615591165897],[37.09670195216889,-1.1741927665724083],[37.09668411235798,-1.1742106453675827],[37.096724211009374,-1.174237399092262],[37.09675989060705,-1.1741838625013417],[37.096675192450874,-1.1741258917784192],[37.09665293359533,-1.1741615591165897]]]},"id":"001a000000000001062f","properties":{"FID":414127}},{"type":"Feature","geometry":{"type":"Polygon","coordinates":[[[37.09108350388115,-1.1788258138596655],[37.091181548532624,-1.1788792860755821],[37.0912038909096,-1.1788347173472848],[37.09110576444805,-1.1787856626700757],[37.09108350388115,-1.1788258138596655]]]},"id":"001a0000000000011744","properties":{"FID":414639}},{"type":"Feature","geometry":{"type":"Polygon","coordinates":[[[37.11069903877695,-1.1762127484158376],[37.1107793023514,-1.1762350476841505],[37.11081497502258,-1.1760968114079282],[37.1107347114877,-1.1760789857410616],[37.11069903877695,-1.1762127484158376]]]},"id":"001a00000000000162fd","properties":{"FID":414895}},{"type":"Feature","geometry":{"type":"Polygon","coordinates":[[[37.08983051756372,-1.190820765551057],[37.089875039460566,-1.1908608874676057],[37.08991072243167,-1.190816324792459],[37.089866118715044,-1.1907806220882784],[37.08983051756372,-1.190820765551057]]]},"id":"001a0000000000004524","properties":{"FID":416175}},{"type":"Feature","geometry":{"type":"Polygon","coordinates":[[[37.08305264001397,-1.1746164107770094],[37.08311058936678,-1.1746342375118906],[37.083128432519764,-1.1745807319709047],[37.08307048318121,-1.1745629052295872],[37.08305264001397,-1.1746164107770094]]]},"id":"001a000000000000593f","properties":{"FID":379311}},{"type":"Feature","geometry":{"type":"Polygon","coordinates":[[[37.0883010428497,-1.175913990639108],[37.08834114614119,-1.1759362729925937],[37.08837232848107,-1.1758694314165035],[37.088332225206834,-1.1758515650873058],[37.0883010428497,-1.175913990639108]]]},"id":"001a000000000000b39c","properties":{"FID":380079}},{"type":"Feature","geometry":{"type":"Polygon","coordinates":[[[37.09997491027282,-1.1741571272066906],[37.100081944208604,-1.1742239915465627],[37.100122122808784,-1.174166031216896],[37.100010588269,-1.1740947038267944],[37.09997491027282,-1.1741571272066906]]]},"id":"001a000000000000e5de","properties":{"FID":414128}},{"type":"Feature","geometry":{"type":"Polygon","coordinates":[[[37.10008644486757,-1.1787722850416487],[37.100148799423074,-1.178816885409872],[37.10020231628223,-1.178741044500743],[37.100135461117155,-1.178696455333416],[37.10008644486757,-1.1787722850416487]]]},"id":"001a0000000000006e0d","properties":{"FID":414640}},{"type":"Feature","geometry":{"type":"Polygon","coordinates":[[[37.110627693302696,-1.1760566897307652],[37.11069903877696,-1.1760790098118992],[37.11071687513453,-1.1760254612917382],[37.11064552967786,-1.1760032000669198],[37.110627693302696,-1.1760566897307652]]]},"id":"001a00000000000083c0","properties":{"FID":414896}},{"type":"Feature","geometry":{"type":"Polygon","coordinates":[[[37.091556130257295,-1.1908698213028617],[37.09159181240053,-1.1908921154715202],[37.091636415054865,-1.190816312318097],[37.091747880650765,-1.190883184174105],[37.091761302340906,-1.190860884388332],[37.09169435754462,-1.1908162856397118],[37.09170327806506,-1.1908073688463374],[37.0916230751813,-1.1907583249590408],[37.091556130257295,-1.1908698213028617]]]},"id":"001a00000000000135fd","properties":{"FID":416176}},{"type":"Feature","geometry":{"type":"Polygon","coordinates":[[[37.083119510943824,-1.1746431671104505],[37.08319980508776,-1.1746698921142227],[37.083226569782646,-1.1745807427041601],[37.08314627566834,-1.1745584338164121],[37.083119510943824,-1.1746431671104505]]]},"id":"001a0000000000006fa6","properties":{"FID":379312}},{"type":"Feature","geometry":{"type":"Polygon","coordinates":[[[37.08506815349682,-1.1758783418342214],[37.08514844548237,-1.1759318573788615],[37.0851974718396,-1.1758604969049917],[37.08515736680861,-1.1758337385396276],[37.08513502256742,-1.1758738896011722],[37.085094917501884,-1.175847131209352],[37.08506815349682,-1.1758783418342214]]]},"id":"001a000000000000beae","properties":{"FID":380080}},{"type":"Feature","geometry":{"type":"Polygon","coordinates":[[[37.097076505349456,-1.1741169665502416],[37.097130024479064,-1.1741526371110949],[37.097152283187995,-1.1741124958442806],[37.09710326491921,-1.1740768733247904],[37.097076505349456,-1.1741169665502416]]]},"id":"001a00000000000017c3","properties":{"FID":414129}},{"type":"Feature","geometry":{"type":"Polygon","coordinates":[[[37.09339332859328,-1.1787321304962444],[37.093420089523725,-1.178763333611655],[37.09345568891128,-1.1787276867393177],[37.09342900983168,-1.1787009573608171],[37.09339332859328,-1.1787321304962444]]]},"id":"001a000000000000ab45","properties":{"FID":414641}},{"type":"Feature","geometry":{"type":"Polygon","coordinates":[[[37.11075254783648,-1.176007660451182],[37.11081947501426,-1.1760344049980223],[37.11082839317876,-1.1760031866126694],[37.11076146600922,-1.1759808568286223],[37.11075254783648,-1.176007660451182]]]},"id":"001a00000000000017ab","properties":{"FID":414897}},{"type":"Feature","geometry":{"type":"Polygon","coordinates":[[[37.09537762068354,-1.1906647104836365],[37.09538654075045,-1.1907048584777227],[37.09544448024083,-1.1906914612936363],[37.09543556018106,-1.1906557897950683],[37.09537762068354,-1.1906647104836365]]]},"id":"001a00000000000024be","properties":{"FID":416177}},{"type":"Feature","geometry":{"type":"Polygon","coordinates":[[[37.082192070303236,-1.1746030089511041],[37.082312472101464,-1.1746743936638673],[37.082348076945706,-1.1746163728480226],[37.082232176974756,-1.174540620063645],[37.082192070303236,-1.1746030089511041]]]},"id":"001a000000000001407b","properties":{"FID":379313}},{"type":"Feature","geometry":{"type":"Polygon","coordinates":[[[37.08420310606681,-1.1758916985110073],[37.08429223859525,-1.1759363039926263],[37.08433242595285,-1.1758604869565488],[37.08424321162577,-1.1758114665540749],[37.08420310606681,-1.1758916985110073]]]},"id":"001a0000000000014bc2","properties":{"FID":380081}},{"type":"Feature","geometry":{"type":"Polygon","coordinates":[[[37.09742879797593,-1.1740723600963907],[37.09747339703641,-1.174121414446928],[37.09750907626501,-1.1740902492210732],[37.097464477226495,-1.1740367207979667],[37.09742879797593,-1.1740723600963907]]]},"id":"001a000000000000999d","properties":{"FID":414130}},{"type":"Feature","geometry":{"type":"Polygon","coordinates":[[[37.09727274196466,-1.1785671726918237],[37.097312840290165,-1.1786162422729498],[37.09733959977258,-1.1785939234508784],[37.097299501461904,-1.1785448539082504],[37.09727274196466,-1.1785671726918237]]]},"id":"001a0000000000005e99","properties":{"FID":414642}},{"type":"Feature","geometry":{"type":"Polygon","coordinates":[[[37.102226762913894,-1.1758872208966193],[37.10226243980049,-1.1758961452697216],[37.102275859542274,-1.1758426599822345],[37.10224460135939,-1.1758292518123385],[37.102226762913894,-1.1758872208966193]]]},"id":"001a00000000000080e5","properties":{"FID":414898}},{"type":"Feature","geometry":{"type":"Polygon","coordinates":[[[37.09042354043787,-1.190085045134308],[37.09046364255473,-1.1901073290043185],[37.09048598515309,-1.1900761128620443],[37.09044138179056,-1.1900537818600623],[37.09042354043787,-1.190085045134308]]]},"id":"001a0000000000002ca8","properties":{"FID":416178}},{"type":"Feature","geometry":{"type":"Polygon","coordinates":[[[37.08453303501574,-1.1746030164755037],[37.08459998642765,-1.174638720854295],[37.084640091767035,-1.1745717999349448],[37.08457322223985,-1.1745316782792872],[37.08453303501574,-1.1746030164755037]]]},"id":"001a0000000000008b62","properties":{"FID":379314}},{"type":"Feature","geometry":{"type":"Polygon","coordinates":[[[37.08164800883468,-1.1758159077717176],[37.08170153936036,-1.175829269013527],[37.08171046111079,-1.175789147791321],[37.081656930591706,-1.1757757865399208],[37.08164800883468,-1.1758159077717176]]]},"id":"001a0000000000000d32","properties":{"FID":380082}},{"type":"Feature","geometry":{"type":"Polygon","coordinates":[[[37.100055185739485,-1.1740857713078932],[37.10013987994271,-1.1741347913859788],[37.10016663838052,-1.1740902256747698],[37.1000819442086,-1.174041146763524],[37.100055185739485,-1.1740857713078932]]]},"id":"001a00000000000023b4","properties":{"FID":414131}},{"type":"Feature","geometry":{"type":"Polygon","coordinates":[[[37.099555774331826,-1.1783665206705687],[37.09958253298548,-1.178411085911062],[37.09962713071961,-1.1783843691869347],[37.099600372082435,-1.1783352705483183],[37.099555774331826,-1.1783665206705687]]]},"id":"001a00000000000034c2","properties":{"FID":414643}},{"type":"Feature","geometry":{"type":"Polygon","coordinates":[[[37.105303584274026,-1.1758827982475908],[37.105388272337706,-1.1759139786681998],[37.105437366821995,-1.175793598438044],[37.10535259699155,-1.1757579453873404],[37.105303584274026,-1.1758827982475908]]]},"id":"001a000000000000fdb2","properties":{"FID":414899}},{"type":"Feature","geometry":{"type":"Polygon","coordinates":[[[37.090512747157405,-1.1900672106478674],[37.09054392856284,-1.1900939344788262],[37.090615293828684,-1.190018124801275],[37.09058403061307,-1.1899914023106901],[37.090512747157405,-1.1900672106478674]]]},"id":"001a0000000000000f58","properties":{"FID":416179}},{"type":"Feature","geometry":{"type":"Polygon","coordinates":[[[37.084880887032,-1.174585203927476],[37.08492099221596,-1.1746030122088114],[37.08493883492333,-1.174553982844084],[37.08489872974924,-1.174540590593261],[37.084880887032,-1.174585203927476]]]},"id":"001a0000000000003d6f","properties":{"FID":379315}},{"type":"Feature","geometry":{"type":"Polygon","coordinates":[[[37.089023389756974,-1.1757579426931208],[37.089072413493064,-1.1757668385846685],[37.08908133433629,-1.1757044059283175],[37.08903231060625,-1.1756955100156108],[37.089023389756974,-1.1757579426931208]]]},"id":"001a00000000000011f2","properties":{"FID":380083}},{"type":"Feature","geometry":{"type":"Polygon","coordinates":[[[37.09636307684452,-1.174045658535718],[37.09640317567364,-1.174072412329503],[37.09645227625051,-1.1739876430876148],[37.09641209561425,-1.1739653647768293],[37.09636307684452,-1.174045658535718]]]},"id":"001a000000000000ee68","properties":{"FID":414132}},{"type":"Feature","geometry":{"type":"Polygon","coordinates":[[[37.091703278065054,-1.1781479811390412],[37.09170777924468,-1.1781970773189383],[37.09174346131323,-1.1781970526493597],[37.09173896013582,-1.1781480153734072],[37.091703278065054,-1.1781479811390412]]]},"id":"001a0000000000000081","properties":{"FID":414644}},{"type":"Feature","geometry":{"type":"Polygon","coordinates":[[[37.1012502240588,-1.1757088683464432],[37.10138401409737,-1.175757950622112],[37.10140627149876,-1.175699971487754],[37.101272563330134,-1.1756508879440493],[37.1012502240588,-1.1757088683464432]]]},"id":"001a000000000001083e","properties":{"FID":414900}},{"type":"Feature","geometry":{"type":"Polygon","coordinates":[[[37.095368700615545,-1.1899244764186505],[37.09539095986575,-1.1899780199775345],[37.09548908052318,-1.189933423977953],[37.09546682130312,-1.1898843568921984],[37.095368700615545,-1.1899244764186505]]]},"id":"001a000000000000c7e3","properties":{"FID":416180}},{"type":"Feature","geometry":{"type":"Polygon","coordinates":[[[37.08964768286963,-1.1745049376160315],[37.08975465022427,-1.1745762874667813],[37.08977249174166,-1.174549516501489],[37.08966552441336,-1.1744781666884003],[37.08964768286963,-1.1745049376160315]]]},"id":"001a00000000000138ea","properties":{"FID":379316}},{"type":"Feature","geometry":{"type":"Polygon","coordinates":[[[37.07820560201504,-1.1860584549058135],[37.0782859016008,-1.1860718076656085],[37.078303664086356,-1.1859647933136486],[37.07822344637512,-1.1859514392108872],[37.07820560201504,-1.1860584549058135]]]},"id":"001a000000000000cc14","properties":{"FID":379828}},{"type":"Feature","geometry":{"type":"Polygon","coordinates":[[[37.08638809006996,-1.1757356332867184],[37.08641477174204,-1.1757489977472424],[37.08645495792286,-1.1756821331671286],[37.08642819441999,-1.1756687699870707],[37.08638809006996,-1.1757356332867184]]]},"id":"001a00000000000059cf","properties":{"FID":380084}},{"type":"Feature","geometry":{"type":"Polygon","coordinates":[[[37.07881648235778,-1.1880650462484716],[37.07887893707273,-1.1880694874366078],[37.078883357194684,-1.188038314493973],[37.07881648235778,-1.1880338247111233],[37.07881648235778,-1.1880650462484716]]]},"id":"001a00000000000012e5","properties":{"FID":380852}},{"type":"Feature","geometry":{"type":"Polygon","coordinates":[[[37.096929368456,-1.1740590214559234],[37.09703640689311,-1.1741258885036054],[37.09712560546986,-1.1739921072338333],[37.09704974576982,-1.1739430660311487],[37.09697838684248,-1.1740500791058797],[37.09695162722659,-1.1740277696583425],[37.096929368456,-1.1740590214559234]]]},"id":"001a000000000001762e","properties":{"FID":414133}},{"type":"Feature","geometry":{"type":"Polygon","coordinates":[[[37.10061702968474,-1.178237213611833],[37.100688385026736,-1.1782817911639671],[37.100764159085855,-1.1781658657496823],[37.10069730443953,-1.1781212771956522],[37.10061702968474,-1.178237213611833]]]},"id":"001a0000000000016805","properties":{"FID":414645}},{"type":"Feature","geometry":{"type":"Polygon","coordinates":[[[37.11075704783204,-1.1756331028591582],[37.11080605685644,-1.1756508840465274],[37.110841729514426,-1.175561741935176],[37.11078822052085,-1.1755439128570084],[37.11075704783204,-1.1756331028591582]]]},"id":"001a000000000000df2f","properties":{"FID":414901}},{"type":"Feature","geometry":{"type":"Polygon","coordinates":[[[37.09048598515308,-1.1898665353243643],[37.09052608723539,-1.1898799247883314],[37.09054392856284,-1.189844244071698],[37.0905038264904,-1.189826377985002],[37.09048598515308,-1.1898665353243643]]]},"id":"001a000000000000a53e","properties":{"FID":416181}},{"type":"Feature","geometry":{"type":"Polygon","coordinates":[[[37.08512610123844,-1.174504919843322],[37.0851707078724,-1.174536141875339],[37.08521973421457,-1.1744692601335263],[37.085175209457795,-1.1744335620025597],[37.08512610123844,-1.174504919843322]]]},"id":"001a000000000000e658","properties":{"FID":379317}},{"type":"Feature","geometry":{"type":"Polygon","coordinates":[[[37.07465612416435,-1.1857507949919095],[37.074705239475,-1.1857909090870824],[37.074723084696295,-1.1857641805719608],[37.07467396939773,-1.1857240075939748],[37.07465612416435,-1.1857507949919095]]]},"id":"001a0000000000005d23","properties":{"FID":379829}},{"type":"Feature","geometry":{"type":"Polygon","coordinates":[[[37.07978415605585,-1.17582036994827],[37.079833186040766,-1.1758426343236221],[37.079922323941766,-1.1756509320923487],[37.07987329401713,-1.1756286088660985],[37.07978415605585,-1.17582036994827]]]},"id":"001a00000000000098c0","properties":{"FID":380085}},{"type":"Feature","geometry":{"type":"Polygon","coordinates":[[[37.078660468116645,-1.187521057566862],[37.078700576741646,-1.187538867649523],[37.078718420979925,-1.1875031846987936],[37.07867823051045,-1.1874808989198127],[37.078660468116645,-1.187521057566862]]]},"id":"001a000000000000bf1c","properties":{"FID":380853}},{"type":"Feature","geometry":{"type":"Polygon","coordinates":[[[37.097932643012115,-1.1739698333241997],[37.098235913971884,-1.1741615829895353],[37.09826267311325,-1.1741214314006974],[37.09795940226554,-1.1739296818793348],[37.097932643012115,-1.1739698333241997]]]},"id":"001a000000000001901f","properties":{"FID":414134}},{"type":"Feature","geometry":{"type":"Polygon","coordinates":[[[37.092804667460854,-1.1781524720448326],[37.09283592971828,-1.178183663979942],[37.092880531606696,-1.178143520640497],[37.09285377047695,-1.1781079016198572],[37.092804667460854,-1.1781524720448326]]]},"id":"001a0000000000009a91","properties":{"FID":414646}},{"type":"Feature","geometry":{"type":"Polygon","coordinates":[[[37.10110751441185,-1.1756018784218576],[37.101174450508346,-1.1756331007520289],[37.10121012791347,-1.1755528373062158],[37.101250224058795,-1.1755706415497416],[37.101272563330134,-1.1755171355285152],[37.101165531154315,-1.1754681089969712],[37.10110751441185,-1.1756018784218576]]]},"id":"001a000000000000d20d","properties":{"FID":414902}},{"type":"Feature","geometry":{"type":"Polygon","coordinates":[[[37.09623377842795,-1.189732726553648],[37.09625603741231,-1.1897684230089016],[37.09630955714819,-1.1897371912557628],[37.09628721634582,-1.189697078757031],[37.09623377842795,-1.189732726553648]]]},"id":"001a0000000000000f57","properties":{"FID":416182}},{"type":"Feature","geometry":{"type":"Polygon","coordinates":[[[37.0798108401586,-1.1744915643734242],[37.07998035764946,-1.1745495306053964],[37.07999820157282,-1.1744960231187427],[37.079886717906305,-1.1744558832154732],[37.07991340197131,-1.1743756234554328],[37.079855450063036,-1.1743533206730352],[37.0798108401586,-1.1744915643734242]]]},"id":"001a000000000000fb49","properties":{"FID":379318}},{"type":"Feature","geometry":{"type":"Polygon","coordinates":[[[37.07467847163482,-1.1857239961203092],[37.07477653847512,-1.1857730646776308],[37.074803306279115,-1.1857240474935866],[37.074705239475,-1.1856749789648189],[37.07467847163482,-1.1857239961203092]]]},"id":"001a000000000000e531","properties":{"FID":379830}},{"type":"Feature","geometry":{"type":"Polygon","coordinates":[[[37.08697222001266,-1.175650913014747],[37.087025664761846,-1.1756553835252748],[37.087030166232026,-1.175624165848332],[37.08698114111442,-1.1756152107391373],[37.08697222001266,-1.175650913014747]]]},"id":"001a0000000000008f11","properties":{"FID":380086}},{"type":"Feature","geometry":{"type":"Polygon","coordinates":[[[37.06914468393938,-1.1867808491737923],[37.06919372111625,-1.1867808479465376],[37.069198223693434,-1.1867050147826108],[37.06914468393937,-1.1867005500581678],[37.06914468393938,-1.1867808491737923]]]},"id":"001a000000000000357a","properties":{"FID":380854}},{"type":"Feature","geometry":{"type":"Polygon","coordinates":[[[37.09744213678039,-1.173938636284696],[37.09752691587273,-1.1739831826770617],[37.09754917445967,-1.1739431007285033],[37.0974644772265,-1.1738984942223465],[37.09744213678039,-1.173938636284696]]]},"id":"001a000000000000df76","properties":{"FID":414135}},{"type":"Feature","geometry":{"type":"Polygon","coordinates":[[[37.100487738863,-1.1781480264137243],[37.100559094332404,-1.1782014941341534],[37.10059477204074,-1.1781480108388713],[37.1005234166065,-1.1780989587955897],[37.100487738863,-1.1781480264137243]]]},"id":"001a00000000000102c6","properties":{"FID":414647}},{"type":"Feature","geometry":{"type":"Polygon","coordinates":[[[37.10180764000776,-1.1754680972659155],[37.101878994176424,-1.1754814722105744],[37.10188341289556,-1.1754457877779934],[37.101812058731255,-1.1754324128160627],[37.10180764000776,-1.1754680972659155]]]},"id":"001a00000000000091c7","properties":{"FID":414903}},{"type":"Feature","geometry":{"type":"Polygon","coordinates":[[[37.09364301505556,-1.1891976468916592],[37.09367419511381,-1.1892600623687486],[37.093718796486144,-1.1892378053601482],[37.093687616447085,-1.1891798074065747],[37.09364301505556,-1.1891976468916592]]]},"id":"001a000000000000b996","properties":{"FID":416183}},{"type":"Feature","geometry":{"type":"Polygon","coordinates":[[[37.08416300048567,-1.1743666898886562],[37.08419418462313,-1.1743800438373004],[37.084212027509395,-1.1743221234502144],[37.08418526317835,-1.1743131759693566],[37.08416300048567,-1.1743666898886562]]]},"id":"001a000000000000150b","properties":{"FID":379319}},{"type":"Feature","geometry":{"type":"Polygon","coordinates":[[[37.078803140124684,-1.1850194651745765],[37.078834326567545,-1.1850284023883462],[37.078847750649054,-1.1849882562506473],[37.07882098433773,-1.1849748911336773],[37.078803140124684,-1.1850194651745765]]]},"id":"001a0000000000003518","properties":{"FID":379831}},{"type":"Feature","geometry":{"type":"Polygon","coordinates":[[[37.08038168115795,-1.1757936162039766],[37.08044405267247,-1.175820384396948],[37.08052434977949,-1.1756375358810214],[37.080461896481715,-1.1756107689876607],[37.08038168115795,-1.1757936162039766]]]},"id":"001a0000000000015b5e","properties":{"FID":380087}},{"type":"Feature","geometry":{"type":"Polygon","coordinates":[[[37.06910014931262,-1.1867094945664436],[37.069140263223964,-1.186713933649056],[37.06914026322396,-1.1866738136015988],[37.06910014931262,-1.1866693745038275],[37.06910014931262,-1.1867094945664436]]]},"id":"001a0000000000008351","properties":{"FID":380855}},{"type":"Feature","geometry":{"type":"Polygon","coordinates":[[[37.099636050263136,-1.1739386186491325],[37.099711825423476,-1.1739653483281818],[37.09973416516945,-1.1738940072549495],[37.099658308201825,-1.1738672788399775],[37.099636050263136,-1.1739386186491325]]]},"id":"001a000000000000e58e","properties":{"FID":414136}},{"type":"Feature","geometry":{"type":"Polygon","coordinates":[[[37.10040746387587,-1.17811235983394],[37.10046098054385,-1.1781301911854636],[37.10047881942438,-1.1780900555221308],[37.100425302769594,-1.1780722241691444],[37.10040746387587,-1.17811235983394]]]},"id":"001a0000000000007021","properties":{"FID":414648}},{"type":"Feature","geometry":{"type":"Polygon","coordinates":[[[37.091012139076454,-1.1867183848790013],[37.091087923258954,-1.1867406984110396],[37.09111026566479,-1.1866737950232316],[37.09103439966528,-1.1866515416564642],[37.091012139076454,-1.1867183848790013]]]},"id":"001a000000000000ead0","properties":{"FID":416184}},{"type":"Feature","geometry":{"type":"Polygon","coordinates":[[[37.08191557921712,-1.1743934305898394],[37.08198695297915,-1.174433601692957],[37.08203598147452,-1.1743488763006318],[37.08196460776075,-1.1743087052488614],[37.08191557921712,-1.1743934305898394]]]},"id":"001a000000000000f75a","properties":{"FID":379320}},{"type":"Feature","geometry":{"type":"Polygon","coordinates":[[[37.075909127199715,-1.1847653277741559],[37.07594481704556,-1.184787625409654],[37.07598500902983,-1.1847296241857663],[37.07595373950427,-1.184707316435089],[37.075909127199715,-1.1847653277741559]]]},"id":"001a000000000000851d","properties":{"FID":379832}},{"type":"Feature","geometry":{"type":"Polygon","coordinates":[[[37.086187404295245,-1.1756464782691416],[37.086245351142075,-1.1756865611198746],[37.086272114712465,-1.1756464601189642],[37.086214167887036,-1.1756063184197856],[37.086187404295245,-1.1756464782691416]]]},"id":"001a0000000000000cd3","properties":{"FID":380088}},{"type":"Feature","geometry":{"type":"Polygon","coordinates":[[[37.09414246723525,-1.1738895454815992],[37.09420040772072,-1.1740143994427505],[37.094280689587976,-1.173978774484862],[37.09422716835302,-1.173853911191792],[37.09414246723525,-1.1738895454815992]]]},"id":"001a0000000000016607","properties":{"FID":414137}},{"type":"Feature","geometry":{"type":"Polygon","coordinates":[[[37.10051891597468,-1.1780231391393479],[37.100652707364524,-1.1780900604125029],[37.10066612740467,-1.1780543503234047],[37.100536754840945,-1.1779919526062017],[37.10051891597468,-1.1780231391393479]]]},"id":"001a00000000000091e2","properties":{"FID":414649}},{"type":"Feature","geometry":{"type":"Polygon","coordinates":[[[37.11195657303117,-1.1838110705134626],[37.11201008116073,-1.183828898047382],[37.11202791719512,-1.1837753951720513],[37.111974409078755,-1.1837575676346408],[37.11195657303117,-1.1838110705134626]]]},"id":"001a0000000000002718","properties":{"FID":415161}},{"type":"Feature","geometry":{"type":"Polygon","coordinates":[[[37.09095419604112,-1.1867139323306437],[37.09099879908796,-1.1867317866692462],[37.091038900886446,-1.1866292081514473],[37.09099879908796,-1.1866114011532978],[37.09095419604112,-1.1867139323306437]]]},"id":"001a000000000001362c","properties":{"FID":416185}},{"type":"Feature","geometry":{"type":"Polygon","coordinates":[[[37.08572808386478,-1.1743979135574272],[37.085821716063286,-1.174455872603644],[37.08588866628491,-1.1743488526869823],[37.08579495232658,-1.1742908950183524],[37.08572808386478,-1.1743979135574272]]]},"id":"001a0000000000015c1a","properties":{"FID":379321}},{"type":"Feature","geometry":{"type":"Polygon","coordinates":[[[37.07844641865098,-1.1847563811487123],[37.07851329382914,-1.1848098806702305],[37.07857566695075,-1.184729622804107],[37.078508791830096,-1.1846761233867593],[37.07844641865098,-1.1847563811487123]]]},"id":"001a000000000000abca","properties":{"FID":379833}},{"type":"Feature","geometry":{"type":"Polygon","coordinates":[[[37.07987329401713,-1.1756197170798934],[37.07993124591113,-1.17564643621339],[37.07994908984658,-1.1756018773544508],[37.07989563988006,-1.1755795637713895],[37.07987329401713,-1.1756197170798934]]]},"id":"001a000000000000acdb","properties":{"FID":380089}},{"type":"Feature","geometry":{"type":"Polygon","coordinates":[[[37.088720162071475,-1.1969609265183812],[37.088813790404515,-1.1969565024218134],[37.088813790404515,-1.1968985284692377],[37.088720162071475,-1.1969030114058214],[37.088720162071475,-1.1969609265183812]]]},"id":"001a0000000000000e52","properties":{"FID":380857}},{"type":"Feature","geometry":{"type":"Polygon","coordinates":[[[37.095181378933795,-1.1738672736349158],[37.0952438195482,-1.1739073988344175],[37.09526616067239,-1.173867255722042],[37.09519921911484,-1.1738271413870514],[37.095181378933795,-1.1738672736349158]]]},"id":"001a000000000000a4c5","properties":{"FID":414138}},{"type":"Feature","geometry":{"type":"Polygon","coordinates":[[[37.09776324934365,-1.1779830188627256],[37.097839026463646,-1.178018697837484],[37.09786128495467,-1.177969660835991],[37.097790008659665,-1.1779339707982124],[37.09776324934365,-1.1779830188627256]]]},"id":"001a00000000000013b3","properties":{"FID":414650}},{"type":"Feature","geometry":{"type":"Polygon","coordinates":[[[37.1124871526583,-1.1752139415125518],[37.112527324372934,-1.175218380267156],[37.112531742442016,-1.1751648661343261],[37.11249165254598,-1.1751648406470916],[37.1124871526583,-1.1752139415125518]]]},"id":"001a0000000000002799","properties":{"FID":414906}},{"type":"Feature","geometry":{"type":"Polygon","coordinates":[[[37.10566917416223,-1.1973712009067963],[37.10567367447388,-1.197420256393726],[37.10571826845601,-1.1974202584707219],[37.10571826845601,-1.1973711907946538],[37.10566917416223,-1.1973712009067963]]]},"id":"001a00000000000041b0","properties":{"FID":416186}},{"type":"Feature","geometry":{"type":"Polygon","coordinates":[[[37.08278065394392,-1.1743354594290534],[37.08282526202115,-1.174357791269866],[37.082847525124656,-1.174322117560238],[37.08280291706113,-1.174295369618587],[37.08278065394392,-1.1743354594290534]]]},"id":"001a000000000000616b","properties":{"FID":379322}},{"type":"Feature","geometry":{"type":"Polygon","coordinates":[[[37.07866930838692,-1.184644930342381],[37.07872284111166,-1.1846761371970682],[37.078745187329105,-1.1846449231233838],[37.07869165462086,-1.1846092396858459],[37.07866930838692,-1.184644930342381]]]},"id":"001a0000000000003cd8","properties":{"FID":379834}},{"type":"Feature","geometry":{"type":"Polygon","coordinates":[[[37.08780605182448,-1.1756330958672645],[37.08785957780273,-1.1756598217104093],[37.08789968133851,-1.17559295981968],[37.08784615538989,-1.175566175119075],[37.08780605182448,-1.1756330958672645]]]},"id":"001a000000000000b668","properties":{"FID":380090}},{"type":"Feature","geometry":{"type":"Polygon","coordinates":[[[37.086940955225344,-1.1959799414793448],[37.086967718538894,-1.1960914016158823],[37.087052428044096,-1.1960691498841076],[37.087043506951105,-1.1960334694446415],[37.08706134913598,-1.1960290049148357],[37.087043506951105,-1.1959576441497963],[37.086940955225344,-1.1959799414793448]]]},"id":"001a0000000000012b72","properties":{"FID":380858}},{"type":"Feature","geometry":{"type":"Polygon","coordinates":[[[37.09391946140323,-1.173831595371055],[37.09393730189506,-1.173862815790833],[37.09398190310539,-1.1738360446108747],[37.093964062624565,-1.1738048242280563],[37.09391946140323,-1.173831595371055]]]},"id":"001a0000000000000be2","properties":{"FID":414139}},{"type":"Feature","geometry":{"type":"Polygon","coordinates":[[[37.09259516088496,-1.1779027769571058],[37.092670943411655,-1.1780320785644411],[37.09280024818778,-1.1779562917679107],[37.09275122697387,-1.1778804502052829],[37.09270212388827,-1.1779116543881656],[37.092670943411655,-1.1778581456175339],[37.09259516088496,-1.1779027769571058]]]},"id":"001a00000000000163bb","properties":{"FID":414651}},{"type":"Feature","geometry":{"type":"Polygon","coordinates":[[[37.112638757810814,-1.1751470191505684],[37.1127011833695,-1.1751648860365298],[37.11270118336951,-1.175173773988679],[37.11280378043547,-1.1752050264020475],[37.1128216162742,-1.1751514808881636],[37.11265217562877,-1.175097956711186],[37.112638757810814,-1.1751470191505684]]]},"id":"001a000000000001381d","properties":{"FID":414907}},{"type":"Feature","geometry":{"type":"Polygon","coordinates":[[[37.10329247957813,-1.19635452537527],[37.103296980037534,-1.19639910415898],[37.10338617090259,-1.196390214968237],[37.103377251821016,-1.196345588202468],[37.10329247957813,-1.19635452537527]]]},"id":"001a0000000000001050","properties":{"FID":416187}},{"type":"Feature","geometry":{"type":"Polygon","coordinates":[[[37.08109060147124,-1.1743354887725919],[37.08114863424388,-1.1743756314005924],[37.08117981967798,-1.1743265701408516],[37.081121868781885,-1.1742864262846626],[37.08109060147124,-1.1743354887725919]]]},"id":"001a000000000000bf5e","properties":{"FID":379323}},{"type":"Feature","geometry":{"type":"Polygon","coordinates":[[[37.0697823283828,-1.1844977896107056],[37.06982252378136,-1.184502228197188],[37.0698314469931,-1.1844576125503943],[37.06979125159948,-1.1844531739477075],[37.0697823283828,-1.1844977896107056]]]},"id":"001a00000000000039f0","properties":{"FID":379835}},{"type":"Feature","geometry":{"type":"Polygon","coordinates":[[[37.08051092600835,-1.1755929321164067],[37.08057788113476,-1.1756286386777364],[37.0805912230413,-1.1755973992117528],[37.08052434977949,-1.1755661666857222],[37.08051092600835,-1.1755929321164067]]]},"id":"001a000000000000040d","properties":{"FID":380091}},{"type":"Feature","geometry":{"type":"Polygon","coordinates":[[[37.08670908793937,-1.1913781724669135],[37.08681163999321,-1.1914316992827574],[37.08682948223516,-1.1913915378795952],[37.086731431695306,-1.1913379992633693],[37.08670908793937,-1.1913781724669135]]]},"id":"001a000000000000fac0","properties":{"FID":380859}},{"type":"Feature","geometry":{"type":"Polygon","coordinates":[[[37.09801292074271,-1.1738449640169988],[37.09831610953414,-1.1740367145099833],[37.098338449710674,-1.1739965727383717],[37.09803967996646,-1.1738048716729776],[37.09801292074271,-1.1738449640169988]]]},"id":"001a0000000000014833","properties":{"FID":414140}},{"type":"Feature","geometry":{"type":"Polygon","coordinates":[[[37.09090067234866,-1.1777243767033254],[37.09094077420146,-1.1777511335289692],[37.09096311665268,-1.1777199325518382],[37.090922932971736,-1.1776887020323032],[37.09090067234866,-1.1777243767033254]]]},"id":"001a0000000000000e6e","properties":{"FID":414652}},{"type":"Feature","geometry":{"type":"Polygon","coordinates":[[[37.113013310355036,-1.1750445007547705],[37.11309807121221,-1.175080149986561],[37.11311140712953,-1.175044450445479],[37.113026728103534,-1.1750087999505312],[37.113013310355036,-1.1750445007547705]]]},"id":"001a000000000000902e","properties":{"FID":414908}},{"type":"Feature","geometry":{"type":"Polygon","coordinates":[[[37.103123098447995,-1.196323329421955],[37.10319886995906,-1.1963322058250823],[37.103212207700636,-1.1962519437276418],[37.10313201756086,-1.1962430192198963],[37.103123098447995,-1.196323329421955]]]},"id":"001a000000000000bcfd","properties":{"FID":416188}},{"type":"Feature","geometry":{"type":"Polygon","coordinates":[[[37.08284752512466,-1.1743533247654727],[37.082918897969215,-1.1743934364630375],[37.08296342411189,-1.1743220890884134],[37.08289213316074,-1.1742775011829554],[37.08284752512466,-1.1743533247654727]]]},"id":"001a00000000000061a7","properties":{"FID":379324}},{"type":"Feature","geometry":{"type":"Polygon","coordinates":[[[37.08535797358847,-1.1756598105165874],[37.08546502912139,-1.1757089067344881],[37.08550963554677,-1.1756107655911499],[37.08540258007974,-1.1755617282952302],[37.08535797358847,-1.1756598105165874]]]},"id":"001a000000000000ebb4","properties":{"FID":380092}},{"type":"Feature","geometry":{"type":"Polygon","coordinates":[[[37.08516178654781,-1.191190883214224],[37.08526434079091,-1.1912310387025216],[37.08526884237049,-1.1912176544785251],[37.08531786864628,-1.1912354406450012],[37.08535355386123,-1.1911418035113792],[37.08526884237049,-1.1911106164927594],[37.08528668499222,-1.1910704547731592],[37.08522423579692,-1.1910437485428067],[37.08516178654781,-1.191190883214224]]]},"id":"001a000000000000f116","properties":{"FID":380860}},{"type":"Feature","geometry":{"type":"Polygon","coordinates":[[[37.095208139203706,-1.1738271209818902],[37.09527508075303,-1.1738628199583503],[37.09532410025906,-1.1737825256679526],[37.09525724059067,-1.1737424101263398],[37.095208139203706,-1.1738271209818902]]]},"id":"001a0000000000002402","properties":{"FID":414141}},{"type":"Feature","geometry":{"type":"Polygon","coordinates":[[[37.089866118715044,-1.1775817034834553],[37.089933065200505,-1.1776173469915445],[37.08995982740905,-1.1775682948132944],[37.08989288094831,-1.1775371263488137],[37.089866118715044,-1.1775817034834553]]]},"id":"001a000000000000b8f7","properties":{"FID":414653}},{"type":"Feature","geometry":{"type":"Polygon","coordinates":[[[37.11277702666912,-1.1745495051887869],[37.11284837002405,-1.1745718249429091],[37.11286170598739,-1.174531652604186],[37.11279036264564,-1.1745093917039664],[37.11277702666912,-1.1745495051887869]]]},"id":"001a0000000000007007","properties":{"FID":414909}},{"type":"Feature","geometry":{"type":"Polygon","coordinates":[[[37.10180764000776,-1.1906646975708823],[37.101856655092185,-1.1906691691269096],[37.10186557436108,-1.1905666091925737],[37.10182097800564,-1.1905621270569615],[37.10180764000776,-1.1906646975708823]]]},"id":"001a000000000000ea77","properties":{"FID":416189}},{"type":"Feature","geometry":{"type":"Polygon","coordinates":[[[37.0863835885599,-1.1743845217117617],[37.08648172141585,-1.174429103856516],[37.08654408768228,-1.1742908913259502],[37.0864638790883,-1.1742552166938032],[37.08645045641695,-1.1742864536611377],[37.086432614081694,-1.1742819608325954],[37.0863835885599,-1.1743845217117617]]]},"id":"001a0000000000018198","properties":{"FID":379325}},{"type":"Feature","geometry":{"type":"Polygon","coordinates":[[[37.070036516831884,-1.1840607842152768],[37.07004101935677,-1.1841142614871012],[37.070134589947116,-1.1841053785447537],[37.07013016929202,-1.184056318177705],[37.070036516831884,-1.1840607842152768]]]},"id":"001a000000000000b725","properties":{"FID":379837}},{"type":"Feature","geometry":{"type":"Polygon","coordinates":[[[37.079766312079826,-1.175588458242302],[37.07984210802111,-1.1756286212357039],[37.07986437204064,-1.1755884691673617],[37.07978857612263,-1.1755483650814738],[37.079766312079826,-1.175588458242302]]]},"id":"001a000000000000c8e8","properties":{"FID":380093}},{"type":"Feature","geometry":{"type":"Polygon","coordinates":[[[37.08508599616796,-1.1910793804850492],[37.08512610123844,-1.1910882937561686],[37.08513502256742,-1.1910482132295035],[37.085094917501884,-1.1910348228588654],[37.08508599616796,-1.1910793804850492]]]},"id":"001a00000000000009ea","properties":{"FID":380861}},{"type":"Feature","geometry":{"type":"Polygon","coordinates":[[[37.09586814089695,-1.1737156415574803],[37.095930499084496,-1.1737424039435285],[37.095948339081026,-1.1737067464138053],[37.095885899073934,-1.1736755111365222],[37.09586814089695,-1.1737156415574803]]]},"id":"001a0000000000007097","properties":{"FID":414142}},{"type":"Feature","geometry":{"type":"Polygon","coordinates":[[[37.09991247373723,-1.1775817032440463],[37.099952652431455,-1.1775995654527625],[37.09998382977352,-1.1775326707107103],[37.09994373292692,-1.1775148072396011],[37.09991247373723,-1.1775817032440463]]]},"id":"001a000000000000ce50","properties":{"FID":414654}},{"type":"Feature","geometry":{"type":"Polygon","coordinates":[[[37.11223303127459,-1.1744202088423261],[37.11229095728348,-1.1744425014095234],[37.112326629209385,-1.1743399447561105],[37.112268703229056,-1.1743176521925969],[37.11223303127459,-1.1744202088423261]]]},"id":"001a00000000000133e4","properties":{"FID":414910}},{"type":"Feature","geometry":{"type":"Polygon","coordinates":[[[37.113401278639195,-1.1832447837048459],[37.11370448479542,-1.1833517901077648],[37.11372682022295,-1.1832849133981218],[37.11342361416034,-1.1831734325527548],[37.113401278639195,-1.1832447837048459]]]},"id":"001a0000000000013cd6","properties":{"FID":415166}},{"type":"Feature","geometry":{"type":"Polygon","coordinates":[[[37.11087298398472,-1.189652460852628],[37.110935411066926,-1.1896569569618303],[37.11093982923322,-1.1896168442272448],[37.11087740215483,-1.189607872659003],[37.11087298398472,-1.189652460852628]]]},"id":"001a0000000000000a9b","properties":{"FID":416190}},{"type":"Feature","geometry":{"type":"Polygon","coordinates":[[[37.08253534995354,-1.1742730754127195],[37.08258445992797,-1.1742998126125361],[37.08260672310542,-1.1742551888769974],[37.08255319324809,-1.1742329362535693],[37.08253534995354,-1.1742730754127195]]]},"id":"001a0000000000006148","properties":{"FID":379326}},{"type":"Feature","geometry":{"type":"Polygon","coordinates":[[[37.08182194197321,-1.175601873635154],[37.08186204884948,-1.1756241579191966],[37.08190223755426,-1.1755483394568247],[37.08186204884948,-1.175530531675666],[37.08182194197321,-1.175601873635154]]]},"id":"001a0000000000000159","properties":{"FID":380094}},{"type":"Feature","geometry":{"type":"Polygon","coordinates":[[[37.089665524413356,-1.19108383752265],[37.08981267606062,-1.1911596344828546],[37.089852778515564,-1.1910794228010015],[37.089705626949744,-1.1910035670077723],[37.089665524413356,-1.19108383752265]]]},"id":"001a0000000000016d1c","properties":{"FID":380862}},{"type":"Feature","geometry":{"type":"Polygon","coordinates":[[[37.096795570187155,-1.1736666046792972],[37.096898189798935,-1.1737290659245874],[37.096924867600826,-1.173693389711271],[37.09682232986069,-1.1736264531357363],[37.096795570187155,-1.1736666046792972]]]},"id":"001a000000000000f536","properties":{"FID":414143}},{"type":"Feature","geometry":{"type":"Polygon","coordinates":[[[37.09953793522389,-1.177541542219892],[37.09973858401947,-1.177648578715184],[37.09976534260558,-1.1775950579903012],[37.09956469388414,-1.1774880804427568],[37.09953793522389,-1.177541542219892]]]},"id":"001a00000000000171a4","properties":{"FID":414655}},{"type":"Feature","geometry":{"type":"Polygon","coordinates":[[[37.11227762121493,-1.1743176316528747],[37.11233112910705,-1.1743309872178436],[37.11234004708521,-1.1742908834409156],[37.11228653919969,-1.1742730545554347],[37.11227762121493,-1.1743176316528747]]]},"id":"001a00000000000046aa","properties":{"FID":414911}},{"type":"Feature","geometry":{"type":"Polygon","coordinates":[[[37.11105134693383,-1.1882879793036762],[37.11105576509304,-1.1883370788620133],[37.11109593760241,-1.1883326211332133],[37.11109143762792,-1.1882835228898063],[37.11105134693383,-1.1882879793036762]]]},"id":"001a0000000000002413","properties":{"FID":416191}},{"type":"Feature","geometry":{"type":"Polygon","coordinates":[[[37.08107725965658,-1.1742908855720218],[37.08111294695902,-1.1743087043561315],[37.081144132408454,-1.174237385561581],[37.08110844512137,-1.174219566790602],[37.08107725965658,-1.1742908855720218]]]},"id":"001a000000000000bf5f","properties":{"FID":379327}},{"type":"Feature","geometry":{"type":"Polygon","coordinates":[[[37.07854006025404,-1.1835747585373142],[37.07858909108015,-1.1836015000713305],[37.07866930838692,-1.1834365040955714],[37.07861585747706,-1.1834097726916963],[37.07854006025404,-1.1835747585373142]]]},"id":"001a0000000000016ea5","properties":{"FID":379839}},{"type":"Feature","geometry":{"type":"Polygon","coordinates":[[[37.07887893707274,-1.1755616999977043],[37.078927967669706,-1.1755751316488265],[37.07893688976142,-1.1755394258484289],[37.078892279291885,-1.175526043450103],[37.07887893707274,-1.1755616999977043]]]},"id":"001a0000000000003e4d","properties":{"FID":380095}},{"type":"Feature","geometry":{"type":"Polygon","coordinates":[[[37.08604024528677,-1.1898041266574175],[37.08616064069357,-1.189893306321987],[37.086205246690874,-1.1898397674065382],[37.086084851358166,-1.1897461109924536],[37.08604024528677,-1.1898041266574175]]]},"id":"001a000000000001771b","properties":{"FID":380863}},{"type":"Feature","geometry":{"type":"Polygon","coordinates":[[[37.096965047952615,-1.17377806992742],[37.09700964729866,-1.1738048714573042],[37.09710326491921,-1.173639881309977],[37.097014066314934,-1.1735908113432867],[37.096965047952615,-1.173675518607641],[37.09700964729866,-1.173697846009612],[37.096965047952615,-1.17377806992742]]]},"id":"001a0000000000016329","properties":{"FID":414144}},{"type":"Feature","geometry":{"type":"Polygon","coordinates":[[[37.09854360258462,-1.1773765989287708],[37.098597038798225,-1.1773989066460324],[37.098614878137944,-1.1773542965885395],[37.09856136010562,-1.177331990147438],[37.09854360258462,-1.1773765989287708]]]},"id":"001a0000000000007b68","properties":{"FID":414656}},{"type":"Feature","geometry":{"type":"Polygon","coordinates":[[[37.11196990915891,-1.174259657848414],[37.11206358925071,-1.1742953459394125],[37.11211709730112,-1.1741481919721681],[37.11202791719512,-1.1741124929973852],[37.11196990915891,-1.174259657848414]]]},"id":"001a0000000000001e60","properties":{"FID":414912}},{"type":"Feature","geometry":{"type":"Polygon","coordinates":[[[37.108679083749244,-1.187498727634107],[37.10872367587966,-1.187512102205929],[37.108732594302445,-1.187480929915417],[37.10868358387374,-1.1874675068257827],[37.108679083749244,-1.187498727634107]]]},"id":"001a00000000000023ec","properties":{"FID":416192}},{"type":"Feature","geometry":{"type":"Polygon","coordinates":[[[37.08208951171373,-1.1742953478475173],[37.08213403836579,-1.1743220973168031],[37.082209913682284,-1.174197270371723],[37.082165305226425,-1.174170463344459],[37.08208951171373,-1.1742953478475173]]]},"id":"001a000000000001678f","properties":{"FID":379328}},{"type":"Feature","geometry":{"type":"Polygon","coordinates":[[[37.069068876819415,-1.1830173695699127],[37.069117914047524,-1.183017370690229],[37.069117914047524,-1.1830619633257158],[37.06916703310757,-1.1830663811693654],[37.06917145382134,-1.1829727679582143],[37.069068876819415,-1.1829683000365188],[37.069068876819415,-1.1830173695699127]]]},"id":"001a0000000000000816","properties":{"FID":379840}},{"type":"Feature","geometry":{"type":"Polygon","coordinates":[[[37.0801096032152,-1.1756152293345623],[37.08016313487667,-1.1756464333393108],[37.080225588431766,-1.1755394120201128],[37.08017205681641,-1.1755082080684998],[37.0801096032152,-1.1756152293345623]]]},"id":"001a000000000000eb16","properties":{"FID":380096}},{"type":"Feature","geometry":{"type":"Polygon","coordinates":[[[37.08972788793995,-1.1897060240125905],[37.089785913797726,-1.1897283212670584],[37.08980375530742,-1.1896792693911724],[37.08974572946393,-1.1896569721386534],[37.08972788793995,-1.1897060240125905]]]},"id":"001a0000000000000f13","properties":{"FID":380864}},{"type":"Feature","geometry":{"type":"Polygon","coordinates":[[[37.09539546081625,-1.1736889340815633],[37.095431141068474,-1.1737201130124768],[37.09552476072929,-1.1735952699571615],[37.09548908052319,-1.1735685064267682],[37.09539546081625,-1.1736889340815633]]]},"id":"001a00000000000027f5","properties":{"FID":414145}},{"type":"Feature","geometry":{"type":"Polygon","coordinates":[[[37.09883336877702,-1.1773855205874402],[37.098918146240734,-1.1774345414713336],[37.09895824365522,-1.177367684308552],[37.09887354806998,-1.177314128851104],[37.09883336877702,-1.1773855205874402]]]},"id":"001a000000000000d351","properties":{"FID":414657}},{"type":"Feature","geometry":{"type":"Polygon","coordinates":[[[37.10550421709124,-1.1871152585790836],[37.10556664880468,-1.1871331241844783],[37.10557556761649,-1.1871018921646372],[37.10551763623209,-1.1870840738162987],[37.10550421709124,-1.1871152585790836]]]},"id":"001a00000000000024d1","properties":{"FID":416193}},{"type":"Feature","geometry":{"type":"Polygon","coordinates":[[[37.08321314651183,-1.174268584820482],[37.08332020521238,-1.1743132073990197],[37.08338265604802,-1.1741705137757894],[37.083271177585495,-1.1741259007900233],[37.08321314651183,-1.174268584820482]]]},"id":"001a0000000000018052","properties":{"FID":379329}},{"type":"Feature","geometry":{"type":"Polygon","coordinates":[[[37.06979125159948,-1.182847882554628],[37.069795754139584,-1.1828835684369117],[37.06987156050017,-1.1828790876914248],[37.06987156050017,-1.1828434494577225],[37.06979125159948,-1.182847882554628]]]},"id":"001a0000000000002b37","properties":{"FID":379841}},{"type":"Feature","geometry":{"type":"Polygon","coordinates":[[[37.08699006221509,-1.1755974082145484],[37.08703908732665,-1.1756107793743786],[37.08706134913598,-1.1755126925346926],[37.08701232403948,-1.1754993213571059],[37.08699006221509,-1.1755974082145484]]]},"id":"001a000000000000596b","properties":{"FID":380097}},{"type":"Feature","geometry":{"type":"Polygon","coordinates":[[[37.08951387115165,-1.1894250569057683],[37.08955397377196,-1.1895097781561061],[37.08963876209612,-1.1894696895946286],[37.089598577680725,-1.1893849698020864],[37.08951387115165,-1.1894250569057683]]]},"id":"001a0000000000001e00","properties":{"FID":380865}},{"type":"Feature","geometry":{"type":"Polygon","coordinates":[[[37.099752004229025,-1.1774791648208118],[37.09983669878685,-1.1775237119432986],[37.09992589391456,-1.1773498246949312],[37.09984561830457,-1.1773052090202005],[37.099752004229025,-1.1774791648208118]]]},"id":"001a0000000000014ae4","properties":{"FID":414658}},{"type":"Feature","geometry":{"type":"Polygon","coordinates":[[[37.111947655005736,-1.182781007886483],[37.1120055812431,-1.1827899354150262],[37.1120234172786,-1.1826650787570738],[37.11196549105551,-1.1826561511722224],[37.111947655005736,-1.182781007886483]]]},"id":"001a000000000000d0a6","properties":{"FID":415170}},{"type":"Feature","geometry":{"type":"Polygon","coordinates":[[[37.09974308469979,-1.2081711498081313],[37.09975642307798,-1.2082513741059606],[37.09981444090299,-1.2082380152324232],[37.099796601858785,-1.208162223451906],[37.09974308469979,-1.2081711498081313]]]},"id":"001a0000000000001f4f","properties":{"FID":416194}},{"type":"Feature","geometry":{"type":"Polygon","coordinates":[[[37.08067593999802,-1.174063452933574],[37.080716047508226,-1.1740857962145632],[37.08074731498038,-1.174032258888607],[37.08070712563543,-1.1740099757752247],[37.08067593999802,-1.174063452933574]]]},"id":"001a00000000000007d2","properties":{"FID":379330}},{"type":"Feature","geometry":{"type":"Polygon","coordinates":[[[37.06980467735461,-1.1827275047937733],[37.06987156050017,-1.182731940319239],[37.06987598117102,-1.1826383288945184],[37.06980909802954,-1.1826338343964107],[37.06980467735461,-1.1827275047937733]]]},"id":"001a0000000000005265","properties":{"FID":379842}},{"type":"Feature","geometry":{"type":"Polygon","coordinates":[[[37.08049308221118,-1.1758604910063077],[37.08054219356896,-1.175887229227077],[37.080716047508226,-1.1755661981387853],[37.08057788113476,-1.1754948511300671],[37.08054219356897,-1.1755617092090862],[37.080631330598365,-1.1756063168818691],[37.08049308221118,-1.1758604910063077]]]},"id":"001a0000000000018013","properties":{"FID":380098}},{"type":"Feature","geometry":{"type":"Polygon","coordinates":[[[37.085768270426335,-1.1894161390107332],[37.0857994538732,-1.1894339695063156],[37.085821716063286,-1.1893983357442532],[37.08578611292513,-1.1893804567794086],[37.085768270426335,-1.1894161390107332]]]},"id":"001a0000000000003fdb","properties":{"FID":380866}},{"type":"Feature","geometry":{"type":"Polygon","coordinates":[[[37.09949333743483,-1.1773721467319958],[37.099515677248206,-1.1773855173771626],[37.09954685477842,-1.1773186227816643],[37.09952459680546,-1.1773097253200677],[37.09949333743483,-1.1773721467319958]]]},"id":"001a00000000000016f1","properties":{"FID":414659}},{"type":"Feature","geometry":{"type":"Polygon","coordinates":[[[37.09832061030286,-1.2070385402098158],[37.0983607080482,-1.207109851712141],[37.09840088760339,-1.2070831069690775],[37.0983607080482,-1.2070162163842915],[37.09832061030286,-1.2070385402098158]]]},"id":"001a0000000000007421","properties":{"FID":416195}},{"type":"Feature","geometry":{"type":"Polygon","coordinates":[[[37.08215188175912,-1.1740278243839979],[37.08218314861206,-1.1740456524349774],[37.08220541191275,-1.1740055038735573],[37.0821742269198,-1.1739876745661306],[37.08215188175912,-1.1740278243839979]]]},"id":"001a0000000000006136","properties":{"FID":379331}},{"type":"Feature","geometry":{"type":"Polygon","coordinates":[[[37.06996521317322,-1.1825625400162334],[37.070009747269054,-1.182562493771117],[37.0700142497956,-1.1824956247676015],[37.06996963383837,-1.1824956133454618],[37.06996521317322,-1.1825625400162334]]]},"id":"001a00000000000060a8","properties":{"FID":379843}},{"type":"Feature","geometry":{"type":"Polygon","coordinates":[[[37.07997143568614,-1.1754948298869732],[37.07999820157283,-1.1755260366221163],[37.08003380755354,-1.1754903888253079],[37.08000704168001,-1.175463657432604],[37.07997143568614,-1.1754948298869732]]]},"id":"001a0000000000000566","properties":{"FID":380099}},{"type":"Feature","geometry":{"type":"Polygon","coordinates":[[[37.08960749845918,-1.189340358244036],[37.08962092054581,-1.1893893903871855],[37.08964768286964,-1.1893804885033281],[37.08963426078797,-1.1893358740916147],[37.08960749845918,-1.189340358244036]]]},"id":"001a0000000000000a8d","properties":{"FID":380867}},{"type":"Feature","geometry":{"type":"Polygon","coordinates":[[[37.09871749517188,-1.1772740455635708],[37.098766512348085,-1.1772918885182058],[37.09877993273779,-1.1772561785704294],[37.098730833738976,-1.1772428113649391],[37.09871749517188,-1.1772740455635708]]]},"id":"001a0000000000002e0d","properties":{"FID":414660}},{"type":"Feature","geometry":{"type":"Polygon","coordinates":[[[37.09989913538778,-1.2058122731177887],[37.09994815176417,-1.205883616020431],[37.10002842726049,-1.2058345513777329],[37.09997491027283,-1.2057498456285554],[37.09993481342129,-1.2057721675471265],[37.09994373292692,-1.2057855191703448],[37.09989913538778,-1.2058122731177887]]]},"id":"001a000000000000886e","properties":{"FID":416196}},{"type":"Feature","geometry":{"type":"Polygon","coordinates":[[[37.079864372040646,-1.174067950688687],[37.079900059940044,-1.1740946611314569],[37.07996693377763,-1.1740054776681612],[37.07992682585306,-1.173978776822335],[37.079864372040646,-1.174067950688687]]]},"id":"001a0000000000007f7f","properties":{"FID":379332}},{"type":"Feature","geometry":{"type":"Polygon","coordinates":[[[37.06981802124292,-1.182495620350347],[37.06996071064363,-1.182500111438661],[37.06996071064363,-1.1824599379307816],[37.069818021242924,-1.1824555056804735],[37.06981802124292,-1.182495620350347]]]},"id":"001a0000000000009e37","properties":{"FID":379844}},{"type":"Feature","geometry":{"type":"Polygon","coordinates":[[[37.086240931468936,-1.1755126946212933],[37.08628995708723,-1.1755483229820292],[37.08632564182359,-1.1754948356826624],[37.086276534383686,-1.1754591497504172],[37.086240931468936,-1.1755126946212933]]]},"id":"001a00000000000091fe","properties":{"FID":380100}},{"type":"Feature","geometry":{"type":"Polygon","coordinates":[[[37.08579053262599,-1.1893805052588595],[37.08583513885107,-1.1893983018943997],[37.08585740103019,-1.1893581913715858],[37.08580837511931,-1.1893358694343383],[37.08579053262599,-1.1893805052588595]]]},"id":"001a0000000000003fdc","properties":{"FID":380868}},{"type":"Feature","geometry":{"type":"Polygon","coordinates":[[[37.09831610953414,-1.1772918793390463],[37.09841872699143,-1.1773587569328117],[37.098463325442296,-1.1772963041273465],[37.09836070804819,-1.1772249521196523],[37.09831610953414,-1.1772918793390463]]]},"id":"001a0000000000015463","properties":{"FID":414661}},{"type":"Feature","geometry":{"type":"Polygon","coordinates":[[[37.0974555574155,-1.2046573388391426],[37.09750457544586,-1.2047376387114284],[37.09757151487278,-1.204697508221309],[37.09752691587273,-1.2046172560989048],[37.0974555574155,-1.2046573388391426]]]},"id":"001a00000000000139ce","properties":{"FID":416197}},{"type":"Feature","geometry":{"type":"Polygon","coordinates":[[[37.08060014492836,-1.1739609340927983],[37.08064025248049,-1.1739965848403044],[37.08066701812028,-1.173965374910967],[37.080626910582964,-1.1739297241933782],[37.08060014492836,-1.1739609340927983]]]},"id":"001a0000000000005b72","properties":{"FID":379333}},{"type":"Feature","geometry":{"type":"Polygon","coordinates":[[[37.07799605323792,-1.1824956525765242],[37.078103037786896,-1.1825178976381272],[37.0781163801488,-1.1824554918968548],[37.07800939561952,-1.182437664246104],[37.07799605323792,-1.1824956525765242]]]},"id":"001a00000000000161ca","properties":{"FID":379845}},{"type":"Feature","geometry":{"type":"Polygon","coordinates":[[[37.08001154358603,-1.1755439077284335],[37.08010518316799,-1.1755929212545773],[37.08015421293583,-1.1754992985157422],[37.08006057341719,-1.175450226162182],[37.08001154358603,-1.1755439077284335]]]},"id":"001a0000000000015801","properties":{"FID":380101}},{"type":"Feature","geometry":{"type":"Polygon","coordinates":[[[37.08209843341642,-1.1891976624680825],[37.0821742269198,-1.1892243962651494],[37.082192070303236,-1.1891753405658052],[37.08211619496806,-1.1891486080508349],[37.08209843341642,-1.1891976624680825]]]},"id":"001a000000000000574b","properties":{"FID":380869}},{"type":"Feature","geometry":{"type":"Polygon","coordinates":[[[37.09904302097275,-1.1772695773405955],[37.09911879675365,-1.1773141456670204],[37.099145555568775,-1.1772695740907049],[37.09906969798457,-1.1772249481934722],[37.09904302097275,-1.1772695773405955]]]},"id":"001a000000000000cf3a","properties":{"FID":414662}},{"type":"Feature","geometry":{"type":"Polygon","coordinates":[[[37.09267536269262,-1.2007824079034402],[37.09271996467988,-1.2007957833390581],[37.09274230658246,-1.2007333273177878],[37.092697704608945,-1.2007155328501664],[37.09267536269262,-1.2007824079034402]]]},"id":"001a0000000000005bd0","properties":{"FID":416198}},{"type":"Feature","geometry":{"type":"Polygon","coordinates":[[[37.08242837194404,-1.1742017188193576],[37.08247740014091,-1.1742329323159701],[37.08267359444658,-1.1739341338718206],[37.082624566382414,-1.1739029205496243],[37.08242837194404,-1.1742017188193576]]]},"id":"001a00000000000188b7","properties":{"FID":379334}},{"type":"Feature","geometry":{"type":"Polygon","coordinates":[[[37.07668062970155,-1.1823796900394583],[37.07669839258027,-1.1824109247537038],[37.07674750650803,-1.1823797076608802],[37.07672515967502,-1.1823484855487505],[37.07668062970155,-1.1823796900394583]]]},"id":"001a000000000000296b","properties":{"FID":379846}},{"type":"Feature","geometry":{"type":"Polygon","coordinates":[[[37.08622750875631,-1.1754725692399641],[37.086272114712465,-1.1754770003145174],[37.086276534383686,-1.17544130883747],[37.08623201027607,-1.1754368764788363],[37.08622750875631,-1.1754725692399641]]]},"id":"001a000000000000622a","properties":{"FID":380102}},{"type":"Feature","geometry":{"type":"Polygon","coordinates":[[[37.08044855455136,-1.1886269071395685],[37.08053769169589,-1.1886625633281125],[37.080631330598365,-1.1884485551999922],[37.080546613589526,-1.1884084116831497],[37.08044855455136,-1.1886269071395685]]]},"id":"001a000000000000d70b","properties":{"FID":380870}},{"type":"Feature","geometry":{"type":"Polygon","coordinates":[[[37.0996137104869,-1.1772873816843847],[37.099729664488585,-1.1773587608014056],[37.099783181657486,-1.1772695593902516],[37.09967172842626,-1.1771982282162334],[37.0996137104869,-1.1772873816843847]]]},"id":"001a0000000000016fdb","properties":{"FID":414663}},{"type":"Feature","geometry":{"type":"Polygon","coordinates":[[[37.11209926128871,-1.1824554805795435],[37.11216610540432,-1.1824778099979674],[37.11217952330991,-1.1824420996449163],[37.11210817929547,-1.1824198404684534],[37.11209926128871,-1.1824554805795435]]]},"id":"001a0000000000006cf2","properties":{"FID":415175}},{"type":"Feature","geometry":{"type":"Polygon","coordinates":[[[37.09545790124611,-1.199315362577196],[37.09546682130312,-1.1993555198714776],[37.09552476072929,-1.1993421128786896],[37.095515840679404,-1.1993019556287543],[37.09545790124611,-1.199315362577196]]]},"id":"001a00000000000019a6","properties":{"FID":416199}},{"type":"Feature","geometry":{"type":"Polygon","coordinates":[[[37.08117981967798,-1.173960910260908],[37.08123335054932,-1.1739698559646614],[37.081246692335256,-1.1738850948656736],[37.08119316147376,-1.1738762080106344],[37.08117981967798,-1.173960910260908]]]},"id":"001a0000000000006e65","properties":{"FID":379335}},{"type":"Feature","geometry":{"type":"Polygon","coordinates":[[[37.07083468733312,-1.1823217320070534],[37.0709239181563,-1.182326172837862],[37.07092833876305,-1.1822860489428642],[37.07083468733312,-1.1822816180630205],[37.07083468733312,-1.1823217320070534]]]},"id":"001a00000000000045e5","properties":{"FID":379847}},{"type":"Feature","geometry":{"type":"Polygon","coordinates":[[[37.08716390069138,-1.1883058219744307],[37.08722192860218,-1.1883281201430234],[37.08725311142362,-1.1882567714756944],[37.08719516538251,-1.1882344720288687],[37.08716390069138,-1.1883058219744307]]]},"id":"001a0000000000000631","properties":{"FID":380871}},{"type":"Feature","geometry":{"type":"Polygon","coordinates":[[[37.099408642475424,-1.17708674532075],[37.09946657874821,-1.177144719355228],[37.09952009611157,-1.1770956703179745],[37.09946215988159,-1.1770332219642572],[37.099408642475424,-1.17708674532075]]]},"id":"001a0000000000004b3f","properties":{"FID":414664}},{"type":"Feature","geometry":{"type":"Polygon","coordinates":[[[37.10854980732598,-1.202940614240243],[37.108589899406,-1.2029718492063757],[37.10863007328432,-1.2029183080248547],[37.108589899406,-1.2028870743971136],[37.10854980732598,-1.202940614240243]]]},"id":"001a000000000000cf84","properties":{"FID":416200}},{"type":"Feature","geometry":{"type":"Polygon","coordinates":[[[37.08047532026192,-1.1739386068419937],[37.08055111546206,-1.1739831852582203],[37.08060014492837,-1.1738984597737554],[37.08052434977949,-1.1738538814180983],[37.08047532026192,-1.1739386068419937]]]},"id":"001a00000000000020ec","properties":{"FID":379336}},{"type":"Feature","geometry":{"type":"Polygon","coordinates":[[[37.077567949752584,-1.1821077012602605],[37.077630405542784,-1.1821388866839508],[37.07765267024136,-1.182098782790653],[37.07758579426956,-1.1820675484770409],[37.077567949752584,-1.1821077012602605]]]},"id":"001a000000000000c30c","properties":{"FID":379848}},{"type":"Feature","geometry":{"type":"Polygon","coordinates":[[[37.08063583246564,-1.188288019917897],[37.080716047508226,-1.1883325930810114],[37.08075623684823,-1.1882567972835432],[37.08067593999802,-1.1882122254506444],[37.08063583246564,-1.188288019917897]]]},"id":"001a0000000000001f05","properties":{"FID":380872}},{"type":"Feature","geometry":{"type":"Polygon","coordinates":[[[37.090655395839434,-1.1770688964177956],[37.09069999907021,-1.177109008000224],[37.09068665902425,-1.1771224043802961],[37.090708919713066,-1.1771402527947676],[37.09076686294455,-1.1770778229630259],[37.09069999907021,-1.1770198630500275],[37.090655395839434,-1.1770688964177956]]]},"id":"001a0000000000014fa8","properties":{"FID":414665}},{"type":"Feature","geometry":{"type":"Polygon","coordinates":[[[37.10840711206913,-1.2025170045435822],[37.10848737818573,-1.202566041057915],[37.1084650411408,-1.2025972654123738],[37.108589899406,-1.202673046936936],[37.1086211548489,-1.2026195301370597],[37.108420448851035,-1.2024947009617408],[37.10840711206913,-1.2025170045435822]]]},"id":"001a0000000000016c29","properties":{"FID":416201}},{"type":"Feature","geometry":{"type":"Polygon","coordinates":[[[37.082232176974756,-1.173871723388059],[37.0822990486614,-1.1739163210672634],[37.08233023360066,-1.1738717363212887],[37.08226786370871,-1.1738271278758516],[37.082232176974756,-1.173871723388059]]]},"id":"001a000000000000a04b","properties":{"FID":379337}},{"type":"Feature","geometry":{"type":"Polygon","coordinates":[[[37.07578879662674,-1.1820943189449435],[37.075851172091525,-1.1821344592718186],[37.07588244166131,-1.1820853791160892],[37.07584224962019,-1.1820586168704956],[37.075824404674236,-1.1820809237041583],[37.075806641581465,-1.1820675356637067],[37.07578879662674,-1.1820943189449435]]]},"id":"001a0000000000003300","properties":{"FID":379849}},{"type":"Feature","geometry":{"type":"Polygon","coordinates":[[[37.084198604421054,-1.1882300106449986],[37.08422536874718,-1.1882746534445294],[37.08426997593542,-1.1882523363002973],[37.08423879183056,-1.1882032860471472],[37.084198604421054,-1.1882300106449986]]]},"id":"001a000000000000763a","properties":{"FID":380873}},{"type":"Feature","geometry":{"type":"Polygon","coordinates":[[[37.10035394716835,-1.177068882939736],[37.10045647990816,-1.1771179800919327],[37.10047881942438,-1.1770688861174388],[37.100376286716205,-1.1770198478612273],[37.10035394716835,-1.177068882939736]]]},"id":"001a0000000000012ed9","properties":{"FID":414666}},{"type":"Feature","geometry":{"type":"Polygon","coordinates":[[[37.10228027823719,-1.2004256916860518],[37.10229369797567,-1.200465834273734],[37.102342712731044,-1.2004524504412672],[37.102333793520934,-1.2004122955083276],[37.10228027823719,-1.2004256916860518]]]},"id":"001a0000000000002d7c","properties":{"FID":416202}},{"type":"Feature","geometry":{"type":"Polygon","coordinates":[[[37.07960129602007,-1.1738672863231014],[37.07968159406035,-1.1739163295591284],[37.07973504418464,-1.1738315938374762],[37.07969943805721,-1.173809298379258],[37.079668170133196,-1.1738628359569074],[37.07962356011353,-1.1738360280783138],[37.07960129602007,-1.1738672863231014]]]},"id":"001a0000000000012ff8","properties":{"FID":379338}},{"type":"Feature","geometry":{"type":"Polygon","coordinates":[[[37.07587351919382,-1.1820274425112745],[37.075909127199715,-1.1820452644428567],[37.07593589458574,-1.181987301833752],[37.07590028659298,-1.1819694799132408],[37.07587351919382,-1.1820274425112745]]]},"id":"001a00000000000086ed","properties":{"FID":379850}},{"type":"Feature","geometry":{"type":"Polygon","coordinates":[[[37.080363837328974,-1.1882969356999018],[37.08045297457764,-1.1883414870388724],[37.08052434977948,-1.1881988134433037],[37.08043963264566,-1.1881542518309762],[37.080363837328974,-1.1882969356999018]]]},"id":"001a00000000000161d8","properties":{"FID":380874}},{"type":"Feature","geometry":{"type":"Polygon","coordinates":[[[37.0963809167345,-1.1770421608515031],[37.09644335631485,-1.177122440222066],[37.096536974667366,-1.1770510414089104],[37.09647453516772,-1.1769708211269745],[37.0963809167345,-1.1770421608515031]]]},"id":"001a000000000000e042","properties":{"FID":414667}},{"type":"Feature","geometry":{"type":"Polygon","coordinates":[[[37.10518313885725,-1.1988159626312647],[37.10520547691503,-1.198878345885074],[37.1052411523337,-1.1988605214212518],[37.10521881428692,-1.1988025562946338],[37.10518313885725,-1.1988159626312647]]]},"id":"001a0000000000002dac","properties":{"FID":416203}},{"type":"Feature","geometry":{"type":"Polygon","coordinates":[[[37.08763663447675,-1.1738093086255246],[37.0877614468124,-1.1738717287028253],[37.08777928882053,-1.1738360673793937],[37.08765889610253,-1.1737736377785242],[37.08763663447675,-1.1738093086255246]]]},"id":"001a000000000000feb1","properties":{"FID":379339}},{"type":"Feature","geometry":{"type":"Polygon","coordinates":[[[37.070553814181565,-1.1818802626498581],[37.07055823481085,-1.182000652548628],[37.070656307220915,-1.1819962381696008],[37.07065630722091,-1.1818758384693409],[37.070553814181565,-1.1818802626498581]]]},"id":"001a0000000000004e9e","properties":{"FID":379851}},{"type":"Feature","geometry":{"type":"Polygon","coordinates":[[[37.082687017817314,-1.1880962427926927],[37.08272712421501,-1.1881096339552508],[37.08274938734866,-1.188065046957899],[37.08270928096327,-1.1880516557946412],[37.082687017817314,-1.1880962427926927]]]},"id":"001a00000000000059a0","properties":{"FID":380875}},{"type":"Feature","geometry":{"type":"Polygon","coordinates":[[[37.0974956556398,-1.1770243184812754],[37.097580434669496,-1.1770867636902607],[37.09762053282464,-1.1770332120755835],[37.09753583567493,-1.176970824546339],[37.0974956556398,-1.1770243184812754]]]},"id":"001a000000000000d226","properties":{"FID":414668}},{"type":"Feature","geometry":{"type":"Polygon","coordinates":[[[37.108295590293494,-1.1975272527888414],[37.10833576433519,-1.1975540076705973],[37.10835360127526,-1.1975272782397397],[37.10831342724347,-1.1975005233720464],[37.108295590293494,-1.1975272527888414]]]},"id":"001a00000000000043f8","properties":{"FID":416204}},{"type":"Feature","geometry":{"type":"Polygon","coordinates":[[[37.086825062597654,-1.173787018363984],[37.0869097722696,-1.1738182072848082],[37.08692311301084,-1.1737825564667892],[37.086833983717526,-1.1737513182145014],[37.086825062597654,-1.173787018363984]]]},"id":"001a000000000000847d","properties":{"FID":379340}},{"type":"Feature","geometry":{"type":"Polygon","coordinates":[[[37.070486931664874,-1.1819293114364848],[37.07053596793467,-1.1819293131967263],[37.07053146544049,-1.181866886212923],[37.070486931664874,-1.1818668731718023],[37.070486931664874,-1.1819293114364848]]]},"id":"001a000000000000369e","properties":{"FID":379852}},{"type":"Feature","geometry":{"type":"Polygon","coordinates":[[[37.082718202589696,-1.1880472159012383],[37.082851945004684,-1.1881140989111387],[37.08286978822133,-1.188082893886168],[37.08273604583925,-1.1880115340789466],[37.082718202589696,-1.1880472159012383]]]},"id":"001a000000000000e502","properties":{"FID":380876}},{"type":"Feature","geometry":{"type":"Polygon","coordinates":[[[37.096095477967424,-1.1770153893496134],[37.09616683776465,-1.1770822832616272],[37.096211437602214,-1.1770332531706635],[37.096135658779325,-1.1769663690998975],[37.096095477967424,-1.1770153893496134]]]},"id":"001a000000000000cc1a","properties":{"FID":414669}},{"type":"Feature","geometry":{"type":"Polygon","coordinates":[[[37.079766312079826,-1.1738271646958887],[37.079828684123676,-1.1738717157627545],[37.079886717906305,-1.1737959184552138],[37.07982426405933,-1.1737468936413358],[37.079766312079826,-1.1738271646958887]]]},"id":"001a00000000000042e0","properties":{"FID":379341}},{"type":"Feature","geometry":{"type":"Polygon","coordinates":[[[37.07563269401454,-1.1818624464029064],[37.07566838399641,-1.1818802671054514],[37.07568622898075,-1.1818356961924787],[37.07565053900766,-1.181822292999245],[37.07563269401454,-1.1818624464029064]]]},"id":"001a000000000000078d","properties":{"FID":379853}},{"type":"Feature","geometry":{"type":"Polygon","coordinates":[[[37.086798299231454,-1.1880561496300948],[37.08683840335449,-1.188069481103579],[37.086851825953985,-1.18802491715528],[37.08681614147668,-1.1880115164255705],[37.086798299231454,-1.1880561496300948]]]},"id":"001a0000000000007294","properties":{"FID":380877}},{"type":"Feature","geometry":{"type":"Polygon","coordinates":[[[37.098222493481366,-1.1770600121009618],[37.09827601176412,-1.1770912087445744],[37.098307189828034,-1.1770332038905296],[37.098414226228805,-1.177100130428765],[37.09845882468243,-1.177028788190452],[37.09830277089066,-1.1769306541362194],[37.098222493481366,-1.1770600121009618]]]},"id":"001a0000000000016d77","properties":{"FID":414670}},{"type":"Feature","geometry":{"type":"Polygon","coordinates":[[[37.08673585133853,-1.1738004105766378],[37.08677595549612,-1.1738137436792133],[37.086798299231454,-1.1737602312771809],[37.086758195086205,-1.1737424234789586],[37.08673585133853,-1.1738004105766378]]]},"id":"001a00000000000035c3","properties":{"FID":379342}},{"type":"Feature","geometry":{"type":"Polygon","coordinates":[[[37.07588686196589,-1.1818669085922187],[37.07597608657497,-1.1819070426841571],[37.07602061698099,-1.1818134048641802],[37.07595824166192,-1.181782158615343],[37.0759403967445,-1.1818223118079008],[37.07591362936014,-1.181808946335219],[37.07588686196589,-1.1818669085922187]]]},"id":"001a0000000000008c77","properties":{"FID":379854}},{"type":"Feature","geometry":{"type":"Polygon","coordinates":[[[37.086798299231454,-1.1880026072140326],[37.08689193004741,-1.1880472018022286],[37.086927614487394,-1.187966947661817],[37.086833983717526,-1.1879223531065592],[37.086798299231454,-1.1880026072140326]]]},"id":"001a00000000000156a1","properties":{"FID":380878}},{"type":"Feature","geometry":{"type":"Polygon","coordinates":[[[37.09605095989317,-1.1769796951591704],[37.096086557987825,-1.1770109355245795],[37.09612673880467,-1.1769663309914027],[37.09609105889509,-1.1769351508109598],[37.09605095989317,-1.1769796951591704]]]},"id":"001a0000000000003a17","properties":{"FID":414671}},{"type":"Feature","geometry":{"type":"Polygon","coordinates":[[[37.11269226543585,-1.1820408237904048],[37.112817116407044,-1.1820898591036464],[37.112830534191914,-1.1820586238364037],[37.11270118336951,-1.1820140741942784],[37.11269226543585,-1.1820408237904048]]]},"id":"001a000000000000eea8","properties":{"FID":415183}},{"type":"Feature","geometry":{"type":"Polygon","coordinates":[[[37.0837437730623,-1.1737602382465768],[37.083837407823985,-1.1738226733866544],[37.083873093767764,-1.173764713135943],[37.08384190949218,-1.1737424094074727],[37.083819646694046,-1.1737736070329403],[37.08376161605943,-1.1737335250079435],[37.0837437730623,-1.1737602382465768]]]},"id":"001a0000000000007dfd","properties":{"FID":379343}},{"type":"Feature","geometry":{"type":"Polygon","coordinates":[[[37.07565053900766,-1.1818044462966835],[37.07569064929729,-1.1818267923143426],[37.07571741676395,-1.1817866177670167],[37.07567280431404,-1.1817598655191464],[37.07565053900766,-1.1818044462966835]]]},"id":"001a0000000000007161","properties":{"FID":379855}},{"type":"Feature","geometry":{"type":"Polygon","coordinates":[[[37.081857628909106,-1.1879580254390003],[37.08188881403823,-1.1879803335599173],[37.08192450094121,-1.1879312947818874],[37.08188881403823,-1.1879089983010915],[37.081857628909106,-1.1879580254390003]]]},"id":"001a000000000000b883","properties":{"FID":380879}},{"type":"Feature","geometry":{"type":"Polygon","coordinates":[[[37.09060187192626,-1.1769618586068102],[37.090695579668754,-1.1770242888149305],[37.090717840354834,-1.176988614994864],[37.090677738378645,-1.176961858306624],[37.09069999907021,-1.1769306594561613],[37.09064647518998,-1.1768949847308647],[37.09060187192626,-1.1769618586068102]]]},"id":"001a000000000000f3ca","properties":{"FID":414672}},{"type":"Feature","geometry":{"type":"Polygon","coordinates":[[[37.11280378043547,-1.1820006986484224],[37.1128973776319,-1.1820363277127426],[37.112928631214224,-1.1819471781584876],[37.11283495224248,-1.1819114915025628],[37.11280378043547,-1.1820006986484224]]]},"id":"001a0000000000005ea9","properties":{"FID":415184}},{"type":"Feature","geometry":{"type":"Polygon","coordinates":[[[37.08506815349682,-1.173755810496958],[37.08513502256742,-1.1737825661175785],[37.08514844548237,-1.1737513291917336],[37.08508157642414,-1.1737245735744808],[37.08506815349682,-1.173755810496958]]]},"id":"001a0000000000005a2d","properties":{"FID":379344}},{"type":"Feature","geometry":{"type":"Polygon","coordinates":[[[37.07549443609791,-1.181764352740691],[37.075539048657525,-1.181786628650896],[37.0755568936737,-1.181750951705458],[37.07551228112505,-1.1817286758041514],[37.07549443609791,-1.181764352740691]]]},"id":"001a0000000000006ed5","properties":{"FID":379856}},{"type":"Feature","geometry":{"type":"Polygon","coordinates":[[[37.08115755606235,-1.187516592549815],[37.081206585118586,-1.187543333800607],[37.08122442874017,-1.187503175115128],[37.08117539969601,-1.1874809107181863],[37.08115755606235,-1.187516592549815]]]},"id":"001a0000000000000d58","properties":{"FID":380880}},{"type":"Feature","geometry":{"type":"Polygon","coordinates":[[[37.09610889885208,-1.1769217444024234],[37.0962025176369,-1.1770287993524267],[37.09626053830906,-1.1769752630176942],[37.09616241869668,-1.1768682192701865],[37.09610889885208,-1.1769217444024234]]]},"id":"001a000000000000d490","properties":{"FID":414673}},{"type":"Feature","geometry":{"type":"Polygon","coordinates":[[[37.1127413549653,-1.181907005868139],[37.11279036264564,-1.1819248448314124],[37.1127992805672,-1.181898095373697],[37.11275027289291,-1.1818847307077687],[37.1127413549653,-1.181907005868139]]]},"id":"001a000000000000bbdd","properties":{"FID":415185}},{"type":"Feature","geometry":{"type":"Polygon","coordinates":[[[37.084925493816854,-1.173858348832532],[37.084970018727034,-1.1738762064191943],[37.08502804839428,-1.1737290526873212],[37.08498344167253,-1.1737156711678518],[37.084925493816854,-1.173858348832532]]]},"id":"001a0000000000014f8a","properties":{"FID":379345}},{"type":"Feature","geometry":{"type":"Polygon","coordinates":[[[37.075869017030904,-1.181786611638341],[37.075909127199715,-1.1817955284330295],[37.075922551822686,-1.181733121155129],[37.07588244166131,-1.181724204346985],[37.075869017030904,-1.181786611638341]]]},"id":"001a0000000000006038","properties":{"FID":379857}},{"type":"Feature","geometry":{"type":"Polygon","coordinates":[[[37.07886551299699,-1.1874541678262829],[37.07897257811728,-1.1875032107408177],[37.07901718853742,-1.1874095563808822],[37.07891462545711,-1.187360501928108],[37.07886551299699,-1.1874541678262829]]]},"id":"001a0000000000011942","properties":{"FID":380881}},{"type":"Feature","geometry":{"type":"Polygon","coordinates":[[[37.09629613630071,-1.1768726781337215],[37.09631397620718,-1.1768994840276512],[37.09637641584524,-1.1768637776910347],[37.09635857595414,-1.1768370307151734],[37.09629613630071,-1.1768726781337215]]]},"id":"001a000000000000a1bf","properties":{"FID":414674}},{"type":"Feature","geometry":{"type":"Polygon","coordinates":[[[37.086771535855355,-1.173742393577524],[37.086820561114735,-1.1737602398910516],[37.08682948223516,-1.173733489146495],[37.08678045698181,-1.1737156428327569],[37.086771535855355,-1.173742393577524]]]},"id":"001a000000000000bcff","properties":{"FID":379346}},{"type":"Feature","geometry":{"type":"Polygon","coordinates":[[[37.075998351781394,-1.1817331181353987],[37.076042964031075,-1.181764346629949],[37.07606973136771,-1.1817286487184773],[37.07602061698099,-1.1816974314931048],[37.075998351781394,-1.1817331181353987]]]},"id":"001a0000000000007a47","properties":{"FID":379858}},{"type":"Feature","geometry":{"type":"Polygon","coordinates":[[[37.088144967175445,-1.1873827774137975],[37.08819841105979,-1.1874229350535295],[37.08822967530465,-1.1873783289944955],[37.08817614959974,-1.1873426490998926],[37.088144967175445,-1.1873827774137975]]]},"id":"001a0000000000005436","properties":{"FID":380882}},{"type":"Feature","geometry":{"type":"Polygon","coordinates":[[[37.099529015668274,-1.1768682205816219],[37.09962713071961,-1.1769172691442902],[37.09966280888713,-1.1768459492399146],[37.09956469388413,-1.1767969007165033],[37.099529015668274,-1.1768682205816219]]]},"id":"001a000000000000973e","properties":{"FID":414675}},{"type":"Feature","geometry":{"type":"Polygon","coordinates":[[[37.083208726653815,-1.173751327662752],[37.08329344055207,-1.1738003588997348],[37.08332462506359,-1.1737513588903077],[37.08323991120179,-1.1736978528047288],[37.083208726653815,-1.173751327662752]]]},"id":"001a000000000000650d","properties":{"FID":379347}},{"type":"Feature","geometry":{"type":"Polygon","coordinates":[[[37.07565053900766,-1.1817019015655708],[37.07570407396071,-1.1817286914914586],[37.07572191893627,-1.1816885383136273],[37.07567280431404,-1.1816617973319365],[37.07565053900766,-1.1817019015655708]]]},"id":"001a00000000000011fb","properties":{"FID":379859}},{"type":"Feature","geometry":{"type":"Polygon","coordinates":[[[37.08102372867,-1.1873560492446815],[37.081206585118586,-1.1874942652344431],[37.08133140852611,-1.187329318872015],[37.08126453594697,-1.1872802374084341],[37.08118874149261,-1.1873828005165166],[37.08106833782823,-1.1872936176972064],[37.08102372867,-1.1873560492446815]]]},"id":"001a0000000000019210","properties":{"FID":380883}},{"type":"Feature","geometry":{"type":"Polygon","coordinates":[[[37.100064105230295,-1.1767701294178212],[37.100224655876865,-1.1768771397636568],[37.10024249481562,-1.1768504287800237],[37.10021123575491,-1.1768281304215484],[37.10023357534679,-1.1767924597979151],[37.10010428384037,-1.176707689051085],[37.100064105230295,-1.1767701294178212]]]},"id":"001a0000000000013de7","properties":{"FID":414676}},{"type":"Feature","geometry":{"type":"Polygon","coordinates":[[[37.08093009027427,-1.1737646948861038],[37.08102372867,-1.1738494486890194],[37.08108176149616,-1.1737870187457315],[37.080992543168776,-1.1737022555621757],[37.08093009027427,-1.1737646948861038]]]},"id":"001a000000000000adf7","properties":{"FID":379348}},{"type":"Feature","geometry":{"type":"Polygon","coordinates":[[[37.07546775040692,-1.18170192221939],[37.07557023650402,-1.1817509794152339],[37.07559258369286,-1.181701921014448],[37.075552473349,-1.1816840513747977],[37.07557023650402,-1.1816483758427359],[37.075507860797636,-1.181617188321851],[37.07546775040692,-1.18170192221939]]]},"id":"001a000000000000ef86","properties":{"FID":379860}},{"type":"Feature","geometry":{"type":"Polygon","coordinates":[[[37.08258887982404,-1.1873114558422524],[37.08271378270152,-1.187356034586117],[37.08274938734866,-1.1872535137055316],[37.08262456638242,-1.187208874771649],[37.08258887982404,-1.1873114558422524]]]},"id":"001a00000000000129c7","properties":{"FID":380884}},{"type":"Feature","geometry":{"type":"Polygon","coordinates":[[[37.09111026566478,-1.1766363684658936],[37.09112360563276,-1.1766854434534273],[37.0912038909096,-1.1766631184015788],[37.09118604974466,-1.1766140544810684],[37.09111026566478,-1.1766363684658936]]]},"id":"001a0000000000008990","properties":{"FID":414677}},{"type":"Feature","geometry":{"type":"Polygon","coordinates":[[[37.07985995197848,-1.1737379799331917],[37.07991340197131,-1.1737691848458356],[37.0799535917562,-1.1737022609485483],[37.07990005994004,-1.1736710573364961],[37.07985995197848,-1.1737379799331917]]]},"id":"001a0000000000009388","properties":{"FID":379349}},{"type":"Feature","geometry":{"type":"Polygon","coordinates":[[[37.07716219044536,-1.1815458278539308],[37.07727809852024,-1.1816127565430907],[37.07731378769243,-1.1815502983400117],[37.07719787967459,-1.1814834286140619],[37.07716219044536,-1.1815458278539308]]]},"id":"001a0000000000012bca","properties":{"FID":379861}},{"type":"Feature","geometry":{"type":"Polygon","coordinates":[[[37.079837606104554,-1.1871152560202785],[37.07990447999974,-1.1871331180569482],[37.07992232394177,-1.1870573211563116],[37.079855450063036,-1.187039459100164],[37.079837606104554,-1.1871152560202785]]]},"id":"001a00000000000017ad","properties":{"FID":380885}},{"type":"Feature","geometry":{"type":"Polygon","coordinates":[[[37.09922583195484,-1.1765293438343065],[37.09929268795972,-1.1765739325188218],[37.09931494600395,-1.1765337887512828],[37.099252590730416,-1.1764936634487007],[37.09922583195484,-1.1765293438343065]]]},"id":"001a0000000000003da6","properties":{"FID":414678}},{"type":"Feature","geometry":{"type":"Polygon","coordinates":[[[37.08510825857718,-1.1737112072055529],[37.08518413078073,-1.1737424159804795],[37.08519747183961,-1.173693340155379],[37.08512610123844,-1.1736665953571643],[37.08510825857718,-1.1737112072055529]]]},"id":"001a0000000000007611","properties":{"FID":379350}},{"type":"Feature","geometry":{"type":"Polygon","coordinates":[[[37.07003209617081,-1.1813407025660032],[37.07009005592792,-1.1813407424622269],[37.07009005592791,-1.1812738283300463],[37.070036516831884,-1.1812738373559417],[37.07003209617081,-1.1813407025660032]]]},"id":"001a000000000000c0d0","properties":{"FID":379862}},{"type":"Feature","geometry":{"type":"Polygon","coordinates":[[[37.081219926909455,-1.1870216352029936],[37.08130464313159,-1.1870528246293042],[37.08133140852611,-1.1869859609525863],[37.081246692335256,-1.186950294761811],[37.081219926909455,-1.1870216352029936]]]},"id":"001a000000000000c819","properties":{"FID":380886}},{"type":"Feature","geometry":{"type":"Polygon","coordinates":[[[37.100509996539905,-1.176533838585474],[37.1005635131321,-1.1765516701480345],[37.10059919083826,-1.1764714034781854],[37.100545674272425,-1.1764490976433004],[37.100509996539905,-1.176533838585474]]]},"id":"001a0000000000008e26","properties":{"FID":414679}},{"type":"Feature","geometry":{"type":"Polygon","coordinates":[[[37.1127413549653,-1.1817197333298206],[37.11298213862488,-1.1818134098748847],[37.11299997441964,-1.181773275250024],[37.11275469094838,-1.1816796100468494],[37.1127413549653,-1.1817197333298206]]]},"id":"001a00000000000127c0","properties":{"FID":415191}},{"type":"Feature","geometry":{"type":"Polygon","coordinates":[[[37.08583063730666,-1.1737245768373727],[37.085902007214095,-1.1737646867169373],[37.08594211183308,-1.1736888784755128],[37.08586632226917,-1.1736532529092611],[37.08583063730666,-1.1737245768373727]]]},"id":"001a00000000000013c2","properties":{"FID":379351}},{"type":"Feature","geometry":{"type":"Polygon","coordinates":[[[37.06998748022455,-1.181331796074397],[37.07002759364537,-1.1813318193656857],[37.07002759364537,-1.1812604874540875],[37.06998748022455,-1.1812604641264768],[37.06998748022455,-1.181331796074397]]]},"id":"001a0000000000003725","properties":{"FID":379863}},{"type":"Feature","geometry":{"type":"Polygon","coordinates":[[[37.0808766410309,-1.1871509455729383],[37.08096577764915,-1.1872044500074694],[37.08111294695902,-1.1869502676171941],[37.08102372867,-1.1868967646874278],[37.0808766410309,-1.1871509455729383]]]},"id":"001a0000000000016853","properties":{"FID":380887}},{"type":"Feature","geometry":{"type":"Polygon","coordinates":[[[37.09992589391456,-1.176480325771969],[37.09997049143721,-1.1764937039160874],[37.099983829773514,-1.1764491070307217],[37.09993923225908,-1.1764357288816485],[37.09992589391456,-1.176480325771969]]]},"id":"001a000000000000772e","properties":{"FID":414680}},{"type":"Feature","geometry":{"type":"Polygon","coordinates":[[[37.08573258541555,-1.1737290386581702],[37.085768270426335,-1.173746856253649],[37.08583063730666,-1.1736220111513989],[37.08579495232658,-1.1736041935808155],[37.08573258541555,-1.1737290386581702]]]},"id":"001a000000000000e3d3","properties":{"FID":379352}},{"type":"Feature","geometry":{"type":"Polygon","coordinates":[[[37.07251581034442,-1.1812292226191834],[37.072564845242965,-1.1812292247611438],[37.07256926574971,-1.181148991361534],[37.07251581034441,-1.1811445226099972],[37.07251581034442,-1.1812292226191834]]]},"id":"001a0000000000011629","properties":{"FID":379864}},{"type":"Feature","geometry":{"type":"Polygon","coordinates":[[[37.08255769499603,-1.1868655690387524],[37.08261122485003,-1.186896774785357],[37.082646829547556,-1.1868387864519918],[37.08259338156975,-1.1868075794538473],[37.08255769499603,-1.1868655690387524]]]},"id":"001a0000000000008da6","properties":{"FID":380888}},{"type":"Feature","geometry":{"type":"Polygon","coordinates":[[[37.09654589459149,-1.1764446031646816],[37.09657265435729,-1.1765025917660137],[37.0966261738592,-1.1764758559787354],[37.096599414113186,-1.1764178674547177],[37.09654589459149,-1.1764446031646816]]]},"id":"001a000000000000b182","properties":{"FID":414681}},{"type":"Feature","geometry":{"type":"Polygon","coordinates":[[[37.070098979106746,-1.1812693894499608],[37.07017920580292,-1.181269377187062],[37.07017478515055,-1.181135618318975],[37.070098979106746,-1.1811356205209544],[37.070098979106746,-1.1812693894499608]]]},"id":"001a0000000000004705","properties":{"FID":379865}},{"type":"Feature","geometry":{"type":"Polygon","coordinates":[[[37.080626910582964,-1.1867763884520854],[37.0806937837502,-1.1868075629114283],[37.08073389125053,-1.186731772589807],[37.08067151998534,-1.1866961098445654],[37.080626910582964,-1.1867763884520854]]]},"id":"001a000000000000c879","properties":{"FID":380889}},{"type":"Feature","geometry":{"type":"Polygon","coordinates":[[[37.09795498330694,-1.1764713600006536],[37.09803076022631,-1.1765204619955523],[37.09807085813213,-1.1764669118694966],[37.097990662298294,-1.1764134041133194],[37.09795498330694,-1.1764713600006536]]]},"id":"001a00000000000112e4","properties":{"FID":414682}},{"type":"Feature","geometry":{"type":"Polygon","coordinates":[[[37.0721501350224,-1.1804622543925851],[37.07220809308756,-1.180466712383301],[37.07221259547769,-1.1804355430143],[37.072150135022405,-1.180431096168227],[37.0721501350224,-1.1804622543925851]]]},"id":"001a0000000000002c7b","properties":{"FID":379866}},{"type":"Feature","geometry":{"type":"Polygon","coordinates":[[[37.088836133511556,-1.186731775674432],[37.088885157374314,-1.1867496202607186],[37.088902999105784,-1.1866827265674702],[37.0888539752551,-1.1866693582747951],[37.088836133511556,-1.186731775674432]]]},"id":"001a0000000000004709","properties":{"FID":380890}},{"type":"Feature","geometry":{"type":"Polygon","coordinates":[[[37.10013104229135,-1.1764713713644663],[37.10023357534679,-1.1765025713941595],[37.100246913634635,-1.176453559228117],[37.10014438059808,-1.176422359186027],[37.10013104229135,-1.1764713713644663]]]},"id":"001a000000000000fd17","properties":{"FID":414683}},{"type":"Feature","geometry":{"type":"Polygon","coordinates":[[[37.070567157932096,-1.175485934282925],[37.070629619750164,-1.1754859087008334],[37.070629619750164,-1.1753922694687273],[37.070571660424065,-1.1753878082727862],[37.070567157932096,-1.175485934282925]]]},"id":"001a00000000000070a7","properties":{"FID":379099}},{"type":"Feature","geometry":{"type":"Polygon","coordinates":[[[37.073501249908986,-1.1802794326017758],[37.07352351587508,-1.1803730889376889],[37.073568129646894,-1.1803642077208],[37.073581554703125,-1.180417714757711],[37.07366177754837,-1.1803998568028897],[37.07363951162471,-1.1803017242521823],[37.07360382064458,-1.1803106432645034],[37.073594897896804,-1.1802794478992775],[37.07356812964689,-1.1802839284403537],[37.073563709201004,-1.1802660919650914],[37.073501249908986,-1.1802794326017758]]]},"id":"001a0000000000015839","properties":{"FID":379867}},{"type":"Feature","geometry":{"type":"Polygon","coordinates":[[[37.08345844820878,-1.1865801642196314],[37.08352081707646,-1.1865890838378124],[37.08353424029031,-1.1865177196707228],[37.08347178958525,-1.186508801297618],[37.08345844820878,-1.1865801642196314]]]},"id":"001a00000000000045b0","properties":{"FID":380891}},{"type":"Feature","geometry":{"type":"Polygon","coordinates":[[[37.09981444090299,-1.1764045209873482],[37.09987237685112,-1.176449071110344],[37.099894634717174,-1.176417876419313],[37.09983669878685,-1.176377741755318],[37.09981444090299,-1.1764045209873482]]]},"id":"001a000000000000bb7f","properties":{"FID":414684}},{"type":"Feature","geometry":{"type":"Polygon","coordinates":[[[37.11179154847414,-1.181425470603533],[37.11185847469088,-1.1814522144551878],[37.111885228796886,-1.1813763819224001],[37.111822802534164,-1.1813496267683619],[37.11179154847414,-1.181425470603533]]]},"id":"001a0000000000001bb6","properties":{"FID":415196}},{"type":"Feature","geometry":{"type":"Polygon","coordinates":[[[37.083672482878555,-1.1865355832148623],[37.08370816890352,-1.1865400314799297],[37.08371258873107,-1.1864820614543736],[37.08367690270829,-1.1864820897360735],[37.083672482878555,-1.1865355832148623]]]},"id":"001a000000000000186b","properties":{"FID":380892}},{"type":"Feature","geometry":{"type":"Polygon","coordinates":[[[37.0982314131979,-1.1764356890914816],[37.098351788347586,-1.1765115336735175],[37.09840088760339,-1.1764357075800214],[37.098280512535325,-1.1763599219771377],[37.0982314131979,-1.1764356890914816]]]},"id":"001a0000000000009113","properties":{"FID":414685}},{"type":"Feature","geometry":{"type":"Polygon","coordinates":[[[37.07434399558792,-1.207765380841345],[37.07437526580743,-1.2077876362509676],[37.074406454154314,-1.2077430477488054],[37.07437968620387,-1.207720779620935],[37.07434399558792,-1.207765380841345]]]},"id":"001a00000000000034d5","properties":{"FID":380893}},{"type":"Feature","geometry":{"type":"Polygon","coordinates":[[[37.09744663760342,-1.176364387724004],[37.097513495250816,-1.1764089774044983],[37.09755367527605,-1.1763510103489963],[37.09748231684521,-1.176306372830763],[37.09744663760342,-1.176364387724004]]]},"id":"001a000000000001148a","properties":{"FID":414686}},{"type":"Feature","geometry":{"type":"Polygon","coordinates":[[[37.07411659028763,-1.1801323301675664],[37.07417454678174,-1.1801590517017342],[37.07420581707431,-1.1800921869745116],[37.07414786060517,-1.1800654065577727],[37.07411659028763,-1.1801323301675664]]]},"id":"001a0000000000009c68","properties":{"FID":379870}},{"type":"Feature","geometry":{"type":"Polygon","coordinates":[[[37.07071876896223,-1.207649437945692],[37.07074553826348,-1.2076717071411482],[37.07078123064978,-1.2076315842332175],[37.0707544613617,-1.207604834949963],[37.07071876896223,-1.207649437945692]]]},"id":"001a000000000000953e","properties":{"FID":380894}},{"type":"Feature","geometry":{"type":"Polygon","coordinates":[[[37.09843656637507,-1.1763287105699467],[37.09852576322735,-1.1763688317225918],[37.09854360258462,-1.1763242232268987],[37.09845882468243,-1.176284092371677],[37.09843656637507,-1.1763287105699467]]]},"id":"001a00000000000015ba","properties":{"FID":414687}},{"type":"Feature","geometry":{"type":"Polygon","coordinates":[[[37.11231771122955,-1.1808323773736162],[37.11237571898691,-1.1808457786726558],[37.1123890550374,-1.1807967080491635],[37.11233554718812,-1.1807833543301003],[37.11231771122955,-1.1808323773736162]]]},"id":"001a000000000000a91e","properties":{"FID":415199}},{"type":"Feature","geometry":{"type":"Polygon","coordinates":[[[37.06976456381056,-1.1754502547671575],[37.06981360056853,-1.175450260584866],[37.06981802124292,-1.1753209217068745],[37.06976898448792,-1.17531649883126],[37.06976456381056,-1.1754502547671575]]]},"id":"001a000000000000550c","properties":{"FID":379103}},{"type":"Feature","geometry":{"type":"Polygon","coordinates":[[[37.07163735147983,-1.1800208251200863],[37.071722078895576,-1.1800252793108688],[37.07172649945368,-1.1799673120786167],[37.071641772043094,-1.1799628578335337],[37.07163735147983,-1.1800208251200863]]]},"id":"001a0000000000005e80","properties":{"FID":379871}},{"type":"Feature","geometry":{"type":"Polygon","coordinates":[[[37.07098629780423,-1.2075513328689726],[37.07101756947107,-1.2075780693224996],[37.07107994903847,-1.2075111719424862],[37.07104875926147,-1.2074844342347262],[37.07098629780423,-1.2075513328689726]]]},"id":"001a000000000000ba84","properties":{"FID":380895}},{"type":"Feature","geometry":{"type":"Polygon","coordinates":[[[37.097602693239985,-1.1763420660133768],[37.09770973068199,-1.1764045183324832],[37.097745409794165,-1.1763465035408252],[37.0976383724049,-1.1762796357424596],[37.097602693239985,-1.1763420660133768]]]},"id":"001a000000000001211f","properties":{"FID":414688}},{"type":"Feature","geometry":{"type":"Polygon","coordinates":[[[37.11213043339927,-1.180859139652559],[37.112241949264856,-1.1809082068090717],[37.11229545718336,-1.1807922800576611],[37.112322211127776,-1.180805638753534],[37.11234004708522,-1.180765505230425],[37.112201777391775,-1.1807030794388806],[37.11213043339927,-1.180859139652559]]]},"id":"001a0000000000016b86","properties":{"FID":415200}},{"type":"Feature","geometry":{"type":"Polygon","coordinates":[[[37.06955941133857,-1.1753209235230768],[37.069604027548024,-1.1753254149020171],[37.069604027548024,-1.1752897256614763],[37.069563832028436,-1.1752852835676149],[37.06955941133857,-1.1753209235230768]]]},"id":"001a0000000000002c94","properties":{"FID":379104}},{"type":"Feature","geometry":{"type":"Polygon","coordinates":[[[37.07175326838313,-1.179985154597438],[37.07179338082771,-1.1799895960124003],[37.07179788324357,-1.1799138399493108],[37.07175326838313,-1.1799093507386083],[37.07175326838313,-1.179985154597438]]]},"id":"001a0000000000002fbf","properties":{"FID":379872}},{"type":"Feature","geometry":{"type":"Polygon","coordinates":[[[37.07091941568621,-1.2074844298129757],[37.070968451663724,-1.2075334607869308],[37.07106210292099,-1.2074309325415689],[37.071013067006774,-1.2073863228325503],[37.07091941568621,-1.2074844298129757]]]},"id":"001a0000000000007098","properties":{"FID":380896}},{"type":"Feature","geometry":{"type":"Polygon","coordinates":[[[37.09750457544586,-1.176266287429802],[37.09758485365095,-1.176315319763744],[37.09761161303287,-1.1762707490050395],[37.097531334857436,-1.176221657834665],[37.09750457544586,-1.176266287429802]]]},"id":"001a000000000000e59e","properties":{"FID":414689}},{"type":"Feature","geometry":{"type":"Polygon","coordinates":[[[37.069644141180824,-1.1753521787552834],[37.06973779414739,-1.1753521412217445],[37.069737794147386,-1.175271870003012],[37.06964414118083,-1.1752674315698686],[37.069644141180824,-1.1753521787552834]]]},"id":"001a00000000000105ec","properties":{"FID":379105}},{"type":"Feature","geometry":{"type":"Polygon","coordinates":[[[37.08318638181199,-1.1736889072750611],[37.083230989639574,-1.1737156549381822],[37.08339149574256,-1.1734392028429779],[37.08335138971239,-1.1734124445166694],[37.08318638181199,-1.1736889072750611]]]},"id":"001a0000000000018e7d","properties":{"FID":379361}},{"type":"Feature","geometry":{"type":"Polygon","coordinates":[[[37.069537144155866,-1.1799048862420711],[37.06958167851442,-1.1799093769085776],[37.06958618106753,-1.1798290835234968],[37.069541564847086,-1.179824652996875],[37.069537144155866,-1.1799048862420711]]]},"id":"001a000000000000b14d","properties":{"FID":379873}},{"type":"Feature","geometry":{"type":"Polygon","coordinates":[[[37.07107102598028,-1.2073372986639386],[37.07111564126026,-1.207381860765211],[37.07121821536874,-1.2072837892769692],[37.07117360015183,-1.207239168362581],[37.07107102598028,-1.2073372986639386]]]},"id":"001a000000000000fcd0","properties":{"FID":380897}},{"type":"Feature","geometry":{"type":"Polygon","coordinates":[[[37.099711825423476,-1.1762528691765575],[37.09980994022712,-1.1763197557833274],[37.09986787617884,-1.1762394967702057],[37.09976984328423,-1.1761681936012574],[37.099711825423476,-1.1762528691765575]]]},"id":"001a00000000000097e6","properties":{"FID":414690}},{"type":"Feature","geometry":{"type":"Polygon","coordinates":[[[37.0699250178537,-1.1753298647651027],[37.06996521317322,-1.1753343068137607],[37.06996963383837,-1.1752629779799915],[37.0699250178537,-1.175262962457603],[37.0699250178537,-1.1753298647651027]]]},"id":"001a0000000000000f71","properties":{"FID":379106}},{"type":"Feature","geometry":{"type":"Polygon","coordinates":[[[37.07172649945368,-1.1798736616663488],[37.07178445785726,-1.1798737025869734],[37.07178445785726,-1.179829115691266],[37.071731001873694,-1.1798290636104127],[37.07172649945368,-1.1798736616663488]]]},"id":"001a00000000000070b5","properties":{"FID":379874}},{"type":"Feature","geometry":{"type":"Polygon","coordinates":[[[37.07131628688673,-1.2070697222002185],[37.07136982503844,-1.2071098977467967],[37.071432204302994,-1.2070251409154342],[37.071378748059885,-1.2069850230907713],[37.07131628688673,-1.2070697222002185]]]},"id":"001a0000000000010545","properties":{"FID":380898}},{"type":"Feature","geometry":{"type":"Polygon","coordinates":[[[37.09789254502978,-1.1761993905620876],[37.09795940226554,-1.1762261412167407],[37.09796832201448,-1.176208281858675],[37.09802634127207,-1.17622616201372],[37.09804859970552,-1.1761637051282388],[37.09802184048505,-1.176150344061078],[37.09803967996646,-1.1761012612581787],[37.097977241762315,-1.1760789752904894],[37.097963903056424,-1.1761235727458934],[37.09792372325879,-1.1761101844444413],[37.09789254502978,-1.1761993905620876]]]},"id":"001a000000000000cdaa","properties":{"FID":414691}},{"type":"Feature","geometry":{"type":"Polygon","coordinates":[[[37.112304375165934,-1.180230400937175],[37.11234446516575,-1.1802348390779356],[37.11235338314227,-1.1801947275884133],[37.1123132931474,-1.1801858153363378],[37.112304375165934,-1.180230400937175]]]},"id":"001a00000000000021ba","properties":{"FID":415203}},{"type":"Feature","geometry":{"type":"Polygon","coordinates":[[[37.068903918287965,-1.1752406769973849],[37.06895745821967,-1.1753967402574543],[37.069055532793335,-1.1753655383533903],[37.06900199293399,-1.1752094754144327],[37.068903918287965,-1.1752406769973849]]]},"id":"001a0000000000014693","properties":{"FID":379107}},{"type":"Feature","geometry":{"type":"Polygon","coordinates":[[[37.07034424329898,-1.1796685706721128],[37.07043781349831,-1.1796730056440072],[37.070442315998285,-1.1796106193188398],[37.07034424329898,-1.1796106129017365],[37.07034424329898,-1.1796685706721128]]]},"id":"001a000000000000749d","properties":{"FID":379875}},{"type":"Feature","geometry":{"type":"Polygon","coordinates":[[[37.071815729180074,-1.2069448832517966],[37.071869185101214,-1.2069939607516564],[37.07192722525277,-1.2069359767337884],[37.07187368751237,-1.2068869006193454],[37.071815729180074,-1.2069448832517966]]]},"id":"001a000000000000e63e","properties":{"FID":380899}},{"type":"Feature","geometry":{"type":"Polygon","coordinates":[[[37.097665131767044,-1.176047788212071],[37.09770522987531,-1.1760700677263036],[37.097727570240274,-1.1760388713907053],[37.09768297133632,-1.1760120696086653],[37.097665131767044,-1.176047788212071]]]},"id":"001a000000000000b890","properties":{"FID":414692}},{"type":"Feature","geometry":{"type":"Polygon","coordinates":[[[37.11242472691493,-1.1802214613274011],[37.112455980701434,-1.1802348675910912],[37.11247381662591,-1.1801813715528273],[37.11244256284711,-1.1801679652925463],[37.11242472691493,-1.1802214613274011]]]},"id":"001a000000000000c556","properties":{"FID":415204}},{"type":"Feature","geometry":{"type":"Polygon","coordinates":[[[37.076288208128254,-1.1748304251799904],[37.07633282019965,-1.1748482836364225],[37.076359505572356,-1.1747858620358627],[37.07631497537438,-1.1747680023160145],[37.076288208128254,-1.1748304251799904]]]},"id":"001a0000000000000950","properties":{"FID":379108}},{"type":"Feature","geometry":{"type":"Polygon","coordinates":[[[37.07337641302394,-1.1796462728623487],[37.07346113840869,-1.179659620805615],[37.07347006117291,-1.1795927508218764],[37.07338975625535,-1.1795793929911405],[37.07337641302394,-1.1796462728623487]]]},"id":"001a000000000000a01e","properties":{"FID":379876}},{"type":"Feature","geometry":{"type":"Polygon","coordinates":[[[37.07146347577763,-1.2068868838264224],[37.07153035739413,-1.2069315037209263],[37.0715883159544,-1.2068378580495567],[37.07152143439132,-1.206797718194283],[37.07146347577763,-1.2068868838264224]]]},"id":"001a000000000000b04b","properties":{"FID":380900}},{"type":"Feature","geometry":{"type":"Polygon","coordinates":[[[37.0992793494961,-1.176056707656347],[37.09931944671058,-1.1760700381008478],[37.099346205451575,-1.1759987407785724],[37.09931052712806,-1.1759853417587742],[37.0992793494961,-1.176056707656347]]]},"id":"001a000000000000054a","properties":{"FID":414693}},{"type":"Feature","geometry":{"type":"Polygon","coordinates":[[[37.11233554718812,-1.180056485392249],[37.11239797300843,-1.1800877144304722],[37.11242472691493,-1.1800341974279485],[37.1123623011177,-1.1800029684084847],[37.11233554718812,-1.180056485392249]]]},"id":"001a0000000000001430","properties":{"FID":415205}},{"type":"Feature","geometry":{"type":"Polygon","coordinates":[[[37.075164466020475,-1.174643136932461],[37.075244768973356,-1.1746877668830107],[37.07528487948738,-1.1746164215071921],[37.075338414710295,-1.1746476273198327],[37.075360680112475,-1.1746074744565882],[37.07523134422493,-1.1745316868421931],[37.075164466020475,-1.174643136932461]]]},"id":"001a00000000000117c3","properties":{"FID":379109}},{"type":"Feature","geometry":{"type":"Polygon","coordinates":[[[37.07835277692699,-1.1785805320829175],[37.07843299449517,-1.1785849980138459],[37.07843749649892,-1.178513668485154],[37.07835719708102,-1.1785092037633778],[37.07835277692699,-1.1785805320829175]]]},"id":"001a00000000000075ed","properties":{"FID":379877}},{"type":"Feature","geometry":{"type":"Polygon","coordinates":[[[37.09757151487278,-1.1760254560711394],[37.097656211980755,-1.1760433345020889],[37.09766955074333,-1.1759897882498482],[37.09758485365095,-1.1759674942928253],[37.09757151487278,-1.1760254560711394]]]},"id":"001a000000000000b954","properties":{"FID":414694}},{"type":"Feature","geometry":{"type":"Polygon","coordinates":[[[37.074914797760144,-1.1744202265468935],[37.075088665190314,-1.1745316585408834],[37.075128857649005,-1.1744647876218328],[37.07495490845663,-1.1743577735895272],[37.074914797760144,-1.1744202265468935]]]},"id":"001a0000000000016a48","properties":{"FID":379110}},{"type":"Feature","geometry":{"type":"Polygon","coordinates":[[[37.076479917055316,-1.1773944443789166],[37.07664043810275,-1.1774702194041933],[37.07665828284795,-1.1774345485078692],[37.07649776184,-1.1773587735089743],[37.076479917055316,-1.1773944443789166]]]},"id":"001a000000000000ca5a","properties":{"FID":379878}},{"type":"Feature","geometry":{"type":"Polygon","coordinates":[[[37.071601659514684,-1.206770976943667],[37.07163284905399,-1.2067888132109803],[37.07169981237657,-1.2066862418871152],[37.071668541003795,-1.2066639859642907],[37.071601659514684,-1.206770976943667]]]},"id":"001a0000000000001deb","properties":{"FID":380902}},{"type":"Feature","geometry":{"type":"Polygon","coordinates":[[[37.09925259073041,-1.1759452069757725],[37.0993551250297,-1.1759942458298676],[37.09937296418267,-1.175949697251309],[37.09927042990864,-1.1759005995442875],[37.09925259073041,-1.1759452069757725]]]},"id":"001a00000000000077ce","properties":{"FID":414695}},{"type":"Feature","geometry":{"type":"Polygon","coordinates":[[[37.07652894927424,-1.1742819947838083],[37.07664043810275,-1.1743488709624943],[37.07668504995749,-1.1742775168954855],[37.07657806331674,-1.1742106299830957],[37.07652894927424,-1.1742819947838083]]]},"id":"001a000000000001592f","properties":{"FID":379111}},{"type":"Feature","geometry":{"type":"Polygon","coordinates":[[[37.09584138087087,-1.1759585745245018],[37.09591716000165,-1.1760344067770374],[37.09598851997455,-1.175967477707289],[37.09591265908357,-1.1758872312988455],[37.09584138087087,-1.1759585745245018]]]},"id":"001a000000000000e39d","properties":{"FID":414696}},{"type":"Feature","geometry":{"type":"Polygon","coordinates":[[[37.07631497537438,-1.1737379638044778],[37.07641304000211,-1.1737959203939807],[37.07643980720216,-1.1737513421395795],[37.07633724047679,-1.173697812772643],[37.07631497537438,-1.1737379638044778]]]},"id":"001a00000000000032f1","properties":{"FID":379112}},{"type":"Feature","geometry":{"type":"Polygon","coordinates":[[[37.071601659514684,-1.2041267301540468],[37.07165519745581,-1.204171324698915],[37.07169530995463,-1.204122296517213],[37.071641772043094,-1.2040777020278344],[37.071601659514684,-1.2041267301540468]]]},"id":"001a0000000000004c4b","properties":{"FID":380904}},{"type":"Feature","geometry":{"type":"Polygon","coordinates":[[[37.09824925262769,-1.1759184465460355],[37.09834736941293,-1.1759898085607068],[37.09839196790773,-1.1759229435726302],[37.09829835195301,-1.1758560450171223],[37.09824925262769,-1.1759184465460355]]]},"id":"001a0000000000010221","properties":{"FID":414697}},{"type":"Feature","geometry":{"type":"Polygon","coordinates":[[[37.07174884782665,-1.2041222718866524],[37.07178896027368,-1.204184703127882],[37.071909379343694,-1.2041088784248457],[37.0718379956635,-1.2039929530927662],[37.07179338082771,-1.2040241930320217],[37.07182465214668,-1.2040732078105052],[37.07174884782665,-1.2041222718866524]]]},"id":"001a0000000000014679","properties":{"FID":380905}},{"type":"Feature","geometry":{"type":"Polygon","coordinates":[[[37.09683575061068,-1.175914003416165],[37.0969472082065,-1.1759541333085841],[37.096969466971615,-1.1759050993594733],[37.0969382883318,-1.175891688923702],[37.09696054709965,-1.175838180685788],[37.09687584917813,-1.1758069965193505],[37.09683575061068,-1.175914003416165]]]},"id":"001a00000000000175bf","properties":{"FID":414698}},{"type":"Feature","geometry":{"type":"Polygon","coordinates":[[[37.11199666322369,-1.1781925857998852],[37.11208142527191,-1.1782238205015483],[37.11212151539526,-1.1781123516670635],[37.11203683521066,-1.178081115694068],[37.11199666322369,-1.1781925857998852]]]},"id":"001a000000000000b477","properties":{"FID":415210}},{"type":"Feature","geometry":{"type":"Polygon","coordinates":[[[37.06996071064363,-1.1772784879647322],[37.070107902284484,-1.1772918701523694],[37.07012124611703,-1.1771313479269554],[37.0700142497956,-1.177117930777199],[37.07000532660635,-1.1772115962254308],[37.06996963383837,-1.1772071439187],[37.06996071064363,-1.1772784879647322]]]},"id":"001a0000000000017f69","properties":{"FID":379882}},{"type":"Feature","geometry":{"type":"Polygon","coordinates":[[[37.0715615469641,-1.2040018792862937],[37.07159273652065,-1.204050954430892],[37.07161508493482,-1.2040330939527835],[37.07158381352553,-1.2039840201407148],[37.0715615469641,-1.2040018792862937]]]},"id":"001a0000000000003575","properties":{"FID":380906}},{"type":"Feature","geometry":{"type":"Polygon","coordinates":[[[37.10023799416635,-1.1757757911523148],[37.10030934988186,-1.1758114195071303],[37.10033168944348,-1.175771334975053],[37.10026033374998,-1.1757356477664258],[37.10023799416635,-1.1757757911523148]]]},"id":"001a00000000000005e2","properties":{"FID":414699}},{"type":"Feature","geometry":{"type":"Polygon","coordinates":[[[37.07011682546111,-1.1771313576250884],[37.07014351312048,-1.1771313557915473],[37.07014351312048,-1.1770822955190163],[37.07011682546112,-1.177082297335909],[37.07011682546111,-1.1771313576250884]]]},"id":"001a000000000000112c","properties":{"FID":379883}},{"type":"Feature","geometry":{"type":"Polygon","coordinates":[[[37.0713073638576,-1.204015226409425],[37.07137424561801,-1.2040509447690735],[37.071396594099475,-1.2040108041382052],[37.071334132941686,-1.2039706539277066],[37.0713073638576,-1.204015226409425]]]},"id":"001a000000000000dfc3","properties":{"FID":380907}},{"type":"Feature","geometry":{"type":"Polygon","coordinates":[[[37.100108702667825,-1.1756821317891986],[37.10022015522648,-1.1757579356666101],[37.10023799416635,-1.1757266927638121],[37.10012654163514,-1.1756553631178346],[37.100108702667825,-1.1756821317891986]]]},"id":"001a000000000000fdd2","properties":{"FID":414700}},{"type":"Feature","geometry":{"type":"Polygon","coordinates":[[[37.11190306486204,-1.177599554043369],[37.11196099113511,-1.1776128989307477],[37.11196990915891,-1.1775772644436524],[37.111911982892984,-1.1775638606805479],[37.11190306486204,-1.177599554043369]]]},"id":"001a0000000000009140","properties":{"FID":415212}},{"type":"Feature","geometry":{"type":"Polygon","coordinates":[[[37.07868273249897,-1.176961859459835],[37.078718420979925,-1.1769797379266669],[37.07875410944331,-1.1768994481557498],[37.078798638143645,-1.1769217827580232],[37.07882098433773,-1.1768771514247376],[37.07870499687447,-1.1768236545510156],[37.07868715263289,-1.1768593237519076],[37.07872284111167,-1.1768771433205742],[37.07868273249897,-1.176961859459835]]]},"id":"001a00000000000143d8","properties":{"FID":379884}},{"type":"Feature","geometry":{"type":"Polygon","coordinates":[[[37.07140101467741,-1.2039394731060802],[37.071432204302994,-1.2039795891054532],[37.071485742369156,-1.2039394251438065],[37.0714545527666,-1.2038948296264627],[37.07140101467741,-1.2039394731060802]]]},"id":"001a000000000000bb81","properties":{"FID":380908}},{"type":"Feature","geometry":{"type":"Polygon","coordinates":[[[37.100269253215515,-1.1757222634242719],[37.10037628671621,-1.1757802389702998],[37.10042088396146,-1.175691064182456],[37.10031826934135,-1.1756375531953789],[37.100269253215515,-1.1757222634242719]]]},"id":"001a00000000000168a0","properties":{"FID":414701}},{"type":"Feature","geometry":{"type":"Polygon","coordinates":[[[37.07882990644261,-1.1767255508582852],[37.07887893707273,-1.1767255556377674],[37.07887893707273,-1.176667609230399],[37.078834326567545,-1.1766675947228913],[37.07882990644261,-1.1767255508582852]]]},"id":"001a00000000000012fd","properties":{"FID":379885}},{"type":"Feature","geometry":{"type":"Polygon","coordinates":[[[37.071476819360875,-1.203836890168353],[37.071490162941664,-1.2039037541189197],[37.07158831595439,-1.2038859284954755],[37.071574890529305,-1.203819065960464],[37.071476819360875,-1.203836890168353]]]},"id":"001a000000000000ac44","properties":{"FID":380909}},{"type":"Feature","geometry":{"type":"Polygon","coordinates":[[[37.09504315829971,-1.175641966160589],[37.09506991862068,-1.17567764125724],[37.09511451913366,-1.1756464523621202],[37.0950921779627,-1.175610767639444],[37.09504315829971,-1.175641966160589]]]},"id":"001a000000000000611f","properties":{"FID":414702}},{"type":"Feature","geometry":{"type":"Polygon","coordinates":[[[37.113940847266754,-1.1774791652838674],[37.114030025014785,-1.1774969684838468],[37.11403894278354,-1.1774523877918188],[37.11395418302872,-1.1774301011151673],[37.113940847266754,-1.1774791652838674]]]},"id":"001a000000000000cb45","properties":{"FID":415214}},{"type":"Feature","geometry":{"type":"Polygon","coordinates":[[[37.07848652739436,-1.1764446206924508],[37.07852221597187,-1.17646691580374],[37.07854898239348,-1.1764268097794037],[37.07851329382914,-1.1764045146846316],[37.07848652739436,-1.1764446206924508]]]},"id":"001a0000000000007b57","properties":{"FID":379886}},{"type":"Feature","geometry":{"type":"Polygon","coordinates":[[[37.07142328128812,-1.2037744364149858],[37.07144112731676,-1.2038145871959882],[37.07151251138743,-1.2037833941839005],[37.071490162941664,-1.2037387764183616],[37.07142328128812,-1.2037744364149858]]]},"id":"001a000000000000773a","properties":{"FID":380910}},{"type":"Feature","geometry":{"type":"Polygon","coordinates":[[[37.099551355470645,-1.1756330847956333],[37.09958695184477,-1.1756464261873425],[37.099604790940624,-1.1756062936171177],[37.09956469388413,-1.1755929631746524],[37.099551355470645,-1.1756330847956333]]]},"id":"001a0000000000005594","properties":{"FID":414703}},{"type":"Feature","geometry":{"type":"Polygon","coordinates":[[[37.070959528591814,-1.1763286815725391],[37.07105768232241,-1.1763331667100447],[37.071057682322405,-1.1762751563226326],[37.070964031059425,-1.176275195023024],[37.070959528591814,-1.1763286815725391]]]},"id":"001a0000000000011355","properties":{"FID":379887}},{"type":"Feature","geometry":{"type":"Polygon","coordinates":[[[37.071209292327545,-1.2037254328716012],[37.07128509721132,-1.2038592066511327],[37.07139209165871,-1.2038012193328118],[37.07131628688673,-1.2036674459141],[37.071209292327545,-1.2037254328716012]]]},"id":"001a0000000000015bc1","properties":{"FID":380911}},{"type":"Feature","geometry":{"type":"Polygon","coordinates":[[[37.0992391704283,-1.1755884758333064],[37.09929718866774,-1.1756286091909474],[37.09931494600395,-1.1755974262206177],[37.09925700960983,-1.1755572916174435],[37.0992391704283,-1.1755884758333064]]]},"id":"001a0000000000007800","properties":{"FID":414704}},{"type":"Feature","geometry":{"type":"Polygon","coordinates":[[[37.071347476548716,-1.1762974593291409],[37.07141435827215,-1.1763198029649662],[37.071427783726946,-1.1762707131734793],[37.0713609020159,-1.1762529043303132],[37.071347476548716,-1.1762974593291409]]]},"id":"001a000000000000925f","properties":{"FID":379888}},{"type":"Feature","geometry":{"type":"Polygon","coordinates":[[[37.070865959065294,-1.2032081285098803],[37.070919415686205,-1.2032438240970584],[37.07098629780424,-1.20314574648235],[37.0709328412326,-1.203110050964837],[37.070865959065294,-1.2032081285098803]]]},"id":"001a0000000000008ef2","properties":{"FID":380912}},{"type":"Feature","geometry":{"type":"Polygon","coordinates":[[[37.09750907626501,-1.1755527910291879],[37.097580434669496,-1.1755974282142008],[37.09762053282465,-1.175530515663363],[37.09754475547604,-1.1754859470713486],[37.09750907626501,-1.1755527910291879]]]},"id":"001a000000000000ce35","properties":{"FID":414705}},{"type":"Feature","geometry":{"type":"Polygon","coordinates":[[[37.11184955665335,-1.1769708251880961],[37.1119387369792,-1.176997576657292],[37.11196099113511,-1.176917293143608],[37.11186739272731,-1.1768905514360528],[37.11184955665335,-1.1769708251880961]]]},"id":"001a000000000000b961","properties":{"FID":415217}},{"type":"Feature","geometry":{"type":"Polygon","coordinates":[[[37.07064746597402,-1.1761458843436017],[37.07069199965111,-1.1761414246892634],[37.07068757902997,-1.1761102206405643],[37.07064746597402,-1.1761101947051489],[37.07064746597402,-1.1761458843436017]]]},"id":"001a000000000000162d","properties":{"FID":379889}},{"type":"Feature","geometry":{"type":"Polygon","coordinates":[[[37.06988940691048,-1.202811321683252],[37.069996403416,-1.2029361718400173],[37.07003209617081,-1.2029049564638907],[37.06992952038551,-1.2027756157765992],[37.06988940691048,-1.202811321683252]]]},"id":"001a00000000000101e9","properties":{"FID":380913}},{"type":"Feature","geometry":{"type":"Polygon","coordinates":[[[37.08995982740905,-1.175539405157563],[37.08999992978255,-1.175557271074448],[37.09002219068235,-1.1755082335668576],[37.08998208832116,-1.1754903676565782],[37.08995982740905,-1.175539405157563]]]},"id":"001a000000000000845b","properties":{"FID":414706}},{"type":"Feature","geometry":{"type":"Polygon","coordinates":[[[37.0707544613617,-1.1761458745061661],[37.070807918064766,-1.1761458702197247],[37.070807918064766,-1.1760655981971262],[37.07075446136171,-1.1760656024290062],[37.0707544613617,-1.1761458745061661]]]},"id":"001a0000000000000d3d","properties":{"FID":379890}},{"type":"Feature","geometry":{"type":"Polygon","coordinates":[[[37.070513619188105,-1.2027354703170767],[37.07052704480958,-1.20277563171579],[37.07058942479871,-1.202757785714044],[37.070571660424065,-1.2027132136816934],[37.070513619188105,-1.2027354703170767]]]},"id":"001a0000000000009233","properties":{"FID":380914}},{"type":"Feature","geometry":{"type":"Polygon","coordinates":[[[37.1005234166065,-1.175584036243896],[37.1005635131321,-1.1756018406586803],[37.10061702968474,-1.1754948672151428],[37.10057243256029,-1.1754725407514857],[37.1005234166065,-1.175584036243896]]]},"id":"001a0000000000011bb5","properties":{"FID":414707}},{"type":"Feature","geometry":{"type":"Polygon","coordinates":[[[37.077951442189615,-1.1759451848880944],[37.07800047341369,-1.1759764008143303],[37.07802281985372,-1.1759407804159523],[37.077973706789635,-1.1759095657792318],[37.077951442189615,-1.1759451848880944]]]},"id":"001a0000000000007aaa","properties":{"FID":379891}},{"type":"Feature","geometry":{"type":"Polygon","coordinates":[[[37.08868005898973,-1.1978705989374359],[37.088724581593404,-1.197879558062398],[37.088733502479464,-1.1978438304444037],[37.08868447851411,-1.197834942432081],[37.08868005898973,-1.1978705989374359]]]},"id":"001a0000000000003042","properties":{"FID":380915}},{"type":"Feature","geometry":{"type":"Polygon","coordinates":[[[37.09771865046168,-1.1754591710752813],[37.09779442762833,-1.1754948498256084],[37.09781676796578,-1.1754502313449822],[37.09774090898969,-1.1754145538792813],[37.09771865046168,-1.1754591710752813]]]},"id":"001a000000000000015d","properties":{"FID":414708}},{"type":"Feature","geometry":{"type":"Polygon","coordinates":[[[37.07680988114832,-1.1759006396304394],[37.07686783549045,-1.1759139921669604],[37.07688125993596,-1.1758693819400765],[37.07682330560457,-1.1758515538508345],[37.07680988114832,-1.1759006396304394]]]},"id":"001a000000000000028d","properties":{"FID":379892}},{"type":"Feature","geometry":{"type":"Polygon","coordinates":[[[37.088662217203364,-1.1975986200995563],[37.088688979881255,-1.1976075063570788],[37.08870232029499,-1.1975629304735798],[37.088675557622025,-1.1975540442143617],[37.088662217203364,-1.1975986200995563]]]},"id":"001a00000000000009cd","properties":{"FID":380916}},{"type":"Feature","geometry":{"type":"Polygon","coordinates":[[[37.10453655955978,-1.184983796891544],[37.104572235308105,-1.1850060858934817],[37.10459457355441,-1.1849615147286803],[37.10455439743614,-1.1849392372409635],[37.10453655955978,-1.184983796891544]]]},"id":"001a0000000000004248","properties":{"FID":414709}},{"type":"Feature","geometry":{"type":"Polygon","coordinates":[[[37.0707544613617,-1.1758872141780858],[37.070816841155306,-1.175887248432883],[37.07082134363178,-1.175798073286443],[37.07075888197876,-1.1757980402300123],[37.0707544613617,-1.1758872141780858]]]},"id":"001a00000000000066de","properties":{"FID":379893}},{"type":"Feature","geometry":{"type":"Polygon","coordinates":[[[37.088662217203364,-1.1975986200995563],[37.08866663672884,-1.197531737448288],[37.08862203224645,-1.1975317350112014],[37.08862203224644,-1.1975986068031121],[37.088662217203364,-1.1975986200995563]]]},"id":"001a0000000000008110","properties":{"FID":380917}},{"type":"Feature","geometry":{"type":"Polygon","coordinates":[[[37.10455439743614,-1.1848990784907378],[37.10459457355441,-1.1849436729292666],[37.104648087127416,-1.1848946102472873],[37.104607911038855,-1.1848544910370045],[37.10455439743614,-1.1848990784907378]]]},"id":"001a000000000000c254","properties":{"FID":414710}},{"type":"Feature","geometry":{"type":"Polygon","coordinates":[[[37.104541059941845,-1.1848099016213538],[37.10458115424243,-1.1848411306853945],[37.104603492485985,-1.1848099263588452],[37.10456781675307,-1.1847786871078385],[37.104541059941845,-1.1848099016213538]]]},"id":"001a000000000000b763","properties":{"FID":414711}},{"type":"Feature","geometry":{"type":"Polygon","coordinates":[[[37.078740685344464,-1.1756910386372124],[37.07878079392509,-1.175722274697154],[37.07884324867077,-1.175637510443398],[37.078798638143645,-1.1756063442327054],[37.078740685344464,-1.1756910386372124]]]},"id":"001a000000000000e15b","properties":{"FID":379895}},{"type":"Feature","geometry":{"type":"Polygon","coordinates":[[[37.11155076085225,-1.18460030429055],[37.111639941546386,-1.1846404774694943],[37.11168903178983,-1.1845334351842787],[37.11159976933906,-1.184493322196438],[37.11155076085225,-1.18460030429055]]]},"id":"001a0000000000011094","properties":{"FID":414712}},{"type":"Feature","geometry":{"type":"Polygon","coordinates":[[[37.0697823283828,-1.1755572831931649],[37.06978683092346,-1.1755973787706515],[37.06982252378136,-1.1755929386929052],[37.06981802124292,-1.175552784245335],[37.0697823283828,-1.1755572831931649]]]},"id":"001a0000000000007652","properties":{"FID":379896}},{"type":"Feature","geometry":{"type":"Polygon","coordinates":[[[37.1043136675598,-1.18449330777775],[37.104349343417965,-1.1845557551416392],[37.10438501925856,-1.1845378857055773],[37.10435376198634,-1.184471011966515],[37.1043136675598,-1.18449330777775]]]},"id":"001a0000000000000fbe","properties":{"FID":414713}},{"type":"Feature","geometry":{"type":"Polygon","coordinates":[[[37.10556214848638,-1.184488863742065],[37.105682593272505,-1.1845155974960415],[37.10569593055647,-1.1844442593137292],[37.105579986110016,-1.1844175140421078],[37.10556214848638,-1.184488863742065]]]},"id":"001a00000000000091fb","properties":{"FID":414714}},{"type":"Feature","geometry":{"type":"Polygon","coordinates":[[[37.10984738849522,-1.1843372571351272],[37.10989639813572,-1.1843639873083704],[37.109923152967205,-1.1843060444685156],[37.10987414334482,-1.184279255436341],[37.10984738849522,-1.1843372571351272]]]},"id":"001a0000000000005d00","properties":{"FID":414715}},{"type":"Feature","geometry":{"type":"Polygon","coordinates":[[[37.08270486107453,-1.18645082530927],[37.08276281070535,-1.1864731263043897],[37.082785073828035,-1.186415171037983],[37.08272712421502,-1.186392870045617],[37.08270486107453,-1.18645082530927]]]},"id":"001a0000000000005bfd","properties":{"FID":379899}},{"type":"Feature","geometry":{"type":"Polygon","coordinates":[[[37.10988747985636,-1.1842302365505082],[37.10994990778879,-1.1842525176613496],[37.109963326105365,-1.1842168630068621],[37.10990089818452,-1.1841945230170685],[37.10988747985636,-1.1842302365505082]]]},"id":"001a000000000000a2e8","properties":{"FID":414716}},{"type":"Feature","geometry":{"type":"Polygon","coordinates":[[[37.11256299618229,-1.175856001649251],[37.112625421806364,-1.1758827565169856],[37.112643257689065,-1.1758426301442382],[37.11258083208038,-1.1758158752832584],[37.11256299618229,-1.175856001649251]]]},"id":"001a0000000000006a1a","properties":{"FID":415228}},{"type":"Feature","geometry":{"type":"Polygon","coordinates":[[[37.113887340565164,-1.1879446616736962],[37.11389625835151,-1.18798927222935],[37.113931929485894,-1.1879847676360242],[37.11392742968781,-1.1879402055786306],[37.113887340565164,-1.1879446616736962]]]},"id":"001a00000000000017a9","properties":{"FID":416252}},{"type":"Feature","geometry":{"type":"Polygon","coordinates":[[[37.08231689201411,-1.1863706026904162],[37.08237042204592,-1.1863750664596675],[37.08237934371404,-1.1863215608367275],[37.08232131192649,-1.1863171085645798],[37.08231689201411,-1.1863706026904162]]]},"id":"001a000000000000592e","properties":{"FID":379900}},{"type":"Feature","geometry":{"type":"Polygon","coordinates":[[[37.1055353920427,-1.1841499450061368],[37.10560232404533,-1.1841633249186159],[37.105611242852746,-1.1841320960087378],[37.105642417758105,-1.1841410298318322],[37.10565583687334,-1.1840786411799344],[37.105553229672914,-1.1840563388496845],[37.1055353920427,-1.1841499450061368]]]},"id":"001a0000000000012fe7","properties":{"FID":414717}},{"type":"Feature","geometry":{"type":"Polygon","coordinates":[[[37.113914093920904,-1.1878688730915072],[37.113940847266754,-1.1879758543273737],[37.114025525222786,-1.1879535641903698],[37.113998771908264,-1.1878465242525542],[37.113914093920904,-1.1878688730915072]]]},"id":"001a0000000000011865","properties":{"FID":416253}},{"type":"Feature","geometry":{"type":"Polygon","coordinates":[[[37.083159698951555,-1.1862412613172848],[37.0831908835206,-1.1862769393808184],[37.08323991120179,-1.1862368257525122],[37.08320872665382,-1.1862011477387138],[37.083159698951555,-1.1862412613172848]]]},"id":"001a0000000000009483","properties":{"FID":379901}},{"type":"Feature","geometry":{"type":"Polygon","coordinates":[[[37.11027096487622,-1.1841053665149945],[37.11036906536882,-1.1841455187285501],[37.110400320043276,-1.1840607757573196],[37.11030221959306,-1.1840206235568416],[37.11027096487622,-1.1841053665149945]]]},"id":"001a0000000000008a50","properties":{"FID":414718}},{"type":"Feature","geometry":{"type":"Polygon","coordinates":[[[37.11385166940879,-1.1875165619632992],[37.11387392297629,-1.1875611984541907],[37.113931929485894,-1.1875344400467038],[37.1139095941217,-1.187489804900123],[37.11385166940879,-1.1875165619632992]]]},"id":"001a0000000000003d0d","properties":{"FID":416254}},{"type":"Feature","geometry":{"type":"Polygon","coordinates":[[[37.08313735409461,-1.186187774353209],[37.08319980508775,-1.1862055871537331],[37.08321314651183,-1.1861699194360995],[37.08315077737945,-1.186147628798177],[37.08313735409461,-1.186187774353209]]]},"id":"001a000000000000039f","properties":{"FID":379902}},{"type":"Feature","geometry":{"type":"Polygon","coordinates":[[[37.10806820970647,-1.183690665570319],[37.10839819360623,-1.1838155142195863],[37.108416030530925,-1.1837709585347664],[37.10808604671249,-1.1836460510165263],[37.10806820970647,-1.183690665570319]]]},"id":"001a0000000000017a09","properties":{"FID":414719}},{"type":"Feature","geometry":{"type":"Polygon","coordinates":[[[37.113923011703946,-1.175749010816529],[37.11397201858384,-1.1757623766388696],[37.113998771908264,-1.1756687261552679],[37.11395418302872,-1.1756553506018974],[37.113923011703946,-1.175749010816529]]]},"id":"001a000000000000fce5","properties":{"FID":415231}},{"type":"Feature","geometry":{"type":"Polygon","coordinates":[[[37.11323183935134,-1.1872713223398743],[37.1132452570593,-1.1873159207986217],[37.11330768209468,-1.187293627187868],[37.11328984637578,-1.1872490391599522],[37.11323183935134,-1.1872713223398743]]]},"id":"001a000000000000b933","properties":{"FID":416255}},{"type":"Feature","geometry":{"type":"Polygon","coordinates":[[[37.082883211555725,-1.1860227598356403],[37.082945662767806,-1.1860406316480434],[37.08296342411189,-1.1859782123506037],[37.08290105476466,-1.1859603392463032],[37.082883211555725,-1.1860227598356403]]]},"id":"001a0000000000005bec","properties":{"FID":379903}}]}