{"type":"FeatureCollection","features":[{"type":"Feature","geometry":{"type":"Polygon","coordinates":[[[36.93439960056057,-1.349306151431363],[36.93442190905966,-1.3493373623461886],[36.93449326340449,-1.3492794109357422],[36.934470954927136,-1.3492526474078756],[36.93439960056057,-1.349306151431363]]]},"id":"0018000000000001cc31","properties":{"FID":512256}},{"type":"Feature","geometry":{"type":"Polygon","coordinates":[[[36.940084931361426,-1.3502559276467325],[36.94009829902044,-1.3502916237468057],[36.940165219289,-1.3502693292539993],[36.940151851642206,-1.3502336332041154],[36.940084931361426,-1.3502559276467325]]]},"id":"0018000000000000d1d7","properties":{"FID":513536}},{"type":"Feature","geometry":{"type":"Polygon","coordinates":[[[36.941797201999776,-1.3468848488981875],[36.941864120715316,-1.3469695748243502],[36.94193103936967,-1.3469115943357204],[36.941864120715316,-1.3468268685787945],[36.941797201999776,-1.3468848488981875]]]},"id":"0018000000000001fb3c","properties":{"FID":513792}},{"type":"Feature","geometry":{"type":"Polygon","coordinates":[[[36.95234746114587,-1.3538009224297094],[36.952365336368544,-1.3538276420612412],[36.95240543260899,-1.3538053472807405],[36.952392067197955,-1.3537741599325095],[36.95234746114587,-1.3538009224297094]]]},"id":"0018000000000000cce2","properties":{"FID":515584}},{"type":"Feature","geometry":{"type":"Polygon","coordinates":[[[36.93459135501105,-1.3492303555753473],[36.93466713806864,-1.349346245711244],[36.93474743193695,-1.3492927614396706],[36.93467156694619,-1.3491768137092166],[36.93459135501105,-1.3492303555753473]]]},"id":"0018000000000001bf10","properties":{"FID":512257}},{"type":"Feature","geometry":{"type":"Polygon","coordinates":[[[36.94170805895894,-1.3502648276538392],[36.941752671497085,-1.3503227977080037],[36.94181065135438,-1.3502737424694589],[36.94177046729976,-1.3502202596959012],[36.94170805895894,-1.3502648276538392]]]},"id":"0018000000000001146d","properties":{"FID":513537}},{"type":"Feature","geometry":{"type":"Polygon","coordinates":[[[36.94684496482113,-1.3468536280702885],[36.94688957422815,-1.3468892994727422],[36.946916307058295,-1.346858117792129],[36.946871697667575,-1.3468224464174956],[36.94684496482113,-1.3468536280702885]]]},"id":"001800000000000185ad","properties":{"FID":513793}},{"type":"Feature","geometry":{"type":"Polygon","coordinates":[[[36.94882923710797,-1.3481066178976406],[36.94885154121002,-1.3481378814669311],[36.94890508742726,-1.348093241217623],[36.94888278334154,-1.3480620369832967],[36.94882923710797,-1.3481066178976406]]]},"id":"00180000000000010b00","properties":{"FID":514049}},{"type":"Feature","geometry":{"type":"Polygon","coordinates":[[[36.93501939703091,-1.3536002589743719],[36.93510863023132,-1.3537251125643939],[36.93505507392096,-1.3537607569062622],[36.93508181107314,-1.3538053539820167],[36.93517547304459,-1.3537385147232808],[36.93506401364471,-1.3535734913919841],[36.93501939703091,-1.3536002589743719]]]},"id":"0018000000000001e6a2","properties":{"FID":513282}},{"type":"Feature","geometry":{"type":"Polygon","coordinates":[[[36.9399690508776,-1.3502425635164403],[36.93999578623551,-1.3502871543416264],[36.94004482836973,-1.350255926464214],[36.940018093029735,-1.3502113356976488],[36.9399690508776,-1.3502425635164403]]]},"id":"00180000000000012467","properties":{"FID":513538}},{"type":"Feature","geometry":{"type":"Polygon","coordinates":[[[36.93654438403805,-1.3469116107777006],[36.936615736314884,-1.347000770521224],[36.9367673801758,-1.3468803967987792],[36.93670045680158,-1.3467912184926392],[36.93654438403805,-1.3469116107777006]]]},"id":"00180000000000028916","properties":{"FID":513794}},{"type":"Feature","geometry":{"type":"Polygon","coordinates":[[[36.95042560323959,-1.3481199934740429],[36.95046127262123,-1.3482002847753563],[36.950559342831475,-1.3481512411829235],[36.95052367349764,-1.3480754556289398],[36.95042560323959,-1.3481199934740429]]]},"id":"0018000000000000c187","properties":{"FID":514050}},{"type":"Feature","geometry":{"type":"Polygon","coordinates":[[[36.94939110160701,-1.3537920195647897],[36.949458013378916,-1.3539034902037952],[36.94953378104675,-1.3538633654712584],[36.94952935306833,-1.3538544313969283],[36.94954714698003,-1.353845517577977],[36.94948474527069,-1.3537384734471087],[36.94939110160701,-1.3537920195647897]]]},"id":"00180000000000021413","properties":{"FID":515586}},{"type":"Feature","geometry":{"type":"Polygon","coordinates":[[[36.944401328204044,-1.3502692929805102],[36.94443257223559,-1.3503183668468859],[36.94452171195833,-1.3502604009431165],[36.944490549970084,-1.3502113257412967],[36.944401328204044,-1.3502692929805102]]]},"id":"00180000000000019112","properties":{"FID":513539}},{"type":"Feature","geometry":{"type":"Polygon","coordinates":[[[36.94634999538448,-1.346826864225601],[36.94641690993743,-1.3469383816755016],[36.9464926807544,-1.3468937647547596],[36.946425766270735,-1.346782306807014],[36.94634999538448,-1.346826864225601]]]},"id":"0018000000000001e23a","properties":{"FID":513795}},{"type":"Feature","geometry":{"type":"Polygon","coordinates":[[[36.94727301720086,-1.348128931063198],[36.947353297243794,-1.3482270523185877],[36.947464737933714,-1.3481423174215343],[36.94738445801304,-1.3480397500265344],[36.94727301720086,-1.348128931063198]]]},"id":"00180000000000029e92","properties":{"FID":514051}},{"type":"Feature","geometry":{"type":"Polygon","coordinates":[[[36.953390940452536,-1.3537964339468311],[36.95343997361027,-1.353890073242931],[36.95355591475883,-1.3538321012419232],[36.95350688167882,-1.35373846220928],[36.953390940452536,-1.3537964339468311]]]},"id":"00180000000000020b0e","properties":{"FID":515587}},{"type":"Feature","geometry":{"type":"Polygon","coordinates":[[[36.93555446654141,-1.349221435412523],[36.9356258197828,-1.3493328958949755],[36.935737360342685,-1.3492615446012999],[36.93566149637742,-1.349150045679999],[36.93555446654141,-1.349221435412523]]]},"id":"00180000000000022ee7","properties":{"FID":512260}},{"type":"Feature","geometry":{"type":"Polygon","coordinates":[[[36.9435407590054,-1.3502336066332141],[36.943558554373354,-1.3502737882107045],[36.943621043142656,-1.3502425605594046],[36.943603165783664,-1.35020688672339],[36.9435407590054,-1.3502336066332141]]]},"id":"00180000000000011e22","properties":{"FID":513540}},{"type":"Feature","geometry":{"type":"Polygon","coordinates":[[[36.93694576019431,-1.3468179537531657],[36.93700817259473,-1.3469160459721945],[36.9371241397783,-1.3468447446098915],[36.93707501367416,-1.3467644425478764],[36.937043848515884,-1.3467867530450324],[36.937030480299185,-1.3467644584724827],[36.93694576019431,-1.3468179537531657]]]},"id":"0018000000000001b0b5","properties":{"FID":513796}},{"type":"Feature","geometry":{"type":"Polygon","coordinates":[[[36.948922881490795,-1.3480575926951766],[36.94901652575375,-1.3481824498497146],[36.9490566238297,-1.3481512087408176],[36.94907892786242,-1.3481869186102158],[36.949154777922864,-1.3481244540865125],[36.94907449985647,-1.3480174426516596],[36.948998649712806,-1.3480754605816219],[36.94896297961806,-1.3480308573644306],[36.948922881490795,-1.3480575926951766]]]},"id":"00180000000000027ca6","properties":{"FID":514052}},{"type":"Feature","geometry":{"type":"Polygon","coordinates":[[[36.93514422506218,-1.3492125072919425],[36.93522451840743,-1.3493195407350154],[36.93534491725249,-1.349221408075411],[36.93526462403924,-1.3491188815651893],[36.93514422506218,-1.3492125072919425]]]},"id":"00180000000000024fdb","properties":{"FID":512261}},{"type":"Feature","geometry":{"type":"Polygon","coordinates":[[[36.936820853220055,-1.3502559281521131],[36.936874408239056,-1.3503451120433165],[36.93696355716543,-1.3502960356033609],[36.93688334774071,-1.3501578106220165],[36.93683873223535,-1.3501845730470263],[36.936869897480925,-1.3502292057832364],[36.936820853220055,-1.3502559281521131]]]},"id":"0018000000000000b565","properties":{"FID":513541}},{"type":"Feature","geometry":{"type":"Polygon","coordinates":[[[36.93661573631489,-1.3467198456675897],[36.93664255491131,-1.3467778334891316],[36.93670496757015,-1.3467421639156416],[36.936678231010596,-1.3466886216042055],[36.93661573631489,-1.3467198456675897]]]},"id":"00180000000000016644","properties":{"FID":513797}},{"type":"Feature","geometry":{"type":"Polygon","coordinates":[[[36.948525999045906,-1.3480353268072152],[36.94859291160899,-1.348137832697109],[36.9486464580155,-1.3481066500141994],[36.948579545501396,-1.3479996386094688],[36.948525999045906,-1.3480353268072152]]]},"id":"00180000000000018e13","properties":{"FID":514053}},{"type":"Feature","geometry":{"type":"Polygon","coordinates":[[[36.94977010350669,-1.3537741389960796],[36.949859318726794,-1.3539213229384561],[36.94996632764786,-1.353858882348632],[36.949877112558234,-1.3537117581033886],[36.94977010350669,-1.3537741389960796]]]},"id":"00180000000000025ce9","properties":{"FID":515589}},{"type":"Feature","geometry":{"type":"Polygon","coordinates":[[[36.93461809233253,-1.3491322196253288],[36.93464934053944,-1.349181298540329],[36.934756289682106,-1.3491144162285442],[36.93472512353702,-1.3490653360003042],[36.93461809233253,-1.3491322196253288]]]},"id":"00180000000000013dd4","properties":{"FID":512262}},{"type":"Feature","geometry":{"type":"Polygon","coordinates":[[[36.9433445176332,-1.3504655386651458],[36.943407006585254,-1.350554675617047],[36.94384393571992,-1.3502380782650527],[36.943777100820434,-1.350148900805891],[36.943558554373354,-1.350304976137615],[36.94355855437335,-1.350309423087689],[36.9433445176332,-1.3504655386651458]]]},"id":"0018000000000002ca07","properties":{"FID":513542}},{"type":"Feature","geometry":{"type":"Polygon","coordinates":[[[36.93892554418897,-1.346742185962454],[36.93899689414546,-1.346804602840861],[36.939045936948816,-1.3467510869419699],[36.938974669051525,-1.346684162680341],[36.93892554418897,-1.346742185962454]]]},"id":"0018000000000001a9ca","properties":{"FID":513798}},{"type":"Feature","geometry":{"type":"Polygon","coordinates":[[[36.94949811121291,-1.3537072844461175],[36.949582816789956,-1.35385443023354],[36.94965866632801,-1.353814304205774],[36.94957387883921,-1.3536671601496735],[36.94949811121291,-1.3537072844461175]]]},"id":"00180000000000028606","properties":{"FID":515590}},{"type":"Feature","geometry":{"type":"Polygon","coordinates":[[[36.941427097753795,-1.3502782245180613],[36.94149844527231,-1.3503763377728644],[36.941578731649656,-1.3503183487468724],[36.941623344266624,-1.3503763189598361],[36.94173036523141,-1.350300542547632],[36.941618915809535,-1.350144439151286],[36.941427097753795,-1.3502782245180613]]]},"id":"0018000000000002b8de","properties":{"FID":513543}},{"type":"Feature","geometry":{"type":"Polygon","coordinates":[[[36.946385666753045,-1.346719877576321],[36.9464926807544,-1.3468402308491234],[36.94653729037619,-1.346800136926032],[36.94650161908154,-1.3467599796878835],[36.94653729037619,-1.3467332642414345],[36.946461437602366,-1.3466529702844618],[36.946385666753045,-1.346719877576321]]]},"id":"00180000000000013bea","properties":{"FID":513799}},{"type":"Feature","geometry":{"type":"Polygon","coordinates":[[[36.95004660473569,-1.3480308365501263],[36.95010457802218,-1.3481378855495594],[36.950238318200924,-1.3480665130049283],[36.950180345020414,-1.3479550180891826],[36.95004660473569,-1.3480308365501263]]]},"id":"00180000000000024a11","properties":{"FID":514055}},{"type":"Feature","geometry":{"type":"Polygon","coordinates":[[[36.93480984621095,-1.3490608720348427],[36.93486332068461,-1.3491813069986363],[36.934956982935496,-1.3491367184583816],[36.9349079373935,-1.3490207712638145],[36.93480984621095,-1.3490608720348427]]]},"id":"00180000000000010f15","properties":{"FID":512264}},{"type":"Feature","geometry":{"type":"Polygon","coordinates":[[[36.934430766844166,-1.3535244797475179],[36.934470954927136,-1.353649315298236],[36.93455116699415,-1.353622567883273],[36.93451106097162,-1.3534976717838876],[36.934430766844166,-1.3535244797475179]]]},"id":"00180000000000025db3","properties":{"FID":513288}},{"type":"Feature","geometry":{"type":"Polygon","coordinates":[[[36.94364777716679,-1.3501578324312484],[36.943665572508706,-1.3502024015189533],[36.94372355085079,-1.3501756415570507],[36.94370124518572,-1.350135540055166],[36.94364777716679,-1.3501578324312484]]]},"id":"0018000000000001997b","properties":{"FID":513544}},{"type":"Feature","geometry":{"type":"Polygon","coordinates":[[[36.93867139015826,-1.3466217519041634],[36.93869812599004,-1.3466707867175933],[36.938782926079014,-1.3466262442282118],[36.93875610826653,-1.3465771516764478],[36.93867139015826,-1.3466217519041634]]]},"id":"0018000000000000cdfb","properties":{"FID":513800}},{"type":"Feature","geometry":{"type":"Polygon","coordinates":[[[36.95359601034664,-1.353707292335003],[36.95364955309119,-1.353783063706845],[36.95373868158515,-1.3537250942467942],[36.953685220900795,-1.35364487477783],[36.95359601034664,-1.353707292335003]]]},"id":"00180000000000014369","properties":{"FID":515592}},{"type":"Feature","geometry":{"type":"Polygon","coordinates":[[[36.9347429210478,-1.3490430811681666],[36.93476965831395,-1.349083167271504],[36.93484101231998,-1.3490296640304664],[36.93481878596464,-1.3489940047611777],[36.9347429210478,-1.3490430811681666]]]},"id":"0018000000000001cbd8","properties":{"FID":512265}},{"type":"Feature","geometry":{"type":"Polygon","coordinates":[[[36.93692345246406,-1.3501935089636272],[36.936954617673564,-1.3502737794615076],[36.93705278799685,-1.3502291686652481],[36.9369902936208,-1.3500820322363682],[36.93693239195972,-1.350108792628908],[36.93696355716543,-1.3501756617450889],[36.93692345246406,-1.3501935089636272]]]},"id":"001800000000000270d3","properties":{"FID":513545}},{"type":"Feature","geometry":{"type":"Polygon","coordinates":[[[36.93924661844565,-1.3466172823040534],[36.93930902888484,-1.3467020310152167],[36.93940268544935,-1.3466351580527975],[36.93933584649481,-1.3465504284976213],[36.93924661844565,-1.3466172823040534]]]},"id":"00180000000000022fea","properties":{"FID":513801}},{"type":"Feature","geometry":{"type":"Polygon","coordinates":[[[36.94944456542968,-1.3479683894202972],[36.94948917325182,-1.3480397492522305],[36.94952484309003,-1.3480174794854414],[36.949480235289634,-1.3479461197206053],[36.94944456542968,-1.3479683894202972]]]},"id":"0018000000000000f5ef","properties":{"FID":514057}},{"type":"Feature","geometry":{"type":"Polygon","coordinates":[[[36.94888278334154,-1.3537027988961756],[36.948967489630995,-1.353809862593666],[36.94904325780682,-1.3537518901705083],[36.94895855160508,-1.3536448266990948],[36.94888278334154,-1.3537027988961756]]]},"id":"0018000000000001e5ae","properties":{"FID":515593}},{"type":"Feature","geometry":{"type":"Polygon","coordinates":[[[36.93490793739349,-1.348994028376247],[36.9349792912648,-1.3490742397595892],[36.935050645066596,-1.3490118421558424],[36.93498372012349,-1.3489315525795456],[36.93490793739349,-1.348994028376247]]]},"id":"0018000000000001a515","properties":{"FID":512266}},{"type":"Feature","geometry":{"type":"Polygon","coordinates":[[[36.94377259048759,-1.3500730867295823],[36.943799406462375,-1.3501087799162736],[36.94384844604835,-1.350073106787472],[36.94382171209754,-1.3500374121963201],[36.94377259048759,-1.3500730867295823]]]},"id":"00180000000000008f99","properties":{"FID":513546}},{"type":"Feature","geometry":{"type":"Polygon","coordinates":[[[36.945368984932905,-1.346590579326264],[36.94541359523968,-1.346679726318287],[36.94550724399376,-1.346630702938548],[36.9454581235151,-1.3465415172727817],[36.945368984932905,-1.346590579326264]]]},"id":"001800000000000140b2","properties":{"FID":513802}},{"type":"Feature","geometry":{"type":"Polygon","coordinates":[[[36.9359068032505,-1.3489181853173315],[36.935951337308836,-1.3490074087130768],[36.93602720097385,-1.348971733967533],[36.93598701374488,-1.3488825524174433],[36.9359068032505,-1.3489181853173315]]]},"id":"0018000000000001b4a5","properties":{"FID":512267}},{"type":"Feature","geometry":{"type":"Polygon","coordinates":[[[36.940562065065826,-1.3500909380249906],[36.94063341342743,-1.3501623101419986],[36.94070033320684,-1.350090920150454],[36.940628984910454,-1.3500240545529525],[36.940562065065826,-1.3500909380249906]]]},"id":"001800000000000240ad","properties":{"FID":513547}},{"type":"Feature","geometry":{"type":"Polygon","coordinates":[[[36.94580147415065,-1.3466083708186172],[36.94586396100491,-1.3466886644657738],[36.94597540396297,-1.3466083803934352],[36.94591742740479,-1.3465281258702175],[36.94580147415065,-1.3466083708186172]]]},"id":"0018000000000002312e","properties":{"FID":513803}},{"type":"Feature","geometry":{"type":"Polygon","coordinates":[[[36.94792853930576,-1.3479550111085816],[36.947946333606765,-1.348012973863678],[36.94803997911957,-1.3479773468822125],[36.94802218484134,-1.3479238306384276],[36.94792853930576,-1.3479550111085816]]]},"id":"00180000000000018e47","properties":{"FID":514059}},{"type":"Feature","geometry":{"type":"Polygon","coordinates":[[[36.94676911236624,-1.3544787104355285],[36.94679592724306,-1.3545321946139548],[36.94683159839425,-1.3545143643144606],[36.946804783530496,-1.3544653274920662],[36.94676911236624,-1.3544787104355285]]]},"id":"0018000000000000a219","properties":{"FID":514827}},{"type":"Feature","geometry":{"type":"Polygon","coordinates":[[[36.94948917325182,-1.3536225341181305],[36.949502539193226,-1.3536582288652612],[36.94956051291084,-1.3536314654273736],[36.94954271900241,-1.3536002371353022],[36.94948917325182,-1.3536225341181305]]]},"id":"0018000000000000b8f7","properties":{"FID":515595}},{"type":"Feature","geometry":{"type":"Polygon","coordinates":[[[36.93531366934237,-1.3489271379600494],[36.935344917252486,-1.3489806041580221],[36.93544300771835,-1.348927102844658],[36.935416270698035,-1.3488736162664492],[36.93531366934237,-1.3489271379600494]]]},"id":"00180000000000018ebb","properties":{"FID":512268}},{"type":"Feature","geometry":{"type":"Polygon","coordinates":[[[36.937003743858476,-1.350117668850826],[36.93708846389626,-1.3502068932757483],[36.9371686730963,-1.3501266074367932],[36.93708846389626,-1.3500418692229206],[36.937003743858476,-1.350117668850826]]]},"id":"0018000000000001f6c7","properties":{"FID":513548}},{"type":"Feature","geometry":{"type":"Polygon","coordinates":[[[36.94002252158366,-1.3465013618585489],[36.94008050281127,-1.3465994684407094],[36.940178586933364,-1.3465370241126444],[36.94012060578343,-1.3464434237165952],[36.94002252158366,-1.3465013618585489]]]},"id":"00180000000000013fff","properties":{"FID":513804}},{"type":"Feature","geometry":{"type":"Polygon","coordinates":[[[36.949979693502094,-1.347914875422027],[36.950042094789275,-1.3480085663208823],[36.95009113019179,-1.3479728992967137],[36.9500777643579,-1.347950548636945],[36.950158041323455,-1.3478970775677273],[36.95012688173544,-1.3478480084284683],[36.950086702247084,-1.3478747446112906],[36.95007333641239,-1.347856958830891],[36.949979693502094,-1.347914875422027]]]},"id":"0018000000000002418c","properties":{"FID":514060}},{"type":"Feature","geometry":{"type":"Polygon","coordinates":[[[36.93661573631489,-1.3545188295112256],[36.93668708852221,-1.354621405194852],[36.936829792728254,-1.3545232697486438],[36.936758440659986,-1.3544207537670891],[36.93661573631489,-1.3545188295112256]]]},"id":"00180000000000020445","properties":{"FID":514828}},{"type":"Feature","geometry":{"type":"Polygon","coordinates":[[[36.934988230997796,-1.3488691520196898],[36.935086321941405,-1.3490609015999186],[36.9351710441975,-1.3490207410119208],[36.93509969051301,-1.3488869851124528],[36.935121998798856,-1.3488736044979117],[36.93509517964557,-1.348820119214981],[36.934988230997796,-1.3488691520196898]]]},"id":"0018000000000002673c","properties":{"FID":512269}},{"type":"Feature","geometry":{"type":"Polygon","coordinates":[[[36.94107044112721,-1.350064204906423],[36.941150645964974,-1.3501712333286118],[36.941239871693504,-1.3501043107723874],[36.94115958494452,-1.3499972840695345],[36.94107044112721,-1.350064204906423]]]},"id":"001800000000000283e8","properties":{"FID":513549}},{"type":"Feature","geometry":{"type":"Polygon","coordinates":[[[36.94657296165345,-1.3464969206798336],[36.94666660892389,-1.3466351166894273],[36.9467468076294,-1.3465772020472964],[36.94665324246443,-1.34643894561572],[36.94657296165345,-1.3464969206798336]]]},"id":"00180000000000024a5c","properties":{"FID":513805}},{"type":"Feature","geometry":{"type":"Polygon","coordinates":[[[36.946849392962015,-1.3544920486702077],[36.94692073519487,-1.3545901633056903],[36.94702332028365,-1.3545143959713213],[36.946951978150814,-1.354416281616755],[36.946849392962015,-1.3544920486702077]]]},"id":"0018000000000001e91c","properties":{"FID":514829}},{"type":"Feature","geometry":{"type":"Polygon","coordinates":[[[36.949591754739615,-1.3536537386271026],[36.94964972838653,-1.353760801781609],[36.94974779968466,-1.3537072958345657],[36.949667522268946,-1.3535690255431891],[36.94960954863613,-1.353600235894167],[36.94962742452782,-1.3536359097460247],[36.949591754739615,-1.3536537386271026]]]},"id":"001800000000000110bb","properties":{"FID":515597}},{"type":"Feature","geometry":{"type":"Polygon","coordinates":[[[36.935813142214386,-1.3488067058188682],[36.93584881871775,-1.3488647182549056],[36.93588892400767,-1.3488424249982314],[36.93585775834461,-1.3487844514091023],[36.935813142214386,-1.3488067058188682]]]},"id":"00180000000000010547","properties":{"FID":512270}},{"type":"Feature","geometry":{"type":"Polygon","coordinates":[[[36.94308144020013,-1.3500106798846092],[36.943103746054085,-1.35004633465466],[36.94316172484121,-1.3500151278255055],[36.94313941900492,-1.3499750261755457],[36.94308144020013,-1.3500106798846092]]]},"id":"0018000000000001821f","properties":{"FID":513550}},{"type":"Feature","geometry":{"type":"Polygon","coordinates":[[[36.945716764196085,-1.3465147751564612],[36.94577031270731,-1.3465994951687517],[36.94589512240836,-1.346523658643688],[36.94584165599218,-1.3464389374570505],[36.945716764196085,-1.3465147751564612]]]},"id":"0018000000000001da63","properties":{"FID":513806}},{"type":"Feature","geometry":{"type":"Polygon","coordinates":[[[36.95066192281873,-1.3479237935811543],[36.95072883342836,-1.348030861201838],[36.95089824163449,-1.3479282685040457],[36.95083141317795,-1.3478212591867362],[36.95066192281873,-1.3479237935811543]]]},"id":"0018000000000002a7d4","properties":{"FID":514062}},{"type":"Feature","geometry":{"type":"Polygon","coordinates":[[[36.94101246068364,-1.3544876164600976],[36.94107044112721,-1.354594634195626],[36.94117295240731,-1.3545411012658546],[36.94111497204492,-1.3544340838008078],[36.94101246068364,-1.3544876164600976]]]},"id":"00180000000000018bab","properties":{"FID":514830}},{"type":"Feature","geometry":{"type":"Polygon","coordinates":[[[36.9527443228595,-1.353613624256315],[36.95277556332859,-1.3537028367391515],[36.95291380839388,-1.353658224283297],[36.952882567983835,-1.3535690713488584],[36.9527443228595,-1.353613624256315]]]},"id":"0018000000000001c497","properties":{"FID":515598}},{"type":"Feature","geometry":{"type":"Polygon","coordinates":[[[36.93576852605699,-1.3487442858039196],[36.93579083413909,-1.3488067447103425],[36.935844307896446,-1.348784452183071],[36.9358220818456,-1.3487219919030682],[36.93576852605699,-1.3487442858039196]]]},"id":"001800000000000121dc","properties":{"FID":512271}},{"type":"Feature","geometry":{"type":"Polygon","coordinates":[[[36.943884118636234,-1.3499972927088155],[36.943910852564265,-1.3500285403480938],[36.94395989207557,-1.349997314286272],[36.94393315816546,-1.349961619800798],[36.943884118636234,-1.3499972927088155]]]},"id":"0018000000000000dd3d","properties":{"FID":513551}},{"type":"Feature","geometry":{"type":"Polygon","coordinates":[[[36.939010344014534,-1.3464745959415911],[36.93903707972254,-1.3465147369585941],[36.93902371186976,-1.3465191826364875],[36.939068244032434,-1.3465905513563745],[36.93917526873251,-1.3465281262878297],[36.93910842957035,-1.3464166572015732],[36.939010344014534,-1.3464745959415911]]]},"id":"0018000000000002452f","properties":{"FID":513807}},{"type":"Feature","geometry":{"type":"Polygon","coordinates":[[[36.94927072586328,-1.3478613736824758],[36.94932418977392,-1.3479773364892227],[36.949422343508125,-1.3479282914091828],[36.94936879766945,-1.3478167766330609],[36.94927072586328,-1.3478613736824758]]]},"id":"0018000000000001e9ef","properties":{"FID":514063}},{"type":"Feature","geometry":{"type":"Polygon","coordinates":[[[36.939313539492716,-1.354456426088794],[36.93935364288499,-1.3545322145016494],[36.93944729939242,-1.3544787194749854],[36.93940268544935,-1.3544028927810794],[36.939313539492716,-1.354456426088794]]]},"id":"00180000000000025212","properties":{"FID":514831}},{"type":"Feature","geometry":{"type":"Polygon","coordinates":[[[36.953881434540094,-1.3536046877666623],[36.95391259252882,-1.3536493137212051],[36.95397950016503,-1.35359577134828],[36.95394826021016,-1.3535556530198243],[36.953881434540094,-1.3536046877666623]]]},"id":"001800000000000166ba","properties":{"FID":515599}},{"type":"Feature","geometry":{"type":"Polygon","coordinates":[[[36.941846324935426,-1.3500017827731488],[36.941922100484334,-1.3501266171922484],[36.94199344752039,-1.3500820098935036],[36.94191767204533,-1.3499571757104547],[36.941846324935426,-1.3500017827731488]]]},"id":"00180000000000011f2d","properties":{"FID":513552}},{"type":"Feature","geometry":{"type":"Polygon","coordinates":[[[36.93620107199609,-1.346492434607396],[36.93628579296252,-1.3466039480279322],[36.936401761290114,-1.3465147411621792],[36.93631252966537,-1.3464032484782722],[36.93620107199609,-1.346492434607396]]]},"id":"0018000000000002b3dc","properties":{"FID":513808}},{"type":"Feature","geometry":{"type":"Polygon","coordinates":[[[36.94836552344613,-1.347848038660811],[36.94843686420077,-1.347937186212051],[36.948494838762805,-1.3478881400295784],[36.94842792611004,-1.3478034199488635],[36.94836552344613,-1.347848038660811]]]},"id":"001800000000000248c8","properties":{"FID":514064}},{"type":"Feature","geometry":{"type":"Polygon","coordinates":[[[36.94014291253961,-1.3544029059317622],[36.94019646512875,-1.3545455848622863],[36.940178586933364,-1.3545545014233868],[36.94019646512875,-1.3545946280956012],[36.94026330329759,-1.354567880959177],[36.94024993566871,-1.3545232858144514],[36.94029454909547,-1.3545099209467366],[36.94024099657808,-1.3543672423206043],[36.94014291253961,-1.3544029059317622]]]},"id":"00180000000000025f12","properties":{"FID":514832}},{"type":"Feature","geometry":{"type":"Polygon","coordinates":[[[36.95016255126273,-1.35360025534532],[36.95020264871058,-1.353662690618901],[36.950291863403216,-1.35360471771757],[36.9502472560705,-1.3535423034099212],[36.95016255126273,-1.35360025534532]]]},"id":"0018000000000001aa31","properties":{"FID":515600}},{"type":"Feature","geometry":{"type":"Polygon","coordinates":[[[36.93468944648624,-1.3485034793114787],[36.93472512353702,-1.3485525384845272],[36.93474743193695,-1.3485347108242727],[36.93471175489704,-1.348485651683107],[36.93468944648624,-1.3485034793114787]]]},"id":"0018000000000000e1b1","properties":{"FID":512273}},{"type":"Feature","geometry":{"type":"Polygon","coordinates":[[[36.93437286315932,-1.3534753949037432],[36.9344040294543,-1.3535155248976367],[36.934462015131,-1.3534709656459651],[36.93443076684417,-1.3534308371732715],[36.93437286315932,-1.3534753949037432]]]},"id":"001800000000000173b4","properties":{"FID":513297}},{"type":"Feature","geometry":{"type":"Polygon","coordinates":[[[36.937079524419644,-1.3500017648599634],[36.93709732135826,-1.350037442983187],[36.9371062608327,-1.3500329559956188],[36.93716424436976,-1.350126626571636],[36.937257903677775,-1.3500730829964698],[36.93717761256203,-1.3499393079308242],[36.937079524419644,-1.3500017648599634]]]},"id":"0018000000000001e7ee","properties":{"FID":513553}},{"type":"Feature","geometry":{"type":"Polygon","coordinates":[[[36.941676813764374,-1.3465013683558948],[36.94170805895894,-1.3465593331550405],[36.941752671497085,-1.3465370236726475],[36.94178383465099,-1.346599495764026],[36.94194440669159,-1.346523676257162],[36.94188199849906,-1.3463987933517214],[36.941676813764374,-1.3465013683558948]]]},"id":"0018000000000002a620","properties":{"FID":513809}},{"type":"Feature","geometry":{"type":"Polygon","coordinates":[[[36.94781701732068,-1.347830172488357],[36.94784825989393,-1.34786584316757],[36.94788393053212,-1.347834621110677],[36.94785719805549,-1.3477989892726157],[36.94781701732068,-1.347830172488357]]]},"id":"0018000000000000b85c","properties":{"FID":514065}},{"type":"Feature","geometry":{"type":"Polygon","coordinates":[[[36.937596782064546,-1.354376148368867],[36.93763688639715,-1.354429639921141],[36.93767707272066,-1.3543984435962761],[36.937632457698925,-1.3543493614396334],[36.937596782064546,-1.354376148368867]]]},"id":"00180000000000018c02","properties":{"FID":514833}},{"type":"Feature","geometry":{"type":"Polygon","coordinates":[[[36.94899422170198,-1.3535868554312744],[36.94908343786821,-1.3537250867911061],[36.949172571925665,-1.3536716207837036],[36.94908343786822,-1.3535288819291669],[36.94899422170198,-1.3535868554312744]]]},"id":"00180000000000028f60","properties":{"FID":515601}},{"type":"Feature","geometry":{"type":"Polygon","coordinates":[[[36.935599082829235,-1.3484678229497402],[36.93563918825593,-1.348548111192454],[36.93572390987241,-1.3485079520047836],[36.93568823330819,-1.3484277041838268],[36.935599082829235,-1.3484678229497402]]]},"id":"00180000000000023935","properties":{"FID":512274}},{"type":"Feature","geometry":{"type":"Polygon","coordinates":[[[36.93649091079191,-1.3499839031734222],[36.936526586965066,-1.350086508287229],[36.9366291046073,-1.3500552812870588],[36.93659351049818,-1.3499482276419432],[36.93649091079191,-1.3499839031734222]]]},"id":"0018000000000001793e","properties":{"FID":513554}},{"type":"Feature","geometry":{"type":"Polygon","coordinates":[[[36.936397250502864,-1.3464389278888937],[36.93643743750671,-1.346496916548329],[36.936526586965066,-1.3464345091919587],[36.93645080583166,-1.3463319101593223],[36.93640619006276,-1.3463631144068429],[36.936437437506704,-1.3464077424498142],[36.936397250502864,-1.3464389278888937]]]},"id":"0018000000000001d6e2","properties":{"FID":513810}},{"type":"Feature","geometry":{"type":"Polygon","coordinates":[[[36.950635191357094,-1.347825737838616],[36.950670860636556,-1.3478926303656846],[36.95076893056582,-1.3478390822038295],[36.950719895617624,-1.34774100631856],[36.95064412917818,-1.347781117471924],[36.95066192281873,-1.3478167875282094],[36.950635191357094,-1.347825737838616]]]},"id":"00180000000000025fc9","properties":{"FID":514066}},{"type":"Feature","geometry":{"type":"Polygon","coordinates":[[[36.93923767923252,-1.3543806207235447],[36.93927786467744,-1.354447512164548],[36.9393848890711,-1.3543850622936837],[36.939340275090004,-1.3543136834015015],[36.93923767923252,-1.3543806207235447]]]},"id":"00180000000000022fe9","properties":{"FID":514834}},{"type":"Feature","geometry":{"type":"Polygon","coordinates":[[[36.94969433608359,-1.353595824384555],[36.94978346939677,-1.3537251025811825],[36.949877112558234,-1.353658215788357],[36.94978346939677,-1.353528899448793],[36.94969433608359,-1.353595824384555]]]},"id":"00180000000000020ce5","properties":{"FID":515602}},{"type":"Feature","geometry":{"type":"Polygon","coordinates":[[[36.93468944648624,-1.348445547016064],[36.93498372012349,-1.348873619772399],[36.93506844249827,-1.348820117860156],[36.93476965831394,-1.348392007234235],[36.93468944648624,-1.348445547016064]]]},"id":"0018000000000002dfcc","properties":{"FID":512275}},{"type":"Feature","geometry":{"type":"Polygon","coordinates":[[[36.94119525884284,-1.3499794570350458],[36.9412755455527,-1.3500374475566592],[36.94130670890972,-1.3499883932539865],[36.94122199375293,-1.3499348689565789],[36.94119525884284,-1.3499794570350458]]]},"id":"0018000000000000d3f4","properties":{"FID":513555}},{"type":"Feature","geometry":{"type":"Polygon","coordinates":[[[36.945065732531184,-1.3463765239569176],[36.94512370976408,-1.346403244982726],[36.94514158675167,-1.3463675954995706],[36.94508360953292,-1.3463408151976626],[36.945065732531184,-1.3463765239569176]]]},"id":"0018000000000001184f","properties":{"FID":513811}},{"type":"Feature","geometry":{"type":"Polygon","coordinates":[[[36.947982004197144,-1.3477677322848496],[36.94806228346223,-1.347905987968322],[36.94814699070159,-1.3478569430967264],[36.94806671152944,-1.3477186877140441],[36.947982004197144,-1.3477677322848496]]]},"id":"00180000000000028c5b","properties":{"FID":514067}},{"type":"Feature","geometry":{"type":"Polygon","coordinates":[[[36.945203992164934,-1.3543359841959604],[36.94523072561085,-1.3543984248124823],[36.94528870271305,-1.354376165650846],[36.94526196928831,-1.3543137251140778],[36.945203992164934,-1.3543359841959604]]]},"id":"0018000000000000f8ed","properties":{"FID":514835}},{"type":"Feature","geometry":{"type":"Polygon","coordinates":[[[36.95159390994175,-1.35359131191313],[36.95165630985203,-1.353680505731921],[36.951754378460215,-1.3536181073929454],[36.951696406481126,-1.3535244475252728],[36.95159390994175,-1.35359131191313]]]},"id":"001800000000000100af","properties":{"FID":515603}},{"type":"Feature","geometry":{"type":"Polygon","coordinates":[[[36.9359068032505,-1.3483385128581136],[36.93595584812355,-1.3484009725070474],[36.936031629769154,-1.348343005546132],[36.9359780741338,-1.3482805665076778],[36.9359068032505,-1.3483385128581136]]]},"id":"001800000000000196e8","properties":{"FID":512276}},{"type":"Feature","geometry":{"type":"Polygon","coordinates":[[[36.93419890577975,-1.3534575482587823],[36.93423015416551,-1.3535378264986033],[36.934328246124466,-1.3535021625677164],[36.93430150869718,-1.3534218637296758],[36.93419890577975,-1.3534575482587823]]]},"id":"00180000000000022605","properties":{"FID":513300}},{"type":"Feature","geometry":{"type":"Polygon","coordinates":[[[36.94196220244765,-1.3500017464137581],[36.942042488316346,-1.3500909246790054],[36.94214056980967,-1.3500017891264686],[36.94206036605653,-1.349912550373497],[36.94196220244765,-1.3500017464137581]]]},"id":"0018000000000001df84","properties":{"FID":513556}},{"type":"Feature","geometry":{"type":"Polygon","coordinates":[[[36.94029003854805,-1.3463452732077654],[36.940321284334516,-1.3464255905404943],[36.94040157200289,-1.3463943503987452],[36.94037032625068,-1.346314092498106],[36.94029003854805,-1.3463452732077654]]]},"id":"00180000000000013057","properties":{"FID":513812}},{"type":"Feature","geometry":{"type":"Polygon","coordinates":[[[36.937672562011976,-1.3543003161767875],[36.93780189622162,-1.3544787180148417],[36.93773054510061,-1.3545322328256006],[36.93777958875218,-1.3545946391850603],[36.93791786214813,-1.3544920766872948],[36.93774391318949,-1.3542468019011948],[36.937672562011976,-1.3543003161767875]]]},"id":"0018000000000002cd93","properties":{"FID":514836}},{"type":"Feature","geometry":{"type":"Polygon","coordinates":[[[36.934582415229606,-1.3483028170136662],[36.934684935593516,-1.3484410610003605],[36.93476965831395,-1.348378665658737],[36.9346627091908,-1.3482404410193338],[36.934582415229606,-1.3483028170136662]]]},"id":"00180000000000023683","properties":{"FID":512277}},{"type":"Feature","geometry":{"type":"Polygon","coordinates":[[[36.937672562011976,-1.3499928642055286],[36.937699298208486,-1.3500552450928878],[36.937864307892305,-1.349988401351212],[36.937837571756056,-1.3499259613995347],[36.937672562011976,-1.3499928642055286]]]},"id":"00180000000000024d9f","properties":{"FID":513557}},{"type":"Feature","geometry":{"type":"Polygon","coordinates":[[[36.93852426089702,-1.3463274870272308],[36.93855993607949,-1.3463943284735715],[36.938600039884555,-1.3463764854857698],[36.938564364721614,-1.3463051973922828],[36.93852426089702,-1.3463274870272308]]]},"id":"00180000000000018035","properties":{"FID":513813}},{"type":"Feature","geometry":{"type":"Polygon","coordinates":[[[36.948080077730715,-1.3476875046797316],[36.948133624512536,-1.3478123600779695],[36.94822726978565,-1.347767781613884],[36.94817372307235,-1.3476473728439242],[36.948080077730715,-1.3476875046797316]]]},"id":"00180000000000010f76","properties":{"FID":514069}},{"type":"Feature","geometry":{"type":"Polygon","coordinates":[[[36.93728021130615,-1.3542958997756542],[36.93733811269221,-1.354393968704391],[36.9374362004882,-1.3543315578103956],[36.9373782991797,-1.3542334298358993],[36.93728021130615,-1.3542958997756542]]]},"id":"0018000000000001ce96","properties":{"FID":514837}},{"type":"Feature","geometry":{"type":"Polygon","coordinates":[[[36.935862187150164,-1.3482760935123683],[36.93591566085543,-1.3482805436749616],[36.93592017167233,-1.348244887010394],[36.935862187150164,-1.3482403980097422],[36.935862187150164,-1.3482760935123683]]]},"id":"00180000000000009a89","properties":{"FID":512278}},{"type":"Feature","geometry":{"type":"Polygon","coordinates":[[[36.943152786106154,-1.3502381079558643],[36.943210764854435,-1.3503272653299332],[36.94339363953044,-1.3502113099874575],[36.943411434934156,-1.3502380914765553],[36.94346498513216,-1.3502069035971835],[36.94343816903484,-1.350162316308095],[36.94370124518572,-1.3499928238763483],[36.94365220550112,-1.3499170279414265],[36.943152786106154,-1.3502381079558643]]]},"id":"0018000000000002cc1a","properties":{"FID":513558}},{"type":"Feature","geometry":{"type":"Polygon","coordinates":[[[36.94561868749503,-1.346407721001904],[36.945676664289884,-1.3464969275962895],[36.9457212744091,-1.3464656672516335],[36.945730130826604,-1.3464746405772443],[36.94583271758445,-1.3464077340175407],[36.94577031270732,-1.3463096541019792],[36.94561868749503,-1.346407721001904]]]},"id":"0018000000000002493d","properties":{"FID":513814}},{"type":"Feature","geometry":{"type":"Polygon","coordinates":[[[36.949350921714576,-1.3477811074317747],[36.94939552959381,-1.3478569133679594],[36.94944013744584,-1.347830157956223],[36.949453503396214,-1.3478524494582411],[36.949609548636126,-1.3477543609900617],[36.94955165695695,-1.3476562625985935],[36.949350921714576,-1.3477811074317747]]]},"id":"00180000000000029c80","properties":{"FID":514070}},{"type":"Feature","geometry":{"type":"Polygon","coordinates":[[[36.94575243587332,-1.3542735815958318],[36.94581935097267,-1.3543806113067365],[36.94589512240836,-1.3543360365484425],[36.94582377917561,-1.3542289671349426],[36.94575243587332,-1.3542735815958318]]]},"id":"00180000000000014a29","properties":{"FID":514838}},{"type":"Feature","geometry":{"type":"Polygon","coordinates":[[[36.9352111498586,-1.3481735227011975],[36.93528693227484,-1.3482537728449466],[36.93539396250184,-1.3481557034446405],[36.93532260903456,-1.3480754345363535],[36.9352111498586,-1.3481735227011975]]]},"id":"00180000000000027414","properties":{"FID":512279}},{"type":"Feature","geometry":{"type":"Polygon","coordinates":[[[36.94429882144519,-1.3499304185913612],[36.94432998351507,-1.3500106809770034],[36.944387961330825,-1.349983921505143],[36.94435679928563,-1.349908106084739],[36.94429882144519,-1.3499304185913612]]]},"id":"0018000000000001c865","properties":{"FID":513559}},{"type":"Feature","geometry":{"type":"Polygon","coordinates":[[[36.941529690543014,-1.346398791312917],[36.941627772723436,-1.3465102977763488],[36.941752671497085,-1.3463988248642118],[36.941654589484,-1.34629176534362],[36.941529690543014,-1.346398791312917]]]},"id":"0018000000000001a53c","properties":{"FID":513815}},{"type":"Feature","geometry":{"type":"Polygon","coordinates":[[[36.94847253455202,-1.3477677716205156],[36.94856617939137,-1.3477811143859617],[36.94858397353731,-1.3476696413624247],[36.94848590067915,-1.3476562582530078],[36.94847253455202,-1.3477677716205156]]]},"id":"00180000000000025acf","properties":{"FID":514071}},{"type":"Feature","geometry":{"type":"Polygon","coordinates":[[[36.9461493333619,-1.3542869864857978],[36.94625634770886,-1.3544029092778542],[36.94633662886719,-1.354331570620439],[36.94622961463762,-1.354215588799489],[36.9461493333619,-1.3542869864857978]]]},"id":"00180000000000028908","properties":{"FID":514839}},{"type":"Feature","geometry":{"type":"Polygon","coordinates":[[[36.94319296940193,-1.3499259323433228],[36.94320633649339,-1.3499660736562233],[36.943264315199244,-1.3499438201251432],[36.94325094811838,-1.3499036788644472],[36.94319296940193,-1.3499259323433228]]]},"id":"0018000000000000bb57","properties":{"FID":513560}},{"type":"Feature","geometry":{"type":"Polygon","coordinates":[[[36.9445529559385,-1.3463006863025673],[36.944584199905314,-1.3463631543481978],[36.944619872134595,-1.3463452722511444],[36.94458862818299,-1.346282863544869],[36.9445529559385,-1.3463006863025673]]]},"id":"001800000000000135a6","properties":{"FID":513816}},{"type":"Feature","geometry":{"type":"Polygon","coordinates":[[[36.947313116232294,-1.3478212397621943],[36.94742906709117,-1.3479372265868974],[36.947513775063584,-1.3478480450103163],[36.947442433408916,-1.347776682141621],[36.94753607956663,-1.347683015286804],[36.94749598065738,-1.347638430572726],[36.947313116232294,-1.3478212397621943]]]},"id":"001800000000000287f8","properties":{"FID":514072}},{"type":"Feature","geometry":{"type":"Polygon","coordinates":[[[36.94190873315836,-1.3542200762388643],[36.94193103936968,-1.3542557347647401],[36.941997875954826,-1.3542155867476808],[36.94197556976386,-1.3541799282833802],[36.94190873315836,-1.3542200762388643]]]},"id":"0018000000000000a1dd","properties":{"FID":514840}},{"type":"Feature","geometry":{"type":"Polygon","coordinates":[[[36.94913690191571,-1.3535645760648105],[36.94920824191822,-1.3536492854370146],[36.94931082379992,-1.3535645700411405],[36.94923948389742,-1.3534798609169738],[36.94913690191571,-1.3535645760648105]]]},"id":"0018000000000002991c","properties":{"FID":515608}},{"type":"Feature","geometry":{"type":"Polygon","coordinates":[[[36.93438623186116,-1.34799960862158],[36.93456461767981,-1.3483028352705693],[36.93464934053944,-1.3482537817825173],[36.934470954927136,-1.347950555791863],[36.93438623186116,-1.34799960862158]]]},"id":"0018000000000002cae1","properties":{"FID":512281}},{"type":"Feature","geometry":{"type":"Polygon","coordinates":[[[36.9402856100103,-1.3499482501555826],[36.940339080485145,-1.3500106890417913],[36.94042830720284,-1.3499393192642832],[36.940374754783306,-1.3498768819859428],[36.9402856100103,-1.3499482501555826]]]},"id":"00180000000000021c28","properties":{"FID":513561}},{"type":"Feature","geometry":{"type":"Polygon","coordinates":[[[36.940169647834026,-1.3462873405616007],[36.940191954575276,-1.3463319463652208],[36.94023205748637,-1.3463141037674085],[36.940209832767394,-1.3462650499454236],[36.940169647834026,-1.3462873405616007]]]},"id":"0018000000000000bf32","properties":{"FID":513817}},{"type":"Feature","geometry":{"type":"Polygon","coordinates":[[[36.94713927160174,-1.3477008818266962],[36.94721946978923,-1.3477900517855455],[36.947304260006376,-1.3477097618788292],[36.947228408027584,-1.347620574579076],[36.94713927160174,-1.3477008818266962]]]},"id":"001800000000000264d4","properties":{"FID":514073}},{"type":"Feature","geometry":{"type":"Polygon","coordinates":[[[36.94035253010764,-1.3542200894075263],[36.94039263293079,-1.3542735788693856],[36.94037032625068,-1.3542869623020033],[36.9404060005336,-1.3543404712027354],[36.94042830720284,-1.3543270877396378],[36.94047734904732,-1.3543939986053628],[36.94052639085895,-1.3543583169635196],[36.940508594753844,-1.3543404867541593],[36.94055312601332,-1.3543092736893287],[36.94044610332747,-1.3541531951287176],[36.94035253010764,-1.3542200894075263]]]},"id":"00180000000000028c71","properties":{"FID":514841}},{"type":"Feature","geometry":{"type":"Polygon","coordinates":[[[36.95210220936994,-1.3535467662758562],[36.952178056295864,-1.3536492983950554],[36.952267186582894,-1.3535868814302356],[36.952191421746015,-1.3534798419297605],[36.95210220936994,-1.3535467662758562]]]},"id":"00180000000000021a6f","properties":{"FID":515609}},{"type":"Feature","geometry":{"type":"Polygon","coordinates":[[[36.93587998438463,-1.3480486801684395],[36.93589335281135,-1.3481200122880235],[36.936049426962434,-1.3480843440547405],[36.936022690163526,-1.3479505744893863],[36.93592017167233,-1.3479728436051623],[36.935933540091725,-1.3480397284606926],[36.93587998438463,-1.3480486801684395]]]},"id":"0018000000000002808d","properties":{"FID":512282}},{"type":"Feature","geometry":{"type":"Polygon","coordinates":[[[36.937235596042605,-1.3499660913806266],[36.93725339294327,-1.3500463606587478],[36.9373426234215,-1.3500240858946748],[36.93730694764592,-1.349867996462798],[36.937235596042605,-1.3498858036137669],[36.937257903677775,-1.3499616048847074],[36.937235596042605,-1.3499660913806266]]]},"id":"001800000000000227c6","properties":{"FID":513562}},{"type":"Feature","geometry":{"type":"Polygon","coordinates":[[[36.94590406080849,-1.3463497387446297],[36.94595760918266,-1.34645230278649],[36.94610472350362,-1.3463764879238274],[36.94605125724058,-1.3462739820888],[36.94590406080849,-1.3463497387446297]]]},"id":"00180000000000021137","properties":{"FID":513818}},{"type":"Feature","geometry":{"type":"Polygon","coordinates":[[[36.947571750357014,-1.3475804735111092],[36.94759405484239,-1.347616124347274],[36.94761193122649,-1.3476027655377778],[36.94768327271589,-1.3477142640181907],[36.94776355230874,-1.34766073278034],[36.947669906442144,-1.347518030159605],[36.947571750357014,-1.3475804735111092]]]},"id":"0018000000000002248c","properties":{"FID":514074}},{"type":"Feature","geometry":{"type":"Polygon","coordinates":[[[36.93722222786091,-1.354184370400048],[36.93724453550017,-1.3542423887493802],[36.937306947645915,-1.3542200491855991],[36.93728021130615,-1.3541576617774949],[36.93722222786091,-1.354184370400048]]]},"id":"00180000000000009427","properties":{"FID":514842}},{"type":"Feature","geometry":{"type":"Polygon","coordinates":[[[36.9502829255391,-1.3535378157497258],[36.95035426442413,-1.3536493244107415],[36.950389933840555,-1.3536269893946284],[36.95046127262124,-1.3537295447985822],[36.95035869235264,-1.3537964715640345],[36.95041666539181,-1.3538811802477737],[36.950581646406086,-1.35376968247332],[36.95038550591394,-1.3534709490593886],[36.9502829255391,-1.3535378157497258]]]},"id":"0018000000000002d146","properties":{"FID":515610}},{"type":"Feature","geometry":{"type":"Polygon","coordinates":[[[36.93466713806864,-1.3479817750637764],[36.93476522944232,-1.348128931344011],[36.93477859807254,-1.3481200378256044],[36.934841012319986,-1.3482136883577696],[36.934836583452665,-1.3482180952494862],[36.93487226043177,-1.348271660513095],[36.934881200177834,-1.3482627266731122],[36.93494804319869,-1.3483652526873533],[36.93494361433783,-1.3483697188971784],[36.93498372012349,-1.3484277124076867],[36.93499265985594,-1.348423225705215],[36.93505507392096,-1.3485168765701068],[36.93505507392096,-1.348521323763384],[36.93516210448682,-1.348672947917516],[36.935157675638926,-1.3486729669654374],[36.93519335246161,-1.348726473218567],[36.93527356373741,-1.348672933026959],[36.93476522944232,-1.347914875443806],[36.93466713806864,-1.3479817750637764]]]},"id":"0018000000000000899a","properties":{"FID":512283}},{"type":"Feature","geometry":{"type":"Polygon","coordinates":[[[36.93445758624076,-1.3534486270014776],[36.93452894055085,-1.3535110538258992],[36.934595783893194,-1.353439709541755],[36.93452442964824,-1.3533728349837526],[36.93445758624076,-1.3534486270014776]]]},"id":"0018000000000000e594","properties":{"FID":513307}},{"type":"Feature","geometry":{"type":"Polygon","coordinates":[[[36.943991136295566,-1.3499125666126583],[36.944022298496456,-1.3499526887718774],[36.944075848247515,-1.3499081016635004],[36.94404911437975,-1.349872466586859],[36.943991136295566,-1.3499125666126583]]]},"id":"0018000000000001ac18","properties":{"FID":513563}},{"type":"Feature","geometry":{"type":"Polygon","coordinates":[[[36.93723108530672,-1.346309652055389],[36.93729357947725,-1.346394341734573],[36.937382727893294,-1.3463274885282144],[36.93732031581213,-1.3462471850925015],[36.93723108530672,-1.346309652055389]]]},"id":"00180000000000020a35","properties":{"FID":513819}},{"type":"Feature","geometry":{"type":"Polygon","coordinates":[[[36.94725965085216,-1.34758937164418],[36.947348787131354,-1.3476964059447263],[36.94743800530393,-1.3476250495137494],[36.947348787131354,-1.3475180169320493],[36.94725965085216,-1.34758937164418]]]},"id":"00180000000000020c86","properties":{"FID":514075}},{"type":"Feature","geometry":{"type":"Polygon","coordinates":[[[36.93700817259474,-1.3542200783908145],[36.93710183210238,-1.3543315674318912],[36.937217717124206,-1.3542334357740091],[36.93715981564295,-1.3541576653819354],[36.9371241397783,-1.3541888407348968],[36.93709289262739,-1.3541531609105277],[36.93700817259474,-1.3542200783908145]]]},"id":"001800000000000236bc","properties":{"FID":514843}},{"type":"Feature","geometry":{"type":"Polygon","coordinates":[[[36.94778134664987,-1.3535467321972516],[36.94784825989393,-1.3536270152645395],[36.94794190553227,-1.353555680135009],[36.94787499237384,-1.3534709501532325],[36.94778134664987,-1.3535467321972516]]]},"id":"0018000000000001af06","properties":{"FID":515611}},{"type":"Feature","geometry":{"type":"Polygon","coordinates":[[[36.93506844249828,-1.3478703209650593],[36.93511305908219,-1.3479505881967817],[36.93520672101367,-1.3479014964410259],[36.93516210448682,-1.3478167822983025],[36.93506844249828,-1.3478703209650593]]]},"id":"0018000000000001e28a","properties":{"FID":512284}},{"type":"Feature","geometry":{"type":"Polygon","coordinates":[[[36.936597939259244,-1.3499170181843052],[36.93666478071313,-1.350006203593509],[36.93674950114309,-1.349943805172851],[36.936678231010596,-1.3498546390910753],[36.936597939259244,-1.3499170181843052]]]},"id":"0018000000000001a363","properties":{"FID":513564}},{"type":"Feature","geometry":{"type":"Polygon","coordinates":[[[36.94642133810422,-1.346247169616059],[36.94643027644007,-1.3462917707718993],[36.9464971089166,-1.3462784370266652],[36.94648374242618,-1.3462293493249637],[36.94642133810422,-1.346247169616059]]]},"id":"0018000000000000a164","properties":{"FID":513820}},{"type":"Feature","geometry":{"type":"Polygon","coordinates":[[[36.944994388489874,-1.3541977483359053],[36.945038999024995,-1.3542602270470392],[36.94514601499562,-1.3541843805147895],[36.945101404525744,-1.3541219612851194],[36.944994388489874,-1.3541977483359053]]]},"id":"0018000000000001c068","properties":{"FID":514844}},{"type":"Feature","geometry":{"type":"Polygon","coordinates":[[[36.935599082829235,-1.3478346130824077],[36.935648127908365,-1.3478926252932089],[36.935683804492115,-1.3478658457472048],[36.93563475943687,-1.3478034458188668],[36.935599082829235,-1.3478346130824077]]]},"id":"001800000000000148ff","properties":{"FID":512285}},{"type":"Feature","geometry":{"type":"Polygon","coordinates":[[[36.94196671289204,-1.3498858075665763],[36.942006814830904,-1.3499482445732451],[36.942051427186975,-1.3499170370795008],[36.94201124326453,-1.3498546016026447],[36.94196671289204,-1.3498858075665763]]]},"id":"00180000000000021d45","properties":{"FID":513565}},{"type":"Feature","geometry":{"type":"Polygon","coordinates":[[[36.93932247869658,-1.3462873025494475],[36.93937594987486,-1.3463675839628766],[36.93948297412514,-1.3462917605667966],[36.93942942101409,-1.3462115401293442],[36.93932247869658,-1.3462873025494475]]]},"id":"00180000000000013fdd","properties":{"FID":513821}},{"type":"Feature","geometry":{"type":"Polygon","coordinates":[[[36.937364931024064,-1.3541799378242796],[36.937413974920524,-1.354295895689174],[36.937494183763995,-1.354260193044024],[36.93749869448367,-1.3542735749378219],[36.93755216699389,-1.3542468277840554],[36.93749869448367,-1.3541219940490954],[36.937364931024064,-1.3541799378242796]]]},"id":"001800000000000236c3","properties":{"FID":514845}},{"type":"Feature","geometry":{"type":"Polygon","coordinates":[[[36.95335076275698,-1.3534843277619846],[36.95341316116856,-1.3535556727625924],[36.95344891108866,-1.3535244435537106],[36.9533864307123,-1.353453100083882],[36.95335076275698,-1.3534843277619846]]]},"id":"0018000000000001b89d","properties":{"FID":515613}},{"type":"Feature","geometry":{"type":"Polygon","coordinates":[[[36.934555677895105,-1.3478301710690337],[36.93465376941807,-1.347968432807127],[36.93469838625462,-1.347932719118482],[36.93471175489704,-1.3479505677926442],[36.934751860809655,-1.3479193810383066],[36.93464040076507,-1.3477632709874139],[36.934555677895105,-1.3478301710690337]]]},"id":"00180000000000023f1c","properties":{"FID":512286}},{"type":"Feature","geometry":{"type":"Polygon","coordinates":[[[36.94053532991472,-1.3499125796512579],[36.940562065065826,-1.349966063974903],[36.940548697491494,-1.349975016979889],[36.94055763654454,-1.349997331227923],[36.940704761719495,-1.3499348977392733],[36.94066908758216,-1.3498501460017227],[36.94053532991472,-1.3499125796512579]]]},"id":"0018000000000001aa9c","properties":{"FID":513566}},{"type":"Feature","geometry":{"type":"Polygon","coordinates":[[[36.938800722603595,-1.3462026031182446],[36.93885870479881,-1.346291817231687],[36.938889869184635,-1.3462695077267541],[36.93891217631582,-1.3462962682036652],[36.938965729805204,-1.3462561323172293],[36.938889869184635,-1.3461401983559205],[36.938800722603595,-1.3462026031182446]]]},"id":"0018000000000001dd78","properties":{"FID":513822}},{"type":"Feature","geometry":{"type":"Polygon","coordinates":[[[36.94878913890741,-1.3474823511320861],[36.94887384530528,-1.3475894020918666],[36.94894518556429,-1.3475358521227114],[36.94886490726792,-1.3474243953672613],[36.94878913890741,-1.3474823511320861]]]},"id":"00180000000000027d4a","properties":{"FID":514078}},{"type":"Feature","geometry":{"type":"Polygon","coordinates":[[[36.94526196928831,-1.3541620995628731],[36.94536004646743,-1.3543271033510436],[36.945435900382876,-1.35428252702047],[36.94533774130113,-1.354117525011863],[36.94526196928831,-1.3541620995628731]]]},"id":"001800000000000208a4","properties":{"FID":514846}},{"type":"Feature","geometry":{"type":"Polygon","coordinates":[[[36.95354697729352,-1.3534932339072099],[36.9535915826141,-1.3535913385572163],[36.95369858607555,-1.3535423013988397],[36.95365398082023,-1.3534441969973647],[36.95354697729352,-1.3534932339072099]]]},"id":"00180000000000019ddf","properties":{"FID":515614}},{"type":"Feature","geometry":{"type":"Polygon","coordinates":[[[36.935902292432765,-1.3477187287031325],[36.935929029275634,-1.347785613963265],[36.93596921653643,-1.3477677675705908],[36.93594247970823,-1.3477053294112327],[36.935902292432765,-1.3477187287031325]]]},"id":"0018000000000001019d","properties":{"FID":512287}},{"type":"Feature","geometry":{"type":"Polygon","coordinates":[[[36.94329998807183,-1.349859052741403],[36.943326722213214,-1.349890300540284],[36.94337576211589,-1.3498501806757432],[36.94334902799242,-1.3498189329201862],[36.94329998807183,-1.349859052741403]]]},"id":"00180000000000016d7c","properties":{"FID":513567}},{"type":"Feature","geometry":{"type":"Polygon","coordinates":[[[36.938760618908454,-1.346162461145953],[36.93878735470766,-1.3461892026971585],[36.93884533691347,-1.3461312613500418],[36.938818601135445,-1.3461045198452124],[36.938760618908454,-1.346162461145953]]]},"id":"0018000000000000e68b","properties":{"FID":513823}},{"type":"Feature","geometry":{"type":"Polygon","coordinates":[[[36.94224316159894,-1.3541977676637003],[36.942359120490615,-1.354376158816789],[36.94251518085893,-1.354273583186782],[36.94240365062437,-1.3540952327100564],[36.94224316159894,-1.3541977676637003]]]},"id":"0018000000000002ade5","properties":{"FID":514847}},{"type":"Feature","geometry":{"type":"Polygon","coordinates":[[[36.95236533636854,-1.3534442015257047],[36.95237419198181,-1.3534709625886008],[36.95241437021379,-1.3534575604945092],[36.952405432609,-1.3534308009108844],[36.95236533636854,-1.3534442015257047]]]},"id":"0018000000000000ac14","properties":{"FID":515615}},{"type":"Feature","geometry":{"type":"Polygon","coordinates":[[[36.93545637622484,-1.347736513462864],[36.93550099257242,-1.3478390747381617],[36.935603511650434,-1.3477945111490812],[36.93555897738057,-1.3476919486680716],[36.93545637622484,-1.347736513462864]]]},"id":"0018000000000001a876","properties":{"FID":512288}},{"type":"Feature","geometry":{"type":"Polygon","coordinates":[[[36.94410709241801,-1.349823413659318],[36.94412045934252,-1.349868001260389],[36.94417843732427,-1.3498501356520172],[36.944160560101416,-1.3498055686910642],[36.94410709241801,-1.349823413659318]]]},"id":"0018000000000000902b","properties":{"FID":513568}},{"type":"Feature","geometry":{"type":"Polygon","coordinates":[[[36.939523077424596,-1.3461491154346985],[36.93958105904776,-1.3462427159643857],[36.93967914383898,-1.3461847782857934],[36.9396211622935,-1.3460911187035371],[36.939523077424596,-1.3461491154346985]]]},"id":"0018000000000001691d","properties":{"FID":513824}},{"type":"Feature","geometry":{"type":"Polygon","coordinates":[[[36.94777691856539,-1.3474422100236887],[36.94781701732068,-1.3475314357412767],[36.94792853930576,-1.3474823918097723],[36.947883930532115,-1.347393186781526],[36.94777691856539,-1.3474422100236887]]]},"id":"0018000000000001477d","properties":{"FID":514080}},{"type":"Feature","geometry":{"type":"Polygon","coordinates":[[[36.9449096776011,-1.3541085863386104],[36.94491861612159,-1.354157645112866],[36.944963226702896,-1.3541487286200093],[36.944949859932315,-1.3540996892636408],[36.9449096776011,-1.3541085863386104]]]},"id":"00180000000000017dd3","properties":{"FID":514848}},{"type":"Feature","geometry":{"type":"Polygon","coordinates":[[[36.947906234922335,-1.3534664818034812],[36.947955271756335,-1.3535645741629],[36.94806228346223,-1.3535155339758815],[36.94801324669995,-1.3534174418625076],[36.947906234922335,-1.3534664818034812]]]},"id":"001800000000000174e4","properties":{"FID":515616}},{"type":"Feature","geometry":{"type":"Polygon","coordinates":[[[36.93517990189141,-1.3476161711103336],[36.935215578703264,-1.3476919708362853],[36.93531818019636,-1.3476384526144491],[36.93526913489625,-1.3475448046798255],[36.9352111498586,-1.3475715632016703],[36.93522451840742,-1.3475938586912968],[36.93517990189141,-1.3476161711103336]]]},"id":"0018000000000001e972","properties":{"FID":512289}},{"type":"Feature","geometry":{"type":"Polygon","coordinates":[[[36.94041936813401,-1.3498278857434025],[36.94045947092054,-1.3499259597958482],[36.940548697491494,-1.349890285476242],[36.940504084219604,-1.3497921729032494],[36.94041936813401,-1.3498278857434025]]]},"id":"00180000000000023269","properties":{"FID":513569}},{"type":"Feature","geometry":{"type":"Polygon","coordinates":[[[36.945409085007704,-1.346108955654522],[36.9454447568349,-1.3462248780805297],[36.94554291577311,-1.3461936800179801],[36.94550724399375,-1.3460777578294032],[36.945409085007704,-1.346108955654522]]]},"id":"0018000000000001c0ab","properties":{"FID":513825}},{"type":"Feature","geometry":{"type":"Polygon","coordinates":[[[36.940508594753844,-1.3541442571722155],[36.94059331073619,-1.3542869738746588],[36.940664659067345,-1.3542468043417757],[36.94064235247013,-1.354211145236518],[36.940655720027365,-1.354202249719317],[36.94059331073619,-1.3540951924185363],[36.940508594753844,-1.3541442571722155]]]},"id":"0018000000000000b268","properties":{"FID":514849}},{"type":"Feature","geometry":{"type":"Polygon","coordinates":[[[36.935509932241736,-1.3475671122961494],[36.93555897738058,-1.3476429124845184],[36.93555897738057,-1.3476473595357452],[36.9356258197828,-1.347754389672401],[36.93579083413909,-1.3476517994702388],[36.935719481058484,-1.3475358961763426],[36.935616962142824,-1.3475983064931811],[36.9355723458659,-1.347531440813215],[36.935509932241736,-1.3475671122961494]]]},"id":"00180000000000025166","properties":{"FID":512290}},{"type":"Feature","geometry":{"type":"Polygon","coordinates":[[[36.934145430820976,-1.3533594580380817],[36.93417659721273,-1.353404035938918],[36.93422121433998,-1.3533728204877107],[36.9341900479672,-1.353328242641274],[36.934145430820976,-1.3533594580380817]]]},"id":"00180000000000015783","properties":{"FID":513314}},{"type":"Feature","geometry":{"type":"Polygon","coordinates":[[[36.93732925525935,-1.3498992065506399],[36.93735599158121,-1.3499749886301133],[36.93744965064396,-1.349943800399339],[36.93739609604569,-1.349796626040439],[36.937333683975915,-1.3498144526830627],[36.93736042029615,-1.349885846652714],[36.93732925525935,-1.3498992065506399]]]},"id":"0018000000000000cec1","properties":{"FID":513570}},{"type":"Feature","geometry":{"type":"Polygon","coordinates":[[[36.93748081562952,-1.3461178851559934],[36.93752543074366,-1.3461936999946311],[36.93757004583061,-1.3461669431515335],[36.9375834139488,-1.346189237278463],[36.93768593011145,-1.3461268327756395],[36.93762794698748,-1.3460287241624276],[36.93748081562952,-1.3461178851559934]]]},"id":"0018000000000001f5b6","properties":{"FID":513826}},{"type":"Feature","geometry":{"type":"Polygon","coordinates":[[[36.94888721135911,-1.3473887272155232],[36.94895855160508,-1.3474868252141745],[36.94905219582238,-1.3474110055363218],[36.948967489630995,-1.3472995682232805],[36.948918453475386,-1.3473352345984337],[36.94893181952106,-1.3473575260113784],[36.94888721135911,-1.3473887272155232]]]},"id":"0018000000000001a5b5","properties":{"FID":514082}},{"type":"Feature","geometry":{"type":"Polygon","coordinates":[[[36.94199344752039,-1.3541487150882456],[36.9420246925798,-1.3541888401539406],[36.94210940680764,-1.3541219860280063],[36.94207816178439,-1.3540818610590075],[36.94199344752039,-1.3541487150882456]]]},"id":"00180000000000016641","properties":{"FID":514850}},{"type":"Feature","geometry":{"type":"Polygon","coordinates":[[[36.953163485207355,-1.3534664877182208],[36.95320366300578,-1.3535601060350162],[36.95332403227793,-1.3535066216653202],[36.95327942679418,-1.3534129636829089],[36.953163485207355,-1.3534664877182208]]]},"id":"00180000000000027c6e","properties":{"FID":515618}},{"type":"Feature","geometry":{"type":"Polygon","coordinates":[[[36.93587112677539,-1.3474556006233362],[36.93600932176041,-1.347602755605374],[36.936036058564206,-1.3475760159570755],[36.93601826136768,-1.3475537396977122],[36.93605393777111,-1.3475225136784474],[36.93596470572254,-1.3474244186176887],[36.93594247970823,-1.3474466906842408],[36.93591566085543,-1.3474155020138465],[36.93587112677539,-1.3474556006233362]]]},"id":"00180000000000027707","properties":{"FID":512291}},{"type":"Feature","geometry":{"type":"Polygon","coordinates":[[[36.943799406462375,-1.350117673738921],[36.943852874370556,-1.350206910038371],[36.94436565586824,-1.3498813866963801],[36.94429882144519,-1.3497788106630493],[36.94412045934252,-1.3498902948661906],[36.9441338262646,-1.3499081420383898],[36.943799406462375,-1.350117673738921]]]},"id":"0018000000000002d58c","properties":{"FID":513571}},{"type":"Feature","geometry":{"type":"Polygon","coordinates":[[[36.9396211622935,-1.3460465339424248],[36.93968365442404,-1.3461714180307105],[36.939768371361,-1.3461312660048346],[36.939705961313365,-1.3460063807202707],[36.9396211622935,-1.3460465339424248]]]},"id":"0018000000000001ccb9","properties":{"FID":513827}},{"type":"Feature","geometry":{"type":"Polygon","coordinates":[[[36.947469248039,-1.3473931673956],[36.94752722336771,-1.3475002184290332],[36.94770106707656,-1.3474065576158247],[36.947643091885595,-1.3472995663328033],[36.947469248039,-1.3473931673956]]]},"id":"00180000000000027525","properties":{"FID":514083}},{"type":"Feature","geometry":{"type":"Polygon","coordinates":[[[36.945110343022804,-1.3540684341943132],[36.94514158675167,-1.3541532090498913],[36.94519956392449,-1.3541308909072445],[36.94516832022038,-1.3540461754592603],[36.945110343022804,-1.3540684341943132]]]},"id":"00180000000000016b36","properties":{"FID":514851}},{"type":"Feature","geometry":{"type":"Polygon","coordinates":[[[36.948231697842886,-1.3534486645747654],[36.948303038728014,-1.3535735173235455],[36.948374379543594,-1.3535333528251343],[36.948303038728014,-1.353408500302455],[36.948231697842886,-1.3534486645747654]]]},"id":"00180000000000010866","properties":{"FID":515619}},{"type":"Feature","geometry":{"type":"Polygon","coordinates":[[[36.93534934608906,-1.3473307593565682],[36.93543857888744,-1.3474645498920594],[36.9355322404026,-1.3474021185246257],[36.935505421399554,-1.347357529365499],[36.93563033061756,-1.3472772325116997],[36.9355723458659,-1.347188072092547],[36.93534934608906,-1.3473307593565682]]]},"id":"0018000000000002a8a7","properties":{"FID":512292}},{"type":"Feature","geometry":{"type":"Polygon","coordinates":[[[36.94291201389635,-1.3498545989920119],[36.94296556445973,-1.3499393281271745],[36.94307258346212,-1.3498680013842885],[36.94301460460438,-1.3497832916260688],[36.942974421210685,-1.3498100325205624],[36.942974421210685,-1.3498144794388793],[36.94291201389635,-1.3498545989920119]]]},"id":"00180000000000019ad3","properties":{"FID":513572}},{"type":"Feature","geometry":{"type":"Polygon","coordinates":[[[36.946171638280845,-1.3460197821542332],[36.94622510445593,-1.3461045022196185],[36.946336628867186,-1.3460376172286133],[36.94628308077035,-1.3459528988551774],[36.946171638280845,-1.3460197821542332]]]},"id":"00180000000000020aad","properties":{"FID":513828}},{"type":"Feature","geometry":{"type":"Polygon","coordinates":[[[36.93731137636384,-1.3540862992786018],[36.93735148085275,-1.3541397907226231],[36.93740503548365,-1.3540996988941818],[36.937364931024064,-1.354046148226328],[36.93731137636384,-1.3540862992786018]]]},"id":"0018000000000001ceb6","properties":{"FID":514852}},{"type":"Feature","geometry":{"type":"Polygon","coordinates":[[[36.93530924050364,-1.347174696030796],[36.93533154872564,-1.3472103522327639],[36.935344917252486,-1.347201459166914],[36.93539396250184,-1.3472683056142731],[36.935469744728906,-1.3472103412735834],[36.93539839133545,-1.347107779567166],[36.93530924050364,-1.347174696030796]]]},"id":"0018000000000001e2af","properties":{"FID":512293}},{"type":"Feature","geometry":{"type":"Polygon","coordinates":[[[36.93670939632448,-1.3498412198342773],[36.93678968795361,-1.3499438051433046],[36.936869897480925,-1.3498813682702706],[36.93678968795361,-1.3497787817412639],[36.93670939632448,-1.3498412198342773]]]},"id":"0018000000000001aed5","properties":{"FID":513573}},{"type":"Feature","geometry":{"type":"Polygon","coordinates":[[[36.938136343423004,-1.345961822087809],[36.93817201879448,-1.3460688614581746],[36.93830578077968,-1.3460242263907456],[36.93826559480122,-1.345917207672069],[36.938136343423004,-1.345961822087809]]]},"id":"0018000000000001d38d","properties":{"FID":513829}},{"type":"Feature","geometry":{"type":"Polygon","coordinates":[[[36.948017674770135,-1.3473040299959511],[36.948089015863935,-1.3474065752585953],[36.94818266119415,-1.347339706966177],[36.94811132019164,-1.3472371026855123],[36.948017674770135,-1.3473040299959511]]]},"id":"0018000000000001bf73","properties":{"FID":514085}},{"type":"Feature","geometry":{"type":"Polygon","coordinates":[[[36.94076717091566,-1.3540684427307552],[36.94084745809503,-1.354188880747555],[36.940932173685226,-1.3541353684775546],[36.94085188659878,-1.3540104831438753],[36.94076717091566,-1.3540684427307552]]]},"id":"0018000000000002184f","properties":{"FID":514853}},{"type":"Feature","geometry":{"type":"Polygon","coordinates":[[[36.93589335281135,-1.3465504019441832],[36.93594690850867,-1.3466574266176126],[36.93616096687712,-1.3465459717527621],[36.936107411336344,-1.3464389476491785],[36.93589335281135,-1.3465504019441832]]]},"id":"0018000000000002a0fb","properties":{"FID":512294}},{"type":"Feature","geometry":{"type":"Polygon","coordinates":[[[36.94304576722104,-1.3500909416977114],[36.94309931768655,-1.350171224154477],[36.94359873744636,-1.349850144990109],[36.94354518734622,-1.3497698635933644],[36.94304576722104,-1.3500909416977114]]]},"id":"0018000000000002d4bf","properties":{"FID":513574}},{"type":"Feature","geometry":{"type":"Polygon","coordinates":[[[36.93884533691347,-1.3459439681220968],[36.93889437981833,-1.346033161673426],[36.93899689414546,-1.3459707586037317],[36.93898352628535,-1.3459439590645528],[36.939010344014534,-1.3459306199674255],[36.93897909766857,-1.3458681480501422],[36.93884533691347,-1.3459439681220968]]]},"id":"0018000000000001e74a","properties":{"FID":513830}},{"type":"Feature","geometry":{"type":"Polygon","coordinates":[[[36.94812468638476,-1.3472505016905796],[36.94821390361127,-1.3473396881448052],[36.948303038728014,-1.3472549368924842],[36.94821390361127,-1.3471657492199283],[36.94812468638476,-1.3472505016905796]]]},"id":"00180000000000028587","properties":{"FID":514086}},{"type":"Feature","geometry":{"type":"Polygon","coordinates":[[[36.93755659569696,-1.3540372287621543],[36.93768593011145,-1.3542289732904698],[36.93772160570238,-1.3542066936590176],[36.937592271350915,-1.354014949308499],[36.93755659569696,-1.3540372287621543]]]},"id":"001800000000000236ce","properties":{"FID":514854}},{"type":"Feature","geometry":{"type":"Polygon","coordinates":[[[36.94888278334154,-1.353435262760881],[36.94895855160508,-1.3535556479909268],[36.949061133836864,-1.353493227269068],[36.94898085566771,-1.353372863163745],[36.94888278334154,-1.353435262760881]]]},"id":"00180000000000014055","properties":{"FID":515622}},{"type":"Feature","geometry":{"type":"Polygon","coordinates":[[[36.93637051383095,-1.349845678264713],[36.93641512962158,-1.3499393488800282],[36.936513218653936,-1.34989474011627],[36.936446295047446,-1.34975207023226],[36.93639282172967,-1.349774363893814],[36.93641512962158,-1.3498234227348442],[36.93637051383095,-1.349845678264713]]]},"id":"001800000000000204c3","properties":{"FID":513575}},{"type":"Feature","geometry":{"type":"Polygon","coordinates":[[[36.937886615335934,-1.345810181992127],[36.93790892277278,-1.3458458952484507],[36.93794902693441,-1.3458191000449224],[36.9379267195098,-1.3457834461167146],[36.937886615335934,-1.345810181992127]]]},"id":"00180000000000009ef7","properties":{"FID":513831}},{"type":"Feature","geometry":{"type":"Polygon","coordinates":[[[36.94876683478633,-1.3472103372144222],[36.94886490726792,-1.3473218347216849],[36.94894961357808,-1.3472460549753924],[36.948851541210026,-1.3471345577461975],[36.94876683478633,-1.3472103372144222]]]},"id":"001800000000000223af","properties":{"FID":514087}},{"type":"Feature","geometry":{"type":"Polygon","coordinates":[[[36.9438662413415,-1.3540372275895263],[36.94389305728197,-1.3540773709597207],[36.94395546375985,-1.3540416909980988],[36.94393315816546,-1.3539971387522658],[36.9438662413415,-1.3540372275895263]]]},"id":"001800000000000107d5","properties":{"FID":514855}},{"type":"Feature","geometry":{"type":"Polygon","coordinates":[[[36.95225833095666,-1.3534530986850288],[36.95230285506659,-1.3535155126993967],[36.95235639875775,-1.3534798759400097],[36.9523385235329,-1.3534530972076055],[36.952409942409716,-1.3534084865048175],[36.95238312959043,-1.3533684074344297],[36.95225833095666,-1.3534530986850288]]]},"id":"00180000000000018d00","properties":{"FID":515623}},{"type":"Feature","geometry":{"type":"Polygon","coordinates":[[[36.935344917252486,-1.3532836661676009],[36.93537616514927,-1.3533371967554748],[36.93543857888744,-1.3533015146559164],[36.935407331017295,-1.3532479841532066],[36.935344917252486,-1.3532836661676009]]]},"id":"0018000000000001a5b8","properties":{"FID":513320}},{"type":"Feature","geometry":{"type":"Polygon","coordinates":[[[36.93766813331591,-1.3498144605738558],[36.93771717700928,-1.3499036632059729],[36.93781969298465,-1.3498501416380215],[36.937775160062586,-1.3497609779591242],[36.93766813331591,-1.3498144605738558]]]},"id":"00180000000000015299","properties":{"FID":513576}},{"type":"Feature","geometry":{"type":"Polygon","coordinates":[[[36.94129334147135,-1.345832505804847],[36.94135132169246,-1.3459395023455059],[36.9414405471764,-1.3458949440317407],[36.94138256702596,-1.3457878884352246],[36.94129334147135,-1.345832505804847]]]},"id":"00180000000000026769","properties":{"FID":513832}},{"type":"Feature","geometry":{"type":"Polygon","coordinates":[[[36.9476787626238,-1.3472460540774231],[36.9477367377865,-1.3473485988513971],[36.94792402922877,-1.3472460457796442],[36.947866054214465,-1.3471435014875373],[36.9476787626238,-1.3472460540774231]]]},"id":"0018000000000002877f","properties":{"FID":514088}},{"type":"Feature","geometry":{"type":"Polygon","coordinates":[[[36.942091529079434,-1.354072906445697],[36.94218518208422,-1.3542022371802325],[36.94232787557394,-1.3540996624783268],[36.94222979433158,-1.3539703516160726],[36.942091529079434,-1.354072906445697]]]},"id":"00180000000000029bdd","properties":{"FID":514856}},{"type":"Feature","geometry":{"type":"Polygon","coordinates":[[[36.949235055901184,-1.3534397382984744],[36.94929745782348,-1.3535333816308937],[36.94940446756634,-1.353457541473652],[36.94934206573531,-1.3533638984199654],[36.949235055901184,-1.3534397382984744]]]},"id":"0018000000000001d9de","properties":{"FID":515624}},{"type":"Feature","geometry":{"type":"Polygon","coordinates":[[[36.943407006585254,-1.349774326590435],[36.94343374068755,-1.3498100211884205],[36.94348720886284,-1.3497788354489955],[36.94346047478008,-1.349738694016228],[36.943407006585254,-1.349774326590435]]]},"id":"00180000000000012771","properties":{"FID":513577}},{"type":"Feature","geometry":{"type":"Polygon","coordinates":[[[36.9399734794345,-1.3457834783669924],[36.94001358246527,-1.3458636978336385],[36.94004482836973,-1.3458503400494999],[36.94005819603607,-1.345881526445691],[36.94012511634129,-1.3458547919761048],[36.940075992250655,-1.345738863050465],[36.9399734794345,-1.3457834783669924]]]},"id":"0018000000000001c538","properties":{"FID":513833}},{"type":"Feature","geometry":{"type":"Polygon","coordinates":[[[36.9482362079009,-1.3471211885802554],[36.9482986106751,-1.3472549558936893],[36.94839225573706,-1.3472103788979672],[36.948329853042715,-1.3470766118856081],[36.9482362079009,-1.3471211885802554]]]},"id":"001800000000000171a8","properties":{"FID":514089}},{"type":"Feature","geometry":{"type":"Polygon","coordinates":[[[36.945177258709265,-1.3540372405591532],[36.945212930649475,-1.3540996998347208],[36.94531543612801,-1.3540372761691095],[36.94527976423776,-1.353974817062568],[36.945177258709265,-1.3540372405591532]]]},"id":"00180000000000024551","properties":{"FID":514857}},{"type":"Feature","geometry":{"type":"Polygon","coordinates":[[[36.95340873342495,-1.3534441660303294],[36.95345333882983,-1.35351108374413],[36.953587072886236,-1.3534219064645667],[36.953538039827116,-1.3533550083499222],[36.95340873342495,-1.3534441660303294]]]},"id":"0018000000000001b89e","properties":{"FID":515625}},{"type":"Feature","geometry":{"type":"Polygon","coordinates":[[[36.93914853307497,-1.3498590464561973],[36.939215454211684,-1.349952733782368],[36.939380378467625,-1.3498367967557496],[36.939317968089256,-1.3497431485755123],[36.93914853307497,-1.3498590464561973]]]},"id":"0018000000000002866e","properties":{"FID":513578}},{"type":"Feature","geometry":{"type":"Polygon","coordinates":[[[36.93710183210237,-1.3457656358943544],[36.93711962903555,-1.3457968045166513],[36.937155304902404,-1.345770087308934],[36.93713299723598,-1.345743326480394],[36.93710183210237,-1.3457656358943544]]]},"id":"001800000000000152c4","properties":{"FID":513834}},{"type":"Feature","geometry":{"type":"Polygon","coordinates":[[[36.93673613287266,-1.3540238688413535],[36.93678968795361,-1.3541130601303009],[36.93690114472698,-1.3540416945577478],[36.93684767174136,-1.353957009184208],[36.93673613287266,-1.3540238688413535]]]},"id":"001800000000000255fa","properties":{"FID":514858}},{"type":"Feature","geometry":{"type":"Polygon","coordinates":[[[36.948004308557465,-1.3534129756133868],[36.94808458779807,-1.353511046477342],[36.94816929501161,-1.3534397520801136],[36.94809352593075,-1.3533416013633544],[36.948004308557465,-1.3534129756133868]]]},"id":"00180000000000025419","properties":{"FID":515626}},{"type":"Feature","geometry":{"type":"Polygon","coordinates":[[[36.93436392335121,-1.3532702994996126],[36.934430766844166,-1.353359493446389],[36.93447538381657,-1.3533282781536626],[36.93444864644299,-1.3532881290377479],[36.934462015131,-1.3532791739699477],[36.93442190905966,-1.3532256814212331],[36.93436392335121,-1.3532702994996126]]]},"id":"00180000000000019cc3","properties":{"FID":513323}},{"type":"Feature","geometry":{"type":"Polygon","coordinates":[[[36.94367008284814,-1.34988582024199],[36.94373248951614,-1.3499660634180253],[36.94384844604835,-1.3498813568533468],[36.9438662413415,-1.349908137999142],[36.94391528088269,-1.3498724652318428],[36.94389305728197,-1.3498412563881843],[36.94393315816546,-1.349805564171815],[36.94387517998942,-1.3497297491851161],[36.94367008284814,-1.34988582024199]]]},"id":"0018000000000002ab63","properties":{"FID":513579}},{"type":"Feature","geometry":{"type":"Polygon","coordinates":[[[36.94011166667702,-1.3457700705455649],[36.94016521928901,-1.3458369498553084],[36.94021868985178,-1.3457923703087202],[36.940169647834026,-1.3457299173040116],[36.94011166667702,-1.3457700705455649]]]},"id":"0018000000000001d7a4","properties":{"FID":513835}},{"type":"Feature","geometry":{"type":"Polygon","coordinates":[[[36.953885862255085,-1.3471970141902456],[36.953948260210154,-1.3472772424384882],[36.95410880555814,-1.347143455253829],[36.95403304262884,-1.347054275408566],[36.9539884375775,-1.3470899795280944],[36.95399737498885,-1.3471033371870622],[36.953885862255085,-1.3471970141902456]]]},"id":"0018000000000002617d","properties":{"FID":514091}},{"type":"Feature","geometry":{"type":"Polygon","coordinates":[[[36.94093217368523,-1.3540327774249035],[36.94095448019414,-1.3540862859084968],[36.940981215192174,-1.3540773902206138],[36.94102131767091,-1.3541576239441282],[36.941088237095734,-1.3541308763039206],[36.941065930627595,-1.3540773678549667],[36.94111948254152,-1.3540550681861196],[36.94110160457154,-1.3540149425029275],[36.94105699163661,-1.3540328136617814],[36.94102131767091,-1.3539570084124897],[36.94097227619084,-1.353979287157337],[36.94098572569701,-1.354006030206053],[36.94093217368523,-1.3540327774249035]]]},"id":"00180000000000026112","properties":{"FID":514859}},{"type":"Feature","geometry":{"type":"Polygon","coordinates":[[[36.937413974920524,-1.3498234079340776],[36.937467447492594,-1.3499125917537012],[36.937561106412794,-1.3498546017259412],[36.93748081562952,-1.3497208278212443],[36.93744071121145,-1.3497475689074572],[36.9374674474926,-1.3497921607144103],[36.937413974920524,-1.3498234079340776]]]},"id":"00180000000000026625","properties":{"FID":513580}},{"type":"Feature","geometry":{"type":"Polygon","coordinates":[[[36.93748081562952,-1.3458102311000961],[36.937538798869994,-1.3458949400025584],[36.93772160570238,-1.3457656043863815],[36.93766813331591,-1.3456898282233445],[36.93758784264999,-1.3457433013888345],[36.93756553511534,-1.3457076473513543],[36.93751206261488,-1.3457433347417322],[36.937534370165835,-1.3457745421339606],[36.93748081562952,-1.3458102311000961]]]},"id":"00180000000000028a9e","properties":{"FID":513836}},{"type":"Feature","geometry":{"type":"Polygon","coordinates":[[[36.94790172484397,-1.3471211730050752],[36.94793739545611,-1.3471969594301054],[36.94804440718814,-1.3471434906720063],[36.94803997911957,-1.3471345578095302],[36.94812919644937,-1.3470899406907553],[36.948080077730715,-1.3469874183384276],[36.94792853930576,-1.3470631936906334],[36.947946333606765,-1.3471033699783457],[36.94790172484397,-1.3471211730050752]]]},"id":"001800000000000237d7","properties":{"FID":514092}},{"type":"Feature","geometry":{"type":"Polygon","coordinates":[[[36.9465239238931,-1.3539837258558516],[36.946604122755,-1.3541174979227473],[36.94671113643688,-1.3540551136653878],[36.946635365846106,-1.3539213225929874],[36.9465239238931,-1.3539837258558516]]]},"id":"001800000000000241d7","properties":{"FID":514860}},{"type":"Feature","geometry":{"type":"Polygon","coordinates":[[[36.948329853042715,-1.353399604262893],[36.94839225573706,-1.3534754009524252],[36.948494838762805,-1.3533906853944424],[36.94842792611004,-1.3533148504331447],[36.948329853042715,-1.353399604262893]]]},"id":"0018000000000001e79c","properties":{"FID":515628}},{"type":"Feature","geometry":{"type":"Polygon","coordinates":[[[36.94658181796787,-1.3498412453580089],[36.946621999380945,-1.3498858309203237],[36.94672458488852,-1.349787727722233],[36.94665324246443,-1.3497119150974972],[36.94658632812758,-1.3497787928735414],[36.94661748922343,-1.3498100201371543],[36.94658181796787,-1.3498412453580089]]]},"id":"0018000000000001e36e","properties":{"FID":513581}},{"type":"Feature","geometry":{"type":"Polygon","coordinates":[[[36.93950077047954,-1.3456808964584885],[36.939554323538395,-1.34573888302885],[36.93958999821895,-1.3457076607963132],[36.9395364451862,-1.3456452277168656],[36.93950077047954,-1.3456808964584885]]]},"id":"00180000000000012f37","properties":{"FID":513837}},{"type":"Feature","geometry":{"type":"Polygon","coordinates":[[[36.947241774381986,-1.3469651239050835],[36.94728638354711,-1.3470364842443379],[36.94738896812328,-1.3469740233704313],[36.94734435902069,-1.3469026632217218],[36.947241774381986,-1.3469651239050835]]]},"id":"0018000000000000cc5b","properties":{"FID":514093}},{"type":"Feature","geometry":{"type":"Polygon","coordinates":[[[36.946871697667575,-1.3539079330368669],[36.94689400236634,-1.3539658845151517],[36.94692524533369,-1.3539569686327828],[36.94690736878182,-1.3538989978184415],[36.946871697667575,-1.3539079330368669]]]},"id":"00180000000000013acf","properties":{"FID":514861}},{"type":"Feature","geometry":{"type":"Polygon","coordinates":[[[36.951834653585955,-1.3533773193909215],[36.951865894443564,-1.353462026201326],[36.9519149286236,-1.3534486446157246],[36.95190156312294,-1.3534129511569848],[36.9519774102569,-1.3533862270591126],[36.95195953493944,-1.3533282608297292],[36.951834653585955,-1.3533773193909215]]]},"id":"00180000000000023c61","properties":{"FID":515629}},{"type":"Feature","geometry":{"type":"Polygon","coordinates":[[[36.93681642447248,-1.3497743354862495],[36.936878836983134,-1.3498367966235951],[36.93691451296729,-1.3497966732976492],[36.936954617673564,-1.3498323121324718],[36.93699480437153,-1.349792168282748],[36.9368922052275,-1.34969406994959],[36.93681642447248,-1.3497743354862495]]]},"id":"00180000000000019269","properties":{"FID":513582}},{"type":"Feature","geometry":{"type":"Polygon","coordinates":[[[36.940981215192174,-1.3456541094937757],[36.94099909319154,-1.34571213184431],[36.9410391956605,-1.3456987365352187],[36.94102131767091,-1.345640773520644],[36.940981215192174,-1.3456541094937757]]]},"id":"0018000000000001888b","properties":{"FID":513838}},{"type":"Feature","geometry":{"type":"Polygon","coordinates":[[[36.948097953996076,-1.3469562156671462],[36.948164866950606,-1.3470498272595006],[36.948352157297,-1.3469205395563442],[36.94828967256747,-1.3468269094611796],[36.948097953996076,-1.3469562156671462]]]},"id":"0018000000000002879a","properties":{"FID":514094}},{"type":"Feature","geometry":{"type":"Polygon","coordinates":[[[36.945828289382035,-1.3539213107791634],[36.94585502259989,-1.3539793029759024],[36.945908571009966,-1.3539570046210807],[36.94588175580798,-1.3538945666640316],[36.945828289382035,-1.3539213107791634]]]},"id":"00180000000000014ca6","properties":{"FID":514862}},{"type":"Feature","geometry":{"type":"Polygon","coordinates":[[[36.94901652575375,-1.3533594814736065],[36.94908343786822,-1.3534932461716094],[36.94919044792411,-1.3534397004673764],[36.94911910790424,-1.353305955462849],[36.94901652575375,-1.3533594814736065]]]},"id":"001800000000000230b3","properties":{"FID":515630}},{"type":"Feature","geometry":{"type":"Polygon","coordinates":[[[36.94227440655177,-1.3497297547711729],[36.942327875573945,-1.3498367799086057],[36.94242595668487,-1.3497877274178014],[36.94237691614584,-1.3496806834136688],[36.94227440655177,-1.3497297547711729]]]},"id":"0018000000000001f7cd","properties":{"FID":513583}},{"type":"Feature","geometry":{"type":"Polygon","coordinates":[[[36.93707058494195,-1.3457210088244853],[36.93708846389626,-1.3457566819897973],[36.937217717124206,-1.3456853281534933],[36.93719540947679,-1.3456496739889954],[36.93707058494195,-1.3457210088244853]]]},"id":"00180000000000013773","properties":{"FID":513839}},{"type":"Feature","geometry":{"type":"Polygon","coordinates":[[[36.945391290089695,-1.3539079048667433],[36.94541359523967,-1.3539659167435623],[36.94548936709549,-1.3539391319687841],[36.9454670619686,-1.3538811794837944],[36.945391290089695,-1.3539079048667433]]]},"id":"00180000000000008ea0","properties":{"FID":514863}},{"type":"Feature","geometry":{"type":"Polygon","coordinates":[[[36.953306157289546,-1.353377329445786],[36.953364127992856,-1.3534575873329566],[36.95350688167882,-1.353350522107754],[36.95346670404696,-1.353297044243176],[36.953377493226284,-1.3533639077313286],[36.95335970024628,-1.3533416340498379],[36.953306157289546,-1.353377329445786]]]},"id":"00180000000000020fe2","properties":{"FID":515631}},{"type":"Feature","geometry":{"type":"Polygon","coordinates":[[[36.9364909107919,-1.3497743468669652],[36.93654438403805,-1.3498635316586411],[36.93663361538026,-1.3498100075403519],[36.93655783435762,-1.3496762708937466],[36.9365042791071,-1.3497030131452288],[36.936531015730175,-1.3497520527212525],[36.9364909107919,-1.3497743468669652]]]},"id":"0018000000000000cf23","properties":{"FID":513584}},{"type":"Feature","geometry":{"type":"Polygon","coordinates":[[[36.937391667332896,-1.3456808939878016],[36.93745407935325,-1.3457745365631175],[36.937641397108024,-1.3456496871840555],[36.93757004583061,-1.3455381790467094],[36.93751649132039,-1.345573867591494],[36.93752985944837,-1.3455917147726812],[36.937391667332896,-1.3456808939878016]]]},"id":"0018000000000002660d","properties":{"FID":513840}},{"type":"Feature","geometry":{"type":"Polygon","coordinates":[[[36.9503943617669,-1.3467287695938759],[36.950425603239594,-1.346809017979993],[36.95046127262124,-1.3467956420220468],[36.950430031163776,-1.3467153936988623],[36.9503943617669,-1.3467287695938759]]]},"id":"001800000000000199fd","properties":{"FID":514096}},{"type":"Feature","geometry":{"type":"Polygon","coordinates":[[[36.946666608923884,-1.3539213012080398],[36.94674237948231,-1.3540461384108882],[36.946778050659596,-1.3540238613185354],[36.94679141709627,-1.3540417093359738],[36.94672901303668,-1.3540818353982846],[36.94673795133495,-1.3540951962679846],[36.946840454677364,-1.3540283264659545],[36.94674237948231,-1.353872280686352],[36.946666608923884,-1.3539213012080398]]]},"id":"0018000000000002697f","properties":{"FID":514864}},{"type":"Feature","geometry":{"type":"Polygon","coordinates":[[[36.95303860590932,-1.3534798527859175],[36.95306090872801,-1.3535110587588377],[36.953230393528834,-1.3533906519641368],[36.953159057448616,-1.3532926070652778],[36.95306541848833,-1.3533594901387622],[36.9530921490619,-1.3533995703023214],[36.95306541848833,-1.3534218641900766],[36.95308321153992,-1.3534486441082672],[36.95303860590932,-1.3534798527859175]]]},"id":"00180000000000029623","properties":{"FID":515632}},{"type":"Feature","geometry":{"type":"Polygon","coordinates":[[[36.94398219766182,-1.349703010948714],[36.9440268088139,-1.34974313194377],[36.9440579709996,-1.3497119264901019],[36.94401344187229,-1.3496673572370612],[36.94398219766182,-1.349703010948714]]]},"id":"00180000000000016cbb","properties":{"FID":513585}},{"type":"Feature","geometry":{"type":"Polygon","coordinates":[[[36.94111497204492,-1.345538214914028],[36.941141788993335,-1.3456229358945393],[36.94124881066215,-1.3455872534543947],[36.94122199375293,-1.3455025326663659],[36.94111497204492,-1.345538214914028]]]},"id":"00180000000000019912","properties":{"FID":513841}},{"type":"Feature","geometry":{"type":"Polygon","coordinates":[[[36.94834321919591,-1.3467822715133104],[36.94838782768954,-1.34689376521047],[36.948463596465636,-1.3468669935926592],[36.94844580229042,-1.346817984635655],[36.948494838762805,-1.3468001037853141],[36.94850820488586,-1.3468357930038726],[36.948561669353694,-1.346813506235848],[36.948530509085785,-1.3467377006778767],[36.94849926680385,-1.346746611686227],[36.94848590067916,-1.3467064763363736],[36.948423498064685,-1.3467288023741233],[36.94843235415512,-1.3467510547756878],[36.94834321919591,-1.3467822715133104]]]},"id":"0018000000000001c316","properties":{"FID":514097}},{"type":"Feature","geometry":{"type":"Polygon","coordinates":[[[36.9414762209378,-1.3539435910932955],[36.941712487410626,-1.3542869555022379],[36.94218961050706,-1.353961458813048],[36.94210940680764,-1.353849976298108],[36.942033549444616,-1.3539034483663428],[36.94202018213898,-1.353885658588865],[36.94191767204533,-1.3539569791933403],[36.941953345574206,-1.354010486648411],[36.941850753378745,-1.3540773616502468],[36.94178383465099,-1.3539792814743385],[36.94169026314109,-1.3540417266182192],[36.94157430318987,-1.353872289522956],[36.9414762209378,-1.3539435910932955]]]},"id":"0018000000000002dfe6","properties":{"FID":514865}},{"type":"Feature","geometry":{"type":"Polygon","coordinates":[[[36.95219584956331,-1.3533460606929701],[36.95223151808181,-1.353421913237152],[36.95234746114587,-1.3533683887762062],[36.95233409572423,-1.3533371424388447],[36.95236533636854,-1.3533193337728227],[36.95234303333775,-1.353274727810448],[36.95219584956331,-1.3533460606929701]]]},"id":"00180000000000019482","properties":{"FID":515633}},{"type":"Feature","geometry":{"type":"Polygon","coordinates":[[[36.946015585709006,-1.349747576353404],[36.94611366187814,-1.3498858228382171],[36.946180576647194,-1.3498367906371616],[36.94618057664719,-1.3498412373794355],[36.94624740935178,-1.3497966535036083],[36.9461493333619,-1.3496539607905582],[36.946015585709006,-1.349747576353404]]]},"id":"00180000000000026cff","properties":{"FID":513586}},{"type":"Feature","geometry":{"type":"Polygon","coordinates":[[[36.940611106820704,-1.3455248174442949],[36.9406467809863,-1.3455828221667814],[36.94068696565775,-1.3455560267103042],[36.940655720027365,-1.3454980624550632],[36.940611106820704,-1.3455248174442949]]]},"id":"00180000000000014d9c","properties":{"FID":513842}},{"type":"Feature","geometry":{"type":"Polygon","coordinates":[[[36.953529102359624,-1.3467332366170355],[36.95355140502876,-1.3467599921904292],[36.95353803982712,-1.346768942458954],[36.95356927995721,-1.3468046097649855],[36.95364504336689,-1.3467465997824823],[36.95359601034664,-1.346684215870145],[36.953529102359624,-1.3467332366170355]]]},"id":"00180000000000019cb5","properties":{"FID":514098}},{"type":"Feature","geometry":{"type":"Polygon","coordinates":[[[36.94088313214545,-1.3539123779646234],[36.94094111269146,-1.3540016041810112],[36.941056991636614,-1.3539257755167016],[36.94099909319154,-1.3538366074215762],[36.94088313214545,-1.3539123779646234]]]},"id":"0018000000000001e021","properties":{"FID":514866}},{"type":"Feature","geometry":{"type":"Polygon","coordinates":[[[36.95290487085011,-1.3533015093482867],[36.952940539022855,-1.353346114781095],[36.95298514471327,-1.353314846974142],[36.95294496679482,-1.353270262402309],[36.95290487085011,-1.3533015093482867]]]},"id":"00180000000000015bcb","properties":{"FID":515634}},{"type":"Feature","geometry":{"type":"Polygon","coordinates":[[[36.93752543074366,-1.3497431634303656],[36.93755659569696,-1.3498367740982036],[36.93764582580572,-1.3498055460454388],[36.937596782064546,-1.3496539640946648],[36.93754322757388,-1.3496718115892141],[36.93756553511534,-1.3497297640048762],[36.93752543074366,-1.3497431634303656]]]},"id":"0018000000000000cebf","properties":{"FID":513587}},{"type":"Feature","geometry":{"type":"Polygon","coordinates":[[[36.940749374869085,-1.3454579324566254],[36.940771681433695,-1.3454891383510772],[36.940820723048134,-1.3454534716346802],[36.94079841649849,-1.3454222657827737],[36.940749374869085,-1.3454579324566254]]]},"id":"00180000000000017f15","properties":{"FID":513843}},{"type":"Feature","geometry":{"type":"Polygon","coordinates":[[[36.936829792728254,-1.3538722848406914],[36.936856529232486,-1.3539079261050295],[36.93693682070028,-1.3538544314423828],[36.936910084225374,-1.3538187309495004],[36.936829792728254,-1.3538722848406914]]]},"id":"0018000000000000b0e7","properties":{"FID":514867}},{"type":"Feature","geometry":{"type":"Polygon","coordinates":[[[36.95383682939628,-1.35332823794793],[36.953885862255085,-1.3534129821562229],[36.95397950016503,-1.3533594398472515],[36.953930467369,-1.353274755131663],[36.95383682939628,-1.35332823794793]]]},"id":"0018000000000002670d","properties":{"FID":515635}},{"type":"Feature","geometry":{"type":"Polygon","coordinates":[[[36.9435407590054,-1.3496718143141262],[36.943558554373354,-1.3497208298109657],[36.9436121044637,-1.3496985365401588],[36.94359422710252,-1.3496539694188263],[36.9435407590054,-1.3496718143141262]]]},"id":"00180000000000012761","properties":{"FID":513588}},{"type":"Feature","geometry":{"type":"Polygon","coordinates":[[[36.94090986716953,-1.3454089156807516],[36.94097227619084,-1.3454936012156264],[36.94099909319154,-1.3454757569968552],[36.94093660218386,-1.34538656722704],[36.94090986716953,-1.3454089156807516]]]},"id":"00180000000000012527","properties":{"FID":513844}},{"type":"Feature","geometry":{"type":"Polygon","coordinates":[[[36.94754944586483,-1.3466663504873015],[36.9476297256045,-1.3467956517840765],[36.94772788161187,-1.3467377164152836],[36.947652030072206,-1.346608396481015],[36.94754944586483,-1.3466663504873015]]]},"id":"00180000000000024ac4","properties":{"FID":514100}},{"type":"Feature","geometry":{"type":"Polygon","coordinates":[[[36.9456989693529,-1.3538142640292083],[36.94577474091323,-1.353948056406291],[36.94586396100491,-1.3538945862998664],[36.94578810753316,-1.353765242967688],[36.9456989693529,-1.3538142640292083]]]},"id":"0018000000000000eea9","properties":{"FID":514868}},{"type":"Feature","geometry":{"type":"Polygon","coordinates":[[[36.944218538051395,-1.349689635544195],[36.94425421045889,-1.3497297368269707],[36.94423633325455,-1.3497431567663134],[36.94430767803481,-1.349827865537698],[36.944383533041,-1.3497654522072813],[36.94428094425172,-1.3496361171633873],[36.944218538051395,-1.349689635544195]]]},"id":"00180000000000025913","properties":{"FID":513589}},{"type":"Feature","geometry":{"type":"Polygon","coordinates":[[[36.94045504239303,-1.3454757557221435],[36.94050408421961,-1.3455382081856102],[36.940548697491494,-1.3455025008720258],[36.940566493586836,-1.3455248342182529],[36.94063341342743,-1.3454757494756742],[36.94053975843735,-1.345350944645345],[36.94048177757347,-1.3453954841864655],[36.94051302327809,-1.345435662489394],[36.94045504239303,-1.3454757557221435]]]},"id":"00180000000000029b85","properties":{"FID":513845}},{"type":"Feature","geometry":{"type":"Polygon","coordinates":[[[36.94768770080605,-1.3466529992441163],[36.947763552308736,-1.3467198345918376],[36.947843749812,-1.3466306782665858],[36.94779028481959,-1.3465816474006354],[36.94776355230874,-1.3466083821738182],[36.94774567596167,-1.3465905574286128],[36.94768770080605,-1.3466529992441163]]]},"id":"0018000000000001b356","properties":{"FID":514101}},{"type":"Feature","geometry":{"type":"Polygon","coordinates":[[[36.94389305728197,-1.3537741767007487],[36.943964402396865,-1.3538677870132807],[36.9440178701845,-1.3538277002597936],[36.94394652512174,-1.3537340307882044],[36.94389305728197,-1.3537741767007487]]]},"id":"0018000000000000f04d","properties":{"FID":514869}},{"type":"Feature","geometry":{"type":"Polygon","coordinates":[[[36.937650254503126,-1.3496405652774162],[36.93770380891551,-1.3497654432494754],[36.93774391318949,-1.3497475966265724],[36.93769044081931,-1.3496227173202233],[36.937650254503126,-1.3496405652774162]]]},"id":"00180000000000019ab1","properties":{"FID":513590}},{"type":"Feature","geometry":{"type":"Polygon","coordinates":[[[36.94082515155352,-1.3453642863074486],[36.940860825614806,-1.3454267371332607],[36.940927745186336,-1.3453866049818521],[36.940892071157656,-1.3453241542655534],[36.94082515155352,-1.3453642863074486]]]},"id":"0018000000000001bb91","properties":{"FID":513846}},{"type":"Feature","geometry":{"type":"Polygon","coordinates":[[[36.94701881015088,-1.3467064956588675],[36.9471303333525,-1.3467064812577285],[36.9471303333525,-1.3465771836494012],[36.94702332028365,-1.3465771774601214],[36.94701881015088,-1.3467064956588675]]]},"id":"0018000000000001e1a0","properties":{"FID":514102}},{"type":"Feature","geometry":{"type":"Polygon","coordinates":[[[36.94529764118724,-1.353769685699821],[36.945342251537504,-1.3538321043238328],[36.94539571831854,-1.353792018285535],[36.94535561823642,-1.3537295789407493],[36.94529764118724,-1.353769685699821]]]},"id":"00180000000000014bf2","properties":{"FID":514870}},{"type":"Feature","geometry":{"type":"Polygon","coordinates":[[[36.95199520357315,-1.3532791860934954],[36.95206654078841,-1.3533906916613123],[36.952124512474164,-1.353350529505179],[36.95205317531544,-1.353243530264324],[36.95199520357315,-1.3532791860934954]]]},"id":"00180000000000022aca","properties":{"FID":515638}},{"type":"Feature","geometry":{"type":"Polygon","coordinates":[[[36.93693239195972,-1.3497030238229604],[36.937003743858476,-1.3497520440764168],[36.93703048029919,-1.3497119013262417],[36.93707058494195,-1.3497431521168255],[36.9371062608327,-1.3496940752749982],[36.93699923310832,-1.3496138445460901],[36.93693239195972,-1.3497030238229604]]]},"id":"0018000000000001a37c","properties":{"FID":513591}},{"type":"Feature","geometry":{"type":"Polygon","coordinates":[[[36.94076717091566,-1.3452974270548403],[36.940811784027225,-1.3453598386366257],[36.940874193132146,-1.345315221181976],[36.94082958005862,-1.3452572561522809],[36.94076717091566,-1.3452974270548403]]]},"id":"0018000000000001d231","properties":{"FID":513847}},{"type":"Feature","geometry":{"type":"Polygon","coordinates":[[[36.95369858607555,-1.3465816290031578],[36.95376098419038,-1.3466574105815163],[36.9538011616606,-1.3466217853196123],[36.95374319130367,-1.346545984857291],[36.95369858607555,-1.3465816290031578]]]},"id":"0018000000000001b051","properties":{"FID":514103}},{"type":"Feature","geometry":{"type":"Polygon","coordinates":[[[36.94241258945091,-1.3537964399098215],[36.94249287482562,-1.3539213221449669],[36.942515180858926,-1.3539123867639609],[36.94253748688545,-1.3539525515557291],[36.942622200519814,-1.3538945341873128],[36.942519609261794,-1.3537295469065143],[36.94241258945091,-1.3537964399098215]]]},"id":"0018000000000002bdf2","properties":{"FID":514871}},{"type":"Feature","geometry":{"type":"Polygon","coordinates":[[[36.94004925692204,-1.3496361002306303],[36.940089441921494,-1.3496985370100552],[36.94016079074371,-1.3496539297075032],[36.94012060578343,-1.3495915523389492],[36.94004925692204,-1.3496361002306303]]]},"id":"0018000000000000b411","properties":{"FID":513592}},{"type":"Feature","geometry":{"type":"Polygon","coordinates":[[[36.93958999821895,-1.3452751009004993],[36.93969251157209,-1.3453865890485002],[36.939755003641736,-1.3453330764737257],[36.93965240836544,-1.3452171434643607],[36.93958999821895,-1.3452751009004993]]]},"id":"00180000000000028396","properties":{"FID":513848}},{"type":"Feature","geometry":{"type":"Polygon","coordinates":[[[36.948521571006495,-1.3466172777105399],[36.948588483573616,-1.3467198398256408],[36.94871779849624,-1.3466395979983483],[36.94865531407896,-1.346537017267525],[36.948521571006495,-1.3466172777105399]]]},"id":"00180000000000022b4f","properties":{"FID":514104}},{"type":"Feature","geometry":{"type":"Polygon","coordinates":[[[36.946403461429256,-1.3537607756307133],[36.946506047243204,-1.353925754704675],[36.94658181796787,-1.3538767340808608],[36.94647931426317,-1.3537117538860464],[36.946403461429256,-1.3537607756307133]]]},"id":"00180000000000024e61","properties":{"FID":514872}},{"type":"Feature","geometry":{"type":"Polygon","coordinates":[[[36.95249464461524,-1.3532479628603615],[36.95252580319474,-1.3532970361322259],[36.9525749189286,-1.3532658067302057],[36.952543678373814,-1.3532167942695623],[36.95249464461524,-1.3532479628603615]]]},"id":"00180000000000012cc3","properties":{"FID":515640}},{"type":"Feature","geometry":{"type":"Polygon","coordinates":[[[36.93659351049818,-1.349680679525723],[36.93666478071313,-1.3497832465058865],[36.93674950114309,-1.3497208487304517],[36.936660351956114,-1.3495914999597067],[36.936620247088676,-1.3496227476807618],[36.936638044138896,-1.349649471902619],[36.93659351049818,-1.349680679525723]]]},"id":"0018000000000002419f","properties":{"FID":513593}},{"type":"Feature","geometry":{"type":"Polygon","coordinates":[[[36.939705961313365,-1.345226040005212],[36.939786167646034,-1.3453464588820203],[36.93987539503761,-1.3452840559182022],[36.9397951067922,-1.3451680852765673],[36.939705961313365,-1.345226040005212]]]},"id":"00180000000000027b51","properties":{"FID":513849}},{"type":"Feature","geometry":{"type":"Polygon","coordinates":[[[36.94683602653594,-1.3537473993214841],[36.94692967346972,-1.3539124176240394],[36.94701438202024,-1.3538678042962995],[36.9469163070583,-1.3537028056985831],[36.94683602653594,-1.3537473993214841]]]},"id":"0018000000000002a35c","properties":{"FID":514873}},{"type":"Feature","geometry":{"type":"Polygon","coordinates":[[[36.949092293878785,-1.3532836628685176],[36.949154777922864,-1.3533684105413317],[36.94917708192568,-1.353350522758198],[36.94921275191604,-1.3534040837765973],[36.94926621586904,-1.3533683880879963],[36.949235055901184,-1.3533193126634657],[36.94926178787441,-1.3533015241798072],[36.94919487592305,-1.353207842758947],[36.949092293878785,-1.3532836628685176]]]},"id":"0018000000000002251b","properties":{"FID":515641}},{"type":"Feature","geometry":{"type":"Polygon","coordinates":[[[36.94356749305885,-1.3497297431416793],[36.9436121044637,-1.3498189579325752],[36.94384393571992,-1.3496940754293523],[36.94379046780521,-1.349591499580414],[36.943665572508706,-1.349653951170626],[36.94367451118113,-1.349671817490753],[36.94356749305885,-1.3497297431416793]]]},"id":"00180000000000025f54","properties":{"FID":513594}},{"type":"Feature","geometry":{"type":"Polygon","coordinates":[[[36.93835925270049,-1.34512796915387],[36.93841280659429,-1.3452305403445868],[36.938506464305256,-1.3451814575543173],[36.93845291047994,-1.3450788866020813],[36.93835925270049,-1.34512796915387]]]},"id":"00180000000000016426","properties":{"FID":513850}},{"type":"Feature","geometry":{"type":"Polygon","coordinates":[[[36.94796863797796,-1.3466262186292428],[36.94804440718815,-1.3467154048634684],[36.94816035688819,-1.3466262099020094],[36.94808458779807,-1.346532577746189],[36.94796863797796,-1.3466262186292428]]]},"id":"0018000000000002896e","properties":{"FID":514106}},{"type":"Feature","geometry":{"type":"Polygon","coordinates":[[[36.93702154081549,-1.3537563213374497],[36.93709289262738,-1.3538722382004893],[36.93717318383603,-1.3538231915422647],[36.93710183210237,-1.3537072749223638],[36.93702154081549,-1.3537563213374497]]]},"id":"0018000000000002720a","properties":{"FID":514874}},{"type":"Feature","geometry":{"type":"Polygon","coordinates":[[[36.953645043366905,-1.3532836786580988],[36.95367628345128,-1.353328243709808],[36.953747619027034,-1.3532747418975712],[36.95379222422525,-1.3532435337814896],[36.95375655646782,-1.3531989289340878],[36.953645043366905,-1.3532836786580988]]]},"id":"00180000000000013c93","properties":{"FID":515642}},{"type":"Feature","geometry":{"type":"Polygon","coordinates":[[[36.93407850505068,-1.3531409807999468],[36.93412755114813,-1.3531944927478643],[36.93413206207517,-1.3531900241387307],[36.934149859730084,-1.3532078555074882],[36.934216785435176,-1.3531588088512936],[36.934149859730084,-1.3530785714449438],[36.93407850505068,-1.3531409807999468]]]},"id":"001800000000000157b0","properties":{"FID":513339}},{"type":"Feature","geometry":{"type":"Polygon","coordinates":[[[36.94365220550112,-1.3495915168513855],[36.943665572508706,-1.3496361044478384],[36.94372355085079,-1.3496182983355898],[36.9437101838538,-1.3495737107924333],[36.94365220550112,-1.3495915168513855]]]},"id":"0018000000000001367b","properties":{"FID":513595}},{"type":"Feature","geometry":{"type":"Polygon","coordinates":[[[36.940771681433695,-1.3450566469464582],[36.94086976462974,-1.3451903839568802],[36.94085639711159,-1.3452037813099127],[36.940878703643584,-1.3452349869998426],[36.9409009281595,-1.3452216111826618],[36.94093217368523,-1.3452706820101181],[36.94101246068364,-1.3452127064323072],[36.94085639711159,-1.3449942065744978],[36.940771681433695,-1.3450566469464582]]]},"id":"0018000000000002a57a","properties":{"FID":513851}},{"type":"Feature","geometry":{"type":"Polygon","coordinates":[[[36.953765493907525,-1.3465236576484472],[36.95380558938046,-1.3465994775879224],[36.95384576682616,-1.346581635984924],[36.9538011616606,-1.3465013906563825],[36.953765493907525,-1.3465236576484472]]]},"id":"00180000000000011f10","properties":{"FID":514107}},{"type":"Feature","geometry":{"type":"Polygon","coordinates":[[[36.94168132422635,-1.3537875462806175],[36.941716997870415,-1.3538410537108405],[36.9418551818218,-1.3537429484789254],[36.941815079799866,-1.353689460601752],[36.94168132422635,-1.3537875462806175]]]},"id":"00180000000000018c16","properties":{"FID":514875}},{"type":"Feature","geometry":{"type":"Polygon","coordinates":[[[36.94180614090037,-1.3496807104607276],[36.94186412071531,-1.3497431272143947],[36.942015753705896,-1.34960934591287],[36.94195777401106,-1.3495469294307612],[36.94180614090037,-1.3496807104607276]]]},"id":"001800000000000204ad","properties":{"FID":513596}},{"type":"Feature","geometry":{"type":"Polygon","coordinates":[[[36.94361653280021,-1.3449674374808696],[36.94366114417518,-1.3450075557654577],[36.943683449852465,-1.344980840333677],[36.943634410155944,-1.3449451279002642],[36.94361653280021,-1.3449674374808696]]]},"id":"0018000000000000c73f","properties":{"FID":513852}},{"type":"Feature","geometry":{"type":"Polygon","coordinates":[[[36.94706341945192,-1.3465280935622759],[36.947134761476114,-1.3466172996556491],[36.94718830894972,-1.3465771670566604],[36.947116966977745,-1.3464879610946523],[36.94706341945192,-1.3465280935622759]]]},"id":"00180000000000020f95","properties":{"FID":514108}},{"type":"Feature","geometry":{"type":"Polygon","coordinates":[[[36.945244092330135,-1.3537028006934346],[36.94528427447773,-1.3537652386366423],[36.945346679769315,-1.353725112521598],[36.94530657966033,-1.3536671205150281],[36.945244092330135,-1.3537028006934346]]]},"id":"0018000000000000e54e","properties":{"FID":514876}},{"type":"Feature","geometry":{"type":"Polygon","coordinates":[[[36.95187032228058,-1.3532167762598906],[36.95194165961761,-1.353314881949743],[36.95202193453782,-1.3532568920643362],[36.95195510710783,-1.3531588250839248],[36.95187032228058,-1.3532167762598906]]]},"id":"001800000000000238aa","properties":{"FID":515644}},{"type":"Feature","geometry":{"type":"Polygon","coordinates":[[[36.94390642424558,-1.3495915215193575],[36.94395095343799,-1.3496271970987308],[36.943977769347434,-1.3495960094382489],[36.94393315816546,-1.3495603353388292],[36.94390642424558,-1.3495915215193575]]]},"id":"00180000000000009e95","properties":{"FID":513597}},{"type":"Feature","geometry":{"type":"Polygon","coordinates":[[[36.944401328204044,-1.3449228208631578],[36.944419205368085,-1.3449495975904195],[36.944405838498135,-1.3449629942391026],[36.944490549970084,-1.3450655406276717],[36.94452171195833,-1.3450432338782279],[36.94448603968121,-1.3449986306468222],[36.944535160812315,-1.344958518654709],[36.94446381625381,-1.34487381784423],[36.944401328204044,-1.3449228208631578]]]},"id":"0018000000000001bce7","properties":{"FID":513853}},{"type":"Feature","geometry":{"type":"Polygon","coordinates":[[[36.946506047243204,-1.353729542321886],[36.946604122755,-1.3538589046416276],[36.94668891368517,-1.3537919943718462],[36.94657296165345,-1.3536448645458588],[36.94651047540459,-1.353689438613452],[36.94652835205342,-1.3537117129848797],[36.946506047243204,-1.353729542321886]]]},"id":"00180000000000025586","properties":{"FID":514877}},{"type":"Feature","geometry":{"type":"Polygon","coordinates":[[[36.94710802872577,-1.3532033934745957],[36.9471570660947,-1.3532791912707582],[36.947232918147435,-1.35323017110671],[36.94718379882712,-1.353154374919833],[36.94710802872577,-1.3532033934745957]]]},"id":"00180000000000021efe","properties":{"FID":515645}},{"type":"Feature","geometry":{"type":"Polygon","coordinates":[[[36.944410266786605,-1.3496762201130221],[36.94444593910066,-1.3497654142509055],[36.944637667240166,-1.3496807310333736],[36.94457968962221,-1.3495558242783527],[36.9445306505262,-1.3495781558365216],[36.944548527658654,-1.3496182755347912],[36.944410266786605,-1.3496762201130221]]]},"id":"00180000000000029499","properties":{"FID":513598}},{"type":"Feature","geometry":{"type":"Polygon","coordinates":[[[36.9405130232781,-1.344882701964355],[36.94055312601332,-1.3449585320740338],[36.940548697491494,-1.3449584916407475],[36.94057994316756,-1.3450254074143795],[36.9406735160967,-1.3449808335241378],[36.94060216777418,-1.3448381472406603],[36.9405130232781,-1.344882701964355]]]},"id":"0018000000000001dbbf","properties":{"FID":513854}},{"type":"Feature","geometry":{"type":"Polygon","coordinates":[[[36.94812919644937,-1.3465415118871242],[36.948200537434445,-1.3466128726355213],[36.94828073445876,-1.346528104077106],[36.94820939355188,-1.3464568027879278],[36.94812919644937,-1.3465415118871242]]]},"id":"00180000000000025789","properties":{"FID":514110}},{"type":"Feature","geometry":{"type":"Polygon","coordinates":[[[36.94111054355708,-1.3537162048239764],[36.94114621747929,-1.3537697125717199],[36.94123536120433,-1.3537028396739026],[36.94119525884284,-1.3536537396240458],[36.94111054355708,-1.3537162048239764]]]},"id":"0018000000000001b025","properties":{"FID":514878}},{"type":"Feature","geometry":{"type":"Polygon","coordinates":[[[36.94074486434968,-1.3496138229078076],[36.940793905982105,-1.34968962122058],[36.94086976462974,-1.3496450530263555],[36.94090543866928,-1.3496985563913544],[36.94095448019414,-1.349667329745464],[36.94086976462974,-1.3495335813810612],[36.94074486434968,-1.3496138229078076]]]},"id":"0018000000000001f92a","properties":{"FID":513599}},{"type":"Feature","geometry":{"type":"Polygon","coordinates":[[[36.93939374625529,-1.3449362426343612],[36.9394428708037,-1.3450254320949862],[36.93961230513682,-1.3449362401506013],[36.93956769129429,-1.3448470307729161],[36.93939374625529,-1.3449362426343612]]]},"id":"0018000000000001a43d","properties":{"FID":513855}},{"type":"Feature","geometry":{"type":"Polygon","coordinates":[[[36.95370752352233,-1.3464389655401658],[36.953725316417724,-1.346496921777574],[36.95377885906761,-1.346479081179522],[36.95376098419038,-1.3464211264571029],[36.95370752352233,-1.3464389655401658]]]},"id":"0018000000000000e8bf","properties":{"FID":514111}},{"type":"Feature","geometry":{"type":"Polygon","coordinates":[[[36.9406735160967,-1.3537073026307178],[36.940722557776915,-1.3538098522532624],[36.94079841649849,-1.3537741698205534],[36.940758231888196,-1.3536938787292279],[36.940807355521045,-1.3536715988369235],[36.94079841649849,-1.3536492826729614],[36.9406735160967,-1.3537073026307178]]]},"id":"001800000000000142ad","properties":{"FID":514879}},{"type":"Feature","geometry":{"type":"Polygon","coordinates":[[[36.95257040913805,-1.3532078409138453],[36.95262395263336,-1.3532925654797323],[36.952726529725474,-1.353230148224493],[36.95267298630525,-1.353145423884274],[36.95257040913805,-1.3532078409138453]]]},"id":"0018000000000001a4f9","properties":{"FID":515647}},{"type":"Feature","geometry":{"type":"Polygon","coordinates":[[[36.937043848515884,-1.3495959773817887],[36.9370928926274,-1.3496673320821575],[36.93715087617505,-1.3496271699940139],[36.93717318383603,-1.3496628865125466],[36.93721328840064,-1.349636086155806],[36.93713750797789,-1.3495290935629427],[36.937043848515884,-1.3495959773817887]]]},"id":"0018000000000001af15","properties":{"FID":513600}},{"type":"Feature","geometry":{"type":"Polygon","coordinates":[[[36.938399438627535,-1.344860407973538],[36.93847521774425,-1.344958495552695],[36.93852868954131,-1.3449139168525077],[36.93845291047994,-1.3448202759484142],[36.938399438627535,-1.344860407973538]]]},"id":"00180000000000022194","properties":{"FID":513856}},{"type":"Feature","geometry":{"type":"Polygon","coordinates":[[[36.94717043246213,-1.3464612281966455],[36.94721946978923,-1.3465771500038444],[36.94734435902069,-1.346523663171591],[36.94729532177728,-1.3464077416991698],[36.94717043246213,-1.3464612281966455]]]},"id":"00180000000000020af0","properties":{"FID":514112}},{"type":"Feature","geometry":{"type":"Polygon","coordinates":[[[36.94194440669159,-1.353604737272828],[36.9420558556179,-1.353845531169624],[36.94213171295782,-1.3538098492011597],[36.94202018213898,-1.3535690571974217],[36.94194440669159,-1.353604737272828]]]},"id":"001800000000000276cd","properties":{"FID":514880}},{"type":"Feature","geometry":{"type":"Polygon","coordinates":[[[36.949221607910964,-1.3532167957168137],[36.94930188581594,-1.3533193116716378],[36.94941340553778,-1.3532301697668396],[36.94933312775516,-1.3531275948458201],[36.949221607910964,-1.3532167957168137]]]},"id":"001800000000000244d1","properties":{"FID":515648}},{"type":"Feature","geometry":{"type":"Polygon","coordinates":[[[36.936722764599786,-1.3495335297789524],[36.93675401190863,-1.3496049032587618],[36.93672727536698,-1.3496183032181992],[36.93676295142498,-1.3496941049789255],[36.93685210048706,-1.349649477382186],[36.936780748440526,-1.3495068280381033],[36.936722764599786,-1.3495335297789524]]]},"id":"0018000000000002827e","properties":{"FID":513601}},{"type":"Feature","geometry":{"type":"Polygon","coordinates":[[[36.940316855798656,-1.3448247430839566],[36.94040157200289,-1.3449362468396577],[36.940504084219604,-1.34486489616829],[36.94044610332747,-1.3447846387444866],[36.940410429064066,-1.3448113537042847],[36.94038820439924,-1.344775700238038],[36.940316855798656,-1.3448247430839566]]]},"id":"001800000000000165d6","properties":{"FID":513857}},{"type":"Feature","geometry":{"type":"Polygon","coordinates":[[[36.94605125724058,-1.3536047369611275],[36.94613596680795,-1.3537072978779554],[36.94619837137327,-1.3536582184985317],[36.94611366187814,-1.3535556577606405],[36.94605125724058,-1.3536047369611275]]]},"id":"001800000000000175e1","properties":{"FID":514881}},{"type":"Feature","geometry":{"type":"Polygon","coordinates":[[[36.938189815467545,-1.349591522176058],[36.93830578077968,-1.34974761023013],[36.93846184978888,-1.3496316520170426],[36.938399438627535,-1.3495514038335987],[36.93842166389608,-1.3495335775966064],[36.93839049931097,-1.3494889463988462],[36.93835482404595,-1.3495157270946603],[36.938332516744964,-1.3494845176668837],[36.938189815467545,-1.349591522176058]]]},"id":"001800000000000291aa","properties":{"FID":513602}},{"type":"Feature","geometry":{"type":"Polygon","coordinates":[[[36.943991136295566,-1.3447712403765402],[36.94404460406368,-1.3449049875239705],[36.94413825456953,-1.3448648604372864],[36.94408478686984,-1.3447311135809505],[36.943991136295566,-1.3447712403765402]]]},"id":"0018000000000001c44b","properties":{"FID":513858}},{"type":"Feature","geometry":{"type":"Polygon","coordinates":[[[36.94880693299912,-1.3463854215809452],[36.94884260316994,-1.346456759665804],[36.94887827332337,-1.3464389376240367],[36.94891394345942,-1.34651922732551],[36.948989793690906,-1.3464835034836231],[36.948918453475386,-1.3463319353159757],[36.94880693299912,-1.3463854215809452]]]},"id":"0018000000000002a539","properties":{"FID":514114}},{"type":"Feature","geometry":{"type":"Polygon","coordinates":[[[36.9451593817304,-1.3535824494337274],[36.94523072561085,-1.3537072482215553],[36.94529764118724,-1.3536671606811486],[36.94522629737202,-1.3535423028148954],[36.9451593817304,-1.3535824494337274]]]},"id":"00180000000000025302","properties":{"FID":514882}},{"type":"Feature","geometry":{"type":"Polygon","coordinates":[[[36.94176152839481,-1.3495112708557082],[36.94179277355321,-1.3496048744519353],[36.941899794270284,-1.3495736889719536],[36.94186854915757,-1.3494800262846813],[36.94176152839481,-1.3495112708557082]]]},"id":"0018000000000002354b","properties":{"FID":513603}},{"type":"Feature","geometry":{"type":"Polygon","coordinates":[[[36.94459756674269,-1.3447801628734046],[36.944651034067775,-1.3448693286085764],[36.9447402555294,-1.3448158229419398],[36.944682277992726,-1.3447266184281315],[36.94459756674269,-1.3447801628734046]]]},"id":"00180000000000022841","properties":{"FID":513859}},{"type":"Feature","geometry":{"type":"Polygon","coordinates":[[[36.947553955964906,-1.3462917798496634],[36.94758962674656,-1.3463675651454352],[36.94763423569962,-1.3463497628738794],[36.9475985649397,-1.3462694721723585],[36.947553955964906,-1.3462917798496634]]]},"id":"0018000000000001541b","properties":{"FID":514115}},{"type":"Feature","geometry":{"type":"Polygon","coordinates":[[[36.93660687879464,-1.3535690498717474],[36.936646983669405,-1.353626989027982],[36.936687088522206,-1.3536002426979372],[36.93665141242724,-1.3535422842779448],[36.93660687879464,-1.3535690498717474]]]},"id":"00180000000000012c8e","properties":{"FID":514883}},{"type":"Feature","geometry":{"type":"Polygon","coordinates":[[[36.94382614042136,-1.3494844996325932],[36.94387075166856,-1.349520173746428],[36.94389748560147,-1.3494844815264542],[36.94384844604835,-1.3494532733784954],[36.94382614042136,-1.3494844996325932]]]},"id":"00180000000000015120","properties":{"FID":513604}},{"type":"Feature","geometry":{"type":"Polygon","coordinates":[[[36.944075848247515,-1.3447043570013606],[36.944142764879835,-1.3447979692247458],[36.94423633325455,-1.3447311074732826],[36.944169498713386,-1.3446374347620207],[36.944075848247515,-1.3447043570013606]]]},"id":"0018000000000001c972","properties":{"FID":513860}},{"type":"Feature","geometry":{"type":"Polygon","coordinates":[[[36.94729974989092,-1.3464077227482136],[36.94735772535392,-1.3465102661189257],[36.947567322259836,-1.3463898938594454],[36.94748261434941,-1.346247214638096],[36.94738002990453,-1.346309613892374],[36.94740233444835,-1.3463497693489197],[36.94729974989092,-1.3464077227482136]]]},"id":"0018000000000002c542","properties":{"FID":514116}},{"type":"Feature","geometry":{"type":"Polygon","coordinates":[[[36.94276489315761,-1.3535512071330866],[36.94278719910803,-1.353586864752173],[36.94282730059739,-1.3535645678018866],[36.942809423044515,-1.3535288908776772],[36.94276489315761,-1.3535512071330866]]]},"id":"0018000000000001703a","properties":{"FID":514884}},{"type":"Feature","geometry":{"type":"Polygon","coordinates":[[[36.94938216363284,-1.3531276135131203],[36.94945350339621,-1.3532390632150304],[36.94954271900241,-1.353181091003722],[36.94947137932602,-1.3530696415681256],[36.94938216363284,-1.3531276135131203]]]},"id":"00180000000000020d05","properties":{"FID":515652}},{"type":"Feature","geometry":{"type":"Polygon","coordinates":[[[36.94473582726089,-1.3494889665790093],[36.94477149941627,-1.3495603135042673],[36.94484727193687,-1.3495201958731964],[36.94481159981843,-1.3494488490835177],[36.94473582726089,-1.3494889665790093]]]},"id":"0018000000000001b9cc","properties":{"FID":513605}},{"type":"Feature","geometry":{"type":"Polygon","coordinates":[[[36.94484284367484,-1.344650868627927],[36.944940921415636,-1.3447578612533486],[36.94501669376084,-1.3446865123941594],[36.94491418786387,-1.344579479571296],[36.94484284367484,-1.344650868627927]]]},"id":"0018000000000001e3b1","properties":{"FID":513861}},{"type":"Feature","geometry":{"type":"Polygon","coordinates":[[[36.954099868160384,-1.3461758331104905],[36.95414004544445,-1.3463230211297672],[36.954251475796354,-1.3462917688555567],[36.95423368302897,-1.3462204165705185],[36.95418907809998,-1.3462293850348008],[36.954171285317415,-1.3461580328094236],[36.954099868160384,-1.3461758331104905]]]},"id":"0018000000000001cb1b","properties":{"FID":514117}},{"type":"Feature","geometry":{"type":"Polygon","coordinates":[[[36.94429882144519,-1.3535734802682053],[36.94441469507482,-1.3537295697180547],[36.94447718311317,-1.353680547134031],[36.94439689991502,-1.3535779646914072],[36.944423633655745,-1.3535556683605532],[36.944383533041,-1.3535066297964988],[36.94429882144519,-1.3535734802682053]]]},"id":"00180000000000029a18","properties":{"FID":514885}},{"type":"Feature","geometry":{"type":"Polygon","coordinates":[[[36.95200414122807,-1.3531543375113342],[36.95207105061002,-1.3532301686863022],[36.952191421746015,-1.3531320384082475],[36.952128940295516,-1.3530518006140335],[36.95200414122807,-1.3531543375113342]]]},"id":"0018000000000002a121","properties":{"FID":515653}},{"type":"Feature","geometry":{"type":"Polygon","coordinates":[[[36.93715087617505,-1.3495112459824081],[36.937217717124206,-1.349600430029325],[36.93731137636384,-1.3495335463327387],[36.93724453550017,-1.3494443625133015],[36.93715087617505,-1.3495112459824081]]]},"id":"0018000000000000ce95","properties":{"FID":513606}},{"type":"Feature","geometry":{"type":"Polygon","coordinates":[[[36.94380383478755,-1.3445572147886145],[36.9439019139207,-1.3447087892517684],[36.94400007492823,-1.344650857513038],[36.943906424245576,-1.3444947591380079],[36.94380383478755,-1.3445572147886145]]]},"id":"00180000000000022d91","properties":{"FID":513862}},{"type":"Feature","geometry":{"type":"Polygon","coordinates":[[[36.94826736829415,-1.3461624500758307],[36.948289672567476,-1.346193712639633],[36.94832534299047,-1.3461713853149166],[36.948303038728014,-1.346140182061718],[36.94826736829415,-1.3461624500758307]]]},"id":"00180000000000012836","properties":{"FID":514118}},{"type":"Feature","geometry":{"type":"Polygon","coordinates":[[[36.94512370976409,-1.3535155435479274],[36.94515495348725,-1.3535601137602793],[36.94519505367931,-1.353533370167329],[36.94516389197777,-1.3534887985463275],[36.94512370976409,-1.3535155435479274]]]},"id":"0018000000000000c06a","properties":{"FID":514886}},{"type":"Feature","geometry":{"type":"Polygon","coordinates":[[[36.95361831299538,-1.3531320740922683],[36.95366291827246,-1.3532301778174647],[36.95384576682616,-1.3531454064805997],[36.95379665194565,-1.353047323979863],[36.95361831299538,-1.3531320740922683]]]},"id":"0018000000000002481c","properties":{"FID":515654}},{"type":"Feature","geometry":{"type":"Polygon","coordinates":[[[36.94306364471618,-1.349466694059771],[36.94308144020013,-1.3495023689893693],[36.94313499063956,-1.3494711228680363],[36.94311711316184,-1.3494398963021756],[36.94306364471618,-1.349466694059771]]]},"id":"00180000000000009ef5","properties":{"FID":513607}},{"type":"Feature","geometry":{"type":"Polygon","coordinates":[[[36.94392872984811,-1.3445706027769542],[36.9440579709996,-1.3446508438868963],[36.94412045934252,-1.3445527555325743],[36.944022298496456,-1.344490284504836],[36.94400007492824,-1.3445215033125657],[36.94397325902697,-1.3445037174179781],[36.94392872984811,-1.3445706027769542]]]},"id":"001800000000000288dd","properties":{"FID":513863}},{"type":"Feature","geometry":{"type":"Polygon","coordinates":[[[36.948289672567476,-1.346198158789263],[36.94833428109374,-1.3462650115464934],[36.94845465837817,-1.3461803052035881],[36.948387827689544,-1.3460821887571621],[36.948307548781635,-1.3461357155336964],[36.948329853042715,-1.3461713649261198],[36.948289672567476,-1.346198158789263]]]},"id":"001800000000000227ea","properties":{"FID":514119}},{"type":"Feature","geometry":{"type":"Polygon","coordinates":[[[36.93708395315132,-1.3534887635281059],[36.93713750797789,-1.3535735056430893],[36.93722665658395,-1.3535199733651049],[36.93717761256203,-1.3534352699706136],[36.93708395315132,-1.3534887635281059]]]},"id":"0018000000000001fc85","properties":{"FID":514887}},{"type":"Feature","geometry":{"type":"Polygon","coordinates":[[[36.95250358220914,-1.35313206810219],[36.95258828430624,-1.3531810796895054],[36.9526462555785,-1.3530874379157836],[36.95256147155232,-1.3530384278579126],[36.95250358220914,-1.35313206810219]]]},"id":"00180000000000022aa8","properties":{"FID":515655}},{"type":"Feature","geometry":{"type":"Polygon","coordinates":[[[36.9355322404026,-1.3529224444776737],[36.93555446654142,-1.3529626134669963],[36.93559465400775,-1.3529403139353946],[36.9355723458659,-1.352900205745439],[36.9355322404026,-1.3529224444776737]]]},"id":"0018000000000000d9b3","properties":{"FID":513352}},{"type":"Feature","geometry":{"type":"Polygon","coordinates":[[[36.936820853220055,-1.349466686103925],[36.93685652923248,-1.349511238346347],[36.93682536398121,-1.3495379990000398],[36.93688777648425,-1.3496183081105408],[36.9369724966562,-1.3495558516795179],[36.936874408239056,-1.3494265433652426],[36.936820853220055,-1.349466686103925]]]},"id":"0018000000000000ce91","properties":{"FID":513608}},{"type":"Feature","geometry":{"type":"Polygon","coordinates":[[[36.944263149059424,-1.3445438358366102],[36.944356799285636,-1.3446552940886496],[36.94444151081434,-1.3445839651977236],[36.94434335039887,-1.344472468217531],[36.944263149059424,-1.3445438358366102]]]},"id":"00180000000000028e2e","properties":{"FID":513864}},{"type":"Feature","geometry":{"type":"Polygon","coordinates":[[[36.948633009917096,-1.3460821853950875],[36.948735592605296,-1.3462471917949088],[36.948820299065176,-1.3461937053368702],[36.94871328846791,-1.3460287182411668],[36.948633009917096,-1.3460821853950875]]]},"id":"00180000000000027a98","properties":{"FID":514120}},{"type":"Feature","geometry":{"type":"Polygon","coordinates":[[[36.94623847099359,-1.3534575590914744],[36.94629644729742,-1.353542271726716],[36.94631875217153,-1.3535244424959476],[36.94627414241652,-1.353462025056158],[36.94629644729742,-1.3534441958851215],[36.946287590948465,-1.3534263271639781],[36.94623847099359,-1.3534575590914744]]]},"id":"00180000000000016ec1","properties":{"FID":514888}},{"type":"Feature","geometry":{"type":"Polygon","coordinates":[[[36.94409364348537,-1.3494889533711392],[36.9441338262646,-1.3495469398558981],[36.944214109751314,-1.3494934016760856],[36.94416056010141,-1.349413180810947],[36.94412931595374,-1.3494354343869195],[36.94414276487983,-1.3494532799438956],[36.94409364348537,-1.3494889533711392]]]},"id":"0018000000000001acda","properties":{"FID":513609}},{"type":"Feature","geometry":{"type":"Polygon","coordinates":[[[36.938992465529495,-1.3444858689068875],[36.93901920124403,-1.344521502527042],[36.93905044757288,-1.3444992527553061],[36.93902371186976,-1.3444635598795238],[36.938992465529495,-1.3444858689068875]]]},"id":"0018000000000000c2f7","properties":{"FID":513865}},{"type":"Feature","geometry":{"type":"Polygon","coordinates":[[[36.9476787626238,-1.3461089413374254],[36.94775461413575,-1.3462427652795363],[36.947843749812,-1.3461937054580568],[36.94775461413575,-1.3460286969303266],[36.94768770080605,-1.3460643810454789],[36.947705577167284,-1.3460956034354612],[36.9476787626238,-1.3461089413374254]]]},"id":"0018000000000002b174","properties":{"FID":514121}},{"type":"Feature","geometry":{"type":"Polygon","coordinates":[[[36.943799406462375,-1.35358685629158],[36.943897485601475,-1.3537384597045024],[36.944214109751314,-1.353537804979798],[36.94413825456953,-1.353417413834565],[36.944066909624105,-1.3534620273778166],[36.944035747442214,-1.3534174551668015],[36.943964402396865,-1.3534664568037882],[36.94399556460914,-1.3535155357420017],[36.943901913920705,-1.3535735319823865],[36.94387960830999,-1.353537815591447],[36.943799406462375,-1.35358685629158]]]},"id":"0018000000000002c090","properties":{"FID":514889}},{"type":"Feature","geometry":{"type":"Polygon","coordinates":[[[36.9429209526608,-1.349645020722699],[36.942956625700724,-1.3496896288523301],[36.942969992835344,-1.34972532314108],[36.94299229872326,-1.349716390083318],[36.943112684795125,-1.349618264694384],[36.94319296940193,-1.3495513850744825],[36.9432152752219,-1.349546958294639],[36.94330441642721,-1.349471147027936],[36.943255376476735,-1.3494086920855775],[36.9432152752219,-1.3494265372598648],[36.94317509193838,-1.3494622306451993],[36.943148357741606,-1.3494711233685819],[36.943072583462126,-1.349533535340041],[36.94304576722104,-1.3495424888595],[36.9429209526608,-1.349645020722699]]]},"id":"0018000000000002c380","properties":{"FID":513610}},{"type":"Feature","geometry":{"type":"Polygon","coordinates":[[[36.944053542689815,-1.3444457459866723],[36.94413825456953,-1.3445705819731957],[36.94423633325455,-1.3445037006490048],[36.94416949871338,-1.344405582223109],[36.94413825456953,-1.3444278898441877],[36.94412045934253,-1.3444011118644115],[36.944053542689815,-1.3444457459866723]]]},"id":"0018000000000002181e","properties":{"FID":513866}},{"type":"Feature","geometry":{"type":"Polygon","coordinates":[[[36.948289672567476,-1.346037623513714],[36.948311976834006,-1.346091116655545],[36.94836995149499,-1.3460688104436693],[36.948352157297,-1.3460152969905022],[36.948289672567476,-1.346037623513714]]]},"id":"0018000000000001828a","properties":{"FID":514122}},{"type":"Feature","geometry":{"type":"Polygon","coordinates":[[[36.94264450651372,-1.3534174319881012],[36.94273364841415,-1.3535422741617025],[36.942822872213135,-1.3534842965649376],[36.94273364841415,-1.3533550087460495],[36.94264450651372,-1.3534174319881012]]]},"id":"00180000000000020628","properties":{"FID":514890}},{"type":"Feature","geometry":{"type":"Polygon","coordinates":[[[36.93741840363196,-1.349422073062225],[36.937454079353245,-1.3495157218468443],[36.93751649132039,-1.3494934484345513],[36.93748081562952,-1.3493997997759881],[36.93741840363196,-1.349422073062225]]]},"id":"0018000000000001511e","properties":{"FID":513611}},{"type":"Feature","geometry":{"type":"Polygon","coordinates":[[[36.939068244032434,-1.3444679916317772],[36.93912179740766,-1.3445438223619264],[36.93927335406738,-1.344436806275446],[36.939215454211684,-1.3443609932296865],[36.939068244032434,-1.3444679916317772]]]},"id":"00180000000000023f6f","properties":{"FID":513867}},{"type":"Feature","geometry":{"type":"Polygon","coordinates":[[[36.9475985649397,-1.3460331723920174],[36.94763423569962,-1.3460866670361133],[36.94777691856539,-1.3459885839941903],[36.94774124787503,-1.3459395357057176],[36.9475985649397,-1.3460331723920174]]]},"id":"0018000000000002417d","properties":{"FID":514123}},{"type":"Feature","geometry":{"type":"Polygon","coordinates":[[[36.94109266558492,-1.3533773255594288],[36.941128339515856,-1.353479873998273],[36.94110160457154,-1.3534887693154107],[36.94113727849812,-1.3536002723551055],[36.94124430017352,-1.3535645708246222],[36.94119083035985,-1.353404046543483],[36.94119968732555,-1.3534040671840997],[36.941181891384126,-1.3533460914845417],[36.94109266558492,-1.3533773255594288]]]},"id":"00180000000000029587","properties":{"FID":514891}},{"type":"Feature","geometry":{"type":"Polygon","coordinates":[[[36.952137877934085,-1.3530116797720617],[36.952142387751316,-1.353065139463677],[36.952178056295864,-1.3530651582625906],[36.95217354648085,-1.3530116393041318],[36.952137877934085,-1.3530116797720617]]]},"id":"00180000000000011715","properties":{"FID":515659}},{"type":"Feature","geometry":{"type":"Polygon","coordinates":[[[36.942082590213694,-1.3494488437685064],[36.94212277409698,-1.3495291256550344],[36.942211916632786,-1.3494800542541008],[36.94217181480628,-1.3494042180084762],[36.942082590213694,-1.3494488437685064]]]},"id":"00180000000000020351","properties":{"FID":513612}},{"type":"Feature","geometry":{"type":"Polygon","coordinates":[[[36.94095005169658,-1.3444055744997068],[36.94101246068363,-1.34448136562048],[36.94109266558492,-1.3444189473610657],[36.94103025666625,-1.3443387100950523],[36.94095005169658,-1.3444055744997068]]]},"id":"00180000000000025ca0","properties":{"FID":513868}},{"type":"Feature","geometry":{"type":"Polygon","coordinates":[[[36.94970319202021,-1.3458547916641834],[36.94972106788901,-1.3458771210375453],[36.94980134524596,-1.3458235958103626],[36.94978797935914,-1.3458013053923623],[36.94970319202021,-1.3458547916641834]]]},"id":"00180000000000017301","properties":{"FID":514124}},{"type":"Feature","geometry":{"type":"Polygon","coordinates":[[[36.943415863282794,-1.3533460975205267],[36.943451536081525,-1.3534218993495595],[36.94349171921328,-1.353399601303902],[36.94350508625016,-1.3534352986014564],[36.94358537042656,-1.353395151349161],[36.94353182031664,-1.3532881206470189],[36.943415863282794,-1.3533460975205267]]]},"id":"00180000000000022791","properties":{"FID":514892}},{"type":"Feature","geometry":{"type":"Polygon","coordinates":[[[36.951825797907354,-1.353007201238253],[36.951839163421866,-1.3530517880623145],[36.95188368778694,-1.3530384276792244],[36.951865894443564,-1.352993800938086],[36.951825797907354,-1.353007201238253]]]},"id":"00180000000000012e98","properties":{"FID":515660}},{"type":"Feature","geometry":{"type":"Polygon","coordinates":[[[36.93412755114812,-1.352935865836423],[36.93416773939749,-1.3530518043499118],[36.934283629062435,-1.3530071672428026],[36.93424352289341,-1.352895734687496],[36.93412755114812,-1.352935865836423]]]},"id":"00180000000000012a8d","properties":{"FID":513357}},{"type":"Feature","geometry":{"type":"Polygon","coordinates":[[[36.941578731649656,-1.3494711049336163],[36.94165901793893,-1.3495692360113798],[36.94175709994608,-1.349488936653149],[36.941676813764374,-1.3493908651435926],[36.941578731649656,-1.3494711049336163]]]},"id":"0018000000000002729e","properties":{"FID":513613}},{"type":"Feature","geometry":{"type":"Polygon","coordinates":[[[36.945137076502924,-1.3443921900485885],[36.945239664092114,-1.3445259566526304],[36.94532437459893,-1.3444590750057102],[36.94521735888912,-1.344325327553956],[36.945137076502924,-1.3443921900485885]]]},"id":"00180000000000026233","properties":{"FID":513869}},{"type":"Feature","geometry":{"type":"Polygon","coordinates":[[[36.94711696697774,-1.3457834447028367],[36.947148127847626,-1.345841405936567],[36.94721946978923,-1.34580576238771],[36.94718830894972,-1.3457432958193194],[36.94711696697774,-1.3457834447028367]]]},"id":"00180000000000012963","properties":{"FID":514125}},{"type":"Feature","geometry":{"type":"Polygon","coordinates":[[[36.94309931768655,-1.3533193412460425],[36.943152786106154,-1.3533995712182005],[36.94323307066899,-1.3533460817888783],[36.943179602308035,-1.3532658519901524],[36.94309931768655,-1.3533193412460425]]]},"id":"001800000000000244c1","properties":{"FID":514893}},{"type":"Feature","geometry":{"type":"Polygon","coordinates":[[[36.94750491886196,-1.3530740805054429],[36.94754944586483,-1.3531543455879296],[36.947652030072206,-1.35309637218467],[36.9475985649397,-1.3529982998200418],[36.947562894162395,-1.3530205755709515],[36.94754944586483,-1.352998282473662],[36.94750934696291,-1.3530205775612076],[36.94753165146731,-1.3530606796648883],[36.94750491886196,-1.3530740805054429]]]},"id":"00180000000000022757","properties":{"FID":515661}},{"type":"Feature","geometry":{"type":"Polygon","coordinates":[[[36.9349123662565,-1.3529670695280451],[36.93497035153071,-1.353056241584141],[36.93509517964558,-1.352975982627435],[36.935041705341206,-1.3528867901267],[36.9349123662565,-1.3529670695280451]]]},"id":"00180000000000024a34","properties":{"FID":513358}},{"type":"Feature","geometry":{"type":"Polygon","coordinates":[[[36.94670670828764,-1.3494443453317828],[36.9467780506596,-1.3495380035120292],[36.946849392962015,-1.3494800600453951],[36.9467780506596,-1.349386402059369],[36.94670670828764,-1.3494443453317828]]]},"id":"00180000000000022386","properties":{"FID":513614}},{"type":"Feature","geometry":{"type":"Polygon","coordinates":[[[36.94046398145751,-1.3443163869979073],[36.940530819382126,-1.3443877725889315],[36.94063341342743,-1.344294131489143],[36.94056649358684,-1.3442227475578683],[36.94046398145751,-1.3443163869979073]]]},"id":"0018000000000001b888","properties":{"FID":513870}},{"type":"Feature","geometry":{"type":"Polygon","coordinates":[[[36.94767433453311,-1.3457923942402077],[36.94772788161187,-1.345872605371511],[36.947825955486046,-1.345805722692038],[36.94777240847906,-1.3457299578927697],[36.94767433453311,-1.3457923942402077]]]},"id":"00180000000000023afd","properties":{"FID":514126}},{"type":"Feature","geometry":{"type":"Polygon","coordinates":[[[36.942051427186975,-1.353265839264082],[36.94207816178439,-1.3533193266648713],[36.94214056980967,-1.3532880947638202],[36.942113835235055,-1.3532390548569981],[36.942051427186975,-1.353265839264082]]]},"id":"00180000000000008d53","properties":{"FID":514894}},{"type":"Feature","geometry":{"type":"Polygon","coordinates":[[[36.93839049931097,-1.3494622043170215],[36.93843954252049,-1.3495737004067665],[36.938600039884555,-1.3495023139970197],[36.938550996782524,-1.3493908776213301],[36.93839049931097,-1.3494622043170215]]]},"id":"00180000000000025f70","properties":{"FID":513615}},{"type":"Feature","geometry":{"type":"Polygon","coordinates":[[[36.94460199501957,-1.3442940919928794],[36.944668911170815,-1.3443922081931254],[36.94476698914471,-1.3443208817505203],[36.944700155088135,-1.3442272104680306],[36.94460199501957,-1.3442940919928794]]]},"id":"00180000000000029f6c","properties":{"FID":513871}},{"type":"Feature","geometry":{"type":"Polygon","coordinates":[[[36.94763866379274,-1.345729948419441],[36.94766539634922,-1.3457879281093186],[36.94774124787503,-1.345747759106484],[36.947710005256084,-1.3456942460040022],[36.94763866379274,-1.345729948419441]]]},"id":"00180000000000019be6","properties":{"FID":514127}},{"type":"Feature","geometry":{"type":"Polygon","coordinates":[[[36.936954617673564,-1.353252424779948],[36.93699923310832,-1.3533326996820636],[36.93706164546315,-1.3533015252625042],[36.937017112080056,-1.3532212490251925],[36.936954617673564,-1.353252424779948]]]},"id":"001800000000000196d3","properties":{"FID":514895}},{"type":"Feature","geometry":{"type":"Polygon","coordinates":[[[36.93505507392096,-1.3528600442543544],[36.9351308564987,-1.3529804496208684],[36.935202210152816,-1.352940339583479],[36.935121998798856,-1.352815446660277],[36.93505507392096,-1.3528600442543544]]]},"id":"00180000000000025552","properties":{"FID":513360}},{"type":"Feature","geometry":{"type":"Polygon","coordinates":[[[36.93725790367778,-1.3494265150144673],[36.93730243691443,-1.3494978898180503],[36.937364931024064,-1.3494577668976668],[36.937391667332896,-1.3494979112772552],[36.937427343067206,-1.3494755774848963],[36.93735599158121,-1.3493641192728643],[36.93725790367778,-1.3494265150144673]]]},"id":"0018000000000001b6af","properties":{"FID":513616}},{"type":"Feature","geometry":{"type":"Polygon","coordinates":[[[36.943705755522956,-1.3442450452242451],[36.943750366843545,-1.3443119585219494],[36.943786039479235,-1.3442896320980235],[36.94373691784536,-1.3442227391278398],[36.943705755522956,-1.3442450452242451]]]},"id":"00180000000000018bbe","properties":{"FID":513872}},{"type":"Feature","geometry":{"type":"Polygon","coordinates":[[[36.94882480908691,-1.3457210360886025],[36.94890508742727,-1.3458503326192595],[36.94900758773382,-1.3457834320106454],[36.94894518556429,-1.3456853574436194],[36.94889163937639,-1.3457210415087537],[36.94887384530527,-1.3456942644599317],[36.94882480908691,-1.3457210360886025]]]},"id":"00180000000000025c32","properties":{"FID":514128}},{"type":"Feature","geometry":{"type":"Polygon","coordinates":[[[36.94347835217393,-1.3531989372959687],[36.94350508625016,-1.3532346342878336],[36.94354518734622,-1.3532078313022522],[36.943518453284625,-1.3531677463206064],[36.94347835217393,-1.3531989372959687]]]},"id":"0018000000000000fbbc","properties":{"FID":514896}},{"type":"Feature","geometry":{"type":"Polygon","coordinates":[[[36.953582645153155,-1.3529982971792853],[36.95362725045197,-1.3530964006403758],[36.95373868158515,-1.3530428988016385],[36.953689648627666,-1.352949202377153],[36.953582645153155,-1.3529982971792853]]]},"id":"0018000000000001a84e","properties":{"FID":515664}},{"type":"Feature","geometry":{"type":"Polygon","coordinates":[[[36.94387075166856,-1.349408706720877],[36.943937586482534,-1.3495290698298987],[36.94395095343799,-1.349520176661638],[36.94401344187229,-1.3496316639431454],[36.944031237125316,-1.3496227516149615],[36.94409364348537,-1.349738687332896],[36.944173927016166,-1.3496985484310269],[36.943986625975924,-1.3493462972302162],[36.94387075166856,-1.349408706720877]]]},"id":"0018000000000002bc2e","properties":{"FID":513617}},{"type":"Feature","geometry":{"type":"Polygon","coordinates":[[[36.94056649358684,-1.3442183012331264],[36.9405843716875,-1.3442406325753817],[36.94062447438364,-1.3442093939581585],[36.94060216777418,-1.3441826351319606],[36.94056649358684,-1.3442183012331264]]]},"id":"0018000000000000ab64","properties":{"FID":513873}},{"type":"Feature","geometry":{"type":"Polygon","coordinates":[[[36.94958281678997,-1.3457343852626162],[36.949640790443965,-1.3458458754068356],[36.94974779968466,-1.3457923523395845],[36.94969433608359,-1.345676455397616],[36.94958281678997,-1.3457343852626162]]]},"id":"00180000000000020889","properties":{"FID":514129}},{"type":"Feature","geometry":{"type":"Polygon","coordinates":[[[36.94298335996751,-1.3532435415107231],[36.94303240010025,-1.3533237908065843],[36.943152786106154,-1.3532524523530023],[36.94310825642813,-1.3531721825287675],[36.94298335996751,-1.3532435415107231]]]},"id":"00180000000000022c38","properties":{"FID":514897}},{"type":"Feature","geometry":{"type":"Polygon","coordinates":[[[36.9540731379551,-1.35297600964536],[36.954091012756045,-1.3530071749286916],[36.95412668035037,-1.3529893475853523],[36.95410880555814,-1.3529536763350898],[36.9540731379551,-1.35297600964536]]]},"id":"00180000000000017caa","properties":{"FID":515665}},{"type":"Feature","geometry":{"type":"Polygon","coordinates":[[[36.94403574744222,-1.3493863974417395],[36.944053542689815,-1.3494443651913548],[36.94413825456953,-1.3494176074963427],[36.94412045934252,-1.3493596398489383],[36.94403574744222,-1.3493863974417395]]]},"id":"0018000000000001811d","properties":{"FID":513618}},{"type":"Feature","geometry":{"type":"Polygon","coordinates":[[[36.9447090116292,-1.3442361242945533],[36.94477592768262,-1.3442718169992074],[36.944758050605714,-1.3443030178804816],[36.94483833340768,-1.3443476041279454],[36.94487851577805,-1.3442718452696107],[36.944807171554245,-1.3442316660674882],[36.94483390514512,-1.3441826433173574],[36.94475805060571,-1.344138038299198],[36.944731316987145,-1.3441826149289122],[36.94474025552941,-1.3441870812118064],[36.9447090116292,-1.3442361242945533]]]},"id":"00180000000000020f94","properties":{"FID":513874}},{"type":"Feature","geometry":{"type":"Polygon","coordinates":[[[36.94948474527069,-1.345618446024445],[36.949560512910836,-1.3457344234724309],[36.949640790443965,-1.345680898513114],[36.94964530041513,-1.3456898294436133],[36.949667522268946,-1.3456764546763342],[36.94962742452781,-1.3456184755389007],[36.94961405860922,-1.345627366445592],[36.949591754739615,-1.3455917180630368],[36.94962742452781,-1.3455649457470482],[36.94960512066229,-1.3455337434077508],[36.94948474527069,-1.345618446024445]]]},"id":"0018000000000002b310","properties":{"FID":514130}},{"type":"Feature","geometry":{"type":"Polygon","coordinates":[[[36.94098572569701,-1.3531365105497701],[36.94103919566049,-1.3532256966620713],[36.94113285001163,-1.353172206258222],[36.94107929810747,-1.353083021813638],[36.94098572569701,-1.3531365105497701]]]},"id":"0018000000000001aad2","properties":{"FID":514898}},{"type":"Feature","geometry":{"type":"Polygon","coordinates":[[[36.948860479249014,-1.3530072021208785],[36.948918453475386,-1.3530963580885704],[36.94901652575375,-1.3530295125558198],[36.94895855160508,-1.352944744525192],[36.948860479249014,-1.3530072021208785]]]},"id":"0018000000000001a4c6","properties":{"FID":515666}},{"type":"Feature","geometry":{"type":"Polygon","coordinates":[[[36.93692345246406,-1.3494622016704354],[36.93699029362081,-1.3495380442397846],[36.93707952441965,-1.34946222595571],[36.93697692539434,-1.3493462801800997],[36.936941249440586,-1.349377508344244],[36.93697692539434,-1.349413166034718],[36.93692345246406,-1.3494622016704354]]]},"id":"00180000000000024d4c","properties":{"FID":513619}},{"type":"Feature","geometry":{"type":"Polygon","coordinates":[[[36.94124430017352,-1.3441826348068837],[36.9412889129943,-1.3442851797668283],[36.941395934448025,-1.3442406080213953],[36.94135132169246,-1.3441380633115037],[36.94124430017352,-1.3441826348068837]]]},"id":"00180000000000021fc2","properties":{"FID":513875}},{"type":"Feature","geometry":{"type":"Polygon","coordinates":[[[36.9482183316693,-1.3455337473617477],[36.948231697842886,-1.3455738816674656],[36.94826736829415,-1.3455649524960196],[36.94825851218373,-1.3455203518024699],[36.9482183316693,-1.3455337473617477]]]},"id":"00180000000000015213","properties":{"FID":514131}},{"type":"Feature","geometry":{"type":"Polygon","coordinates":[[[36.94223873317935,-1.3531276093346516],[36.94230556948355,-1.3532212412575013],[36.94241701785998,-1.3531409886024686],[36.942350181657545,-1.3530473569681507],[36.94223873317935,-1.3531276093346516]]]},"id":"0018000000000001eefe","properties":{"FID":514899}},{"type":"Feature","geometry":{"type":"Polygon","coordinates":[[[36.95193723178492,-1.3530071791064675],[36.95200856905671,-1.3531142372717515],[36.95211114701179,-1.353038420354495],[36.95209327172701,-1.3530160886080522],[36.952128940295516,-1.3529938140317903],[36.95211114701179,-1.352962587218637],[36.952097781546975,-1.352971540308148],[36.95206211296328,-1.3529180410751396],[36.95193723178492,-1.3530071791064675]]]},"id":"0018000000000001c339","properties":{"FID":515667}},{"type":"Feature","geometry":{"type":"Polygon","coordinates":[[[36.94337133376483,-1.3495290757740321],[36.94346498513215,-1.3496405457295004],[36.943509514593146,-1.3496004469515894],[36.94348720886284,-1.3495736864256636],[36.94354969769307,-1.349524613249729],[36.94358086008191,-1.3495647946282519],[36.94362989981431,-1.3495201693326824],[36.94360767612694,-1.3494934074373983],[36.94370124518572,-1.3494131900561304],[36.943634410155944,-1.3493284607091682],[36.943518453284625,-1.3494220589805361],[36.943509514593146,-1.3494086988536553],[36.94337133376483,-1.3495290757740321]]]},"id":"00180000000000028a92","properties":{"FID":513620}},{"type":"Feature","geometry":{"type":"Polygon","coordinates":[[[36.94037032625068,-1.3441960310958707],[36.94044610332747,-1.3442896685317138],[36.94055763654453,-1.3442093869214171],[36.94048177757346,-1.3441113048965507],[36.94037032625068,-1.3441960310958707]]]},"id":"001800000000000229ff","properties":{"FID":513876}},{"type":"Feature","geometry":{"type":"Polygon","coordinates":[[[36.95027841560725,-1.3454401084298129],[36.95028735347192,-1.3454935983250484],[36.95032302292097,-1.3454891746188653],[36.950314085060654,-1.3454356254751336],[36.95027841560725,-1.3454401084298129]]]},"id":"0018000000000000a7f5","properties":{"FID":514132}},{"type":"Feature","geometry":{"type":"Polygon","coordinates":[[[36.94273364841415,-1.353123152101847],[36.94280056627358,-1.3532033805461867],[36.9429209526608,-1.3531008515764509],[36.942849606528796,-1.3530205834275164],[36.94273364841415,-1.353123152101847]]]},"id":"0018000000000001d9db","properties":{"FID":514900}},{"type":"Feature","geometry":{"type":"Polygon","coordinates":[[[36.94374142818039,-1.349359650408924],[36.94378603947923,-1.3493908776845742],[36.94380383478755,-1.349359672087442],[36.943754795171685,-1.3493329107487304],[36.94374142818039,-1.349359650408924]]]},"id":"0018000000000000910a","properties":{"FID":513621}},{"type":"Feature","geometry":{"type":"Polygon","coordinates":[[[36.94382171209754,-1.3441112758908442],[36.9439019139207,-1.344253975500442],[36.94398219766181,-1.3442049562408556],[36.943910852564265,-1.3440890145891788],[36.9438662413415,-1.3441157666759374],[36.943852874370556,-1.3440934753702352],[36.94382171209754,-1.3441112758908442]]]},"id":"0018000000000002696d","properties":{"FID":513877}},{"type":"Feature","geometry":{"type":"Polygon","coordinates":[[[36.94798200419715,-1.3454489986095468],[36.94803997911957,-1.3455159109943127],[36.94809352593075,-1.3454623833818666],[36.948035551050744,-1.3453999764506968],[36.94798200419715,-1.3454489986095468]]]},"id":"0018000000000001cde5","properties":{"FID":514133}},{"type":"Feature","geometry":{"type":"Polygon","coordinates":[[[36.940981215192174,-1.3530339433304768],[36.94099458268752,-1.3530963854869018],[36.941065930627595,-1.3530785151534703],[36.94104813465364,-1.3530116449476384],[36.940981215192174,-1.3530339433304768]]]},"id":"001800000000000133d8","properties":{"FID":514901}},{"type":"Feature","geometry":{"type":"Polygon","coordinates":[[[36.94430324974013,-1.3493507117925012],[36.94432998351507,-1.3493908524596645],[36.94438796133083,-1.3493552003656797],[36.944365655868246,-1.3493150406513992],[36.94430324974013,-1.3493507117925012]]]},"id":"00180000000000018368","properties":{"FID":513622}},{"type":"Feature","geometry":{"type":"Polygon","coordinates":[[[36.94377259048759,-1.3440310448268413],[36.94379489613092,-1.3440622485875018],[36.94383507907416,-1.3440310099604418],[36.94381277344308,-1.343999806235918],[36.94377259048759,-1.3440310448268413]]]},"id":"0018000000000000dfdd","properties":{"FID":513878}},{"type":"Feature","geometry":{"type":"Polygon","coordinates":[[[36.94844580229043,-1.3453286513534728],[36.94849032872073,-1.3454400831392084],[36.948628581884144,-1.3453821557520533],[36.94857954550139,-1.3452706260982457],[36.94844580229043,-1.3453286513534728]]]},"id":"001800000000000233f1","properties":{"FID":514134}},{"type":"Feature","geometry":{"type":"Polygon","coordinates":[[[36.94196220244765,-1.3530874513797246],[36.94197556976386,-1.3531587876645863],[36.94199344752039,-1.3531543193717577],[36.941997875954826,-1.3531766557002896],[36.94210940680764,-1.3531587836439527],[36.94208710065067,-1.3530071973624311],[36.94198008020744,-1.3530250483641022],[36.941989019085696,-1.3530830023275435],[36.94196220244765,-1.3530874513797246]]]},"id":"001800000000000242df","properties":{"FID":514902}},{"type":"Feature","geometry":{"type":"Polygon","coordinates":[[[36.948989793690906,-1.352886794080432],[36.94902095376321,-1.352993798669794],[36.94911910790424,-1.3529625872392212],[36.949087865873636,-1.3528600312979802],[36.948989793690906,-1.352886794080432]]]},"id":"0018000000000001e26c","properties":{"FID":515670}},{"type":"Feature","geometry":{"type":"Polygon","coordinates":[[[36.94324643775312,-1.3493328982168473],[36.94326874355679,-1.3493685523930918],[36.94332229385919,-1.34933736584305],[36.94329998807183,-1.3493017117154018],[36.94324643775312,-1.3493328982168473]]]},"id":"00180000000000009edb","properties":{"FID":513623}},{"type":"Feature","geometry":{"type":"Polygon","coordinates":[[[36.944566322781576,-1.3440488818030016],[36.944664482898,-1.3441603183150639],[36.944753622338276,-1.3440845263601304],[36.944655544346475,-1.3439730294054857],[36.944566322781576,-1.3440488818030016]]]},"id":"0018000000000002890b","properties":{"FID":513879}},{"type":"Feature","geometry":{"type":"Polygon","coordinates":[[[36.94836995149499,-1.3453063375512624],[36.94840119383215,-1.3453464523592866],[36.94844580229042,-1.3453108079661504],[36.94841455997232,-1.3452706339291092],[36.94836995149499,-1.3453063375512624]]]},"id":"0018000000000001812b","properties":{"FID":514135}},{"type":"Feature","geometry":{"type":"Polygon","coordinates":[[[36.93676295142498,-1.3530071709842963],[36.936785177190266,-1.3530562347836679],[36.93682536398121,-1.3530383831405355],[36.936803056214266,-1.3529893801450685],[36.93676295142498,-1.3530071709842963]]]},"id":"00180000000000014827","properties":{"FID":514903}},{"type":"Feature","geometry":{"type":"Polygon","coordinates":[[[36.93551436106833,-1.352802079925434],[36.93560802248657,-1.3529180159285925],[36.93567937567576,-1.352864503761771],[36.9355901431708,-1.352744100993103],[36.93551436106833,-1.352802079925434]]]},"id":"0018000000000002899d","properties":{"FID":513368}},{"type":"Feature","geometry":{"type":"Polygon","coordinates":[[[36.939759432211574,-1.3493329024178524],[36.939786167646034,-1.3493685984031842],[36.93983520992067,-1.3493284184999659],[36.939808474504126,-1.3492927818596798],[36.939759432211574,-1.3493329024178524]]]},"id":"00180000000000015e2c","properties":{"FID":513624}},{"type":"Feature","geometry":{"type":"Polygon","coordinates":[[[36.9406780266205,-1.3439552476031935],[36.940709190231885,-1.3440622390646513],[36.940843029590994,-1.3440221153364127],[36.94081178402722,-1.3439150663301842],[36.9406780266205,-1.3439552476031935]]]},"id":"0018000000000001c394","properties":{"FID":513880}},{"type":"Feature","geometry":{"type":"Polygon","coordinates":[[[36.94980134524596,-1.3452438994663065],[36.949837014931965,-1.3452840538596238],[36.949899416340834,-1.3452305494156331],[36.94986374668525,-1.3451903950941746],[36.94980134524596,-1.3452438994663065]]]},"id":"0018000000000000a268","properties":{"FID":514136}},{"type":"Feature","geometry":{"type":"Polygon","coordinates":[[[36.94519062543832,-1.353002744326579],[36.945239664092114,-1.353051801103309],[36.94527090776577,-1.3530161431173704],[36.945221869132915,-1.3529715335937336],[36.94519062543832,-1.353002744326579]]]},"id":"00180000000000011ccb","properties":{"FID":514904}},{"type":"Feature","geometry":{"type":"Polygon","coordinates":[[[36.93443527775254,-1.3527574751813285],[36.9345556778951,-1.352918009243523],[36.934582415229606,-1.3528957109679813],[36.934462015131,-1.3527351770328389],[36.93443527775254,-1.3527574751813285]]]},"id":"001800000000000241fb","properties":{"FID":513369}},{"type":"Feature","geometry":{"type":"Polygon","coordinates":[[[36.93703941978178,-1.3493863847116696],[36.93711962903555,-1.3494577804129948],[36.93719540947679,-1.3493775162144876],[36.93708395315132,-1.3492704440238295],[36.93705721673014,-1.349301691712881],[36.93708846389626,-1.3493329212080634],[36.93703941978178,-1.3493863847116696]]]},"id":"0018000000000001dd9e","properties":{"FID":513625}},{"type":"Feature","geometry":{"type":"Polygon","coordinates":[[[36.944075848247515,-1.343866052752431],[36.94409815379842,-1.343910653823598],[36.94416949871338,-1.3438793995895244],[36.94414719318422,-1.3438303525177875],[36.944075848247515,-1.343866052752431]]]},"id":"0018000000000000a113","properties":{"FID":513881}},{"type":"Feature","geometry":{"type":"Polygon","coordinates":[[[36.94921275191604,-1.3452483624124087],[36.94923948389743,-1.3452929430518283],[36.94932418977392,-1.345243905387628],[36.949337555745466,-1.3452706416396087],[36.94926178787441,-1.345315253425314],[36.94928409184461,-1.3453509017495076],[36.94943119947768,-1.3452662023153068],[36.94944456542968,-1.3452884925770434],[36.9495873267647,-1.3452037517319386],[36.949569450863216,-1.345172530717987],[36.94947137932602,-1.345230518095611],[36.94943570946175,-1.3451770256874225],[36.94940889555233,-1.3451324467213255],[36.94921275191604,-1.3452483624124087]]]},"id":"001800000000000295f6","properties":{"FID":514137}},{"type":"Feature","geometry":{"type":"Polygon","coordinates":[[[36.94075380337878,-1.353033947602715],[36.94082515155352,-1.3531409621048],[36.94102131767091,-1.3530071991146504],[36.94097227619084,-1.352935843146902],[36.94090543866928,-1.352980436504755],[36.940874193132146,-1.3529358643530875],[36.940793905982105,-1.3529849067413775],[36.94080284500521,-1.352998268337047],[36.94075380337878,-1.353033947602715]]]},"id":"00180000000000029422","properties":{"FID":514905}},{"type":"Feature","geometry":{"type":"Polygon","coordinates":[[[36.948200537434445,-1.3528422239836337],[36.94821390361127,-1.3528823656609916],[36.94826736829415,-1.3528600708009566],[36.948249574071205,-1.3528198891945387],[36.948200537434445,-1.3528422239836337]]]},"id":"00180000000000015166","properties":{"FID":515673}},{"type":"Feature","geometry":{"type":"Polygon","coordinates":[[[36.938778415438456,-1.3492883045107356],[36.938876501304975,-1.349439904039804],[36.938970158422784,-1.3493819756129388],[36.938872072681725,-1.3492303171597377],[36.938778415438456,-1.3492883045107356]]]},"id":"00180000000000024689","properties":{"FID":513626}},{"type":"Feature","geometry":{"type":"Polygon","coordinates":[[[36.94062447438364,-1.343901709997947],[36.940686965657754,-1.3439641604167505],[36.940807355521045,-1.343852659530164],[36.940749374869085,-1.3437858021195186],[36.94062447438364,-1.343901709997947]]]},"id":"00180000000000022c39","properties":{"FID":513882}},{"type":"Feature","geometry":{"type":"Polygon","coordinates":[[[36.95021158658451,-1.345177022546196],[36.95023389026514,-1.3452171755169477],[36.95035869235263,-1.3451457940491809],[36.95033638871004,-1.345105641207218],[36.95021158658451,-1.345177022546196]]]},"id":"00180000000000019ccf","properties":{"FID":514138}},{"type":"Feature","geometry":{"type":"Polygon","coordinates":[[[36.94240365062438,-1.3529447707043196],[36.94241258945091,-1.3529759807497077],[36.94246162996605,-1.352967045709561],[36.94245269114549,-1.352931388336835],[36.94240365062438,-1.3529447707043196]]]},"id":"00180000000000017d03","properties":{"FID":514906}},{"type":"Feature","geometry":{"type":"Polygon","coordinates":[[[36.9511747385997,-1.352851144840435],[36.95120597973913,-1.352958144889173],[36.951304048951044,-1.3529313825735687],[36.951272807853485,-1.352824382732231],[36.9511747385997,-1.352851144840435]]]},"id":"0018000000000001d4db","properties":{"FID":515674}},{"type":"Feature","geometry":{"type":"Polygon","coordinates":[[[36.93747638692186,-1.34925709458165],[36.937494183763995,-1.3492972190687356],[36.93754322757388,-1.3492704982479389],[36.93752543074366,-1.3492303145162838],[36.93747638692186,-1.34925709458165]]]},"id":"001800000000000102b0","properties":{"FID":513627}},{"type":"Feature","geometry":{"type":"Polygon","coordinates":[[[36.94008050281127,-1.3438794055383105],[36.940151851642206,-1.3439864597927798],[36.94036138717477,-1.3438481908358517],[36.94029003854805,-1.3437456427444197],[36.94008050281127,-1.3438794055383105]]]},"id":"0018000000000002bd60","properties":{"FID":513883}},{"type":"Feature","geometry":{"type":"Polygon","coordinates":[[[36.950193710835556,-1.3451101160147094],[36.95021158658451,-1.3451502878222972],[36.95030522919799,-1.345105657741593],[36.95028735347192,-1.3450655453034592],[36.950193710835556,-1.3451101160147094]]]},"id":"001800000000000157b2","properties":{"FID":514139}},{"type":"Feature","geometry":{"type":"Polygon","coordinates":[[[36.94101246068364,-1.352975987034151],[36.94110160457154,-1.3530919358439903],[36.941181891384126,-1.353029491753509],[36.941092665584925,-1.352913544662834],[36.94101246068364,-1.352975987034151]]]},"id":"0018000000000001118f","properties":{"FID":514907}},{"type":"Feature","geometry":{"type":"Polygon","coordinates":[[[36.954095440458346,-1.352851106012426],[36.954162347927294,-1.3529626268612454],[36.954287143312435,-1.352886773560265],[36.954220317952,-1.3527753109089147],[36.954095440458346,-1.352851106012426]]]},"id":"0018000000000001a883","properties":{"FID":515675}},{"type":"Feature","geometry":{"type":"Polygon","coordinates":[[[36.94335345634484,-1.3492481740270286],[36.94337133376483,-1.34928829401967],[36.94342931233999,-1.3492615353530613],[36.943411434934156,-1.3492214154157791],[36.94335345634484,-1.3492481740270286]]]},"id":"0018000000000000e6ee","properties":{"FID":513628}},{"type":"Feature","geometry":{"type":"Polygon","coordinates":[[[36.94096341919764,-1.3437991615910194],[36.94103025666625,-1.3438393037410705],[36.94107486961748,-1.3437724164185603],[36.941003521686135,-1.343727789025897],[36.94096341919764,-1.3437991615910194]]]},"id":"0018000000000001ee4a","properties":{"FID":513884}},{"type":"Feature","geometry":{"type":"Polygon","coordinates":[[[36.94970770198752,-1.345159182826117],[36.94976116557883,-1.345243897443962],[36.94989498838454,-1.3451636422464357],[36.949841442891774,-1.345078929368454],[36.94970770198752,-1.345159182826117]]]},"id":"0018000000000001e936","properties":{"FID":514140}},{"type":"Feature","geometry":{"type":"Polygon","coordinates":[[[36.941150645964974,-1.3529090762337923],[36.941177462900335,-1.3529938129788472],[36.94126660658731,-1.3529670878932336],[36.941239871693504,-1.3528823498465208],[36.941150645964974,-1.3529090762337923]]]},"id":"00180000000000022632","properties":{"FID":514908}},{"type":"Feature","geometry":{"type":"Polygon","coordinates":[[[36.948254002127086,-1.3527931878041877],[36.94830754878163,-1.352926952201927],[36.948383317640875,-1.352900170071939],[36.948329853042715,-1.3527664044355714],[36.948254002127086,-1.3527931878041877]]]},"id":"0018000000000000b4e0","properties":{"FID":515676}},{"type":"Feature","geometry":{"type":"Polygon","coordinates":[[[36.943090378943886,-1.3268411877075443],[36.94312162353506,-1.3268857940103924],[36.943166153204956,-1.3268545631459256],[36.94313499063956,-1.3268099554699726],[36.943090378943886,-1.3268411877075443]]]},"id":"00180000000000013ced","properties":{"FID":512093}},{"type":"Feature","geometry":{"type":"Polygon","coordinates":[[[36.94326874355679,-1.3493819522191215],[36.94332229385919,-1.3494666801075363],[36.94359422710252,-1.349288320655443],[36.9435407590054,-1.349203591936936],[36.94326874355679,-1.3493819522191215]]]},"id":"0018000000000002baa9","properties":{"FID":513629}},{"type":"Feature","geometry":{"type":"Polygon","coordinates":[[[36.94053975843735,-1.343799160668432],[36.94058437168751,-1.343857124260446],[36.94071370075349,-1.3437456440183064],[36.94069139417122,-1.3437188854567625],[36.940718129265335,-1.3436921516564058],[36.9406735160967,-1.3436430808391293],[36.94053975843735,-1.3437590256827139],[36.940562065065826,-1.3437813380495918],[36.94053975843735,-1.343799160668432]]]},"id":"00180000000000024032","properties":{"FID":513885}},{"type":"Feature","geometry":{"type":"Polygon","coordinates":[[[36.94910574189278,-1.345047693242],[36.94914583991983,-1.3451145640124988],[36.94919044792411,-1.3450833662594495],[36.94915026792148,-1.3450209429684297],[36.94910574189278,-1.345047693242]]]},"id":"00180000000000018650","properties":{"FID":514141}},{"type":"Feature","geometry":{"type":"Polygon","coordinates":[[[36.94207816178439,-1.352980434543127],[36.94214950866834,-1.3530829996914366],[36.9422074882113,-1.3530383860844875],[36.942234222751715,-1.353074083555022],[36.942283263386365,-1.3530384048421835],[36.94225652886386,-1.353002766718112],[36.94230114106773,-1.3529670481427123],[36.94223422275172,-1.3528734181530218],[36.94207816178439,-1.352980434543127]]]},"id":"00180000000000028cf5","properties":{"FID":514909}},{"type":"Feature","geometry":{"type":"Polygon","coordinates":[[[36.94869992238231,-1.3529046291028415],[36.94874453065846,-1.3529848911850166],[36.94890951544348,-1.3528867962736078],[36.948922881490795,-1.352909090379561],[36.94896297961807,-1.3528823487993777],[36.94888278334154,-1.352744137445436],[36.9487802008597,-1.3528065559591373],[36.9488025049767,-1.352846657212093],[36.94869992238231,-1.3529046291028415]]]},"id":"0018000000000002baa6","properties":{"FID":515677}},{"type":"Feature","geometry":{"type":"Polygon","coordinates":[[[36.94231893673707,-1.3268144437225944],[36.942336814409735,-1.3268545429213776],[36.942470568785495,-1.326796576252283],[36.9424526911455,-1.326756477177697],[36.94231893673707,-1.3268144437225944]]]},"id":"0018000000000000b667","properties":{"FID":512094}},{"type":"Feature","geometry":{"type":"Polygon","coordinates":[[[36.93820769414858,-1.349239229868813],[36.93826116614102,-1.3493418122933496],[36.93837713134014,-1.349283844675325],[36.938323577420235,-1.349181263991028],[36.93820769414858,-1.349239229868813]]]},"id":"00180000000000027a6f","properties":{"FID":513630}},{"type":"Feature","geometry":{"type":"Polygon","coordinates":[[[36.94041042906407,-1.3436519866918772],[36.94048177757347,-1.3437590399778783],[36.94060667830238,-1.3436743156396194],[36.94053532991472,-1.343571708958856],[36.94041042906407,-1.3436519866918772]]]},"id":"00180000000000027a62","properties":{"FID":513886}},{"type":"Feature","geometry":{"type":"Polygon","coordinates":[[[36.95071546771099,-1.345003096660604],[36.95074219914329,-1.3450923126840315],[36.95080910967949,-1.3450699692330512],[36.95077786837058,-1.3449808329415545],[36.95071546771099,-1.345003096660604]]]},"id":"00180000000000013a0b","properties":{"FID":514142}},{"type":"Feature","geometry":{"type":"Polygon","coordinates":[[[36.94024099657808,-1.3529135392700278],[36.94029454909547,-1.3530339753566254],[36.94038369385759,-1.352989341434064],[36.9403257128701,-1.3528734316747193],[36.94024099657808,-1.3529135392700278]]]},"id":"0018000000000001b96f","properties":{"FID":514910}},{"type":"Feature","geometry":{"type":"Polygon","coordinates":[[[36.95238312959043,-1.3527887203942766],[36.952405432609,-1.3528154794149263],[36.95245446642737,-1.352770852552172],[36.952432163423744,-1.3527440935711692],[36.95238312959043,-1.3527887203942766]]]},"id":"00180000000000016028","properties":{"FID":515678}},{"type":"Feature","geometry":{"type":"Polygon","coordinates":[[[36.940084931361426,-1.3266583844239792],[36.94011166667702,-1.32672973522303],[36.94018301547758,-1.3267073989009648],[36.94015628018805,-1.3266316041510626],[36.940084931361426,-1.3266583844239792]]]},"id":"0018000000000001b47e","properties":{"FID":512095}},{"type":"Feature","geometry":{"type":"Polygon","coordinates":[[[36.935616962142824,-1.352726249416935],[36.93571054141475,-1.3528466935745067],[36.93578189450406,-1.3527886746362277],[36.93569274413912,-1.352668330058316],[36.935616962142824,-1.352726249416935]]]},"id":"0018000000000001eb63","properties":{"FID":513375}},{"type":"Feature","geometry":{"type":"Polygon","coordinates":[[[36.937141936706055,-1.3492927802946677],[36.937186552026674,-1.349377495104123],[36.93728464002568,-1.3493328881541302],[36.937217717124206,-1.349185774402778],[36.93716424436976,-1.3492125142878615],[36.937190980751865,-1.3492704472480364],[36.937141936706055,-1.3492927802946677]]]},"id":"00180000000000011275","properties":{"FID":513631}},{"type":"Feature","geometry":{"type":"Polygon","coordinates":[[[36.93995117262668,-1.3436832026743075],[36.940000214790786,-1.3437545459665954],[36.940191954575276,-1.3436252474011028],[36.94015628018805,-1.3435673040673934],[36.940075992250655,-1.3436207702109357],[36.94006713514901,-1.3436074096577866],[36.93995117262668,-1.3436832026743075]]]},"id":"00180000000000027630","properties":{"FID":513887}},{"type":"Feature","geometry":{"type":"Polygon","coordinates":[[[36.94862415385094,-1.3450164762407635],[36.94867761823403,-1.3451011917927473],[36.9488025049767,-1.345016470119769],[36.94877577283566,-1.3449674435331094],[36.94873116457857,-1.3449986412664918],[36.94870886043982,-1.3449629929553413],[36.94862415385094,-1.3450164762407635]]]},"id":"001800000000000141dc","properties":{"FID":514143}},{"type":"Feature","geometry":{"type":"Polygon","coordinates":[[[36.94085639711159,-1.3528644874972169],[36.9409009281595,-1.3529626081826613],[36.94095890869141,-1.3529402906495218],[36.94090986716953,-1.3528377434134156],[36.94085639711159,-1.3528644874972169]]]},"id":"0018000000000000b412","properties":{"FID":514911}},{"type":"Feature","geometry":{"type":"Polygon","coordinates":[[[36.95177668167048,-1.3528377301425134],[36.951807922552845,-1.3528823551639078],[36.95186146660629,-1.3528377663653128],[36.95188368778694,-1.3528689738667883],[36.951955107107835,-1.3528110237968285],[36.95188819761984,-1.3527173465985596],[36.951803494712074,-1.3527798012442855],[36.95182579790736,-1.3528020543607442],[36.95177668167048,-1.3528377301425134]]]},"id":"0018000000000001e4d1","properties":{"FID":515679}},{"type":"Feature","geometry":{"type":"Polygon","coordinates":[[[36.94302346134941,-1.3262971766344858],[36.94308595057556,-1.326381885234552],[36.94325094811838,-1.3262570748920222],[36.9432152752219,-1.3262079839631054],[36.94325094811838,-1.3261767897371035],[36.94322413194264,-1.3261455570677694],[36.94302346134941,-1.3262971766344858]]]},"id":"001800000000000297e3","properties":{"FID":512096}},{"type":"Feature","geometry":{"type":"Polygon","coordinates":[[[36.94045947092053,-1.3492258789456026],[36.940504084219604,-1.3493105899960247],[36.94057994316756,-1.3492749164733235],[36.94053532991472,-1.3491857586008151],[36.94045947092053,-1.3492258789456026]]]},"id":"0018000000000001e479","properties":{"FID":513632}},{"type":"Feature","geometry":{"type":"Polygon","coordinates":[[[36.94456189450254,-1.3436252215876332],[36.94461093357762,-1.3437857776305246],[36.944726888718094,-1.3437501211598237],[36.944677849720705,-1.3435940115132996],[36.94464660579387,-1.3436029801014993],[36.94462881069046,-1.343553913421613],[36.94457968962221,-1.3435717334844197],[36.94459313846555,-1.3436163122571854],[36.94456189450254,-1.3436252215876332]]]},"id":"00180000000000022de6","properties":{"FID":513888}},{"type":"Feature","geometry":{"type":"Polygon","coordinates":[[[36.95018477295944,-1.3449005464140558],[36.95021158658451,-1.3449362329499837],[36.950269559740256,-1.3448960860407926],[36.950242746136446,-1.344860399560318],[36.95018477295944,-1.3449005464140558]]]},"id":"00180000000000016f34","properties":{"FID":514144}},{"type":"Feature","geometry":{"type":"Polygon","coordinates":[[[36.94268017968837,-1.3528243501549373],[36.9427380768038,-1.35294476435505],[36.9429030751308,-1.3528689587356308],[36.942862973682956,-1.3527887293367706],[36.94282730059739,-1.352806558762588],[36.942809423044515,-1.3527663758495245],[36.94268017968837,-1.3528243501549373]]]},"id":"00180000000000025c1d","properties":{"FID":514912}},{"type":"Feature","geometry":{"type":"Polygon","coordinates":[[[36.95224045570785,-1.352819890820781],[36.95230285506659,-1.3528689427285043],[36.95237419198181,-1.352784254426848],[36.95231179268392,-1.3527352026210768],[36.95224045570785,-1.352819890820781]]]},"id":"0018000000000001d903","properties":{"FID":515680}},{"type":"Feature","geometry":{"type":"Polygon","coordinates":[[[36.94387517998942,-1.3259805931798199],[36.943897485601475,-1.3260251760042217],[36.94393315816546,-1.326007313565022],[36.943910852564265,-1.325962730779497],[36.94387517998942,-1.3259805931798199]]]},"id":"0018000000000000d756","properties":{"FID":512097}},{"type":"Feature","geometry":{"type":"Polygon","coordinates":[[[36.93439066075571,-1.3526950490422145],[36.934408540364316,-1.3527307291583992],[36.934470954927136,-1.3526994955422151],[36.93445758624076,-1.3526638540579687],[36.93439066075571,-1.3526950490422145]]]},"id":"00180000000000015865","properties":{"FID":513377}},{"type":"Feature","geometry":{"type":"Polygon","coordinates":[[[36.94616712809558,-1.3492035813822834],[36.946207309736344,-1.3492704592929896],[36.9462519195321,-1.349248147654568],[36.94621624809834,-1.3491768026044892],[36.94616712809558,-1.3492035813822834]]]},"id":"0018000000000001f1e4","properties":{"FID":513633}},{"type":"Feature","geometry":{"type":"Polygon","coordinates":[[[36.94449948854176,-1.3435628325549454],[36.944512855394606,-1.3436029667853622],[36.94457968962221,-1.3435851308137687],[36.944566322781576,-1.3435449966356636],[36.94449948854176,-1.3435628325549454]]]},"id":"001800000000000184ba","properties":{"FID":513889}},{"type":"Feature","geometry":{"type":"Polygon","coordinates":[[[36.94902989178151,-1.3448826943322059],[36.94907449985647,-1.3449451579441705],[36.949123535907496,-1.3449094956080807],[36.94907892786242,-1.3448470320812955],[36.94902989178151,-1.3448826943322059]]]},"id":"0018000000000001c2a5","properties":{"FID":514145}},{"type":"Feature","geometry":{"type":"Polygon","coordinates":[[[36.942309997899095,-1.352806548925187],[36.942350181657545,-1.3528511393648899],[36.94242152827635,-1.3527931842656904],[36.94238585497564,-1.352744125829669],[36.942309997899095,-1.352806548925187]]]},"id":"00180000000000020ce4","properties":{"FID":514913}},{"type":"Feature","geometry":{"type":"Polygon","coordinates":[[[36.949364369681035,-1.352739620320449],[36.94941340553778,-1.352802074306739],[36.94945350339622,-1.3527708860761647],[36.94940446756633,-1.3527084321604237],[36.949364369681035,-1.352739620320449]]]},"id":"0018000000000001cb30","properties":{"FID":515681}},{"type":"Feature","geometry":{"type":"Polygon","coordinates":[[[36.943228642309286,-1.3261277625672268],[36.94329998807183,-1.3262347726772377],[36.94348720886284,-1.3261143761283558],[36.94345153608152,-1.3260519541045253],[36.94357200340432,-1.3259761506324084],[36.9435407590054,-1.3259271016498722],[36.943228642309286,-1.3261277625672268]]]},"id":"0018000000000002baaa","properties":{"FID":512098}},{"type":"Feature","geometry":{"type":"Polygon","coordinates":[[[36.93725339294327,-1.3492258790108425],[36.93730243691443,-1.3493105744806833],[36.9374006067714,-1.349257071989879],[36.93735148085275,-1.3491723781788203],[36.93725339294327,-1.3492258790108425]]]},"id":"00180000000000023e06","properties":{"FID":513634}},{"type":"Feature","geometry":{"type":"Polygon","coordinates":[[[36.9406780266205,-1.343602925882718],[36.94071370075349,-1.3436698206402355],[36.9407582318882,-1.3436475158636114],[36.94078947747484,-1.343705536910554],[36.94085639711159,-1.3436698544368297],[36.940838519077374,-1.3436341847171143],[36.940923234677925,-1.3435895926826278],[36.940874193132146,-1.3435004063483973],[36.9406780266205,-1.343602925882718]]]},"id":"00180000000000025928","properties":{"FID":513890}},{"type":"Feature","geometry":{"type":"Polygon","coordinates":[[[36.94929302983075,-1.344802469688566],[36.94933312775516,-1.3448514969922367],[36.94938216363285,-1.3448068838252327],[36.94934649372509,-1.3447623429135576],[36.94929302983075,-1.344802469688566]]]},"id":"001800000000000186cc","properties":{"FID":514146}},{"type":"Feature","geometry":{"type":"Polygon","coordinates":[[[36.93996454031012,-1.3528065471933737],[36.9400938704711,-1.3529269430717057],[36.94016079074371,-1.352860051280698],[36.94003146070096,-1.3527396556361115],[36.93996454031012,-1.3528065471933737]]]},"id":"00180000000000021acc","properties":{"FID":514914}},{"type":"Feature","geometry":{"type":"Polygon","coordinates":[[[36.94920381392009,-1.3527708716975766],[36.94927072586328,-1.3528734462046506],[36.949373225657595,-1.3528020760995023],[36.94930188581594,-1.3527039681340887],[36.94920381392009,-1.3527708716975766]]]},"id":"0018000000000001e953","properties":{"FID":515682}},{"type":"Feature","geometry":{"type":"Polygon","coordinates":[[[36.94382614042136,-1.3258824986615207],[36.94388854695628,-1.3259761538667427],[36.94395095343799,-1.3259315193571544],[36.94388854695628,-1.3258378643155453],[36.94382614042136,-1.3258824986615207]]]},"id":"00180000000000022160","properties":{"FID":512099}},{"type":"Feature","geometry":{"type":"Polygon","coordinates":[[[36.93967028668932,-1.349203559750233],[36.939741635920036,-1.349332920962394],[36.9397906782245,-1.349306141485122],[36.93971932904158,-1.3491768397259944],[36.93967028668932,-1.349203559750233]]]},"id":"0018000000000000eab6","properties":{"FID":513635}},{"type":"Feature","geometry":{"type":"Polygon","coordinates":[[[36.943063644716176,-1.3435137458510564],[36.94311711316183,-1.3435761750240014],[36.943166153204956,-1.3435360663796072],[36.943112684795125,-1.3434736372932128],[36.943063644716176,-1.3435137458510564]]]},"id":"001800000000000096e2","properties":{"FID":513891}},{"type":"Feature","geometry":{"type":"Polygon","coordinates":[[[36.950064398521576,-1.3447979854448324],[36.950086702247084,-1.3448782695817514],[36.950193710835556,-1.3448514840820387],[36.95017591708112,-1.3447667932171914],[36.950064398521576,-1.3447979854448324]]]},"id":"00180000000000022256","properties":{"FID":514147}},{"type":"Feature","geometry":{"type":"Polygon","coordinates":[[[36.94103476716807,-1.352757489394572],[36.94113727849812,-1.352904628870935],[36.94122199375293,-1.352842225339298],[36.94111948254152,-1.3526995336115357],[36.94103476716807,-1.352757489394572]]]},"id":"001800000000000239e7","properties":{"FID":514915}},{"type":"Feature","geometry":{"type":"Polygon","coordinates":[[[36.944102582105515,-1.325833430017591],[36.9441338262646,-1.3258780348097483],[36.94427651595544,-1.3257843673890821],[36.94424978216097,-1.3257442465192943],[36.944102582105515,-1.325833430017591]]]},"id":"0018000000000001d490","properties":{"FID":512100}},{"type":"Feature","geometry":{"type":"Polygon","coordinates":[[[36.939933376381745,-1.3492214347414124],[36.93995560118466,-1.3492570918176452],[36.94003588925407,-1.3491991047748484],[36.9400091539108,-1.349163468319398],[36.939933376381745,-1.3492214347414124]]]},"id":"0018000000000001bf11","properties":{"FID":513636}},{"type":"Feature","geometry":{"type":"Polygon","coordinates":[[[36.94039706146205,-1.34351379570327],[36.94045504239303,-1.3436073898684264],[36.94057100411724,-1.3435360438105937],[36.940508594753844,-1.3434424094137045],[36.94039706146205,-1.34351379570327]]]},"id":"001800000000000294ce","properties":{"FID":513892}},{"type":"Feature","geometry":{"type":"Polygon","coordinates":[[[36.94978346939678,-1.3448158067637954],[36.949819139091495,-1.3448738036960401],[36.94993959593206,-1.3448068864416267],[36.94990835425181,-1.3447444842277183],[36.94978346939678,-1.3448158067637954]]]},"id":"00180000000000022e21","properties":{"FID":514148}},{"type":"Feature","geometry":{"type":"Polygon","coordinates":[[[36.93990655899067,-1.3527173813939022],[36.939937804940804,-1.3527664013810479],[36.94001358246527,-1.3527173797851064],[36.939986847113865,-1.352672786614764],[36.93990655899067,-1.3527173813939022]]]},"id":"001800000000000194df","properties":{"FID":514916}},{"type":"Feature","geometry":{"type":"Polygon","coordinates":[[[36.95262838042448,-1.3527129214557667],[36.95267298630525,-1.3527931791145418],[36.95271759215882,-1.3527664180738685],[36.95267298630525,-1.3526906072590665],[36.95262838042448,-1.3527129214557667]]]},"id":"0018000000000000ec39","properties":{"FID":515684}},{"type":"Feature","geometry":{"type":"Polygon","coordinates":[[[36.94428094425173,-1.3256907355010756],[36.944312188334685,-1.3257353400589562],[36.94437016616453,-1.325699670696372],[36.94433892210635,-1.3256550662048405],[36.94428094425173,-1.3256907355010756]]]},"id":"0018000000000001bd45","properties":{"FID":512101}},{"type":"Feature","geometry":{"type":"Polygon","coordinates":[[[36.93757890323435,-1.3492125282934715],[36.937641397108024,-1.3493061168064648],[36.937703808915515,-1.3492704430143967],[36.93769044081931,-1.3492481474286364],[36.93771717700929,-1.349230360043452],[36.9376681333159,-1.3491545594363246],[36.93757890323435,-1.3492125282934715]]]},"id":"0018000000000001f4f2","properties":{"FID":513637}},{"type":"Feature","geometry":{"type":"Polygon","coordinates":[[[36.94311711316183,-1.3434647263499748],[36.94313941900492,-1.343500376105138],[36.94319739776379,-1.343469180051516],[36.94317509193838,-1.3434335303470135],[36.94311711316183,-1.3434647263499748]]]},"id":"00180000000000015ef5","properties":{"FID":513893}},{"type":"Feature","geometry":{"type":"Polygon","coordinates":[[[36.94955608493403,-1.3447534276690962],[36.94960512066229,-1.344833655410722],[36.94969876405202,-1.3447801340382821],[36.94964530041512,-1.3446954201906858],[36.94955608493403,-1.3447534276690962]]]},"id":"00180000000000014337","properties":{"FID":514149}},{"type":"Feature","geometry":{"type":"Polygon","coordinates":[[[36.94304576722104,-1.3526683136684168],[36.94305913433938,-1.3527307535775968],[36.94310374605409,-1.3527173315150036],[36.94308595057556,-1.3526593582383188],[36.94304576722104,-1.3526683136684168]]]},"id":"0018000000000000bf72","properties":{"FID":514917}},{"type":"Feature","geometry":{"type":"Polygon","coordinates":[[[36.94836101339609,-1.3527396436372858],[36.94838782768954,-1.3528109718922756],[36.94851263292609,-1.352766420916893],[36.94848590067916,-1.3526950321053994],[36.94836101339609,-1.3527396436372858]]]},"id":"001800000000000226d1","properties":{"FID":515685}},{"type":"Feature","geometry":{"type":"Polygon","coordinates":[[[36.944035747442214,-1.325650622568511],[36.944066909624105,-1.3257175064855953],[36.944124887648265,-1.3256907244724416],[36.94408921517773,-1.3256238598459973],[36.944035747442214,-1.325650622568511]]]},"id":"00180000000000010e23","properties":{"FID":512102}},{"type":"Feature","geometry":{"type":"Polygon","coordinates":[[[36.93572390987241,-1.3526460130568476],[36.935808631390884,-1.352770883819559],[36.93588449520373,-1.3527173514088893],[36.935835450282894,-1.3526415434090224],[36.93583093946077,-1.3526460118242594],[36.9357952629487,-1.352596949316014],[36.93572390987241,-1.3526460130568476]]]},"id":"00180000000000022416","properties":{"FID":513382}},{"type":"Feature","geometry":{"type":"Polygon","coordinates":[[[36.93602720097385,-1.3492035820005552],[36.9360539377711,-1.3492526213298637],[36.93612529052582,-1.3492125194436042],[36.93609847173997,-1.349163422358756],[36.93602720097385,-1.3492035820005552]]]},"id":"0018000000000000b285","properties":{"FID":513638}},{"type":"Feature","geometry":{"type":"Polygon","coordinates":[[[36.940276670924035,-1.3434245621321683],[36.9403079167162,-1.3434736314807543],[36.94037926532551,-1.3434245917851335],[36.94034801956379,-1.3433755225332389],[36.940276670924035,-1.3434245621321683]]]},"id":"0018000000000001ad0e","properties":{"FID":513894}},{"type":"Feature","geometry":{"type":"Polygon","coordinates":[[[36.94940003958009,-1.3447311065830418],[36.94943119947767,-1.3447533789734583],[36.94944456542967,-1.3447355373534644],[36.94948917325182,-1.3447623146995706],[36.94952041511105,-1.3447177194012307],[36.94944456542968,-1.3446686711626488],[36.94940003958009,-1.3447311065830418]]]},"id":"0018000000000000fe6d","properties":{"FID":514150}},{"type":"Feature","geometry":{"type":"Polygon","coordinates":[[[36.94116852392297,-1.3526594076642116],[36.94119525884284,-1.3527128949286724],[36.9411729524073,-1.3527218297890615],[36.94121756527157,-1.352824395697971],[36.94130670890972,-1.3527842694487724],[36.94123536120433,-1.352628157277013],[36.94116852392297,-1.3526594076642116]]]},"id":"0018000000000002115e","properties":{"FID":514918}},{"type":"Feature","geometry":{"type":"Polygon","coordinates":[[[36.95123713886753,-1.3527217900008077],[36.951286173469036,-1.3528466761246543],[36.95138875243711,-1.3528109996014324],[36.951339717904375,-1.3526816669266608],[36.95123713886753,-1.3527217900008077]]]},"id":"0018000000000001a3bd","properties":{"FID":515686}},{"type":"Feature","geometry":{"type":"Polygon","coordinates":[[[36.94434786069654,-1.3256327515218373],[36.94437902274554,-1.3256996351418435],[36.94458862818299,-1.3256104928232326],[36.944557466223245,-1.3255391066084663],[36.94434786069654,-1.3256327515218373]]]},"id":"001800000000000260b9","properties":{"FID":512103}},{"type":"Feature","geometry":{"type":"Polygon","coordinates":[[[36.94042830720284,-1.3491768022356136],[36.940455042393026,-1.3492213917622085],[36.940499655694815,-1.3491946910437684],[36.940472920520904,-1.349150101568849],[36.94042830720284,-1.3491768022356136]]]},"id":"0018000000000000b216","properties":{"FID":513639}},{"type":"Feature","geometry":{"type":"Polygon","coordinates":[[[36.94099458268752,-1.3434870207161798],[36.94102131767091,-1.3435404968189366],[36.94113727849812,-1.3434869955334077],[36.94111948254152,-1.3434513246475432],[36.94121313678993,-1.343406753493936],[36.94116852392297,-1.3433175490975855],[36.94107929810747,-1.3433577143867104],[36.94111497204492,-1.3434335008086238],[36.94102582817329,-1.3434736649432106],[36.94099458268752,-1.3434870207161798]]]},"id":"0018000000000002a2ef","properties":{"FID":513895}},{"type":"Feature","geometry":{"type":"Polygon","coordinates":[[[36.94902989178151,-1.3447043238020584],[36.949065561843625,-1.3447757182019857],[36.94914583991983,-1.3447400383289658],[36.94911016989684,-1.3446641981572056],[36.94902989178151,-1.3447043238020584]]]},"id":"0018000000000001fca4","properties":{"FID":514151}},{"type":"Feature","geometry":{"type":"Polygon","coordinates":[[[36.94251067044833,-1.3526638750093072],[36.94259095571545,-1.3527708461884076],[36.94263556771552,-1.3527351874244555],[36.94255528249732,-1.3526326043946884],[36.94251067044833,-1.3526638750093072]]]},"id":"00180000000000023d43","properties":{"FID":514919}},{"type":"Feature","geometry":{"type":"Polygon","coordinates":[[[36.948918453475386,-1.3527218030469341],[36.948971917643426,-1.3527976382658338],[36.94894961357808,-1.3528154663544254],[36.94898528367934,-1.3528645206598946],[36.94910574189278,-1.3527842340865208],[36.94901652575375,-1.3526548994172738],[36.948918453475386,-1.3527218030469341]]]},"id":"0018000000000002422a","properties":{"FID":515687}},{"type":"Feature","geometry":{"type":"Polygon","coordinates":[[[36.94351402494219,-1.325445509398526],[36.94373691784535,-1.3257308896461026],[36.943786039479235,-1.3256951963547183],[36.94356306471938,-1.3254053742105207],[36.94351402494219,-1.325445509398526]]]},"id":"0018000000000002afa6","properties":{"FID":512104}},{"type":"Feature","geometry":{"type":"Polygon","coordinates":[[[36.93976386078115,-1.349208070082163],[36.93982184221361,-1.349301676473537],[36.93991106956172,-1.3492392618613809],[36.93985308819991,-1.3491501027105013],[36.93976386078115,-1.349208070082163]]]},"id":"00180000000000024894","properties":{"FID":513640}},{"type":"Feature","geometry":{"type":"Polygon","coordinates":[[[36.94392872984812,-1.3432595970663157],[36.94394652512174,-1.3432952665017006],[36.94400007492823,-1.343264030558857],[36.94398219766181,-1.3432283626190185],[36.94392872984812,-1.3432595970663157]]]},"id":"00180000000000009cb6","properties":{"FID":513896}},{"type":"Feature","geometry":{"type":"Polygon","coordinates":[[[36.94731762634692,-1.3447266541843856],[36.94735772535392,-1.344806923378939],[36.94748261434941,-1.3447400448895286],[36.94743800530392,-1.3446597369676876],[36.94731762634692,-1.3447266541843856]]]},"id":"001800000000000250a8","properties":{"FID":514152}},{"type":"Feature","geometry":{"type":"Polygon","coordinates":[[[36.94052639085895,-1.3526950559319406],[36.940566493586836,-1.3527574978253525],[36.94060667830238,-1.3527307523809897],[36.94063784194413,-1.352779773391731],[36.940704761719495,-1.3527351788703341],[36.940633413427435,-1.3526237176918432],[36.94052639085895,-1.3526950559319406]]]},"id":"0018000000000001b62c","properties":{"FID":514920}},{"type":"Feature","geometry":{"type":"Polygon","coordinates":[[[36.94333115056698,-1.3251734761643383],[36.94349614755705,-1.3253964654833763],[36.94355412603334,-1.3253562934371796],[36.943384700823714,-1.325133381458251],[36.94333115056698,-1.3251734761643383]]]},"id":"001800000000000288c0","properties":{"FID":512105}},{"type":"Feature","geometry":{"type":"Polygon","coordinates":[[[36.93523788695381,-1.3526281868787176],[36.935327119887994,-1.3527530376516521],[36.935402902184215,-1.352699506439555],[36.93530924050364,-1.3525746751935115],[36.93523788695381,-1.3526281868787176]]]},"id":"001800000000000287d3","properties":{"FID":513385}},{"type":"Feature","geometry":{"type":"Polygon","coordinates":[[[36.93633483758175,-1.3492660318794725],[36.93636157426669,-1.3493106238588846],[36.93646860292307,-1.349243740995485],[36.93641512962158,-1.3491590045180333],[36.93633926635846,-1.3492080211129855],[36.93636157426669,-1.3492481849018143],[36.93633483758175,-1.3492660318794725]]]},"id":"00180000000000011d30","properties":{"FID":513641}},{"type":"Feature","geometry":{"type":"Polygon","coordinates":[[[36.941016889177405,-1.3432105490540571],[36.941088237095734,-1.3433175412250684],[36.941155156459374,-1.343272967268],[36.94107929810747,-1.343165936205517],[36.941016889177405,-1.3432105490540571]]]},"id":"0018000000000000fbe6","properties":{"FID":513897}},{"type":"Feature","geometry":{"type":"Polygon","coordinates":[[[36.94921275191604,-1.3446597797447093],[36.94925727787962,-1.3447087881068434],[36.94931082379992,-1.3446642141480334],[36.94926621586904,-1.3446151480278454],[36.94921275191604,-1.3446597797447093]]]},"id":"00180000000000016744","properties":{"FID":514153}},{"type":"Feature","geometry":{"type":"Polygon","coordinates":[[[36.94256864970523,-1.3526237097524707],[36.94261326171888,-1.352695083070935],[36.942671240894526,-1.3526593651085694],[36.94262220051982,-1.352588011185664],[36.94256864970523,-1.3526237097524707]]]},"id":"00180000000000008d9e","properties":{"FID":514921}},{"type":"Feature","geometry":{"type":"Polygon","coordinates":[[[36.94328211063441,-1.325128884696873],[36.94330884478233,-1.3251690055544763],[36.9433579667035,-1.3251378159496456],[36.94333566092702,-1.3250976774031338],[36.94328211063441,-1.325128884696873]]]},"id":"0018000000000000d609","properties":{"FID":512106}},{"type":"Feature","geometry":{"type":"Polygon","coordinates":[[[36.93612529052582,-1.3491902240361635],[36.93625905624991,-1.3493685920102103],[36.93633483758175,-1.3493150699153067],[36.93620107199609,-1.3491322550979437],[36.93612529052582,-1.3491902240361635]]]},"id":"001800000000000277e4","properties":{"FID":513642}},{"type":"Feature","geometry":{"type":"Polygon","coordinates":[[[36.943629899814304,-1.3423232077847371],[36.94367008284814,-1.3423321032470945],[36.943679021520026,-1.3422919919832919],[36.94363883849109,-1.342283037233648],[36.943629899814304,-1.3423232077847371]]]},"id":"0018000000000000c5d0","properties":{"FID":513898}},{"type":"Feature","geometry":{"type":"Polygon","coordinates":[[[36.94952041511105,-1.3446508533092119],[36.94954271900241,-1.3447177407572153],[36.94965866632801,-1.344673132782218],[36.94963636247202,-1.3446106913758207],[36.94952041511105,-1.3446508533092119]]]},"id":"001800000000000205e9","properties":{"FID":514154}},{"type":"Feature","geometry":{"type":"Polygon","coordinates":[[[36.94290758551722,-1.3526103421132627],[36.942969992835344,-1.3527039915314425],[36.94305470596915,-1.3526460372057045],[36.94299229872326,-1.3525523880041035],[36.94290758551722,-1.3526103421132627]]]},"id":"0018000000000001cd06","properties":{"FID":514922}},{"type":"Feature","geometry":{"type":"Polygon","coordinates":[[[36.95136202124107,-1.3526995326092548],[36.95143778693699,-1.3528154652356912],[36.95151363455182,-1.352770836153609],[36.9514779656833,-1.3527173367382477],[36.95150026897784,-1.352703956078004],[36.95144229679737,-1.3526148038407928],[36.95138432457096,-1.3526504588065849],[36.95139769016613,-1.3526771989019446],[36.95136202124107,-1.3526995326092548]]]},"id":"0018000000000002646f","properties":{"FID":515690}},{"type":"Feature","geometry":{"type":"Polygon","coordinates":[[[36.94235461007039,-1.3250842790364936],[36.94238134455708,-1.3251377907950475],[36.94248836441364,-1.3250798207464944],[36.94246162996605,-1.3250308120999073],[36.94235461007039,-1.3250842790364936]]]},"id":"0018000000000000b2b0","properties":{"FID":512107}},{"type":"Feature","geometry":{"type":"Polygon","coordinates":[[[36.93726676111927,-1.349136699305985],[36.937289068744946,-1.3491946511692405],[36.93733811269221,-1.3491768247304263],[36.937315805081475,-1.3491144257843435],[36.93726676111927,-1.349136699305985]]]},"id":"0018000000000001635e","properties":{"FID":513643}},{"type":"Feature","geometry":{"type":"Polygon","coordinates":[[[36.94997526555065,-1.344592855639645],[36.95000642520325,-1.3446285246448095],[36.95005546062966,-1.344583971542722],[36.95002430099796,-1.3445483025896208],[36.94997526555065,-1.344592855639645]]]},"id":"0018000000000001664f","properties":{"FID":514155}},{"type":"Feature","geometry":{"type":"Polygon","coordinates":[[[36.940312345252615,-1.3525612803330356],[36.94034359102955,-1.3526014050402784],[36.9403257128701,-1.3526147680727314],[36.94040157200289,-1.3527128666077892],[36.940490716634685,-1.3526415489538361],[36.94038820439924,-1.3525033038582581],[36.940312345252615,-1.3525612803330356]]]},"id":"0018000000000001fe8c","properties":{"FID":514923}},{"type":"Feature","geometry":{"type":"Polygon","coordinates":[[[36.95219584956332,-1.3526683063374167],[36.95224488352218,-1.3527574978998314],[36.95238312959044,-1.3526861481777375],[36.95233409572424,-1.3525925101606067],[36.95219584956332,-1.3526683063374167]]]},"id":"001800000000000285ba","properties":{"FID":515691}},{"type":"Feature","geometry":{"type":"Polygon","coordinates":[[[36.94363883849109,-1.3249282284389878],[36.943679021520026,-1.3249817423101566],[36.943705755522956,-1.324963917736508],[36.943665572508706,-1.3249104039029915],[36.94363883849109,-1.3249282284389878]]]},"id":"0018000000000001715e","properties":{"FID":512108}},{"type":"Feature","geometry":{"type":"Polygon","coordinates":[[[36.93583093946077,-1.3525657163367404],[36.9359068032505,-1.352695072958897],[36.93598701374488,-1.352646029963243],[36.93594247970823,-1.3525657537833213],[36.935933540091725,-1.3525746891199686],[36.935902292432765,-1.3525256074810676],[36.93583093946077,-1.3525657163367404]]]},"id":"00180000000000018e31","properties":{"FID":513388}},{"type":"Feature","geometry":{"type":"Polygon","coordinates":[[[36.9435808600819,-1.349123314003065],[36.9436121044637,-1.3492080208995774],[36.94365671584138,-1.349190214769597],[36.94362547147862,-1.3491055079587155],[36.9435808600819,-1.349123314003065]]]},"id":"00180000000000019ab3","properties":{"FID":513644}},{"type":"Feature","geometry":{"type":"Polygon","coordinates":[[[36.949837014931965,-1.3445661303443894],[36.9499172921617,-1.3446865302434983],[36.949952961791176,-1.3446597591468668],[36.94987268460059,-1.3445438052164753],[36.949837014931965,-1.3445661303443894]]]},"id":"00180000000000021935","properties":{"FID":514156}},{"type":"Feature","geometry":{"type":"Polygon","coordinates":[[[36.936040569373695,-1.352418604889914],[36.936120779721556,-1.3525434359704038],[36.936201071996095,-1.3524943920119878],[36.93611635093163,-1.352369522602951],[36.936040569373695,-1.352418604889914]]]},"id":"00180000000000026e8e","properties":{"FID":514924}},{"type":"Feature","geometry":{"type":"Polygon","coordinates":[[[36.947348787131354,-1.3526460204511872],[36.947420128877326,-1.3527218362596238],[36.94750491886196,-1.3526460360072772],[36.94743357719866,-1.352570220383767],[36.947348787131354,-1.3526460204511872]]]},"id":"00180000000000026aa1","properties":{"FID":515692}},{"type":"Feature","geometry":{"type":"Polygon","coordinates":[[[36.94261769011582,-1.324740977522524],[36.94265336330354,-1.3248033984081453],[36.942693546873485,-1.3247810740868233],[36.94266230209958,-1.3247186355468092],[36.94261769011582,-1.324740977522524]]]},"id":"00180000000000012153","properties":{"FID":512109}},{"type":"Feature","geometry":{"type":"Polygon","coordinates":[[[36.93973269676735,-1.3491589929474344],[36.939755003641736,-1.3491990956357018],[36.939862027337895,-1.3491367220693238],[36.93983972049612,-1.3490965601989875],[36.93973269676735,-1.3491589929474344]]]},"id":"00180000000000015da1","properties":{"FID":513645}},{"type":"Feature","geometry":{"type":"Polygon","coordinates":[[[36.95044347893188,-1.3511031426300677],[36.95050136990536,-1.351259232005908],[36.950586156319254,-1.3512280246532182],[36.950528183414384,-1.3510719370209379],[36.95044347893188,-1.3511031426300677]]]},"id":"00180000000000021788","properties":{"FID":513901}},{"type":"Feature","geometry":{"type":"Polygon","coordinates":[[[36.9491369019157,-1.3446463577920311],[36.94915920592396,-1.3447043537465362],[36.949221607910964,-1.3446775849025994],[36.94920381392009,-1.3446374708647233],[36.94926178787441,-1.3446151668827846],[36.94923054590473,-1.344530416434102],[36.94918150992543,-1.34454829455031],[36.94920824191822,-1.3446196091541027],[36.9491369019157,-1.3446463577920311]]]},"id":"00180000000000023f48","properties":{"FID":514157}},{"type":"Feature","geometry":{"type":"Polygon","coordinates":[[[36.94041493960408,-1.3525033038845575],[36.940499655694815,-1.352619271809287],[36.94069139417122,-1.352481024226609],[36.94060667830238,-1.3523650569139773],[36.94041493960408,-1.3525033038845575]]]},"id":"0018000000000002c36d","properties":{"FID":514925}},{"type":"Feature","geometry":{"type":"Polygon","coordinates":[[[36.94848590067915,-1.352659396949824],[36.9485528132789,-1.3527396779369893],[36.94868655629428,-1.3526326517170886],[36.94861964381683,-1.352552371032165],[36.94848590067915,-1.352659396949824]]]},"id":"00180000000000025e93","properties":{"FID":515693}},{"type":"Feature","geometry":{"type":"Polygon","coordinates":[[[36.942515180858926,-1.3245625833824632],[36.94257758851162,-1.3246606812572248],[36.94264893490876,-1.3246160712177468],[36.94258652731691,-1.324517973527262],[36.942515180858926,-1.3245625833824632]]]},"id":"00180000000000014609","properties":{"FID":512110}},{"type":"Feature","geometry":{"type":"Polygon","coordinates":[[[36.935344917252486,-1.3525478897658558],[36.935425210377694,-1.3526772278778854],[36.93550099257242,-1.3526281446215476],[36.9354206995303,-1.3524988660755173],[36.935344917252486,-1.3525478897658558]]]},"id":"0018000000000001d812","properties":{"FID":513390}},{"type":"Feature","geometry":{"type":"Polygon","coordinates":[[[36.9412086262991,-1.3490653363733145],[36.94122199375294,-1.3491188779068726],[36.94127997403056,-1.3491054596111398],[36.94126660658731,-1.34905197742813],[36.9412086262991,-1.3490653363733145]]]},"id":"0018000000000001209b","properties":{"FID":513646}},{"type":"Feature","geometry":{"type":"Polygon","coordinates":[[[36.94967646020826,-1.3445125898787058],[36.94969876405203,-1.344539345687024],[36.94974779968466,-1.3444992384398171],[36.94972549585583,-1.3444724826688839],[36.94967646020826,-1.3445125898787058]]]},"id":"00180000000000011f3b","properties":{"FID":514158}},{"type":"Feature","geometry":{"type":"Polygon","coordinates":[[[36.936143087696344,-1.352347225281994],[36.93622780872987,-1.3524676469476768],[36.93629916131517,-1.3524185839119778],[36.93621444036419,-1.352298221780514],[36.936143087696344,-1.352347225281994]]]},"id":"0018000000000001964d","properties":{"FID":514926}},{"type":"Feature","geometry":{"type":"Polygon","coordinates":[[[36.94434335039887,-1.3242682888389534],[36.94439689991502,-1.3243396395555627],[36.94468670626448,-1.3241166951174401],[36.944633238965444,-1.3240453435627115],[36.94434335039887,-1.3242682888389534]]]},"id":"0018000000000002a650","properties":{"FID":512111}},{"type":"Feature","geometry":{"type":"Polygon","coordinates":[[[36.93625011667205,-1.3490921332110173],[36.93631704045784,-1.3492080586732584],[36.93640176129011,-1.3491590039087273],[36.93633926635846,-1.3490430596271514],[36.93625011667205,-1.3490921332110173]]]},"id":"0018000000000002505d","properties":{"FID":513647}},{"type":"Feature","geometry":{"type":"Polygon","coordinates":[[[36.95018928289707,-1.3510764044663441],[36.950269559740256,-1.3511968201956377],[36.950367630207495,-1.3511254758171265],[36.950327532850075,-1.3510674907049054],[36.95030965712945,-1.3510808512236883],[36.95028735347192,-1.3510496456693708],[36.95024725607049,-1.3510763844760847],[36.95022938033026,-1.3510496656415345],[36.95018928289707,-1.3510764044663441]]]},"id":"00180000000000027a2c","properties":{"FID":513903}},{"type":"Feature","geometry":{"type":"Polygon","coordinates":[[[36.94979240732191,-1.3444680418148722],[36.94982807701228,-1.3445125822145816],[36.949850380809835,-1.344494760978753],[36.9498191390915,-1.3444502017602653],[36.94979240732191,-1.3444680418148722]]]},"id":"0018000000000000a1f1","properties":{"FID":514159}},{"type":"Feature","geometry":{"type":"Polygon","coordinates":[[[36.936254545453885,-1.3522625224969893],[36.93633926635845,-1.3523918390298668],[36.93641512962158,-1.352338307907638],[36.93633040880478,-1.3522134985519938],[36.936254545453885,-1.3522625224969893]]]},"id":"00180000000000024d2a","properties":{"FID":514927}},{"type":"Feature","geometry":{"type":"Polygon","coordinates":[[[36.94428094425173,-1.324170194035577],[36.94433892210635,-1.3242549167531612],[36.944633238965444,-1.3240497870301586],[36.944575261343985,-1.3239695084577008],[36.94428094425173,-1.324170194035577]]]},"id":"0018000000000002c3b5","properties":{"FID":512112}},{"type":"Feature","geometry":{"type":"Polygon","coordinates":[[[36.939184207953254,-1.349038609782765],[36.939228822029456,-1.349109921463245],[36.93925555765768,-1.3490965815484626],[36.93921094359777,-1.3490252106194112],[36.939184207953254,-1.349038609782765]]]},"id":"0018000000000000de9e","properties":{"FID":513648}},{"type":"Feature","geometry":{"type":"Polygon","coordinates":[[[36.95051481766035,-1.3510407509560214],[36.950599522060244,-1.351187886159949],[36.95067086063655,-1.3511432810086592],[36.950715467710985,-1.351120968224029],[36.95063068144696,-1.3509738349118854],[36.95051481766035,-1.3510407509560214]]]},"id":"0018000000000002702d","properties":{"FID":513904}},{"type":"Feature","geometry":{"type":"Polygon","coordinates":[[[36.948847113190304,-1.3444769546656725],[36.94890951544348,-1.3445794727388631],[36.948989793690906,-1.3445304555241697],[36.948931819521064,-1.344427859544494],[36.948847113190304,-1.3444769546656725]]]},"id":"00180000000000022a94","properties":{"FID":514160}},{"type":"Feature","geometry":{"type":"Polygon","coordinates":[[[36.940718129265335,-1.3522982072750724],[36.94080284500521,-1.3524052202086205],[36.94090543866928,-1.352324948440692],[36.94082072304814,-1.352217935816723],[36.940718129265335,-1.3522982072750724]]]},"id":"0018000000000002269c","properties":{"FID":514928}},{"type":"Feature","geometry":{"type":"Polygon","coordinates":[[[36.952115574833954,-1.3525345496391172],[36.95216911866219,-1.3526371198599965],[36.95229399944467,-1.3525702173897036],[36.95226275876991,-1.3525122526840667],[36.95221372482303,-1.3525389735420197],[36.95219142174601,-1.3524988743342983],[36.952115574833954,-1.3525345496391172]]]},"id":"0018000000000001a02e","properties":{"FID":515696}},{"type":"Feature","geometry":{"type":"Polygon","coordinates":[[[36.94510591477668,-1.3238268097168513],[36.94514158675167,-1.3238981734105117],[36.94520842040512,-1.3238625315504167],[36.945177258709265,-1.3237956515300202],[36.94510591477668,-1.3238268097168513]]]},"id":"0018000000000000ecca","properties":{"FID":512113}},{"type":"Feature","geometry":{"type":"Polygon","coordinates":[[[36.945311007894304,-1.3490252172896284],[36.94535561823642,-1.3490876298955368],[36.94537792339729,-1.3490698040436322],[36.945333313068765,-1.3490118381601401],[36.945311007894304,-1.3490252172896284]]]},"id":"00180000000000016561","properties":{"FID":513649}},{"type":"Feature","geometry":{"type":"Polygon","coordinates":[[[36.94933312775516,-1.344508155442583],[36.94939552959381,-1.344588384261461],[36.94951147715269,-1.3444992586634907],[36.949453503396214,-1.3444189519833707],[36.94933312775516,-1.344508155442583]]]},"id":"00180000000000021220","properties":{"FID":514161}},{"type":"Feature","geometry":{"type":"Polygon","coordinates":[[[36.94068245513451,-1.3522224047658202],[36.940722557776915,-1.352280339242725],[36.94078504896731,-1.3522357651010257],[36.94074486434968,-1.352177832179147],[36.94068245513451,-1.3522224047658202]]]},"id":"0018000000000000e621","properties":{"FID":514929}},{"type":"Feature","geometry":{"type":"Polygon","coordinates":[[[36.95258377451651,-1.3526014180959822],[36.95261944284583,-1.352659363360727],[36.95273095751038,-1.3525880145274167],[36.952699717022234,-1.352534556143771],[36.95269086144837,-1.352538982202482],[36.952668558516834,-1.3524988832423865],[36.952592712099516,-1.352543451825111],[36.95261501505418,-1.3525836101542454],[36.95258377451651,-1.3526014180959822]]]},"id":"0018000000000001d8d9","properties":{"FID":515697}},{"type":"Feature","geometry":{"type":"Polygon","coordinates":[[[36.94495428818786,-1.3237688945184969],[36.94498553198334,-1.3238223837613585],[36.94504793752969,-1.3237867004064165],[36.94502120401701,-1.3237331921563547],[36.94495428818786,-1.3237688945184969]]]},"id":"00180000000000018eda","properties":{"FID":512114}},{"type":"Feature","geometry":{"type":"Polygon","coordinates":[[[36.9363527167157,-1.3490430588052402],[36.936428497950615,-1.3491500514329344],[36.93650870787355,-1.3490965702158955],[36.93643292672166,-1.3489895185208984],[36.9363527167157,-1.3490430588052402]]]},"id":"001800000000000274e8","properties":{"FID":513650}},{"type":"Feature","geometry":{"type":"Polygon","coordinates":[[[36.95069759208516,-1.3509604944732028],[36.95076893056582,-1.351098676318602],[36.95086708236174,-1.351045177062108],[36.95080017187856,-1.3509203162177315],[36.9507511369513,-1.3509470945825262],[36.950742199143285,-1.3509337352877977],[36.95069759208516,-1.3509604944732028]]]},"id":"0018000000000002410f","properties":{"FID":513906}},{"type":"Feature","geometry":{"type":"Polygon","coordinates":[[[36.949538209024915,-1.344468021679083],[36.94955608493403,-1.3444902912275005],[36.94962742452781,-1.3444323627678485],[36.94960954863614,-1.3444100339870895],[36.949538209024915,-1.344468021679083]]]},"id":"00180000000000016664","properties":{"FID":514162}},{"type":"Feature","geometry":{"type":"Polygon","coordinates":[[[36.94021426130973,-1.352222408483977],[36.9402856100103,-1.352293724170907],[36.94037032625068,-1.35221347297271],[36.94029897763268,-1.352142157461126],[36.94021426130973,-1.352222408483977]]]},"id":"00180000000000016da3","properties":{"FID":514930}},{"type":"Feature","geometry":{"type":"Polygon","coordinates":[[[36.94409815379842,-1.3239383383989918],[36.94420517114479,-1.324094371318564],[36.94450834510711,-1.3238803205783292],[36.944405838498135,-1.323724269876016],[36.94409815379842,-1.3239383383989918]]]},"id":"0018000000000002d5e3","properties":{"FID":512115}},{"type":"Feature","geometry":{"type":"Polygon","coordinates":[[[36.93411869332694,-1.352534535404113],[36.93419890577976,-1.3526370717088931],[36.934288139979856,-1.3525701953842597],[36.93421227451335,-1.352463193773613],[36.93411869332694,-1.352534535404113]]]},"id":"00180000000000020a4e","properties":{"FID":513395}},{"type":"Feature","geometry":{"type":"Polygon","coordinates":[[[36.946876125806845,-1.349056445460106],[36.94692524533369,-1.3490786982639131],[36.94695640628522,-1.3490118627255956],[36.94690736878182,-1.3489895491942758],[36.946876125806845,-1.349056445460106]]]},"id":"00180000000000013485","properties":{"FID":513651}},{"type":"Feature","geometry":{"type":"Polygon","coordinates":[[[36.950407727542945,-1.3508891512666725],[36.95049251406536,-1.3510228854729476],[36.950590584233716,-1.350955988499878],[36.95050587982347,-1.3508266998293421],[36.950407727542945,-1.3508891512666725]]]},"id":"00180000000000024629","properties":{"FID":513907}},{"type":"Feature","geometry":{"type":"Polygon","coordinates":[[[36.94824506401402,-1.3444680146157584],[36.948262940239076,-1.3444902845412936],[36.94834764724614,-1.3444323565007237],[36.94833428109374,-1.3444100663369452],[36.94824506401402,-1.3444680146157584]]]},"id":"00180000000000016c10","properties":{"FID":514163}},{"type":"Feature","geometry":{"type":"Polygon","coordinates":[[[36.94018301547758,-1.3521733299412542],[36.940191954575276,-1.3522045402534288],[36.94024993566871,-1.3521867302737582],[36.94023656803738,-1.352155479957466],[36.94018301547758,-1.3521733299412542]]]},"id":"0018000000000000afe1","properties":{"FID":514931}},{"type":"Feature","geometry":{"type":"Polygon","coordinates":[[[36.94865531407896,-1.3525345430242641],[36.9487355926053,-1.3526237174920321],[36.94881587104356,-1.3525523864519533],[36.94874010263225,-1.3524631914415182],[36.94865531407896,-1.3525345430242641]]]},"id":"00180000000000027348","properties":{"FID":515699}},{"type":"Feature","geometry":{"type":"Polygon","coordinates":[[[36.9452486025723,-1.3237332119306162],[36.94529321295246,-1.3237956517724068],[36.94536004646743,-1.3237465615123434],[36.945315436128006,-1.3236841217873445],[36.9452486025723,-1.3237332119306162]]]},"id":"0018000000000000ecda","properties":{"FID":512116}},{"type":"Feature","geometry":{"type":"Polygon","coordinates":[[[36.935933540091725,-1.3524988415659558],[36.93601826136768,-1.3526192639332806],[36.93609847173997,-1.3525612665602829],[36.9360449981682,-1.3524899259408258],[36.936040569373695,-1.3524943928614725],[36.93600489296375,-1.3524453306370845],[36.935933540091725,-1.3524988415659558]]]},"id":"0018000000000001ebcc","properties":{"FID":513396}},{"type":"Feature","geometry":{"type":"Polygon","coordinates":[[[36.936794116702806,-1.349060863818257],[36.93684316098158,-1.3491322179627085],[36.936905573469446,-1.3490876498329514],[36.93693239195972,-1.349123345523237],[36.9369724966562,-1.3490965457871806],[36.9368922052275,-1.3489850681091309],[36.936794116702806,-1.349060863818257]]]},"id":"00180000000000016ca4","properties":{"FID":513652}},{"type":"Feature","geometry":{"type":"Polygon","coordinates":[[[36.94903440179032,-1.344405598687694],[36.949092293878785,-1.3445081366487626],[36.9491904479241,-1.3444502089687747],[36.94913247391325,-1.3443520593002325],[36.94903440179032,-1.344405598687694]]]},"id":"00180000000000020b66","properties":{"FID":514164}},{"type":"Feature","geometry":{"type":"Polygon","coordinates":[[[36.93596921653643,-1.352093058858417],[36.936040569373695,-1.352226882235407],[36.93612529052582,-1.352182267368463],[36.93604942696244,-1.3520484649674385],[36.93596921653643,-1.352093058858417]]]},"id":"0018000000000001c864","properties":{"FID":514932}},{"type":"Feature","geometry":{"type":"Polygon","coordinates":[[[36.94456189450254,-1.3237688968032006],[36.94481159981843,-1.3241122146562747],[36.945012265509064,-1.3239695004034582],[36.94476256087781,-1.323621741033317],[36.94456189450254,-1.3237688968032006]]]},"id":"0018000000000002daf7","properties":{"FID":512117}},{"type":"Feature","geometry":{"type":"Polygon","coordinates":[[[36.94357200340432,-1.3490162735333024],[36.94361653280021,-1.349078748285076],[36.943621043142656,-1.3490742809551466],[36.94384844604835,-1.3493953461516075],[36.9439420968052,-1.3493284090037025],[36.94367008284814,-1.3489449307973722],[36.94357200340432,-1.3490162735333024]]]},"id":"0018000000000002d97e","properties":{"FID":513653}},{"type":"Feature","geometry":{"type":"Polygon","coordinates":[[[36.950550486998495,-1.3508489722262973],[36.950599522060244,-1.3509158695876278],[36.95066643272695,-1.3508668376217752],[36.95069316417717,-1.350902529609798],[36.950737771238,-1.3508712645909264],[36.95065749490859,-1.3507642495359489],[36.950550486998495,-1.3508489722262973]]]},"id":"0018000000000001a269","properties":{"FID":513909}},{"type":"Feature","geometry":{"type":"Polygon","coordinates":[[[36.94944013744584,-1.3443609768019997],[36.94953378104676,-1.344463535393795],[36.9495873267647,-1.3444145162216048],[36.94955608493403,-1.3443788486063746],[36.94952041511105,-1.3444100653292084],[36.949458013378916,-1.3443431744463439],[36.94944013744584,-1.3443609768019997]]]},"id":"00180000000000010a38","properties":{"FID":514165}},{"type":"Feature","geometry":{"type":"Polygon","coordinates":[[[36.9379623949834,-1.3520663078477275],[36.938029317204276,-1.3521421515197194],[36.93809615735155,-1.3520797092159498],[36.938024806517284,-1.3520038849393754],[36.9379623949834,-1.3520663078477275]]]},"id":"0018000000000002457d","properties":{"FID":514933}},{"type":"Feature","geometry":{"type":"Polygon","coordinates":[[[36.951446724660016,-1.3525701978886238],[36.95149575912103,-1.352681683477613],[36.95161621320094,-1.3526236932465745],[36.95163400660506,-1.352659366829822],[36.95174995061619,-1.3526013975277509],[36.951669675397504,-1.3524319474705242],[36.95158054438243,-1.3524765743261264],[36.95159390994175,-1.3525033142468654],[36.951446724660016,-1.3525701978886238]]]},"id":"00180000000000026e44","properties":{"FID":515701}},{"type":"Feature","geometry":{"type":"Polygon","coordinates":[[[36.943817201767445,-1.3236484679205751],[36.943857384698454,-1.3237198134192192],[36.9439152808827,-1.3236841488750497],[36.94387517998942,-1.323617245515833],[36.943817201767445,-1.3236484679205751]]]},"id":"00180000000000015f5d","properties":{"FID":512118}},{"type":"Feature","geometry":{"type":"Polygon","coordinates":[[[36.93544751856437,-1.3524721193016283],[36.9355277295618,-1.352601399183509],[36.93560802248657,-1.3525523547469636],[36.93555446654142,-1.3524721197767344],[36.93555003771725,-1.35247658672028],[36.93551878989466,-1.35242750493935],[36.93544751856437,-1.3524721193016283]]]},"id":"0018000000000001c566","properties":{"FID":513398}},{"type":"Feature","geometry":{"type":"Polygon","coordinates":[[[36.93761015017785,-1.3489628177333113],[36.937681501416186,-1.3490876752810534],[36.93777516006258,-1.3490341348784836],[36.93769929820848,-1.3489092981486246],[36.93761015017785,-1.3489628177333113]]]},"id":"0018000000000001a22b","properties":{"FID":513654}},{"type":"Feature","geometry":{"type":"Polygon","coordinates":[[[36.94925727787962,-1.344441264430135],[36.94929745782348,-1.3444947951230668],[36.94944456542967,-1.3443833057536492],[36.94940003958009,-1.3443297926746447],[36.94925727787962,-1.344441264430135]]]},"id":"0018000000000001fcef","properties":{"FID":514166}},{"type":"Feature","geometry":{"type":"Polygon","coordinates":[[[36.93607624576625,-1.3520172713074452],[36.93616539566433,-1.3521465682268563],[36.93623674831046,-1.3520930583121418],[36.93615202728727,-1.351968249301517],[36.93607624576625,-1.3520172713074452]]]},"id":"00180000000000028888","properties":{"FID":514934}},{"type":"Feature","geometry":{"type":"Polygon","coordinates":[[[36.943808263112444,-1.3233051156839255],[36.94387075166856,-1.3233987644294765],[36.94391979120673,-1.3233675791686605],[36.943857384698454,-1.3232694264650724],[36.943808263112444,-1.3233051156839255]]]},"id":"0018000000000001d845","properties":{"FID":512119}},{"type":"Feature","geometry":{"type":"Polygon","coordinates":[[[36.936905573469446,-1.3489761744440258],[36.936954617673564,-1.3490475283602483],[36.93701260133071,-1.349011814536236],[36.93703490903383,-1.3490519777995427],[36.93707501367415,-1.3490252374828389],[36.93700817259473,-1.3489137593090335],[36.936905573469446,-1.3489761744440258]]]},"id":"00180000000000027021","properties":{"FID":513655}},{"type":"Feature","geometry":{"type":"Polygon","coordinates":[[[36.95071546771099,-1.3506483216838427],[36.95080459978008,-1.3507865428112609],[36.95083584107758,-1.3507642895634997],[36.95074662704832,-1.350630516600115],[36.95071546771099,-1.3506483216838427]]]},"id":"0018000000000001f360","properties":{"FID":513911}},{"type":"Feature","geometry":{"type":"Polygon","coordinates":[[[36.9488248090869,-1.344204904777216],[36.9488872113591,-1.3442851929331685],[36.94896297961806,-1.3442272457152766],[36.94889614939373,-1.344146976557324],[36.9488248090869,-1.344204904777216]]]},"id":"00180000000000023bf8","properties":{"FID":514167}},{"type":"Feature","geometry":{"type":"Polygon","coordinates":[[[36.939946744068436,-1.3521109287766229],[36.94004031780692,-1.3522536016665956],[36.94014734108599,-1.352177817154454],[36.940138483992975,-1.3521644542187838],[36.940227628945124,-1.3521019735452287],[36.94020089367188,-1.3520573810950605],[36.94023205748638,-1.352035125209184],[36.940178586933364,-1.3519548351779611],[36.940062624587576,-1.3520351061910578],[36.940089441921494,-1.352070802495776],[36.94007156369997,-1.3520841652410982],[36.940004643345794,-1.3519860868385936],[36.93996454031012,-1.35201283005606],[36.940000214790786,-1.3520707840763653],[36.939946744068436,-1.3521109287766229]]]},"id":"0018000000000002bc3c","properties":{"FID":514935}},{"type":"Feature","geometry":{"type":"Polygon","coordinates":[[[36.94930188581594,-1.3524944289360614],[36.949350921714576,-1.3525835641989914],[36.949458013378916,-1.3525256322372],[36.94939552959381,-1.352414145640127],[36.94930188581594,-1.3524676288823687],[36.949315251791575,-1.3524899226717788],[36.94930188581594,-1.3524944289360614]]]},"id":"0018000000000001fae7","properties":{"FID":515703}},{"type":"Feature","geometry":{"type":"Polygon","coordinates":[[[36.94675131777895,-1.318110251227101],[36.94676468422049,-1.3181593030240202],[36.94681814996228,-1.318141496447279],[36.946804783530496,-1.3180968872758465],[36.94675131777895,-1.318110251227101]]]},"id":"00180000000000009d16","properties":{"FID":473976}},{"type":"Feature","geometry":{"type":"Polygon","coordinates":[[[36.94437902274553,-1.3234567083993385],[36.94450834510711,-1.3236618811473781],[36.94460650530129,-1.3235994496776584],[36.94454401737335,-1.3234968553871822],[36.944717950174194,-1.3233854164090797],[36.94477149941627,-1.3234700956739789],[36.94486506698716,-1.3234121288527962],[36.94473582726089,-1.3232070159733438],[36.94448603968121,-1.323363079205733],[36.94449497825343,-1.3233809345285588],[36.94437902274553,-1.3234567083993385]]]},"id":"0018000000000002e08c","properties":{"FID":512120}},{"type":"Feature","geometry":{"type":"Polygon","coordinates":[[[36.94531994636577,-1.348944959557806],[36.945391290089695,-1.3490742512795686],[36.94548493887231,-1.3490252216243641],[36.94541802346718,-1.348895911114525],[36.94531994636577,-1.348944959557806]]]},"id":"00180000000000026150","properties":{"FID":513656}},{"type":"Feature","geometry":{"type":"Polygon","coordinates":[[[36.95082247537975,-1.3506617211935632],[36.950880448051414,-1.3507508704757456],[36.95098745547887,-1.350683994106714],[36.950947276463154,-1.3506171182884272],[36.95090717942344,-1.350639409750171],[36.950893813738645,-1.350617117317724],[36.95082247537975,-1.3506617211935632]]]},"id":"001800000000000245f9","properties":{"FID":513912}},{"type":"Feature","geometry":{"type":"Polygon","coordinates":[[[36.94807122159763,-1.344124656003735],[36.94810238206114,-1.344160325595672],[36.948164866950606,-1.3441023753645853],[36.948133624512536,-1.344066707286051],[36.94807122159763,-1.344124656003735]]]},"id":"00180000000000017f82","properties":{"FID":514168}},{"type":"Feature","geometry":{"type":"Polygon","coordinates":[[[36.93928680388566,-1.351963772782632],[36.939362582083945,-1.3520529780304558],[36.93941162464234,-1.3520127931096555],[36.93933584649481,-1.3519236472844882],[36.93928680388566,-1.351963772782632]]]},"id":"00180000000000019bb1","properties":{"FID":514936}},{"type":"Feature","geometry":{"type":"Polygon","coordinates":[[[36.947919601152925,-1.3524185789484329],[36.94794190553227,-1.3524676335652923],[36.947986514270546,-1.3524498247544283],[36.947964209904804,-1.3524007701863259],[36.947919601152925,-1.3524185789484329]]]},"id":"00180000000000009dd4","properties":{"FID":515704}},{"type":"Feature","geometry":{"type":"Polygon","coordinates":[[[36.946684403531776,-1.317655425406753],[36.946755745925486,-1.3177624709450153],[36.94672007473733,-1.317789209848885],[36.94676025607448,-1.3178471565062464],[36.946804783530496,-1.3178159995649765],[36.946951978150814,-1.3180388982703355],[36.94700995388935,-1.3179988011360948],[36.94675131777895,-1.3176108502955615],[36.946684403531776,-1.317655425406753]]]},"id":"0018000000000002b658","properties":{"FID":473977}},{"type":"Feature","geometry":{"type":"Polygon","coordinates":[[[36.943210764854435,-1.3232114537875557],[36.94323307066898,-1.323282813307368],[36.94328662099747,-1.3232605550575862],[36.943264315199244,-1.32319363905946],[36.943210764854435,-1.3232114537875557]]]},"id":"0018000000000000d506","properties":{"FID":512121}},{"type":"Feature","geometry":{"type":"Polygon","coordinates":[[[36.93660236802004,-1.348967249290809],[36.936669291483895,-1.34905198438939],[36.9367673801758,-1.3489761885994749],[36.936691599291585,-1.348878091118882],[36.9366291046073,-1.348927107531305],[36.936638044138896,-1.3489404687197204],[36.93660236802004,-1.348967249290809]]]},"id":"00180000000000023fe9","properties":{"FID":513657}},{"type":"Feature","geometry":{"type":"Polygon","coordinates":[[[36.95119704198669,-1.3506884606525222],[36.951272807853485,-1.3507732032652047],[36.95137538684032,-1.3506795483795022],[36.951299621079755,-1.3505992525785744],[36.95119704198669,-1.3506884606525222]]]},"id":"0018000000000001f2f7","properties":{"FID":513913}},{"type":"Feature","geometry":{"type":"Polygon","coordinates":[[[36.95123713886753,-1.343727799361016],[36.95126837998031,-1.343794703990838],[36.951446724660016,-1.3437144414341402],[36.95141105575886,-1.3436431102471826],[36.95123713886753,-1.343727799361016]]]},"id":"00180000000000024129","properties":{"FID":514169}},{"type":"Feature","geometry":{"type":"Polygon","coordinates":[[[36.94041493960408,-1.3520440375499687],[36.940499655694815,-1.3521822412254558],[36.94059773925532,-1.3521242867454284],[36.94057100411724,-1.3520752471396968],[36.940655720027365,-1.3520261876000947],[36.94060216777418,-1.3519325574963224],[36.94041493960408,-1.3520440375499687]]]},"id":"0018000000000002593e","properties":{"FID":514937}},{"type":"Feature","geometry":{"type":"Polygon","coordinates":[[[36.94642133810422,-1.3176331409453137],[36.94644364294025,-1.317673271192206],[36.94649268075441,-1.3176465381734386],[36.946470375933316,-1.3176064079760081],[36.94642133810422,-1.3176331409453137]]]},"id":"00180000000000009c96","properties":{"FID":473978}},{"type":"Feature","geometry":{"type":"Polygon","coordinates":[[[36.944263149059424,-1.3231847112531676],[36.94432998351507,-1.3232560668330107],[36.94437016616453,-1.323220414613851],[36.94430324974013,-1.323149060540103],[36.944263149059424,-1.3231847112531676]]]},"id":"0018000000000001d8a8","properties":{"FID":512122}},{"type":"Feature","geometry":{"type":"Polygon","coordinates":[[[36.93618319282511,-1.3489226638227183],[36.93621886914819,-1.3489761696414246],[36.936281364182584,-1.3489316000608893],[36.93624568788995,-1.3488780943354957],[36.93618319282511,-1.3489226638227183]]]},"id":"0018000000000001215e","properties":{"FID":513658}},{"type":"Feature","geometry":{"type":"Polygon","coordinates":[[[36.95106322156273,-1.3506349837831222],[36.951112338278634,-1.3507063255348501],[36.951170310720585,-1.350670614618697],[36.9511211940436,-1.3505948264090495],[36.95106322156273,-1.3506349837831222]]]},"id":"001800000000000190d8","properties":{"FID":513914}},{"type":"Feature","geometry":{"type":"Polygon","coordinates":[[[36.9514779656833,-1.3435449563055821],[36.95152257226558,-1.3436118618581243],[36.951865894443564,-1.343402317949241],[36.951821288070626,-1.3433354129887118],[36.9514779656833,-1.3435449563055821]]]},"id":"0018000000000002bdcb","properties":{"FID":514170}},{"type":"Feature","geometry":{"type":"Polygon","coordinates":[[[36.94029897763268,-1.3519057953052287],[36.940388204399234,-1.3520217413093862],[36.94048177757347,-1.3519459592810896],[36.94039263293079,-1.351834459462484],[36.94029897763268,-1.3519057953052287]]]},"id":"001800000000000249ea","properties":{"FID":514938}},{"type":"Feature","geometry":{"type":"Polygon","coordinates":[[[36.9463276905199,-1.3174815225517305],[36.94635442355532,-1.317521694623236],[36.946390094921725,-1.3174948967009066],[36.94636336189934,-1.3174547839041058],[36.9463276905199,-1.3174815225517305]]]},"id":"001800000000000101fc","properties":{"FID":473979}},{"type":"Feature","geometry":{"type":"Polygon","coordinates":[[[36.943799406462375,-1.323162428700866],[36.943915280882685,-1.323318483681771],[36.94394209680521,-1.3233006591639265],[36.94391528088269,-1.3232649850365552],[36.94397325902697,-1.323220373861067],[36.943937586482534,-1.323166902258187],[36.94391979120674,-1.3231802451508754],[36.94387075166856,-1.3231133792148138],[36.943799406462375,-1.323162428700866]]]},"id":"0018000000000002a1f0","properties":{"FID":512123}},{"type":"Feature","geometry":{"type":"Polygon","coordinates":[[[36.94460650530129,-1.3489405116758386],[36.94463323896544,-1.3489939919944196],[36.94467333944337,-1.3489717008337674],[36.94469121654098,-1.3490118198822243],[36.94477592768262,-1.3489627703380518],[36.944726888718094,-1.348873637015994],[36.94460650530129,-1.3489405116758386]]]},"id":"00180000000000024a1f","properties":{"FID":513659}},{"type":"Feature","geometry":{"type":"Polygon","coordinates":[[[36.94989941634084,-1.350634980053778],[36.949948451838985,-1.3507241109219827],[36.95008227430212,-1.3506483396918667],[36.950028728946435,-1.3505636171066135],[36.94989941634084,-1.350634980053778]]]},"id":"00180000000000022fc3","properties":{"FID":513915}},{"type":"Feature","geometry":{"type":"Polygon","coordinates":[[[36.9502829255391,-1.3434290414047183],[36.9502962913355,-1.3434468848501333],[36.95051924557913,-1.3432907940123766],[36.9504969419855,-1.3432595934763785],[36.950479148304815,-1.3432730069845704],[36.95046570054326,-1.343255165088919],[36.95028735347192,-1.343384447318879],[36.95030522919799,-1.3434112211349845],[36.9502829255391,-1.3434290414047183]]]},"id":"00180000000000013643","properties":{"FID":514171}},{"type":"Feature","geometry":{"type":"Polygon","coordinates":[[[36.93967028668932,-1.3518790535257827],[36.939737125338546,-1.3519771335924196],[36.93982184221362,-1.3519191790879272],[36.939750493061055,-1.3518210606401297],[36.93967028668932,-1.3518790535257827]]]},"id":"0018000000000000ceef","properties":{"FID":514939}},{"type":"Feature","geometry":{"type":"Polygon","coordinates":[[[36.94879356693063,-1.3524230502404786],[36.9488471131903,-1.3525122244858068],[36.94895412359183,-1.3524453407164874],[36.94890057741048,-1.3523606136425417],[36.94879356693063,-1.3524230502404786]]]},"id":"0018000000000001cb6f","properties":{"FID":515707}},{"type":"Feature","geometry":{"type":"Polygon","coordinates":[[[36.946171638280845,-1.3174503386852274],[36.946314323998536,-1.3177268037386611],[36.94636336189934,-1.3177000113711679],[36.946220676277264,-1.3174235466622302],[36.946171638280845,-1.3174503386852274]]]},"id":"00180000000000028183","properties":{"FID":473980}},{"type":"Feature","geometry":{"type":"Polygon","coordinates":[[[36.943759223499555,-1.3225024878393186],[36.94379489613092,-1.3225470721835761],[36.943852874370556,-1.3224980190999716],[36.943817201767445,-1.3224578781372198],[36.943759223499555,-1.3225024878393186]]]},"id":"0018000000000000cea7","properties":{"FID":512124}},{"type":"Feature","geometry":{"type":"Polygon","coordinates":[[[36.93701711208006,-1.3489003783236908],[36.93707058494195,-1.348994007954581],[36.9371686730963,-1.348936060530733],[36.93711068956275,-1.348842392357152],[36.93701711208006,-1.3489003783236908]]]},"id":"001800000000000253a7","properties":{"FID":513660}},{"type":"Feature","geometry":{"type":"Polygon","coordinates":[[[36.947241774381986,-1.350568068896547],[36.94730868811946,-1.3506706412591758],[36.94734435902069,-1.3506438619584717],[36.947281955432665,-1.3505413283546295],[36.947241774381986,-1.350568068896547]]]},"id":"0018000000000000d453","properties":{"FID":513916}},{"type":"Feature","geometry":{"type":"Polygon","coordinates":[[[36.951281745596674,-1.3431168957408963],[36.9514779656833,-1.3433711031456048],[36.95154487554653,-1.3433175840135978],[36.95135308350769,-1.343063417599247],[36.951281745596674,-1.3431168957408963]]]},"id":"0018000000000002a5c9","properties":{"FID":514172}},{"type":"Feature","geometry":{"type":"Polygon","coordinates":[[[36.93976386078115,-1.3517809159634757],[36.93984857762529,-1.3519102845859812],[36.94004482836973,-1.351780914516966],[36.93995560118466,-1.3516516265562348],[36.93976386078115,-1.3517809159634757]]]},"id":"0018000000000002a0a5","properties":{"FID":514940}},{"type":"Feature","geometry":{"type":"Polygon","coordinates":[[[36.952409942409716,-1.3523784910787722],[36.952467831827,-1.3524631964731824],[36.95250358220914,-1.352440861857536],[36.95245003862572,-1.3523561386980045],[36.952409942409716,-1.3523784910787722]]]},"id":"00180000000000011d41","properties":{"FID":515708}},{"type":"Feature","geometry":{"type":"Polygon","coordinates":[[[36.94627414241652,-1.3174057408617106],[36.94629644729742,-1.3174458709809977],[36.946336628867186,-1.317423556141932],[36.946314323998536,-1.317383426063542],[36.94627414241652,-1.3174057408617106]]]},"id":"00180000000000013361","properties":{"FID":473981}},{"type":"Feature","geometry":{"type":"Polygon","coordinates":[[[36.944142764879835,-1.3226317976641675],[36.94423190495555,-1.3227655644600258],[36.94487851577805,-1.3223463916642795],[36.94478929448497,-1.3222081853723753],[36.944142764879835,-1.3226317976641675]]]},"id":"0018000000000002e4b2","properties":{"FID":512125}},{"type":"Feature","geometry":{"type":"Polygon","coordinates":[[[36.94439689991502,-1.3489137466062302],[36.94445487767778,-1.3489984533173782],[36.944575261343985,-1.3489181789110896],[36.9445172836766,-1.348833472473271],[36.94439689991502,-1.3489137466062302]]]},"id":"0018000000000001d469","properties":{"FID":513661}},{"type":"Feature","geometry":{"type":"Polygon","coordinates":[[[36.95408207535611,-1.3505636265430674],[36.95410880555814,-1.3505992574383612],[36.95415341053609,-1.350568053402608],[36.95412217065549,-1.3505279375313959],[36.95408207535611,-1.3505636265430674]]]},"id":"001800000000000184a9","properties":{"FID":513917}},{"type":"Feature","geometry":{"type":"Polygon","coordinates":[[[36.951897135287815,-1.34325962730895],[36.95194165961761,-1.343317583127368],[36.95226718658289,-1.3430767641187853],[36.95222258045467,-1.3430188102663132],[36.951897135287815,-1.34325962730895]]]},"id":"0018000000000002bdce","properties":{"FID":514173}},{"type":"Feature","geometry":{"type":"Polygon","coordinates":[[[36.94046840998447,-1.351705151575528],[36.94053975843735,-1.3517809730156],[36.940642352470135,-1.3516873020931184],[36.94056649358684,-1.3516115015606092],[36.94046840998447,-1.351705151575528]]]},"id":"00180000000000020e5a","properties":{"FID":514941}},{"type":"Feature","geometry":{"type":"Polygon","coordinates":[[[36.94644807110543,-1.316839429992474],[36.94650161908153,-1.3169241547310429],[36.94669334183549,-1.316799297202666],[36.94663979399968,-1.316714572901515],[36.94644807110543,-1.316839429992474]]]},"id":"00180000000000024c0e","properties":{"FID":473982}},{"type":"Feature","geometry":{"type":"Polygon","coordinates":[[[36.940878703643584,-1.3221190244673469],[36.94093660218386,-1.3221992460787249],[36.940999093191536,-1.3221591191870072],[36.940941112691455,-1.3220788991286438],[36.940878703643584,-1.3221190244673469]]]},"id":"0018000000000001905d","properties":{"FID":512126}},{"type":"Feature","geometry":{"type":"Polygon","coordinates":[[[36.93554560889281,-1.3524007582768123],[36.935639188255934,-1.3525255901619522],[36.93571054141476,-1.352472078982024],[36.93562139096294,-1.3523472280897522],[36.93554560889281,-1.3524007582768123]]]},"id":"00180000000000022f63","properties":{"FID":513406}},{"type":"Feature","geometry":{"type":"Polygon","coordinates":[[[36.938970158422784,-1.3489360246932283],[36.93905938680887,-1.3490698134158559],[36.93917977934862,-1.3489895336852855],[36.939072754655136,-1.3488245754620263],[36.93901477262943,-1.3488646758245386],[36.939032569097634,-1.3488959051036802],[36.938970158422784,-1.3489360246932283]]]},"id":"001800000000000288c9","properties":{"FID":513662}},{"type":"Feature","geometry":{"type":"Polygon","coordinates":[[[36.94980134524596,-1.3433978168807834],[36.94988162251483,-1.343513768183717],[36.95032302292097,-1.3431971601427939],[36.95027841560725,-1.3431347590404183],[36.950367630207495,-1.3430767566203297],[36.95032753285007,-1.343023286012263],[36.94980134524596,-1.3433978168807834]]]},"id":"0018000000000002d36a","properties":{"FID":514174}},{"type":"Feature","geometry":{"type":"Polygon","coordinates":[[[36.937186552026674,-1.351665026190355],[36.93725339294327,-1.3517408122367431],[36.93728464002569,-1.3517140476741727],[36.93725339294326,-1.3516739220555174],[36.93730243691443,-1.3516337961121208],[36.93727127185294,-1.351593669111505],[36.937186552026674,-1.351665026190355]]]},"id":"001800000000000111da","properties":{"FID":514942}},{"type":"Feature","geometry":{"type":"Polygon","coordinates":[[[36.95409986816039,-1.3524319738002346],[36.95413110805051,-1.352476537811332],[36.95425598548327,-1.3523962975363126],[36.95422474564648,-1.3523517336709043],[36.95409986816039,-1.3524319738002346]]]},"id":"0018000000000001ef36","properties":{"FID":515710}},{"type":"Feature","geometry":{"type":"Polygon","coordinates":[[[36.946242981174464,-1.3168974085114311],[36.94627414241652,-1.3169464477437924],[36.946621999380945,-1.3167324130283202],[36.94659075628412,-1.316683375658573],[36.946242981174464,-1.3168974085114311]]]},"id":"001800000000000272e0","properties":{"FID":473983}},{"type":"Feature","geometry":{"type":"Polygon","coordinates":[[[36.94394652512174,-1.3223642801101285],[36.94403574744222,-1.3224980450745984],[36.944682277992726,-1.3220654893505486],[36.94459313846555,-1.32193616849504],[36.94394652512174,-1.3223642801101285]]]},"id":"0018000000000002e53b","properties":{"FID":512127}},{"type":"Feature","geometry":{"type":"Polygon","coordinates":[[[36.94670228013812,-1.3488780423208055],[36.9467736225144,-1.3489405140152877],[36.946849392962015,-1.3488557549608722],[36.9467780506596,-1.3487933426959613],[36.94670228013812,-1.3488780423208055]]]},"id":"00180000000000025258","properties":{"FID":513663}},{"type":"Feature","geometry":{"type":"Polygon","coordinates":[[[36.94705448119341,-1.3505859142970271],[36.94709466234694,-1.3506438998534565],[36.94720610343075,-1.35057255493647],[36.94714812784763,-1.3504833424408604],[36.94708129596567,-1.3505279273232234],[36.947099090472705,-1.3505591544894515],[36.94705448119341,-1.3505859142970271]]]},"id":"0018000000000001431d","properties":{"FID":513919}},{"type":"Feature","geometry":{"type":"Polygon","coordinates":[[[36.95093842067713,-1.3431391887650355],[36.95101869669828,-1.3432551377330393],[36.951277317724035,-1.3430767857606452],[36.95119704198669,-1.3429608376090136],[36.95093842067713,-1.3431391887650355]]]},"id":"00180000000000029468","properties":{"FID":514175}},{"type":"Feature","geometry":{"type":"Polygon","coordinates":[[[36.939995786235514,-1.3516337769905629],[36.940093870471095,-1.351749743666704],[36.940169647834026,-1.3516873233299433],[36.94007156369997,-1.3515713569039742],[36.939995786235514,-1.3516337769905629]]]},"id":"001800000000000141f6","properties":{"FID":514943}},{"type":"Feature","geometry":{"type":"Polygon","coordinates":[[[36.947986514270546,-1.35237398898654],[36.94802218484134,-1.3524720788262585],[36.948133624512536,-1.3524319756581844],[36.94809352593075,-1.3523338460497596],[36.947986514270546,-1.35237398898654]]]},"id":"0018000000000001d2ef","properties":{"FID":515711}},{"type":"Feature","geometry":{"type":"Polygon","coordinates":[[[36.94670228013812,-1.3166030851350643],[36.946733441184584,-1.3166610677697486],[36.94681814996228,-1.3166164835525813],[36.94678698895188,-1.3165540586702003],[36.94670228013812,-1.3166030851350643]]]},"id":"00180000000000020862","properties":{"FID":473984}},{"type":"Feature","geometry":{"type":"Polygon","coordinates":[[[36.94688957422815,-1.31834657464784],[36.9469163070583,-1.3183867471547035],[36.94696977268931,-1.318351051486759],[36.94694303987869,-1.318310938272457],[36.94688957422815,-1.31834657464784]]]},"id":"0018000000000000b1f9","properties":{"FID":512128}},{"type":"Feature","geometry":{"type":"Polygon","coordinates":[[[36.94049514516002,-1.3488646882166184],[36.94051745180208,-1.3488914494357993],[36.94060216777418,-1.3488245508488246],[36.94057994316757,-1.3487933413219197],[36.94049514516002,-1.3488646882166184]]]},"id":"0018000000000001e33e","properties":{"FID":513664}},{"type":"Feature","geometry":{"type":"Polygon","coordinates":[[[36.94960512066229,-1.3429786991406163],[36.94966309429862,-1.3431079649392337],[36.94977010350669,-1.3430589548031895],[36.949712129955145,-1.3429296300572937],[36.94960512066229,-1.3429786991406163]]]},"id":"0018000000000001c588","properties":{"FID":514176}},{"type":"Feature","geometry":{"type":"Polygon","coordinates":[[[36.93728906874495,-1.3515980975550257],[36.93731137636384,-1.3516338155175434],[36.937347052137255,-1.3516070318806583],[36.93732474452924,-1.3515758207187238],[36.93728906874495,-1.3515980975550257]]]},"id":"0018000000000001626c","properties":{"FID":514944}},{"type":"Feature","geometry":{"type":"Polygon","coordinates":[[[36.9535157371539,-1.352427520383927],[36.95356034249353,-1.352534515969307],[36.95371195124786,-1.3524676740297128],[36.95364504336689,-1.352320521242152],[36.95354697729351,-1.3523650683093953],[36.95356477022797,-1.3524096934061656],[36.9535157371539,-1.352427520383927]]]},"id":"001800000000000280cb","properties":{"FID":515712}},{"type":"Feature","geometry":{"type":"Polygon","coordinates":[[[36.94720610343075,-1.3183867093807256],[36.94723734626485,-1.3184268629625322],[36.94745588172616,-1.3182619058834986],[36.94742463898537,-1.3182217525460134],[36.94720610343075,-1.3183867093807256]]]},"id":"001800000000000249a0","properties":{"FID":512129}},{"type":"Feature","geometry":{"type":"Polygon","coordinates":[[[36.93815865078376,-1.3487978204899809],[36.938185386802765,-1.3488557521442581],[36.938221062150355,-1.3488379256172054],[36.93826559480122,-1.3489271461844468],[36.93829241279337,-1.3489137455115372],[36.938225490812975,-1.3487665758275889],[36.93815865078376,-1.3487978204899809]]]},"id":"0018000000000000f246","properties":{"FID":513665}},{"type":"Feature","geometry":{"type":"Polygon","coordinates":[[[36.94973443378805,-1.3433131056102678],[36.94977904143346,-1.3433800123563433],[36.95030965712946,-1.3430099085575857],[36.95026062187341,-1.342943021554441],[36.94973443378805,-1.3433131056102678]]]},"id":"0018000000000002d32c","properties":{"FID":514177}},{"type":"Feature","geometry":{"type":"Polygon","coordinates":[[[36.937217717124206,-1.351544629031873],[36.937235596042605,-1.3515758001346418],[36.93730694764592,-1.351535693977103],[36.93728906874495,-1.351504463631281],[36.937217717124206,-1.351544629031873]]]},"id":"0018000000000000dcae","properties":{"FID":514945}},{"type":"Feature","geometry":{"type":"Polygon","coordinates":[[[36.94897642765582,-1.3523427843283318],[36.948998649712806,-1.3523829458125685],[36.94904776781481,-1.352356163442399],[36.94902546377257,-1.3523160627549538],[36.94897642765582,-1.3523427843283318]]]},"id":"00180000000000015bcc","properties":{"FID":515713}},{"type":"Feature","geometry":{"type":"Polygon","coordinates":[[[36.95200856905671,-1.34012931849232],[36.9520353000165,-1.3401828421315074],[36.95207990625893,-1.3401605430148422],[36.95205317531544,-1.3401070194339526],[36.95200856905671,-1.34012931849232]]]},"id":"0018000000000000af5f","properties":{"FID":512130}},{"type":"Feature","geometry":{"type":"Polygon","coordinates":[[[36.93565263874175,-1.3523205215975185],[36.93573284951452,-1.352449800714539],[36.935813142214386,-1.3524052044219015],[36.93576852605699,-1.3523249299472535],[36.93575958641924,-1.3523294175620038],[36.93572842070114,-1.3522758869683726],[36.93565263874175,-1.3523205215975185]]]},"id":"001800000000000180eb","properties":{"FID":513410}},{"type":"Feature","geometry":{"type":"Polygon","coordinates":[[[36.94488294403793,-1.3487844315814266],[36.94490524934285,-1.3488156379007512],[36.94494985993231,-1.3487844331366752],[36.94492755464098,-1.3487532268552624],[36.94488294403793,-1.3487844315814266]]]},"id":"0018000000000000bcfb","properties":{"FID":513666}},{"type":"Feature","geometry":{"type":"Polygon","coordinates":[[[36.94964530041512,-1.3431837957937727],[36.94968982611545,-1.343246198918958],[36.950216014521644,-1.3428850663333722],[36.95017140714267,-1.3428226062645756],[36.94964530041512,-1.3431837957937727]]]},"id":"0018000000000002dba8","properties":{"FID":514178}},{"type":"Feature","geometry":{"type":"Polygon","coordinates":[[[36.94552954910841,-1.3514821667682744],[36.94556964909522,-1.3515713442931379],[36.94565435922007,-1.3515312421139447],[36.945609749060054,-1.3514420261621012],[36.94552954910841,-1.3514821667682744]]]},"id":"001800000000000166da","properties":{"FID":514946}},{"type":"Feature","geometry":{"type":"Polygon","coordinates":[[[36.94936879766945,-1.3523740050816868],[36.94946244136167,-1.3524944252996605],[36.94956502288695,-1.3524141614032021],[36.94947137932602,-1.3522937415352005],[36.94936879766945,-1.3523740050816868]]]},"id":"001800000000000247b5","properties":{"FID":515714}},{"type":"Feature","geometry":{"type":"Polygon","coordinates":[[[36.95223602789324,-1.3399420008896783],[36.95224488352218,-1.339964307801461],[36.95228506182517,-1.3399509770942781],[36.95227612420457,-1.3399286716432142],[36.95223602789324,-1.3399420008896783]]]},"id":"0018000000000000a8ab","properties":{"FID":512131}},{"type":"Feature","geometry":{"type":"Polygon","coordinates":[[[36.9360583665648,-1.3487844008039453],[36.936089614157154,-1.348940507315472],[36.936138658907765,-1.3489315753053188],[36.936129719315204,-1.3488825179788568],[36.93617876403896,-1.348873586022961],[36.93616096687712,-1.3487665758536878],[36.9360583665648,-1.3487844008039453]]]},"id":"00180000000000022fa5","properties":{"FID":513667}},{"type":"Feature","geometry":{"type":"Polygon","coordinates":[[[36.94974337171917,-1.3504119755577524],[36.94980134524596,-1.3505011849092163],[36.94986817464344,-1.3504566014979558],[36.949850380809835,-1.3504253755222964],[36.94988605047193,-1.3504031032207116],[36.949850380809835,-1.3503450994275779],[36.94974337171917,-1.3504119755577524]]]},"id":"0018000000000000ec09","properties":{"FID":513923}},{"type":"Feature","geometry":{"type":"Polygon","coordinates":[[[36.95067979845328,-1.34287167675398],[36.95074219914329,-1.342943010420321],[36.95083141317795,-1.3428672265557298],[36.95076893056582,-1.3427958352426532],[36.95067979845328,-1.34287167675398]]]},"id":"0018000000000001f362","properties":{"FID":514179}},{"type":"Feature","geometry":{"type":"Polygon","coordinates":[[[36.93696806791779,-1.3514821648651278],[36.93702154081549,-1.3515847541605075],[36.9371062608327,-1.351540141316142],[36.937052787996855,-1.3514376115364821],[36.93696806791779,-1.3514821648651278]]]},"id":"00180000000000017898","properties":{"FID":514947}},{"type":"Feature","geometry":{"type":"Polygon","coordinates":[[[36.95174995061619,-1.3523383264364737],[36.951794557032635,-1.352427537156737],[36.951834653585955,-1.3524096906115586],[36.95185252893394,-1.352445362463194],[36.95191943845456,-1.3524141147537623],[36.95185695677174,-1.352289291752092],[36.95174995061619,-1.3523383264364737]]]},"id":"001800000000000207f5","properties":{"FID":515715}},{"type":"Feature","geometry":{"type":"Polygon","coordinates":[[[36.94493641115452,-1.3488111733338346],[36.944994388489874,-1.348873586559225],[36.945079099280605,-1.3487933515548947],[36.945025632268255,-1.3487353646228901],[36.94493641115452,-1.3488111733338346]]]},"id":"001800000000000205a5","properties":{"FID":513668}},{"type":"Feature","geometry":{"type":"Polygon","coordinates":[[[36.950777868370565,-1.3430187866702354],[36.95083584107758,-1.3430990896902564],[36.951161372963796,-1.342858269988717],[36.95110340051476,-1.3427780269745944],[36.950777868370565,-1.3430187866702354]]]},"id":"0018000000000002c1ab","properties":{"FID":514180}},{"type":"Feature","geometry":{"type":"Polygon","coordinates":[[[36.94412045934252,-1.3514242010505497],[36.944142764879835,-1.3514643627806875],[36.94418286562651,-1.351442068634292],[36.94416056010141,-1.3514019069449505],[36.94412045934252,-1.3514242010505497]]]},"id":"0018000000000000d40c","properties":{"FID":514948}},{"type":"Feature","geometry":{"type":"Polygon","coordinates":[[[36.952918236167456,-1.3522937569328806],[36.95296284187146,-1.3523784602337436],[36.95299851001594,-1.3523561865843896],[36.952958332104835,-1.3522759107495619],[36.952918236167456,-1.3522937569328806]]]},"id":"00180000000000014b2d","properties":{"FID":515716}},{"type":"Feature","geometry":{"type":"Polygon","coordinates":[[[36.94518168695107,-1.3487710220871574],[36.94521735888912,-1.3488245807630892],[36.94528427447773,-1.348779997118682],[36.9452486025723,-1.3487264385392894],[36.94518168695107,-1.3487710220871574]]]},"id":"00180000000000015832","properties":{"FID":513669}},{"type":"Feature","geometry":{"type":"Polygon","coordinates":[[[36.94941340553778,-1.3428672020712376],[36.94944456542968,-1.3429162664591021],[36.9496318525003,-1.3427958380868896],[36.94960069268818,-1.3427468332193344],[36.94941340553778,-1.3428672020712376]]]},"id":"00180000000000025b2d","properties":{"FID":514181}},{"type":"Feature","geometry":{"type":"Polygon","coordinates":[[[36.946002137127074,-1.351486652883421],[36.94606011361814,-1.351557962114801],[36.94619837137327,-1.3514420238503129],[36.9461626999134,-1.3513974754041698],[36.94612260025156,-1.3514286628967394],[36.946104723503616,-1.3514019424318153],[36.946002137127074,-1.351486652883421]]]},"id":"00180000000000020b46","properties":{"FID":514949}},{"type":"Feature","geometry":{"type":"Polygon","coordinates":[[[36.947946333606765,-1.3523249552671595],[36.947964209904804,-1.3523740290476436],[36.948017674770135,-1.3523472285407503],[36.94799988048647,-1.352302659625025],[36.947946333606765,-1.3523249552671595]]]},"id":"00180000000000012667","properties":{"FID":515717}},{"type":"Feature","geometry":{"type":"Polygon","coordinates":[[[36.94540022855135,-1.3488557911001324],[36.94552954910841,-1.349034155382096],[36.945632054143466,-1.348958348476258],[36.94556964909522,-1.3488736029304256],[36.94555628243539,-1.3488870015953123],[36.94548936709549,-1.3487933240399388],[36.94554291577311,-1.3487576925636282],[36.94551167221559,-1.3487175143004089],[36.945413595239685,-1.348788914027155],[36.945440328609024,-1.3488245477025569],[36.94540022855135,-1.3488557911001324]]]},"id":"0018000000000002bffb","properties":{"FID":513670}},{"type":"Feature","geometry":{"type":"Polygon","coordinates":[[[36.950760074758215,-1.3503228128228941],[36.95079123407655,-1.350389729650517],[36.95082247537975,-1.3503763106301434],[36.95079123407654,-1.3503094545908532],[36.950760074758215,-1.3503228128228941]]]},"id":"0018000000000000e652","properties":{"FID":513926}},{"type":"Feature","geometry":{"type":"Polygon","coordinates":[[[36.949458013378916,-1.3429296035385876],[36.94950704917291,-1.342996491224441],[36.94963636247201,-1.3429073145022838],[36.949667522268946,-1.342947487490286],[36.94982807701227,-1.3428360066458926],[36.94975673761415,-1.3427289684414128],[36.949458013378916,-1.3429296035385876]]]},"id":"0018000000000002b0bb","properties":{"FID":514182}},{"type":"Feature","geometry":{"type":"Polygon","coordinates":[[[36.93705721673014,-1.3514241906473308],[36.93713750797789,-1.3515178837096118],[36.937213288400635,-1.3514509550807832],[36.93713299723598,-1.3513573215269519],[36.93705721673014,-1.3514241906473308]]]},"id":"00180000000000023a0e","properties":{"FID":514950}},{"type":"Feature","geometry":{"type":"Polygon","coordinates":[[[36.947027748413745,-1.3178784264292172],[36.94706792958195,-1.3179363729609432],[36.94753165146731,-1.317637577617841],[36.947491552555626,-1.3175751879121316],[36.947027748413745,-1.3178784264292172]]]},"id":"0018000000000002ad74","properties":{"FID":473991}},{"type":"Feature","geometry":{"type":"Polygon","coordinates":[[[36.93715981564295,-1.3487844222309064],[36.93723108530672,-1.3489092814655752],[36.93736042029615,-1.3488379145747906],[36.93728906874495,-1.3487130571970576],[36.93715981564295,-1.3487844222309064]]]},"id":"00180000000000023de6","properties":{"FID":513671}},{"type":"Feature","geometry":{"type":"Polygon","coordinates":[[[36.95080459978007,-1.3503005025110633],[36.95084477887415,-1.3503852234847058],[36.95092948289201,-1.350340679806482],[36.95088938584253,-1.35025595756031],[36.95080459978007,-1.3503005025110633]]]},"id":"00180000000000014f82","properties":{"FID":513927}},{"type":"Feature","geometry":{"type":"Polygon","coordinates":[[[36.94927958185119,-1.3427111173928574],[36.94932418977392,-1.3427914199098931],[36.94940446756634,-1.3427467936694302],[36.94935985969256,-1.3426621049612433],[36.94927958185119,-1.3427111173928574]]]},"id":"0018000000000001101e","properties":{"FID":514183}},{"type":"Feature","geometry":{"type":"Polygon","coordinates":[[[36.94624740935178,-1.351468784641404],[36.94629644729742,-1.3515446397990871],[36.9464971089166,-1.3514197687213436],[36.94643027644007,-1.3513082983627556],[36.9463276905199,-1.3513707141673534],[36.94634999538448,-1.3514063684729034],[36.94624740935178,-1.351468784641404]]]},"id":"001800000000000280b8","properties":{"FID":514951}},{"type":"Feature","geometry":{"type":"Polygon","coordinates":[[[36.95246783182701,-1.3523338857533096],[36.95253031298803,-1.3524007819062913],[36.952628380424485,-1.3523160360144553],[36.952565981343426,-1.352244691893766],[36.95246783182701,-1.3523338857533096]]]},"id":"00180000000000013fe5","properties":{"FID":515719}},{"type":"Feature","geometry":{"type":"Polygon","coordinates":[[[36.94691179691894,-1.3177045076650353],[36.946951978150814,-1.31776245407642],[36.94740233444835,-1.3174592717992595],[36.94736666357539,-1.3174012481227109],[36.94691179691894,-1.3177045076650353]]]},"id":"0018000000000002a71c","properties":{"FID":473992}},{"type":"Feature","geometry":{"type":"Polygon","coordinates":[[[36.94364334883217,-1.348788878076396],[36.943696816854356,-1.3488691591766975],[36.943812773443085,-1.348793350375758],[36.943750366843545,-1.3486997096364024],[36.943665572508706,-1.3487532072938053],[36.94367451118113,-1.3487665672108287],[36.94364334883217,-1.348788878076396]]]},"id":"0018000000000002a0aa","properties":{"FID":513672}},{"type":"Feature","geometry":{"type":"Polygon","coordinates":[[[36.95236533636854,-1.3428983993582204],[36.952409942409716,-1.3429697487320562],[36.95257934672269,-1.3428582930920865],[36.95261058726225,-1.3429073540073269],[36.95278892866957,-1.3427869098163125],[36.95270865459107,-1.3426710239125954],[36.95236533636854,-1.3428983993582204]]]},"id":"0018000000000002d3ed","properties":{"FID":514184}},{"type":"Feature","geometry":{"type":"Polygon","coordinates":[[[36.93927786467744,-1.3512681269919524],[36.93930460028776,-1.3513305677898912],[36.93934027509,-1.3513171864029665],[36.939313539492716,-1.3512547456536323],[36.93927786467744,-1.3512681269919524]]]},"id":"0018000000000001605b","properties":{"FID":514952}},{"type":"Feature","geometry":{"type":"Polygon","coordinates":[[[36.95185695677175,-1.3522580459820452],[36.95191943845456,-1.3523873749365993],[36.95195510710783,-1.3524631667620146],[36.95199963140233,-1.3524409134439042],[36.95198626591715,-1.352409667659297],[36.95204423766653,-1.3523829068584547],[36.951963962770776,-1.3522090115800638],[36.95185695677175,-1.3522580459820452]]]},"id":"0018000000000002505e","properties":{"FID":515720}},{"type":"Feature","geometry":{"type":"Polygon","coordinates":[[[36.947540589667526,-1.3175127380181952],[36.947576260455705,-1.3175662600133375],[36.94798651427055,-1.3172987228076762],[36.947946333606765,-1.3172452201258715],[36.947540589667526,-1.3175127380181952]]]},"id":"0018000000000002bb2e","properties":{"FID":473993}},{"type":"Feature","geometry":{"type":"Polygon","coordinates":[[[36.940776109942036,-1.348748780825116],[36.940807355521045,-1.348802243030701],[36.940860825614806,-1.3487755048479877],[36.9408340905728,-1.3487175160069267],[36.940776109942036,-1.348748780825116]]]},"id":"001800000000000196ae","properties":{"FID":513673}},{"type":"Feature","geometry":{"type":"Polygon","coordinates":[[[36.95037205813518,-1.3502916262609213],[36.95043896900993,-1.35038079483818],[36.950550486998495,-1.3502916066410007],[36.95050136990537,-1.3502291580783128],[36.95046127262124,-1.3502648481636965],[36.950443478931874,-1.3502380691155242],[36.95037205813518,-1.3502916262609213]]]},"id":"00180000000000021bf8","properties":{"FID":513929}},{"type":"Feature","geometry":{"type":"Polygon","coordinates":[[[36.949979693502094,-1.3426665356610923],[36.95009113019179,-1.342844885670156],[36.950158041323455,-1.3428047630114004],[36.95004660473569,-1.3426219677247992],[36.949979693502094,-1.3426665356610923]]]},"id":"0018000000000002244b","properties":{"FID":514185}},{"type":"Feature","geometry":{"type":"Polygon","coordinates":[[[36.945449267064696,-1.3513484019531028],[36.94550273376754,-1.3514375794382434],[36.9456632976496,-1.3513439547081776],[36.945609749060054,-1.3512547790441205],[36.945449267064696,-1.3513484019531028]]]},"id":"0018000000000002a10f","properties":{"FID":514953}},{"type":"Feature","geometry":{"type":"Polygon","coordinates":[[[36.948187171255185,-1.3172898048508144],[36.948271878349956,-1.3174101805229201],[36.94839225573706,-1.3173210286909178],[36.948307548781635,-1.3172050957965171],[36.948187171255185,-1.3172898048508144]]]},"id":"0018000000000001c350","properties":{"FID":473994}},{"type":"Feature","geometry":{"type":"Polygon","coordinates":[[[36.935755157607474,-1.3522491419974962],[36.935839879089805,-1.352378459333337],[36.93591566085543,-1.352324929386826],[36.93583093946077,-1.352195612323958],[36.935755157607474,-1.3522491419974962]]]},"id":"00180000000000023a6a","properties":{"FID":513418}},{"type":"Feature","geometry":{"type":"Polygon","coordinates":[[[36.94560532084416,-1.3487710545476952],[36.94566772586199,-1.348864693167118],[36.94566772586199,-1.3488691398114958],[36.9456989693529,-1.3489137647599474],[36.94575694608414,-1.3488780547890042],[36.9457301308266,-1.3488379167485702],[36.94577031270732,-1.3488111779661092],[36.94570339756312,-1.3487086075716503],[36.94560532084416,-1.3487710545476952]]]},"id":"0018000000000002a490","properties":{"FID":513674}},{"type":"Feature","geometry":{"type":"Polygon","coordinates":[[[36.95079123407655,-1.3501934888852145],[36.95080017187856,-1.3502380922739372],[36.95084026897693,-1.3502292001304337],[36.950826903279925,-1.3501845566606605],[36.95079123407655,-1.3501934888852145]]]},"id":"0018000000000000e606","properties":{"FID":513930}},{"type":"Feature","geometry":{"type":"Polygon","coordinates":[[[36.94976567554256,-1.3427021965405148],[36.94980577320793,-1.3427646177091492],[36.949957389743965,-1.3426710186076174],[36.9499172921617,-1.3426085976859368],[36.94976567554256,-1.3427021965405148]]]},"id":"00180000000000023cb8","properties":{"FID":514186}},{"type":"Feature","geometry":{"type":"Polygon","coordinates":[[[36.94408027655595,-1.3512948815689696],[36.94414719318422,-1.3513751651360484],[36.94422747665628,-1.3513038340752919],[36.94416498840473,-1.3512280378156076],[36.94408027655595,-1.3512948815689696]]]},"id":"001800000000000184a8","properties":{"FID":514954}},{"type":"Feature","geometry":{"type":"Polygon","coordinates":[[[36.94948474527069,-1.352284847755],[36.9495783888145,-1.3524141613546574],[36.94968982611545,-1.3523338592787342],[36.94963636247201,-1.3522580847786754],[36.94960512066229,-1.3522803399005376],[36.94956502288695,-1.3522224121258344],[36.94948474527069,-1.352284847755]]]},"id":"00180000000000027bed","properties":{"FID":515722}},{"type":"Feature","geometry":{"type":"Polygon","coordinates":[[[36.94801324669995,-1.3170936148600378],[36.948120258321055,-1.3172496769350652],[36.948164866950606,-1.3172184607238882],[36.94805785539474,-1.3170623988404961],[36.94801324669995,-1.3170936148600378]]]},"id":"0018000000000001a023","properties":{"FID":473995}},{"type":"Feature","geometry":{"type":"Polygon","coordinates":[[[36.936691599291585,-1.34872647334216],[36.93681642447248,-1.3489182193744196],[36.93676295142499,-1.3489538532989718],[36.936785177190266,-1.3489940180912903],[36.93688777648425,-1.3489270963743702],[36.936740643639034,-1.3486952466578983],[36.936691599291585,-1.34872647334216]]]},"id":"00180000000000027e3c","properties":{"FID":513675}},{"type":"Feature","geometry":{"type":"Polygon","coordinates":[[[36.94936879766945,-1.3428002957242458],[36.94940446756634,-1.3428582904486879],[36.94971212995515,-1.3426665674713545],[36.94967646020826,-1.342608573218224],[36.94936879766945,-1.3428002957242458]]]},"id":"0018000000000002ba46","properties":{"FID":514187}},{"type":"Feature","geometry":{"type":"Polygon","coordinates":[[[36.9389612191759,-1.351299356525697],[36.939068244032434,-1.3514509815556839],[36.939188636557624,-1.351361797960238],[36.939086122498956,-1.3512146594055234],[36.9389612191759,-1.351299356525697]]]},"id":"001800000000000250fa","properties":{"FID":514955}},{"type":"Feature","geometry":{"type":"Polygon","coordinates":[[[36.949096803883755,-1.35220457305551],[36.949154777922864,-1.3523249741058003],[36.94923948389742,-1.3522803656770828],[36.94918150992543,-1.3521644117598066],[36.949096803883755,-1.35220457305551]]]},"id":"0018000000000001b8e1","properties":{"FID":515723}},{"type":"Feature","geometry":{"type":"Polygon","coordinates":[[[36.94799537041389,-1.3169910386447197],[36.94802218484134,-1.3170400927399972],[36.94807122159763,-1.3170133610944346],[36.94804440718815,-1.3169643070597554],[36.94799537041389,-1.3169910386447197]]]},"id":"0018000000000000da05","properties":{"FID":473996}},{"type":"Feature","geometry":{"type":"Polygon","coordinates":[[[36.93821655147518,-1.348766615400442],[36.938314720106575,-1.3488869648995023],[36.93836376336686,-1.3488468444551631],[36.9383414560686,-1.3488245295515622],[36.93840386727936,-1.348771068769117],[36.9383280880888,-1.3486774208109524],[36.93821655147518,-1.348766615400442]]]},"id":"0018000000000002954e","properties":{"FID":513676}},{"type":"Feature","geometry":{"type":"Polygon","coordinates":[[[36.94940003958009,-1.3426085829923744],[36.94947580730796,-1.3427111570461925],[36.94954271900241,-1.3426665294771223],[36.94946686934414,-1.3425595114389628],[36.94940003958009,-1.3426085829923744]]]},"id":"0018000000000001a059","properties":{"FID":514188}},{"type":"Feature","geometry":{"type":"Polygon","coordinates":[[[36.9457212744091,-1.3512369112529585],[36.94578367932805,-1.351236931379721],[36.94578367932805,-1.3511923433579673],[36.9457212744091,-1.3511923231961915],[36.9457212744091,-1.3512369112529585]]]},"id":"0018000000000000bf90","properties":{"FID":514956}},{"type":"Feature","geometry":{"type":"Polygon","coordinates":[[[36.94962299655506,-1.352231285041604],[36.94969876405202,-1.3523294316636068],[36.94980134524596,-1.3522491685918245],[36.94972549585583,-1.3521555298470507],[36.94962299655506,-1.352231285041604]]]},"id":"00180000000000028921","properties":{"FID":515724}},{"type":"Feature","geometry":{"type":"Polygon","coordinates":[[[36.948004308557465,-1.3169152457054287],[36.94804440718815,-1.3169731917658232],[36.948463596465636,-1.3166877993633206],[36.948423498064685,-1.3166298539608117],[36.948004308557465,-1.3169152457054287]]]},"id":"001800000000000292df","properties":{"FID":473997}},{"type":"Feature","geometry":{"type":"Polygon","coordinates":[[[36.94012511634129,-1.3486818555279225],[36.94016079074371,-1.3488245343326073],[36.94023656803738,-1.3488067101456316],[36.9402232004036,-1.3487621215390257],[36.94026330329759,-1.3487532296057216],[36.94023656803738,-1.3486550994525281],[36.94012511634129,-1.3486818555279225]]]},"id":"00180000000000029296","properties":{"FID":513677}},{"type":"Feature","geometry":{"type":"Polygon","coordinates":[[[36.94961848658252,-1.350166720138936],[36.949667522268946,-1.3502648621776552],[36.949823649051666,-1.3501846064430865],[36.94979683528442,-1.3501355169858875],[36.94973886175407,-1.350166721645835],[36.94971212995515,-1.3501176899893674],[36.94961848658252,-1.350166720138936]]]},"id":"0018000000000001dac7","properties":{"FID":513933}},{"type":"Feature","geometry":{"type":"Polygon","coordinates":[[[36.94919044792411,-1.3425996502087494],[36.949248421889024,-1.342675449298691],[36.94932418977392,-1.342621952223172],[36.94926621586904,-1.3425417076689272],[36.94919044792411,-1.3425996502087494]]]},"id":"00180000000000022484","properties":{"FID":514189}},{"type":"Feature","geometry":{"type":"Polygon","coordinates":[[[36.945368984932905,-1.3512324845525445],[36.945422451694405,-1.3513350621349705],[36.94552954910841,-1.3512770720794514],[36.945471572197015,-1.351174515442793],[36.945368984932905,-1.3512324845525445]]]},"id":"0018000000000001c2b8","properties":{"FID":514957}},{"type":"Feature","geometry":{"type":"Polygon","coordinates":[[[36.95228055201675,-1.3521599933100132],[36.952298427255776,-1.3522224042910906],[36.95236976417531,-1.3522045372388543],[36.95235197095017,-1.3521376781918488],[36.95228055201675,-1.3521599933100132]]]},"id":"00180000000000012fec","properties":{"FID":515725}},{"type":"Feature","geometry":{"type":"Polygon","coordinates":[[[36.94772788161186,-1.316643234914242],[36.947763552308736,-1.3166922542390886],[36.947843749812,-1.316634302970905],[36.94780807915422,-1.3165852837547318],[36.94772788161186,-1.316643234914242]]]},"id":"0018000000000000ad85","properties":{"FID":473998}},{"type":"Feature","geometry":{"type":"Polygon","coordinates":[[[36.94038820439924,-1.3486997317970133],[36.94041493960408,-1.348748767807141],[36.94041042906407,-1.3487487290313447],[36.94044610332747,-1.348811184864207],[36.940548697491494,-1.34875321971526],[36.94048628810908,-1.348641728161212],[36.94038820439924,-1.3486997317970133]]]},"id":"0018000000000002774d","properties":{"FID":513678}},{"type":"Feature","geometry":{"type":"Polygon","coordinates":[[[36.95123713886753,-1.3425461625903214],[36.95126395210688,-1.3425773421832434],[36.95136644910857,-1.3424971175651061],[36.95133971790437,-1.3424658773424556],[36.95123713886753,-1.3425461625903214]]]},"id":"001800000000000245cc","properties":{"FID":514190}},{"type":"Feature","geometry":{"type":"Polygon","coordinates":[[[36.94584165599219,-1.3512458646111136],[36.94591742740479,-1.3513350609962043],[36.946002137127074,-1.3512592061096884],[36.94592636580218,-1.351170069241929],[36.94584165599219,-1.3512458646111136]]]},"id":"00180000000000019e1c","properties":{"FID":514958}},{"type":"Feature","geometry":{"type":"Polygon","coordinates":[[[36.94856617939137,-1.3164380889329959],[36.948588483573616,-1.3165005467536997],[36.94863300991709,-1.3164871614931075],[36.948610787749054,-1.3164247023122786],[36.94856617939137,-1.3164380889329959]]]},"id":"0018000000000000f6af","properties":{"FID":473999}},{"type":"Feature","geometry":{"type":"Polygon","coordinates":[[[36.9358577583446,-1.3521778205713626],[36.935951337308836,-1.352302651395497],[36.936022690163526,-1.3522446933367938],[36.935929029275634,-1.352124311840681],[36.9358577583446,-1.3521778205713626]]]},"id":"00180000000000020996","properties":{"FID":513423}},{"type":"Feature","geometry":{"type":"Polygon","coordinates":[[[36.94408027655595,-1.348637250341878],[36.94410709241801,-1.3487175280418577],[36.94419180423575,-1.3486863250032441],[36.94416498840473,-1.3486104941479926],[36.94408027655595,-1.348637250341878]]]},"id":"0018000000000001bcff","properties":{"FID":513679}},{"type":"Feature","geometry":{"type":"Polygon","coordinates":[[[36.951843591260484,-1.3501667785158935],[36.95187925995074,-1.3501801380220622],[36.951897135287815,-1.3501310880327548],[36.95186146660629,-1.350117669241011],[36.951843591260484,-1.3501667785158935]]]},"id":"0018000000000000ac83","properties":{"FID":513935}},{"type":"Feature","geometry":{"type":"Polygon","coordinates":[[[36.949315251791575,-1.3424837028097214],[36.949373225657595,-1.342590739473455],[36.94944907541293,-1.3425505780718725],[36.94939110160701,-1.342443600884458],[36.949315251791575,-1.3424837028097214]]]},"id":"001800000000000267e5","properties":{"FID":514191}},{"type":"Feature","geometry":{"type":"Polygon","coordinates":[[[36.94846802450857,-1.3163533679348922],[36.94850820488587,-1.3164202552963296],[36.94853936516328,-1.3164069233102293],[36.94849926680385,-1.3163355331036084],[36.94846802450857,-1.3163533679348922]]]},"id":"001800000000000098dc","properties":{"FID":474000}},{"type":"Feature","geometry":{"type":"Polygon","coordinates":[[[36.938399438627535,-1.348637261870144],[36.93842166389608,-1.3486684721850986],[36.93847521774424,-1.3486328379883883],[36.93845291047994,-1.3486016291686715],[36.938399438627535,-1.348637261870144]]]},"id":"00180000000000011a73","properties":{"FID":513680}},{"type":"Feature","geometry":{"type":"Polygon","coordinates":[[[36.94967646020826,-1.342572889850618],[36.94971212995515,-1.3426308840591321],[36.94993959593205,-1.342497065141419],[36.94990392629606,-1.342439130545713],[36.94967646020826,-1.342572889850618]]]},"id":"001800000000000285c8","properties":{"FID":514192}},{"type":"Feature","geometry":{"type":"Polygon","coordinates":[[[36.95307427401685,-1.352159959053375],[36.95311445186428,-1.3522491278886675],[36.95324375878669,-1.3521911608139072],[36.953208090761805,-1.3521019715074163],[36.95307427401685,-1.352159959053375]]]},"id":"0018000000000001c3b2","properties":{"FID":515728}},{"type":"Feature","geometry":{"type":"Polygon","coordinates":[[[36.93714636543395,-1.3486328065230395],[36.93719540947679,-1.348708606807846],[36.93729800819598,-1.3486417456327944],[36.93725339294327,-1.3485659265090233],[36.93714636543395,-1.3486328065230395]]]},"id":"0018000000000000effc","properties":{"FID":513681}},{"type":"Feature","geometry":{"type":"Polygon","coordinates":[[[36.948882783341546,-1.3424346547848873],[36.94891394345942,-1.342483719058768],[36.94896297961806,-1.3424525063720876],[36.94893624753565,-1.3424034827074962],[36.948882783341546,-1.3424346547848873]]]},"id":"001800000000000130a8","properties":{"FID":514193}},{"type":"Feature","geometry":{"type":"Polygon","coordinates":[[[36.943714694190476,-1.3485882241232334],[36.943799406462375,-1.3486640388294304],[36.943852874370556,-1.3486060561780504],[36.94376816216054,-1.34853024159264],[36.943714694190476,-1.3485882241232334]]]},"id":"0018000000000000f18b","properties":{"FID":513682}},{"type":"Feature","geometry":{"type":"Polygon","coordinates":[[[36.95151363455182,-1.3424658953904907],[36.95190156312293,-1.3430411245312937],[36.952013078881905,-1.342965303919781],[36.951625068904924,-1.3423900779663194],[36.95151363455182,-1.3424658953904907]]]},"id":"0018000000000002e1e7","properties":{"FID":514194}},{"type":"Feature","geometry":{"type":"Polygon","coordinates":[[[36.9395052810756,-1.348592676519271],[36.93956769129429,-1.3486595811629716],[36.93963904062501,-1.3485926818503093],[36.939581059047754,-1.3485258175897805],[36.9395052810756,-1.348592676519271]]]},"id":"0018000000000000f5bd","properties":{"FID":513683}},{"type":"Feature","geometry":{"type":"Polygon","coordinates":[[[36.95043896900993,-1.34263532612427],[36.95051924557913,-1.3427468290683233],[36.95089824163449,-1.3424703361237902],[36.950817965481164,-1.3423588343549677],[36.95043896900993,-1.34263532612427]]]},"id":"0018000000000002d70b","properties":{"FID":514195}},{"type":"Feature","geometry":{"type":"Polygon","coordinates":[[[36.94474919407058,-1.3485615005943974],[36.944807171554245,-1.3486684989154167],[36.94489188256167,-1.3486238969521087],[36.94483390514512,-1.3485168988555205],[36.94474919407058,-1.3485615005943974]]]},"id":"0018000000000001cac3","properties":{"FID":513684}},{"type":"Feature","geometry":{"type":"Polygon","coordinates":[[[36.94712139510216,-1.3501355466400207],[36.94714369972481,-1.3501711996352983],[36.94726858908561,-1.3500954086026267],[36.94724628450102,-1.3500597557230196],[36.94712139510216,-1.3501355466400207]]]},"id":"001800000000000167d5","properties":{"FID":513940}},{"type":"Feature","geometry":{"type":"Polygon","coordinates":[[[36.95111676616125,-1.3423455092860888],[36.951161372963796,-1.342421304468081],[36.951286173469036,-1.3423499340060436],[36.95124607661508,-1.3422741188926082],[36.95111676616125,-1.3423455092860888]]]},"id":"001800000000000275db","properties":{"FID":514196}},{"type":"Feature","geometry":{"type":"Polygon","coordinates":[[[36.93747638692186,-1.3485481070291472],[36.93749869448367,-1.3486550942722773],[36.937596782064546,-1.3486328432243837],[36.93757447453262,-1.3485302439375633],[36.93747638692186,-1.3485481070291472]]]},"id":"0018000000000001b643","properties":{"FID":513685}},{"type":"Feature","geometry":{"type":"Polygon","coordinates":[[[36.94994845183898,-1.3423276220489182],[36.950532611332356,-1.3431481202056148],[36.95069316417717,-1.3430321938253444],[36.95010457802218,-1.3422117180427202],[36.94994845183898,-1.3423276220489182]]]},"id":"0018000000000000a5e9","properties":{"FID":514197}},{"type":"Feature","geometry":{"type":"Polygon","coordinates":[[[36.953239331032826,-1.3520841641504966],[36.95331952253357,-1.3521867332050483],[36.95341767090715,-1.3521153866338498],[36.953332969770486,-1.3520083326773416],[36.953239331032826,-1.3520841641504966]]]},"id":"0018000000000001d164","properties":{"FID":515733}},{"type":"Feature","geometry":{"type":"Polygon","coordinates":[[[36.936950188934084,-1.3485792947644115],[36.93703941978179,-1.348699685390246],[36.93713299723598,-1.3486283587398278],[36.93711068956274,-1.3486015964655425],[36.93710183210237,-1.3486105287432122],[36.93703490903383,-1.3485213477647466],[36.936950188934084,-1.3485792947644115]]]},"id":"0018000000000001d1a8","properties":{"FID":513686}},{"type":"Feature","geometry":{"type":"Polygon","coordinates":[[[36.94952484309003,-1.342314278913801],[36.94958281678996,-1.3423989684107556],[36.94967203223846,-1.3423365813032604],[36.94972106788901,-1.3424079135817166],[36.94963636247201,-1.3424658943702936],[36.94969433608359,-1.3425461384141095],[36.94986817464344,-1.342425771659946],[36.94970319202021,-1.342189388259905],[36.94952484309003,-1.342314278913801]]]},"id":"0018000000000002cbf7","properties":{"FID":514198}},{"type":"Feature","geometry":{"type":"Polygon","coordinates":[[[36.949114597900646,-1.352026204453432],[36.94912796391049,-1.352052944948363],[36.949177081925676,-1.3520306692318578],[36.94916371592481,-1.352003869476145],[36.949114597900646,-1.352026204453432]]]},"id":"00180000000000010b2f","properties":{"FID":515734}},{"type":"Feature","geometry":{"type":"Polygon","coordinates":[[[36.940276670924035,-1.34860606678398],[36.94030791671621,-1.348637294587997],[36.9402856100103,-1.3486551211600468],[36.9403257128701,-1.3486952639959322],[36.94044167479917,-1.348583759057414],[36.940374754783306,-1.3485124288812125],[36.940276670924035,-1.34860606678398]]]},"id":"00180000000000028b5f","properties":{"FID":513687}},{"type":"Feature","geometry":{"type":"Polygon","coordinates":[[[36.949970755599836,-1.3500909341689535],[36.95003766684161,-1.3501890552888192],[36.950144675501804,-1.3501176742796401],[36.9500777643579,-1.3500196127287893],[36.949970755599836,-1.3500909341689535]]]},"id":"00180000000000024069","properties":{"FID":513943}},{"type":"Feature","geometry":{"type":"Polygon","coordinates":[[[36.94953378104676,-1.3420021621328801],[36.949640790443965,-1.34218497490433],[36.94969876405203,-1.3421492785163025],[36.949591754739615,-1.341966466025362],[36.94953378104676,-1.3420021621328801]]]},"id":"00180000000000020116","properties":{"FID":514199}},{"type":"Feature","geometry":{"type":"Polygon","coordinates":[[[36.95231179268392,-1.3520796948258056],[36.952387639392526,-1.3521822829501726],[36.95248570702026,-1.3521109370686655],[36.952405432609,-1.3520083685011979],[36.95231179268392,-1.3520796948258056]]]},"id":"0018000000000001ec64","properties":{"FID":515735}},{"type":"Feature","geometry":{"type":"Polygon","coordinates":[[[36.937792956832105,-1.348525786220106],[36.93781969298465,-1.3485971182145164],[36.9378732472731,-1.348570377973646],[36.93784651114012,-1.3485034931097675],[36.937792956832105,-1.348525786220106]]]},"id":"001800000000000134bb","properties":{"FID":513688}},{"type":"Feature","geometry":{"type":"Polygon","coordinates":[[[36.95013130967771,-1.3421849296698054],[36.95027398767388,-1.342390052379655],[36.95062182562261,-1.3421537658254254],[36.95048357622575,-1.3419486263333025],[36.95013130967771,-1.3421849296698054]]]},"id":"0018000000000002d44f","properties":{"FID":514200}},{"type":"Feature","geometry":{"type":"Polygon","coordinates":[[[36.952931601482355,-1.3520663245749336],[36.952967269642066,-1.3521332215200346],[36.95313224490395,-1.35204402888446],[36.95306984625272,-1.3519325473283668],[36.95295390433368,-1.351999466226406],[36.95297620717821,-1.3520440112407917],[36.952931601482355,-1.3520663245749336]]]},"id":"00180000000000017859","properties":{"FID":515736}},{"type":"Feature","geometry":{"type":"Polygon","coordinates":[[[36.94137805654557,-1.3485391479249353],[36.941427097753795,-1.348641743578968],[36.94154305793821,-1.3485882270917806],[36.94148958834276,-1.3484812039438405],[36.94137805654557,-1.3485391479249353]]]},"id":"0018000000000001d8d8","properties":{"FID":513689}},{"type":"Feature","geometry":{"type":"Polygon","coordinates":[[[36.94763423569961,-1.3500285151222693],[36.94766539634922,-1.3500730821500277],[36.947705577167284,-1.3500463423782738],[36.947674334533104,-1.3500017768509134],[36.94763423569961,-1.3500285151222693]]]},"id":"00180000000000016def","properties":{"FID":513945}},{"type":"Feature","geometry":{"type":"Polygon","coordinates":[[[36.95052367349764,-1.3419932047359495],[36.950572790575805,-1.3420110699666237],[36.950559342831475,-1.3420467520996555],[36.950595012147915,-1.342060112320273],[36.95061731571165,-1.342002106117249],[36.950595012147915,-1.3419931930680813],[36.95060845988569,-1.3419620157566492],[36.95054154916597,-1.3419397220631615],[36.95052367349764,-1.3419932047359495]]]},"id":"0018000000000001b5c5","properties":{"FID":514201}},{"type":"Feature","geometry":{"type":"Polygon","coordinates":[[[36.95001979105016,-1.3519905187147387],[36.950068908466626,-1.3520574166161672],[36.95016255126273,-1.3519860884809123],[36.95011343390915,-1.3519191907568797],[36.95001979105016,-1.3519905187147387]]]},"id":"001800000000000234e4","properties":{"FID":515737}},{"type":"Feature","geometry":{"type":"Polygon","coordinates":[[[36.936205500780886,-1.348543608547499],[36.93624568788995,-1.3485525627958237],[36.936241177093095,-1.348574878248961],[36.93633926635846,-1.3485971576586495],[36.936357145491336,-1.3485124053100392],[36.93622337994642,-1.3484812103999484],[36.936205500780886,-1.348543608547499]]]},"id":"0018000000000001ccd6","properties":{"FID":513690}},{"type":"Feature","geometry":{"type":"Polygon","coordinates":[[[36.951897135287815,-1.3419931982375632],[36.95194165961761,-1.3420601026986427],[36.95207105061002,-1.3419753764321793],[36.95202644436219,-1.3419129783002843],[36.951897135287815,-1.3419931982375632]]]},"id":"00180000000000024f9c","properties":{"FID":514202}},{"type":"Feature","geometry":{"type":"Polygon","coordinates":[[[36.93704827724971,-1.3485035008583803],[36.93710183210237,-1.3485926810909357],[36.93717761256203,-1.348548114930177],[36.93712413977829,-1.3484589334209445],[36.93704827724971,-1.3485035008583803]]]},"id":"00180000000000022017","properties":{"FID":513691}},{"type":"Feature","geometry":{"type":"Polygon","coordinates":[[[36.94982807701228,-1.3500240363595561],[36.94985480876883,-1.3500686212728028],[36.94989047842877,-1.3500463493653607],[36.949859318726794,-1.3500017836541887],[36.94982807701228,-1.3500240363595561]]]},"id":"0018000000000000ae2f","properties":{"FID":513947}},{"type":"Feature","geometry":{"type":"Polygon","coordinates":[[[36.94886933528657,-1.3421403553449338],[36.94914141191793,-1.3425372084042762],[36.94952935306833,-1.3422696844789037],[36.94947137932602,-1.3421894407106618],[36.94915920592396,-1.342403467168266],[36.9490388297987,-1.342229541888596],[36.94904776781481,-1.3422206118245692],[36.94902989178151,-1.3422027886857446],[36.949034401790314,-1.3421983229355672],[36.949003159723546,-1.3421537653382956],[36.9493554317036,-1.341912954438451],[36.949306395807994,-1.3418416225493726],[36.94886933528657,-1.3421403553449338]]]},"id":"0018000000000001cf85","properties":{"FID":514203}},{"type":"Feature","geometry":{"type":"Polygon","coordinates":[[[36.95232073030015,-1.3519191593091084],[36.95234746114587,-1.3520083299611156],[36.95242330781749,-1.3519860551051666],[36.9523964950031,-1.3518968860451317],[36.95232073030015,-1.3519191593091084]]]},"id":"0018000000000000f024","properties":{"FID":515739}},{"type":"Feature","geometry":{"type":"Polygon","coordinates":[[[36.94075380337878,-1.348525823075337],[36.940780538450106,-1.3485881993049764],[36.94077168143369,-1.3485926843021327],[36.94078504896731,-1.3486283786289026],[36.94090986716953,-1.3485748236822082],[36.940869764629745,-1.3484767533960618],[36.94075380337878,-1.348525823075337]]]},"id":"00180000000000023043","properties":{"FID":513692}},{"type":"Feature","geometry":{"type":"Polygon","coordinates":[[[36.947464737933714,-1.3500641862206744],[36.947540589667526,-1.350157824000965],[36.9476297256045,-1.3500864612736123],[36.947553955964906,-1.349992822277565],[36.947464737933714,-1.3500641862206744]]]},"id":"001800000000000291d8","properties":{"FID":513948}},{"type":"Feature","geometry":{"type":"Polygon","coordinates":[[[36.94940446756633,-1.3418460600569013],[36.949475807307955,-1.341944146442171],[36.94952935306833,-1.34189957807481],[36.949458013378916,-1.341805937358116],[36.94940446756633,-1.3418460600569013]]]},"id":"0018000000000001da13","properties":{"FID":514204}},{"type":"Feature","geometry":{"type":"Polygon","coordinates":[[[36.94940003958009,-1.3519236059891775],[36.94948917325182,-1.3520440458296346],[36.94958281678997,-1.3519771640811906],[36.94949368323232,-1.351856724548821],[36.94940003958009,-1.3519236059891775]]]},"id":"00180000000000021e53","properties":{"FID":515740}},{"type":"Feature","geometry":{"type":"Polygon","coordinates":[[[36.94387960831,-1.348512439507616],[36.94396883071205,-1.3486239256669048],[36.94404460406368,-1.3485614575988338],[36.94395989207557,-1.3484500104646746],[36.94387960831,-1.348512439507616]]]},"id":"0018000000000001e7dd","properties":{"FID":513693}},{"type":"Feature","geometry":{"type":"Polygon","coordinates":[[[36.95399286528601,-1.3500106574964796],[36.95401967751521,-1.350064190483983],[36.954055345144326,-1.3500463659849244],[36.9540285329282,-1.349992833044001],[36.95399286528601,-1.3500106574964796]]]},"id":"00180000000000009474","properties":{"FID":513949}},{"type":"Feature","geometry":{"type":"Polygon","coordinates":[[[36.9498191390915,-1.3421180548809668],[36.949930658024904,-1.3422875106221284],[36.950550486998495,-1.3418862190782384],[36.95043454108628,-1.341712280108863],[36.9498191390915,-1.3421180548809668]]]},"id":"0018000000000002e5f1","properties":{"FID":514205}},{"type":"Feature","geometry":{"type":"Polygon","coordinates":[[[36.94339363953044,-1.3484767483270612],[36.94343816903484,-1.3485258230726407],[36.94347384182269,-1.3484901517612387],[36.94342480198572,-1.3484410975765335],[36.94339363953044,-1.3484767483270612]]]},"id":"0018000000000000ceda","properties":{"FID":513694}},{"type":"Feature","geometry":{"type":"Polygon","coordinates":[[[36.9495159051322,-1.3416899869340604],[36.94972549585583,-1.3420110554329614],[36.949872684600585,-1.3419174191819614],[36.94966309429862,-1.3415963519314844],[36.9495159051322,-1.3416899869340604]]]},"id":"0018000000000002d745","properties":{"FID":514206}},{"type":"Feature","geometry":{"type":"Polygon","coordinates":[[[36.94902095376321,-1.3518879380903575],[36.949092293878785,-1.3519860448040264],[36.949199385921695,-1.3519058209799442],[36.94912796391049,-1.3518121628503417],[36.94902095376321,-1.3518879380903575]]]},"id":"00180000000000023c0b","properties":{"FID":515742}},{"type":"Feature","geometry":{"type":"Polygon","coordinates":[[[36.93456010677941,-1.3518879557287637],[36.93463588986933,-1.3519860617181723],[36.934734063301036,-1.3519102525223563],[36.93467607783974,-1.3518344252843837],[36.93464040076507,-1.3518612100426677],[36.93462252121306,-1.3518389329948963],[36.93456010677941,-1.3518879557287637]]]},"id":"00180000000000022169","properties":{"FID":513439}},{"type":"Feature","geometry":{"type":"Polygon","coordinates":[[[36.93761015017785,-1.3485035235055933],[36.93767707272066,-1.3486060449534798],[36.9378286323709,-1.348503512897943],[36.937797467533365,-1.3484544352661632],[36.9377840174415,-1.3484633893595872],[36.9377617919794,-1.3484321789153297],[36.937726116408044,-1.3484588992117794],[36.93770823760943,-1.3484366245175274],[36.93761015017785,-1.3485035235055933]]]},"id":"00180000000000026fd8","properties":{"FID":513695}},{"type":"Feature","geometry":{"type":"Polygon","coordinates":[[[36.9500777643579,-1.3499928148793943],[36.950144675501804,-1.3501310732394187],[36.95019822077263,-1.3501043345006745],[36.9501313096777,-1.349970522859745],[36.9500777643579,-1.3499928148793943]]]},"id":"0018000000000000cdf1","properties":{"FID":513951}},{"type":"Feature","geometry":{"type":"Polygon","coordinates":[[[36.95023831820093,-1.3415472824368844],[36.950269559740256,-1.3415874525974283],[36.95032302292097,-1.3415473322293596],[36.950291863403216,-1.3415071606847464],[36.95023831820093,-1.3415472824368844]]]},"id":"00180000000000017e82","properties":{"FID":514207}},{"type":"Feature","geometry":{"type":"Polygon","coordinates":[[[36.940093870471095,-1.3484366421058196],[36.94011617723544,-1.3484856970631502],[36.94014291253961,-1.3484722984445772],[36.94012060578343,-1.348423243519621],[36.940093870471095,-1.3484366421058196]]]},"id":"0018000000000000abda","properties":{"FID":513696}},{"type":"Feature","geometry":{"type":"Polygon","coordinates":[[[36.952837962230866,-1.3499839300700873],[36.95286026511074,-1.350024085980376],[36.95289150553033,-1.3500062211683914],[36.95286920265997,-1.3499705709599987],[36.952837962230866,-1.3499839300700873]]]},"id":"00180000000000010a2d","properties":{"FID":513952}},{"type":"Feature","geometry":{"type":"Polygon","coordinates":[[[36.95058615631925,-1.341525036434974],[36.95061731571165,-1.341582989507475],[36.95066192281873,-1.3415606883295617],[36.950715467710985,-1.3416587894812118],[36.95077786837057,-1.3416275804693765],[36.95072883342836,-1.3415339047425123],[36.950760074758215,-1.3415161065491115],[36.950826903279925,-1.3416364970132626],[36.950849206772965,-1.3416275691189998],[36.9507511369513,-1.34144027724992],[36.95058615631925,-1.341525036434974]]]},"id":"0018000000000002a975","properties":{"FID":514208}},{"type":"Feature","geometry":{"type":"Polygon","coordinates":[[[36.944142764879835,-1.3484410832892455],[36.94420517114479,-1.3485302763617573],[36.94432112692813,-1.3484455166368177],[36.944258638756544,-1.3483608312505042],[36.944142764879835,-1.3484410832892455]]]},"id":"00180000000000028e19","properties":{"FID":513697}},{"type":"Feature","geometry":{"type":"Polygon","coordinates":[[[36.95056828066183,-1.34998839331188],[36.950590584233716,-1.3500195980800085],[36.95063068144696,-1.3499928607416192],[36.95060845988569,-1.349961654554026],[36.95056828066183,-1.34998839331188]]]},"id":"001800000000000101de","properties":{"FID":513953}},{"type":"Feature","geometry":{"type":"Polygon","coordinates":[[[36.95033196078018,-1.3412485618542411],[36.95044347893188,-1.341409063284145],[36.95059952206025,-1.3413020570874121],[36.95048800414643,-1.3411415563369198],[36.95033196078018,-1.3412485618542411]]]},"id":"0018000000000002b1aa","properties":{"FID":514209}},{"type":"Feature","geometry":{"type":"Polygon","coordinates":[[[36.952543678373814,-1.3517809147548971],[36.952628380424485,-1.3518835226993322],[36.95270865459107,-1.3518166438891959],[36.9526462555785,-1.3517363479506272],[36.95261058726224,-1.3517631269290613],[36.952592712099516,-1.3517407958756014],[36.952543678373814,-1.3517809147548971]]]},"id":"001800000000000279ee","properties":{"FID":515745}},{"type":"Feature","geometry":{"type":"Polygon","coordinates":[[[36.9468137218195,-1.3484544772452165],[36.946849392962015,-1.3485391601640686],[36.94705448119341,-1.3484544265762806],[36.94701881015088,-1.3483697440528426],[36.9468137218195,-1.3484544772452165]]]},"id":"0018000000000002406b","properties":{"FID":513698}},{"type":"Feature","geometry":{"type":"Polygon","coordinates":[[[36.94988162251482,-1.3499928511254555],[36.9499127822073,-1.3500374168155185],[36.94995296179117,-1.3500017846845642],[36.94992172011665,-1.3499616077641867],[36.94988162251482,-1.3499928511254555]]]},"id":"0018000000000001c6e4","properties":{"FID":513954}},{"type":"Feature","geometry":{"type":"Polygon","coordinates":[[[36.95220921501021,-1.3411237081920213],[36.95223602789324,-1.3411950125782268],[36.95227612420458,-1.3411771776660502],[36.95224488352217,-1.3411103372778002],[36.95220921501021,-1.3411237081920213]]]},"id":"00180000000000018965","properties":{"FID":514210}},{"type":"Feature","geometry":{"type":"Polygon","coordinates":[[[36.95028292553909,-1.3518745618232166],[36.95030522919799,-1.3519147207540365],[36.950554914915124,-1.3517764731034188],[36.950528183414384,-1.35173188693977],[36.95028292553909,-1.3518745618232166]]]},"id":"0018000000000002042a","properties":{"FID":515746}},{"type":"Feature","geometry":{"type":"Polygon","coordinates":[[[36.943420373637615,-1.348409871064176],[36.94347384182269,-1.3484945984796817],[36.94355412603334,-1.3484366158951335],[36.943500657906924,-1.3483563353717585],[36.943420373637615,-1.348409871064176]]]},"id":"0018000000000002415f","properties":{"FID":513699}},{"type":"Feature","geometry":{"type":"Polygon","coordinates":[[[36.949480235289634,-1.3410345253524931],[36.949502539193226,-1.341092456655125],[36.94952935306833,-1.3410791226840317],[36.949502539193226,-1.3410255976520824],[36.949480235289634,-1.3410345253524931]]]},"id":"00180000000000015946","properties":{"FID":514211}},{"type":"Feature","geometry":{"type":"Polygon","coordinates":[[[36.946122600251556,-1.348432141298617],[36.946220676277264,-1.3485257995944293],[36.946287590948465,-1.3484589250360792],[36.946189433009096,-1.3483652683750071],[36.946122600251556,-1.348432141298617]]]},"id":"00180000000000028611","properties":{"FID":513700}},{"type":"Feature","geometry":{"type":"Polygon","coordinates":[[[36.948352157296995,-1.3409988388258212],[36.948374379543594,-1.3410211493028428],[36.948405621878855,-1.340989896153547],[36.948610787749054,-1.341212886094893],[36.94865088604737,-1.3411727637849766],[36.94842792611004,-1.3409275043182616],[36.948352157296995,-1.3409988388258212]]]},"id":"0018000000000002af90","properties":{"FID":514212}},{"type":"Feature","geometry":{"type":"Polygon","coordinates":[[[36.94926178787441,-1.351745280292306],[36.94935092171458,-1.3518567669740984],[36.94944013744584,-1.351785398860151],[36.94936879766945,-1.3516917397927277],[36.949337555745466,-1.3517140536832035],[36.94932418977392,-1.3516962070840142],[36.94926178787441,-1.351745280292306]]]},"id":"0018000000000001a525","properties":{"FID":515748}},{"type":"Feature","geometry":{"type":"Polygon","coordinates":[[[36.93967028668932,-1.3484143110459734],[36.939728186185306,-1.3484945766170415],[36.93982184221362,-1.3484232514435364],[36.939759432211574,-1.3483429472856647],[36.93967028668932,-1.3484143110459734]]]},"id":"0018000000000000f3f4","properties":{"FID":513701}},{"type":"Feature","geometry":{"type":"Polygon","coordinates":[[[36.950719895617624,-1.3409631581822012],[36.95133078016828,-1.3418683879160085],[36.951642944304105,-1.341654313081497],[36.951518062410145,-1.341471525532136],[36.95151363455182,-1.3414759895695099],[36.95102312458657,-1.3407535750719608],[36.950719895617624,-1.3409631581822012]]]},"id":"0018000000000002d4dc","properties":{"FID":514213}},{"type":"Feature","geometry":{"type":"Polygon","coordinates":[[[36.95022052445734,-1.351821062461269],[36.950349836495356,-1.351829974258261],[36.95035426442413,-1.351776475241496],[36.95047021046358,-1.351785387023908],[36.95047463838506,-1.3516873021261413],[36.95034089863832,-1.3516784094136658],[36.95033638871005,-1.3517363564912417],[36.95022495239394,-1.3517318706747488],[36.95022052445734,-1.351821062461269]]]},"id":"00180000000000024a06","properties":{"FID":515749}},{"type":"Feature","geometry":{"type":"Polygon","coordinates":[[[36.9454447568349,-1.348405419481604],[36.94551610043715,-1.3484990180015985],[36.94559195419085,-1.3484410558551212],[36.94552061066255,-1.3483474575347558],[36.9454447568349,-1.348405419481604]]]},"id":"001800000000000255b4","properties":{"FID":513702}},{"type":"Feature","geometry":{"type":"Polygon","coordinates":[[[36.95016697920284,-1.3499616500212877],[36.95022495239394,-1.3500507987463501],[36.95033196078019,-1.3499750311276648],[36.95027398767388,-1.3498902699016582],[36.95016697920284,-1.3499616500212877]]]},"id":"00180000000000026f3a","properties":{"FID":513958}},{"type":"Feature","geometry":{"type":"Polygon","coordinates":[[[36.95293611125064,-1.3411905722255197],[36.95298514471327,-1.3412618997833252],[36.95298957248253,-1.3412619403778288],[36.95306984625272,-1.341382327020825],[36.953743191303666,-1.34094088951051],[36.95361388526419,-1.34074467434575],[36.95293611125064,-1.3411905722255197]]]},"id":"0018000000000002e034","properties":{"FID":514214}},{"type":"Feature","geometry":{"type":"Polygon","coordinates":[[[36.940660148542726,-1.3483965047309545],[36.940686965657754,-1.3484856792066522],[36.94082072304814,-1.3484455442645622],[36.940793905982105,-1.3483563700325651],[36.940660148542726,-1.3483965047309545]]]},"id":"0018000000000001bebb","properties":{"FID":513703}},{"type":"Feature","geometry":{"type":"Polygon","coordinates":[[[36.951335290035246,-1.3407624849194126],[36.95138875243711,-1.340842744513078],[36.951482393543785,-1.340780344675065],[36.9514333590738,-1.3407000666441213],[36.951335290035246,-1.3407624849194126]]]},"id":"0018000000000002729f","properties":{"FID":514215}},{"type":"Feature","geometry":{"type":"Polygon","coordinates":[[[36.94938216363285,-1.3516739526549408],[36.94944907541293,-1.3517764652626618],[36.94956051291084,-1.351700671545341],[36.94949368323232,-1.3515980985049207],[36.94938216363285,-1.3516739526549408]]]},"id":"0018000000000002488e","properties":{"FID":515751}},{"type":"Feature","geometry":{"type":"Polygon","coordinates":[[[36.944459305963285,-1.3483964709838954],[36.9445172836766,-1.348490129327473],[36.944615361853685,-1.3484276824232317],[36.9445529559385,-1.3483340433771454],[36.944459305963285,-1.3483964709838954]]]},"id":"001800000000000246f6","properties":{"FID":513704}},{"type":"Feature","geometry":{"type":"Polygon","coordinates":[[[36.95367628345129,-1.3406911829866583],[36.95375655646783,-1.3408071219752973],[36.95382346424678,-1.3407580555989722],[36.953743191303666,-1.3406465619494448],[36.95367628345129,-1.3406911829866583]]]},"id":"00180000000000025c9f","properties":{"FID":514216}},{"type":"Feature","geometry":{"type":"Polygon","coordinates":[[[36.95002430099796,-1.3516649932500817],[36.95004660473569,-1.3516961993009924],[36.950135737619696,-1.3516293397877037],[36.95010900596579,-1.3515980937757925],[36.95002430099796,-1.3516649932500817]]]},"id":"0018000000000001c94e","properties":{"FID":515752}},{"type":"Feature","geometry":{"type":"Polygon","coordinates":[[[36.94016521928901,-1.3483607907839452],[36.94020089367188,-1.348441093147005],[36.940312345252615,-1.3483875970253048],[36.940276670924035,-1.348307294879215],[36.94016521928901,-1.3483607907839452]]]},"id":"001800000000000222fd","properties":{"FID":513705}},{"type":"Feature","geometry":{"type":"Polygon","coordinates":[[[36.953729826137064,-1.3406019903249418],[36.95382346424678,-1.3407625007304877],[36.95390816481544,-1.3407134770010225],[36.95381452681416,-1.3405529076764602],[36.953729826137064,-1.3406019903249418]]]},"id":"00180000000000023d1e","properties":{"FID":514217}},{"type":"Feature","geometry":{"type":"Polygon","coordinates":[[[36.949685398146464,-1.351660569658333],[36.94971212995515,-1.3517007094529419],[36.949814711130344,-1.351638235771612],[36.94978797935914,-1.351598096082985],[36.949685398146464,-1.351660569658333]]]},"id":"0018000000000001bf1b","properties":{"FID":515753}},{"type":"Feature","geometry":{"type":"Polygon","coordinates":[[[36.9455384055491,-1.3483161944997668],[36.945658787433,-1.3484990426961374],[36.94575694608414,-1.3484365951414876],[36.945632054143466,-1.3482537679197715],[36.9455384055491,-1.3483161944997668]]]},"id":"0018000000000002a378","properties":{"FID":513706}},{"type":"Feature","geometry":{"type":"Polygon","coordinates":[[[36.95062625353492,-1.349948236938046],[36.95067979845328,-1.3500196182095356],[36.95080910967949,-1.349930412917967],[36.95075556485578,-1.3498545854050266],[36.95062625353492,-1.349948236938046]]]},"id":"0018000000000001f097","properties":{"FID":513962}},{"type":"Feature","geometry":{"type":"Polygon","coordinates":[[[36.937837571756056,-1.3483073300095503],[36.9379267195098,-1.3484366140805528],[36.93803825656492,-1.3483652678249471],[36.938011438479684,-1.348325126183944],[36.9380426852386,-1.3483073191717205],[36.93799807043964,-1.3482449016033173],[36.93796690567423,-1.348267154114248],[36.937944598255065,-1.3482314983249746],[36.937837571756056,-1.3483073300095503]]]},"id":"00180000000000026891","properties":{"FID":513707}},{"type":"Feature","geometry":{"type":"Polygon","coordinates":[[[36.94973886175407,-1.3517051563792313],[36.94977461346986,-1.351754207628672],[36.94980577320793,-1.3517318952650261],[36.94982807701228,-1.3517631014472176],[36.949952961791176,-1.351673907126932],[36.949935085979035,-1.3516516346247958],[36.94998412145326,-1.3516159614995653],[36.94994402388565,-1.3515624222680662],[36.94989498838455,-1.3515936485580062],[36.949872684600585,-1.3515579957506292],[36.94980577320793,-1.351602582979207],[36.949832504972626,-1.3516382758899177],[36.94973886175407,-1.3517051563792313]]]},"id":"0018000000000002896d","properties":{"FID":515755}},{"type":"Feature","geometry":{"type":"Polygon","coordinates":[[[36.937025969550675,-1.348249345482359],[36.937066156209475,-1.3482849819800546],[36.93708846389626,-1.3482582609353653],[36.937052787996855,-1.3482226039848848],[36.937025969550675,-1.348249345482359]]]},"id":"00180000000000008e0f","properties":{"FID":513708}},{"type":"Feature","geometry":{"type":"Polygon","coordinates":[[[36.95284689978281,-1.349881386377971],[36.9529271737096,-1.3499794444457232],[36.95300293778439,-1.349921484883394],[36.9529271737096,-1.3498189600485746],[36.95284689978281,-1.349881386377971]]]},"id":"00180000000000028736","properties":{"FID":513964}},{"type":"Feature","geometry":{"type":"Polygon","coordinates":[[[36.9365712026606,-1.3482314764407],[36.936646983669405,-1.3483340792088545],[36.936727275366984,-1.3482716453493333],[36.93665141242724,-1.3481735506197907],[36.9365712026606,-1.3482314764407]]]},"id":"00180000000000028620","properties":{"FID":513709}},{"type":"Feature","geometry":{"type":"Polygon","coordinates":[[[36.95322588377869,-1.3498635264809007],[36.9532973017891,-1.3499705743662358],[36.95337306548052,-1.3499215077794142],[36.953301729539454,-1.349810012316712],[36.95322588377869,-1.3498635264809007]]]},"id":"0018000000000001e1be","properties":{"FID":513965}},{"type":"Feature","geometry":{"type":"Polygon","coordinates":[[[36.94977904143346,-1.3515134103532496],[36.94980134524596,-1.3515490631699454],[36.949850380809835,-1.3515133901592384],[36.949823649051666,-1.3514822033873644],[36.94977904143346,-1.3515134103532496]]]},"id":"0018000000000001bf29","properties":{"FID":515757}},{"type":"Feature","geometry":{"type":"Polygon","coordinates":[[[36.936423987165014,-1.3482136826183382],[36.936446295047446,-1.348267186717842],[36.936531015730175,-1.3482270285256044],[36.93650870787355,-1.3481735245360011],[36.936423987165014,-1.3482136826183382]]]},"id":"0018000000000001a950","properties":{"FID":513710}},{"type":"Feature","geometry":{"type":"Polygon","coordinates":[[[36.94973443378805,-1.3499081283558123],[36.94979240732191,-1.3500017833299154],[36.94999756930334,-1.3498769062463722],[36.94993959593205,-1.3497832517730834],[36.94977461346986,-1.349885835988371],[36.94973443378805,-1.3499081283558123]]]},"id":"0018000000000002ae47","properties":{"FID":513966}},{"type":"Feature","geometry":{"type":"Polygon","coordinates":[[[36.949970755599836,-1.3515267891439924],[36.95005103268281,-1.3516293600191176],[36.95010900596579,-1.3515847535242587],[36.950064398521576,-1.3515223416250053],[36.950086702247084,-1.3515089615502125],[36.95005103268281,-1.3514643560250454],[36.949970755599836,-1.3515267891439924]]]},"id":"00180000000000020ea6","properties":{"FID":515758}},{"type":"Feature","geometry":{"type":"Polygon","coordinates":[[[36.9457346410388,-1.3482136533953388],[36.94583271758445,-1.3483340505143657],[36.94592193760545,-1.3482626907559079],[36.94585945080068,-1.348182453993016],[36.945828289382035,-1.3482092102256868],[36.94579261774179,-1.3481646050423195],[36.9457346410388,-1.3482136533953388]]]},"id":"0018000000000001e221","properties":{"FID":513711}},{"type":"Feature","geometry":{"type":"Polygon","coordinates":[[[36.950073336412395,-1.3514509759871987],[36.95017140714267,-1.3515223409466972],[36.95023389026514,-1.3514375749205587],[36.950135737619696,-1.3513617648283367],[36.950073336412395,-1.3514509759871987]]]},"id":"00180000000000014223","properties":{"FID":515759}},{"type":"Feature","geometry":{"type":"Polygon","coordinates":[[[36.937235596042605,-1.3481645836630125],[36.93727127185294,-1.3482404416466447],[36.93731137636384,-1.3482225965044354],[36.93728021130615,-1.3481467774112852],[36.937235596042605,-1.3481645836630125]]]},"id":"0018000000000000d1bb","properties":{"FID":513712}},{"type":"Feature","geometry":{"type":"Polygon","coordinates":[[[36.949235055901184,-1.3497788346259192],[36.94925727787962,-1.3498412265216526],[36.94929745782348,-1.349827886528695],[36.94927958185118,-1.349765417705655],[36.949235055901184,-1.3497788346259192]]]},"id":"00180000000000010188","properties":{"FID":513968}},{"type":"Feature","geometry":{"type":"Polygon","coordinates":[[[36.93696355716542,-1.3481601445807845],[36.93700817259474,-1.348231516269297],[36.93706164546315,-1.348191377354331],[36.937017112080056,-1.3481244513581758],[36.93696355716542,-1.3481601445807845]]]},"id":"0018000000000001db30","properties":{"FID":513713}},{"type":"Feature","geometry":{"type":"Polygon","coordinates":[[[36.95008227430212,-1.3498367505793958],[36.950135737619696,-1.3499259790637268],[36.95027841560725,-1.3498412204942558],[36.95022052445734,-1.3497520707729236],[36.95008227430212,-1.3498367505793958]]]},"id":"0018000000000001db58","properties":{"FID":513969}},{"type":"Feature","geometry":{"type":"Polygon","coordinates":[[[36.9530921490619,-1.3513796477351192],[36.9531813602306,-1.3515535564224734],[36.95327048929509,-1.3515089326198593],[36.95318578798798,-1.3513350628994967],[36.9530921490619,-1.3513796477351192]]]},"id":"0018000000000001e6c6","properties":{"FID":515761}},{"type":"Feature","geometry":{"type":"Polygon","coordinates":[[[36.9454670619686,-1.3481423209975447],[36.94550724399376,-1.348267181265382],[36.94560532084416,-1.3482359802828683],[36.9455785875351,-1.3481557036416805],[36.94551167221559,-1.348177993680059],[36.94549830554517,-1.348133408794371],[36.9454670619686,-1.3481423209975447]]]},"id":"001800000000000219a2","properties":{"FID":513714}},{"type":"Feature","geometry":{"type":"Polygon","coordinates":[[[36.95060394997391,-1.3497921746053039],[36.95065749490859,-1.3498635556765324],[36.95072883342836,-1.3498100012200756],[36.95067528854589,-1.3497386795775912],[36.95060394997391,-1.3497921746053039]]]},"id":"0018000000000000ee4e","properties":{"FID":513970}},{"type":"Feature","geometry":{"type":"Polygon","coordinates":[[[36.93499265985594,-1.351450943702597],[36.93502833675901,-1.3515446000542333],[36.93526019519755,-1.3514464979187044],[36.93523788695381,-1.3513974364722507],[36.93517547304459,-1.3514197724734147],[36.935157675638926,-1.3513840923310378],[36.93499265985594,-1.351450943702597]]]},"id":"00180000000000016d48","properties":{"FID":513459}},{"type":"Feature","geometry":{"type":"Polygon","coordinates":[[[36.93629916131517,-1.3481378586558614],[36.936343777149276,-1.348195830391678],[36.93638388216814,-1.3481645845950858],[36.936343777149276,-1.3481066517501397],[36.93629916131517,-1.3481378586558614]]]},"id":"00180000000000016ab5","properties":{"FID":513715}},{"type":"Feature","geometry":{"type":"Polygon","coordinates":[[[36.95336863773447,-1.3497654307565983],[36.953587072886236,-1.3501132369312243],[36.95360937553769,-1.3500998583489756],[36.95363618790748,-1.3501399933319447],[36.953796651945645,-1.3500374330410319],[36.95355140502876,-1.3496494937410124],[36.95336863773447,-1.3497654307565983]]]},"id":"0018000000000002de10","properties":{"FID":513971}},{"type":"Feature","geometry":{"type":"Polygon","coordinates":[[[36.94444593910066,-1.3481601464254842],[36.94452171195833,-1.348258232584535],[36.944633238965444,-1.348173552579088],[36.944575261343985,-1.3480932941136536],[36.944535160812315,-1.3481244775032812],[36.94452171195833,-1.3481021858980962],[36.94444593910066,-1.3481601464254842]]]},"id":"0018000000000002a660","properties":{"FID":513716}},{"type":"Feature","geometry":{"type":"Polygon","coordinates":[[[36.951112338278634,-1.3496717704841972],[36.95119253211119,-1.349783289776162],[36.95129068333876,-1.349707443692493],[36.9512327109922,-1.3496316361429357],[36.95117916647854,-1.3496717724838303],[36.951156863086105,-1.3496361217379829],[36.951112338278634,-1.3496717704841972]]]},"id":"00180000000000021600","properties":{"FID":513972}},{"type":"Feature","geometry":{"type":"Polygon","coordinates":[[[36.93707058494195,-1.3481066663590335],[36.937141936706055,-1.3482448635366024],[36.937257903677775,-1.3481824516202867],[36.937186552026674,-1.348044195552721],[36.93707058494195,-1.3481066663590335]]]},"id":"00180000000000025d71","properties":{"FID":513717}},{"type":"Feature","geometry":{"type":"Polygon","coordinates":[[[36.95125050448959,-1.3495915402620338],[36.951277317724035,-1.3497119490255989],[36.95137538684032,-1.3496896397149398],[36.95134414577323,-1.3495692503121486],[36.95125050448959,-1.3495915402620338]]]},"id":"0018000000000001a1d6","properties":{"FID":513973}},{"type":"Feature","geometry":{"type":"Polygon","coordinates":[[[36.94383950739718,-1.3481245095855074],[36.94387517998942,-1.3481780091839346],[36.94391528088269,-1.3481512128360635],[36.943964402396865,-1.34822255757527],[36.94404911437975,-1.34816461630827],[36.943964402396865,-1.3480397708657577],[36.94383950739718,-1.3481245095855074]]]},"id":"00180000000000024f95","properties":{"FID":513718}},{"type":"Feature","geometry":{"type":"Polygon","coordinates":[[[36.94964972838653,-1.349649476666012],[36.94968982611545,-1.3497208594735544],[36.94971212995515,-1.3497074805528662],[36.94972549585583,-1.3497297728861306],[36.949845952850566,-1.3496628979577934],[36.94979240732191,-1.3495692245956805],[36.94964972838653,-1.349649476666012]]]},"id":"0018000000000002a016","properties":{"FID":513974}},{"type":"Feature","geometry":{"type":"Polygon","coordinates":[[[36.93587555558014,-1.3511611490505033],[36.935933540091725,-1.3512324672988931],[36.93601826136768,-1.3511655580097983],[36.935960276923176,-1.3510897924537217],[36.93587555558014,-1.3511611490505033]]]},"id":"00180000000000023bae","properties":{"FID":512183}},{"type":"Feature","geometry":{"type":"Polygon","coordinates":[[[36.945627625928914,-1.3480263606601213],[36.9456989693529,-1.348160155051175],[36.94579704594634,-1.3481111089156683],[36.945725702617985,-1.3479728683174248],[36.945627625928914,-1.3480263606601213]]]},"id":"00180000000000028475","properties":{"FID":513719}},{"type":"Feature","geometry":{"type":"Polygon","coordinates":[[[36.9369724966562,-1.3480888339432022],[36.93699480437153,-1.3481200430404512],[36.93708846389626,-1.348057610833677],[36.93703490903383,-1.3479773256451426],[36.9369724966562,-1.3480174443647188],[36.937003743858476,-1.3480665206153117],[36.9369724966562,-1.3480888339432022]]]},"id":"00180000000000023d6a","properties":{"FID":513720}},{"type":"Feature","geometry":{"type":"Polygon","coordinates":[[[36.94595760918266,-1.3480531317957682],[36.94602895228495,-1.3481467883261138],[36.94612702843616,-1.3480664982211283],[36.94605125724058,-1.3479728609949442],[36.94595760918266,-1.3480531317957682]]]},"id":"001800000000000244f6","properties":{"FID":513721}},{"type":"Feature","geometry":{"type":"Polygon","coordinates":[[[36.95365398082023,-1.3494800220037615],[36.95368964862767,-1.3494755961024758],[36.9536852209008,-1.3494176358699923],[36.95365398082023,-1.3494175963319508],[36.95365398082023,-1.3494800220037615]]]},"id":"00180000000000013c72","properties":{"FID":513977}},{"type":"Feature","geometry":{"type":"Polygon","coordinates":[[[36.940102809579685,-1.3479594831787998],[36.94012511634129,-1.3480263842464622],[36.94016521928901,-1.3480085398940118],[36.940138483992975,-1.3479461047436996],[36.940102809579685,-1.3479594831787998]]]},"id":"0018000000000000fef7","properties":{"FID":513722}},{"type":"Feature","geometry":{"type":"Polygon","coordinates":[[[36.948534937124656,-1.3494577420642582],[36.948695494353416,-1.349689618286064],[36.94880693299912,-1.3496138314631112],[36.94877126281091,-1.3495647802532666],[36.94880693299912,-1.3495424493336372],[36.94874010263225,-1.3494488323379557],[36.94869992238231,-1.349475571016957],[36.94863751995038,-1.34938638144133],[36.948534937124656,-1.3494577420642582]]]},"id":"0018000000000002c4e9","properties":{"FID":513978}},{"type":"Feature","geometry":{"type":"Polygon","coordinates":[[[36.93619664321102,-1.3479951713565748],[36.936281364182584,-1.3481289234512845],[36.936397250502864,-1.3480576186352464],[36.93633040880478,-1.3479461418271728],[36.9362411770931,-1.3479996018232687],[36.93622780872987,-1.347977306430781],[36.93619664321102,-1.3479951713565748]]]},"id":"00180000000000026d60","properties":{"FID":513723}},{"type":"Feature","geometry":{"type":"Polygon","coordinates":[[[36.93571054141476,-1.3510853231889812],[36.93579083413909,-1.3511611087305573],[36.93585324752386,-1.3510942390820553],[36.93577746569365,-1.3510184330490578],[36.93571054141476,-1.3510853231889812]]]},"id":"00180000000000022a24","properties":{"FID":512188}},{"type":"Feature","geometry":{"type":"Polygon","coordinates":[[[36.93569274413912,-1.3512726116520142],[36.93582651065332,-1.351406394113357],[36.9359379688927,-1.3512904435182476],[36.935839879089805,-1.3511923207980092],[36.93577746569365,-1.3512547432169337],[36.93574178915553,-1.3512235313720617],[36.93569274413912,-1.3512726116520142]]]},"id":"0018000000000002a108","properties":{"FID":513468}},{"type":"Feature","geometry":{"type":"Polygon","coordinates":[[[36.93798470239715,-1.3479684175608755],[36.938024806517284,-1.3480754435081912],[36.93816307945016,-1.348026394234966],[36.93812297540577,-1.347923815550114],[36.93798470239715,-1.3479684175608755]]]},"id":"0018000000000001ca29","properties":{"FID":513724}},{"type":"Feature","geometry":{"type":"Polygon","coordinates":[[[36.952539250577566,-1.3494131511695915],[36.95263289021146,-1.349511268460361],[36.95270422680482,-1.3494443771383229],[36.95261501505417,-1.3493463002076007],[36.952539250577566,-1.3494131511695915]]]},"id":"0018000000000001fd1d","properties":{"FID":513980}},{"type":"Feature","geometry":{"type":"Polygon","coordinates":[[[36.93484995206986,-1.3510674842413752],[36.93487226043177,-1.3511031436280623],[36.93493024573773,-1.3510674845931105],[36.9349079373935,-1.351027377731987],[36.93484995206986,-1.3510674842413752]]]},"id":"00180000000000008d02","properties":{"FID":512189}},{"type":"Feature","geometry":{"type":"Polygon","coordinates":[[[36.93470281513029,-1.3545500282897236],[36.934774169201454,-1.3546392032667938],[36.93491687713521,-1.354532228882773],[36.934845523203094,-1.3544430542554453],[36.93470281513029,-1.3545500282897236]]]},"id":"0018000000000002947c","properties":{"FID":513213}},{"type":"Feature","geometry":{"type":"Polygon","coordinates":[[[36.94608241856428,-1.3479327656100255],[36.94610915168929,-1.3480263808121764],[36.94622510445593,-1.3479907142827185],[36.946193943192995,-1.3478970590505626],[36.94608241856428,-1.3479327656100255]]]},"id":"001800000000000160ed","properties":{"FID":513725}},{"type":"Feature","geometry":{"type":"Polygon","coordinates":[[[36.95349343447389,-1.3493596740368574],[36.9535157371539,-1.3493997697638955],[36.95356927995721,-1.3493685868461704],[36.95354697729352,-1.349332878154798],[36.95349343447389,-1.3493596740368574]]]},"id":"00180000000000012c2e","properties":{"FID":513981}},{"type":"Feature","geometry":{"type":"Polygon","coordinates":[[[36.93461366345173,-1.351147754269119],[36.93465819829644,-1.351232476859179],[36.93484995206987,-1.3511343752584775],[36.93478753783004,-1.3510228695786055],[36.93467156694619,-1.3510853518966905],[36.934684935593516,-1.351112096796866],[36.93461366345173,-1.351147754269119]]]},"id":"00180000000000029d0c","properties":{"FID":512190}},{"type":"Feature","geometry":{"type":"Polygon","coordinates":[[[36.934515489858626,-1.3512146657873256],[36.934569046563574,-1.351312749368968],[36.93463588986933,-1.3512770514506085],[36.934582415229606,-1.3511789665786977],[36.934515489858626,-1.3512146657873256]]]},"id":"00180000000000017822","properties":{"FID":513470}},{"type":"Feature","geometry":{"type":"Polygon","coordinates":[[[36.93981741364755,-1.347968383846226],[36.93987982360017,-1.348062027944748],[36.94002252158366,-1.3479639267876393],[36.939982418557776,-1.3479059969267406],[36.9399378049408,-1.347937202208018],[36.93991549812211,-1.34790154758285],[36.93981741364755,-1.347968383846226]]]},"id":"001800000000000236ad","properties":{"FID":513726}},{"type":"Feature","geometry":{"type":"Polygon","coordinates":[[[36.95026062187341,-1.3494131315760958],[36.95032302292097,-1.3494889799173992],[36.950452334777815,-1.3493863778837192],[36.950389933840555,-1.3493105891041395],[36.95026062187341,-1.3494131315760958]]]},"id":"00180000000000022041","properties":{"FID":513982}},{"type":"Feature","geometry":{"type":"Polygon","coordinates":[[[36.943710183853796,-1.3479907295890687],[36.94374585650906,-1.348044229127937],[36.943812773443085,-1.347999646395499],[36.943852874370556,-1.348057573478291],[36.94392421952462,-1.348008525109452],[36.94384393571992,-1.3478970599891178],[36.943710183853796,-1.3479907295890687]]]},"id":"0018000000000001fe66","properties":{"FID":513727}},{"type":"Feature","geometry":{"type":"Polygon","coordinates":[[[36.95214681557158,-1.3493284472582778],[36.9521691186622,-1.349368543656285],[36.95223602789324,-1.3493239624560622],[36.95220921501021,-1.3492883330426568],[36.95214681557158,-1.3493284472582778]]]},"id":"0018000000000000a368","properties":{"FID":513983}},{"type":"Feature","geometry":{"type":"Polygon","coordinates":[[[36.935385022818366,-1.3513127564372773],[36.93542963920942,-1.351384075106762],[36.935599082829235,-1.3512815063295716],[36.935509932241736,-1.3511388089314713],[36.93542963920942,-1.3511834024455016],[36.935474255573276,-1.3512592277029485],[36.935385022818366,-1.3513127564372773]]]},"id":"0018000000000002a638","properties":{"FID":513472}},{"type":"Feature","geometry":{"type":"Polygon","coordinates":[[[36.94098572569701,-1.3479684164125878],[36.94102582817329,-1.3480264048815835],[36.9411640134294,-1.3479238196114105],[36.94112391102882,-1.3478658313692193],[36.94098572569701,-1.3479684164125878]]]},"id":"0018000000000001cd11","properties":{"FID":513728}},{"type":"Feature","geometry":{"type":"Polygon","coordinates":[[[36.95390373710179,-1.349332903234818],[36.953952769915745,-1.3493997956337385],[36.9540285329282,-1.3493418383089246],[36.9539750724557,-1.3492749059001503],[36.95390373710179,-1.349332903234818]]]},"id":"0018000000000001fc4d","properties":{"FID":513984}},{"type":"Feature","geometry":{"type":"Polygon","coordinates":[[[36.936660351956114,-1.3478926360696355],[36.936687088522206,-1.3479372265294403],[36.93673613287267,-1.3479060010527049],[36.93670939632448,-1.3478658576668063],[36.936660351956114,-1.3478926360696355]]]},"id":"00180000000000009c5a","properties":{"FID":513729}},{"type":"Feature","geometry":{"type":"Polygon","coordinates":[[[36.95154487554653,-1.3492972517380466],[36.951571606675756,-1.3493418349541373],[36.95159833779522,-1.349323991080944],[36.951571606675756,-1.3492794078976038],[36.95154487554653,-1.3492972517380466]]]},"id":"00180000000000013f61","properties":{"FID":513985}},{"type":"Feature","geometry":{"type":"Polygon","coordinates":[[[36.93609847173997,-1.3511923631445828],[36.936143087696344,-1.3511923433074733],[36.936143087696344,-1.351156644882317],[36.93609847173997,-1.3511566646993585],[36.93609847173997,-1.3511923631445828]]]},"id":"00180000000000013cf6","properties":{"FID":513474}},{"type":"Feature","geometry":{"type":"Polygon","coordinates":[[[36.93633926635846,-1.3479193622432935],[36.93638839295619,-1.3479862666297582],[36.936473113705915,-1.3479238145585117],[36.93641955839344,-1.3478569293349147],[36.93633926635846,-1.3479193622432935]]]},"id":"00180000000000014a5c","properties":{"FID":513730}},{"type":"Feature","geometry":{"type":"Polygon","coordinates":[[[36.9504969419855,-1.3493997572789165],[36.95053703925006,-1.3494711389075296],[36.950724323524,-1.349364131315798],[36.95067086063655,-1.3492704581856754],[36.95058615631925,-1.3493195051705027],[36.95059952206025,-1.3493417970630455],[36.9504969419855,-1.3493997572789165]]]},"id":"0018000000000002260f","properties":{"FID":513986}},{"type":"Feature","geometry":{"type":"Polygon","coordinates":[[[36.93477859807254,-1.3509604660581147],[36.934836583452665,-1.3510228899940147],[36.9349079373935,-1.3509604869732865],[36.93484995206987,-1.3508980631645655],[36.93477859807254,-1.3509604660581147]]]},"id":"001800000000000131b4","properties":{"FID":512195}},{"type":"Feature","geometry":{"type":"Polygon","coordinates":[[[36.939344703684924,-1.3511611556523146],[36.9393848890711,-1.351232489627754],[36.93942056383422,-1.351210154437818],[36.93937594987486,-1.3511432870209645],[36.939344703684924,-1.3511611556523146]]]},"id":"00180000000000010576","properties":{"FID":513475}},{"type":"Feature","geometry":{"type":"Polygon","coordinates":[[[36.94250624204493,-1.34786587402183],[36.94254634368821,-1.3479059558610087],[36.942582016910706,-1.3478747910718167],[36.94254634368821,-1.3478301842795082],[36.94250624204493,-1.34786587402183]]]},"id":"0018000000000000f9d1","properties":{"FID":513731}},{"type":"Feature","geometry":{"type":"Polygon","coordinates":[[[36.950403299617406,-1.3492927445420633],[36.950425603239594,-1.3493329010988298],[36.95047463838505,-1.349301678465073],[36.95044790685498,-1.3492615410814008],[36.950403299617406,-1.3492927445420633]]]},"id":"00180000000000014c8d","properties":{"FID":513987}},{"type":"Feature","geometry":{"type":"Polygon","coordinates":[[[36.94595760918267,-1.3511700489547211],[36.94600664732251,-1.3512458446264655],[36.946077990376985,-1.3512012369721929],[36.94602895228494,-1.351125441442203],[36.94595760918267,-1.3511700489547211]]]},"id":"0018000000000002066a","properties":{"FID":513476}},{"type":"Feature","geometry":{"type":"Polygon","coordinates":[[[36.94219854935972,-1.3478881533324119],[36.94229220222759,-1.3480798998002739],[36.94238134455707,-1.3480352789240164],[36.94235912049061,-1.3479862244676681],[36.94238134455707,-1.3479728470312593],[36.94232787557394,-1.3478658265557768],[36.94229220222759,-1.3478837105976886],[36.94227440655176,-1.3478480366335135],[36.94219854935972,-1.3478881533324119]]]},"id":"0018000000000002a28a","properties":{"FID":513732}},{"type":"Feature","geometry":{"type":"Polygon","coordinates":[[[36.93502390790303,-1.3508891102261364],[36.93507738222039,-1.3509604495301717],[36.93514422506217,-1.3509069624818557],[36.93509517964558,-1.350835604146282],[36.93502390790303,-1.3508891102261364]]]},"id":"001800000000000251af","properties":{"FID":512197}},{"type":"Feature","geometry":{"type":"Polygon","coordinates":[[[36.936985864883475,-1.351116565700407],[36.937052787996855,-1.3512012445977672],[36.93708395315132,-1.351178988785055],[36.937017112080056,-1.351089801787715],[36.936985864883475,-1.351116565700407]]]},"id":"0018000000000000b708","properties":{"FID":513477}},{"type":"Feature","geometry":{"type":"Polygon","coordinates":[[[36.93650870787355,-1.3478702952153452],[36.93658006018516,-1.3479728570445721],[36.93663361538026,-1.3479327169557127],[36.936611307554905,-1.34790150783016],[36.936646983669405,-1.3478792348906083],[36.936620247088676,-1.3478390914806357],[36.93658899972275,-1.3478614046706707],[36.9365666918838,-1.3478301955721308],[36.93650870787355,-1.3478702952153452]]]},"id":"001800000000000189cf","properties":{"FID":513733}},{"type":"Feature","geometry":{"type":"Polygon","coordinates":[[[36.93939374625529,-1.3511477746634717],[36.93942942101409,-1.3512012807354155],[36.9395364451862,-1.351129887419492],[36.93950077047954,-1.3510763815018298],[36.93939374625529,-1.3511477746634717]]]},"id":"00180000000000020851","properties":{"FID":513478}},{"type":"Feature","geometry":{"type":"Polygon","coordinates":[[[36.94583722779033,-1.3478435477156354],[36.94590406080848,-1.3479505640233378],[36.94598877054624,-1.3478970713207006],[36.94592193760544,-1.3477900552533715],[36.94583722779033,-1.3478435477156354]]]},"id":"001800000000000262b6","properties":{"FID":513734}},{"type":"Feature","geometry":{"type":"Polygon","coordinates":[[[36.95016697920284,-1.3493150706671768],[36.95022495239393,-1.3493953252587785],[36.950376568061266,-1.3492838507308467],[36.950314085060654,-1.349203557760883],[36.95016697920284,-1.3493150706671768]]]},"id":"00180000000000024571","properties":{"FID":513990}},{"type":"Feature","geometry":{"type":"Polygon","coordinates":[[[36.94432112692813,-1.3511477728985553],[36.944428143948464,-1.3512636920556786],[36.944512855394606,-1.3511878953536722],[36.944405838498135,-1.351071917187677],[36.94432112692813,-1.3511477728985553]]]},"id":"0018000000000001f10c","properties":{"FID":513479}},{"type":"Feature","geometry":{"type":"Polygon","coordinates":[[[36.94143160823116,-1.347861398352171],[36.94148958834276,-1.347937212974996],[36.941605466419695,-1.347852454336712],[36.94155199686984,-1.3477766787811996],[36.94143160823116,-1.347861398352171]]]},"id":"00180000000000025c8c","properties":{"FID":513735}},{"type":"Feature","geometry":{"type":"Polygon","coordinates":[[[36.94053975843736,-1.3510675131826422],[36.94057994316756,-1.3511254449373857],[36.94061561734834,-1.351103169471172],[36.940575432637715,-1.3510451784736888],[36.94053975843736,-1.3510675131826422]]]},"id":"00180000000000009ae6","properties":{"FID":513480}},{"type":"Feature","geometry":{"type":"Polygon","coordinates":[[[36.94596646557155,-1.3477944849958974],[36.9459932807425,-1.3478747590603364],[36.9460378086652,-1.347861402785034],[36.946051257240576,-1.3478881403305742],[36.94612260025156,-1.347861385336321],[36.946082418564274,-1.347754372517056],[36.94596646557155,-1.3477944849958974]]]},"id":"0018000000000002146c","properties":{"FID":513736}},{"type":"Feature","geometry":{"type":"Polygon","coordinates":[[[36.95292266394076,-1.3492213948235843],[36.95294496679482,-1.3492793944485892],[36.95299851001594,-1.349257104085065],[36.95297620717821,-1.3492036100938976],[36.95292266394076,-1.3492213948235843]]]},"id":"0018000000000001040f","properties":{"FID":513992}},{"type":"Feature","geometry":{"type":"Polygon","coordinates":[[[36.95335076275698,-1.3545098973887582],[36.95341316116857,-1.3545679028641737],[36.95345776657074,-1.3545232925881714],[36.953395368197235,-1.3544653464803411],[36.95335076275698,-1.3545098973887582]]]},"id":"001800000000000192fc","properties":{"FID":515528}},{"type":"Feature","geometry":{"type":"Polygon","coordinates":[[[36.93925555765768,-1.3510541031438674],[36.939313539492716,-1.3511120762094853],[36.93933584649481,-1.3510898001712048],[36.93928229327615,-1.351031807953075],[36.93925555765768,-1.3510541031438674]]]},"id":"00180000000000010153","properties":{"FID":513481}},{"type":"Feature","geometry":{"type":"Polygon","coordinates":[[[36.94352288162679,-1.3477098134803598],[36.94356749305885,-1.3477677792563942],[36.94359422710252,-1.3477454291677733],[36.94354969769307,-1.3476919678851342],[36.94352288162679,-1.3477098134803598]]]},"id":"00180000000000018885","properties":{"FID":513737}},{"type":"Feature","geometry":{"type":"Polygon","coordinates":[[[36.95267298630525,-1.349261564387003],[36.952726529725474,-1.3493462817091815],[36.95269086144837,-1.3493685521130387],[36.952726529725474,-1.349426552547364],[36.952864692887566,-1.3493373729297429],[36.95277556332859,-1.3491946541704722],[36.95267298630525,-1.349261564387003]]]},"id":"0018000000000002963b","properties":{"FID":513993}},{"type":"Feature","geometry":{"type":"Polygon","coordinates":[[[36.94708572409225,-1.3544831637897226],[36.9471303333525,-1.3545009902758454],[36.947148127847626,-1.3544563789724422],[36.947099090472705,-1.3544385718918415],[36.94708572409225,-1.3544831637897226]]]},"id":"0018000000000000fe4e","properties":{"FID":515529}},{"type":"Feature","geometry":{"type":"Polygon","coordinates":[[[36.935973645335245,-1.3510719435401075],[36.936022690163526,-1.3511700456032165],[36.93610298254561,-1.351129899897628],[36.9360583665648,-1.3510318381431903],[36.935973645335245,-1.3510719435401075]]]},"id":"0018000000000000ff71","properties":{"FID":513482}},{"type":"Feature","geometry":{"type":"Polygon","coordinates":[[[36.943411434934156,-1.3477410132335128],[36.943496147557056,-1.3478524596080637],[36.94357200340432,-1.3477944977981848],[36.94348278051852,-1.3476830128365243],[36.943411434934156,-1.3477410132335128]]]},"id":"0018000000000001b3f9","properties":{"FID":513738}},{"type":"Feature","geometry":{"type":"Polygon","coordinates":[[[36.93569717295466,-1.3507821239187907],[36.935719481058484,-1.350831184363996],[36.93578640532921,-1.3508043812687722],[36.935768526057,-1.3507553610293606],[36.93569717295466,-1.3507821239187907]]]},"id":"00180000000000013be8","properties":{"FID":512203}},{"type":"Feature","geometry":{"type":"Polygon","coordinates":[[[36.93668708852221,-1.351089779942362],[36.93673613287266,-1.3512101776831495],[36.937003743858476,-1.351103143767955],[36.93694576019431,-1.3509649376432598],[36.93681642447248,-1.3510184637978009],[36.936834221475024,-1.351067485150786],[36.936794116702806,-1.3510853333115125],[36.936780748440526,-1.3510496350027785],[36.93668708852221,-1.351089779942362]]]},"id":"0018000000000002c040","properties":{"FID":513483}},{"type":"Feature","geometry":{"type":"Polygon","coordinates":[[[36.94294325856366,-1.34787030016875],[36.943005665851366,-1.347968386944086],[36.94329998807183,-1.347776659729662],[36.94323749902841,-1.3476741285541582],[36.94294325856366,-1.34787030016875]]]},"id":"0018000000000002bb6e","properties":{"FID":513739}},{"type":"Feature","geometry":{"type":"Polygon","coordinates":[[[36.94389305728197,-1.350996157875742],[36.94395989207557,-1.3510853366996816],[36.94399556460914,-1.3510585558328145],[36.94393315816546,-1.3509693578984385],[36.94389305728197,-1.350996157875742]]]},"id":"0018000000000000b9d2","properties":{"FID":513484}},{"type":"Feature","geometry":{"type":"Polygon","coordinates":[[[36.940191954575276,-1.3477097744426267],[36.94023205748638,-1.347776656814603],[36.94030791671621,-1.3477320926559428],[36.94026330329759,-1.347665171577969],[36.940191954575276,-1.3477097744426267]]]},"id":"0018000000000000c287","properties":{"FID":513740}},{"type":"Feature","geometry":{"type":"Polygon","coordinates":[[[36.9503943617669,-1.3491634228615983],[36.95042117531514,-1.3492080644469782],[36.95041223746682,-1.3492080448463486],[36.95043896900993,-1.3492481822037656],[36.95054154916597,-1.3491902224024663],[36.95048800414643,-1.3491055029577383],[36.9503943617669,-1.3491634228615983]]]},"id":"00180000000000024e77","properties":{"FID":513996}},{"type":"Feature","geometry":{"type":"Polygon","coordinates":[[[36.9493554317036,-1.3544385531825223],[36.94939552959381,-1.3545188381979472],[36.94944013744584,-1.3544965209884001],[36.94939552959381,-1.3544162569252027],[36.9493554317036,-1.3544385531825223]]]},"id":"0018000000000001690e","properties":{"FID":515532}},{"type":"Feature","geometry":{"type":"Polygon","coordinates":[[[36.93530030080982,-1.350782098796976],[36.93533597756303,-1.3508222648735089],[36.93539839133545,-1.350768738188184],[36.93536279662813,-1.3507285707304877],[36.93530030080982,-1.350782098796976]]]},"id":"001800000000000159f5","properties":{"FID":512205}},{"type":"Feature","geometry":{"type":"Polygon","coordinates":[[[36.94596203737725,-1.351000572561663],[36.946002137127074,-1.3510987016991496],[36.94613596680795,-1.3510452193648208],[36.94611809006327,-1.350991699148489],[36.94608692875477,-1.3510050586103952],[36.94606905199811,-1.3509559853080793],[36.94596203737725,-1.351000572561663]]]},"id":"0018000000000002740b","properties":{"FID":513485}},{"type":"Feature","geometry":{"type":"Polygon","coordinates":[[[36.94257758851162,-1.3478301653733384],[36.94260432291685,-1.3478703056655719],[36.94279162749443,-1.3477320519094458],[36.942742587200385,-1.3476562587016598],[36.942582016910706,-1.3477722209575798],[36.942608833321685,-1.3478079130707312],[36.94257758851162,-1.3478301653733384]]]},"id":"0018000000000002a441","properties":{"FID":513741}},{"type":"Feature","geometry":{"type":"Polygon","coordinates":[[[36.94728638354711,-1.3491322451943384],[36.94731762634692,-1.3491634703796314],[36.947348787131354,-1.3491322669123507],[36.94732205445921,-1.3491010212017962],[36.94728638354711,-1.3491322451943384]]]},"id":"00180000000000011e15","properties":{"FID":513997}},{"type":"Feature","geometry":{"type":"Polygon","coordinates":[[[36.94643027644007,-1.3509961260304035],[36.946474804096866,-1.3510719416232106],[36.946635365846106,-1.3509783196833944],[36.94659075628412,-1.350898058999798],[36.94643027644007,-1.3509961260304035]]]},"id":"00180000000000023713","properties":{"FID":513486}},{"type":"Feature","geometry":{"type":"Polygon","coordinates":[[[36.93773054510061,-1.3477410175755038],[36.93777958875218,-1.3478257097553383],[36.937886615335934,-1.3477632798367585],[36.93781526429749,-1.3476428731985821],[36.93775285258499,-1.347678543965525],[36.93777516006258,-1.3477142587138164],[36.93773054510061,-1.3477410175755038]]]},"id":"001800000000000252d4","properties":{"FID":513742}},{"type":"Feature","geometry":{"type":"Polygon","coordinates":[[[36.95010006807933,-1.349158969936596],[36.950158041323455,-1.3492749144669982],[36.950242746136446,-1.3492303137871988],[36.95022938033026,-1.3492035754124716],[36.9502472560705,-1.3491946624686693],[36.95020264871058,-1.3491054565975322],[36.95010006807933,-1.349158969936596]]]},"id":"0018000000000001ce8a","properties":{"FID":513998}},{"type":"Feature","geometry":{"type":"Polygon","coordinates":[[[36.950193710835556,-1.354443042710995],[36.95025168400548,-1.354532199833605],[36.95037205813518,-1.3544519687469352],[36.95032302292097,-1.354380619340932],[36.950269559740256,-1.3544207041442697],[36.950256193938976,-1.3544029160981692],[36.950193710835556,-1.354443042710995]]]},"id":"00180000000000023df4","properties":{"FID":515534}},{"type":"Feature","geometry":{"type":"Polygon","coordinates":[[[36.94354518734621,-1.3509872041008126],[36.94359873744636,-1.351049640062364],[36.943710183853796,-1.3509604434258602],[36.94365671584138,-1.3508980654987415],[36.94354518734621,-1.3509872041008126]]]},"id":"001800000000000215c0","properties":{"FID":513487}},{"type":"Feature","geometry":{"type":"Polygon","coordinates":[[[36.93693239195972,-1.3476919214546494],[36.93696355716543,-1.3477275985950525],[36.93703048029919,-1.3476696720998962],[36.93699923310832,-1.3476339964784203],[36.93693239195972,-1.3476919214546494]]]},"id":"0018000000000001b5da","properties":{"FID":513743}},{"type":"Feature","geometry":{"type":"Polygon","coordinates":[[[36.95224939333279,-1.3491679265342693],[36.95234746114587,-1.3492481800911593],[36.952432163423744,-1.3491411544619152],[36.95233409572423,-1.3490653474118484],[36.95224939333279,-1.3491679265342693]]]},"id":"00180000000000014015","properties":{"FID":513999}},{"type":"Feature","geometry":{"type":"Polygon","coordinates":[[[36.94351402494219,-1.3509158923506364],[36.94353182031665,-1.3509604623345393],[36.943576431743246,-1.3509381479651288],[36.943558554373354,-1.350893579484363],[36.94351402494219,-1.3509158923506364]]]},"id":"00180000000000012562","properties":{"FID":513488}},{"type":"Feature","geometry":{"type":"Polygon","coordinates":[[[36.94069139417122,-1.3476874853633967],[36.94076274240678,-1.3477900412206836],[36.940843029590994,-1.3477320587014363],[36.94076717091566,-1.3476295235266842],[36.94069139417122,-1.3476874853633967]]]},"id":"00180000000000020865","properties":{"FID":513744}},{"type":"Feature","geometry":{"type":"Polygon","coordinates":[[[36.95368964862767,-1.3543984510374922],[36.953765493907525,-1.3545232766975437],[36.953872497114546,-1.3544563900926194],[36.95379665194565,-1.354336011687564],[36.95368964862767,-1.3543984510374922]]]},"id":"00180000000000029ba3","properties":{"FID":515536}},{"type":"Feature","geometry":{"type":"Polygon","coordinates":[[[36.9451593817304,-1.3509203479184615],[36.94517274846272,-1.3509515360417523],[36.94516832022038,-1.3509515552432712],[36.945239664092114,-1.3510898062221044],[36.945315436128006,-1.351049626256193],[36.94523072561085,-1.3508846936982597],[36.9451593817304,-1.3509203479184615]]]},"id":"00180000000000025c8d","properties":{"FID":513489}},{"type":"Feature","geometry":{"type":"Polygon","coordinates":[[[36.94585059439884,-1.3476473694142372],[36.94589512240836,-1.3477097812861984],[36.94592193760544,-1.3476874897076383],[36.94588175580798,-1.347629506790771],[36.94585059439884,-1.3476473694142372]]]},"id":"001800000000000166e9","properties":{"FID":513745}},{"type":"Feature","geometry":{"type":"Polygon","coordinates":[[[36.95328385454562,-1.349123346617287],[36.95333739751868,-1.3492169555371367],[36.953475641522076,-1.3491366684967803],[36.95342209865023,-1.349043059910573],[36.95328385454562,-1.349123346617287]]]},"id":"0018000000000001d0cb","properties":{"FID":514001}},{"type":"Feature","geometry":{"type":"Polygon","coordinates":[[[36.9469742828251,-1.3543850506528627],[36.94700995388934,-1.3544564035479885],[36.94709909047271,-1.3544073815800626],[36.94705899132399,-1.3543404955233558],[36.9469742828251,-1.3543850506528627]]]},"id":"00180000000000019d47","properties":{"FID":515537}},{"type":"Feature","geometry":{"type":"Polygon","coordinates":[[[36.93474292104781,-1.3506082034640834],[36.934796477586445,-1.350697390440215],[36.93484101231998,-1.3506661806619216],[36.93478753783004,-1.3505769923448967],[36.93474292104781,-1.3506082034640834]]]},"id":"0018000000000001da7f","properties":{"FID":512210}},{"type":"Feature","geometry":{"type":"Polygon","coordinates":[[[36.94060667830238,-1.3510407111276563],[36.94066465906735,-1.3511120840896287],[36.94078947747484,-1.3510139899752012],[36.940780538450106,-1.3510006289302565],[36.94084745809502,-1.3509470846377445],[36.94078504896731,-1.350866836899589],[36.94069582268442,-1.3509381500611835],[36.9407137007535,-1.3509560370548983],[36.94060667830238,-1.3510407111276563]]]},"id":"001800000000000289f4","properties":{"FID":513490}},{"type":"Feature","geometry":{"type":"Polygon","coordinates":[[[36.94023205748638,-1.3476607435826742],[36.940254364208606,-1.3476785514114282],[36.94029003854805,-1.347642880006726],[36.940267731836684,-1.3476250721950558],[36.94023205748638,-1.3476607435826742]]]},"id":"00180000000000012bf9","properties":{"FID":513746}},{"type":"Feature","geometry":{"type":"Polygon","coordinates":[[[36.9510677314462,-1.3491500774408032],[36.95113455968685,-1.3492481966999104],[36.951312986690404,-1.3491233252775947],[36.951246076615064,-1.3490296543048597],[36.9510677314462,-1.3491500774408032]]]},"id":"00180000000000026696","properties":{"FID":514002}},{"type":"Feature","geometry":{"type":"Polygon","coordinates":[[[36.95298957248252,-1.3543671971003353],[36.95302524061397,-1.3544608385166839],[36.95313675465985,-1.3544207309422165],[36.953101086582784,-1.3543270897518307],[36.95298957248252,-1.3543671971003353]]]},"id":"0018000000000001b0b3","properties":{"FID":515538}},{"type":"Feature","geometry":{"type":"Polygon","coordinates":[[[36.94395546375985,-1.3509649305674294],[36.944031237125316,-1.3510496223803445],[36.94417392701616,-1.3509292770386727],[36.94409815379842,-1.3508445262751538],[36.94395546375985,-1.3509649305674294]]]},"id":"00180000000000025d7d","properties":{"FID":513491}},{"type":"Feature","geometry":{"type":"Polygon","coordinates":[[[36.94555628243539,-1.3476473564699856],[36.94560089262799,-1.3477900413253443],[36.94570339756312,-1.3477588223762882],[36.945658787433,-1.3476161378209253],[36.94555628243539,-1.3476473564699856]]]},"id":"0018000000000000f497","properties":{"FID":513747}},{"type":"Feature","geometry":{"type":"Polygon","coordinates":[[[36.94970770198752,-1.3543761392847058],[36.94975230964922,-1.3544608500957618],[36.94986374668525,-1.3544117889949776],[36.949823649051666,-1.3543226104168127],[36.94970770198752,-1.3543761392847058]]]},"id":"0018000000000001a6d7","properties":{"FID":515539}},{"type":"Feature","geometry":{"type":"Polygon","coordinates":[[[36.93824779814657,-1.3508757473987398],[36.938287902122596,-1.350929234781214],[36.938336945400835,-1.350889110663419],[36.93830127010972,-1.3508400514937018],[36.93824779814657,-1.3508757473987398]]]},"id":"0018000000000001bf88","properties":{"FID":513492}},{"type":"Feature","geometry":{"type":"Polygon","coordinates":[[[36.940780538450106,-1.3476116780440959],[36.94080735552104,-1.3476562643998717],[36.94085188659878,-1.3476339548062535],[36.94082072304814,-1.34758493930009],[36.940780538450106,-1.3476116780440959]]]},"id":"0018000000000001491f","properties":{"FID":513748}},{"type":"Feature","geometry":{"type":"Polygon","coordinates":[[[36.94705448119341,-1.349101014975874],[36.94714369972481,-1.3492392367008361],[36.947197247191895,-1.3492036051454601],[36.94721061355198,-1.3492258979615765],[36.94725071261762,-1.3491991013040994],[36.94721504167073,-1.3491500495078108],[36.947201675311454,-1.3491590014670132],[36.947161576218946,-1.3490921231289996],[36.94717043246212,-1.3490831917473929],[36.94712590522862,-1.3490207791724467],[36.94708572409225,-1.349047517802659],[36.94709909047271,-1.3490698105753645],[36.94705448119341,-1.349101014975874]]]},"id":"0018000000000001e6d5","properties":{"FID":514004}},{"type":"Feature","geometry":{"type":"Polygon","coordinates":[[[36.94886047924901,-1.3543449466601702],[36.948927309505926,-1.354474268922228],[36.94898085566771,-1.3544474641883573],[36.94901209774402,-1.3545188347502968],[36.94911016989684,-1.354469773469973],[36.949092293878785,-1.354438545874546],[36.94913247391325,-1.3544162480925168],[36.94908343786822,-1.3543181553030763],[36.949034401790314,-1.3543449389573015],[36.94902095376322,-1.3543181984784387],[36.94896297961806,-1.3543449038224693],[36.948967489630995,-1.3543538366056764],[36.94896297961806,-1.3543538574658025],[36.94894075755024,-1.354304799856959],[36.94886047924901,-1.3543449466601702]]]},"id":"0018000000000002a6c4","properties":{"FID":515540}},{"type":"Feature","geometry":{"type":"Polygon","coordinates":[[[36.9354206995303,-1.3505725364202084],[36.93549656374502,-1.3506706373291022],[36.93562139096294,-1.3505725391974246],[36.9355901431708,-1.350536861024279],[36.93556791704281,-1.3505546886619209],[36.93551878989465,-1.3504967342623813],[36.9354206995303,-1.3505725364202084]]]},"id":"0018000000000001bdc2","properties":{"FID":512213}},{"type":"Feature","geometry":{"type":"Polygon","coordinates":[[[36.94561425927968,-1.3509292425693018],[36.945676664289884,-1.3509961445711458],[36.94580147415065,-1.3508846567775206],[36.9457301308266,-1.3508043948865838],[36.945627625928914,-1.350898055119164],[36.945636564361706,-1.3509114152930306],[36.94561425927968,-1.3509292425693018]]]},"id":"001800000000000272d0","properties":{"FID":513493}},{"type":"Feature","geometry":{"type":"Polygon","coordinates":[[[36.9458996326104,-1.3476071954820124],[36.94593530419849,-1.3476874904851157],[36.94598434235327,-1.3476696674398978],[36.94594867078909,-1.3475893725213954],[36.9458996326104,-1.3476071954820124]]]},"id":"0018000000000001b22b","properties":{"FID":513749}},{"type":"Feature","geometry":{"type":"Polygon","coordinates":[[[36.95011794385116,-1.3543493990699873],[36.95017140714267,-1.3544341298549185],[36.95026062187341,-1.3543806018611961],[36.95020707664826,-1.3542958727285666],[36.95011794385116,-1.3543493990699873]]]},"id":"001800000000000141a1","properties":{"FID":515541}},{"type":"Feature","geometry":{"type":"Polygon","coordinates":[[[36.935014968174386,-1.3541799279779663],[36.93507738222039,-1.3543315319804974],[36.93519335246161,-1.3542869496283563],[36.9351308564987,-1.3541308995510017],[36.935014968174386,-1.3541799279779663]]]},"id":"00180000000000026fcc","properties":{"FID":513238}},{"type":"Feature","geometry":{"type":"Polygon","coordinates":[[[36.9462786525952,-1.3508311369844423],[36.94629644729742,-1.3508757645860168],[36.946336628867186,-1.3508534702181922],[36.94631875217153,-1.3508132909784056],[36.9462786525952,-1.3508311369844423]]]},"id":"0018000000000000ff48","properties":{"FID":513494}},{"type":"Feature","geometry":{"type":"Polygon","coordinates":[[[36.936820853220055,-1.3475849125548371],[36.936865468736315,-1.3476696244373083],[36.93690114472699,-1.3476517987954673],[36.93685210048706,-1.3475671059761816],[36.936820853220055,-1.3475849125548371]]]},"id":"0018000000000000b3cb","properties":{"FID":513750}},{"type":"Feature","geometry":{"type":"Polygon","coordinates":[[[36.95027398767388,-1.3490653615300991],[36.95034089863832,-1.3491589744726062],[36.950456844698955,-1.349074277659503],[36.950389933840555,-1.3489806057341611],[36.95027398767388,-1.3490653615300991]]]},"id":"0018000000000001f9a8","properties":{"FID":514006}},{"type":"Feature","geometry":{"type":"Polygon","coordinates":[[[36.95026504980758,-1.3542869561983966],[36.95029186340322,-1.3543404377281185],[36.95032302292097,-1.3543270762779283],[36.95029629133549,-1.3542735933287937],[36.95026504980758,-1.3542869561983966]]]},"id":"0018000000000000c604","properties":{"FID":515542}},{"type":"Feature","geometry":{"type":"Polygon","coordinates":[[[36.93439517166655,-1.3504878176179762],[36.93442190905966,-1.3505324119029625],[36.93447538381657,-1.3505011624801895],[36.934453075333764,-1.3504566084095642],[36.93439517166655,-1.3504878176179762]]]},"id":"0018000000000001247f","properties":{"FID":512215}},{"type":"Feature","geometry":{"type":"Polygon","coordinates":[[[36.94596646557156,-1.3508668499905208],[36.94599770893492,-1.3509114172985344],[36.94609135694153,-1.350844536368075],[36.94606011361814,-1.3507999691754327],[36.94596646557156,-1.3508668499905208]]]},"id":"0018000000000001cee7","properties":{"FID":513495}},{"type":"Feature","geometry":{"type":"Polygon","coordinates":[[[36.93747638692186,-1.3475938402620973],[36.93751649132039,-1.3476518309339591],[36.93756553511534,-1.3476161592597529],[36.93752543074366,-1.3475581686675024],[36.93747638692186,-1.3475938402620973]]]},"id":"0018000000000001c79d","properties":{"FID":513751}},{"type":"Feature","geometry":{"type":"Polygon","coordinates":[[[36.95018477295944,-1.3489984662559669],[36.950216014521644,-1.3490564279364103],[36.95025168400548,-1.3490386036470405],[36.95022052445734,-1.3489806405649423],[36.95018477295944,-1.3489984662559669]]]},"id":"001800000000000184cb","properties":{"FID":514007}},{"type":"Feature","geometry":{"type":"Polygon","coordinates":[[[36.946385666753045,-1.3508445373649942],[36.94643470460605,-1.3509337319943273],[36.94655065685683,-1.3508712585753069],[36.9464971089166,-1.3507776380060845],[36.946385666753045,-1.3508445373649942]]]},"id":"001800000000000166cb","properties":{"FID":513496}},{"type":"Feature","geometry":{"type":"Polygon","coordinates":[[[36.936022690163526,-1.347634004219552],[36.93606730616609,-1.347696422621431],[36.936187703625535,-1.347616145402597],[36.93614759849923,-1.3475537067633305],[36.936022690163526,-1.347634004219552]]]},"id":"0018000000000001783d","properties":{"FID":513752}},{"type":"Feature","geometry":{"type":"Polygon","coordinates":[[[36.94872222652378,-1.3490028961374307],[36.94877126281091,-1.34910103668451],[36.94887827332337,-1.3490430571091492],[36.94882923710797,-1.3489449761148538],[36.94872222652378,-1.3490028961374307]]]},"id":"00180000000000021e0a","properties":{"FID":514008}},{"type":"Feature","geometry":{"type":"Polygon","coordinates":[[[36.952864692887566,-1.3542780468696272],[36.95291823616745,-1.354349372892788],[36.95294947656227,-1.3543271164722426],[36.95289593330525,-1.3542512842760217],[36.952864692887566,-1.3542780468696272]]]},"id":"00180000000000018535","properties":{"FID":515544}},{"type":"Feature","geometry":{"type":"Polygon","coordinates":[[[36.934823214833024,-1.3504521278016117],[36.93484552320309,-1.350496740954407],[36.934885629042455,-1.3504744455517772],[36.93485889181865,-1.3504342990444436],[36.934823214833024,-1.3504521278016117]]]},"id":"00180000000000009c59","properties":{"FID":512217}},{"type":"Feature","geometry":{"type":"Polygon","coordinates":[[[36.93627685338792,-1.3508311523406389],[36.93629916131517,-1.3508846599078825],[36.93638388216813,-1.350844555077746],[36.936401761290114,-1.3508802327596894],[36.936423987165014,-1.3508712998814034],[36.93637945339411,-1.350782132503019],[36.93627685338792,-1.3508311523406389]]]},"id":"00180000000000019394","properties":{"FID":513497}},{"type":"Feature","geometry":{"type":"Polygon","coordinates":[[[36.94036138717477,-1.3476964030105865],[36.94042830720284,-1.3478078719379258],[36.940504084219604,-1.3477633092595533],[36.94045061386527,-1.3476785798992903],[36.94060667830238,-1.3475804820271857],[36.94059331073619,-1.3475581880996257],[36.94036138717477,-1.3476964030105865]]]},"id":"00180000000000022e4a","properties":{"FID":513753}},{"type":"Feature","geometry":{"type":"Polygon","coordinates":[[[36.950590584233716,-1.3489806106570235],[36.950612887798805,-1.3490163204497847],[36.95068422636208,-1.3489672737167961],[36.95066192281873,-1.3489360103680554],[36.950590584233716,-1.3489806106570235]]]},"id":"001800000000000109a9","properties":{"FID":514009}},{"type":"Feature","geometry":{"type":"Polygon","coordinates":[[[36.94943119947768,-1.3543136942613205],[36.94947580730796,-1.3543895109534045],[36.94951147715269,-1.35436723418853],[36.94954271900241,-1.3544207562244213],[36.94960512066229,-1.3543805715140522],[36.94952935306833,-1.3542557380438762],[36.94943119947768,-1.3543136942613205]]]},"id":"00180000000000021355","properties":{"FID":515545}},{"type":"Feature","geometry":{"type":"Polygon","coordinates":[[[36.94066465906735,-1.3507999501834727],[36.94071370075349,-1.3509024928827076],[36.94077610994203,-1.3508757710829484],[36.9407270682977,-1.3507687220653415],[36.94066465906735,-1.3507999501834727]]]},"id":"00180000000000017d26","properties":{"FID":513498}},{"type":"Feature","geometry":{"type":"Polygon","coordinates":[[[36.941609976886085,-1.3475581795650422],[36.9416634463936,-1.347629508017701],[36.941712487410626,-1.347589391416562],[36.94165901793893,-1.347522509759832],[36.941609976886085,-1.3475581795650422]]]},"id":"0018000000000001a8fe","properties":{"FID":513754}},{"type":"Feature","geometry":{"type":"Polygon","coordinates":[[[36.9348989976507,-1.3504254053651468],[36.934961411795534,-1.3505234484224309],[36.935050645066596,-1.3504655334020637],[36.934988230997796,-1.3503674312799943],[36.9348989976507,-1.3504254053651468]]]},"id":"001800000000000239cd","properties":{"FID":512219}},{"type":"Feature","geometry":{"type":"Polygon","coordinates":[[[36.940843029590994,-1.350866817400906],[36.940874193132146,-1.3509292371541757],[36.941039195660494,-1.3508400971250265],[36.941007950180435,-1.3507776197904935],[36.940843029590994,-1.350866817400906]]]},"id":"0018000000000001e238","properties":{"FID":513499}},{"type":"Feature","geometry":{"type":"Polygon","coordinates":[[[36.94129785195697,-1.3476206156603654],[36.94136468912024,-1.3477231910268168],[36.94149401680767,-1.3476339857630282],[36.94148064940351,-1.3476161387816348],[36.941507384209395,-1.347598294292105],[36.94145391458788,-1.3475135663341284],[36.94129785195697,-1.3476206156603654]]]},"id":"00180000000000023966","properties":{"FID":513755}},{"type":"Feature","geometry":{"type":"Polygon","coordinates":[[[36.94076717091566,-1.3507910181070906],[36.940811784027225,-1.3508355886556616],[36.940843029590994,-1.350799931954306],[36.94083409057281,-1.3507910181436829],[36.940860825614806,-1.3507598293085996],[36.94082515155352,-1.3507286198044455],[36.94076717091566,-1.3507910181070906]]]},"id":"0018000000000001b1ce","properties":{"FID":513500}},{"type":"Feature","geometry":{"type":"Polygon","coordinates":[[[36.937632457698925,-1.3475224802126458],[36.93769044081931,-1.3476116981665263],[36.93773948449775,-1.3475804735522736],[36.937681501416186,-1.3474913150062282],[36.937632457698925,-1.3475224802126458]]]},"id":"001800000000000240db","properties":{"FID":513756}},{"type":"Feature","geometry":{"type":"Polygon","coordinates":[[[36.950925054998045,-1.3489226372906935],[36.95099188336904,-1.3490252026363538],[36.9511211940436,-1.3489405075211183],[36.95105879367687,-1.3488423697727452],[36.95097851769973,-1.3488914556512033],[36.950925054998045,-1.3489226372906935]]]},"id":"001800000000000218a0","properties":{"FID":514012}},{"type":"Feature","geometry":{"type":"Polygon","coordinates":[[[36.93549205290201,-1.3502916187896035],[36.93551878989465,-1.3503317648466628],[36.93557677468872,-1.3502916007531653],[36.9355456088928,-1.3502514738978602],[36.93549205290201,-1.3502916187896035]]]},"id":"00180000000000016f07","properties":{"FID":512221}},{"type":"Feature","geometry":{"type":"Polygon","coordinates":[[[36.935014968174386,-1.3541219862897311],[36.93508181107314,-1.354144284137745],[36.935104119364425,-1.354068451224939],[36.93503727648603,-1.35404615336982],[36.935014968174386,-1.3541219862897311]]]},"id":"0018000000000000ef42","properties":{"FID":513245}},{"type":"Feature","geometry":{"type":"Polygon","coordinates":[[[36.93640176129011,-1.350773198222531],[36.936481971242344,-1.3508980243643547],[36.93658899972275,-1.3508311363461443],[36.936513218653936,-1.3507062913889998],[36.93640176129011,-1.350773198222531]]]},"id":"00180000000000023b74","properties":{"FID":513501}},{"type":"Feature","geometry":{"type":"Polygon","coordinates":[[[36.941618915809535,-1.3475046611682142],[36.94163228318844,-1.3475269547733777],[36.941676813764374,-1.3475001988554869],[36.9416634463936,-1.347477905276164],[36.941618915809535,-1.3475046611682142]]]},"id":"0018000000000000b919","properties":{"FID":513757}},{"type":"Feature","geometry":{"type":"Polygon","coordinates":[[[36.95067528854589,-1.348944962927869],[36.9507511369513,-1.3490251963407858],[36.95085371666962,-1.3489271015646331],[36.950773440467444,-1.3488468282094532],[36.95067528854589,-1.348944962927869]]]},"id":"001800000000000276b8","properties":{"FID":514013}},{"type":"Feature","geometry":{"type":"Polygon","coordinates":[[[36.95306541848833,-1.3542735897025586],[36.95308772129886,-1.3543359840328848],[36.953163485207355,-1.3543092601313127],[36.95314118241993,-1.3542468066105464],[36.95306541848833,-1.3542735897025586]]]},"id":"00180000000000013abe","properties":{"FID":515549}},{"type":"Feature","geometry":{"type":"Polygon","coordinates":[[[36.94581492276946,-1.3507776336977178],[36.94585502259989,-1.3508445156542475],[36.946002137127074,-1.350759789064787],[36.94596203737725,-1.3506929073590224],[36.94581492276946,-1.3507776336977178]]]},"id":"001800000000000224e6","properties":{"FID":513502}},{"type":"Feature","geometry":{"type":"Polygon","coordinates":[[[36.93697692539435,-1.347509105062024],[36.93703941978179,-1.3476294913516558],[36.937030480299185,-1.3476295307891983],[36.93705721673013,-1.3476785677513843],[36.9371062608327,-1.3476517897702935],[36.93708395315132,-1.3476072401295809],[36.93713750797789,-1.3475804418155861],[36.93707501367416,-1.3474600558128154],[36.93697692539435,-1.347509105062024]]]},"id":"00180000000000011179","properties":{"FID":513758}},{"type":"Feature","geometry":{"type":"Polygon","coordinates":[[[36.94997526555065,-1.354269100089184],[36.95001536310115,-1.354322642175769],[36.9500777643579,-1.3542825171733404],[36.950033238893674,-1.3542245474735266],[36.94997526555065,-1.354269100089184]]]},"id":"0018000000000001c5be","properties":{"FID":515550}},{"type":"Feature","geometry":{"type":"Polygon","coordinates":[[[36.945128220013665,-1.3507598027620042],[36.9451593817304,-1.3507999249877443],[36.945239664092114,-1.3507374903913023],[36.94520842040512,-1.3507018166186682],[36.945128220013665,-1.3507598027620042]]]},"id":"0018000000000001a981","properties":{"FID":513503}},{"type":"Feature","geometry":{"type":"Polygon","coordinates":[[[36.93669159929159,-1.3475536967126944],[36.93672276459979,-1.347598327127555],[36.93682536398121,-1.347526962935241],[36.93677180892635,-1.3474511846126573],[36.936691599291585,-1.3475046614269082],[36.93671390709249,-1.3475358702684703],[36.93669159929159,-1.3475536967126944]]]},"id":"00180000000000020d74","properties":{"FID":513759}},{"type":"Feature","geometry":{"type":"Polygon","coordinates":[[[36.949003159723546,-1.3542512736140173],[36.94902546377257,-1.3542780345561998],[36.949061133836864,-1.3542423570366016],[36.9490388297987,-1.354220043277332],[36.949003159723546,-1.3542512736140173]]]},"id":"0018000000000000ad98","properties":{"FID":515551}},{"type":"Feature","geometry":{"type":"Polygon","coordinates":[[[36.94393315816546,-1.3507642621670626],[36.943991136295566,-1.3508400786381942],[36.94408027655595,-1.350773157708154],[36.9440178701845,-1.3506973606093848],[36.94393315816546,-1.3507642621670626]]]},"id":"00180000000000024544","properties":{"FID":513504}},{"type":"Feature","geometry":{"type":"Polygon","coordinates":[[[36.936669291483895,-1.3474734525960372],[36.93670045680158,-1.347504682747815],[36.936745072391204,-1.3474556297849722],[36.93671390709249,-1.3474243996772284],[36.936669291483895,-1.3474734525960372]]]},"id":"00180000000000012a77","properties":{"FID":513760}},{"type":"Feature","geometry":{"type":"Polygon","coordinates":[[[36.95337306548051,-1.3543271172353124],[36.95343997361027,-1.354434136478678],[36.95352467462303,-1.3543805720866413],[36.95340873342496,-1.3542067130058013],[36.953377493226284,-1.3542289691807605],[36.95342209865022,-1.354295888018733],[36.95337306548051,-1.3543271172353124]]]},"id":"00180000000000029f5f","properties":{"FID":515552}},{"type":"Feature","geometry":{"type":"Polygon","coordinates":[[[36.93461809233253,-1.3502470270888953],[36.93465376941808,-1.350296088029714],[36.93473406330104,-1.3502380945674075],[36.93469387536245,-1.3501846068890733],[36.93461809233253,-1.3502470270888953]]]},"id":"0018000000000000d680","properties":{"FID":512225}},{"type":"Feature","geometry":{"type":"Polygon","coordinates":[[[36.943781529146946,-1.350724139678126],[36.943799406462375,-1.3507509198661054],[36.94384844604835,-1.3507241396450107],[36.94383507907416,-1.3506973981451318],[36.943781529146946,-1.350724139678126]]]},"id":"0018000000000000ba1e","properties":{"FID":513505}},{"type":"Feature","geometry":{"type":"Polygon","coordinates":[[[36.94171699787041,-1.3474823539038512],[36.94173930414016,-1.3475804982300827],[36.94189979427029,-1.3475403679925535],[36.94188199849906,-1.3474690021388032],[36.941850753378745,-1.3474779142424984],[36.9418418144836,-1.3474511550535522],[36.94171699787041,-1.3474823539038512]]]},"id":"0018000000000001c3a3","properties":{"FID":513761}},{"type":"Feature","geometry":{"type":"Polygon","coordinates":[[[36.94871779849624,-1.3488825044663502],[36.9487578967359,-1.3489360417062704],[36.948860479249014,-1.3488602365689584],[36.9487891389074,-1.3487665821880974],[36.94872222652378,-1.3488111639821891],[36.948753468710514,-1.348855787101524],[36.94871779849624,-1.3488825044663502]]]},"id":"00180000000000028951","properties":{"FID":514017}},{"type":"Feature","geometry":{"type":"Polygon","coordinates":[[[36.95365398082023,-1.3542512698645364],[36.953725316417724,-1.3543404815001778],[36.95379222422525,-1.3542824904477264],[36.953720888693006,-1.3541977851688145],[36.95365398082023,-1.3542512698645364]]]},"id":"0018000000000001b050","properties":{"FID":515553}},{"type":"Feature","geometry":{"type":"Polygon","coordinates":[[[36.93596470572254,-1.3507687262248624],[36.93607624576625,-1.3509069332604982],[36.93617876403896,-1.3508267232286775],[36.93607173495896,-1.3506884366749077],[36.93596470572254,-1.3507687262248624]]]},"id":"00180000000000025612","properties":{"FID":513506}},{"type":"Feature","geometry":{"type":"Polygon","coordinates":[[[36.936031629769154,-1.3474556099709065],[36.93607173495896,-1.347522495580604],[36.93614308769634,-1.347477890998369],[36.93610298254561,-1.3474110055154067],[36.936031629769154,-1.3474556099709065]]]},"id":"001800000000000236fb","properties":{"FID":513762}},{"type":"Feature","geometry":{"type":"Polygon","coordinates":[[[36.93549656374502,-1.3540506284671125],[36.93554109805283,-1.3541175047742435],[36.935643699089866,-1.3540417289753535],[36.93559465400775,-1.3539792622363382],[36.93549656374502,-1.3540506284671125]]]},"id":"00180000000000021ad4","properties":{"FID":513251}},{"type":"Feature","geometry":{"type":"Polygon","coordinates":[[[36.940981215192174,-1.3507553241268822],[36.941039195660494,-1.3507955069577546],[36.9410971760829,-1.3507196488295554],[36.9410391956605,-1.3506795253592065],[36.940981215192174,-1.3507553241268822]]]},"id":"0018000000000001d5d6","properties":{"FID":513507}},{"type":"Feature","geometry":{"type":"Polygon","coordinates":[[[36.93680305621427,-1.3474288718999],[36.936834221475024,-1.3474868430107978],[36.93686103999143,-1.34747344317197],[36.936834221475024,-1.347415513859523],[36.93680305621427,-1.3474288718999]]]},"id":"0018000000000000fddf","properties":{"FID":513763}},{"type":"Feature","geometry":{"type":"Polygon","coordinates":[[[36.94857503546455,-1.3487844225412313],[36.94861521578308,-1.3488825416825596],[36.94873116457857,-1.3488334752584452],[36.948690984323704,-1.3487353563795086],[36.94857503546455,-1.3487844225412313]]]},"id":"001800000000000112aa","properties":{"FID":514019}},{"type":"Feature","geometry":{"type":"Polygon","coordinates":[[[36.95389922739317,-1.354242345241628],[36.95398392787409,-1.3543582968115617],[36.95408650305896,-1.3542869834545936],[36.95400180269684,-1.3541665853378286],[36.95389922739317,-1.354242345241628]]]},"id":"001800000000000235fc","properties":{"FID":515555}},{"type":"Feature","geometry":{"type":"Polygon","coordinates":[[[36.93838155999332,-1.3507375267514392],[36.938426174558614,-1.350804394466457],[36.938493014343614,-1.3507642517857965],[36.93845291047994,-1.3506973635616415],[36.93838155999332,-1.3507375267514392]]]},"id":"00180000000000019600","properties":{"FID":513508}},{"type":"Feature","geometry":{"type":"Polygon","coordinates":[[[36.94573906924687,-1.3474422546502327],[36.94576137429086,-1.3474779062292115],[36.94581935097267,-1.3474467045709981],[36.94580147415065,-1.3474110340389889],[36.94573906924687,-1.3474422546502327]]]},"id":"0018000000000001704f","properties":{"FID":513764}},{"type":"Feature","geometry":{"type":"Polygon","coordinates":[[[36.94905219582238,-1.3487576576224367],[36.949096803883755,-1.348842417655293],[36.94920381392009,-1.3487888855195949],[36.94915920592396,-1.3487041849924994],[36.94905219582238,-1.3487576576224367]]]},"id":"0018000000000001c2a4","properties":{"FID":514020}},{"type":"Feature","geometry":{"type":"Polygon","coordinates":[[[36.94879799495359,-1.3542067123998618],[36.94885154121002,-1.3543270796166844],[36.94895855160508,-1.3542824849657311],[36.948918453475386,-1.3541933056206257],[36.94890057741048,-1.3542022211290599],[36.94888278334154,-1.3541665450212832],[36.94879799495359,-1.3542067123998618]]]},"id":"0018000000000001ed53","properties":{"FID":515556}},{"type":"Feature","geometry":{"type":"Polygon","coordinates":[[[36.934154370655754,-1.350113217204331],[36.93419890577975,-1.3501444502347493],[36.934247951796586,-1.3500775816251722],[36.9342034167024,-1.3500419011994875],[36.934154370655754,-1.350113217204331]]]},"id":"0018000000000000ee2f","properties":{"FID":512229}},{"type":"Feature","geometry":{"type":"Polygon","coordinates":[[[36.934956982935496,-1.3539525126497258],[36.935014968174386,-1.3540550895600525],[36.93505064506659,-1.3540372573426502],[36.93499265985594,-1.3539346805202195],[36.934956982935496,-1.3539525126497258]]]},"id":"0018000000000001ab30","properties":{"FID":513253}},{"type":"Feature","geometry":{"type":"Polygon","coordinates":[[[36.94610915168929,-1.350701861891369],[36.94615827173097,-1.3507642553239805],[36.946189433009096,-1.3507374961909266],[36.94614039499174,-1.350675101362773],[36.94610915168929,-1.350701861891369]]]},"id":"00180000000000019e35","properties":{"FID":513509}},{"type":"Feature","geometry":{"type":"Polygon","coordinates":[[[36.9464659477695,-1.347464559542839],[36.9465149855687,-1.3475447952002244],[36.94661748922343,-1.347482392917325],[36.94656845149292,-1.3474020981894148],[36.9464659477695,-1.347464559542839]]]},"id":"00180000000000025147","properties":{"FID":513765}},{"type":"Feature","geometry":{"type":"Polygon","coordinates":[[[36.94964079044396,-1.354188829643967],[36.94971212995515,-1.354282492983873],[36.94977010350669,-1.354237880908038],[36.94975230964921,-1.354211158688263],[36.94973000582177,-1.3542245406325912],[36.94968539814646,-1.3541576186795277],[36.94964079044396,-1.354188829643967]]]},"id":"00180000000000024459","properties":{"FID":515557}},{"type":"Feature","geometry":{"type":"Polygon","coordinates":[[[36.944075848247515,-1.3507241415461295],[36.94411152072457,-1.3507731969059826],[36.944173927016166,-1.3507285698470992],[36.94413825456953,-1.3506795738641395],[36.944075848247515,-1.3507241415461295]]]},"id":"00180000000000017e1e","properties":{"FID":513510}},{"type":"Feature","geometry":{"type":"Polygon","coordinates":[[[36.94195777401106,-1.3474511802577702],[36.94199344752039,-1.347540313101964],[36.94209603951586,-1.347500198732364],[36.94208710065067,-1.3474734396124746],[36.94212720252358,-1.3474555962200148],[36.942104896372044,-1.3473932037652527],[36.94195777401106,-1.3474511802577702]]]},"id":"0018000000000001a925","properties":{"FID":513766}},{"type":"Feature","geometry":{"type":"Polygon","coordinates":[[[36.949458013378916,-1.3487309105824496],[36.949480235289634,-1.348766562875129],[36.94954714698003,-1.348721981570832],[36.94952484309003,-1.348690777199661],[36.949458013378916,-1.3487309105824496]]]},"id":"00180000000000018c5b","properties":{"FID":514022}},{"type":"Feature","geometry":{"type":"Polygon","coordinates":[[[36.9529271737096,-1.3542200747885533],[36.95298957248252,-1.3543048212627857],[36.953016303083814,-1.3542869734197391],[36.95302975037647,-1.3543048186186264],[36.953118879625706,-1.3542423410494608],[36.953043115671,-1.3541398075185422],[36.9529271737096,-1.3542200747885533]]]},"id":"00180000000000021919","properties":{"FID":515558}},{"type":"Feature","geometry":{"type":"Polygon","coordinates":[[[36.94676025607448,-1.3507464114791712],[36.946822660107415,-1.3508311588849156],[36.94692967346972,-1.3507553261726823],[36.94686726952805,-1.350670638304772],[36.94676025607448,-1.3507464114791712]]]},"id":"0018000000000001ceb1","properties":{"FID":513511}},{"type":"Feature","geometry":{"type":"Polygon","coordinates":[[[36.945908571009966,-1.3474645136450514],[36.94594867078909,-1.3475403428996535],[36.94609135694152,-1.3474600961664205],[36.94605125724058,-1.347384267189387],[36.945908571009966,-1.3474645136450514]]]},"id":"001800000000000172e3","properties":{"FID":513767}},{"type":"Feature","geometry":{"type":"Polygon","coordinates":[[[36.951272807853485,-1.3488245309108016],[36.951335290035246,-1.3489182205634558],[36.95154487554653,-1.3487799944618775],[36.95148690340141,-1.3486907903732834],[36.951272807853485,-1.3488245309108016]]]},"id":"001800000000000287cf","properties":{"FID":514023}},{"type":"Feature","geometry":{"type":"Polygon","coordinates":[[[36.9521691186622,-1.354336006632675],[36.95221815263898,-1.3544073542575172],[36.95257934672269,-1.3541621022389232],[36.95253031298803,-1.3540907553106498],[36.9521691186622,-1.354336006632675]]]},"id":"0018000000000002c2f5","properties":{"FID":515559}},{"type":"Feature","geometry":{"type":"Polygon","coordinates":[[[36.93555446654142,-1.349934901450663],[36.93560802248657,-1.350006237457131],[36.9355901431708,-1.3500195996336737],[36.93562139096294,-1.3500641721943056],[36.93570168378503,-1.3500062393161238],[36.935616962142824,-1.3498902702196625],[36.93555446654142,-1.349934901450663]]]},"id":"00180000000000025575","properties":{"FID":512232}},{"type":"Feature","geometry":{"type":"Polygon","coordinates":[[[36.94628308077035,-1.350737496568419],[36.94634999538448,-1.3508445174391572],[36.94644807110543,-1.3507865707913471],[36.94639460509325,-1.350701842503664],[36.946425766270735,-1.3506839771950758],[36.94640797159996,-1.3506572557973457],[36.94628308077035,-1.350737496568419]]]},"id":"0018000000000002422b","properties":{"FID":513512}},{"type":"Feature","geometry":{"type":"Polygon","coordinates":[[[36.93685652923247,-1.347402134502924],[36.936905573469446,-1.3474912739654574],[36.937017112080056,-1.3474243771072476],[36.93696806791779,-1.3473396848389276],[36.93685652923247,-1.347402134502924]]]},"id":"00180000000000020ac7","properties":{"FID":513768}},{"type":"Feature","geometry":{"type":"Polygon","coordinates":[[[36.950541549165976,-1.3487175422714333],[36.95056828066183,-1.3487933685836375],[36.95068422636208,-1.3487531961796637],[36.95065749490858,-1.3486774293403714],[36.950541549165976,-1.3487175422714333]]]},"id":"00180000000000015831","properties":{"FID":514024}},{"type":"Feature","geometry":{"type":"Polygon","coordinates":[[[36.94069139417122,-1.350684027952411],[36.94074043583945,-1.3507419800746732],[36.94080284500521,-1.3506929041634574],[36.94075380337878,-1.3506349521416323],[36.94069139417122,-1.350684027952411]]]},"id":"0018000000000001b1c1","properties":{"FID":513513}},{"type":"Feature","geometry":{"type":"Polygon","coordinates":[[[36.94165007902038,-1.3473753343023882],[36.941676813764374,-1.3474288740252276],[36.94171699787041,-1.347411029146964],[36.94173479368175,-1.347455596369334],[36.94180614090037,-1.3474199474950008],[36.94175709994608,-1.347321861210177],[36.94165007902038,-1.3473753343023882]]]},"id":"0018000000000001a49c","properties":{"FID":513769}},{"type":"Feature","geometry":{"type":"Polygon","coordinates":[[[36.94929745782348,-1.3487353530320656],[36.949350921714576,-1.3488379195879188],[36.94946244136167,-1.3487799799427862],[36.94943119947768,-1.3487175123581407],[36.94949368323232,-1.3486863487204572],[36.94947137932602,-1.3486417458559654],[36.94929745782348,-1.3487353530320656]]]},"id":"001800000000000247c3","properties":{"FID":514025}},{"type":"Feature","geometry":{"type":"Polygon","coordinates":[[[36.954077565658494,-1.3541219559760134],[36.95412668035036,-1.3542601809598893],[36.95422474564648,-1.3542245230938428],[36.95417128531741,-1.3540818102106684],[36.954077565658494,-1.3541219559760134]]]},"id":"001800000000000218f6","properties":{"FID":515561}},{"type":"Feature","geometry":{"type":"Polygon","coordinates":[[[36.93524239781246,-1.349876918650398],[36.93527356373741,-1.3499081506464596],[36.93530924050364,-1.3498769211402186],[36.935278074593874,-1.3498456891751898],[36.93524239781246,-1.349876918650398]]]},"id":"0018000000000000e5bd","properties":{"FID":512234}},{"type":"Feature","geometry":{"type":"Polygon","coordinates":[[[36.946885064087134,-1.3506394324277318],[36.94692073519487,-1.3507241197071402],[36.946965344555714,-1.3507063125844792],[36.94692967346972,-1.3506215660991139],[36.946885064087134,-1.3506394324277318]]]},"id":"0018000000000001592c","properties":{"FID":513514}},{"type":"Feature","geometry":{"type":"Polygon","coordinates":[[[36.939768371361,-1.3473530407286602],[36.939804045937244,-1.3473664619884858],[36.93982184221362,-1.347308457971738],[36.939786167646034,-1.34729954277157],[36.939768371361,-1.3473530407286602]]]},"id":"0018000000000000ca63","properties":{"FID":513770}},{"type":"Feature","geometry":{"type":"Polygon","coordinates":[[[36.9402499356687,-1.3506617280361266],[36.94029003854805,-1.350764251468384],[36.940419368133995,-1.350710787481798],[36.94037926532551,-1.3506082050576786],[36.9402499356687,-1.3506617280361266]]]},"id":"00180000000000025c9e","properties":{"FID":513515}},{"type":"Feature","geometry":{"type":"Polygon","coordinates":[[[36.94232344715948,-1.347361949110114],[36.94239479380435,-1.3474333163125964],[36.94248836441364,-1.34734415250719],[36.94241701785998,-1.3472727854992632],[36.94232344715948,-1.347361949110114]]]},"id":"0018000000000001d520","properties":{"FID":513771}},{"type":"Feature","geometry":{"type":"Polygon","coordinates":[[[36.948967489630995,-1.3486194202037265],[36.94901209774401,-1.348722025097872],[36.94914141191793,-1.34866851351596],[36.94910123188836,-1.3485614434336337],[36.948967489630995,-1.3486194202037265]]]},"id":"0018000000000001e98d","properties":{"FID":514027}},{"type":"Feature","geometry":{"type":"Polygon","coordinates":[[[36.95385462226021,-1.3541665924323358],[36.953885862255085,-1.3542156050475573],[36.95399286528601,-1.3541487195531932],[36.95393940478745,-1.3540684403482321],[36.953885862255085,-1.3540996898869386],[36.95390816481544,-1.354130895907321],[36.95385462226021,-1.3541665924323358]]]},"id":"001800000000000261ca","properties":{"FID":515563}},{"type":"Feature","geometry":{"type":"Polygon","coordinates":[[[36.94617606646247,-1.3506483216886236],[36.94622510445593,-1.3507419630254882],[36.94636779006937,-1.3506661501071566],[36.946314323998536,-1.350572528287088],[36.94617606646247,-1.3506483216886236]]]},"id":"00180000000000023761","properties":{"FID":513516}},{"type":"Feature","geometry":{"type":"Polygon","coordinates":[[[36.9360806745586,-1.3472950666751884],[36.93613414810432,-1.3474020943719753],[36.93621444036419,-1.3473619569554358],[36.93616539566434,-1.3472549697906098],[36.9360806745586,-1.3472950666751884]]]},"id":"0018000000000001e23d","properties":{"FID":513772}},{"type":"Feature","geometry":{"type":"Polygon","coordinates":[[[36.9536807111787,-1.3540996598803323],[36.95381452681417,-1.3542200747351962],[36.953872497114546,-1.3541576181503083],[36.95373868158515,-1.3540372627947277],[36.9536807111787,-1.3540996598803323]]]},"id":"0018000000000002294c","properties":{"FID":515564}},{"type":"Feature","geometry":{"type":"Polygon","coordinates":[[[36.940776109942036,-1.3506126769324343],[36.94080284500521,-1.350657267649803],[36.940874193132146,-1.3506215528838597],[36.94084745809503,-1.3505725151056358],[36.940776109942036,-1.3506126769324343]]]},"id":"00180000000000012b84","properties":{"FID":513517}},{"type":"Feature","geometry":{"type":"Polygon","coordinates":[[[36.93683873223535,-1.347295070244064],[36.93688777648425,-1.3473708686877315],[36.936985864883475,-1.3473040320459637],[36.93694124944058,-1.3472326617547987],[36.93683873223535,-1.347295070244064]]]},"id":"00180000000000015740","properties":{"FID":513773}},{"type":"Feature","geometry":{"type":"Polygon","coordinates":[[[36.948998649712806,-1.354104123467944],[36.949087865873636,-1.3542156141300101],[36.94915920592396,-1.3541576601053074],[36.949070071850244,-1.3540461682144203],[36.948998649712806,-1.354104123467944]]]},"id":"001800000000000289c7","properties":{"FID":515565}},{"type":"Feature","geometry":{"type":"Polygon","coordinates":[[[36.93533597756302,-1.3538633482036662],[36.935402902184215,-1.3539792872158103],[36.93552330073601,-1.353912387991937],[36.93546088707005,-1.3537964285377426],[36.93533597756302,-1.3538633482036662]]]},"id":"00180000000000026778","properties":{"FID":513262}},{"type":"Feature","geometry":{"type":"Polygon","coordinates":[[[36.943326722213214,-1.3505992637408457],[36.94334902799242,-1.350634978140071],[36.94339806788015,-1.3506037509454627],[36.94337133376483,-1.350563608774006],[36.943326722213214,-1.3505992637408457]]]},"id":"00180000000000018d4f","properties":{"FID":513518}},{"type":"Feature","geometry":{"type":"Polygon","coordinates":[[[36.939804045937244,-1.3472594430501723],[36.93987088446436,-1.3473798067233111],[36.93999578623551,-1.347312913421462],[36.93992886581207,-1.3471925515717584],[36.939804045937244,-1.3472594430501723]]]},"id":"0018000000000001611b","properties":{"FID":513774}},{"type":"Feature","geometry":{"type":"Polygon","coordinates":[[[36.93558571434879,-1.3496896263144613],[36.93563033061756,-1.3498010868441745],[36.935759586419245,-1.3497475653285227],[36.935719481058484,-1.349649485777678],[36.93567043602714,-1.3496717603774577],[36.93566149637742,-1.3496539515095873],[36.93558571434879,-1.3496896263144613]]]},"id":"001800000000000259a3","properties":{"FID":512239}},{"type":"Feature","geometry":{"type":"Polygon","coordinates":[[[36.940133973435934,-1.3505903745723196],[36.94019646512875,-1.3506572202578984],[36.94029897763268,-1.3505636142351576],[36.94023656803738,-1.350496708001031],[36.940133973435934,-1.3505903745723196]]]},"id":"001800000000000278f1","properties":{"FID":513519}},{"type":"Feature","geometry":{"type":"Polygon","coordinates":[[[36.94103025666625,-1.3472460119737981],[36.941052563145256,-1.3472906182655544],[36.941039195660494,-1.3472995700674744],[36.94106150213678,-1.3473441171196396],[36.94120419781694,-1.3472728193576564],[36.941159584944515,-1.3471836070181358],[36.94103025666625,-1.3472460119737981]]]},"id":"00180000000000024f07","properties":{"FID":513775}},{"type":"Feature","geometry":{"type":"Polygon","coordinates":[[[36.947277445315834,-1.3485347278376028],[36.947371091684694,-1.3486238981270453],[36.94744694351559,-1.3485436451083215],[36.947348787131354,-1.3484544362542081],[36.947277445315834,-1.3485347278376028]]]},"id":"0018000000000001daf8","properties":{"FID":514031}},{"type":"Feature","geometry":{"type":"Polygon","coordinates":[[[36.93455116699415,-1.349729762568919],[36.93463588986933,-1.349827884051679],[36.93473406330104,-1.349743128272795],[36.93464934053944,-1.3496450070696469],[36.93455116699415,-1.349729762568919]]]},"id":"001800000000000240b7","properties":{"FID":512240}},{"type":"Feature","geometry":{"type":"Polygon","coordinates":[[[36.9402856100103,-1.3505279179883818],[36.940307916716215,-1.3505591272822055],[36.94035253010764,-1.3505323654254033],[36.94032571287009,-1.3504967296274855],[36.9402856100103,-1.3505279179883818]]]},"id":"001800000000000117d3","properties":{"FID":513520}},{"type":"Feature","geometry":{"type":"Polygon","coordinates":[[[36.94653729037619,-1.3472817071219736],[36.9465773898108,-1.3473530297648375],[36.9467736225144,-1.3472326503804846],[36.94672901303668,-1.347165794914149],[36.94653729037619,-1.3472817071219736]]]},"id":"001800000000000262f0","properties":{"FID":513776}},{"type":"Feature","geometry":{"type":"Polygon","coordinates":[[[36.952057603141114,-1.3540595484847784],[36.95211114701179,-1.3541621223347107],[36.952240455707845,-1.3540907480804125],[36.95218691193182,-1.3539881745681028],[36.952057603141114,-1.3540595484847784]]]},"id":"0018000000000002603a","properties":{"FID":515568}},{"type":"Feature","geometry":{"type":"Polygon","coordinates":[[[36.945440328609024,-1.350545800990288],[36.94556964909522,-1.3507241119640587],[36.94564542078945,-1.3506706515762188],[36.94551610043715,-1.3504922816793064],[36.945440328609024,-1.350545800990288]]]},"id":"00180000000000027531","properties":{"FID":513521}},{"type":"Feature","geometry":{"type":"Polygon","coordinates":[[[36.93968365442404,-1.3472058973199703],[36.939705961313365,-1.3472371047550773],[36.939759432211574,-1.3472014750001378],[36.939737125338546,-1.3471702083192763],[36.93968365442404,-1.3472058973199703]]]},"id":"00180000000000017d0a","properties":{"FID":513777}},{"type":"Feature","geometry":{"type":"Polygon","coordinates":[[[36.94918593792491,-1.3485480873067233],[36.94921275191604,-1.348601621816353],[36.949315251791575,-1.3485436645826767],[36.94933755574546,-1.3485882081510823],[36.94937773564525,-1.3485659172120008],[36.949315251791575,-1.3484455475408292],[36.94920824191822,-1.3485035250061772],[36.949221607910964,-1.3485258169016117],[36.94918593792491,-1.3485480873067233]]]},"id":"0018000000000002632f","properties":{"FID":514033}},{"type":"Feature","geometry":{"type":"Polygon","coordinates":[[[36.93576409724577,-1.3496405722179767],[36.93577303688297,-1.3496806768688052],[36.935839879089805,-1.349671784901453],[36.93583093946077,-1.349631680294188],[36.93576409724577,-1.3496405722179767]]]},"id":"00180000000000015654","properties":{"FID":512242}},{"type":"Feature","geometry":{"type":"Polygon","coordinates":[[[36.940642352470135,-1.3505412835408273],[36.940664659067345,-1.3505992941790363],[36.94078504896731,-1.3505547057083243],[36.94075380337878,-1.3504565922526082],[36.940660148542726,-1.3504877804523285],[36.9406780266205,-1.3505324094488276],[36.940642352470135,-1.3505412835408273]]]},"id":"001800000000000214c7","properties":{"FID":513522}},{"type":"Feature","geometry":{"type":"Polygon","coordinates":[[[36.93673613287266,-1.3472415635408035],[36.936789687953606,-1.347312894635311],[36.93688777648425,-1.347241551885216],[36.93686546873631,-1.3472103433007883],[36.93688777648425,-1.3471969640870494],[36.93686103999143,-1.3471568806675867],[36.93673613287266,-1.3472415635408035]]]},"id":"00180000000000023611","properties":{"FID":513778}},{"type":"Feature","geometry":{"type":"Polygon","coordinates":[[[36.93493024573773,-1.3496495221731113],[36.93497035153071,-1.3497564974354548],[36.93506401364471,-1.3497208615151592],[36.93502390790303,-1.3496182745150072],[36.93493024573773,-1.3496495221731113]]]},"id":"00180000000000024cad","properties":{"FID":512243}},{"type":"Feature","geometry":{"type":"Polygon","coordinates":[[[36.944503916824566,-1.350474404815447],[36.944566322781576,-1.3505636011824809],[36.94462881069046,-1.3505190326392005],[36.94459313846555,-1.3504655309483427],[36.944566322781576,-1.3504833194207433],[36.94454401737335,-1.3504476649941144],[36.944503916824566,-1.350474404815447]]]},"id":"0018000000000001f036","properties":{"FID":513523}},{"type":"Feature","geometry":{"type":"Polygon","coordinates":[[[36.94570790777697,-1.3472504820604276],[36.94579261774178,-1.3473664297401244],[36.94587289940884,-1.3473128982194382],[36.94578810753316,-1.347197011521112],[36.94570790777697,-1.3472504820604276]]]},"id":"0018000000000001a85c","properties":{"FID":513779}},{"type":"Feature","geometry":{"type":"Polygon","coordinates":[[[36.95304754343674,-1.3540684596305737],[36.95313675465985,-1.354246826017828],[36.953194725497426,-1.3542156158621605],[36.953141182419934,-1.3541085964150095],[36.953252696289056,-1.3540550898189916],[36.953199153254,-1.3539525177313516],[36.95305648096308,-1.3540238910362472],[36.95307427401685,-1.3540550589076645],[36.95304754343674,-1.3540684596305737]]]},"id":"0018000000000002bbd3","properties":{"FID":515571}},{"type":"Feature","geometry":{"type":"Polygon","coordinates":[[[36.93453336943676,-1.3496405964653058],[36.934564617679825,-1.349685169293845],[36.93464934053944,-1.349627217623719],[36.93461809233253,-1.3495825855991366],[36.93453336943676,-1.3496405964653058]]]},"id":"0018000000000001bba5","properties":{"FID":512244}},{"type":"Feature","geometry":{"type":"Polygon","coordinates":[[[36.935032765614736,-1.3538856344988006],[36.935117487932786,-1.3539837628699387],[36.93516653333445,-1.3539391245749166],[36.93520221015281,-1.3539837409137316],[36.93525125549774,-1.3539436098573907],[36.93522894725129,-1.3539212921366084],[36.93527356373741,-1.353885628426029],[36.9351710441975,-1.3537652212661582],[36.935032765614736,-1.3538856344988006]]]},"id":"001800000000000281cb","properties":{"FID":513268}},{"type":"Feature","geometry":{"type":"Polygon","coordinates":[[[36.94134689321892,-1.350407543286295],[36.94137362807365,-1.3505368654927012],[36.94148507786897,-1.3505145527871587],[36.941458343054954,-1.3503852308410764],[36.94134689321892,-1.350407543286295]]]},"id":"0018000000000000e046","properties":{"FID":513524}},{"type":"Feature","geometry":{"type":"Polygon","coordinates":[[[36.93909506173059,-1.34714349072193],[36.9391262260158,-1.34719701294941],[36.9391664115219,-1.3471791678004614],[36.939139593849866,-1.3471211813174808],[36.93909506173059,-1.34714349072193]]]},"id":"00180000000000014c3d","properties":{"FID":513780}},{"type":"Feature","geometry":{"type":"Polygon","coordinates":[[[36.95105879367688,-1.3484856566573509],[36.95111676616125,-1.348588199762358],[36.951272807853485,-1.3484990614746528],[36.95121934536688,-1.3484009445281087],[36.95105879367688,-1.3484856566573509]]]},"id":"00180000000000027109","properties":{"FID":514036}},{"type":"Feature","geometry":{"type":"Polygon","coordinates":[[[36.945658787433,-1.3504164691503393],[36.94575243587332,-1.350545784331918],[36.94577474091323,-1.3505279573926483],[36.94580147415065,-1.350563592129611],[36.94585059439884,-1.3505279176296043],[36.9457301308266,-1.3503629694721555],[36.945658787433,-1.3504164691503393]]]},"id":"00180000000000022c0e","properties":{"FID":513525}},{"type":"Feature","geometry":{"type":"Polygon","coordinates":[[[36.936107411336344,-1.3471301158017008],[36.93615202728727,-1.3472014274156903],[36.93621001157994,-1.347165775831253],[36.93616539566433,-1.347094405032771],[36.936107411336344,-1.3471301158017008]]]},"id":"001800000000000205fe","properties":{"FID":513781}},{"type":"Feature","geometry":{"type":"Polygon","coordinates":[[[36.9478526879741,-1.3484321805541652],[36.94788393053212,-1.3484633458546111],[36.947946333606765,-1.3484053862303103],[36.947915091075394,-1.3483741616996257],[36.9478526879741,-1.3484321805541652]]]},"id":"00180000000000018093","properties":{"FID":514037}},{"type":"Feature","geometry":{"type":"Polygon","coordinates":[[[36.94715263797243,-1.3539525136155017],[36.94721061355199,-1.354113066311222],[36.947313116232294,-1.3540773867166462],[36.94725514073395,-1.35391683437356],[36.94715263797243,-1.3539525136155017]]]},"id":"00180000000000027bd0","properties":{"FID":515573}},{"type":"Feature","geometry":{"type":"Polygon","coordinates":[[[36.94002695013732,-1.3504298599809295],[36.940089441921494,-1.3505101063780256],[36.940178586933364,-1.3504342890819037],[36.94011617723544,-1.3503584885933022],[36.94002695013732,-1.3504298599809295]]]},"id":"0018000000000001c05e","properties":{"FID":513526}},{"type":"Feature","geometry":{"type":"Polygon","coordinates":[[[36.94617606646247,-1.3470721167269093],[36.94619837137327,-1.34710782710613],[36.9462519195321,-1.3470721395351108],[36.94622510445593,-1.3470364496411191],[36.94617606646247,-1.3470721167269093]]]},"id":"00180000000000015a9a","properties":{"FID":513782}},{"type":"Feature","geometry":{"type":"Polygon","coordinates":[[[36.947442433408916,-1.3484098557995443],[36.947491552555626,-1.3485124416737069],[36.94758068855233,-1.348467822378946],[36.94753607956663,-1.3483697219774864],[36.947442433408916,-1.3484098557995443]]]},"id":"00180000000000019671","properties":{"FID":514038}},{"type":"Feature","geometry":{"type":"Polygon","coordinates":[[[36.953859131971576,-1.3539391294520955],[36.95389028996981,-1.3540283428399742],[36.95396170733147,-1.3539971315034875],[36.953930467369,-1.3539123665620432],[36.953859131971576,-1.3539391294520955]]]},"id":"0018000000000001b1b3","properties":{"FID":515574}},{"type":"Feature","geometry":{"type":"Polygon","coordinates":[[[36.94332229385919,-1.3503896815645187],[36.94334008928025,-1.3504387573613945],[36.94339806788015,-1.3504119969438149],[36.9433801904667,-1.350367428929294],[36.94332229385919,-1.3503896815645187]]]},"id":"00180000000000017510","properties":{"FID":513527}},{"type":"Feature","geometry":{"type":"Polygon","coordinates":[[[36.9411640134294,-1.3470899707880217],[36.941239871693504,-1.3472193029601562],[36.94132901530449,-1.3471613436439236],[36.94124881066216,-1.3470364759601212],[36.9411640134294,-1.3470899707880217]]]},"id":"0018000000000001e954","properties":{"FID":513783}},{"type":"Feature","geometry":{"type":"Polygon","coordinates":[[[36.940504084219604,-1.3504209328370755],[36.94055312601332,-1.3504877791002552],[36.94060216777419,-1.3504521039827657],[36.94063341342743,-1.3504922861845865],[36.94070476171949,-1.350438783158132],[36.940628984910454,-1.3503317343891497],[36.940504084219604,-1.3504209328370755]]]},"id":"0018000000000001a924","properties":{"FID":513528}},{"type":"Feature","geometry":{"type":"Polygon","coordinates":[[[36.93659793925924,-1.3470409292977994],[36.9366291046073,-1.3471033469762734],[36.93665592319882,-1.3470899473862807],[36.93662467584812,-1.347027531197739],[36.93659793925924,-1.3470409292977994]]]},"id":"0018000000000000e049","properties":{"FID":513784}},{"type":"Feature","geometry":{"type":"Polygon","coordinates":[[[36.95299408224723,-1.3483786671827336],[36.95307427401685,-1.3484901215368206],[36.9531456921753,-1.348436629822674],[36.95306541848833,-1.3483296233038995],[36.95299408224723,-1.3483786671827336]]]},"id":"00180000000000028d02","properties":{"FID":514040}},{"type":"Feature","geometry":{"type":"Polygon","coordinates":[[[36.95276219798519,-1.3539837622222137],[36.95285132756043,-1.3540684484773144],[36.95293611125064,-1.3539748017873998],[36.95284689978281,-1.353890117211574],[36.95276219798519,-1.3539837622222137]]]},"id":"0018000000000001a449","properties":{"FID":515576}},{"type":"Feature","geometry":{"type":"Polygon","coordinates":[[[36.935144225062174,-1.3494933985639157],[36.93517547304459,-1.3495290762662215],[36.93519778130735,-1.349511247916642],[36.93526462403925,-1.349595986915734],[36.93531366934237,-1.349560311067396],[36.93525125549774,-1.3494845070001882],[36.93526462403925,-1.3494756129509087],[36.93522451840742,-1.3494265130044667],[36.935144225062174,-1.3494933985639157]]]},"id":"0018000000000001f1f7","properties":{"FID":512249}},{"type":"Feature","geometry":{"type":"Polygon","coordinates":[[[36.9347206126465,-1.3537920189704742],[36.93485889181865,-1.353939131705554],[36.93493910346078,-1.3538677862789035],[36.93480090645618,-1.3537206724261668],[36.9347206126465,-1.3537920189704742]]]},"id":"00180000000000025dcc","properties":{"FID":513273}},{"type":"Feature","geometry":{"type":"Polygon","coordinates":[[[36.9411640134294,-1.350362932476803],[36.94117746290033,-1.3503897325344378],[36.94124881066215,-1.3503584655261867],[36.94123536120433,-1.350331724806919],[36.9411640134294,-1.350362932476803]]]},"id":"00180000000000013a8c","properties":{"FID":513529}},{"type":"Feature","geometry":{"type":"Polygon","coordinates":[[[36.943184030670686,-1.3470721164984383],[36.94320633649339,-1.347107828264833],[36.94328211063441,-1.347058762765813],[36.94326431519924,-1.3470275364736042],[36.943184030670686,-1.3470721164984383]]]},"id":"0018000000000000b5ca","properties":{"FID":513785}},{"type":"Feature","geometry":{"type":"Polygon","coordinates":[[[36.94758068855233,-1.3483385188321075],[36.947652030072206,-1.3484277274260377],[36.94775461413575,-1.3483474173429324],[36.94768770080605,-1.3482582492363995],[36.94758068855233,-1.3483385188321075]]]},"id":"0018000000000001a6f8","properties":{"FID":514041}},{"type":"Feature","geometry":{"type":"Polygon","coordinates":[[[36.954019677515205,-1.3539257819274209],[36.954099868160384,-1.354055093974186],[36.95418907809998,-1.3540060162651895],[36.95410880555814,-1.3538722591376948],[36.954019677515205,-1.3539257819274209]]]},"id":"00180000000000028b3c","properties":{"FID":515577}},{"type":"Feature","geometry":{"type":"Polygon","coordinates":[[[36.934854380936365,-1.3537429705679793],[36.93493910346078,-1.3538499946981044],[36.934988230997796,-1.353809862300316],[36.93490793739349,-1.3537028189914135],[36.934854380936365,-1.3537429705679793]]]},"id":"00180000000000017ed3","properties":{"FID":513274}},{"type":"Feature","geometry":{"type":"Polygon","coordinates":[[[36.94555628243539,-1.3503495668159329],[36.94559638240755,-1.350407554675193],[36.94566772586199,-1.3503585018180881],[36.94562762592892,-1.3503005140712525],[36.94555628243539,-1.3503495668159329]]]},"id":"0018000000000001696d","properties":{"FID":513530}},{"type":"Feature","geometry":{"type":"Polygon","coordinates":[[[36.93633040880477,-1.3470364659617677],[36.936366085056136,-1.3470810757028753],[36.93643292672165,-1.3470319864391584],[36.936401761290114,-1.346987415666245],[36.93633040880477,-1.3470364659617677]]]},"id":"0018000000000000b671","properties":{"FID":513786}},{"type":"Feature","geometry":{"type":"Polygon","coordinates":[[[36.95020264871058,-1.348262721912979],[36.95022938033026,-1.3483028585866448],[36.9502829255391,-1.3482716169456301],[36.95025168400548,-1.3482270545334967],[36.95020264871058,-1.348262721912979]]]},"id":"001800000000000128b0","properties":{"FID":514042}},{"type":"Feature","geometry":{"type":"Polygon","coordinates":[[[36.93510863023132,-1.3494309953482955],[36.93514873592661,-1.3494711414507061],[36.93520672101367,-1.3494131896143693],[36.9351710441975,-1.3493730244942284],[36.93510863023132,-1.3494309953482955]]]},"id":"0018000000000001b44f","properties":{"FID":512251}},{"type":"Feature","geometry":{"type":"Polygon","coordinates":[[[36.94663093769228,-1.350313924366369],[36.94664430415581,-1.3503585110873189],[36.94668891368517,-1.3503450917954845],[36.946675465226974,-1.3503005065681637],[36.94663093769228,-1.350313924366369]]]},"id":"0018000000000000ff93","properties":{"FID":513531}},{"type":"Feature","geometry":{"type":"Polygon","coordinates":[[[36.94328662099746,-1.3470320038091146],[36.94334902799242,-1.347152380431536],[36.943389129173966,-1.3471300910749895],[36.943326722213214,-1.3470097145760003],[36.94328662099746,-1.3470320038091146]]]},"id":"0018000000000001b480","properties":{"FID":513787}},{"type":"Feature","geometry":{"type":"Polygon","coordinates":[[[36.949391101607006,-1.3481958017608142],[36.94943119947768,-1.3482716288576455],[36.94952484309003,-1.3482226035601086],[36.94948474527069,-1.3481467766391897],[36.949391101607006,-1.3481958017608142]]]},"id":"00180000000000022afa","properties":{"FID":514043}},{"type":"Feature","geometry":{"type":"Polygon","coordinates":[[[36.94342931233999,-1.3503139066120278],[36.94344710773504,-1.3503584759935192],[36.94351402494219,-1.3503272882892279],[36.94349171921328,-1.3502826802995131],[36.94342931233999,-1.3503139066120278]]]},"id":"00180000000000008f5c","properties":{"FID":513532}},{"type":"Feature","geometry":{"type":"Polygon","coordinates":[[[36.93910842957035,-1.3470230728639536],[36.93917526873251,-1.3470989098902333],[36.93925112905737,-1.3470409471303924],[36.939184207953254,-1.346960664949415],[36.93910842957035,-1.3470230728639536]]]},"id":"001800000000000225e8","properties":{"FID":513788}},{"type":"Feature","geometry":{"type":"Polygon","coordinates":[[[36.948405621878855,-1.348204759223444],[36.94849032872073,-1.3483028601030702],[36.94857060742809,-1.3482314829645794],[36.94849032872073,-1.3481378689424786],[36.948405621878855,-1.348204759223444]]]},"id":"0018000000000001eb86","properties":{"FID":514044}},{"type":"Feature","geometry":{"type":"Polygon","coordinates":[[[36.94854830324039,-1.3539213133580663],[36.94870886043982,-1.3541353628857684],[36.9487578967359,-1.3540952379662132],[36.94874010263225,-1.3540684561788556],[36.94878462888346,-1.3540372465202417],[36.9486464580155,-1.3538499570241678],[36.94854830324039,-1.3539213133580663]]]},"id":"001800000000000286d7","properties":{"FID":515580}},{"type":"Feature","geometry":{"type":"Polygon","coordinates":[[[36.940722557776915,-1.3503005479582932],[36.940749374869085,-1.3503718789304293],[36.94086525411775,-1.3503317588546326],[36.940843029590994,-1.3502604060016976],[36.940722557776915,-1.3503005479582932]]]},"id":"0018000000000001f9ed","properties":{"FID":513533}},{"type":"Feature","geometry":{"type":"Polygon","coordinates":[[[36.939554323538395,-1.3470096797381326],[36.93957663046712,-1.3470542866369344],[36.93971038988617,-1.3469918623542156],[36.939688082998195,-1.3469428088675812],[36.939554323538395,-1.3470096797381326]]]},"id":"00180000000000020153","properties":{"FID":513789}},{"type":"Feature","geometry":{"type":"Polygon","coordinates":[[[36.95034089863832,-1.3481735432930373],[36.950403299617406,-1.3482493304906176],[36.95046570054326,-1.3482047712884566],[36.950407727542945,-1.3481244595947484],[36.95034089863832,-1.3481735432930373]]]},"id":"0018000000000001d44d","properties":{"FID":514045}},{"type":"Feature","geometry":{"type":"Polygon","coordinates":[[[36.94926621586903,-1.3539347071181718],[36.949315251791575,-1.3540238452922155],[36.94944013744584,-1.3539480415516691],[36.94937773564525,-1.3538410563260426],[36.94929745782348,-1.3538900961058205],[36.949306395807994,-1.3539079628670554],[36.94926621586903,-1.3539347071181718]]]},"id":"0018000000000001e588","properties":{"FID":515581}},{"type":"Feature","geometry":{"type":"Polygon","coordinates":[[[36.93594247970823,-1.3493329246731953],[36.93599595335486,-1.3494087081742783],[36.93604499816819,-1.3493730329432845],[36.93599152455739,-1.3492972495457907],[36.93594247970823,-1.3493329246731953]]]},"id":"00180000000000018df7","properties":{"FID":512254}},{"type":"Feature","geometry":{"type":"Polygon","coordinates":[[[36.94647931426317,-1.3502782499478212],[36.94651941372955,-1.350349577391612],[36.946564023335036,-1.350322817736639],[36.94651941372955,-1.3502514517044513],[36.94647931426317,-1.3502782499478212]]]},"id":"0018000000000001b8e2","properties":{"FID":513534}},{"type":"Feature","geometry":{"type":"Polygon","coordinates":[[[36.94170363050697,-1.3469651184600022],[36.94174373258996,-1.3470988757450635],[36.941846324935426,-1.3470721615137224],[36.94182844714295,-1.34701864369249],[36.94189085538114,-1.347000762251957],[36.94187748804945,-1.3469606825387372],[36.941824018698284,-1.3469784652532806],[36.94181507979987,-1.346933919952573],[36.94170363050697,-1.3469651184600022]]]},"id":"0018000000000000f42d","properties":{"FID":513790}},{"type":"Feature","geometry":{"type":"Polygon","coordinates":[[[36.94852157100649,-1.3481468018662461],[36.948579545501396,-1.3482537939706738],[36.948677618234036,-1.348204749188015],[36.948633009917096,-1.348124495587462],[36.948588483573616,-1.3481512501941142],[36.948570607428096,-1.3481200267436164],[36.94852157100649,-1.3481468018662461]]]},"id":"00180000000000013fa9","properties":{"FID":514046}},{"type":"Feature","geometry":{"type":"Polygon","coordinates":[[[36.952940539022855,-1.3539480417005745],[36.9530029377844,-1.354046187712537],[36.9532080907618,-1.353912396264547],[36.95314569217529,-1.3538143100851596],[36.952940539022855,-1.3539480417005745]]]},"id":"001800000000000269a6","properties":{"FID":515582}},{"type":"Feature","geometry":{"type":"Polygon","coordinates":[[[36.93672276459979,-1.3503317283154048],[36.93677631969052,-1.3504209124668858],[36.93686103999143,-1.3503674075924748],[36.936780748440526,-1.3502291836633007],[36.93673613287267,-1.350255946216045],[36.9367673801758,-1.3503049656565749],[36.93672276459979,-1.3503317283154048]]]},"id":"001800000000000254b6","properties":{"FID":513535}},{"type":"Feature","geometry":{"type":"Polygon","coordinates":[[[36.94621624809834,-1.3468982352610903],[36.94629201912308,-1.3470097151128075],[36.94637672841175,-1.3469562251291078],[36.94630095747472,-1.346844745523976],[36.94621624809834,-1.3468982352610903]]]},"id":"0018000000000000cfa1","properties":{"FID":513791}},{"type":"Feature","geometry":{"type":"Polygon","coordinates":[[[36.952182484113976,-1.353858876998884],[36.9522315180818,-1.3539302239091453],[36.95235639875775,-1.3538455292418905],[36.95230736487365,-1.3537741825723195],[36.952182484113976,-1.353858876998884]]]},"id":"00180000000000022b1c","properties":{"FID":515583}},{"type":"Feature","geometry":{"type":"Polygon","coordinates":[[[36.96859644886803,-1.3144493478496817],[36.96860538449363,-1.3144939576294041],[36.968645471828054,-1.3144850352001904],[36.96863653620736,-1.3144448663239499],[36.96859644886803,-1.3144493478496817]]]},"id":"001a000000000001a815","properties":{"FID":485711}},{"type":"Feature","geometry":{"type":"Polygon","coordinates":[[[36.95840740328865,-1.3100036140156168],[36.9584609425106,-1.3100838723212664],[36.958501035409164,-1.3100526888406037],[36.95846979738579,-1.3100036068197771],[36.95851890912781,-1.3099679459306521],[36.958541128285745,-1.3099991827105917],[36.95850546284447,-1.3100259083092582],[36.95851890912781,-1.3100482366447057],[36.95859909483939,-1.3099946923778436],[36.95857687569908,-1.3099590147756695],[36.95867936245238,-1.3098966200929065],[36.95864369707853,-1.3098431144393612],[36.958447496216586,-1.3099679305607812],[36.95845200564473,-1.3099724122931233],[36.95840740328865,-1.3100036140156168]]]},"id":"001a000000000003a384","properties":{"FID":485712}},{"type":"Feature","geometry":{"type":"Polygon","coordinates":[[[36.97705980007679,-1.3390591249445638],[36.977153490267874,-1.3390814131251134],[36.97716234287813,-1.3390412649790173],[36.977073160977525,-1.339019015977007],[36.97705980007679,-1.3390591249445638]]]},"id":"001a00000000000281c4","properties":{"FID":515793}},{"type":"Feature","geometry":{"type":"Polygon","coordinates":[[[36.97870079548608,-1.3390323917922846],[36.97884792589032,-1.3390947973419485],[36.97887022083379,-1.3390413200266411],[36.9787765328454,-1.3390056426430808],[36.978816696564685,-1.3389119781908885],[36.978758746048385,-1.3388896543600455],[36.97870079548608,-1.3390323917922846]]]},"id":"001a0000000000039465","properties":{"FID":515796}},{"type":"Feature","geometry":{"type":"Polygon","coordinates":[[[36.97701520907748,-1.3389209134513953],[36.97713562110685,-1.3389699264908461],[36.97715349026787,-1.3389253540489001],[36.97702856998637,-1.3388763018134056],[36.97701520907748,-1.3389209134513953]]]},"id":"001a000000000002d946","properties":{"FID":515797}},{"type":"Feature","geometry":{"type":"Polygon","coordinates":[[[36.97903071143919,-1.3388584468666755],[36.979079809362915,-1.3388718616386712],[36.97909316989404,-1.3388272512175754],[36.9790440719793,-1.3388138956843765],[36.97903071143919,-1.3388584468666755]]]},"id":"001a000000000002b471","properties":{"FID":515798}},{"type":"Feature","geometry":{"type":"Polygon","coordinates":[[[36.978816696564685,-1.338894144987221],[36.97892374506367,-1.3389342678299447],[36.97896382673538,-1.3388317182772298],[36.978856860261864,-1.338791593998053],[36.978816696564685,-1.338894144987221]]]},"id":"001a0000000000030a38","properties":{"FID":515799}},{"type":"Feature","geometry":{"type":"Polygon","coordinates":[[[36.978883581403274,-1.3387960414715518],[36.97897718728773,-1.3388317202707394],[36.9789950559981,-1.338782646345289],[36.97890145013655,-1.3387469675485963],[36.978883581403274,-1.3387960414715518]]]},"id":"001a000000000002b3e0","properties":{"FID":515800}},{"type":"Feature","geometry":{"type":"Polygon","coordinates":[[[36.97431297648814,-1.3387693012022042],[36.974388800370036,-1.3388004959074076],[36.97440667020317,-1.3387559222116052],[36.974330846339825,-1.3387246682628642],[36.97431297648814,-1.3387693012022042]]]},"id":"001a000000000001f724","properties":{"FID":515801}},{"type":"Feature","geometry":{"type":"Polygon","coordinates":[[[36.97385368701083,-1.3387648166136217],[36.973907214917624,-1.3387782138521271],[36.97391614989365,-1.3387425067724383],[36.97386713047044,-1.338724705005396],[36.97385368701083,-1.3387648166136217]]]},"id":"001a000000000001c39c","properties":{"FID":515802}},{"type":"Feature","geometry":{"type":"Polygon","coordinates":[[[36.97417034540512,-1.338684534523363],[36.974214938141465,-1.3386934673606405],[36.974232726045244,-1.3386310610773995],[36.974188133319764,-1.3386176845121198],[36.97417034540512,-1.338684534523363]]]},"id":"001a0000000000022a9a","properties":{"FID":515803}},{"type":"Feature","geometry":{"type":"Polygon","coordinates":[[[36.973951807814615,-1.3386756384609848],[36.974000909153155,-1.3386979417516878],[36.974032058566166,-1.338626590667276],[36.97398746571818,-1.3386043266187473],[36.973951807814615,-1.3386756384609848]]]},"id":"001a00000000000238dc","properties":{"FID":515804}},{"type":"Feature","geometry":{"type":"Polygon","coordinates":[[[36.97673430154955,-1.338327808874052],[36.97675217080878,-1.3383322937375455],[36.976774466392136,-1.3382698701575266],[36.97681012291757,-1.3382832256030475],[36.976787827345085,-1.3383501519614016],[36.97691266606953,-1.338390259571003],[36.97695283081401,-1.3382698746411166],[36.9768413531014,-1.3382342126321825],[36.97685020574951,-1.3382029524372183],[36.97678331904835,-1.3381851692482885],[36.97673430154955,-1.338327808874052]]]},"id":"001a00000000000394de","properties":{"FID":515807}},{"type":"Feature","geometry":{"type":"Polygon","coordinates":[[[36.97638650587645,-1.3382208202398804],[36.97643552360871,-1.3382475677338477],[36.97645339294105,-1.338211883075324],[36.97640429325133,-1.3381851370347462],[36.97638650587645,-1.3382208202398804]]]},"id":"001a000000000002c0d8","properties":{"FID":515808}},{"type":"Feature","geometry":{"type":"Polygon","coordinates":[[[36.97881227035997,-1.338185167960375],[36.978821122769126,-1.3382431319982575],[36.97884792589032,-1.3382386320981947],[36.97883899151769,-1.338180669528164],[36.97881227035997,-1.338185167960375]]]},"id":"001a000000000001dd8f","properties":{"FID":515809}},{"type":"Feature","geometry":{"type":"Polygon","coordinates":[[[36.976582658577335,-1.3381405288290071],[36.97661839716564,-1.3381539421245725],[36.97663175814714,-1.33810933139933],[36.976591593226054,-1.3381004394159102],[36.976582658577335,-1.3381405288290071]]]},"id":"001a000000000002801a","properties":{"FID":515810}},{"type":"Feature","geometry":{"type":"Polygon","coordinates":[[[36.976444458275424,-1.3381673086075019],[36.97651577163113,-1.3381940788756168],[36.976538067286675,-1.3381405424387216],[36.97654257559855,-1.3381450252037748],[36.976564871245905,-1.3380959323854227],[36.97648011496198,-1.3380647771585867],[36.976444458275424,-1.3381673086075019]]]},"id":"001a0000000000020ffa","properties":{"FID":515811}},{"type":"Feature","geometry":{"type":"Polygon","coordinates":[[[36.976426588940896,-1.338011210911913],[36.97652470628803,-1.3380513738235156],[36.9765738058968,-1.337913117953032],[36.976533640943835,-1.3378997824266896],[36.976511345286944,-1.3379577026691714],[36.97645339294105,-1.3379354372804955],[36.976426588940896,-1.338011210911913]]]},"id":"001a000000000002ec37","properties":{"FID":515813}},{"type":"Feature","geometry":{"type":"Polygon","coordinates":[[[36.97647118029963,-1.3379220311710762],[36.976515771631135,-1.3379354074064553],[36.97652921460073,-1.3378864112677091],[36.97648904962324,-1.3378730164832022],[36.97647118029963,-1.3379220311710762]]]},"id":"001a0000000000025a70","properties":{"FID":515814}},{"type":"Feature","geometry":{"type":"Polygon","coordinates":[[[36.97902177708892,-1.337832888363726],[36.97920021798768,-1.3378997791092266],[36.979240299507616,-1.3377927309761164],[36.97921800467715,-1.3377882647757855],[36.979240299507616,-1.3377302875643322],[36.97917792314498,-1.3377035390058871],[36.979164480662995,-1.3377392625234972],[36.97907087501865,-1.3377035836729412],[36.97902177708892,-1.337832888363726]]]},"id":"001a000000000003880e","properties":{"FID":515818}},{"type":"Feature","geometry":{"type":"Polygon","coordinates":[[[36.97663618448402,-1.337846258181208],[36.97666298840725,-1.337855148043876],[36.976680775714776,-1.3378016323122062],[36.97681905753846,-1.3378506871133804],[36.97686807498037,-1.337721380259321],[36.97670307131994,-1.3376589906987875],[36.97663618448402,-1.337846258181208]]]},"id":"001a0000000000037fa5","properties":{"FID":515819}},{"type":"Feature","geometry":{"type":"Polygon","coordinates":[[[36.975882637748015,-1.3377169531759496],[36.97595837803033,-1.3377392616770651],[36.97598067385604,-1.3376500593226557],[36.97590493359686,-1.337632194288564],[36.975882637748015,-1.3377169531759496]]]},"id":"001a00000000000308dd","properties":{"FID":515820}},{"type":"Feature","geometry":{"type":"Polygon","coordinates":[[[36.97553926442224,-1.3375742181637558],[36.97560172586351,-1.3375965231508151],[36.97561508703102,-1.3375608589182482],[36.97555262560118,-1.3375385539307043],[36.97553926442224,-1.3375742181637558]]]},"id":"001a0000000000027630","properties":{"FID":515821}},{"type":"Feature","geometry":{"type":"Polygon","coordinates":[[[36.97587370301256,-1.3374717113850334],[36.97591378635848,-1.337489551241973],[36.97592722943889,-1.3374493831287966],[36.97588706413031,-1.3374359881779634],[36.97587370301256,-1.3374717113850334]]]},"id":"001a000000000001a958","properties":{"FID":515822}},{"type":"Feature","geometry":{"type":"Polygon","coordinates":[[[36.97574886251204,-1.3373736007656625],[36.97591378635848,-1.3374271057657654],[36.975931655818485,-1.3373869784681522],[36.97595837803033,-1.3373958698970145],[36.975989608578416,-1.3372932997607714],[36.97594501692563,-1.3372799233129429],[36.97592722943889,-1.3373334385971474],[36.975882637748015,-1.3373156186967832],[36.97589149051234,-1.337293305205471],[36.975788945926475,-1.3372576630865753],[36.97574886251204,-1.3373736007656625]]]},"id":"001a0000000000037bec","properties":{"FID":515824}},{"type":"Feature","geometry":{"type":"Polygon","coordinates":[[[36.97513350966454,-1.3373691251289226],[36.9752048243004,-1.337391452493641],[36.97524498998418,-1.337248733176858],[36.97517359341671,-1.3372309099517088],[36.97513350966454,-1.3373691251289226]]]},"id":"001a0000000000027ca0","properties":{"FID":515825}},{"type":"Feature","geometry":{"type":"Polygon","coordinates":[[[36.97524498998418,-1.3371640110476364],[36.9754010621458,-1.3372041639271177],[36.97542335814166,-1.3371149625039143],[36.97526277763708,-1.3370792729528684],[36.97524498998418,-1.3371640110476364]]]},"id":"001a00000000000279f8","properties":{"FID":515826}},{"type":"Feature","geometry":{"type":"Polygon","coordinates":[[[36.97507104782282,-1.3370257640491676],[36.97507547425432,-1.3370793040346078],[36.97510227875036,-1.3370793072367557],[36.97509777034957,-1.3370257687090765],[36.97507104782282,-1.3370257640491676]]]},"id":"001a000000000001d6c8","properties":{"FID":515827}},{"type":"Feature","geometry":{"type":"Polygon","coordinates":[[[36.97536532296176,-1.3370837520065348],[36.97545450694801,-1.3371238947662338],[36.97548131130495,-1.3370570093640528],[36.97539212735143,-1.337016866622931],[36.97536532296176,-1.3370837520065348]]]},"id":"001a0000000000028344","properties":{"FID":515828}},{"type":"Feature","geometry":{"type":"Polygon","coordinates":[[[36.974870382647026,-1.3369633472021867],[36.97495514079917,-1.3369990060200723],[36.975035390448284,-1.336811742372098],[36.974950632389294,-1.3367760835902145],[36.974870382647026,-1.3369633472021867]]]},"id":"001a000000000003acb3","properties":{"FID":515829}},{"type":"Feature","geometry":{"type":"Polygon","coordinates":[[[36.97855358281831,-1.3367270353403775],[36.97859374666023,-1.3367359273924715],[36.97860268106287,-1.3366779494593548],[36.978562517225875,-1.3366735006069084],[36.97855358281831,-1.3367270353403775]]]},"id":"001a000000000001d4fe","properties":{"FID":515830}},{"type":"Feature","geometry":{"type":"Polygon","coordinates":[[[36.976043134919784,-1.3363792162516999],[36.976074365431614,-1.3363925904050538],[36.97609666122193,-1.3363480028719052],[36.97606543071962,-1.3363301854142384],[36.976043134919784,-1.3363792162516999]]]},"id":"001a00000000000201d0","properties":{"FID":515831}},{"type":"Feature","geometry":{"type":"Polygon","coordinates":[[[36.97585140715419,-1.3362543773579554],[36.97590493359686,-1.3362900506972561],[36.975931655818485,-1.3362454447838115],[36.975878129395404,-1.3362097714739838],[36.97585140715419,-1.3362543773579554]]]},"id":"001a00000000000214ec","properties":{"FID":515832}},{"type":"Feature","geometry":{"type":"Polygon","coordinates":[[[36.97675659713837,-1.3358307186042706],[36.97682791018926,-1.3358619322240204],[36.97685914036548,-1.3357817028535337],[36.97679225367252,-1.335750470824201],[36.97675659713837,-1.3358307186042706]]]},"id":"001a000000000002e7be","properties":{"FID":515834}},{"type":"Feature","geometry":{"type":"Polygon","coordinates":[[[36.976667414742245,-1.3345554475286896],[36.97671200595392,-1.3345643812557895],[36.97671643228595,-1.3345331431409302],[36.97667184107697,-1.3345286524441324],[36.976667414742245,-1.3345554475286896]]]},"id":"001a000000000001f0bb","properties":{"FID":515837}},{"type":"Feature","geometry":{"type":"Polygon","coordinates":[[[36.97671643228595,-1.3344840920429415],[36.976805614622215,-1.3345108455752126],[36.97683684480796,-1.3344082863348803],[36.976747662509844,-1.334377089764373],[36.97671643228595,-1.3344840920429415]]]},"id":"001a00000000000352ff","properties":{"FID":515838}},{"type":"Feature","geometry":{"type":"Polygon","coordinates":[[[36.954568137135354,-1.3481378736214775],[36.95459486715973,-1.348178007910561],[36.95464840917304,-1.3481378759460003],[36.95462159717434,-1.348102189212427],[36.954568137135354,-1.3481378736214775]]]},"id":"001b0000000000003ba3","properties":{"FID":514048}},{"type":"Feature","geometry":{"type":"Polygon","coordinates":[[[36.96971118022078,-1.3492080708112546],[36.96974241343999,-1.34921694152096],[36.969751348925435,-1.3491678844788078],[36.969720115710054,-1.3491634590991899],[36.96971118022078,-1.3492080708112546]]]},"id":"001b0000000000003eff","properties":{"FID":517120}},{"type":"Feature","geometry":{"type":"Polygon","coordinates":[[[36.97512006643802,-1.3422206419341969],[36.97539655376345,-1.342314248989394],[36.975485737711566,-1.342046741387214],[36.97521375911767,-1.34195311403907],[36.97512006643802,-1.3422206419341969]]]},"id":"001b00000000000063cb","properties":{"FID":517376}},{"type":"Feature","geometry":{"type":"Polygon","coordinates":[[[36.96794094806833,-1.354541130587865],[36.96805686622155,-1.3545455896734164],[36.96806137505689,-1.3544698067888095],[36.96794094806833,-1.3544653092365324],[36.96794094806833,-1.354541130587865]]]},"id":"001b0000000000002258","properties":{"FID":517888}},{"type":"Feature","geometry":{"type":"Polygon","coordinates":[[[36.97833063211045,-1.353930244253326],[36.978406451820945,-1.354055088001438],[36.97850899273119,-1.3539881822404924],[36.97843768132205,-1.353867822664323],[36.97833063211045,-1.353930244253326]]]},"id":"001b0000000000005cc1","properties":{"FID":518400}},{"type":"Feature","geometry":{"type":"Polygon","coordinates":[[[36.95719009282014,-1.353814301567158],[36.9572747894897,-1.3539212945645744],[36.95738629705607,-1.3538321586371966],[36.95732382004351,-1.3537563125418566],[36.95729258151721,-1.3537830731469414],[36.95727036197988,-1.353751867267228],[36.95719009282014,-1.353814301567158]]]},"id":"001b0000000000006118","properties":{"FID":515585}},{"type":"Feature","geometry":{"type":"Polygon","coordinates":[[[36.97207453806172,-1.3492169878866638],[36.97217266125548,-1.3492615385401059],[36.97222610842002,-1.3491411636890847],[36.972128067272315,-1.3491009975478883],[36.97207453806172,-1.3492169878866638]]]},"id":"001b0000000000002738","properties":{"FID":517121}},{"type":"Feature","geometry":{"type":"Polygon","coordinates":[[[36.97546795011296,-1.3420199756643356],[36.97553926442224,-1.3420645814545822],[36.975597217493544,-1.3419753893523325],[36.97552590324086,-1.3419263395657537],[36.97546795011296,-1.3420199756643356]]]},"id":"001b000000000000265b","properties":{"FID":517377}},{"type":"Feature","geometry":{"type":"Polygon","coordinates":[[[36.96837797658101,-1.3545545203674778],[36.96849832087096,-1.3545545138085988],[36.96849832087094,-1.3544608492977657],[36.96837797658101,-1.3544564096140324],[36.96837797658101,-1.3545545203674778]]]},"id":"001b0000000000001edb","properties":{"FID":517889}},{"type":"Feature","geometry":{"type":"Polygon","coordinates":[[[36.973474727982136,-1.3538633183840436],[36.97347915451037,-1.3539793032470435],[36.97355940578124,-1.3539792987149628],[36.97355497925787,-1.3539212863766248],[36.9736129339037,-1.353921322742147],[36.97360850738357,-1.3538588648086982],[36.973474727982136,-1.3538633183840436]]]},"id":"001b0000000000003a90","properties":{"FID":518401}},{"type":"Feature","geometry":{"type":"Polygon","coordinates":[[[36.97057185136766,-1.349212498497056],[36.97068333864949,-1.3492615549576366],[36.97073236020926,-1.3491411377902265],[36.97062529970341,-1.349096566752627],[36.97057185136766,-1.349212498497056]]]},"id":"001b00000000000029c7","properties":{"FID":517122}},{"type":"Feature","geometry":{"type":"Polygon","coordinates":[[[36.97514236251967,-1.3419842961198558],[36.975191463057826,-1.3420021550582868],[36.97520925072377,-1.3419396834811292],[36.9751646585945,-1.341926307670194],[36.97514236251967,-1.3419842961198558]]]},"id":"001b0000000000002158","properties":{"FID":517378}},{"type":"Feature","geometry":{"type":"Polygon","coordinates":[[[36.967561958367405,-1.3543627343489424],[36.96758425675594,-1.3544118380833596],[36.96763770727726,-1.3543850405714897],[36.96761098202149,-1.354336015632518],[36.967561958367405,-1.3543627343489424]]]},"id":"001b0000000000000800","properties":{"FID":517890}},{"type":"Feature","geometry":{"type":"Polygon","coordinates":[[[36.97763948058991,-1.3538856346175128],[36.977728661798864,-1.3540283201641385],[36.97782235113178,-1.3539748486653413],[36.97773317003725,-1.3538276586880857],[36.97763948058991,-1.3538856346175128]]]},"id":"001b0000000000005b20","properties":{"FID":518402}},{"type":"Feature","geometry":{"type":"Polygon","coordinates":[[[36.97729611552482,-1.3491946836379956],[36.977385297153134,-1.3492124828457552],[36.9774075925432,-1.349096579454425],[36.97732291920581,-1.349078700287949],[36.97729611552482,-1.3491946836379956]]]},"id":"001b000000000000299e","properties":{"FID":517123}},{"type":"Feature","geometry":{"type":"Polygon","coordinates":[[[36.96851619214506,-1.3544653332045067],[36.968658834267984,-1.3544653451223614],[36.968663343066176,-1.3543984551458643],[36.96862768256374,-1.3543984373173836],[36.96862768256374,-1.3543315683588377],[36.968547425875094,-1.3543315729994996],[36.968542917069755,-1.3543895114916615],[36.96851619214506,-1.3543895125710936],[36.96851619214506,-1.3544653332045067]]]},"id":"001b0000000000005e1e","properties":{"FID":517891}},{"type":"Feature","geometry":{"type":"Polygon","coordinates":[[[36.97690373146009,-1.3539569863615717],[36.97698848725235,-1.3540461683129013],[36.97712226021752,-1.3539213288556688],[36.97702414367327,-1.3538187518968352],[36.97698848725235,-1.3538499713020755],[36.977033078267965,-1.3538945820535204],[36.976992913567614,-1.353930208741004],[36.9769616834486,-1.3538989933254553],[36.97690373146009,-1.3539569863615717]]]},"id":"001b0000000000005ce7","properties":{"FID":518403}},{"type":"Feature","geometry":{"type":"Polygon","coordinates":[[[36.95621349131787,-1.353778592721866],[36.95631606337568,-1.353899024495097],[36.95639190593182,-1.3538321027236606],[36.95628933398039,-1.3537161771897543],[36.95621349131787,-1.353778592721866]]]},"id":"001b000000000000605a","properties":{"FID":515588}},{"type":"Feature","geometry":{"type":"Polygon","coordinates":[[[36.970415768887264,-1.3491590163086318],[36.97054504520908,-1.3491946588696087],[36.97057185136765,-1.3490921201361747],[36.97044249311713,-1.3490564197113817],[36.970415768887264,-1.3491590163086318]]]},"id":"001b0000000000004e27","properties":{"FID":517124}},{"type":"Feature","geometry":{"type":"Polygon","coordinates":[[[36.977710874746585,-1.341970896502133],[36.97776882609454,-1.3419932204309126],[36.9777866131327,-1.3419486451498697],[36.977728661798864,-1.3419218772794144],[36.977710874746585,-1.341970896502133]]]},"id":"001b00000000000036ca","properties":{"FID":517380}},{"type":"Feature","geometry":{"type":"Polygon","coordinates":[[[36.96761991776761,-1.3542602133557566],[36.967628853512636,-1.3543271019505612],[36.96766894138281,-1.3543226542621887],[36.967677877121844,-1.3543984351934057],[36.96773140955387,-1.3543939854694533],[36.967713538087814,-1.3542468107081242],[36.96761991776761,-1.3542602133557566]]]},"id":"001b0000000000005bbd","properties":{"FID":517892}},{"type":"Feature","geometry":{"type":"Polygon","coordinates":[[[36.97038896267142,-1.3539837507763557],[36.97046929931333,-1.3539881908591471],[36.97047815273377,-1.3538142872538366],[36.9703978980778,-1.3538098455610397],[36.97038896267142,-1.3539837507763557]]]},"id":"001b0000000000005e00","properties":{"FID":518404}},{"type":"Feature","geometry":{"type":"Polygon","coordinates":[[[36.97039789807779,-1.3490608845785883],[36.970424704290366,-1.3490698336475122],[36.97044700180525,-1.3490162730533652],[36.970420195600866,-1.349002937977704],[36.97039789807779,-1.3490608845785883]]]},"id":"001b00000000000011e3","properties":{"FID":517125}},{"type":"Feature","geometry":{"type":"Polygon","coordinates":[[[36.975365322961764,-1.3419129343999425],[36.97542335814166,-1.3419218661575731],[36.97543221096166,-1.341886216805378],[36.975369831346036,-1.3418773023538164],[36.975365322961764,-1.3419129343999425]]]},"id":"001b0000000000001d38","properties":{"FID":517381}},{"type":"Feature","geometry":{"type":"Polygon","coordinates":[[[36.9677358364301,-1.3542334315287217],[36.96775370789071,-1.3543894984456875],[36.96780273141615,-1.3543850696408388],[36.96780273141615,-1.3543761181139637],[36.96790528721335,-1.3543672396218318],[36.96790528721335,-1.3543627342254587],[36.967998907167924,-1.354349390729526],[36.967981117746206,-1.3542067205625017],[36.9677358364301,-1.3542334315287217]]]},"id":"001b0000000000005023","properties":{"FID":517893}},{"type":"Feature","geometry":{"type":"Polygon","coordinates":[[[36.977389805412706,-1.3538900751342378],[36.977487921465645,-1.3539926517238592],[36.977585955418625,-1.353899034004814],[36.977483413212134,-1.353796477156956],[36.977389805412706,-1.3538900751342378]]]},"id":"001b0000000000005b28","properties":{"FID":518405}},{"type":"Feature","geometry":{"type":"Polygon","coordinates":[[[36.9578767643475,-1.3480041015739805],[36.95790800262423,-1.3480620561915122],[36.957948095826,-1.3480397695047464],[36.95791685756639,-1.3479818149463407],[36.9578767643475,-1.3480041015739805]]]},"id":"001b000000000000078d","properties":{"FID":514054}},{"type":"Feature","geometry":{"type":"Polygon","coordinates":[[[36.97858481225648,-1.3490609001425542],[36.97870522169755,-1.3491277498382623],[36.97876317225633,-1.3490297071937134],[36.978651697307484,-1.3489672626034013],[36.978624976081235,-1.3490207775945768],[36.97861161546442,-1.349016273231487],[36.97858481225648,-1.3490609001425542]]]},"id":"001b00000000000057b2","properties":{"FID":517126}},{"type":"Feature","geometry":{"type":"Polygon","coordinates":[[[36.97577115840172,-1.341935230123145],[36.97591378635848,-1.341979822921241],[36.975936082197805,-1.3419129469468019],[36.975788945926475,-1.3418728183877449],[36.97577115840172,-1.341935230123145]]]},"id":"001b00000000000051a9","properties":{"FID":517382}},{"type":"Feature","geometry":{"type":"Polygon","coordinates":[[[36.96818622869592,-1.3541576637778392],[36.96819508239302,-1.3542289992412841],[36.96824861444612,-1.3542200443073003],[36.968235251931176,-1.3541487298077244],[36.96818622869592,-1.3541576637778392]]]},"id":"001b00000000000033b0","properties":{"FID":517894}},{"type":"Feature","geometry":{"type":"Polygon","coordinates":[[[36.97079925245181,-1.3540015892139952],[36.97092410141223,-1.3540060083138403],[36.97092852809503,-1.3538945451960218],[36.970808187808004,-1.3538901050463483],[36.97079925245181,-1.3540015892139952]]]},"id":"001b00000000000052db","properties":{"FID":518406}},{"type":"Feature","geometry":{"type":"Polygon","coordinates":[[[36.95656130102182,-1.3537875308155856],[36.95665050795892,-1.353903456443447],[36.95682883951524,-1.3537696737333522],[36.95676201647726,-1.3536805051491474],[36.95673077771096,-1.353707265843381],[36.956695111386665,-1.3536626623151655],[36.956632633783556,-1.3537072904230114],[36.9566460804113,-1.3537251345738963],[36.95656130102182,-1.3537875308155856]]]},"id":"001b00000000000060df","properties":{"FID":515591}},{"type":"Feature","geometry":{"type":"Polygon","coordinates":[[[36.970353303011244,-1.3489984923914977],[36.9703978980778,-1.3490207585013945],[36.97041126019722,-1.3489895233744866],[36.97036666513882,-1.3489717025458083],[36.970353303011244,-1.3489984923914977]]]},"id":"001b000000000000336b","properties":{"FID":517127}},{"type":"Feature","geometry":{"type":"Polygon","coordinates":[[[36.975699762348626,-1.3419486357291497],[36.97574435415117,-1.341962011431216],[36.97577115840172,-1.341877279694286],[36.975726566615556,-1.3418639039830713],[36.975699762348626,-1.3419486357291497]]]},"id":"001b00000000000038d0","properties":{"FID":517383}},{"type":"Feature","geometry":{"type":"Polygon","coordinates":[[[36.96874802644242,-1.3541576325669862],[36.968752535235105,-1.3542111420354521],[36.968904112485696,-1.3542022219642698],[36.968899685680235,-1.354171000596623],[36.96887738769312,-1.3541710414460848],[36.96887738769312,-1.354148751997268],[36.96874802644242,-1.3541576325669862]]]},"id":"001b0000000000005452","properties":{"FID":517895}},{"type":"Feature","geometry":{"type":"Polygon","coordinates":[[[36.97846440261686,-1.3538633168636658],[36.978575877851654,-1.3539837325354394],[36.97865620548887,-1.3539079164103],[36.97854473037671,-1.3537875602995242],[36.97846440261686,-1.3538633168636658]]]},"id":"001b00000000000054ae","properties":{"FID":518407}},{"type":"Feature","geometry":{"type":"Polygon","coordinates":[[[36.955000653968014,-1.3479817825662064],[36.95504074876381,-1.3480576037977035],[36.95508092553099,-1.348039760941138],[36.95503632111873,-1.3479595142866823],[36.955000653968014,-1.3479817825662064]]]},"id":"001b0000000000004c73","properties":{"FID":514056}},{"type":"Feature","geometry":{"type":"Polygon","coordinates":[[[36.97148145145723,-1.3490118148965076],[36.97162416976564,-1.3490831953995868],[36.97167769930626,-1.348980599835926],[36.97156170492286,-1.3489182290705268],[36.97153940774821,-1.3489627797907913],[36.97151711056674,-1.34894942431233],[36.97148145145723,-1.3490118148965076]]]},"id":"001b00000000000053f4","properties":{"FID":517128}},{"type":"Feature","geometry":{"type":"Polygon","coordinates":[[[36.97502645560918,-1.34188619893718],[36.975106705179954,-1.341926321866986],[36.97512006643802,-1.341890652157756],[36.9750443252863,-1.3418550123719826],[36.97502645560918,-1.34188619893718]]]},"id":"001b000000000000252d","properties":{"FID":517384}},{"type":"Feature","geometry":{"type":"Polygon","coordinates":[[[36.96874359962751,-1.3541442546081695],[36.96882828291073,-1.3541487360210818],[36.96882828291073,-1.354108603168988],[36.9687435996275,-1.354108567752717],[36.96874359962751,-1.3541442546081695]]]},"id":"001b0000000000000304","properties":{"FID":517896}},{"type":"Feature","geometry":{"type":"Polygon","coordinates":[[[36.97520925072378,-1.3539570113753518],[36.9753207309278,-1.3540060647965146],[36.975338600532915,-1.3539614683190733],[36.97538319255597,-1.353983733338517],[36.97541884976069,-1.3538989876896421],[36.97537876614313,-1.353881206696343],[36.9754010621458,-1.3538321453758755],[36.97528507367517,-1.353783053635286],[36.97520925072378,-1.3539570113753518]]]},"id":"001b000000000000602b","properties":{"FID":518408}},{"type":"Feature","geometry":{"type":"Polygon","coordinates":[[[36.978232517189845,-1.3489538891729258],[36.978370796075005,-1.3490118291343667],[36.97838866493377,-1.3489806357272778],[36.97827710744579,-1.3489315860293407],[36.9782816156503,-1.3489271205800237],[36.97825038608245,-1.3489137468629917],[36.978232517189845,-1.3489538891729258]]]},"id":"001b00000000000025c8","properties":{"FID":517129}},{"type":"Feature","geometry":{"type":"Polygon","coordinates":[[[36.96204601341691,-1.354175486346448],[36.96210397719163,-1.3542735813666409],[36.962233268218036,-1.3541933220501876],[36.962179813744044,-1.3540996528880491],[36.96204601341691,-1.354175486346448]]]},"id":"001b000000000000609a","properties":{"FID":517897}},{"type":"Feature","geometry":{"type":"Polygon","coordinates":[[[36.976185844315076,-1.3538321188917364],[36.976252731563456,-1.3539034812989545],[36.97633740614175,-1.353827645345349],[36.97627502729931,-1.3537563214908641],[36.976185844315076,-1.3538321188917364]]]},"id":"001b00000000000059fe","properties":{"FID":518409}},{"type":"Feature","geometry":{"type":"Polygon","coordinates":[[[36.95474204610672,-1.3479728422431918],[36.954764348405995,-1.3480085493397584],[36.954831173269355,-1.3479684198754192],[36.95481338064299,-1.3479327516142239],[36.95474204610672,-1.3479728422431918]]]},"id":"001b00000000000050fa","properties":{"FID":514058}},{"type":"Feature","geometry":{"type":"Polygon","coordinates":[[[36.95631606337568,-1.3537161765416965],[36.956418635289616,-1.353814315283808],[36.95648996819052,-1.3537429680118884],[36.95638296881309,-1.353644848856979],[36.95631606337568,-1.3537161765416965]]]},"id":"001b0000000000005378","properties":{"FID":515594}},{"type":"Feature","geometry":{"type":"Polygon","coordinates":[[[36.97768857944912,-1.3489761515763625],[36.97776431785837,-1.3489895663688918],[36.97775989158986,-1.3490207588595462],[36.977808908400235,-1.349034113777571],[36.9778401381569,-1.3488914435168848],[36.97780448213443,-1.3488825337296892],[36.97779554763411,-1.3489181915734108],[36.977737596307364,-1.3489048171510252],[36.977728661798864,-1.348940475050234],[36.97769743199452,-1.3489316053522624],[36.97768857944912,-1.3489761515763625]]]},"id":"001b0000000000005b9d","properties":{"FID":517130}},{"type":"Feature","geometry":{"type":"Polygon","coordinates":[[[36.97488825236234,-1.3418728139222904],[36.97494620595024,-1.3419084710455331],[36.974986371776254,-1.3418505231695237],[36.974928336249114,-1.3418148675287664],[36.97488825236234,-1.3418728139222904]]]},"id":"001b000000000000548b","properties":{"FID":517386}},{"type":"Feature","geometry":{"type":"Polygon","coordinates":[[[36.96686185108983,-1.354108594050177],[36.966906448287396,-1.3541308616984746],[36.96692874687598,-1.354086300243424],[36.96688414969202,-1.3540640326060278],[36.96686185108983,-1.354108594050177]]]},"id":"001b00000000000049b8","properties":{"FID":517898}},{"type":"Feature","geometry":{"type":"Polygon","coordinates":[[[36.974799067684614,-1.3537608134576853],[36.97481242899896,-1.3539079346378504],[36.97497292852266,-1.353894529329326],[36.97496850208496,-1.3538365774431078],[36.97485259489855,-1.3538455145515418],[36.97484808648236,-1.3537563260242724],[36.974799067684614,-1.3537608134576853]]]},"id":"001b0000000000003046","properties":{"FID":518410}},{"type":"Feature","geometry":{"type":"Polygon","coordinates":[[[36.9782816156503,-1.3489181716663659],[36.978406451820945,-1.3489761720168019],[36.97845555016445,-1.3488691597521],[36.978330632110456,-1.3488111609072277],[36.9782816156503,-1.3489181716663659]]]},"id":"001b0000000000005805","properties":{"FID":517131}},{"type":"Feature","geometry":{"type":"Polygon","coordinates":[[[36.978174566209894,-1.3419218972778393],[36.978263746765336,-1.3419575355435711],[36.978308337002225,-1.3418460665124026],[36.97821473026029,-1.3418103877779906],[36.978174566209894,-1.3419218972778393]]]},"id":"001b0000000000005e9d","properties":{"FID":517387}},{"type":"Feature","geometry":{"type":"Polygon","coordinates":[[[36.96887738769312,-1.35404613772777],[36.96888181449992,-1.3541576246208011],[36.96891747487832,-1.3541576425516317],[36.96891304807367,-1.3540461557087415],[36.96887738769312,-1.35404613772777]]]},"id":"001b0000000000005ae5","properties":{"FID":517899}},{"type":"Feature","geometry":{"type":"Polygon","coordinates":[[[36.97054061850305,-1.3539971186378557],[36.97068776534687,-1.3540015562319225],[36.97070112741328,-1.3537295856347835],[36.97064759715707,-1.3537295888783145],[36.97064317045726,-1.3538321007784124],[36.97060300224294,-1.3538276577320103],[36.970607510921155,-1.3537384819792857],[36.97054955389088,-1.3537385046483623],[36.97054061850305,-1.3539971186378557]]]},"id":"001b00000000000061a9","properties":{"FID":518411}},{"type":"Feature","geometry":{"type":"Polygon","coordinates":[[[36.95643199996486,-1.353627021047675],[36.956485540633174,-1.3537429281102735],[36.9565836027663,-1.3536983790120087],[36.95653457171618,-1.3535823920931371],[36.95643199996486,-1.353627021047675]]]},"id":"001b000000000000598f","properties":{"FID":515596}},{"type":"Feature","geometry":{"type":"Polygon","coordinates":[[[36.97751464310801,-1.3488557850913188],[36.97755480752141,-1.3488646743044856],[36.9775725946117,-1.3488066945700363],[36.97753251217629,-1.3487933590426175],[36.97751464310801,-1.3488557850913188]]]},"id":"001b000000000000326d","properties":{"FID":517132}},{"type":"Feature","geometry":{"type":"Polygon","coordinates":[[[36.9778892368812,-1.3418059338657062],[36.977973909561904,-1.3418505395927431],[36.977996204772246,-1.3418059444294554],[36.977911532117396,-1.3417613387268403],[36.9778892368812,-1.3418059338657062]]]},"id":"001b0000000000004ba2","properties":{"FID":517388}},{"type":"Feature","geometry":{"type":"Polygon","coordinates":[[[36.96691538411967,-1.3540194309285447],[36.9670000695217,-1.354046143271498],[36.96701794116225,-1.3539926499157862],[36.96692874687598,-1.3539703452847667],[36.96691538411967,-1.3540194309285447]]]},"id":"001b00000000000032fe","properties":{"FID":517900}},{"type":"Feature","geometry":{"type":"Polygon","coordinates":[[[36.97782235113178,-1.3537251305555067],[36.977902597630184,-1.3538142726975915],[36.97793382734678,-1.3537875186016517],[36.97784907265177,-1.3536983381625811],[36.97782235113178,-1.3537251305555067]]]},"id":"001b0000000000000fc5","properties":{"FID":518412}},{"type":"Feature","geometry":{"type":"Polygon","coordinates":[[[36.95487577780674,-1.3479059793872563],[36.95493817491727,-1.3479862669858116],[36.95501844654882,-1.347923847577913],[36.95495604950678,-1.3478435601614325],[36.95487577780674,-1.3479059793872563]]]},"id":"001b000000000000547e","properties":{"FID":514061}},{"type":"Feature","geometry":{"type":"Polygon","coordinates":[[[36.97080367914217,-1.348824557621948],[36.97086163597085,-1.348846883221212],[36.97087507998112,-1.3488112017838203],[36.97081704118737,-1.348784432412988],[36.97080367914217,-1.348824557621948]]]},"id":"001b000000000000338a","properties":{"FID":517133}},{"type":"Feature","geometry":{"type":"Polygon","coordinates":[[[36.97558385632278,-1.3417390233671675],[36.97568197480216,-1.3417569070897706],[36.97569090956107,-1.341703361969009],[36.97559721749355,-1.3416810746764902],[36.97558385632278,-1.3417390233671675]]]},"id":"001b00000000000035c5","properties":{"FID":517389}},{"type":"Feature","geometry":{"type":"Polygon","coordinates":[[[36.9607439889908,-1.3539792749501576],[36.960766289459514,-1.3540104781027968],[36.96081080838959,-1.353974826459557],[36.96078858992143,-1.3539436218902723],[36.9607439889908,-1.3539792749501576]]]},"id":"001b00000000000010bb","properties":{"FID":517901}},{"type":"Feature","geometry":{"type":"Polygon","coordinates":[[[36.97499079821287,-1.3537206535514854],[36.97505317815224,-1.3537786416476782],[36.97511564000924,-1.3537161812418153],[36.975079982656474,-1.3536805389694293],[36.97505317815224,-1.3537028287853194],[36.97503088204337,-1.3536805228957987],[36.97499079821287,-1.3537206535514854]]]},"id":"001b0000000000005cc5","properties":{"FID":518413}},{"type":"Feature","geometry":{"type":"Polygon","coordinates":[[[36.9775725946117,-1.3488066945700363],[36.97763505431382,-1.3488201077083626],[36.977643988833776,-1.34878889474961],[36.97758152913929,-1.3487710367563939],[36.9775725946117,-1.3488066945700363]]]},"id":"001b0000000000003849","properties":{"FID":517134}},{"type":"Feature","geometry":{"type":"Polygon","coordinates":[[[36.96272378497863,-1.3540283258139147],[36.962777321039574,-1.3541085943169127],[36.962964573967305,-1.353983731659591],[36.96289767455258,-1.3538901249690862],[36.96282192072963,-1.3539391363262907],[36.96283528423441,-1.3539525342276042],[36.96272378497863,-1.3540283258139147]]]},"id":"001b000000000000607f","properties":{"FID":517902}},{"type":"Feature","geometry":{"type":"Polygon","coordinates":[[[36.97121396659346,-1.3537830655307155],[36.97126741445943,-1.3537875688186338],[36.97127192309664,-1.3537518625882918],[36.97132537092021,-1.3537563066099627],[36.97132987955385,-1.3536805286341298],[36.97121839325869,-1.3536760493987592],[36.97121396659346,-1.3537830655307155]]]},"id":"001b00000000000050b2","properties":{"FID":518414}},{"type":"Feature","geometry":{"type":"Polygon","coordinates":[[[36.971410133186,-1.3488200971251154],[36.97153940774821,-1.3488736386756102],[36.971575148804305,-1.3487799529035065],[36.97144579233032,-1.3487264720954988],[36.971410133186,-1.3488200971251154]]]},"id":"001b0000000000005fdf","properties":{"FID":517135}},{"type":"Feature","geometry":{"type":"Polygon","coordinates":[[[36.97597182110253,-1.341707832458379],[36.976043134919784,-1.3417256552227255],[36.97605649600653,-1.3416810981574725],[36.975985182202336,-1.3416632161265016],[36.97597182110253,-1.341707832458379]]]},"id":"001b00000000000038ee","properties":{"FID":517391}},{"type":"Feature","geometry":{"type":"Polygon","coordinates":[[[36.961840885233954,-1.3538811644818134],[36.96187654904811,-1.3539302115867047],[36.96196132227445,-1.3538633724446674],[36.961925658501656,-1.353818771838445],[36.961840885233954,-1.3538811644818134]]]},"id":"001b0000000000000fe6","properties":{"FID":517903}},{"type":"Feature","geometry":{"type":"Polygon","coordinates":[[[36.97722480293116,-1.353729592382619],[36.97730955835076,-1.3538053777836332],[36.97741210080139,-1.3536894529624106],[36.97733185376396,-1.3536136469079938],[36.97722480293116,-1.353729592382619]]]},"id":"001b00000000000052b5","properties":{"FID":518415}},{"type":"Feature","geometry":{"type":"Polygon","coordinates":[[[36.97649798428341,-1.3488111555223645],[36.976604954212455,-1.3488334997905294],[36.97662724984077,-1.3487175373982845],[36.97652027994439,-1.3486952523226818],[36.97649798428341,-1.3488111555223645]]]},"id":"001b0000000000005c56","properties":{"FID":517136}},{"type":"Feature","geometry":{"type":"Polygon","coordinates":[[[36.97526728602769,-1.3416944737860155],[36.975311878094274,-1.3417078496162307],[36.9753207309278,-1.3416766445084427],[36.975276138866604,-1.34166326867466],[36.97526728602769,-1.3416944737860155]]]},"id":"001b00000000000014c9","properties":{"FID":517392}},{"type":"Feature","geometry":{"type":"Polygon","coordinates":[[[36.96736127256427,-1.3539614695655202],[36.96737463523904,-1.3540684718901075],[36.967490554290634,-1.3540506419029963],[36.96748170050818,-1.3539881983329336],[36.96750842581123,-1.353983751318253],[36.96751736156989,-1.3540372419316185],[36.96768681285978,-1.3540105165270322],[36.9676600056427,-1.3538231911630214],[36.96757974789117,-1.3538321466479342],[36.96759311052598,-1.3539213047087157],[36.96752621534803,-1.3539302598688472],[36.967512852700985,-1.3538499938488529],[36.967428167893225,-1.3538589095176758],[36.96744153055575,-1.3539480678154048],[36.96736127256427,-1.3539614695655202]]]},"id":"001b0000000000006280","properties":{"FID":517904}},{"type":"Feature","geometry":{"type":"Polygon","coordinates":[[[36.97631511042495,-1.3536716172819978],[36.97637757120265,-1.353756335485029],[36.976431097259656,-1.3537162034860541],[36.976368636527745,-1.3536314854102716],[36.97631511042495,-1.3536716172819978]]]},"id":"001b0000000000005002","properties":{"FID":518416}},{"type":"Feature","geometry":{"type":"Polygon","coordinates":[[[36.97126741445943,-1.348762111344425],[36.971396771249275,-1.3488112063578805],[36.97145030095652,-1.3486684863781608],[36.971316517602446,-1.3486194697798841],[36.97126741445943,-1.348762111344425]]]},"id":"001b0000000000005f2c","properties":{"FID":517137}},{"type":"Feature","geometry":{"type":"Polygon","coordinates":[[[36.97512457483743,-1.3417256678920595],[36.97521375911767,-1.3417746991607442],[36.9752404815922,-1.3417167516747117],[36.975151297344595,-1.3416721644974046],[36.97512457483743,-1.3417256678920595]]]},"id":"001b0000000000002157","properties":{"FID":517393}},{"type":"Feature","geometry":{"type":"Polygon","coordinates":[[[36.967780433094276,-1.3537786052648593],[36.967789368819666,-1.3539748436013141],[36.96785175490871,-1.3539748014297417],[36.96784732803948,-1.3538588676210108],[36.967918649788636,-1.3538543984682112],[36.967918649788636,-1.353774132583076],[36.967780433094276,-1.3537786052648593]]]},"id":"001b0000000000005c18","properties":{"FID":517905}},{"type":"Feature","geometry":{"type":"Polygon","coordinates":[[[36.97638199755494,-1.3536537719356097],[36.97644888462367,-1.3537251339357332],[36.97648462327744,-1.3536894674964348],[36.976462327605574,-1.353671607579151],[36.97648904962324,-1.3536448740835683],[36.97644888462367,-1.3535957982308882],[36.97638199755494,-1.3536537719356097]]]},"id":"001b00000000000057f9","properties":{"FID":518417}},{"type":"Feature","geometry":{"type":"Polygon","coordinates":[[[36.97077695504444,-1.3487264655439621],[36.97088393335239,-1.3487710379544073],[36.97093746343541,-1.3486506617995468],[36.97083048520585,-1.3486060894176513],[36.97077695504444,-1.3487264655439621]]]},"id":"001b0000000000005fa5","properties":{"FID":517138}},{"type":"Feature","geometry":{"type":"Polygon","coordinates":[[[36.97871858229722,-1.3417836122945828],[36.978816696564685,-1.3418237736811942],[36.97885686026187,-1.3417256562520923],[36.97887022083379,-1.3417301016134155],[36.978888007603665,-1.3416944742904262],[36.97877210663825,-1.341645383228488],[36.97871858229722,-1.3417836122945828]]]},"id":"001b00000000000060c7","properties":{"FID":517394}},{"type":"Feature","geometry":{"type":"Polygon","coordinates":[[[36.96254546780064,-1.3538187227911627],[36.96260785836617,-1.353921302637228],[36.96272378497863,-1.3538499382650733],[36.96266139451204,-1.3537474180160367],[36.96254546780064,-1.3538187227911627]]]},"id":"001b0000000000005c1e","properties":{"FID":517906}},{"type":"Feature","geometry":{"type":"Polygon","coordinates":[[[36.97569090956107,-1.3536314440377841],[36.97574435415117,-1.3536939174251046],[36.97583353767455,-1.353618120089289],[36.97578001117956,-1.3535556483202278],[36.97569090956107,-1.3536314440377841]]]},"id":"001b000000000000565a","properties":{"FID":518418}},{"type":"Feature","geometry":{"type":"Polygon","coordinates":[[[36.97167769930626,-1.3486149690908864],[36.9717579525563,-1.3486462046782801],[36.971775741058416,-1.3485971707523967],[36.971695487827915,-1.3485703803157227],[36.97167769930626,-1.3486149690908864]]]},"id":"001b0000000000003078","properties":{"FID":517139}},{"type":"Feature","geometry":{"type":"Polygon","coordinates":[[[36.97549909890029,-1.341739035821614],[36.97553926442224,-1.3417524303584536],[36.97557049514955,-1.3416676802423089],[36.97553032964478,-1.3416543449556402],[36.97549909890029,-1.341739035821614]]]},"id":"001b0000000000003fbb","properties":{"FID":517395}},{"type":"Feature","geometry":{"type":"Polygon","coordinates":[[[36.96266139451204,-1.3537295734235113],[36.96272378497863,-1.3538232009626916],[36.96278174821591,-1.3537875485972053],[36.9627193577988,-1.3536939211984005],[36.96266139451204,-1.3537295734235113]]]},"id":"001b0000000000005204","properties":{"FID":517907}},{"type":"Feature","geometry":{"type":"Polygon","coordinates":[[[36.97501309433398,-1.3536047301183278],[36.97509334391943,-1.3537072715174872],[36.97519588948201,-1.35362702747309],[36.97513350966454,-1.35354675232664],[36.97508440908742,-1.3535824195884134],[36.97506662139107,-1.3535645977553765],[36.97501309433398,-1.3536047301183278]]]},"id":"001b0000000000005cc4","properties":{"FID":518419}},{"type":"Feature","geometry":{"type":"Polygon","coordinates":[[[36.955045258402045,-1.3476919450679246],[36.95507641589496,-1.3477454568796432],[36.95510765536797,-1.3477275946122647],[36.95508092553099,-1.3476741230807947],[36.955045258402045,-1.3476919450679246]]]},"id":"001b00000000000016e0","properties":{"FID":514068}},{"type":"Feature","geometry":{"type":"Polygon","coordinates":[[[36.955433168242806,-1.3536671204074289],[36.95549556487777,-1.3537652626541434],[36.955598137942545,-1.3537028459972582],[36.95547334479441,-1.353506621440785],[36.95544210547762,-1.3535289356350761],[36.95550007448796,-1.353622531667797],[36.955433168242806,-1.3536671204074289]]]},"id":"001b000000000000605c","properties":{"FID":515604}},{"type":"Feature","geometry":{"type":"Polygon","coordinates":[[[36.9780318607011,-1.3486327951697266],[36.97814333659626,-1.3486907953467127],[36.97818792690667,-1.3486060876102084],[36.97807645107959,-1.3485480874938531],[36.9780318607011,-1.3486327951697266]]]},"id":"001b0000000000005d06","properties":{"FID":517140}},{"type":"Feature","geometry":{"type":"Polygon","coordinates":[[[36.97538319255597,-1.3417033930638758],[36.9754902460884,-1.3417301259960517],[36.9755036072763,-1.3416810653270947],[36.97539655376346,-1.341649888333371],[36.97538319255597,-1.3417033930638758]]]},"id":"001b0000000000003ca3","properties":{"FID":517396}},{"type":"Feature","geometry":{"type":"Polygon","coordinates":[[[36.96241609534127,-1.353635936040106],[36.96243396810277,-1.3536894486370679],[36.962594494819825,-1.3536359075610391],[36.9625677677198,-1.3535601430966682],[36.96245175887479,-1.3536047115186167],[36.96245626805596,-1.3536225352403108],[36.96241609534127,-1.353635936040106]]]},"id":"001b0000000000004d0e","properties":{"FID":517908}},{"type":"Feature","geometry":{"type":"Polygon","coordinates":[[[36.97713562110685,-1.3536180845761172],[36.97721144205818,-1.353702801283478],[36.977327345500804,-1.3535958265734793],[36.977247098370235,-1.3535110703123423],[36.97713562110685,-1.3536180845761172]]]},"id":"001b0000000000005b7d","properties":{"FID":518420}},{"type":"Feature","geometry":{"type":"Polygon","coordinates":[[[36.9568734428342,-1.3535556794904249],[36.95691804612596,-1.3536671199971837],[36.95706522039751,-1.3536091888129607],[36.95702061719552,-1.3534976893852662],[36.9568734428342,-1.3535556794904249]]]},"id":"001b0000000000005537","properties":{"FID":515605}},{"type":"Feature","geometry":{"type":"Polygon","coordinates":[[[36.97054504520908,-1.3485927121528491],[36.97060751092116,-1.348623907696336],[36.97066989460394,-1.3485079386905297],[36.97060751092116,-1.3484767417369374],[36.97054504520908,-1.3485927121528491]]]},"id":"001b0000000000003f00","properties":{"FID":517141}},{"type":"Feature","geometry":{"type":"Polygon","coordinates":[[[36.977817842898915,-1.341721217311412],[36.97790702389003,-1.3417658028508155],[36.97795612256936,-1.3416677048002843],[36.97786243340809,-1.3416231395120353],[36.977817842898915,-1.341721217311412]]]},"id":"001b0000000000004d69","properties":{"FID":517397}},{"type":"Feature","geometry":{"type":"Polygon","coordinates":[[[36.96338375971501,-1.3535690587694686],[36.9634194227764,-1.3536403952137814],[36.96345959493966,-1.353618102019679],[36.96342835903504,-1.3535467462550705],[36.96338375971501,-1.3535690587694686]]]},"id":"001b0000000000001f20","properties":{"FID":517909}},{"type":"Feature","geometry":{"type":"Polygon","coordinates":[[[36.97398303922075,-1.3536180649590523],[36.97415690200133,-1.3536270067256357],[36.97416141046019,-1.353546726806902],[36.97409452129644,-1.3535422848261183],[36.97409452129645,-1.3534798678037065],[36.97402320557646,-1.3534753859099278],[36.97401869710907,-1.35353337819341],[36.97398303922075,-1.3535333600974897],[36.97398303922075,-1.3536180649590523]]]},"id":"001b0000000000006024","properties":{"FID":518421}},{"type":"Feature","geometry":{"type":"Polygon","coordinates":[[[36.954443260235564,-1.3535422936547579],[36.95449680235988,-1.3536537566834481],[36.95462159717434,-1.3535958066650258],[36.95456813713535,-1.3534843425091663],[36.954443260235564,-1.3535422936547579]]]},"id":"001b0000000000005501","properties":{"FID":515606}},{"type":"Feature","geometry":{"type":"Polygon","coordinates":[[[36.9716910611916,-1.3485391648904208],[36.9718337790905,-1.3485971503459908],[36.97188722650299,-1.3484633831426662],[36.9717445906832,-1.3484053962658353],[36.9716910611916,-1.3485391648904208]]]},"id":"001b0000000000005f94","properties":{"FID":517142}},{"type":"Feature","geometry":{"type":"Polygon","coordinates":[[[36.97909316989404,-1.3417435324150169],[36.97918234932752,-1.3417881171708141],[36.97924923383116,-1.3416543342162397],[36.979160054479365,-1.3416097495261885],[36.97909316989404,-1.3417435324150169]]]},"id":"001b000000000000523a","properties":{"FID":517398}},{"type":"Feature","geometry":{"type":"Polygon","coordinates":[[[36.95816217183387,-1.3535735121145152],[36.95817553619044,-1.3536626802017786],[36.95827810549607,-1.3536492965101055],[36.958264741158246,-1.353560128571609],[36.95816217183387,-1.3535735121145152]]]},"id":"001b0000000000001f47","properties":{"FID":517910}},{"type":"Feature","geometry":{"type":"Polygon","coordinates":[[[36.97621256643391,-1.3535110892316615],[36.97625715792332,-1.3536314522998576],[36.97638199755494,-1.3535824061580515],[36.976332979786754,-1.3534620035761533],[36.97621256643391,-1.3535110892316615]]]},"id":"001b000000000000606f","properties":{"FID":518422}},{"type":"Feature","geometry":{"type":"Polygon","coordinates":[[[36.95547334479441,-1.3535021747415947],[36.95550007448796,-1.3535512064645083],[36.955531313779986,-1.353537844950828],[36.955504502104965,-1.3534843087346862],[36.95547334479441,-1.3535021747415947]]]},"id":"001b0000000000000adf","properties":{"FID":515607}},{"type":"Feature","geometry":{"type":"Polygon","coordinates":[[[36.97040683348308,-1.3483786487209721],[36.97042913100342,-1.348387559143572],[36.97045142851695,-1.3483474539160702],[36.970429131003414,-1.3483340390380059],[36.97040683348308,-1.3483786487209721]]]},"id":"001b0000000000000a6f","properties":{"FID":517143}},{"type":"Feature","geometry":{"type":"Polygon","coordinates":[[[36.975485737711566,-1.341632021841182],[36.975592791093696,-1.3416587547723733],[36.97560615226283,-1.341614197556511],[36.9754990989003,-1.34158746460549],[36.975485737711566,-1.341632021841182]]]},"id":"001b000000000000274a","properties":{"FID":517399}},{"type":"Feature","geometry":{"type":"Polygon","coordinates":[[[36.96347738546204,-1.353573501059752],[36.96351304847776,-1.3536047024773548],[36.9635576477189,-1.3535556531403867],[36.963521984724956,-1.3535244517640954],[36.96347738546204,-1.353573501059752]]]},"id":"001b00000000000033e0","properties":{"FID":517911}},{"type":"Feature","geometry":{"type":"Polygon","coordinates":[[[36.971093544801214,-1.3534441811419653],[36.97110248012142,-1.3534887768897126],[36.9711381394159,-1.3534843492513189],[36.971129204100066,-1.3534397535290974],[36.971093544801214,-1.3534441811419653]]]},"id":"001b000000000000183e","properties":{"FID":518423}},{"type":"Feature","geometry":{"type":"Polygon","coordinates":[[[36.969626497960874,-1.3483786571218708],[36.96972011571006,-1.348418784576109],[36.96976028440979,-1.3483206930798484],[36.96966658473506,-1.3482805670993916],[36.969626497960874,-1.3483786571218708]]]},"id":"001b0000000000005f14","properties":{"FID":517144}},{"type":"Feature","geometry":{"type":"Polygon","coordinates":[[[36.963147399261416,-1.3535289151374512],[36.96321429844758,-1.3535779394891627],[36.96325889787101,-1.3535244437634124],[36.96328562471833,-1.353542287408276],[36.963321287827604,-1.353493219016508],[36.96324553444368,-1.3534308355120797],[36.96323217101392,-1.3534486208707424],[36.963191998725655,-1.3534174402517676],[36.96315190839966,-1.3534709149471806],[36.963178635286106,-1.3534887586079385],[36.963147399261416,-1.3535289151374512]]]},"id":"001b0000000000004e79","properties":{"FID":517912}},{"type":"Feature","geometry":{"type":"Polygon","coordinates":[[[36.97067440327802,-1.353426379066001],[36.97068333864949,-1.3534843125613598],[36.9707234248438,-1.3534798655029912],[36.97071899814857,-1.3534219111818209],[36.97067440327802,-1.353426379066001]]]},"id":"001b0000000000001dd8","properties":{"FID":518424}},{"type":"Feature","geometry":{"type":"Polygon","coordinates":[[[36.97177131442695,-1.3483652725361024],[36.971878373253325,-1.3484098428850677],[36.97192296738891,-1.3483072898119641],[36.97181590862792,-1.3482627194865775],[36.97177131442695,-1.3483652725361024]]]},"id":"001b0000000000004cbb","properties":{"FID":517145}},{"type":"Feature","geometry":{"type":"Polygon","coordinates":[[[36.97625715792332,-1.3418237990335593],[36.97635084914418,-1.3418505300381265],[36.97638650587645,-1.3417301505057773],[36.97644888462367,-1.3417479528651715],[36.97652470628803,-1.3415116192069683],[36.976368636527745,-1.3414625824895534],[36.97625715792332,-1.3418237990335593]]]},"id":"001b00000000000063d2","properties":{"FID":517401}},{"type":"Feature","geometry":{"type":"Polygon","coordinates":[[[36.95851890912781,-1.353488795850916],[36.95855006514071,-1.3535333597152115],[36.95867050760256,-1.3534530795050856],[36.9586392696516,-1.3534085172406993],[36.95851890912781,-1.353488795850916]]]},"id":"001b0000000000005d3f","properties":{"FID":517913}},{"type":"Feature","geometry":{"type":"Polygon","coordinates":[[[36.971401197903425,-1.3533951437294256],[36.97140570653239,-1.3534396993747058],[36.97144579233032,-1.3534352523670334],[36.97144136567887,-1.3533906952928452],[36.971401197903425,-1.3533951437294256]]]},"id":"001b0000000000002c00","properties":{"FID":518425}},{"type":"Feature","geometry":{"type":"Polygon","coordinates":[[[36.969572966917276,-1.348289455650508],[36.96961313569792,-1.3483072958210178],[36.96963092472228,-1.3482627063794161],[36.96959083792854,-1.348244864762597],[36.969572966917276,-1.348289455650508]]]},"id":"001b000000000000162d","properties":{"FID":517146}},{"type":"Feature","geometry":{"type":"Polygon","coordinates":[[[36.97609666122194,-1.341520525036115],[36.97617690961671,-1.3415473153630255],[36.976199205375714,-1.341475937351991],[36.976118957005426,-1.3414492062705314],[36.97609666122194,-1.341520525036115]]]},"id":"001b0000000000001999","properties":{"FID":517402}},{"type":"Feature","geometry":{"type":"Polygon","coordinates":[[[36.958233503033924,-1.3534129991325121],[36.95826023171855,-1.353453135932492],[36.95830926161159,-1.3534174632977838],[36.95828253294488,-1.353377326553333],[36.958233503033924,-1.3534129991325121]]]},"id":"001b00000000000024f9","properties":{"FID":517914}},{"type":"Feature","geometry":{"type":"Polygon","coordinates":[[[36.971138139415906,-1.3534709525192437],[36.97126298779717,-1.3534753723399422],[36.971267414459426,-1.3533773081274334],[36.971227328563614,-1.3533773093034096],[36.971227328563614,-1.3534308367786143],[36.9711381394159,-1.3534263758202678],[36.971138139415906,-1.3534709525192437]]]},"id":"001b0000000000005cea","properties":{"FID":518426}},{"type":"Feature","geometry":{"type":"Polygon","coordinates":[[[36.97047815273377,-1.3484009749328596],[36.97057185136765,-1.3484411004547743],[36.97064317045726,-1.3482716318816235],[36.97054955389088,-1.3482315049475557],[36.97047815273377,-1.3484009749328596]]]},"id":"001b0000000000005f39","properties":{"FID":517147}},{"type":"Feature","geometry":{"type":"Polygon","coordinates":[[[36.97858481225648,-1.3415339144371865],[36.97866956609751,-1.341582962072913],[36.97874981166483,-1.3414402931583571],[36.97869186109544,-1.341409081852053],[36.978673992310874,-1.3414402665151253],[36.97864727109277,-1.3414269319161314],[36.97858481225648,-1.3415339144371865]]]},"id":"001b0000000000005784","properties":{"FID":517403}},{"type":"Feature","geometry":{"type":"Polygon","coordinates":[[[36.965087122871616,-1.3534174357779905],[36.96513614818597,-1.3535244578748993],[36.96522091763185,-1.3534842994252165],[36.96520304555182,-1.3534486328787265],[36.96520304555182,-1.3534441867321059],[36.9651718103923,-1.3533772790031515],[36.965087122871616,-1.3534174357779905]]]},"id":"001b0000000000005d98","properties":{"FID":517915}},{"type":"Feature","geometry":{"type":"Polygon","coordinates":[[[36.97569090956107,-1.3533594939848885],[36.97578451953824,-1.3534620335412133],[36.97585140715419,-1.3533996143679747],[36.97575771529258,-1.3532970171991714],[36.97569090956107,-1.3533594939848885]]]},"id":"001b0000000000005f7d","properties":{"FID":518427}},{"type":"Feature","geometry":{"type":"Polygon","coordinates":[[[36.957751893097516,-1.3475804601836854],[36.95780986027685,-1.347665209106991],[36.95791243009545,-1.347593862289999],[36.95785889047188,-1.347513599627539],[36.957751893097516,-1.3475804601836854]]]},"id":"001b000000000000613f","properties":{"FID":514076}},{"type":"Feature","geometry":{"type":"Polygon","coordinates":[[[36.95449680235988,-1.353475411893191],[36.95451459506326,-1.3535021320525966],[36.954550262451015,-1.3534843043141513],[36.95453246975631,-1.353453078141659],[36.95449680235988,-1.353475411893191]]]},"id":"001b000000000000376d","properties":{"FID":515612}},{"type":"Feature","geometry":{"type":"Polygon","coordinates":[[[36.97181590862792,-1.3482493249181455],[36.971842632345584,-1.348267165515405],[36.97186492942769,-1.3482225567968584],[36.97183820571817,-1.3482092205736806],[36.97181590862792,-1.3482493249181455]]]},"id":"001b000000000000047e","properties":{"FID":517148}},{"type":"Feature","geometry":{"type":"Polygon","coordinates":[[[36.97829497632749,-1.3414135279671415],[36.97833514031166,-1.3414269219990478],[36.97834407474594,-1.3414090484325996],[36.97830391076669,-1.341391210557852],[36.97829497632749,-1.3414135279671415]]]},"id":"001b0000000000001505","properties":{"FID":517404}},{"type":"Feature","geometry":{"type":"Polygon","coordinates":[[[36.96151540088466,-1.3535021300877284],[36.96164469295208,-1.3536715808164128],[36.96183645800063,-1.3535244665583293],[36.961742830151785,-1.3533996170814917],[36.96173389368709,-1.3534084906872936],[36.96169822980333,-1.3533639496224035],[36.96151540088466,-1.3535021300877284]]]},"id":"001b00000000000063d0","properties":{"FID":517916}},{"type":"Feature","geometry":{"type":"Polygon","coordinates":[[[36.97348358103834,-1.3534040676080967],[36.97348808953876,-1.3534352850437295],[36.97363080392666,-1.3534040586626037],[36.97359957236991,-1.3532568993443022],[36.973568340799815,-1.3532658122946986],[36.973590637355166,-1.3533817737443943],[36.97348358103834,-1.3534040676080967]]]},"id":"001b0000000000005fab","properties":{"FID":518428}},{"type":"Feature","geometry":{"type":"Polygon","coordinates":[[[36.95543759586386,-1.3475314126473066],[36.9555090117146,-1.347616163298589],[36.95560264754641,-1.3475447949698063],[36.955531313779986,-1.3474555971770508],[36.95543759586386,-1.3475314126473066]]]},"id":"001b0000000000004475","properties":{"FID":514077}},{"type":"Feature","geometry":{"type":"Polygon","coordinates":[[[36.95870166355086,-1.3534754106685192],[36.958790867876786,-1.3535734869613405],[36.95893803837882,-1.3534308366366457],[36.95887113527924,-1.3533594585213902],[36.958799804701236,-1.3534219096083642],[36.95878193105125,-1.353404085440895],[36.95870166355086,-1.3534754106685192]]]},"id":"001b0000000000005f4e","properties":{"FID":517917}},{"type":"Feature","geometry":{"type":"Polygon","coordinates":[[[36.971124777429424,-1.3532613480681124],[36.971129204100066,-1.353386225973719],[36.97125856113464,-1.3533772876583705],[36.971254052496604,-1.353279204704591],[36.97119166931266,-1.3532791871824141],[36.97119166931266,-1.3532568989658829],[36.971124777429424,-1.3532613480681124]]]},"id":"001b00000000000055bc","properties":{"FID":518429}},{"type":"Feature","geometry":{"type":"Polygon","coordinates":[[[36.97101329082126,-1.3482225825479668],[36.97112026878313,-1.3482761043820526],[36.97117379869298,-1.3481556713892757],[36.97107124748366,-1.3481066349054305],[36.97101329082126,-1.3482225825479668]]]},"id":"001b000000000000619b","properties":{"FID":517150}},{"type":"Feature","geometry":{"type":"Polygon","coordinates":[[[36.97486144778774,-1.3414179767616659],[36.974995224649234,-1.3414536605632637],[36.975017520768986,-1.3413555583326773],[36.97488374394833,-1.341319874480123],[36.97486144778774,-1.3414179767616659]]]},"id":"001b0000000000006052","properties":{"FID":517406}},{"type":"Feature","geometry":{"type":"Polygon","coordinates":[[[36.95892016476261,-1.3533728162149454],[36.95894246578766,-1.3534174184907959],[36.958982640411186,-1.3533995708990443],[36.9589603393984,-1.3533550279510862],[36.95892016476261,-1.3533728162149454]]]},"id":"001b0000000000003c65","properties":{"FID":517918}},{"type":"Feature","geometry":{"type":"Polygon","coordinates":[[[36.9707234248438,-1.3532658137160227],[36.97073678690367,-1.3535244420923465],[36.970866144633106,-1.353515562780915],[36.970852782596886,-1.3532568756156675],[36.9707234248438,-1.3532658137160227]]]},"id":"001b0000000000005b89","properties":{"FID":518430}},{"type":"Feature","geometry":{"type":"Polygon","coordinates":[[[36.955388564045364,-1.3474333433664816],[36.95541980338503,-1.3474779020712806],[36.95546440756341,-1.347446703121232],[36.955433168242806,-1.3474020851920354],[36.955388564045364,-1.3474333433664816]]]},"id":"001b0000000000003aca","properties":{"FID":514079}},{"type":"Feature","geometry":{"type":"Polygon","coordinates":[[[36.977202507485295,-1.341453635884314],[36.97729168922793,-1.341489333930184],[36.97735414917033,-1.3413377332198828],[36.977260459236696,-1.3413020553767125],[36.977202507485295,-1.341453635884314]]]},"id":"001b0000000000005df2","properties":{"FID":517407}},{"type":"Feature","geometry":{"type":"Polygon","coordinates":[[[36.96334358751008,-1.353412968053178],[36.96344614956503,-1.3535333877342777],[36.96353534810172,-1.353453133633008],[36.96342835903504,-1.3533371798856393],[36.96334358751008,-1.353412968053178]]]},"id":"001b00000000000049f3","properties":{"FID":517919}},{"type":"Feature","geometry":{"type":"Polygon","coordinates":[[[36.97576222365263,-1.353270263854502],[36.97578451953823,-1.3532925693754332],[36.97585140715419,-1.3532301506549194],[36.97582911128901,-1.3532078451769707],[36.97576222365263,-1.353270263854502]]]},"id":"001b0000000000005a1d","properties":{"FID":518431}},{"type":"Feature","geometry":{"type":"Polygon","coordinates":[[[36.97542778455178,-1.3413555587363526],[36.97547680292755,-1.3413778631047792],[36.9755036072763,-1.3413199151702961],[36.975454506948005,-1.341297612256505],[36.97542778455178,-1.3413555587363526]]]},"id":"001b0000000000002b9a","properties":{"FID":517408}},{"type":"Feature","geometry":{"type":"Polygon","coordinates":[[[36.96363348276313,-1.3533683934451448],[36.963664636596334,-1.3534352446609363],[36.96372710819029,-1.353412970484375],[36.96369587239999,-1.353341615313462],[36.96363348276313,-1.3533683934451448]]]},"id":"001b000000000000583c","properties":{"FID":517920}},{"type":"Feature","geometry":{"type":"Polygon","coordinates":[[[36.97188279987829,-1.3531989132955984],[36.971900670324516,-1.3532881033577158],[36.9719809233296,-1.3532702573471183],[36.97196305290301,-1.3531811266951537],[36.97188279987829,-1.3531989132955984]]]},"id":"001b0000000000005907","properties":{"FID":518432}},{"type":"Feature","geometry":{"type":"Polygon","coordinates":[[[36.95464840917304,-1.347384249748177],[36.95471080647756,-1.347473428680107],[36.95477320372883,-1.3474244274038676],[36.95471080647756,-1.3473352486339767],[36.95464840917304,-1.347384249748177]]]},"id":"001b0000000000004e80","properties":{"FID":514081}},{"type":"Feature","geometry":{"type":"Polygon","coordinates":[[[36.95598612684309,-1.353484349191783],[36.9560886992198,-1.3535734760696183],[36.95616003244253,-1.3534932359158078],[36.95609312680117,-1.3534352543609918],[36.95607525248957,-1.353457568039957],[36.956039585845545,-1.3534263636008588],[36.95598612684309,-1.353484349191783]]]},"id":"001b000000000000536b","properties":{"FID":515617}},{"type":"Feature","geometry":{"type":"Polygon","coordinates":[[[36.97820579581018,-1.3480397468440137],[36.97832620587627,-1.348088817578594],[36.978370796075005,-1.3479773251500615],[36.97825038608245,-1.3479282544374942],[36.97820579581018,-1.3480397468440137]]]},"id":"001b00000000000061a6","properties":{"FID":517153}},{"type":"Feature","geometry":{"type":"Polygon","coordinates":[[[36.97526277763709,-1.3413288393324845],[36.97529843490061,-1.3413377508846402],[36.97531630451117,-1.3412797825604779],[36.975280647256376,-1.3412708709998113],[36.97526277763709,-1.3413288393324845]]]},"id":"001b0000000000000d11","properties":{"FID":517409}},{"type":"Feature","geometry":{"type":"Polygon","coordinates":[[[36.96346844920941,-1.3533193347289592],[36.963490748846986,-1.3533549825852276],[36.963562074847964,-1.3533104386064914],[36.963539857216055,-1.3532747300776466],[36.96346844920941,-1.3533193347289592]]]},"id":"001b0000000000003f35","properties":{"FID":517921}},{"type":"Feature","geometry":{"type":"Polygon","coordinates":[[[36.97038896267142,-1.3532123024044487],[36.97044249311713,-1.3532345879164616],[36.97046036391569,-1.3531944950297186],[36.97040240676868,-1.3531721696352472],[36.97038896267142,-1.3532123024044487]]]},"id":"001b000000000000238a","properties":{"FID":518433}},{"type":"Feature","geometry":{"type":"Polygon","coordinates":[[[36.97110248012141,-1.3480442059044502],[36.97122281992365,-1.3481021732436451],[36.97126741445943,-1.347999620438889],[36.97114707473064,-1.347941653154265],[36.97110248012141,-1.3480442059044502]]]},"id":"001b0000000000005bc4","properties":{"FID":517154}},{"type":"Feature","geometry":{"type":"Polygon","coordinates":[[[36.97711332563374,-1.3413288226492577],[36.97717127745592,-1.341360034618856],[36.977206933787585,-1.3412931626705544],[36.977148981993714,-1.341266394619023],[36.97711332563374,-1.3413288226492577]]]},"id":"001b0000000000004fdb","properties":{"FID":517410}},{"type":"Feature","geometry":{"type":"Polygon","coordinates":[[[36.9586392696516,-1.35339067192106],[36.95867050760256,-1.353435293455996],[36.95883546999894,-1.3533238088016377],[36.95880423211845,-1.3532791874644723],[36.9586392696516,-1.35339067192106]]]},"id":"001b0000000000005e28","properties":{"FID":517922}},{"type":"Feature","geometry":{"type":"Polygon","coordinates":[[[36.977148981993714,-1.353270269974141],[36.97721586835992,-1.3533416307738906],[36.97724267207036,-1.3533193418871827],[36.977300623789894,-1.3533862382234474],[36.97739423170365,-1.35330147373765],[36.97726939380248,-1.353158830874095],[36.977148981993714,-1.353270269974141]]]},"id":"001b00000000000062c7","properties":{"FID":518434}},{"type":"Feature","geometry":{"type":"Polygon","coordinates":[[[36.971949691067415,-1.3480664857263431],[36.97205666765802,-1.348084327763856],[36.97207453806172,-1.347959490548415],[36.971967479522846,-1.3479416498642816],[36.971949691067415,-1.3480664857263431]]]},"id":"001b0000000000003546","properties":{"FID":517155}},{"type":"Feature","geometry":{"type":"Polygon","coordinates":[[[36.97531187809428,-1.3413644743238222],[36.9754010621458,-1.341395670073177],[36.97544114575112,-1.341293166658875],[36.975347535333825,-1.3412619303843818],[36.97531187809428,-1.3413644743238222]]]},"id":"001b0000000000005b60","properties":{"FID":517411}},{"type":"Feature","geometry":{"type":"Polygon","coordinates":[[[36.96080195379792,-1.3532926069716695],[36.96083761811892,-1.3533906829188693],[36.96098921178581,-1.353337182207724],[36.96095354753876,-1.3532390472960818],[36.96080195379792,-1.3532926069716695]]]},"id":"001b0000000000004ae0","properties":{"FID":517923}},{"type":"Feature","geometry":{"type":"Polygon","coordinates":[[[36.97215479087578,-1.3531722063651073],[36.97215929945823,-1.3532791793706245],[36.97222168181585,-1.3532747511234642],[36.97221725521141,-1.353172163200383],[36.97215479087578,-1.3531722063651073]]]},"id":"001b0000000000000acb","properties":{"FID":518435}},{"type":"Feature","geometry":{"type":"Polygon","coordinates":[[[36.95534846944027,-1.34732183776356],[36.955388564045364,-1.3473887064266612],[36.95545104271135,-1.3473530419758801],[36.95541086614749,-1.3472861748688212],[36.95534846944027,-1.34732183776356]]]},"id":"001b00000000000027b2","properties":{"FID":514084}},{"type":"Feature","geometry":{"type":"Polygon","coordinates":[[[36.955847887584994,-1.3534308363618954],[36.955892491502276,-1.3535021393192297],[36.9559504601556,-1.353470931371033],[36.955905856273674,-1.3533951225651668],[36.955847887584994,-1.3534308363618954]]]},"id":"001b0000000000003140","properties":{"FID":515620}},{"type":"Feature","geometry":{"type":"Polygon","coordinates":[[[36.97790702389004,-1.3480308145964948],[36.977996204772246,-1.3480620670438317],[36.978036368920755,-1.3479550380904934],[36.9779471880876,-1.3479238449017446],[36.97790702389004,-1.3480308145964948]]]},"id":"001b0000000000005b49","properties":{"FID":517156}},{"type":"Feature","geometry":{"type":"Polygon","coordinates":[[[36.973791306046984,-1.3412931399000225],[36.9738492605053,-1.3412975702926628],[36.97385368701082,-1.3412619396916372],[36.97379573255603,-1.3412574500236238],[36.973791306046984,-1.3412931399000225]]]},"id":"001b00000000000008df","properties":{"FID":517412}},{"type":"Feature","geometry":{"type":"Polygon","coordinates":[[[36.96372710819029,-1.3532658303970622],[36.96378064351637,-1.35335498900124],[36.963887632067404,-1.3532925602256822],[36.96383409681968,-1.3532034018661852],[36.96372710819029,-1.3532658303970622]]]},"id":"001b0000000000005e1d","properties":{"FID":517924}},{"type":"Feature","geometry":{"type":"Polygon","coordinates":[[[36.9759093599778,-1.3532033957919114],[36.97598067385604,-1.3533014706714854],[36.97602083911313,-1.3532747355644874],[36.97608772651266,-1.3533683843312734],[36.976110022298876,-1.3533505615145782],[36.97605649600653,-1.353274753730529],[36.97609666122193,-1.3532435138980277],[36.97601190439459,-1.3531275998552934],[36.9759093599778,-1.3532033957919114]]]},"id":"001b0000000000005666","properties":{"FID":518436}},{"type":"Feature","geometry":{"type":"Polygon","coordinates":[[[36.955607075157204,-1.3535066171604053],[36.95562494958324,-1.3535288888002976],[36.95564274201216,-1.3535110823733234],[36.95568291844864,-1.3535512188610546],[36.95570071086346,-1.353537799831098],[36.95574531487051,-1.3535824229128397],[36.95583001321344,-1.353506628793472],[36.955727440473886,-1.3533951497578436],[36.955607075157204,-1.3535066171604053]]]},"id":"001b0000000000005ed7","properties":{"FID":515621}},{"type":"Feature","geometry":{"type":"Polygon","coordinates":[[[36.97148596008123,-1.3479149101484982],[36.971512683919606,-1.3479193562731693],[36.97152161918854,-1.3478703023270424],[36.97149038672998,-1.3478658767381217],[36.97148596008123,-1.3479149101484982]]]},"id":"001b000000000000172e","properties":{"FID":517157}},{"type":"Feature","geometry":{"type":"Polygon","coordinates":[[[36.97830391076669,-1.3413555413360199],[36.978406451820945,-1.3414180219317389],[36.978473337035325,-1.3413109616386323],[36.978366369843265,-1.341248559146925],[36.97830391076669,-1.3413555413360199]]]},"id":"001b0000000000005c00","properties":{"FID":517413}},{"type":"Feature","geometry":{"type":"Polygon","coordinates":[[[36.96360667405919,-1.353212303741786],[36.96362897365459,-1.3532657955756562],[36.96366914570268,-1.3532524545654998],[36.96364233701182,-1.3531944781236243],[36.96360667405919,-1.353212303741786]]]},"id":"001b0000000000001b34","properties":{"FID":517925}},{"type":"Feature","geometry":{"type":"Polygon","coordinates":[[[36.972275210918625,-1.353114228091274],[36.97227963751954,-1.3532167564921311],[36.9723510369159,-1.3532167915873508],[36.97234652834529,-1.3531097597567825],[36.972275210918625,-1.353114228091274]]]},"id":"001b0000000000002a49","properties":{"FID":518437}},{"type":"Feature","geometry":{"type":"Polygon","coordinates":[[[36.977791121367495,-1.3478970954519434],[36.97785800714553,-1.3479327133809709],[36.977889236881204,-1.3478658452660706],[36.97782235113178,-1.347834612811399],[36.977791121367495,-1.3478970954519434]]]},"id":"001b0000000000000349","properties":{"FID":517158}},{"type":"Feature","geometry":{"type":"Polygon","coordinates":[[[36.962643521806136,-1.353279214361538],[36.96269705792587,-1.3533639279686587],[36.96282192072964,-1.3532881384603168],[36.962772893862976,-1.3531989580472874],[36.962643521806136,-1.353279214361538]]]},"id":"001b00000000000050f3","properties":{"FID":517926}},{"type":"Feature","geometry":{"type":"Polygon","coordinates":[[[36.971713358319974,-1.3531275918294152],[36.97178024966426,-1.3531231428657247],[36.97178024966426,-1.35318111531271],[36.97172672019879,-1.353185563969178],[36.971731146832944,-1.3532747560124143],[36.971851567574156,-1.353270303933562],[36.971842632345584,-1.353096367549835],[36.971713358319974,-1.3531008581212305],[36.971713358319974,-1.3531275918294152]]]},"id":"001b0000000000005396","properties":{"FID":518438}},{"type":"Feature","geometry":{"type":"Polygon","coordinates":[[[36.97533417411738,-1.3412440935541834],[36.975369831346036,-1.3412574491016473],[36.97538319255597,-1.3412128923542586],[36.97535196174856,-1.3411995180786798],[36.97533417411738,-1.3412440935541834]]]},"id":"001b0000000000002519","properties":{"FID":517415}},{"type":"Feature","geometry":{"type":"Polygon","coordinates":[[[36.9625275950664,-1.353252462247181],[36.96258113127103,-1.3533104389846677],[36.96266139451204,-1.353234612014128],[36.96260343117932,-1.3531766547864934],[36.9625275950664,-1.353252462247181]]]},"id":"001b0000000000002100","properties":{"FID":517927}},{"type":"Feature","geometry":{"type":"Polygon","coordinates":[[[36.97578001117956,-1.3531008400833018],[36.9758691946594,-1.3531945074199545],[36.97590493359686,-1.3531587822529678],[36.97582017654701,-1.3530651548936887],[36.97578001117956,-1.3531008400833018]]]},"id":"001b00000000000011dd","properties":{"FID":518439}},{"type":"Feature","geometry":{"type":"Polygon","coordinates":[[[36.97752800392553,-1.3478524475037166],[36.97760825074741,-1.3478881252954178],[36.977661775902355,-1.3477856009327969],[36.97758152913929,-1.347745478460466],[36.97752800392553,-1.3478524475037166]]]},"id":"001b0000000000005d37","properties":{"FID":517160}},{"type":"Feature","geometry":{"type":"Polygon","coordinates":[[[36.96842699968763,-1.353270287938207],[36.96856521515894,-1.3533193452850425],[36.96860538449363,-1.3532078387686963],[36.96846708711993,-1.3531587828729106],[36.96842699968763,-1.353270287938207]]]},"id":"001b0000000000005b66","properties":{"FID":517928}},{"type":"Feature","geometry":{"type":"Polygon","coordinates":[[[36.970455855228394,-1.3530874607120211],[36.97050045023235,-1.3531008355485152],[36.97051832101674,-1.353042841133245],[36.97047815273377,-1.3530295061851498],[36.970455855228394,-1.3530874607120211]]]},"id":"001b000000000000408b","properties":{"FID":518440}},{"type":"Feature","geometry":{"type":"Polygon","coordinates":[[[36.9607261158161,-1.353181075832983],[36.960748416290265,-1.3532702591454193],[36.960895582851826,-1.3532346228916843],[36.96087328242255,-1.3531409934800298],[36.9607261158161,-1.353181075832983]]]},"id":"001b0000000000005ddb","properties":{"FID":517929}},{"type":"Feature","geometry":{"type":"Polygon","coordinates":[[[36.97213700246598,-1.3530383805040296],[36.97214142907527,-1.3531052838578492],[36.972177087862605,-1.3531053021874864],[36.972177087862605,-1.3531677200335313],[36.97225291396174,-1.3531632900675896],[36.97224840538507,-1.3530339704949166],[36.97213700246598,-1.3530383805040296]]]},"id":"001b0000000000005088","properties":{"FID":518441}},{"type":"Feature","geometry":{"type":"Polygon","coordinates":[[[36.95470637881249,-1.3471167060101061],[36.95476877606754,-1.3472237273428178],[36.95485798519123,-1.3471702215960637],[36.95479107835865,-1.3470632209693154],[36.95470637881249,-1.3471167060101061]]]},"id":"001b0000000000005f08","properties":{"FID":514090}},{"type":"Feature","geometry":{"type":"Polygon","coordinates":[[[36.97146366288345,-1.3478212472053628],[36.97156170492286,-1.3478435742841208],[36.97159744596806,-1.3476964327794516],[36.97149489535344,-1.347674126161596],[36.97146366288345,-1.3478212472053628]]]},"id":"001b0000000000005d73","properties":{"FID":517162}},{"type":"Feature","geometry":{"type":"Polygon","coordinates":[[[36.97626166625253,-1.3412529945620342],[36.97630174938551,-1.3412708343890083],[36.97630174938552,-1.3412752783280641],[36.97637757120265,-1.341302028114922],[36.97640880157145,-1.3412083923245162],[36.97629281470134,-1.3411683073380258],[36.97626166625253,-1.3412529945620342]]]},"id":"001b00000000000035cc","properties":{"FID":517418}},{"type":"Feature","geometry":{"type":"Polygon","coordinates":[[[36.96547506141608,-1.353176616955019],[36.965537531462566,-1.3532480080093052],[36.9656088554661,-1.3531855623968227],[36.96554638548058,-1.353114230772027],[36.96547506141608,-1.353176616955019]]]},"id":"001b0000000000005aab","properties":{"FID":517930}},{"type":"Feature","geometry":{"type":"Polygon","coordinates":[[[36.97038453595592,-1.3529715367186692],[36.97052274772412,-1.3530384352313893],[36.97054504520908,-1.3529982640006974],[36.970406833483075,-1.3529313655174489],[36.97038453595592,-1.3529715367186692]]]},"id":"001b0000000000002387","properties":{"FID":518442}},{"type":"Feature","geometry":{"type":"Polygon","coordinates":[[[36.956110919116185,-1.3533728630337425],[36.956177824741275,-1.3534977222052957],[36.95627596927908,-1.353444160248169],[36.95620463616944,-1.3533237673829999],[36.956110919116185,-1.3533728630337425]]]},"id":"001b0000000000005126","properties":{"FID":515627}},{"type":"Feature","geometry":{"type":"Polygon","coordinates":[[[36.97877210663825,-1.3477588306543815],[36.97886128646389,-1.3477989720599053],[36.978910302534885,-1.3476919662664866],[36.978821122769126,-1.3476518248940614],[36.97877210663825,-1.3477588306543815]]]},"id":"001b0000000000004e1a","properties":{"FID":517163}},{"type":"Feature","geometry":{"type":"Polygon","coordinates":[[[36.97367531501988,-1.3412396026692741],[36.97378679756527,-1.3412708211590503],[36.973809094053934,-1.341190553549242],[36.973697611542576,-1.341163838355155],[36.97367531501988,-1.3412396026692741]]]},"id":"001b0000000000004e9a","properties":{"FID":517419}},{"type":"Feature","geometry":{"type":"Polygon","coordinates":[[[36.961818585093035,-1.3532568780226353],[36.96195238583646,-1.3534486566283024],[36.96214857729253,-1.353314863924994],[36.96209504077109,-1.3532345960955796],[36.961974685936546,-1.3533148707987286],[36.96195238583646,-1.353279222270976],[36.96210848639424,-1.3531721684593294],[36.962054949843456,-1.3530964063880357],[36.961818585093035,-1.3532568780226353]]]},"id":"001b0000000000006342","properties":{"FID":517931}},{"type":"Feature","geometry":{"type":"Polygon","coordinates":[[[36.970201728767194,-1.3531186514872287],[36.97029091905812,-1.3531587979857929],[36.97037117383162,-1.352967091240108],[36.970281983638664,-1.3529313905912927],[36.970201728767194,-1.3531186514872287]]]},"id":"001b00000000000060c4","properties":{"FID":518443}},{"type":"Feature","geometry":{"type":"Polygon","coordinates":[[[36.97840202559136,-1.347754360334532],[36.978473337035325,-1.3477855734238198],[36.97852686155614,-1.3476741019681404],[36.97845555016445,-1.3476384442561078],[36.97840202559136,-1.347754360334532]]]},"id":"001b0000000000005bae","properties":{"FID":517164}},{"type":"Feature","geometry":{"type":"Polygon","coordinates":[[[36.97588706413032,-1.3412129032878048],[36.97596288637799,-1.3412529851084498],[36.97599411692414,-1.341195019046],[36.9759182947089,-1.341150434057859],[36.97588706413032,-1.3412129032878048]]]},"id":"001b00000000000046ea","properties":{"FID":517420}},{"type":"Feature","geometry":{"type":"Polygon","coordinates":[[[36.95920556817616,-1.353109732610141],[36.959232296505434,-1.3532078503071436],[36.959317072798065,-1.353185534945007],[36.959290262511125,-1.3530874781529283],[36.95920556817616,-1.353109732610141]]]},"id":"001b00000000000054a4","properties":{"FID":517932}},{"type":"Feature","geometry":{"type":"Polygon","coordinates":[[[36.97198977656684,-1.352953683081979],[36.97202551740261,-1.3529625914280468],[36.97203437063444,-1.3529090857420287],[36.97199871177742,-1.3529046216254783],[36.97198977656684,-1.352953683081979]]]},"id":"001b00000000000010c6","properties":{"FID":518444}},{"type":"Feature","geometry":{"type":"Polygon","coordinates":[[[36.97874087728019,-1.3476339854980375],[36.97879882781067,-1.3476473601453907],[36.97880776218822,-1.3476072003324169],[36.97874981166483,-1.3475938256732887],[36.97874087728019,-1.3476339854980375]]]},"id":"001b0000000000003339","properties":{"FID":517165}},{"type":"Feature","geometry":{"type":"Polygon","coordinates":[[[36.97727382010073,-1.3411861013050976],[36.9773898054127,-1.3412262449716017],[36.9774075925432,-1.3411772267912605],[36.97729168922793,-1.3411370816769563],[36.97727382010073,-1.3411861013050976]]]},"id":"001b0000000000004a6f","properties":{"FID":517421}},{"type":"Feature","geometry":{"type":"Polygon","coordinates":[[[36.96437813772594,-1.353118684537876],[36.96443167257517,-1.3531811058796355],[36.96449406153068,-1.3531231459743165],[36.964440526727145,-1.3530607247505833],[36.96437813772594,-1.353118684537876]]]},"id":"001b00000000000029d2","properties":{"FID":517933}},{"type":"Feature","geometry":{"type":"Polygon","coordinates":[[[36.97598067385604,-1.3529492091765813],[36.97602977383059,-1.353033926900108],[36.9761323180783,-1.352975972826425],[36.97608330014252,-1.352891253866809],[36.97598067385604,-1.3529492091765813]]]},"id":"001b0000000000005e13","properties":{"FID":518445}},{"type":"Feature","geometry":{"type":"Polygon","coordinates":[[[36.97131200896799,-1.3477187318477093],[36.97145030095652,-1.3477677281348466],[36.97148596008123,-1.3476652164273475],[36.971419068467476,-1.3476428712825224],[36.97143685705211,-1.3475982838529543],[36.97136111208103,-1.347571531797749],[36.97131200896799,-1.3477187318477093]]]},"id":"001b00000000000062b5","properties":{"FID":517166}},{"type":"Feature","geometry":{"type":"Polygon","coordinates":[[[36.978575877851654,-1.3411638126866077],[36.97862046789791,-1.3411861348024867],[36.97863833669558,-1.3411504473656035],[36.97859374666023,-1.3411281252585407],[36.978575877851654,-1.3411638126866077]]]},"id":"001b000000000000493f","properties":{"FID":517422}},{"type":"Feature","geometry":{"type":"Polygon","coordinates":[[[36.96483740479016,-1.3531587801737763],[36.96489536635129,-1.353225687222578],[36.964913238506554,-1.3532078815411708],[36.96495332786646,-1.3532524604972749],[36.96502473442236,-1.353185566859478],[36.96490872947697,-1.3530562599693163],[36.964850767926436,-1.3531053078037676],[36.9648686400926,-1.3531275765753985],[36.96483740479016,-1.3531587801737763]]]},"id":"001b00000000000050db","properties":{"FID":517934}},{"type":"Feature","geometry":{"type":"Polygon","coordinates":[[[36.976707579621625,-1.3529403211260778],[36.97676995809458,-1.3529849115980352],[36.976805614622215,-1.3529269614354136],[36.97674766250985,-1.3528867970515444],[36.976707579621625,-1.3529403211260778]]]},"id":"001b0000000000004f69","properties":{"FID":518446}},{"type":"Feature","geometry":{"type":"Polygon","coordinates":[[[36.95419801548683,-1.3468892900295835],[36.95427377824524,-1.3469918664389018],[36.95434511323823,-1.346933875439329],[36.95427377824524,-1.3468357854282942],[36.95419801548683,-1.3468892900295835]]]},"id":"001b0000000000005f06","properties":{"FID":514095}},{"type":"Feature","geometry":{"type":"Polygon","coordinates":[[[36.97855358281831,-1.3476384273038375],[36.97869628730745,-1.347709800411701],[36.97874538545606,-1.3476072379114175],[36.97860268106287,-1.3475358648821012],[36.97855358281831,-1.3476384273038375]]]},"id":"001b0000000000005681","properties":{"FID":517167}},{"type":"Feature","geometry":{"type":"Polygon","coordinates":[[[36.97569533595498,-1.341253017902292],[36.97576222365263,-1.3412708596454628],[36.975797880672296,-1.341128143284648],[36.97572656661555,-1.3411147641796457],[36.97569533595498,-1.341253017902292]]]},"id":"001b0000000000005c85","properties":{"FID":517423}},{"type":"Feature","geometry":{"type":"Polygon","coordinates":[[[36.96811039837591,-1.353136489234129],[36.96820852689395,-1.3531722100180275],[36.96822188941379,-1.3531365236118584],[36.96825312326963,-1.3531498992076414],[36.96827542144725,-1.353096388907809],[36.968150567960635,-1.3530428850490668],[36.96811039837591,-1.353136489234129]]]},"id":"001b000000000000612e","properties":{"FID":517935}},{"type":"Feature","geometry":{"type":"Polygon","coordinates":[[[36.97108903615299,-1.3528511352283379],[36.97109354480121,-1.3529715052243014],[36.97120052264556,-1.3529670554367248],[36.97119166931265,-1.352846644259905],[36.97108903615299,-1.3528511352283379]]]},"id":"001b0000000000002a98","properties":{"FID":518447}},{"type":"Feature","geometry":{"type":"Polygon","coordinates":[[[36.971262987797175,-1.3475715496798264],[36.97133430621206,-1.3476027658931171],[36.9713476681602,-1.347571532663692],[36.971276349758355,-1.3475403164567419],[36.971262987797175,-1.3475715496798264]]]},"id":"001b0000000000002f84","properties":{"FID":517168}},{"type":"Feature","geometry":{"type":"Polygon","coordinates":[[[36.978803335982974,-1.3411727217316982],[36.978910302534885,-1.3412307392769085],[36.97895940053959,-1.3411415318520352],[36.97885235209288,-1.3410880188435264],[36.978803335982974,-1.3411727217316982]]]},"id":"001b0000000000004fcc","properties":{"FID":517424}},{"type":"Feature","geometry":{"type":"Polygon","coordinates":[[[36.95834049970354,-1.3531409875828107],[36.95837616522529,-1.3532078814720725],[36.958536700852605,-1.3531142029084926],[36.958483161686125,-1.3530250387043565],[36.958358373461444,-1.3530963830772835],[36.95837173778215,-1.3531231210395644],[36.95834049970354,-1.3531409875828107]]]},"id":"001b0000000000005c57","properties":{"FID":517936}},{"type":"Feature","geometry":{"type":"Polygon","coordinates":[[[36.97205666765802,-1.3529269465333384],[36.97211019688171,-1.3529269437841869],[36.97210577027052,-1.352958142300868],[36.97222610842002,-1.3529625835723482],[36.97223061699806,-1.3528422329385088],[36.97206117624652,-1.352837774814017],[36.97205666765802,-1.3529269465333384]]]},"id":"001b00000000000055ac","properties":{"FID":518448}},{"type":"Feature","geometry":{"type":"Polygon","coordinates":[[[36.97785800714553,-1.3475760116928173],[36.97789366314187,-1.3475983150004187],[36.97793382734678,-1.3475180148195745],[36.97789808940227,-1.3475002169142305],[36.97785800714553,-1.3475760116928173]]]},"id":"001b0000000000003aa3","properties":{"FID":517169}},{"type":"Feature","geometry":{"type":"Polygon","coordinates":[[[36.977715301018065,-1.3411504750275052],[36.97782235113178,-1.3411772073315193],[36.977835711893,-1.3411103143911252],[36.97773317003725,-1.3410835618830692],[36.977715301018065,-1.3411504750275052]]]},"id":"001b0000000000005576","properties":{"FID":517425}},{"type":"Feature","geometry":{"type":"Polygon","coordinates":[[[36.96206831348844,-1.3531097449527378],[36.962121850029455,-1.3531721681782654],[36.962233268218036,-1.3530829825356079],[36.962184240956574,-1.3530205979703684],[36.96206831348844,-1.3531097449527378]]]},"id":"001b0000000000005d5b","properties":{"FID":517937}},{"type":"Feature","geometry":{"type":"Polygon","coordinates":[[[36.97132987955385,-1.3529002047957959],[36.971459154258085,-1.3529046653133485],[36.971463662883444,-1.352793145870099],[36.971419068467476,-1.3527931675838964],[36.971419068467476,-1.352757483343855],[36.97135217679246,-1.3527574862440654],[36.9713476681602,-1.3528288163752384],[36.97132987955385,-1.3528288360490281],[36.97132987955385,-1.3529002047957959]]]},"id":"001b0000000000005880","properties":{"FID":518449}},{"type":"Feature","geometry":{"type":"Polygon","coordinates":[[[36.977742022577225,-1.3475581527522489],[36.97785349891486,-1.347580476911192],[36.97787579416197,-1.347473469515371],[36.97776431785837,-1.3474511452838656],[36.977742022577225,-1.3475581527522489]]]},"id":"001b0000000000005bcb","properties":{"FID":517170}},{"type":"Feature","geometry":{"type":"Polygon","coordinates":[[[36.96063691385138,-1.353109740151183],[36.96068602413771,-1.3531944750281375],[36.960824254248955,-1.3531097321563197],[36.9607751440555,-1.3530250568735775],[36.96063691385138,-1.353109740151183]]]},"id":"001b0000000000005da9","properties":{"FID":517938}},{"type":"Feature","geometry":{"type":"Polygon","coordinates":[[[36.9765782322372,-1.352788689363348],[36.976604954212455,-1.3528109750784398],[36.97664954546227,-1.3527619350540874],[36.976622823503334,-1.3527396493677644],[36.9765782322372,-1.352788689363348]]]},"id":"001b00000000000046db","properties":{"FID":518450}},{"type":"Feature","geometry":{"type":"Polygon","coordinates":[[[36.95446556262595,-1.3467153795825526],[36.954510167386324,-1.3467733952142364],[36.95451902273992,-1.3467689113590704],[36.95455026245101,-1.346809024083792],[36.95459043948765,-1.3467778447936272],[36.954536897431886,-1.346710917627633],[36.954550262451015,-1.3467020267665955],[36.95452353241033,-1.3466707854163238],[36.95446556262595,-1.3467153795825526]]]},"id":"001b0000000000000fec","properties":{"FID":514099}},{"type":"Feature","geometry":{"type":"Polygon","coordinates":[[[36.9700010502145,-1.3474690055465461],[36.97009466748374,-1.3475091327932311],[36.97013483597755,-1.3474065404740958],[36.970041218759775,-1.347366413249652],[36.9700010502145,-1.3474690055465461]]]},"id":"001b00000000000052eb","properties":{"FID":517171}},{"type":"Feature","geometry":{"type":"Polygon","coordinates":[[[36.97761275899322,-1.3410835501462317],[36.97768857944912,-1.3411281340784837],[36.977715301018065,-1.3410835804300596],[36.97763505431382,-1.3410389560033908],[36.97761275899322,-1.3410835501462317]]]},"id":"001b000000000000196e","properties":{"FID":517427}},{"type":"Feature","geometry":{"type":"Polygon","coordinates":[[[36.958010572305156,-1.353047305655378],[36.95805509291325,-1.3530963749663636],[36.958104204933825,-1.3530562548887688],[36.95806402982763,-1.3530027212619575],[36.958010572305156,-1.353047305655378]]]},"id":"001b0000000000004346","properties":{"FID":517939}},{"type":"Feature","geometry":{"type":"Polygon","coordinates":[[[36.97186050280164,-1.3528823593145833],[36.97202100881189,-1.35288679831974],[36.9720255174026,-1.3527574970206755],[36.97192739401119,-1.3527530164048502],[36.97192739401118,-1.3527441250468464],[36.97186492942769,-1.3527396629054784],[36.97186050280164,-1.3528823593145833]]]},"id":"001b0000000000005b0c","properties":{"FID":518451}},{"type":"Feature","geometry":{"type":"Polygon","coordinates":[[[36.95686901530008,-1.3533282694408137],[36.9569582218618,-1.353444193559104],[36.95703840928487,-1.3533817615959876],[36.95695371234152,-1.353265816922935],[36.95686901530008,-1.3533282694408137]]]},"id":"001b000000000000611b","properties":{"FID":515636}},{"type":"Feature","geometry":{"type":"Polygon","coordinates":[[[36.978571451632334,-1.3410701562953322],[36.97865620548887,-1.3411013693746265],[36.978673992310874,-1.3410479083935374],[36.978589320442,-1.3410166938699648],[36.978571451632334,-1.3410701562953322]]]},"id":"001b0000000000005267","properties":{"FID":517428}},{"type":"Feature","geometry":{"type":"Polygon","coordinates":[[[36.963918867775746,-1.353038394993783],[36.96395895768107,-1.3531320601386376],[36.964066027954395,-1.353078523066681],[36.96402142902347,-1.3529893844258611],[36.963918867775746,-1.353038394993783]]]},"id":"001b00000000000060be","properties":{"FID":517940}},{"type":"Feature","geometry":{"type":"Polygon","coordinates":[[[36.974388800370036,-1.3527441371754685],[36.9744289665026,-1.3527574714009714],[36.97444232788465,-1.3527084516425227],[36.97440216175944,-1.352695058140151],[36.974388800370036,-1.3527441371754685]]]},"id":"001b000000000000459d","properties":{"FID":518452}},{"type":"Feature","geometry":{"type":"Polygon","coordinates":[[[36.95624473030515,-1.3533014741675802],[36.95628933398039,-1.3534174208180973],[36.956387396376634,-1.353381765711402],[36.9563427927612,-1.3532658193078815],[36.95624473030515,-1.3533014741675802]]]},"id":"001b0000000000004f23","properties":{"FID":515637}},{"type":"Feature","geometry":{"type":"Polygon","coordinates":[[[36.977131194800215,-1.3473173958738183],[36.97721144205818,-1.3473441252241496],[36.97722922923211,-1.3472817034968572],[36.977148981993714,-1.3472549741391535],[36.977131194800215,-1.3473173958738183]]]},"id":"001b0000000000000824","properties":{"FID":517173}},{"type":"Feature","geometry":{"type":"Polygon","coordinates":[[[36.97735414917033,-1.3411370478053035],[36.97744333072777,-1.3411683019374436],[36.977487921465645,-1.3410478878601813],[36.97740316625306,-1.3410122304077154],[36.97735414917033,-1.3411370478053035]]]},"id":"001b0000000000005e3a","properties":{"FID":517429}},{"type":"Feature","geometry":{"type":"Polygon","coordinates":[[[36.9629422741692,-1.3530607239951535],[36.962995810070126,-1.3531498831100468],[36.963129608658704,-1.3530651620586513],[36.963076072855785,-1.3529760032626303],[36.9629422741692,-1.3530607239951535]]]},"id":"001b0000000000005ca2","properties":{"FID":517941}},{"type":"Feature","geometry":{"type":"Polygon","coordinates":[[[36.97678331904836,-1.3528466880301118],[36.97685914036548,-1.3529314039534253],[36.97696619173432,-1.3528421934716366],[36.976926026997184,-1.3527976233506955],[36.976992913567614,-1.35273965219649],[36.976957257131446,-1.352695061336625],[36.97678331904836,-1.3528466880301118]]]},"id":"001b0000000000005fbf","properties":{"FID":518453}},{"type":"Feature","geometry":{"type":"Polygon","coordinates":[[[36.97733185376396,-1.3472683310933165],[36.97738087086165,-1.3472816864936343],[36.977389805412706,-1.3472460303602058],[36.97734070635259,-1.3472326764042366],[36.97733185376396,-1.3472683310933165]]]},"id":"001b000000000000246c","properties":{"FID":517174}},{"type":"Feature","geometry":{"type":"Polygon","coordinates":[[[36.97359506387637,-1.3411370842149266],[36.973693185027585,-1.3411816333656832],[36.97371990805845,-1.3411102945569928],[36.97378679756527,-1.3411415283123798],[36.97383139053578,-1.341043447632329],[36.97371990805845,-1.340994393603418],[36.97368425002428,-1.3410791031860085],[36.97363080392665,-1.3410568169853478],[36.97359506387637,-1.3411370842149266]]]},"id":"001b000000000000618d","properties":{"FID":517430}},{"type":"Feature","geometry":{"type":"Polygon","coordinates":[[[36.96336588718576,-1.3530160875950752],[36.963410486516686,-1.3531142380169885],[36.963490748846986,-1.3530785467246123],[36.96344614956503,-1.3529760095851222],[36.96336588718576,-1.3530160875950752]]]},"id":"001b0000000000002285","properties":{"FID":517942}},{"type":"Feature","geometry":{"type":"Polygon","coordinates":[[[36.97157957544764,-1.3527574769545057],[36.97158400209072,-1.3527886960465871],[36.97161523450926,-1.3528734394446795],[36.971619743125004,-1.3528689728993155],[36.97174901731628,-1.3528243528731598],[36.97176688779523,-1.3528243910152993],[36.971775741058416,-1.352851145013464],[36.971856076175314,-1.3528199018395357],[36.971851567574156,-1.3527396631951885],[36.97183820571817,-1.3526950881339508],[36.971713358319974,-1.3526994993558028],[36.97171778495494,-1.352735164033806],[36.97164204027514,-1.3527352056655029],[36.97157957544764,-1.3527574769545057]]]},"id":"001b0000000000005c25","properties":{"FID":518454}},{"type":"Feature","geometry":{"type":"Polygon","coordinates":[[[36.956797682768936,-1.3532613554603006],[36.956819984441324,-1.3533015122464132],[36.95686007823964,-1.3532836658066003],[36.956842286106905,-1.3532390416524864],[36.956797682768936,-1.3532613554603006]]]},"id":"001b0000000000000c92","properties":{"FID":515639}},{"type":"Feature","geometry":{"type":"Polygon","coordinates":[[[36.97117822536065,-1.3473753347107784],[36.97125856113464,-1.3474065691885553],[36.97127634975836,-1.3473575370186692],[36.9713476681602,-1.3473887532227296],[36.971396771249275,-1.347277233349121],[36.971276349758355,-1.3472282170089274],[36.971249625833536,-1.347295068557299],[36.97121839325869,-1.3472816935147003],[36.97117822536065,-1.3473753347107784]]]},"id":"001b0000000000005dc6","properties":{"FID":517175}},{"type":"Feature","geometry":{"type":"Polygon","coordinates":[[[36.975766650042225,-1.3411103251387793],[36.97590042524562,-1.3411593404925395],[36.97594059054685,-1.3410389428724023],[36.97581124180392,-1.3409899087993296],[36.975766650042225,-1.3411103251387793]]]},"id":"001b000000000000224f","properties":{"FID":517431}},{"type":"Feature","geometry":{"type":"Polygon","coordinates":[[[36.96383409681968,-1.3529804409027275],[36.96386533255091,-1.3530205535925437],[36.96395453057605,-1.3529492532579657],[36.96392329488294,-1.3529090813887044],[36.96383409681968,-1.3529804409027275]]]},"id":"001b0000000000005306","properties":{"FID":517943}},{"type":"Feature","geometry":{"type":"Polygon","coordinates":[[[36.97576665004222,-1.352712897853535],[36.97587370301256,-1.3528600668494013],[36.97594501692563,-1.3528065208891817],[36.97584247241492,-1.3526593906299482],[36.97576665004222,-1.352712897853535]]]},"id":"001b0000000000005a2b","properties":{"FID":518455}},{"type":"Feature","geometry":{"type":"Polygon","coordinates":[[[36.976466753952735,-1.3474288358820494],[36.9765782322372,-1.3474689987672586],[36.976591593226054,-1.3474333229780842],[36.97654700194085,-1.3474155036475546],[36.97655151025217,-1.3474020896790024],[36.976591593226054,-1.3474154848182216],[36.9766584801028,-1.3472415499644668],[36.976551510252165,-1.3472014258161706],[36.976466753952735,-1.3474288358820494]]]},"id":"001b0000000000005dec","properties":{"FID":517176}},{"type":"Feature","geometry":{"type":"Polygon","coordinates":[[[36.97886571266563,-1.3410657423585772],[36.97895940053959,-1.3411147507240204],[36.97900841654473,-1.3410211606673519],[36.97891923689881,-1.3409720729407457],[36.97886571266563,-1.3410657423585772]]]},"id":"001b0000000000005dda","properties":{"FID":517432}},{"type":"Feature","geometry":{"type":"Polygon","coordinates":[[[36.95846979738579,-1.352993795089469],[36.95853227341918,-1.3530919306012876],[36.95867493502761,-1.353002720243374],[36.95861254110553,-1.352904642929483],[36.95846979738579,-1.352993795089469]]]},"id":"001b0000000000005d9d","properties":{"FID":517944}},{"type":"Feature","geometry":{"type":"Polygon","coordinates":[[[36.975374257759405,-1.3527262715874606],[36.97541884976069,-1.3527307545557914],[36.97542335814166,-1.3526772101743627],[36.97537876614313,-1.3526727864563541],[36.975374257759405,-1.3527262715874606]]]},"id":"001b000000000000004d","properties":{"FID":518456}},{"type":"Feature","geometry":{"type":"Polygon","coordinates":[[[36.954407592795626,-1.346612845182677],[36.9544566252718,-1.346670841757847],[36.954541325107215,-1.346603901619736],[36.954492292687824,-1.3465415186118488],[36.954407592795626,-1.346612845182677]]]},"id":"001b0000000000004dc7","properties":{"FID":514105}},{"type":"Feature","geometry":{"type":"Polygon","coordinates":[[[36.975280647256376,-1.3410479016366168],[36.97539212735143,-1.3411058425292515],[36.97544114575112,-1.3410121891482425],[36.97533417411738,-1.3409542281642377],[36.975280647256376,-1.3410479016366168]]]},"id":"001b00000000000059e6","properties":{"FID":517433}},{"type":"Feature","geometry":{"type":"Polygon","coordinates":[[[36.96890853929088,-1.3530027419686537],[36.96897994198196,-1.3530339578418091],[36.9689977311605,-1.3529938066914893],[36.968993304360716,-1.3529893801932213],[36.96902896468469,-1.3529090766391787],[36.96896657960076,-1.3528778784142494],[36.96890853929088,-1.3530027419686537]]]},"id":"001b0000000000003517","properties":{"FID":517945}},{"type":"Feature","geometry":{"type":"Polygon","coordinates":[[[36.9746117631126,-1.3527887207257823],[36.97467865180265,-1.3528957069208425],[36.97484808648236,-1.3527842251462077],[36.974754475304906,-1.3526415574304254],[36.9746384858074,-1.3527173545459759],[36.97466529046382,-1.3527530352089685],[36.9746117631126,-1.3527887207257823]]]},"id":"001b00000000000062bd","properties":{"FID":518457}},{"type":"Feature","geometry":{"type":"Polygon","coordinates":[[[36.97854022218845,-1.3472192699085073],[36.97865169730749,-1.3472683208232348],[36.978673992310874,-1.3472103836839098],[36.978562517225875,-1.347165777366169],[36.97854022218845,-1.3472192699085073]]]},"id":"001b0000000000003ee9","properties":{"FID":517178}},{"type":"Feature","geometry":{"type":"Polygon","coordinates":[[[36.975004159492144,-1.3410523572362396],[36.97509777034957,-1.3411058728908956],[36.97515580574208,-1.3410077348803342],[36.97506211298808,-1.3409542207501917],[36.975004159492144,-1.3410523572362396]]]},"id":"001b000000000000600d","properties":{"FID":517434}},{"type":"Feature","geometry":{"type":"Polygon","coordinates":[[[36.96475714393867,-1.3528867996750102],[36.964850767926436,-1.3530116429634318],[36.964873067142264,-1.3529893719601098],[36.964779443183055,-1.3528689748581042],[36.96475714393867,-1.3528867996750102]]]},"id":"001b00000000000058cd","properties":{"FID":517946}},{"type":"Feature","geometry":{"type":"Polygon","coordinates":[[[36.97671643228595,-1.3527039638001161],[36.97677889272039,-1.3527976300175086],[36.97689037052835,-1.3527217960619207],[36.97682791018926,-1.3526281894007297],[36.97671643228595,-1.3527039638001161]]]},"id":"001b0000000000006073","properties":{"FID":518458}},{"type":"Feature","geometry":{"type":"Polygon","coordinates":[[[36.956971586438414,-1.3532212114625417],[36.95701618967031,-1.3533193111565296],[36.95703398176074,-1.3533103983542245],[36.957060710883844,-1.3533728279410868],[36.95713655266768,-1.353337152946964],[36.957060710883844,-1.3531766448148936],[36.956971586438414,-1.3532212114625417]]]},"id":"001b0000000000005466","properties":{"FID":515643}},{"type":"Feature","geometry":{"type":"Polygon","coordinates":[[[36.96098478450091,-1.3528600206285288],[36.961015939463,-1.352944777158255],[36.96113186860004,-1.3529001520325146],[36.961100713687365,-1.3528154550060212],[36.96098478450091,-1.3528600206285288]]]},"id":"001b0000000000005bfb","properties":{"FID":517947}},{"type":"Feature","geometry":{"type":"Polygon","coordinates":[[[36.97659159322605,-1.352632625403641],[36.976622823503334,-1.352699522114335],[36.97666741474224,-1.352681659413914],[36.97663618448402,-1.3526103173722313],[36.97659159322605,-1.352632625403641]]]},"id":"001b00000000000047a3","properties":{"FID":518459}},{"type":"Feature","geometry":{"type":"Polygon","coordinates":[[[36.97415690200133,-1.3409810082248084],[36.97419706826143,-1.340989899834012],[36.97421042968591,-1.3409363955526674],[36.97417034540513,-1.3409275024883822],[36.97415690200133,-1.3409810082248084]]]},"id":"001b000000000000382d","properties":{"FID":517436}},{"type":"Feature","geometry":{"type":"Polygon","coordinates":[[[36.961613456271884,-1.3528689518438777],[36.961640265706876,-1.3529046386897923],[36.961720529980965,-1.3528466565125497],[36.96178743047303,-1.3529403219431357],[36.96181415785837,-1.3529180308351945],[36.961720529980965,-1.3527886772842865],[36.961613456271884,-1.3528689518438777]]]},"id":"001b0000000000005f6d","properties":{"FID":517948}},{"type":"Feature","geometry":{"type":"Polygon","coordinates":[[[36.971575148804305,-1.352641552667945],[36.97161523450926,-1.3526415518549735],[36.97161523450926,-1.352588025878953],[36.971575148804305,-1.3525924723430018],[36.971575148804305,-1.352641552667945]]]},"id":"001b000000000000177a","properties":{"FID":518460}},{"type":"Feature","geometry":{"type":"Polygon","coordinates":[[[36.954358560286586,-1.3465370652115425],[36.95441202047877,-1.3465949834845252],[36.954492292687824,-1.3465236759494537],[36.95443883255431,-1.3464656985328294],[36.954358560286586,-1.3465370652115425]]]},"id":"001b0000000000005c65","properties":{"FID":514109}},{"type":"Feature","geometry":{"type":"Polygon","coordinates":[[[36.97728726293078,-1.347201442903457],[36.977389805412706,-1.347241585704243],[36.97741652709098,-1.3471702354438018],[36.97744333072777,-1.3471791244847264],[36.97746111784522,-1.347125651810016],[36.97733628005841,-1.347076599462491],[36.97728726293078,-1.347201442903457]]]},"id":"001b000000000000543e","properties":{"FID":517181}},{"type":"Feature","geometry":{"type":"Polygon","coordinates":[[[36.9771445556879,-1.3410746155608533],[36.9772292292321,-1.3410924991269741],[36.97726496750398,-1.340927506297657],[36.977180212032614,-1.3409096833469036],[36.9771445556879,-1.3410746155608533]]]},"id":"001b0000000000004a70","properties":{"FID":517437}},{"type":"Feature","geometry":{"type":"Polygon","coordinates":[[[36.96120327888928,-1.3528689452650908],[36.96126567060039,-1.352949233987856],[36.96136823557087,-1.352873425895993],[36.961305843947294,-1.352793137399651],[36.96120327888928,-1.3528689452650908]]]},"id":"001b0000000000005ea7","properties":{"FID":517949}},{"type":"Feature","geometry":{"type":"Polygon","coordinates":[[[36.97090180404296,-1.352695067258722],[36.97103558815652,-1.3527485881333254],[36.97108903615299,-1.3526236919617232],[36.97095082545614,-1.352565744760515],[36.97090180404296,-1.352695067258722]]]},"id":"001b00000000000054ab","properties":{"FID":518461}},{"type":"Feature","geometry":{"type":"Polygon","coordinates":[[[36.95599949159737,-1.3532435182678426],[36.95604852300626,-1.3533282599433973],[36.956164460019586,-1.3532568922560293],[36.956097554382275,-1.3531498794963654],[36.9560262210986,-1.3531900396376977],[36.956039585845545,-1.3532167784625733],[36.95599949159737,-1.3532435182678426]]]},"id":"001b0000000000005d8e","properties":{"FID":515646}},{"type":"Feature","geometry":{"type":"Polygon","coordinates":[[[36.9713476681602,-1.3471791270341562],[36.97142800374786,-1.347210361455828],[36.97147702480794,-1.3470855089338336],[36.971396771249275,-1.3470542730715034],[36.9713476681602,-1.3471791270341562]]]},"id":"001b0000000000005476","properties":{"FID":517182}},{"type":"Feature","geometry":{"type":"Polygon","coordinates":[[[36.97401869710907,-1.3409854571335298],[36.97412575264156,-1.341025582360011],[36.974161410460184,-1.3409453174121957],[36.974049928486586,-1.3409007076298705],[36.97401869710907,-1.3409854571335298]]]},"id":"001b00000000000053d5","properties":{"FID":517438}},{"type":"Feature","geometry":{"type":"Polygon","coordinates":[[[36.95955336364806,-1.3528555639659685],[36.95963363021342,-1.3529447854453232],[36.95973619747359,-1.3528600238759696],[36.95965593102084,-1.352766415568657],[36.95955336364806,-1.3528555639659685]]]},"id":"001b0000000000006109","properties":{"FID":517950}},{"type":"Feature","geometry":{"type":"Polygon","coordinates":[[[36.9762215011279,-1.352610335601145],[36.976266092611866,-1.3526638367307415],[36.97635084914418,-1.352592508092324],[36.97630174938551,-1.3525389686478022],[36.9762215011279,-1.352610335601145]]]},"id":"001b000000000000594a","properties":{"FID":518462}},{"type":"Feature","geometry":{"type":"Polygon","coordinates":[[[36.97740316625306,-1.3470944389025337],[36.977452183302894,-1.3471167428605393],[36.97746562610011,-1.3470810664343205],[36.97741652709098,-1.3470632085628966],[36.97740316625306,-1.3470944389025337]]]},"id":"001b0000000000004732","properties":{"FID":517183}},{"type":"Feature","geometry":{"type":"Polygon","coordinates":[[[36.97909759608173,-1.3409141247474798],[36.97921357849677,-1.3409497644532442],[36.979240299507616,-1.3408650406660132],[36.97912439910143,-1.3408293994949807],[36.97909759608173,-1.3409141247474798]]]},"id":"001b0000000000005f09","properties":{"FID":517439}},{"type":"Feature","geometry":{"type":"Polygon","coordinates":[[[36.96437371064629,-1.352806526296577],[36.96439592802474,-1.3528377286856856],[36.96445839899364,-1.3527976118444192],[36.964436099651294,-1.352766410962354],[36.96437371064629,-1.352806526296577]]]},"id":"001b00000000000046ed","properties":{"FID":517951}},{"type":"Feature","geometry":{"type":"Polygon","coordinates":[[[36.97462512446122,-1.3525746834768864],[36.97465635557944,-1.352623740476069],[36.974700948019056,-1.352592481684209],[36.9746697169199,-1.3525434247460897],[36.97462512446122,-1.3525746834768864]]]},"id":"001b0000000000000683","properties":{"FID":518463}},{"type":"Feature","geometry":{"type":"Polygon","coordinates":[[[36.97704643917359,-1.3471300862392748],[36.97709545646289,-1.3471479456495108],[36.977126686524684,-1.3470676855455757],[36.97708209556622,-1.347049866335532],[36.97704643917359,-1.3471300862392748]]]},"id":"001b0000000000002ed2","properties":{"FID":517184}},{"type":"Feature","geometry":{"type":"Polygon","coordinates":[[[36.976368636527745,-1.3408962489291014],[36.97650691894249,-1.340936415236998],[36.97652470628803,-1.340865059124668],[36.976390932228206,-1.3408249318853003],[36.976368636527745,-1.3408962489291014]]]},"id":"001b0000000000004b2b","properties":{"FID":517440}},{"type":"Feature","geometry":{"type":"Polygon","coordinates":[[[36.9607751440555,-1.3528288256409158],[36.960833108837924,-1.3529224730690272],[36.960891073574395,-1.352882315921995],[36.960873282422554,-1.352855598325881],[36.960926819838754,-1.3528243532807187],[36.960886646283555,-1.3527619292749302],[36.9607751440555,-1.3528288256409158]]]},"id":"001b00000000000051cf","properties":{"FID":517952}},{"type":"Feature","geometry":{"type":"Polygon","coordinates":[[[36.976359701851756,-1.3525925286189413],[36.97644003192691,-1.3527173511123833],[36.976569297586856,-1.3526326066503807],[36.976547001940844,-1.3526058562049446],[36.976515771631135,-1.3526237185377754],[36.97645339294105,-1.3525300508833533],[36.976359701851756,-1.3525925286189413]]]},"id":"001b0000000000005bb0","properties":{"FID":518464}},{"type":"Feature","geometry":{"type":"Polygon","coordinates":[[[36.95430059037145,-1.3464612061499477],[36.95434962291936,-1.3465192026425485],[36.95443432287868,-1.346443371202447],[36.9543808627028,-1.3463854531016666],[36.95430059037145,-1.3464612061499477]]]},"id":"001b0000000000002056","properties":{"FID":514113}},{"type":"Feature","geometry":{"type":"Polygon","coordinates":[[[36.956128793419076,-1.3531543641376624],[36.95616003244253,-1.35323461919157],[36.9562268560306,-1.3532078789723911],[36.95623579316842,-1.3532256845672437],[36.95626260457533,-1.3532123427753575],[36.9562268560306,-1.3531186502802417],[36.956128793419076,-1.3531543641376624]]]},"id":"001b0000000000002945","properties":{"FID":515649}},{"type":"Feature","geometry":{"type":"Polygon","coordinates":[[[36.97722480293116,-1.347085505765168],[36.977300623789894,-1.3471166988426007],[36.977322919205804,-1.3470676503075618],[36.97724267207036,-1.3470364762997415],[36.97722480293116,-1.347085505765168]]]},"id":"001b0000000000004e41","properties":{"FID":517185}},{"type":"Feature","geometry":{"type":"Polygon","coordinates":[[[36.97842432067098,-1.340909631909527],[36.97855358281831,-1.340949778073908],[36.97858481225648,-1.340842755398651],[36.97850014028419,-1.3408159845600216],[36.97848669767743,-1.3408517121660124],[36.9784466157438,-1.3408383166542484],[36.97842432067098,-1.340909631909527]]]},"id":"001b0000000000005513","properties":{"FID":517441}},{"type":"Feature","geometry":{"type":"Polygon","coordinates":[[[36.96323217101392,-1.3527797917538316],[36.96330792441168,-1.3528645241437471],[36.963388186854615,-1.3527931454351865],[36.96331243354003,-1.3527084132437768],[36.96323217101392,-1.3527797917538316]]]},"id":"001b0000000000004d47","properties":{"FID":517953}},{"type":"Feature","geometry":{"type":"Polygon","coordinates":[[[36.97139226261977,-1.3526148080186002],[36.971512683919606,-1.3526370904256468],[36.97152604583513,-1.3525345431305478],[36.97140570653239,-1.352516704861171],[36.97139226261977,-1.3526148080186002]]]},"id":"001b0000000000004ca5","properties":{"FID":518465}},{"type":"Feature","geometry":{"type":"Polygon","coordinates":[[[36.95707858495457,-1.353149885085296],[36.957158854236724,-1.353270295235588],[36.957243550942465,-1.353212289659948],[36.95715885423672,-1.3530918991406602],[36.95707858495457,-1.353149885085296]]]},"id":"001b000000000000611e","properties":{"FID":515650}},{"type":"Feature","geometry":{"type":"Polygon","coordinates":[[[36.97689037052835,-1.3470854975382545],[36.976926026997184,-1.3470989117120418],[36.9769438962095,-1.347045378125503],[36.97691266606953,-1.347032004153438],[36.97689037052835,-1.3470854975382545]]]},"id":"001b00000000000020bb","properties":{"FID":517186}},{"type":"Feature","geometry":{"type":"Polygon","coordinates":[[[36.97542778455179,-1.3409408472917745],[36.9755036072763,-1.3409765446137076],[36.975561560375915,-1.3408472422593736],[36.97546795011296,-1.3408071180700833],[36.97542778455179,-1.3408918454296428],[36.975445654130716,-1.3409007148266616],[36.97542778455179,-1.3409408472917745]]]},"id":"001b00000000000058ab","properties":{"FID":517442}},{"type":"Feature","geometry":{"type":"Polygon","coordinates":[[[36.957961460221696,-1.3527708360352375],[36.957992698462235,-1.3528466419773817],[36.958104204933825,-1.3528020942675878],[36.95807296674092,-1.3527262885154767],[36.957961460221696,-1.3527708360352375]]]},"id":"001b0000000000003e76","properties":{"FID":517954}},{"type":"Feature","geometry":{"type":"Polygon","coordinates":[[[36.971619743125004,-1.3525657174171428],[36.97165089355345,-1.3525746481588576],[36.97166876405642,-1.3525077642585084],[36.971637531660775,-1.352498834966519],[36.971619743125004,-1.3525657174171428]]]},"id":"001b0000000000004438","properties":{"FID":518466}},{"type":"Feature","geometry":{"type":"Polygon","coordinates":[[[36.95790800262424,-1.3531097778121774],[36.95792579449767,-1.3531677407667586],[36.95801057230515,-1.353140978665703],[36.95799269846224,-1.3530830172697075],[36.95790800262424,-1.3531097778121774]]]},"id":"001b0000000000004ea1","properties":{"FID":515651}},{"type":"Feature","geometry":{"type":"Polygon","coordinates":[[[36.97773317003724,-1.3470453975117553],[36.97782235113178,-1.3470854802022914],[36.9778401381569,-1.3470498456252542],[36.97775095708409,-1.3470097036850868],[36.97773317003724,-1.3470453975117553]]]},"id":"001b00000000000039eb","properties":{"FID":517187}},{"type":"Feature","geometry":{"type":"Polygon","coordinates":[[[36.97594059054685,-1.3408828724505184],[36.976038708546945,-1.3409096444929614],[36.97606100434814,-1.3408293800826798],[36.97596731275543,-1.3407982046613147],[36.97594059054685,-1.3408828724505184]]]},"id":"001b00000000000029d1","properties":{"FID":517443}},{"type":"Feature","geometry":{"type":"Polygon","coordinates":[[[36.96446733512525,-1.352735207727066],[36.96448963445806,-1.3527664085766682],[36.96452972405032,-1.352735166659572],[36.96450742472973,-1.3527039658460625],[36.96446733512525,-1.352735207727066]]]},"id":"001b0000000000003358","properties":{"FID":517955}},{"type":"Feature","geometry":{"type":"Polygon","coordinates":[[[36.97470537447297,-1.3524720783062527],[36.974745540431435,-1.3525523912359119],[36.974937271100224,-1.3524542666465174],[36.974897187218346,-1.3523740119136984],[36.97470537447297,-1.3524720783062527]]]},"id":"001b0000000000005dfc","properties":{"FID":518467}},{"type":"Feature","geometry":{"type":"Polygon","coordinates":[[[36.97742103534862,-1.3470587434182446],[36.977474478672534,-1.3470810283044816],[36.977496774035366,-1.3470319799358388],[36.97744333072777,-1.3470052504334178],[36.97742103534862,-1.3470587434182446]]]},"id":"001b0000000000004733","properties":{"FID":517188}},{"type":"Feature","geometry":{"type":"Polygon","coordinates":[[[36.9752538428258,-1.3408918279641742],[36.97535196174856,-1.3409408792665671],[36.975409914968495,-1.3408294118043578],[36.975347535333825,-1.3407937146987197],[36.97532523931482,-1.3408338657697876],[36.97529400848263,-1.3408159882939439],[36.9752538428258,-1.3408918279641742]]]},"id":"001b0000000000003745","properties":{"FID":517444}},{"type":"Feature","geometry":{"type":"Polygon","coordinates":[[[36.960891073574395,-1.352744124740185],[36.960926819838754,-1.3528288588702513],[36.961038239848754,-1.3527842548226292],[36.96100257562563,-1.3526995194486104],[36.960891073574395,-1.352744124740185]]]},"id":"001b0000000000005cd3","properties":{"FID":517956}},{"type":"Feature","geometry":{"type":"Polygon","coordinates":[[[36.973791306046984,-1.3524007689546418],[36.97382253752175,-1.35241414350406],[36.973835899014745,-1.3523695694492295],[36.97380466754569,-1.3523606404252513],[36.973791306046984,-1.3524007689546418]]]},"id":"001b0000000000002c10","properties":{"FID":518468}},{"type":"Feature","geometry":{"type":"Polygon","coordinates":[[[36.9761055959301,-1.340860590736677],[36.976212566433915,-1.3409052193818576],[36.97626166625254,-1.340780340518611],[36.97615461385091,-1.3407357725946154],[36.9761055959301,-1.340860590736677]]]},"id":"001b0000000000001019","properties":{"FID":517445}},{"type":"Feature","geometry":{"type":"Polygon","coordinates":[[[36.964302303454325,-1.3527307287781498],[36.964364774503245,-1.3528065071803932],[36.964436099651294,-1.352748567281527],[36.96440937322466,-1.3527128803939026],[36.964391500946185,-1.3527217936164895],[36.964360265439815,-1.3526861275308557],[36.964302303454325,-1.3527307287781498]]]},"id":"001b0000000000004b02","properties":{"FID":517957}},{"type":"Feature","geometry":{"type":"Polygon","coordinates":[[[36.97454930082468,-1.352258089196508],[36.97459840176155,-1.3523739848278968],[36.97465192912256,-1.3523516957132224],[36.97460282822168,-1.3522358002235537],[36.97454930082468,-1.352258089196508]]]},"id":"001b0000000000005923","properties":{"FID":518469}},{"type":"Feature","geometry":{"type":"Polygon","coordinates":[[[36.97586476827602,-1.3471122389806174],[36.975936082197805,-1.347152401884057],[36.976007478019866,-1.347032020156292],[36.975931655818485,-1.3469918778320096],[36.97586476827602,-1.3471122389806174]]]},"id":"001b0000000000006031","properties":{"FID":517190}},{"type":"Feature","geometry":{"type":"Polygon","coordinates":[[[36.97598067385604,-1.3407892593073896],[36.97602083911314,-1.3407981507137772],[36.97602977383059,-1.340749110570709],[36.97599411692414,-1.3407446428932195],[36.97598067385604,-1.3407892593073896]]]},"id":"001b00000000000002a9","properties":{"FID":517446}},{"type":"Feature","geometry":{"type":"Polygon","coordinates":[[[36.96198362237181,-1.3527529994988508],[36.962041586196015,-1.352828860326849],[36.962179813744044,-1.3527218299307204],[36.962121850029455,-1.352646028682361],[36.96198362237181,-1.3527529994988508]]]},"id":"001b0000000000005d48","properties":{"FID":517958}},{"type":"Feature","geometry":{"type":"Polygon","coordinates":[[[36.969711180220784,-1.3522937518543874],[36.96978700887942,-1.3523160565381789],[36.96980930658893,-1.352222418653712],[36.96973347795344,-1.352204559679732],[36.969711180220784,-1.3522937518543874]]]},"id":"001b0000000000005b8a","properties":{"FID":518470}},{"type":"Feature","geometry":{"type":"Polygon","coordinates":[[[36.974700948019056,-1.340784778508015],[36.97476341017728,-1.3408070833346282],[36.974772263077284,-1.3407803228990278],[36.97481242899896,-1.3407981616461104],[36.97483915162033,-1.340731268707052],[36.97473660555687,-1.3406911829491706],[36.974700948019056,-1.340784778508015]]]},"id":"001b00000000000055e4","properties":{"FID":517447}},{"type":"Feature","geometry":{"type":"Polygon","coordinates":[[[36.963736044411306,-1.352712923852595],[36.96383409681968,-1.3528333028777273],[36.96393223107997,-1.352753011422436],[36.963834096819674,-1.3526326341920876],[36.963736044411306,-1.352712923852595]]]},"id":"001b0000000000006203","properties":{"FID":517959}},{"type":"Feature","geometry":{"type":"Polygon","coordinates":[[[36.97398303922075,-1.3522134970095898],[36.974032058566166,-1.352231297449001],[36.97398746571818,-1.352351703167339],[36.974130179130334,-1.3524052408469756],[36.97416141046019,-1.3523294088646756],[36.97413911407909,-1.352320498992062],[36.974188133319764,-1.35218673784199],[36.974076651386945,-1.3521421291784912],[36.97406328993799,-1.3521733663089295],[36.9740053356495,-1.3521554874658797],[36.97398303922075,-1.3522134970095898]]]},"id":"001b0000000000005eb4","properties":{"FID":518471}},{"type":"Feature","geometry":{"type":"Polygon","coordinates":[[[36.95720788486827,-1.353109763073192],[36.95729709101658,-1.3531811020281177],[36.95734612155543,-1.3531231374246049],[36.95725691546692,-1.3530473520323796],[36.95720788486827,-1.353109763073192]]]},"id":"001b0000000000005e5e","properties":{"FID":515656}},{"type":"Feature","geometry":{"type":"Polygon","coordinates":[[[36.97887464703499,-1.3471033630499933],[36.97895046618059,-1.3471256662924267],[36.97896382673538,-1.3470899919673118],[36.97898612164346,-1.347094456788147],[36.97900841654473,-1.3470007861637079],[36.978910302534885,-1.3469740180605416],[36.97887464703499,-1.3471033630499933]]]},"id":"001b00000000000053fb","properties":{"FID":517192}},{"type":"Feature","geometry":{"type":"Polygon","coordinates":[[[36.97902177708892,-1.3407491463935721],[36.979133333439144,-1.3408115264825309],[36.97918234932752,-1.3407312687639379],[36.97906644882934,-1.3406688467652836],[36.97902177708892,-1.3407491463935721]]]},"id":"001b0000000000005cf0","properties":{"FID":517448}},{"type":"Feature","geometry":{"type":"Polygon","coordinates":[[[36.960240094968725,-1.3527039896525688],[36.96033372474222,-1.3528511308448237],[36.96042292707688,-1.352793167064516],[36.96036496196921,-1.3526950730777143],[36.96038726255356,-1.3526816938061943],[36.96035602533608,-1.3526326276456453],[36.960240094968725,-1.3527039896525688]]]},"id":"001b000000000000625c","properties":{"FID":517960}},{"type":"Feature","geometry":{"type":"Polygon","coordinates":[[[36.97694832252746,-1.3521688898946251],[36.97698397896801,-1.3522402115462357],[36.977064308356454,-1.3522000806984775],[36.97702856998637,-1.3521287606426058],[36.97694832252746,-1.3521688898946251]]]},"id":"001b00000000000028fe","properties":{"FID":518472}},{"type":"Feature","geometry":{"type":"Polygon","coordinates":[[[36.957658260017695,-1.3530919218942856],[36.95772516422706,-1.3531900392865575],[36.95785446299742,-1.3531008278945276],[36.95778755890636,-1.3530072166399045],[36.957658260017695,-1.3530919218942856]]]},"id":"001b0000000000005c69","properties":{"FID":515657}},{"type":"Feature","geometry":{"type":"Polygon","coordinates":[[[36.97649347596878,-1.3470141758291134],[36.97652921460073,-1.3470319740464263],[36.976551510252165,-1.3469918737920172],[36.976511345286944,-1.3469740353772657],[36.97649347596878,-1.3470141758291134]]]},"id":"001b0000000000003d83","properties":{"FID":517193}},{"type":"Feature","geometry":{"type":"Polygon","coordinates":[[[36.97850899273119,-1.3407847816048075],[36.97858481225648,-1.340811530627487],[36.97862046789792,-1.340708992758818],[36.97854473037671,-1.340682242288588],[36.97850899273119,-1.3407847816048075]]]},"id":"001b0000000000003e88","properties":{"FID":517449}},{"type":"Feature","geometry":{"type":"Polygon","coordinates":[[[36.963896568268794,-1.3525835659937173],[36.96390993157709,-1.3526148071208592],[36.96395002148732,-1.352588070591559],[36.963936658186356,-1.3525612756025094],[36.963896568268794,-1.3525835659937173]]]},"id":"001b0000000000002e75","properties":{"FID":517961}},{"type":"Feature","geometry":{"type":"Polygon","coordinates":[[[36.969260879332495,-1.3522446651611977],[36.96935449755017,-1.3522803470427383],[36.96940352000159,-1.352142132413365],[36.96930990184673,-1.3521108962804647],[36.969260879332495,-1.3522446651611977]]]},"id":"001b00000000000057f1","properties":{"FID":518473}},{"type":"Feature","geometry":{"type":"Polygon","coordinates":[[[36.9565881123094,-1.3530339740400563],[36.956610414045706,-1.353176639364269],[36.9567708715582,-1.3531543428709278],[36.956762016477256,-1.3530874457738378],[36.956695111386665,-1.3530964007806128],[36.956681746759514,-1.3530205721044253],[36.9565881123094,-1.3530339740400563]]]},"id":"001b0000000000004ccf","properties":{"FID":515658}},{"type":"Feature","geometry":{"type":"Polygon","coordinates":[[[36.97652921460073,-1.3469651261759235],[36.9765782322372,-1.3469918750701209],[36.976591593226054,-1.3469606445236928],[36.976547001940844,-1.3469383805105832],[36.97652921460073,-1.3469651261759235]]]},"id":"001b0000000000000d7e","properties":{"FID":517194}},{"type":"Feature","geometry":{"type":"Polygon","coordinates":[[[36.97451815163225,-1.3407268487447048],[36.97456717061854,-1.3407535973423292],[36.974607336653015,-1.3406777574099682],[36.97455823572216,-1.3406510102831959],[36.97451815163225,-1.3407268487447048]]]},"id":"001b00000000000050ac","properties":{"FID":517450}},{"type":"Feature","geometry":{"type":"Polygon","coordinates":[[[36.96864998062708,-1.3525791099766702],[36.96869006793704,-1.3525925060640527],[36.968703430368805,-1.3525612664089324],[36.968658834267984,-1.3525478911275044],[36.96864998062708,-1.3525791099766702]]]},"id":"001b0000000000000ae6","properties":{"FID":517962}},{"type":"Feature","geometry":{"type":"Polygon","coordinates":[[[36.976190270679,-1.3521287730383007],[36.976252731563456,-1.3522090433988234],[36.97635970185175,-1.3521242819432362],[36.976324045106395,-1.3520796912405557],[36.97625273156346,-1.3521376805251935],[36.97622592748966,-1.3521020010380633],[36.976190270679,-1.3521287730383007]]]},"id":"001b0000000000005bc0","properties":{"FID":518474}},{"type":"Feature","geometry":{"type":"Polygon","coordinates":[[[36.97866956609751,-1.3469918486503947],[36.97873194289444,-1.3470141528271957],[36.97870522169755,-1.3470810569858978],[36.978754237873325,-1.347098915976558],[36.978789975398804,-1.3470096887825336],[36.97875874604838,-1.347000759704939],[36.97877210663825,-1.3469561963635963],[36.97869628730744,-1.3469294484692529],[36.97866956609751,-1.3469918486503947]]]},"id":"001b0000000000005d33","properties":{"FID":517195}},{"type":"Feature","geometry":{"type":"Polygon","coordinates":[[[36.975842472414925,-1.3407714291546833],[36.9759093599778,-1.3407981588100446],[36.9759182947089,-1.3407713973191715],[36.97597182110253,-1.3407937406152408],[36.97601190439459,-1.3406866776551614],[36.97588706413032,-1.3406421265540889],[36.975842472414925,-1.3407714291546833]]]},"id":"001b000000000000530e","properties":{"FID":517451}},{"type":"Feature","geometry":{"type":"Polygon","coordinates":[[[36.96226007742571,-1.3526014238903756],[36.96229574103534,-1.3526370715659872],[36.96231804103069,-1.3526148002309404],[36.9623492774098,-1.3526504672278148],[36.96238936817601,-1.352614778490316],[36.96232697742398,-1.3525434431333443],[36.96226007742571,-1.3526014238903756]]]},"id":"001b0000000000003610","properties":{"FID":517963}},{"type":"Feature","geometry":{"type":"Polygon","coordinates":[[[36.97465635557944,-1.352070782804612],[36.97472324422865,-1.3522001130855934],[36.974781197947486,-1.3521689139988717],[36.97471881777581,-1.3520395631134983],[36.97465635557944,-1.352070782804612]]]},"id":"001b0000000000004dab","properties":{"FID":518475}},{"type":"Feature","geometry":{"type":"Polygon","coordinates":[[[36.960935674415296,-1.3525657184868605],[36.9609491202517,-1.352605851884806],[36.96099363907044,-1.3525880469345026],[36.960980275228984,-1.3525479121215196],[36.960935674415296,-1.3525657184868605]]]},"id":"001b0000000000002562","properties":{"FID":517964}},{"type":"Feature","geometry":{"type":"Polygon","coordinates":[[[36.97703750458054,-1.3521198298673065],[36.97710439104887,-1.3521956346537103],[36.97721144205817,-1.3520975367495762],[36.97714455568789,-1.3520217322050925],[36.97703750458054,-1.3521198298673065]]]},"id":"001b00000000000060c1","properties":{"FID":518476}},{"type":"Feature","geometry":{"type":"Polygon","coordinates":[[[36.977318410942104,-1.3469829265145463],[36.9774075925432,-1.347018624070365],[36.977438822471505,-1.3469428092450417],[36.977349640908564,-1.346902667085021],[36.977318410942104,-1.3469829265145463]]]},"id":"001b0000000000001eae","properties":{"FID":517197}},{"type":"Feature","geometry":{"type":"Polygon","coordinates":[[[36.97455823572216,-1.34064656632779],[36.97462512446122,-1.340668852522191],[36.974638485807404,-1.3406376280765007],[36.97457159708056,-1.3406153418804785],[36.97455823572216,-1.34064656632779]]]},"id":"001b0000000000001825","properties":{"FID":517453}},{"type":"Feature","geometry":{"type":"Polygon","coordinates":[[[36.963597819806175,-1.3525701978096976],[36.96363348276313,-1.3526326401604287],[36.96369587239998,-1.3525969709421155],[36.96365578235036,-1.3525345480284783],[36.963597819806175,-1.3525701978096976]]]},"id":"001b000000000000395c","properties":{"FID":517965}},{"type":"Feature","geometry":{"type":"Polygon","coordinates":[[[36.97658716688646,-1.3520172880342192],[36.97661388885844,-1.3520708093276341],[36.97667634938059,-1.352039590330318],[36.97664954546227,-1.3519860705742655],[36.97658716688646,-1.3520172880342192]]]},"id":"001b00000000000033b6","properties":{"FID":518477}},{"type":"Feature","geometry":{"type":"Polygon","coordinates":[[[36.95732832954095,-1.3530294832455607],[36.95739966155445,-1.353132028120167],[36.957484357981265,-1.3530740823771805],[36.95741745355158,-1.3529715183914661],[36.95732832954095,-1.3530294832455607]]]},"id":"001b0000000000005efd","properties":{"FID":515662}},{"type":"Feature","geometry":{"type":"Polygon","coordinates":[[[36.97625715792332,-1.340709021699195],[36.97637314485008,-1.34076249769271],[36.97644888462367,-1.3406109022238144],[36.976332979786754,-1.3405529217643675],[36.97625715792332,-1.340709021699195]]]},"id":"001b0000000000006197","properties":{"FID":517454}},{"type":"Feature","geometry":{"type":"Polygon","coordinates":[[[36.95880874152459,-1.3525925179906872],[36.95891573735243,-1.3527262628866341],[36.959000432023124,-1.3526593672218485],[36.95889343631923,-1.3525256226461424],[36.95880874152459,-1.3525925179906872]]]},"id":"001b00000000000060ec","properties":{"FID":517966}},{"type":"Feature","geometry":{"type":"Polygon","coordinates":[[[36.97605649600653,-1.351954875863952],[36.97610108759125,-1.3520172671492139],[36.97613674444546,-1.3519904952584432],[36.97609215288252,-1.351928104036105],[36.97605649600653,-1.351954875863952]]]},"id":"001b0000000000004c41","properties":{"FID":518478}},{"type":"Feature","geometry":{"type":"Polygon","coordinates":[[[36.95412668035036,-1.353060732138464],[36.954193505796354,-1.3531766423445404],[36.9543629879727,-1.35307853185201],[36.95429608068729,-1.352962623606965],[36.95412668035036,-1.353060732138464]]]},"id":"001b0000000000005f5a","properties":{"FID":515663}},{"type":"Feature","geometry":{"type":"Polygon","coordinates":[[[36.971842632345584,-1.346907169790163],[36.97187837325332,-1.3469115751142702],[36.97188279987829,-1.3468580985284326],[36.971851567574156,-1.346853613433932],[36.971842632345584,-1.346907169790163]]]},"id":"001b00000000000015a0","properties":{"FID":517199}},{"type":"Feature","geometry":{"type":"Polygon","coordinates":[[[36.975169166991165,-1.340570749157073],[36.97520925072377,-1.3405841453341452],[36.975222693933866,-1.3405395287955237],[36.975182528237816,-1.340526193311461],[36.975169166991165,-1.340570749157073]]]},"id":"001b00000000000026c6","properties":{"FID":517455}},{"type":"Feature","geometry":{"type":"Polygon","coordinates":[[[36.96880155809042,-1.3525835902205523],[36.96888181449992,-1.352623718367627],[36.96893083726849,-1.3525300780376008],[36.96885058091283,-1.3524899499331362],[36.96880155809042,-1.3525835902205523]]]},"id":"001b00000000000058a7","properties":{"FID":517967}},{"type":"Feature","geometry":{"type":"Polygon","coordinates":[[[36.97062087300224,-1.3519682368465873],[36.97073678690367,-1.352012828385431],[36.97077244637667,-1.3519191923830842],[36.97065653253181,-1.3518746008523925],[36.97062087300224,-1.3519682368465873]]]},"id":"001b0000000000005497","properties":{"FID":518479}},{"type":"Feature","geometry":{"type":"Polygon","coordinates":[[[36.97594059054684,-1.3469071519411313],[36.976043134919784,-1.3469427915887515],[36.976069857090835,-1.3468759448089398],[36.97596731275543,-1.3468402458959965],[36.97594059054684,-1.3469071519411313]]]},"id":"001b0000000000004294","properties":{"FID":517200}},{"type":"Feature","geometry":{"type":"Polygon","coordinates":[[[36.9780407951725,-1.340610893098758],[36.978152271054014,-1.3406599441435785],[36.97819243511668,-1.3405573861065987],[36.97808095929648,-1.3405127788327327],[36.9780407951725,-1.340610893098758]]]},"id":"001b0000000000005328","properties":{"FID":517456}},{"type":"Feature","geometry":{"type":"Polygon","coordinates":[[[36.95839846641625,-1.3525256366786254],[36.9585143997038,-1.3526816926752945],[36.95859466740976,-1.3526192625663926],[36.95847873424949,-1.3524676533230655],[36.95839846641625,-1.3525256366786254]]]},"id":"001b0000000000005ff6","properties":{"FID":517968}},{"type":"Feature","geometry":{"type":"Polygon","coordinates":[[[36.96919841246905,-1.3518924267773893],[36.969238581455606,-1.3519058213804613],[36.969251943787064,-1.3518522948363205],[36.969211774807846,-1.3518433459427273],[36.96919841246905,-1.3518924267773893]]]},"id":"001b0000000000004325","properties":{"FID":518480}},{"type":"Feature","geometry":{"type":"Polygon","coordinates":[[[36.971655402167,-1.3468536460251597],[36.97176688779523,-1.3468982567380337],[36.9718025467654,-1.3468224179098471],[36.9716910611916,-1.3467733622977758],[36.971655402167,-1.3468536460251597]]]},"id":"001b0000000000004d9b","properties":{"FID":517201}},{"type":"Feature","geometry":{"type":"Polygon","coordinates":[[[36.9755036072763,-1.3405796729953747],[36.975561560375915,-1.3405974945862218],[36.9755794299221,-1.34050836145131],[36.97552139486622,-1.3404949851710093],[36.9755036072763,-1.3405796729953747]]]},"id":"001b000000000000197c","properties":{"FID":517457}},{"type":"Feature","geometry":{"type":"Polygon","coordinates":[[[36.961020448732725,-1.3525523564300064],[36.96108734986548,-1.3526281777859688],[36.961198769630826,-1.3525301007332522],[36.96113186860004,-1.3524542796235253],[36.961020448732725,-1.3525523564300064]]]},"id":"001b0000000000005b11","properties":{"FID":517969}},{"type":"Feature","geometry":{"type":"Polygon","coordinates":[[[36.974513643195415,-1.3519058132979969],[36.97459389332965,-1.3520039065503258],[36.974687586684304,-1.3519280930450437],[36.974607336653015,-1.3518255546455145],[36.974513643195415,-1.3519058132979969]]]},"id":"001b0000000000005dff","properties":{"FID":518481}},{"type":"Feature","geometry":{"type":"Polygon","coordinates":[[[36.97346579295211,-1.346764431235224],[36.973501451092936,-1.346777846082404],[36.973528174193966,-1.346724331993108],[36.97349251606618,-1.3467064723433786],[36.97346579295211,-1.346764431235224]]]},"id":"001b000000000000040a","properties":{"FID":517202}},{"type":"Feature","geometry":{"type":"Polygon","coordinates":[[[36.9782414516367,-1.3405662991174314],[36.97835292721187,-1.3406064625471381],[36.97838415673588,-1.3405083282618426],[36.97827710744579,-1.3404726491069532],[36.9782414516367,-1.3405662991174314]]]},"id":"001b00000000000060a3","properties":{"FID":517458}},{"type":"Feature","geometry":{"type":"Polygon","coordinates":[[[36.96011080041715,-1.352463160965147],[36.96016876572632,-1.352574653005258],[36.960280186891666,-1.35251671036686],[36.96024903161603,-1.3524587502622647],[36.96020443035622,-1.3524810029752667],[36.96017762039468,-1.3524275305729254],[36.96011080041715,-1.352463160965147]]]},"id":"001b0000000000005f26","properties":{"FID":517970}},{"type":"Feature","geometry":{"type":"Polygon","coordinates":[[[36.970268621495606,-1.3519325241236122],[36.970380109240175,-1.3519459562965244],[36.97039347136285,-1.3518567466834497],[36.970281983638664,-1.3518389280458407],[36.970268621495606,-1.3519325241236122]]]},"id":"001b00000000000024cd","properties":{"FID":518482}},{"type":"Feature","geometry":{"type":"Polygon","coordinates":[[[36.9773719363095,-1.3467555414463124],[36.97741652709098,-1.3467733605949417],[36.97745669155834,-1.3466797285633603],[36.977412100801395,-1.3466619094211296],[36.9773719363095,-1.3467555414463124]]]},"id":"001b0000000000004d7d","properties":{"FID":517203}},{"type":"Feature","geometry":{"type":"Polygon","coordinates":[[[36.97616797491727,-1.3405038639755378],[36.9762215011279,-1.3405038694718483],[36.9762215011279,-1.3404726440803953],[36.976172483251986,-1.3404681745888016],[36.97616797491727,-1.3405038639755378]]]},"id":"001b00000000000018bd","properties":{"FID":517459}},{"type":"Feature","geometry":{"type":"Polygon","coordinates":[[[36.96137266283254,-1.352454272502808],[36.96140389961562,-1.3525077840658444],[36.961444072886565,-1.3524854916690954],[36.96141283612065,-1.352431980160091],[36.96137266283254,-1.352454272502808]]]},"id":"001b0000000000002a31","properties":{"FID":517971}},{"type":"Feature","geometry":{"type":"Polygon","coordinates":[[[36.969952028164016,-1.351829967022441],[36.969956454905706,-1.3518924242456547],[36.969992114759584,-1.3518924431689976],[36.96998768802005,-1.3518299859739176],[36.969952028164016,-1.351829967022441]]]},"id":"001b00000000000040a1","properties":{"FID":518483}},{"type":"Feature","geometry":{"type":"Polygon","coordinates":[[[36.95779206837521,-1.3529403204712136],[36.95781436974432,-1.3530072147492735],[36.95789455622854,-1.3529804158875764],[36.95787233687413,-1.3529135795535594],[36.95779206837521,-1.3529403204712136]]]},"id":"001b0000000000002200","properties":{"FID":515668}},{"type":"Feature","geometry":{"type":"Polygon","coordinates":[[[36.97669413668487,-1.346715382297292],[36.97676102346769,-1.346724332776079],[36.97676553176581,-1.3466797475560273],[36.9766986449871,-1.346670797052034],[36.97669413668487,-1.346715382297292]]]},"id":"001b0000000000001a1a","properties":{"FID":517204}},{"type":"Feature","geometry":{"type":"Polygon","coordinates":[[[36.97535196174856,-1.3405484512019614],[36.975454506948005,-1.3405975429262258],[36.97550803368158,-1.340490480295331],[36.975445654130716,-1.3404592864582672],[36.97543221096166,-1.3404815648205972],[36.97539655376345,-1.3404637653554023],[36.97535196174856,-1.3405484512019614]]]},"id":"001b0000000000005b86","properties":{"FID":517460}},{"type":"Feature","geometry":{"type":"Polygon","coordinates":[[[36.968364532111245,-1.3525256134661836],[36.9685518527019,-1.3525701829204901],[36.96857415078837,-1.3524632053354682],[36.96839133906986,-1.3524186149846569],[36.968364532111245,-1.3525256134661836]]]},"id":"001b0000000000006286","properties":{"FID":517972}},{"type":"Feature","geometry":{"type":"Polygon","coordinates":[[[36.97554819919861,-1.3518522942440423],[36.97558385632278,-1.3518656491341237],[36.97560615226283,-1.3518121460494537],[36.975570495149555,-1.3517987911605065],[36.97554819919861,-1.3518522942440423]]]},"id":"001b0000000000004173","properties":{"FID":518484}},{"type":"Feature","geometry":{"type":"Polygon","coordinates":[[[36.95681104737489,-1.3529447592819699],[36.956886807426315,-1.3530339456414953],[36.95694928481227,-1.3529804259787725],[36.9568734428342,-1.35289124123718],[36.95681104737489,-1.3529447592819699]]]},"id":"001b0000000000002210","properties":{"FID":515669}},{"type":"Feature","geometry":{"type":"Polygon","coordinates":[[[36.97082597654139,-1.346715410863315],[36.97089729538291,-1.3467510722097427],[36.970919592753546,-1.346706465380761],[36.970848273933804,-1.346670804051863],[36.97082597654139,-1.346715410863315]]]},"id":"001b0000000000005261","properties":{"FID":517205}},{"type":"Feature","geometry":{"type":"Polygon","coordinates":[[[36.96364233701182,-1.3524587286686989],[36.963682509052546,-1.3525434398823575],[36.9637671982008,-1.3525033437132497],[36.963731535309094,-1.352418611884462],[36.96364233701182,-1.3524587286686989]]]},"id":"001b0000000000005cf6","properties":{"FID":517973}},{"type":"Feature","geometry":{"type":"Polygon","coordinates":[[[36.9773719363095,-1.3518344302815917],[36.97740316625306,-1.3518924345464594],[36.97751021682438,-1.3518389092602245],[36.9774789869266,-1.3517809644154986],[36.9773719363095,-1.3518344302815917]]]},"id":"001b0000000000004ea5","properties":{"FID":518485}},{"type":"Feature","geometry":{"type":"Polygon","coordinates":[[[36.976007478019866,-1.3468358017734596],[36.97609666122194,-1.3468669960616506],[36.97615904021673,-1.3466975878070095],[36.976052069634505,-1.3466619079336524],[36.976038708546945,-1.3467020276853106],[36.97605649600653,-1.346706513260058],[36.976007478019866,-1.3468358017734596]]]},"id":"001b0000000000005c02","properties":{"FID":517206}},{"type":"Feature","geometry":{"type":"Polygon","coordinates":[[[36.962995810070126,-1.3524721062833973],[36.96306270939503,-1.352561264010238],[36.963147399261416,-1.3524988775398339],[36.963080500014016,-1.3524096607402636],[36.962995810070126,-1.3524721062833973]]]},"id":"001b0000000000004cd5","properties":{"FID":517974}},{"type":"Feature","geometry":{"type":"Polygon","coordinates":[[[36.97065653253182,-1.3518612046706837],[36.97077695504444,-1.351910280337147],[36.970817041187374,-1.351812179774084],[36.970692192044,-1.351767569059459],[36.97065653253182,-1.3518612046706837]]]},"id":"001b0000000000005e90","properties":{"FID":518486}},{"type":"Feature","geometry":{"type":"Polygon","coordinates":[[[36.95789906569079,-1.352873442222394],[36.95793030395799,-1.3529314031737731],[36.958010572305156,-1.352891263591043],[36.95798376153915,-1.3528332834122896],[36.95789906569079,-1.352873442222394]]]},"id":"001b0000000000004be2","properties":{"FID":515671}},{"type":"Feature","geometry":{"type":"Polygon","coordinates":[[[36.97679225367253,-1.346733262153982],[36.97693938792239,-1.3467867799378397],[36.97696619173432,-1.3467064804518616],[36.97682348386399,-1.346657447498888],[36.97679225367253,-1.346733262153982]]]},"id":"001b00000000000035ad","properties":{"FID":517207}},{"type":"Feature","geometry":{"type":"Polygon","coordinates":[[[36.97416141046019,-1.3405038813182815],[36.974223791107946,-1.3405306317568664],[36.97425502239777,-1.340459274870854],[36.97419706826143,-1.3404280618147406],[36.97416141046019,-1.3405038813182815]]]},"id":"001b0000000000004ac2","properties":{"FID":517463}},{"type":"Feature","geometry":{"type":"Polygon","coordinates":[[[36.962367068202425,-1.3524631741839288],[36.962416095341275,-1.3525300633912514],[36.96249193156988,-1.3524765482595331],[36.9624383952999,-1.3524052338070627],[36.962367068202425,-1.3524631741839288]]]},"id":"001b0000000000004b80","properties":{"FID":517975}},{"type":"Feature","geometry":{"type":"Polygon","coordinates":[[[36.97054955389088,-1.3518255235193766],[36.97064317045726,-1.3518567591672397],[36.97067882997595,-1.351754173039713],[36.970585213455266,-1.351722996655748],[36.97054955389088,-1.3518255235193766]]]},"id":"001b0000000000005285","properties":{"FID":518487}},{"type":"Feature","geometry":{"type":"Polygon","coordinates":[[[36.95752002392061,-1.352877861490006],[36.957595865228065,-1.352940307114006],[36.95764046807916,-1.3528823626187634],[36.957564626817984,-1.3528199170825803],[36.95752002392061,-1.352877861490006]]]},"id":"001b00000000000023e0","properties":{"FID":515672}},{"type":"Feature","geometry":{"type":"Polygon","coordinates":[[[36.97578451953823,-1.3466797376806148],[36.97584689879965,-1.3467064874945107],[36.97587370301256,-1.3466440843076926],[36.97581124180392,-1.3466172766914977],[36.97578451953823,-1.3466797376806148]]]},"id":"001b00000000000030ac","properties":{"FID":517208}},{"type":"Feature","geometry":{"type":"Polygon","coordinates":[[[36.978129975891335,-1.3404726922852253],[36.97817907442073,-1.3404860476227907],[36.97819243511668,-1.34044143431859],[36.97813891035073,-1.3404280976651348],[36.978129975891335,-1.3404726922852253]]]},"id":"001b000000000000170e","properties":{"FID":517464}},{"type":"Feature","geometry":{"type":"Polygon","coordinates":[[[36.96214857729253,-1.3524275124232332],[36.962215477392846,-1.3525077786737487],[36.96228680463824,-1.352454284257709],[36.96221547739284,-1.3523695320313427],[36.96214857729253,-1.3524275124232332]]]},"id":"001b0000000000005070","properties":{"FID":517976}},{"type":"Feature","geometry":{"type":"Polygon","coordinates":[[[36.97495956723767,-1.351789842240766],[36.97499079821287,-1.351830007431072],[36.97508440908742,-1.3517630870752384],[36.975053178152244,-1.351718535888152],[36.97495956723767,-1.351789842240766]]]},"id":"001b0000000000004a81","properties":{"FID":518488}},{"type":"Feature","geometry":{"type":"Polygon","coordinates":[[[36.977474478672534,-1.3466842140442639],[36.97756816833157,-1.3467064980580346],[36.97759488994458,-1.3466128671747677],[36.97749677403536,-1.3465860983325169],[36.977474478672534,-1.3466842140442639]]]},"id":"001b0000000000002a96","properties":{"FID":517209}},{"type":"Feature","geometry":{"type":"Polygon","coordinates":[[[36.97580230705973,-1.3405440170158711],[36.97594059054685,-1.3405841246069592],[36.97597624747942,-1.3404593056487688],[36.97587370301256,-1.3404236051067118],[36.97585140715419,-1.3404904777938003],[36.97582017654701,-1.3404771036050698],[36.97580230705973,-1.3405440170158711]]]},"id":"001b0000000000005140","properties":{"FID":517465}},{"type":"Feature","geometry":{"type":"Polygon","coordinates":[[[36.96054779376508,-1.3524587218896622],[36.96063248654516,-1.3525746592433148],[36.96071275192574,-1.3525166772745798],[36.96060575872777,-1.352373984251529],[36.96057009429365,-1.3524007615092357],[36.96059231282821,-1.3524275189168196],[36.96054779376508,-1.3524587218896622]]]},"id":"001b0000000000005cff","properties":{"FID":517977}},{"type":"Feature","geometry":{"type":"Polygon","coordinates":[[[36.974281827194936,-1.3518344758797964],[36.97435756913741,-1.351887957929705],[36.97444232788466,-1.3517586619419137],[36.97436650405834,-1.3517051222155803],[36.974281827194936,-1.3518344758797964]]]},"id":"001b00000000000052b4","properties":{"FID":518489}},{"type":"Feature","geometry":{"type":"Polygon","coordinates":[[[36.97686364865754,-1.346657448128041],[36.9769438962095,-1.3466975708208595],[36.97698397896801,-1.3466173329894504],[36.97690373146009,-1.3465771510708033],[36.97686364865754,-1.346657448128041]]]},"id":"001b0000000000005098","properties":{"FID":517210}},{"type":"Feature","geometry":{"type":"Polygon","coordinates":[[[36.97636863652774,-1.340450381927637],[36.976511345286944,-1.3405172520103708],[36.97654257559855,-1.3404458971715525],[36.97640429325132,-1.3403790084449558],[36.97636863652774,-1.340450381927637]]]},"id":"001b0000000000006110","properties":{"FID":517466}},{"type":"Feature","geometry":{"type":"Polygon","coordinates":[[[36.96141726337962,-1.3524096704254092],[36.96145743664323,-1.352485491509206],[36.96153319188024,-1.3524408697861603],[36.96149310064446,-1.3523651066803384],[36.96141726337962,-1.3524096704254092]]]},"id":"001b000000000000578b","properties":{"FID":517978}},{"type":"Feature","geometry":{"type":"Polygon","coordinates":[[[36.974183706834495,-1.351803262649895],[36.974232726045244,-1.3518255085070139],[36.97425953085058,-1.351780933943258],[36.974277318743496,-1.3517943100119814],[36.97431748493738,-1.351709608124478],[36.974250595916565,-1.3516739284284742],[36.974183706834495,-1.351803262649895]]]},"id":"001b0000000000005394","properties":{"FID":518490}},{"type":"Feature","geometry":{"type":"Polygon","coordinates":[[[36.97709996474035,-1.3466395783708558],[36.977131194800215,-1.3466440631225725],[36.97714455568789,-1.3465861063904299],[36.97710889932577,-1.3465816406603899],[36.97709996474035,-1.3466395783708558]]]},"id":"001b0000000000003e15","properties":{"FID":517211}},{"type":"Feature","geometry":{"type":"Polygon","coordinates":[[[36.9782816156503,-1.3404325169791034],[36.978357435411695,-1.3404637691173775],[36.97837973050493,-1.3404013422774996],[36.978308337002225,-1.3403701307072864],[36.9782816156503,-1.3404325169791034]]]},"id":"001b0000000000005195","properties":{"FID":517467}},{"type":"Feature","geometry":{"type":"Polygon","coordinates":[[[36.96377613441692,-1.3523963008563915],[36.96379400684586,-1.35242752110461],[36.96383409681968,-1.3524007847804362],[36.96381630638412,-1.3523695631111292],[36.96377613441692,-1.3523963008563915]]]},"id":"001b0000000000001ad2","properties":{"FID":517979}},{"type":"Feature","geometry":{"type":"Polygon","coordinates":[[[36.970139262708166,-1.3516917323178914],[36.970170495744355,-1.3517051668308502],[36.97018385790537,-1.351664978160117],[36.97015262487489,-1.3516516029248211],[36.970139262708166,-1.3516917323178914]]]},"id":"001b0000000000001e1e","properties":{"FID":518491}},{"type":"Feature","geometry":{"type":"Polygon","coordinates":[[[36.978736451070866,-1.3466931187492759],[36.97886128646389,-1.3467287773922028],[36.97889251577045,-1.3466128457369655],[36.97879882781067,-1.3465861176315534],[36.978785467225684,-1.3466262359148065],[36.97875874604838,-1.3466172862939203],[36.978736451070866,-1.3466931187492759]]]},"id":"001b0000000000005221","properties":{"FID":517212}},{"type":"Feature","geometry":{"type":"Polygon","coordinates":[[[36.97524498998418,-1.3404860464134734],[36.975365322961764,-1.3405038954904185],[36.97537876614313,-1.340392383944287],[36.97525835121695,-1.3403790393362154],[36.97524498998418,-1.3404860464134734]]]},"id":"001b00000000000052c5","properties":{"FID":517468}},{"type":"Feature","geometry":{"type":"Polygon","coordinates":[[[36.96245626805595,-1.3524007667049487],[36.9625008679419,-1.352463169628842],[36.96259006763215,-1.352391810653027],[36.96254546780063,-1.3523338540424137],[36.96245626805595,-1.3524007667049487]]]},"id":"001b00000000000052bd","properties":{"FID":517980}},{"type":"Feature","geometry":{"type":"Polygon","coordinates":[[[36.96919398568142,-1.3517765018945946],[36.96930547506586,-1.351821054403869],[36.96935892432807,-1.3516873274903038],[36.96924300824054,-1.35164273502687],[36.96919398568142,-1.3517765018945946]]]},"id":"001b00000000000045cf","properties":{"FID":518492}},{"type":"Feature","geometry":{"type":"Polygon","coordinates":[[[36.960164256404056,-1.3523739973479747],[36.9602177943395,-1.3524542657519298],[36.960275759563835,-1.352414109208509],[36.96022673098953,-1.3523338794431776],[36.960164256404056,-1.3523739973479747]]]},"id":"001b0000000000004e52","properties":{"FID":517981}},{"type":"Feature","geometry":{"type":"Polygon","coordinates":[[[36.97736751001722,-1.351669442142825],[36.9774075925432,-1.3517185170655932],[36.977443330727766,-1.351691744499738],[36.97740316625306,-1.3516427303500462],[36.97736751001722,-1.351669442142825]]]},"id":"001b0000000000000cef","properties":{"FID":518493}},{"type":"Feature","geometry":{"type":"Polygon","coordinates":[[[36.978892515770454,-1.3465816158046096],[36.97896382673538,-1.3466262213798155],[36.97901292470408,-1.3465503892424588],[36.978941531820496,-1.346505844437566],[36.978892515770454,-1.3465816158046096]]]},"id":"001b00000000000058e4","properties":{"FID":517214}},{"type":"Feature","geometry":{"type":"Polygon","coordinates":[[[36.97791595837671,-1.340352273382664],[36.9779694833061,-1.3403701130798962],[36.97798727029539,-1.3403210374244467],[36.97793382734678,-1.340298752560213],[36.97791595837671,-1.340352273382664]]]},"id":"001b0000000000004e92","properties":{"FID":517470}},{"type":"Feature","geometry":{"type":"Polygon","coordinates":[[[36.958117569300995,-1.352369545229327],[36.95816217183386,-1.3524319516458831],[36.95813987057083,-1.3524498367910753],[36.95817553619044,-1.3524988848525499],[36.95825129482816,-1.3524453685973288],[36.958273596057204,-1.352476571793832],[36.95832270793102,-1.3524453457338772],[36.95824686737747,-1.3523383186289877],[36.95821120179265,-1.3523650965858105],[36.95818447309011,-1.3523205142793628],[36.958117569300995,-1.352369545229327]]]},"id":"001b0000000000005dfe","properties":{"FID":517982}},{"type":"Feature","geometry":{"type":"Polygon","coordinates":[[[36.974107882739695,-1.3517675636934376],[36.974148049026745,-1.3517765119302831],[36.97415690200133,-1.3517319004974073],[36.974188133319764,-1.3517408295579116],[36.97421042968591,-1.3516560893619527],[36.97413911407909,-1.3516382698459253],[36.974107882739695,-1.3517675636934376]]]},"id":"001b00000000000029bd","properties":{"FID":518494}},{"type":"Feature","geometry":{"type":"Polygon","coordinates":[[[36.97802743444881,-1.346505835837181],[36.978080959296484,-1.3465147262646522],[36.978085385545526,-1.3464879808482342],[36.978036368920755,-1.3464746254082285],[36.97802743444881,-1.346505835837181]]]},"id":"001b00000000000031a5","properties":{"FID":517215}},{"type":"Feature","geometry":{"type":"Polygon","coordinates":[[[36.97553483801886,-1.3403745861426088],[36.97564180935869,-1.3404280436455909],[36.97568197480216,-1.340334430192415],[36.9755794299221,-1.34028539791331],[36.97553483801886,-1.3403745861426088]]]},"id":"001b0000000000005a3e","properties":{"FID":517471}},{"type":"Feature","geometry":{"type":"Polygon","coordinates":[[[36.96372268107121,-1.3523517220513341],[36.96374047152957,-1.3523829437461976],[36.963794006845866,-1.3523472544022703],[36.96377613441692,-1.352316034209375],[36.96372268107121,-1.3523517220513341]]]},"id":"001b000000000000331c","properties":{"FID":517983}},{"type":"Feature","geometry":{"type":"Polygon","coordinates":[[[36.97698848725235,-1.3517140456262584],[36.977033078267965,-1.3517720498518866],[36.97708209556622,-1.351736328603587],[36.97705980007679,-1.3517095787886968],[36.97711775194144,-1.3516649863290935],[36.97709545646289,-1.3516337913180534],[36.97698848725235,-1.3517140456262584]]]},"id":"001b0000000000005d3e","properties":{"FID":518495}},{"type":"Feature","geometry":{"type":"Polygon","coordinates":[[[36.97883005714396,-1.346510305240354],[36.978888007603665,-1.3465459619080027],[36.97891923689881,-1.3465013795251612],[36.97885686026186,-1.346461238188704],[36.97883005714396,-1.346510305240354]]]},"id":"001b0000000000004ed2","properties":{"FID":517216}},{"type":"Feature","geometry":{"type":"Polygon","coordinates":[[[36.97643552360871,-1.340387938707505],[36.97654257559855,-1.3404370095371587],[36.97659610153462,-1.3403166175549774],[36.97648904962324,-1.3402675467727183],[36.97643552360871,-1.340387938707505]]]},"id":"001b0000000000004d05","properties":{"FID":517472}},{"type":"Feature","geometry":{"type":"Polygon","coordinates":[[[36.96226007742571,-1.3523606184689736],[36.96234034101924,-1.3524587283326286],[36.962416095341275,-1.352400768622258],[36.96233583183093,-1.3523026589639902],[36.96226007742571,-1.3523606184689736]]]},"id":"001b00000000000055ab","properties":{"FID":517984}},{"type":"Feature","geometry":{"type":"Polygon","coordinates":[[[36.97635084914418,-1.3517541731791387],[36.976426588940896,-1.3518255534505987],[36.97654257559855,-1.3516962399441335],[36.976466753952735,-1.3516248613848343],[36.97635084914418,-1.3517541731791387]]]},"id":"001b0000000000005fe2","properties":{"FID":518496}},{"type":"Feature","geometry":{"type":"Polygon","coordinates":[[[36.9753207309278,-1.346412193756862],[36.97532523931482,-1.3465192009460218],[36.975450080539495,-1.346514740904724],[36.97544114575112,-1.3464077529199325],[36.9753207309278,-1.346412193756862]]]},"id":"001b0000000000005325","properties":{"FID":517217}},{"type":"Feature","geometry":{"type":"Polygon","coordinates":[[[36.97629281470134,-1.3403210685749827],[36.97641322792185,-1.340379028883614],[36.97647118029963,-1.340263062072993],[36.97634634082047,-1.3402051205065966],[36.97629281470134,-1.3403210685749827]]]},"id":"001b0000000000005d36","properties":{"FID":517473}},{"type":"Feature","geometry":{"type":"Polygon","coordinates":[[[36.96071275192574,-1.3523249543446336],[36.96077965334008,-1.3524275125374996],[36.96081531767197,-1.3524007353128134],[36.960748416290265,-1.352298177225386],[36.96071275192574,-1.3523249543446336]]]},"id":"001b0000000000001b24","properties":{"FID":517985}},{"type":"Feature","geometry":{"type":"Polygon","coordinates":[[[36.976547001940844,-1.3515758425672872],[36.97658716688645,-1.3516426975664984],[36.97664069278984,-1.3516115193800777],[36.97659610153462,-1.351544624516775],[36.976547001940844,-1.3515758425672872]]]},"id":"001b0000000000004fc1","properties":{"FID":518497}},{"type":"Feature","geometry":{"type":"Polygon","coordinates":[[[36.971829270487966,-1.3465147734899334],[36.97192739401119,-1.3465548792380784],[36.97197641473615,-1.3464344751437534],[36.97188279987829,-1.3463943489542756],[36.971829270487966,-1.3465147734899334]]]},"id":"001b0000000000005fcc","properties":{"FID":517218}},{"type":"Feature","geometry":{"type":"Polygon","coordinates":[[[36.97778218686555,-1.3402719753976087],[36.977902597630184,-1.340329993747194],[36.97795161434476,-1.3402318429039555],[36.977831203660955,-1.3401738838613118],[36.97778218686555,-1.3402719753976087]]]},"id":"001b0000000000004c6b","properties":{"FID":517474}},{"type":"Feature","geometry":{"type":"Polygon","coordinates":[[[36.968618746940884,-1.3523516827214104],[36.96865440744766,-1.3523650981809945],[36.9686722786836,-1.3523071038526822],[36.96863653620736,-1.352293749126447],[36.968618746940884,-1.3523516827214104]]]},"id":"001b0000000000001d97","properties":{"FID":517986}},{"type":"Feature","geometry":{"type":"Polygon","coordinates":[[[36.977256032937646,-1.3515847690850222],[36.977300623789894,-1.3516025880696476],[36.97732291920581,-1.351549086605161],[36.97727832836718,-1.3515267631340708],[36.977256032937646,-1.3515847690850222]]]},"id":"001b00000000000034a2","properties":{"FID":518498}},{"type":"Feature","geometry":{"type":"Polygon","coordinates":[[[36.957631531113016,-1.3527530395749863],[36.957662687504026,-1.3527931567990379],[36.95764046807916,-1.3528109815979703],[36.95769392587222,-1.3528689630731066],[36.95777419447888,-1.3527976388706682],[36.95768949838777,-1.3526995418340875],[36.957631531113016,-1.3527530395749863]]]},"id":"001b0000000000004ac7","properties":{"FID":515683}},{"type":"Feature","geometry":{"type":"Polygon","coordinates":[[[36.978112188936805,-1.3464701434969675],[36.978152271054014,-1.3464701456385555],[36.978152271054014,-1.3463987964732105],[36.978112188936805,-1.3463987942955669],[36.978112188936805,-1.3464701434969675]]]},"id":"001b0000000000002d5d","properties":{"FID":517219}},{"type":"Feature","geometry":{"type":"Polygon","coordinates":[[[36.97458053197531,-1.3402675509389685],[36.97466529046382,-1.340298765922239],[36.97469652156486,-1.3402229661089058],[36.97470988289798,-1.3402274117952455],[36.97472767068122,-1.340182837532615],[36.97462512446122,-1.3401426923949848],[36.97458053197531,-1.3402675509389685]]]},"id":"001b0000000000004bd5","properties":{"FID":517475}},{"type":"Feature","geometry":{"type":"Polygon","coordinates":[[[36.961809648637605,-1.3523472741834488],[36.96188105826475,-1.35244536397477],[36.9619791131615,-1.3523740251678134],[36.9619033583866,-1.3522758942232793],[36.961809648637605,-1.3523472741834488]]]},"id":"001b0000000000005349","properties":{"FID":517987}},{"type":"Feature","geometry":{"type":"Polygon","coordinates":[[[36.97445568926427,-1.3515490762501234],[36.974500281826394,-1.3515713413245634],[36.97451815163225,-1.351540143522522],[36.97446905064144,-1.351517839947328],[36.97445568926427,-1.3515490762501234]]]},"id":"001b0000000000002697","properties":{"FID":518499}},{"type":"Feature","geometry":{"type":"Polygon","coordinates":[[[36.97886128646389,-1.3464567746839529],[36.978981695449015,-1.3465013413605136],[36.97901292470409,-1.3464166404466542],[36.97889251577045,-1.3463720737720288],[36.97886128646389,-1.3464567746839529]]]},"id":"001b0000000000005b5e","properties":{"FID":517220}},{"type":"Feature","geometry":{"type":"Polygon","coordinates":[[[36.97612789171087,-1.3402808968030493],[36.97626166625254,-1.3403076930258009],[36.97628838834363,-1.340182795989972],[36.97615904021673,-1.3401515964441102],[36.97612789171087,-1.3402808968030493]]]},"id":"001b0000000000005316","properties":{"FID":517476}},{"type":"Feature","geometry":{"type":"Polygon","coordinates":[[[36.96347738546204,-1.3523205087435903],[36.963513048477765,-1.352436422685628],[36.96362897365459,-1.3524007516669398],[36.96358888356827,-1.3522803519584112],[36.96347738546204,-1.3523205087435903]]]},"id":"001b0000000000005909","properties":{"FID":517988}},{"type":"Feature","geometry":{"type":"Polygon","coordinates":[[[36.97420600320199,-1.351566904251321],[36.97423723449943,-1.3515758333271335],[36.97425059591656,-1.3515267560757807],[36.97422379110795,-1.3515178669603196],[36.97420600320199,-1.351566904251321]]]},"id":"001b00000000000011b4","properties":{"FID":518500}},{"type":"Feature","geometry":{"type":"Polygon","coordinates":[[[36.978348500979045,-1.346452333753352],[36.978437681322056,-1.3464701343193255],[36.97845555016445,-1.3463943211694418],[36.978366369843265,-1.3463720760748066],[36.978348500979045,-1.346452333753352]]]},"id":"001b00000000000014bf","properties":{"FID":517221}},{"type":"Feature","geometry":{"type":"Polygon","coordinates":[[[36.95922786911415,-1.352369516584828],[36.95932592756958,-1.352391845211246],[36.95934822847085,-1.3522893022510607],[36.95925017004533,-1.35227141989946],[36.95922786911415,-1.352369516584828]]]},"id":"001b0000000000005d97","properties":{"FID":517989}},{"type":"Feature","geometry":{"type":"Polygon","coordinates":[[[36.97675659713837,-1.3464255558860565],[36.97686364865754,-1.346470182446603],[36.976854714042105,-1.3464968894758107],[36.97692602699719,-1.3465236586346865],[36.97691266606953,-1.3465593331718808],[36.97697512633611,-1.3465860811117933],[36.97702414367327,-1.346465684395719],[36.97678331904835,-1.3463676000337172],[36.97675659713837,-1.3464255558860565]]]},"id":"001b0000000000006136","properties":{"FID":517222}},{"type":"Feature","geometry":{"type":"Polygon","coordinates":[[[36.961640265706876,-1.3522625432387871],[36.96166256590219,-1.3523160352042363],[36.96170716627239,-1.3522981699696188],[36.961684866090685,-1.3522446780578212],[36.961640265706876,-1.3522625432387871]]]},"id":"001b0000000000004cb3","properties":{"FID":517990}},{"type":"Feature","geometry":{"type":"Polygon","coordinates":[[[36.97621707476588,-1.351531260989741],[36.97625715792332,-1.3515535462883168],[36.97628396198566,-1.3515044687316415],[36.976248223233696,-1.3514821655938016],[36.97621707476588,-1.351531260989741]]]},"id":"001b0000000000004a51","properties":{"FID":518502}},{"type":"Feature","geometry":{"type":"Polygon","coordinates":[[[36.97775989158986,-1.346394358581585],[36.97780005586836,-1.3464166411996916],[36.977817842898915,-1.3463765036818633],[36.977777760598116,-1.3463586641439966],[36.97775989158986,-1.346394358581585]]]},"id":"001b00000000000031bc","properties":{"FID":517223}},{"type":"Feature","geometry":{"type":"Polygon","coordinates":[[[36.96478387023813,-1.352320489636732],[36.96489093930298,-1.3524631732612316],[36.965002435252806,-1.3523829432462988],[36.96489536635129,-1.352240260056788],[36.96478387023813,-1.352320489636732]]]},"id":"001b0000000000005f7e","properties":{"FID":517991}},{"type":"Feature","geometry":{"type":"Polygon","coordinates":[[[36.97004564549607,-1.3515089299551113],[36.970121473807566,-1.3515356803881982],[36.970130409246664,-1.3515089666182736],[36.970059007679914,-1.351482196889756],[36.97004564549607,-1.3515089299551113]]]},"id":"001b000000000000383b","properties":{"FID":518503}},{"type":"Feature","geometry":{"type":"Polygon","coordinates":[[[36.957734101181764,-1.3526861218656885],[36.95783216164053,-1.3528288612616868],[36.957912430095455,-1.3527708766993785],[36.95781436974431,-1.3526326433637215],[36.957734101181764,-1.3526861218656885]]]},"id":"001b0000000000005a04","properties":{"FID":515688}},{"type":"Feature","geometry":{"type":"Polygon","coordinates":[[[36.97877210663825,-1.3464121888778082],[36.97885235209288,-1.3464389177997798],[36.978874647035,-1.3463675898078462],[36.97879440160487,-1.3463408608782133],[36.97877210663825,-1.3464121888778082]]]},"id":"001b0000000000005220","properties":{"FID":517224}},{"type":"Feature","geometry":{"type":"Polygon","coordinates":[[[36.958055092913256,-1.3523071004376201],[36.958090758574215,-1.3523561484124602],[36.95818890054457,-1.3522937573355636],[36.95815323493149,-1.352240203815269],[36.958055092913256,-1.3523071004376201]]]},"id":"001b00000000000050b1","properties":{"FID":517992}},{"type":"Feature","geometry":{"type":"Polygon","coordinates":[[[36.976627249840774,-1.3515401596875176],[36.9766584801028,-1.3515802645352328],[36.97675659713837,-1.3515000490346065],[36.976720940586816,-1.3514599043410327],[36.976627249840774,-1.3515401596875176]]]},"id":"001b0000000000004ef9","properties":{"FID":518504}},{"type":"Feature","geometry":{"type":"Polygon","coordinates":[[[36.95554467861738,-1.352717349519414],[36.955611502767724,-1.352806517817454],[36.95565610682919,-1.3527708644792305],[36.95568291844864,-1.3528065540340541],[36.9557586796688,-1.3527485888557058],[36.955660616429476,-1.3526281972816174],[36.95554467861738,-1.352717349519414]]]},"id":"001b0000000000005bf2","properties":{"FID":515689}},{"type":"Feature","geometry":{"type":"Polygon","coordinates":[[[36.97763948058991,-1.3464567561857783],[36.97778218686555,-1.3464968995598803],[36.97780448213443,-1.3464166221713851],[36.977737596307364,-1.3463987826211261],[36.97775095708409,-1.3463452713033992],[36.97767513669295,-1.3463274712116347],[36.97763948058991,-1.3464567561857783]]]},"id":"001b0000000000004bc0","properties":{"FID":517225}},{"type":"Feature","geometry":{"type":"Polygon","coordinates":[[[36.964155143751405,-1.3522669781727852],[36.964230978175706,-1.3524408657046068],[36.96433796606753,-1.3523918376082011],[36.96429336730254,-1.352293749310552],[36.964257704667574,-1.3523071278705237],[36.9642220420152,-1.3522357943848997],[36.964155143751405,-1.3522669781727852]]]},"id":"001b0000000000005c11","properties":{"FID":517993}},{"type":"Feature","geometry":{"type":"Polygon","coordinates":[[[36.97595395165236,-1.351459888203515],[36.97598067385604,-1.3514732831117418],[36.97600296967495,-1.3514376213998207],[36.97597182110253,-1.3514197412536446],[36.97595395165236,-1.351459888203515]]]},"id":"001b0000000000000f89","properties":{"FID":518505}},{"type":"Feature","geometry":{"type":"Polygon","coordinates":[[[36.9775413647406,-1.3463943717170317],[36.977630546069406,-1.3464211208738635],[36.97766628414485,-1.3463140571762988],[36.9775725946117,-1.3462873284671464],[36.9775413647406,-1.3463943717170317]]]},"id":"001b00000000000055c9","properties":{"FID":517226}},{"type":"Feature","geometry":{"type":"Polygon","coordinates":[[[36.96133257150873,-1.3522714443015729],[36.96139496310949,-1.3523650706079315],[36.961497527898565,-1.3522982163740327],[36.96144850014364,-1.3522179287992409],[36.96138610858858,-1.3522580444512455],[36.96137717208027,-1.3522402404360516],[36.96133257150873,-1.3522714443015729]]]},"id":"001b0000000000004a4a","properties":{"FID":517994}},{"type":"Feature","geometry":{"type":"Polygon","coordinates":[[[36.97424608746321,-1.3515891901705313],[36.97434871618714,-1.3516204419448576],[36.97440216175944,-1.351446538108213],[36.97429961508242,-1.3514152848375656],[36.97424608746321,-1.3515891901705313]]]},"id":"001b00000000000044fa","properties":{"FID":518506}},{"type":"Feature","geometry":{"type":"Polygon","coordinates":[[[36.95740851655817,-1.3511477627397925],[36.95743975503495,-1.3511923236582086],[36.95750223194845,-1.3511433142441787],[36.95746648400972,-1.35110316109267],[36.95740851655817,-1.3511477627397925]]]},"id":"001b0000000000005ae1","properties":{"FID":513899}},{"type":"Feature","geometry":{"type":"Polygon","coordinates":[[[36.97845997639079,-1.3463452943176828],[36.97858481225648,-1.3464032942000645],[36.97861604168131,-1.3463319265548548],[36.97866063170304,-1.3463541898748919],[36.97867850049088,-1.3463096069584692],[36.978624976081235,-1.3462828794224997],[36.97860710728029,-1.3463185733918646],[36.97849563209318,-1.3462650187505842],[36.97845997639079,-1.3463452943176828]]]},"id":"001b0000000000005150","properties":{"FID":517227}},{"type":"Feature","geometry":{"type":"Polygon","coordinates":[[[36.96269254875956,-1.3522179550867381],[36.96276395752421,-1.3523070919395204],[36.96279511172803,-1.3522803362650442],[36.96272378497863,-1.3521911980389187],[36.96269254875956,-1.3522179550867381]]]},"id":"001b0000000000001555","properties":{"FID":517995}},{"type":"Feature","geometry":{"type":"Polygon","coordinates":[[[36.97040240676868,-1.351500048914204],[36.97047815273377,-1.3515178501909673],[36.970496023523616,-1.3514331259929755],[36.970420195600866,-1.351415326139295],[36.97040240676868,-1.351500048914204]]]},"id":"001b0000000000004c6e","properties":{"FID":518507}},{"type":"Feature","geometry":{"type":"Polygon","coordinates":[[[36.954826745611584,-1.3511522301256371],[36.95486684050272,-1.3512369498429542],[36.95499614432703,-1.351178987272816],[36.95495604950678,-1.351094267811286],[36.954826745611584,-1.3511522301256371]]]},"id":"001b0000000000004ad9","properties":{"FID":513900}},{"type":"Feature","geometry":{"type":"Polygon","coordinates":[[[36.974567170618535,-1.346282875650568],[36.974616189571925,-1.3463007357749157],[36.974638485807404,-1.3462427383964728],[36.974593893329654,-1.3462249185253286],[36.974567170618535,-1.346282875650568]]]},"id":"001b0000000000003bb4","properties":{"FID":517228}},{"type":"Feature","geometry":{"type":"Polygon","coordinates":[[[36.96845823345579,-1.3522803770871024],[36.96856521515894,-1.3523249508042816],[36.96860981131691,-1.3522223795760837],[36.96850282967906,-1.3521778058825793],[36.96845823345579,-1.3522803770871024]]]},"id":"001b0000000000005fc1","properties":{"FID":517996}},{"type":"Feature","geometry":{"type":"Polygon","coordinates":[[[36.97569533595498,-1.3514152845875544],[36.97580230705973,-1.351464358356537],[36.97582017654701,-1.3514242113253525],[36.9757131234982,-1.3513751390272624],[36.97569533595498,-1.3514152845875544]]]},"id":"001b0000000000003d82","properties":{"FID":518508}},{"type":"Feature","geometry":{"type":"Polygon","coordinates":[[[36.97648462327744,-1.3462471898804071],[36.97652027994439,-1.3462606041791207],[36.97654257559854,-1.3461937191115236],[36.97650691894249,-1.346180304813305],[36.97648462327744,-1.3462471898804071]]]},"id":"001b00000000000000c4","properties":{"FID":517229}},{"type":"Feature","geometry":{"type":"Polygon","coordinates":[[[36.96169822980333,-1.3522446779364676],[36.96175619385384,-1.3523472747410212],[36.96187654904811,-1.3522803421162215],[36.96181415785837,-1.3521778242187947],[36.96169822980333,-1.3522446779364676]]]},"id":"001b000000000000577e","properties":{"FID":517997}},{"type":"Feature","geometry":{"type":"Polygon","coordinates":[[[36.97609666122194,-1.3513974324921059],[36.97620363173883,-1.3514465059843763],[36.9762304358208,-1.3513885380628579],[36.976118957005426,-1.3513394853507081],[36.97609666122194,-1.3513974324921059]]]},"id":"001b0000000000005bf9","properties":{"FID":518509}},{"type":"Feature","geometry":{"type":"Polygon","coordinates":[[[36.957631531113016,-1.3511165368374236],[36.95768056142762,-1.351192320921917],[36.957738528663505,-1.3511522248762853],[36.95772065475409,-1.3511254493207352],[36.95776525752907,-1.3510942458274215],[36.957734101181764,-1.3510496244500183],[36.957631531113016,-1.3511165368374236]]]},"id":"001b000000000000473a","properties":{"FID":513902}},{"type":"Feature","geometry":{"type":"Polygon","coordinates":[[[36.956436509517296,-1.3525701934162142],[36.956481031083754,-1.3526281563820897],[36.956534571716176,-1.3525835705546578],[36.95648996819052,-1.3525300556507882],[36.956436509517296,-1.3525701934162142]]]},"id":"001b0000000000004458","properties":{"FID":515694}},{"type":"Feature","geometry":{"type":"Polygon","coordinates":[[[36.97709103015384,-1.3462650295728276],[36.977189146608225,-1.3463096361601312],[36.97722480293116,-1.3462249149021388],[36.97712226021752,-1.3461847718890156],[36.97709103015384,-1.3462650295728276]]]},"id":"001b0000000000005b8f","properties":{"FID":517230}},{"type":"Feature","geometry":{"type":"Polygon","coordinates":[[[36.96054779376507,-1.3522313103080505],[36.96059682212407,-1.352316045101938],[36.96070381533513,-1.3522580635791699],[36.960654787047886,-1.3521688827755298],[36.96054779376507,-1.3522313103080505]]]},"id":"001b0000000000005f85","properties":{"FID":517998}},{"type":"Feature","geometry":{"type":"Polygon","coordinates":[[[36.96944368887539,-1.3514420226230939],[36.96955960464454,-1.3514777236967295],[36.969590837928536,-1.3513796024202642],[36.96947492220894,-1.3513439605973356],[36.96944368887539,-1.3514420226230939]]]},"id":"001b000000000000550b","properties":{"FID":518510}},{"type":"Feature","geometry":{"type":"Polygon","coordinates":[[[36.95625809501217,-1.3525612664603126],[36.95636960412888,-1.3527173462600826],[36.95644987418927,-1.3526593610050985],[36.956338365194945,-1.3525033408392935],[36.95625809501217,-1.3525612664603126]]]},"id":"001b0000000000005f95","properties":{"FID":515695}},{"type":"Feature","geometry":{"type":"Polygon","coordinates":[[[36.97822809094971,-1.3462471724381189],[36.97832620587627,-1.3463051710159184],[36.978370796075005,-1.3462204707330003],[36.97827710744579,-1.3461624532145697],[36.97822809094971,-1.3462471724381189]]]},"id":"001b0000000000005d9b","properties":{"FID":517231}},{"type":"Feature","geometry":{"type":"Polygon","coordinates":[[[36.96399462046181,-1.3522312957956748],[36.96405258269132,-1.3522982024453547],[36.96413284431653,-1.3522313314544665],[36.96407045505267,-1.3521599389517645],[36.96399462046181,-1.3522312957956748]]]},"id":"001b0000000000005942","properties":{"FID":517999}},{"type":"Feature","geometry":{"type":"Polygon","coordinates":[[[36.97600296967496,-1.3515401593437493],[36.97618584431507,-1.3516204248378243],[36.97620814007134,-1.3515624180486263],[36.97615461385091,-1.35153568902817],[36.97619477901234,-1.351446485329654],[36.97608772651266,-1.3513974725566744],[36.9761055959301,-1.3513528804970707],[36.976069857090835,-1.3513394678614519],[36.97602977383059,-1.3514286699083138],[36.97604756129235,-1.3514376003221082],[36.97600296967496,-1.3515401593437493]]]},"id":"001b000000000000621a","properties":{"FID":518511}},{"type":"Feature","geometry":{"type":"Polygon","coordinates":[[[36.97775989158986,-1.3462070964602189],[36.97778218686555,-1.3462160059980146],[36.97776882609454,-1.3462561242895146],[36.97791595837672,-1.3463185304723193],[36.97795161434476,-1.3462382544416733],[36.97777776059812,-1.3461669577664994],[36.97775989158986,-1.3462070964602189]]]},"id":"001b00000000000061fa","properties":{"FID":517232}},{"type":"Feature","geometry":{"type":"Polygon","coordinates":[[[36.96077965334008,-1.3522803712329263],[36.96083761811892,-1.3523829100559839],[36.961056112947155,-1.3522625394569185],[36.96099814834154,-1.3521599419147894],[36.96077965334008,-1.3522803712329263]]]},"id":"001b00000000000061e3","properties":{"FID":518000}},{"type":"Feature","geometry":{"type":"Polygon","coordinates":[[[36.970246323926276,-1.351437617030025],[36.970281983638664,-1.3514509729550082],[36.97032215202949,-1.351352871889527],[36.97028198363867,-1.3513394774336354],[36.970246323926276,-1.351437617030025]]]},"id":"001b0000000000004e8d","properties":{"FID":518512}},{"type":"Feature","geometry":{"type":"Polygon","coordinates":[[[36.954782141044284,-1.3510585790927838],[36.954840110577734,-1.351129938825384],[36.9549783517408,-1.351022907626376],[36.95492038231693,-1.3509515481685994],[36.954782141044284,-1.3510585790927838]]]},"id":"001b0000000000005517","properties":{"FID":513905}},{"type":"Feature","geometry":{"type":"Polygon","coordinates":[[[36.97727382010073,-1.3462561079511677],[36.977318410942104,-1.3462739271445165],[36.97733628005841,-1.3462293436115012],[36.9774075925432,-1.3462516680910674],[36.97744333072777,-1.3461625012696627],[36.97732291920581,-1.3461178742812172],[36.97727382010073,-1.3462561079511677]]]},"id":"001b0000000000004da8","properties":{"FID":517233}},{"type":"Feature","geometry":{"type":"Polygon","coordinates":[[[36.96472148152999,-1.352195626897967],[36.96476608003375,-1.3522892684070686],[36.96485970401007,-1.3522491331933435],[36.96481961459882,-1.3521510251106394],[36.96472148152999,-1.352195626897967]]]},"id":"001b000000000000411c","properties":{"FID":518001}},{"type":"Feature","geometry":{"type":"Polygon","coordinates":[[[36.95728815400846,-1.3525969883856652],[36.95737285056443,-1.35270842521909],[36.9574620565115,-1.3526415668926188],[36.95734612155544,-1.352485508875596],[36.95729258151721,-1.3525211418543066],[36.95732832954096,-1.3525657425995212],[36.95728815400846,-1.3525969883856652]]]},"id":"001b0000000000005eb5","properties":{"FID":515698}},{"type":"Feature","geometry":{"type":"Polygon","coordinates":[[[36.97464299423653,-1.3462293839006028],[36.97476341017728,-1.3462828426669673],[36.97480800255153,-1.346175856169209],[36.97468307825791,-1.3461223586325448],[36.97464299423653,-1.3462293839006028]]]},"id":"001b0000000000006080","properties":{"FID":517234}},{"type":"Feature","geometry":{"type":"Polygon","coordinates":[[[36.95876856680551,-1.3521867145949251],[36.95881759635766,-1.3522714512596217],[36.958790867876786,-1.3522848498088362],[36.95882653317885,-1.3523472363701092],[36.95892467416161,-1.352289292200985],[36.958839897413995,-1.3521466170844858],[36.95876856680551,-1.3521867145949251]]]},"id":"001b000000000000600a","properties":{"FID":518002}},{"type":"Feature","geometry":{"type":"Polygon","coordinates":[[[36.97595395165236,-1.3513885266273125],[36.976011904394596,-1.3514108503947662],[36.976047561292354,-1.351308272629722],[36.975989608578416,-1.3512860081358926],[36.97595395165236,-1.3513885266273125]]]},"id":"001b0000000000002a33","properties":{"FID":518514}},{"type":"Feature","geometry":{"type":"Polygon","coordinates":[[[36.977148981993714,-1.3461803288982788],[36.977256032937646,-1.3462293404927181],[36.97731398464658,-1.3460955726703834],[36.97727382010073,-1.3460777344609232],[36.977256032937646,-1.3461178718295521],[36.977189146608225,-1.3460866984853],[36.977148981993714,-1.3461803288982788]]]},"id":"001b000000000000609e","properties":{"FID":517235}},{"type":"Feature","geometry":{"type":"Polygon","coordinates":[[[36.962059377063525,-1.3523026468524473],[36.96213070446125,-1.352409689340367],[36.96231804103069,-1.3522848345067366],[36.962269013826074,-1.352204547810313],[36.962313531841005,-1.3521777919840137],[36.96229123184428,-1.3521465906210914],[36.96210848639426,-1.3522669762654138],[36.96210848639425,-1.3522714224320924],[36.962059377063525,-1.3523026468524473]]]},"id":"001b0000000000005b0b","properties":{"FID":518003}},{"type":"Feature","geometry":{"type":"Polygon","coordinates":[[[36.97583804602993,-1.3513885689121814],[36.975882637748015,-1.3514063882627418],[36.97592722943889,-1.351299384299579],[36.97588263774801,-1.351281505685773],[36.97583804602993,-1.3513885689121814]]]},"id":"001b0000000000005245","properties":{"FID":518515}},{"type":"Feature","geometry":{"type":"Polygon","coordinates":[[[36.957707290314374,-1.3508713017011322],[36.95774746561658,-1.3509247740311783],[36.95784109858216,-1.3508490098254284],[36.957800923331405,-1.35079547835825],[36.957707290314374,-1.3508713017011322]]]},"id":"001b0000000000005e78","properties":{"FID":513908}},{"type":"Feature","geometry":{"type":"Polygon","coordinates":[[[36.95517898954762,-1.3524943980200135],[36.95520129171366,-1.3525300490853092],[36.95526368854645,-1.3524854834371842],[36.95523695876651,-1.3524497924584788],[36.95517898954762,-1.3524943980200135]]]},"id":"001b0000000000002fb8","properties":{"FID":515700}},{"type":"Feature","geometry":{"type":"Polygon","coordinates":[[[36.97821022205166,-1.3461267765867662],[36.978348500979045,-1.3461847759543293],[36.97838415673587,-1.346100056275181],[36.978245959843406,-1.3460420554836763],[36.97821022205166,-1.3461267765867662]]]},"id":"001b0000000000005eea","properties":{"FID":517236}},{"type":"Feature","geometry":{"type":"Polygon","coordinates":[[[36.962750594006394,-1.3521867502209663],[36.962804048062985,-1.3522669577827398],[36.962897674552586,-1.3522090372811262],[36.96284422056446,-1.352124265244429],[36.962750594006394,-1.3521867502209663]]]},"id":"001b0000000000005d50","properties":{"FID":518004}},{"type":"Feature","geometry":{"type":"Polygon","coordinates":[[[36.97647568861563,-1.3512681340655033],[36.97652921460073,-1.3513306026206524],[36.976569297586856,-1.351294921951021],[36.976511345286944,-1.3512324727665048],[36.97647568861563,-1.3512681340655033]]]},"id":"001b0000000000002834","properties":{"FID":518516}},{"type":"Feature","geometry":{"type":"Polygon","coordinates":[[[36.97891923689881,-1.3460777349372133],[36.97897276109275,-1.3461179141189445],[36.979003990351636,-1.3460777769233094],[36.97895046618059,-1.3460375977786208],[36.97891923689881,-1.3460777349372133]]]},"id":"001b000000000000528c","properties":{"FID":517237}},{"type":"Feature","geometry":{"type":"Polygon","coordinates":[[[36.962300168240844,-1.3521287659861971],[36.96232246823484,-1.3521644134749533],[36.962358131814035,-1.352142142478551],[36.96234034101924,-1.3521064742579494],[36.962300168240844,-1.3521287659861971]]]},"id":"001b00000000000036f6","properties":{"FID":518005}},{"type":"Feature","geometry":{"type":"Polygon","coordinates":[[[36.95784109858216,-1.3507910311558815],[36.95790800262424,-1.350875745694658],[36.95799712592833,-1.3508043894017943],[36.95793030395799,-1.3507196736250204],[36.95784109858216,-1.3507910311558815]]]},"id":"001b000000000000502a","properties":{"FID":513910}},{"type":"Feature","geometry":{"type":"Polygon","coordinates":[[[36.95737285056443,-1.3525032944693354],[36.95745311952356,-1.352614809586102],[36.957555689842565,-1.3525389992725372],[36.95747993048414,-1.3524275229905596],[36.95737285056443,-1.3525032944693354]]]},"id":"001b0000000000006014","properties":{"FID":515702}},{"type":"Feature","geometry":{"type":"Polygon","coordinates":[[[36.97900841654473,-1.3461089873365837],[36.979128825287226,-1.3461669465041328],[36.97916898881272,-1.346086651636367],[36.9790440719793,-1.346028712974667],[36.97900841654473,-1.3461089873365837]]]},"id":"001b0000000000004c86","properties":{"FID":517238}},{"type":"Feature","geometry":{"type":"Polygon","coordinates":[[[36.961555492108204,-1.352146609592796],[36.96157779232938,-1.3521867036253967],[36.961689293333194,-1.3521243154932914],[36.96166256590218,-1.3520796761495688],[36.961555492108204,-1.352146609592796]]]},"id":"001b0000000000004cb7","properties":{"FID":518006}},{"type":"Feature","geometry":{"type":"Polygon","coordinates":[[[36.975726566615556,-1.3513796420380864],[36.975815750160656,-1.3514063902104274],[36.97586476827602,-1.3512369553314614],[36.97577558479078,-1.351210207120678],[36.975726566615556,-1.3513796420380864]]]},"id":"001b000000000000621c","properties":{"FID":518518}},{"type":"Feature","geometry":{"type":"Polygon","coordinates":[[[36.978437681322056,-1.3460287097865768],[36.978491205869,-1.3460509929251823],[36.97850456650783,-1.3460153197020166],[36.97845555016444,-1.3459930161114098],[36.978437681322056,-1.3460287097865768]]]},"id":"001b0000000000003c40","properties":{"FID":517239}},{"type":"Feature","geometry":{"type":"Polygon","coordinates":[[[36.963669145702674,-1.3521376603895505],[36.96382073349752,-1.3522982286725094],[36.96390550446909,-1.3522179392598799],[36.9637538348664,-1.3520618781639646],[36.963669145702674,-1.3521376603895505]]]},"id":"001b0000000000006202","properties":{"FID":518007}},{"type":"Feature","geometry":{"type":"Polygon","coordinates":[[[36.97055840730159,-1.3512057096525947],[36.97067440327802,-1.3512547454485966],[36.97070555410958,-1.3511745284253245],[36.97062980838026,-1.3511388263408737],[36.97061193762314,-1.3511745299926892],[36.9705762780718,-1.3511566692928674],[36.97055840730159,-1.3512057096525947]]]},"id":"001b0000000000003441","properties":{"FID":518519}},{"type":"Feature","geometry":{"type":"Polygon","coordinates":[[[36.97628396198566,-1.3460733108955862],[36.976390932228206,-1.3461089908274597],[36.976422162591305,-1.3460197845140123],[36.97631961875058,-1.345984085571059],[36.97628396198566,-1.3460733108955862]]]},"id":"001b0000000000004b94","properties":{"FID":517240}},{"type":"Feature","geometry":{"type":"Polygon","coordinates":[[[36.96045859158278,-1.3521064426266562],[36.96048531945397,-1.352164421422895],[36.9605165566162,-1.3521510617391295],[36.96054779376508,-1.352217912279844],[36.96063248654516,-1.3521822616606654],[36.960574521603654,-1.3520529270980863],[36.96045859158278,-1.3521064426266562]]]},"id":"001b00000000000035d5","properties":{"FID":518008}},{"type":"Feature","geometry":{"type":"Polygon","coordinates":[[[36.955285990686654,-1.3524141202259468],[36.95531723007013,-1.352463189391471],[36.95529492793945,-1.3524765692997498],[36.955370771554605,-1.3525969405836142],[36.95545547033132,-1.3525389949462168],[36.95534846944026,-1.3523739999677256],[36.955285990686654,-1.3524141202259468]]]},"id":"001b00000000000035e3","properties":{"FID":515705}},{"type":"Feature","geometry":{"type":"Polygon","coordinates":[[[36.97218602305028,-1.3459974880549184],[36.97224397878226,-1.3460242582160873],[36.97225734056402,-1.3459974718288288],[36.972199384842625,-1.3459707609378446],[36.97218602305028,-1.3459974880549184]]]},"id":"001b000000000000496f","properties":{"FID":517241}},{"type":"Feature","geometry":{"type":"Polygon","coordinates":[[[36.9610650494947,-1.35210646689696],[36.96111407750679,-1.3522000933156717],[36.96123443375824,-1.3521332199921026],[36.961185405826875,-1.352044040049909],[36.9610650494947,-1.35210646689696]]]},"id":"001b0000000000005f92","properties":{"FID":518009}},{"type":"Feature","geometry":{"type":"Polygon","coordinates":[[[36.957515596425644,-1.3524319884000067],[36.95756905430999,-1.352530046939061],[36.95767613394237,-1.3524765670274017],[36.95762702163427,-1.3523739851665388],[36.957515596425644,-1.3524319884000067]]]},"id":"001b0000000000005ef6","properties":{"FID":515706}},{"type":"Feature","geometry":{"type":"Polygon","coordinates":[[[36.9763240451064,-1.3459306134723439],[36.976390932228206,-1.345961846442279],[36.97640880157145,-1.34592615195378],[36.97634191446601,-1.3458993635334595],[36.9763240451064,-1.3459306134723439]]]},"id":"001b00000000000042d7","properties":{"FID":517242}},{"type":"Feature","geometry":{"type":"Polygon","coordinates":[[[36.96261228555277,-1.3520618687819268],[36.96263909462143,-1.3520841569683113],[36.962674758046155,-1.35204404243349],[36.96265245815963,-1.3520217335090692],[36.96261228555277,-1.3520618687819268]]]},"id":"001b00000000000036cc","properties":{"FID":518010}},{"type":"Feature","geometry":{"type":"Polygon","coordinates":[[[36.97900841654473,-1.3459395073062153],[36.979088743706086,-1.345984130894537],[36.97912439910143,-1.345917249375761],[36.9790440719793,-1.345872625829025],[36.97900841654473,-1.3459395073062153]]]},"id":"001b00000000000014ad","properties":{"FID":517243}},{"type":"Feature","geometry":{"type":"Polygon","coordinates":[[[36.95897813101577,-1.352075215774697],[36.95905839821264,-1.3521822812639916],[36.9591431747069,-1.3521198322158032],[36.959062907603105,-1.3520083799582447],[36.95897813101577,-1.352075215774697]]]},"id":"001b0000000000004fe5","properties":{"FID":518011}},{"type":"Feature","geometry":{"type":"Polygon","coordinates":[[[36.978754237873325,-1.3459261647342655],[36.97884341772078,-1.345961802387873],[36.97886128646389,-1.345908331373094],[36.97877210663825,-1.3458770788657457],[36.978754237873325,-1.3459261647342655]]]},"id":"001b00000000000034cb","properties":{"FID":517244}},{"type":"Feature","geometry":{"type":"Polygon","coordinates":[[[36.96406151887254,-1.3520395804085255],[36.96409275450659,-1.3520930896194128],[36.96413284431653,-1.3520663538192152],[36.964101690682895,-1.3520128432121643],[36.96406151887254,-1.3520395804085255]]]},"id":"001b000000000000222f","properties":{"FID":518012}},{"type":"Feature","geometry":{"type":"Polygon","coordinates":[[[36.956436509517296,-1.352418596941789],[36.95652120705968,-1.3525255881106428],[36.95660590450398,-1.3524587504488446],[36.95652120705969,-1.352351700250215],[36.956436509517296,-1.352418596941789]]]},"id":"001b0000000000004cc1","properties":{"FID":515709}},{"type":"Feature","geometry":{"type":"Polygon","coordinates":[[[36.96061912263769,-1.352026169496376],[36.96068602413771,-1.3521644155777515],[36.960828681543575,-1.3520975611768105],[36.960801953797926,-1.3520351365184757],[36.9607617801741,-1.3520529230603322],[36.96073505240399,-1.351995003905229],[36.96066815094884,-1.3520261884943057],[36.960659214352766,-1.3520038789124034],[36.96061912263769,-1.352026169496376]]]},"id":"001b000000000000604c","properties":{"FID":518013}},{"type":"Feature","geometry":{"type":"Polygon","coordinates":[[[36.95790800262424,-1.350626046864567],[36.95795260528494,-1.3506840050511881],[36.95809526802436,-1.35058591236681],[36.958046237987844,-1.3505190219939414],[36.957961460221696,-1.3505814672091643],[36.95796596967981,-1.35058589272178],[36.95790800262424,-1.350626046864567]]]},"id":"001b00000000000056c9","properties":{"FID":513918}},{"type":"Feature","geometry":{"type":"Polygon","coordinates":[[[36.975985182202336,-1.3460019693203984],[36.97606543071962,-1.3460376478205474],[36.97613674444546,-1.3458815384785137],[36.976172483251986,-1.3458993959639918],[36.97618584431507,-1.3458592773578752],[36.97607436543162,-1.3458102247920791],[36.975985182202336,-1.3460019693203984]]]},"id":"001b0000000000005d7d","properties":{"FID":517246}},{"type":"Feature","geometry":{"type":"Polygon","coordinates":[[[36.96220211377476,-1.3520306760803933],[36.96227786824005,-1.3521287468887746],[36.962376004589714,-1.3520574080114938],[36.96230016824084,-1.351959279639558],[36.96220211377476,-1.3520306760803933]]]},"id":"001b0000000000004d70","properties":{"FID":518014}},{"type":"Feature","geometry":{"type":"Polygon","coordinates":[[[36.97766628414485,-1.3458592377270775],[36.97781341663365,-1.3459171995505816],[36.977849072651765,-1.3458280356503862],[36.97770194023482,-1.3457656293960745],[36.97766628414485,-1.3458592377270775]]]},"id":"001b00000000000053ba","properties":{"FID":517247}},{"type":"Feature","geometry":{"type":"Polygon","coordinates":[[[36.96285315689341,-1.3520038841052635],[36.9628798838891,-1.3520395712163387],[36.96293341983571,-1.3520038821048141],[36.9629111200281,-1.3519682350214925],[36.96285315689341,-1.3520038841052635]]]},"id":"001b0000000000002a79","properties":{"FID":518015}},{"type":"Feature","geometry":{"type":"Polygon","coordinates":[[[36.957002743110614,-1.3504877828519255],[36.95705628336106,-1.3505636051684233],[36.957216821886185,-1.3504521529615805],[36.95719009282014,-1.3504075126512036],[36.957154426719875,-1.3504298423541492],[36.957132125149485,-1.3503941345134631],[36.957002743110614,-1.3504877828519255]]]},"id":"001b0000000000006141","properties":{"FID":513920}},{"type":"Feature","geometry":{"type":"Polygon","coordinates":[[[36.97652921460073,-1.3458325250724172],[36.9765738058968,-1.3458413961712228],[36.97658716688646,-1.3457745515148591],[36.976547001940844,-1.345765602149128],[36.97652921460073,-1.3458325250724172]]]},"id":"001b000000000000140d","properties":{"FID":517248}},{"type":"Feature","geometry":{"type":"Polygon","coordinates":[[[36.961225579217896,-1.3520127964856907],[36.96127903438967,-1.352097510821116],[36.961354871797894,-1.352048501530255],[36.96130133469518,-1.3519637888221263],[36.961225579217896,-1.3520127964856907]]]},"id":"001b0000000000005b55","properties":{"FID":518016}},{"type":"Feature","geometry":{"type":"Polygon","coordinates":[[[36.957702862830736,-1.3503941547091858],[36.95772065475409,-1.350434269833372],[36.957756402568556,-1.3504208904393682],[36.957738528663505,-1.3503763306345253],[36.957702862830736,-1.3503941547091858]]]},"id":"001b0000000000000ec6","properties":{"FID":513921}},{"type":"Feature","geometry":{"type":"Polygon","coordinates":[[[36.97842432067098,-1.3458146654561043],[36.97852243533385,-1.3458503230984378],[36.978553582818314,-1.345761180626823],[36.97845555016445,-1.3457254622755694],[36.97842432067098,-1.3458146654561043]]]},"id":"001b0000000000005e8f","properties":{"FID":517249}},{"type":"Feature","geometry":{"type":"Polygon","coordinates":[[[36.96253653143407,-1.3519815829472372],[36.962572194908816,-1.3520529768499907],[36.96263015826631,-1.3520262197735622],[36.962594494819825,-1.3519503798699484],[36.96253653143407,-1.3519815829472372]]]},"id":"001b0000000000004fe6","properties":{"FID":518017}},{"type":"Feature","geometry":{"type":"Polygon","coordinates":[[[36.957511086939746,-1.3504699974041072],[36.957564626817984,-1.3505190234552147],[36.957653832531086,-1.3504253763954366],[36.957600292718176,-1.3503718450190338],[36.957511086939746,-1.3504699974041072]]]},"id":"001b00000000000056d0","properties":{"FID":513922}},{"type":"Feature","geometry":{"type":"Polygon","coordinates":[[[36.976324045106395,-1.345805751627262],[36.97636421017464,-1.3458191455414903],[36.97639986690038,-1.345738869374234],[36.976359701851756,-1.3457210309421732],[36.976324045106395,-1.345805751627262]]]},"id":"001b0000000000001e7f","properties":{"FID":517250}},{"type":"Feature","geometry":{"type":"Polygon","coordinates":[[[36.959905666804,-1.3519816246204825],[36.96002159770166,-1.352146568386854],[36.9599725689569,-1.3521777919172115],[36.96003496171835,-1.3522714196976846],[36.960141955751695,-1.3522000991319147],[36.9599636322758,-1.351941468831524],[36.959905666804,-1.3519816246204825]]]},"id":"001b0000000000005ec0","properties":{"FID":518018}},{"type":"Feature","geometry":{"type":"Polygon","coordinates":[[[36.96140389961562,-1.3519281182197047],[36.96146637314172,-1.3520217423122347],[36.96155106485761,-1.3519637431089597],[36.96148416414923,-1.35187013852752],[36.96140389961562,-1.3519281182197047]]]},"id":"001b0000000000005fe8","properties":{"FID":518019}},{"type":"Feature","geometry":{"type":"Polygon","coordinates":[[[36.95581222083009,-1.3503941732495732],[36.95584788758499,-1.3504476670514178],[36.955865679959665,-1.3504343092464484],[36.955892491502276,-1.350465491486317],[36.95597276208636,-1.350407512008015],[36.95591479345072,-1.3503228155340483],[36.95581222083009,-1.3503941732495732]]]},"id":"001b0000000000005b35","properties":{"FID":513924}},{"type":"Feature","geometry":{"type":"Polygon","coordinates":[[[36.962625731080784,-1.3519236231060003],[36.962688121577834,-1.3520217525390865],[36.96279511172803,-1.3519548218436128],[36.962732721322304,-1.3518567519677869],[36.962625731080784,-1.3519236231060003]]]},"id":"001b00000000000057d9","properties":{"FID":518020}},{"type":"Feature","geometry":{"type":"Polygon","coordinates":[[[36.95777862195819,-1.3503986214157346],[36.957850035522696,-1.3504922663488719],[36.95794809582599,-1.3504164845014053],[36.957881191820604,-1.350322819176496],[36.95777862195819,-1.3503986214157346]]]},"id":"001b0000000000003a53","properties":{"FID":513925}},{"type":"Feature","geometry":{"type":"Polygon","coordinates":[[[36.9765782322372,-1.3457388570999027],[36.97669864498711,-1.3457923736529633],[36.976738727880225,-1.3456987454297475],[36.976622823503334,-1.3456452084806916],[36.9765782322372,-1.3457388570999027]]]},"id":"001b0000000000004e03","properties":{"FID":517253}},{"type":"Feature","geometry":{"type":"Polygon","coordinates":[[[36.95890237313115,-1.3518790257746431],[36.95893803837882,-1.351986052583736],[36.9590406066148,-1.35195482731616],[36.959013796226486,-1.351870112158239],[36.95895583000161,-1.3518879774978723],[36.95894697518528,-1.3518656660448434],[36.95890237313115,-1.3518790257746431]]]},"id":"001b00000000000055a1","properties":{"FID":518021}},{"type":"Feature","geometry":{"type":"Polygon","coordinates":[[[36.957635958600974,-1.352369557939923],[36.95767613394237,-1.352436430501524],[36.95778755890636,-1.352365088094159],[36.95772516422706,-1.3522670109796238],[36.95764489556658,-1.35231604217172],[36.95766719698058,-1.3523472455331915],[36.957635958600974,-1.352369557939923]]]},"id":"001b0000000000002708","properties":{"FID":515718}},{"type":"Feature","geometry":{"type":"Polygon","coordinates":[[[36.96212627724549,-1.351887967783956],[36.962157513706536,-1.3519637680546317],[36.96224671381577,-1.351932543969656],[36.962215477392846,-1.351852297736265],[36.96212627724549,-1.351887967783956]]]},"id":"001b000000000000587f","properties":{"FID":518022}},{"type":"Feature","geometry":{"type":"Polygon","coordinates":[[[36.97645339294105,-1.3456987522219306],[36.97656036293541,-1.3457477656998182],[36.976604954212455,-1.345649672537972],[36.97650241062841,-1.3456006401202019],[36.97645339294105,-1.3456987522219306]]]},"id":"001b0000000000002e5a","properties":{"FID":517255}},{"type":"Feature","geometry":{"type":"Polygon","coordinates":[[[36.95902724241635,-1.3518656643802243],[36.959062907603105,-1.3519191575882938],[36.95914760210332,-1.3518656626032683],[36.95910750955931,-1.3518076832405168],[36.95902724241635,-1.3518656643802243]]]},"id":"001b00000000000021bb","properties":{"FID":518023}},{"type":"Feature","geometry":{"type":"Polygon","coordinates":[[[36.95792136702727,-1.3502826845548626],[36.95793473142784,-1.3503094209382294],[36.95797933407225,-1.3502871702878576],[36.95796596967981,-1.3502603746517368],[36.95792136702727,-1.3502826845548626]]]},"id":"001b0000000000001224","properties":{"FID":513928}},{"type":"Feature","geometry":{"type":"Polygon","coordinates":[[[36.972475883224256,-1.3456898246171098],[36.972600729319225,-1.3457878911098342],[36.97266761985094,-1.3456987032167755],[36.97253826531151,-1.345605102059789],[36.972475883224256,-1.3456898246171098]]]},"id":"001b0000000000005c3d","properties":{"FID":517256}},{"type":"Feature","geometry":{"type":"Polygon","coordinates":[[[36.96024452229872,-1.3518701458391809],[36.960280186891666,-1.3519147457577239],[36.9603069968156,-1.3518969000303398],[36.96038275324477,-1.3519860805594512],[36.96046752820338,-1.3519102351303447],[36.96035602533608,-1.3517764565081498],[36.96024452229872,-1.3518701458391809]]]},"id":"001b00000000000058dd","properties":{"FID":518024}},{"type":"Feature","geometry":{"type":"Polygon","coordinates":[[[36.95670847601137,-1.352240237734649],[36.956766444017866,-1.352374025788722],[36.9568734428342,-1.3523294402347916],[36.95681547491253,-1.352195652507073],[36.95670847601137,-1.352240237734649]]]},"id":"001b0000000000006165","properties":{"FID":515721}},{"type":"Feature","geometry":{"type":"Polygon","coordinates":[[[36.97709996474035,-1.3456630855231086],[36.977180212032614,-1.3456942597288557],[36.97721144205818,-1.3456095592475994],[36.977131194800215,-1.3455783257880032],[36.97709996474035,-1.3456630855231086]]]},"id":"001b00000000000057f6","properties":{"FID":517257}},{"type":"Feature","geometry":{"type":"Polygon","coordinates":[[[36.968614238139935,-1.3518611856783829],[36.96877483326033,-1.3519236574528637],[36.96881049369093,-1.3518300194636739],[36.96864998062708,-1.3517675462474488],[36.968614238139935,-1.3518611856783829]]]},"id":"001b00000000000059ce","properties":{"FID":518025}},{"type":"Feature","geometry":{"type":"Polygon","coordinates":[[[36.96103381256684,-1.3518255480834636],[36.96107841332066,-1.3518969030702455],[36.96109177714416,-1.3518879513810567],[36.961145314400355,-1.3519726641828471],[36.96121664268997,-1.3519281220381922],[36.961198769630826,-1.3519013472609753],[36.9612389430145,-1.3518790555146694],[36.96115867821164,-1.3517497036698571],[36.96103381256684,-1.3518255480834636]]]},"id":"001b00000000000060d7","properties":{"FID":518026}},{"type":"Feature","geometry":{"type":"Polygon","coordinates":[[[36.957413026050396,-1.3502336576451748],[36.95747542099604,-1.350304994599531],[36.95758241877496,-1.3502157754838817],[36.95752445141532,-1.3501444788408783],[36.957413026050396,-1.3502336576451748]]]},"id":"001b0000000000004f7f","properties":{"FID":513931}},{"type":"Feature","geometry":{"type":"Polygon","coordinates":[[[36.97633740614176,-1.345649661015564],[36.97643552360871,-1.3456942680294846],[36.97648011496198,-1.3455917304085825],[36.97638650587645,-1.3455471030051527],[36.97633740614176,-1.345649661015564]]]},"id":"001b0000000000005e6a","properties":{"FID":517259}},{"type":"Feature","geometry":{"type":"Polygon","coordinates":[[[36.95953106280937,-1.3518255401036299],[36.959606902030856,-1.35194590309015],[36.95973177011281,-1.3518656700035683],[36.95965593102084,-1.351745248135369],[36.95953106280937,-1.3518255401036299]]]},"id":"001b00000000000056ef","properties":{"FID":518027}},{"type":"Feature","geometry":{"type":"Polygon","coordinates":[[[36.957631531113016,-1.3502069019407434],[36.95769392587222,-1.3502871309658346],[36.957796495853444,-1.3502068829028457],[36.957738528663505,-1.350126634924164],[36.957631531113016,-1.3502069019407434]]]},"id":"001b0000000000004d06","properties":{"FID":513932}},{"type":"Feature","geometry":{"type":"Polygon","coordinates":[[[36.97618133598118,-1.345654138296658],[36.97628838834363,-1.3456808686700104],[36.97631961875059,-1.3455382110444796],[36.97621707476588,-1.3455159046772023],[36.97618133598118,-1.345654138296658]]]},"id":"001b0000000000006045","properties":{"FID":517260}},{"type":"Feature","geometry":{"type":"Polygon","coordinates":[[[36.96179185770931,-1.3518077077341517],[36.96184982168557,-1.3518835080606244],[36.9619791131615,-1.3517809681784043],[36.96192114928776,-1.3517051681328742],[36.96179185770931,-1.3518077077341517]]]},"id":"001b00000000000054af","properties":{"FID":518028}},{"type":"Feature","geometry":{"type":"Polygon","coordinates":[[[36.97088844201326,-1.345538192212304],[36.97096418747442,-1.3455738936562354],[36.97098205814538,-1.3455381972793488],[36.97090623072711,-1.3455025565600498],[36.97088844201326,-1.345538192212304]]]},"id":"001b0000000000004dfd","properties":{"FID":517261}},{"type":"Feature","geometry":{"type":"Polygon","coordinates":[[[36.96134150802248,-1.3517854072848245],[36.96139053584916,-1.3518567426315833],[36.96151982813742,-1.3517675407175003],[36.96147080039745,-1.351696205622194],[36.96134150802248,-1.3517854072848245]]]},"id":"001b0000000000005544","properties":{"FID":518029}},{"type":"Feature","geometry":{"type":"Polygon","coordinates":[[[36.956070824907115,-1.3501890340092493],[36.95612436583988,-1.3502737492678831],[36.95624473030515,-1.350197986358415],[36.95619118946052,-1.3501132120862698],[36.956070824907115,-1.3501890340092493]]]},"id":"001b0000000000005382","properties":{"FID":513934}},{"type":"Feature","geometry":{"type":"Polygon","coordinates":[[[36.956797682768936,-1.3522001183352073],[36.95692698317931,-1.3523160397192076],[36.95699831558433,-1.3522357451739084],[36.956864505774305,-1.3521198447937834],[36.956797682768936,-1.3522001183352073]]]},"id":"001b0000000000005c74","properties":{"FID":515726}},{"type":"Feature","geometry":{"type":"Polygon","coordinates":[[[36.9779828440404,-1.3455872718021606],[36.978023008196246,-1.3456006061608756],[36.97805866411203,-1.3455114434614062],[36.978018499975775,-1.345498049840692],[36.9779828440404,-1.3455872718021606]]]},"id":"001b0000000000004ac6","properties":{"FID":517262}},{"type":"Feature","geometry":{"type":"Polygon","coordinates":[[[36.96838683025488,-1.3517809312516722],[36.9685919400657,-1.3518567208455015],[36.96862768256374,-1.3517586356677584],[36.968422572853264,-1.351682846076877],[36.96838683025488,-1.3517809312516722]]]},"id":"001b0000000000005c7f","properties":{"FID":518030}},{"type":"Feature","geometry":{"type":"Polygon","coordinates":[[[36.95730151852478,-1.352356167808432],[36.95735948606116,-1.3524408663120677],[36.957551262349746,-1.3523026457539526],[36.9574620565115,-1.3521778322962639],[36.957377360058864,-1.3522357755771492],[36.95740851655817,-1.3522803389609839],[36.95730151852478,-1.352356167808432]]]},"id":"001b0000000000006012","properties":{"FID":515727}},{"type":"Feature","geometry":{"type":"Polygon","coordinates":[[[36.97847333703533,-1.3455738608754346],[36.97861604168131,-1.345640789079923],[36.97866505791695,-1.3455381761691974],[36.97854915659764,-1.3454802555734386],[36.97852243533386,-1.3455292603608466],[36.978495632093185,-1.3455203713311619],[36.97847333703533,-1.3455738608754346]]]},"id":"001b0000000000005713","properties":{"FID":517263}},{"type":"Feature","geometry":{"type":"Polygon","coordinates":[[[36.960641423144494,-1.3517586459839344],[36.960677087543814,-1.3518032455750466],[36.96081080838959,-1.3517051315268154],[36.9607751440555,-1.3516605320979076],[36.960641423144494,-1.3517586459839344]]]},"id":"001b0000000000002a04","properties":{"FID":518031}},{"type":"Feature","geometry":{"type":"Polygon","coordinates":[[[36.95761365717745,-1.3501311007374774],[36.95764932305373,-1.350180146846517],[36.95769392587223,-1.3501488854404806],[36.9576582600177,-1.3500998393908636],[36.95761365717745,-1.3501311007374774]]]},"id":"001b00000000000033df","properties":{"FID":513936}},{"type":"Feature","geometry":{"type":"Polygon","coordinates":[[[36.96243396810277,-1.3517140294984864],[36.962478568002325,-1.3518032266345692],[36.962625731080784,-1.3517274620596387],[36.96258113127103,-1.35164271130675],[36.96243396810277,-1.3517140294984864]]]},"id":"001b00000000000055b8","properties":{"FID":518032}},{"type":"Feature","geometry":{"type":"Polygon","coordinates":[[[36.95464840917304,-1.3501266208257623],[36.954670629507035,-1.3501845626184987],[36.954715234142334,-1.350166757602388],[36.95471080647756,-1.3501622711927557],[36.95475090143224,-1.350148933144369],[36.95473310878635,-1.3500954185810587],[36.95464840917304,-1.3501266208257623]]]},"id":"001b0000000000000697","properties":{"FID":513937}},{"type":"Feature","geometry":{"type":"Polygon","coordinates":[[[36.9578187972212,-1.3521332019415326],[36.95784109858216,-1.3521644051164905],[36.95791685756639,-1.3521198415431035],[36.95789455622854,-1.3520841920482674],[36.9578187972212,-1.3521332019415326]]]},"id":"001b00000000000006c5","properties":{"FID":515729}},{"type":"Feature","geometry":{"type":"Polygon","coordinates":[[[36.962964573967305,-1.351722989814699],[36.96300917354311,-1.3518166324150236],[36.963165271844105,-1.3517408282052696],[36.963107308910956,-1.3516248965697173],[36.96306713655408,-1.3516471875436284],[36.963080500014016,-1.351669476955133],[36.962964573967305,-1.351722989814699]]]},"id":"001b0000000000005ce9","properties":{"FID":518033}},{"type":"Feature","geometry":{"type":"Polygon","coordinates":[[[36.95752896090039,-1.3501132166254624],[36.957564626817984,-1.3501667682001246],[36.957600292718176,-1.350144438893711],[36.95756905430999,-1.3500864813294098],[36.95752896090039,-1.3501132166254624]]]},"id":"001b0000000000004781","properties":{"FID":513938}},{"type":"Feature","geometry":{"type":"Polygon","coordinates":[[[36.95460823216826,-1.3521020248701698],[36.95467956683504,-1.3522670013891873],[36.95476877606754,-1.352226881016128],[36.95469744148777,-1.352061845556877],[36.95460823216826,-1.3521020248701698]]]},"id":"001b0000000000004c71","properties":{"FID":515730}},{"type":"Feature","geometry":{"type":"Polygon","coordinates":[[[36.97715791657313,-1.345573883080913],[36.97722037662995,-1.3456050753837479],[36.977233737501315,-1.3455827947426084],[36.97727382010073,-1.3456006344028462],[36.977318410942104,-1.3455114314767531],[36.97726496750398,-1.3454847020749339],[36.97729168922793,-1.34543563735147],[36.97724267207036,-1.3454088889779767],[36.97715791657313,-1.345573883080913]]]},"id":"001b00000000000061ba","properties":{"FID":517266}},{"type":"Feature","geometry":{"type":"Polygon","coordinates":[[[36.964199742600734,-1.3517184967277003],[36.96428894021776,-1.351856754581487],[36.964364774503245,-1.3518121342827851],[36.964382564805305,-1.3518389093618648],[36.964453971918864,-1.3517898624762978],[36.96440486416398,-1.3517185315303653],[36.96434247513233,-1.351758644824165],[36.96432911190312,-1.35173635573443],[36.96439150094618,-1.35170068844257],[36.96434247513233,-1.3516248508774045],[36.964199742600734,-1.3517184967277003]]]},"id":"001b000000000000606b","properties":{"FID":518034}},{"type":"Feature","geometry":{"type":"Polygon","coordinates":[[[36.95436741565855,-1.3502202304486481],[36.95446556262595,-1.3503094334179113],[36.95458592982138,-1.3501801352304283],[36.95448786500953,-1.350090931128815],[36.95436741565855,-1.3502202304486481]]]},"id":"001b0000000000005dd7","properties":{"FID":513939}},{"type":"Feature","geometry":{"type":"Polygon","coordinates":[[[36.95769843534684,-1.3520707766813675],[36.957765257529076,-1.3521599413259875],[36.95779206837521,-1.3521376484727647],[36.957725164227064,-1.3520529317377838],[36.95769843534684,-1.3520707766813675]]]},"id":"001b0000000000004ab9","properties":{"FID":515731}},{"type":"Feature","geometry":{"type":"Polygon","coordinates":[[[36.9780318607011,-1.3454668807268824],[36.97806309036242,-1.34548025449122],[36.978085385545526,-1.34541337245241],[36.978058664112034,-1.3453999782718014],[36.9780318607011,-1.3454668807268824]]]},"id":"001b00000000000040df","properties":{"FID":517267}},{"type":"Feature","geometry":{"type":"Polygon","coordinates":[[[36.961992476820356,-1.3516784113586964],[36.96206388626889,-1.3518121277361042],[36.96213070446125,-1.3517764993664219],[36.96209504077109,-1.3517051647918672],[36.962121850029455,-1.351691765712877],[36.962090613553165,-1.351624858070686],[36.961992476820356,-1.3516784113586964]]]},"id":"001b0000000000005770","properties":{"FID":518035}},{"type":"Feature","geometry":{"type":"Polygon","coordinates":[[[36.955526804171726,-1.3520707825606362],[36.9555892007268,-1.3521644155490893],[36.95567398124325,-1.3521109163060325],[36.955607075157204,-1.3520127984841648],[36.955526804171726,-1.3520707825606362]]]},"id":"001b0000000000005dbf","properties":{"FID":515732}},{"type":"Feature","geometry":{"type":"Polygon","coordinates":[[[36.97811661518395,-1.345408909438938],[36.97825038608245,-1.3454356409443702],[36.97826825497068,-1.3453286011181687],[36.97813448410492,-1.3453063138851271],[36.97811661518395,-1.345408909438938]]]},"id":"001b00000000000023e5","properties":{"FID":517268}},{"type":"Feature","geometry":{"type":"Polygon","coordinates":[[[36.95859909483939,-1.3516248628428065],[36.95867050760256,-1.3517319071808487],[36.95876856680551,-1.3516694606076467],[36.958715109798135,-1.3515891905506647],[36.958692808703745,-1.3516070156171331],[36.95867050760256,-1.3515802594109094],[36.95859909483939,-1.3516248628428065]]]},"id":"001b0000000000004cd7","properties":{"FID":518036}},{"type":"Feature","geometry":{"type":"Polygon","coordinates":[[[36.957488785478134,-1.350064191141147],[36.957520023920615,-1.3501043048829608],[36.95756019932571,-1.3500775681425405],[36.95752896090039,-1.3500374544427087],[36.957488785478134,-1.350064191141147]]]},"id":"001b00000000000003c3","properties":{"FID":513941}},{"type":"Feature","geometry":{"type":"Polygon","coordinates":[[[36.97700184816613,-1.3453196936012974],[36.97711332563374,-1.345359856660042],[36.977153490267874,-1.3452572807922012],[36.977042012861574,-1.3452171177331649],[36.97700184816613,-1.3453196936012974]]]},"id":"001b0000000000005f0c","properties":{"FID":517269}},{"type":"Feature","geometry":{"type":"Polygon","coordinates":[[[36.963513048477765,-1.3516159770870797],[36.96358888356827,-1.3517318872936426],[36.963673572824995,-1.3516783956124483],[36.963597819806175,-1.3515624249293512],[36.963513048477765,-1.3516159770870797]]]},"id":"001b00000000000050b7","properties":{"FID":518037}},{"type":"Feature","geometry":{"type":"Polygon","coordinates":[[[36.95541980338503,-1.3500463754912742],[36.95545104271135,-1.3500953828168887],[36.9554822000314,-1.3500731329562137],[36.95545547033132,-1.3500284920093908],[36.95541980338503,-1.3500463754912742]]]},"id":"001b0000000000003de9","properties":{"FID":513942}},{"type":"Feature","geometry":{"type":"Polygon","coordinates":[[[36.958059602365594,-1.35175863565362],[36.958090758574215,-1.3518388874415421],[36.958291469831465,-1.3517541655232814],[36.95821562924551,-1.3515713749495664],[36.958059602365594,-1.3516382293310398],[36.958104204933825,-1.3517408295977824],[36.958059602365594,-1.35175863565362]]]},"id":"001b0000000000005ed3","properties":{"FID":518038}},{"type":"Feature","geometry":{"type":"Polygon","coordinates":[[[36.97873194289444,-1.345230512309447],[36.978781041019076,-1.3452483700197475],[36.978803335982974,-1.3451769855309745],[36.97875874604838,-1.345159166668693],[36.97873194289444,-1.345230512309447]]]},"id":"001b00000000000047e8","properties":{"FID":517271}},{"type":"Feature","geometry":{"type":"Polygon","coordinates":[[[36.958402893857766,-1.3515847704606656],[36.9584297044701,-1.3516560875039227],[36.95847430681256,-1.3516382223480392],[36.958465369948335,-1.3516159716309069],[36.9585367008526,-1.3515847677180999],[36.95851890912781,-1.3515401463646468],[36.958402893857766,-1.3515847704606656]]]},"id":"001b0000000000005aa1","properties":{"FID":518039}},{"type":"Feature","geometry":{"type":"Polygon","coordinates":[[[36.95628039684911,-1.3500463608288047],[36.956325000502595,-1.3501355616314692],[36.95639633349483,-1.350104300373406],[36.95635623944224,-1.3500151383696475],[36.95628039684911,-1.3500463608288047]]]},"id":"001b0000000000002333","properties":{"FID":513944}},{"type":"Feature","geometry":{"type":"Polygon","coordinates":[[[36.962331404627584,-1.3515847201512425],[36.962376004589714,-1.3516560735672631],[36.962398304560566,-1.3516382492371595],[36.96242503172258,-1.3516828284452955],[36.96255883135594,-1.3515981129459154],[36.9625275950664,-1.3515446032518568],[36.96246520443234,-1.3515847170801434],[36.962429540905376,-1.351526780562334],[36.962331404627584,-1.3515847201512425]]]},"id":"001b0000000000005b83","properties":{"FID":518040}},{"type":"Feature","geometry":{"type":"Polygon","coordinates":[[[36.977148981993714,-1.3451948424744609],[36.977180212032614,-1.3452082164053258],[36.97719357291132,-1.3451547067840777],[36.97716234287813,-1.3451457772507447],[36.977148981993714,-1.3451948424744609]]]},"id":"001b000000000000207a","properties":{"FID":517273}},{"type":"Feature","geometry":{"type":"Polygon","coordinates":[[[36.958746265727434,-1.351562434434665],[36.958799804701236,-1.3516427029594256],[36.958839897413995,-1.351615966089227],[36.958866707866086,-1.3516560996103426],[36.95890237313115,-1.3516293227346328],[36.95882653317885,-1.3515134057117932],[36.958746265727434,-1.351562434434665]]]},"id":"001b0000000000004d3c","properties":{"FID":518041}},{"type":"Feature","geometry":{"type":"Polygon","coordinates":[[[36.95418465040334,-1.3500106977072268],[36.95419801548683,-1.3500463278525376],[36.95423811072265,-1.3500329898346963],[36.95422474564648,-1.3499973004352257],[36.95418465040334,-1.3500106977072268]]]},"id":"001b000000000000068b","properties":{"FID":513946}},{"type":"Feature","geometry":{"type":"Polygon","coordinates":[[[36.95711867861111,-1.3519771389112023],[36.95719009282014,-1.3520796803959396],[36.95727036197988,-1.3520217567121118],[36.95719894784924,-1.3519236618528987],[36.95711867861111,-1.3519771389112023]]]},"id":"001b0000000000004679","properties":{"FID":515738}},{"type":"Feature","geometry":{"type":"Polygon","coordinates":[[[36.97862940229729,-1.3451859257210779],[36.97870964790876,-1.3452127142358745],[36.97874981166483,-1.3451056966081458],[36.97866956609751,-1.3450744637827337],[36.97862940229729,-1.3451859257210779]]]},"id":"001b0000000000001032","properties":{"FID":517274}},{"type":"Feature","geometry":{"type":"Polygon","coordinates":[[[36.958286960393416,-1.3515490636033263],[36.95838510210042,-1.3516828452846035],[36.95841634015998,-1.3516605337927943],[36.9583181984949,-1.3515267522259247],[36.958286960393416,-1.3515490636033263]]]},"id":"001b000000000000258b","properties":{"FID":518042}},{"type":"Feature","geometry":{"type":"Polygon","coordinates":[[[36.97845104197067,-1.345123479407741],[36.97848669767743,-1.3451324490738186],[36.97850456650783,-1.3450655278624566],[36.97846891080981,-1.3450566174437777],[36.97845104197067,-1.345123479407741]]]},"id":"001b0000000000002622","properties":{"FID":517275}},{"type":"Feature","geometry":{"type":"Polygon","coordinates":[[[36.9599369042139,-1.35155796758924],[36.95999036032795,-1.3516873224356234],[36.96012416441754,-1.3516337871565778],[36.960070626413525,-1.3515089396181441],[36.95999036032795,-1.3515446290485755],[36.95998593298257,-1.3515356966571157],[36.9599369042139,-1.35155796758924]]]},"id":"001b0000000000005f3e","properties":{"FID":518043}},{"type":"Feature","geometry":{"type":"Polygon","coordinates":[[[36.978781041019076,-1.3451101223794877],[36.97884792589033,-1.3451324063634293],[36.97884341772078,-1.3451368710701643],[36.97890145013655,-1.3451591929493039],[36.97892374506366,-1.3450923123255416],[36.978803335982974,-1.3450476860562266],[36.978781041019076,-1.3451101223794877]]]},"id":"001b0000000000004476","properties":{"FID":517276}},{"type":"Feature","geometry":{"type":"Polygon","coordinates":[[[36.96363790988761,-1.3515579788729384],[36.9637003815044,-1.3516427075262338],[36.96381630638412,-1.3515535089520594],[36.963758343967235,-1.3514688191254567],[36.96363790988761,-1.3515579788729384]]]},"id":"001b0000000000005c0e","properties":{"FID":518044}},{"type":"Feature","geometry":{"type":"Polygon","coordinates":[[[36.95720345735438,-1.3519057962448315],[36.957265852478855,-1.3519994268675244],[36.957363995556406,-1.3519370362858179],[36.95730151852478,-1.35184334807465],[36.95720345735438,-1.3519057962448315]]]},"id":"001b0000000000004e00","properties":{"FID":515741}},{"type":"Feature","geometry":{"type":"Polygon","coordinates":[[[36.9782816156503,-1.3450610528111144],[36.97840202559136,-1.3451190716326744],[36.9784466157438,-1.3450164792942587],[36.97833063211045,-1.3449585008373506],[36.9782816156503,-1.3450610528111144]]]},"id":"001b000000000000519e","properties":{"FID":517277}},{"type":"Feature","geometry":{"type":"Polygon","coordinates":[[[36.9590183056197,-1.3515044899472666],[36.95903609722296,-1.351535712960163],[36.95911193695789,-1.351486644450945],[36.95909406338419,-1.3514598691870394],[36.9590183056197,-1.3515044899472666]]]},"id":"001b00000000000005b9","properties":{"FID":518045}},{"type":"Feature","geometry":{"type":"Polygon","coordinates":[[[36.95763595860098,-1.3500730835792802],[36.95770286283074,-1.350153351030913],[36.9578187972212,-1.3500597060985524],[36.957751893097516,-1.3499794389102602],[36.95763595860098,-1.3500730835792802]]]},"id":"001b0000000000005b46","properties":{"FID":513950}},{"type":"Feature","geometry":{"type":"Polygon","coordinates":[[[36.976609462520194,-1.3448604379714766],[36.97664069278984,-1.3448782563938826],[36.97667634938059,-1.3448024275148378],[36.9766451191262,-1.344784609110881],[36.976609462520194,-1.3448604379714766]]]},"id":"001b0000000000000eb4","properties":{"FID":517278}},{"type":"Feature","geometry":{"type":"Polygon","coordinates":[[[36.958866707866086,-1.351495560055754],[36.95892016476261,-1.3515758297972855],[36.958987067817326,-1.3515268011182513],[36.95893352898065,-1.3514465329834442],[36.958866707866086,-1.351495560055754]]]},"id":"001b00000000000044a2","properties":{"FID":518046}},{"type":"Feature","geometry":{"type":"Polygon","coordinates":[[[36.9578187972212,-1.3518834936339348],[36.95788570128367,-1.3519771620015333],[36.95797039714752,-1.3519147141422636],[36.957992698462235,-1.3519459171172237],[36.95807739420214,-1.3518835287115065],[36.95800163538424,-1.3517809473665245],[36.95790800262424,-1.3518522682479297],[36.95789012875625,-1.3518299979901347],[36.9578187972212,-1.3518834936339348]]]},"id":"001b000000000000540d","properties":{"FID":515743}},{"type":"Feature","geometry":{"type":"Polygon","coordinates":[[[36.976475688615636,-1.3447846391908909],[36.97661388885844,-1.3448336934520675],[36.97664954546227,-1.3447355835480301],[36.97651577163113,-1.3446865103545467],[36.976475688615636,-1.3447846391908909]]]},"id":"001b0000000000005c17","properties":{"FID":517279}},{"type":"Feature","geometry":{"type":"Polygon","coordinates":[[[36.960801953797926,-1.3514911026725684],[36.96082868154358,-1.3516025527152962],[36.96095797482554,-1.3515758343353936],[36.960966911385086,-1.3516204336055044],[36.96100708489618,-1.3516114805510715],[36.960966911385086,-1.3514509469353946],[36.960801953797926,-1.3514911026725684]]]},"id":"001b0000000000005af2","properties":{"FID":518047}},{"type":"Feature","geometry":{"type":"Polygon","coordinates":[[[36.955419803385034,-1.3518076702063904],[36.95547777241304,-1.3519281196162398],[36.95557583589753,-1.3518790688551654],[36.955517866947254,-1.3517586197348825],[36.955419803385034,-1.3518076702063904]]]},"id":"001b00000000000051e1","properties":{"FID":515744}},{"type":"Feature","geometry":{"type":"Polygon","coordinates":[[[36.963762771084156,-1.3511655860560476],[36.96382073349752,-1.3512636724429694],[36.963918867775746,-1.351205734791755],[36.96386090544021,-1.3511075893749322],[36.963762771084156,-1.3511655860560476]]]},"id":"001b0000000000005efa","properties":{"FID":517024}},{"type":"Feature","geometry":{"type":"Polygon","coordinates":[[[36.9770464391736,-1.3445661468927537],[36.977126686524684,-1.3445928769040725],[36.97714455568789,-1.3445349036303034],[36.97706430835645,-1.3445081736126663],[36.9770464391736,-1.3445661468927537]]]},"id":"001b0000000000004f0d","properties":{"FID":517280}},{"type":"Feature","geometry":{"type":"Polygon","coordinates":[[[36.958447496216586,-1.351433161527621],[36.958559001994594,-1.351557990806031],[36.95863484222439,-1.3514910776433837],[36.95852333656204,-1.3513662486401858],[36.958447496216586,-1.351433161527621]]]},"id":"001b000000000000537f","properties":{"FID":518048}},{"type":"Feature","geometry":{"type":"Polygon","coordinates":[[[36.96886845210078,-1.3511522385056958],[36.96898436878256,-1.3512057225673835],[36.96903339148231,-1.3511031365908472],[36.96891747487831,-1.3510496525766262],[36.96886845210078,-1.3511522385056958]]]},"id":"001b00000000000051a6","properties":{"FID":517025}},{"type":"Feature","geometry":{"type":"Polygon","coordinates":[[[36.97541442335002,-1.344525994491975],[36.9754367193418,-1.3445304599471293],[36.97542335814166,-1.3445750215576897],[36.97547237652039,-1.3445884372067407],[36.975494672494484,-1.344490325662323],[36.97542778455179,-1.3444724848790908],[36.97541442335002,-1.344525994491975]]]},"id":"001b0000000000005821","properties":{"FID":517281}},{"type":"Feature","geometry":{"type":"Polygon","coordinates":[[[36.96012416441754,-1.3514376215929678],[36.96020443035623,-1.3515312270251565],[36.960271332235735,-1.3514732475720386],[36.960306996815596,-1.351513400965313],[36.96033372474222,-1.3514911108784777],[36.9602177943395,-1.3513617984914934],[36.96012416441754,-1.3514376215929678]]]},"id":"001b0000000000005e8e","properties":{"FID":518049}},{"type":"Feature","geometry":{"type":"Polygon","coordinates":[[[36.96061912263769,-1.3510362777693035],[36.96063248654516,-1.3510942549074416],[36.96066372364451,-1.351089788272368],[36.96065035974274,-1.3510273650772207],[36.96061912263769,-1.3510362777693035]]]},"id":"001b000000000000205a","properties":{"FID":517026}},{"type":"Feature","geometry":{"type":"Polygon","coordinates":[[[36.97694832252746,-1.344481422912778],[36.97706873466712,-1.3445348798672998],[36.97710439104886,-1.3444501636884152],[36.97698397896801,-1.3443966475072968],[36.97694832252746,-1.344481422912778]]]},"id":"001b0000000000002553","properties":{"FID":517282}},{"type":"Feature","geometry":{"type":"Polygon","coordinates":[[[36.95791685756639,-1.3513662770335542],[36.95800163538424,-1.3514955532560207],[36.95805066545068,-1.3514643300561633],[36.95807296674092,-1.3514955327133653],[36.958108632393156,-1.3514732613562928],[36.95800163538424,-1.3513127220550551],[36.95791685756639,-1.3513662770335542]]]},"id":"001b0000000000005daf","properties":{"FID":518050}},{"type":"Feature","geometry":{"type":"Polygon","coordinates":[[[36.955865679959665,-1.3499973319001217],[36.95591479345073,-1.3500463778401628],[36.955977189674755,-1.349975021914466],[36.95598612684309,-1.3499616434840607],[36.95595931533481,-1.3499348484966445],[36.95591922104261,-1.3499749820231717],[36.95589691909552,-1.3499616235864604],[36.955865679959665,-1.3499973319001217]]]},"id":"001b000000000000538a","properties":{"FID":513955}},{"type":"Feature","geometry":{"type":"Polygon","coordinates":[[[36.95740851655817,-1.351785425090216],[36.95747542099604,-1.3518745881126084],[36.95757799128377,-1.351794334059964],[36.957506659444235,-1.351709577640763],[36.95740851655817,-1.351785425090216]]]},"id":"001b00000000000058c8","properties":{"FID":515747}},{"type":"Feature","geometry":{"type":"Polygon","coordinates":[[[36.95907627179505,-1.3510407596040968],[36.95909406338419,-1.3510674768116646],[36.95913866532139,-1.351040720078261],[36.95912087374309,-1.3510140029011428],[36.95907627179505,-1.3510407596040968]]]},"id":"001b0000000000001962","properties":{"FID":517027}},{"type":"Feature","geometry":{"type":"Polygon","coordinates":[[[36.976538067286675,-1.344476935465918],[36.97665405376727,-1.3445126342763531],[36.976680775714776,-1.3444100611771501],[36.976569297586856,-1.3443788455665124],[36.976538067286675,-1.344476935465918]]]},"id":"001b0000000000005ae3","properties":{"FID":517283}},{"type":"Feature","geometry":{"type":"Polygon","coordinates":[[[36.9589603393984,-1.3513573105838514],[36.959000432023124,-1.3514286874948533],[36.9590717624054,-1.3513885323796562],[36.95903166981979,-1.3513172148811194],[36.9589603393984,-1.3513573105838514]]]},"id":"001b00000000000035a5","properties":{"FID":518051}},{"type":"Feature","geometry":{"type":"Polygon","coordinates":[[[36.95460380449699,-1.3499527014487271],[36.954634962177984,-1.3500062162234447],[36.95467513916809,-1.3499839249952992],[36.95464389951034,-1.3499304117274504],[36.95460380449699,-1.3499527014487271]]]},"id":"001b0000000000004589","properties":{"FID":513956}},{"type":"Feature","geometry":{"type":"Polygon","coordinates":[[[36.963303497267226,-1.3509649522893958],[36.96332579695512,-1.350991706559924],[36.96337039631051,-1.3509604460321873],[36.96334809663623,-1.3509336917930292],[36.963303497267226,-1.3509649522893958]]]},"id":"001b0000000000004872","properties":{"FID":517028}},{"type":"Feature","geometry":{"type":"Polygon","coordinates":[[[36.97638199755494,-1.3444947433539893],[36.97647118029963,-1.3445259972239545],[36.976538067286675,-1.3443520792780426],[36.976462327605574,-1.3443208843019823],[36.97644003192691,-1.344374372971465],[36.976431097259656,-1.344369908645118],[36.97638199755494,-1.3444947433539893]]]},"id":"001b00000000000060b8","properties":{"FID":517284}},{"type":"Feature","geometry":{"type":"Polygon","coordinates":[[[36.96322766188062,-1.3513974372214295],[36.96327226129589,-1.3514732947980037],[36.96343729529258,-1.3513751630852704],[36.963388186854615,-1.3512993858352271],[36.96322766188062,-1.3513974372214295]]]},"id":"001b0000000000005e4f","properties":{"FID":518052}},{"type":"Feature","geometry":{"type":"Polygon","coordinates":[[[36.95753338839456,-1.3499884092778347],[36.95760922968814,-1.3500686368903287],[36.95770286283074,-1.3499839239562248],[36.95762702163427,-1.3499036372794881],[36.95753338839456,-1.3499884092778347]]]},"id":"001b0000000000005cad","properties":{"FID":513957}},{"type":"Feature","geometry":{"type":"Polygon","coordinates":[[[36.958505462844464,-1.3509693696086988],[36.958536700852605,-1.3510674620567313],[36.95864820649458,-1.3510318118323623],[36.95861696853408,-1.350942611990539],[36.95857687569909,-1.3509560094797377],[36.95857236627864,-1.3509426323082232],[36.958505462844464,-1.3509693696086988]]]},"id":"001b0000000000004d27","properties":{"FID":517029}},{"type":"Feature","geometry":{"type":"Polygon","coordinates":[[[36.9780318607011,-1.3443699047632385],[36.978174566209894,-1.344427885435821],[36.97821473026029,-1.3443253141881921],[36.97807202483,-1.3442718370249898],[36.9780318607011,-1.3443699047632385]]]},"id":"001b0000000000005f63","properties":{"FID":517285}},{"type":"Feature","geometry":{"type":"Polygon","coordinates":[[[36.96217530454583,-1.3513573028627461],[36.962237777412675,-1.3514465381272471],[36.962367068202425,-1.3513528928036913],[36.96230467743136,-1.3512637156865108],[36.96217530454583,-1.3513573028627461]]]},"id":"001b00000000000053ac","properties":{"FID":518053}},{"type":"Feature","geometry":{"type":"Polygon","coordinates":[[[36.957515596425644,-1.3516961985845652],[36.95757799128377,-1.3517853820591248],[36.95764932305373,-1.3517318865056787],[36.95759135574711,-1.351642683939907],[36.957515596425644,-1.3516961985845652]]]},"id":"001b0000000000005f18","properties":{"FID":515750}},{"type":"Feature","geometry":{"type":"Polygon","coordinates":[[[36.963348096636224,-1.3509872207516656],[36.96340155025586,-1.3510987250953728],[36.96355322058955,-1.3510273301248699],[36.96349525796405,-1.3509114009719372],[36.963348096636224,-1.3509872207516656]]]},"id":"001b000000000000571c","properties":{"FID":517030}},{"type":"Feature","geometry":{"type":"Polygon","coordinates":[[[36.976609462520194,-1.3443387299258442],[36.97672094058681,-1.3443788341768521],[36.97676995809458,-1.3442183290287215],[36.9766584801028,-1.3441826098095575],[36.976609462520194,-1.3443387299258442]]]},"id":"001b0000000000004c49","properties":{"FID":517286}},{"type":"Feature","geometry":{"type":"Polygon","coordinates":[[[36.96882385610068,-1.3512547463145383],[36.96890853929088,-1.3512904685673206],[36.96894428163406,-1.3512191188025244],[36.96885951650736,-1.3511789523740958],[36.96882385610068,-1.3512547463145383]]]},"id":"001b000000000000580d","properties":{"FID":518054}},{"type":"Feature","geometry":{"type":"Polygon","coordinates":[[[36.955928158218036,-1.3500552705850513],[36.9559504601556,-1.3500864732141757],[36.956097554382275,-1.3499660715430104],[36.95603073067606,-1.3498858012306993],[36.95598612684309,-1.3499259552643854],[36.956026221098604,-1.349970536830519],[36.955928158218036,-1.3500552705850513]]]},"id":"001b00000000000058a2","properties":{"FID":513959}},{"type":"Feature","geometry":{"type":"Polygon","coordinates":[[[36.96034266137807,-1.3508846787459179],[36.96038726255355,-1.350915899567932],[36.960409563131094,-1.350889123966849],[36.96036496196921,-1.3508534570834085],[36.96034266137807,-1.3508846787459179]]]},"id":"001b000000000000205b","properties":{"FID":517031}},{"type":"Feature","geometry":{"type":"Polygon","coordinates":[[[36.97656036293541,-1.344129114446606],[36.97660946252019,-1.3441335806741128],[36.97661388885844,-1.3441023924746132],[36.97656036293541,-1.34409788586952],[36.97656036293541,-1.344129114446606]]]},"id":"001b0000000000000ecd","properties":{"FID":517287}},{"type":"Feature","geometry":{"type":"Polygon","coordinates":[[[36.963423849913845,-1.351259213657563],[36.96349525796405,-1.3513350101111867],[36.9636111831691,-1.351236920677459],[36.96353985721605,-1.3511566770729337],[36.963423849913845,-1.351259213657563]]]},"id":"001b00000000000062a4","properties":{"FID":518055}},{"type":"Feature","geometry":{"type":"Polygon","coordinates":[[[36.95445219759135,-1.3499571662491765],[36.954492292687824,-1.3500061950384539],[36.95459486715973,-1.3499259449674252],[36.95455469012552,-1.3498769177715357],[36.95445219759135,-1.3499571662491765]]]},"id":"001b0000000000004a9d","properties":{"FID":513960}},{"type":"Feature","geometry":{"type":"Polygon","coordinates":[[[36.958603604258194,-1.3509114292669016],[36.958670507602555,-1.3510095410229146],[36.95877307621385,-1.3509426297926541],[36.95871060038622,-1.350844558356214],[36.958603604258194,-1.3509114292669016]]]},"id":"001b0000000000005246","properties":{"FID":517032}},{"type":"Feature","geometry":{"type":"Polygon","coordinates":[[[36.97734070635259,-1.3440756342632971],[36.97735414917033,-1.3441246391857746],[36.977394231703656,-1.3441113097860005],[36.97738087086165,-1.3440666884439993],[36.97734070635259,-1.3440756342632971]]]},"id":"001b000000000000304f","properties":{"FID":517288}},{"type":"Feature","geometry":{"type":"Polygon","coordinates":[[[36.958148725484904,-1.35119682224136],[36.95821120179265,-1.3513082931890137],[36.95832713537712,-1.3512503324789293],[36.958291469831465,-1.351183441502931],[36.958264741158246,-1.351196780055598],[36.95823793048543,-1.3511477541287937],[36.958148725484904,-1.35119682224136]]]},"id":"001b000000000000557d","properties":{"FID":518056}},{"type":"Feature","geometry":{"type":"Polygon","coordinates":[[[36.95531280244179,-1.3499571530738632],[36.95537519917944,-1.3500508414711714],[36.95545104271135,-1.350001774425406],[36.95536183431108,-1.349868011626414],[36.95531280244179,-1.349903679594507],[36.955339532193996,-1.349939309450299],[36.95531280244179,-1.3499571530738632]]]},"id":"001b0000000000004fdf","properties":{"FID":513961}},{"type":"Feature","geometry":{"type":"Polygon","coordinates":[[[36.95856342942639,-1.3508668499133365],[36.95859023997986,-1.3508980312972547],[36.95867050760256,-1.3508356063092242],[36.95864369707853,-1.350799919542143],[36.95856342942639,-1.3508668499133365]]]},"id":"001b000000000000491c","properties":{"FID":517033}},{"type":"Feature","geometry":{"type":"Polygon","coordinates":[[[36.97441560511809,-1.3440399313736757],[36.974464624173194,-1.3440577917487295],[36.97447798554874,-1.3440265635676945],[36.9744289665026,-1.3440087031931083],[36.97441560511809,-1.3440399313736757]]]},"id":"001b0000000000002a6e","properties":{"FID":517289}},{"type":"Feature","geometry":{"type":"Polygon","coordinates":[[[36.957622594145775,-1.3516114796167928],[36.95767613394237,-1.3517095940459083],[36.95776083004895,-1.3516649914136316],[36.957707290314374,-1.35156693647442],[36.957622594145775,-1.3516114796167928]]]},"id":"001b00000000000035cb","properties":{"FID":515754}},{"type":"Feature","geometry":{"type":"Polygon","coordinates":[[[36.96318757157418,-1.3508355869016349],[36.96327677042643,-1.3509471091279381],[36.963361460044794,-1.3508802222917016],[36.96326783414926,-1.3507687195693927],[36.96318757157418,-1.3508355869016349]]]},"id":"001b0000000000005755","properties":{"FID":517034}},{"type":"Feature","geometry":{"type":"Polygon","coordinates":[[[36.978785467225684,-1.3440978847180785],[36.978888007603665,-1.344129138692129],[36.97892817126162,-1.343986453556174],[36.97882563094005,-1.3439551995467514],[36.978785467225684,-1.3440978847180785]]]},"id":"001b00000000000021b7","properties":{"FID":517290}},{"type":"Feature","geometry":{"type":"Polygon","coordinates":[[[36.955798856041575,-1.3498635289245726],[36.95583001321344,-1.3499705752004463],[36.955914793450724,-1.3499438184243875],[36.9558835543225,-1.3498412199895051],[36.955798856041575,-1.3498635289245726]]]},"id":"001b00000000000021a8","properties":{"FID":513963}},{"type":"Feature","geometry":{"type":"Polygon","coordinates":[[[36.9631117360673,-1.350782098891625],[36.96315633555331,-1.3508490044345056],[36.96318757157418,-1.3508266950637406],[36.963147399261416,-1.3507598296219645],[36.9631117360673,-1.350782098891625]]]},"id":"001b0000000000005058","properties":{"FID":517035}},{"type":"Feature","geometry":{"type":"Polygon","coordinates":[[[36.977398739962666,-1.3439864359467102],[36.97741652709098,-1.34405776297672],[36.9775190693914,-1.3440310055254416],[36.97750128228805,-1.3439596786387351],[36.977398739962666,-1.3439864359467102]]]},"id":"001b0000000000003545","properties":{"FID":517291}},{"type":"Feature","geometry":{"type":"Polygon","coordinates":[[[36.95580328364049,-1.3516382444121304],[36.95583895039976,-1.351691739610558],[36.95586567995967,-1.351673953891648],[36.955887981916284,-1.3517096040128262],[36.9559504601556,-1.35166948541757],[36.95593701339995,-1.351642689682068],[36.955963824916395,-1.3516249025708784],[36.95589691909552,-1.3515178339861669],[36.95583001321344,-1.351557971571449],[36.95585682476913,-1.3516025530459599],[36.95580328364049,-1.3516382444121304]]]},"id":"001b0000000000003f1e","properties":{"FID":515756}},{"type":"Feature","geometry":{"type":"Polygon","coordinates":[[[36.95819332799878,-1.3508311444523726],[36.95825129482816,-1.3509292372074448],[36.95837173778215,-1.3508534722654795],[36.95831377104826,-1.3507553205435523],[36.95819332799878,-1.3508311444523726]]]},"id":"001b0000000000006088","properties":{"FID":517036}},{"type":"Feature","geometry":{"type":"Polygon","coordinates":[[[36.96885508969919,-1.3508044131470918],[36.96892198366055,-1.3508311448482648],[36.96894428163406,-1.3507731936869511],[36.96898887756066,-1.3507910148027875],[36.96900223993778,-1.350759836489161],[36.96889075009063,-1.3507107788239363],[36.96885508969919,-1.3508044131470918]]]},"id":"001b0000000000005be9","properties":{"FID":517037}},{"type":"Feature","geometry":{"type":"Polygon","coordinates":[[[36.97608330014252,-1.3439908752477945],[36.97617690961671,-1.34403099907737],[36.97622592748966,-1.3439106117697908],[36.97617690961671,-1.343888307544071],[36.97615461385091,-1.3439418548594733],[36.976110022298876,-1.3439240352792863],[36.97608330014252,-1.3439908752477945]]]},"id":"001b0000000000004b27","properties":{"FID":517293}},{"type":"Feature","geometry":{"type":"Polygon","coordinates":[[[36.95808190365312,-1.3507419435668921],[36.95810420493383,-1.3508356296878117],[36.95821120179265,-1.3508133391304469],[36.95818890054458,-1.35071965319221],[36.95808190365312,-1.3507419435668921]]]},"id":"001b000000000000594f","properties":{"FID":517038}},{"type":"Feature","geometry":{"type":"Polygon","coordinates":[[[36.97873194289444,-1.3439373586563932],[36.978781041019076,-1.3439596606402193],[36.97880776218822,-1.3439017112532397],[36.978758746048385,-1.3438794078326655],[36.97873194289444,-1.3439373586563932]]]},"id":"001b0000000000003dfa","properties":{"FID":517294}},{"type":"Feature","geometry":{"type":"Polygon","coordinates":[[[36.95587461714163,-1.3498367542922587],[36.955941522982904,-1.34992597493755],[36.95601728393516,-1.3498680175750986],[36.95595488774534,-1.3497788357878804],[36.95587461714163,-1.3498367542922587]]]},"id":"001b0000000000005c35","properties":{"FID":513967}},{"type":"Feature","geometry":{"type":"Polygon","coordinates":[[[36.96340605937843,-1.3507419638988065],[36.96346402207467,-1.350799918156274],[36.96354428434619,-1.3507241593778048],[36.963486321713596,-1.350666145976731],[36.96340605937843,-1.3507419638988065]]]},"id":"001b0000000000005b51","properties":{"FID":517039}},{"type":"Feature","geometry":{"type":"Polygon","coordinates":[[[36.97726496750398,-1.343910638453954],[36.97728275466487,-1.3439552407960413],[36.97730955835076,-1.343941849687831],[36.97733185376396,-1.3439998236645443],[36.977474478672534,-1.3439418416565017],[36.97742988792645,-1.34383928602976],[36.97726496750398,-1.343910638453954]]]},"id":"001b0000000000005af5","properties":{"FID":517295}},{"type":"Feature","geometry":{"type":"Polygon","coordinates":[[[36.95511659264257,-1.351393006897017],[36.95514332246649,-1.35141974500347],[36.9551879268135,-1.351379647256478],[36.95516119700588,-1.3513528498978764],[36.95511659264257,-1.351393006897017]]]},"id":"001b000000000000124c","properties":{"FID":515760}},{"type":"Feature","geometry":{"type":"Polygon","coordinates":[[[36.95843864133869,-1.3506260645814763],[36.9585143997038,-1.3507553792701685],[36.95859023997986,-1.3507063123302976],[36.9585143997038,-1.35058144550933],[36.95843864133869,-1.3506260645814763]]]},"id":"001b0000000000005358","properties":{"FID":517040}},{"type":"Feature","geometry":{"type":"Polygon","coordinates":[[[36.97645339294105,-1.3439195735066956],[36.97669864498711,-1.3440220841056023],[36.97672094058681,-1.343964151991878],[36.97648011496199,-1.3438615632822941],[36.97645339294105,-1.3439195735066956]]]},"id":"001b00000000000058d3","properties":{"FID":517296}},{"type":"Feature","geometry":{"type":"Polygon","coordinates":[[[36.962759448362036,-1.3506037519129113],[36.96282634790327,-1.3507241466312156],[36.96290661087501,-1.3506750629965458],[36.96288431105921,-1.3506349710042855],[36.96289324738327,-1.3506304851839965],[36.96283085706131,-1.3505190212204454],[36.96278174821591,-1.3505457967869625],[36.962799620888006,-1.3505814620697825],[36.962759448362036,-1.3506037519129113]]]},"id":"001b0000000000006082","properties":{"FID":517041}},{"type":"Feature","geometry":{"type":"Polygon","coordinates":[[[36.97576222365264,-1.3439061758165456],[36.97587370301256,-1.343932947722773],[36.975891490512346,-1.3438615841063486],[36.975815750160656,-1.343843721726717],[36.97581124180391,-1.3438571342163863],[36.975775584790775,-1.3438482232077043],[36.97576222365264,-1.3439061758165456]]]},"id":"001b0000000000003ad4","properties":{"FID":517297}},{"type":"Feature","geometry":{"type":"Polygon","coordinates":[[[36.957631531113016,-1.351401929110265],[36.95767613394237,-1.3514821792269158],[36.957845526057426,-1.3513796363193211],[36.957800923331405,-1.3513038328440166],[36.957631531113016,-1.351401929110265]]]},"id":"001b0000000000005dad","properties":{"FID":515762}},{"type":"Feature","geometry":{"type":"Polygon","coordinates":[[[36.96292448351657,-1.350510069818313],[36.96298687375861,-1.3505947989389362],[36.96308943631409,-1.3505190006507328],[36.963027046159596,-1.3504342717721551],[36.96292448351657,-1.350510069818313]]]},"id":"001b0000000000005b58","properties":{"FID":517042}},{"type":"Feature","geometry":{"type":"Polygon","coordinates":[[[36.977318410942104,-1.3438170181680356],[36.97733185376396,-1.3438705262525166],[36.97741210080139,-1.3438526363851109],[36.97739873996266,-1.3438036303966157],[36.977318410942104,-1.3438170181680356]]]},"id":"001b00000000000034a8","properties":{"FID":517298}},{"type":"Feature","geometry":{"type":"Polygon","coordinates":[[[36.95490701736544,-1.3512458415767175],[36.95496498679991,-1.3513394929545544],[36.955076415894965,-1.3512681521314556],[36.95501844654882,-1.351174501032701],[36.95490701736544,-1.3512458415767175]]]},"id":"001b00000000000056fa","properties":{"FID":515763}},{"type":"Feature","geometry":{"type":"Polygon","coordinates":[[[36.95858573056024,-1.3503763109294196],[36.95861696853408,-1.35041197821872],[36.95865263392097,-1.3503807566845127],[36.95862139596236,-1.3503450894322664],[36.95858573056024,-1.3503763109294196]]]},"id":"001b0000000000002175","properties":{"FID":517043}},{"type":"Feature","geometry":{"type":"Polygon","coordinates":[[[36.97658716688646,-1.3438214528878007],[36.976738727880225,-1.3438793970343204],[36.97676995809458,-1.3437991455523668],[36.97666298840725,-1.3437590208737127],[36.9766451191262,-1.3438080452427024],[36.97659610153462,-1.3437902446582335],[36.97658716688646,-1.3438214528878007]]]},"id":"001b0000000000004b49","properties":{"FID":517299}},{"type":"Feature","geometry":{"type":"Polygon","coordinates":[[[36.95865263392097,-1.3504208903000663],[36.95873732889644,-1.350496751349019],[36.958790867876786,-1.350434267912164],[36.95875962997725,-1.3504031060823078],[36.95877750363268,-1.3503852419192783],[36.95872847405364,-1.3503406422098463],[36.95865263392097,-1.3504208903000663]]]},"id":"001b000000000000511d","properties":{"FID":517044}},{"type":"Feature","geometry":{"type":"Polygon","coordinates":[[[36.97744333072777,-1.3437857775057809],[36.97745669155834,-1.343817006615901],[36.977474478672534,-1.3438081004928453],[36.97749234775064,-1.3438571453654273],[36.977528003925535,-1.343843716595614],[36.97750128228805,-1.343763481620849],[36.97744333072777,-1.3437857775057809]]]},"id":"001b0000000000004a1e","properties":{"FID":517300}},{"type":"Feature","geometry":{"type":"Polygon","coordinates":[[[36.95925017004533,-1.3502246886845726],[36.959290262511125,-1.3503674378111894],[36.959388402871426,-1.3503406815018382],[36.95934822847085,-1.3501979341058021],[36.95925017004533,-1.3502246886845726]]]},"id":"001b0000000000005f62","properties":{"FID":517045}},{"type":"Feature","geometry":{"type":"Polygon","coordinates":[[[36.97353268269164,-1.3401694473812025],[36.97357276732237,-1.3401783407183117],[36.97358170233931,-1.340142691118623],[36.97354161771349,-1.3401337977740186],[36.97353268269164,-1.3401694473812025]]]},"id":"001b0000000000001188","properties":{"FID":515766}},{"type":"Feature","geometry":{"type":"Polygon","coordinates":[[[36.958527763995995,-1.3502826658929687],[36.958559001994594,-1.3503674182540275],[36.9586392696516,-1.3503406821729291],[36.95864820649457,-1.3503629321527588],[36.95876856680551,-1.3503183530941893],[36.958715109798135,-1.3501756622260164],[36.958634842224384,-1.350206903362873],[36.95864369707853,-1.3502381061976987],[36.958527763995995,-1.3502826658929687]]]},"id":"001b00000000000060c9","properties":{"FID":517046}},{"type":"Feature","geometry":{"type":"Polygon","coordinates":[[[36.978121041430846,-1.3438258997378223],[36.9782414516367,-1.3438749708679825],[36.97829497632748,-1.3437456193964479],[36.97817907442073,-1.3436965872256244],[36.978121041430846,-1.3438258997378223]]]},"id":"001b0000000000005a7a","properties":{"FID":517302}},{"type":"Feature","geometry":{"type":"Polygon","coordinates":[[[36.95573195006978,-1.3494844765662395],[36.95578098165805,-1.3496182972738087],[36.9558835543225,-1.34957812457868],[36.95583452280301,-1.3494488096123431],[36.95573195006978,-1.3494844765662395]]]},"id":"001b0000000000005ed9","properties":{"FID":513975}},{"type":"Feature","geometry":{"type":"Polygon","coordinates":[[[36.97599411692414,-1.3401293181637726],[36.97599854329968,-1.3402363065349971],[36.976141252782114,-1.3402273950400736],[36.97613674444547,-1.340124852130587],[36.97599411692414,-1.3401293181637726]]]},"id":"001b00000000000056c6","properties":{"FID":515767}},{"type":"Feature","geometry":{"type":"Polygon","coordinates":[[[36.95815766238785,-1.3501801479276188],[36.95818447309011,-1.3502470166121139],[36.958233503033924,-1.3502291930247443],[36.95820677433953,-1.350162263676611],[36.95815766238785,-1.3501801479276188]]]},"id":"001b0000000000004452","properties":{"FID":517047}},{"type":"Feature","geometry":{"type":"Polygon","coordinates":[[[36.956918046125956,-1.3495023550470804],[36.95697158643841,-1.3495692244351514],[36.9570919495092,-1.3494800673653569],[36.95704291879992,-1.3494131776000582],[36.956918046125956,-1.3495023550470804]]]},"id":"001b0000000000005701","properties":{"FID":513976}},{"type":"Feature","geometry":{"type":"Polygon","coordinates":[[[36.97465192912256,-1.3401382506855024],[36.97471881777581,-1.3401515899300573],[36.97472767068121,-1.3401159423130615],[36.97465635557944,-1.340102562467045],[36.97465192912256,-1.3401382506855024]]]},"id":"001b0000000000002d15","properties":{"FID":515768}},{"type":"Feature","geometry":{"type":"Polygon","coordinates":[[[36.95808190365312,-1.3500418827839722],[36.958099695484236,-1.3500998410890162],[36.95815766238784,-1.3500820371106106],[36.95813987057083,-1.3500240788747722],[36.95808190365312,-1.3500418827839722]]]},"id":"001b0000000000004200","properties":{"FID":517048}},{"type":"Feature","geometry":{"type":"Polygon","coordinates":[[[36.975619513429535,-1.3401293356380255],[36.97565967888525,-1.340142671083529],[36.975677466437155,-1.3400802629440154],[36.97563738296154,-1.3400668668009363],[36.975619513429535,-1.3401293356380255]]]},"id":"001b00000000000018b6","properties":{"FID":515769}},{"type":"Feature","geometry":{"type":"Polygon","coordinates":[[[36.96238043179035,-1.3500508230535875],[36.96248750437599,-1.3501667702172657],[36.962594494819825,-1.3500686652410319],[36.962554322181106,-1.3500240296250827],[36.9625275950664,-1.3500508228055257],[36.96249635876349,-1.3500196034367575],[36.962474058822544,-1.350041872302119],[36.96243396810277,-1.3500017403146378],[36.96238043179035,-1.3500508230535875]]]},"id":"001b0000000000006154","properties":{"FID":517049}},{"type":"Feature","geometry":{"type":"Polygon","coordinates":[[[36.977202507485295,-1.3436609095718717],[36.977233737501315,-1.3437545754642992],[36.97727832836718,-1.3437367225941523],[36.97726496750398,-1.3436966050694275],[36.977300623789894,-1.3436832356574964],[36.97728275466487,-1.34363419087508],[36.977202507485295,-1.3436609095718717]]]},"id":"001b000000000000573b","properties":{"FID":517305}},{"type":"Feature","geometry":{"type":"Polygon","coordinates":[[[36.97366195349751,-1.34013375344782],[36.973737778055245,-1.340156060507837],[36.97375564804766,-1.3400936494067563],[36.973679823508476,-1.3400713423337598],[36.97366195349751,-1.34013375344782]]]},"id":"001b0000000000005003","properties":{"FID":515770}},{"type":"Feature","geometry":{"type":"Polygon","coordinates":[[[36.95908963598454,-1.3500374207787738],[36.95915202949948,-1.350135550782584],[36.95925910681364,-1.3500686221292668],[36.95919220400786,-1.349966067006082],[36.95908963598454,-1.3500374207787738]]]},"id":"001b0000000000005a7e","properties":{"FID":517050}},{"type":"Feature","geometry":{"type":"Polygon","coordinates":[[[36.97558385632278,-1.3437099824247178],[36.975668613646896,-1.3437322485834537],[36.97569533595498,-1.34362523255582],[36.97561508703101,-1.3436029460505894],[36.97558385632278,-1.3437099824247178]]]},"id":"001b0000000000005b4c","properties":{"FID":517306}},{"type":"Feature","geometry":{"type":"Polygon","coordinates":[[[36.95582107602603,-1.349444364515057],[36.9559102838661,-1.349564786843138],[36.955914793450724,-1.3495603200790487],[36.95594152298291,-1.3496004548582907],[36.956003919184134,-1.3495558364412354],[36.95598161726287,-1.3495246341698066],[36.95599498201798,-1.3495112368196276],[36.955901346688506,-1.3493819416163473],[36.95582107602603,-1.349444364515057]]]},"id":"001b0000000000005c3f","properties":{"FID":513979}},{"type":"Feature","geometry":{"type":"Polygon","coordinates":[[[36.973813602534264,-1.3400936365982665],[36.97385368701082,-1.3401070330917513],[36.97386713047044,-1.3400713635957602],[36.973826964028895,-1.3400579685436802],[36.973813602534264,-1.3400936365982665]]]},"id":"001b0000000000000781","properties":{"FID":515771}},{"type":"Feature","geometry":{"type":"Polygon","coordinates":[[[36.95830926161159,-1.349961617976437],[36.95837616522529,-1.3500508360045969],[36.95846979738579,-1.349979462123591],[36.958402893857766,-1.3498903036118282],[36.95830926161159,-1.349961617976437]]]},"id":"001b00000000000022b3","properties":{"FID":517051}},{"type":"Feature","geometry":{"type":"Polygon","coordinates":[[[36.977630546069406,-1.3436163195720596],[36.97767513669295,-1.343732266189451],[36.977715301018065,-1.3437188764846575],[36.97767071041904,-1.3436029299650842],[36.977630546069406,-1.3436163195720596]]]},"id":"001b0000000000004ca1","properties":{"FID":517307}},{"type":"Feature","geometry":{"type":"Polygon","coordinates":[[[36.97635527549811,-1.3401873065315189],[36.97644888462367,-1.340214039591065],[36.97648462327744,-1.3400802747014247],[36.976390932228206,-1.3400534837955276],[36.97635527549811,-1.3401873065315189]]]},"id":"001b0000000000005dbd","properties":{"FID":515772}},{"type":"Feature","geometry":{"type":"Polygon","coordinates":[[[36.95944636875334,-1.34991704330771],[36.9594730969946,-1.3499571765416483],[36.9596113293992,-1.3498590488920739],[36.95958017383854,-1.3498233809762508],[36.95944636875334,-1.34991704330771]]]},"id":"001b0000000000005d2a","properties":{"FID":517052}},{"type":"Feature","geometry":{"type":"Polygon","coordinates":[[[36.97813448410492,-1.34368765644744],[36.97817907442073,-1.3437055347813753],[36.97821473026029,-1.3436029271397136],[36.97817013996626,-1.3435895522019234],[36.97813448410492,-1.34368765644744]]]},"id":"001b00000000000019bc","properties":{"FID":517308}},{"type":"Feature","geometry":{"type":"Polygon","coordinates":[[[36.97357276732237,-1.340102556653368],[36.973608507383574,-1.340111467220862],[36.97362186891572,-1.3400669111888206],[36.97358621083368,-1.3400534959868464],[36.97357276732237,-1.340102556653368]]]},"id":"001b00000000000046a2","properties":{"FID":515773}},{"type":"Feature","geometry":{"type":"Polygon","coordinates":[[[36.95897370360909,-1.3499081096579832],[36.959049543408725,-1.3500106844077973],[36.95913866532139,-1.3499482239173337],[36.95915202949948,-1.3499660676090368],[36.95920556817616,-1.3499259344879428],[36.95912087374309,-1.3498011091167865],[36.95897370360909,-1.3499081096579832]]]},"id":"001b0000000000006216","properties":{"FID":517053}},{"type":"Feature","geometry":{"type":"Polygon","coordinates":[[[36.97582017654701,-1.3401739150393683],[36.97594952527412,-1.3402140616211207],[36.97599411692414,-1.3400847023680993],[36.97586034189237,-1.340044574418061],[36.97582017654701,-1.3401739150393683]]]},"id":"001b0000000000005525","properties":{"FID":515774}},{"type":"Feature","geometry":{"type":"Polygon","coordinates":[[[36.95821562924551,-1.3498501690585485],[36.95828253294488,-1.3499348816402195],[36.95841634015998,-1.3498278797843946],[36.958349436583035,-1.3497431082458253],[36.95821562924551,-1.3498501690585485]]]},"id":"001b0000000000005dc8","properties":{"FID":517054}},{"type":"Feature","geometry":{"type":"Polygon","coordinates":[[[36.97437101250427,-1.340173888154409],[36.97442445806024,-1.3401917302369106],[36.97447798554874,-1.3400222756896587],[36.974420031589304,-1.3400044536966043],[36.97437101250427,-1.340173888154409]]]},"id":"001b00000000000061f7","properties":{"FID":515775}},{"type":"Feature","geometry":{"type":"Polygon","coordinates":[[[36.95828253294488,-1.3497253238549907],[36.95830926161159,-1.3497565061496113],[36.95836280090539,-1.3497119269745703],[36.95833607225825,-1.3496806854470396],[36.95828253294488,-1.3497253238549907]]]},"id":"001b0000000000002133","properties":{"FID":517055}},{"type":"Feature","geometry":{"type":"Polygon","coordinates":[[[36.978575877851654,-1.343585116449636],[36.97861604168131,-1.343607398405884],[36.97865620548887,-1.3435271696069713],[36.97861604168131,-1.3435093317752387],[36.978575877851654,-1.343585116449636]]]},"id":"001b00000000000053a3","properties":{"FID":517311}},{"type":"Feature","geometry":{"type":"Polygon","coordinates":[[[36.97750570857224,-1.3400579748360484],[36.97755029927202,-1.3400669067928963],[36.977563660083014,-1.3400000159901995],[36.9775190693914,-1.3399910840151337],[36.97750570857224,-1.3400579748360484]]]},"id":"001b0000000000000926","properties":{"FID":515776}},{"type":"Feature","geometry":{"type":"Polygon","coordinates":[[[36.96230467743136,-1.3497163563042878],[36.96237149540361,-1.349752042928665],[36.96238936817601,-1.3497074458336384],[36.96232697742398,-1.34967624514839],[36.96230467743136,-1.3497163563042878]]]},"id":"001b0000000000004eec","properties":{"FID":517056}},{"type":"Feature","geometry":{"type":"Polygon","coordinates":[[[36.974687586684304,-1.3436207967271678],[36.974767836627414,-1.3436475278670132],[36.97481685544613,-1.3435048592238568],[36.974794559265106,-1.3434959492577188],[36.974772263077284,-1.3435583854049327],[36.97471881777581,-1.3435405439198023],[36.974687586684304,-1.3436207967271678]]]},"id":"001b0000000000005c34","properties":{"FID":517312}},{"type":"Feature","geometry":{"type":"Polygon","coordinates":[[[36.958113059852224,-1.3497253032788377],[36.95818447309011,-1.3498412361863041],[36.958304834164394,-1.3497698634770978],[36.9582424399265,-1.3496583950243868],[36.95815323493149,-1.3497119053748965],[36.95819783744259,-1.3497922112073824],[36.958179963645456,-1.3498055697034619],[36.95812650620774,-1.3497163507623493],[36.958113059852224,-1.3497253032788377]]]},"id":"001b000000000000585b","properties":{"FID":517057}},{"type":"Feature","geometry":{"type":"Polygon","coordinates":[[[36.97670307131994,-1.3437010715749467],[36.97680118829559,-1.3437367305018495],[36.976823483863996,-1.34368324325],[36.97683241848325,-1.3436876482832512],[36.97688594420687,-1.3435494662462522],[36.97681454924365,-1.3435226981782373],[36.97681905753846,-1.3435137894636844],[36.97676102346769,-1.3434914667958853],[36.97672987521861,-1.343576219466063],[36.97675217080878,-1.343580684971577],[36.97670307131994,-1.3437010715749467]]]},"id":"001b00000000000061f3","properties":{"FID":517313}},{"type":"Feature","geometry":{"type":"Polygon","coordinates":[[[36.97469201313903,-1.3400311883655356],[36.97472324422865,-1.34004011889997],[36.97473217910485,-1.3399910791371563],[36.974700948019056,-1.339982148597428],[36.97469201313903,-1.3400311883655356]]]},"id":"001b00000000000010be","properties":{"FID":515778}},{"type":"Feature","geometry":{"type":"Polygon","coordinates":[[[36.959196631401305,-1.3496673352068225],[36.959232296505434,-1.349743115106902],[36.95937503873654,-1.3496762672517981],[36.95933937370204,-1.3496048743043987],[36.959196631401305,-1.3496673352068225]]]},"id":"001b0000000000005876","properties":{"FID":517058}},{"type":"Feature","geometry":{"type":"Polygon","coordinates":[[[36.974567170618535,-1.3400356965901],[36.97466078203606,-1.3400802651656865],[36.97469201313903,-1.3400223006318275],[36.97459389332965,-1.339977692931473],[36.974567170618535,-1.3400356965901]]]},"id":"001b000000000000538e","properties":{"FID":515779}},{"type":"Feature","geometry":{"type":"Polygon","coordinates":[[[36.95856793884738,-1.3496450401766849],[36.95865263392097,-1.3497386845329535],[36.95874183830671,-1.3496539337418851],[36.95865714333647,-1.3495602896376435],[36.95856793884738,-1.3496450401766849]]]},"id":"001b0000000000005e25","properties":{"FID":517059}},{"type":"Feature","geometry":{"type":"Polygon","coordinates":[[[36.95793473142785,-1.3493239915294575],[36.95795703275345,-1.3493640849195188],[36.958068539279424,-1.349292752025368],[36.958046237987844,-1.3492571047585777],[36.95793473142785,-1.3493239915294575]]]},"id":"001b0000000000005bd3","properties":{"FID":513988}},{"type":"Feature","geometry":{"type":"Polygon","coordinates":[[[36.977349640908564,-1.3399955476558685],[36.977452183302894,-1.3400356912580424],[36.977483413212134,-1.3399509480911775],[36.977385297153134,-1.3399108450857757],[36.977349640908564,-1.3399955476558685]]]},"id":"001b0000000000005cb4","properties":{"FID":515780}},{"type":"Feature","geometry":{"type":"Polygon","coordinates":[[[36.962371495403616,-1.3496182535236358],[36.96241166814279,-1.3496406006003032],[36.96244733167847,-1.3495825881743866],[36.962407240944046,-1.3495602989419027],[36.962371495403616,-1.3496182535236358]]]},"id":"001b000000000000105c","properties":{"FID":517060}},{"type":"Feature","geometry":{"type":"Polygon","coordinates":[[[36.978633910480056,-1.3434914770215831],[36.978718582297226,-1.3435672506534355],[36.978781041019076,-1.3435003756265025],[36.97869628730745,-1.3434201002419948],[36.978633910480056,-1.3434914770215831]]]},"id":"001b0000000000002968","properties":{"FID":517316}},{"type":"Feature","geometry":{"type":"Polygon","coordinates":[[[36.956012856349204,-1.349274919428512],[36.95607525248957,-1.3493997878201938],[36.956164460019586,-1.3493551692637207],[36.95612436583988,-1.3492749007946305],[36.9560886992198,-1.3492927834073496],[36.9560663973244,-1.3492481837178265],[36.956012856349204,-1.349274919428512]]]},"id":"001b0000000000006183","properties":{"FID":513989}},{"type":"Feature","geometry":{"type":"Polygon","coordinates":[[[36.97409894778711,-1.3399776942429606],[36.97422829956268,-1.340040120640765],[36.97426395733126,-1.339973249457603],[36.974130179130334,-1.3399108417564591],[36.97409894778711,-1.3399776942429606]]]},"id":"001b0000000000004509","properties":{"FID":515781}},{"type":"Feature","geometry":{"type":"Polygon","coordinates":[[[36.95878644045876,-1.3494577566514163],[36.95883546999894,-1.3495156936900068],[36.958897863730776,-1.3494666902622232],[36.95884883423245,-1.3494086940443026],[36.95878644045876,-1.3494577566514163]]]},"id":"001b000000000000533f","properties":{"FID":517061}},{"type":"Feature","geometry":{"type":"Polygon","coordinates":[[[36.97658716688645,-1.3399241823416148],[36.97667634938059,-1.33995537782096],[36.976725366918295,-1.33982612070545],[36.97663618448402,-1.3397948659712746],[36.97658716688645,-1.3399241823416148]]]},"id":"001b0000000000004efa","properties":{"FID":515782}},{"type":"Feature","geometry":{"type":"Polygon","coordinates":[[[36.95944636875335,-1.3494711411104776],[36.95952663543617,-1.3496048761868868],[36.95969610525234,-1.3495023436662306],[36.9596113293992,-1.3493685705040093],[36.95944636875335,-1.3494711411104776]]]},"id":"001b0000000000005e72","properties":{"FID":517062}},{"type":"Feature","geometry":{"type":"Polygon","coordinates":[[[36.97597624747942,-1.343437941835043],[36.97600296967496,-1.3434424478145972],[36.97601190439459,-1.3433889000727965],[36.975985182202336,-1.3433844533393573],[36.97597624747942,-1.343437941835043]]]},"id":"001b0000000000000f01","properties":{"FID":517318}},{"type":"Feature","geometry":{"type":"Polygon","coordinates":[[[36.95719894784924,-1.3492927413787694],[36.95725248795602,-1.3493730077142634],[36.957381787562205,-1.3492838713004625],[36.95732832954095,-1.3492080498328733],[36.95719894784924,-1.3492927413787694]]]},"id":"001b00000000000061e6","properties":{"FID":513991}},{"type":"Feature","geometry":{"type":"Polygon","coordinates":[[[36.97520039787674,-1.3399331263464007],[36.97531630451117,-1.3399777168373506],[36.975329665730904,-1.3399375465161902],[36.975463441734746,-1.3399910655386196],[36.9755036072763,-1.339892950245232],[36.97525835121695,-1.3397948813654859],[36.97520039787674,-1.3399331263464007]]]},"id":"001b00000000000062e0","properties":{"FID":515783}},{"type":"Feature","geometry":{"type":"Polygon","coordinates":[[[36.95867050760256,-1.3493819759601113],[36.958732901475166,-1.3494711538656954],[36.95881759635766,-1.3494087138857542],[36.958750775137155,-1.3493194960569366],[36.95867050760256,-1.3493819759601113]]]},"id":"001b000000000000505b","properties":{"FID":517063}},{"type":"Feature","geometry":{"type":"Polygon","coordinates":[[[36.97673430154955,-1.3433487760680864],[36.97680118829559,-1.343357728496507],[36.976805614622215,-1.3433264818688158],[36.976738727880225,-1.3433175886786732],[36.97673430154955,-1.3433487760680864]]]},"id":"001b0000000000001282","properties":{"FID":517319}},{"type":"Feature","geometry":{"type":"Polygon","coordinates":[[[36.9751646585945,-1.3399063814048817],[36.97519588948201,-1.3399197557177918],[36.9752538428258,-1.3397949014567416],[36.975222693933866,-1.339781525711961],[36.9751646585945,-1.3399063814048817]]]},"id":"001b00000000000036d3","properties":{"FID":515784}},{"type":"Feature","geometry":{"type":"Polygon","coordinates":[[[36.95912972853836,-1.349337384500274],[36.959156538884166,-1.3494532751255635],[36.95925017004533,-1.3494309871866028],[36.959267961592175,-1.3495067868643404],[36.95930370865015,-1.349502359683031],[36.95925910681364,-1.3493106104169181],[36.95912972853836,-1.349337384500274]]]},"id":"001b0000000000005cba","properties":{"FID":517064}},{"type":"Feature","geometry":{"type":"Polygon","coordinates":[[[36.97578001117956,-1.3434513599355684],[36.97592722943889,-1.3434959302312937],[36.97596731275543,-1.3433576884872935],[36.97582017654701,-1.3433131166954002],[36.97578001117956,-1.3434513599355684]]]},"id":"001b0000000000005d8a","properties":{"FID":517320}},{"type":"Feature","geometry":{"type":"Polygon","coordinates":[[[36.973934019842424,-1.3397324503763448],[36.97396074278519,-1.3397413418835145],[36.973947381315035,-1.3397993473853886],[36.97405435497996,-1.3398216395410354],[36.97409001283346,-1.3396789268608966],[36.97395631628615,-1.3396477431076759],[36.973934019842424,-1.3397324503763448]]]},"id":"001b0000000000004c1a","properties":{"FID":515785}},{"type":"Feature","geometry":{"type":"Polygon","coordinates":[[[36.959290262511125,-1.3492169903457836],[36.95934380108659,-1.3492883032226086],[36.95946416025244,-1.3491991497987577],[36.95941513113386,-1.3491277572945997],[36.959290262511125,-1.3492169903457836]]]},"id":"001b0000000000004305","properties":{"FID":517065}},{"type":"Feature","geometry":{"type":"Polygon","coordinates":[[[36.976743236179715,-1.3433041765860694],[36.97681905753846,-1.3433309258546566],[36.97682791018926,-1.34329527549215],[36.97675217080878,-1.3432729689485743],[36.976743236179715,-1.3433041765860694]]]},"id":"001b0000000000003ba0","properties":{"FID":517321}},{"type":"Feature","geometry":{"type":"Polygon","coordinates":[[[36.956695111386665,-1.3493462445932483],[36.9567575069449,-1.3494354840112033],[36.956971586438414,-1.3492838451104854],[36.95690025400732,-1.3491857538203784],[36.956864505774305,-1.3492080244215596],[36.95686901530008,-1.3492125091792282],[36.95673520525346,-1.3493106178594554],[36.956739714787204,-1.3493150433513361],[36.956695111386665,-1.3493462445932483]]]},"id":"001b0000000000005f6f","properties":{"FID":513994}},{"type":"Feature","geometry":{"type":"Polygon","coordinates":[[[36.95789012875624,-1.3544742532832528],[36.95796596967981,-1.3546080250389971],[36.95804172853467,-1.3545679027019928],[36.95805509291325,-1.3545901949818253],[36.9580863311138,-1.3545723270513779],[36.95800606284979,-1.3544251757169574],[36.957939158897446,-1.3544653181921065],[36.95793030395799,-1.3544475110242364],[36.95789012875624,-1.3544742532832528]]]},"id":"001b0000000000005526","properties":{"FID":515530}},{"type":"Feature","geometry":{"type":"Polygon","coordinates":[[[36.974567170618535,-1.3396566657834454],[36.97465192912256,-1.3396833777907446],[36.97466078203606,-1.3396566775762775],[36.97469652156486,-1.3396655880818455],[36.974727670681204,-1.339571897668313],[36.97462512446122,-1.339540699324038],[36.97460282822168,-1.3396165179536637],[36.97458053197531,-1.3396120517019632],[36.974567170618535,-1.3396566657834454]]]},"id":"001b000000000000524f","properties":{"FID":515786}},{"type":"Feature","geometry":{"type":"Polygon","coordinates":[[[36.95924123327593,-1.3491054658349753],[36.95929919927453,-1.3491723728204585],[36.95941513113386,-1.349069782698087],[36.95934380108658,-1.3489895378108345],[36.95926353420304,-1.3490609081545168],[36.95927247096971,-1.3490742654457757],[36.95924123327593,-1.3491054658349753]]]},"id":"001b00000000000055d6","properties":{"FID":517066}},{"type":"Feature","geometry":{"type":"Polygon","coordinates":[[[36.954474499979014,-1.3491634430359907],[36.95448335533693,-1.3492124907525267],[36.95455026245101,-1.349199152972724],[36.95454132510721,-1.349154552952149],[36.954474499979014,-1.3491634430359907]]]},"id":"001b0000000000000417","properties":{"FID":513995}},{"type":"Feature","geometry":{"type":"Polygon","coordinates":[[[36.95623136559569,-1.3544608788462726],[36.95631163580781,-1.3545500475073053],[36.95630269867925,-1.3545589814088634],[36.95634730231914,-1.3546079923991725],[36.95643650951729,-1.3545322338530463],[36.95634730231914,-1.3544296467823191],[36.9563116358078,-1.3544608746937006],[36.95627596927908,-1.35442071704813],[36.95623136559569,-1.3544608788462726]]]},"id":"001b000000000000567c","properties":{"FID":515531}},{"type":"Feature","geometry":{"type":"Polygon","coordinates":[[[36.974188133319764,-1.3395719108389605],[36.97422829956268,-1.3395853058762879],[36.974241660981455,-1.3395451947924624],[36.97419706826143,-1.3395318183843554],[36.974188133319764,-1.3395719108389605]]]},"id":"001b0000000000001895","properties":{"FID":515787}},{"type":"Feature","geometry":{"type":"Polygon","coordinates":[[[36.95942406788201,-1.3489003842388743],[36.95949097047562,-1.348993985696207],[36.95957566447997,-1.3489360528070296],[36.95950876196386,-1.3488423922849342],[36.95942406788201,-1.3489003842388743]]]},"id":"001b0000000000005d34","properties":{"FID":517067}},{"type":"Feature","geometry":{"type":"Polygon","coordinates":[[[36.97556598677767,-1.3433666071931114],[36.975610578661886,-1.3433755384282149],[36.97562402179811,-1.343277409317436],[36.9755794299221,-1.3432729815510869],[36.97556598677767,-1.3433666071931114]]]},"id":"001b00000000000047d7","properties":{"FID":517323}},{"type":"Feature","geometry":{"type":"Polygon","coordinates":[[[36.97358621083368,-1.3394872252081593],[36.97362629543503,-1.3395005625625425],[36.97364416545473,-1.339455987373759],[36.97360850738357,-1.3394381282905474],[36.97358621083368,-1.3394872252081593]]]},"id":"001b0000000000001652","properties":{"FID":515788}},{"type":"Feature","geometry":{"type":"Polygon","coordinates":[[[36.959209995568806,-1.3488424068493163],[36.959267961592175,-1.3489672286916],[36.95939733962284,-1.3489048291974055],[36.95934380108659,-1.3487844344983322],[36.959209995568806,-1.3488424068493163]]]},"id":"001b000000000000605f","properties":{"FID":517068}},{"type":"Feature","geometry":{"type":"Polygon","coordinates":[[[36.97909316989404,-1.3433978082493618],[36.979173414995806,-1.3434245969894665],[36.97918234932752,-1.3433933901710389],[36.979226939003425,-1.3434067649434236],[36.97926259433128,-1.3432908275566517],[36.97929824964172,-1.343299738201207],[36.97931169209908,-1.343259623198809],[36.97924480765266,-1.3432372797546634],[36.979235873328584,-1.3432685456422389],[36.97914218580939,-1.343241757088229],[36.97909316989404,-1.3433978082493618]]]},"id":"001b0000000000005c52","properties":{"FID":517324}},{"type":"Feature","geometry":{"type":"Polygon","coordinates":[[[36.9565881123094,-1.3544787266249272],[36.95664157087178,-1.3545990840047195],[36.95674856987083,-1.354550045720449],[36.9567263501682,-1.3545009928031928],[36.9567708715582,-1.3544831849722891],[36.95673520525346,-1.354407334985784],[36.9565881123094,-1.3544787266249272]]]},"id":"001b0000000000005b39","properties":{"FID":515533}},{"type":"Feature","geometry":{"type":"Polygon","coordinates":[[[36.97345685792099,-1.3395540852399839],[36.973608507383574,-1.33959419668999],[36.97363080392665,-1.339505045601814],[36.97357727581729,-1.3394916485124622],[36.97359063735516,-1.3394470933773783],[36.97349251606619,-1.3394203196981824],[36.97345685792099,-1.3395540852399839]]]},"id":"001b000000000000581a","properties":{"FID":515789}},{"type":"Feature","geometry":{"type":"Polygon","coordinates":[[[36.96328119757252,-1.3487799758577699],[36.96331243354003,-1.3488780568810712],[36.96340605937843,-1.3488423746994185],[36.963388186854615,-1.3487933741917935],[36.963361460044794,-1.348802264589137],[36.96335703290357,-1.3487888875072234],[36.9633347332252,-1.3487933724085217],[36.96332579695512,-1.348762114779846],[36.96328119757252,-1.3487799758577699]]]},"id":"001b00000000000032c6","properties":{"FID":517069}},{"type":"Feature","geometry":{"type":"Polygon","coordinates":[[[36.97381802904196,-1.339420340388496],[36.97386713047044,-1.3394292529874943],[36.97387598347907,-1.3393846589180247],[36.973826964028895,-1.3393757448622552],[36.97381802904196,-1.339420340388496]]]},"id":"001b0000000000003335","properties":{"FID":515790}},{"type":"Feature","geometry":{"type":"Polygon","coordinates":[[[36.958148725484904,-1.3485124013108922],[36.95821120179265,-1.3486372626180034],[36.95830040671694,-1.3485971521769848],[36.95823793048543,-1.3484678452401446],[36.958148725484904,-1.3485124013108922]]]},"id":"001b0000000000000fd7","properties":{"FID":517070}},{"type":"Feature","geometry":{"type":"Polygon","coordinates":[[[36.978736451070866,-1.3433443161298626],[36.978888007603665,-1.3434067619309316],[36.97890145013655,-1.3433710906468723],[36.97884792589032,-1.3433488075790232],[36.978888007603665,-1.3432506864745921],[36.978789975398804,-1.343210523767338],[36.978736451070866,-1.3433443161298626]]]},"id":"001b0000000000004ce8","properties":{"FID":517326}},{"type":"Feature","geometry":{"type":"Polygon","coordinates":[[[36.95784109858216,-1.3544340969195148],[36.9578811918206,-1.3544385422313823],[36.95788570128367,-1.354389489257636],[36.957845526057426,-1.354385045385452],[36.95784109858216,-1.3544340969195148]]]},"id":"001b0000000000000ec9","properties":{"FID":515535}},{"type":"Feature","geometry":{"type":"Polygon","coordinates":[[[36.97386713047044,-1.3394425844957445],[36.97398746571818,-1.3394961042039035],[36.97403656703274,-1.3393801748254945],[36.97391614989365,-1.3393266566022124],[36.97386713047044,-1.3394425844957445]]]},"id":"001b0000000000006107","properties":{"FID":515791}},{"type":"Feature","geometry":{"type":"Polygon","coordinates":[[[36.95863033280752,-1.3483429948983316],[36.95866157076231,-1.348383106695743],[36.958692808703745,-1.348356352882678],[36.95866157076231,-1.3483162411225726],[36.95863033280752,-1.3483429948983316]]]},"id":"001b00000000000037bd","properties":{"FID":517071}},{"type":"Feature","geometry":{"type":"Polygon","coordinates":[[[36.978005139248005,-1.3544965258983377],[36.9780453033916,-1.354576779867687],[36.97809874625862,-1.3545500445719103],[36.97805866411203,-1.3544697892488182],[36.978005139248005,-1.3544965258983377]]]},"id":"001b0000000000004a94","properties":{"FID":518351}},{"type":"Feature","geometry":{"type":"Polygon","coordinates":[[[36.956922473657116,-1.3491723778264484],[36.95696707691898,-1.3492660221603325],[36.9571098235723,-1.3491991151110756],[36.95704734632351,-1.3490653583484367],[36.95699831558433,-1.3490876268775445],[36.95701618967031,-1.349127798951679],[36.956922473657116,-1.3491723778264484]]]},"id":"001b0000000000005d86","properties":{"FID":514000}},{"type":"Feature","geometry":{"type":"Polygon","coordinates":[[[36.973934019842424,-1.3393221946754867],[36.974032058566166,-1.339362360365237],[36.974049928486586,-1.339313282550857],[36.97395180781462,-1.339273177561162],[36.973934019842424,-1.3393221946754867]]]},"id":"001b000000000000100a","properties":{"FID":515792}},{"type":"Feature","geometry":{"type":"Polygon","coordinates":[[[36.95805066545068,-1.3483474457948168],[36.958117569300995,-1.3484499989419503],[36.95822899359231,-1.348378670826505],[36.95816217183386,-1.34827611653103],[36.95805066545068,-1.3483474457948168]]]},"id":"001b0000000000006245","properties":{"FID":517072}},{"type":"Feature","geometry":{"type":"Polygon","coordinates":[[[36.975632874593785,-1.343174858030335],[36.9757354193988,-1.3432239499472023],[36.97578001117956,-1.3431303086738258],[36.97567304004216,-1.3430812356360533],[36.975632874593785,-1.343174858030335]]]},"id":"001b0000000000005bd1","properties":{"FID":517328}},{"type":"Feature","geometry":{"type":"Polygon","coordinates":[[[36.96961756246015,-1.3545054383529753],[36.96968888248132,-1.3545099199018622],[36.96968888248132,-1.3544519436705293],[36.96961756246015,-1.3544474620771427],[36.96961756246015,-1.3545054383529753]]]},"id":"001b0000000000000381","properties":{"FID":518352}},{"type":"Feature","geometry":{"type":"Polygon","coordinates":[[[36.96015540173408,-1.3483072866382546],[36.96018655704961,-1.3483340617704997],[36.96022222167085,-1.3482850013577876],[36.9601910663705,-1.3482582262574998],[36.96015540173408,-1.3483072866382546]]]},"id":"001b0000000000001ec1","properties":{"FID":517073}},{"type":"Feature","geometry":{"type":"Polygon","coordinates":[[[36.97627502729931,-1.3430901695932789],[36.976292814701345,-1.3431169356346349],[36.97633740614176,-1.3430901356665603],[36.976324045106395,-1.3430589659050145],[36.97627502729931,-1.3430901695932789]]]},"id":"001b000000000000170d","properties":{"FID":517329}},{"type":"Feature","geometry":{"type":"Polygon","coordinates":[[[36.976466753952735,-1.3544430470758861],[36.97648462327744,-1.3544697586763739],[36.97652470628803,-1.3544430236785159],[36.97650691894249,-1.354411805734051],[36.976466753952735,-1.3544430470758861]]]},"id":"001b0000000000001e22","properties":{"FID":518353}},{"type":"Feature","geometry":{"type":"Polygon","coordinates":[[[36.95999929700578,-1.3482983722531905],[36.96008399042127,-1.3483875668127587],[36.960159829069205,-1.3483162183455055],[36.96009735442656,-1.3482493337077397],[36.96007956308155,-1.348267194538506],[36.96005726240335,-1.3482448862555119],[36.95999929700578,-1.3482983722531905]]]},"id":"001b0000000000002edf","properties":{"FID":517074}},{"type":"Feature","geometry":{"type":"Polygon","coordinates":[[[36.97833956654529,-1.3431481366917835],[36.97841538624652,-1.3431837735114869],[36.97846440261685,-1.3430946199275369],[36.97838866493377,-1.3430544783853116],[36.97833956654529,-1.3431481366917835]]]},"id":"001b00000000000035af","properties":{"FID":517330}},{"type":"Feature","geometry":{"type":"Polygon","coordinates":[[[36.969697817973326,-1.3543805891126979],[36.9697023267074,-1.3544876284355583],[36.96983160429165,-1.3544786894494032],[36.96982717754238,-1.3543717081508253],[36.969697817973326,-1.3543805891126979]]]},"id":"001b000000000000570c","properties":{"FID":518354}},{"type":"Feature","geometry":{"type":"Polygon","coordinates":[[[36.95669953893131,-1.3490653523474319],[36.95673077771096,-1.349109971059751],[36.956779808629534,-1.3490742457242604],[36.95674856987083,-1.349029686353695],[36.95669953893131,-1.3490653523474319]]]},"id":"001b00000000000030a1","properties":{"FID":514003}},{"type":"Feature","geometry":{"type":"Polygon","coordinates":[[[36.95821120179265,-1.3482537900453486],[36.95826916860786,-1.348329588625065],[36.95839403897447,-1.3482359716497287],[36.95833607225825,-1.3481556682128701],[36.95821120179265,-1.3482537900453486]]]},"id":"001b0000000000005d1c","properties":{"FID":517075}},{"type":"Feature","geometry":{"type":"Polygon","coordinates":[[[36.97852243533385,-1.3430857152072337],[36.97857587785165,-1.3431124438803204],[36.97859817287819,-1.3430678470424726],[36.97854473037671,-1.3430411183825377],[36.97852243533385,-1.3430857152072337]]]},"id":"001b0000000000002d57","properties":{"FID":517331}},{"type":"Feature","geometry":{"type":"Polygon","coordinates":[[[36.973198233381446,-1.3545010198552274],[36.973300781604785,-1.354505478915953],[36.97330078160479,-1.3544563969788743],[36.973332013289294,-1.354456374868378],[36.97333643982617,-1.3544162837421745],[36.973287420013904,-1.3544162666112867],[36.9732874200139,-1.3543716898855727],[36.973202659926436,-1.3543672106280078],[36.973198233381446,-1.3545010198552274]]]},"id":"001b0000000000005c88","properties":{"FID":518355}},{"type":"Feature","geometry":{"type":"Polygon","coordinates":[[[36.95799712592833,-1.3479104468068068],[36.95805066545068,-1.3479639757026052],[36.958113059852224,-1.347905965067464],[36.95806402982763,-1.347848029217394],[36.95799712592833,-1.3479104468068068]]]},"id":"001b0000000000002429","properties":{"FID":517076}},{"type":"Feature","geometry":{"type":"Polygon","coordinates":[[[36.97840202559136,-1.343054479672317],[36.9784466157438,-1.3430768020162556],[36.9784689108098,-1.3430410932589294],[36.97841981247529,-1.3430187912096707],[36.97840202559136,-1.343054479672317]]]},"id":"001b0000000000002aa4","properties":{"FID":517332}},{"type":"Feature","geometry":{"type":"Polygon","coordinates":[[[36.969844966514636,-1.3544697968429307],[36.969956454905706,-1.3544787212551124],[36.969965390364976,-1.354371680296418],[36.96985390198755,-1.354362755763452],[36.969844966514636,-1.3544697968429307]]]},"id":"001b0000000000005327","properties":{"FID":518356}},{"type":"Feature","geometry":{"type":"Polygon","coordinates":[[[36.95596825250533,-1.3490876686479212],[36.956061887749144,-1.3492035653684453],[36.95616003244253,-1.3491233388337558],[36.956070824907115,-1.3490163154817885],[36.956017283935154,-1.3490608944897904],[36.956012856349204,-1.3490519621515926],[36.95596825250533,-1.3490876686479212]]]},"id":"001b00000000000059b3","properties":{"FID":514005}},{"type":"Feature","geometry":{"type":"Polygon","coordinates":[[[36.95799269846224,-1.3476741263894998],[36.958010572305156,-1.3477008406429851],[36.95805509291325,-1.3476696437606228],[36.95803279161756,-1.3476428893103793],[36.95799269846224,-1.3476741263894998]]]},"id":"001b00000000000025dc","properties":{"FID":517077}},{"type":"Feature","geometry":{"type":"Polygon","coordinates":[[[36.97825038608245,-1.34308571564404],[36.978348500979045,-1.343125817964308],[36.97838866493377,-1.343036642919036],[36.97835292721187,-1.3430232894962606],[36.97837973050493,-1.3429608369670385],[36.978299402563565,-1.3429296052169877],[36.97827268120837,-1.3429965003471513],[36.97828604188719,-1.343000945697591],[36.97825038608245,-1.34308571564404]]]},"id":"001b0000000000005f5c","properties":{"FID":517333}},{"type":"Feature","geometry":{"type":"Polygon","coordinates":[[[36.969430326579015,-1.3544608702062026],[36.96954173362565,-1.3544563987741092],[36.96954173362565,-1.3543627357639696],[36.96951943583447,-1.3543627766761805],[36.96951943583447,-1.3543270899412356],[36.96946598668968,-1.354331538113048],[36.969465986689684,-1.3543716709046592],[36.969430326579015,-1.3543761583932483],[36.969430326579015,-1.3544608702062026]]]},"id":"001b000000000000228b","properties":{"FID":518357}},{"type":"Feature","geometry":{"type":"Polygon","coordinates":[[[36.96559549246843,-1.3444056036338545],[36.96562664546533,-1.3444501550955588],[36.96565345342834,-1.344427871957743],[36.96562221846131,-1.3443877669221183],[36.96559549246843,-1.3444056036338545]]]},"id":"001b000000000000418e","properties":{"FID":517078}},{"type":"Feature","geometry":{"type":"Polygon","coordinates":[[[36.97622592748966,-1.3429608512402362],[36.976252731563456,-1.343067868017631],[36.97637314485008,-1.3430410933299373],[36.97634634082047,-1.3429296326392952],[36.97622592748966,-1.3429608512402362]]]},"id":"001b0000000000005ca7","properties":{"FID":517334}},{"type":"Feature","geometry":{"type":"Polygon","coordinates":[[[36.97663618448402,-1.3543627379048209],[36.97667184107697,-1.3544430139830226],[36.9767655317658,-1.3544028775620407],[36.97672987521861,-1.3543226016570673],[36.97663618448402,-1.3543627379048209]]]},"id":"001b00000000000021fd","properties":{"FID":518358}},{"type":"Feature","geometry":{"type":"Polygon","coordinates":[[[36.9543808627028,-1.3543582965084515],[36.95445219759135,-1.3544608481184812],[36.95455026245101,-1.3543940025483157],[36.954456625271796,-1.354260186028927],[36.95441202047877,-1.3542869485418558],[36.95443432287868,-1.3543226606217593],[36.9543808627028,-1.3543582965084515]]]},"id":"001b0000000000005c66","properties":{"FID":515543}},{"type":"Feature","geometry":{"type":"Polygon","coordinates":[[[36.97063423508088,-1.351134361522968],[36.97069219204399,-1.3511521821851278],[36.97070555410958,-1.3511120537922239],[36.970647597157075,-1.351094233125191],[36.97063423508088,-1.351134361522968]]]},"id":"001b0000000000003436","properties":{"FID":517079}},{"type":"Feature","geometry":{"type":"Polygon","coordinates":[[[36.97783571189299,-1.3429474439728029],[36.97787579416197,-1.3429608393653008],[36.97789808940227,-1.3428984068799779],[36.97785800714553,-1.3428850114847615],[36.97783571189299,-1.3429474439728029]]]},"id":"001b0000000000000668","properties":{"FID":517335}},{"type":"Feature","geometry":{"type":"Polygon","coordinates":[[[36.974745540431435,-1.3543449213728813],[36.97477677149816,-1.3544430017999285],[36.974892678804906,-1.3544073299992176],[36.974861447787745,-1.3543092498061597],[36.974745540431435,-1.3543449213728813]]]},"id":"001b0000000000004f04","properties":{"FID":518359}},{"type":"Feature","geometry":{"type":"Polygon","coordinates":[[[36.97015262487489,-1.3510897977599263],[36.9702998544765,-1.3511477634914844],[36.97031764333366,-1.3511031700803482],[36.970170495744355,-1.3510452029018867],[36.97015262487489,-1.3510897977599263]]]},"id":"001b00000000000050c2","properties":{"FID":517080}},{"type":"Feature","geometry":{"type":"Polygon","coordinates":[[[36.978437681322056,-1.3428939836114266],[36.97852243533385,-1.3429296405004347],[36.97854473037671,-1.3428805999005733],[36.97845555016445,-1.3428449025966087],[36.978437681322056,-1.3428939836114266]]]},"id":"001b0000000000004ed8","properties":{"FID":517336}},{"type":"Feature","geometry":{"type":"Polygon","coordinates":[[[36.97845104197067,-1.354420723185026],[36.978575877851654,-1.3544876151533598],[36.978633910480056,-1.3543806012762984],[36.97851350092139,-1.3543136899274828],[36.97845104197067,-1.354420723185026]]]},"id":"001b0000000000005cb9","properties":{"FID":518360}},{"type":"Feature","geometry":{"type":"Polygon","coordinates":[[[36.97008581401683,-1.3510942433129876],[36.970139262708166,-1.3511120848547757],[36.97016156031017,-1.3510451836221675],[36.97011253836739,-1.3510273820813543],[36.97008581401683,-1.3510942433129876]]]},"id":"001b000000000000071b","properties":{"FID":517081}},{"type":"Feature","geometry":{"type":"Polygon","coordinates":[[[36.97640880157145,-1.3428538099219414],[36.976431097259656,-1.3428939471943517],[36.97641322792186,-1.3429028544252912],[36.976462327605574,-1.3429831088002644],[36.976560362935416,-1.3429207019535494],[36.97648904962324,-1.342804753288147],[36.97640880157145,-1.3428538099219414]]]},"id":"001b00000000000053da","properties":{"FID":517337}},{"type":"Feature","geometry":{"type":"Polygon","coordinates":[[[36.97649798428342,-1.354331528351598],[36.97651577163113,-1.354353854981245],[36.976551510252165,-1.3543226332550344],[36.976533640943835,-1.354300308107489],[36.97649798428342,-1.354331528351598]]]},"id":"001b000000000000271b","properties":{"FID":518361}},{"type":"Feature","geometry":{"type":"Polygon","coordinates":[[[36.956864505774305,-1.3489449371420634],[36.95690025400732,-1.3489895350759535],[36.95694928481226,-1.348949423268713],[36.95691361859454,-1.3489048239460253],[36.956864505774305,-1.3489449371420634]]]},"id":"001b0000000000002af1","properties":{"FID":514010}},{"type":"Feature","geometry":{"type":"Polygon","coordinates":[[[36.95647217596772,-1.3543449541593355],[36.95654793637022,-1.3544563770440772],[36.956681746759514,-1.3543627507191882],[36.95660590450398,-1.3542512704124783],[36.95647217596772,-1.3543449541593355]]]},"id":"001b0000000000005baf","properties":{"FID":515546}},{"type":"Feature","geometry":{"type":"Polygon","coordinates":[[[36.970585213455266,-1.351058590297136],[36.97065653253182,-1.351089806862102],[36.970669894603944,-1.351049678535296],[36.97060300224294,-1.3510184427073015],[36.970585213455266,-1.351058590297136]]]},"id":"001b0000000000000368","properties":{"FID":517082}},{"type":"Feature","geometry":{"type":"Polygon","coordinates":[[[36.97360850738358,-1.3542691191815062],[36.97361736042355,-1.3543271125885739],[36.97364859197269,-1.3543226447351209],[36.97363965696393,-1.3542690985970145],[36.97360850738358,-1.3542691191815062]]]},"id":"001b00000000000016b3","properties":{"FID":518362}},{"type":"Feature","geometry":{"type":"Polygon","coordinates":[[[36.956445364637645,-1.3489850817974096],[36.95649447773938,-1.349060862183611],[36.956668382129926,-1.348953863704422],[36.9566104140457,-1.348869170542859],[36.95653899927054,-1.348909263737345],[36.95654793637022,-1.3489181754180257],[36.956445364637645,-1.3489850817974096]]]},"id":"001b0000000000006032","properties":{"FID":514011}},{"type":"Feature","geometry":{"type":"Polygon","coordinates":[[[36.955798856041575,-1.3543449473745388],[36.95592364863425,-1.3544519420835766],[36.95596825250533,-1.354402886575801],[36.95594152298291,-1.3543850410035168],[36.95598612684309,-1.3543315388615076],[36.9558835543225,-1.3542467983451163],[36.955798856041575,-1.3543449473745388]]]},"id":"001b0000000000005b36","properties":{"FID":515547}},{"type":"Feature","geometry":{"type":"Polygon","coordinates":[[[36.96959977343253,-1.3511254510609323],[36.96968888248132,-1.3511522031818883],[36.9697023267074,-1.3511076272450744],[36.96973347795344,-1.3511165584309652],[36.96976471116311,-1.3510228841215814],[36.96964879571937,-1.3509827373893355],[36.96959977343253,-1.3511254510609323]]]},"id":"001b0000000000005fd7","properties":{"FID":517083}},{"type":"Feature","geometry":{"type":"Polygon","coordinates":[[[36.977487921465645,-1.3427958443284282],[36.977536938458584,-1.3428092599652126],[36.97754587299054,-1.3427779938899944],[36.977496774035366,-1.3427690830147647],[36.977487921465645,-1.3427958443284282]]]},"id":"001b000000000000015c","properties":{"FID":517339}},{"type":"Feature","geometry":{"type":"Polygon","coordinates":[[[36.973791306046984,-1.3544118078070289],[36.97392508486859,-1.35441624479383],[36.97392508486859,-1.3543806192614714],[36.97397861272305,-1.354385061245747],[36.97397861272305,-1.3543181968226121],[36.973934019842424,-1.3543181601871472],[36.973934019842424,-1.3542646331467998],[36.97379573255603,-1.3542602168437006],[36.973791306046984,-1.3544118078070289]]]},"id":"001b0000000000005315","properties":{"FID":518363}},{"type":"Feature","geometry":{"type":"Polygon","coordinates":[[[36.95453689743189,-1.3543226160003539],[36.954617169503884,-1.3543717053727762],[36.95463053450834,-1.3543494113715815],[36.954666201839544,-1.3543716638175123],[36.95470637881248,-1.354304780462437],[36.95459486715973,-1.3542334193333978],[36.95453689743189,-1.3543226160003539]]]},"id":"001b0000000000005fd3","properties":{"FID":515548}},{"type":"Feature","geometry":{"type":"Polygon","coordinates":[[[36.97084384724615,-1.350982754419334],[36.970968696130356,-1.3510273652461313],[36.97097763146583,-1.350991701930359],[36.970857209284006,-1.3509515766116893],[36.97084384724615,-1.350982754419334]]]},"id":"001b0000000000003427","properties":{"FID":517084}},{"type":"Feature","geometry":{"type":"Polygon","coordinates":[[[36.97654257559854,-1.3428137047275648],[36.97660946252019,-1.342911777107187],[36.97670307131994,-1.342849389410446],[36.97663618448402,-1.3427512580223984],[36.97654257559854,-1.3428137047275648]]]},"id":"001b0000000000005ef9","properties":{"FID":517340}},{"type":"Feature","geometry":{"type":"Polygon","coordinates":[[[36.974237234499434,-1.3542468507931944],[36.974241660981455,-1.3542869616091726],[36.97427289226364,-1.3542869395473263],[36.974268383811655,-1.3542423844627045],[36.974237234499434,-1.3542468507931944]]]},"id":"001b00000000000033a7","properties":{"FID":518364}},{"type":"Feature","geometry":{"type":"Polygon","coordinates":[[[36.969818242066204,-1.350991704466688],[36.969871772930084,-1.3510228813443153],[36.96989849735893,-1.3509694160541719],[36.969844966514636,-1.3509426254867725],[36.969818242066204,-1.350991704466688]]]},"id":"001b0000000000004646","properties":{"FID":517085}},{"type":"Feature","geometry":{"type":"Polygon","coordinates":[[[36.97848227145271,-1.3428493492619533],[36.97855358281831,-1.3428761182168043],[36.978571451632334,-1.3428359845855526],[36.97853128777816,-1.3428181467440388],[36.978553582818314,-1.342764662333672],[36.97852243533385,-1.3427512872109937],[36.97848227145271,-1.3428493492619533]]]},"id":"001b00000000000022d6","properties":{"FID":517341}},{"type":"Feature","geometry":{"type":"Polygon","coordinates":[[[36.96959977343252,-1.3543003484386849],[36.96968445572341,-1.3543047703316213],[36.96968445572341,-1.3542423484459074],[36.96959977343253,-1.3542423724980925],[36.96959977343252,-1.3543003484386849]]]},"id":"001b00000000000047ed","properties":{"FID":518365}},{"type":"Feature","geometry":{"type":"Polygon","coordinates":[[[36.956797682768936,-1.3488468258201807],[36.95682441197841,-1.348886959539675],[36.95686901530008,-1.3488602050387661],[36.9568422861069,-1.3488200713650154],[36.956797682768936,-1.3488468258201807]]]},"id":"001b0000000000000b8d","properties":{"FID":514014}},{"type":"Feature","geometry":{"type":"Polygon","coordinates":[[[36.96970675346423,-1.3509382017874645],[36.96980487983832,-1.3509426253970047],[36.96980930658893,-1.3508579034549282],[36.969711180220784,-1.3508534797521092],[36.96970675346423,-1.3509382017874645]]]},"id":"001b00000000000052ea","properties":{"FID":517086}},{"type":"Feature","geometry":{"type":"Polygon","coordinates":[[[36.9782414516367,-1.342800328387202],[36.97832169767452,-1.342831502367773],[36.97833956654529,-1.3427780366188253],[36.978263746765336,-1.3427512878397516],[36.9782414516367,-1.342800328387202]]]},"id":"001b0000000000004232","properties":{"FID":517342}},{"type":"Feature","geometry":{"type":"Polygon","coordinates":[[[36.969555177878796,-1.3542869736294532],[36.969590837928536,-1.3542869322068891],[36.96959526469212,-1.354246839409181],[36.969555177878796,-1.354242394975769],[36.969555177878796,-1.3542869736294532]]]},"id":"001b000000000000002b","properties":{"FID":518366}},{"type":"Feature","geometry":{"type":"Polygon","coordinates":[[[36.95703840928487,-1.3488156504470932],[36.95706522039751,-1.348882517881204],[36.95710531406137,-1.3488691220357831],[36.95707858495457,-1.3488022532061603],[36.95703840928487,-1.3488156504470932]]]},"id":"001b000000000000435e","properties":{"FID":514015}},{"type":"Feature","geometry":{"type":"Polygon","coordinates":[[[36.97586034189237,-1.350826709065848],[36.975985182202336,-1.3508802071374202],[36.97603870854694,-1.350755325231764],[36.97591378635848,-1.3507018286540133],[36.97586034189237,-1.350826709065848]]]},"id":"001b0000000000006240","properties":{"FID":517087}},{"type":"Feature","geometry":{"type":"Polygon","coordinates":[[[36.978571451632334,-1.3542735977064633],[36.97863833669558,-1.354353849441104],[36.97868735291626,-1.3543092335613387],[36.978673992310874,-1.3542958976625434],[36.978691861095434,-1.3542824803456404],[36.978633910480056,-1.35422008889941],[36.978571451632334,-1.3542735977064633]]]},"id":"001b0000000000005a77","properties":{"FID":518367}},{"type":"Feature","geometry":{"type":"Polygon","coordinates":[[[36.955660616429476,-1.348846861783068],[36.95574974247267,-1.3489449353596803],[36.955798856041575,-1.3488959294717677],[36.95578540925804,-1.3488780868292196],[36.95581664842819,-1.3488513315199955],[36.95574088726808,-1.3487710429762407],[36.955660616429476,-1.348846861783068]]]},"id":"001b0000000000006086","properties":{"FID":514016}},{"type":"Feature","geometry":{"type":"Polygon","coordinates":[[[36.97597182110253,-1.3507152013869197],[36.97601641273895,-1.3507375251875278],[36.97602977383058,-1.3507152400021725],[36.975985182202336,-1.3506929162077463],[36.97597182110253,-1.3507152013869197]]]},"id":"001b00000000000000a1","properties":{"FID":517088}},{"type":"Feature","geometry":{"type":"Polygon","coordinates":[[[36.97883899151769,-1.3428047787302049],[36.978941531820496,-1.3428493651538682],[36.978990629804194,-1.3427378733706625],[36.978883581403274,-1.3426933072462919],[36.97883899151769,-1.3428047787302049]]]},"id":"001b000000000000505a","properties":{"FID":517344}},{"type":"Feature","geometry":{"type":"Polygon","coordinates":[[[36.976266092611866,-1.3543003257514181],[36.97631511042495,-1.3543360265123172],[36.97637314485008,-1.35425574327529],[36.976324045106395,-1.354220044034777],[36.976266092611866,-1.3543003257514181]]]},"id":"001b0000000000004bea","properties":{"FID":518368}},{"type":"Feature","geometry":{"type":"Polygon","coordinates":[[[36.97592722943889,-1.3507062724078494],[36.97596288637799,-1.3507196865615791],[36.975985182202336,-1.3506750762076127],[36.97594952527412,-1.3506572761431577],[36.97592722943889,-1.3507062724078494]]]},"id":"001b0000000000004487","properties":{"FID":517089}},{"type":"Feature","geometry":{"type":"Polygon","coordinates":[[[36.97503539044829,-1.3427557313028455],[36.97508440908742,-1.342773532384697],[36.975106705179954,-1.3426933213671495],[36.97505768655579,-1.3426754610273814],[36.97503539044829,-1.3427557313028455]]]},"id":"001b0000000000003591","properties":{"FID":517345}},{"type":"Feature","geometry":{"type":"Polygon","coordinates":[[[36.978941531820496,-1.3542646426861178],[36.97903964578837,-1.3543984548353831],[36.97912439910143,-1.3543360140296552],[36.97902628524745,-1.354206706939813],[36.978941531820496,-1.3542646426861178]]]},"id":"001b0000000000005dcb","properties":{"FID":518369}},{"type":"Feature","geometry":{"type":"Polygon","coordinates":[[[36.95463947184123,-1.3488022799762227],[36.95467513916809,-1.3488691705151152],[36.95476877606754,-1.348824533433587],[36.95473310878635,-1.3487576430430965],[36.95463947184123,-1.3488022799762227]]]},"id":"001b00000000000022d1","properties":{"FID":514018}},{"type":"Feature","geometry":{"type":"Polygon","coordinates":[[[36.955928158218036,-1.3542200956313288],[36.95595488774534,-1.3543181609604413],[36.95604852300626,-1.3542914166254005],[36.9560262210986,-1.3541977788279742],[36.955928158218036,-1.3542200956313288]]]},"id":"001b0000000000005e6b","properties":{"FID":515554}},{"type":"Feature","geometry":{"type":"Polygon","coordinates":[[[36.96948377574988,-1.350719701587584],[36.96953288009173,-1.3507375018642078],[36.969550669135636,-1.3506929086584905],[36.9696621579758,-1.3507375203248293],[36.969680028965236,-1.3506929257361808],[36.96951943583447,-1.3506305138005472],[36.96948377574988,-1.350719701587584]]]},"id":"001b0000000000004cb0","properties":{"FID":517090}},{"type":"Feature","geometry":{"type":"Polygon","coordinates":[[[36.97829497632748,-1.3427468262293918],[36.978370796075005,-1.3427780190161405],[36.97841981247529,-1.3426665281710968],[36.97834407474594,-1.34263088995375],[36.97829497632748,-1.3427468262293918]]]},"id":"001b0000000000002b99","properties":{"FID":517346}},{"type":"Feature","geometry":{"type":"Polygon","coordinates":[[[36.973456857921,-1.3543671938488016],[36.97355940578124,-1.3543716530338532],[36.97356391427699,-1.3542156145719453],[36.97345685792099,-1.3542111761208437],[36.973456857921,-1.3543671938488016]]]},"id":"001b0000000000004d00","properties":{"FID":518370}},{"type":"Feature","geometry":{"type":"Polygon","coordinates":[[[36.968899685680235,-1.3507062932911267],[36.96906913376442,-1.35075983537148],[36.969100285280426,-1.3506572717329315],[36.96893083726849,-1.350603729618747],[36.968899685680235,-1.3507062932911267]]]},"id":"001b00000000000059b2","properties":{"FID":517091}},{"type":"Feature","geometry":{"type":"Polygon","coordinates":[[[36.97029534577929,-1.3506438983097246],[36.970339940881225,-1.3506617190896124],[36.970357811704865,-1.350621570480092],[36.97030870791747,-1.3506037704025684],[36.97029534577929,-1.3506438983097246]]]},"id":"001b00000000000042ad","properties":{"FID":517092}},{"type":"Feature","geometry":{"type":"Polygon","coordinates":[[[36.97501309433398,-1.342836001812035],[36.97513350966454,-1.3428850159206263],[36.97524498998418,-1.3426130204802345],[36.97513350966454,-1.3425684115453667],[36.97509777034957,-1.3426665175295516],[36.97512457483743,-1.3426754664734053],[36.975079982656474,-1.3427824988640866],[36.9750443252863,-1.34276908409383],[36.97501309433398,-1.342836001812035]]]},"id":"001b0000000000005b6b","properties":{"FID":517348}},{"type":"Feature","geometry":{"type":"Polygon","coordinates":[[[36.973438987855474,-1.3542111383092312],[36.97348808953876,-1.354206708322305],[36.97348358103834,-1.3541665393940379],[36.97343898785548,-1.3541665619364867],[36.973438987855474,-1.3542111383092312]]]},"id":"001b0000000000000a3a","properties":{"FID":518372}},{"type":"Feature","geometry":{"type":"Polygon","coordinates":[[[36.95705185583801,-1.349069783804175],[36.957114251091845,-1.349163468343395],[36.957684988912604,-1.3487889082875546],[36.957622594145775,-1.3486907792255598],[36.95719894784924,-1.3489672324942523],[36.95720345735439,-1.3489717172141258],[36.95705185583801,-1.349069783804175]]]},"id":"001b00000000000063e8","properties":{"FID":514021}},{"type":"Feature","geometry":{"type":"Polygon","coordinates":[[[36.96937679539168,-1.3506483365307913],[36.96939458447359,-1.3506572677382938],[36.96938122216823,-1.3506884457900705],[36.96944368887539,-1.350710750995378],[36.96945705116933,-1.3506750681218507],[36.969497138036495,-1.3506929098146452],[36.969555177878796,-1.3505234835051068],[36.96943918012534,-1.3504788924402154],[36.96937679539168,-1.3506483365307913]]]},"id":"001b0000000000005f64","properties":{"FID":517093}},{"type":"Feature","geometry":{"type":"Polygon","coordinates":[[[36.978348500979045,-1.3425907566428463],[36.97842874689921,-1.3426308778422025],[36.97845555016445,-1.3425773734511817],[36.978375222306475,-1.3425372537211526],[36.978348500979045,-1.3425907566428463]]]},"id":"001b0000000000004edb","properties":{"FID":517349}},{"type":"Feature","geometry":{"type":"Polygon","coordinates":[[[36.97667634938059,-1.3541710399073452],[36.97673430154955,-1.3542468289968326],[36.97676553176581,-1.354224519620286],[36.976707579621625,-1.354148730594998],[36.97667634938059,-1.3541710399073452]]]},"id":"001b0000000000004abe","properties":{"FID":518373}},{"type":"Feature","geometry":{"type":"Polygon","coordinates":[[[36.97728275466487,-1.3505413417181853],[36.97736751001722,-1.3505814440989596],[36.97754587299053,-1.3504253691717667],[36.97755923380234,-1.35040308465971],[36.97751464310801,-1.3503852656923232],[36.977452183302894,-1.350304999510887],[36.97740316625306,-1.3502826954393359],[36.97738087086165,-1.3503317494508693],[36.977474478672534,-1.350376317580098],[36.97728275466487,-1.3505413417181853]]]},"id":"001b00000000000062e6","properties":{"FID":517094}},{"type":"Feature","geometry":{"type":"Polygon","coordinates":[[[36.97775095708408,-1.3425684691405233],[36.9778401381569,-1.3426085515951516],[36.97786243340809,-1.3425595111347415],[36.9777732523625,-1.3425193694415145],[36.97775095708408,-1.3425684691405233]]]},"id":"001b0000000000002d68","properties":{"FID":517350}},{"type":"Feature","geometry":{"type":"Polygon","coordinates":[[[36.97857145163234,-1.354175500364095],[36.97859374666023,-1.35421114187805],[36.978633910480056,-1.354184406412987],[36.97861161546442,-1.354148705664878],[36.97857145163234,-1.354175500364095]]]},"id":"001b000000000000442d","properties":{"FID":518374}},{"type":"Feature","geometry":{"type":"Polygon","coordinates":[[[36.97708660384451,-1.3503183592160268],[36.97711775194145,-1.3503361796770756],[36.977126686524684,-1.3503228045101987],[36.977162342878124,-1.3503406635278108],[36.977202507485295,-1.3502737492311654],[36.97713562110685,-1.3502336261837125],[36.97710889932577,-1.3502737501156887],[36.97711332563374,-1.3502782352056706],[36.97708660384451,-1.3503183592160268]]]},"id":"001b0000000000005cf5","properties":{"FID":517095}},{"type":"Feature","geometry":{"type":"Polygon","coordinates":[[[36.9784689108098,-1.3426130452434692],[36.978562517225875,-1.3426442204963926],[36.97860710728029,-1.3424970789671886],[36.97851792714422,-1.3424703288583595],[36.9784689108098,-1.3426130452434692]]]},"id":"001b0000000000005227","properties":{"FID":517351}},{"type":"Feature","geometry":{"type":"Polygon","coordinates":[[[36.974937271100224,-1.3541933203234948],[36.97495514079917,-1.354282509291604],[36.9752404815922,-1.3542245593713587],[36.975222693933866,-1.3541353694075386],[36.974937271100224,-1.3541933203234948]]]},"id":"001b0000000000005d7b","properties":{"FID":518375}},{"type":"Feature","geometry":{"type":"Polygon","coordinates":[[[36.95433174818162,-1.3541086039551933],[36.95435405060601,-1.3541576564741573],[36.954394227750434,-1.3541398072047865],[36.95437192533829,-1.3540907547318306],[36.95433174818162,-1.3541086039551933]]]},"id":"001b00000000000001c5","properties":{"FID":515560}},{"type":"Feature","geometry":{"type":"Polygon","coordinates":[[[36.97097312281046,-1.3501846065487721],[36.971066820809504,-1.350269304340318],[36.971129204100066,-1.3502024061971012],[36.97103558815651,-1.3501132617232006],[36.97097312281046,-1.3501846065487721]]]},"id":"001b0000000000005ed4","properties":{"FID":517096}},{"type":"Feature","geometry":{"type":"Polygon","coordinates":[[[36.97806309036242,-1.3424703510972573],[36.97813891035073,-1.3425015439976282],[36.97814784480903,-1.3424747817182614],[36.97807645107959,-1.3424435700156676],[36.97806309036242,-1.3424703510972573]]]},"id":"001b0000000000003184","properties":{"FID":517352}},{"type":"Feature","geometry":{"type":"Polygon","coordinates":[[[36.97869186109544,-1.3541888286138613],[36.97874981166483,-1.3543048030216083],[36.97885235209288,-1.354255737933394],[36.97879440160487,-1.3541353776080365],[36.97869186109544,-1.3541888286138613]]]},"id":"001b0000000000004ed1","properties":{"FID":518376}},{"type":"Feature","geometry":{"type":"Polygon","coordinates":[[[36.977073160977525,-1.3501266302681836],[36.977126686524684,-1.3501489137463343],[36.97715349026787,-1.3500909491260666],[36.97709996474035,-1.3500686656550762],[36.977073160977525,-1.3501266302681836]]]},"id":"001b000000000000392a","properties":{"FID":517097}},{"type":"Feature","geometry":{"type":"Polygon","coordinates":[[[36.97469652156486,-1.3425773621945123],[36.974781197947486,-1.3426130224156723],[36.974794559265106,-1.3425729075357409],[36.97485259489856,-1.3425951716430902],[36.974892678804906,-1.3424971074995535],[36.9747544753049,-1.342439103702215],[36.97469652156486,-1.3425773621945123]]]},"id":"001b0000000000005bf7","properties":{"FID":517353}},{"type":"Feature","geometry":{"type":"Polygon","coordinates":[[[36.97766628414485,-1.3542780243037353],[36.97773317003725,-1.3543895145043705],[36.97788472865246,-1.3542958916146879],[36.977808908400235,-1.3541754919052396],[36.9778267773965,-1.354162074526152],[36.97779554763411,-1.3541175227463789],[36.977719727289276,-1.3541620820724587],[36.97775546532108,-1.3542200681887808],[36.97766628414485,-1.3542780243037353]]]},"id":"001b0000000000006380","properties":{"FID":518377}},{"type":"Feature","geometry":{"type":"Polygon","coordinates":[[[36.95713212514949,-1.3486015918058665],[36.95714991721171,-1.3486462107720243],[36.95718558331417,-1.3486283882835663],[36.95716779126063,-1.3485882153208884],[36.95713212514949,-1.3486015918058665]]]},"id":"001b0000000000000b9e","properties":{"FID":514026}},{"type":"Feature","geometry":{"type":"Polygon","coordinates":[[[36.957622594145775,-1.354139817057742],[36.95772516422706,-1.3542869867383935],[36.95783658911634,-1.3542111319597283],[36.957729591709345,-1.3540639821302975],[36.957622594145775,-1.354139817057742]]]},"id":"001b0000000000005e7d","properties":{"FID":515562}},{"type":"Feature","geometry":{"type":"Polygon","coordinates":[[[36.977033078267965,-1.3500998411143843],[36.97706430835645,-1.3501221644226027],[36.97711332563374,-1.3500552713886085],[36.97708209556622,-1.3500329481125597],[36.977033078267965,-1.3500998411143843]]]},"id":"001b00000000000025d9","properties":{"FID":517098}},{"type":"Feature","geometry":{"type":"Polygon","coordinates":[[[36.978821122769126,-1.3424748176499008],[36.97886571266563,-1.3424881926495256],[36.97887464703499,-1.3424480395241982],[36.97883456531432,-1.3424391474689248],[36.978821122769126,-1.3424748176499008]]]},"id":"001b0000000000002646","properties":{"FID":517354}},{"type":"Feature","geometry":{"type":"Polygon","coordinates":[[[36.97542778455179,-1.3542423890133855],[36.9755036072763,-1.3543226036185152],[36.97565074412252,-1.354188868588214],[36.975574921550766,-1.3541085950498848],[36.97542778455179,-1.3542423890133855]]]},"id":"001b00000000000061ab","properties":{"FID":518378}},{"type":"Feature","geometry":{"type":"Polygon","coordinates":[[[36.976622823503334,-1.350046367744026],[36.976689710351486,-1.3500820459448821],[36.97671200595392,-1.3500374370021704],[36.9766451191262,-1.3500017588212914],[36.976622823503334,-1.350046367744026]]]},"id":"001b0000000000004050","properties":{"FID":517099}},{"type":"Feature","geometry":{"type":"Polygon","coordinates":[[[36.9789148107003,-1.3425193824502286],[36.97896382673538,-1.3425327978642956],[36.97898612164346,-1.342434697080691],[36.97893710562336,-1.3424257255902974],[36.9789148107003,-1.3425193824502286]]]},"id":"001b0000000000003c11","properties":{"FID":517355}},{"type":"Feature","geometry":{"type":"Polygon","coordinates":[[[36.97460282822167,-1.3541219730802068],[36.974611763112605,-1.354206697639976],[36.97478570636781,-1.3541888438723169],[36.97477677149816,-1.3541041195415688],[36.97460282822167,-1.3541219730802068]]]},"id":"001b00000000000035f0","properties":{"FID":518379}},{"type":"Feature","geometry":{"type":"Polygon","coordinates":[[[36.95660147695366,-1.3492080588474733],[36.9566460804113,-1.3492749085779916],[36.957600292718176,-1.34866402410999],[36.957524451415324,-1.3485436664210497],[36.957087521988306,-1.3488201160836164],[36.957109823572296,-1.3488557634607343],[36.956971586438414,-1.3489449380311023],[36.95698495101259,-1.3489627818725303],[36.95690910907152,-1.349011845556749],[36.95660147695366,-1.3492080588474733]]]},"id":"001b0000000000000a87","properties":{"FID":514028}},{"type":"Feature","geometry":{"type":"Polygon","coordinates":[[[36.97294854302057,-1.350050832486319],[36.97301092470417,-1.3500954237152336],[36.97306445322858,-1.350010666473115],[36.97300649814756,-1.3499705606307357],[36.97294854302057,-1.350050832486319]]]},"id":"001b0000000000001d13","properties":{"FID":517100}},{"type":"Feature","geometry":{"type":"Polygon","coordinates":[[[36.978063090362426,-1.342439124630475],[36.97814784480903,-1.3424658937350462],[36.97816120551069,-1.3424212774899742],[36.97807645107959,-1.3423945083779474],[36.978063090362426,-1.342439124630475]]]},"id":"001b0000000000003183","properties":{"FID":517356}},{"type":"Feature","geometry":{"type":"Polygon","coordinates":[[[36.97436207758388,-1.3541041450972766],[36.974371012504264,-1.3541620769531748],[36.974495855360054,-1.3541531581863402],[36.97449134692184,-1.3540907612732798],[36.97436207758388,-1.3541041450972766]]]},"id":"001b000000000000305a","properties":{"FID":518380}},{"type":"Feature","geometry":{"type":"Polygon","coordinates":[[[36.9566104140457,-1.3488513271397522],[36.95665493550628,-1.3489271291692146],[36.95701618967031,-1.3487309178388434],[36.957002743110614,-1.3486996782926222],[36.957136552667684,-1.3486283670812422],[36.95712318812121,-1.3486016314559772],[36.95715885423672,-1.3485793037622515],[36.95711867861111,-1.348503485162931],[36.95703840928487,-1.3485436155565045],[36.957047346323506,-1.3485614783369984],[36.956882379893,-1.3486506506432059],[36.95690025400732,-1.3486863170894663],[36.9566728096762,-1.3488067106406232],[36.9566772372222,-1.348815642852237],[36.9566104140457,-1.3488513271397522]]]},"id":"001b00000000000063ff","properties":{"FID":514029}},{"type":"Feature","geometry":{"type":"Polygon","coordinates":[[[36.97120945795267,-1.3499616442583833],[36.971262987797175,-1.3499749796007987],[36.97127192309664,-1.3499482676059866],[36.97121839325869,-1.3499304276344224],[36.97120945795267,-1.3499616442583833]]]},"id":"001b0000000000003695","properties":{"FID":517101}},{"type":"Feature","geometry":{"type":"Polygon","coordinates":[[[36.977791121367495,-1.3425238538414328],[36.977889236881204,-1.3425550684210688],[36.97793382734678,-1.342416814088101],[36.97783571189299,-1.342385599484211],[36.977791121367495,-1.3425238538414328]]]},"id":"001b0000000000004465","properties":{"FID":517357}},{"type":"Feature","geometry":{"type":"Polygon","coordinates":[[[36.97695283081401,-1.3541843782711713],[36.97700184816613,-1.354251257044977],[36.97710889932577,-1.3541709919048748],[36.97703750458054,-1.354072918212184],[36.97699742185141,-1.3540996525733013],[36.9770197173599,-1.354130908458952],[36.97695283081401,-1.3541843782711713]]]},"id":"001b0000000000001981","properties":{"FID":518381}},{"type":"Feature","geometry":{"type":"Polygon","coordinates":[[[36.954933747265976,-1.3485169067319918],[36.95495162185658,-1.348548068601599],[36.95500959125569,-1.3485035302389172],[36.95499171667925,-1.3484767552134957],[36.954933747265976,-1.3485169067319918]]]},"id":"001b00000000000034b7","properties":{"FID":514030}},{"type":"Feature","geometry":{"type":"Polygon","coordinates":[[[36.957216821886185,-1.354077365218669],[36.95732382004351,-1.354193329972405],[36.95740851655817,-1.3541130293093293],[36.95730151852479,-1.3539971241382684],[36.957216821886185,-1.354077365218669]]]},"id":"001b0000000000005c1a","properties":{"FID":515566}},{"type":"Feature","geometry":{"type":"Polygon","coordinates":[[[36.976738727880225,-1.3500151527098887],[36.97686807498037,-1.350068629440175],[36.9769305352851,-1.3499259323798016],[36.97686807498037,-1.3498991844351966],[36.976854714042105,-1.3499304180595064],[36.97681454924365,-1.3499125796724305],[36.9767967619687,-1.3499527226393877],[36.9767655317658,-1.349939348644921],[36.976738727880225,-1.3500151527098887]]]},"id":"001b0000000000005c37","properties":{"FID":517102}},{"type":"Feature","geometry":{"type":"Polygon","coordinates":[[[36.97092852809503,-1.354135335133282],[36.970964187474436,-1.3541353530279177],[36.97096418747443,-1.3540684865534962],[36.97092852809503,-1.3540684686288431],[36.97092852809503,-1.354135335133282]]]},"id":"001b00000000000015d0","properties":{"FID":518382}},{"type":"Feature","geometry":{"type":"Polygon","coordinates":[[[36.956200126602695,-1.3540015806749761],[36.95624473030515,-1.3540818369281225],[36.95628482441887,-1.354063989571521],[36.95624030273296,-1.3539792852163581],[36.956200126602695,-1.3540015806749761]]]},"id":"001b0000000000002cec","properties":{"FID":515567}},{"type":"Feature","geometry":{"type":"Polygon","coordinates":[[[36.97835292721187,-1.3500107068086153],[36.97847784522772,-1.350171236417353],[36.978562517225875,-1.3501043046723216],[36.97853579596698,-1.3500731304735853],[36.97856702541275,-1.3500463809837677],[36.97859374666024,-1.3500775551542854],[36.978682926703705,-1.350006217420189],[36.978558091005745,-1.3498501322350065],[36.97835292721187,-1.3500107068086153]]]},"id":"001b00000000000063a1","properties":{"FID":517103}},{"type":"Feature","geometry":{"type":"Polygon","coordinates":[[[36.97803636892075,-1.3423677810044352],[36.97807202483,-1.3423811359717743],[36.97809874625862,-1.342314301342909],[36.978063090362426,-1.342300887123791],[36.97803636892075,-1.3423677810044352]]]},"id":"001b000000000000237c","properties":{"FID":517359}},{"type":"Feature","geometry":{"type":"Polygon","coordinates":[[[36.97631961875059,-1.3541353596387133],[36.97641322792186,-1.3542290085183837],[36.97650241062841,-1.3541398139059442],[36.97640429325132,-1.3540461861889757],[36.97631961875059,-1.3541353596387133]]]},"id":"001b0000000000005ab7","properties":{"FID":518383}},{"type":"Feature","geometry":{"type":"Polygon","coordinates":[[[36.95474647376962,-1.3484990581077627],[36.95477320372883,-1.348539192606768],[36.95483568292051,-1.3484990204313527],[36.954808870990455,-1.3484588874499175],[36.95474647376962,-1.3484990581077627]]]},"id":"001b0000000000004a23","properties":{"FID":514032}},{"type":"Feature","geometry":{"type":"Polygon","coordinates":[[[36.97113363077043,-1.3498590859016848],[36.9712050312869,-1.3498769054439592],[36.97122281992366,-1.3498055831838878],[36.97114707473064,-1.349792167434041],[36.97113363077043,-1.3498590859016848]]]},"id":"001b0000000000000793","properties":{"FID":517104}},{"type":"Feature","geometry":{"type":"Polygon","coordinates":[[[36.978589320442,-1.3423544156209892],[36.97866063170304,-1.342390072495255],[36.97869628730745,-1.3423187553457216],[36.978624976081235,-1.3422830392469531],[36.978589320442,-1.3423544156209892]]]},"id":"001b0000000000005772","properties":{"FID":517360}},{"type":"Feature","geometry":{"type":"Polygon","coordinates":[[[36.95415341053609,-1.3540550910654574],[36.95422474564648,-1.3541531954874557],[36.95434068555103,-1.3540684828534257],[36.95426935055372,-1.3539703787471122],[36.95415341053609,-1.3540550910654574]]]},"id":"001b0000000000006061","properties":{"FID":515569}},{"type":"Feature","geometry":{"type":"Polygon","coordinates":[[[36.971820335256666,-1.349868012180591],[36.971936329229386,-1.3499036519417558],[36.97197198811685,-1.349787738329538],[36.971851567574156,-1.349752058469275],[36.971820335256666,-1.349868012180591]]]},"id":"001b0000000000005fce","properties":{"FID":517105}},{"type":"Feature","geometry":{"type":"Polygon","coordinates":[[[36.97774653081478,-1.342332125794213],[36.97785349891486,-1.3423678061036632],[36.9778669416382,-1.3423276323833466],[36.97775989158986,-1.342287509524208],[36.97774653081478,-1.342332125794213]]]},"id":"001b0000000000004bad","properties":{"FID":517361}},{"type":"Feature","geometry":{"type":"Polygon","coordinates":[[[36.97063423508087,-1.3540595344344044],[36.97067882997595,-1.354055066110385],[36.97067882997595,-1.3540238854120623],[36.97063423508088,-1.3540283537144777],[36.97063423508087,-1.3540595344344044]]]},"id":"001b000000000000325a","properties":{"FID":518385}},{"type":"Feature","geometry":{"type":"Polygon","coordinates":[[[36.95794366835694,-1.3484544406218246],[36.95797933407225,-1.3485213277775108],[36.95802393668944,-1.3484945741257723],[36.957988270995884,-1.3484276870490706],[36.95794366835694,-1.3484544406218246]]]},"id":"001b0000000000005186","properties":{"FID":514034}},{"type":"Feature","geometry":{"type":"Polygon","coordinates":[[[36.95651226995675,-1.3539748073630196],[36.95653014416154,-1.3540327711694655],[36.956579175214635,-1.354014942946582],[36.956556873468806,-1.3539569986023399],[36.95651226995675,-1.3539748073630196]]]},"id":"001b00000000000000af","properties":{"FID":515570}},{"type":"Feature","geometry":{"type":"Polygon","coordinates":[[[36.977175785728704,-1.3497788097531704],[36.977300623789894,-1.349832306841574],[36.977358575463434,-1.3496896323816094],[36.977256032937646,-1.3496450448715662],[36.977233737501315,-1.3496985428604658],[36.97721144205818,-1.3496896333230664],[36.977175785728704,-1.3497788097531704]]]},"id":"001b0000000000006139","properties":{"FID":517106}},{"type":"Feature","geometry":{"type":"Polygon","coordinates":[[[36.974767836627414,-1.342439105123108],[36.97491054851476,-1.3424882003121048],[36.97499973305634,-1.3422295778098177],[36.97485702134328,-1.3421804825908286],[36.974767836627414,-1.342439105123108]]]},"id":"001b00000000000062a1","properties":{"FID":517362}},{"type":"Feature","geometry":{"type":"Polygon","coordinates":[[[36.95712318812121,-1.3484990186626042],[36.95718115579895,-1.3485926618164534],[36.957319392536654,-1.3485079349420452],[36.9572614249685,-1.3484143514059999],[36.95712318812121,-1.3484990186626042]]]},"id":"001b0000000000005f0a","properties":{"FID":514035}},{"type":"Feature","geometry":{"type":"Polygon","coordinates":[[[36.97820136956843,-1.3496182686298897],[36.978245959843406,-1.3496316425352939],[36.97825481232123,-1.3495959855189361],[36.97821473026029,-1.3495825909481942],[36.97820136956843,-1.3496182686298897]]]},"id":"001b000000000000118e","properties":{"FID":517107}},{"type":"Feature","geometry":{"type":"Polygon","coordinates":[[[36.97780448213443,-1.3422964407756184],[36.97787579416197,-1.3423187068120037],[36.97789808940227,-1.3422518317051593],[36.97788472865247,-1.3422473863011712],[36.977902597630184,-1.3421894180877572],[36.97784464638839,-1.342171597438714],[36.97780448213443,-1.3422964407756184]]]},"id":"001b0000000000001979","properties":{"FID":517363}},{"type":"Feature","geometry":{"type":"Polygon","coordinates":[[[36.97470537447297,-1.3540417270604572],[36.97476341017728,-1.3540417025620866],[36.97476341017728,-1.354113070755785],[36.97482579031087,-1.3541085825124775],[36.97482579031087,-1.3540149266937438],[36.97470537447297,-1.354014934368766],[36.97470537447297,-1.3540417270604572]]]},"id":"001b000000000000523c","properties":{"FID":518387}},{"type":"Feature","geometry":{"type":"Polygon","coordinates":[[[36.95625809501217,-1.3539882181732925],[36.95635623944224,-1.3541710425864542],[36.95640969817415,-1.3541397952811907],[36.95638296881308,-1.3540907634883388],[36.95646766641748,-1.3540417078331402],[36.95648103108376,-1.354064000313245],[36.95648996819052,-1.3540550666159659],[36.95646323885879,-1.3540060349671623],[36.95642306285101,-1.3540283303997844],[36.956387396376634,-1.3539703862880508],[36.95635172988486,-1.3539882141271442],[36.956329428069665,-1.353948056482988],[36.95625809501217,-1.3539882181732925]]]},"id":"001b0000000000005ed1","properties":{"FID":515572}},{"type":"Feature","geometry":{"type":"Polygon","coordinates":[[[36.97088844201326,-1.3496316819154128],[36.97093303675315,-1.34964505725518],[36.97095082545614,-1.3495870712534364],[36.97091073938661,-1.3495736752654683],[36.97088844201326,-1.3496316819154128]]]},"id":"001b0000000000001e82","properties":{"FID":517108}},{"type":"Feature","geometry":{"type":"Polygon","coordinates":[[[36.9770197173599,-1.3422072363879294],[36.97705086548535,-1.342296456495054],[36.977189146608225,-1.3422518296591985],[36.97715791657313,-1.3421582265014442],[36.9770197173599,-1.3422072363879294]]]},"id":"001b0000000000005da0","properties":{"FID":517364}},{"type":"Feature","geometry":{"type":"Polygon","coordinates":[[[36.9704826614197,-1.3540461652346671],[36.97054061850305,-1.354055093474609],[36.97054955389088,-1.3540149805433384],[36.97048708812924,-1.354006013902251],[36.9704826614197,-1.3540461652346671]]]},"id":"001b0000000000001c7a","properties":{"FID":518388}},{"type":"Feature","geometry":{"type":"Polygon","coordinates":[[[36.97047372602369,-1.3496450191497873],[36.97054061850305,-1.3496718095788556],[36.97055840730159,-1.349627218559509],[36.970576278071796,-1.3496316435092164],[36.970594148837634,-1.3495870511180357],[36.97054061850305,-1.3495647655741396],[36.97056734268724,-1.3494889582956506],[36.970536109820706,-1.3494800284595678],[36.97047372602369,-1.3496450191497873]]]},"id":"001b0000000000006194","properties":{"FID":517109}},{"type":"Feature","geometry":{"type":"Polygon","coordinates":[[[36.97851350092139,-1.354032793887338],[36.97854915659764,-1.3540818304649993],[36.978589320442,-1.354050649677222],[36.97855358281831,-1.3540015553410898],[36.97851350092139,-1.354032793887338]]]},"id":"001b0000000000003fc1","properties":{"FID":518389}},{"type":"Feature","geometry":{"type":"Polygon","coordinates":[[[36.97140570653239,-1.349604909938662],[36.971472598158385,-1.349636086044617],[36.97147702480794,-1.3496182856599128],[36.97153498110242,-1.3496450562812257],[36.97157957544764,-1.3495513889307187],[36.97154834301387,-1.3495380139541457],[36.97156170492286,-1.3495067787100647],[36.97146808953356,-1.3494666522994703],[36.97140570653239,-1.349604909938662]]]},"id":"001b0000000000004f4a","properties":{"FID":517110}},{"type":"Feature","geometry":{"type":"Polygon","coordinates":[[[36.97462069800245,-1.3423678077220624],[36.974758901755585,-1.342416804770138],[36.97484808648236,-1.3421626857946674],[36.97470988289798,-1.3421136294764073],[36.97462069800245,-1.3423678077220624]]]},"id":"001b0000000000006219","properties":{"FID":517366}},{"type":"Feature","geometry":{"type":"Polygon","coordinates":[[[36.973438987855474,-1.3540060400550833],[36.973443496358655,-1.3541532036909025],[36.97349251606618,-1.3541531617023643],[36.97348808953876,-1.3540060559767062],[36.973438987855474,-1.3540060400550833]]]},"id":"001b00000000000020e3","properties":{"FID":518390}},{"type":"Feature","geometry":{"type":"Polygon","coordinates":[[[36.9572614249685,-1.3484098461910197],[36.95733275704726,-1.348490151713629],[36.95739966155445,-1.3484321780111408],[36.95732832954095,-1.3483518726434958],[36.9572614249685,-1.3484098461910197]]]},"id":"001b0000000000005f0b","properties":{"FID":514039}},{"type":"Feature","geometry":{"type":"Polygon","coordinates":[[[36.956543508816395,-1.3539302002117473],[36.956614841595474,-1.3540194079212038],[36.956668382129926,-1.3539748194095302],[36.95659696741139,-1.3538901192715105],[36.956543508816395,-1.3539302002117473]]]},"id":"001b000000000000515d","properties":{"FID":515575}},{"type":"Feature","geometry":{"type":"Polygon","coordinates":[[[36.97724267207036,-1.349587082234552],[36.977349640908564,-1.3496138114052407],[36.977385297153134,-1.3494577243739245],[36.977327345500804,-1.3494443500502635],[36.977318410942104,-1.3494889579258067],[36.97726496750398,-1.3494800671665932],[36.97724267207036,-1.349587082234552]]]},"id":"001b0000000000005c5f","properties":{"FID":517111}},{"type":"Feature","geometry":{"type":"Polygon","coordinates":[[[36.96965322247944,-1.3541576593687177],[36.969697817973326,-1.3541576369360044],[36.969697817973326,-1.3539792643869433],[36.969657731216266,-1.353979265827655],[36.96965322247944,-1.3541576593687177]]]},"id":"001b00000000000047f7","properties":{"FID":518391}},{"type":"Feature","geometry":{"type":"Polygon","coordinates":[[[36.97159744596806,-1.3495112424907596],[36.97172672019879,-1.3495692291336912],[36.971775741058416,-1.349453316770476],[36.971642040275135,-1.349399794614634],[36.97159744596806,-1.3495112424907596]]]},"id":"001b0000000000005c60","properties":{"FID":517112}},{"type":"Feature","geometry":{"type":"Polygon","coordinates":[[[36.97545901532677,-1.3422295390305305],[36.97566410528106,-1.3423142719186325],[36.975726566615556,-1.342158219756567],[36.97552139486622,-1.3420779324596985],[36.97545901532677,-1.3422295390305305]]]},"id":"001b0000000000005d5c","properties":{"FID":517368}},{"type":"Feature","geometry":{"type":"Polygon","coordinates":[[[36.96935449755017,-1.3540996606803855],[36.96938573092185,-1.3541041440643007],[36.969403520001585,-1.3539347024222457],[36.969372286637515,-1.3539302189952434],[36.96935449755017,-1.3540996606803855]]]},"id":"001b0000000000005de5","properties":{"FID":518392}},{"type":"Feature","geometry":{"type":"Polygon","coordinates":[[[36.970299854476494,-1.3495023525721994],[36.97033994088123,-1.3495157486866507],[36.97037117383162,-1.3494131894399473],[36.970331005467756,-1.349399794772742],[36.970299854476494,-1.3495023525721994]]]},"id":"001b0000000000001996","properties":{"FID":517113}},{"type":"Feature","geometry":{"type":"Polygon","coordinates":[[[36.97446905064144,-1.342283079390995],[36.97460282822168,-1.3423410429630422],[36.97470537447297,-1.3420957546416497],[36.97457159708057,-1.342042294547264],[36.97446905064144,-1.342283079390995]]]},"id":"001b0000000000006264","properties":{"FID":517369}},{"type":"Feature","geometry":{"type":"Polygon","coordinates":[[[36.95733718455331,-1.3539079128959817],[36.95735948606116,-1.3539436233293387],[36.95740851655817,-1.353912396145823],[36.95739072455888,-1.3538767241933072],[36.95733718455331,-1.3539079128959817]]]},"id":"001b00000000000047b7","properties":{"FID":515578}},{"type":"Feature","geometry":{"type":"Polygon","coordinates":[[[36.97712226021753,-1.349466654361219],[36.97719357291132,-1.3495424954710136],[36.97729611552482,-1.3494488152096817],[36.977233737501315,-1.349381942903568],[36.97718021203261,-1.3494265114551183],[36.977175785728704,-1.3494220856995311],[36.97712226021753,-1.349466654361219]]]},"id":"001b0000000000003236","properties":{"FID":517114}},{"type":"Feature","geometry":{"type":"Polygon","coordinates":[[[36.96952837134719,-1.3539926513077223],[36.9696621579758,-1.3539881976067478],[36.969657731216266,-1.3538990014080143],[36.96952837134719,-1.353903494796982],[36.96952837134719,-1.3539926513077223]]]},"id":"001b000000000000553f","properties":{"FID":518394}},{"type":"Feature","geometry":{"type":"Polygon","coordinates":[[[36.95413110805051,-1.3538990180973502],[36.95419801548683,-1.3539837418428078],[36.95427377824524,-1.3539257725290423],[36.95421138056788,-1.3538410281184465],[36.95413110805051,-1.3538990180973502]]]},"id":"001b0000000000002979","properties":{"FID":515579}},{"type":"Feature","geometry":{"type":"Polygon","coordinates":[[[36.977157916573134,-1.3494131569537027],[36.97720693378759,-1.349413177053634],[36.977202507485295,-1.3493819630884427],[36.97715791657313,-1.3493819237752853],[36.977157916573134,-1.3494131569537027]]]},"id":"001b000000000000113e","properties":{"FID":517115}},{"type":"Feature","geometry":{"type":"Polygon","coordinates":[[[36.97671643228595,-1.3420422886288763],[36.97672987521861,-1.3420868473443635],[36.97677446639214,-1.3420734994554473],[36.97675659713837,-1.3420289003054375],[36.97671643228595,-1.3420422886288763]]]},"id":"001b0000000000000e1c","properties":{"FID":517371}},{"type":"Feature","geometry":{"type":"Polygon","coordinates":[[[36.96970675346423,-1.3541576558696762],[36.969952028164016,-1.3541576213859827],[36.969956454905706,-1.3539034710750228],[36.96971118022078,-1.3538989995409123],[36.96970675346423,-1.3541576558696762]]]},"id":"001b000000000000638b","properties":{"FID":518395}},{"type":"Feature","geometry":{"type":"Polygon","coordinates":[[[36.97025968607341,-1.3493864186964564],[36.97029091905812,-1.3493953485814048],[36.970308707917475,-1.3493552031751443],[36.970273048218125,-1.3493417878623506],[36.97025968607341,-1.3493864186964564]]]},"id":"001b0000000000000bff","properties":{"FID":517116}},{"type":"Feature","geometry":{"type":"Polygon","coordinates":[[[36.97651577163113,-1.3420511589352593],[36.976533640943835,-1.3420824261503004],[36.97659610153462,-1.3420511648729778],[36.976582658577335,-1.3420199974346803],[36.97651577163113,-1.3420511589352593]]]},"id":"001b0000000000001e04","properties":{"FID":517372}},{"type":"Feature","geometry":{"type":"Polygon","coordinates":[[[36.97050045023235,-1.3540060134106842],[36.97054061850305,-1.3540060104775902],[36.97054504520908,-1.353894546822143],[36.970504958916884,-1.3538901023336722],[36.97050045023235,-1.3540060134106842]]]},"id":"001b0000000000002057","properties":{"FID":518396}},{"type":"Feature","geometry":{"type":"Polygon","coordinates":[[[36.97687250130294,-1.349381945346237],[36.97698397896801,-1.3494176033231904],[36.97699742185141,-1.3493774789385398],[36.97688594420687,-1.3493373759969176],[36.97687250130294,-1.349381945346237]]]},"id":"001b0000000000002d8c","properties":{"FID":517117}},{"type":"Feature","geometry":{"type":"Polygon","coordinates":[[[36.97751021682438,-1.3420868366820786],[36.97757710285971,-1.342113624880563],[36.97760382446944,-1.3420422872376454],[36.977536938458584,-1.3420154990451632],[36.97751021682438,-1.3420868366820786]]]},"id":"001b0000000000000188","properties":{"FID":517373}},{"type":"Feature","geometry":{"type":"Polygon","coordinates":[[[36.9731715101597,-1.3540060547304318],[36.973274058420564,-1.3540060093249735],[36.97326954990693,-1.3540283183493116],[36.973340948335675,-1.3540327984370744],[36.973340948335675,-1.3539792714439989],[36.97330529011649,-1.3539792535329465],[36.973309716655,-1.3538945276132308],[36.973193806836186,-1.3538900683384276],[36.9731892983176,-1.3539614585267372],[36.9731715101597,-1.3539614191982792],[36.9731715101597,-1.3540060547304318]]]},"id":"001b0000000000005e82","properties":{"FID":518397}},{"type":"Feature","geometry":{"type":"Polygon","coordinates":[[[36.977759891589855,-1.3494488318382336],[36.97785349891487,-1.3494889546985818],[36.97791595837671,-1.3493507071532884],[36.97782235113178,-1.3493105843275706],[36.977759891589855,-1.3494488318382336]]]},"id":"001b0000000000005519","properties":{"FID":517118}},{"type":"Feature","geometry":{"type":"Polygon","coordinates":[[[36.97002334785869,-1.3538945753960248],[36.970036710046614,-1.3540060198588524],[36.97015262487489,-1.3539881904003448],[36.97013926270816,-1.3538811920828708],[36.97002334785869,-1.3538945753960248]]]},"id":"001b000000000000571b","properties":{"FID":518398}},{"type":"Feature","geometry":{"type":"Polygon","coordinates":[[[36.955379626804,-1.3481467520111632],[36.95541086614749,-1.348213659992993],[36.955486709642415,-1.3481735486507749],[36.95545547033132,-1.3481066407971922],[36.955379626804,-1.3481467520111632]]]},"id":"001b0000000000004e65","properties":{"FID":514047}},{"type":"Feature","geometry":{"type":"Polygon","coordinates":[[[36.97808095929648,-1.3493641395657106],[36.97825932052711,-1.34941313123353],[36.97827268120837,-1.349364119175825],[36.97809432001038,-1.3493150682127395],[36.97808095929648,-1.3493641395657106]]]},"id":"001b00000000000035bd","properties":{"FID":517119}},{"type":"Feature","geometry":{"type":"Polygon","coordinates":[[[36.97661388885844,-1.34199770082386],[36.976622823503334,-1.3420378357499485],[36.976738727880225,-1.3420065804903694],[36.97672987521861,-1.3419664442118764],[36.97661388885844,-1.34199770082386]]]},"id":"001b0000000000004991","properties":{"FID":517375}}]}