{"type":"FeatureCollection","features":[{"type":"Feature","geometry":{"type":"Polygon","coordinates":[[[37.028455422280345,-1.2332535536474758],[37.02847327886548,-1.2332936961735093],[37.02850891011168,-1.2332758824051806],[37.028495558635264,-1.2332357258164606],[37.028455422280345,-1.2332535536474758]]]},"id":"001a0000000000022bd5","properties":{"FID":489472}},{"type":"Feature","geometry":{"type":"Polygon","coordinates":[[[37.03641042465084,-1.2488069095188226],[37.03646841123975,-1.2489139523869344],[37.0365665296846,-1.2488604371651397],[37.0365130477774,-1.2487534385996997],[37.03641042465084,-1.2488069095188226]]]},"id":"001a000000000003a371","properties":{"FID":489728}},{"type":"Feature","geometry":{"type":"Polygon","coordinates":[[[37.02761263562515,-1.2620548888345737],[37.02766170083651,-1.2621574573884853],[37.027791039523926,-1.2620994818702096],[37.027741974399774,-1.2619969727036178],[37.02761263562515,-1.2620548888345737]]]},"id":"001a0000000000035329","properties":{"FID":492544}},{"type":"Feature","geometry":{"type":"Polygon","coordinates":[[[37.02534298531756,-1.2549916818614792],[37.02536076075196,-1.2550318482527536],[37.02540089881367,-1.255013997230469],[37.02538312338907,-1.254973830877193],[37.02534298531756,-1.2549916818614792]]]},"id":"001a000000000001b0d1","properties":{"FID":492800}},{"type":"Feature","geometry":{"type":"Polygon","coordinates":[[[37.02613222680492,-1.2639143531680894],[37.026145578714946,-1.2639544831443459],[37.02622585395059,-1.263927743205792],[37.026212502055294,-1.26388761329811],[37.02613222680492,-1.2639143531680894]]]},"id":"001a0000000000019a91","properties":{"FID":493568}},{"type":"Feature","geometry":{"type":"Polygon","coordinates":[[[37.06192988175121,-1.2604318216915207],[37.06198342682749,-1.2605031477558464],[37.062045814160115,-1.2604585342689554],[37.06202354467221,-1.260427313645558],[37.06199677215381,-1.260445177382816],[37.061969999625525,-1.2604050562935227],[37.06192988175121,-1.2604318216915207]]]},"id":"001a000000000002fc52","properties":{"FID":494336}},{"type":"Feature","geometry":{"type":"Polygon","coordinates":[[[37.03330242326522,-1.233231299793084],[37.03332920635688,-1.2332892374506124],[37.03336491713043,-1.233271423354296],[37.03333813405191,-1.2332134267264354],[37.03330242326522,-1.233231299793084]]]},"id":"001a000000000002f642","properties":{"FID":489473}},{"type":"Feature","geometry":{"type":"Polygon","coordinates":[[[37.039901904756185,-1.2484457252426406],[37.0399643110527,-1.2485349176053948],[37.040004522955535,-1.2485037311345064],[37.03994203479552,-1.2484145402224656],[37.039901904756185,-1.2484457252426406]]]},"id":"001a000000000001d4b7","properties":{"FID":489729}},{"type":"Feature","geometry":{"type":"Polygon","coordinates":[[[37.02944088625857,-1.2620415348303198],[37.02945423756154,-1.26210842214342],[37.02960585249266,-1.26207276259671],[37.02958799618548,-1.261983561011035],[37.029472093901546,-1.262010297550593],[37.029476517030965,-1.262032613426901],[37.02944088625857,-1.2620415348303198]]]},"id":"001a000000000002e8fb","properties":{"FID":492545}},{"type":"Feature","geometry":{"type":"Polygon","coordinates":[[[37.03134936053921,-1.2549738623964595],[37.031438557962346,-1.2551076389643496],[37.03138507228465,-1.2551433097113762],[37.031438557962346,-1.255223576416415],[37.031541106196144,-1.2551611670381875],[37.03140284624316,-1.2549426215024246],[37.03134936053921,-1.2549738623964595]]]},"id":"001a000000000003ac33","properties":{"FID":492801}},{"type":"Feature","geometry":{"type":"Polygon","coordinates":[[[37.03082318361578,-1.2639232838320706],[37.03084996762022,-1.2639856963171854],[37.03102385863855,-1.2639143330183071],[37.03099707469812,-1.2638519207806624],[37.03082318361578,-1.2639232838320706]]]},"id":"001a0000000000037fc7","properties":{"FID":493569}},{"type":"Feature","geometry":{"type":"Polygon","coordinates":[[[37.06658962926425,-1.260454089683703],[37.066674362574,-1.2605299119952145],[37.06675459305631,-1.2604362339583133],[37.066674362574,-1.2603648834345433],[37.06658962926425,-1.260454089683703]]]},"id":"001a0000000000035f86","properties":{"FID":494337}},{"type":"Feature","geometry":{"type":"Polygon","coordinates":[[[37.031871110673535,-1.2332491053352408],[37.03193352386132,-1.2333115416341818],[37.03199593699556,-1.233249144763207],[37.03193352386132,-1.2331867085818506],[37.031871110673535,-1.2332491053352408]]]},"id":"001a000000000002be20","properties":{"FID":489474}},{"type":"Feature","geometry":{"type":"Polygon","coordinates":[[[37.03619641442463,-1.2484100346532574],[37.036214269109756,-1.2484680196510198],[37.03624989656468,-1.2484591085741916],[37.03623212379049,-1.2484011222701383],[37.03619641442463,-1.2484100346532574]]]},"id":"001a0000000000021092","properties":{"FID":489730}},{"type":"Feature","geometry":{"type":"Polygon","coordinates":[[[37.031679365886376,-1.261988046871599],[37.031701644674435,-1.2620326314246073],[37.03175963501725,-1.2620014226742065],[37.03174177923866,-1.2619612542636942],[37.031679365886376,-1.261988046871599]]]},"id":"001a0000000000025e6a","properties":{"FID":492546}},{"type":"Feature","geometry":{"type":"Polygon","coordinates":[[[37.03189338940288,-1.25491142570141],[37.03196473043514,-1.255000609977563],[37.0319915140193,-1.2549738855390449],[37.031924595993914,-1.2548891168801575],[37.03189338940288,-1.25491142570141]]]},"id":"001a0000000000027d84","properties":{"FID":492802}},{"type":"Feature","geometry":{"type":"Polygon","coordinates":[[[37.02753236191921,-1.2638519531953967],[37.027568075538085,-1.2639321798875425],[37.02764834920464,-1.26389651940878],[37.02761714077949,-1.2638162770133374],[37.02753236191921,-1.2638519531953967]]]},"id":"001a0000000000033c62","properties":{"FID":493570}},{"type":"Feature","geometry":{"type":"Polygon","coordinates":[[[37.05743064431627,-1.2598878131678395],[37.05748419271047,-1.2599189885275826],[37.05750196028821,-1.2598878103754063],[37.057448493785394,-1.2598520868155767],[37.05743064431627,-1.2598878131678395]]]},"id":"001a000000000002b6a5","properties":{"FID":494338}},{"type":"Feature","geometry":{"type":"Polygon","coordinates":[[[37.02885227975569,-1.2332000691159437],[37.028887910816316,-1.2332624704259352],[37.02891469553315,-1.233249109186998],[37.02887906448565,-1.2331822220256126],[37.02885227975569,-1.2332000691159437]]]},"id":"001a000000000002954e","properties":{"FID":489475}},{"type":"Feature","geometry":{"type":"Polygon","coordinates":[[[37.03822526829939,-1.2482985729948046],[37.038256554073755,-1.2483520843588194],[37.038336815946415,-1.2483074857302874],[37.038305530206586,-1.2482539744750312],[37.03822526829939,-1.2482985729948046]]]},"id":"001a0000000000029817","properties":{"FID":489731}},{"type":"Feature","geometry":{"type":"Polygon","coordinates":[[[37.02722027656804,-1.261992463555787],[37.02725148516338,-1.262081682397074],[37.027367390984324,-1.2620371040186482],[37.02733618243868,-1.261952375206646],[37.02722027656804,-1.261992463555787]]]},"id":"001a00000000000342b6","properties":{"FID":492547}},{"type":"Feature","geometry":{"type":"Polygon","coordinates":[[[37.032085133625955,-1.2549114476435401],[37.032116340134735,-1.254951565743401],[37.0321698252748,-1.2549158956360194],[37.03213861878898,-1.2548757775924975],[37.032085133625955,-1.2549114476435401]]]},"id":"001a00000000000294ea","properties":{"FID":492803}},{"type":"Feature","geometry":{"type":"Polygon","coordinates":[[[37.03065371517568,-1.2638251993949237],[37.03066714816456,-1.2638653255853165],[37.03072063437005,-1.26384299084436],[37.03070728329947,-1.2638028633417095],[37.03065371517568,-1.2638251993949237]]]},"id":"001a000000000001f17d","properties":{"FID":493571}},{"type":"Feature","geometry":{"type":"Polygon","coordinates":[[[37.063784859948875,-1.259811970757572],[37.06380712889649,-1.2598521061084396],[37.06386509362515,-1.2598164251385955],[37.06384282469532,-1.2597762898502216],[37.063784859948875,-1.259811970757572]]]},"id":"001a0000000000028de8","properties":{"FID":494339}},{"type":"Feature","geometry":{"type":"Polygon","coordinates":[[[37.032878806815894,-1.2331643993651489],[37.03290559006353,-1.2332134249355857],[37.03294572396354,-1.2331866857484526],[37.032914517810546,-1.2331420996416558],[37.032878806815894,-1.2331643993651489]]]},"id":"001a00000000000290f0","properties":{"FID":489476}},{"type":"Feature","geometry":{"type":"Polygon","coordinates":[[[37.036388147304955,-1.2482896775945285],[37.03645055661701,-1.24839221811305],[37.036535325085026,-1.2483386875756732],[37.036490688561045,-1.2482673855288626],[37.03647733854947,-1.2482762846170068],[37.036455061224075,-1.248245061347585],[37.036388147304955,-1.2482896775945285]]]},"id":"001a000000000002f1f0","properties":{"FID":489732}},{"type":"Feature","geometry":{"type":"Polygon","coordinates":[[[37.02430848032302,-1.2620014177953889],[37.02433969016699,-1.2620459764899215],[37.02442881426717,-1.2619880172375426],[37.02440210981477,-1.261943442908947],[37.02430848032302,-1.2620014177953889]]]},"id":"001a000000000001cc6e","properties":{"FID":492548}},{"type":"Feature","geometry":{"type":"Polygon","coordinates":[[[37.02525378042221,-1.2548891406145222],[37.02528056647665,-1.2549560329843057],[37.025311775903795,-1.2549426412652618],[37.02532512796434,-1.2549783326275636],[37.02540540410493,-1.2549515495954477],[37.02536526604571,-1.2548490251512876],[37.02525378042221,-1.2548891406145222]]]},"id":"001a000000000002f1a0","properties":{"FID":492804}},{"type":"Feature","geometry":{"type":"Polygon","coordinates":[[[37.02601631901679,-1.263820688689703],[37.02605195146601,-1.2639054674650345],[37.02610544106392,-1.263883131509869],[37.02606980864089,-1.2637984119193426],[37.02601631901679,-1.263820688689703]]]},"id":"001a000000000002552e","properties":{"FID":493572}},{"type":"Feature","geometry":{"type":"Polygon","coordinates":[[[37.0674056847001,-1.2596380803289788],[37.06742353171684,-1.2596782279874739],[37.06747699087378,-1.2596559080946383],[37.067463646554984,-1.2596158038173044],[37.0674056847001,-1.2596380803289788]]]},"id":"001a000000000002040c","properties":{"FID":494340}},{"type":"Feature","geometry":{"type":"Polygon","coordinates":[[[37.02648445428619,-1.2331599357644827],[37.02652016841934,-1.2332223376097349],[37.026555800621864,-1.233200096510592],[37.02652016841934,-1.2331376343693303],[37.02648445428619,-1.2331599357644827]]]},"id":"001a000000000001fa47","properties":{"FID":489477}},{"type":"Feature","geometry":{"type":"Polygon","coordinates":[[[37.03851511164655,-1.2482718449518875],[37.03855081987387,-1.2483297707458871],[37.03859537323382,-1.248298571746112],[37.03855974692795,-1.2482406446790655],[37.03851511164655,-1.2482718449518875]]]},"id":"001a0000000000027477","properties":{"FID":489733}},{"type":"Feature","geometry":{"type":"Polygon","coordinates":[[[37.030100830859936,-1.261979118861845],[37.0301276151303,-1.2620326087813154],[37.03020338097928,-1.261992479386084],[37.030176596736815,-1.2619389895688997],[37.030100830859936,-1.261979118861845]]]},"id":"001a000000000002981d","properties":{"FID":492549}},{"type":"Feature","geometry":{"type":"Polygon","coordinates":[[[37.0313805673636,-1.254889125913306],[37.031460836824145,-1.255000606464651],[37.031550034110616,-1.2549337525324455],[37.03146976474848,-1.254826701819171],[37.0313805673636,-1.254889125913306]]]},"id":"001a00000000000347ca","properties":{"FID":492805}},{"type":"Feature","geometry":{"type":"Polygon","coordinates":[[[37.02619022158651,-1.2637716545739304],[37.02620799681399,-1.2638608657012267],[37.02632840953097,-1.2638385392717804],[37.02631055241954,-1.263749388778026],[37.02619022158651,-1.2637716545739304]]]},"id":"001a000000000002f08c","properties":{"FID":493573}},{"type":"Feature","geometry":{"type":"Polygon","coordinates":[[[37.05803261114755,-1.259606842973501],[37.05808615909788,-1.2596514812343729],[37.05812627909596,-1.2595979663721002],[37.0580727311752,-1.2595533281694453],[37.05803261114755,-1.259606842973501]]]},"id":"001a0000000000025aaa","properties":{"FID":494341}},{"type":"Feature","geometry":{"type":"Polygon","coordinates":[[[37.03321331003297,-1.2331911361649446],[37.033248938957854,-1.2332357683845456],[37.03332478346169,-1.23317775833383],[37.03329349556581,-1.2331331737858209],[37.03321331003297,-1.2331911361649446]]]},"id":"001a000000000002447e","properties":{"FID":489478}},{"type":"Feature","geometry":{"type":"Polygon","coordinates":[[[37.035946694080195,-1.2482406025668429],[37.03598682630227,-1.2482941472214548],[37.03602253577103,-1.2482673439923748],[37.03598682630226,-1.2482138448055164],[37.035946694080195,-1.2482406025668429]]]},"id":"001a000000000002d37c","properties":{"FID":489734}},{"type":"Feature","geometry":{"type":"Polygon","coordinates":[[[37.02581563018388,-1.2619122298806438],[37.02584241603154,-1.261992484765343],[37.02591376299662,-1.261965719332429],[37.02588247191377,-1.2618854803153128],[37.02581563018388,-1.2619122298806438]]]},"id":"001a000000000002b2f3","properties":{"FID":492550}},{"type":"Feature","geometry":{"type":"Polygon","coordinates":[[[37.027755326014464,-1.2547509053304335],[37.027773182771384,-1.2547954986444159],[37.0278088143604,-1.2547820934467382],[37.02778653438035,-1.254733084397736],[37.027755326014464,-1.2547509053304335]]]},"id":"001a0000000000028196","properties":{"FID":492806}},{"type":"Feature","geometry":{"type":"Polygon","coordinates":[[[37.02398737039013,-1.2637672284751043],[37.0240230857486,-1.2639143396337227],[37.02407657683757,-1.263905414794593],[37.024040861505355,-1.2637538135482784],[37.02398737039013,-1.2637672284751043]]]},"id":"001a000000000002c683","properties":{"FID":493574}},{"type":"Feature","geometry":{"type":"Polygon","coordinates":[[[37.066603055611715,-1.2594954145405037],[37.0666788653075,-1.2595622912874398],[37.066741248604686,-1.2594909360117712],[37.06666994170811,-1.2594240436956856],[37.066603055611715,-1.2594954145405037]]]},"id":"001a00000000000357e0","properties":{"FID":494342}},{"type":"Feature","geometry":{"type":"Polygon","coordinates":[[[37.03145190889873,-1.2331599389846586],[37.03149654851487,-1.2332267956685916],[37.031554457113714,-1.2331866644165534],[37.03150989944062,-1.2331198065104005],[37.03145190889873,-1.2331599389846586]]]},"id":"001a000000000002f558","properties":{"FID":489479}},{"type":"Feature","geometry":{"type":"Polygon","coordinates":[[[37.038185137312574,-1.2482183419230468],[37.03820749600797,-1.2482584788016922],[37.03827883084729,-1.2482227656047027],[37.038260976669044,-1.2481826728580776],[37.038185137312574,-1.2482183419230468]]]},"id":"001a000000000002de40","properties":{"FID":489735}},{"type":"Feature","geometry":{"type":"Polygon","coordinates":[[[37.02749673019483,-1.261885493063969],[37.027505658605556,-1.2619434165710726],[37.027568075538085,-1.2619345228138916],[37.02755914713501,-1.261876540291123],[37.02749673019483,-1.261885493063969]]]},"id":"001a000000000002579e","properties":{"FID":492551}},{"type":"Feature","geometry":{"type":"Polygon","coordinates":[[[37.031612447573856,-1.2547598509612736],[37.03164815919015,-1.2548267082910876],[37.03175963501725,-1.2547642709775553],[37.031719500462884,-1.2546973687669114],[37.031612447573856,-1.2547598509612736]]]},"id":"001a000000000002d2cd","properties":{"FID":492807}},{"type":"Feature","geometry":{"type":"Polygon","coordinates":[[[37.02552131286599,-1.2637850245422082],[37.02557930813438,-1.263923254612172],[37.02569079325924,-1.2638786847678867],[37.02562837471662,-1.2637359793988105],[37.02552131286599,-1.2637850245422082]]]},"id":"001a00000000000398e4","properties":{"FID":493575}},{"type":"Feature","geometry":{"type":"Polygon","coordinates":[[[37.06146615026433,-1.259370534040738],[37.061506268394886,-1.259415097701281],[37.06155088955488,-1.2593749733703787],[37.061510689575265,-1.2593304111271686],[37.06146615026433,-1.259370534040738]]]},"id":"001a000000000002e374","properties":{"FID":494343}},{"type":"Feature","geometry":{"type":"Polygon","coordinates":[[[37.02658258619711,-1.2331376248516277],[37.02659593802451,-1.2331732963080544],[37.026645003921345,-1.2331510143455462],[37.02663165210295,-1.233115342931428],[37.02658258619711,-1.2331376248516277]]]},"id":"001a000000000002b946","properties":{"FID":489480}},{"type":"Feature","geometry":{"type":"Polygon","coordinates":[[[37.03843484997068,-1.2480845777379035],[37.03843935445483,-1.248124653500661],[37.0384884123642,-1.2481157583296716],[37.03848390788309,-1.2480756235582726],[37.03843484997068,-1.2480845777379035]]]},"id":"001a000000000001c591","properties":{"FID":489736}},{"type":"Feature","geometry":{"type":"Polygon","coordinates":[[[37.03126909095565,-1.2618319380201979],[37.03128694685027,-1.2618899466560571],[37.031353865462194,-1.2618721174469445],[37.03134043260011,-1.2618140944990595],[37.03126909095565,-1.2618319380201979]]]},"id":"001a00000000000293ed","properties":{"FID":492552}},{"type":"Feature","geometry":{"type":"Polygon","coordinates":[[[37.026801047997736,-1.2547152191298065],[37.0268234101923,-1.2547597976215714],[37.02688132251038,-1.254733089371221],[37.026863547447356,-1.2546884942598309],[37.026801047997736,-1.2547152191298065]]]},"id":"001a000000000001982f","properties":{"FID":492808}},{"type":"Feature","geometry":{"type":"Polygon","coordinates":[[[37.031286946850265,-1.2637850681997476],[37.031322576718615,-1.2638697820577751],[37.031487620593836,-1.263793958833678],[37.03145641381536,-1.2637315616477427],[37.03139842323085,-1.2637627733728312],[37.03138949529777,-1.263735983058016],[37.031286946850265,-1.2637850681997476]]]},"id":"001a00000000000395c7","properties":{"FID":493576}},{"type":"Feature","geometry":{"type":"Polygon","coordinates":[[[37.04041917107623,-1.2641328704152612],[37.04047265011062,-1.2642398427047978],[37.04054848708124,-1.2641997120115014],[37.040512861732324,-1.2641373361056876],[37.04047715446855,-1.2641596092430596],[37.040454878368486,-1.26411502755943],[37.04041917107623,-1.2641328704152612]]]},"id":"001a000000000002f319","properties":{"FID":494088}},{"type":"Feature","geometry":{"type":"Polygon","coordinates":[[[37.06155981378358,-1.2592100278265124],[37.06159100763861,-1.2593259488553246],[37.06168909216631,-1.2592991676230352],[37.061657898353424,-1.2591832468213138],[37.06155981378358,-1.2592100278265124]]]},"id":"001a0000000000033378","properties":{"FID":494344}},{"type":"Feature","geometry":{"type":"Polygon","coordinates":[[[37.026306129097684,-1.2331421114245438],[37.02633733808504,-1.233200041442313],[37.02638640415623,-1.233173332374222],[37.02635519518991,-1.2331198294282915],[37.026306129097684,-1.2331421114245438]]]},"id":"001a0000000000026d2b","properties":{"FID":489481}},{"type":"Feature","geometry":{"type":"Polygon","coordinates":[[[37.04212253679691,-1.2480488923985176],[37.042193867795255,-1.2481603703306703],[37.042242923171415,-1.2481291579411447],[37.0421715922212,-1.2480176801549983],[37.04212253679691,-1.2480488923985176]]]},"id":"001a0000000000032260","properties":{"FID":489737}},{"type":"Feature","geometry":{"type":"Polygon","coordinates":[[[37.02590483439058,-1.2618096674185804],[37.02591376299662,-1.2618542405384385],[37.02595832409662,-1.2618453479063947],[37.025944972152246,-1.2618007301202447],[37.02590483439058,-1.2618096674185804]]]},"id":"001a000000000002a779","properties":{"FID":492553}},{"type":"Feature","geometry":{"type":"Polygon","coordinates":[[[37.02781774273285,-1.2547553674814074],[37.027889087761395,-1.2548579046040238],[37.02802735439139,-1.2547643092317196],[37.0279560094984,-1.2546617134303208],[37.02781774273285,-1.2547553674814074]]]},"id":"001a0000000000035c28","properties":{"FID":492809}},{"type":"Feature","geometry":{"type":"Polygon","coordinates":[[[37.02568628798565,-1.2637315305018701],[37.02570414525025,-1.2637850559888508],[37.02573535449576,-1.2637716573517326],[37.02571307388091,-1.2637226365100598],[37.02568628798565,-1.2637315305018701]]]},"id":"001a00000000000226f7","properties":{"FID":493577}},{"type":"Feature","geometry":{"type":"Polygon","coordinates":[[[37.042144812386,-1.264088257193559],[37.04220279440206,-1.2641863507095221],[37.04223850081832,-1.2641640779932215],[37.04225635401988,-1.2641952645760872],[37.04231433594698,-1.2641596258887653],[37.04223850081832,-1.2640302870142934],[37.042144812386,-1.264088257193559]]]},"id":"001a000000000002eb1a","properties":{"FID":494089}},{"type":"Feature","geometry":{"type":"Polygon","coordinates":[[[37.060378121735816,-1.2592055440972931],[37.06040931609855,-1.2592456506930414],[37.06048071102003,-1.2591966382335316],[37.06045393793271,-1.2591565174057802],[37.060378121735816,-1.2592055440972931]]]},"id":"001a000000000002974e","properties":{"FID":494345}},{"type":"Feature","geometry":{"type":"Polygon","coordinates":[[[37.02759928398428,-1.2330752028045286],[37.02760821238243,-1.23311979938187],[37.02765277244491,-1.2331064447090874],[37.027639420811404,-1.2330618609302402],[37.02759928398428,-1.2330752028045286]]]},"id":"001a000000000002ba74","properties":{"FID":489482}},{"type":"Feature","geometry":{"type":"Polygon","coordinates":[[[37.0365130477774,-1.2479061928155302],[37.036521893179774,-1.2479641477120866],[37.036562025084436,-1.2479597094754364],[37.03655317968695,-1.2479016955708082],[37.0365130477774,-1.2479061928155302]]]},"id":"001a000000000001e8c1","properties":{"FID":489738}},{"type":"Feature","geometry":{"type":"Polygon","coordinates":[[[37.02752793867161,-1.2617918120266507],[37.02755914713501,-1.261881030065388],[37.02761714077949,-1.261863171221708],[37.02758585042903,-1.2617740137255544],[37.02752793867161,-1.2617918120266507]]]},"id":"001a0000000000030850","properties":{"FID":492554}},{"type":"Feature","geometry":{"type":"Polygon","coordinates":[[[37.032638084768415,-1.2546572745640094],[37.032718352841464,-1.254755346201098],[37.0327985389199,-1.2546884656556538],[37.032718352841464,-1.2545903928950957],[37.032638084768415,-1.2546572745640094]]]},"id":"001a000000000002da93","properties":{"FID":492810}},{"type":"Feature","geometry":{"type":"Polygon","coordinates":[[[37.02474099350377,-1.2637315356136583],[37.0247588510003,-1.2637805715652164],[37.024839045850435,-1.2637538328987636],[37.024821270288626,-1.2637047956682659],[37.02474099350377,-1.2637315356136583]]]},"id":"001a000000000002f234","properties":{"FID":493578}},{"type":"Feature","geometry":{"type":"Polygon","coordinates":[[[37.04472218299081,-1.2640570499482329],[37.04474003558238,-1.2640927245400781],[37.04480694181545,-1.2640570566148874],[37.04478466704212,-1.2640169075502543],[37.04472218299081,-1.2640570499482329]]]},"id":"001a00000000000251a9","properties":{"FID":494090}},{"type":"Feature","geometry":{"type":"Polygon","coordinates":[[[37.0663577787748,-1.2590539520673611],[37.066451435982586,-1.2591788069799414],[37.06653166671133,-1.2591207951525594],[37.066438009607076,-1.2589959405165465],[37.0663577787748,-1.2590539520673611]]]},"id":"001a000000000002a920","properties":{"FID":494346}},{"type":"Feature","geometry":{"type":"Polygon","coordinates":[[[37.03196022554998,-1.2330529433743114],[37.032004864854215,-1.233115372780569],[37.032040494370975,-1.2330930742119375],[37.03200035997155,-1.233030630768455],[37.03196022554998,-1.2330529433743114]]]},"id":"001a000000000002d584","properties":{"FID":489483}},{"type":"Feature","geometry":{"type":"Polygon","coordinates":[[[37.03655317968695,-1.2479106703900036],[37.03657545698228,-1.2479463217734654],[37.036682420665564,-1.2478794380120217],[37.03666464799708,-1.2478437717717163],[37.03655317968695,-1.2479106703900036]]]},"id":"001a00000000000211f3","properties":{"FID":489739}},{"type":"Feature","geometry":{"type":"Polygon","coordinates":[[[37.03238835220735,-1.2618096853860081],[37.03239728001785,-1.2618497653171254],[37.03245076495138,-1.2618409021764876],[37.0324551878997,-1.2618720779454704],[37.0325845180663,-1.261840866213617],[37.03256666249017,-1.2617695083337026],[37.03238835220735,-1.2618096853860081]]]},"id":"001a0000000000039306","properties":{"FID":492555}},{"type":"Feature","geometry":{"type":"Polygon","coordinates":[[[37.02663165210295,-1.254652809537427],[37.02667178946376,-1.2547241459241418],[37.02679220141338,-1.2546528164393493],[37.02675206411898,-1.2545814802783257],[37.02663165210295,-1.254652809537427]]]},"id":"001a0000000000034b6a","properties":{"FID":492811}},{"type":"Feature","geometry":{"type":"Polygon","coordinates":[[[37.030506607403524,-1.2636958456052731],[37.03055567066349,-1.26376273172799],[37.03059580585989,-1.263731521325834],[37.030542237654025,-1.2636646511338048],[37.030506607403524,-1.2636958456052731]]]},"id":"001a000000000001f466","properties":{"FID":493579}},{"type":"Feature","geometry":{"type":"Polygon","coordinates":[[[37.041721247442126,-1.2640080033057883],[37.04173017410696,-1.2640525700602916],[37.041770303137184,-1.2640392022655083],[37.041756872198924,-1.263999081628333],[37.041721247442126,-1.2640080033057883]]]},"id":"001a000000000001c9ab","properties":{"FID":494091}},{"type":"Feature","geometry":{"type":"Polygon","coordinates":[[[37.06469452452437,-1.2588443748968638],[37.064743564708195,-1.2588978807943625],[37.06477475719519,-1.2588710891991413],[37.064730219886826,-1.2588176267346005],[37.06469452452437,-1.2588443748968638]]]},"id":"001a00000000000232b9","properties":{"FID":494347}},{"type":"Feature","geometry":{"type":"Polygon","coordinates":[[[37.03214312366309,-1.2330440135187333],[37.03219660878347,-1.2331465523935545],[37.03227687734365,-1.2331019861445158],[37.03221888741314,-1.2329994025531312],[37.03214312366309,-1.2330440135187333]]]},"id":"001a0000000000031010","properties":{"FID":489484}},{"type":"Feature","geometry":{"type":"Polygon","coordinates":[[[37.03970125422725,-1.2477144719078375],[37.039723530558206,-1.2477501216770979],[37.03978601890601,-1.2477144373256328],[37.03976366069598,-1.2476787889583723],[37.03970125422725,-1.2477144719078375]]]},"id":"001a0000000000029035","properties":{"FID":489740}},{"type":"Feature","geometry":{"type":"Polygon","coordinates":[[[37.03444401308496,-1.2617605962555098],[37.034457363469755,-1.2618052091274663],[37.03450642406525,-1.261787381854952],[37.034493073689454,-1.2617472583938825],[37.03444401308496,-1.2617605962555098]]]},"id":"001a0000000000023609","properties":{"FID":492556}},{"type":"Feature","geometry":{"type":"Polygon","coordinates":[[[37.02408992912471,-1.2543852723037623],[37.024147925533654,-1.2544788788854397],[37.02418355889759,-1.2544521246004228],[37.024130067887235,-1.2543629917862185],[37.02408992912471,-1.2543852723037623]]]},"id":"001a00000000000300da","properties":{"FID":492812}},{"type":"Feature","geometry":{"type":"Polygon","coordinates":[[[37.025008527832405,-1.2636512854883262],[37.0250263852633,-1.2636958900945425],[37.02508429901133,-1.2636735396833736],[37.02506652350941,-1.263628992853585],[37.025008527832405,-1.2636512854883262]]]},"id":"001a000000000002c49b","properties":{"FID":493580}},{"type":"Feature","geometry":{"type":"Polygon","coordinates":[[[37.03696784748839,-1.2640258562616802],[37.037025833632846,-1.264146226708669],[37.037141723881895,-1.2640882379397498],[37.03708373782983,-1.263967867836913],[37.03696784748839,-1.2640258562616802]]]},"id":"001a00000000000393c2","properties":{"FID":494092}},{"type":"Feature","geometry":{"type":"Polygon","coordinates":[[[37.05964238938966,-1.2583538409043884],[37.05969585427718,-1.2584341424758747],[37.059758325451156,-1.258394018265643],[37.05970477873389,-1.2583137181852206],[37.05964238938966,-1.2583538409043884]]]},"id":"001a0000000000033eb3","properties":{"FID":494348}},{"type":"Feature","geometry":{"type":"Polygon","coordinates":[[[37.0301676686538,-1.2329815793614858],[37.03020338097928,-1.233075201498372],[37.030239011378285,-1.2330618150734722],[37.03020338097928,-1.2329681916813464],[37.0301676686538,-1.2329815793614858]]]},"id":"001a000000000001b06b","properties":{"FID":489485}},{"type":"Feature","geometry":{"type":"Polygon","coordinates":[[[37.03489882573418,-1.2474513716667783],[37.03490775323657,-1.247509325683456],[37.03494338133149,-1.247504843573646],[37.03493445383348,-1.2474468895904867],[37.03489882573418,-1.2474513716667783]]]},"id":"001a000000000001b3bb","properties":{"FID":489741}},{"type":"Feature","geometry":{"type":"Polygon","coordinates":[[[37.02746101654093,-1.2617561781650761],[37.027465521704656,-1.261796274943587],[37.0275323619192,-1.2617873669605595],[37.02752793867161,-1.2617472097902172],[37.02746101654093,-1.2617561781650761]]]},"id":"001a0000000000020043","properties":{"FID":492557}},{"type":"Feature","geometry":{"type":"Polygon","coordinates":[[[37.03122895613067,-1.2543094705354194],[37.03130029781448,-1.2543317394905211],[37.03133150465992,-1.2542514933652777],[37.03126016300671,-1.254224735851471],[37.03122895613067,-1.2543094705354194]]]},"id":"001a000000000002e9c1","properties":{"FID":492813}},{"type":"Feature","geometry":{"type":"Polygon","coordinates":[[[37.03055567066349,-1.2636423329707656],[37.030591300889974,-1.2637493784240095],[37.030680499242514,-1.2637181790363385],[37.03066264319905,-1.2636690878225503],[37.030693850318,-1.2636557491043816],[37.03067607618628,-1.2636022258639052],[37.03055567066349,-1.2636423329707656]]]},"id":"001a0000000000038d68","properties":{"FID":493581}},{"type":"Feature","geometry":{"type":"Polygon","coordinates":[[[37.03808710295166,-1.2639678882436616],[37.0381093797771,-1.2640035513014605],[37.03814951080573,-1.2639812631917626],[37.03813165659572,-1.2639455856447595],[37.03808710295166,-1.2639678882436616]]]},"id":"001a000000000001b50d","properties":{"FID":494093}},{"type":"Feature","geometry":{"type":"Polygon","coordinates":[[[37.059526453143064,-1.2582869747575807],[37.059553144696466,-1.258322668255635],[37.05961111282159,-1.2582825007671619],[37.0595844212895,-1.258246866370698],[37.059526453143064,-1.2582869747575807]]]},"id":"001a000000000001ba51","properties":{"FID":494349}},{"type":"Feature","geometry":{"type":"Polygon","coordinates":[[[37.031697139772994,-1.23296820758243],[37.031728428355464,-1.2330172195936093],[37.031795264654114,-1.2329771210236349],[37.03176405800761,-1.2329280487458776],[37.031697139772994,-1.23296820758243]]]},"id":"001a000000000002012d","properties":{"FID":489486}},{"type":"Feature","geometry":{"type":"Polygon","coordinates":[[[37.03641935196767,-1.2474201423319375],[37.036463988535445,-1.24751376185513],[37.03642827928342,-1.2475271609476226],[37.036446133911625,-1.2475673130598044],[37.0365130477774,-1.2475405297690625],[37.03645055661701,-1.2474023299566595],[37.03641935196767,-1.2474201423319375]]]},"id":"001a000000000002c4db","properties":{"FID":489742}},{"type":"Feature","geometry":{"type":"Polygon","coordinates":[[[37.0282056753622,-1.2617516694129023],[37.02821910880303,-1.2617873641125281],[37.02825924528829,-1.2617784270389625],[37.02824581185487,-1.2617427914409238],[37.0282056753622,-1.2617516694129023]]]},"id":"001a0000000000020899","properties":{"FID":492558}},{"type":"Feature","geometry":{"type":"Polygon","coordinates":[[[37.02404536688079,-1.254233678223746],[37.02412113906238,-1.2543451242177852],[37.024174711995066,-1.2543139394082299],[37.02409885795339,-1.2541979468990774],[37.02404536688079,-1.254233678223746]]]},"id":"001a00000000000357aa","properties":{"FID":492814}},{"type":"Feature","geometry":{"type":"Polygon","coordinates":[[[37.02818790062266,-1.2636289565753298],[37.028236883534944,-1.2637538021957697],[37.028321661574445,-1.26371818558432],[37.0282770200104,-1.2635933270903175],[37.02818790062266,-1.2636289565753298]]]},"id":"001a0000000000035a85","properties":{"FID":493582}},{"type":"Feature","geometry":{"type":"Polygon","coordinates":[[[37.03708373782984,-1.2639634373999873],[37.03712386942446,-1.2639990991648706],[37.037155155672664,-1.2639634304088605],[37.03711502409531,-1.2639321991087813],[37.03708373782984,-1.2639634373999873]]]},"id":"001a000000000002a4dc","properties":{"FID":494094}},{"type":"Feature","geometry":{"type":"Polygon","coordinates":[[[37.0603825429849,-1.2576760763526929],[37.06041381922067,-1.2577340707572173],[37.06045393793271,-1.2577117366926518],[37.06042274358914,-1.2576538000349944],[37.0603825429849,-1.2576760763526929]]]},"id":"001a000000000001afea","properties":{"FID":494350}},{"type":"Feature","geometry":{"type":"Polygon","coordinates":[[[37.03075184146413,-1.2329057568745092],[37.03079639960149,-1.2329771008945023],[37.03084996762022,-1.232941466964834],[37.030805327607354,-1.232870124378973],[37.03075184146413,-1.2329057568745092]]]},"id":"001a00000000000335e9","properties":{"FID":489487}},{"type":"Feature","geometry":{"type":"Polygon","coordinates":[[[37.03875589614259,-1.2473220184433795],[37.038782677226045,-1.2473933739861163],[37.038885215105765,-1.2473532534752438],[37.03885401150112,-1.247281911684041],[37.03875589614259,-1.2473220184433795]]]},"id":"001a0000000000033980","properties":{"FID":489743}},{"type":"Feature","geometry":{"type":"Polygon","coordinates":[[[37.030047344198806,-1.2617650956981006],[37.03009632585937,-1.2619300439473664],[37.030212309057916,-1.2618988167711302],[37.030163245566406,-1.261733870260475],[37.030047344198806,-1.2617650956981006]]]},"id":"001a0000000000039a7d","properties":{"FID":492559}},{"type":"Feature","geometry":{"type":"Polygon","coordinates":[[[37.02648445428619,-1.2542336425807359],[37.02651566319709,-1.2542871705067389],[37.02660486654576,-1.2542336631738724],[37.02657816289179,-1.2541935274418126],[37.026542448787104,-1.2542157931799762],[37.02653802547934,-1.2542024588092138],[37.02648445428619,-1.2542336425807359]]]},"id":"001a000000000001a321","properties":{"FID":492815}},{"type":"Feature","geometry":{"type":"Polygon","coordinates":[[[37.02731832557452,-1.2635977500015598],[37.02733167726694,-1.2636691319640208],[37.0274343132011,-1.2636423754682027],[37.0274208796154,-1.2635754850201295],[37.02731832557452,-1.2635977500015598]]]},"id":"001a000000000002b34b","properties":{"FID":493583}},{"type":"Feature","geometry":{"type":"Polygon","coordinates":[[[37.037141723881895,-1.2639277378952243],[37.037155155672664,-1.2639901902325137],[37.03718636000629,-1.263985713105401],[37.0371774327836,-1.2639233039885527],[37.037141723881895,-1.2639277378952243]]]},"id":"001a00000000000231f3","properties":{"FID":494095}},{"type":"Feature","geometry":{"type":"Polygon","coordinates":[[[37.061403680559756,-1.2576716120702736],[37.061426032111605,-1.2577206609217069],[37.061475074503456,-1.2576983563653616],[37.061452722966706,-1.2576493075710784],[37.061403680559756,-1.2576716120702736]]]},"id":"001a00000000000235f3","properties":{"FID":494351}},{"type":"Feature","geometry":{"type":"Polygon","coordinates":[[[37.02725148516338,-1.2328968637706708],[37.02728269374534,-1.2329503658279852],[37.02735846255661,-1.2329102384799742],[37.02733167726694,-1.232856723778418],[37.02725148516338,-1.2328968637706708]]]},"id":"001a000000000002d5fe","properties":{"FID":489488}},{"type":"Feature","geometry":{"type":"Polygon","coordinates":[[[37.03885401150112,-1.2472595937958506],[37.03891199614159,-1.2473666295071986],[37.0390190382872,-1.2473131506960402],[37.038956631179374,-1.247201641665854],[37.03885401150112,-1.2472595937958506]]]},"id":"001a0000000000035618","properties":{"FID":489744}},{"type":"Feature","geometry":{"type":"Polygon","coordinates":[[[37.024312903766294,-1.2618408871853477],[37.02433969016699,-1.2619300643241378],[37.02446452940902,-1.261889944761131],[37.02449123383852,-1.2619657123944688],[37.0245448064988,-1.2619478672339206],[37.02446895284281,-1.2617204942214701],[37.02434411360836,-1.2617650441774486],[37.024366394642286,-1.2618230435007323],[37.024312903766294,-1.2618408871853477]]]},"id":"001a000000000003664f","properties":{"FID":492560}},{"type":"Feature","geometry":{"type":"Polygon","coordinates":[[[37.027938152786355,-1.254206871100244],[37.02796493785279,-1.2542514935184632],[37.02804963429771,-1.2542069208865396],[37.02802284926244,-1.2541622985611554],[37.027938152786355,-1.254206871100244]]]},"id":"001a00000000000316d3","properties":{"FID":492816}},{"type":"Feature","geometry":{"type":"Polygon","coordinates":[[[37.03077862549482,-1.2636557568998692],[37.03079639960149,-1.2637003004776908],[37.03089452569749,-1.263664640169477],[37.03086331866462,-1.2635754810418383],[37.030778625494825,-1.2636066642236772],[37.03079639960149,-1.2636512668246256],[37.03077862549482,-1.2636557568998692]]]},"id":"001a0000000000036203","properties":{"FID":493584}},{"type":"Feature","geometry":{"type":"Polygon","coordinates":[[[37.041774725518756,-1.2639322137358515],[37.04179700121442,-1.2639678750522083],[37.04185498350788,-1.2639321775105907],[37.04183270782999,-1.2639010054792075],[37.041774725518756,-1.2639322137358515]]]},"id":"001a00000000000235dc","properties":{"FID":494096}},{"type":"Feature","geometry":{"type":"Polygon","coordinates":[[[37.06518500674119,-1.257689474524594],[37.0652786654623,-1.2578009257168958],[37.065363400302545,-1.2577340451791692],[37.06526974169076,-1.2576181071873058],[37.06518500674119,-1.257689474524594]]]},"id":"001a0000000000035caa","properties":{"FID":494352}},{"type":"Feature","geometry":{"type":"Polygon","coordinates":[[[37.03361014155597,-1.232780931514743],[37.03365027506727,-1.232847799867429],[37.033699336207114,-1.2328210345463688],[37.03365920272289,-1.2327541662757606],[37.03361014155597,-1.232780931514743]]]},"id":"001a0000000000029cde","properties":{"FID":489489}},{"type":"Feature","geometry":{"type":"Polygon","coordinates":[[[37.03529122528614,-1.2472150071607455],[37.03534028531918,-1.247326504577258],[37.03538041787586,-1.2473086635605781],[37.0353982727613,-1.2473443286057067],[37.03545617825412,-1.247317575215563],[37.035389345319125,-1.2471704117186992],[37.03529122528614,-1.2472150071607455]]]},"id":"001a00000000000361d6","properties":{"FID":489745}},{"type":"Feature","geometry":{"type":"Polygon","coordinates":[[[37.025525818149795,-1.2616937302739692],[37.025574802853896,-1.2617873814147442],[37.02561494079757,-1.2617650926467165],[37.025588236780365,-1.2617160293590706],[37.02562386943917,-1.2616981871886344],[37.02560158879019,-1.261653599471105],[37.025525818149795,-1.2616937302739692]]]},"id":"001a0000000000034ea0","properties":{"FID":492561}},{"type":"Feature","geometry":{"type":"Polygon","coordinates":[[[37.024232626420755,-1.2541756570164722],[37.024286117355736,-1.2542693373612523],[37.02434411360836,-1.2542380797238348],[37.024286117355736,-1.254144473870517],[37.024232626420755,-1.2541756570164722]]]},"id":"001a0000000000033e12","properties":{"FID":492817}},{"type":"Feature","geometry":{"type":"Polygon","coordinates":[[[37.02907523980669,-1.2636066963117534],[37.029124304031846,-1.263722618290769],[37.02921792732798,-1.2636824832043545],[37.029173286313785,-1.2635709778246622],[37.02907523980669,-1.2636066963117534]]]},"id":"001a0000000000038cb4","properties":{"FID":493585}},{"type":"Feature","geometry":{"type":"Polygon","coordinates":[[[37.03550974284152,-1.2639723206184577],[37.03557657566588,-1.2640436919533302],[37.035661345152555,-1.263967848552967],[37.03558550308507,-1.2638786689614472],[37.035540947881124,-1.263918812343176],[37.03555429806458,-1.2639321771280543],[37.03550974284152,-1.2639723206184577]]]},"id":"001a000000000001f4f8","properties":{"FID":494097}},{"type":"Feature","geometry":{"type":"Polygon","coordinates":[[[37.06047620790206,-1.2577162092392147],[37.060556445235015,-1.2578187380943444],[37.06069915284381,-1.2577072595641938],[37.06060557008897,-1.257586884881598],[37.06056536958595,-1.257618135736971],[37.06057879704769,-1.2576359216009592],[37.06047620790206,-1.2577162092392147]]]},"id":"001a000000000003989a","properties":{"FID":494353}},{"type":"Feature","geometry":{"type":"Polygon","coordinates":[[[37.0311576143769,-1.2327675515076855],[37.03117547029888,-1.232812118852846],[37.0312200281768,-1.2327942792811368],[37.03120225417362,-1.2327452249503599],[37.0311576143769,-1.2327675515076855]]]},"id":"001a000000000001f17e","properties":{"FID":489490}},{"type":"Feature","geometry":{"type":"Polygon","coordinates":[[[37.03862215437639,-1.247157066503633],[37.03863550399424,-1.247192744850182],[37.03868906623995,-1.2471704330628504],[37.038675634732506,-1.2471347561055008],[37.03862215437639,-1.247157066503633]]]},"id":"001a000000000001fc22","properties":{"FID":489746}},{"type":"Feature","geometry":{"type":"Polygon","coordinates":[[[37.02698838236035,-1.2616536133460197],[37.026992805640745,-1.2617115525904894],[37.02704187127,-1.2617070751424273],[37.02704187127,-1.2617249161186066],[37.02716228260729,-1.2617115740786125],[37.02715777742479,-1.261635736330675],[37.02698838236035,-1.2616536133460197]]]},"id":"001a00000000000317b3","properties":{"FID":492562}},{"type":"Feature","geometry":{"type":"Polygon","coordinates":[[[37.02711321705922,-1.2540552893545829],[37.0271310739737,-1.254090963808498],[37.027166705877114,-1.254073129413075],[37.0271489308838,-1.2540374536385055],[37.02711321705922,-1.2540552893545829]]]},"id":"001a0000000000027f37","properties":{"FID":492818}},{"type":"Feature","geometry":{"type":"Polygon","coordinates":[[[37.02795150436505,-1.2635710326519716],[37.027987217778225,-1.2636780210550633],[37.02802284926244,-1.2636646674420355],[37.02798721777823,-1.2635576186833481],[37.02795150436505,-1.2635710326519716]]]},"id":"001a000000000002921f","properties":{"FID":493586}},{"type":"Feature","geometry":{"type":"Polygon","coordinates":[[[37.04160978688338,-1.2638920747103517],[37.041663265042,-1.2639232591502725],[37.04168554077181,-1.263887624258395],[37.041632062629574,-1.263856380767748],[37.04160978688338,-1.2638920747103517]]]},"id":"001a0000000000026997","properties":{"FID":494098}},{"type":"Feature","geometry":{"type":"Polygon","coordinates":[[[37.05969585427718,-1.2576359691521422],[37.05972262764403,-1.2576850048228683],[37.05992330476754,-1.2575645943501563],[37.05989653147468,-1.2575155589409477],[37.05969585427718,-1.2576359691521422]]]},"id":"001a0000000000035196","properties":{"FID":494354}},{"type":"Feature","geometry":{"type":"Polygon","coordinates":[[[37.031563385026544,-1.2327006465807797],[37.03157231293828,-1.2327363281079993],[37.03161695248055,-1.2327229730442197],[37.03160802457428,-1.2326872915500107],[37.031563385026544,-1.2327006465807797]]]},"id":"001a000000000001e2a1","properties":{"FID":489491}},{"type":"Feature","geometry":{"type":"Polygon","coordinates":[[[37.042448070921694,-1.2470366774898485],[37.0424569974973,-1.2470767954778128],[37.042519401600636,-1.247058944601335],[37.0425060526959,-1.2470188402446276],[37.042448070921694,-1.2470366774898485]]]},"id":"001a0000000000028920","properties":{"FID":489747}},{"type":"Feature","geometry":{"type":"Polygon","coordinates":[[[37.02569079325924,-1.2616313232879899],[37.02570856860869,-1.2617026294759912],[37.025744283122584,-1.2616937066108507],[37.025730931138945,-1.2616223861081637],[37.02569079325924,-1.2616313232879899]]]},"id":"001a000000000002b2de","properties":{"FID":492563}},{"type":"Feature","geometry":{"type":"Polygon","coordinates":[[[37.02811655588709,-1.253818961210395],[37.02813883576609,-1.2538635393673137],[37.02819674703735,-1.2538278555404532],[37.02817446717607,-1.2537877661198849],[37.02811655588709,-1.253818961210395]]]},"id":"001a0000000000028648","properties":{"FID":492819}},{"type":"Feature","geometry":{"type":"Polygon","coordinates":[[[37.0249594608323,-1.2635576310233247],[37.024986246995056,-1.2636378901328154],[37.02505759479944,-1.2636066905937093],[37.02503080866294,-1.263530862677185],[37.0249594608323,-1.2635576310233247]]]},"id":"001a0000000000019f19","properties":{"FID":493587}},{"type":"Feature","geometry":{"type":"Polygon","coordinates":[[[37.040410244250424,-1.2637939572032335],[37.040437024724554,-1.263860851070395],[37.040490503745815,-1.2638430080918133],[37.04046822764986,-1.2637716681941982],[37.040410244250424,-1.2637939572032335]]]},"id":"001a0000000000019e14","properties":{"FID":494099}},{"type":"Feature","geometry":{"type":"Polygon","coordinates":[[[37.06135914118317,-1.257506615934692],[37.061430453296865,-1.257618088503779],[37.061524116862174,-1.2575556629225768],[37.061452722966706,-1.2574486792545212],[37.06135914118317,-1.257506615934692]]]},"id":"001a0000000000034ee6","properties":{"FID":494355}},{"type":"Feature","geometry":{"type":"Polygon","coordinates":[[[37.03120667719785,-1.2326961646381243],[37.031251235056665,-1.2327585955314448],[37.03131373068397,-1.2327140229893234],[37.031269090955654,-1.2326515935332225],[37.03120667719785,-1.2326961646381243]]]},"id":"001a000000000002db9f","properties":{"FID":489492}},{"type":"Feature","geometry":{"type":"Polygon","coordinates":[[[37.03745835311898,-1.2468137138816209],[37.03748063013703,-1.2468538512146783],[37.03753861587262,-1.246827097864174],[37.03751633887232,-1.2467824733795374],[37.03745835311898,-1.2468137138816209]]]},"id":"001a00000000000252fe","properties":{"FID":489748}},{"type":"Feature","geometry":{"type":"Polygon","coordinates":[[[37.03355215268828,-1.2616357656676356],[37.033578935688006,-1.2617115816687774],[37.033636924534335,-1.2616937241960386],[37.03361014155597,-1.2616179082854133],[37.03355215268828,-1.2616357656676356]]]},"id":"001a000000000002497d","properties":{"FID":492564}},{"type":"Feature","geometry":{"type":"Polygon","coordinates":[[[37.02514671802055,-1.2537832698072349],[37.02519136150482,-1.2538679983760925],[37.025267132493404,-1.2538278842018937],[37.02522257097021,-1.2537431544425468],[37.02514671802055,-1.2537832698072349]]]},"id":"001a0000000000024ed6","properties":{"FID":492820}},{"type":"Feature","geometry":{"type":"Polygon","coordinates":[[[37.02783559947446,-1.2635264061397913],[37.02784452784361,-1.263584391096598],[37.027898016123984,-1.263579897781448],[37.027889087761395,-1.2635219719499744],[37.02783559947446,-1.2635264061397913]]]},"id":"001a000000000001bae2","properties":{"FID":493588}},{"type":"Feature","geometry":{"type":"Polygon","coordinates":[[[37.035906561835986,-1.263825182332572],[37.03597789893233,-1.2639767587272588],[37.03607159531079,-1.26393219429321],[37.036026958502184,-1.2638430277018462],[37.03608494539684,-1.2638162479891988],[37.03605374059063,-1.2637538544877622],[37.035906561835986,-1.263825182332572]]]},"id":"001a000000000003aa38","properties":{"FID":494100}},{"type":"Feature","geometry":{"type":"Polygon","coordinates":[[[37.05952194996591,-1.2575199942171118],[37.059553144696466,-1.2575645873150125],[37.05969585427718,-1.2574620244240189],[37.059664659607925,-1.2574174315040054],[37.05952194996591,-1.2575199942171118]]]},"id":"001a00000000000370fc","properties":{"FID":494356}},{"type":"Feature","geometry":{"type":"Polygon","coordinates":[[[37.03007404657972,-1.2326961860215484],[37.03009632585936,-1.2327675377132576],[37.03022123713545,-1.232727381953474],[37.03019895789405,-1.2326516037265047],[37.03007404657972,-1.2326961860215484]]]},"id":"001a0000000000033341","properties":{"FID":489493}},{"type":"Feature","geometry":{"type":"Polygon","coordinates":[[[37.03624989656468,-1.2464034826318482],[37.03627667857102,-1.246470351617794],[37.036316810611005,-1.2464525116781167],[37.03629453323644,-1.2463856278826189],[37.03624989656468,-1.2464034826318482]]]},"id":"001a000000000002e9ab","properties":{"FID":489749}},{"type":"Feature","geometry":{"type":"Polygon","coordinates":[[[37.02722912310036,-1.261600110531037],[37.0272469799864,-1.2616446525464038],[37.02726926013165,-1.2616357756902645],[37.02725148516338,-1.261595603939832],[37.02722912310036,-1.261600110531037]]]},"id":"001a000000000001e841","properties":{"FID":492565}},{"type":"Feature","geometry":{"type":"Polygon","coordinates":[[[37.02540982748153,-1.2537297878507048],[37.025432108189214,-1.2537743674785116],[37.025490103528696,-1.2537475998900036],[37.02546782283876,-1.2537030203233974],[37.02540982748153,-1.2537297878507048]]]},"id":"001a000000000002a5f1","properties":{"FID":492821}},{"type":"Feature","geometry":{"type":"Polygon","coordinates":[[[37.02729162218234,-1.2635353338913093],[37.02731390231392,-1.2635888435290383],[37.027376319410926,-1.2635621061467595],[37.02735403929846,-1.2635085965868365],[37.02729162218234,-1.2635353338913093]]]},"id":"001a000000000001a77f","properties":{"FID":493589}},{"type":"Feature","geometry":{"type":"Polygon","coordinates":[[[37.03981722211069,-1.2638117997475908],[37.0399108316444,-1.263941082592868],[37.04000452295553,-1.2638742507991043],[37.03997323793325,-1.2638251525122604],[37.039991091691064,-1.2638118009322379],[37.039959888561,-1.2637671906590968],[37.03993310791114,-1.2637850619424826],[37.03990640914945,-1.2637493553489951],[37.03981722211069,-1.2638117997475908]]]},"id":"001a0000000000033ec0","properties":{"FID":494101}},{"type":"Feature","geometry":{"type":"Polygon","coordinates":[[[37.062099359150885,-1.2571811313000234],[37.06211270445589,-1.2572212358733525],[37.06216624939733,-1.2571989756150088],[37.06215282222918,-1.257163300587662],[37.062099359150885,-1.2571811313000234]]]},"id":"001a000000000001eca3","properties":{"FID":494357}},{"type":"Feature","geometry":{"type":"Polygon","coordinates":[[[37.03318652689863,-1.232656071473549],[37.03323108354481,-1.2327051029744214],[37.03325344376321,-1.2326827844093504],[37.03320880522514,-1.2326337542717487],[37.03318652689863,-1.232656071473549]]]},"id":"001a000000000002cb0d","properties":{"FID":489494}},{"type":"Feature","geometry":{"type":"Polygon","coordinates":[[[37.038528543183645,-1.2458594666670821],[37.0385463972962,-1.2459352761854956],[37.038590950658865,-1.2459263387731303],[37.03859537323381,-1.2459486423454837],[37.03863550399424,-1.2459397184362253],[37.03861322732997,-1.2458416054805204],[37.038528543183645,-1.2458594666670821]]]},"id":"001a000000000002da2b","properties":{"FID":489750}},{"type":"Feature","geometry":{"type":"Polygon","coordinates":[[[37.025811124918,-1.2615867310260227],[37.02583791076733,-1.261658064644335],[37.02593604355003,-1.2616179172378676],[37.025909257736835,-1.2615465837806799],[37.025811124918,-1.2615867310260227]]]},"id":"001a0000000000021650","properties":{"FID":492566}},{"type":"Feature","geometry":{"type":"Polygon","coordinates":[[[37.02528056647665,-1.253707468259685],[37.025307270606746,-1.2537877674446534],[37.025414332772236,-1.253752039475884],[37.02539197014472,-1.2536717869742415],[37.02528056647665,-1.253707468259685]]]},"id":"001a000000000002f6c7","properties":{"FID":492822}},{"type":"Feature","geometry":{"type":"Polygon","coordinates":[[[37.03311960997251,-1.263459502788485],[37.03316424856531,-1.2635353210670308],[37.03322666064365,-1.2634951756088975],[37.03318652689863,-1.2634238312723658],[37.03311960997251,-1.263459502788485]]]},"id":"001a00000000000355ec","properties":{"FID":493590}},{"type":"Feature","geometry":{"type":"Polygon","coordinates":[[[37.03701690639046,-1.2637850285426988],[37.03708373782984,-1.2638697485628292],[37.037159578334936,-1.263811777292445],[37.03709266506403,-1.2637270588152614],[37.03701690639046,-1.2637850285426988]]]},"id":"001a00000000000243db","properties":{"FID":494102}},{"type":"Feature","geometry":{"type":"Polygon","coordinates":[[[37.06163112570019,-1.2566906339395534],[37.06166231952457,-1.256735225041598],[37.061738134380455,-1.2566861460037095],[37.06170694058865,-1.2566415549911787],[37.06163112570019,-1.2566906339395534]]]},"id":"001a0000000000025ebf","properties":{"FID":494358}},{"type":"Feature","geometry":{"type":"Polygon","coordinates":[[[37.02638640415623,-1.2326515990765379],[37.026399756019636,-1.2326917561591617],[37.026453245361914,-1.2326738889675484],[37.02643989350833,-1.232629304999512],[37.02638640415623,-1.2326515990765379]]]},"id":"001a0000000000026cb5","properties":{"FID":489495}},{"type":"Feature","geometry":{"type":"Polygon","coordinates":[[[37.04043252036415,-1.245846064036508],[37.04046380518882,-1.2458906561531162],[37.040499430561766,-1.2458639177263986],[37.04046822764986,-1.245823811222149],[37.04043252036415,-1.245846064036508]]]},"id":"001a000000000002d151","properties":{"FID":489751}},{"type":"Feature","geometry":{"type":"Polygon","coordinates":[[[37.02889683905635,-1.2615153540315132],[37.02897711125709,-1.2617516778937157],[37.0290395269275,-1.2617293745114857],[37.02895925479561,-1.2614930509719835],[37.02889683905635,-1.2615153540315132]]]},"id":"001a000000000003a347","properties":{"FID":492567}},{"type":"Feature","geometry":{"type":"Polygon","coordinates":[[[37.0330304146105,-1.2537297781860035],[37.033088403894105,-1.25384126704926],[37.033177599185,-1.2537921943630213],[37.03311960997251,-1.2536851941255944],[37.0330304146105,-1.2537297781860035]]]},"id":"001a0000000000035315","properties":{"FID":492823}},{"type":"Feature","geometry":{"type":"Polygon","coordinates":[[[37.031353865462194,-1.2634595086457245],[37.03137163942833,-1.2635041107551006],[37.03149204360073,-1.263455083934819],[37.031478692671705,-1.2634149572242235],[37.031353865462194,-1.2634595086457245]]]},"id":"001a0000000000028a51","properties":{"FID":493591}},{"type":"Feature","geometry":{"type":"Polygon","coordinates":[[[37.041721247442126,-1.2638341043326722],[37.041756872198924,-1.263900968071566],[37.04187734107478,-1.2638385358305888],[37.04181935879915,-1.263718173812893],[37.041725669826675,-1.2637672240013937],[37.041752449816265,-1.2638162779257862],[37.041721247442126,-1.2638341043326722]]]},"id":"001a00000000000302a3","properties":{"FID":494103}},{"type":"Feature","geometry":{"type":"Polygon","coordinates":[[[37.060137327004526,-1.2565835875707017],[37.06015959707099,-1.256632637312932],[37.06022206784598,-1.2566059194921555],[37.06019529466328,-1.2565523981250823],[37.060137327004526,-1.2565835875707017]]]},"id":"001a000000000002aee6","properties":{"FID":494359}},{"type":"Feature","geometry":{"type":"Polygon","coordinates":[[[37.03077412053622,-1.232673907963449],[37.030800904558724,-1.2327140219099533],[37.03087224666227,-1.2326694237387295],[37.03084996762022,-1.232629295798331],[37.03077412053622,-1.232673907963449]]]},"id":"001a000000000002c7de","properties":{"FID":489496}},{"type":"Feature","geometry":{"type":"Polygon","coordinates":[[[37.03667799797427,-1.2454447710721004],[37.036686925258266,-1.2454804622749929],[37.036735984349846,-1.245467082219637],[37.03672255248165,-1.2454358339028015],[37.03667799797427,-1.2454447710721004]]]},"id":"001a000000000001fd91","properties":{"FID":489752}},{"type":"Feature","geometry":{"type":"Polygon","coordinates":[[[37.0244689528428,-1.2614975345366073],[37.02448681040609,-1.2615421371033981],[37.02452244360413,-1.2615287256997243],[37.024509091396325,-1.2614841665324559],[37.0244689528428,-1.2614975345366073]]]},"id":"001a0000000000020eae","properties":{"FID":492568}},{"type":"Feature","geometry":{"type":"Polygon","coordinates":[[[37.02759035558503,-1.2536049226995902],[37.02762598726357,-1.2536807014146452],[37.02771518925126,-1.2536406033750673],[37.027679557616395,-1.2535603361546404],[37.02759035558503,-1.2536049226995902]]]},"id":"001a000000000002c7d0","properties":{"FID":492824}},{"type":"Feature","geometry":{"type":"Polygon","coordinates":[[[37.027826671104194,-1.2634283069572716],[37.02783559947445,-1.2635041334980688],[37.027898016123984,-1.2634951790440785],[37.02788466453548,-1.2634194261316745],[37.027826671104194,-1.2634283069572716]]]},"id":"001a000000000003130f","properties":{"FID":493592}},{"type":"Feature","geometry":{"type":"Polygon","coordinates":[[[37.03870241584551,-1.2637136851044188],[37.03872026991538,-1.2637806107111946],[37.038804953838415,-1.263753801166309],[37.038782677226045,-1.2636869492618794],[37.03870241584551,-1.2637136851044188]]]},"id":"001a000000000001bb09","properties":{"FID":494104}},{"type":"Feature","geometry":{"type":"Polygon","coordinates":[[[37.05881740399122,-1.2561421314475851],[37.058866448145054,-1.2562268724751053],[37.05895119046967,-1.2561778224614628],[37.058897725033866,-1.2560930957513485],[37.05881740399122,-1.2561421314475851]]]},"id":"001a00000000000229ee","properties":{"FID":494360}},{"type":"Feature","geometry":{"type":"Polygon","coordinates":[[[37.02926248640473,-1.232629317418427],[37.02931155050364,-1.2327140467135604],[37.02936061456947,-1.232682794433392],[37.02931155050364,-1.2326025510408876],[37.02926248640473,-1.232629317418427]]]},"id":"001a00000000000331e9","properties":{"FID":489497}},{"type":"Feature","geometry":{"type":"Polygon","coordinates":[[[37.041752449816265,-1.2452842239037394],[37.04178815645372,-1.2453734328321195],[37.041868414428016,-1.2453421852193667],[37.04182828545195,-1.2452529899304405],[37.041752449816265,-1.2452842239037394]]]},"id":"001a0000000000022aab","properties":{"FID":489753}},{"type":"Feature","geometry":{"type":"Polygon","coordinates":[[[37.02993586574809,-1.261524271932079],[37.03000270369349,-1.2617249579136267],[37.03013646130917,-1.2616803216625856],[37.03008747967562,-1.2615198050690795],[37.030105253951135,-1.261515374799113],[37.03009190276763,-1.261470759767124],[37.02993586574809,-1.261524271932079]]]},"id":"001a00000000000350a4","properties":{"FID":492569}},{"type":"Feature","geometry":{"type":"Polygon","coordinates":[[[37.02521364227937,-1.2535781605158878],[37.0252671324934,-1.2536896164963178],[37.02532955134583,-1.2536584053249364],[37.02527163779294,-1.2535469634235084],[37.02521364227937,-1.2535781605158878]]]},"id":"001a00000000000355d8","properties":{"FID":492825}},{"type":"Feature","geometry":{"type":"Polygon","coordinates":[[[37.02902617554843,-1.2634238396252702],[37.02905738336928,-1.26351749042734],[37.02915100675151,-1.2634862765118797],[37.02911979897081,-1.2633971157830717],[37.02902617554843,-1.2634238396252702]]]},"id":"001a0000000000036bcb","properties":{"FID":493593}},{"type":"Feature","geometry":{"type":"Polygon","coordinates":[[[37.03920634118811,-1.2637270975801491],[37.03921969069871,-1.263753811608621],[37.039295447077436,-1.263713682739673],[37.03927767504757,-1.2636869242051478],[37.03920634118811,-1.2637270975801491]]]},"id":"001a000000000001a7f8","properties":{"FID":494105}},{"type":"Feature","geometry":{"type":"Polygon","coordinates":[[[37.06430662287116,-1.2557185365019812],[37.06432438877943,-1.2557854274890354],[37.06436900820728,-1.2557764828110627],[37.06435116043943,-1.2557095932328155],[37.06430662287116,-1.2557185365019812]]]},"id":"001a000000000002c988","properties":{"FID":494361}},{"type":"Feature","geometry":{"type":"Polygon","coordinates":[[[37.03329349556581,-1.232593603544099],[37.03332027866076,-1.232633775123617],[37.03337826771328,-1.232593644549622],[37.03335148463968,-1.2325534730346215],[37.03329349556581,-1.232593603544099]]]},"id":"001a00000000000270f0","properties":{"FID":489498}},{"type":"Feature","geometry":{"type":"Polygon","coordinates":[[[37.035353635539465,-1.2452351621696578],[37.0353982727613,-1.245302091547252],[37.03543390061594,-1.2452797803227862],[37.035389345319125,-1.2452084215881822],[37.035353635539465,-1.2452351621696578]]]},"id":"001a000000000001d351","properties":{"FID":489754}},{"type":"Feature","geometry":{"type":"Polygon","coordinates":[[[37.0305333915245,-1.2614261543527698],[37.030546742626996,-1.261466338603658],[37.03057794979566,-1.2614573730066483],[37.030564598698895,-1.261417247853934],[37.0305333915245,-1.2614261543527698]]]},"id":"001a000000000001a7b0","properties":{"FID":492570}},{"type":"Feature","geometry":{"type":"Polygon","coordinates":[[[37.0284777020556,-1.2534934228962682],[37.02850891011168,-1.253560296283679],[37.028544623251314,-1.2535424613386756],[37.02851341521054,-1.253475588010359],[37.0284777020556,-1.2534934228962682]]]},"id":"001a00000000000257b0","properties":{"FID":492826}},{"type":"Feature","geometry":{"type":"Polygon","coordinates":[[[37.03312411478587,-1.2633346626006101],[37.03312853769325,-1.263379249286237],[37.03319987751423,-1.2633658935447847],[37.03319094980224,-1.263321322756459],[37.03312411478587,-1.2633346626006101]]]},"id":"001a00000000000277c1","properties":{"FID":493594}},{"type":"Feature","geometry":{"type":"Polygon","coordinates":[[[37.03589321171719,-1.2636958573085402],[37.03593334396877,-1.2637627690954847],[37.0359734761982,-1.263735991161142],[37.03593334396877,-1.2636690794484498],[37.03589321171719,-1.2636958573085402]]]},"id":"001a000000000002adac","properties":{"FID":494106}},{"type":"Feature","geometry":{"type":"Polygon","coordinates":[[[37.06047178665869,-1.2553618043787835],[37.06048955350543,-1.2554019528873126],[37.06053867840464,-1.255379649708885],[37.06052082969511,-1.255343989634438],[37.06047178665869,-1.2553618043787835]]]},"id":"001a000000000002bb8b","properties":{"FID":494362}},{"type":"Feature","geometry":{"type":"Polygon","coordinates":[[[37.031964730435135,-1.2326114449580292],[37.03203164842362,-1.2327140011707873],[37.03212076310339,-1.2326560714845987],[37.032053927103796,-1.23255351418894],[37.031964730435135,-1.2326114449580292]]]},"id":"001a00000000000336b4","properties":{"FID":489499}},{"type":"Feature","geometry":{"type":"Polygon","coordinates":[[[37.04159193352304,-1.2450925083257935],[37.04160978688338,-1.2451281686636884],[37.041703394109156,-1.2450746821451455],[37.041681118384815,-1.2450434630629592],[37.04159193352304,-1.2450925083257935]]]},"id":"001a000000000002dc64","properties":{"FID":489755}},{"type":"Feature","geometry":{"type":"Polygon","coordinates":[[[37.029021752391635,-1.2614306352616809],[37.029030598704956,-1.2614707769474167],[37.029093096239706,-1.2614484726254394],[37.02907966296023,-1.261412778627306],[37.029021752391635,-1.2614306352616809]]]},"id":"001a00000000000234b5","properties":{"FID":492571}},{"type":"Feature","geometry":{"type":"Polygon","coordinates":[[[37.02536526604571,-1.2534934434142653],[37.02542768481396,-1.2536138473785872],[37.02546782283876,-1.2535959978385767],[37.02540089881367,-1.2534756092411303],[37.02536526604571,-1.2534934434142653]]]},"id":"001a00000000000344af","properties":{"FID":492827}},{"type":"Feature","geometry":{"type":"Polygon","coordinates":[[[37.026711926802435,-1.2633524931167266],[37.02675206411898,-1.2634639581931324],[37.02685011375629,-1.263428298195751],[37.02680104799774,-1.2632990217764246],[37.02672527860611,-1.2633257445874266],[37.0267297019025,-1.263348062040234],[37.026711926802435,-1.2633524931167266]]]},"id":"001a0000000000037cfd","properties":{"FID":493595}},{"type":"Feature","geometry":{"type":"Polygon","coordinates":[[[37.0380469718886,-1.2636780423248606],[37.03809152555725,-1.2637582878246523],[37.038127233992576,-1.2637360145096408],[37.038082598445676,-1.2636557113786706],[37.0380469718886,-1.2636780423248606]]]},"id":"001a000000000001f5e4","properties":{"FID":494107}},{"type":"Feature","geometry":{"type":"Polygon","coordinates":[[[37.06040931609855,-1.2552413926204904],[37.06045393793271,-1.255263680101791],[37.06047620790206,-1.2552280059687497],[37.0604315860816,-1.25520571849764],[37.06040931609855,-1.2552413926204904]]]},"id":"001a0000000000023fb5","properties":{"FID":494363}},{"type":"Feature","geometry":{"type":"Polygon","coordinates":[[[37.027514505103184,-1.232571322231751],[37.02755914713501,-1.2326426674150492],[37.02759928398428,-1.232615927280843],[37.02755914713501,-1.2325490540020172],[37.027514505103184,-1.232571322231751]]]},"id":"001a000000000001bafb","properties":{"FID":489500}},{"type":"Feature","geometry":{"type":"Polygon","coordinates":[[[37.03600017640388,-1.2446064728776491],[37.03603146313549,-1.2446733243609343],[37.03608494539684,-1.2446510166324412],[37.03605374059063,-1.2445841638887198],[37.03600017640388,-1.2446064728776491]]]},"id":"001a000000000002c3ea","properties":{"FID":489756}},{"type":"Feature","geometry":{"type":"Polygon","coordinates":[[[37.03056459869889,-1.261430657410276],[37.03060473389037,-1.2614885914130536],[37.030640364092825,-1.2614618304779897],[37.030600228921,-1.2614083270001943],[37.03056459869889,-1.261430657410276]]]},"id":"001a000000000001cf57","properties":{"FID":492572}},{"type":"Feature","geometry":{"type":"Polygon","coordinates":[[[37.02764384405222,-1.2534131540634943],[37.027697332480116,-1.2534934217566112],[37.027737469253154,-1.2534666545644222],[37.02768398085478,-1.2533864460197803],[37.02764384405222,-1.2534131540634943]]]},"id":"001a0000000000025a1c","properties":{"FID":492828}},{"type":"Feature","geometry":{"type":"Polygon","coordinates":[[[37.031839904059574,-1.2633302027625857],[37.031871110673535,-1.2634015785184407],[37.03200928782966,-1.2633346522969968],[37.031978081274964,-1.2632633358582583],[37.031871110673535,-1.2633123747696517],[37.031871110673535,-1.2633168644891415],[37.031839904059574,-1.2633302027625857]]]},"id":"001a000000000002b91d","properties":{"FID":493596}},{"type":"Feature","geometry":{"type":"Polygon","coordinates":[[[37.03696334291309,-1.26370924402672],[37.03701240181819,-1.2637761245130281],[37.03710159229711,-1.2637092477459695],[37.037048110783395,-1.2636378924653406],[37.03696334291309,-1.26370924402672]]]},"id":"001a0000000000036222","properties":{"FID":494108}},{"type":"Feature","geometry":{"type":"Polygon","coordinates":[[[37.06452955605013,-1.2535380255399873],[37.06455182476928,-1.2535737272961345],[37.06460086504952,-1.253542514755546],[37.06457409348162,-1.2535068283979431],[37.06452955605013,-1.2535380255399873]]]},"id":"001a0000000000020097","properties":{"FID":494364}},{"type":"Feature","geometry":{"type":"Polygon","coordinates":[[[37.03129587479594,-1.2324687810015211],[37.03134043260011,-1.2325312115301565],[37.0314117741746,-1.232477701761287],[37.03136721641412,-1.232415271359597],[37.03129587479594,-1.2324687810015211]]]},"id":"001a0000000000035be7","properties":{"FID":489501}},{"type":"Feature","geometry":{"type":"Polygon","coordinates":[[[37.03509056203522,-1.244454824984556],[37.03519760980572,-1.244588627004972],[37.03526002013938,-1.2445351178841069],[37.03515747714817,-1.2444057883801767],[37.03509056203522,-1.244454824984556]]]},"id":"001a0000000000039957","properties":{"FID":489757}},{"type":"Feature","geometry":{"type":"Polygon","coordinates":[[[37.033262289562,-1.2614350712535933],[37.03330242326522,-1.2615064714115938],[37.03337826771328,-1.2614707735754194],[37.03333813405191,-1.2613949432338762],[37.033262289562,-1.2614350712535933]]]},"id":"001a0000000000026a3d","properties":{"FID":492573}},{"type":"Feature","geometry":{"type":"Polygon","coordinates":[[[37.03001613680255,-1.2533908511275589],[37.03005176729326,-1.2534532796520996],[37.03010083085994,-1.2534265431392484],[37.03006511848414,-1.253364116043035],[37.03001613680255,-1.2533908511275589]]]},"id":"001a0000000000027229","properties":{"FID":492829}},{"type":"Feature","geometry":{"type":"Polygon","coordinates":[[[37.03597789893233,-1.2636200757842473],[37.03601360840549,-1.2636913732795638],[37.036058163319886,-1.263669129559974],[37.03602253577103,-1.2635977717074882],[37.03597789893233,-1.2636200757842473]]]},"id":"001a000000000002c49a","properties":{"FID":494109}},{"type":"Feature","geometry":{"type":"Polygon","coordinates":[[[37.06464990529662,-1.2535291304390037],[37.06470344836663,-1.253613844754935],[37.06477475719519,-1.2535692178813715],[37.06472571703244,-1.2534845474086067],[37.06464990529662,-1.2535291304390037]]]},"id":"001a00000000000334e6","properties":{"FID":494365}},{"type":"Feature","geometry":{"type":"Polygon","coordinates":[[[37.02766170083651,-1.2324197202424654],[37.02770183762921,-1.2324865932417763],[37.027764254393475,-1.2324509334142395],[37.0277241176352,-1.2323840605217118],[37.02766170083651,-1.2324197202424654]]]},"id":"001a0000000000022eea","properties":{"FID":489502}},{"type":"Feature","geometry":{"type":"Polygon","coordinates":[[[37.035772814829585,-1.244419146355676],[37.0357906696187,-1.2444548678650136],[37.03589321171719,-1.2443968644237413],[37.03587093421287,-1.244365643402512],[37.035772814829585,-1.244419146355676]]]},"id":"001a000000000002c4f9","properties":{"FID":489758}},{"type":"Feature","geometry":{"type":"Polygon","coordinates":[[[37.02710879378614,-1.261412829994507],[37.02715335415443,-1.2615777973331392],[37.02726926013165,-1.2615465713950291],[37.027224699834335,-1.2613816044360344],[37.02710879378614,-1.261412829994507]]]},"id":"001a0000000000037370","properties":{"FID":492574}},{"type":"Feature","geometry":{"type":"Polygon","coordinates":[[[37.02615450729145,-1.2530787432612718],[37.026181293014396,-1.253145631889678],[37.026216925382826,-1.253132227852796],[37.02619022158651,-1.253065337926262],[37.02615450729145,-1.2530787432612718]]]},"id":"001a000000000002c9ff","properties":{"FID":492830}},{"type":"Feature","geometry":{"type":"Polygon","coordinates":[[[37.03901903828719,-1.2636156172363944],[37.039050241821016,-1.2636690884929946],[37.039090372330385,-1.263646801016927],[37.03911264884849,-1.2636824633608847],[37.039183982799855,-1.263637918829276],[37.03913050281762,-1.263553156650447],[37.03901903828719,-1.2636156172363944]]]},"id":"001a0000000000027d07","properties":{"FID":494110}},{"type":"Feature","geometry":{"type":"Polygon","coordinates":[[[37.06583603059675,-1.2525035147269827],[37.06587622818113,-1.2525748690069833],[37.06591634387451,-1.2525525423917638],[37.06588064909536,-1.252481231919933],[37.06583603059675,-1.2525035147269827]]]},"id":"001a000000000002ef43","properties":{"FID":494366}},{"type":"Feature","geometry":{"type":"Polygon","coordinates":[[[37.03139391831062,-1.2323127308688508],[37.03142520702351,-1.2323573157667709],[37.03145641381537,-1.232335030613839],[37.03142520702351,-1.2322903854046732],[37.03139391831062,-1.2323127308688508]]]},"id":"001a00000000000247ef","properties":{"FID":489503}},{"type":"Feature","geometry":{"type":"Polygon","coordinates":[[[37.03748063013703,-1.2442006519556306],[37.037511834331,-1.2442452456176967],[37.03755647022822,-1.2442095641044242],[37.03752518415267,-1.2441694587010732],[37.03748063013703,-1.2442006519556306]]]},"id":"001a0000000000029b51","properties":{"FID":489759}},{"type":"Feature","geometry":{"type":"Polygon","coordinates":[[[37.029445309389885,-1.2613816017133856],[37.02950330153115,-1.2615420876038075],[37.02959692433963,-1.2615108780027344],[37.029538932272985,-1.2613459028393985],[37.029445309389885,-1.2613816017133856]]]},"id":"001a00000000000378be","properties":{"FID":492575}},{"type":"Feature","geometry":{"type":"Polygon","coordinates":[[[37.02620799681399,-1.2530163190083718],[37.02623478251724,-1.2530653708840664],[37.0263194809758,-1.253016311525607],[37.026292777217115,-1.2529717470723003],[37.02620799681399,-1.2530163190083718]]]},"id":"001a000000000003090c","properties":{"FID":492831}},{"type":"Feature","geometry":{"type":"Polygon","coordinates":[[[37.042836007420334,-1.2636021998665252],[37.042907337718624,-1.263718144027574],[37.042992098659454,-1.2636646359090242],[37.04292076844434,-1.263548692010887],[37.042836007420334,-1.2636021998665252]]]},"id":"001a00000000000357a6","properties":{"FID":494111}},{"type":"Feature","geometry":{"type":"Polygon","coordinates":[[[37.06272805953637,-1.2525035164397609],[37.06276375586581,-1.2525213456495108],[37.062786025126655,-1.2524856761977827],[37.06275032880817,-1.2524633604717283],[37.06272805953637,-1.2525035164397609]]]},"id":"001a00000000000271ad","properties":{"FID":494367}},{"type":"Feature","geometry":{"type":"Polygon","coordinates":[[[37.026453245361914,-1.2322904004298123],[37.026506816578035,-1.2323840309510665],[37.02657816289179,-1.232343917172564],[37.026529096949886,-1.2322502727851752],[37.026453245361914,-1.2322904004298123]]]},"id":"001a0000000000022819","properties":{"FID":489504}},{"type":"Feature","geometry":{"type":"Polygon","coordinates":[[[37.03687423416608,-1.2441516060916502],[37.036887584104804,-1.2441917694765814],[37.03694106573657,-1.2441738904617001],[37.03692771580767,-1.2441337861606099],[37.03687423416608,-1.2441516060916502]]]},"id":"001a0000000000019a5c","properties":{"FID":489760}},{"type":"Feature","geometry":{"type":"Polygon","coordinates":[[[37.033703759079536,-1.2613548475481273],[37.03372161437657,-1.2613994446473626],[37.03375282018332,-1.261390479397039],[37.03373496489396,-1.2613414520437634],[37.033703759079536,-1.2613548475481273]]]},"id":"001a000000000001b090","properties":{"FID":492576}},{"type":"Feature","geometry":{"type":"Polygon","coordinates":[[[37.02632840953097,-1.2529539135998187],[37.02635068995744,-1.2529806553604252],[37.02639082747321,-1.2529493997526449],[37.02636412374069,-1.2529182423038308],[37.02632840953097,-1.2529539135998187]]]},"id":"001a000000000001a06d","properties":{"FID":492832}},{"type":"Feature","geometry":{"type":"Polygon","coordinates":[[[37.039817222110685,-1.2636200584901736],[37.03985735219676,-1.263673557876414],[37.039959888561,-1.2636022085672014],[37.039919758531525,-1.2635487093293172],[37.039817222110685,-1.2636200584901736]]]},"id":"001a0000000000034710","properties":{"FID":494112}},{"type":"Feature","geometry":{"type":"Polygon","coordinates":[[[37.03093466070697,-1.2322859477290438],[37.03097930064048,-1.232299329859549],[37.030992651661144,-1.23225921461144],[37.03094801173582,-1.23224583247674],[37.03093466070697,-1.2322859477290438]]]},"id":"001a0000000000026641","properties":{"FID":489505}},{"type":"Feature","geometry":{"type":"Polygon","coordinates":[[[37.03670920251263,-1.2440223001333963],[37.03672255248165,-1.2441159519648404],[37.0367894660931,-1.2441025760507645],[37.03677611613636,-1.2440089243340393],[37.03670920251263,-1.2440223001333963]]]},"id":"001a0000000000021952","properties":{"FID":489761}},{"type":"Feature","geometry":{"type":"Polygon","coordinates":[[[37.024513596742786,-1.2613860231231677],[37.0245448064988,-1.2614707538213996],[37.024638435686555,-1.2614351118782507],[37.02459379186314,-1.2613102545926318],[37.02451802017359,-1.2613414644509469],[37.02453137237974,-1.2613815926460747],[37.024513596742786,-1.2613860231231677]]]},"id":"001a0000000000035f1a","properties":{"FID":492577}},{"type":"Feature","geometry":{"type":"Polygon","coordinates":[[[37.0263818989257,-1.2529092672121034],[37.02642203642425,-1.2530074148820707],[37.026462173900676,-1.2529895661717814],[37.02642203642425,-1.2528959072426227],[37.0263818989257,-1.2529092672121034]]]},"id":"001a000000000002ff3b","properties":{"FID":492833}},{"type":"Feature","geometry":{"type":"Polygon","coordinates":[[[37.03689200678335,-1.263593290909699],[37.036949992988276,-1.263673550286963],[37.03701240181819,-1.2636245455482884],[37.03695449756441,-1.263548715343644],[37.03689200678335,-1.263593290909699]]]},"id":"001a00000000000208fd","properties":{"FID":494113}},{"type":"Feature","geometry":{"type":"Polygon","coordinates":[[[37.029837738359156,-1.2322859740318708],[37.02986894583193,-1.2323305611408721],[37.02996707317877,-1.2322592048733878],[37.02993586574809,-1.232214617887549],[37.029837738359156,-1.2322859740318708]]]},"id":"001a000000000001e10a","properties":{"FID":489506}},{"type":"Feature","geometry":{"type":"Polygon","coordinates":[[[37.037119446760016,-1.2440267392165707],[37.03712837398982,-1.2440535141863283],[37.03727104571562,-1.2440044786979298],[37.037235418760936,-1.243901923774454],[37.03719078266666,-1.2439152887746767],[37.03721756432652,-1.2439910675384442],[37.037119446760016,-1.2440267392165707]]]},"id":"001a0000000000032fe1","properties":{"FID":489762}},{"type":"Feature","geometry":{"type":"Polygon","coordinates":[[[37.02814325897656,-1.2614663099690964],[37.0281655388474,-1.2615420875767485],[37.028696240077764,-1.2613904932499163],[37.02867838354736,-1.261314702101082],[37.02814325897656,-1.2614663099690964]]]},"id":"001a000000000003acf0","properties":{"FID":492578}},{"type":"Feature","geometry":{"type":"Polygon","coordinates":[[[37.028094194089896,-1.2529360768156383],[37.02817446717607,-1.2530296625047288],[37.028236883534944,-1.2529716993498772],[37.02815669242891,-1.2528780534285704],[37.028094194089896,-1.2529360768156383]]]},"id":"001a0000000000037b8f","properties":{"FID":492834}},{"type":"Feature","geometry":{"type":"Polygon","coordinates":[[[37.03992868541754,-1.263495220974156],[37.04000452295554,-1.2635933143426845],[37.04008478289879,-1.2635309011073996],[37.040008945444505,-1.2634327488936374],[37.03992868541754,-1.263495220974156]]]},"id":"001a0000000000038a73","properties":{"FID":494114}},{"type":"Feature","geometry":{"type":"Polygon","coordinates":[[[37.0325845180663,-1.2322324498679593],[37.032615724360866,-1.2322904329848994],[37.032655858420796,-1.2322636358858623],[37.03262465214346,-1.2322101383836777],[37.0325845180663,-1.2322324498679593]]]},"id":"001a000000000002bb10","properties":{"FID":489507}},{"type":"Feature","geometry":{"type":"Polygon","coordinates":[[[37.04068672964922,-1.2438260958173788],[37.04070900567824,-1.2438573145253784],[37.04076698883941,-1.2438082516648783],[37.04074471282815,-1.2437815196356272],[37.04068672964922,-1.2438260958173788]]]},"id":"001a000000000002af80","properties":{"FID":489763}},{"type":"Feature","geometry":{"type":"Polygon","coordinates":[[[37.03424334749673,-1.2613325381845284],[37.03425227507957,-1.261430623528747],[37.03433696420535,-1.2614217153078762],[37.034328036632914,-1.2613236300941024],[37.03424334749673,-1.2613325381845284]]]},"id":"001a000000000002e36a","properties":{"FID":492579}},{"type":"Feature","geometry":{"type":"Polygon","coordinates":[[[37.02619906824405,-1.252748741386818],[37.026221430623586,-1.2527888886087486],[37.02626156821064,-1.252762121866087],[37.02623920584344,-1.2527264633244641],[37.02619906824405,-1.252748741386818]]]},"id":"001a0000000000020148","properties":{"FID":492835}},{"type":"Feature","geometry":{"type":"Polygon","coordinates":[[[37.04008478289879,-1.2634907338790036],[37.04011148159498,-1.263526440203772],[37.040209595124324,-1.263455047043144],[37.0401873189423,-1.263419385384359],[37.04008478289879,-1.2634907338790036]]]},"id":"001a00000000000361a9","properties":{"FID":494115}},{"type":"Feature","geometry":{"type":"Polygon","coordinates":[[[37.029454237561545,-1.2322592004431137],[37.029494373365516,-1.2323528680675973],[37.02956129362618,-1.2323305343554587],[37.02953893227298,-1.2322770091859625],[37.02969505205331,-1.2322146280726658],[37.02967719576802,-1.2321700015067523],[37.029454237561545,-1.2322592004431137]]]},"id":"001a000000000003713b","properties":{"FID":489508}},{"type":"Feature","geometry":{"type":"Polygon","coordinates":[[[37.03694106573657,-1.2437726111757619],[37.03695449756441,-1.2438127137614594],[37.03701240181819,-1.2437904530691464],[37.036999051902384,-1.2437502901575608],[37.03694106573657,-1.2437726111757619]]]},"id":"001a000000000001e72d","properties":{"FID":489764}},{"type":"Feature","geometry":{"type":"Polygon","coordinates":[[[37.0295702217836,-1.2613102346421337],[37.02958799618548,-1.2614038665084668],[37.02962813191567,-1.2613994194465838],[37.0296103575236,-1.2613012980581741],[37.0295702217836,-1.2613102346421337]]]},"id":"001a0000000000022e94","properties":{"FID":492580}},{"type":"Feature","geometry":{"type":"Polygon","coordinates":[[[37.02805856264061,-1.2527175524958585],[37.02811655588709,-1.252811209910899],[37.028152187307974,-1.2527888884343121],[37.028098699214425,-1.2526952749512055],[37.02805856264061,-1.2527175524958585]]]},"id":"001a000000000003017b","properties":{"FID":492836}},{"type":"Feature","geometry":{"type":"Polygon","coordinates":[[[37.04103004180903,-1.263414935358736],[37.04106574880128,-1.2634684481799285],[37.041101455775994,-1.263441686751751],[37.04106574880128,-1.2633926631924182],[37.04103004180903,-1.263414935358736]]]},"id":"001a0000000000023667","properties":{"FID":494116}},{"type":"Feature","geometry":{"type":"Polygon","coordinates":[[[37.029770818352745,-1.2321967549020765],[37.02979760274458,-1.2322458403979881],[37.02990908140714,-1.232178930588571],[37.02987787395159,-1.2321298579478992],[37.029770818352745,-1.2321967549020765]]]},"id":"001a0000000000021a5c","properties":{"FID":489509}},{"type":"Feature","geometry":{"type":"Polygon","coordinates":[[[37.04059754356762,-1.243750280136557],[37.040642095673476,-1.243835032646568],[37.04074020848681,-1.2437859619598919],[37.04069565644108,-1.2437012686875268],[37.04059754356762,-1.243750280136557]]]},"id":"001a00000000000379a6","properties":{"FID":489765}},{"type":"Feature","geometry":{"type":"Polygon","coordinates":[[[37.02960142937111,-1.2612567277092122],[37.029610357523595,-1.261292377970625],[37.02969054702763,-1.261274565281076],[37.02968170079455,-1.2612389137132987],[37.02960142937111,-1.2612567277092122]]]},"id":"001a000000000002a98f","properties":{"FID":492581}},{"type":"Feature","geometry":{"type":"Polygon","coordinates":[[[37.02605637480332,-1.2526729560672476],[37.02608316056237,-1.252726496302299],[37.026163435866856,-1.2526952879882698],[37.026136650137346,-1.252637318278812],[37.02605637480332,-1.2526729560672476]]]},"id":"001a0000000000025b68","properties":{"FID":492837}},{"type":"Feature","geometry":{"type":"Polygon","coordinates":[[[37.04289841119832,-1.2634327604663107],[37.04292076844434,-1.2634862578292443],[37.04300995167593,-1.263446144067564],[37.04298317214956,-1.2633926613237747],[37.04289841119832,-1.2634327604663107]]]},"id":"001a000000000001d438","properties":{"FID":494117}},{"type":"Feature","geometry":{"type":"Polygon","coordinates":[[[37.03266036326287,-1.2321120576474147],[37.03270942507037,-1.2322458281280388],[37.03279853891989,-1.232214636406221],[37.03275840493867,-1.2321164875633983],[37.032704920231325,-1.2321343528473907],[37.0326915695249,-1.2320986851205058],[37.03266036326287,-1.2321120576474147]]]},"id":"001a00000000000245c3","properties":{"FID":489510}},{"type":"Feature","geometry":{"type":"Polygon","coordinates":[[[37.040619819623956,-1.2436834424733776],[37.04063325077228,-1.2437191154825595],[37.040673380407966,-1.243701279277539],[37.04065994926706,-1.2436700338818407],[37.040619819623956,-1.2436834424733776]]]},"id":"001a000000000002135c","properties":{"FID":489766}},{"type":"Feature","geometry":{"type":"Polygon","coordinates":[[[37.03055567066349,-1.261234447715994],[37.03056902176189,-1.2613146830552946],[37.03063143606672,-1.2613057901933142],[37.03061808497978,-1.2612210654240408],[37.03055567066349,-1.261234447715994]]]},"id":"001a0000000000024ee0","properties":{"FID":492582}},{"type":"Feature","geometry":{"type":"Polygon","coordinates":[[[37.02613222680492,-1.2526283548785258],[37.026176787771156,-1.2526774086407364],[37.026207996813994,-1.2526506710971532],[37.026163435866856,-1.25260161737881],[37.02613222680492,-1.2526283548785258]]]},"id":"001a00000000000229aa","properties":{"FID":492838}},{"type":"Feature","geometry":{"type":"Polygon","coordinates":[[[37.04288948467694,-1.2633881951231318],[37.042902915405946,-1.2634149653711078],[37.04294746609906,-1.2633926646831608],[37.04293411727293,-1.2633658931020537],[37.04288948467694,-1.2633881951231318]]]},"id":"001a000000000001ceeb","properties":{"FID":494118}},{"type":"Feature","geometry":{"type":"Polygon","coordinates":[[[37.02898161632696,-1.2320986501155393],[37.0289949677142,-1.23217002846368],[37.029093096239706,-1.2321522057468142],[37.02908416802374,-1.232085300551676],[37.02898161632696,-1.2320986501155393]]]},"id":"001a000000000002b3bd","properties":{"FID":489511}},{"type":"Feature","geometry":{"type":"Polygon","coordinates":[[[37.037431571547785,-1.2431304689492721],[37.03748063013703,-1.243206294612029],[37.03756089286609,-1.2431527931928803],[37.037502907148266,-1.2430635946220512],[37.03747170295047,-1.2430814618134307],[37.03748063013703,-1.2430948348981365],[37.037431571547785,-1.2431304689492721]]]},"id":"001a00000000000342fb","properties":{"FID":489767}},{"type":"Feature","geometry":{"type":"Polygon","coordinates":[[[37.03066264319906,-1.261247794454399],[37.030729562385204,-1.2614217158032557],[37.03083211161836,-1.2613816158865117],[37.03076519252654,-1.2612076949395246],[37.03066264319906,-1.261247794454399]]]},"id":"001a00000000000377c7","properties":{"FID":492583}},{"type":"Feature","geometry":{"type":"Polygon","coordinates":[[[37.03047982327269,-1.252548118012288],[37.03050210242808,-1.2525882641711739],[37.0305378145894,-1.252570430587076],[37.03051553544494,-1.252530284462941],[37.03047982327269,-1.252548118012288]]]},"id":"001a000000000001ff27","properties":{"FID":492839}},{"type":"Feature","geometry":{"type":"Polygon","coordinates":[[[37.0373245270654,-1.263383716746064],[37.03734688602539,-1.2634461376743031],[37.037431571547785,-1.2634193874260404],[37.0374092945147,-1.263356965245354],[37.0373245270654,-1.263383716746064]]]},"id":"001a00000000000347fb","properties":{"FID":494119}},{"type":"Feature","geometry":{"type":"Polygon","coordinates":[[[37.03249089910232,-1.232080810487242],[37.03252210543703,-1.232161103169995],[37.03256666249017,-1.232147750124102],[37.0325399610241,-1.2320630169583267],[37.03249089910232,-1.232080810487242]]]},"id":"001a0000000000020b17","properties":{"FID":489512}},{"type":"Feature","geometry":{"type":"Polygon","coordinates":[[[37.03712837398982,-1.242956611408236],[37.03719970988771,-1.2430591699918956],[37.037266623060134,-1.2430145655082383],[37.0371997098877,-1.2429119937737219],[37.03712837398982,-1.242956611408236]]]},"id":"001a0000000000036c27","properties":{"FID":489768}},{"type":"Feature","geometry":{"type":"Polygon","coordinates":[[[37.029253558209554,-1.2612344425638717],[37.02929369412423,-1.2613369779633359],[37.02950330153114,-1.2612611922059294],[37.02946316573209,-1.2611586572745208],[37.029253558209554,-1.2612344425638717]]]},"id":"001a000000000003890d","properties":{"FID":492584}},{"type":"Feature","geometry":{"type":"Polygon","coordinates":[[[37.02834394139066,-1.2525838028289098],[37.02838850100262,-1.2526551204545116],[37.028482207156394,-1.2525926855834233],[37.028437565690844,-1.2525257989161611],[37.02834394139066,-1.2525838028289098]]]},"id":"001a0000000000036e06","properties":{"FID":492840}},{"type":"Feature","geometry":{"type":"Polygon","coordinates":[[[37.056400607887305,-1.2408384810890176],[37.056440728816554,-1.2408696947374347],[37.05646750338354,-1.2408340234871253],[37.05642287909974,-1.240802824465464],[37.056400607887305,-1.2408384810890176]]]},"id":"001a000000000001e932","properties":{"FID":494120}},{"type":"Feature","geometry":{"type":"Polygon","coordinates":[[[37.0313048027405,-1.2320942037734655],[37.03133150465991,-1.2321432895058013],[37.0314117741746,-1.2321031517349226],[37.03138507228465,-1.2320540660984947],[37.0313048027405,-1.2320942037734655]]]},"id":"001a0000000000032de9","properties":{"FID":489513}},{"type":"Feature","geometry":{"type":"Polygon","coordinates":[[[37.03634801530434,-1.242733649792266],[37.03638372459577,-1.2427469980452002],[37.0364014973329,-1.2427068580093756],[37.03636586995224,-1.2426890216893562],[37.03634801530434,-1.242733649792266]]]},"id":"001a000000000001ec0b","properties":{"FID":489769}},{"type":"Feature","geometry":{"type":"Polygon","coordinates":[[[37.03427004833754,-1.2611184983776988],[37.034274553079655,-1.2611586500319973],[37.03431910905938,-1.2611496996290303],[37.03431468622438,-1.261109605717463],[37.03427004833754,-1.2611184983776988]]]},"id":"001a000000000001c0f3","properties":{"FID":492585}},{"type":"Feature","geometry":{"type":"Polygon","coordinates":[[[37.025276061177664,-1.2525034970057094],[37.025347408697954,-1.2526150100873095],[37.02538312338907,-1.252597175419588],[37.02531177590379,-1.2524856624325678],[37.025276061177664,-1.2525034970057094]]]},"id":"001a000000000001f55d","properties":{"FID":492841}},{"type":"Feature","geometry":{"type":"Polygon","coordinates":[[[37.05481319325402,-1.239469548451667],[37.05483546495322,-1.2395498013448638],[37.05490678347346,-1.2395275088035937],[37.05488000833113,-1.2394472705495672],[37.05481319325402,-1.239469548451667]]]},"id":"001a000000000002460d","properties":{"FID":494121}},{"type":"Feature","geometry":{"type":"Polygon","coordinates":[[[37.02765277244491,-1.2320585191702953],[37.02769733248011,-1.2321209521477074],[37.027737469253154,-1.2320897269239188],[37.02769290924254,-1.2320273530431227],[37.02765277244491,-1.2320585191702953]]]},"id":"001a000000000001d461","properties":{"FID":489514}},{"type":"Feature","geometry":{"type":"Polygon","coordinates":[[[37.03633466526658,-1.2425686268642264],[37.03638372459577,-1.242635538296214],[37.03641935196767,-1.2426087435791031],[37.036374797274554,-1.2425418765978429],[37.03633466526658,-1.2425686268642264]]]},"id":"001a0000000000022cd9","properties":{"FID":489770}},{"type":"Feature","geometry":{"type":"Polygon","coordinates":[[[37.03358335856774,-1.261078389234815],[37.03360121389432,-1.2611274163623698],[37.03365920272289,-1.2611140489567902],[37.033641347410544,-1.2610605325619078],[37.03358335856774,-1.261078389234815]]]},"id":"001a000000000001d7d2","properties":{"FID":492586}},{"type":"Feature","geometry":{"type":"Polygon","coordinates":[[[37.02499067039713,-1.2524856985869783],[37.025106661733396,-1.2527175526653733],[37.02520029019838,-1.2526729531605867],[37.025084299011326,-1.2524366109405012],[37.02499067039713,-1.2524856985869783]]]},"id":"001a000000000003b35a","properties":{"FID":492842}},{"type":"Feature","geometry":{"type":"Polygon","coordinates":[[[37.04904754120631,-1.2386357152160208],[37.049065392735386,-1.238675852229618],[37.049114443473904,-1.2386579953792307],[37.049096591956875,-1.2386134319642945],[37.04904754120631,-1.2386357152160208]]]},"id":"001a000000000002abdd","properties":{"FID":494122}},{"type":"Feature","geometry":{"type":"Polygon","coordinates":[[[37.03116654233845,-1.2320273322198105],[37.031193326216474,-1.2320897554367325],[37.031246812035135,-1.232067463322519],[37.0312200281768,-1.2320050401823583],[37.03116654233845,-1.2320273322198105]]]},"id":"001a000000000001adb6","properties":{"FID":489515}},{"type":"Feature","geometry":{"type":"Polygon","coordinates":[[[37.039183982799855,-1.2424839376032517],[37.03923304020685,-1.2425418733316358],[37.03926424364884,-1.2425195794985353],[37.03921969069871,-1.2424571426284092],[37.039183982799855,-1.2424839376032517]]]},"id":"001a0000000000028ca0","properties":{"FID":489771}},{"type":"Feature","geometry":{"type":"Polygon","coordinates":[[[37.029761890219945,-1.2610382110414178],[37.02977532337347,-1.261118504474992],[37.029846666482655,-1.261109581709507],[37.029837738359156,-1.261056091726223],[37.02979760274458,-1.2610649690275626],[37.02979317963467,-1.2610337929004185],[37.029761890219945,-1.2610382110414178]]]},"id":"001a000000000002d2ae","properties":{"FID":492587}},{"type":"Feature","geometry":{"type":"Polygon","coordinates":[[[37.02860703929267,-1.2524366021290123],[37.02864717556396,-1.2525079921985287],[37.028736294389226,-1.2524544923730188],[37.02869173499023,-1.2523876047724851],[37.02860703929267,-1.2524366021290123]]]},"id":"001a00000000000364cb","properties":{"FID":492843}},{"type":"Feature","geometry":{"type":"Polygon","coordinates":[[[37.0539034867632,-1.2380248215886192],[37.05393026226548,-1.238064927954604],[37.05397480619849,-1.238033749908926],[37.05394811259486,-1.2379980683477494],[37.0539034867632,-1.2380248215886192]]]},"id":"001a000000000002a3d6","properties":{"FID":494123}},{"type":"Feature","geometry":{"type":"Polygon","coordinates":[[[37.027461016540926,-1.232031762418908],[37.02749222503302,-1.2320763506783188],[37.02753686707851,-1.2320451704383453],[37.02750115344431,-1.2320005962586917],[37.027461016540926,-1.232031762418908]]]},"id":"001a000000000001deba","properties":{"FID":489516}},{"type":"Feature","geometry":{"type":"Polygon","coordinates":[[[37.034925526334376,-1.2418685441339252],[37.03496123632422,-1.2419176092240265],[37.035001369090054,-1.2418908593700722],[37.03496565911991,-1.2418417943324707],[37.034925526334376,-1.2418685441339252]]]},"id":"001a000000000001f3f9","properties":{"FID":489772}},{"type":"Feature","geometry":{"type":"Polygon","coordinates":[[[37.025690793259244,-1.2611274007143258],[37.02572200251048,-1.2612210500888712],[37.02590483439058,-1.2611630747982465],[37.02586019134395,-1.261020379515633],[37.02573093113894,-1.2610605103993717],[37.025748706478595,-1.2611096028978603],[37.025690793259244,-1.2611274007143258]]]},"id":"001a0000000000037877","properties":{"FID":492588}},{"type":"Feature","geometry":{"type":"Polygon","coordinates":[[[37.025084299011326,-1.2524366109405012],[37.02521364227937,-1.2526595623026413],[37.025307270606746,-1.2526061037744398],[37.0251735041144,-1.252383107728569],[37.025084299011326,-1.2524366109405012]]]},"id":"001a000000000003852c","properties":{"FID":492844}},{"type":"Feature","geometry":{"type":"Polygon","coordinates":[[[37.05237849507874,-1.2379401005465402],[37.052418618229645,-1.2380069601433732],[37.05246324497348,-1.23797578028953],[37.052418618229645,-1.2379133613671938],[37.05237849507874,-1.2379401005465402]]]},"id":"001a000000000002f6c4","properties":{"FID":494124}},{"type":"Feature","geometry":{"type":"Polygon","coordinates":[[[37.026756487413735,-1.2320630183896646],[37.02684118526513,-1.2320719152826294],[37.02685011375629,-1.2320050139028782],[37.02676541591529,-1.2319961169571656],[37.026756487413735,-1.2320630183896646]]]},"id":"001a0000000000029ea9","properties":{"FID":489517}},{"type":"Feature","geometry":{"type":"Polygon","coordinates":[[[37.03497909131257,-1.2418239821787245],[37.03499694629654,-1.2418774715815522],[37.03503707904266,-1.2418641228348561],[37.03501922406855,-1.2418105744423835],[37.03497909131257,-1.2418239821787245]]]},"id":"001a000000000002d1eb","properties":{"FID":489773}},{"type":"Feature","geometry":{"type":"Polygon","coordinates":[[[37.03325344376321,-1.261033774386121],[37.03331585576502,-1.2611809458021372],[37.03336041233199,-1.2611630756671166],[37.033298000368404,-1.261011474136218],[37.03325344376321,-1.261033774386121]]]},"id":"001a0000000000037167","properties":{"FID":492589}},{"type":"Feature","geometry":{"type":"Polygon","coordinates":[[[37.02504866608837,-1.2523474250580984],[37.02507545221829,-1.2523964769292775],[37.025164575417534,-1.2523474638166276],[37.02513336592729,-1.252298425893145],[37.02504866608837,-1.2523474250580984]]]},"id":"001a0000000000026a64","properties":{"FID":492845}},{"type":"Feature","geometry":{"type":"Polygon","coordinates":[[[37.053595854366705,-1.2375967315463428],[37.05366717410405,-1.2376814933507512],[37.05372956858146,-1.237623468406587],[37.05365824890539,-1.2375432508399562],[37.053595854366705,-1.2375967315463428]]]},"id":"001a000000000002c745","properties":{"FID":494125}},{"type":"Feature","geometry":{"type":"Polygon","coordinates":[[[37.026020742356266,-1.2319827512114414],[37.026038599538815,-1.232022893778327],[37.02609208914653,-1.2319961145620497],[37.02607423197712,-1.2319604579370635],[37.026020742356266,-1.2319827512114414]]]},"id":"001a00000000000236e9","properties":{"FID":489518}},{"type":"Feature","geometry":{"type":"Polygon","coordinates":[[[37.0371774327836,-1.241926535926953],[37.037204132547274,-1.2419711422870645],[37.0374092945147,-1.2418596377560354],[37.037337958822405,-1.241725853280684],[37.037266623060134,-1.2417659816503261],[37.03731568176064,-1.2418552059172783],[37.0371774327836,-1.241926535926953]]]},"id":"001a000000000003ac48","properties":{"FID":489774}},{"type":"Feature","geometry":{"type":"Polygon","coordinates":[[[37.02978867461506,-1.2610248886036253],[37.02981095398209,-1.2610605532484351],[37.0298510895893,-1.261038266424274],[37.02982881023456,-1.261002542742552],[37.02978867461506,-1.2610248886036253]]]},"id":"001a0000000000029f17","properties":{"FID":492590}},{"type":"Feature","geometry":{"type":"Polygon","coordinates":[[[37.040847247940995,-1.2632900927366302],[37.040869523920826,-1.2633569421943447],[37.04094085614857,-1.2633346681222812],[37.04091858019059,-1.2632677596951871],[37.040847247940995,-1.2632900927366302]]]},"id":"001a0000000000026da5","properties":{"FID":492846}},{"type":"Feature","geometry":{"type":"Polygon","coordinates":[[[37.046380981214455,-1.237498633062824],[37.04642110767721,-1.2375476733734347],[37.04647016020058,-1.2375075670197395],[37.0464300337649,-1.237458526778571],[37.046380981214455,-1.237498633062824]]]},"id":"001a000000000002fbd8","properties":{"FID":494126}},{"type":"Feature","geometry":{"type":"Polygon","coordinates":[[[37.0304887513174,-1.23198721110888],[37.030519958510936,-1.2320496221052626],[37.03062701300751,-1.2320005507244314],[37.03059580585989,-1.231933713278956],[37.0304887513174,-1.23198721110888]]]},"id":"001a0000000000028215","properties":{"FID":489519}},{"type":"Feature","geometry":{"type":"Polygon","coordinates":[[[37.03708373782984,-1.241681306574754],[37.03711051952912,-1.2417214248522883],[37.037221986984996,-1.2416500611159385],[37.03719528722788,-1.2416099416184694],[37.03708373782984,-1.241681306574754]]]},"id":"001a0000000000034aa0","properties":{"FID":489775}},{"type":"Feature","geometry":{"type":"Polygon","coordinates":[[[37.026332914764815,-1.2610293119655416],[37.02635068995744,-1.261105106174986],[37.02639533270319,-1.2610962128406757],[37.02639082747321,-1.2610783877441343],[37.02643989350833,-1.2610649903705409],[37.02642203642424,-1.2610025487026928],[37.026332914764815,-1.2610293119655416]]]},"id":"001a00000000000216b9","properties":{"FID":492591}},{"type":"Feature","geometry":{"type":"Polygon","coordinates":[[[37.03563456291962,-1.2632365576604607],[37.035683622721066,-1.26332576803942],[37.03582629728113,-1.2632499683515404],[37.035777237575914,-1.2631607582904758],[37.03563456291962,-1.2632365576604607]]]},"id":"001a0000000000039551","properties":{"FID":492847}},{"type":"Feature","geometry":{"type":"Polygon","coordinates":[[[37.052396345789425,-1.2374495703929782],[37.052418618229645,-1.2374897504764388],[37.05252564048497,-1.237422853677521],[37.05250336807757,-1.2373827327251816],[37.052396345789425,-1.2374495703929782]]]},"id":"001a000000000002a645","properties":{"FID":494127}},{"type":"Feature","geometry":{"type":"Polygon","coordinates":[[[37.02979317963468,-1.2318757246185523],[37.029842161466355,-1.231969365563572],[37.029882297056346,-1.2319470536742716],[37.029846666482655,-1.2318757427015907],[37.029873368937224,-1.231862324935777],[37.029860017711165,-1.2318400540963639],[37.02979317963468,-1.2318757246185523]]]},"id":"001a0000000000030d90","properties":{"FID":489520}},{"type":"Feature","geometry":{"type":"Polygon","coordinates":[[[37.03527787505439,-1.241614364202044],[37.03528672060699,-1.2416500537738646],[37.03532685319322,-1.2416367052749644],[37.0353180076455,-1.2416010157340964],[37.03527787505439,-1.241614364202044]]]},"id":"001a000000000001f410","properties":{"FID":489776}},{"type":"Feature","geometry":{"type":"Polygon","coordinates":[[[37.02458043966844,-1.2610293289222845],[37.02462950692405,-1.2611675224002783],[37.024736488171385,-1.2611318958846593],[37.02469192632331,-1.2609936279581835],[37.02458043966844,-1.2610293289222845]]]},"id":"001a0000000000030c38","properties":{"FID":492592}},{"type":"Feature","geometry":{"type":"Polygon","coordinates":[[[37.03748063013704,-1.2632588431408587],[37.037511834331,-1.263307943789029],[37.03773034521436,-1.2631652569393363],[37.03769463658415,-1.263116172420733],[37.03748063013704,-1.2632588431408587]]]},"id":"001a000000000003a7af","properties":{"FID":492848}},{"type":"Feature","geometry":{"type":"Polygon","coordinates":[[[37.053127647968886,-1.2370348800761513],[37.053163267134586,-1.237097326052519],[37.05328371710346,-1.2370304483687886],[37.05325243779696,-1.2369679908798326],[37.053127647968886,-1.2370348800761513]]]},"id":"001a0000000000027b62","properties":{"FID":494128}},{"type":"Feature","geometry":{"type":"Polygon","coordinates":[[[37.02750115344431,-1.2318712752424545],[37.027554641977076,-1.2319425939685058],[37.02759928398428,-1.2319114139507414],[37.02754579548433,-1.2318400362875612],[37.02750115344431,-1.2318712752424545]]]},"id":"001a000000000001f6f6","properties":{"FID":489521}},{"type":"Feature","geometry":{"type":"Polygon","coordinates":[[[37.03579509236394,-1.2416054967236168],[37.03583964741221,-1.241618877662261],[37.03585307944346,-1.2415742642578895],[37.03580844250075,-1.2415608846530488],[37.03579509236394,-1.2416054967236168]]]},"id":"001a0000000000029c8e","properties":{"FID":489777}},{"type":"Feature","geometry":{"type":"Polygon","coordinates":[[[37.0321341958214,-1.2610114762400995],[37.03215647447018,-1.2610649792576947],[37.03224116603598,-1.2610248818981225],[37.03221888741314,-1.2609713789910637],[37.0321341958214,-1.2610114762400995]]]},"id":"001a000000000002f53d","properties":{"FID":492593}},{"type":"Feature","geometry":{"type":"Polygon","coordinates":[[[37.036423856576675,-1.2631250772023552],[37.03645948392892,-1.263174163908475],[37.03653082048292,-1.2631295600472785],[37.03649519316563,-1.2630760430776748],[37.036423856576675,-1.2631250772023552]]]},"id":"001a00000000000313ae","properties":{"FID":492849}},{"type":"Feature","geometry":{"type":"Polygon","coordinates":[[[37.053051824123514,-1.2369591031135478],[37.05310529386287,-1.237039375299391],[37.0531989681659,-1.2369769469918792],[37.05317219239406,-1.236932356156572],[37.053145416612345,-1.236950201377515],[37.053118722703935,-1.236910035197576],[37.053051824123514,-1.2369591031135478]]]},"id":"001a0000000000034d86","properties":{"FID":494129}},{"type":"Feature","geometry":{"type":"Polygon","coordinates":[[[37.068127994170375,-1.2638251575146715],[37.06814142023323,-1.2638564070014433],[37.06819045808808,-1.2638385249662873],[37.068177113900475,-1.2638073331980637],[37.068127994170375,-1.2638251575146715]]]},"id":"001a000000000001ef66","properties":{"FID":496433}},{"type":"Feature","geometry":{"type":"Polygon","coordinates":[[[37.03221446445043,-1.2318221815574926],[37.032259021692,-1.231889096033263],[37.03229915594872,-1.231857872842372],[37.03225009386454,-1.2317954579854797],[37.03221446445043,-1.2318221815574926]]]},"id":"001a00000000000294ad","properties":{"FID":489522}},{"type":"Feature","geometry":{"type":"Polygon","coordinates":[[[37.03724426407546,-1.241556424272281],[37.03727555027187,-1.2415921002620218],[37.03736023587734,-1.241525189131363],[37.03732903161833,-1.2414895118868516],[37.03724426407546,-1.241556424272281]]]},"id":"001a000000000003526f","properties":{"FID":489778}},{"type":"Feature","geometry":{"type":"Polygon","coordinates":[[[37.02600739042333,-1.2610025770575397],[37.02604752812843,-1.261109605921449],[37.02614115538306,-1.2610694756345435],[37.02610101772959,-1.2609668776666372],[37.02600739042333,-1.2610025770575397]]]},"id":"001a000000000002fa15","properties":{"FID":492594}},{"type":"Feature","geometry":{"type":"Polygon","coordinates":[[[37.04073578604231,-1.26302253605513],[37.040753639612895,-1.2630492923427816],[37.04080269596085,-1.2630136263276344],[37.040780338063456,-1.2629868859164992],[37.04073578604231,-1.26302253605513]]]},"id":"001a00000000000231d0","properties":{"FID":492850}},{"type":"Feature","geometry":{"type":"Polygon","coordinates":[[[37.05295814963073,-1.2367896679217953],[37.05297600019899,-1.2368342271223485],[37.05301612301987,-1.2368208855600697],[37.05300277604314,-1.236771827039821],[37.05295814963073,-1.2367896679217953]]]},"id":"001a000000000001e2c3","properties":{"FID":494130}},{"type":"Feature","geometry":{"type":"Polygon","coordinates":[[[37.03162579847833,-1.2318444750692505],[37.03166151008807,-1.2318891057198804],[37.031728428355464,-1.2318400369814557],[37.031692716778565,-1.231795465433033],[37.03162579847833,-1.2318444750692505]]]},"id":"001a0000000000027d95","properties":{"FID":489523}},{"type":"Feature","geometry":{"type":"Polygon","coordinates":[[[37.03568804547283,-1.2414137319049228],[37.03570590028275,-1.2414493919237066],[37.03574603263769,-1.2414271295089965],[37.03572817783762,-1.2413914104931039],[37.03568804547283,-1.2414137319049228]]]},"id":"001a000000000001de92","properties":{"FID":489779}},{"type":"Feature","geometry":{"type":"Polygon","coordinates":[[[37.03229915594872,-1.2609669159102777],[37.03233929018331,-1.2610650162856423],[37.032432909342404,-1.2610248889572382],[37.03238835220735,-1.2609267440663952],[37.03229915594872,-1.2609669159102777]]]},"id":"001a0000000000036fa6","properties":{"FID":492595}},{"type":"Feature","geometry":{"type":"Polygon","coordinates":[[[37.04480243772581,-1.262991345647935],[37.04483372066994,-1.2630358919533544],[37.04489161864881,-1.2629957688388809],[37.044860417622075,-1.2629512212420473],[37.04480243772581,-1.262991345647935]]]},"id":"001a0000000000027161","properties":{"FID":492851}},{"type":"Feature","geometry":{"type":"Polygon","coordinates":[[[37.053377309293545,-1.2367405855582858],[37.053390738084325,-1.2368074643537064],[37.05345755446985,-1.2367896750878988],[37.05343978590274,-1.2367227490598864],[37.053377309293545,-1.2367405855582858]]]},"id":"001a0000000000023862","properties":{"FID":494131}},{"type":"Feature","geometry":{"type":"Polygon","coordinates":[[[37.03108184952162,-1.2318177644816302],[37.03118882128354,-1.231862361360445],[37.0312200281768,-1.2317776327275891],[37.03111305646076,-1.2317374624169408],[37.03108184952162,-1.2318177644816302]]]},"id":"001a000000000002f058","properties":{"FID":489524}},{"type":"Feature","geometry":{"type":"Polygon","coordinates":[[[37.03320880522514,-1.2609044428740495],[37.03324893895786,-1.2609312443019183],[37.033271217265245,-1.2608999808944774],[37.03323108354481,-1.2608732385535328],[37.03320880522514,-1.2609044428740495]]]},"id":"001a0000000000019eeb","properties":{"FID":492596}},{"type":"Feature","geometry":{"type":"Polygon","coordinates":[[[37.04047715446855,-1.2629868479803266],[37.04052170664818,-1.2630715788937803],[37.04059312111444,-1.2630314652094148],[37.04054848708124,-1.262946735814116],[37.04047715446855,-1.2629868479803266]]]},"id":"001a00000000000335aa","properties":{"FID":492852}},{"type":"Feature","geometry":{"type":"Polygon","coordinates":[[[37.05053690048734,-1.2353404340544134],[37.05056809907699,-1.235407318652799],[37.050661694765566,-1.2353672014427803],[37.0506304962161,-1.2352958320534921],[37.05053690048734,-1.2353404340544134]]]},"id":"001a0000000000027603","properties":{"FID":494132}},{"type":"Feature","geometry":{"type":"Polygon","coordinates":[[[37.031795264654114,-1.2316884516603102],[37.03181754340668,-1.2317240927247952],[37.03188003854751,-1.2316839491684568],[37.031857677906956,-1.231652735990679],[37.031795264654114,-1.2316884516603102]]]},"id":"001a0000000000020f25","properties":{"FID":489525}},{"type":"Feature","geometry":{"type":"Polygon","coordinates":[[[37.025044160775025,-1.2608866444384703],[37.02507545221829,-1.2609758028654765],[37.025111085128145,-1.2609624511055015],[37.02507987561495,-1.2608732323139713],[37.025044160775025,-1.2608866444384703]]]},"id":"001a0000000000024e87","properties":{"FID":492597}},{"type":"Feature","geometry":{"type":"Polygon","coordinates":[[[37.043442435565865,-1.2630716140828429],[37.04347814137325,-1.2631162058296472],[37.04364307576963,-1.2629823949944918],[37.04361187420696,-1.2629377876166852],[37.043442435565865,-1.2630716140828429]]]},"id":"001a0000000000039e01","properties":{"FID":492853}},{"type":"Feature","geometry":{"type":"Polygon","coordinates":[[[37.053560153530455,-1.2323350201227408],[37.053582425613854,-1.2323706515750779],[37.05364039850479,-1.2323305311447825],[37.053618126439154,-1.2322993251126613],[37.053560153530455,-1.2323350201227408]]]},"id":"001a00000000000298e2","properties":{"FID":494133}},{"type":"Feature","geometry":{"type":"Polygon","coordinates":[[[37.029864522726356,-1.2316705888966704],[37.029882297056346,-1.2317152161358622],[37.02994471195027,-1.2316973241060922],[37.02992693763554,-1.2316483293368043],[37.029864522726356,-1.2316705888966704]]]},"id":"001a0000000000019abb","properties":{"FID":489526}},{"type":"Feature","geometry":{"type":"Polygon","coordinates":[[[37.03041298576558,-1.260859875452925],[37.03042191381849,-1.2609000144521822],[37.03046196717999,-1.2608866492148596],[37.03045312104069,-1.26085093929232],[37.03041298576558,-1.260859875452925]]]},"id":"001a000000000001eecc","properties":{"FID":492598}},{"type":"Feature","geometry":{"type":"Polygon","coordinates":[[[37.044762310369386,-1.262937791395371],[37.04478466704212,-1.262977938134573],[37.04483814286514,-1.2629467483929584],[37.04481586810137,-1.2629066003478195],[37.044762310369386,-1.262937791395371]]]},"id":"001a00000000000292c6","properties":{"FID":492854}},{"type":"Feature","geometry":{"type":"Polygon","coordinates":[[[37.053899065119666,-1.2320629950673163],[37.0539034867632,-1.2320986798691274],[37.0539525342354,-1.23208974118153],[37.0539525342354,-1.2320585279647656],[37.053899065119666,-1.2320629950673163]]]},"id":"001a000000000001dcca","properties":{"FID":494134}},{"type":"Feature","geometry":{"type":"Polygon","coordinates":[[[37.02889683905636,-1.231666149749193],[37.028919118696464,-1.2317017921426523],[37.028972688097326,-1.2316750719824578],[37.02895040847362,-1.2316349439522871],[37.02889683905636,-1.231666149749193]]]},"id":"001a000000000002523b","properties":{"FID":489527}},{"type":"Feature","geometry":{"type":"Polygon","coordinates":[[[37.02698387716709,-1.2608420525118693],[37.02705079973654,-1.2610114906778902],[37.02710879378615,-1.2609892022261797],[37.02704187127,-1.260819764279498],[37.02698387716709,-1.2608420525118693]]]},"id":"001a000000000002eb0a","properties":{"FID":492599}},{"type":"Feature","geometry":{"type":"Polygon","coordinates":[[[37.044851491341625,-1.2628620046120513],[37.04488719645686,-1.2629244329282283],[37.04493182782624,-1.2628977021299836],[37.04489612273293,-1.262835273887235],[37.044851491341625,-1.2628620046120513]]]},"id":"001a000000000002cbaf","properties":{"FID":492855}},{"type":"Feature","geometry":{"type":"Polygon","coordinates":[[[37.050612645071546,-1.2321700305468908],[37.05067512405832,-1.232268089071552],[37.050880248008085,-1.2321432647384738],[37.050817769197685,-1.232040722247145],[37.050612645071546,-1.2321700305468908]]]},"id":"001a000000000003a0b2","properties":{"FID":494135}},{"type":"Feature","geometry":{"type":"Polygon","coordinates":[[[37.02658258619711,-1.2316483003362722],[37.02660937176249,-1.2317062408533166],[37.02668071797571,-1.2316750411479729],[37.02665393243658,-1.2316171007273355],[37.02658258619711,-1.2316483003362722]]]},"id":"001a0000000000033455","properties":{"FID":489528}},{"type":"Feature","geometry":{"type":"Polygon","coordinates":[[[37.02675206411898,-1.2608420592286718],[37.02680104799774,-1.2609713292358131],[37.02688582770999,-1.2609401485742404],[37.02683676197552,-1.2608108210925213],[37.02675206411898,-1.2608420592286718]]]},"id":"001a0000000000033117","properties":{"FID":492600}},{"type":"Feature","geometry":{"type":"Polygon","coordinates":[[[37.03697677473681,-1.2628397263292124],[37.03699462923035,-1.2628843231655051],[37.037048110783395,-1.2628575610331758],[37.03703025630299,-1.2628173945462495],[37.03697677473681,-1.2628397263292124]]]},"id":"001a000000000002651b","properties":{"FID":492856}},{"type":"Feature","geometry":{"type":"Polygon","coordinates":[[[37.05100954540179,-1.231786538960665],[37.05107194216179,-1.231884656502612],[37.05121016471488,-1.2317910135598629],[37.051183470095374,-1.231755335186243],[37.05121466840739,-1.2317329968928146],[37.05117454459158,-1.2316750553132612],[37.05100954540179,-1.231786538960665]]]},"id":"001a0000000000039c97","properties":{"FID":494136}},{"type":"Feature","geometry":{"type":"Polygon","coordinates":[[[37.03179526465411,-1.2316170964393307],[37.03181312041958,-1.2316616621602605],[37.03186660578258,-1.231639370774966],[37.031848750030235,-1.2315948051091603],[37.03179526465411,-1.2316170964393307]]]},"id":"001a000000000002791a","properties":{"FID":489529}},{"type":"Feature","geometry":{"type":"Polygon","coordinates":[[[37.03176405800761,-1.260828651410513],[37.03178633676973,-1.2609178333952273],[37.03186660578258,-1.2608955309131518],[37.03184432704504,-1.2608063490725925],[37.03176405800761,-1.260828651410513]]]},"id":"001a000000000002ff45","properties":{"FID":492601}},{"type":"Feature","geometry":{"type":"Polygon","coordinates":[[[37.04230540935387,-1.2627772945408198],[37.042323180643656,-1.2628129705530957],[37.04236330934656,-1.2627951149100005],[37.042345538066584,-1.2627594389310728],[37.04230540935387,-1.2627772945408198]]]},"id":"001a000000000001aa72","properties":{"FID":492857}},{"type":"Feature","geometry":{"type":"Polygon","coordinates":[[[37.054260247003214,-1.2316170843167646],[37.05430036911477,-1.2316795077337765],[37.05433156608824,-1.2316572293512948],[37.05429144399391,-1.2315948059895485],[37.054260247003214,-1.2316170843167646]]]},"id":"001a000000000002f7ca","properties":{"FID":494137}},{"type":"Feature","geometry":{"type":"Polygon","coordinates":[[[37.028883487651115,-1.2316126559953209],[37.02889683905636,-1.2316527517066758],[37.02895925479561,-1.2316349185931923],[37.02895040847362,-1.2315948089271538],[37.028883487651115,-1.2316126559953209]]]},"id":"001a000000000001e7a0","properties":{"FID":489530}},{"type":"Feature","geometry":{"type":"Polygon","coordinates":[[[37.03410509267956,-1.260788498571189],[37.034118443126566,-1.2608331105207717],[37.0341764315428,-1.2608197435175688],[37.034167503950655,-1.2607751763491089],[37.03410509267956,-1.260788498571189]]]},"id":"001a0000000000024a61","properties":{"FID":492602}},{"type":"Feature","geometry":{"type":"Polygon","coordinates":[[[37.03797113230894,-1.262768377392056],[37.03804246738014,-1.2628932463541318],[37.03808710295166,-1.2628664543893333],[37.03801568602407,-1.2627460762303526],[37.03797113230894,-1.262768377392056]]]},"id":"001a0000000000035e33","properties":{"FID":492858}},{"type":"Feature","geometry":{"type":"Polygon","coordinates":[[[37.05403277877628,-1.2314164470749254],[37.05405513259688,-1.2314565604998506],[37.054090751307804,-1.2314387537860365],[37.05407298289557,-1.231398566010655],[37.05403277877628,-1.2314164470749254]]]},"id":"001a00000000000239aa","properties":{"FID":494138}},{"type":"Feature","geometry":{"type":"Polygon","coordinates":[[[37.03140284624316,-1.2315591262352128],[37.031416279093726,-1.2316037048020543],[37.03147418775645,-1.2315858862434697],[37.03145641381536,-1.2315412600625846],[37.03140284624316,-1.2315591262352128]]]},"id":"001a000000000001c80f","properties":{"FID":489531}},{"type":"Feature","geometry":{"type":"Polygon","coordinates":[[[37.031621375479574,-1.2606859410571731],[37.0316303033842,-1.260730568639613],[37.03168829378388,-1.2607216317302374],[37.03168378888161,-1.2606815383181176],[37.031621375479574,-1.2606859410571731]]]},"id":"001a000000000002b9d7","properties":{"FID":492603}},{"type":"Feature","geometry":{"type":"Polygon","coordinates":[[[37.044771236660786,-1.2627237694380822],[37.04478908924031,-1.2627683616632464],[37.044842646952574,-1.2627505194859971],[37.0448247943862,-1.2627059273111172],[37.044771236660786,-1.2627237694380822]]]},"id":"001a0000000000025c10","properties":{"FID":492859}},{"type":"Feature","geometry":{"type":"Polygon","coordinates":[[[37.0514242126283,-1.2315056129885074],[37.05145549272198,-1.2315457600760271],[37.051629334463165,-1.2314164334240505],[37.05159813632922,-1.2313762852023986],[37.0514242126283,-1.2315056129885074]]]},"id":"001a0000000000033577","properties":{"FID":494139}},{"type":"Feature","geometry":{"type":"Polygon","coordinates":[[[37.02593153829162,-1.2315457626577997],[37.02594939549605,-1.2315858458262632],[37.02601631901679,-1.2315591446133793],[37.02599395657423,-1.231514530640379],[37.02593153829162,-1.2315457626577997]]]},"id":"001a000000000002a6f0","properties":{"FID":489532}},{"type":"Feature","geometry":{"type":"Polygon","coordinates":[[[37.027385247836435,-1.2606815041731223],[37.02740310468416,-1.2607394549175546],[37.0274343132011,-1.2607305485747935],[37.02741645636103,-1.2606725978668163],[37.027385247836435,-1.2606815041731223]]]},"id":"001a000000000001e3b8","properties":{"FID":492604}},{"type":"Feature","geometry":{"type":"Polygon","coordinates":[[[37.043857145972304,-1.2627862219265533],[37.0438883474297,-1.2628307699560744],[37.04396860308534,-1.262777280643929],[37.043910622477696,-1.2626881112665749],[37.04387499877634,-1.2627148695029502],[37.04390177797416,-1.2627550020321683],[37.043857145972304,-1.2627862219265533]]]},"id":"001a0000000000033fe3","properties":{"FID":492860}},{"type":"Feature","geometry":{"type":"Polygon","coordinates":[[[37.05405513259688,-1.2312469823714698],[37.0540595542309,-1.2313406070136772],[37.05410417996669,-1.2313406501573263],[37.05409967645332,-1.2312425426962874],[37.05405513259688,-1.2312469823714698]]]},"id":"001a0000000000024f77","properties":{"FID":494140}},{"type":"Feature","geometry":{"type":"Polygon","coordinates":[[[37.0314474858894,-1.23160815658935],[37.03147418775646,-1.2316483296275154],[37.03153217828057,-1.2316037145394672],[37.03157231293828,-1.231657244399635],[37.03160802457428,-1.231630460480147],[37.03150989944062,-1.231496718210706],[37.03145641381536,-1.2315368335559365],[37.031487620593836,-1.231581419028803],[37.0314474858894,-1.23160815658935]]]},"id":"001a0000000000037d4a","properties":{"FID":489533}},{"type":"Feature","geometry":{"type":"Polygon","coordinates":[[[37.03218768094835,-1.2606681555939439],[37.03221888741314,-1.2607974746836998],[37.03225459873174,-1.260788553066008],[37.03222339228227,-1.2606592340659406],[37.03218768094835,-1.2606681555939439]]]},"id":"001a000000000002e57d","properties":{"FID":492605}},{"type":"Feature","geometry":{"type":"Polygon","coordinates":[[[37.04048157692877,-1.2626390414778343],[37.040530633460286,-1.2627237558888502],[37.040570763152616,-1.2627014698986634],[37.04052170664817,-1.2626123255065462],[37.04048157692877,-1.2626390414778343]]]},"id":"001a000000000002a4ec","properties":{"FID":492861}},{"type":"Feature","geometry":{"type":"Polygon","coordinates":[[[37.06023541349605,-1.2397727887457242],[37.060271111051065,-1.2398263204683355],[37.06032457547564,-1.2397861444196232],[37.060288959821996,-1.2397370964175292],[37.06023541349605,-1.2397727887457242]]]},"id":"001a0000000000020a77","properties":{"FID":494141}},{"type":"Feature","geometry":{"type":"Polygon","coordinates":[[[37.03166593308439,-1.2315234627310545],[37.03171057256921,-1.231608140956218],[37.03176405800761,-1.23158584961669],[37.031719500462884,-1.2314966846593682],[37.03166593308439,-1.2315234627310545]]]},"id":"001a000000000001a8d1","properties":{"FID":489534}},{"type":"Feature","geometry":{"type":"Polygon","coordinates":[[[37.02913765539291,-1.2606503016868884],[37.02917328631379,-1.2607484209898674],[37.029208999127334,-1.2607350095976488],[37.02922235047284,-1.2607707042963165],[37.02930262231448,-1.2607439119318964],[37.02927141459882,-1.2606502679995868],[37.029240206869765,-1.2606592331884194],[37.029226855527526,-1.2606191081564486],[37.02913765539291,-1.2606503016868884]]]},"id":"001a0000000000030550","properties":{"FID":492606}},{"type":"Feature","geometry":{"type":"Polygon","coordinates":[[[37.04137785664983,-1.26263016526069],[37.04140021436347,-1.2626613353046714],[37.041431416875405,-1.262639079892454],[37.04140914106774,-1.2626078494469413],[37.04137785664983,-1.26263016526069]]]},"id":"001a000000000001d560","properties":{"FID":492862}},{"type":"Feature","geometry":{"type":"Polygon","coordinates":[[[37.0595353776206,-1.2394561701502032],[37.05955314469646,-1.2395052148027113],[37.05961111282159,-1.2394873903622836],[37.059593345759914,-1.2394339198060658],[37.0595353776206,-1.2394561701502032]]]},"id":"001a000000000002dfb7","properties":{"FID":494142}},{"type":"Feature","geometry":{"type":"Polygon","coordinates":[[[37.026462173900676,-1.2314699342345692],[37.0264800309749,-1.2315234744753196],[37.02658258619711,-1.2314877556408506],[37.02656030584164,-1.2314342872053936],[37.026462173900676,-1.2314699342345692]]]},"id":"001a0000000000030548","properties":{"FID":489535}},{"type":"Feature","geometry":{"type":"Polygon","coordinates":[[[37.03362799687597,-1.260623520794673],[37.033641347410544,-1.2606592133626557],[37.03368590377814,-1.2606369136702817],[37.03367255325173,-1.2606057104001194],[37.03362799687597,-1.260623520794673]]]},"id":"001a000000000001f11b","properties":{"FID":492607}},{"type":"Feature","geometry":{"type":"Polygon","coordinates":[[[37.03847498081969,-1.2625632412051444],[37.03849733942596,-1.2625989016381907],[37.03853747024048,-1.2625766152674205],[37.038515111646554,-1.2625409548701836],[37.03847498081969,-1.2625632412051444]]]},"id":"001a0000000000029608","properties":{"FID":492863}},{"type":"Feature","geometry":{"type":"Polygon","coordinates":[[[37.059664659607925,-1.2393759259113775],[37.05969585427718,-1.2394294131010193],[37.059740476549784,-1.23940265976993],[37.05970928189971,-1.2393491726431312],[37.059664659607925,-1.2393759259113775]]]},"id":"001a0000000000020e8c","properties":{"FID":494143}},{"type":"Feature","geometry":{"type":"Polygon","coordinates":[[[37.0304174088378,-1.2314119674746828],[37.03044861606194,-1.2314476413134998],[37.03049767936101,-1.2313985671970318],[37.03046647215792,-1.231367378973617],[37.0304174088378,-1.2314119674746828]]]},"id":"001a0000000000027684","properties":{"FID":489536}},{"type":"Feature","geometry":{"type":"Polygon","coordinates":[[[37.02478113190726,-1.2606190815758924],[37.02479898939395,-1.2606636830046403],[37.02489704166249,-1.260632459346793],[37.02487918419986,-1.2605834273290848],[37.02478113190726,-1.2606190815758924]]]},"id":"001a0000000000025379","properties":{"FID":492608}},{"type":"Feature","geometry":{"type":"Polygon","coordinates":[[[37.04374118453297,-1.2625320434224716],[37.04377238604013,-1.2625855691765846],[37.04380809168544,-1.2625677285237202],[37.04377238604013,-1.2625097296986503],[37.04374118453297,-1.2625320434224716]]]},"id":"001a0000000000020ebf","properties":{"FID":492864}},{"type":"Feature","geometry":{"type":"Polygon","coordinates":[[[37.059321271733175,-1.2393581054635383],[37.05933469942498,-1.2393981920137593],[37.05939708903358,-1.2393714435338639],[37.05937924004342,-1.2393313112163722],[37.059321271733175,-1.2393581054635383]]]},"id":"001a000000000001cf25","properties":{"FID":494144}},{"type":"Feature","geometry":{"type":"Polygon","coordinates":[[[37.0259672526961,-1.2313763159848365],[37.02603859953881,-1.2315190012244273],[37.026123298225684,-1.2314744229190187],[37.02605195146601,-1.2313316789602595],[37.0259672526961,-1.2313763159848365]]]},"id":"001a00000000000325e0","properties":{"FID":489537}},{"type":"Feature","geometry":{"type":"Polygon","coordinates":[[[37.03215647447017,-1.260614624047173],[37.03217433014699,-1.2606681408599651],[37.03231250672719,-1.260627983864166],[37.03229473299091,-1.2605744658417735],[37.03215647447017,-1.260614624047173]]]},"id":"001a000000000002b04b","properties":{"FID":492609}},{"type":"Feature","geometry":{"type":"Polygon","coordinates":[[[37.03960314001195,-1.2623938050425942],[37.039620993860645,-1.2624294806251901],[37.0396567015449,-1.2624116392736788],[37.03963434329512,-1.262375979523684],[37.03960314001195,-1.2623938050425942]]]},"id":"001a00000000000235c0","properties":{"FID":492865}},{"type":"Feature","geometry":{"type":"Polygon","coordinates":[[[37.05915629104893,-1.2383904623676858],[37.059232108521584,-1.238510847683775],[37.05928565558741,-1.2384796419878004],[37.05920983817066,-1.2383592568370023],[37.05915629104893,-1.2383904623676858]]]},"id":"001a0000000000020760","properties":{"FID":494145}},{"type":"Feature","geometry":{"type":"Polygon","coordinates":[[[37.02909751939216,-1.2313584620731284],[37.029124304031846,-1.2313985757820485],[37.029159934959274,-1.2313718517527021],[37.029133232242884,-1.2313316777361543],[37.02909751939216,-1.2313584620731284]]]},"id":"001a0000000000028395","properties":{"FID":489538}},{"type":"Feature","geometry":{"type":"Polygon","coordinates":[[[37.04420052505343,-1.2621842548374962],[37.04422280000576,-1.262210994999939],[37.04426734988995,-1.2621708587943978],[37.04424957907545,-1.2621441028687808],[37.04420052505343,-1.2621842548374962]]]},"id":"001a000000000002c703","properties":{"FID":492866}},{"type":"Feature","geometry":{"type":"Polygon","coordinates":[[[37.06368227533361,-1.2381942839450013],[37.06370904723042,-1.238229959756207],[37.06374024016197,-1.2382076179438],[37.063713550147874,-1.2381719408273038],[37.06368227533361,-1.2381942839450013]]]},"id":"001a000000000001dec3","properties":{"FID":494146}},{"type":"Feature","geometry":{"type":"Polygon","coordinates":[[[37.02913765539291,-1.2313183262257774],[37.029159934959274,-1.2313629395052035],[37.02920007092559,-1.2313406281476764],[37.02917779137152,-1.2313005005389304],[37.02913765539291,-1.2313183262257774]]]},"id":"001a000000000001e7c1","properties":{"FID":489539}},{"type":"Feature","geometry":{"type":"Polygon","coordinates":[[[37.0242192741598,-1.260552193969917],[37.024237131784325,-1.260627987910165],[37.02431732720929,-1.2606056854946899],[37.02429955152006,-1.2605298903183169],[37.0242192741598,-1.260552193969917]]]},"id":"001a00000000000264cd","properties":{"FID":492611}},{"type":"Feature","geometry":{"type":"Polygon","coordinates":[[[37.04427185401275,-1.2621129012759873],[37.04430305529214,-1.2621619373035509],[37.044387814605514,-1.2621128639764865],[37.044356531469475,-1.2620638294158695],[37.04427185401275,-1.2621129012759873]]]},"id":"001a0000000000026d03","properties":{"FID":492867}},{"type":"Feature","geometry":{"type":"Polygon","coordinates":[[[37.05923661171671,-1.2381898122798283],[37.05926330337666,-1.2382656189821364],[37.059321271733175,-1.2382433112188287],[37.05929458009454,-1.2381719894395886],[37.05923661171671,-1.2381898122798283]]]},"id":"001a0000000000026b02","properties":{"FID":494147}},{"type":"Feature","geometry":{"type":"Polygon","coordinates":[[[37.02863824729329,-1.2313094215291238],[37.02866495019132,-1.2313807593352486],[37.02874522264786,-1.2313540199564703],[37.02871851977929,-1.2312826822715701],[37.02863824729329,-1.2313094215291238]]]},"id":"001a0000000000021a55","properties":{"FID":489540}},{"type":"Feature","geometry":{"type":"Polygon","coordinates":[[[37.03330242326521,-1.260507595008032],[37.03331585576502,-1.2605655554128123],[37.03341840135252,-1.2605388084295157],[37.03340505077703,-1.2604808467830348],[37.03330242326521,-1.260507595008032]]]},"id":"001a0000000000034dcf","properties":{"FID":492612}},{"type":"Feature","geometry":{"type":"Polygon","coordinates":[[[37.040454878368486,-1.2620994931381713],[37.04058861676371,-1.2622422204222934],[37.040628746424034,-1.262202037774835],[37.040499430561766,-1.2620593553100745],[37.040454878368486,-1.2620994931381713]]]},"id":"001a00000000000393cf","properties":{"FID":492868}},{"type":"Feature","geometry":{"type":"Polygon","coordinates":[[[37.05940159221847,-1.2381719549058932],[37.05941493801935,-1.2382165853789417],[37.059459560464596,-1.2382031700393894],[37.05944613279588,-1.2381585999538633],[37.05940159221847,-1.2381719549058932]]]},"id":"001a000000000002b885","properties":{"FID":494148}},{"type":"Feature","geometry":{"type":"Polygon","coordinates":[[[37.024009651533255,-1.2312425319694178],[37.02403201458549,-1.2312960596141043],[37.02407657683757,-1.2312782202660635],[37.02405429571494,-1.231224691348169],[37.024009651533255,-1.2312425319694178]]]},"id":"001a0000000000023b14","properties":{"FID":489541}},{"type":"Feature","geometry":{"type":"Polygon","coordinates":[[[37.025490103528696,-1.2604005572439647],[37.02553466488809,-1.2605254116079405],[37.025659583994624,-1.260480864467998],[37.02561494079757,-1.2603560118025374],[37.025490103528696,-1.2604005572439647]]]},"id":"001a0000000000038658","properties":{"FID":492613}},{"type":"Feature","geometry":{"type":"Polygon","coordinates":[[[37.04128867141604,-1.2620415145814572],[37.04134665411492,-1.262130744847811],[37.04145369267626,-1.262063816205051],[37.04139571006274,-1.2619746452563474],[37.04128867141604,-1.2620415145814572]]]},"id":"001a0000000000038756","properties":{"FID":492869}},{"type":"Feature","geometry":{"type":"Polygon","coordinates":[[[37.063726895156144,-1.2381675335417874],[37.06378936286164,-1.2382700725246925],[37.06382055575866,-1.238247789698797],[37.06375366703651,-1.2381452049296535],[37.063726895156144,-1.2381675335417874]]]},"id":"001a00000000000222d2","properties":{"FID":494149}},{"type":"Feature","geometry":{"type":"Polygon","coordinates":[[[37.02614115538306,-1.2312470101122606],[37.02616785919739,-1.2313406020301338],[37.026265991535205,-1.2313093819492769],[37.02623920584344,-1.2312202183097773],[37.02614115538306,-1.2312470101122606]]]},"id":"001a0000000000020231","properties":{"FID":489542}},{"type":"Feature","geometry":{"type":"Polygon","coordinates":[[[37.02977974648445,-1.260360474012211],[37.02978867461506,-1.2604540727593119],[37.029837738359156,-1.2604496554088507],[37.02982881023456,-1.2603559976602496],[37.02977974648445,-1.260360474012211]]]},"id":"001a00000000000353bf","properties":{"FID":492614}},{"type":"Feature","geometry":{"type":"Polygon","coordinates":[[[37.04538665676911,-1.2619434075807043],[37.04544905835739,-1.2620326184543678],[37.04554716468313,-1.2619657235833999],[37.04548468128731,-1.2618720846166478],[37.04538665676911,-1.2619434075807043]]]},"id":"001a000000000002762f","properties":{"FID":492870}},{"type":"Feature","geometry":{"type":"Polygon","coordinates":[[[37.05937039742281,-1.2380649463466218],[37.05938374322942,-1.2381006070937564],[37.05941944120315,-1.238087219429057],[37.05940159221847,-1.2380515731597739],[37.05937039742281,-1.2380649463466218]]]},"id":"001a000000000001e8c8","properties":{"FID":494150}},{"type":"Feature","geometry":{"type":"Polygon","coordinates":[[[37.02828152512362,-1.2311577910575355],[37.028321661574445,-1.2312024104179422],[37.02835286969745,-1.2311800666407342],[37.028312733263824,-1.2311310206870032],[37.02828152512362,-1.2311577910575355]]]},"id":"001a0000000000023d28","properties":{"FID":489543}},{"type":"Feature","geometry":{"type":"Polygon","coordinates":[[[37.029481022069916,-1.2603738176973198],[37.029494373365516,-1.2604630311947966],[37.02958799618547,-1.2604451741245088],[37.02957464490706,-1.260356019849379],[37.029481022069916,-1.2603738176973198]]]},"id":"001a00000000000242e9","properties":{"FID":492615}},{"type":"Feature","geometry":{"type":"Polygon","coordinates":[[[37.04050835737662,-1.2619434366210163],[37.040535137814615,-1.2619746512288534],[37.04061089282279,-1.2619077697581114],[37.04058861676371,-1.2618810284789166],[37.04050835737662,-1.2619434366210163]]]},"id":"001a000000000002a560","properties":{"FID":492871}},{"type":"Feature","geometry":{"type":"Polygon","coordinates":[[[37.05940159221847,-1.2380426625671863],[37.059428365693826,-1.2380872508719998],[37.05951302548672,-1.2380247939360631],[37.05948633391858,-1.2379846891942556],[37.05940159221847,-1.2380426625671863]]]},"id":"001a0000000000035351","properties":{"FID":494151}},{"type":"Feature","geometry":{"type":"Polygon","coordinates":[[[37.02714442570047,-1.2311176657361813],[37.02716228260729,-1.2311712050284105],[37.02721134812229,-1.2311533524693339],[37.02719349122751,-1.231104298946205],[37.02714442570047,-1.2311176657361813]]]},"id":"001a000000000001acfd","properties":{"FID":489544}},{"type":"Feature","geometry":{"type":"Polygon","coordinates":[[[37.0294230299109,-1.2603559948413519],[37.02942753495316,-1.260400578512106],[37.029472093901546,-1.2603961177827563],[37.029472093901546,-1.2603560079460736],[37.0294230299109,-1.2603559948413519]]]},"id":"001a000000000002589f","properties":{"FID":492616}},{"type":"Feature","geometry":{"type":"Polygon","coordinates":[[[37.037948855441144,-1.2618230541502657],[37.03798448204631,-1.2618899180992054],[37.03802019053419,-1.2618720769404195],[37.03798448204631,-1.2618052144102385],[37.037948855441144,-1.2618230541502657]]]},"id":"001a000000000001fa06","properties":{"FID":492872}},{"type":"Feature","geometry":{"type":"Polygon","coordinates":[[[37.06455182476928,-1.2377884683866944],[37.06459194119465,-1.2378107674097216],[37.064618712755966,-1.2377751039901455],[37.06457409348162,-1.2377483349575826],[37.06455182476928,-1.2377884683866944]]]},"id":"001a0000000000019a65","properties":{"FID":494152}},{"type":"Feature","geometry":{"type":"Polygon","coordinates":[[[37.02842421420133,-1.2310418623880415],[37.02850448692345,-1.231171176444529],[37.028562397903706,-1.2311310477205706],[37.028482207156394,-1.2310017325473455],[37.02842421420133,-1.2310418623880415]]]},"id":"001a000000000002858c","properties":{"FID":489545}},{"type":"Feature","geometry":{"type":"Polygon","coordinates":[[[37.02417913544647,-1.2603426082763918],[37.02420141653088,-1.2603961159190018],[37.024237131784325,-1.26038276316095],[37.02421476879511,-1.2603247671602906],[37.02417913544647,-1.2603426082763918]]]},"id":"001a0000000000020400","properties":{"FID":492617}},{"type":"Feature","geometry":{"type":"Polygon","coordinates":[[[37.04239459334039,-1.261831942968823],[37.04242129118835,-1.261876565816307],[37.04247485064519,-1.2618408866933755],[37.0424480709217,-1.2618007541897318],[37.04239459334039,-1.261831942968823]]]},"id":"001a0000000000020bb8","properties":{"FID":492873}},{"type":"Feature","geometry":{"type":"Polygon","coordinates":[[[37.06383390074726,-1.23629022923109],[37.06387401756939,-1.2363704703907183],[37.06393198224464,-1.2363392567927043],[37.06389186545455,-1.236259015751693],[37.06383390074726,-1.23629022923109]]]},"id":"001a0000000000031f49","properties":{"FID":494153}},{"type":"Feature","geometry":{"type":"Polygon","coordinates":[[[37.02821910880303,-1.2310195701929993],[37.02825924528829,-1.231108750853387],[37.028330589883964,-1.2310730671824177],[37.02829045343806,-1.2309883723136652],[37.02821910880303,-1.2310195701929993]]]},"id":"001a0000000000034260","properties":{"FID":489546}},{"type":"Feature","geometry":{"type":"Polygon","coordinates":[[[37.029846666482655,-1.260355996804315],[37.02986894583193,-1.2604585300855509],[37.03002498299498,-1.2604228612877535],[37.029998280596054,-1.2603158531813308],[37.029846666482655,-1.260355996804315]]]},"id":"001a0000000000035026","properties":{"FID":492618}},{"type":"Feature","geometry":{"type":"Polygon","coordinates":[[[37.040882955023015,-1.2619122272745391],[37.040909653426105,-1.2619702000258015],[37.04095870966879,-1.2619478848138008],[37.04097214075451,-1.2619746548380124],[37.04105682205486,-1.261930070452007],[37.040985489940894,-1.2617828821987258],[37.04088737745855,-1.2618319421715862],[37.04091858019059,-1.2618988180001924],[37.040882955023015,-1.2619122272745391]]]},"id":"001a000000000003755b","properties":{"FID":492874}},{"type":"Feature","geometry":{"type":"Polygon","coordinates":[[[37.05838935110558,-1.233565702293336],[37.05839827572287,-1.2336682824345289],[37.0585186351333,-1.2336593636173594],[37.05850979240789,-1.2335523570762748],[37.05838935110558,-1.233565702293336]]]},"id":"001a00000000000349c1","properties":{"FID":494154}},{"type":"Feature","geometry":{"type":"Polygon","coordinates":[[[37.02850448692345,-1.2309928134770052],[37.02852226158566,-1.2310373817350129],[37.028589182740376,-1.2310061965738441],[37.028571326183695,-1.2309616297155144],[37.02850448692345,-1.2309928134770052]]]},"id":"001a0000000000019bf9","properties":{"FID":489547}},{"type":"Feature","geometry":{"type":"Polygon","coordinates":[[[37.03352987446694,-1.2602980247638405],[37.03354322501953,-1.2603470666413885],[37.03358786335239,-1.2603292551724983],[37.0335744309028,-1.2602846448565381],[37.03352987446694,-1.2602980247638405]]]},"id":"001a000000000001bb86","properties":{"FID":492619}},{"type":"Feature","geometry":{"type":"Polygon","coordinates":[[[37.04000001856834,-1.2618096506465433],[37.04002229480775,-1.2618453111511982],[37.04007135164915,-1.2618141358970423],[37.04005349791104,-1.2617784610318903],[37.04000001856834,-1.2618096506465433]]]},"id":"001a0000000000026fb6","properties":{"FID":492875}},{"type":"Feature","geometry":{"type":"Polygon","coordinates":[[[37.05841162170815,-1.2334631464881336],[37.05842504956815,-1.233507770774093],[37.058460666136035,-1.2334943881969966],[37.05845182340357,-1.2334498074370186],[37.05841162170815,-1.2334631464881336]]]},"id":"001a000000000001cc2e","properties":{"FID":494155}},{"type":"Feature","geometry":{"type":"Polygon","coordinates":[[[37.05677070214901,-1.2276930551866871],[37.05680189806144,-1.2277465895077064],[37.05689998905833,-1.2276841796240219],[37.05686437172503,-1.227630657965087],[37.05677070214901,-1.2276930551866871]]]},"id":"001a00000000000343c7","properties":{"FID":381003}},{"type":"Feature","geometry":{"type":"Polygon","coordinates":[[[37.02876758424499,-1.2309259294459216],[37.02878986392467,-1.2309705425318076],[37.02883442326357,-1.2309437923203845],[37.02881656676706,-1.2309036522424857],[37.02876758424499,-1.2309259294459216]]]},"id":"001a000000000002c361","properties":{"FID":489548}},{"type":"Feature","geometry":{"type":"Polygon","coordinates":[[[37.02959692433962,-1.260257886583107],[37.02962370879547,-1.2603069443393902],[37.02964598821301,-1.2602980093758656],[37.02961920376536,-1.2602445212745343],[37.02959692433962,-1.260257886583107]]]},"id":"001a000000000002ae61","properties":{"FID":492620}},{"type":"Feature","geometry":{"type":"Polygon","coordinates":[[[37.04145811507708,-1.2615599733865943],[37.041502748551856,-1.2615866971806968],[37.04153395101978,-1.2615376274392658],[37.04148939946044,-1.2615109023071451],[37.04145811507708,-1.2615599733865943]]]},"id":"001a0000000000022cf4","properties":{"FID":492876}},{"type":"Feature","geometry":{"type":"Polygon","coordinates":[[[37.057457418518304,-1.2328656077358418],[37.05747526798085,-1.2329057938366927],[37.05751538831642,-1.2328923974801373],[37.057497538863736,-1.2328522704159566],[37.057457418518304,-1.2328656077358418]]]},"id":"001a000000000002b72a","properties":{"FID":494156}},{"type":"Feature","geometry":{"type":"Polygon","coordinates":[[[37.05664583648612,-1.2260120031324788],[37.056708310283966,-1.2261100999258152],[37.0567528525133,-1.22607888170605],[37.05669488210653,-1.225985254640793],[37.05664583648612,-1.2260120031324788]]]},"id":"001a000000000001df41","properties":{"FID":381004}},{"type":"Feature","geometry":{"type":"Polygon","coordinates":[[[37.03228130030255,-1.2308590270827873],[37.0323303623657,-1.2309482351101055],[37.03238384734843,-1.2309214594173743],[37.03233486722793,-1.2308323091972546],[37.03228130030255,-1.2308590270827873]]]},"id":"001a000000000002f398","properties":{"FID":489549}},{"type":"Feature","geometry":{"type":"Polygon","coordinates":[[[37.02937396588716,-1.2602133232456119],[37.02939182224687,-1.2602846220443014],[37.02944088625857,-1.2602712849727227],[37.0294230299109,-1.2601999271722628],[37.02937396588716,-1.2602133232456119]]]},"id":"001a00000000000236fa","properties":{"FID":492621}},{"type":"Feature","geometry":{"type":"Polygon","coordinates":[[[37.03509498482305,-1.2615331740712228],[37.03512176725468,-1.261582229740819],[37.03515747714817,-1.2615599580656744],[37.035130694729695,-1.261510902443536],[37.03509498482305,-1.2615331740712228]]]},"id":"001a000000000001cdad","properties":{"FID":492877}},{"type":"Feature","geometry":{"type":"Polygon","coordinates":[[[37.062362416765886,-1.2328567279705993],[37.06239811327511,-1.232896857532161],[37.06244715501032,-1.2328567082708886],[37.062415961523136,-1.2328165646093312],[37.062362416765886,-1.2328567279705993]]]},"id":"001a00000000000198ca","properties":{"FID":494157}},{"type":"Feature","geometry":{"type":"Polygon","coordinates":[[[37.05908939802945,-1.2297353393584394],[37.05914294520051,-1.2298200753400554],[37.05918306461472,-1.2297977735813885],[37.05912959934964,-1.2297130363583169],[37.05908939802945,-1.2297353393584394]]]},"id":"001a0000000000030d84","properties":{"FID":381005}},{"type":"Feature","geometry":{"type":"Polygon","coordinates":[[[37.02761263562515,-1.2307609648661029],[37.02764384405223,-1.230809978486952],[37.02769290924254,-1.2307832141786468],[37.02766170083651,-1.2307297149821168],[37.02761263562515,-1.2307609648661029]]]},"id":"001a0000000000028012","properties":{"FID":489550}},{"type":"Feature","geometry":{"type":"Polygon","coordinates":[[[37.02943195808528,-1.2602088170481427],[37.02945423756154,-1.260280160559876],[37.029534509147354,-1.2602534282217277],[37.029512229695676,-1.2601820848323495],[37.02943195808528,-1.2602088170481427]]]},"id":"001a000000000003036b","properties":{"FID":492622}},{"type":"Feature","geometry":{"type":"Polygon","coordinates":[[[37.04116828346137,-1.2615376770162905],[37.04124411970639,-1.2615599252194307],[37.04125746884285,-1.2615064267263743],[37.041186136925745,-1.2614841627575566],[37.04116828346137,-1.2615376770162905]]]},"id":"001a000000000002cb1a","properties":{"FID":492878}},{"type":"Feature","geometry":{"type":"Polygon","coordinates":[[[37.058046039077645,-1.232482149692448],[37.05806830978548,-1.2325267474614532],[37.05813520374557,-1.2324955112124265],[37.05811293305824,-1.2324509135145505],[37.058046039077645,-1.232482149692448]]]},"id":"001a000000000002da04","properties":{"FID":494158}},{"type":"Feature","geometry":{"type":"Polygon","coordinates":[[[37.06058321828455,-1.2296996891770642],[37.060614412559154,-1.2297487395976492],[37.060645688695054,-1.2297264046034933],[37.060614412559154,-1.2296773555531892],[37.06058321828455,-1.2296996891770642]]]},"id":"001a000000000001e8b2","properties":{"FID":381006}},{"type":"Feature","geometry":{"type":"Polygon","coordinates":[[[37.02779546275553,-1.2307431299805005],[37.02784452784361,-1.2308099738093794],[37.02788908776139,-1.2307787969119164],[37.02784002270335,-1.2307118941429984],[37.02779546275553,-1.2307431299805005]]]},"id":"001a0000000000019986","properties":{"FID":489551}},{"type":"Feature","geometry":{"type":"Polygon","coordinates":[[[37.02967719576802,-1.2602043949396442],[37.02970398019433,-1.2602445327845175],[37.02976639524121,-1.2602043921960453],[37.02974411586055,-1.2601642387678287],[37.02967719576802,-1.2602043949396442]]]},"id":"001a000000000002daa3","properties":{"FID":492623}},{"type":"Feature","geometry":{"type":"Polygon","coordinates":[[[37.0350057918833,-1.2615064199831656],[37.03503707904266,-1.261533190622546],[37.0350637795921,-1.2614975416365113],[37.03503257434777,-1.2614751998864746],[37.0350057918833,-1.2615064199831656]]]},"id":"001a000000000001c521","properties":{"FID":492879}},{"type":"Feature","geometry":{"type":"Polygon","coordinates":[[[37.060248841018804,-1.2305602555379351],[37.060257683532434,-1.2306182240815249],[37.060306808588535,-1.2306137696845878],[37.06030230545978,-1.2305513650608388],[37.060248841018804,-1.2305602555379351]]]},"id":"001a000000000001c261","properties":{"FID":494159}},{"type":"Feature","geometry":{"type":"Polygon","coordinates":[[[37.05947290625482,-1.2293830567267008],[37.05951302548672,-1.2294410482459388],[37.05954872339689,-1.2294187596536055],[37.05951302548672,-1.2293563309187874],[37.05947290625482,-1.2293830567267008]]]},"id":"001a00000000000235c9","properties":{"FID":381007}},{"type":"Feature","geometry":{"type":"Polygon","coordinates":[[[37.03063143606672,-1.2305959732773297],[37.030644869059714,-1.2306316392919139],[37.030693850318,-1.2306048774965157],[37.03067607618628,-1.2305736492485386],[37.03063143606672,-1.2305959732773297]]]},"id":"001a0000000000029204","properties":{"FID":489552}},{"type":"Feature","geometry":{"type":"Polygon","coordinates":[[[37.028905767295306,-1.2601731816333426],[37.02891469553315,-1.2602801903051746],[37.02901282416693,-1.2602712967506027],[37.0290038959411,-1.2601642291674515],[37.028905767295306,-1.2601731816333426]]]},"id":"001a000000000003568e","properties":{"FID":492624}},{"type":"Feature","geometry":{"type":"Polygon","coordinates":[[[37.04397752947421,-1.2615198333445923],[37.04401765726388,-1.2615376534507514],[37.044035510028486,-1.2614930596024432],[37.04399980449489,-1.261475225101825],[37.04397752947421,-1.2615198333445923]]]},"id":"001a000000000001ca29","properties":{"FID":492880}},{"type":"Feature","geometry":{"type":"Polygon","coordinates":[[[37.053965962919854,-1.2514511640979784],[37.05397930971961,-1.2514779244428003],[37.054055132596886,-1.2514422552535283],[37.0540372822938,-1.2514110232823605],[37.053965962919854,-1.2514511640979784]]]},"id":"001a0000000000025f91","properties":{"FID":494160}},{"type":"Feature","geometry":{"type":"Polygon","coordinates":[[[37.05943720830737,-1.2293340199098783],[37.05944613279588,-1.2293741691567446],[37.05949075522195,-1.2293607623390592],[37.05948183073893,-1.2293206721248213],[37.05943720830737,-1.2293340199098783]]]},"id":"001a000000000002a189","properties":{"FID":381008}},{"type":"Feature","geometry":{"type":"Polygon","coordinates":[[[37.029253558209554,-1.2305959819448702],[37.02928034279181,-1.2306494924994897],[37.029316055552805,-1.2306316211385018],[37.029293694124235,-1.230578098010193],[37.029253558209554,-1.2305959819448702]]]},"id":"001a000000000002738d","properties":{"FID":489553}},{"type":"Feature","geometry":{"type":"Polygon","coordinates":[[[37.03212969094673,-1.260177655341572],[37.032165402309126,-1.2602712790497659],[37.03219660878347,-1.26025788416944],[37.03225009386454,-1.2603916759515137],[37.032343713138424,-1.260355980409335],[37.03225459873174,-1.2601285641030646],[37.03212969094673,-1.260177655341572]]]},"id":"001a00000000000399ba","properties":{"FID":492625}},{"type":"Feature","geometry":{"type":"Polygon","coordinates":[[[37.035630140164606,-1.2615822334936828],[37.03568804547283,-1.2616624922671074],[37.0358396474122,-1.2615554806171578],[37.035781742224685,-1.2614707919943131],[37.035630140164606,-1.2615822334936828]]]},"id":"001a0000000000035e6c","properties":{"FID":492881}},{"type":"Feature","geometry":{"type":"Polygon","coordinates":[[[37.054023935504695,-1.2513441763152966],[37.054072982895576,-1.2514288545556347],[37.05410860159773,-1.2514066004564155],[37.0540595542309,-1.2513262910891878],[37.054023935504695,-1.2513441763152966]]]},"id":"001a00000000000215ca","properties":{"FID":494161}},{"type":"Feature","geometry":{"type":"Polygon","coordinates":[[[37.059027008156484,-1.2293607818736263],[37.059053781769954,-1.2293919698599118],[37.05912509614788,-1.2293340019157994],[37.05907605216874,-1.2292716121333132],[37.0590403540262,-1.229302809011174],[37.05906270630558,-1.2293295849109223],[37.059027008156484,-1.2293607818736263]]]},"id":"001a0000000000021a21","properties":{"FID":381009}},{"type":"Feature","geometry":{"type":"Polygon","coordinates":[[[37.025659583994624,-1.230448792184058],[37.025699721891534,-1.230515664026516],[37.02575321174833,-1.2304844602334704],[37.02570856860869,-1.2304176024130553],[37.025659583994624,-1.230448792184058]]]},"id":"001a0000000000021f0f","properties":{"FID":489554}},{"type":"Feature","geometry":{"type":"Polygon","coordinates":[[[37.029008319098985,-1.2601687043426049],[37.02904403199349,-1.2602534119183317],[37.02921792732798,-1.2601820632548748],[37.02918221451882,-1.2600973560155528],[37.029008319098985,-1.2601687043426049]]]},"id":"001a0000000000039bc8","properties":{"FID":492626}},{"type":"Feature","geometry":{"type":"Polygon","coordinates":[[[37.04023187129953,-1.261537638366712],[37.04030770852129,-1.2616357275543442],[37.04039689495841,-1.2615688600518233],[37.04031663535969,-1.2614707854990752],[37.04023187129953,-1.261537638366712]]]},"id":"001a000000000002ecbb","properties":{"FID":492882}},{"type":"Feature","geometry":{"type":"Polygon","coordinates":[[[37.05371622173581,-1.2510899548445436],[37.053747418960164,-1.2511524338045],[37.0537920448877,-1.2511300905119387],[37.05376084768252,-1.2510676706580814],[37.05371622173581,-1.2510899548445436]]]},"id":"001a000000000002d697","properties":{"FID":494162}},{"type":"Feature","geometry":{"type":"Polygon","coordinates":[[[37.0588753727037,-1.2293162185055162],[37.05894676913345,-1.229396476123473],[37.059004737742654,-1.2293473966277035],[37.05893334136991,-1.2292671391433592],[37.0588753727037,-1.2293162185055162]]]},"id":"001a0000000000028352","properties":{"FID":381010}},{"type":"Feature","geometry":{"type":"Polygon","coordinates":[[[37.03152775527612,-1.2304443553285087],[37.03154552919978,-1.2304844948842044],[37.03159016875848,-1.2304577448698177],[37.031612447573856,-1.2305022968194312],[37.03157231293828,-1.2305201211847012],[37.03159459175914,-1.2305692176173635],[37.031679365886376,-1.2305290694899607],[37.03161695248055,-1.2303997684879282],[37.03152775527612,-1.2304443553285087]]]},"id":"001a0000000000034495","properties":{"FID":489555}},{"type":"Feature","geometry":{"type":"Polygon","coordinates":[[[37.02966384450596,-1.2600884229879017],[37.02969054702763,-1.2601598108477077],[37.02977974648445,-1.2601241290971277],[37.02975304399552,-1.2600528004536726],[37.02966384450596,-1.2600884229879017]]]},"id":"001a000000000001d16a","properties":{"FID":492627}},{"type":"Feature","geometry":{"type":"Polygon","coordinates":[[[37.038390296512375,-1.2614529281865259],[37.03847498081969,-1.2615867264971103],[37.03851068906671,-1.2615643966256183],[37.03843042738597,-1.2614306431248796],[37.038390296512375,-1.2614529281865259]]]},"id":"001a0000000000030826","properties":{"FID":492883}},{"type":"Feature","geometry":{"type":"Polygon","coordinates":[[[37.05365824890539,-1.2509785028594582],[37.053698371349455,-1.2510453805006376],[37.053774194519974,-1.2510007974232875],[37.053734072117784,-1.2509339199136404],[37.05365824890539,-1.2509785028594582]]]},"id":"001a000000000002156b","properties":{"FID":494163}},{"type":"Feature","geometry":{"type":"Polygon","coordinates":[[[37.05924995754791,-1.2291913345913874],[37.05926330337666,-1.2292269875270256],[37.05931685041948,-1.2292047049940587],[37.05930350460058,-1.2291690521028116],[37.05924995754791,-1.2291913345913874]]]},"id":"001a000000000001c64f","properties":{"FID":381011}},{"type":"Feature","geometry":{"type":"Polygon","coordinates":[[[37.02779546275553,-1.230386347281894],[37.027804391129614,-1.230413116199404],[37.027866807805914,-1.2303908579551877],[37.02785787943949,-1.2303640890742937],[37.02779546275553,-1.230386347281894]]]},"id":"001a000000000001e9ea","properties":{"FID":489556}},{"type":"Feature","geometry":{"type":"Polygon","coordinates":[[[37.02886563116666,-1.260048319503855],[37.028892415891704,-1.2600973774933069],[37.02895483163475,-1.2600661566488685],[37.028928046932684,-1.2600170987338177],[37.02886563116666,-1.260048319503855]]]},"id":"001a0000000000020bad","properties":{"FID":492628}},{"type":"Feature","geometry":{"type":"Polygon","coordinates":[[[37.043892851575976,-1.2613682078352975],[37.04393297941239,-1.2614440277451453],[37.043964180837236,-1.261426204000378],[37.04391954887369,-1.261350399904852],[37.043892851575976,-1.2613682078352975]]]},"id":"001a000000000001e880","properties":{"FID":492884}},{"type":"Feature","geometry":{"type":"Polygon","coordinates":[[[37.05007309625183,-1.2439821867533187],[37.0501043769272,-1.2440267715276774],[37.05017570009216,-1.2439777312318556],[37.05014450133401,-1.2439331452026328],[37.05007309625183,-1.2439821867533187]]]},"id":"001a0000000000030040","properties":{"FID":494164}},{"type":"Feature","geometry":{"type":"Polygon","coordinates":[[[37.059200913653115,-1.2290486528295492],[37.05927673107918,-1.2291734973930226],[37.05933912073759,-1.2291333732121843],[37.05926330337666,-1.2290085288600283],[37.059200913653115,-1.2290486528295492]]]},"id":"001a000000000002fa3c","properties":{"FID":381012}},{"type":"Feature","geometry":{"type":"Polygon","coordinates":[[[37.038978907738446,-1.2410614843425085],[37.03900560684069,-1.241092688738363],[37.03909479487496,-1.2410257659433137],[37.039068095805476,-1.2409901343051022],[37.038978907738446,-1.2410614843425085]]]},"id":"001a000000000002785d","properties":{"FID":489557}},{"type":"Feature","geometry":{"type":"Polygon","coordinates":[[[37.03346746264876,-1.2599769595517434],[37.03348081321279,-1.2600081624313715],[37.03357443090281,-1.2599725273054878],[37.033561080355945,-1.2599413244904067],[37.03346746264876,-1.2599769595517434]]]},"id":"001a0000000000029d55","properties":{"FID":492629}},{"type":"Feature","geometry":{"type":"Polygon","coordinates":[[[37.03847498081969,-1.2613682372544248],[37.03849733942596,-1.2614574114804669],[37.03860430028244,-1.2614306496947802],[37.038586528083655,-1.2613414585545042],[37.03847498081969,-1.2613682372544248]]]},"id":"001a0000000000033628","properties":{"FID":492885}},{"type":"Feature","geometry":{"type":"Polygon","coordinates":[[[37.05526353878578,-1.2427737513137864],[37.05529031378673,-1.2428228323287078],[37.05532593189196,-1.2428049557188463],[37.05530366034315,-1.2427559190579536],[37.05526353878578,-1.2427737513137864]]]},"id":"001a000000000002c394","properties":{"FID":494165}},{"type":"Feature","geometry":{"type":"Polygon","coordinates":[[[37.06384282469532,-1.2289505288683475],[37.063865093625154,-1.2290040273178087],[37.06390078939549,-1.2289907070390835],[37.06387852047661,-1.2289416329778495],[37.06384282469532,-1.2289505288683475]]]},"id":"001a000000000002299a","properties":{"FID":381013}},{"type":"Feature","geometry":{"type":"Polygon","coordinates":[[[37.03923304020685,-1.2409767546126373],[37.03926874808162,-1.2410614706770131],[37.03937578970205,-1.241012437914469],[37.03933557745149,-1.2409276776041331],[37.03923304020685,-1.2409767546126373]]]},"id":"001a0000000000027d33","properties":{"FID":489558}},{"type":"Feature","geometry":{"type":"Polygon","coordinates":[[[37.032116340134735,-1.2599368146211847],[37.0321341958214,-1.2600081694646545],[37.032201031747256,-1.2599948336179956],[37.03218325798375,-1.2599189882505226],[37.032116340134735,-1.2599368146211847]]]},"id":"001a0000000000027194","properties":{"FID":492630}},{"type":"Feature","geometry":{"type":"Polygon","coordinates":[[[37.03707931516295,-1.261354852094482],[37.03710609686386,-1.2613994171339982],[37.037181855444516,-1.261354862243825],[37.037155155672664,-1.2613102368639526],[37.03707931516295,-1.261354852094482]]]},"id":"001a0000000000025c97","properties":{"FID":492886}},{"type":"Feature","geometry":{"type":"Polygon","coordinates":[[[37.05392575874133,-1.2426132145636948],[37.053965962919854,-1.242680137363963],[37.054023935504695,-1.2426444239844545],[37.05397930971961,-1.2425775736663789],[37.05392575874133,-1.2426132145636948]]]},"id":"001a000000000002fe47","properties":{"FID":494166}},{"type":"Feature","geometry":{"type":"Polygon","coordinates":[[[37.06394090618064,-1.228919326773338],[37.06399002874452,-1.2289861941476472],[37.06403906940429,-1.2289505360660948],[37.063994449773624,-1.2288881381740446],[37.06394090618064,-1.228919326773338]]]},"id":"001a0000000000026ee0","properties":{"FID":381014}},{"type":"Feature","geometry":{"type":"Polygon","coordinates":[[[37.0404147486122,-1.2408385009309113],[37.04044595154707,-1.240869749069949],[37.040495008102624,-1.2408251475910972],[37.04046380518882,-1.2407894722824346],[37.0404147486122,-1.2408385009309113]]]},"id":"001a0000000000019d77","properties":{"FID":489559}},{"type":"Feature","geometry":{"type":"Polygon","coordinates":[[[37.02573093113894,-1.259838724326781],[37.02575763510378,-1.2599278966066876],[37.02586469660678,-1.2598967026882988],[37.02583791076733,-1.2598030423634479],[37.02573093113894,-1.259838724326781]]]},"id":"001a0000000000037fb3","properties":{"FID":492631}},{"type":"Feature","geometry":{"type":"Polygon","coordinates":[[[37.03703918354375,-1.2612745955074187],[37.037048110783395,-1.2613191616408295],[37.03708824239769,-1.2613102257207964],[37.03707931516295,-1.2612700897051967],[37.03703918354375,-1.2612745955074187]]]},"id":"001a000000000001dabc","properties":{"FID":492887}},{"type":"Feature","geometry":{"type":"Polygon","coordinates":[[[37.05591456972671,-1.2424839220932093],[37.055918991247545,-1.242506218645959],[37.055985887187376,-1.2424928472481362],[37.05598146567061,-1.2424660651395405],[37.05591456972671,-1.2424839220932093]]]},"id":"001a000000000001bf60","properties":{"FID":494167}},{"type":"Feature","geometry":{"type":"Polygon","coordinates":[[[37.059816293412474,-1.2284466825553233],[37.05986533689164,-1.228513554228787],[37.05994115362397,-1.2284555752532498],[37.05989211019601,-1.228388703725014],[37.059816293412474,-1.2284466825553233]]]},"id":"001a0000000000022143","properties":{"FID":381015}},{"type":"Feature","geometry":{"type":"Polygon","coordinates":[[[37.04050393491802,-1.2407493259546813],[37.040526211003055,-1.240793942451816],[37.04056634069781,-1.2407761092563443],[37.04054848708124,-1.2407314795804707],[37.04050393491802,-1.2407493259546813]]]},"id":"001a0000000000028882","properties":{"FID":489560}},{"type":"Feature","geometry":{"type":"Polygon","coordinates":[[[37.03357000802252,-1.2598833487990828],[37.03360121389433,-1.2599546579880148],[37.033810808891026,-1.2598654742096582],[37.03378402597669,-1.2597941510861823],[37.03357000802252,-1.2598833487990828]]]},"id":"001a00000000000366ef","properties":{"FID":492632}},{"type":"Feature","geometry":{"type":"Polygon","coordinates":[[[37.03766793700056,-1.2613057973318973],[37.03772141805845,-1.2613949870877708],[37.03782395743465,-1.26132807378723],[37.03777047645216,-1.2612433733904929],[37.03766793700056,-1.2613057973318973]]]},"id":"001a000000000003223a","properties":{"FID":492888}},{"type":"Feature","geometry":{"type":"Polygon","coordinates":[[[37.05580755246433,-1.2424883888456542],[37.05582982385863,-1.2425419104752244],[37.055896719880586,-1.2425106556637762],[37.0558744485068,-1.242461619709046],[37.05580755246433,-1.2424883888456542]]]},"id":"001a0000000000020590","properties":{"FID":494168}},{"type":"Feature","geometry":{"type":"Polygon","coordinates":[[[37.058634572988986,-1.226341961570849],[37.05866584997767,-1.2263910083657563],[37.05895569368223,-1.2262260479583875],[37.05892441681838,-1.2261725182711767],[37.058634572988986,-1.226341961570849]]]},"id":"001a000000000003afc8","properties":{"FID":381016}},{"type":"Feature","geometry":{"type":"Polygon","coordinates":[[[37.04036118763767,-1.2404505498039782],[37.040379041300234,-1.2405040926694701],[37.0404147486122,-1.240495186333559],[37.04039689495841,-1.2404416435047605],[37.04036118763767,-1.2404505498039782]]]},"id":"001a000000000002282f","properties":{"FID":489561}},{"type":"Feature","geometry":{"type":"Polygon","coordinates":[[[37.02404536688079,-1.2597896949005127],[37.02407657683757,-1.2598476617428396],[37.02413006788723,-1.2598209000935587],[37.02409885795339,-1.2597585027114573],[37.02404536688079,-1.2597896949005127]]]},"id":"001a000000000002a100","properties":{"FID":492633}},{"type":"Feature","geometry":{"type":"Polygon","coordinates":[[[37.03787301575916,-1.2612656519669587],[37.037904219784764,-1.2613102611503615],[37.03798898655836,-1.2612567562796155],[37.03796220518259,-1.2612077027975943],[37.03787301575916,-1.2612656519669587]]]},"id":"001a000000000002c78d","properties":{"FID":492889}},{"type":"Feature","geometry":{"type":"Polygon","coordinates":[[[37.05608848267673,-1.2421718078424584],[37.05609740757678,-1.242220825667021],[37.05613302528621,-1.2422163474138048],[37.05612860377841,-1.242167314939014],[37.05608848267673,-1.2421718078424584]]]},"id":"001a000000000001e0de","properties":{"FID":494169}},{"type":"Feature","geometry":{"type":"Polygon","coordinates":[[[37.061524116862174,-1.2243442842280516],[37.06155088955488,-1.2243844339856444],[37.061608856085066,-1.2243487565826154],[37.06158208341374,-1.2243086068857714],[37.061524116862174,-1.2243442842280516]]]},"id":"001a000000000002b69a","properties":{"FID":381017}},{"type":"Feature","geometry":{"type":"Polygon","coordinates":[[[37.04024972499384,-1.2404639400478399],[37.04028092799953,-1.240557581907945],[37.040379041300234,-1.2405263466380296],[37.04034783833666,-1.2404327049703299],[37.04024972499384,-1.2404639400478399]]]},"id":"001a0000000000027ac7","properties":{"FID":489562}},{"type":"Feature","geometry":{"type":"Polygon","coordinates":[[[37.03058237285785,-1.2597763014969408],[37.03060473389037,-1.2598298026245374],[37.03067607618628,-1.2598030422701356],[37.03065371517568,-1.2597495412265178],[37.03058237285785,-1.2597763014969408]]]},"id":"001a0000000000026a3c","properties":{"FID":492634}},{"type":"Feature","geometry":{"type":"Polygon","coordinates":[[[37.04153395101978,-1.261270123442327],[37.04160978688338,-1.261381559032658],[37.04169446744104,-1.2613236278279056],[37.04160086020376,-1.261189866006687],[37.04153837341573,-1.2612300043176792],[37.04155622678921,-1.2612567593137698],[37.04153395101978,-1.261270123442327]]]},"id":"001a000000000003727a","properties":{"FID":492890}},{"type":"Feature","geometry":{"type":"Polygon","coordinates":[[[37.05413537702442,-1.2419131482687633],[37.054153227303395,-1.241944373576685],[37.0541888459662,-1.2419220710022882],[37.054171077577976,-1.2418908443847747],[37.05413537702442,-1.2419131482687633]]]},"id":"001a000000000001ab7e","properties":{"FID":494170}},{"type":"Feature","geometry":{"type":"Polygon","coordinates":[[[37.062924225386844,-1.2235505479411197],[37.06294207350553,-1.2235862395406705],[37.06299561783526,-1.2235594828187906],[37.0629733486387,-1.223523803568183],[37.062924225386844,-1.2235505479411197]]]},"id":"001a00000000000212c8","properties":{"FID":381018}},{"type":"Feature","geometry":{"type":"Polygon","coordinates":[[[37.040294359210456,-1.240307846875074],[37.04036118763767,-1.2404059829423426],[37.04038354566395,-1.24039257239244],[37.04031663535969,-1.2402944967476597],[37.040294359210456,-1.240307846875074]]]},"id":"001a000000000002593f","properties":{"FID":489563}},{"type":"Feature","geometry":{"type":"Polygon","coordinates":[[[37.03094358869586,-1.2597763370379331],[37.03096586770924,-1.2599011957331454],[37.03107292154969,-1.2598833533944949],[37.031068416609315,-1.2598699601736074],[37.03110412849266,-1.2598610391138276],[37.03108184952162,-1.2597495305088962],[37.03094358869586,-1.2597763370379331]]]},"id":"001a00000000000343b1","properties":{"FID":492635}},{"type":"Feature","geometry":{"type":"Polygon","coordinates":[[[37.03693664306101,-1.2612121505243554],[37.03701690639046,-1.2613369867223627],[37.037043606213075,-1.2613191773750536],[37.03696334291309,-1.2611898521195428],[37.03693664306101,-1.2612121505243554]]]},"id":"001a00000000000349d8","properties":{"FID":492891}},{"type":"Feature","geometry":{"type":"Polygon","coordinates":[[[37.05483546495322,-1.2418328762214192],[37.05486666169687,-1.2418953408308149],[37.05491128693679,-1.2418730091807315],[37.05488000833113,-1.241810604999988],[37.05483546495322,-1.2418328762214192]]]},"id":"001a000000000002d8e5","properties":{"FID":494171}},{"type":"Feature","geometry":{"type":"Polygon","coordinates":[[[37.0664157414666,-1.223309759831154],[37.066442512355245,-1.2233410002248695],[37.06649155135804,-1.223305352662399],[37.06646478048749,-1.2232741123097706],[37.0664157414666,-1.223309759831154]]]},"id":"001a000000000002aff9","properties":{"FID":381019}},{"type":"Feature","geometry":{"type":"Polygon","coordinates":[[[37.04002229480775,-1.2403658293797537],[37.04007135164915,-1.2404327345896677],[37.04023187129953,-1.2403256906082802],[37.04018281456643,-1.2402543585251664],[37.04002229480775,-1.2403658293797537]]]},"id":"001a0000000000038dde","properties":{"FID":489564}},{"type":"Feature","geometry":{"type":"Polygon","coordinates":[[[37.030885597702586,-1.2596514801478897],[37.030921309675655,-1.2597451041400178],[37.030979300640475,-1.2597228184131235],[37.03094358869586,-1.2596291354729938],[37.030885597702586,-1.2596514801478897]]]},"id":"001a0000000000030777","properties":{"FID":492636}},{"type":"Feature","geometry":{"type":"Polygon","coordinates":[[[37.03789087003267,-1.2611809485938255],[37.037913146918235,-1.2612210396248975],[37.03794885544115,-1.2612031991064894],[37.03792657856652,-1.2611631081101062],[37.03789087003267,-1.2611809485938255]]]},"id":"001a000000000001b27a","properties":{"FID":492892}},{"type":"Feature","geometry":{"type":"Polygon","coordinates":[[[37.04759385518364,-1.2416991210538002],[37.04760728504339,-1.2417347890992956],[37.047642906915456,-1.241725883888813],[37.04762955895165,-1.2416857285738847],[37.04759385518364,-1.2416991210538002]]]},"id":"001a000000000001f25d","properties":{"FID":494172}},{"type":"Feature","geometry":{"type":"Polygon","coordinates":[[[37.066317663325414,-1.2232652191031592],[37.06635777877481,-1.2233231390528991],[37.0663934733193,-1.2232963766235092],[37.06635327602139,-1.2232428815131966],[37.066317663325414,-1.2232652191031592]]]},"id":"001a00000000000336e2","properties":{"FID":381020}},{"type":"Feature","geometry":{"type":"Polygon","coordinates":[[[37.04061539717215,-1.2398842711690756],[37.0406466000209,-1.2399243728983576],[37.040700078888015,-1.2398842462988444],[37.04067338040797,-1.2398441301217833],[37.04061539717215,-1.2398842711690756]]]},"id":"001a00000000000237a7","properties":{"FID":489565}},{"type":"Feature","geometry":{"type":"Polygon","coordinates":[[[37.033235588351275,-1.2596603607535413],[37.03326679436653,-1.2598030831096374],[37.03338269060522,-1.2597718634160382],[37.03334706174585,-1.2596336448079453],[37.033235588351275,-1.2596603607535413]]]},"id":"001a0000000000039f27","properties":{"FID":492637}},{"type":"Feature","geometry":{"type":"Polygon","coordinates":[[[37.04060647037043,-1.2611943302568114],[37.04065994926706,-1.261341459332224],[37.04078926484383,-1.2612924139297423],[37.04073578604231,-1.2611497151425768],[37.04060647037043,-1.2611943302568114]]]},"id":"001a000000000003abab","properties":{"FID":492893}},{"type":"Feature","geometry":{"type":"Polygon","coordinates":[[[37.04764741082907,-1.2416010299834577],[37.04768303268147,-1.2416590008408783],[37.047709810476256,-1.2416411503816842],[37.04767861065936,-1.2415831662815626],[37.04764741082907,-1.2416010299834577]]]},"id":"001a0000000000025db4","properties":{"FID":494173}},{"type":"Feature","geometry":{"type":"Polygon","coordinates":[[[37.06636670241257,-1.2232295126354686],[37.06638897056809,-1.2232963902405443],[37.06645143598259,-1.2232785739770249],[37.066424665097244,-1.2232117100682947],[37.06636670241257,-1.2232295126354686]]]},"id":"001a0000000000023838","properties":{"FID":381021}},{"type":"Feature","geometry":{"type":"Polygon","coordinates":[[[37.04370556074857,-1.2394517502417475],[37.04376796378009,-1.2395498343102662],[37.04381259583671,-1.2395185899361278],[37.04375011094977,-1.2394205073273188],[37.04370556074857,-1.2394517502417475]]]},"id":"001a0000000000036e11","properties":{"FID":489566}},{"type":"Feature","geometry":{"type":"Polygon","coordinates":[[[37.02932047869171,-1.2596335991132703],[37.029338335064544,-1.2596781968558057],[37.02937396588717,-1.2596648468248766],[37.029356109523064,-1.2596157597450748],[37.02932047869171,-1.2596335991132703]]]},"id":"001a000000000001c9d7","properties":{"FID":492638}},{"type":"Feature","geometry":{"type":"Polygon","coordinates":[[[37.038350165616635,-1.261145265512093],[37.038363515284416,-1.2611853863713118],[37.03840364617279,-1.2611720206749795],[37.03838579202518,-1.2611274265173966],[37.038350165616635,-1.261145265512093]]]},"id":"001a0000000000021343","properties":{"FID":492894}},{"type":"Feature","geometry":{"type":"Polygon","coordinates":[[[37.055816477398885,-1.2413602524672414],[37.05582982385863,-1.2414181679661775],[37.055869945103176,-1.2414048226782055],[37.05585659865082,-1.2413513336522435],[37.055816477398885,-1.2413602524672414]]]},"id":"001a000000000001d504","properties":{"FID":494174}},{"type":"Feature","geometry":{"type":"Polygon","coordinates":[[[37.06332114031103,-1.2231090976262744],[37.06336567848393,-1.2231760315585885],[37.063459339552516,-1.2231135939453706],[37.06341480143707,-1.2230467191648948],[37.06332114031103,-1.2231090976262744]]]},"id":"001a00000000000374fa","properties":{"FID":381022}},{"type":"Feature","geometry":{"type":"Polygon","coordinates":[[[37.0424748506452,-1.238426154493623],[37.04249712612633,-1.2384885336500107],[37.042532832398024,-1.2384752021589467],[37.04251497926437,-1.2384127509340377],[37.0424748506452,-1.238426154493623]]]},"id":"001a000000000001ec86","properties":{"FID":489567}},{"type":"Feature","geometry":{"type":"Polygon","coordinates":[[[37.02970398019433,-1.2596113510667981],[37.02971733144902,-1.2596648247590416],[37.02974411586055,-1.2596559336052033],[37.029730682701256,-1.2596068915806915],[37.02970398019433,-1.2596113510667981]]]},"id":"001a0000000000019bbd","properties":{"FID":492639}},{"type":"Feature","geometry":{"type":"Polygon","coordinates":[[[37.04550253369159,-1.261149697026612],[37.04553373444269,-1.2612166268443012],[37.04564076683875,-1.2611631114260728],[37.04560514398534,-1.2610961961679321],[37.04550253369159,-1.261149697026612]]]},"id":"001a0000000000031c9a","properties":{"FID":492895}},{"type":"Feature","geometry":{"type":"Polygon","coordinates":[[[37.06066795860559,-1.2515180597095106],[37.06068580727897,-1.2515626305583398],[37.060743774499834,-1.2515358771123823],[37.060725925840714,-1.2514957338037596],[37.06066795860559,-1.2515180597095106]]]},"id":"001a000000000001dce6","properties":{"FID":494175}},{"type":"Feature","geometry":{"type":"Polygon","coordinates":[[[37.06184514290302,-1.2218115254547934],[37.06186749431896,-1.2218472025855371],[37.06192988175121,-1.2218026116406637],[37.06190761222775,-1.221766933255311],[37.06184514290302,-1.2218115254547934]]]},"id":"001a0000000000024ce8","properties":{"FID":381023}},{"type":"Feature","geometry":{"type":"Polygon","coordinates":[[[37.042305409353865,-1.2384127451344171],[37.04232768488692,-1.2384484455355789],[37.04242579542554,-1.238385991905218],[37.042403519922544,-1.2383503506218594],[37.042305409353865,-1.2384127451344171]]]},"id":"001a0000000000025f4f","properties":{"FID":489568}},{"type":"Feature","geometry":{"type":"Polygon","coordinates":[[[37.02675206411898,-1.2596291577326075],[37.026783272915104,-1.2597495622646997],[37.02687239402304,-1.2597272911144053],[37.02684118526513,-1.2596068867902181],[37.02675206411898,-1.2596291577326075]]]},"id":"001a0000000000038054","properties":{"FID":492640}},{"type":"Feature","geometry":{"type":"Polygon","coordinates":[[[37.03640600194301,-1.2611541553432397],[37.03647733854947,-1.2612433451417209],[37.03659773427079,-1.2611497315251634],[37.03652639778241,-1.261060542029741],[37.03640600194301,-1.2611541553432397]]]},"id":"001a000000000003a220","properties":{"FID":492896}},{"type":"Feature","geometry":{"type":"Polygon","coordinates":[[[37.06098006413319,-1.25140210822377],[37.06099791272984,-1.2514377648223423],[37.06104695541087,-1.251411040757061],[37.06102910682629,-1.251375384203301],[37.06098006413319,-1.25140210822377]]]},"id":"001a0000000000021657","properties":{"FID":494176}},{"type":"Feature","geometry":{"type":"Polygon","coordinates":[[[37.06226433314785,-1.2216331448279147],[37.062268754282066,-1.2216777803094852],[37.06230445083735,-1.221673312966505],[37.06229994783249,-1.2216286788289241],[37.06226433314785,-1.2216331448279147]]]},"id":"001a000000000001cd94","properties":{"FID":381024}},{"type":"Feature","geometry":{"type":"Polygon","coordinates":[[[37.042341033824414,-1.2373024140467976],[37.04236781358733,-1.2373425848808455],[37.042403519922544,-1.2373202829964083],[37.042381162517465,-1.2372801581920068],[37.042341033824414,-1.2373024140467976]]]},"id":"001a000000000002d006","properties":{"FID":489569}},{"type":"Feature","geometry":{"type":"Polygon","coordinates":[[[37.029155511810615,-1.2596157774376828],[37.02917328631379,-1.2596648069314036],[37.02922235047284,-1.2596469810743747],[37.02920457598165,-1.2595979516334297],[37.029155511810615,-1.2596157774376828]]]},"id":"001a000000000001b8d0","properties":{"FID":492641}},{"type":"Feature","geometry":{"type":"Polygon","coordinates":[[[37.03710609686386,-1.261114060834587],[37.03719528722788,-1.2612344363211707],[37.03728890013692,-1.2611675532244173],[37.03719970988771,-1.2610426889321111],[37.03710609686386,-1.261114060834587]]]},"id":"001a000000000003a20d","properties":{"FID":492897}},{"type":"Feature","geometry":{"type":"Polygon","coordinates":[[[37.06048071102003,-1.2512549676509614],[37.060502980981184,-1.2512995834885328],[37.060556445235015,-1.2512683591106672],[37.060534175290265,-1.2512237433364122],[37.06048071102003,-1.2512549676509614]]]},"id":"001a000000000002745a","properties":{"FID":494177}},{"type":"Feature","geometry":{"type":"Polygon","coordinates":[[[37.06196557847312,-1.2216554713325665],[37.06199235100303,-1.2217000420753472],[37.06205915947497,-1.2216599217871855],[37.062032468842816,-1.2216153498045876],[37.06196557847312,-1.2216554713325665]]]},"id":"001a000000000002e751","properties":{"FID":381025}},{"type":"Feature","geometry":{"type":"Polygon","coordinates":[[[37.035371490431494,-1.2344396915283549],[37.03537591320223,-1.2344976385495865],[37.03543390061595,-1.2344932138261289],[37.03543390061595,-1.234435254002058],[37.035371490431494,-1.2344396915283549]]]},"id":"001a000000000002cb6b","properties":{"FID":489570}},{"type":"Feature","geometry":{"type":"Polygon","coordinates":[[[37.025044160775025,-1.2595890030902892],[37.02505759479944,-1.259655888373366],[37.02509773302834,-1.2596470117359688],[37.02507987561495,-1.2595800816766902],[37.025044160775025,-1.2595890030902892]]]},"id":"001a000000000001f92b","properties":{"FID":492642}},{"type":"Feature","geometry":{"type":"Polygon","coordinates":[[[37.03890757358589,-1.2609713339268316],[37.03895212672726,-1.2610248758159783],[37.039036892279306,-1.2609624534252208],[37.038992257290786,-1.2609044830893308],[37.03890757358589,-1.2609713339268316]]]},"id":"001a0000000000034806","properties":{"FID":492898}},{"type":"Feature","geometry":{"type":"Polygon","coordinates":[[[37.061296671386515,-1.251081065380289],[37.06131902297131,-1.251121192787725],[37.06137248662424,-1.2510944554139616],[37.061350216929796,-1.2510543267088574],[37.061296671386515,-1.251081065380289]]]},"id":"001a0000000000029928","properties":{"FID":494178}},{"type":"Feature","geometry":{"type":"Polygon","coordinates":[[[37.06423081069763,-1.2209464815281896],[37.06426200340497,-1.2210133314493057],[37.06430662287116,-1.2209910278453369],[37.06427985119474,-1.220924165840097],[37.06423081069763,-1.2209464815281896]]]},"id":"001a0000000000024673","properties":{"FID":381026}},{"type":"Feature","geometry":{"type":"Polygon","coordinates":[[[37.03999109169107,-1.2337217886143172],[37.04005349791104,-1.233859997354085],[37.04012933531885,-1.2338243580001307],[37.04006692916398,-1.2336860904961815],[37.03999109169107,-1.2337217886143172]]]},"id":"001a0000000000037d4b","properties":{"FID":489571}},{"type":"Feature","geometry":{"type":"Polygon","coordinates":[[[37.02516015202604,-1.2595622694593365],[37.0251735041144,-1.259611315658899],[37.02521364227937,-1.2595979494606862],[37.02519578489442,-1.259548918907042],[37.02516015202604,-1.2595622694593365]]]},"id":"001a0000000000019c5d","properties":{"FID":492643}},{"type":"Feature","geometry":{"type":"Polygon","coordinates":[[[37.03575496003608,-1.260895553872921],[37.035799515108934,-1.2609757967379471],[37.03588428433577,-1.2609312107141362],[37.035844152057116,-1.2608509536731247],[37.03575496003608,-1.260895553872921]]]},"id":"001a0000000000036330","properties":{"FID":492899}},{"type":"Feature","geometry":{"type":"Polygon","coordinates":[[[37.06657628478229,-1.2504568147203297],[37.06662974456333,-1.2505459496684743],[37.06666994170811,-1.2505236832984257],[37.06661640008875,-1.250434490762998],[37.06657628478229,-1.2504568147203297]]]},"id":"001a0000000000022de8","properties":{"FID":494179}},{"type":"Feature","geometry":{"type":"Polygon","coordinates":[[[37.04113265841615,-1.2332803337039917],[37.0411772101941,-1.2332848036086355],[37.04118171450837,-1.233249143914682],[37.04113265841615,-1.2332491143116306],[37.04113265841615,-1.2332803337039917]]]},"id":"001a000000000001d632","properties":{"FID":489572}},{"type":"Feature","geometry":{"type":"Polygon","coordinates":[[[37.03098814671579,-1.2595712174901939],[37.03103278661649,-1.2596915697834534],[37.03107292154969,-1.2596782043671315],[37.03108184952162,-1.2597005027539272],[37.03116654233845,-1.2596737576702002],[37.03111305646076,-1.259522127463947],[37.03098814671579,-1.2595712174901939]]]},"id":"001a0000000000038fb1","properties":{"FID":492644}},{"type":"Feature","geometry":{"type":"Polygon","coordinates":[[[37.04147154607054,-1.2608910818763734],[37.04148939946044,-1.2609401628581962],[37.0415071709497,-1.2609312444599527],[37.04153395101979,-1.260998132695872],[37.04162313595268,-1.2609668836392756],[37.04160086020375,-1.2609088984398569],[37.04155622678921,-1.2609222791546253],[37.04153837341573,-1.2608687684548965],[37.04147154607054,-1.2608910818763734]]]},"id":"001a0000000000035716","properties":{"FID":492900}},{"type":"Feature","geometry":{"type":"Polygon","coordinates":[[[37.05901366228431,-1.2496051119926537],[37.05903142948783,-1.2496407693608018],[37.05907605216874,-1.2496229156383858],[37.05905820309966,-1.2495828323323352],[37.05901366228431,-1.2496051119926537]]]},"id":"001a0000000000020453","properties":{"FID":494180}},{"type":"Feature","geometry":{"type":"Polygon","coordinates":[[[37.040936433716276,-1.2330038443777336],[37.04106132637659,-1.2333115312177492],[37.04111480493865,-1.2332892399556983],[37.041007765878376,-1.2330216892547747],[37.04098098561447,-1.2330351074793573],[37.04096321399659,-1.232994970364026],[37.040936433716276,-1.2330038443777336]]]},"id":"001a000000000003aa0a","properties":{"FID":489573}},{"type":"Feature","geometry":{"type":"Polygon","coordinates":[[[37.02940075042508,-1.2595444302994894],[37.029418606778236,-1.2596112975187705],[37.029521157859115,-1.259589040800836],[37.02950330153115,-1.2595176843574307],[37.02940075042508,-1.2595444302994894]]]},"id":"001a000000000002f18c","properties":{"FID":492645}},{"type":"Feature","geometry":{"type":"Polygon","coordinates":[[[37.038443777039014,-1.2607350321505393],[37.03849283494539,-1.260837583147474],[37.03855081987387,-1.2608108087716703],[37.0385017620066,-1.260708257916188],[37.038443777039014,-1.2607350321505393]]]},"id":"001a000000000002ff0d","properties":{"FID":492901}},{"type":"Feature","geometry":{"type":"Polygon","coordinates":[[[37.058692541847414,-1.2495872589164707],[37.05874608931112,-1.249667545269956],[37.05883975633923,-1.2496006554562127],[37.058786208944596,-1.249520369314394],[37.058692541847414,-1.2495872589164707]]]},"id":"001a00000000000301e7","properties":{"FID":494181}},{"type":"Feature","geometry":{"type":"Polygon","coordinates":[[[37.02752343351174,-1.2303284262024703],[37.02756357038071,-1.2303952962456113],[37.027594778828835,-1.2303730121413368],[37.02755914713501,-1.2303105547945585],[37.02752343351174,-1.2303284262024703]]]},"id":"001a000000000002c82b","properties":{"FID":380773}},{"type":"Feature","geometry":{"type":"Polygon","coordinates":[[[37.040909653426105,-1.2329414276405448],[37.04094085614857,-1.2329994054264388],[37.04099441669607,-1.232968201887917],[37.040967636427254,-1.2329146965719373],[37.040909653426105,-1.2329414276405448]]]},"id":"001a00000000000199df","properties":{"FID":489574}},{"type":"Feature","geometry":{"type":"Polygon","coordinates":[[[37.02520921889084,-1.2595399533310894],[37.02523592304712,-1.2596024241798052],[37.02529391854292,-1.2595756476417297],[37.025267132493404,-1.259513237311444],[37.02520921889084,-1.2595399533310894]]]},"id":"001a0000000000030817","properties":{"FID":492646}},{"type":"Feature","geometry":{"type":"Polygon","coordinates":[[[37.04156515347431,-1.260770691621358],[37.041618713561896,-1.260864304221813],[37.04174352315417,-1.260797439356893],[37.041685540771816,-1.2606993525835317],[37.04156515347431,-1.260770691621358]]]},"id":"001a0000000000034ad3","properties":{"FID":492902}},{"type":"Feature","geometry":{"type":"Polygon","coordinates":[[[37.06401671865695,-1.247941846053484],[37.064052414352716,-1.2479953843714224],[37.06408811003094,-1.2479730763210966],[37.06405241435272,-1.2479195380533603],[37.06401671865695,-1.247941846053484]]]},"id":"001a000000000001ea6f","properties":{"FID":494182}},{"type":"Feature","geometry":{"type":"Polygon","coordinates":[[[37.02931155050364,-1.2303417885848142],[37.02935168638633,-1.230395318644422],[37.02940517355885,-1.230355145403412],[37.02936954275151,-1.2303016605123824],[37.02931155050364,-1.2303417885848142]]]},"id":"001a000000000002cd81","properties":{"FID":380774}},{"type":"Feature","geometry":{"type":"Polygon","coordinates":[[[37.04087845069024,-1.2327630587295437],[37.040909653426105,-1.2328121250008057],[37.040972140754505,-1.2327764687412268],[37.04094085614858,-1.2327229187320228],[37.04087845069024,-1.2327630587295437]]]},"id":"001a000000000002d36a","properties":{"FID":489575}},{"type":"Feature","geometry":{"type":"Polygon","coordinates":[[[37.02878986392468,-1.2595355365727003],[37.028825495015866,-1.2596291641831063],[37.02893255200558,-1.2595890522495172],[37.02889683905636,-1.2594953671481048],[37.02878986392468,-1.2595355365727003]]]},"id":"001a0000000000031221","properties":{"FID":492647}},{"type":"Feature","geometry":{"type":"Polygon","coordinates":[[[37.04169446744104,-1.2606993225232976],[37.041725669826675,-1.260761766106282],[37.04174802743336,-1.2607484009922605],[37.04171674316129,-1.2606859588062411],[37.04169446744104,-1.2606993225232976]]]},"id":"001a0000000000029ab6","properties":{"FID":492903}},{"type":"Feature","geometry":{"type":"Polygon","coordinates":[[[37.06132344416309,-1.2452530280541667],[37.061372486624236,-1.245360056056529],[37.0614572260241,-1.2453243738177897],[37.06141260480655,-1.245212905883254],[37.06132344416309,-1.2452530280541667]]]},"id":"001a000000000002f2d7","properties":{"FID":494183}},{"type":"Feature","geometry":{"type":"Polygon","coordinates":[[[37.02594497215224,-1.2303016323388745],[37.02596274743962,-1.2303640850173596],[37.02599846182878,-1.2303506989316655],[37.02598060463639,-1.2302882476298123],[37.02594497215224,-1.2303016323388745]]]},"id":"001a000000000001ebbc","properties":{"FID":380775}},{"type":"Feature","geometry":{"type":"Polygon","coordinates":[[[37.04079376918213,-1.2327363420651847],[37.04082046761796,-1.2327853634490997],[37.04083832116774,-1.2327764574140847],[37.04085617471314,-1.2328121078927454],[37.040896304225775,-1.2327942830367977],[37.04087402825416,-1.2327541602097287],[37.04091415775694,-1.2327363354174723],[37.04088737745855,-1.2326872564620384],[37.04079376918213,-1.2327363420651847]]]},"id":"001a0000000000032ee3","properties":{"FID":489576}},{"type":"Feature","geometry":{"type":"Polygon","coordinates":[[[37.03841707773048,-1.2607127349835887],[37.03843042738597,-1.2607395064826217],[37.038479485301366,-1.2607127032178533],[37.038466053755194,-1.2606859921776388],[37.03841707773048,-1.2607127349835887]]]},"id":"001a0000000000019fc8","properties":{"FID":492904}},{"type":"Feature","geometry":{"type":"Polygon","coordinates":[[[37.06149292297841,-1.2451549274008866],[37.061506268394886,-1.2451905934540017],[37.06154638650328,-1.2451771865648926],[37.06153746227292,-1.2451415660440535],[37.06149292297841,-1.2451549274008866]]]},"id":"001a0000000000022c44","properties":{"FID":494184}},{"type":"Feature","geometry":{"type":"Polygon","coordinates":[[[37.024611649395794,-1.2302214054320761],[37.02463393034782,-1.230270446911733],[37.02471871258452,-1.2302347819915713],[37.02469192632331,-1.230181268789939],[37.024611649395794,-1.2302214054320761]]]},"id":"001a000000000001a7fb","properties":{"FID":380776}},{"type":"Feature","geometry":{"type":"Polygon","coordinates":[[[37.04038796812987,-1.232660543432022],[37.040401317423516,-1.2326872967915494],[37.04049500810263,-1.2326471210688938],[37.04048608128613,-1.2326204140196657],[37.04038796812987,-1.232660543432022]]]},"id":"001a0000000000020459","properties":{"FID":489577}},{"type":"Feature","geometry":{"type":"Polygon","coordinates":[[[37.04133330499484,-1.260743945599247],[37.041351158418685,-1.2608018860542702],[37.041395710062744,-1.2607885067853528],[37.04140463676756,-1.2608152916543187],[37.04147596847028,-1.2607885328408897],[37.0414314168754,-1.2606547256280247],[37.04134665411492,-1.2606859597609128],[37.041364507535484,-1.260730551733339],[37.04133330499484,-1.260743945599247]]]},"id":"001a00000000000350bc","properties":{"FID":492905}},{"type":"Feature","geometry":{"type":"Polygon","coordinates":[[[37.06339695343461,-1.2439108484467667],[37.06341480143707,-1.2439420713850378],[37.063459339552516,-1.243915314435345],[37.063445994495055,-1.2438840767388555],[37.06339695343461,-1.2439108484467667]]]},"id":"001a000000000002b982","properties":{"FID":494185}},{"type":"Feature","geometry":{"type":"Polygon","coordinates":[[[37.031242389013336,-1.2301411389282553],[37.03126466793522,-1.2301856907504387],[37.03134936053921,-1.230145603683145],[37.03132708164327,-1.230100992933753],[37.031242389013336,-1.2301411389282553]]]},"id":"001a0000000000026f7f","properties":{"FID":380777}},{"type":"Feature","geometry":{"type":"Polygon","coordinates":[[[37.04094085614857,-1.2326961849197802],[37.040972140754505,-1.2327719835915223],[37.04131995587231,-1.2326203942278362],[37.04128424900491,-1.2325446089367103],[37.04094085614857,-1.2326961849197802]]]},"id":"001a000000000003a9ae","properties":{"FID":489578}},{"type":"Feature","geometry":{"type":"Polygon","coordinates":[[[37.02518685620031,-1.2594329873079826],[37.02521364227937,-1.2594953975822467],[37.025267132493404,-1.25946863679974],[37.025240428348575,-1.2594106557563283],[37.02518685620031,-1.2594329873079826]]]},"id":"001a000000000002a215","properties":{"FID":492650}},{"type":"Feature","geometry":{"type":"Polygon","coordinates":[[[37.03674491162671,-1.2606859712844138],[37.03680281604738,-1.2607751465560406],[37.03692321122988,-1.2606993735144825],[37.03686530690508,-1.260610139460133],[37.03674491162671,-1.2606859712844138]]]},"id":"001a0000000000036ad0","properties":{"FID":492906}},{"type":"Feature","geometry":{"type":"Polygon","coordinates":[[[37.05783643208089,-1.2431304838244508],[37.057867627535515,-1.2431706380768635],[37.05792559700618,-1.2431260133550888],[37.05789440157645,-1.243085918189079],[37.05783643208089,-1.2431304838244508]]]},"id":"001a000000000001e209","properties":{"FID":494186}},{"type":"Feature","geometry":{"type":"Polygon","coordinates":[[[37.03091680472589,-1.2301232757634857],[37.0309302376662,-1.230154514873171],[37.03102828167363,-1.2301054768958228],[37.031014930659495,-1.230074236536533],[37.03091680472589,-1.2301232757634857]]]},"id":"001a000000000002b180","properties":{"FID":380778}},{"type":"Feature","geometry":{"type":"Polygon","coordinates":[[[37.04070900567823,-1.232535650293858],[37.04074471282815,-1.2326560515130094],[37.04085617471314,-1.2326203677902468],[37.04082046761796,-1.2324999668545715],[37.04070900567823,-1.232535650293858]]]},"id":"001a0000000000021911","properties":{"FID":489579}},{"type":"Feature","geometry":{"type":"Polygon","coordinates":[[[37.029088591176745,-1.2594017514060203],[37.02911979897081,-1.2594953925986148],[37.02923127867186,-1.2594596971734024],[37.02920007092559,-1.2593616259225267],[37.029088591176745,-1.2594017514060203]]]},"id":"001a0000000000037061","properties":{"FID":492651}},{"type":"Feature","geometry":{"type":"Polygon","coordinates":[[[37.04140021436347,-1.2606146079261267],[37.04140914106773,-1.2606592298442096],[37.04144927027516,-1.260650294825149],[37.04144034357583,-1.260605732004093],[37.04140021436347,-1.2606146079261267]]]},"id":"001a000000000001c6c4","properties":{"FID":492907}},{"type":"Feature","geometry":{"type":"Polygon","coordinates":[[[37.057907747654326,-1.2430636259558763],[37.057934521680465,-1.2431082200495123],[37.05800583715758,-1.2430680395169136],[37.057979145035425,-1.2430234441631307],[37.057907747654326,-1.2430636259558763]]]},"id":"001a000000000002fe77","properties":{"FID":494187}},{"type":"Feature","geometry":{"type":"Polygon","coordinates":[[[37.02787123103291,-1.2300920835618685],[37.027906944485494,-1.2301500534793763],[37.02794708114292,-1.2301233166961363],[37.02791136771004,-1.2300653468427245],[37.02787123103291,-1.2300920835618685]]]},"id":"001a0000000000020872","properties":{"FID":380779}},{"type":"Feature","geometry":{"type":"Polygon","coordinates":[[[37.04082046761796,-1.232468748059932],[37.040847247940995,-1.2325980870014923],[37.040936433716276,-1.2325758072653343],[37.04090523099191,-1.2324509664130607],[37.04082046761796,-1.232468748059932]]]},"id":"001a0000000000032f13","properties":{"FID":489580}},{"type":"Feature","geometry":{"type":"Polygon","coordinates":[[[37.03091238168403,-1.2594731189510775],[37.03093466070697,-1.2595355402881805],[37.03109962355421,-1.2594730864714436],[37.03105506560256,-1.2593482443369928],[37.03096586770924,-1.2593839238835678],[37.03098814671579,-1.2594463450383977],[37.03091238168403,-1.2594731189510775]]]},"id":"001a000000000003655a","properties":{"FID":492652}},{"type":"Feature","geometry":{"type":"Polygon","coordinates":[[[37.04229648275967,-1.26056110345167],[37.04230983170289,-1.2605967919777719],[37.04235446465475,-1.2605789229228297],[37.0423366114773,-1.260543250135549],[37.04229648275967,-1.26056110345167]]]},"id":"001a0000000000022dfe","properties":{"FID":492908}},{"type":"Feature","geometry":{"type":"Polygon","coordinates":[[[37.029240206869765,-1.2300787139336433],[37.029258063262304,-1.2301099410922027],[37.0292981991745,-1.2300876312252522],[37.02928034279181,-1.230056404098568],[37.029240206869765,-1.2300787139336433]]]},"id":"001a000000000001f9c9","properties":{"FID":380780}},{"type":"Feature","geometry":{"type":"Polygon","coordinates":[[[37.04130652485085,-1.2323483789289398],[37.041355580825744,-1.2324464906576686],[37.04152502433085,-1.2323572852417468],[37.04148939946044,-1.232290410391243],[37.04145369267626,-1.2323082218573562],[37.04143583927759,-1.2322770571296904],[37.04130652485085,-1.2323483789289398]]]},"id":"001a00000000000367c1","properties":{"FID":489581}},{"type":"Feature","geometry":{"type":"Polygon","coordinates":[[[37.02874522264786,-1.2593794434588639],[37.02877643058921,-1.2594686546970932],[37.02887906448565,-1.2594284983265716],[37.028847774677814,-1.2593437780183254],[37.02874522264786,-1.2593794434588639]]]},"id":"001a000000000002fa05","properties":{"FID":492653}},{"type":"Feature","geometry":{"type":"Polygon","coordinates":[[[37.03603146313549,-1.260552211249372],[37.036058163319886,-1.2606056966476786],[37.036107222835604,-1.2605789519019206],[37.036076018038955,-1.2605254231897929],[37.03603146313549,-1.260552211249372]]]},"id":"001a000000000002550b","properties":{"FID":492909}},{"type":"Feature","geometry":{"type":"Polygon","coordinates":[[[37.02442881426717,-1.230109919913111],[37.02446452940902,-1.2301723191718272],[37.02456708747128,-1.2301188368723812],[37.02453587772482,-1.23005642386546],[37.02442881426717,-1.230109919913111]]]},"id":"001a00000000000223c6","properties":{"FID":380781}},{"type":"Feature","geometry":{"type":"Polygon","coordinates":[[[37.04101669263082,-1.2322636754333585],[37.04106132637659,-1.2322814816649503],[37.041070171225705,-1.2322636338938986],[37.04112815409885,-1.232281518577029],[37.041137080836506,-1.2322458472347162],[37.041034546132416,-1.2322101549885787],[37.04101669263082,-1.2322636754333585]]]},"id":"001a000000000002439b","properties":{"FID":489582}},{"type":"Feature","geometry":{"type":"Polygon","coordinates":[[[37.02842421420133,-1.2593660978306194],[37.02845542228035,-1.259477579211341],[37.028589182740376,-1.2594374383676923],[37.028562397903706,-1.259330373361495],[37.02842421420133,-1.2593660978306194]]]},"id":"001a000000000003270c","properties":{"FID":492654}},{"type":"Feature","geometry":{"type":"Polygon","coordinates":[[[37.04059312111444,-1.2604987139447004],[37.040624323972764,-1.260570017715021],[37.040713510021504,-1.260529909656079],[37.040682307201465,-1.2604585469728895],[37.04059312111444,-1.2604987139447004]]]},"id":"001a000000000002bcbf","properties":{"FID":492910}},{"type":"Feature","geometry":{"type":"Polygon","coordinates":[[[37.030457544110476,-1.2300653196722602],[37.03047089522689,-1.2301009866229518],[37.03054674262699,-1.2300742626838557],[37.03052888655071,-1.2300341243311497],[37.030457544110476,-1.2300653196722602]]]},"id":"001a00000000000293a7","properties":{"FID":380782}},{"type":"Feature","geometry":{"type":"Polygon","coordinates":[[[37.0415071709497,-1.2321254146804335],[37.04154730010302,-1.2322324635340596],[37.04160086020376,-1.2322145985351565],[37.04156073107999,-1.2321031237891],[37.0415071709497,-1.2321254146804335]]]},"id":"001a0000000000034285","properties":{"FID":489583}},{"type":"Feature","geometry":{"type":"Polygon","coordinates":[[[37.03181312041958,-1.2593259322102899],[37.03183539916668,-1.2593571644754074],[37.031875533657114,-1.259334880162162],[37.031853254922304,-1.2592991587393416],[37.03181312041958,-1.2593259322102899]]]},"id":"001a0000000000022474","properties":{"FID":492655}},{"type":"Feature","geometry":{"type":"Polygon","coordinates":[[[37.04561849232096,-1.260436268420448],[37.045636344692376,-1.260476369101791],[37.0456719675305,-1.2604630208126075],[37.045654197059406,-1.2604228597432925],[37.04561849232096,-1.260436268420448]]]},"id":"001a000000000001a8e5","properties":{"FID":492911}},{"type":"Feature","geometry":{"type":"Polygon","coordinates":[[[37.02927591965046,-1.2300251955850092],[37.029293694124235,-1.2300786742317573],[37.029338335064544,-1.2300608359436849],[37.02932047869171,-1.230007358677945],[37.02927591965046,-1.2300251955850092]]]},"id":"001a000000000002bb3d","properties":{"FID":380783}},{"type":"Feature","geometry":{"type":"Polygon","coordinates":[[[37.04274240165291,-1.2318088363955262],[37.04276017283587,-1.2318623672110072],[37.042818154361136,-1.231840064263812],[37.04280030129755,-1.2317910197618647],[37.04274240165291,-1.2318088363955262]]]},"id":"001a000000000003114e","properties":{"FID":489584}},{"type":"Feature","geometry":{"type":"Polygon","coordinates":[[[37.02406322454799,-1.2593081186882822],[37.024103363325246,-1.2594284965234648],[37.024223697608484,-1.259383909733984],[37.02418806426419,-1.259267947181671],[37.02406322454799,-1.2593081186882822]]]},"id":"001a0000000000032a4e","properties":{"FID":492656}},{"type":"Feature","geometry":{"type":"Polygon","coordinates":[[[37.042617511880515,-1.2604005590239546],[37.042644291541585,-1.2604540973719962],[37.04267549351956,-1.2604362742722586],[37.042653218093086,-1.260387208991966],[37.042617511880515,-1.2604005590239546]]]},"id":"001a0000000000029a3c","properties":{"FID":492912}},{"type":"Feature","geometry":{"type":"Polygon","coordinates":[[[37.06855165074926,-1.2384841311200572],[37.06856949748418,-1.2385197735160942],[37.06864080251433,-1.2384840919069238],[37.06862295579693,-1.2384484495734351],[37.06855165074926,-1.2384841311200572]]]},"id":"001a00000000000217cf","properties":{"FID":494192}},{"type":"Feature","geometry":{"type":"Polygon","coordinates":[[[37.02416127780769,-1.2300385832498617],[37.024192487714785,-1.2300831715897322],[37.02424606059495,-1.230047480874603],[37.0242192741598,-1.230002880022709],[37.02416127780769,-1.2300385832498617]]]},"id":"001a0000000000026447","properties":{"FID":380784}},{"type":"Feature","geometry":{"type":"Polygon","coordinates":[[[37.04256403442384,-1.231639355311987],[37.04259523643626,-1.2317062409501724],[37.04267991584606,-1.231666155655939],[37.04264871386999,-1.231599270154613],[37.04256403442384,-1.231639355311987]]]},"id":"001a00000000000227e0","properties":{"FID":489585}},{"type":"Feature","geometry":{"type":"Polygon","coordinates":[[[37.03157231293828,-1.2592724503047352],[37.03159016875848,-1.2593125571528074],[37.03164815919015,-1.2592902721944483],[37.031634726382414,-1.2592501511534002],[37.03157231293828,-1.2592724503047352]]]},"id":"001a00000000000247c5","properties":{"FID":492657}},{"type":"Feature","geometry":{"type":"Polygon","coordinates":[[[37.04223850081832,-1.260463017895353],[37.04230090510923,-1.2605610891076495],[37.04242129118835,-1.2604897514443913],[37.042363309346555,-1.2603872365289968],[37.04223850081832,-1.260463017895353]]]},"id":"001a0000000000035b27","properties":{"FID":492913}},{"type":"Feature","geometry":{"type":"Polygon","coordinates":[[[37.06889057423156,-1.2384662666227673],[37.06891726234191,-1.2385108511656284],[37.068984146305425,-1.2384662732566984],[37.06896187894621,-1.2384261599465762],[37.06889057423156,-1.2384662666227673]]]},"id":"001a00000000000203ba","properties":{"FID":494193}},{"type":"Feature","geometry":{"type":"Polygon","coordinates":[[[37.03094801173582,-1.2299895080986747],[37.030983723678276,-1.2300385638712417],[37.031014930659495,-1.2300162810484978],[37.030979300640475,-1.2299672239921795],[37.03094801173582,-1.2299895080986747]]]},"id":"001a0000000000029295","properties":{"FID":380785}},{"type":"Feature","geometry":{"type":"Polygon","coordinates":[[[37.042274125321654,-1.2315145257245654],[37.04231875829545,-1.231790982036751],[37.04239459334039,-1.2317820803553],[37.042349960413155,-1.2315011394761235],[37.042274125321654,-1.2315145257245654]]]},"id":"001a000000000003698e","properties":{"FID":489586}},{"type":"Feature","geometry":{"type":"Polygon","coordinates":[[[37.02920457598165,-1.2592188966442417],[37.02923127867186,-1.2593125528634683],[37.02927591965046,-1.2592991719275937],[37.02924471192334,-1.259205531388177],[37.02920457598165,-1.2592188966442417]]]},"id":"001a000000000002e892","properties":{"FID":492658}},{"type":"Feature","geometry":{"type":"Polygon","coordinates":[[[37.03586642956964,-1.26038719884662],[37.03589321171719,-1.2604318227114921],[37.0359734761982,-1.2603827646166121],[37.035946694080195,-1.2603381408463858],[37.03586642956964,-1.26038719884662]]]},"id":"001a0000000000019a33","properties":{"FID":492914}},{"type":"Feature","geometry":{"type":"Polygon","coordinates":[[[37.02962813191568,-1.2299716882193208],[37.02965491636004,-1.2300073740668458],[37.02969505205331,-1.2299805790027623],[37.02966826762374,-1.2299449522118586],[37.02962813191568,-1.2299716882193208]]]},"id":"001a0000000000022c0d","properties":{"FID":380786}},{"type":"Feature","geometry":{"type":"Polygon","coordinates":[[[37.04216266561056,-1.2314431583886907],[37.042167169863774,-1.2314877573923677],[37.042211721007774,-1.2314833171825652],[37.04220279440206,-1.231438730909618],[37.04216266561056,-1.2314431583886907]]]},"id":"001a000000000001f9ed","properties":{"FID":489587}},{"type":"Feature","geometry":{"type":"Polygon","coordinates":[[[37.02398737039013,-1.259254614001322],[37.02403201458549,-1.2593259446106717],[37.024143420164556,-1.2592545683055254],[37.024094434497115,-1.2591832507749134],[37.02398737039013,-1.259254614001322]]]},"id":"001a0000000000030d8c","properties":{"FID":492659}},{"type":"Feature","geometry":{"type":"Polygon","coordinates":[[[37.04030320415287,-1.260324798406128],[37.040329984666435,-1.2603693605688213],[37.040401317423516,-1.2603247649618547],[37.04037461883377,-1.2602802015250998],[37.04030320415287,-1.260324798406128]]]},"id":"001a00000000000264c5","properties":{"FID":492915}},{"type":"Feature","geometry":{"type":"Polygon","coordinates":[[[37.02562386943917,-1.2299315696692494],[37.02564615008133,-1.229971697890697],[37.02570414525025,-1.229940481047265],[37.025681864625845,-1.2299003528843249],[37.02562386943917,-1.2299315696692494]]]},"id":"001a00000000000209dd","properties":{"FID":380787}},{"type":"Feature","geometry":{"type":"Polygon","coordinates":[[[37.02828152512361,-1.2523519030473251],[37.028330589883964,-1.2523519211547827],[37.028330589883964,-1.2523073318088334],[37.02828152512361,-1.2523073136736886],[37.02828152512361,-1.2523519030473251]]]},"id":"001a00000000000277e5","properties":{"FID":489588}},{"type":"Feature","geometry":{"type":"Polygon","coordinates":[[[37.02409885795339,-1.2591832365523874],[37.02412113906239,-1.2592099822614538],[37.024174711995066,-1.259165438993626],[37.02415234898668,-1.259138635609571],[37.02409885795339,-1.2591832365523874]]]},"id":"001a000000000001ffad","properties":{"FID":492660}},{"type":"Feature","geometry":{"type":"Polygon","coordinates":[[[37.03985735219676,-1.2603158364056346],[37.03988405097646,-1.2603470516916713],[37.03993310791113,-1.2603113898344318],[37.0399108316444,-1.2602802193309086],[37.03985735219676,-1.2603158364056346]]]},"id":"001a000000000002d2e6","properties":{"FID":492916}},{"type":"Feature","geometry":{"type":"Polygon","coordinates":[[[37.03107292154969,-1.2299226254509876],[37.03110855152287,-1.2299939910664877],[37.03118439825822,-1.2299538705231465],[37.03114868641428,-1.2298825063704468],[37.03107292154969,-1.2299226254509876]]]},"id":"001a000000000002ffca","properties":{"FID":380788}},{"type":"Feature","geometry":{"type":"Polygon","coordinates":[[[37.027090936866195,-1.2522939223644092],[37.02710428860032,-1.2523608531342847],[37.027175634328344,-1.252347451866009],[37.027166705877114,-1.2522805664005645],[37.027090936866195,-1.2522939223644092]]]},"id":"001a000000000002716a","properties":{"FID":489589}},{"type":"Feature","geometry":{"type":"Polygon","coordinates":[[[37.02940967860221,-1.2591342172240116],[37.02944088625857,-1.259214448521008],[37.029507724658664,-1.2591877044563282],[37.02947651703097,-1.2591074732812721],[37.02940967860221,-1.2591342172240116]]]},"id":"001a00000000000255ee","properties":{"FID":492661}},{"type":"Feature","geometry":{"type":"Polygon","coordinates":[[[37.0365130477774,-1.2603158671860393],[37.03653082048293,-1.2603515438366275],[37.03660666156463,-1.260311419658169],[37.03658438427886,-1.2602757587489821],[37.0365130477774,-1.2603158671860393]]]},"id":"001a000000000002c275","properties":{"FID":492917}},{"type":"Feature","geometry":{"type":"Polygon","coordinates":[[[37.02780439112961,-1.229895861404373],[37.02783117624529,-1.229962769640163],[37.027893592898614,-1.2299360265388957],[37.027866807805914,-1.2298691184008894],[37.02780439112961,-1.229895861404373]]]},"id":"001a000000000001b234","properties":{"FID":380789}},{"type":"Feature","geometry":{"type":"Polygon","coordinates":[[[37.026979453886156,-1.2522984174132759],[37.027024014333634,-1.2523831424397904],[37.02706865666635,-1.252360849822777],[37.027024014333634,-1.252276126238551],[37.026979453886156,-1.2522984174132759]]]},"id":"001a0000000000020abe","properties":{"FID":489590}},{"type":"Feature","geometry":{"type":"Polygon","coordinates":[[[37.023969594620326,-1.2591297308073155],[37.02401858037178,-1.2591876976638232],[37.0240855056679,-1.2591341902248656],[37.024040861505355,-1.2590762106186928],[37.023969594620326,-1.2591297308073155]]]},"id":"001a000000000001aeb5","properties":{"FID":492662}},{"type":"Feature","geometry":{"type":"Polygon","coordinates":[[[37.03964327021618,-1.2602801703254547],[37.03966112405502,-1.2603560078177987],[37.039714603647,-1.260347087604057],[37.03971910805186,-1.2603738280158947],[37.03981722211069,-1.2603515273550088],[37.03979494580845,-1.2602489483517973],[37.03964327021618,-1.2602801703254547]]]},"id":"001a000000000002ea1d","properties":{"FID":492918}},{"type":"Feature","geometry":{"type":"Polygon","coordinates":[[[37.02910644760649,-1.229846809793283],[37.02912872718241,-1.2299092452903821],[37.029208999127334,-1.2298780232753337],[37.02918671957598,-1.2298155878916814],[37.02910644760649,-1.229846809793283]]]},"id":"001a0000000000033442","properties":{"FID":380790}},{"type":"Feature","geometry":{"type":"Polygon","coordinates":[[[37.031576817847466,-1.2522449078406146],[37.03159909666693,-1.2522849940970395],[37.031652582187284,-1.2522493283894796],[37.0316303033842,-1.252213671397725],[37.031576817847466,-1.2522449078406146]]]},"id":"001a000000000002379d","properties":{"FID":489591}},{"type":"Feature","geometry":{"type":"Polygon","coordinates":[[[37.029512229695676,-1.2590762242944509],[37.02953008602147,-1.2591609296623583],[37.0295702217836,-1.259152053804182],[37.029552365467666,-1.2590717787188046],[37.029512229695676,-1.2590762242944509]]]},"id":"001a000000000002e237","properties":{"FID":492663}},{"type":"Feature","geometry":{"type":"Polygon","coordinates":[[[37.03633466526658,-1.260271278305009],[37.03637029266251,-1.2603337112882385],[37.036423856576675,-1.2603069513486669],[37.03639265191589,-1.260244504134232],[37.03633466526658,-1.260271278305009]]]},"id":"001a000000000002d3a8","properties":{"FID":492919}},{"type":"Feature","geometry":{"type":"Polygon","coordinates":[[[37.02811655588709,-1.2299404439994346],[37.028147764098044,-1.2299940009612973],[37.028397429303936,-1.2298557487949484],[37.028366221200045,-1.2298022511909188],[37.02811655588709,-1.2299404439994346]]]},"id":"001a000000000003907c","properties":{"FID":380791}},{"type":"Feature","geometry":{"type":"Polygon","coordinates":[[[37.03186660578258,-1.2413066882039645],[37.03193352386132,-1.241404835793743],[37.031987009135804,-1.241369130034166],[37.03192017301332,-1.241271040284826],[37.03186660578258,-1.2413066882039645]]]},"id":"001a000000000002c2e1","properties":{"FID":489336}},{"type":"Feature","geometry":{"type":"Polygon","coordinates":[[[37.02821018047983,-1.2522315360610128],[37.028236883534944,-1.252280587140335],[37.02828152512361,-1.2522582949598866],[37.02825031697001,-1.252204770670407],[37.02821018047983,-1.2522315360610128]]]},"id":"001a000000000002036e","properties":{"FID":489592}},{"type":"Feature","geometry":{"type":"Polygon","coordinates":[[[37.03451977443859,-1.259022709336311],[37.03456883499198,-1.2591475883484131],[37.03468030634338,-1.2591074659532044],[37.03463124586518,-1.258982587243694],[37.03451977443859,-1.259022709336311]]]},"id":"001a000000000003646c","properties":{"FID":492664}},{"type":"Feature","geometry":{"type":"Polygon","coordinates":[[[37.037172928221274,-1.2602757395518274],[37.03719528722788,-1.260324806820852],[37.03727104571562,-1.260284625301031],[37.037244264075454,-1.2602355724404473],[37.037172928221274,-1.2602757395518274]]]},"id":"001a000000000002fd80","properties":{"FID":492920}},{"type":"Feature","geometry":{"type":"Polygon","coordinates":[[[37.03128694685026,-1.2297799388146273],[37.03133150465991,-1.2298111458056984],[37.031353865462194,-1.229784403177259],[37.0313092257585,-1.2297487122334254],[37.03128694685026,-1.2297799388146273]]]},"id":"001a0000000000024b97","properties":{"FID":380792}},{"type":"Feature","geometry":{"type":"Polygon","coordinates":[[[37.03129136986936,-1.241181836644584],[37.03131373068397,-1.2412219707592596],[37.031358288477215,-1.2411996942473067],[37.03134043260011,-1.2411551178417868],[37.03129136986936,-1.241181836644584]]]},"id":"001a0000000000023826","properties":{"FID":489337}},{"type":"Feature","geometry":{"type":"Polygon","coordinates":[[[37.02509322771803,-1.2521646055032234],[37.02511550852264,-1.2522047541239827],[37.02515122332755,-1.252186919810491],[37.025128942533875,-1.2521467712244803],[37.02509322771803,-1.2521646055032234]]]},"id":"001a0000000000022720","properties":{"FID":489593}},{"type":"Feature","geometry":{"type":"Polygon","coordinates":[[[37.030600228921,-1.2589379892202117],[37.03061358001123,-1.258982601051761],[37.03067607618628,-1.2589647308691394],[37.03065822014174,-1.2589201346746128],[37.030600228921,-1.2589379892202117]]]},"id":"001a000000000002b739","properties":{"FID":492665}},{"type":"Feature","geometry":{"type":"Polygon","coordinates":[[[37.040120408457454,-1.2602980045979137],[37.04017839208803,-1.260320313538655],[37.040200668272796,-1.2602489492615834],[37.040142684659976,-1.260231129162525],[37.040120408457454,-1.2602980045979137]]]},"id":"001a0000000000023449","properties":{"FID":492921}},{"type":"Feature","geometry":{"type":"Polygon","coordinates":[[[37.0263194809758,-1.2296773803268464],[37.02635519518991,-1.2297665728844678],[37.02649788804475,-1.2297130335565085],[37.02646667912624,-1.2296238864149855],[37.0263194809758,-1.2296773803268464]]]},"id":"001a0000000000032a58","properties":{"FID":380793}},{"type":"Feature","geometry":{"type":"Polygon","coordinates":[[[37.031255739985724,-1.2411105116530543],[37.03127801890351,-1.2411551338732556],[37.0313404326001,-1.2411238872968626],[37.031313730683976,-1.2410792783633173],[37.031255739985724,-1.2411105116530543]]]},"id":"001a0000000000028da6","properties":{"FID":489338}},{"type":"Feature","geometry":{"type":"Polygon","coordinates":[[[37.02701508586381,-1.2521468149320736],[37.02706865666635,-1.2522493452272023],[37.02713107397369,-1.2522181371695087],[37.02707758512961,-1.2521155466216514],[37.02701508586381,-1.2521468149320736]]]},"id":"001a0000000000035a95","properties":{"FID":489594}},{"type":"Feature","geometry":{"type":"Polygon","coordinates":[[[37.024732064753856,-1.2588800369930797],[37.02478113190726,-1.2589558416662254],[37.024821270288626,-1.2589335559956851],[37.02477220316228,-1.2588577513982702],[37.024732064753856,-1.2588800369930797]]]},"id":"001a00000000000331b9","properties":{"FID":492666}},{"type":"Feature","geometry":{"type":"Polygon","coordinates":[[[37.045301898620494,-1.2602355813862203],[37.04534202567901,-1.2603024798990954],[37.04540442730561,-1.2602668351220476],[37.045364300281534,-1.2601954481769144],[37.045301898620494,-1.2602355813862203]]]},"id":"001a0000000000024cc2","properties":{"FID":492922}},{"type":"Feature","geometry":{"type":"Polygon","coordinates":[[[37.02895483163475,-1.2296193857574886],[37.028968183026905,-1.2296506266044194],[37.02905738336928,-1.2296149521883275],[37.02904403199349,-1.2295837114043575],[37.02895483163475,-1.2296193857574886]]]},"id":"001a0000000000031368","properties":{"FID":380794}},{"type":"Feature","geometry":{"type":"Polygon","coordinates":[[[37.031679365886376,-1.2409544648513593],[37.03170606766831,-1.2410302446985497],[37.03178633676973,-1.2410079755211896],[37.03176405800761,-1.2409321235475312],[37.031679365886376,-1.2409544648513593]]]},"id":"001a000000000001a039","properties":{"FID":489339}},{"type":"Feature","geometry":{"type":"Polygon","coordinates":[[[37.027153354154436,-1.252097761456516],[37.027166705877114,-1.2521333903935095],[37.02721577138913,-1.2521155727865692],[37.02720684294283,-1.2520843594945779],[37.027153354154436,-1.252097761456516]]]},"id":"001a0000000000027146","properties":{"FID":489595}},{"type":"Feature","geometry":{"type":"Polygon","coordinates":[[[37.024732064753856,-1.2588800369930797],[37.02470527849755,-1.2588309777052402],[37.02463393034782,-1.2588666581958854],[37.02466514005223,-1.2589157033599736],[37.024732064753856,-1.2588800369930797]]]},"id":"001a000000000001af44","properties":{"FID":492667}},{"type":"Feature","geometry":{"type":"Polygon","coordinates":[[[37.03527787505438,-1.260244511403518],[37.035331357869886,-1.2603292127300283],[37.035424973178145,-1.2602668201309208],[37.03537149043149,-1.2601820599544333],[37.03527787505438,-1.260244511403518]]]},"id":"001a0000000000037309","properties":{"FID":492923}},{"type":"Feature","geometry":{"type":"Polygon","coordinates":[[[37.0663934733193,-1.264137315625965],[37.066469283234,-1.2643022809827287],[37.06654951394301,-1.2642621476076659],[37.066473704112106,-1.2640971825792762],[37.0663934733193,-1.264137315625965]]]},"id":"001a00000000000376df","properties":{"FID":495739}},{"type":"Feature","geometry":{"type":"Polygon","coordinates":[[[37.03063143606672,-1.2295436208526187],[37.03066714816456,-1.2296060142900591],[37.03070277833645,-1.2295837192721177],[37.03066714816456,-1.2295257508558732],[37.03063143606672,-1.2295436208526187]]]},"id":"001a0000000000020fa0","properties":{"FID":380795}},{"type":"Feature","geometry":{"type":"Polygon","coordinates":[[[37.033641347410544,-1.2406556973483633],[37.033681480904626,-1.240727004838896],[37.03373496489396,-1.24070027421763],[37.03369483142938,-1.2406289077851682],[37.033641347410544,-1.2406556973483633]]]},"id":"001a000000000002f8fa","properties":{"FID":489340}},{"type":"Feature","geometry":{"type":"Polygon","coordinates":[[[37.02916886316594,-1.2521155737910474],[37.02921342227275,-1.2521735428612688],[37.02926248640473,-1.2521334017950843],[37.02921342227275,-1.2520754479918157],[37.02916886316594,-1.2521155737910474]]]},"id":"001a000000000002172e","properties":{"FID":489596}},{"type":"Feature","geometry":{"type":"Polygon","coordinates":[[[37.027465521704656,-1.2588220520015072],[37.027474450119215,-1.2588755993978018],[37.02755914713501,-1.258866635089645],[37.027554641977076,-1.2588131326250838],[37.027465521704656,-1.2588220520015072]]]},"id":"001a000000000001a714","properties":{"FID":492668}},{"type":"Feature","geometry":{"type":"Polygon","coordinates":[[[37.036423856576675,-1.260182084779862],[37.036463988535445,-1.2602757480694458],[37.036579879679806,-1.2602222012105933],[37.036539747785,-1.2601285972483514],[37.036423856576675,-1.260182084779862]]]},"id":"001a0000000000037e25","properties":{"FID":492924}},{"type":"Feature","geometry":{"type":"Polygon","coordinates":[[[37.056868793188045,-1.2641283785309105],[37.05690891385865,-1.2642487793211044],[37.05703828240068,-1.264204220853572],[37.056993658467604,-1.2640837772837357],[37.056868793188045,-1.2641283785309105]]]},"id":"001a000000000003538a","properties":{"FID":495740}},{"type":"Feature","geometry":{"type":"Polygon","coordinates":[[[37.024192487714785,-1.2293250889670702],[37.024210345345885,-1.2293652299255107],[37.024263836297244,-1.2293429396967726],[37.024250484042014,-1.229302843947136],[37.024192487714785,-1.2293250889670702]]]},"id":"001a000000000001bddf","properties":{"FID":380796}},{"type":"Feature","geometry":{"type":"Polygon","coordinates":[[[37.0313805673636,-1.2406289193726983],[37.0314117741746,-1.2407136578504232],[37.03149654851487,-1.2406779734197562],[37.03146534174023,-1.2405977218385833],[37.0313805673636,-1.2406289193726983]]]},"id":"001a0000000000028b61","properties":{"FID":489341}},{"type":"Feature","geometry":{"type":"Polygon","coordinates":[[[37.02571307388091,-1.2520932640147175],[37.02575763510379,-1.2522181511282422],[37.025873625217756,-1.2521780276440957],[37.025828982151985,-1.2520487126831126],[37.02571307388091,-1.2520932640147175]]]},"id":"001a000000000003a1eb","properties":{"FID":489597}},{"type":"Feature","geometry":{"type":"Polygon","coordinates":[[[37.03158566385013,-1.2587774755567707],[37.03161244757386,-1.258848798903329],[37.03165708709149,-1.2588309886845455],[37.03162579847833,-1.2587596219168242],[37.03158566385013,-1.2587774755567707]]]},"id":"001a000000000002fc9d","properties":{"FID":492669}},{"type":"Feature","geometry":{"type":"Polygon","coordinates":[[[37.035282297830825,-1.2601151989157977],[37.0353180076455,-1.260168712030221],[37.03534470809182,-1.2601509033358484],[37.035313502968016,-1.2600973746004507],[37.035282297830825,-1.2601151989157977]]]},"id":"001a0000000000026537","properties":{"FID":492925}},{"type":"Feature","geometry":{"type":"Polygon","coordinates":[[[37.067695493511636,-1.2640659619225603],[37.06772668472998,-1.2641283893339335],[37.06785603399639,-1.2640659444676487],[37.067833766291,-1.264025807422825],[37.06778022553025,-1.2640525631590862],[37.06777130206628,-1.2640302729577477],[37.067695493511636,-1.2640659619225603]]]},"id":"001a000000000001f734","properties":{"FID":495741}},{"type":"Feature","geometry":{"type":"Polygon","coordinates":[[[37.02512001383157,-1.2291735097508758],[37.0251378712351,-1.2292180766388436],[37.0251868562003,-1.2292002272503286],[37.0251735041144,-1.229155646554323],[37.02512001383157,-1.2291735097508758]]]},"id":"001a000000000001d5da","properties":{"FID":380797}},{"type":"Feature","geometry":{"type":"Polygon","coordinates":[[[37.03122453310779,-1.2405932710808383],[37.031242389013336,-1.2406423336864614],[37.03130029781448,-1.2406244446569117],[37.03128244192314,-1.240570954409715],[37.03122453310779,-1.2405932710808383]]]},"id":"001a0000000000021354","properties":{"FID":489342}},{"type":"Feature","geometry":{"type":"Polygon","coordinates":[[[37.02634626663803,-1.2520576118799671],[37.026368547059036,-1.2521021892358655],[37.02644882204873,-1.25207098223185],[37.026426541652306,-1.2520219164229387],[37.02634626663803,-1.2520576118799671]]]},"id":"001a000000000001f582","properties":{"FID":489598}},{"type":"Feature","geometry":{"type":"Polygon","coordinates":[[[37.02479448406515,-1.2587952968633305],[37.024839045850435,-1.258884467348735],[37.02492825125408,-1.2588399255458986],[37.02488368952341,-1.258750696183197],[37.02479448406515,-1.2587952968633305]]]},"id":"001a0000000000027a23","properties":{"FID":492670}},{"type":"Feature","geometry":{"type":"Polygon","coordinates":[[[37.042082407961104,-1.2601419469185229],[37.04214931664032,-1.2602355723046688],[37.04225635401988,-1.2601597913101172],[37.042207298652784,-1.2600840019664254],[37.04217609647385,-1.2601018248386149],[37.042162665610554,-1.2600884634494096],[37.042082407961104,-1.2601419469185229]]]},"id":"001a000000000003498e","properties":{"FID":492926}},{"type":"Feature","geometry":{"type":"Polygon","coordinates":[[[37.067383334989444,-1.2640347287886797],[37.06738783767895,-1.2640882711548664],[37.06746806737253,-1.2640793170344498],[37.06745914387018,-1.2640213605973387],[37.067383334989444,-1.2640347287886797]]]},"id":"001a00000000000278a2","properties":{"FID":495742}},{"type":"Feature","geometry":{"type":"Polygon","coordinates":[[[37.028928046932684,-1.2292047437934979],[37.028963759866585,-1.2292671381400255],[37.02917779137152,-1.2291422758062034],[37.029142078542655,-1.2290798818074697],[37.028928046932684,-1.2292047437934979]]]},"id":"001a00000000000374ef","properties":{"FID":380798}},{"type":"Feature","geometry":{"type":"Polygon","coordinates":[[[37.03098814671579,-1.2404951757128053],[37.03105506560256,-1.240664579537084],[37.03111747949042,-1.2406423072299497],[37.03104613762734,-1.2404728577820647],[37.03098814671579,-1.2404951757128053]]]},"id":"001a000000000001d1f6","properties":{"FID":489343}},{"type":"Feature","geometry":{"type":"Polygon","coordinates":[[[37.026876899223204,-1.2520352846446967],[37.02690810796581,-1.2521111341420244],[37.026992805640745,-1.25207099552685],[37.02695717365218,-1.2519996485082736],[37.026876899223204,-1.2520352846446967]]]},"id":"001a0000000000034e2e","properties":{"FID":489599}},{"type":"Feature","geometry":{"type":"Polygon","coordinates":[[[37.028040705953714,-1.2587150569380596],[37.02807641932312,-1.2588220911419965],[37.028170043967506,-1.2587863974571838],[37.02813433064405,-1.2586838527964221],[37.028040705953714,-1.2587150569380596]]]},"id":"001a000000000003708b","properties":{"FID":492671}},{"type":"Feature","geometry":{"type":"Polygon","coordinates":[[[37.036236546508896,-1.2601196876204321],[37.03626775123667,-1.2601731566731444],[37.03639265191588,-1.2601062887653065],[37.03636586995224,-1.2600483165464358],[37.036236546508896,-1.2601196876204321]]]},"id":"001a00000000000279d4","properties":{"FID":492927}},{"type":"Feature","geometry":{"type":"Polygon","coordinates":[[[37.059682508527935,-1.264039231313723],[37.05971820635477,-1.2640882435635887],[37.05977617434813,-1.2640481241291677],[37.05974489783769,-1.2639990973763657],[37.059682508527935,-1.264039231313723]]]},"id":"001a000000000002bc27","properties":{"FID":495743}},{"type":"Feature","geometry":{"type":"Polygon","coordinates":[[[37.02915100675151,-1.229075429097396],[37.029182214518826,-1.2291333516101408],[37.02921342227275,-1.229115554598072],[37.02918221451882,-1.229057573114824],[37.02915100675151,-1.229075429097396]]]},"id":"001a000000000001df75","properties":{"FID":380799}},{"type":"Feature","geometry":{"type":"Polygon","coordinates":[[[37.0314117741746,-1.2404995934490701],[37.031460836824145,-1.2405843352183772],[37.03153217828057,-1.2405442066057584],[37.03148311567914,-1.2404594649907275],[37.0314117741746,-1.2404995934490701]]]},"id":"001a0000000000032255","properties":{"FID":489344}},{"type":"Feature","geometry":{"type":"Polygon","coordinates":[[[37.02480341280741,-1.2519461309218647],[37.02483019902759,-1.2520219370433705],[37.02488368952341,-1.251999616667938],[37.02485690332292,-1.25192829924895],[37.02480341280741,-1.2519461309218647]]]},"id":"001a000000000001afa9","properties":{"FID":489600}},{"type":"Feature","geometry":{"type":"Polygon","coordinates":[[[37.03086782361769,-1.2586570571156461],[37.03090345369131,-1.258773007903964],[37.03092130967566,-1.2587640881214672],[37.03092130967566,-1.2587685772918713],[37.03096586770924,-1.2587551984779701],[37.03093466070697,-1.2586392336273273],[37.03086782361769,-1.2586570571156461]]]},"id":"001a000000000002bef3","properties":{"FID":492672}},{"type":"Feature","geometry":{"type":"Polygon","coordinates":[[[37.03761887853768,-1.2600259947662067],[37.03769021395441,-1.2601151811912215],[37.037779403602045,-1.2600438864441945],[37.03771249090144,-1.2599546859483017],[37.03761887853768,-1.2600259947662067]]]},"id":"001a0000000000039f66","properties":{"FID":492928}},{"type":"Feature","geometry":{"type":"Polygon","coordinates":[[[37.06122535914141,-1.2639857195597122],[37.06123870460708,-1.2640258314970596],[37.06126989860007,-1.264012438050234],[37.06125655314014,-1.263972326142596],[37.06122535914141,-1.2639857195597122]]]},"id":"001a00000000000272ae","properties":{"FID":495744}},{"type":"Feature","geometry":{"type":"Polygon","coordinates":[[[37.029730682701256,-1.228834587535195],[37.02977532337347,-1.2288970133522077],[37.02981095398209,-1.2288702926391528],[37.02976639524121,-1.2288122918045274],[37.029730682701256,-1.228834587535195]]]},"id":"001a00000000000280cf","properties":{"FID":380800}},{"type":"Feature","geometry":{"type":"Polygon","coordinates":[[[37.03148311567914,-1.240468379375426],[37.03152325036391,-1.2404951756304472],[37.031550034110616,-1.2404505796421461],[37.03150989944062,-1.2404282701131404],[37.03148311567914,-1.240468379375426]]]},"id":"001a00000000000200d6","properties":{"FID":489345}},{"type":"Feature","geometry":{"type":"Polygon","coordinates":[[[37.02555252218989,-1.2519148898651846],[37.025561450839156,-1.251981776024866],[37.02561051743343,-1.2519728763566726],[37.02560158879019,-1.2519059902553953],[37.02555252218989,-1.2519148898651846]]]},"id":"001a0000000000028034","properties":{"FID":489601}},{"type":"Feature","geometry":{"type":"Polygon","coordinates":[[[37.03152775527612,-1.2586481321765384],[37.03157231293828,-1.2587596220994888],[37.03163923128772,-1.2587328780607607],[37.03159459175913,-1.2586213896639917],[37.03152775527612,-1.2586481321765384]]]},"id":"001a000000000002476a","properties":{"FID":492673}},{"type":"Feature","geometry":{"type":"Polygon","coordinates":[[[37.037436076094096,-1.259869964655585],[37.03749848450687,-1.259976959607856],[37.03753861587262,-1.259954676037234],[37.03747620749428,-1.2598431922528297],[37.037436076094096,-1.259869964655585]]]},"id":"001a000000000002f9ef","properties":{"FID":492929}},{"type":"Feature","geometry":{"type":"Polygon","coordinates":[[[37.067633111034695,-1.2639277620917848],[37.06768214923301,-1.264052602801224],[37.06771776125944,-1.2640391957079165],[37.06766872308518,-1.2639099263838989],[37.067633111034695,-1.2639277620917848]]]},"id":"001a000000000002fc11","properties":{"FID":495745}},{"type":"Feature","geometry":{"type":"Polygon","coordinates":[[[37.03060473389037,-1.2287677491536766],[37.03062250803953,-1.228803402362198],[37.03066264319905,-1.2287855795834728],[37.030644869059714,-1.228749867392479],[37.03060473389037,-1.2287677491536766]]]},"id":"001a0000000000026698","properties":{"FID":380801}},{"type":"Feature","geometry":{"type":"Polygon","coordinates":[[[37.03205835007625,-1.2403256855064744],[37.03207178280578,-1.240352445190584],[37.032125267978614,-1.24032571462366],[37.032111835258966,-1.2403034416275474],[37.03205835007625,-1.2403256855064744]]]},"id":"001a0000000000023ed7","properties":{"FID":489346}},{"type":"Feature","geometry":{"type":"Polygon","coordinates":[[[37.02730046870599,-1.2519862552347194],[37.02733167726694,-1.2520576157419747],[37.027469944956046,-1.2519907269643709],[37.0274208796154,-1.2518836941858065],[37.02732283074709,-1.2519327338112531],[37.02734060569793,-1.251968407760269],[37.02730046870599,-1.2519862552347194]]]},"id":"001a000000000002e68e","properties":{"FID":489602}},{"type":"Feature","geometry":{"type":"Polygon","coordinates":[[[37.0330393423422,-1.2586302947960806],[37.03307505325805,-1.2587239728936477],[37.03314639313148,-1.2586972151467906],[37.03319987751423,-1.2586748879386014],[37.03316424856531,-1.2585857568330723],[37.0330393423422,-1.2586302947960806]]]},"id":"001a0000000000039050","properties":{"FID":492674}},{"type":"Feature","geometry":{"type":"Polygon","coordinates":[[[37.042051205728576,-1.259843198302038],[37.042077985598254,-1.259896677288989],[37.04212253679691,-1.2598699510740201],[37.042100261201,-1.2598208861038305],[37.042051205728576,-1.259843198302038]]]},"id":"001a000000000001e246","properties":{"FID":492930}},{"type":"Feature","geometry":{"type":"Polygon","coordinates":[[[37.067209449093475,-1.2639188171696947],[37.067262990275324,-1.2640302972632769],[37.06736548796282,-1.2639812316572163],[37.06730752602952,-1.2638697664310017],[37.067209449093475,-1.2639188171696947]]]},"id":"001a0000000000024742","properties":{"FID":495746}},{"type":"Feature","geometry":{"type":"Polygon","coordinates":[[[37.0278133195026,-1.2286874822379916],[37.02785787943949,-1.2287454253962442],[37.02788908776139,-1.228718657755763],[37.02784895107197,-1.2286651874927947],[37.0278133195026,-1.2286874822379916]]]},"id":"001a000000000001b80e","properties":{"FID":380802}},{"type":"Feature","geometry":{"type":"Polygon","coordinates":[[[37.032085133625955,-1.2401072327878806],[37.032107412289754,-1.2401562810861884],[37.03218325798375,-1.240120566758059],[37.03216540230913,-1.2400759920059319],[37.032085133625955,-1.2401072327878806]]]},"id":"001a000000000002785e","properties":{"FID":489347}},{"type":"Feature","geometry":{"type":"Polygon","coordinates":[[[37.025592660145854,-1.2518569403741644],[37.02562386943917,-1.2519059775387482],[37.025681864625845,-1.2518747833644228],[37.0256506553574,-1.251821257720615],[37.025592660145854,-1.2518569403741644]]]},"id":"001a000000000002a06b","properties":{"FID":489603}},{"type":"Feature","geometry":{"type":"Polygon","coordinates":[[[37.033137465412906,-1.2584742705660972],[37.03315974375443,-1.2585366885552947],[37.03320438232262,-1.2585233089280745],[37.03318202208914,-1.2584608923524845],[37.033137465412906,-1.2584742705660972]]]},"id":"001a0000000000026b21","properties":{"FID":492675}},{"type":"Feature","geometry":{"type":"Polygon","coordinates":[[[37.03765008267233,-1.2598432024157522],[37.03766343246862,-1.2598654847071675],[37.037725922586795,-1.2598298361896563],[37.03771249090144,-1.2598030663701858],[37.03765008267233,-1.2598432024157522]]]},"id":"001a0000000000022d77","properties":{"FID":492931}},{"type":"Feature","geometry":{"type":"Polygon","coordinates":[[[37.067111372024875,-1.263851953100584],[37.06712029556999,-1.2639009929882872],[37.06723171699041,-1.2638831344357226],[37.067222875326266,-1.26383409327806],[37.067111372024875,-1.263851953100584]]]},"id":"001a00000000000240a0","properties":{"FID":495747}},{"type":"Feature","geometry":{"type":"Polygon","coordinates":[[[37.02598953323313,-1.2285938012394526],[37.02601631901679,-1.228674106249022],[37.02614115538306,-1.228629475932238],[37.02610994631157,-1.2285492426601632],[37.02598953323313,-1.2285938012394526]]]},"id":"001a0000000000030b3f","properties":{"FID":380803}},{"type":"Feature","geometry":{"type":"Polygon","coordinates":[[[37.03344518440148,-1.240031428836577],[37.03365469794267,-1.2403926002797148],[37.03369040855642,-1.240370292717123],[37.03348531800379,-1.2400091084579885],[37.03344518440148,-1.240031428836577]]]},"id":"001a000000000003abef","properties":{"FID":489348}},{"type":"Feature","geometry":{"type":"Polygon","coordinates":[[[37.02490154698494,-1.2518480092110733],[37.02493717997993,-1.2519550304744584],[37.025021879948575,-1.2519282980401751],[37.024986246995056,-1.2518212769658315],[37.02490154698494,-1.2518480092110733]]]},"id":"001a0000000000037683","properties":{"FID":489604}},{"type":"Feature","geometry":{"type":"Polygon","coordinates":[[[37.027224699834335,-1.2585634135301607],[37.02734060569793,-1.2587150178964464],[37.02738074266773,-1.258683813516989],[37.02734060569793,-1.2586258804472905],[37.02741645636103,-1.2585679164711308],[37.02739859951657,-1.2585455883235803],[37.027469944956046,-1.2584920704099143],[37.02741195119425,-1.2584162988759713],[37.027224699834335,-1.2585634135301607]]]},"id":"001a00000000000394aa","properties":{"FID":492676}},{"type":"Feature","geometry":{"type":"Polygon","coordinates":[[[37.043977529474205,-1.2597852545599533],[37.04399980449489,-1.259825341161634],[37.04406228916718,-1.259785206789839],[37.044039932272256,-1.2597451216154643],[37.043977529474205,-1.2597852545599533]]]},"id":"001a0000000000020a80","properties":{"FID":492932}},{"type":"Feature","geometry":{"type":"Polygon","coordinates":[[[37.06762418755263,-1.2638429975716274],[37.06765537880164,-1.263905424717739],[37.06771334045711,-1.2638787136161769],[37.06768657003724,-1.2638162719668278],[37.06762418755263,-1.2638429975716274]]]},"id":"001a0000000000020f84","properties":{"FID":495748}},{"type":"Feature","geometry":{"type":"Polygon","coordinates":[[[37.02806749098241,-1.2285180049985012],[37.0281076275513,-1.2286607093886792],[37.02820125215554,-1.2286295096092934],[37.02815669242891,-1.2284912442986031],[37.02806749098241,-1.2285180049985012]]]},"id":"001a0000000000038081","properties":{"FID":380804}},{"type":"Feature","geometry":{"type":"Polygon","coordinates":[[[37.03121110022182,-1.2398485812597404],[37.031237884083446,-1.2399244171567376],[37.031318153701434,-1.2398931764334116],[37.03129136986936,-1.239817399708953],[37.03121110022182,-1.2398485812597404]]]},"id":"001a000000000002e333","properties":{"FID":489349}},{"type":"Feature","geometry":{"type":"Polygon","coordinates":[[[37.02544996551618,-1.2518257450874544],[37.025481174870684,-1.2518971070256202],[37.02553024151908,-1.251879230297543],[37.025499032185614,-1.251803438939767],[37.02544996551618,-1.2518257450874544]]]},"id":"001a000000000002100f","properties":{"FID":489605}},{"type":"Feature","geometry":{"type":"Polygon","coordinates":[[[37.02744315970741,-1.2584163136354714],[37.02746101654093,-1.2584921001498417],[37.02754129032557,-1.2584698007127133],[37.02751901026361,-1.2583939694373838],[37.02744315970741,-1.2584163136354714]]]},"id":"001a0000000000022549","properties":{"FID":492677}},{"type":"Feature","geometry":{"type":"Polygon","coordinates":[[[37.03581736989148,-1.2597272345872834],[37.03585307944346,-1.2598610178315834],[37.03595562145396,-1.2598342730274312],[37.035919911952334,-1.2597004900526338],[37.03581736989148,-1.2597272345872834]]]},"id":"001a0000000000035fed","properties":{"FID":492933}},{"type":"Feature","geometry":{"type":"Polygon","coordinates":[[[37.05716306551023,-1.2638206897916864],[37.05720768933922,-1.2639322146466618],[37.05731028310262,-1.2638965482859432],[37.05726565933667,-1.2637805943957312],[37.05716306551023,-1.2638206897916864]]]},"id":"001a0000000000028783","properties":{"FID":495749}},{"type":"Feature","geometry":{"type":"Polygon","coordinates":[[[37.02909751939216,-1.2285135667127696],[37.02911979897082,-1.2285715148629146],[37.02916886316594,-1.2285492394392035],[37.02919114272275,-1.2286160991039763],[37.02927141459882,-1.2285848796219492],[37.029226855527526,-1.228464498330885],[37.02909751939216,-1.2285135667127696]]]},"id":"001a000000000002ff56","properties":{"FID":380805}},{"type":"Feature","geometry":{"type":"Polygon","coordinates":[[[37.03244183714744,-1.23944282966167],[37.0324775483566,-1.2395364640330993],[37.03252210543703,-1.239518617374406],[37.03248647615615,-1.2394249817618201],[37.03244183714744,-1.23944282966167]]]},"id":"001a0000000000034085","properties":{"FID":489350}},{"type":"Feature","geometry":{"type":"Polygon","coordinates":[[[37.0319067402558,-1.2518257265215005],[37.03196473043513,-1.2519193774284623],[37.032004864854215,-1.251892613628878],[37.031946874706875,-1.2517989628253048],[37.0319067402558,-1.2518257265215005]]]},"id":"001a000000000002fea2","properties":{"FID":489606}},{"type":"Feature","geometry":{"type":"Polygon","coordinates":[[[37.024656293208245,-1.2583449143968632],[37.02468750290307,-1.2583984484726896],[37.02471420725075,-1.2583850694768028],[37.0246785741466,-1.2583315496113017],[37.024656293208245,-1.2583449143968632]]]},"id":"001a000000000001dd72","properties":{"FID":492678}},{"type":"Feature","geometry":{"type":"Polygon","coordinates":[[[37.04376354151977,-1.2596737554848458],[37.04379474301735,-1.259767379649922],[37.043839293163884,-1.2597540017243392],[37.04384821956865,-1.2597852145598583],[37.0439151266226,-1.2597629610840773],[37.04387499877634,-1.2596336357978675],[37.04376354151977,-1.2596737554848458]]]},"id":"001a00000000000393f1","properties":{"FID":492934}},{"type":"Feature","geometry":{"type":"Polygon","coordinates":[[[37.067312028723734,-1.263678016640562],[37.06741902902955,-1.2639322141426546],[37.067566225825956,-1.2638697676954322],[37.067454723052094,-1.2636155870016492],[37.067312028723734,-1.263678016640562]]]},"id":"001a000000000003ad34","properties":{"FID":495750}},{"type":"Feature","geometry":{"type":"Polygon","coordinates":[[[37.03069385031801,-1.2284868100674833],[37.03072956238521,-1.228531379331732],[37.03076519252654,-1.228504659376944],[37.03072956238521,-1.2284600298170267],[37.03069385031801,-1.2284868100674833]]]},"id":"001a000000000002b817","properties":{"FID":380806}},{"type":"Feature","geometry":{"type":"Polygon","coordinates":[[[37.03168829378388,-1.2392689319014043],[37.0317105725692,-1.2393090654159886],[37.03175070712851,-1.2392911729368075],[37.031728428355464,-1.2392510394593446],[37.03168829378388,-1.2392689319014043]]]},"id":"001a000000000001a35e","properties":{"FID":489351}},{"type":"Feature","geometry":{"type":"Polygon","coordinates":[[[37.025525818149795,-1.251781145513515],[37.02553024151908,-1.2518168038877198],[37.025588236780365,-1.251812363944484],[37.02558373150042,-1.2517722184039901],[37.025525818149795,-1.251781145513515]]]},"id":"001a000000000001be89","properties":{"FID":489607}},{"type":"Feature","geometry":{"type":"Polygon","coordinates":[[[37.03048432824951,-1.2583538355788793],[37.03050210242808,-1.2584519479936171],[37.03066714816456,-1.258420743538458],[37.030649292117836,-1.2583226327705401],[37.03048432824951,-1.2583538355788793]]]},"id":"001a0000000000031c78","properties":{"FID":492679}},{"type":"Feature","geometry":{"type":"Polygon","coordinates":[[[37.04160978688337,-1.2596336464493945],[37.04164098930536,-1.2596915998725386],[37.04167661410149,-1.2596692742961157],[37.041645411694795,-1.2596113209291746],[37.04160978688337,-1.2596336464493945]]]},"id":"001a000000000002e4bb","properties":{"FID":492935}},{"type":"Feature","geometry":{"type":"Polygon","coordinates":[[[37.05730577978803,-1.2636334061857597],[37.05741729815072,-1.2638563791439497],[37.057493117439,-1.2638162571357074],[37.05746183994522,-1.2637538232533836],[37.05741729815072,-1.2637761206606448],[37.05739494536487,-1.2637359797928567],[37.05750196028821,-1.2636824642760287],[37.05743956905138,-1.2635620825498801],[37.05740837341287,-1.2635754762207094],[37.05738602062428,-1.263526417991702],[37.05736825301818,-1.2635397652710578],[37.05739052393388,-1.2635888248900167],[37.05730577978803,-1.2636334061857597]]]},"id":"001a000000000003a062","properties":{"FID":495751}},{"type":"Feature","geometry":{"type":"Polygon","coordinates":[[[37.03056009372704,-1.2284778780249603],[37.03058687782832,-1.2285313850365633],[37.03073398543818,-1.2284511060111247],[37.03070728329947,-1.2283975978771189],[37.03056009372704,-1.2284778780249603]]]},"id":"001a0000000000034c7e","properties":{"FID":380807}},{"type":"Feature","geometry":{"type":"Polygon","coordinates":[[[37.032495322048206,-1.2392822728333004],[37.032553311758356,-1.2394338679196153],[37.032638084768415,-1.2393982457083264],[37.0325845180663,-1.2392510652571305],[37.032495322048206,-1.2392822728333004]]]},"id":"001a000000000001d4cf","properties":{"FID":489352}},{"type":"Feature","geometry":{"type":"Polygon","coordinates":[[[37.0272960454443,-1.2517544045691475],[37.027327254007155,-1.2518435413286138],[37.02738074266773,-1.2518257102708794],[37.02734953412782,-1.251736573612695],[37.0272960454443,-1.2517544045691475]]]},"id":"001a000000000001dd0e","properties":{"FID":489608}},{"type":"Feature","geometry":{"type":"Polygon","coordinates":[[[37.0246785741466,-1.2583003596399425],[37.02470978383188,-1.2583583240445728],[37.0247588510003,-1.2583315789520422],[37.02472313600285,-1.2582735710768203],[37.0246785741466,-1.2583003596399425]]]},"id":"001a0000000000022d4e","properties":{"FID":492680}},{"type":"Feature","geometry":{"type":"Polygon","coordinates":[[[37.0398261490093,-1.2596247209604592],[37.03984842530198,-1.2596915650933096],[37.03989748226069,-1.2596737413097978],[37.03987070158784,-1.2596068538290992],[37.0398261490093,-1.2596247209604592]]]},"id":"001a0000000000029e56","properties":{"FID":492936}},{"type":"Feature","geometry":{"type":"Polygon","coordinates":[[[37.06469452452437,-1.2635308747560676],[37.064716793192915,-1.2635977631614788],[37.0647703362136,-1.263579923865012],[37.06474806756147,-1.2635130355359172],[37.06469452452437,-1.2635308747560676]]]},"id":"001a00000000000275ab","properties":{"FID":495752}},{"type":"Feature","geometry":{"type":"Polygon","coordinates":[[[37.02697503060495,-1.2282370970353749],[37.02704637645969,-1.2283574612420785],[37.02708643167927,-1.2283307278421347],[37.02701508586381,-1.2282147900891116],[37.02697503060495,-1.2282370970353749]]]},"id":"001a000000000002dd83","properties":{"FID":380808}},{"type":"Feature","geometry":{"type":"Polygon","coordinates":[[[37.033752820183324,-1.2392243325463803],[37.033810808891026,-1.2393179555651266],[37.03392228140411,-1.2392510839362274],[37.03389107567005,-1.2392020063883502],[37.03380630412019,-1.2392510869260016],[37.03377960310915,-1.239206481262162],[37.033752820183324,-1.2392243325463803]]]},"id":"001a000000000002b453","properties":{"FID":489353}},{"type":"Feature","geometry":{"type":"Polygon","coordinates":[[[37.02775090278042,-1.2517365759647359],[37.02779546275553,-1.251812381259209],[37.02786238457865,-1.25177667063008],[37.02781774273285,-1.2517008668108403],[37.02775090278042,-1.2517365759647359]]]},"id":"001a00000000000311ae","properties":{"FID":489609}},{"type":"Feature","geometry":{"type":"Polygon","coordinates":[[[37.02420141653088,-1.2583226152563773],[37.024223697608484,-1.258358339485188],[37.02429955152006,-1.258309293973406],[37.024277270465674,-1.2582735698178085],[37.02420141653088,-1.2583226152563773]]]},"id":"001a0000000000029a7d","properties":{"FID":492681}},{"type":"Feature","geometry":{"type":"Polygon","coordinates":[[[37.04387049462894,-1.2596425104313869],[37.043901777974156,-1.2596648476756458],[37.043928475268594,-1.259620228064108],[37.04389727382843,-1.2595979485410336],[37.04387049462894,-1.2596425104313869]]]},"id":"001a00000000000270d9","properties":{"FID":492937}},{"type":"Feature","geometry":{"type":"Polygon","coordinates":[[[37.06332114031103,-1.2635398071779194],[37.063388029431735,-1.2636958903635567],[37.063468263546625,-1.2636601858170329],[37.063401374499854,-1.263504102927656],[37.06332114031103,-1.2635398071779194]]]},"id":"001a0000000000031feb","properties":{"FID":495753}},{"type":"Feature","geometry":{"type":"Polygon","coordinates":[[[37.02910194254435,-1.2282460331895506],[37.029142078542655,-1.2283218102395908],[37.029240206869765,-1.2282727748653175],[37.02920457598165,-1.2281969841866316],[37.02910194254435,-1.2282460331895506]]]},"id":"001a000000000003628e","properties":{"FID":380809}},{"type":"Feature","geometry":{"type":"Polygon","coordinates":[[[37.03080532760735,-1.2391574156619187],[37.03082318361579,-1.2391930760673944],[37.03088117465882,-1.2391663323734816],[37.03086331866462,-1.2391261854488338],[37.03080532760735,-1.2391574156619187]]]},"id":"001a00000000000215a6","properties":{"FID":489354}},{"type":"Feature","geometry":{"type":"Polygon","coordinates":[[[37.03110855152287,-1.2516473614112673],[37.03114426338651,-1.251714273491997],[37.03122895613067,-1.251665220350879],[37.03118882128354,-1.2515983222300142],[37.03110855152287,-1.2516473614112673]]]},"id":"001a0000000000036f1f","properties":{"FID":489610}},{"type":"Feature","geometry":{"type":"Polygon","coordinates":[[[37.02402750920922,-1.25830925001515],[37.02406322454799,-1.2583806088405738],[37.024143420164556,-1.2583404702893968],[37.024107786780974,-1.2582735997403067],[37.02402750920922,-1.25830925001515]]]},"id":"001a00000000000346ba","properties":{"FID":492682}},{"type":"Feature","geometry":{"type":"Polygon","coordinates":[[[37.03988855537084,-1.2596960379673807],[37.03996431105269,-1.2598164512324828],[37.04008027851656,-1.2597406398402984],[37.039982164812706,-1.2595890582793885],[37.03990640914945,-1.2596380964695726],[37.03992418102565,-1.2596692822111721],[37.03988855537084,-1.2596960379673807]]]},"id":"001a0000000000039fb3","properties":{"FID":492938}},{"type":"Feature","geometry":{"type":"Polygon","coordinates":[[[37.06475699139715,-1.2635130640942696],[37.06477926004653,-1.2635710357020744],[37.064814955367304,-1.263562115099044],[37.06479260485887,-1.2634996570220927],[37.06475699139715,-1.2635130640942696]]]},"id":"001a000000000001a5d1","properties":{"FID":495754}},{"type":"Feature","geometry":{"type":"Polygon","coordinates":[[[37.02959250121752,-1.227987404941334],[37.02963263694523,-1.228063181060185],[37.02968170079455,-1.2280364212556532],[37.0296415650939,-1.2279606452314855],[37.02959250121752,-1.227987404941334]]]},"id":"001a000000000002830a","properties":{"FID":380810}},{"type":"Feature","geometry":{"type":"Polygon","coordinates":[[[37.033882148042885,-1.2391484922864928],[37.03393563188467,-1.2392466158588173],[37.034020403283805,-1.2391975354066047],[37.03396683759961,-1.2390994724189572],[37.033882148042885,-1.2391484922864928]]]},"id":"001a000000000002eafc","properties":{"FID":489355}},{"type":"Feature","geometry":{"type":"Polygon","coordinates":[[[37.027385247836435,-1.251531407562224],[37.02741645636103,-1.251593849432093],[37.02746101654093,-1.2515715592312584],[37.027429808035436,-1.2515091174297646],[37.027385247836435,-1.251531407562224]]]},"id":"001a0000000000030019","properties":{"FID":489611}},{"type":"Feature","geometry":{"type":"Polygon","coordinates":[[[37.02742087961539,-1.2582736153006289],[37.027465521704656,-1.2583493714485137],[37.02753686707851,-1.2583048326669286],[37.02749222503302,-1.2582290175941793],[37.02742087961539,-1.2582736153006289]]]},"id":"001a000000000002fcfb","properties":{"FID":492683}},{"type":"Feature","geometry":{"type":"Polygon","coordinates":[[[37.04525284530864,-1.2596158000364617],[37.0452974764535,-1.2596737641332796],[37.04533760351447,-1.2596469944674609],[37.0452974764535,-1.2595845853740697],[37.04525284530864,-1.2596158000364617]]]},"id":"001a000000000001b75b","properties":{"FID":492939}},{"type":"Feature","geometry":{"type":"Polygon","coordinates":[[[37.06077054748028,-1.2634907419123202],[37.0608061628977,-1.2635888281868322],[37.06091767588476,-1.263548704521332],[37.06088197864762,-1.2634506198490103],[37.06077054748028,-1.2634907419123202]]]},"id":"001a00000000000380de","properties":{"FID":495755}},{"type":"Feature","geometry":{"type":"Polygon","coordinates":[[[37.02578884432636,-1.2279071188757837],[37.02583348741675,-1.2279294144673136],[37.025855767994734,-1.2278937616873078],[37.025811124918,-1.22786698074574],[37.02578884432636,-1.2279071188757837]]]},"id":"001a000000000001d8bf","properties":{"FID":380811}},{"type":"Feature","geometry":{"type":"Polygon","coordinates":[[[37.03005176729326,-1.2391261981600847],[37.03007404657973,-1.2391752466015213],[37.030145389396004,-1.2391440344738855],[37.03011868704127,-1.2390905126117628],[37.03005176729326,-1.2391261981600847]]]},"id":"001a000000000002e87e","properties":{"FID":489356}},{"type":"Feature","geometry":{"type":"Polygon","coordinates":[[[37.027657195684924,-1.2513619800784277],[37.02766170083651,-1.2514065534175236],[37.0277241176352,-1.2513976707679229],[37.02771518925126,-1.251353052207282],[37.027657195684924,-1.2513619800784277]]]},"id":"001a000000000002cddc","properties":{"FID":489612}},{"type":"Feature","geometry":{"type":"Polygon","coordinates":[[[37.02420592189638,-1.2582379492535083],[37.024228202972616,-1.2582914541451762],[37.024263836297244,-1.2582780454570532],[37.02424155523193,-1.2582201102014776],[37.02420592189638,-1.2582379492535083]]]},"id":"001a000000000001ede9","properties":{"FID":492684}},{"type":"Feature","geometry":{"type":"Polygon","coordinates":[[[37.03727104571562,-1.259602420679327],[37.03731117720688,-1.2596514286199354],[37.037342381473565,-1.2596291752978614],[37.03730224999951,-1.2595756784830405],[37.03727104571562,-1.259602420679327]]]},"id":"001a000000000001c9d8","properties":{"FID":492940}},{"type":"Feature","geometry":{"type":"Polygon","coordinates":[[[37.06478818387837,-1.2634684336507067],[37.06481495536731,-1.2635442226405487],[37.06490853269606,-1.263513020846743],[37.06487734026654,-1.2634327587101053],[37.06478818387837,-1.2634684336507067]]]},"id":"001a0000000000033cb3","properties":{"FID":495756}},{"type":"Feature","geometry":{"type":"Polygon","coordinates":[[[37.02840635760416,-1.2272070342277916],[37.028450917177906,-1.2273006792450747],[37.02851783839824,-1.2272739267903021],[37.02847327886547,-1.2271802819132327],[37.02840635760416,-1.2272070342277916]]]},"id":"001a00000000000322d2","properties":{"FID":380812}},{"type":"Feature","geometry":{"type":"Polygon","coordinates":[[[37.03090787673372,-1.2390815966488353],[37.03093916565563,-1.2391395887381054],[37.03109962355421,-1.2390548559230081],[37.031068416609315,-1.2389969217639365],[37.03090787673372,-1.2390815966488353]]]},"id":"001a0000000000035ac1","properties":{"FID":489357}},{"type":"Feature","geometry":{"type":"Polygon","coordinates":[[[37.0303416432117,-1.2512995788999866],[37.03037727354299,-1.2514021029650446],[37.03042633689017,-1.2513887159949686],[37.030390624674126,-1.2512817051700653],[37.0303416432117,-1.2512995788999866]]]},"id":"001a00000000000302d1","properties":{"FID":489613}},{"type":"Feature","geometry":{"type":"Polygon","coordinates":[[[37.028071914197206,-1.258295912920231],[37.0281209790989,-1.2583895523218813],[37.02824581185488,-1.2583271160046694],[37.02818790062266,-1.2582156072993687],[37.02809419408989,-1.2582646507076127],[37.02810312242732,-1.258282518982367],[37.028071914197206,-1.258295912920231]]]},"id":"001a0000000000035216","properties":{"FID":492685}},{"type":"Feature","geometry":{"type":"Polygon","coordinates":[[[37.03999109169107,-1.2595310879129418],[37.04002679919357,-1.2595756786196912],[37.04005800229492,-1.2595533670308237],[37.04001787231959,-1.2595043018894592],[37.03999109169107,-1.2595310879129418]]]},"id":"001a000000000002d3a2","properties":{"FID":492941}},{"type":"Feature","geometry":{"type":"Polygon","coordinates":[[[37.064716793192915,-1.2634193700487262],[37.064743564708195,-1.2634907301926013],[37.06477033621359,-1.2634818401329788],[37.064743564708195,-1.2634104800294679],[37.064716793192915,-1.2634193700487262]]]},"id":"001a0000000000026147","properties":{"FID":495757}},{"type":"Feature","geometry":{"type":"Polygon","coordinates":[[[37.028330589883964,-1.2271312437199136],[37.028370726307735,-1.227198108356262],[37.02841078079836,-1.2271713768812376],[37.02837072630774,-1.2271089370950037],[37.028330589883964,-1.2271312437199136]]]},"id":"001a0000000000022919","properties":{"FID":380813}},{"type":"Feature","geometry":{"type":"Polygon","coordinates":[[[37.0309302376662,-1.2384796252883667],[37.03095251668366,-1.238519758483719],[37.03101943560319,-1.238479647021769],[37.03099265166115,-1.2384395283012137],[37.0309302376662,-1.2384796252883667]]]},"id":"001a00000000000311b9","properties":{"FID":489358}},{"type":"Feature","geometry":{"type":"Polygon","coordinates":[[[37.02976189021994,-1.2512237326624587],[37.02980202585421,-1.2512995489057914],[37.02986894583193,-1.2512638991380431],[37.029833233342295,-1.2511880692372102],[37.02976189021994,-1.2512237326624587]]]},"id":"001a0000000000031fba","properties":{"FID":489614}},{"type":"Feature","geometry":{"type":"Polygon","coordinates":[[[37.0347293667885,-1.2582423542856802],[37.03473829431168,-1.2582691397245598],[37.03479628223374,-1.258246857001416],[37.034782850007325,-1.2582200871480904],[37.0347293667885,-1.2582423542856802]]]},"id":"001a0000000000023883","properties":{"FID":492686}},{"type":"Feature","geometry":{"type":"Polygon","coordinates":[[[37.041293175723396,-1.2595042963082699],[37.041315451566604,-1.2595355248140434],[37.04139128765812,-1.2594864863257198],[37.04141356347127,-1.2595176557185037],[37.04145369267626,-1.2594909440906206],[37.04141356347126,-1.2594284729820944],[37.041293175723396,-1.2595042963082699]]]},"id":"001a000000000002f003","properties":{"FID":492942}},{"type":"Feature","geometry":{"type":"Polygon","coordinates":[[[37.06474806756147,-1.2633971186249149],[37.064761412379546,-1.2634372281455775],[37.0648283001731,-1.2634149152017011],[37.06481495536731,-1.2633748057382412],[37.06474806756147,-1.2633971186249149]]]},"id":"001a000000000001b9d1","properties":{"FID":495758}},{"type":"Feature","geometry":{"type":"Polygon","coordinates":[[[37.0289949677142,-1.2270063800524975],[37.02901724732426,-1.2270465038669438],[37.02907073474261,-1.2270153068416316],[37.02904845514894,-1.2269796091271774],[37.0289949677142,-1.2270063800524975]]]},"id":"001a0000000000019e7f","properties":{"FID":380814}},{"type":"Feature","geometry":{"type":"Polygon","coordinates":[[[37.031416279093726,-1.238430615531602],[37.03146534174023,-1.238577750561938],[37.03154110619614,-1.2385554408173887],[37.031505476434816,-1.2384350647025346],[37.031460836824145,-1.238452911716352],[37.0314474858894,-1.2384216652243525],[37.031416279093726,-1.238430615531602]]]},"id":"001a0000000000038789","properties":{"FID":489359}},{"type":"Feature","geometry":{"type":"Polygon","coordinates":[[[37.03008747967562,-1.2512148272952004],[37.03023016521188,-1.2514957672160565],[37.03030593095408,-1.2514556014127787],[37.0301676686538,-1.2511791364502267],[37.03008747967562,-1.2512148272952004]]]},"id":"001a000000000003ac0d","properties":{"FID":489615}},{"type":"Feature","geometry":{"type":"Polygon","coordinates":[[[37.03225009386455,-1.2581977737988153],[37.03227687734365,-1.2582513166035774],[37.03230808377017,-1.2582379233376944],[37.032285805167824,-1.2581844240948867],[37.03225009386455,-1.2581977737988153]]]},"id":"001a000000000001d8ba","properties":{"FID":492687}},{"type":"Feature","geometry":{"type":"Polygon","coordinates":[[[37.04347814137325,-1.259401734652325],[37.043509342993325,-1.2594374208181782],[37.04355839748179,-1.259392844007159],[37.043531618157466,-1.2593616321467407],[37.04347814137325,-1.259401734652325]]]},"id":"001a000000000002528b","properties":{"FID":492943}},{"type":"Feature","geometry":{"type":"Polygon","coordinates":[[[37.064975420354024,-1.263379279168961],[37.06500669461114,-1.2634550518813836],[37.065104774523846,-1.2634149177814966],[37.06507800314179,-1.2633391293202936],[37.064975420354024,-1.263379279168961]]]},"id":"001a0000000000033c99","properties":{"FID":495759}},{"type":"Feature","geometry":{"type":"Polygon","coordinates":[[[37.02860703929267,-1.2268993376463768],[37.02862931902151,-1.2269439466429166],[37.02867387845871,-1.2269216279017752],[37.02865159874352,-1.2268770779682172],[37.02860703929267,-1.2268993376463768]]]},"id":"001a0000000000024ae6","properties":{"FID":380815}},{"type":"Feature","geometry":{"type":"Polygon","coordinates":[[[37.030644869059714,-1.2383859877500065],[37.03066714816456,-1.2384261210093808],[37.03073849039927,-1.2383859965391237],[37.03071621131626,-1.2383503498261825],[37.030644869059714,-1.2383859877500065]]]},"id":"001a0000000000022b05","properties":{"FID":489360}},{"type":"Feature","geometry":{"type":"Polygon","coordinates":[[[37.03188003854751,-1.2511880810638745],[37.03192459599392,-1.251281715736857],[37.03200928782966,-1.2512415812992073],[37.031964730435135,-1.2511524349181848],[37.03188003854751,-1.2511880810638745]]]},"id":"001a00000000000376fd","properties":{"FID":489616}},{"type":"Feature","geometry":{"type":"Polygon","coordinates":[[[37.02680104799774,-1.2582022446040815],[37.02685461895784,-1.25827803060101],[37.02689917948176,-1.2582468124893904],[37.026845690467226,-1.258171025228997],[37.02680104799774,-1.2582022446040815]]]},"id":"001a000000000001f441","properties":{"FID":492688}},{"type":"Feature","geometry":{"type":"Polygon","coordinates":[[[37.0367538389025,-1.2593883818759462],[37.03678504340832,-1.259432930915695],[37.03682067058364,-1.259410663418989],[37.0367894660931,-1.2593616255045006],[37.0367538389025,-1.2593883818759462]]]},"id":"001a000000000001b0ae","properties":{"FID":492944}},{"type":"Feature","geometry":{"type":"Polygon","coordinates":[[[37.05957991811595,-1.2633346991826548],[37.05959776705678,-1.263383712648534],[37.05964681068354,-1.263365888520123],[37.059633464925284,-1.2633168592028245],[37.05957991811595,-1.2633346991826548]]]},"id":"001a000000000001ed1c","properties":{"FID":495760}},{"type":"Feature","geometry":{"type":"Polygon","coordinates":[[[37.02946316573209,-1.2267789346530737],[37.02951665282266,-1.2268636992902193],[37.02959250121752,-1.2268190997284438],[37.02953893227298,-1.2267299105951976],[37.02946316573209,-1.2267789346530737]]]},"id":"001a0000000000026241","properties":{"FID":380816}},{"type":"Feature","geometry":{"type":"Polygon","coordinates":[[[37.03160802457428,-1.238332507444196],[37.03166151008808,-1.2384796286732371],[37.0317372743397,-1.2384484053090146],[37.03168378888161,-1.2383057117185619],[37.03160802457428,-1.238332507444196]]]},"id":"001a0000000000034e1a","properties":{"FID":489361}},{"type":"Feature","geometry":{"type":"Polygon","coordinates":[[[37.029891225174374,-1.2511613069379286],[37.029962568169914,-1.2512683218689837],[37.02999828059606,-1.2512460602969093],[37.02992693763554,-1.2511390454660427],[37.029891225174374,-1.2511613069379286]]]},"id":"001a0000000000030299","properties":{"FID":489617}},{"type":"Feature","geometry":{"type":"Polygon","coordinates":[[[37.03143405304461,-1.2581621453980323],[37.03145641381536,-1.2582691582893009],[37.031500971521226,-1.2582602100346871],[37.031505476434816,-1.2582914407946795],[37.03159909666693,-1.258269157789708],[37.03157231293828,-1.2581353431005236],[37.03143405304461,-1.2581621453980323]]]},"id":"001a0000000000036e07","properties":{"FID":492689}},{"type":"Feature","geometry":{"type":"Polygon","coordinates":[[[37.03662451614904,-1.2592590479665948],[37.03670477982297,-1.2593750197402802],[37.0367404070376,-1.2593482633698214],[37.03665572071035,-1.259236735811951],[37.03662451614904,-1.2592590479665948]]]},"id":"001a0000000000030343","properties":{"FID":492945}},{"type":"Feature","geometry":{"type":"Polygon","coordinates":[[[37.064899608879,-1.2633213136602701],[37.06492195935449,-1.2633747956760895],[37.064975420354024,-1.2633525292601506],[37.06495315176482,-1.2632989868966487],[37.064899608879,-1.2633213136602701]]]},"id":"001a000000000002ced9","properties":{"FID":495761}},{"type":"Feature","geometry":{"type":"Polygon","coordinates":[[[37.02943195808529,-1.226658579568886],[37.02944981443077,-1.2267120522127792],[37.02948102206992,-1.2266986834729319],[37.02946316573209,-1.2266452108686547],[37.02943195808529,-1.226658579568886]]]},"id":"001a0000000000029b8c","properties":{"FID":380817}},{"type":"Feature","geometry":{"type":"Polygon","coordinates":[[[37.03006069539049,-1.2380470982670775],[37.030109758951156,-1.2381184365002262],[37.03014989439354,-1.2380916900526042],[37.03010083085994,-1.2380203518966988],[37.03006069539049,-1.2380470982670775]]]},"id":"001a000000000002d7e8","properties":{"FID":489362}},{"type":"Feature","geometry":{"type":"Polygon","coordinates":[[[37.029806530873,-1.2511301030012965],[37.029819882108875,-1.2511657889206802],[37.02987336893722,-1.2511434709456943],[37.029860017711165,-1.251107844126125],[37.029806530873,-1.2511301030012965]]]},"id":"001a000000000001bf9d","properties":{"FID":489618}},{"type":"Feature","geometry":{"type":"Polygon","coordinates":[[[37.030591300889974,-1.2581576730353603],[37.03061358001123,-1.2582468500774675],[37.030649292117836,-1.2582379301375783],[37.03065822014174,-1.2582780662033703],[37.03076076947545,-1.2582557533013283],[37.03072956238521,-1.2581220104723396],[37.030591300889974,-1.2581576730353603]]]},"id":"001a0000000000034a8c","properties":{"FID":492690}},{"type":"Feature","geometry":{"type":"Polygon","coordinates":[[[37.03945605033931,-1.259236732960328],[37.03947832674538,-1.2592768804849073],[37.0395139526012,-1.259259043549371],[37.03949618062473,-1.259218939502535],[37.03945605033931,-1.259236732960328]]]},"id":"001a000000000001db09","properties":{"FID":492946}},{"type":"Feature","geometry":{"type":"Polygon","coordinates":[[[37.02878535884293,-1.2257801092562495],[37.02885670292278,-1.2259406514092654],[37.028919118696464,-1.2259094300625555],[37.028847774677814,-1.2257488881593155],[37.02878535884293,-1.2257801092562495]]]},"id":"001a0000000000034e5e","properties":{"FID":380818}},{"type":"Feature","geometry":{"type":"Polygon","coordinates":[[[37.03140284624316,-1.238029300075792],[37.03144298097223,-1.2381050918343397],[37.03154110619615,-1.2380471176478796],[37.03149654851487,-1.2379712800982505],[37.03140284624316,-1.238029300075792]]]},"id":"001a000000000002e6ab","properties":{"FID":489363}},{"type":"Feature","geometry":{"type":"Polygon","coordinates":[[[37.0321431236631,-1.2511122930602159],[37.032165402309126,-1.25115243705324],[37.03223674307463,-1.2511212037814927],[37.03221446445043,-1.251076630830341],[37.0321431236631,-1.2511122930602159]]]},"id":"001a000000000002b612","properties":{"FID":489619}},{"type":"Feature","geometry":{"type":"Polygon","coordinates":[[[37.0246785741466,-1.2581532118861287],[37.02471420725076,-1.2582156513777616],[37.02481676496121,-1.2581576580474554],[37.024785555321806,-1.2580952045570593],[37.0246785741466,-1.2581532118861287]]]},"id":"001a0000000000029815","properties":{"FID":492691}},{"type":"Feature","geometry":{"type":"Polygon","coordinates":[[[37.0365665296846,-1.2592055517112073],[37.03658880697585,-1.2592590493233309],[37.03664228882734,-1.2592322923873838],[37.036620011552465,-1.2591832246838222],[37.0365665296846,-1.2592055517112073]]]},"id":"001a00000000000257b3","properties":{"FID":492947}},{"type":"Feature","geometry":{"type":"Polygon","coordinates":[[[37.068020994909865,-1.2631875032471764],[37.06803442099252,-1.26327667845855],[37.06810130576974,-1.2632677704612438],[37.06809680312449,-1.2632454662226933],[37.06814142023323,-1.2632410033275585],[37.068127994170375,-1.2631696607775713],[37.068020994909865,-1.2631875032471764]]]},"id":"001a000000000002eaab","properties":{"FID":495763}},{"type":"Feature","geometry":{"type":"Polygon","coordinates":[[[37.03015431748175,-1.2379623960546111],[37.03017217364996,-1.2380381977812611],[37.030256867525694,-1.2380159202137149],[37.03024351637002,-1.237944531654883],[37.03015431748175,-1.2379623960546111]]]},"id":"001a000000000001a7dc","properties":{"FID":489364}},{"type":"Feature","geometry":{"type":"Polygon","coordinates":[[[37.02784002270335,-1.251058781577566],[37.027889087761395,-1.251174729292495],[37.02801392091517,-1.2511211760519665],[37.027973866206075,-1.251027580929657],[37.027920296069915,-1.2510498415196067],[37.02791136771004,-1.2510275469446184],[37.02784002270335,-1.251058781577566]]]},"id":"001a000000000002ed75","properties":{"FID":489620}},{"type":"Feature","geometry":{"type":"Polygon","coordinates":[[[37.030123110131385,-1.2580060624414682],[37.03014989439354,-1.2581309008809411],[37.030239011378285,-1.2581130634513515],[37.030216732142335,-1.257988209687879],[37.030123110131385,-1.2580060624414682]]]},"id":"001a000000000002edc7","properties":{"FID":492692}},{"type":"Feature","geometry":{"type":"Polygon","coordinates":[[[37.03637029266251,-1.2592055563088334],[37.036379219984276,-1.259236771693092],[37.036437206598066,-1.2592189178816766],[37.036423856576675,-1.2591877167874785],[37.03637029266251,-1.2592055563088334]]]},"id":"001a000000000002312d","properties":{"FID":492948}},{"type":"Feature","geometry":{"type":"Polygon","coordinates":[[[37.06785603399639,-1.2630938833202194],[37.06791841628171,-1.263241055324954],[37.06800314804004,-1.263205337640457],[37.067976459593496,-1.2631429549236666],[37.0679496892707,-1.2631518444681802],[37.067913995491594,-1.2630716021056574],[37.06785603399639,-1.2630938833202194]]]},"id":"001a0000000000038bd0","properties":{"FID":495764}},{"type":"Feature","geometry":{"type":"Polygon","coordinates":[[[37.02943638121714,-1.2377795816735437],[37.02947651703097,-1.2378419745343592],[37.02953008602146,-1.237806331615085],[37.02948995023718,-1.2377438798131346],[37.02943638121714,-1.2377795816735437]]]},"id":"001a000000000002ea2e","properties":{"FID":489365}},{"type":"Feature","geometry":{"type":"Polygon","coordinates":[[[37.03244634200277,-1.2510186602360263],[37.032490899102314,-1.251125639942831],[37.03252661028739,-1.251107808199351],[37.032535456174564,-1.25113010283983],[37.032611301422286,-1.251098913657784],[37.03255781660679,-1.2509740699698435],[37.03244634200277,-1.2510186602360263]]]},"id":"001a0000000000036e47","properties":{"FID":489621}},{"type":"Feature","geometry":{"type":"Polygon","coordinates":[[[37.0271400024293,-1.2579347171773534],[37.027166705877114,-1.2579792859962404],[37.02719791449543,-1.257956972690458],[37.027175634328344,-1.2579123897533038],[37.0271400024293,-1.2579347171773534]]]},"id":"001a000000000001be3b","properties":{"FID":492693}},{"type":"Feature","geometry":{"type":"Polygon","coordinates":[[[37.04505220954829,-1.259214458761438],[37.04507890642019,-1.2592590775001715],[37.04518151731199,-1.2591921756333144],[37.04515473858564,-1.259147558377699],[37.04505220954829,-1.259214458761438]]]},"id":"001a000000000002f9ad","properties":{"FID":492949}},{"type":"Feature","geometry":{"type":"Polygon","coordinates":[[[37.03102828167363,-1.2377171652644197],[37.03107292154969,-1.2377751150350484],[37.03110412849266,-1.2377483377005933],[37.03105948863574,-1.237694815319692],[37.03102828167363,-1.2377171652644197]]]},"id":"001a000000000001b4f6","properties":{"FID":489366}},{"type":"Feature","geometry":{"type":"Polygon","coordinates":[[[37.02437532343705,-1.250991860883074],[37.024397604461406,-1.2510676807218262],[37.024451177190606,-1.2510543371943403],[37.024433319618595,-1.2509785036735035],[37.02437532343705,-1.250991860883074]]]},"id":"001a000000000002763f","properties":{"FID":489622}},{"type":"Feature","geometry":{"type":"Polygon","coordinates":[[[37.024754345669024,-1.257939182219736],[37.02479006065115,-1.2579882108168836],[37.02482569370073,-1.257961452378548],[37.024790060651156,-1.2579124224749223],[37.024754345669024,-1.257939182219736]]]},"id":"001a0000000000022d21","properties":{"FID":492694}},{"type":"Feature","geometry":{"type":"Polygon","coordinates":[[[37.04042367543746,-1.2591966515615585],[37.04048157692877,-1.2593080860229768],[37.040535137814615,-1.2592768992249601],[37.04050393491802,-1.2592189455158058],[37.04059312111444,-1.2591698631800985],[37.04056634069781,-1.2591208136728549],[37.04042367543746,-1.2591966515615585]]]},"id":"001a0000000000030265","properties":{"FID":492950}},{"type":"Feature","geometry":{"type":"Polygon","coordinates":[[[37.02975746710787,-1.2377037481454196],[37.029784251504616,-1.2377840087954295],[37.02987787395159,-1.2377483629269372],[37.0298510895893,-1.2376681024461444],[37.02975746710787,-1.2377037481454196]]]},"id":"001a00000000000347a6","properties":{"FID":489367}},{"type":"Feature","geometry":{"type":"Polygon","coordinates":[[[37.03348531800379,-1.2509651152239512],[37.03349866856454,-1.2510097162420573],[37.03353429734967,-1.2510008030976671],[37.03352094679544,-1.2509517731762874],[37.03348531800379,-1.2509651152239512]]]},"id":"001a0000000000020ddb","properties":{"FID":489623}},{"type":"Feature","geometry":{"type":"Polygon","coordinates":[[[37.025695216618494,-1.257934712149796],[37.02572642586783,-1.2579792662919884],[37.02579777294662,-1.2579347274232553],[37.025766563727885,-1.2578901142932721],[37.025695216618494,-1.257934712149796]]]},"id":"001a000000000002971a","properties":{"FID":492695}},{"type":"Feature","geometry":{"type":"Polygon","coordinates":[[[37.043857145972304,-1.259138659514302],[37.04390620022606,-1.2592278521154472],[37.04396418083724,-1.2591921639353032],[37.0439151266226,-1.2591074599496916],[37.043857145972304,-1.259138659514302]]]},"id":"001a000000000002df80","properties":{"FID":492951}},{"type":"Feature","geometry":{"type":"Polygon","coordinates":[[[37.031001579642925,-1.2376547320921478],[37.03101943560319,-1.2377082185771777],[37.03105506560256,-1.2376948283462077],[37.03103720965104,-1.2376413419038577],[37.031001579642925,-1.2376547320921478]]]},"id":"001a000000000001dab0","properties":{"FID":489368}},{"type":"Feature","geometry":{"type":"Polygon","coordinates":[[[37.033440679608,-1.2508714844888305],[37.03347188553527,-1.250942837424325],[37.03351201912285,-1.2509249922821397],[37.03348531800379,-1.2508536242906303],[37.033440679608,-1.2508714844888305]]]},"id":"001a000000000003010d","properties":{"FID":489624}},{"type":"Feature","geometry":{"type":"Polygon","coordinates":[[[37.024785555321806,-1.257881189369348],[37.02483462243916,-1.257961481782995],[37.0249327565746,-1.2579035034517163],[37.02488368952341,-1.2578187809247652],[37.024785555321806,-1.257881189369348]]]},"id":"001a0000000000022158","properties":{"FID":492696}},{"type":"Feature","geometry":{"type":"Polygon","coordinates":[[[37.03650854317392,-1.259138647815354],[37.03655317968695,-1.259205536765523],[37.036593311574336,-1.2591787649472843],[37.03658880697585,-1.259165431980358],[37.036633443439605,-1.2591386446176827],[37.03659773427079,-1.2590851335846824],[37.03650854317392,-1.259138647815354]]]},"id":"001a0000000000035345","properties":{"FID":492952}},{"type":"Feature","geometry":{"type":"Polygon","coordinates":[[[37.03112640745688,-1.237623478191411],[37.0311576143769,-1.2377037832685025],[37.03120667719785,-1.2376814376300806],[37.03117989332474,-1.237601178657433],[37.03112640745688,-1.237623478191411]]]},"id":"001a0000000000031046","properties":{"FID":489369}},{"type":"Feature","geometry":{"type":"Polygon","coordinates":[[[37.033726037247625,-1.2508358424026378],[37.03376617069498,-1.2509115950222611],[37.03385986992261,-1.2508670031117624],[37.03381973652695,-1.2507912506614216],[37.033726037247625,-1.2508358424026378]]]},"id":"001a000000000002d3cd","properties":{"FID":489625}},{"type":"Feature","geometry":{"type":"Polygon","coordinates":[[[37.031460836824145,-1.2578677878427038],[37.03146976474848,-1.2579124121204086],[37.03156788993628,-1.2578945442342921],[37.031550034110616,-1.2578098439559782],[37.03151882735892,-1.2578187479870133],[37.03152775527612,-1.2578544532073566],[37.031460836824145,-1.2578677878427038]]]},"id":"001a0000000000029e17","properties":{"FID":492697}},{"type":"Feature","geometry":{"type":"Polygon","coordinates":[[[37.04413804049996,-1.25900932905503],[37.044178168201015,-1.2591074688238626],[37.044213873647,-1.2590896316605025],[37.04417374596566,-1.2589959804265487],[37.04413804049996,-1.25900932905503]]]},"id":"001a00000000000297b1","properties":{"FID":492953}},{"type":"Feature","geometry":{"type":"Polygon","coordinates":[[[37.031010507623606,-1.2373960904195793],[37.03104171459334,-1.2374317679320055],[37.0310729215497,-1.2374094773230901],[37.03104171459335,-1.2373737998400525],[37.031010507623606,-1.2373960904195793]]]},"id":"001a0000000000020833","properties":{"FID":489370}},{"type":"Feature","geometry":{"type":"Polygon","coordinates":[[[37.024736488171385,-1.2507421792855107],[37.02479448406515,-1.250853672490248],[37.024839045850435,-1.2508313825223702],[37.02478113190726,-1.2507198880908919],[37.024736488171385,-1.2507421792855107]]]},"id":"001a00000000000300eb","properties":{"FID":489626}},{"type":"Feature","geometry":{"type":"Polygon","coordinates":[[[37.02517800941974,-1.2578276726561866],[37.02520471358745,-1.2578588925218417],[37.02524042834858,-1.2578277027214995],[37.02521364227937,-1.2577964842446168],[37.02517800941974,-1.2578276726561866]]]},"id":"001a000000000002601d","properties":{"FID":492698}},{"type":"Feature","geometry":{"type":"Polygon","coordinates":[[[37.041707898390825,-1.2589603196748782],[37.041752449816265,-1.259009368959086],[37.041779229796006,-1.2589825840956193],[37.041739100770705,-1.2589380091794193],[37.041707898390825,-1.2589603196748782]]]},"id":"001a0000000000023dc5","properties":{"FID":492954}},{"type":"Feature","geometry":{"type":"Polygon","coordinates":[[[37.03047982327269,-1.2372935195404855],[37.0304887513174,-1.2373470332396368],[37.030555670663496,-1.237333664927128],[37.03054674262699,-1.2372801512933567],[37.03047982327269,-1.2372935195404855]]]},"id":"001a000000000001d90a","properties":{"FID":489371}},{"type":"Feature","geometry":{"type":"Polygon","coordinates":[[[37.024821270288626,-1.250724306486876],[37.024874760791015,-1.2508224082996455],[37.0249594608323,-1.2507778422705453],[37.02490597039216,-1.2506797406646724],[37.024821270288626,-1.250724306486876]]]},"id":"001a000000000002defd","properties":{"FID":489627}},{"type":"Feature","geometry":{"type":"Polygon","coordinates":[[[37.02945423756154,-1.2578232184961349],[37.02948995023718,-1.2579034907062843],[37.029565716750184,-1.2578677999313512],[37.02952558098555,-1.2577875420251028],[37.02945423756154,-1.2578232184961349]]]},"id":"001a0000000000032742","properties":{"FID":492699}},{"type":"Feature","geometry":{"type":"Polygon","coordinates":[[[37.044088986402656,-1.2589781326082687],[37.044120269653845,-1.2590182462442874],[37.04417816820102,-1.258969212670252],[37.044151470998294,-1.2589335115132594],[37.044088986402656,-1.2589781326082687]]]},"id":"001a000000000002bbd8","properties":{"FID":492955}},{"type":"Feature","geometry":{"type":"Polygon","coordinates":[[[37.02960142937111,-1.2372043426179329],[37.02965491636004,-1.2372979809234126],[37.02969505205331,-1.2372756627556103],[37.02963706006489,-1.237182038873719],[37.02960142937111,-1.2372043426179329]]]},"id":"001a000000000002f313","properties":{"FID":489372}},{"type":"Feature","geometry":{"type":"Polygon","coordinates":[[[37.02583348741675,-1.2506752824375085],[37.02586911995547,-1.250715445788006],[37.02590483439058,-1.2506842069920392],[37.02586911995547,-1.2506440450316298],[37.02583348741675,-1.2506752824375085]]]},"id":"001a000000000002d12d","properties":{"FID":489628}},{"type":"Feature","geometry":{"type":"Polygon","coordinates":[[[37.02493275657461,-1.2577875472662705],[37.02495503742833,-1.257854460163698],[37.02502638526331,-1.2578321317866488],[37.02499959911532,-1.25776523448896],[37.02493275657461,-1.2577875472662705]]]},"id":"001a0000000000031582","properties":{"FID":492700}},{"type":"Feature","geometry":{"type":"Polygon","coordinates":[[[37.04425850542983,-1.2588934081755676],[37.044294128943235,-1.2590049103379488],[37.0444011631647,-1.2589692362546305],[37.04435210924497,-1.2588131318945555],[37.04427627624214,-1.258839902115317],[37.04429412894324,-1.2588844903878833],[37.04425850542983,-1.2588934081755676]]]},"id":"001a00000000000326ee","properties":{"FID":492956}},{"type":"Feature","geometry":{"type":"Polygon","coordinates":[[[37.030430759961575,-1.2367227861291967],[37.03046647215792,-1.2367807034617047],[37.0305378145894,-1.2367361550993223],[37.03050210242808,-1.236678178847049],[37.030430759961575,-1.2367227861291967]]]},"id":"001a000000000003427f","properties":{"FID":489373}},{"type":"Feature","geometry":{"type":"Polygon","coordinates":[[[37.025748706478595,-1.2506306718718392],[37.025771068996505,-1.2506708174152745],[37.02582005353555,-1.2506485141764743],[37.02580227821332,-1.2506039229182424],[37.025748706478595,-1.2506306718718392]]]},"id":"001a00000000000262cb","properties":{"FID":489629}},{"type":"Feature","geometry":{"type":"Polygon","coordinates":[[[37.02536968942474,-1.2577965003913374],[37.02542326143845,-1.2578945567910744],[37.02552131286598,-1.2578365804119664],[37.02546782283876,-1.2577429531839217],[37.02536968942474,-1.2577965003913374]]]},"id":"001a0000000000031a78","properties":{"FID":492701}},{"type":"Feature","geometry":{"type":"Polygon","coordinates":[[[37.042862787000914,-1.2588087041578884],[37.04288064004916,-1.2588488047080855],[37.042925190755916,-1.2588265095992126],[37.042902915405946,-1.2587908527717415],[37.042862787000914,-1.2588087041578884]]]},"id":"001a000000000002d277","properties":{"FID":492957}},{"type":"Feature","geometry":{"type":"Polygon","coordinates":[[[37.030185524818734,-1.2367361639170524],[37.03020338097928,-1.2368163904085077],[37.030270300587844,-1.236798536425689],[37.030239011378285,-1.2366737249292907],[37.03019445289956,-1.2366826554031367],[37.03020780406425,-1.2367316691410994],[37.030185524818734,-1.2367361639170524]]]},"id":"001a0000000000021b53","properties":{"FID":489374}},{"type":"Feature","geometry":{"type":"Polygon","coordinates":[[[37.03412737072474,-1.2506128690154636],[37.034145225917776,-1.2506529662358121],[37.034189781976714,-1.2506351668175713],[37.0341764315428,-1.250594995475649],[37.03412737072474,-1.2506128690154636]]]},"id":"001a000000000002c33f","properties":{"FID":489630}},{"type":"Feature","geometry":{"type":"Polygon","coordinates":[[[37.0262927772171,-1.2577518631847235],[37.02635519518991,-1.2578767077267266],[37.026413107880565,-1.2578455052832933],[37.02635519518991,-1.257720645424123],[37.0262927772171,-1.2577518631847235]]]},"id":"001a0000000000021faf","properties":{"FID":492702}},{"type":"Feature","geometry":{"type":"Polygon","coordinates":[[[37.043397885176105,-1.2587952866316259],[37.043424582655604,-1.2588264995744844],[37.04346471075051,-1.258790871613548],[37.04343801328575,-1.2587596587079886],[37.043397885176105,-1.2587952866316259]]]},"id":"001a000000000001f3b4","properties":{"FID":492958}},{"type":"Feature","geometry":{"type":"Polygon","coordinates":[[[37.03011418204181,-1.2366246368415132],[37.030132038219875,-1.2366647817492633],[37.03016766865381,-1.236651392270445],[37.03014989439354,-1.2366068188165482],[37.03011418204181,-1.2366246368415132]]]},"id":"001a0000000000028726","properties":{"FID":489375}},{"type":"Feature","geometry":{"type":"Polygon","coordinates":[[[37.025927114946725,-1.2505860999824214],[37.02596274743962,-1.2506619339871878],[37.02599846182878,-1.250644101358553],[37.02596274743962,-1.2505682687688657],[37.025927114946725,-1.2505860999824214]]]},"id":"001a0000000000029c7b","properties":{"FID":489631}},{"type":"Feature","geometry":{"type":"Polygon","coordinates":[[[37.02479898939395,-1.25773405756882],[37.02480341280741,-1.2577652328266657],[37.02484355117648,-1.2577607879346884],[37.02483904585044,-1.2577296140524328],[37.02479898939395,-1.25773405756882]]]},"id":"001a000000000001abec","properties":{"FID":492703}},{"type":"Feature","geometry":{"type":"Polygon","coordinates":[[[37.04453939840649,-1.2587507330492222],[37.04456617735954,-1.2588220444431273],[37.04465535857242,-1.258790859954278],[37.04463300185991,-1.2587195344518123],[37.04453939840649,-1.2587507330492222]]]},"id":"001a000000000002b470","properties":{"FID":492959}},{"type":"Feature","geometry":{"type":"Polygon","coordinates":[[[37.06854272738014,-1.262420536356227],[37.06861853504975,-1.262567717419297],[37.068698763382734,-1.2625275888578038],[37.06865864922733,-1.2624517914505142],[37.06868099854522,-1.262438370353912],[37.068640802514324,-1.2623670619478162],[37.06854272738014,-1.262420536356227]]]},"id":"001a0000000000026a85","properties":{"FID":495775}},{"type":"Feature","geometry":{"type":"Polygon","coordinates":[[[37.02934275820209,-1.236593451429362],[37.02937847093245,-1.2366603420681492],[37.0294230299109,-1.2366380116109659],[37.02938739911231,-1.2365711197118157],[37.02934275820209,-1.236593451429362]]]},"id":"001a000000000002c54c","properties":{"FID":489376}},{"type":"Feature","geometry":{"type":"Polygon","coordinates":[[[37.028459845471566,-1.2505459506011687],[37.02850891011168,-1.2506529785410136],[37.028598111017075,-1.2506083996919763],[37.02854904643711,-1.2505058601982255],[37.028459845471566,-1.2505459506011687]]]},"id":"001a0000000000027a0e","properties":{"FID":489632}},{"type":"Feature","geometry":{"type":"Polygon","coordinates":[[[37.033900003296125,-1.2577251022910767],[37.03394906426754,-1.2578009550968654],[37.03398911568712,-1.2577741856375615],[37.033940136647495,-1.2576983906226193],[37.033900003296125,-1.2577251022910767]]]},"id":"001a0000000000021191","properties":{"FID":492704}},{"type":"Feature","geometry":{"type":"Polygon","coordinates":[[[37.043576250359195,-1.2586392503971666],[37.04359402133831,-1.258679351772399],[37.04367435921272,-1.2586437072921568],[37.04365650635941,-1.2585991189257224],[37.043576250359195,-1.2586392503971666]]]},"id":"001a0000000000027712","properties":{"FID":492960}},{"type":"Feature","geometry":{"type":"Polygon","coordinates":[[[37.029918009521886,-1.2365755882746314],[37.0299313607373,-1.2366157475331778],[37.029971496278094,-1.2365979165173566],[37.02995364006064,-1.2365577715905973],[37.029918009521886,-1.2365755882746314]]]},"id":"001a0000000000026ac5","properties":{"FID":489377}},{"type":"Feature","geometry":{"type":"Polygon","coordinates":[[[37.02675648741373,-1.2505103223187446],[37.026774344415756,-1.2505504232611107],[37.02680997649383,-1.2505370805686038],[37.02679220141338,-1.2504969192527466],[37.02675648741373,-1.2505103223187446]]]},"id":"001a000000000001caf1","properties":{"FID":489633}},{"type":"Feature","geometry":{"type":"Polygon","coordinates":[[[37.027741974399774,-1.257725098820305],[37.027782111148206,-1.2578410359802819],[37.027893592898614,-1.2578054031859083],[37.02785787943949,-1.2576894521488882],[37.027741974399774,-1.257725098820305]]]},"id":"001a0000000000038fbc","properties":{"FID":492705}},{"type":"Feature","geometry":{"type":"Polygon","coordinates":[[[37.04343801328575,-1.2586526445939274],[37.04350041654695,-1.258768546158166],[37.043549471041445,-1.2587462357043888],[37.04353612232585,-1.258719526279122],[37.04358959906742,-1.258692772273132],[37.043540544600006,-1.2585990919516112],[37.04343801328575,-1.2586526445939274]]]},"id":"001a00000000000315db","properties":{"FID":492961}},{"type":"Feature","geometry":{"type":"Polygon","coordinates":[[[37.03064036409282,-1.2365845504418873],[37.03067607618628,-1.2366514399405857],[37.03074741841224,-1.2366112601565469],[37.0307117063538,-1.2365443707811372],[37.03064036409282,-1.2365845504418873]]]},"id":"001a000000000003207e","properties":{"FID":489378}},{"type":"Feature","geometry":{"type":"Polygon","coordinates":[[[37.026270414859496,-1.2505281252802534],[37.02632840953097,-1.2506083744304186],[37.026426541652306,-1.250541501229427],[37.0263641237407,-1.2504612660276035],[37.026270414859496,-1.2505281252802534]]]},"id":"001a000000000002bd25","properties":{"FID":489634}},{"type":"Feature","geometry":{"type":"Polygon","coordinates":[[[37.0317551301194,-1.2576716015060685],[37.03177740888426,-1.2577295894334752],[37.03181312041958,-1.2577161809903452],[37.031795264654114,-1.257658238019322],[37.0317551301194,-1.2576716015060685]]]},"id":"001a000000000001c37d","properties":{"FID":492706}},{"type":"Feature","geometry":{"type":"Polygon","coordinates":[[[37.043059006501394,-1.2586526071620079],[37.04310797939931,-1.2587328831783475],[37.04312583238733,-1.2587194761967069],[37.0431481895634,-1.2587507020935342],[37.04308570410535,-1.2587864054284725],[37.043121410087956,-1.2588443410187822],[37.04321951955536,-1.2587863724593582],[37.043157034158625,-1.25867490118634],[37.04319274010619,-1.2586570642371389],[37.043157034158625,-1.258603558330706],[37.04310355709885,-1.2586348007988217],[37.04309913479812,-1.258630326575813],[37.043059006501394,-1.2586526071620079]]]},"id":"001a000000000002bf0e","properties":{"FID":492962}},{"type":"Feature","geometry":{"type":"Polygon","coordinates":[[[37.02995814507005,-1.2365488437722267],[37.029971496278094,-1.2365890029827762],[37.03000720869986,-1.2365800394593007],[37.02999828059606,-1.2365399263474295],[37.02995814507005,-1.2365488437722267]]]},"id":"001a000000000001f966","properties":{"FID":489379}},{"type":"Feature","geometry":{"type":"Polygon","coordinates":[[[37.025811124918,-1.2504880246036727],[37.02585126273135,-1.2506039435303253],[37.02593153829162,-1.2505727392511061],[37.02589140052255,-1.250461249832407],[37.025811124918,-1.2504880246036727]]]},"id":"001a0000000000022ecc","properties":{"FID":489635}},{"type":"Feature","geometry":{"type":"Polygon","coordinates":[[[37.02725590842779,-1.2576939228274497],[37.02729162218234,-1.2577518689894642],[37.027367390984324,-1.2576983979019105],[37.027327254007155,-1.2576448370958422],[37.02725590842779,-1.2576939228274497]]]},"id":"001a000000000002f4b1","properties":{"FID":492707}},{"type":"Feature","geometry":{"type":"Polygon","coordinates":[[[37.04047715446855,-1.258670474805998],[37.04054848708124,-1.2587551669145045],[37.04063767322302,-1.2586883085475673],[37.04056634069781,-1.2585991280452244],[37.04047715446855,-1.258670474805998]]]},"id":"001a0000000000039522","properties":{"FID":492963}},{"type":"Feature","geometry":{"type":"Polygon","coordinates":[[[37.03075184146413,-1.236562252760981],[37.030778625494825,-1.2366246831526866],[37.03086331866462,-1.236589008509407],[37.03083653466509,-1.2365265782398094],[37.03075184146413,-1.236562252760981]]]},"id":"001a0000000000028c37","properties":{"FID":489380}},{"type":"Feature","geometry":{"type":"Polygon","coordinates":[[[37.02800056934792,-1.2504746111985698],[37.02806749098241,-1.2506128815416846],[37.02816111563829,-1.2505682888182514],[37.028094194089896,-1.2504300187871984],[37.02800056934792,-1.2504746111985698]]]},"id":"001a000000000003423d","properties":{"FID":489636}},{"type":"Feature","geometry":{"type":"Polygon","coordinates":[[[37.02568628798565,-1.2576448841322323],[37.02577549235088,-1.257849975884969],[37.025824558800856,-1.257827662105465],[37.02573535449576,-1.2576225705926898],[37.02568628798565,-1.2576448841322323]]]},"id":"001a00000000000362fa","properties":{"FID":492708}},{"type":"Feature","geometry":{"type":"Polygon","coordinates":[[[37.04090523099192,-1.258469780859487],[37.040914157756944,-1.2585634204068183],[37.04096763642726,-1.2585589905537364],[37.040972140754505,-1.25858129971287],[37.04103454613242,-1.2585723514617122],[37.04101669263082,-1.2584564171741532],[37.04090523099192,-1.258469780859487]]]},"id":"001a0000000000021127","properties":{"FID":492964}},{"type":"Feature","geometry":{"type":"Polygon","coordinates":[[[37.06878349422993,-1.2620281864105496],[37.06881918758137,-1.2621128542815905],[37.068850378316746,-1.2620995225421983],[37.06887272757559,-1.2621530002430918],[37.06902434214614,-1.2620906059752834],[37.068997572209895,-1.2620236806391631],[37.068859301648025,-1.262081660468436],[37.0688325316509,-1.2620103066051302],[37.06878349422993,-1.2620281864105496]]]},"id":"001a000000000003a074","properties":{"FID":495780}},{"type":"Feature","geometry":{"type":"Polygon","coordinates":[[[37.03114868641428,-1.2361341514167972],[37.03115319134969,-1.2362010163252741],[37.03120225417362,-1.2361965582192003],[37.031197749241244,-1.2361341795123035],[37.03114868641428,-1.2361341514167972]]]},"id":"001a000000000001e6b9","properties":{"FID":489381}},{"type":"Feature","geometry":{"type":"Polygon","coordinates":[[[37.029329406878674,-1.2503899070401332],[37.02937396588716,-1.2505237002882497],[37.02946316573209,-1.250492468554917],[37.029418606778236,-1.250358675566169],[37.029329406878674,-1.2503899070401332]]]},"id":"001a000000000003062d","properties":{"FID":489637}},{"type":"Feature","geometry":{"type":"Polygon","coordinates":[[[37.02548568015697,-1.2577161941236037],[37.02553024151907,-1.2577920116722177],[37.02568628798565,-1.257702831842719],[37.02564615008133,-1.2576270004589654],[37.02548568015697,-1.2577161941236037]]]},"id":"001a0000000000035dc8","properties":{"FID":492709}},{"type":"Feature","geometry":{"type":"Polygon","coordinates":[[[37.04104347288156,-1.258451957336335],[37.04111480493865,-1.2585634617169812],[37.0411772101941,-1.258523329835824],[37.04111030062024,-1.2584118114220415],[37.04104347288156,-1.258451957336335]]]},"id":"001a000000000002b7e8","properties":{"FID":492965}},{"type":"Feature","geometry":{"type":"Polygon","coordinates":[[[37.05668153580576,-1.2641372849484256],[37.05672165657981,-1.2642130970644905],[37.056824251029816,-1.2641640827266767],[37.056779626965216,-1.2640837983328854],[37.05668153580576,-1.2641372849484256]]]},"id":"001a0000000000034d03","properties":{"FID":495013}},{"type":"Feature","geometry":{"type":"Polygon","coordinates":[[[37.03035048936454,-1.2360627864579692],[37.030390624674126,-1.2361208081401696],[37.03044861606194,-1.2360806694677957],[37.03040848078433,-1.2360227069067888],[37.03035048936454,-1.2360627864579692]]]},"id":"001a00000000000226ed","properties":{"FID":489382}},{"type":"Feature","geometry":{"type":"Polygon","coordinates":[[[37.03152775527612,-1.2503453414616579],[37.031541106196144,-1.2503854548648592],[37.031576817847466,-1.2503676236515133],[37.031563385026544,-1.2503319405949194],[37.03152775527612,-1.2503453414616579]]]},"id":"001a0000000000027214","properties":{"FID":489638}},{"type":"Feature","geometry":{"type":"Polygon","coordinates":[[[37.029159934959274,-1.2576181056736366],[37.02920007092559,-1.2577117719595738],[37.02924471192334,-1.2576939034331138],[37.02920457598165,-1.2576002963088195],[37.029159934959274,-1.2576181056736366]]]},"id":"001a000000000002c55a","properties":{"FID":492710}},{"type":"Feature","geometry":{"type":"Polygon","coordinates":[[[37.040869523920826,-1.258416273565996],[37.04090523099192,-1.2584831874922648],[37.040985489940894,-1.2584385665765496],[37.04094978290923,-1.25837614133616],[37.040869523920826,-1.258416273565996]]]},"id":"001a000000000002f9e4","properties":{"FID":492966}},{"type":"Feature","geometry":{"type":"Polygon","coordinates":[[[37.056298012838845,-1.2641417825385652],[37.05632478745845,-1.2642086632605505],[37.05644072881655,-1.2641551742294013],[37.05640953274899,-1.2640882492138978],[37.056298012838845,-1.2641417825385652]]]},"id":"001a0000000000023e04","properties":{"FID":495014}},{"type":"Feature","geometry":{"type":"Polygon","coordinates":[[[37.029240206869765,-1.2359156854004874],[37.02927591965046,-1.2359691754032565],[37.02936503770567,-1.2359111755463377],[37.02933383001676,-1.2358576714202552],[37.029240206869765,-1.2359156854004874]]]},"id":"001a000000000003526e","properties":{"FID":489383}},{"type":"Feature","geometry":{"type":"Polygon","coordinates":[[[37.03278518823064,-1.2503676359545939],[37.03282089927125,-1.250430056670318],[37.03289666231541,-1.2503898943594118],[37.03286103321798,-1.2503230435244002],[37.03278518823064,-1.2503676359545939]]]},"id":"001a000000000002efbb","properties":{"FID":489639}},{"type":"Feature","geometry":{"type":"Polygon","coordinates":[[[37.03205835007625,-1.2575556574051345],[37.032111835258966,-1.2576493352876288],[37.03223223820632,-1.2575824295837086],[37.03217433014699,-1.257488766133966],[37.03205835007625,-1.2575556574051345]]]},"id":"001a00000000000369f8","properties":{"FID":492711}},{"type":"Feature","geometry":{"type":"Polygon","coordinates":[[[37.0409854899409,-1.2583627927710754],[37.041007765878376,-1.2584117976867955],[37.04104347288156,-1.258402878586657],[37.04102119695502,-1.2583493851628398],[37.0409854899409,-1.2583627927710754]]]},"id":"001a0000000000023aba","properties":{"FID":492967}},{"type":"Feature","geometry":{"type":"Polygon","coordinates":[[[37.056159799966636,-1.2641150276317035],[37.0561776497481,-1.2641551263715898],[37.05624004206902,-1.2641283968138086],[37.05622227418256,-1.2640838083313957],[37.056159799966636,-1.2641150276317035]]]},"id":"001a0000000000026c10","properties":{"FID":495015}},{"type":"Feature","geometry":{"type":"Polygon","coordinates":[[[37.06880134090785,-1.2618854724041078],[37.06882369018179,-1.2619256056486017],[37.068903918287965,-1.2618809911730935],[37.068881650904125,-1.2618408566491663],[37.06880134090785,-1.2618854724041078]]]},"id":"001a000000000002952e","properties":{"FID":495783}},{"type":"Feature","geometry":{"type":"Polygon","coordinates":[[[37.03150989944062,-1.2357551597511245],[37.03154552919978,-1.2358175624707517],[37.03159459175913,-1.2357907922950013],[37.031558962024,-1.2357239035756296],[37.03150989944062,-1.2357551597511245]]]},"id":"001a000000000001e640","properties":{"FID":489384}},{"type":"Feature","geometry":{"type":"Polygon","coordinates":[[[37.02943638121714,-1.2503319266595954],[37.02945874260187,-1.2503854163243122],[37.02949887840335,-1.2503676300001958],[37.02947651703097,-1.2503140813319171],[37.02943638121714,-1.2503319266595954]]]},"id":"001a000000000002d050","properties":{"FID":489640}},{"type":"Feature","geometry":{"type":"Polygon","coordinates":[[[37.02761714077949,-1.257502173289573],[37.027639420811404,-1.2575467555471973],[37.027692909242546,-1.2575199983710839],[37.02767505246592,-1.2574798912213605],[37.02761714077949,-1.257502173289573]]]},"id":"001a000000000002132c","properties":{"FID":492712}},{"type":"Feature","geometry":{"type":"Polygon","coordinates":[[[37.03730675455383,-1.2584653243904556],[37.03736023587734,-1.2585455905180645],[37.03752076151263,-1.2584385670412206],[37.037436076094096,-1.258313753610298],[37.03730675455383,-1.258398465446962],[37.037337958822405,-1.2584430132531237],[37.03730675455383,-1.2584653243904556]]]},"id":"001a000000000003a11c","properties":{"FID":492968}},{"type":"Feature","geometry":{"type":"Polygon","coordinates":[[[37.05642287909974,-1.2640837747516944],[37.05644515030536,-1.2641462418412097],[37.056476428237,-1.2641328462093173],[37.0564496536733,-1.2640704541638834],[37.05642287909974,-1.2640837747516944]]]},"id":"001a0000000000023e03","properties":{"FID":495016}},{"type":"Feature","geometry":{"type":"Polygon","coordinates":[[[37.06881918758137,-1.2617918253796423],[37.06882369018178,-1.2618230443306921],[37.06887272757559,-1.2618052238140989],[37.068863804245964,-1.2617784477408878],[37.06881918758137,-1.2617918253796423]]]},"id":"001a000000000001aa31","properties":{"FID":495784}},{"type":"Feature","geometry":{"type":"Polygon","coordinates":[[[37.03013203821987,-1.2357060885538824],[37.03015431748175,-1.2357462196545197],[37.03018110173242,-1.2357283706293798],[37.03015882247873,-1.2356882395588666],[37.03013203821987,-1.2357060885538824]]]},"id":"001a000000000001e0cf","properties":{"FID":489385}},{"type":"Feature","geometry":{"type":"Polygon","coordinates":[[[37.02532955134583,-1.250314111211371],[37.025374194717934,-1.2504032621725132],[37.02544996551618,-1.2503675848248308],[37.025409827481525,-1.2502784189540734],[37.02532955134583,-1.250314111211371]]]},"id":"001a0000000000034743","properties":{"FID":489641}},{"type":"Feature","geometry":{"type":"Polygon","coordinates":[[[37.03019445289956,-1.2574575684582925],[37.03026579559777,-1.2576716257201208],[37.030390624674126,-1.2576270314620785],[37.03035941742512,-1.257533396229342],[37.03031928209831,-1.2575467598127588],[37.03027914674938,-1.2574308272955936],[37.03019445289956,-1.2574575684582925]]]},"id":"001a000000000003a7c6","properties":{"FID":492713}},{"type":"Feature","geometry":{"type":"Polygon","coordinates":[[[37.039986669201014,-1.2583270737746672],[37.04002679919357,-1.258362790149163],[37.04005800229492,-1.2583315617120012],[37.04001787231959,-1.258291415839344],[37.039986669201014,-1.2583270737746672]]]},"id":"001a000000000002d752","properties":{"FID":492969}},{"type":"Feature","geometry":{"type":"Polygon","coordinates":[[[37.05192362801233,-1.264097158725114],[37.051954907890995,-1.2641417609589216],[37.052057427189446,-1.264065990653237],[37.05203065099686,-1.264025861289891],[37.05192362801233,-1.264097158725114]]]},"id":"001a00000000000361a5","properties":{"FID":495017}},{"type":"Feature","geometry":{"type":"Polygon","coordinates":[[[37.02990465830402,-1.2357105541927922],[37.02993136073731,-1.235755158674879],[37.02999377558914,-1.2357194347111997],[37.029971496278094,-1.2356748764189092],[37.02990465830402,-1.2357105541927922]]]},"id":"001a000000000002d961","properties":{"FID":489386}},{"type":"Feature","geometry":{"type":"Polygon","coordinates":[[[37.025668512630745,-1.2502516618729298],[37.02570856860869,-1.2503274818060208],[37.02576214037296,-1.2503007332855098],[37.02572200251048,-1.2502249147992233],[37.025668512630745,-1.2502516618729298]]]},"id":"001a000000000001a7bc","properties":{"FID":489642}},{"type":"Feature","geometry":{"type":"Polygon","coordinates":[[[37.03365027506727,-1.2574040901909151],[37.03366813037742,-1.2574397643957964],[37.033708263856724,-1.2574219125635002],[37.03369040855642,-1.2573862383919496],[37.03365027506727,-1.2574040901909151]]]},"id":"001a00000000000224d6","properties":{"FID":492714}},{"type":"Feature","geometry":{"type":"Polygon","coordinates":[[[37.039344504409236,-1.2583137344802795],[37.03938021222926,-1.2583494063042775],[37.03940248865857,-1.2583226369866543],[37.03936686274814,-1.258291452459372],[37.039344504409236,-1.2583137344802795]]]},"id":"001a000000000002b9a3","properties":{"FID":492970}},{"type":"Feature","geometry":{"type":"Polygon","coordinates":[[[37.04723272204878,-1.2639589681888845],[37.047277270088074,-1.2640169371236387],[37.04724607008547,-1.2640391924447498],[37.04728177402435,-1.2640882717451476],[37.04742884786282,-1.2639812193055735],[37.04734859602794,-1.2638742305217936],[37.04723272204878,-1.2639589681888845]]]},"id":"001a0000000000036f87","properties":{"FID":495018}},{"type":"Feature","geometry":{"type":"Polygon","coordinates":[[[37.031714995562545,-1.235670425118998],[37.03177740888426,-1.2357596034279332],[37.03182204830067,-1.2357283602613687],[37.03176405800761,-1.2356391691500521],[37.031714995562545,-1.235670425118998]]]},"id":"001a000000000002bf1d","properties":{"FID":489387}},{"type":"Feature","geometry":{"type":"Polygon","coordinates":[[[37.03206727792725,-1.250229399917848],[37.03210298932028,-1.2503319175979224],[37.03215647447017,-1.2503140892914093],[37.03212076310339,-1.2502115126756652],[37.03206727792725,-1.250229399917848]]]},"id":"001a000000000002537b","properties":{"FID":489643}},{"type":"Feature","geometry":{"type":"Polygon","coordinates":[[[37.0266183002821,-1.2574263790168685],[37.02664058061982,-1.2574798811890968],[37.02675206411898,-1.2574263509890349],[37.026725278606115,-1.2573728644454445],[37.0266183002821,-1.2574263790168685]]]},"id":"001a000000000002138b","properties":{"FID":492715}},{"type":"Feature","geometry":{"type":"Polygon","coordinates":[[[37.03701240181819,-1.2583003366981043],[37.03703025630299,-1.258344928561061],[37.03707038792712,-1.2583270764727976],[37.0370481107834,-1.258282498855203],[37.03701240181819,-1.2583003366981043]]]},"id":"001a0000000000023c4a","properties":{"FID":492971}},{"type":"Feature","geometry":{"type":"Polygon","coordinates":[[[37.05467939915259,-1.2637716835034343],[37.05470167089282,-1.2637984207844408],[37.054746296234114,-1.2637672033907088],[37.05472394262622,-1.2637359790284304],[37.05467939915259,-1.2637716835034343]]]},"id":"001a000000000002ca72","properties":{"FID":495019}},{"type":"Feature","geometry":{"type":"Polygon","coordinates":[[[37.03132708164327,-1.2356525923904524],[37.03137163942833,-1.2357105408936382],[37.0314117741746,-1.2356793118957619],[37.03136721641412,-1.2356213634590036],[37.03132708164327,-1.2356525923904524]]]},"id":"001a0000000000019848","properties":{"FID":489388}},{"type":"Feature","geometry":{"type":"Polygon","coordinates":[[[37.026756487413735,-1.2501178925702405],[37.02676983920923,-1.2501580082035457],[37.02680997649382,-1.2501446507755714],[37.02679220141338,-1.2501000606373018],[37.026756487413735,-1.2501178925702405]]]},"id":"001a0000000000026cce","properties":{"FID":489644}},{"type":"Feature","geometry":{"type":"Polygon","coordinates":[[[37.03198258615902,-1.2573683761867316],[37.0319915140193,-1.2574174294304186],[37.03205835007625,-1.2573996078539666],[37.032049422224155,-1.257350554675965],[37.03198258615902,-1.2573683761867316]]]},"id":"001a000000000001e232","properties":{"FID":492716}},{"type":"Feature","geometry":{"type":"Polygon","coordinates":[[[37.036102800109326,-1.2582067286606369],[37.036214269109756,-1.2583494099460346],[37.03630346056751,-1.258282490330426],[37.036187487080426,-1.2581398249488915],[37.036102800109326,-1.2582067286606369]]]},"id":"001a000000000003a64c","properties":{"FID":492972}},{"type":"Feature","geometry":{"type":"Polygon","coordinates":[[[37.04762955895165,-1.2637270905763844],[37.047700884545755,-1.263811782792457],[37.047763284147024,-1.263758295150117],[37.04769195861416,-1.2636735440250193],[37.04762955895165,-1.2637270905763844]]]},"id":"001a0000000000036a17","properties":{"FID":495020}},{"type":"Feature","geometry":{"type":"Polygon","coordinates":[[[37.03178191378073,-1.235634746838471],[37.03181312041958,-1.2357149882699126],[37.031875533657114,-1.2356882372716465],[37.03184432704504,-1.2356124229761154],[37.03178191378073,-1.235634746838471]]]},"id":"001a000000000002bf1e","properties":{"FID":489389}},{"type":"Feature","geometry":{"type":"Polygon","coordinates":[[[37.02551238421181,-1.25004209783932],[37.02555252218989,-1.2501268338161684],[37.02560158879019,-1.2501000415467303],[37.02555702747178,-1.250015319385871],[37.02551238421181,-1.25004209783932]]]},"id":"001a000000000002b134","properties":{"FID":489645}},{"type":"Feature","geometry":{"type":"Polygon","coordinates":[[[37.02392495038669,-1.257404079804652],[37.023996299231385,-1.25748878833403],[37.02407657683757,-1.2574263806554777],[37.02400080460959,-1.2573416273629947],[37.02392495038669,-1.257404079804652]]]},"id":"001a0000000000025903","properties":{"FID":492717}},{"type":"Feature","geometry":{"type":"Polygon","coordinates":[[[37.04376796378009,-1.2581621341584663],[37.04383487090792,-1.2582379183276577],[37.04387499877634,-1.2582022324037907],[37.0439151266226,-1.2582468645262248],[37.0439374016624,-1.2582290144572332],[37.04382594450152,-1.258108612539281],[37.04376796378009,-1.2581621341584663]]]},"id":"001a0000000000030d2a","properties":{"FID":492973}},{"type":"Feature","geometry":{"type":"Polygon","coordinates":[[[37.05131276694947,-1.2635576438997194],[37.05134396520596,-1.2636066769453957],[37.05137516344906,-1.2635888527454608],[37.051410865359095,-1.26364678812377],[37.0514509890444,-1.2636245038730871],[37.05138859260994,-1.26351751969967],[37.05131276694947,-1.2635576438997194]]]},"id":"001a00000000000342a7","properties":{"FID":495021}},{"type":"Feature","geometry":{"type":"Polygon","coordinates":[[[37.02758585042903,-1.2355500445429322],[37.027621564021665,-1.2356124488276212],[37.027670629227,-1.2355856777210232],[37.027634915658446,-1.2355232735134642],[37.02758585042903,-1.2355500445429322]]]},"id":"001a0000000000034aef","properties":{"FID":489390}},{"type":"Feature","geometry":{"type":"Polygon","coordinates":[[[37.02686797073533,-1.2500242855626171],[37.02689917948176,-1.2500911548572475],[37.02693931669503,-1.2500688210210815],[37.02690810796581,-1.2500064400328166],[37.02686797073533,-1.2500242855626171]]]},"id":"001a000000000002080d","properties":{"FID":489646}},{"type":"Feature","geometry":{"type":"Polygon","coordinates":[[[37.03203164842362,-1.2574040662077013],[37.032040494370975,-1.257439772158638],[37.032263444651996,-1.2574085577829415],[37.03225459873174,-1.2573371769622106],[37.032094061473664,-1.257363932330733],[37.03208955659651,-1.257319353998293],[37.032053927103796,-1.2573282717923635],[37.032067277927254,-1.257399637281108],[37.03203164842362,-1.2574040662077013]]]},"id":"001a00000000000382f0","properties":{"FID":492718}},{"type":"Feature","geometry":{"type":"Polygon","coordinates":[[[37.035532020456465,-1.2581398139931257],[37.03557657566588,-1.2582201111773617],[37.03565684049634,-1.258175488113315],[37.03560778067682,-1.2580952066387647],[37.035532020456465,-1.2581398139931257]]]},"id":"001a0000000000021ef7","properties":{"FID":492974}},{"type":"Feature","geometry":{"type":"Polygon","coordinates":[[[37.056587865993926,-1.2635576582529915],[37.05664141500953,-1.263682499708484],[37.05676177733171,-1.263633427211644],[37.0567439276938,-1.2635933292746067],[37.05679747659435,-1.2635710000944338],[37.05676177733171,-1.2634862570222805],[37.056587865993926,-1.2635576582529915]]]},"id":"001a0000000000037b59","properties":{"FID":495022}},{"type":"Feature","geometry":{"type":"Polygon","coordinates":[[[37.06877457088934,-1.2612076728698567],[37.06881476684613,-1.2612968696537787],[37.06893068825875,-1.2612478254162933],[37.06889057423156,-1.2611586275096338],[37.06877457088934,-1.2612076728698567]]]},"id":"001a0000000000039667","properties":{"FID":495790}},{"type":"Feature","geometry":{"type":"Polygon","coordinates":[[[37.03067607618628,-1.2354786601103547],[37.03072063437005,-1.235550008181387],[37.03076076947545,-1.2355276923339722],[37.03071621131626,-1.2354563443347752],[37.03067607618628,-1.2354786601103547]]]},"id":"001a000000000002626b","properties":{"FID":489391}},{"type":"Feature","geometry":{"type":"Polygon","coordinates":[[[37.02557930813439,-1.250024283831877],[37.02559716542524,-1.2501000552603074],[37.02566400735577,-1.2500822425366436],[37.02564615008133,-1.2500331648429004],[37.02565065535741,-1.25003314978545],[37.02564172671908,-1.2500064258606334],[37.02557930813439,-1.250024283831877]]]},"id":"001a000000000003390c","properties":{"FID":489647}},{"type":"Feature","geometry":{"type":"Polygon","coordinates":[[[37.03225459873174,-1.2573996082389929],[37.032285805167824,-1.2574620546781021],[37.03234821799983,-1.2574308395650131],[37.032285805167824,-1.2573059469435686],[37.032259021692,-1.2573238142415293],[37.03229022812619,-1.2573862605671853],[37.03225459873174,-1.2573996082389929]]]},"id":"001a000000000002fec3","properties":{"FID":492719}},{"type":"Feature","geometry":{"type":"Polygon","coordinates":[[[37.041484895165226,-1.258126431255354],[37.04153837341573,-1.2582156103571507],[37.04160086020375,-1.2581754780066123],[37.041547300103026,-1.2580907888889274],[37.041484895165226,-1.258126431255354]]]},"id":"001a0000000000033b9d","properties":{"FID":492975}},{"type":"Feature","geometry":{"type":"Polygon","coordinates":[[[37.05567826361033,-1.263468445187619],[37.05569161009546,-1.2635219655797643],[37.055727309884126,-1.2635085557855155],[37.05571388152531,-1.2634550958573694],[37.05567826361033,-1.263468445187619]]]},"id":"001a0000000000029c35","properties":{"FID":495023}},{"type":"Feature","geometry":{"type":"Polygon","coordinates":[[[37.06832422729324,-1.261051606766289],[37.06835992087056,-1.261136332183062],[37.06840453781752,-1.2611185268018126],[37.06836884426215,-1.2610338014704265],[37.06832422729324,-1.261051606766289]]]},"id":"001a00000000000326ae","properties":{"FID":495791}},{"type":"Feature","geometry":{"type":"Polygon","coordinates":[[[37.029891225174374,-1.2354563605926987],[37.02991350451,-1.2355054048457104],[37.02995364006064,-1.2354875749769294],[37.0299313607373,-1.2354385307702207],[37.029891225174374,-1.2354563605926987]]]},"id":"001a000000000001edca","properties":{"FID":489392}},{"type":"Feature","geometry":{"type":"Polygon","coordinates":[[[37.02690810796581,-1.2500019517964904],[37.026948245174154,-1.250059933870996],[37.02697503060495,-1.2500420717532028],[37.026934893411386,-1.2499796605443656],[37.02690810796581,-1.2500019517964904]]]},"id":"001a000000000002b935","properties":{"FID":489648}},{"type":"Feature","geometry":{"type":"Polygon","coordinates":[[[37.02429955152006,-1.257297048105421],[37.02431732720929,-1.2573282385437419],[37.024366394642286,-1.2573059841324112],[37.02434861896503,-1.2572703043835178],[37.02429955152006,-1.257297048105421]]]},"id":"001a000000000001a8a5","properties":{"FID":492720}},{"type":"Feature","geometry":{"type":"Polygon","coordinates":[[[37.04526619370897,-1.258064021886611],[37.04528855022672,-1.2581041639636001],[37.0453464478433,-1.2580729089307547],[37.04532417323531,-1.2580328246114123],[37.04526619370897,-1.258064021886611]]]},"id":"001a0000000000019b1b","properties":{"FID":492976}},{"type":"Feature","geometry":{"type":"Polygon","coordinates":[[[37.05403277877628,-1.2633168270318775],[37.054068479380255,-1.263370330654924],[37.05409967645332,-1.2633480778370652],[37.05406405774677,-1.263294513839616],[37.05403277877628,-1.2633168270318775]]]},"id":"001a0000000000023f2a","properties":{"FID":495024}},{"type":"Feature","geometry":{"type":"Polygon","coordinates":[[[37.06861853504975,-1.261015953206497],[37.06867649593595,-1.261154156129901],[37.0687478827265,-1.2611274034924191],[37.06868984003172,-1.260984714830136],[37.06861853504975,-1.261015953206497]]]},"id":"001a0000000000038097","properties":{"FID":495792}},{"type":"Feature","geometry":{"type":"Polygon","coordinates":[[[37.0318041925374,-1.2353002934022335],[37.03184432704504,-1.235358254034084],[37.03197365829762,-1.2352690871663066],[37.03193352386132,-1.235211126740047],[37.0318041925374,-1.2353002934022335]]]},"id":"001a0000000000034f7c","properties":{"FID":489393}},{"type":"Feature","geometry":{"type":"Polygon","coordinates":[[[37.03031485902013,-1.2500153520632855],[37.030346066288246,-1.2500643842683234],[37.03047982327269,-1.24997968628249],[37.03044861606194,-1.2499305951992692],[37.03031485902013,-1.2500153520632855]]]},"id":"001a0000000000035709","properties":{"FID":489649}},{"type":"Feature","geometry":{"type":"Polygon","coordinates":[[[37.027581427184685,-1.2573104384270044],[37.02760821238243,-1.2573862520349948],[37.02771969439925,-1.2573416419660732],[37.027692909242546,-1.2572658285516383],[37.027581427184685,-1.2573104384270044]]]},"id":"001a0000000000039264","properties":{"FID":492721}},{"type":"Feature","geometry":{"type":"Polygon","coordinates":[[[37.04374118453297,-1.2580550935731314],[37.04378581660602,-1.2581308923286103],[37.043830366758044,-1.258104169038407],[37.04378581660602,-1.2580327982991186],[37.04374118453297,-1.2580550935731314]]]},"id":"001a000000000001ada5","properties":{"FID":492977}},{"type":"Feature","geometry":{"type":"Polygon","coordinates":[[[37.03229473299091,-1.2351665327600312],[37.03233486722793,-1.2352244928588332],[37.03230357890628,-1.2352423552154819],[37.03233486722793,-1.2352869422878388],[37.03239728001785,-1.2352378803475785],[37.03232593940977,-1.235139758917068],[37.03229473299091,-1.2351665327600312]]]},"id":"001a0000000000032165","properties":{"FID":489394}},{"type":"Feature","geometry":{"type":"Polygon","coordinates":[[[37.02566400735577,-1.2499261557532766],[37.02573093113894,-1.250037616759018],[37.025811124918,-1.2499930681023181],[37.025744283122584,-1.2498815469181486],[37.02566400735577,-1.2499261557532766]]]},"id":"001a0000000000038729","properties":{"FID":489650}},{"type":"Feature","geometry":{"type":"Polygon","coordinates":[[[37.02667178946376,-1.2572881590129328],[37.02668964648656,-1.257328266498831],[37.02673863040732,-1.2573059549749168],[37.026720855309456,-1.257265846180444],[37.02667178946376,-1.2572881590129328]]]},"id":"001a0000000000020937","properties":{"FID":492722}},{"type":"Feature","geometry":{"type":"Polygon","coordinates":[[[37.0357593827835,-1.2580149685869515],[37.03578616497049,-1.2581086126490983],[37.03585307944346,-1.2580863006756628],[37.03582629728113,-1.257997145537314],[37.0357593827835,-1.2580149685869515]]]},"id":"001a000000000002f6ba","properties":{"FID":492978}},{"type":"Feature","geometry":{"type":"Polygon","coordinates":[[[37.068694342640164,-1.2609891863545197],[37.0687478827265,-1.261064994209299],[37.068850378316746,-1.260998106436413],[37.06879241756944,-1.2609178259139269],[37.068694342640164,-1.2609891863545197]]]},"id":"001a00000000000324e5","properties":{"FID":495794}},{"type":"Feature","geometry":{"type":"Polygon","coordinates":[[[37.027634915658446,-1.2351709848556747],[37.027697332480116,-1.2352690804393383],[37.027741974399774,-1.2352423227221059],[37.02771518925126,-1.2352022050296296],[37.027755326014464,-1.2351798888079943],[37.02771969439926,-1.2351174839034318],[37.027634915658446,-1.2351709848556747]]]},"id":"001a00000000000279ad","properties":{"FID":489395}},{"type":"Feature","geometry":{"type":"Polygon","coordinates":[[[37.025503455556525,-1.2499083040314405],[37.02553024151908,-1.2499529236528502],[37.02561494079757,-1.2499127892804807],[37.025592660145854,-1.249863725463467],[37.025503455556525,-1.2499083040314405]]]},"id":"001a000000000002390d","properties":{"FID":489651}},{"type":"Feature","geometry":{"type":"Polygon","coordinates":[[[37.03195580257156,-1.257256891829359],[37.03198258615901,-1.2573461087650826],[37.03207178280578,-1.257314863922455],[37.03204499925115,-1.2572301360631652],[37.03195580257156,-1.257256891829359]]]},"id":"001a000000000002be04","properties":{"FID":492723}},{"type":"Feature","geometry":{"type":"Polygon","coordinates":[[[37.04050835737662,-1.2580015744396582],[37.04056634069781,-1.2580952274065023],[37.04065994926706,-1.2580372748852104],[37.04060647037043,-1.2579436066016816],[37.04050835737662,-1.2580015744396582]]]},"id":"001a00000000000300bc","properties":{"FID":492979}},{"type":"Feature","geometry":{"type":"Polygon","coordinates":[[[37.068297457098716,-1.2608821824197938],[37.068337571453796,-1.260966893088918],[37.06843572873114,-1.2609178495750768],[37.068400035191104,-1.2608375529588653],[37.068297457098716,-1.2608821824197938]]]},"id":"001a0000000000033915","properties":{"FID":495795}},{"type":"Feature","geometry":{"type":"Polygon","coordinates":[[[37.03142520702351,-1.2350773740065617],[37.031451908898724,-1.235117490981782],[37.031505476434816,-1.2350817945909502],[37.031478692671705,-1.2350461649965228],[37.03142520702351,-1.2350773740065617]]]},"id":"001a0000000000029ef5","properties":{"FID":489396}},{"type":"Feature","geometry":{"type":"Polygon","coordinates":[[[37.03418535913385,-1.2499038369139075],[37.03423884275268,-1.2499930674406272],[37.034323613798456,-1.2499440190650437],[37.034274553079655,-1.2498548340624431],[37.03418535913385,-1.2499038369139075]]]},"id":"001a000000000002063a","properties":{"FID":489652}},{"type":"Feature","geometry":{"type":"Polygon","coordinates":[[[37.03066264319905,-1.2572970752979187],[37.030693850318,-1.2573773016709588],[37.03076969748569,-1.2573461000815374],[37.03071621131626,-1.2572257235835524],[37.030680499242514,-1.2572435616903093],[37.030693850318,-1.2572791935558978],[37.03066264319905,-1.2572970752979187]]]},"id":"001a00000000000244d8","properties":{"FID":492724}},{"type":"Feature","geometry":{"type":"Polygon","coordinates":[[[37.04036118763767,-1.2579748367445578],[37.04037461883378,-1.2580060339824484],[37.04043252036415,-1.2579792658570816],[37.04041917107623,-1.2579480673061418],[37.04036118763767,-1.2579748367445578]]]},"id":"001a0000000000023b2b","properties":{"FID":492980}},{"type":"Feature","geometry":{"type":"Polygon","coordinates":[[[37.030649292117836,-1.2350550442262214],[37.030689427262594,-1.235126404547519],[37.03073398543818,-1.2350996492936428],[37.030693850318,-1.2350327750902907],[37.030649292117836,-1.2350550442262214]]]},"id":"001a0000000000023ba4","properties":{"FID":489397}},{"type":"Feature","geometry":{"type":"Polygon","coordinates":[[[37.034800705039466,-1.2498637147781195],[37.03483641509059,-1.2499217044311126],[37.03487654792529,-1.249894944134343],[37.03484083789387,-1.2498369545454362],[37.034800705039466,-1.2498637147781195]]]},"id":"001a0000000000025f6a","properties":{"FID":489653}},{"type":"Feature","geometry":{"type":"Polygon","coordinates":[[[37.024036438045556,-1.2572613515108986],[37.02408992912471,-1.2573594688465866],[37.02413457325717,-1.257337169385588],[37.024143420164556,-1.2573550395475432],[37.024188064264195,-1.25733274010568],[37.02414342016455,-1.2572480037189888],[37.02412113906238,-1.2572569375680667],[37.024103363325246,-1.2572256880294364],[37.024036438045556,-1.2572613515108986]]]},"id":"001a0000000000036e45","properties":{"FID":492725}},{"type":"Feature","geometry":{"type":"Polygon","coordinates":[[[37.038180714712674,-1.2579703777212528],[37.03820749600797,-1.2580416935802194],[37.038301107614004,-1.2580015760815069],[37.03827432635319,-1.2579302603794906],[37.038180714712674,-1.2579703777212528]]]},"id":"001a0000000000032eec","properties":{"FID":492981}},{"type":"Feature","geometry":{"type":"Polygon","coordinates":[[[37.068016574126,-1.2608375486975323],[37.06808345891967,-1.2609668652694663],[37.06811464997128,-1.2609490469791549],[37.06808345891967,-1.2608821961946748],[37.06811915261542,-1.260864303154898],[37.06808787969945,-1.2608018821509288],[37.068016574126,-1.2608375486975323]]]},"id":"001a0000000000033f4c","properties":{"FID":495797}},{"type":"Feature","geometry":{"type":"Polygon","coordinates":[[[37.027287117007845,-1.2350818373852146],[37.02731390231392,-1.2351397820976768],[37.027429808035436,-1.2350818201009104],[37.02740310468416,-1.2350238151944375],[37.027287117007845,-1.2350818373852146]]]},"id":"001a000000000002d8b3","properties":{"FID":489398}},{"type":"Feature","geometry":{"type":"Polygon","coordinates":[[[37.03255331175836,-1.2497433204569801],[37.03259795069867,-1.2498547832479854],[37.03264693064203,-1.2498369706757848],[37.03260237363806,-1.249725506656418],[37.03255331175836,-1.2497433204569801]]]},"id":"001a000000000002d570","properties":{"FID":489654}},{"type":"Feature","geometry":{"type":"Polygon","coordinates":[[[37.02994471195027,-1.2572925949592082],[37.03011868704127,-1.257716234585048],[37.03017217364996,-1.257693907926721],[37.03002055989891,-1.2573238261698219],[37.030163245566406,-1.257265824655551],[37.03019895789405,-1.257359503066368],[37.03024793945254,-1.2573371923938397],[37.030190029813774,-1.2571945023426356],[37.02994471195027,-1.2572925949592082]]]},"id":"001a000000000003b621","properties":{"FID":492726}},{"type":"Feature","geometry":{"type":"Polygon","coordinates":[[[37.035821874537774,-1.2579837524174284],[37.03587977969335,-1.2580907606911],[37.036009103771086,-1.2580238857051176],[37.035955621453965,-1.257916863593959],[37.035821874537774,-1.2579837524174284]]]},"id":"001a000000000003720d","properties":{"FID":492982}},{"type":"Feature","geometry":{"type":"Polygon","coordinates":[[[37.03070728329947,-1.2350327338009404],[37.03073398543819,-1.235077337151611],[37.0307963996015,-1.235037246799717],[37.030769697485695,-1.2349926435246419],[37.03070728329947,-1.2350327338009404]]]},"id":"001a000000000002bcea","properties":{"FID":489399}},{"type":"Feature","geometry":{"type":"Polygon","coordinates":[[[37.03479628223374,-1.249685340144183],[37.034809632553895,-1.2497433431459497],[37.0348631157137,-1.2497299447739316],[37.03484976540337,-1.249672000881811],[37.03479628223374,-1.249685340144183]]]},"id":"001a000000000002a743","properties":{"FID":489655}},{"type":"Feature","geometry":{"type":"Polygon","coordinates":[[[37.04156515347431,-1.2579525318453606],[37.04162755834321,-1.2580328219441892],[37.041707898390825,-1.2579748538562794],[37.041645411694795,-1.2578945652902742],[37.04156515347431,-1.2579525318453606]]]},"id":"001a0000000000020c1d","properties":{"FID":492983}},{"type":"Feature","geometry":{"type":"Polygon","coordinates":[[[37.0305378145894,-1.2349881491898094],[37.03056902176189,-1.235055050547681],[37.030644869059714,-1.2350238319193767],[37.03061808497977,-1.234956976832369],[37.0305378145894,-1.2349881491898094]]]},"id":"001a0000000000034eb4","properties":{"FID":489400}},{"type":"Feature","geometry":{"type":"Polygon","coordinates":[[[37.025828982151985,-1.2496987331720253],[37.02585126273135,-1.249743308384308],[37.02591376299662,-1.2497076736371613],[37.025891400522546,-1.2496630998450067],[37.025828982151985,-1.2496987331720253]]]},"id":"001a000000000002707d","properties":{"FID":489656}},{"type":"Feature","geometry":{"type":"Polygon","coordinates":[[[37.030649292117836,-1.2571588465946013],[37.030680499242514,-1.2572301538120676],[37.03074741841224,-1.25720341201071],[37.03071621131626,-1.257132045835332],[37.030649292117836,-1.2571588465946013]]]},"id":"001a000000000001d2d7","properties":{"FID":492728}},{"type":"Feature","geometry":{"type":"Polygon","coordinates":[[[37.0388495889419,-1.2579391597482266],[37.038920923151345,-1.2580283411191449],[37.03896547628453,-1.257992698285696],[37.0388941421188,-1.257903517028674],[37.0388495889419,-1.2579391597482266]]]},"id":"001a00000000000322cb","properties":{"FID":492984}},{"type":"Feature","geometry":{"type":"Polygon","coordinates":[[[37.03047540020426,-1.2349167969275816],[37.03051103047005,-1.2349926574311973],[37.03056459869889,-1.2349658738972773],[37.03052446348527,-1.2348900867192711],[37.03047540020426,-1.2349167969275816]]]},"id":"001a000000000001dd43","properties":{"FID":489401}},{"type":"Feature","geometry":{"type":"Polygon","coordinates":[[[37.03237049658306,-1.2496675536987465],[37.03241955858605,-1.249747764750365],[37.032464115702,-1.2497210492589628],[37.03241505372906,-1.2496362913749108],[37.03237049658306,-1.2496675536987465]]]},"id":"001a000000000001d224","properties":{"FID":489657}},{"type":"Feature","geometry":{"type":"Polygon","coordinates":[[[37.030114182041814,-1.2570740819035717],[37.03013203821987,-1.2571097574698253],[37.030185524818734,-1.2570830017020682],[37.03017217364995,-1.2570473697764843],[37.030114182041814,-1.2570740819035717]]]},"id":"001a0000000000027218","properties":{"FID":492729}},{"type":"Feature","geometry":{"type":"Polygon","coordinates":[[[37.042853860475155,-1.257791986472541],[37.04287613584016,-1.2578321309188651],[37.04293411727293,-1.2577964448048107],[37.04291626423782,-1.2577607745885313],[37.042853860475155,-1.257791986472541]]]},"id":"001a0000000000029ff7","properties":{"FID":492985}},{"type":"Feature","geometry":{"type":"Polygon","coordinates":[[[37.030742913451704,-1.2349257295699012],[37.03078304854482,-1.2349703505422336],[37.030841039619844,-1.2349123882781092],[37.030805327607354,-1.2348722405266754],[37.030742913451704,-1.2349257295699012]]]},"id":"001a000000000002fb5b","properties":{"FID":489402}},{"type":"Feature","geometry":{"type":"Polygon","coordinates":[[[37.02454030115427,-1.2498860546076827],[37.024571510898845,-1.2499484373351717],[37.02487025546691,-1.2497968256701564],[37.02478113190726,-1.2496229517827664],[37.02469192632331,-1.2496675301776738],[37.02474992225258,-1.2497834499670712],[37.02454030115427,-1.2498860546076827]]]},"id":"001a000000000003b33b","properties":{"FID":489658}},{"type":"Feature","geometry":{"type":"Polygon","coordinates":[[[37.031010507623606,-1.2570651578131449],[37.03105506560256,-1.2571632954364542],[37.0311576143769,-1.2571186582357787],[37.03111305646076,-1.2570161500488126],[37.031010507623606,-1.2570651578131449]]]},"id":"001a000000000002716c","properties":{"FID":492730}},{"type":"Feature","geometry":{"type":"Polygon","coordinates":[[[37.042795878978374,-1.2577162312753312],[37.04284051163183,-1.2577875420328568],[37.04287613584015,-1.2577652779433677],[37.04283158510333,-1.257693906839719],[37.042795878978374,-1.2577162312753312]]]},"id":"001a0000000000020f9a","properties":{"FID":492986}},{"type":"Feature","geometry":{"type":"Polygon","coordinates":[[[37.0303416432117,-1.2348053446337206],[37.03036392240939,-1.234867786903092],[37.03040848078433,-1.2348499449220989],[37.03038620160028,-1.2347919887357373],[37.0303416432117,-1.2348053446337206]]]},"id":"001a000000000001b850","properties":{"FID":489403}},{"type":"Feature","geometry":{"type":"Polygon","coordinates":[[[37.03258009512583,-1.2496452095653818],[37.03265143548466,-1.2498280388897616],[37.032704920231325,-1.2498102112970888],[37.032633579924955,-1.2496273821790447],[37.03258009512583,-1.2496452095653818]]]},"id":"001a00000000000371c5","properties":{"FID":489659}},{"type":"Feature","geometry":{"type":"Polygon","coordinates":[[[37.02931155050364,-1.2570339660731717],[37.02932047869171,-1.2570696124977792],[37.02936503770566,-1.2570562350844605],[37.02935610952306,-1.2570205886927805],[37.02931155050364,-1.2570339660731717]]]},"id":"001a000000000001dc4e","properties":{"FID":492731}},{"type":"Feature","geometry":{"type":"Polygon","coordinates":[[[37.04327750071425,-1.257453129646226],[37.043304198237955,-1.2574932593920154],[37.04336668350819,-1.257457558535862],[37.04333990411323,-1.2574130009804014],[37.04327750071425,-1.257453129646226]]]},"id":"001a000000000001e29d","properties":{"FID":492987}},{"type":"Feature","geometry":{"type":"Polygon","coordinates":[[[37.032049422224155,-1.2348187281701817],[37.03207620577716,-1.2348633292001612],[37.03212969094673,-1.2348276348450384],[37.03209848444368,-1.2347830467457779],[37.032049422224155,-1.2348187281701817]]]},"id":"001a000000000001b1b7","properties":{"FID":489404}},{"type":"Feature","geometry":{"type":"Polygon","coordinates":[[[37.03391777664017,-1.2496452305364698],[37.033957909981744,-1.2497165521590825],[37.03402924898933,-1.2496764646683827],[37.03398911568713,-1.249609571907385],[37.03391777664017,-1.2496452305364698]]]},"id":"001a0000000000030342","properties":{"FID":489660}},{"type":"Feature","geometry":{"type":"Polygon","coordinates":[[[37.025106661733396,-1.257038437241717],[37.025128942533875,-1.2570830204693146],[37.02521806566764,-1.2570339362404592],[37.02519578489442,-1.2569893531151344],[37.025106661733396,-1.257038437241717]]]},"id":"001a000000000002b5a1","properties":{"FID":492732}},{"type":"Feature","geometry":{"type":"Polygon","coordinates":[[[37.044142544630766,-1.2574263447155825],[37.044178168201015,-1.2574843382072958],[37.04420945141382,-1.2574620285654434],[37.044173745965665,-1.2574040955373047],[37.044142544630766,-1.2574263447155825]]]},"id":"001a00000000000211a4","properties":{"FID":492988}},{"type":"Feature","geometry":{"type":"Polygon","coordinates":[[[37.031242389013336,-1.2347607785028956],[37.03129136986936,-1.234858850844459],[37.031322576718615,-1.234840989962967],[37.031273595883604,-1.2347429177018294],[37.031242389013336,-1.2347607785028956]]]},"id":"001a00000000000315ee","properties":{"FID":489405}},{"type":"Feature","geometry":{"type":"Polygon","coordinates":[[[37.0335744309028,-1.2495917104913397],[37.03359228623158,-1.2496229495063813],[37.03364577028649,-1.2495872892475026],[37.03362799687597,-1.2495560489317898],[37.0335744309028,-1.2495917104913397]]]},"id":"001a00000000000206d0","properties":{"FID":489661}},{"type":"Feature","geometry":{"type":"Polygon","coordinates":[[[37.0317372743397,-1.2570072394273122],[37.03175070712851,-1.2570651955956764],[37.03180861552504,-1.2570473449898254],[37.031795264654114,-1.2569938173578104],[37.0317372743397,-1.2570072394273122]]]},"id":"001a000000000001cc1c","properties":{"FID":492733}},{"type":"Feature","geometry":{"type":"Polygon","coordinates":[[[37.03757874721622,-1.2573460902761908],[37.03761887853768,-1.2574308275977752],[37.037659009836986,-1.2574129765756796],[37.03762330117175,-1.2573282842439375],[37.03757874721622,-1.2573460902761908]]]},"id":"001a000000000002e1b0","properties":{"FID":492989}},{"type":"Feature","geometry":{"type":"Polygon","coordinates":[[[37.03007855158168,-1.2347785725554323],[37.03010083085994,-1.2348142758319842],[37.03015431748175,-1.23477858072882],[37.03013203821987,-1.2347429365314742],[37.03007855158168,-1.2347785725554323]]]},"id":"001a0000000000027498","properties":{"FID":489406}},{"type":"Feature","geometry":{"type":"Polygon","coordinates":[[[37.0279560094984,-1.2495827872719907],[37.02799614612878,-1.2496586024483278],[37.02803628273703,-1.2496363284566883],[37.027991640997904,-1.2495605283943707],[37.0279560094984,-1.2495827872719907]]]},"id":"001a0000000000027f5b","properties":{"FID":489662}},{"type":"Feature","geometry":{"type":"Polygon","coordinates":[[[37.03941592003175,-1.2571053092773756],[37.03944261897354,-1.2571499292231407],[37.039509530082114,-1.2571142132521893],[37.0394872536856,-1.2570651498407444],[37.03941592003175,-1.2571053092773756]]]},"id":"001a0000000000025870","properties":{"FID":492990}},{"type":"Feature","geometry":{"type":"Polygon","coordinates":[[[37.02811205076366,-1.2347562854488467],[37.02812990743305,-1.2348320826915595],[37.02823246033017,-1.2348142422555064],[37.028214603685946,-1.2347340180408366],[37.02811205076366,-1.2347562854488467]]]},"id":"001a0000000000025700","properties":{"FID":489407}},{"type":"Feature","geometry":{"type":"Polygon","coordinates":[[[37.03248647615615,-1.2495783686309951],[37.03250875469705,-1.2496184520067282],[37.032544383967014,-1.2496006230905017],[37.03252210543703,-1.2495560518914097],[37.03248647615615,-1.2495783686309951]]]},"id":"001a000000000001d9bf","properties":{"FID":489663}},{"type":"Feature","geometry":{"type":"Polygon","coordinates":[[[37.02506652350941,-1.2569804453608562],[37.02509773302834,-1.2570339775325754],[37.025182432810155,-1.2569849075134927],[37.02515122332755,-1.2569313754589424],[37.02506652350941,-1.2569804453608562]]]},"id":"001a000000000002fc02","properties":{"FID":492735}},{"type":"Feature","geometry":{"type":"Polygon","coordinates":[[[37.04519936979074,-1.257074122692209],[37.04522164443697,-1.2571231234346638],[37.04525726747835,-1.2571052897846704],[37.04523499284303,-1.2570562890855879],[37.04519936979074,-1.257074122692209]]]},"id":"001a000000000002581a","properties":{"FID":492991}},{"type":"Feature","geometry":{"type":"Polygon","coordinates":[[[37.03133150465991,-1.2347072693842016],[37.03134936053921,-1.2347607516437187],[37.03138949529777,-1.2347473497686299],[37.03137163942833,-1.2346938675549088],[37.03133150465991,-1.2347072693842016]]]},"id":"001a000000000001c793","properties":{"FID":489408}},{"type":"Feature","geometry":{"type":"Polygon","coordinates":[[[37.02987336893722,-1.249556036977722],[37.02991350451,-1.2496229332436728],[37.02995364006064,-1.2496006597900389],[37.029918009521886,-1.249529319602862],[37.02987336893722,-1.249556036977722]]]},"id":"001a000000000002776e","properties":{"FID":489664}},{"type":"Feature","geometry":{"type":"Polygon","coordinates":[[[37.029864522726356,-1.2569225154158044],[37.02987787395159,-1.2569670662876644],[37.02991350451,-1.2569537186291906],[37.0299001532913,-1.256913597709923],[37.029864522726356,-1.2569225154158044]]]},"id":"001a00000000000232ce","properties":{"FID":492736}},{"type":"Feature","geometry":{"type":"Polygon","coordinates":[[[37.04546691077042,-1.2570652054526172],[37.045507037737856,-1.2571320401132131],[37.04560063994515,-1.2570740937415674],[37.0455605130294,-1.2570116882983802],[37.04546691077042,-1.2570652054526172]]]},"id":"001a000000000002a6f6","properties":{"FID":492992}},{"type":"Feature","geometry":{"type":"Polygon","coordinates":[[[37.02966384450596,-1.2347295319925329],[37.029717331449014,-1.2348009118215604],[37.02979317963468,-1.2347428951352066],[37.02973961083789,-1.2346760028320682],[37.02966384450596,-1.2347295319925329]]]},"id":"001a0000000000022195","properties":{"FID":489409}},{"type":"Feature","geometry":{"type":"Polygon","coordinates":[[[37.027679557616395,-1.2495159370429414],[37.02769290924254,-1.2495649687993837],[37.02773304601803,-1.2495516120417562],[37.02771969439926,-1.249502521273397],[37.027679557616395,-1.2495159370429414]]]},"id":"001a0000000000019fa3","properties":{"FID":489665}},{"type":"Feature","geometry":{"type":"Polygon","coordinates":[[[37.03189338940288,-1.2569046607627445],[37.03193352386132,-1.2569759958743971],[37.031978081274964,-1.2569537002488054],[37.03194245172764,-1.256877919949273],[37.03189338940288,-1.2569046607627445]]]},"id":"001a000000000002a537","properties":{"FID":492737}},{"type":"Feature","geometry":{"type":"Polygon","coordinates":[[[37.03830110761401,-1.2568957326864327],[37.0383323114559,-1.2569403375888495],[37.03839471909953,-1.256900207602133],[37.03835909269536,-1.2568511284047332],[37.03830110761401,-1.2568957326864327]]]},"id":"001a000000000002844f","properties":{"FID":492993}},{"type":"Feature","geometry":{"type":"Polygon","coordinates":[[[37.03078755350287,-1.2346983429332055],[37.03091680472589,-1.2348722583710012],[37.03095251668366,-1.2348454702379026],[37.03082318361579,-1.2346715563066135],[37.03078755350287,-1.2346983429332055]]]},"id":"001a0000000000032d28","properties":{"FID":489410}},{"type":"Feature","geometry":{"type":"Polygon","coordinates":[[[37.02784895107197,-1.2494713410383034],[37.02785787943949,-1.2495248153816492],[37.027898016123984,-1.2495159467993413],[37.02788466453548,-1.249462427125405],[37.02784895107197,-1.2494713410383034]]]},"id":"001a000000000001b33e","properties":{"FID":489666}},{"type":"Feature","geometry":{"type":"Polygon","coordinates":[[[37.02968612391122,-1.2568912677326454],[37.02972183647305,-1.2569670489133677],[37.02975304399553,-1.2569492263459234],[37.029717331449014,-1.2568778751501286],[37.02968612391122,-1.2568912677326454]]]},"id":"001a0000000000025e96","properties":{"FID":492738}},{"type":"Feature","geometry":{"type":"Polygon","coordinates":[[[37.0397547337897,-1.256900202199186],[37.039861774694685,-1.257069640559903],[37.03995096167881,-1.257016134036553],[37.03984392090512,-1.2568422076599841],[37.0397547337897,-1.256900202199186]]]},"id":"001a000000000003959f","properties":{"FID":492994}},{"type":"Feature","geometry":{"type":"Polygon","coordinates":[[[37.0314117741746,-1.2346359014368227],[37.03142520702351,-1.2346849694811222],[37.03146976474848,-1.2346760407711548],[37.03145641381536,-1.2346225445242376],[37.0314117741746,-1.2346359014368227]]]},"id":"001a000000000001df4b","properties":{"FID":489411}},{"type":"Feature","geometry":{"type":"Polygon","coordinates":[[[37.03311960997251,-1.2494579437775282],[37.03315532084894,-1.2495248507720507],[37.03324893895786,-1.2494802633709712],[37.03321331003298,-1.2494133551786701],[37.03311960997251,-1.2494579437775282]]]},"id":"001a00000000000361f3","properties":{"FID":489667}},{"type":"Feature","geometry":{"type":"Polygon","coordinates":[[[37.027938152786355,-1.2569002194445298],[37.0279827126468,-1.256980463240957],[37.02805856264061,-1.2569358532402004],[37.028013920915164,-1.2568556109583564],[37.027938152786355,-1.2569002194445298]]]},"id":"001a0000000000032213","properties":{"FID":492739}},{"type":"Feature","geometry":{"type":"Polygon","coordinates":[[[37.03688307952453,-1.2566638814531115],[37.036914365876314,-1.2567039970571714],[37.03697227016205,-1.2566549643004634],[37.03694106573657,-1.2566192768939288],[37.03688307952453,-1.2566638814531115]]]},"id":"001a000000000002b7a8","properties":{"FID":492995}},{"type":"Feature","geometry":{"type":"Polygon","coordinates":[[[37.03330242326522,-1.2346403533773458],[37.03332478346169,-1.2346760537157502],[37.03336934002318,-1.2346448140685016],[37.03334706174585,-1.2346135982710595],[37.03330242326522,-1.2346403533773458]]]},"id":"001a0000000000028616","properties":{"FID":489412}},{"type":"Feature","geometry":{"type":"Polygon","coordinates":[[[37.0289949677142,-1.2494400939947055],[37.029017247324255,-1.2494847261640685],[37.02907523980669,-1.2494579662143273],[37.029052960214386,-1.249413334106258],[37.0289949677142,-1.2494400939947055]]]},"id":"001a000000000002531b","properties":{"FID":489668}},{"type":"Feature","geometry":{"type":"Polygon","coordinates":[[[37.029730682701256,-1.2568734606211773],[37.02976639524121,-1.256931403882202],[37.029806530873,-1.256904632876179],[37.02977532337347,-1.2568466742198738],[37.029730682701256,-1.2568734606211773]]]},"id":"001a00000000000294a2","properties":{"FID":492740}},{"type":"Feature","geometry":{"type":"Polygon","coordinates":[[[37.04280030129755,-1.2565880640698006],[37.04283158510333,-1.256641582074998],[37.04291626423782,-1.256592523191888],[37.04288506236318,-1.2565390039487279],[37.04280030129755,-1.2565880640698006]]]},"id":"001a0000000000032395","properties":{"FID":492996}},{"type":"Feature","geometry":{"type":"Polygon","coordinates":[[[37.04715238810742,-1.2630314628370285],[37.04717916609774,-1.2630715939162886],[37.04725941811972,-1.263022535796485],[37.04723272204878,-1.2629824034386508],[37.04715238810742,-1.2630314628370285]]]},"id":"001a000000000003032d","properties":{"FID":494276}},{"type":"Feature","geometry":{"type":"Polygon","coordinates":[[[37.06870768673266,-1.259334838650326],[37.06877457088933,-1.25943297600284],[37.068863804245964,-1.259370505629767],[37.06881918758137,-1.2593081317616128],[37.06879692017153,-1.2593214903085466],[37.06877457088934,-1.2592902745321541],[37.06870768673266,-1.259334838650326]]]},"id":"001a00000000000302ef","properties":{"FID":495812}},{"type":"Feature","geometry":{"type":"Polygon","coordinates":[[[37.02964598821301,-1.2346403373454993],[37.02966826762374,-1.2346849537804294],[37.02973518772446,-1.234649276529313],[37.02971290833424,-1.2346046601701184],[37.02964598821301,-1.2346403373454993]]]},"id":"001a000000000002a832","properties":{"FID":489413}},{"type":"Feature","geometry":{"type":"Polygon","coordinates":[[[37.02783117624529,-1.2494044298126874],[37.02784895107197,-1.2494535067026395],[37.027893592898614,-1.2494356469345171],[37.02787573617125,-1.2493910595412405],[37.02783117624529,-1.2494044298126874]]]},"id":"001a00000000000250e1","properties":{"FID":489669}},{"type":"Feature","geometry":{"type":"Polygon","coordinates":[[[37.024963966150885,-1.2568243678849664],[37.02499067039713,-1.256877915392392],[37.02504866608837,-1.2568466536850704],[37.02502187994858,-1.2567931666805519],[37.024963966150885,-1.2568243678849664]]]},"id":"001a00000000000203a1","properties":{"FID":492741}},{"type":"Feature","geometry":{"type":"Polygon","coordinates":[[[37.044860417622075,-1.2565033063603877],[37.04487384798693,-1.256579145303691],[37.044918397472095,-1.2565701996219791],[37.0449050490079,-1.2564988474595193],[37.044860417622075,-1.2565033063603877]]]},"id":"001a0000000000026c31","properties":{"FID":492997}},{"type":"Feature","geometry":{"type":"Polygon","coordinates":[[[37.05538840682515,-1.2629779546623665],[37.05540175336355,-1.2630091509638615],[37.05543745329469,-1.262986883002896],[37.05542402488228,-1.2629601173706348],[37.05538840682515,-1.2629779546623665]]]},"id":"001a000000000001ce0c","properties":{"FID":494277}},{"type":"Feature","geometry":{"type":"Polygon","coordinates":[[[37.033017063963804,-1.2346448141202324],[37.0330393423422,-1.2346805159260748],[37.03305719780232,-1.2346671223119436],[37.03316424856531,-1.2348365532609222],[37.03322666064365,-1.234796405508678],[37.03309290870939,-1.2345957718128802],[37.033017063963804,-1.2346448141202324]]]},"id":"001a0000000000039028","properties":{"FID":489414}},{"type":"Feature","geometry":{"type":"Polygon","coordinates":[[[37.030346066288246,-1.2493955534932708],[37.03037285046833,-1.2494579445066119],[37.03040848078433,-1.2494401153090973],[37.03038620160028,-1.2493821382238106],[37.030346066288246,-1.2493955534932708]]]},"id":"001a0000000000027855","properties":{"FID":489670}},{"type":"Feature","geometry":{"type":"Polygon","coordinates":[[[37.02649338282112,-1.263294566066413],[37.026506816578035,-1.2633346938648493],[37.02656923436726,-1.2633123875814583],[37.026555800621864,-1.2632722598378616],[37.02649338282112,-1.263294566066413]]]},"id":"001a000000000001adf9","properties":{"FID":492486}},{"type":"Feature","geometry":{"type":"Polygon","coordinates":[[[37.027131073973685,-1.2568778933626308],[37.02717121105906,-1.2569581520641864],[37.02725590842778,-1.2569135725551905],[37.02718898604694,-1.2567797694710354],[37.0271400024293,-1.2568020802073365],[37.027166705877114,-1.2568600562409262],[37.027131073973685,-1.2568778933626308]]]},"id":"001a0000000000021e12","properties":{"FID":492742}},{"type":"Feature","geometry":{"type":"Polygon","coordinates":[[[37.0354383233829,-1.2565077662695299],[37.0354651056881,-1.2565478979668858],[37.03550974284152,-1.2565122547026548],[37.03548296055275,-1.256476552605322],[37.0354383233829,-1.2565077662695299]]]},"id":"001a0000000000021220","properties":{"FID":492998}},{"type":"Feature","geometry":{"type":"Polygon","coordinates":[[[37.05081334736635,-1.2629333540964707],[37.0509114464503,-1.2630939022651866],[37.05100512358212,-1.263040370460012],[37.05090702462465,-1.2628798226745737],[37.05081334736635,-1.2629333540964707]]]},"id":"001a00000000000365a2","properties":{"FID":494278}},{"type":"Feature","geometry":{"type":"Polygon","coordinates":[[[37.031505476434816,-1.2346314273667227],[37.03152775527612,-1.2346760427172638],[37.031603519667044,-1.2346314277079729],[37.03158124084893,-1.234591298372212],[37.031505476434816,-1.2346314273667227]]]},"id":"001a00000000000263b0","properties":{"FID":489415}},{"type":"Feature","geometry":{"type":"Polygon","coordinates":[[[37.03420321431265,-1.2489763510346832],[37.034256697918366,-1.249083412405948],[37.0343057586492,-1.249056624317851],[37.034247770336066,-1.2489496371456452],[37.03420321431265,-1.2489763510346832]]]},"id":"001a0000000000021c56","properties":{"FID":489671}},{"type":"Feature","geometry":{"type":"Polygon","coordinates":[[[37.02886563116665,-1.2632811784313283],[37.02887013624342,-1.2633346868098334],[37.02895040847361,-1.2633302209831603],[37.02894590340183,-1.2632767126660571],[37.02886563116665,-1.2632811784313283]]]},"id":"001a000000000001b5e1","properties":{"FID":492487}},{"type":"Feature","geometry":{"type":"Polygon","coordinates":[[[37.03399362044664,-1.256806538402007],[37.034011475672514,-1.256842211953491],[37.03406938226939,-1.2568154436593542],[37.03405160896238,-1.256779768801745],[37.03399362044664,-1.256806538402007]]]},"id":"001a00000000000247ba","properties":{"FID":492743}},{"type":"Feature","geometry":{"type":"Polygon","coordinates":[[[37.03971910805186,-1.2564319910817665],[37.039732457468325,-1.2564676771379724],[37.03977709200247,-1.2564543004412798],[37.03976366069598,-1.2564186157722819],[37.03971910805186,-1.2564319910817665]]]},"id":"001a000000000001ec4c","properties":{"FID":492999}},{"type":"Feature","geometry":{"type":"Polygon","coordinates":[[[37.047972920210356,-1.262621209953967],[37.0480174677959,-1.2626791767904404],[37.04804866746731,-1.2626568640423148],[37.048004119900895,-1.2625988972551836],[37.047972920210356,-1.262621209953967]]]},"id":"001a000000000001d194","properties":{"FID":494279}},{"type":"Feature","geometry":{"type":"Polygon","coordinates":[[[37.031460836824145,-1.2345689956086028],[37.03148311567914,-1.234622523762859],[37.031541106196144,-1.234600214149145],[37.03151882735892,-1.2345467450893108],[37.031460836824145,-1.2345689956086028]]]},"id":"001a000000000002d214","properties":{"FID":489416}},{"type":"Feature","geometry":{"type":"Polygon","coordinates":[[[37.03241505372906,-1.2489808318540812],[37.03243741419829,-1.2490521507863024],[37.032553311758356,-1.249016527783837],[37.0325399610241,-1.248971928515137],[37.032477548356596,-1.248994212547073],[37.03246862055595,-1.248967432621915],[37.03241505372906,-1.2489808318540812]]]},"id":"001a000000000002a520","properties":{"FID":489672}},{"type":"Feature","geometry":{"type":"Polygon","coordinates":[[[37.026796624705696,-1.263263352525271],[37.026801047997736,-1.2633257845839088],[37.02684569046723,-1.2633213203768405],[37.02683676197552,-1.2632588451035793],[37.026796624705696,-1.263263352525271]]]},"id":"001a000000000001f3af","properties":{"FID":492488}},{"type":"Feature","geometry":{"type":"Polygon","coordinates":[[[37.03183097618067,-1.2567931764353528],[37.031884461530545,-1.2568957126068319],[37.03192017301332,-1.2568778750876752],[37.03186660578258,-1.256775340360627],[37.03183097618067,-1.2567931764353528]]]},"id":"001a000000000002e587","properties":{"FID":492744}},{"type":"Feature","geometry":{"type":"Polygon","coordinates":[[[37.039509530082114,-1.2564007913922381],[37.03952287953703,-1.2564631715316519],[37.039598717498286,-1.2564453808096658],[37.03958536805729,-1.256387371007757],[37.039509530082114,-1.2564007913922381]]]},"id":"001a000000000002e753","properties":{"FID":493000}},{"type":"Feature","geometry":{"type":"Polygon","coordinates":[[[37.05112991705612,-1.262309083821585],[37.05115227176997,-1.2623492266710115],[37.051183470095374,-1.2623269150998493],[37.05116111539114,-1.2622912607733692],[37.05112991705612,-1.262309083821585]]]},"id":"001a000000000001e7a1","properties":{"FID":494280}},{"type":"Feature","geometry":{"type":"Polygon","coordinates":[[[37.03116211931175,-1.2345734957701322],[37.03120225417362,-1.2346537087006673],[37.03129136986936,-1.234604685790221],[37.031246812035135,-1.2345288537762844],[37.03116211931175,-1.2345734957701322]]]},"id":"001a000000000001d481","properties":{"FID":489417}},{"type":"Feature","geometry":{"type":"Polygon","coordinates":[[[37.02757249878325,-1.2487088392409416],[37.02762598726357,-1.248798016051982],[37.02766170083651,-1.2487801855902352],[37.02760821238243,-1.2486865208335725],[37.02757249878325,-1.2487088392409416]]]},"id":"001a00000000000346eb","properties":{"FID":489673}},{"type":"Feature","geometry":{"type":"Polygon","coordinates":[[[37.03219210391268,-1.2632990027762045],[37.03221446445043,-1.2633435870271776],[37.03232593940977,-1.2632811814631733],[37.03230357890628,-1.2632365973410888],[37.03219210391268,-1.2632990027762045]]]},"id":"001a000000000002fbdf","properties":{"FID":492489}},{"type":"Feature","geometry":{"type":"Polygon","coordinates":[[[37.02960142937111,-1.2568154699993483],[37.02962370879548,-1.256877888239036],[37.029730682701256,-1.2568377850059376],[37.02970840330965,-1.2567753078493769],[37.02960142937111,-1.2568154699993483]]]},"id":"001a000000000003189b","properties":{"FID":492745}},{"type":"Feature","geometry":{"type":"Polygon","coordinates":[[[37.03666464799708,-1.2563829450476633],[37.036682420665564,-1.2564141298372546],[37.03673147976017,-1.2563873912013828],[37.03670920251263,-1.2563517333768384],[37.03666464799708,-1.2563829450476633]]]},"id":"001a0000000000025609","properties":{"FID":493001}},{"type":"Feature","geometry":{"type":"Polygon","coordinates":[[[37.056489774575454,-1.2619612984790542],[37.0565433236634,-1.2620415490572336],[37.05657451967348,-1.2620237273795627],[37.05652097060855,-1.2619389887287185],[37.056489774575454,-1.2619612984790542]]]},"id":"001a0000000000026f38","properties":{"FID":494281}},{"type":"Feature","geometry":{"type":"Polygon","coordinates":[[[37.03067607618628,-1.2345333470299413],[37.030742913451704,-1.2346225115959661],[37.030778625494825,-1.2346002096899125],[37.03071170635379,-1.2345110465365392],[37.03067607618628,-1.2345333470299413]]]},"id":"001a0000000000021496","properties":{"FID":489418}},{"type":"Feature","geometry":{"type":"Polygon","coordinates":[[[37.03316424856531,-1.2487088168192175],[37.03322666064364,-1.2487935298093709],[37.03328464977081,-1.2487534271711487],[37.03322666064365,-1.2486687006630401],[37.03316424856531,-1.2487088168192175]]]},"id":"001a000000000002469b","properties":{"FID":489674}},{"type":"Feature","geometry":{"type":"Polygon","coordinates":[[[37.0323526409544,-1.2632365494992226],[37.03237049658307,-1.2632811494286025],[37.03241505372906,-1.263258846204001],[37.03239728001785,-1.2632187346392092],[37.0323526409544,-1.2632365494992226]]]},"id":"001a00000000000217d1","properties":{"FID":492490}},{"type":"Feature","geometry":{"type":"Polygon","coordinates":[[[37.02808977087645,-1.2567976521782298],[37.02812990743305,-1.2568734206551253],[37.02821018047983,-1.256833285943266],[37.0281700439675,-1.2567575176147128],[37.02808977087645,-1.2567976521782298]]]},"id":"001a000000000003352a","properties":{"FID":492746}},{"type":"Feature","geometry":{"type":"Polygon","coordinates":[[[37.03946489538372,-1.256360661991282],[37.0394872536856,-1.2564007464991485],[37.03952287953703,-1.2563829123791777],[37.039500603144624,-1.2563428265511862],[37.03946489538372,-1.256360661991282]]]},"id":"001a000000000001fc88","properties":{"FID":493002}},{"type":"Feature","geometry":{"type":"Polygon","coordinates":[[[37.05672607805152,-1.2618051871229345],[37.056735002873204,-1.2618720651315753],[37.056810822873814,-1.2618631866495897],[37.05680189806144,-1.2617918206221166],[37.05672607805152,-1.2618051871229345]]]},"id":"001a000000000002ba02","properties":{"FID":494282}},{"type":"Feature","geometry":{"type":"Polygon","coordinates":[[[37.06856057411726,-1.258884499221527],[37.068698763382734,-1.2590851272307102],[37.06877015015139,-1.2590361199547377],[37.068850378316746,-1.258978110114261],[37.06871218934,-1.2587819109329768],[37.06862295579694,-1.2588398926294806],[37.06856057411726,-1.258884499221527]]]},"id":"001a000000000003aeef","properties":{"FID":495818}},{"type":"Feature","geometry":{"type":"Polygon","coordinates":[[[37.027697332480116,-1.2345333457864678],[37.02772854087087,-1.2346091621459216],[37.027791039523926,-1.2345824103282446],[37.02775983115997,-1.2345065940794042],[37.027697332480116,-1.2345333457864678]]]},"id":"001a00000000000351b7","properties":{"FID":489419}},{"type":"Feature","geometry":{"type":"Polygon","coordinates":[[[37.03429683107293,-1.248673134794473],[37.03431468622438,-1.2487088014707124],[37.03437709731563,-1.24867760208006],[37.03436374691609,-1.2486464080919981],[37.03429683107293,-1.248673134794473]]]},"id":"001a0000000000029ee8","properties":{"FID":489675}},{"type":"Feature","geometry":{"type":"Polygon","coordinates":[[[37.03332027866076,-1.2632231766275872],[37.03333813405192,-1.2632633454302342],[37.03337826771328,-1.2632454874996284],[37.03336041233199,-1.2632053778089147],[37.03332027866076,-1.2632231766275872]]]},"id":"001a0000000000020c9a","properties":{"FID":492491}},{"type":"Feature","geometry":{"type":"Polygon","coordinates":[[[37.02708643167927,-1.256744135137856],[37.02711772224447,-1.2568110135128363],[37.02718456277847,-1.2567797835653516],[37.027153354154436,-1.2567129039427578],[37.02708643167927,-1.256744135137856]]]},"id":"001a000000000002f5c5","properties":{"FID":492747}},{"type":"Feature","geometry":{"type":"Polygon","coordinates":[[[37.03559885326036,-1.2563517308543544],[37.035625635506456,-1.2564186166931517],[37.03566576790567,-1.2564007663154084],[37.03563898567436,-1.2563338805404636],[37.03559885326036,-1.2563517308543544]]]},"id":"001a0000000000023de3","properties":{"FID":493003}},{"type":"Feature","geometry":{"type":"Polygon","coordinates":[[[37.04706771390798,-1.2615911645834996],[37.04710783999159,-1.2616981659675406],[37.04722821810946,-1.2616535827428499],[37.047197018085804,-1.2615688764134092],[37.04715238810742,-1.2615822569595847],[37.04714354399837,-1.261564390366418],[37.04706771390798,-1.2615911645834996]]]},"id":"001a000000000002f8d8","properties":{"FID":494283}},{"type":"Feature","geometry":{"type":"Polygon","coordinates":[[[37.031434053044606,-1.234511054789957],[37.03145190889873,-1.2345601098096226],[37.03151882735892,-1.234533346349513],[37.03149654851487,-1.2344843042513107],[37.031434053044606,-1.234511054789957]]]},"id":"001a000000000002ca6c","properties":{"FID":489420}},{"type":"Feature","geometry":{"type":"Polygon","coordinates":[[[37.027621564021665,-1.2486731326171945],[37.0276795576164,-1.2487846163519378],[37.02773304601803,-1.248757872051008],[37.02767505246592,-1.2486463884620929],[37.027621564021665,-1.2486731326171945]]]},"id":"001a000000000002faba","properties":{"FID":489676}},{"type":"Feature","geometry":{"type":"Polygon","coordinates":[[[37.03476057216291,-1.2632276401920808],[37.03478735471768,-1.2632677779317378],[37.03487204322046,-1.2632098368076055],[37.03484534260063,-1.2631696977993874],[37.03476057216291,-1.2632276401920808]]]},"id":"001a000000000002d9c7","properties":{"FID":492492}},{"type":"Feature","geometry":{"type":"Polygon","coordinates":[[[37.032968002363795,-1.256864496489419],[37.03309733161869,-1.2570696097504572],[37.0333871954023,-1.2568823674118863],[37.03334255694629,-1.2568109902005127],[37.03328907266844,-1.2568422333778693],[37.03320880522514,-1.2567129143482165],[37.032968002363795,-1.256864496489419]]]},"id":"001a000000000003ab8a","properties":{"FID":492748}},{"type":"Feature","geometry":{"type":"Polygon","coordinates":[[[37.03579509236395,-1.2563338972719067],[37.03584857479911,-1.25641416137303],[37.03594227134416,-1.2563517205980033],[37.03588870707532,-1.256271458055412],[37.03579509236395,-1.2563338972719067]]]},"id":"001a0000000000037ee5","properties":{"FID":493004}},{"type":"Feature","geometry":{"type":"Polygon","coordinates":[[[37.04634978082708,-1.2610783955231952],[37.04637655911312,-1.2611586275227786],[37.046447885936985,-1.261136358207395],[37.04641668557832,-1.261051593055488],[37.04634978082708,-1.2610783955231952]]]},"id":"001a0000000000033f33","properties":{"FID":494284}},{"type":"Feature","geometry":{"type":"Polygon","coordinates":[[[37.02937396588716,-1.234493235659082],[37.02939624538117,-1.2345243939750066],[37.029445309389885,-1.2344931979522744],[37.0294230299109,-1.2344619806495944],[37.02937396588716,-1.234493235659082]]]},"id":"001a000000000001a406","properties":{"FID":489421}},{"type":"Feature","geometry":{"type":"Polygon","coordinates":[[[37.03226344465199,-1.2486820528954938],[37.03231701159052,-1.2487667941479093],[37.03240170296943,-1.248708832657881],[37.03234821799983,-1.2486285780029214],[37.03226344465199,-1.2486820528954938]]]},"id":"001a0000000000033d83","properties":{"FID":489677}},{"type":"Feature","geometry":{"type":"Polygon","coordinates":[[[37.03404710420646,-1.2631964401997993],[37.034064959419204,-1.2632321190153222],[37.03411402027936,-1.2632098004492287],[37.034096165078665,-1.2631741216748544],[37.03404710420646,-1.2631964401997993]]]},"id":"001a000000000001a5cd","properties":{"FID":492493}},{"type":"Feature","geometry":{"type":"Polygon","coordinates":[[[37.02784452784361,-1.256708442207824],[37.0278801593977,-1.2567797962092346],[37.0279560094984,-1.2567441056859991],[37.027920296069915,-1.256672753168589],[37.02784452784361,-1.256708442207824]]]},"id":"001a000000000002dd21","properties":{"FID":492749}},{"type":"Feature","geometry":{"type":"Polygon","coordinates":[[[37.03972803496253,-1.2562402618392732],[37.03977258760118,-1.2562714747629775],[37.03979494580845,-1.256235788843889],[37.0397547337897,-1.2562090515336966],[37.03972803496253,-1.2562402618392732]]]},"id":"001a0000000000024cbb","properties":{"FID":493005}},{"type":"Feature","geometry":{"type":"Polygon","coordinates":[[[37.05502272709514,-1.2609847113528188],[37.05505842721257,-1.2610070311903465],[37.055085202289135,-1.2609669022171446],[37.055049502184865,-1.2609445823960541],[37.05502272709514,-1.2609847113528188]]]},"id":"001a000000000002ab7a","properties":{"FID":494285}},{"type":"Feature","geometry":{"type":"Polygon","coordinates":[[[37.032107412289754,-1.2344842941160992],[37.03214312366309,-1.2345333536376109],[37.03218325798375,-1.2345021266141798],[37.03214754663012,-1.2344530671496579],[37.032107412289754,-1.2344842941160992]]]},"id":"001a0000000000026cb0","properties":{"FID":489422}},{"type":"Feature","geometry":{"type":"Polygon","coordinates":[[[37.029962568169914,-1.248708828149395],[37.03000270369349,-1.2487757230929355],[37.03015431748176,-1.2486909729032942],[37.030114182041814,-1.2486196493965531],[37.029962568169914,-1.248708828149395]]]},"id":"001a0000000000039e56","properties":{"FID":489678}},{"type":"Feature","geometry":{"type":"Polygon","coordinates":[[[37.027514505103184,-1.2630493108838992],[37.02753236191921,-1.2631027751107313],[37.02753686707851,-1.2630983284377018],[37.02756357038071,-1.2631785853168542],[37.02759928398428,-1.2631652307015495],[37.027554641977076,-1.2630359419225186],[37.027514505103184,-1.2630493108838992]]]},"id":"001a000000000001c76e","properties":{"FID":492494}},{"type":"Feature","geometry":{"type":"Polygon","coordinates":[[[37.03340505077703,-1.2567173460030852],[37.03345403017694,-1.256797628723754],[37.03354322501953,-1.2567486076808947],[37.03349416377437,-1.2566638377486719],[37.03340505077703,-1.2567173460030852]]]},"id":"001a0000000000037d39","properties":{"FID":492750}},{"type":"Feature","geometry":{"type":"Polygon","coordinates":[[[37.0393712852759,-1.2557229779912569],[37.03938021222927,-1.2557631068799946],[37.03942476508104,-1.2557542204509353],[37.03941592003175,-1.255714090240542],[37.0393712852759,-1.2557229779912569]]]},"id":"001a000000000001f280","properties":{"FID":493006}},{"type":"Feature","geometry":{"type":"Polygon","coordinates":[[[37.046064390835355,-1.2606815246659175],[37.04608224309726,-1.2607528681582791],[37.04618477068158,-1.2607261243439367],[37.0461624963305,-1.2606503068003827],[37.046064390835355,-1.2606815246659175]]]},"id":"001a000000000002471c","properties":{"FID":494286}},{"type":"Feature","geometry":{"type":"Polygon","coordinates":[[[37.03089903064864,-1.234466448565203],[37.03092130967566,-1.2345021512183283],[37.03096144467037,-1.2344798366481295],[37.03093916565563,-1.2344397071148845],[37.03089903064864,-1.234466448565203]]]},"id":"001a000000000001eb6d","properties":{"FID":489423}},{"type":"Feature","geometry":{"type":"Polygon","coordinates":[[[37.03394455950527,-1.248673138622493],[37.033957909981744,-1.2487088204629608],[37.03418535913385,-1.2486018067819606],[37.03420763715443,-1.2486463760323134],[37.034225492327764,-1.2486374615478726],[37.03418535913385,-1.2485572256853088],[37.03394455950527,-1.248673138622493]]]},"id":"001a000000000003a6f2","properties":{"FID":489679}},{"type":"Feature","geometry":{"type":"Polygon","coordinates":[[[37.02453587772482,-1.2630715863862692],[37.024558158700046,-1.2631117451581029],[37.024589368436956,-1.2630983468799495],[37.024611649395794,-1.2631340155395288],[37.02464285910976,-1.2631161862277802],[37.024602720630014,-1.263035913428176],[37.02453587772482,-1.2630715863862692]]]},"id":"001a0000000000031984","properties":{"FID":492495}},{"type":"Feature","geometry":{"type":"Polygon","coordinates":[[[37.03359228623158,-1.2566638683074853],[37.0336056367727,-1.2566995573865316],[37.033685903778135,-1.256668343991304],[37.03367255325173,-1.2566326549768034],[37.03359228623158,-1.2566638683074853]]]},"id":"001a000000000002d24f","properties":{"FID":492751}},{"type":"Feature","geometry":{"type":"Polygon","coordinates":[[[37.03981722211069,-1.255722987021024],[37.03987070158784,-1.2558121633542998],[37.03992418102565,-1.2557764950192634],[37.03984392090512,-1.2556471901575568],[37.03981722211069,-1.2556605648174535],[37.03984842530198,-1.2557051676958788],[37.03981722211069,-1.255722987021024]]]},"id":"001a0000000000037008","properties":{"FID":493007}},{"type":"Feature","geometry":{"type":"Polygon","coordinates":[[[37.05150896363627,-1.2606101393907594],[37.0515401618085,-1.2606592282630749],[37.05160706178098,-1.2606190814320926],[37.05157586363747,-1.2605700517006886],[37.05150896363627,-1.2606101393907594]]]},"id":"001a000000000001dc03","properties":{"FID":494287}},{"type":"Feature","geometry":{"type":"Polygon","coordinates":[[[37.0314117741746,-1.2344397011347719],[37.031438557962346,-1.2344932149768995],[37.03148311567914,-1.234475373620815],[37.03145641381536,-1.234421858500908],[37.0314117741746,-1.2344397011347719]]]},"id":"001a0000000000024bf0","properties":{"FID":489424}},{"type":"Feature","geometry":{"type":"Polygon","coordinates":[[[37.029770818352745,-1.2485260275118752],[37.02981988210888,-1.2486196438890138],[37.02989122517438,-1.2485839855861542],[37.029837738359156,-1.24849032395414],[37.029770818352745,-1.2485260275118752]]]},"id":"001a0000000000036730","properties":{"FID":489680}},{"type":"Feature","geometry":{"type":"Polygon","coordinates":[[[37.02771969439926,-1.26300472278037],[37.027733046018035,-1.263067123382177],[37.027782111148206,-1.2630537241753768],[37.02776867762671,-1.2629957558290836],[37.02771969439926,-1.26300472278037]]]},"id":"001a0000000000022f72","properties":{"FID":492496}},{"type":"Feature","geometry":{"type":"Polygon","coordinates":[[[37.028450917177906,-1.2565524011683153],[37.028482207156394,-1.256646035018156],[37.02858025446258,-1.2566103322809399],[37.02854462325131,-1.2565167113618991],[37.028450917177906,-1.2565524011683153]]]},"id":"001a0000000000036346","properties":{"FID":492752}},{"type":"Feature","geometry":{"type":"Polygon","coordinates":[[[37.03966112405502,-1.255526785379746],[37.03968790480508,-1.2555669140339487],[37.03971910805186,-1.2555490948258454],[37.03969232731331,-1.2555044779636864],[37.03966112405502,-1.255526785379746]]]},"id":"001a000000000002cba1","properties":{"FID":493008}},{"type":"Feature","geometry":{"type":"Polygon","coordinates":[[[37.04824487296794,-1.260467497262465],[37.04828950227539,-1.2605566427546522],[37.04843215209813,-1.2604852946656853],[37.048387604766795,-1.2604005774623128],[37.0483073539907,-1.260440710717486],[37.048307353990694,-1.260436281371942],[37.04824487296794,-1.260467497262465]]]},"id":"001a000000000003a1f6","properties":{"FID":494288}},{"type":"Feature","geometry":{"type":"Polygon","coordinates":[[[37.032062854955335,-1.234421861707393],[37.032085133625955,-1.2344575637845303],[37.03213861878898,-1.2344262969833704],[37.03212076310339,-1.234390641137351],[37.032062854955335,-1.234421861707393]]]},"id":"001a00000000000212ce","properties":{"FID":489425}},{"type":"Feature","geometry":{"type":"Polygon","coordinates":[[[37.03043526494144,-1.2485259737591197],[37.0304531210407,-1.2485706177863005],[37.03058237285785,-1.2485170607033027],[37.0305690217619,-1.2484769487051417],[37.03043526494144,-1.2485259737591197]]]},"id":"001a000000000002a09a","properties":{"FID":489681}},{"type":"Feature","geometry":{"type":"Polygon","coordinates":[[[37.03055567066349,-1.2629958025099757],[37.03058237285786,-1.2630894072003],[37.03073849039927,-1.2630492986545099],[37.03071621131626,-1.2629511900603938],[37.03055567066349,-1.2629958025099757]]]},"id":"001a0000000000034c7b","properties":{"FID":492497}},{"type":"Feature","geometry":{"type":"Polygon","coordinates":[[[37.034341387039,-1.2564855129931247],[37.03438152014684,-1.2565434381876281],[37.0344484359121,-1.256494432454205],[37.03440830284118,-1.2564364483079709],[37.034341387039,-1.2564855129931247]]]},"id":"001a000000000002e014","properties":{"FID":492753}},{"type":"Feature","geometry":{"type":"Polygon","coordinates":[[[37.035906561835986,-1.255428683088918],[37.03592883932939,-1.255477746861798],[37.03600017640388,-1.255446507021277],[37.03597789893233,-1.2553975023885078],[37.035906561835986,-1.255428683088918]]]},"id":"001a000000000001b2e1","properties":{"FID":493009}},{"type":"Feature","geometry":{"type":"Polygon","coordinates":[[[37.04716131410529,-1.25980749644525],[37.04721929211981,-1.2599011449626285],[37.04725499607185,-1.259878878314204],[37.04720144013722,-1.259785215573658],[37.04716131410529,-1.25980749644525]]]},"id":"001a0000000000030409","properties":{"FID":494289}},{"type":"Feature","geometry":{"type":"Polygon","coordinates":[[[37.030577949795656,-1.2343995952452433],[37.03061358001123,-1.2344485979694328],[37.030644869059714,-1.2344263090640684],[37.03061358001123,-1.2343772948747944],[37.030577949795656,-1.2343995952452433]]]},"id":"001a000000000002327f","properties":{"FID":489426}},{"type":"Feature","geometry":{"type":"Polygon","coordinates":[[[37.02994921696022,-1.2484323347695536],[37.03000720869986,-1.2485483023890063],[37.03009632585937,-1.2485037308061364],[37.0300339110955,-1.248383289224359],[37.02994921696022,-1.2484323347695536]]]},"id":"001a0000000000031e56","properties":{"FID":489682}},{"type":"Feature","geometry":{"type":"Polygon","coordinates":[[[37.02897711125709,-1.2629244490415679],[37.029008319098985,-1.2630136088764066],[37.02917328631379,-1.2629511991166467],[37.029142078542655,-1.2628664703491381],[37.02897711125709,-1.2629244490415679]]]},"id":"001a000000000002e59c","properties":{"FID":492498}},{"type":"Feature","geometry":{"type":"Polygon","coordinates":[[[37.033315855765025,-1.2564409328539792],[37.03336491713043,-1.2565211547666697],[37.0334585349696,-1.2564676315723247],[37.033409473667334,-1.2563874098510435],[37.033315855765025,-1.2564409328539792]]]},"id":"001a000000000002ba65","properties":{"FID":492754}},{"type":"Feature","geometry":{"type":"Polygon","coordinates":[[[37.035982403568674,-1.2553974869974966],[37.03600017640389,-1.2554375891981915],[37.036035885866106,-1.2554197539513527],[37.03601360840549,-1.2553796081180506],[37.035982403568674,-1.2553974869974966]]]},"id":"001a000000000002666e","properties":{"FID":493010}},{"type":"Feature","geometry":{"type":"Polygon","coordinates":[[[37.04646573810467,-1.2598075210169957],[37.04651028661412,-1.2598610563988886],[37.0465593390773,-1.2598253391013252],[37.04658611728613,-1.2598565499872585],[37.04663516969813,-1.2598208917875149],[37.04656384305806,-1.2597272870005163],[37.04646573810467,-1.2598075210169957]]]},"id":"001a0000000000036907","properties":{"FID":494290}},{"type":"Feature","geometry":{"type":"Polygon","coordinates":[[[37.02981095398209,-1.2343995435689874],[37.029837738359156,-1.2344308055292836],[37.02988680207016,-1.234395123817767],[37.029864522726356,-1.2343639067583054],[37.02981095398209,-1.2343995435689874]]]},"id":"001a0000000000020bef","properties":{"FID":489427}},{"type":"Feature","geometry":{"type":"Polygon","coordinates":[[[37.03384201465952,-1.2483922205467193],[37.03387322041463,-1.24846356886266],[37.033926704262974,-1.248441255521548],[37.03389549853082,-1.2483699072931718],[37.03384201465952,-1.2483922205467193]]]},"id":"001a000000000001df32","properties":{"FID":489683}},{"type":"Feature","geometry":{"type":"Polygon","coordinates":[[[37.032490899102314,-1.2628709433437824],[37.03250875469705,-1.2629199733513097],[37.032544383967014,-1.2629021314225461],[37.03252210543703,-1.2628575464568152],[37.032490899102314,-1.2628709433437824]]]},"id":"001a000000000001c7ff","properties":{"FID":492499}},{"type":"Feature","geometry":{"type":"Polygon","coordinates":[[[37.02971290833424,-1.2563695741726304],[37.02974853897343,-1.2564275181668998],[37.02977974648445,-1.2564096961023323],[37.02974411586055,-1.256351693089386],[37.02971290833424,-1.2563695741726304]]]},"id":"001a000000000001b14f","properties":{"FID":492755}},{"type":"Feature","geometry":{"type":"Polygon","coordinates":[[[37.03750741169015,-1.2553930113933975],[37.03752076151263,-1.255428697546821],[37.03760544683255,-1.2553885563106981],[37.037592097025616,-1.2553573585704683],[37.03750741169015,-1.2553930113933975]]]},"id":"001a000000000002e94e","properties":{"FID":493011}},{"type":"Feature","geometry":{"type":"Polygon","coordinates":[[[37.04610451747291,-1.2595711980723912],[37.04614914809479,-1.2596469970343922],[37.04618927468556,-1.2596202276722726],[37.04614464408832,-1.2595444287946695],[37.04610451747291,-1.2595711980723912]]]},"id":"001a000000000001d135","properties":{"FID":494291}},{"type":"Feature","geometry":{"type":"Polygon","coordinates":[[[37.03299920849384,-1.234341602412221],[37.03302599169715,-1.2344174260746337],[37.03308398098427,-1.2343951171321268],[37.033057197802314,-1.2343237793740487],[37.03299920849384,-1.234341602412221]]]},"id":"001a0000000000026dc8","properties":{"FID":489428}},{"type":"Feature","geometry":{"type":"Polygon","coordinates":[[[37.02886563116666,-1.2480889826382426],[37.02887906448565,-1.248138069527239],[37.02894148024014,-1.2481247025410689],[37.02893255200558,-1.248075600755679],[37.02886563116666,-1.2480889826382426]]]},"id":"001a000000000002ba61","properties":{"FID":489684}},{"type":"Feature","geometry":{"type":"Polygon","coordinates":[[[37.02573535449576,-1.2628754158487174],[37.02577549235088,-1.2629779600337359],[37.025873625217756,-1.262937809394338],[37.02584241603154,-1.2628486461330282],[37.0257933495936,-1.2628664763309285],[37.02578884432636,-1.2628530811908307],[37.02573535449576,-1.2628754158487174]]]},"id":"001a0000000000039d17","properties":{"FID":492500}},{"type":"Feature","geometry":{"type":"Polygon","coordinates":[[[37.025244851735216,-1.2563829106245357],[37.02529391854292,-1.2564810385429026],[37.02540540410493,-1.2564275105071812],[37.02535633737237,-1.2563294419203954],[37.025244851735216,-1.2563829106245357]]]},"id":"001a000000000002ef9c","properties":{"FID":492756}},{"type":"Feature","geometry":{"type":"Polygon","coordinates":[[[37.0360358858661,-1.2553394937279632],[37.03608936812419,-1.2553796553128551],[37.03611615018965,-1.255348443356352],[37.036062667951256,-1.2553038524407916],[37.0360358858661,-1.2553394937279632]]]},"id":"001a000000000002c0e9","properties":{"FID":493012}},{"type":"Feature","geometry":{"type":"Polygon","coordinates":[[[37.05106752034592,-1.259544435703295],[37.051094296893474,-1.2595845617799317],[37.051134420753606,-1.2595577940605374],[37.05111206603427,-1.2595177127755421],[37.05106752034592,-1.259544435703295]]]},"id":"001a000000000002ab2b","properties":{"FID":494292}},{"type":"Feature","geometry":{"type":"Polygon","coordinates":[[[37.03262915698746,-1.2343148567958924],[37.03265143548466,-1.2343415868636014],[37.032695992458585,-1.234314833289646],[37.032673713975036,-1.2342836174289304],[37.03262915698746,-1.2343148567958924]]]},"id":"001a0000000000025a06","properties":{"FID":489429}},{"type":"Feature","geometry":{"type":"Polygon","coordinates":[[[37.02961920376536,-1.2479775173444554],[37.02968170079454,-1.2480711482612297],[37.02973961083789,-1.2480310466736944],[37.02968170079455,-1.2479373996148941],[37.02961920376536,-1.2479775173444554]]]},"id":"001a0000000000027b31","properties":{"FID":489685}},{"type":"Feature","geometry":{"type":"Polygon","coordinates":[[[37.02862489584059,-1.2628486592353734],[37.02866495019132,-1.2630047247182377],[37.02877200741724,-1.2629779555343847],[37.02875415090542,-1.2629200024838474],[37.028722942954516,-1.2629289101429575],[37.028696240077764,-1.2628308137728455],[37.02862489584059,-1.2628486592353734]]]},"id":"001a000000000002dc48","properties":{"FID":492501}},{"type":"Feature","geometry":{"type":"Polygon","coordinates":[[[37.02404536688079,-1.2563561960106433],[37.02407215337995,-1.2564230918248083],[37.024147925533654,-1.2563963212340197],[37.02412564443286,-1.2563294101132259],[37.02404536688079,-1.2563561960106433]]]},"id":"001a000000000003510f","properties":{"FID":492757}},{"type":"Feature","geometry":{"type":"Polygon","coordinates":[[[37.037279972926825,-1.2553394848981858],[37.03731117720688,-1.2553840889602104],[37.037378090276746,-1.2553350285355538],[37.037342381473565,-1.2552904399459979],[37.037279972926825,-1.2553394848981858]]]},"id":"001a000000000002a976","properties":{"FID":493013}},{"type":"Feature","geometry":{"type":"Polygon","coordinates":[[[37.0510139672212,-1.2594820179873971],[37.05106301664429,-1.2595444513695326],[37.05109429689348,-1.2595221413737903],[37.0510452474915,-1.2594597080445904],[37.0510139672212,-1.2594820179873971]]]},"id":"001a000000000002a020","properties":{"FID":494293}},{"type":"Feature","geometry":{"type":"Polygon","coordinates":[[[37.03109520052347,-1.2342524226993425],[37.03110855152287,-1.234310404584708],[37.03115319134968,-1.2343014748267531],[37.03113975845055,-1.234243494319032],[37.03109520052347,-1.2342524226993425]]]},"id":"001a000000000002a5c7","properties":{"FID":489430}},{"type":"Feature","geometry":{"type":"Polygon","coordinates":[[[37.03089010265428,-1.2478928093136497],[37.03093916565563,-1.2479730778552809],[37.03104171459334,-1.247915119578005],[37.03098814671579,-1.247830378472793],[37.03089010265428,-1.2478928093136497]]]},"id":"001a000000000003768e","properties":{"FID":489686}},{"type":"Feature","geometry":{"type":"Polygon","coordinates":[[[37.0284019344097,-1.262844153330801],[37.02842421420133,-1.2628932305219143],[37.02846877376414,-1.262875357537471],[37.02844649398614,-1.2628263394724548],[37.0284019344097,-1.262844153330801]]]},"id":"001a000000000002ca31","properties":{"FID":492502}},{"type":"Feature","geometry":{"type":"Polygon","coordinates":[[[37.034716016453615,-1.2563428262049587],[37.034733789598285,-1.2563740117565836],[37.03477842720052,-1.2563472866611056],[37.03476057216292,-1.2563160434398806],[37.034716016453615,-1.2563428262049587]]]},"id":"001a0000000000026c3c","properties":{"FID":492758}},{"type":"Feature","geometry":{"type":"Polygon","coordinates":[[[37.03755196568938,-1.25526370775498],[37.03762330117175,-1.2553707212507694],[37.03767235963164,-1.255335066772436],[37.03760544683254,-1.2552280393940167],[37.03755196568938,-1.25526370775498]]]},"id":"001a00000000000222c6","properties":{"FID":493014}},{"type":"Feature","geometry":{"type":"Polygon","coordinates":[[[37.04597521135133,-1.2593705378660147],[37.04599306363512,-1.259415125740019],[37.0460421164474,-1.2594017328221088],[37.04602426417564,-1.2593527156590538],[37.04597521135133,-1.2593705378660147]]]},"id":"001a000000000001af8c","properties":{"FID":494294}},{"type":"Feature","geometry":{"type":"Polygon","coordinates":[[[37.02922235047284,-1.2342523910426275],[37.02924471192334,-1.2343148320154544],[37.029293694124235,-1.2342925505945275],[37.02927141459882,-1.2342345943739481],[37.02922235047284,-1.2342523910426275]]]},"id":"001a000000000002279e","properties":{"FID":489431}},{"type":"Feature","geometry":{"type":"Polygon","coordinates":[[[37.0278801593977,-1.2472328702351339],[37.02790252126066,-1.247264095013843],[37.02794708114292,-1.247237322423757],[37.027920296069915,-1.2472016234289702],[37.0278801593977,-1.2472328702351339]]]},"id":"001a000000000001c459","properties":{"FID":489687}},{"type":"Feature","geometry":{"type":"Polygon","coordinates":[[[37.033801881254014,-1.2628709478487778],[37.03383750989062,-1.2629422474776915],[37.03393563188467,-1.2628976700863281],[37.033900003296125,-1.2628263115489229],[37.033801881254014,-1.2628709478487778]]]},"id":"001a0000000000036477","properties":{"FID":492503}},{"type":"Feature","geometry":{"type":"Polygon","coordinates":[[[37.02717121105907,-1.256365117735794],[37.02718898604694,-1.2564052254322988],[37.0272781885703,-1.2563606318284721],[37.02725590842778,-1.2563204805774206],[37.02717121105907,-1.256365117735794]]]},"id":"001a0000000000028f9c","properties":{"FID":492759}},{"type":"Feature","geometry":{"type":"Polygon","coordinates":[[[37.037467280307176,-1.2551433319377783],[37.03755647022822,-1.2552458571720222],[37.03757424267876,-1.2552280235625128],[37.03748505277951,-1.2551254983861562],[37.037467280307176,-1.2551433319377783]]]},"id":"001a000000000002772d","properties":{"FID":493015}},{"type":"Feature","geometry":{"type":"Polygon","coordinates":[[[37.04614464408832,-1.2593259149033305],[37.04617584456376,-1.259392841279793],[37.0462383273654,-1.2593660558093551],[37.04621154902842,-1.2592991743047426],[37.04614464408832,-1.2593259149033305]]]},"id":"001a000000000002699b","properties":{"FID":494295}},{"type":"Feature","geometry":{"type":"Polygon","coordinates":[[[37.0307963996015,-1.2342390382385886],[37.03082318361579,-1.2343014650903448],[37.03086331866462,-1.234279150729285],[37.030832111618366,-1.2342212226913623],[37.0307963996015,-1.2342390382385886]]]},"id":"001a00000000000270cd","properties":{"FID":489432}},{"type":"Feature","geometry":{"type":"Polygon","coordinates":[[[37.0319915140193,-1.2465327555510415],[37.03203607139742,-1.2466308673271524],[37.032107412289754,-1.2466041297601862],[37.032062854955335,-1.2465015897040235],[37.0319915140193,-1.2465327555510415]]]},"id":"001a0000000000023c84","properties":{"FID":489688}},{"type":"Feature","geometry":{"type":"Polygon","coordinates":[[[37.02884335151017,-1.2627639160876232],[37.02885670292278,-1.2628040434965058],[37.02889683905636,-1.2627906749522517],[37.028883487651115,-1.2627505475776613],[37.02884335151017,-1.2627639160876232]]]},"id":"001a000000000002389e","properties":{"FID":492504}},{"type":"Feature","geometry":{"type":"Polygon","coordinates":[[[37.03436374691609,-1.2563115619151992],[37.034403880011595,-1.2563651163517215],[37.03446629102633,-1.2563204970028248],[37.034426157965264,-1.2562670017190725],[37.03436374691609,-1.2563115619151992]]]},"id":"001a0000000000022fd5","properties":{"FID":492760}},{"type":"Feature","geometry":{"type":"Polygon","coordinates":[[[37.03572817783761,-1.25513881999726],[37.03575496003608,-1.2551745210224745],[37.03587977969335,-1.255089777303404],[37.03585307944346,-1.2550496457044797],[37.03572817783761,-1.25513881999726]]]},"id":"001a0000000000036226","properties":{"FID":493016}},{"type":"Feature","geometry":{"type":"Polygon","coordinates":[[[37.04627394990846,-1.2592590433754958],[37.04630072822245,-1.2593214954482788],[37.046407759489,-1.2592724153675494],[37.046380981214455,-1.2592100225122869],[37.04627394990846,-1.2592590433754958]]]},"id":"001a000000000002c402","properties":{"FID":494296}},{"type":"Feature","geometry":{"type":"Polygon","coordinates":[[[37.02979760274458,-1.2342212063212923],[37.029833233342295,-1.234279181332407],[37.02987336893721,-1.234256866740185],[37.029837738359156,-1.2341944648418606],[37.02979760274458,-1.2342212063212923]]]},"id":"001a0000000000024cfa","properties":{"FID":489433}},{"type":"Feature","geometry":{"type":"Polygon","coordinates":[[[37.03259795069867,-1.2460422967956875],[37.032611301422286,-1.246064573798544],[37.03266036326287,-1.2460422768495605],[37.03264693064203,-1.246015513834153],[37.03259795069867,-1.2460422967956875]]]},"id":"001a000000000002b76c","properties":{"FID":489689}},{"type":"Feature","geometry":{"type":"Polygon","coordinates":[[[37.02960142937111,-1.2628307740825278],[37.02963263694523,-1.2629065817633465],[37.029730682701256,-1.2628664934740443],[37.02967719576802,-1.2627416097007098],[37.02961920376536,-1.2627638999550173],[37.0296415650939,-1.2628129749187271],[37.02960142937111,-1.2628307740825278]]]},"id":"001a0000000000038488","properties":{"FID":492505}},{"type":"Feature","geometry":{"type":"Polygon","coordinates":[[[37.02974411586055,-1.2563026694249755],[37.02978867461507,-1.256396317953883],[37.029860017711165,-1.2563606444132327],[37.02981545900033,-1.2562669960493664],[37.02974411586055,-1.2563026694249755]]]},"id":"001a000000000003215b","properties":{"FID":492761}},{"type":"Feature","geometry":{"type":"Polygon","coordinates":[[[37.036535325085026,-1.2550050648102506],[37.036562025084436,-1.255040766715367],[37.03660666156463,-1.2550050673002167],[37.036579879679806,-1.2549694258519288],[37.036535325085026,-1.2550050648102506]]]},"id":"001a00000000000247c4","properties":{"FID":493017}},{"type":"Feature","geometry":{"type":"Polygon","coordinates":[[[37.04613571796559,-1.259205526546252],[37.0461624963305,-1.2592412256115364],[37.04620712691677,-1.2592100118424832],[37.04618477068158,-1.2591743576026786],[37.04613571796559,-1.259205526546252]]]},"id":"001a0000000000023635","properties":{"FID":494297}},{"type":"Feature","geometry":{"type":"Polygon","coordinates":[[[37.068899497557894,-1.2567842671183838],[37.06891726234191,-1.256837754802074],[37.068952955627545,-1.2568244116888811],[37.06893510898693,-1.256770866367874],[37.068899497557894,-1.2567842671183838]]]},"id":"001a000000000001ced0","properties":{"FID":495833}},{"type":"Feature","geometry":{"type":"Polygon","coordinates":[[[37.02937847093245,-1.2342167410640847],[37.02941410173541,-1.2342658034013725],[37.02944530938988,-1.2342435157023837],[37.02941410173542,-1.2341944405823673],[37.02937847093245,-1.2342167410640847]]]},"id":"001a0000000000020bbc","properties":{"FID":489434}},{"type":"Feature","geometry":{"type":"Polygon","coordinates":[[[37.034015898525944,-1.245574090339915],[37.03403375374635,-1.2456097545787934],[37.03408281462757,-1.2455829713318958],[37.0340649594192,-1.245551794376241],[37.034015898525944,-1.245574090339915]]]},"id":"001a000000000002077d","properties":{"FID":489690}},{"type":"Feature","geometry":{"type":"Polygon","coordinates":[[[37.02866052701257,-1.2627371799588827],[37.028705086430655,-1.2628352747296294],[37.02882107184686,-1.2627817730446542],[37.0287809356715,-1.2626925846622299],[37.02870959151737,-1.2627237812183154],[37.02870508643066,-1.2627148764484764],[37.02866052701257,-1.2627371799588827]]]},"id":"001a000000000002eca1","properties":{"FID":492506}},{"type":"Feature","geometry":{"type":"Polygon","coordinates":[[[37.02763049241709,-1.25624021815773],[37.02765277244491,-1.2563205341389823],[37.02769290924254,-1.2563071122079095],[37.02766612407597,-1.2562268707806326],[37.02763049241709,-1.25624021815773]]]},"id":"001a000000000001cccb","properties":{"FID":492762}},{"type":"Feature","geometry":{"type":"Polygon","coordinates":[[[37.03855974692795,-1.2549649423275477],[37.03860430028244,-1.255040742373363],[37.03865335808052,-1.2550095180394583],[37.038604300282444,-1.254933733465055],[37.03855974692795,-1.2549649423275477]]]},"id":"001a000000000002238a","properties":{"FID":493018}},{"type":"Feature","geometry":{"type":"Polygon","coordinates":[[[37.04767410674768,-1.2591252691647647],[37.047709810476256,-1.2591787725033254],[37.04774993620533,-1.2591520632985203],[37.04771423249647,-1.2590985009620894],[37.04767410674768,-1.2591252691647647]]]},"id":"001a0000000000027eb7","properties":{"FID":494298}},{"type":"Feature","geometry":{"type":"Polygon","coordinates":[[[37.032669291039994,-1.2341900183692047],[37.03272277577353,-1.2342880734256818],[37.03278076530237,-1.2342568519859753],[37.032727198705324,-1.2341587984034377],[37.032669291039994,-1.2341900183692047]]]},"id":"001a0000000000023e63","properties":{"FID":489435}},{"type":"Feature","geometry":{"type":"Polygon","coordinates":[[[37.03391777664017,-1.2454492298617967],[37.033940136647495,-1.2455205409701209],[37.03398911568713,-1.245507161829011],[37.03398911568712,-1.245520564500215],[37.03405160896238,-1.2455027127230032],[37.0340248261367,-1.2454180125898076],[37.03391777664017,-1.2454492298617967]]]},"id":"001a0000000000026b88","properties":{"FID":489691}},{"type":"Feature","geometry":{"type":"Polygon","coordinates":[[[37.029329406878674,-1.262688077541974],[37.029356109523064,-1.2627416293129747],[37.02940517355885,-1.2627193101792897],[37.02937847093245,-1.262665817546061],[37.029329406878674,-1.262688077541974]]]},"id":"001a000000000002a15f","properties":{"FID":492507}},{"type":"Feature","geometry":{"type":"Polygon","coordinates":[[[37.02951665282266,-1.2562669753608073],[37.02953893227298,-1.2563249629511686],[37.02957906803024,-1.2563116003573573],[37.02960142937111,-1.256365097683166],[37.02971290833424,-1.2563204913982753],[37.029668267623734,-1.256209006813238],[37.02951665282266,-1.2562669753608073]]]},"id":"001a0000000000035022","properties":{"FID":492763}},{"type":"Feature","geometry":{"type":"Polygon","coordinates":[[[37.04144034357583,-1.2549114389095763],[37.04146704177423,-1.2549158991778744],[37.04147154607054,-1.2548578933934622],[37.04144476597747,-1.254857922520098],[37.04144034357583,-1.2549114389095763]]]},"id":"001a000000000002c6c4","properties":{"FID":493019}},{"type":"Feature","geometry":{"type":"Polygon","coordinates":[[[37.052521218757576,-1.258483181907727],[37.052552416495125,-1.258518863214356],[37.05258803594287,-1.258492112949639],[37.052556838220625,-1.2584564316773927],[37.052521218757576,-1.258483181907727]]]},"id":"001a000000000002508c","properties":{"FID":494299}},{"type":"Feature","geometry":{"type":"Polygon","coordinates":[[[37.03035941742511,-1.2341721783022082],[37.03038177852616,-1.2342078206223064],[37.03042633689017,-1.2341810665181216],[37.03040405771158,-1.2341454229088094],[37.03035941742511,-1.2341721783022082]]]},"id":"001a00000000000296f8","properties":{"FID":489436}},{"type":"Feature","geometry":{"type":"Polygon","coordinates":[[[37.03351201912285,-1.245364484068312],[37.0335744309028,-1.2454491909402],[37.03361014155597,-1.24542244952644],[37.03355215268829,-1.2453377292762158],[37.03351201912285,-1.245364484068312]]]},"id":"001a000000000001d147","properties":{"FID":489692}},{"type":"Feature","geometry":{"type":"Polygon","coordinates":[[[37.03001163179675,-1.262647969657587],[37.030038416099934,-1.2627505522926648],[37.03008747967562,-1.2627415844017367],[37.03006069539049,-1.2626390609307188],[37.03001163179675,-1.262647969657587]]]},"id":"001a0000000000022673","properties":{"FID":492508}},{"type":"Feature","geometry":{"type":"Polygon","coordinates":[[[37.02790694448549,-1.2562268466496265],[37.02792480120521,-1.2562625225346913],[37.027987217778225,-1.256231307910604],[37.02796493785279,-1.2561912162119473],[37.02790694448549,-1.2562268466496265]]]},"id":"001a000000000002712e","properties":{"FID":492764}},{"type":"Feature","geometry":{"type":"Polygon","coordinates":[[[37.04147596847028,-1.2549203578377683],[37.041520601934096,-1.2549248169993676],[37.041529528623556,-1.2548623682212015],[37.04148489516523,-1.2548534800354527],[37.04147596847028,-1.2549203578377683]]]},"id":"001a000000000001fa15","properties":{"FID":493020}},{"type":"Feature","geometry":{"type":"Polygon","coordinates":[[[37.05143764178012,-1.2584386087926662],[37.051455492721985,-1.2584742756295832],[37.051540161808504,-1.2584252170587864],[37.05152231088745,-1.2583939791988745],[37.05143764178012,-1.2584386087926662]]]},"id":"001a000000000001f54a","properties":{"FID":494300}},{"type":"Feature","geometry":{"type":"Polygon","coordinates":[[[37.03275840493867,-1.2341765887782574],[37.03278969306471,-1.234234573001735],[37.0328521054644,-1.2342033388413345],[37.03282089927125,-1.2341409266040888],[37.03275840493867,-1.2341765887782574]]]},"id":"001a000000000002c828","properties":{"FID":489437}},{"type":"Feature","geometry":{"type":"Polygon","coordinates":[[[37.03415857635741,-1.244865077626467],[37.034189781976714,-1.2449230171981875],[37.03423884275268,-1.2448962940120234],[37.03425227507957,-1.2449185686356674],[37.03428790349555,-1.244900744676284],[37.034247770336066,-1.2448205158439454],[37.03415857635741,-1.244865077626467]]]},"id":"001a0000000000031b0a","properties":{"FID":489693}},{"type":"Feature","geometry":{"type":"Polygon","coordinates":[[[37.02784895107197,-1.2626524223824975],[37.0278801593977,-1.2627594242347153],[37.027973866206075,-1.262732700018223],[37.02794257600901,-1.2626256997297194],[37.02784895107197,-1.2626524223824975]]]},"id":"001a000000000003149b","properties":{"FID":492509}},{"type":"Feature","geometry":{"type":"Polygon","coordinates":[[[37.024576016241426,-1.2561733482855393],[37.02459379186315,-1.2562179463347916],[37.024625083500034,-1.2562045521595626],[37.02460722597068,-1.2561599554970402],[37.024576016241426,-1.2561733482855393]]]},"id":"001a0000000000023ccc","properties":{"FID":492765}},{"type":"Feature","geometry":{"type":"Polygon","coordinates":[[[37.04066887606221,-1.254826688577674],[37.040704583231836,-1.2548490114990347],[37.04072685925538,-1.2548178173342268],[37.04068672964922,-1.2547910203525723],[37.04066887606221,-1.254826688577674]]]},"id":"001a00000000000212f2","properties":{"FID":493021}},{"type":"Feature","geometry":{"type":"Polygon","coordinates":[[[37.048557031879554,-1.2581531748943824],[37.04858380935228,-1.2582067063284632],[37.048623934598766,-1.2581888567259998],[37.04859273517433,-1.258130910536296],[37.048557031879554,-1.2581531748943824]]]},"id":"001a000000000002a334","properties":{"FID":494301}},{"type":"Feature","geometry":{"type":"Polygon","coordinates":[[[37.03326679436653,-1.2341453692763933],[37.033298000368404,-1.2342033544066398],[37.03333362925181,-1.2341855407387874],[37.03330242326522,-1.2341275556588895],[37.03326679436653,-1.2341453692763933]]]},"id":"001a0000000000026660","properties":{"FID":489438}},{"type":"Feature","geometry":{"type":"Polygon","coordinates":[[[37.03439495244737,-1.2447402288505993],[37.03441723040377,-1.244802624370823],[37.03445294064316,-1.2447892863317336],[37.03443058079348,-1.2447268331622305],[37.03439495244737,-1.2447402288505993]]]},"id":"001a000000000002ccb2","properties":{"FID":489694}},{"type":"Feature","geometry":{"type":"Polygon","coordinates":[[[37.029445309389885,-1.2626123064462786],[37.02946316573209,-1.262679178992565],[37.02956129362619,-1.2626568716394935],[37.029543437308064,-1.2625855685366039],[37.029445309389885,-1.2626123064462786]]]},"id":"001a000000000003764f","properties":{"FID":492510}},{"type":"Feature","geometry":{"type":"Polygon","coordinates":[[[37.0296727726508,-1.2561644567848842],[37.02970398019433,-1.2562625194411143],[37.02977532337347,-1.2562357648618936],[37.02975746710787,-1.2561911711274496],[37.02973518772446,-1.2562001038371942],[37.029717331449014,-1.2561510802906521],[37.0296727726508,-1.2561644567848842]]]},"id":"001a0000000000021be1","properties":{"FID":492766}},{"type":"Feature","geometry":{"type":"Polygon","coordinates":[[[37.03916170630362,-1.2547999764163624],[37.039179560260706,-1.2548489923487172],[37.039215186262894,-1.254835647861002],[37.03919741421341,-1.254786571559494],[37.03916170630362,-1.2547999764163624]]]},"id":"001a0000000000029001","properties":{"FID":493022}},{"type":"Feature","geometry":{"type":"Polygon","coordinates":[[[37.048650712046836,-1.2581130604697253],[37.04869525921688,-1.2581710216156958],[37.04871753279166,-1.2581531726271873],[37.048672985635264,-1.258095211518651],[37.048650712046836,-1.2581130604697253]]]},"id":"001a000000000001b147","properties":{"FID":494302}},{"type":"Feature","geometry":{"type":"Polygon","coordinates":[[[37.03093916565563,-1.2341320083563365],[37.030974795694306,-1.234194468299074],[37.031014930659495,-1.2341721541025037],[37.030979300640475,-1.2341097532484697],[37.03093916565563,-1.2341320083563365]]]},"id":"001a000000000002cad4","properties":{"FID":489439}},{"type":"Feature","geometry":{"type":"Polygon","coordinates":[[[37.034765076874656,-1.2447000974755547],[37.03481856006722,-1.2447268521033883],[37.03484976540337,-1.2446733223622528],[37.03479628223374,-1.2446465677520415],[37.034765076874656,-1.2447000974755547]]]},"id":"001a00000000000258dd","properties":{"FID":489695}},{"type":"Feature","geometry":{"type":"Polygon","coordinates":[[[37.02593153829162,-1.2626657933033145],[37.02595381883959,-1.2627148718535754],[37.026159012536056,-1.262630111073895],[37.02614115538306,-1.2625810774118402],[37.02593153829162,-1.2626657933033145]]]},"id":"001a0000000000039c32","properties":{"FID":492511}},{"type":"Feature","geometry":{"type":"Polygon","coordinates":[[[37.027385247836435,-1.2561867423580229],[37.02745659328899,-1.2563873923716267],[37.02749673019483,-1.256374029417719],[37.027478873370065,-1.256316026162021],[37.02750115344432,-1.2563071522292932],[37.02751450510318,-1.2563472737698609],[37.027568075538085,-1.256329435969855],[37.02757700394007,-1.256351733537362],[37.027594778828835,-1.2563428159536927],[37.02752343351174,-1.2561376775056838],[37.027385247836435,-1.2561867423580229]]]},"id":"001a000000000003aa8d","properties":{"FID":492767}},{"type":"Feature","geometry":{"type":"Polygon","coordinates":[[[37.03886744297563,-1.2546661767563154],[37.03892534570622,-1.2547553381150822],[37.03896547628453,-1.2547330610059064],[37.03890306913074,-1.2546439150909443],[37.03886744297563,-1.2546661767563154]]]},"id":"001a00000000000308b1","properties":{"FID":493023}},{"type":"Feature","geometry":{"type":"Polygon","coordinates":[[[37.04607331696686,-1.2575824610507993],[37.046109021481875,-1.2576448810273124],[37.04615807421588,-1.2576180845234082],[37.04611794760788,-1.2575511906621277],[37.04607331696686,-1.2575824610507993]]]},"id":"001a00000000000274dc","properties":{"FID":494303}},{"type":"Feature","geometry":{"type":"Polygon","coordinates":[[[37.032094061473664,-1.2341409296948647],[37.03215196959688,-1.2342657695769539],[37.03223223820631,-1.2342301133441271],[37.0321698252748,-1.23410080202778],[37.032094061473664,-1.2341409296948647]]]},"id":"001a0000000000036f60","properties":{"FID":489440}},{"type":"Feature","geometry":{"type":"Polygon","coordinates":[[[37.03457776253487,-1.2441961876609184],[37.03460004043528,-1.2442408111619334],[37.03463575058492,-1.2442229865956667],[37.03467588353034,-1.2442987859126664],[37.03472043926422,-1.2442720194669183],[37.03465802846756,-1.2441515968318089],[37.03457776253487,-1.2441961876609184]]]},"id":"001a000000000002fe93","properties":{"FID":489696}},{"type":"Feature","geometry":{"type":"Polygon","coordinates":[[[37.026154507291444,-1.2625810918714606],[37.026176787771156,-1.2626657944283084],[37.026230359190784,-1.2626524387040714],[37.02620799681399,-1.2625677375960596],[37.026154507291444,-1.2625810918714606]]]},"id":"001a000000000001e00b","properties":{"FID":492512}},{"type":"Feature","geometry":{"type":"Polygon","coordinates":[[[37.0298510895893,-1.2562981835963911],[37.02987336893722,-1.256347252226553],[37.029984847483696,-1.2562982162941618],[37.02998042438518,-1.2562893116404614],[37.03005176729326,-1.2562580682105473],[37.03002055989891,-1.2561911918931794],[37.029976001286386,-1.2562134870881159],[37.02994028884931,-1.2561332186257101],[37.029882297056346,-1.2561599884948105],[37.029931360737294,-1.2562625398400902],[37.0298510895893,-1.2562981835963911]]]},"id":"001a000000000003990e","properties":{"FID":492768}},{"type":"Feature","geometry":{"type":"Polygon","coordinates":[[[37.03879160425168,-1.25462603204146],[37.03880945829964,-1.2546617015696389],[37.03886293851799,-1.2546305229502677],[37.038845084483164,-1.2545948534726277],[37.03879160425168,-1.25462603204146]]]},"id":"001a00000000000212d6","properties":{"FID":493024}},{"type":"Feature","geometry":{"type":"Polygon","coordinates":[[[37.056717153228725,-1.2574308365358575],[37.05675735586218,-1.2574888036120848],[37.05679747659435,-1.2574620404046677],[37.05675735586218,-1.2574040720346504],[37.056717153228725,-1.2574308365358575]]]},"id":"001a0000000000024e5f","properties":{"FID":494304}},{"type":"Feature","geometry":{"type":"Polygon","coordinates":[[[37.03142070210495,-1.2341409489835016],[37.031478692671705,-1.2342390503823877],[37.03154552919978,-1.2341988901850123],[37.031487620593836,-1.2341007876280066],[37.03142070210495,-1.2341409489835016]]]},"id":"001a00000000000338a0","properties":{"FID":489441}},{"type":"Feature","geometry":{"type":"Polygon","coordinates":[[[37.03238384734843,-1.2424303975481363],[37.032428486392725,-1.2425195830784517],[37.03250875469705,-1.2424794819700884],[37.032464115702,-1.2423902966156548],[37.03238384734843,-1.2424303975481363]]]},"id":"001a0000000000035357","properties":{"FID":489697}},{"type":"Feature","geometry":{"type":"Polygon","coordinates":[[[37.033217732934936,-1.262581098480576],[37.033240011251884,-1.2627193136412633],[37.03329349556581,-1.2627103906791115],[37.03327572206921,-1.2626256799486624],[37.03332027866075,-1.2626167873157939],[37.03331135096354,-1.262563238420188],[37.033217732934936,-1.262581098480576]]]},"id":"001a00000000000222a4","properties":{"FID":492513}},{"type":"Feature","geometry":{"type":"Polygon","coordinates":[[[37.02550796084143,-1.2561733591060267],[37.025561450839156,-1.2562447144990796],[37.025619446075574,-1.2561956747225376],[37.02556587420627,-1.2561287508652883],[37.02550796084143,-1.2561733591060267]]]},"id":"001a00000000000359fc","properties":{"FID":492769}},{"type":"Feature","geometry":{"type":"Polygon","coordinates":[[[37.03570590028276,-1.2544922716137816],[37.0357237550883,-1.2545368600723055],[37.035777237575914,-1.2545101098022322],[37.0357593827835,-1.2544700097288932],[37.03570590028276,-1.2544922716137816]]]},"id":"001a0000000000027155","properties":{"FID":493025}},{"type":"Feature","geometry":{"type":"Polygon","coordinates":[[[37.04597078922531,-1.2574441997524366],[37.0460421164474,-1.2575244546856896],[37.04610009535476,-1.2574754241445725],[37.04603319031207,-1.257390667041446],[37.04597078922531,-1.2574441997524366]]]},"id":"001a000000000002be9d","properties":{"FID":494305}},{"type":"Feature","geometry":{"type":"Polygon","coordinates":[[[37.068770150151394,-1.2563294132653353],[37.068828110916485,-1.2564186006668967],[37.06890833901777,-1.2563650847083012],[37.06885488091523,-1.2562803686634194],[37.068770150151394,-1.2563294132653353]]]},"id":"001a000000000002bec4","properties":{"FID":495841}},{"type":"Feature","geometry":{"type":"Polygon","coordinates":[[[37.032205536617504,-1.2341632595969856],[37.032259021692,-1.2342256645594594],[37.0323526409544,-1.234145405498829],[37.03230357890627,-1.2340829878814947],[37.032205536617504,-1.2341632595969856]]]},"id":"001a0000000000035d25","properties":{"FID":489442}},{"type":"Feature","geometry":{"type":"Polygon","coordinates":[[[37.03252661028739,-1.2422698994597203],[37.0325399610241,-1.242314491031031],[37.03258009512584,-1.242301082492625],[37.03256666249017,-1.2422609791858852],[37.03252661028739,-1.2422698994597203]]]},"id":"001a0000000000019cef","properties":{"FID":489698}},{"type":"Feature","geometry":{"type":"Polygon","coordinates":[[[37.03168829378388,-1.2625855461779862],[37.03171057256921,-1.2626880831665395],[37.03181754340668,-1.2626658065012468],[37.03179526465412,-1.2625632697141589],[37.03168829378388,-1.2625855461779862]]]},"id":"001a00000000000242f2","properties":{"FID":492514}},{"type":"Feature","geometry":{"type":"Polygon","coordinates":[[[37.02902617554843,-1.256106454830819],[37.029052960214386,-1.2561956724803773],[37.02909751939216,-1.2561822958672726],[37.02907073474261,-1.2560930782994786],[37.02902617554843,-1.256106454830819]]]},"id":"001a000000000001b753","properties":{"FID":492770}},{"type":"Feature","geometry":{"type":"Polygon","coordinates":[[[37.03913492535976,-1.2544164456635978],[37.039192909776204,-1.2544922585900244],[37.03922861767069,-1.2544655077219569],[37.0391706332827,-1.2543896948713154],[37.03913492535976,-1.2544164456635978]]]},"id":"001a000000000002fec2","properties":{"FID":493026}},{"type":"Feature","geometry":{"type":"Polygon","coordinates":[[[37.05214659920921,-1.2569135761788632],[37.052151102843666,-1.2569492262237623],[37.05219122612015,-1.2569447827536915],[37.05218672248819,-1.2569091327314559],[37.05214659920921,-1.2569135761788632]]]},"id":"001a000000000001bd61","properties":{"FID":494306}},{"type":"Feature","geometry":{"type":"Polygon","coordinates":[[[37.030234588295215,-1.2340829526468196],[37.03027914674938,-1.2341409591999153],[37.03031485902013,-1.234114171774198],[37.030270300587844,-1.234051738376375],[37.030234588295215,-1.2340829526468196]]]},"id":"001a00000000000309a7","properties":{"FID":489443}},{"type":"Feature","geometry":{"type":"Polygon","coordinates":[[[37.033699336207114,-1.2420603279981859],[37.03373496489396,-1.2421316523063144],[37.03378402597669,-1.2421093606812466],[37.03375282018332,-1.2420380231773944],[37.033699336207114,-1.2420603279981859]]]},"id":"001a0000000000025421","properties":{"FID":489699}},{"type":"Feature","geometry":{"type":"Polygon","coordinates":[[[37.03317317628059,-1.2625320405115095],[37.03318202208914,-1.2625811012690162],[37.03321773293493,-1.2625721784633728],[37.03320880522513,-1.2625231191013868],[37.03317317628059,-1.2625320405115095]]]},"id":"001a000000000001cf03","properties":{"FID":492515}},{"type":"Feature","geometry":{"type":"Polygon","coordinates":[[[37.02539647543653,-1.2560529913589489],[37.02540982748153,-1.2560886245980225],[37.025499032185614,-1.2560663583174965],[37.025490103528696,-1.2560262219750067],[37.02539647543653,-1.2560529913589489]]]},"id":"001a0000000000025a5c","properties":{"FID":492771}},{"type":"Feature","geometry":{"type":"Polygon","coordinates":[[[37.039014533838944,-1.2544030799411159],[37.0390457373747,-1.25445659934548],[37.03907702279605,-1.2544342915425775],[37.0390457373747,-1.2543852616661941],[37.039014533838944,-1.2544030799411159]]]},"id":"001a00000000000259ea","properties":{"FID":493027}},{"type":"Feature","geometry":{"type":"Polygon","coordinates":[[[37.05338623452671,-1.2567263003111244],[37.053417431892775,-1.2567664086309271],[37.05344420757423,-1.2567441177014718],[37.053413010219664,-1.256704009413376],[37.05338623452671,-1.2567263003111244]]]},"id":"001a000000000001c66c","properties":{"FID":494307}},{"type":"Feature","geometry":{"type":"Polygon","coordinates":[[[37.032049422224155,-1.2340784990464215],[37.032080628748254,-1.2341230865230852],[37.03214312366309,-1.2340785115386639],[37.03210741228976,-1.2340339382925243],[37.032049422224155,-1.2340784990464215]]]},"id":"001a000000000001b254","properties":{"FID":489444}},{"type":"Feature","geometry":{"type":"Polygon","coordinates":[[[37.033396123090206,-1.241980036294428],[37.033431751925555,-1.2420335315879378],[37.03346746264876,-1.2420112811782293],[37.033431751925555,-1.2419533004765086],[37.033396123090206,-1.241980036294428]]]},"id":"001a000000000002c115","properties":{"FID":489700}},{"type":"Feature","geometry":{"type":"Polygon","coordinates":[[[37.027755326014464,-1.262532043139649],[37.02778653438035,-1.2625989314378143],[37.02784895107196,-1.26256770591268],[37.027822247874504,-1.262500801938144],[37.027755326014464,-1.262532043139649]]]},"id":"001a000000000002f3d2","properties":{"FID":492516}},{"type":"Feature","geometry":{"type":"Polygon","coordinates":[[[37.034403880011595,-1.2559503908923564],[37.03442165323253,-1.256008389799185],[37.034457363469755,-1.2559994718125724],[37.03444401308496,-1.2559414588812223],[37.034403880011595,-1.2559503908923564]]]},"id":"001a0000000000022e93","properties":{"FID":492772}},{"type":"Feature","geometry":{"type":"Polygon","coordinates":[[[37.03872026991537,-1.254296090781203],[37.038733619515206,-1.2543362044894861],[37.03879160425168,-1.2543183573155658],[37.03877825466249,-1.2542737555272168],[37.03872026991537,-1.254296090781203]]]},"id":"001a000000000001b291","properties":{"FID":493028}},{"type":"Feature","geometry":{"type":"Polygon","coordinates":[[[37.05676628068003,-1.2559459249525058],[37.056788551780336,-1.2559682292418195],[37.05682425102981,-1.2559370538597634],[37.056806401407265,-1.2559147354762625],[37.05676628068003,-1.2559459249525058]]]},"id":"001a0000000000027e28","properties":{"FID":494308}},{"type":"Feature","geometry":{"type":"Polygon","coordinates":[[[37.02766170083651,-1.2340606992800884],[37.027675052465916,-1.2341186243906577],[37.02775090278042,-1.2340963196339492],[37.027733046018035,-1.234038408756758],[37.02766170083651,-1.2340606992800884]]]},"id":"001a0000000000025a07","properties":{"FID":489445}},{"type":"Feature","geometry":{"type":"Polygon","coordinates":[[[37.03282089927125,-1.2415832073061548],[37.03283867287896,-1.2416188701292374],[37.032878806815894,-1.2416010345189052],[37.03286545614137,-1.2415653584799218],[37.03282089927125,-1.2415832073061548]]]},"id":"001a0000000000021097","properties":{"FID":489701}},{"type":"Feature","geometry":{"type":"Polygon","coordinates":[[[37.028495558635264,-1.2624919182234053],[37.02852676668368,-1.2625899981922444],[37.02855355153347,-1.2625811051626459],[37.02852226158566,-1.262482967534525],[37.028495558635264,-1.2624919182234053]]]},"id":"001a000000000001f54f","properties":{"FID":492517}},{"type":"Feature","geometry":{"type":"Polygon","coordinates":[[[37.029266991456936,-1.2559593012092878],[37.02930262231448,-1.256044060291579],[37.02940517355885,-1.2559994251346138],[37.02936503770566,-1.2559147407250983],[37.029266991456936,-1.2559593012092878]]]},"id":"001a0000000000038e81","properties":{"FID":492773}},{"type":"Feature","geometry":{"type":"Polygon","coordinates":[[[37.0393712852759,-1.2542380964730968],[37.03942476508104,-1.254309436136892],[37.03946939980407,-1.2542827153055025],[37.03941141560809,-1.254206902969533],[37.0393712852759,-1.2542380964730968]]]},"id":"001a000000000001c282","properties":{"FID":493029}},{"type":"Feature","geometry":{"type":"Polygon","coordinates":[[[37.046702074186655,-1.2555267690987646],[37.04673327442279,-1.2555847723323277],[37.0467689786136,-1.2555669391435735],[37.04674220047214,-1.2555089809414703],[37.046702074186655,-1.2555267690987646]]]},"id":"001a0000000000028072","properties":{"FID":494309}},{"type":"Feature","geometry":{"type":"Polygon","coordinates":[[[37.03347639032682,-1.2340606894115238],[37.03353880213735,-1.2341008145367858],[37.03356550323677,-1.2340606583137395],[37.03349866856454,-1.234020546043885],[37.03347639032682,-1.2340606894115238]]]},"id":"001a0000000000027fe4","properties":{"FID":489446}},{"type":"Feature","geometry":{"type":"Polygon","coordinates":[[[37.03278076530237,-1.2415118386107824],[37.03281197151274,-1.241583176108474],[37.03283867287896,-1.2415698106976232],[37.03280746668005,-1.2415029009834868],[37.03278076530237,-1.2415118386107824]]]},"id":"001a000000000002e1d1","properties":{"FID":489702}},{"type":"Feature","geometry":{"type":"Polygon","coordinates":[[[37.02652016841934,-1.2625053041393444],[37.02659151472,-1.2627282605976506],[37.02669849308339,-1.2626970028635103],[37.0266271468876,-1.2624696160610496],[37.02652016841934,-1.2625053041393444]]]},"id":"001a000000000003b331","properties":{"FID":492518}},{"type":"Feature","geometry":{"type":"Polygon","coordinates":[[[37.02753686707851,-1.2558567750689777],[37.02754579548432,-1.2559147479793886],[37.02758585042903,-1.2559102466495053],[37.02757700394007,-1.255852272422053],[37.02753686707851,-1.2558567750689777]]]},"id":"001a0000000000022af0","properties":{"FID":492774}},{"type":"Feature","geometry":{"type":"Polygon","coordinates":[[[37.03893427271433,-1.2541756885194693],[37.03896105373209,-1.2542158164107091],[37.03901011128948,-1.2541845934816942],[37.0389833302898,-1.2541444656425969],[37.03893427271433,-1.2541756885194693]]]},"id":"001a00000000000237bc","properties":{"FID":493030}},{"type":"Feature","geometry":{"type":"Polygon","coordinates":[[[37.05382324207949,-1.2551076434197241],[37.053850017611346,-1.255143276910594],[37.05393468390711,-1.2550763967090621],[37.05390799028873,-1.2550407619517094],[37.05382324207949,-1.2551076434197241]]]},"id":"001a000000000001d452","properties":{"FID":494310}},{"type":"Feature","geometry":{"type":"Polygon","coordinates":[[[37.03134493752364,-1.2340294427442766],[37.031362711491965,-1.2340606731372035],[37.03139842323085,-1.2340428578810563],[37.0313805673636,-1.2340071429864354],[37.03134493752364,-1.2340294427442766]]]},"id":"001a0000000000022a2b","properties":{"FID":489447}},{"type":"Feature","geometry":{"type":"Polygon","coordinates":[[[37.03306612553073,-1.2414182074570783],[37.03309290870939,-1.2415073867280162],[37.03318652689863,-1.241480648290886],[37.03315974375444,-1.241391410152627],[37.03306612553073,-1.2414182074570783]]]},"id":"001a0000000000031719","properties":{"FID":489703}},{"type":"Feature","geometry":{"type":"Polygon","coordinates":[[[37.03456441217217,-1.2624383868640536],[37.03459111289512,-1.262487445237281],[37.03457776253487,-1.2624963506705749],[37.03460454515695,-1.2625543275918805],[37.034693656684816,-1.2625052937241898],[37.034640173400405,-1.2624027480974915],[37.03456441217217,-1.2624383868640536]]]},"id":"001a000000000002761d","properties":{"FID":492519}},{"type":"Feature","geometry":{"type":"Polygon","coordinates":[[[37.029155511810615,-1.2558478585971886],[37.02917328631379,-1.2558835349453172],[37.02923127867186,-1.2558567652814865],[37.02921342227275,-1.2558210903362261],[37.029155511810615,-1.2558478585971886]]]},"id":"001a000000000002961e","properties":{"FID":492775}},{"type":"Feature","geometry":{"type":"Polygon","coordinates":[[[37.03980829521098,-1.2539036659452036],[37.03983507590682,-1.253961627142818],[37.0398974822607,-1.2539304207360666],[37.03987070158783,-1.2538724596281248],[37.03980829521098,-1.2539036659452036]]]},"id":"001a0000000000026e69","properties":{"FID":493031}},{"type":"Feature","geometry":{"type":"Polygon","coordinates":[[[37.05569161009546,-1.2549649234706426],[37.055718384938594,-1.2549961277689825],[37.05576743118531,-1.2549559943245827],[37.05574065636024,-1.2549247900698017],[37.05569161009546,-1.2549649234706426]]]},"id":"001a000000000001a240","properties":{"FID":494311}},{"type":"Feature","geometry":{"type":"Polygon","coordinates":[[[37.029021752391635,-1.234029460378683],[37.0290395269275,-1.2340829446381907],[37.02909751939216,-1.2340651211635612],[37.029079662960235,-1.2340116382985251],[37.029021752391635,-1.234029460378683]]]},"id":"001a000000000003035d","properties":{"FID":489448}},{"type":"Feature","geometry":{"type":"Polygon","coordinates":[[[37.03670027523137,-1.2520442375411887],[37.03673147976017,-1.2520843509460597],[37.03679839336341,-1.2520352977651779],[37.03677161154919,-1.2519951705870591],[37.03670027523137,-1.2520442375411887]]]},"id":"001a0000000000019fa4","properties":{"FID":489704}},{"type":"Feature","geometry":{"type":"Polygon","coordinates":[[[37.0294230299109,-1.262411642126493],[37.02946758886205,-1.2625543373162742],[37.02953893227298,-1.262532061756972],[37.02953893227298,-1.262536492429956],[37.02957464490706,-1.2625231386509268],[37.029552365467666,-1.2624473014195707],[37.02953893227298,-1.2624517780629727],[37.02951665282266,-1.2623848613201218],[37.0294230299109,-1.262411642126493]]]},"id":"001a000000000003a27f","properties":{"FID":492520}},{"type":"Feature","geometry":{"type":"Polygon","coordinates":[[[37.02555252218989,-1.2558300325617318],[37.02557930813439,-1.2558968671472612],[37.02562386943917,-1.2558790603005718],[37.02559716542524,-1.2558121653619614],[37.02555252218989,-1.2558300325617318]]]},"id":"001a000000000002366d","properties":{"FID":492776}},{"type":"Feature","geometry":{"type":"Polygon","coordinates":[[[37.04533760351447,-1.2538234137614368],[37.045355374062964,-1.253854652301018],[37.04540442730561,-1.2538323486122767],[37.04538665676912,-1.2538011101081916],[37.04533760351447,-1.2538234137614368]]]},"id":"001a0000000000024aaf","properties":{"FID":493032}},{"type":"Feature","geometry":{"type":"Polygon","coordinates":[[[37.055896719880586,-1.254322814364649],[37.055932419568435,-1.2543406453961015],[37.055959112442835,-1.2542871849970207],[37.05592349464812,-1.254269293581645],[37.055896719880586,-1.254322814364649]]]},"id":"001a000000000001da3f","properties":{"FID":494312}},{"type":"Feature","geometry":{"type":"Polygon","coordinates":[[[37.03043526494144,-1.234016063751545],[37.03044861606194,-1.2340696188661384],[37.03048432824951,-1.2340562303042784],[37.03047089522689,-1.2340027355886931],[37.03043526494144,-1.234016063751545]]]},"id":"001a000000000002cc32","properties":{"FID":489449}},{"type":"Feature","geometry":{"type":"Polygon","coordinates":[[[37.03936235832144,-1.2517677587070912],[37.03938913918153,-1.2518078843351816],[37.039594213085955,-1.2516652070486873],[37.03956751419984,-1.2516250802991973],[37.03936235832144,-1.2517677587070912]]]},"id":"001a0000000000034eca","properties":{"FID":489705}},{"type":"Feature","geometry":{"type":"Polygon","coordinates":[[[37.03148311567914,-1.2623893446715686],[37.03150547643482,-1.2624562583689714],[37.03154552919978,-1.2624428328120314],[37.03152325036392,-1.2623759768846885],[37.03148311567914,-1.2623893446715686]]]},"id":"001a0000000000021576","properties":{"FID":492521}},{"type":"Feature","geometry":{"type":"Polygon","coordinates":[[[37.02907966296023,-1.2557586849589042],[37.02910644760649,-1.2558389239765428],[37.029142078542655,-1.2558255771576425],[37.02911979897081,-1.2557452637454178],[37.02907966296023,-1.2557586849589042]]]},"id":"001a0000000000022d82","properties":{"FID":492777}},{"type":"Feature","geometry":{"type":"Polygon","coordinates":[[[37.03934008187986,-1.2538055727898727],[37.03938913918153,-1.253881354811281],[37.03941592003175,-1.2538590630173216],[37.03936686274814,-1.2537877100350328],[37.03934008187986,-1.2538055727898727]]]},"id":"001a000000000002f4b2","properties":{"FID":493033}},{"type":"Feature","geometry":{"type":"Polygon","coordinates":[[[37.04614914809479,-1.2541979607780438],[37.04617584456377,-1.254242573962684],[37.04624274947514,-1.2542024376638983],[37.046220475141844,-1.2541578696140794],[37.04614914809479,-1.2541979607780438]]]},"id":"001a000000000002f686","properties":{"FID":494313}},{"type":"Feature","geometry":{"type":"Polygon","coordinates":[[[37.030974795694306,-1.2340339204393658],[37.03102828167363,-1.2340785007534867],[37.03105948863574,-1.234038388199256],[37.03100600267936,-1.2339938079294606],[37.030974795694306,-1.2340339204393658]]]},"id":"001a0000000000023ef4","properties":{"FID":489450}},{"type":"Feature","geometry":{"type":"Polygon","coordinates":[[[37.035821874537774,-1.2512638771359794],[37.03585750218492,-1.2513084644806152],[37.03590213909751,-1.251272829864736],[37.03586642956964,-1.2512282439262512],[37.035821874537774,-1.2512638771359794]]]},"id":"001a0000000000028230","properties":{"FID":489706}},{"type":"Feature","geometry":{"type":"Polygon","coordinates":[[[37.03164815919015,-1.2624027293642983],[37.03170606766831,-1.2625365146855174],[37.03180419253739,-1.2624963677922636],[37.031746202230096,-1.2623581536044028],[37.03164815919015,-1.2624027293642983]]]},"id":"001a000000000001d32f","properties":{"FID":492522}},{"type":"Feature","geometry":{"type":"Polygon","coordinates":[[[37.03420763715443,-1.2557140862782135],[37.03427004833754,-1.2557720557864616],[37.03429683107293,-1.2557452721612277],[37.034229915168204,-1.2556873181017636],[37.03420763715443,-1.2557140862782135]]]},"id":"001a000000000002b4a6","properties":{"FID":492778}},{"type":"Feature","geometry":{"type":"Polygon","coordinates":[[[37.03851961612573,-1.2536673494919672],[37.03854189281868,-1.25370300440425],[37.03857760103285,-1.253685171377832],[37.038550819873876,-1.253645043734946],[37.03851961612573,-1.2536673494919672]]]},"id":"001a00000000000206a0","properties":{"FID":493034}},{"type":"Feature","geometry":{"type":"Polygon","coordinates":[[[37.05563806037955,-1.254113240035552],[37.05573173141636,-1.2541400322420808],[37.05574507789167,-1.2540864973974684],[37.05574065636024,-1.2540820242702222],[37.05576743118531,-1.2539884149147225],[37.05568268514554,-1.253961652343733],[37.05563806037955,-1.254113240035552]]]},"id":"001a000000000001d248","properties":{"FID":494314}},{"type":"Feature","geometry":{"type":"Polygon","coordinates":[[[37.03030150787509,-1.2339759742466925],[37.03032821016272,-1.2340205177701464],[37.03039512965647,-1.2339804151708686],[37.03037285046833,-1.2339357998876819],[37.03030150787509,-1.2339759742466925]]]},"id":"001a0000000000025e21","properties":{"FID":489451}},{"type":"Feature","geometry":{"type":"Polygon","coordinates":[[[37.0349300310359,-1.2512148511339463],[37.03494788603191,-1.2512594364610647],[37.03499244159916,-1.2512415774897807],[37.034974586614084,-1.2511969922077906],[37.0349300310359,-1.2512148511339463]]]},"id":"001a000000000001bf8d","properties":{"FID":489707}},{"type":"Feature","geometry":{"type":"Polygon","coordinates":[[[37.028812143597534,-1.262402710761803],[37.02885227975569,-1.2625230906764384],[37.02895040847362,-1.2624874323044246],[37.028910272369586,-1.2623670526503101],[37.028812143597534,-1.262402710761803]]]},"id":"001a000000000002d599","properties":{"FID":492523}},{"type":"Feature","geometry":{"type":"Polygon","coordinates":[[[37.024036438045556,-1.2557274420819695],[37.02407657683757,-1.2558077018578295],[37.024138996710995,-1.255776486631416],[37.02413006788723,-1.2557541883891867],[37.024156854355226,-1.255740809893097],[37.02413006788723,-1.2556828344952033],[37.024036438045556,-1.2557274420819695]]]},"id":"001a000000000002f07d","properties":{"FID":492779}},{"type":"Feature","geometry":{"type":"Polygon","coordinates":[[[37.03697227016205,-1.2536272208771824],[37.03701690639046,-1.2536316809710324],[37.03701690639046,-1.2535960120653515],[37.03697677473681,-1.2535915366664854],[37.03697227016205,-1.2536272208771824]]]},"id":"001a0000000000022d75","properties":{"FID":493035}},{"type":"Feature","geometry":{"type":"Polygon","coordinates":[[[37.050545826069474,-1.2525169211643838],[37.05059487580861,-1.2525926900201179],[37.05067954589808,-1.2525436457955164],[37.05063049621611,-1.2524633898889515],[37.050545826069474,-1.2525169211643838]]]},"id":"001a00000000000353de","properties":{"FID":494315}},{"type":"Feature","geometry":{"type":"Polygon","coordinates":[[[37.06855165074926,-1.2545368612613121],[37.06858734421472,-1.2545904038617242],[37.068645305125806,-1.254550247842864],[37.06861411430229,-1.254496748942438],[37.06855165074926,-1.2545368612613121]]]},"id":"001a000000000001e03d","properties":{"FID":495851}},{"type":"Feature","geometry":{"type":"Polygon","coordinates":[[[37.024192487714785,-1.2339269075834054],[37.02420592189638,-1.2339714930010663],[37.024246060594955,-1.233958090791413],[37.024232626420755,-1.2339179916651515],[37.024192487714785,-1.2339269075834054]]]},"id":"001a000000000001c805","properties":{"FID":489452}},{"type":"Feature","geometry":{"type":"Polygon","coordinates":[[[37.03518417765341,-1.2508714739025992],[37.03521988751627,-1.250947297986122],[37.03529122528614,-1.2509116373420155],[37.0352555154583,-1.2508403012646725],[37.03518417765341,-1.2508714739025992]]]},"id":"001a000000000002d036","properties":{"FID":489708}},{"type":"Feature","geometry":{"type":"Polygon","coordinates":[[[37.03257116733778,-1.2623759906218686],[37.032611301422286,-1.2624918750680905],[37.03271384800298,-1.2624562038212532],[37.032673713975036,-1.2623403196318845],[37.03257116733778,-1.2623759906218686]]]},"id":"001a0000000000035112","properties":{"FID":492524}},{"type":"Feature","geometry":{"type":"Polygon","coordinates":[[[37.02960585249266,-1.255682832683676],[37.02963706006488,-1.2557319303787309],[37.02969054702763,-1.2557051764811873],[37.02965933947835,-1.2556516490827778],[37.02960585249266,-1.255682832683676]]]},"id":"001a0000000000026956","properties":{"FID":492780}},{"type":"Feature","geometry":{"type":"Polygon","coordinates":[[[37.03540711829925,-1.2534488384118123],[37.03544282805265,-1.2534979147554346],[37.03551416560385,-1.2534488436495843],[37.03548296055275,-1.2533953229821535],[37.03540711829925,-1.2534488384118123]]]},"id":"001a0000000000032902","properties":{"FID":493036}},{"type":"Feature","geometry":{"type":"Polygon","coordinates":[[[37.06176932815887,-1.2632766991502422],[37.061800603797266,-1.2633346998866992],[37.06182729451465,-1.2633213229815223],[37.06179610076114,-1.2632633209199016],[37.06176932815887,-1.2632766991502422]]]},"id":"001a000000000001d8c9","properties":{"FID":494316}},{"type":"Feature","geometry":{"type":"Polygon","coordinates":[[[37.03205835007625,-1.2339447237761543],[37.03209848444369,-1.2340249936258976],[37.03221446445043,-1.2339625512396502],[37.03217433014699,-1.233886767424554],[37.03205835007625,-1.2339447237761543]]]},"id":"001a0000000000039093","properties":{"FID":489453}},{"type":"Feature","geometry":{"type":"Polygon","coordinates":[[[37.038550819873876,-1.250800148354446],[37.03855524245125,-1.2508625488050886],[37.03860430028244,-1.2508581389060773],[37.03859987770802,-1.250795679453863],[37.038550819873876,-1.250800148354446]]]},"id":"001a000000000001f98a","properties":{"FID":489709}},{"type":"Feature","geometry":{"type":"Polygon","coordinates":[[[37.02877643058921,-1.2623358394335973],[37.0288032153471,-1.2623982511810978],[37.028883487651115,-1.262371514827774],[37.0288612080001,-1.2623045976569618],[37.02877643058921,-1.2623358394335973]]]},"id":"001a0000000000034429","properties":{"FID":492525}},{"type":"Feature","geometry":{"type":"Polygon","coordinates":[[[37.029543437308064,-1.255673941534329],[37.02959250121752,-1.2557764921586918],[37.029637060064886,-1.255754197399902],[37.02958799618548,-1.2556516468883872],[37.029543437308064,-1.255673941534329]]]},"id":"001a000000000002e2a0","properties":{"FID":492781}},{"type":"Feature","geometry":{"type":"Polygon","coordinates":[[[37.039023460836106,-1.2533596943410878],[37.03905916881379,-1.2533596365499629],[37.03906359136026,-1.2533195259933774],[37.0390234608361,-1.253315050654294],[37.039023460836106,-1.2533596943410878]]]},"id":"001a000000000002b6d6","properties":{"FID":493037}},{"type":"Feature","geometry":{"type":"Polygon","coordinates":[[[37.060757120054014,-1.2632722303472714],[37.06078831425392,-1.263303481913544],[37.06083293585515,-1.2632588623613035],[37.06080174167442,-1.26323209889992],[37.060757120054014,-1.2632722303472714]]]},"id":"001a00000000000293c8","properties":{"FID":494317}},{"type":"Feature","geometry":{"type":"Polygon","coordinates":[[[37.03184875003024,-1.233891229149767],[37.03188888451331,-1.233949188047254],[37.03192901897423,-1.2339224475822148],[37.03188888451331,-1.2338644887474102],[37.03184875003024,-1.233891229149767]]]},"id":"001a0000000000025c40","properties":{"FID":489454}},{"type":"Feature","geometry":{"type":"Polygon","coordinates":[[[37.036423856576675,-1.2506485182598144],[37.036463988535445,-1.2506708278316314],[37.03648176125296,-1.2506351644197709],[37.03644162930401,-1.250612854858779],[37.036423856576675,-1.2506485182598144]]]},"id":"001a0000000000023b8d","properties":{"FID":489710}},{"type":"Feature","geometry":{"type":"Polygon","coordinates":[[[37.02477220316228,-1.2622912360865477],[37.024776626577356,-1.2623536680129186],[37.024821270288626,-1.262353694414512],[37.02482127028862,-1.2622912481238544],[37.02477220316228,-1.2622912360865477]]]},"id":"001a000000000001db9b","properties":{"FID":492526}},{"type":"Feature","geometry":{"type":"Polygon","coordinates":[[[37.02941410173542,-1.2556917900326319],[37.02949887840335,-1.2558300158505658],[37.029534509147354,-1.2558076913824705],[37.02947651703097,-1.2557140886686233],[37.029552365467666,-1.2556694823313015],[37.02953008602146,-1.2556249031214497],[37.02941410173542,-1.2556917900326319]]]},"id":"001a0000000000037e7c","properties":{"FID":492782}},{"type":"Feature","geometry":{"type":"Polygon","coordinates":[[[37.04478016295109,-1.2530207625759724],[37.044842646952574,-1.253109956342616],[37.044936250015475,-1.253038617381194],[37.04487384798693,-1.2529494225040927],[37.04478016295109,-1.2530207625759724]]]},"id":"001a0000000000037f12","properties":{"FID":493038}},{"type":"Feature","geometry":{"type":"Polygon","coordinates":[[[37.067129219114,-1.2630805331803479],[37.06714706619873,-1.2631206252387495],[37.067209449093475,-1.2630983292635316],[37.067191602024074,-1.263053749582625],[37.067129219114,-1.2630805331803479]]]},"id":"001a0000000000021039","properties":{"FID":494318}},{"type":"Feature","geometry":{"type":"Polygon","coordinates":[[[37.031237884083446,-1.2338421853935615],[37.031251235056665,-1.2338823411839839],[37.03129136986936,-1.2338644542445285],[37.031278018903514,-1.2338287843337186],[37.031237884083446,-1.2338421853935615]]]},"id":"001a000000000001ccdc","properties":{"FID":489455}},{"type":"Feature","geometry":{"type":"Polygon","coordinates":[[[37.03597789893234,-1.2506262178088432],[37.035991330938046,-1.2506618990957734],[37.03604923595871,-1.2506396286289763],[37.0360358858661,-1.2506039460399108],[37.03597789893234,-1.2506262178088432]]]},"id":"001a000000000002d790","properties":{"FID":489711}},{"type":"Feature","geometry":{"type":"Polygon","coordinates":[[[37.024821270288626,-1.2622778372514805],[37.024847974587225,-1.2623581543442528],[37.02494160338498,-1.2623269414388196],[37.02491489912073,-1.262246624506194],[37.024821270288626,-1.2622778372514805]]]},"id":"001a0000000000036ffd","properties":{"FID":492527}},{"type":"Feature","geometry":{"type":"Polygon","coordinates":[[[37.03133150465991,-1.2556382469612486],[37.03137163942833,-1.255696232477393],[37.0314474858894,-1.255647197502828],[37.0314117741746,-1.2555891980659908],[37.03133150465991,-1.2556382469612486]]]},"id":"001a0000000000020466","properties":{"FID":492783}},{"type":"Feature","geometry":{"type":"Polygon","coordinates":[[[37.037467280307176,-1.2529851105147816],[37.037493979964424,-1.2530296685001987],[37.0375698200417,-1.2529850724562284],[37.03752518415267,-1.2529137642042796],[37.037489557322495,-1.2529360243104684],[37.037502907148266,-1.252958362322154],[37.037467280307176,-1.2529851105147816]]]},"id":"001a000000000002f10e","properties":{"FID":493039}},{"type":"Feature","geometry":{"type":"Polygon","coordinates":[[[37.064823879194776,-1.2630225396666501],[37.064855071647244,-1.2631028010482248],[37.0649353041406,-1.2630715861320203],[37.06490853269605,-1.26299131035963],[37.064823879194776,-1.2630225396666501]]]},"id":"001a000000000002bbcf","properties":{"FID":494319}},{"type":"Feature","geometry":{"type":"Polygon","coordinates":[[[37.02969505205331,-1.2338377291789084],[37.02974411586055,-1.2339447129105665],[37.02979317963468,-1.2339224307602104],[37.029833233342295,-1.2339046038378065],[37.02978425150462,-1.2337931330799576],[37.02969505205331,-1.2338377291789084]]]},"id":"001a000000000002e726","properties":{"FID":489456}},{"type":"Feature","geometry":{"type":"Polygon","coordinates":[[[37.036535325085026,-1.2505058497736847],[37.03657545698228,-1.2505682538723775],[37.036628938843585,-1.2505370809857714],[37.03658880697585,-1.2504746179229485],[37.036535325085026,-1.2505058497736847]]]},"id":"001a000000000002d12e","properties":{"FID":489712}},{"type":"Feature","geometry":{"type":"Polygon","coordinates":[[[37.02639533270319,-1.2622734304410954],[37.02643096496685,-1.2624116118708766],[37.0265469540077,-1.2623848722412891],[37.0265112398877,-1.2622466333972158],[37.02639533270319,-1.2622734304410954]]]},"id":"001a000000000002f82e","properties":{"FID":492528}},{"type":"Feature","geometry":{"type":"Polygon","coordinates":[[[37.02804963429771,-1.25561150876311],[37.028062985855954,-1.2556427105399874],[37.02812990743305,-1.2556114816428068],[37.02811655588708,-1.2555802799164044],[37.02804963429771,-1.25561150876311]]]},"id":"001a000000000002a7e4","properties":{"FID":492784}},{"type":"Feature","geometry":{"type":"Polygon","coordinates":[[[37.03744049873928,-1.2529271488829934],[37.03744942592968,-1.2529583587579496],[37.037489557322495,-1.2529449413060234],[37.03748063013703,-1.2529137314580028],[37.03744049873928,-1.2529271488829934]]]},"id":"001a000000000001ffbb","properties":{"FID":493040}},{"type":"Feature","geometry":{"type":"Polygon","coordinates":[[[37.06470344836663,-1.2629912990019592],[37.064743564708195,-1.2631340052067903],[37.0648283001731,-1.26311169087143],[37.06478818387837,-1.2629690439546455],[37.06470344836663,-1.2629912990019592]]]},"id":"001a0000000000031293","properties":{"FID":494320}},{"type":"Feature","geometry":{"type":"Polygon","coordinates":[[[37.02783559947446,-1.233672724600237],[37.02784452784361,-1.2337574598735221],[37.027960432719986,-1.2337396406623524],[37.02794708114292,-1.2336549183479593],[37.02783559947446,-1.233672724600237]]]},"id":"001a000000000002e43b","properties":{"FID":489457}},{"type":"Feature","geometry":{"type":"Polygon","coordinates":[[[37.03755647022821,-1.250260579858709],[37.03756089286609,-1.2503007189205118],[37.03760995136808,-1.2502918217503824],[37.03760544683255,-1.250256112684925],[37.03755647022821,-1.250260579858709]]]},"id":"001a000000000002318d","properties":{"FID":489713}},{"type":"Feature","geometry":{"type":"Polygon","coordinates":[[[37.028495558635264,-1.2622644750538028],[37.02852676668368,-1.2623581237467518],[37.02862931902151,-1.262322451214586],[37.028598111017075,-1.2622288027296726],[37.028495558635264,-1.2622644750538028]]]},"id":"001a0000000000030b73","properties":{"FID":492529}},{"type":"Feature","geometry":{"type":"Polygon","coordinates":[[[37.03438152014684,-1.2556115185986148],[37.03443058079348,-1.2556739608797178],[37.034510846888594,-1.255602589055578],[37.03445736346975,-1.2555446495111777],[37.03438152014684,-1.2556115185986148]]]},"id":"001a0000000000033e64","properties":{"FID":492785}},{"type":"Feature","geometry":{"type":"Polygon","coordinates":[[[37.036187487080426,-1.2529003975488746],[37.03625882390122,-1.2530163247661836],[37.03631238789748,-1.2529850874446646],[37.03624096922704,-1.2528691617379535],[37.036187487080426,-1.2529003975488746]]]},"id":"001a000000000002bee6","properties":{"FID":493041}},{"type":"Feature","geometry":{"type":"Polygon","coordinates":[[[37.05995449932567,-1.262830817261514],[37.059972348174426,-1.2629021520937627],[37.06002139154819,-1.2628932456627568],[37.05999912143933,-1.262817437352223],[37.05995449932567,-1.262830817261514]]]},"id":"001a0000000000031cdd","properties":{"FID":494321}},{"type":"Feature","geometry":{"type":"Polygon","coordinates":[[[37.030560093727026,-1.2336638421860033],[37.030600228921,-1.2337396272019434],[37.03065822014174,-1.2337084059027303],[37.03061808497977,-1.2336326209979809],[37.030560093727026,-1.2336638421860033]]]},"id":"001a000000000002a663","properties":{"FID":489458}},{"type":"Feature","geometry":{"type":"Polygon","coordinates":[[[37.041756872198924,-1.250051026587224],[37.04181935879915,-1.2501535625346416],[37.04185498350788,-1.2501312476021675],[37.041792578834205,-1.2500287104042922],[37.041756872198924,-1.250051026587224]]]},"id":"001a000000000002f8db","properties":{"FID":489714}},{"type":"Feature","geometry":{"type":"Polygon","coordinates":[[[37.03175963501725,-1.2622555558842639],[37.03179976954949,-1.2623759898620202],[37.031911245144265,-1.2623358578557533],[37.03187111067354,-1.2622199137470214],[37.03175963501725,-1.2622555558842639]]]},"id":"001a0000000000037c5c","properties":{"FID":492530}},{"type":"Feature","geometry":{"type":"Polygon","coordinates":[[[37.03435031460981,-1.2555669126180777],[37.03437267448415,-1.2555981400851366],[37.03442165323253,-1.2555669146911241],[37.034399375277495,-1.2555356859103193],[37.03435031460981,-1.2555669126180777]]]},"id":"001a000000000001ba1a","properties":{"FID":492786}},{"type":"Feature","geometry":{"type":"Polygon","coordinates":[[[37.03744049873928,-1.2527041656252778],[37.03745835311898,-1.2527532391350213],[37.03752076151263,-1.2527264628860184],[37.03749848450688,-1.2526818913251487],[37.03744049873928,-1.2527041656252778]]]},"id":"001a00000000000229f2","properties":{"FID":493042}},{"type":"Feature","geometry":{"type":"Polygon","coordinates":[[[37.06406575929869,-1.262812951510138],[37.06410595786346,-1.2628976693120804],[37.06424857662445,-1.2628263250395728],[37.064270927300406,-1.262875378095029],[37.06430662287116,-1.2628575413641487],[37.064275348312414,-1.2627996021947478],[37.06424857662445,-1.2628129797028347],[37.06421738391134,-1.262741634821958],[37.06406575929869,-1.262812951510138]]]},"id":"001a0000000000030c2e","properties":{"FID":494322}},{"type":"Feature","geometry":{"type":"Polygon","coordinates":[[[37.0276884860047,-1.2336370410650122],[37.027737469253154,-1.233735174385463],[37.0278222478745,-1.2336995033369687],[37.02777760600407,-1.2335969317649484],[37.0276884860047,-1.2336370410650122]]]},"id":"001a00000000000361ba","properties":{"FID":489459}},{"type":"Feature","geometry":{"type":"Polygon","coordinates":[[[37.038876369990845,-1.2500153602335695],[37.03890757358589,-1.250064386965526],[37.0389744032877,-1.2500197695473771],[37.03894319972134,-1.2499707429051752],[37.038876369990845,-1.2500153602335695]]]},"id":"001a000000000002f204","properties":{"FID":489715}},{"type":"Feature","geometry":{"type":"Polygon","coordinates":[[[37.030270300587844,-1.262251117826951],[37.03029700288694,-1.2623046093272847],[37.03039512965647,-1.262260031772349],[37.030368345484604,-1.2622065417561545],[37.030270300587844,-1.262251117826951]]]},"id":"001a0000000000035756","properties":{"FID":492531}},{"type":"Feature","geometry":{"type":"Polygon","coordinates":[[[37.029159934959274,-1.2555401802375585],[37.02917779137152,-1.2555802847578845],[37.02921342227275,-1.255562449325387],[37.02919564777936,-1.255526773261989],[37.029159934959274,-1.2555401802375585]]]},"id":"001a000000000001ed6f","properties":{"FID":492787}},{"type":"Feature","geometry":{"type":"Polygon","coordinates":[[[37.03741371716152,-1.2526997059610634],[37.03744049873928,-1.252717570562441],[37.037467280307176,-1.2526818744863235],[37.03744049873928,-1.2526595809605912],[37.03741371716152,-1.2526997059610634]]]},"id":"001a0000000000026f1b","properties":{"FID":493043}},{"type":"Feature","geometry":{"type":"Polygon","coordinates":[[[37.06469452452437,-1.2627594403757485],[37.064716793192915,-1.2628352439991473],[37.06475699139715,-1.262821879294596],[37.06473464087087,-1.26274607709894],[37.06469452452437,-1.2627594403757485]]]},"id":"001a0000000000024ea8","properties":{"FID":494323}},{"type":"Feature","geometry":{"type":"Polygon","coordinates":[[[37.029726259587285,-1.2335701925235938],[37.02974411586055,-1.2336103346947285],[37.02978425150462,-1.2335924477306055],[37.02976639524121,-1.233552364622373],[37.029726259587285,-1.2335701925235938]]]},"id":"001a000000000001cadc","properties":{"FID":489460}},{"type":"Feature","geometry":{"type":"Polygon","coordinates":[[[37.041525024330845,-1.2500599207443077],[37.04155180439436,-1.2501000437929433],[37.04169446744104,-1.250010899618583],[37.04166768743008,-1.2499662893278025],[37.041525024330845,-1.2500599207443077]]]},"id":"001a0000000000027403","properties":{"FID":489716}},{"type":"Feature","geometry":{"type":"Polygon","coordinates":[[[37.02653802547933,-1.2621976268703266],[37.02655137731492,-1.2622466755753408],[37.0266004432418,-1.2622332770363225],[37.02659151472,-1.2621887038515138],[37.02653802547933,-1.2621976268703266]]]},"id":"001a000000000001cd65","properties":{"FID":492532}},{"type":"Feature","geometry":{"type":"Polygon","coordinates":[[[37.026243711082806,-1.2555446015313074],[37.02626156821064,-1.2555847666333222],[37.0263194809758,-1.255557997889906],[37.02630170577556,-1.255517890556023],[37.026243711082806,-1.2555446015313074]]]},"id":"001a000000000002a3b3","properties":{"FID":492788}},{"type":"Feature","geometry":{"type":"Polygon","coordinates":[[[37.0399108316444,-1.252548096222752],[37.03995096167881,-1.2526283926189667],[37.04004014855353,-1.2525748391418245],[37.04000001856834,-1.252499030760942],[37.0399108316444,-1.252548096222752]]]},"id":"001a000000000002ae83","properties":{"FID":493044}},{"type":"Feature","geometry":{"type":"Polygon","coordinates":[[[37.06472571703244,-1.2627327032299769],[37.06477033621359,-1.2628308099221452],[37.0648283001731,-1.2628040405295229],[37.06478368102758,-1.2627059339734097],[37.06472571703244,-1.2627327032299769]]]},"id":"001a0000000000024ea9","properties":{"FID":494324}},{"type":"Feature","geometry":{"type":"Polygon","coordinates":[[[37.02988680207015,-1.2335523574874223],[37.02989573018764,-1.233596953336157],[37.029962568169914,-1.2335791050568026],[37.02995364006064,-1.2335389361204814],[37.02988680207015,-1.2335523574874223]]]},"id":"001a0000000000020084","properties":{"FID":489461}},{"type":"Feature","geometry":{"type":"Polygon","coordinates":[[[37.035674695313915,-1.249698759806643],[37.03571925043594,-1.2497745538719462],[37.0357906696187,-1.2497299780390936],[37.035741609889456,-1.249654140130503],[37.035674695313915,-1.249698759806643]]]},"id":"001a0000000000020c50","properties":{"FID":489717}},{"type":"Feature","geometry":{"type":"Polygon","coordinates":[[[37.03149654851487,-1.2621708440254997],[37.031500971521226,-1.2622199197622106],[37.03153217828057,-1.2622154433515054],[37.03152775527612,-1.2621663676405066],[37.03149654851487,-1.2621708440254997]]]},"id":"001a0000000000020233","properties":{"FID":492533}},{"type":"Feature","geometry":{"type":"Polygon","coordinates":[[[37.03274063131135,-1.2555267788054503],[37.03278969306471,-1.255642731717209],[37.0328877345662,-1.2556026034076782],[37.03283867287896,-1.2554866507552676],[37.03274063131135,-1.2555267788054503]]]},"id":"001a0000000000034602","properties":{"FID":492789}},{"type":"Feature","geometry":{"type":"Polygon","coordinates":[[[37.03781953481276,-1.252450013697774],[37.03784631624107,-1.2524901407119782],[37.03789087003267,-1.2524589352654736],[37.03786408862077,-1.2524188083010348],[37.03781953481276,-1.252450013697774]]]},"id":"001a000000000002e5be","properties":{"FID":493045}},{"type":"Feature","geometry":{"type":"Polygon","coordinates":[[[37.06234014737509,-1.2626568961733315],[37.06238918914944,-1.2627282409094622],[37.062469424368274,-1.262670275640166],[37.06242038264812,-1.262598931065042],[37.06234014737509,-1.2626568961733315]]]},"id":"001a0000000000027b20","properties":{"FID":494325}},{"type":"Feature","geometry":{"type":"Polygon","coordinates":[[[37.02951665282266,-1.233547860846416],[37.02955678859221,-1.2335969083039957],[37.02960142937111,-1.2335612406623586],[37.02955678859221,-1.2335122073839588],[37.02951665282266,-1.233547860846416]]]},"id":"001a00000000000242f7","properties":{"FID":489462}},{"type":"Feature","geometry":{"type":"Polygon","coordinates":[[[37.03832338437389,-1.2496586066221256],[37.03835909269536,-1.2497210218558703],[37.038421500316005,-1.249680906151422],[37.03838579202518,-1.2496184910242023],[37.03832338437389,-1.2496586066221256]]]},"id":"001a0000000000033616","properties":{"FID":489718}},{"type":"Feature","geometry":{"type":"Polygon","coordinates":[[[37.02886563116665,-1.262219927813373],[37.028883487651115,-1.2622644695638232],[37.029008319098985,-1.2622288407902909],[37.0289860394862,-1.2621664136995563],[37.02895040847362,-1.2621797659031042],[37.02894148024014,-1.2621574655507373],[37.028892415891704,-1.2621708636827134],[37.028905767295306,-1.262206500722333],[37.02886563116665,-1.262219927813373]]]},"id":"001a0000000000034990","properties":{"FID":492534}},{"type":"Feature","geometry":{"type":"Polygon","coordinates":[[[37.02920457598165,-1.2555223140771588],[37.02923578372599,-1.2555669230173947],[37.02931155050364,-1.2555044810486788],[37.02928034279181,-1.2554643610357294],[37.02920457598165,-1.2555223140771588]]]},"id":"001a0000000000024626","properties":{"FID":492790}},{"type":"Feature","geometry":{"type":"Polygon","coordinates":[[[37.03548296055275,-1.2524499798134336],[37.0355052381759,-1.2524901232744967],[37.03557215290734,-1.2524499855285456],[37.03554987530469,-1.2524099011921486],[37.03548296055275,-1.2524499798134336]]]},"id":"001a0000000000028a10","properties":{"FID":493046}},{"type":"Feature","geometry":{"type":"Polygon","coordinates":[[[37.06581376227159,-1.2625944916306213],[37.06584495429867,-1.2626524307343556],[37.0658895727918,-1.2626301355014145],[37.06585838078389,-1.2625721964606216],[37.06581376227159,-1.2625944916306213]]]},"id":"001a000000000002a5cb","properties":{"FID":494326}},{"type":"Feature","geometry":{"type":"Polygon","coordinates":[[[37.02967719576802,-1.2335166862149278],[37.02971290833424,-1.2335746590961658],[37.02975746710786,-1.233543419751419],[37.029717331449014,-1.233485459729086],[37.02967719576802,-1.2335166862149278]]]},"id":"001a0000000000019dc6","properties":{"FID":489463}},{"type":"Feature","geometry":{"type":"Polygon","coordinates":[[[37.03504150183373,-1.249564979408893],[37.0350637795921,-1.2496051204910112],[37.03511283977856,-1.249578331916433],[37.03509056203522,-1.2495381908841274],[37.03504150183373,-1.249564979408893]]]},"id":"001a0000000000025f2a","properties":{"FID":489719}},{"type":"Feature","geometry":{"type":"Polygon","coordinates":[[[37.0291287271824,-1.2621753267354374],[37.029159934959274,-1.2622466439380127],[37.02921342227275,-1.262224370057197],[37.02918221451882,-1.262152993866768],[37.0291287271824,-1.2621753267354374]]]},"id":"001a000000000002139b","properties":{"FID":492535}},{"type":"Feature","geometry":{"type":"Polygon","coordinates":[[[37.028031777608625,-1.2555134022230672],[37.0280540575136,-1.2555535523398342],[37.02814325897656,-1.2555044723677709],[37.028120979098894,-1.2554643814062592],[37.028031777608625,-1.2555134022230672]]]},"id":"001a000000000002f94f","properties":{"FID":492791}},{"type":"Feature","geometry":{"type":"Polygon","coordinates":[[[37.06434673943204,-1.2625409568731851],[37.0644047037298,-1.262656910766711],[37.06449386058899,-1.2626167496734784],[37.06443589636242,-1.2624963673124467],[37.06434673943204,-1.2625409568731851]]]},"id":"001a00000000000357e6","properties":{"FID":494327}},{"type":"Feature","geometry":{"type":"Polygon","coordinates":[[[37.02726926013165,-1.2335122178953362],[37.027287117007845,-1.2335523612857326],[37.02734953412782,-1.2335256123377634],[37.02733167726694,-1.2334809829860778],[37.02726926013165,-1.2335122178953362]]]},"id":"001a0000000000024b9a","properties":{"FID":489464}},{"type":"Feature","geometry":{"type":"Polygon","coordinates":[[[37.037953278055156,-1.2495293017819997],[37.03796670969603,-1.2495694096930114],[37.03802019053419,-1.249551583447717],[37.038002336292436,-1.249511489292406],[37.037953278055156,-1.2495293017819997]]]},"id":"001a000000000001e247","properties":{"FID":489720}},{"type":"Feature","geometry":{"type":"Polygon","coordinates":[[[37.02945423756154,-1.2621530237677265],[37.029507724658664,-1.2622600063429394],[37.02957464490706,-1.262228825322579],[37.02952558098555,-1.262121769441188],[37.02945423756154,-1.2621530237677265]]]},"id":"001a000000000002d765","properties":{"FID":492536}},{"type":"Feature","geometry":{"type":"Polygon","coordinates":[[[37.02894590340183,-1.2554821726010448],[37.028990544555505,-1.2554777139268767],[37.028990544555505,-1.2554197724503122],[37.02894590340183,-1.255419742244917],[37.02894590340183,-1.2554821726010448]]]},"id":"001a0000000000027559","properties":{"FID":492792}},{"type":"Feature","geometry":{"type":"Polygon","coordinates":[[[37.02518685620031,-1.264172961926471],[37.02524042834858,-1.2643067772598962],[37.025338480022434,-1.264266624515786],[37.02528056647665,-1.264132881706532],[37.02518685620031,-1.264172961926471]]]},"id":"001a00000000000360d2","properties":{"FID":493560}},{"type":"Feature","geometry":{"type":"Polygon","coordinates":[[[37.06455182476928,-1.2624785542341252],[37.06460086504952,-1.2625632418146981],[37.06468560068101,-1.2625097503935034],[37.06463205759783,-1.262429448512091],[37.06455182476928,-1.2624785542341252]]]},"id":"001a0000000000034f4c","properties":{"FID":494328}},{"type":"Feature","geometry":{"type":"Polygon","coordinates":[[[37.02851341521054,-1.233521119419831],[37.02853118987057,-1.2335612635030282],[37.028611462474686,-1.2335300341874642],[37.02859360592346,-1.23348989150579],[37.02851341521054,-1.233521119419831]]]},"id":"001a000000000001b697","properties":{"FID":489465}},{"type":"Feature","geometry":{"type":"Polygon","coordinates":[[[37.036062667951256,-1.2493910544254938],[37.03608494539684,-1.2494311948177625],[37.036125077542614,-1.2494089231857717],[37.036102800109326,-1.2493687828345723],[37.036062667951256,-1.2493910544254938]]]},"id":"001a0000000000020aa0","properties":{"FID":489721}},{"type":"Feature","geometry":{"type":"Polygon","coordinates":[[[37.03159909666693,-1.2621218225107889],[37.03160351966704,-1.2621708390417388],[37.03163472638241,-1.262166362660858],[37.03163030338419,-1.2621173461555897],[37.03159909666693,-1.2621218225107889]]]},"id":"001a000000000001cd7d","properties":{"FID":492537}},{"type":"Feature","geometry":{"type":"Polygon","coordinates":[[[37.02638640415623,-1.2554197415137445],[37.02639533270319,-1.2554822035674476],[37.02648445428619,-1.2554687997892615],[37.02647560766335,-1.255406395541887],[37.02638640415623,-1.2554197415137445]]]},"id":"001a0000000000026c50","properties":{"FID":492793}},{"type":"Feature","geometry":{"type":"Polygon","coordinates":[[[37.02516015202604,-1.264088269452533],[37.02516908072343,-1.2641239244029978],[37.025244851735216,-1.2641061210585465],[37.02523592304712,-1.2640704070778725],[37.02516015202604,-1.264088269452533]]]},"id":"001a000000000001f96b","properties":{"FID":493561}},{"type":"Feature","geometry":{"type":"Polygon","coordinates":[[[37.061822873353556,-1.2613593042751157],[37.06183179754883,-1.2614038563867844],[37.061880839666586,-1.2613949514380456],[37.06186749431896,-1.2613459260479407],[37.061822873353556,-1.2613593042751157]]]},"id":"001a000000000001dab1","properties":{"FID":494329}},{"type":"Feature","geometry":{"type":"Polygon","coordinates":[[[37.03144298097222,-1.233454255472855],[37.031487620593836,-1.2335389376908863],[37.03152775527612,-1.2335166834174909],[37.031487620593836,-1.2334364139232337],[37.03144298097222,-1.233454255472855]]]},"id":"001a0000000000025b7d","properties":{"FID":489466}},{"type":"Feature","geometry":{"type":"Polygon","coordinates":[[[37.03649961586803,-1.2492305213714707],[37.03651747047872,-1.2492617589466373],[37.03655760238583,-1.2492394285771795],[37.03653974778499,-1.2492082500810289],[37.03649961586803,-1.2492305213714707]]]},"id":"001a0000000000025dbf","properties":{"FID":489722}},{"type":"Feature","geometry":{"type":"Polygon","coordinates":[[[37.02724697998641,-1.2621351624845059],[37.02726483686807,-1.2621708435652643],[37.027327254007155,-1.2621441084083136],[37.027309397140804,-1.2621084273785335],[37.02724697998641,-1.2621351624845059]]]},"id":"001a0000000000028714","properties":{"FID":492538}},{"type":"Feature","geometry":{"type":"Polygon","coordinates":[[[37.028968183026905,-1.2554331359444741],[37.029052960214386,-1.2556115252308657],[37.02910194254435,-1.2555847276515932],[37.02908416802374,-1.2555491105819947],[37.02916886316594,-1.25550896519982],[37.02910194254435,-1.2553707400336067],[37.028968183026905,-1.2554331359444741]]]},"id":"001a0000000000034a9e","properties":{"FID":492794}},{"type":"Feature","geometry":{"type":"Polygon","coordinates":[[[37.030390624674126,-1.2640748655577836],[37.030421913818486,-1.264155163310053],[37.030470895226884,-1.2641373339078916],[37.0304396880123,-1.264052604057363],[37.030390624674126,-1.2640748655577836]]]},"id":"001a000000000001e6a4","properties":{"FID":493562}},{"type":"Feature","geometry":{"type":"Polygon","coordinates":[[[37.06631316056951,-1.261274569142821],[37.066339931495975,-1.261337008074963],[37.06640239695268,-1.2613102256358606],[37.06637112329694,-1.2612433741589248],[37.06631316056951,-1.261274569142821]]]},"id":"001a000000000002fef9","properties":{"FID":494330}},{"type":"Feature","geometry":{"type":"Polygon","coordinates":[[[37.03046196717999,-1.2333561483610558],[37.03049325629366,-1.233409647400247],[37.03055116569109,-1.2333784279394782],[37.03052446348527,-1.233320486746987],[37.03046196717999,-1.2333561483610558]]]},"id":"001a000000000002c6bc","properties":{"FID":489467}},{"type":"Feature","geometry":{"type":"Polygon","coordinates":[[[37.03562121275089,-1.2492082400673852],[37.03563456291962,-1.2492617540771151],[37.03572817783761,-1.249239429617234],[37.03571482768607,-1.2491859747509706],[37.03562121275089,-1.2492082400673852]]]},"id":"001a000000000002f792","properties":{"FID":489723}},{"type":"Feature","geometry":{"type":"Polygon","coordinates":[[[37.029253558209554,-1.2620861171571987],[37.0292981991745,-1.2622065387329129],[37.02936503770566,-1.262184220366011],[37.02934726324932,-1.2621351879120184],[37.02937396588716,-1.2621262375212647],[37.02934726324932,-1.2620504743433787],[37.029253558209554,-1.2620861171571987]]]},"id":"001a00000000000378aa","properties":{"FID":492539}},{"type":"Feature","geometry":{"type":"Polygon","coordinates":[[[37.03099265166115,-1.255410846508977],[37.031050642569106,-1.2555089354890416],[37.03118882128354,-1.2554286900340466],[37.03116211931175,-1.2553796373358477],[37.031117479490426,-1.2554064213122682],[37.03108627255319,-1.2553573249082535],[37.03099265166115,-1.255410846508977]]]},"id":"001a0000000000036795","properties":{"FID":492795}},{"type":"Feature","geometry":{"type":"Polygon","coordinates":[[[37.02644431682206,-1.2640169247719604],[37.02649338282112,-1.2641818888594478],[37.026542448787104,-1.2641685474251019],[37.02649788804476,-1.2640035676352859],[37.02644431682206,-1.2640169247719604]]]},"id":"001a00000000000282d4","properties":{"FID":493563}},{"type":"Feature","geometry":{"type":"Polygon","coordinates":[[[37.06539909533606,-1.2611675370811841],[37.065443632234015,-1.2612255480395247],[37.06547932722807,-1.2611987381093803],[37.065434708482755,-1.261140787616102],[37.06539909533606,-1.2611675370811841]]]},"id":"001a000000000002e2f5","properties":{"FID":494331}},{"type":"Feature","geometry":{"type":"Polygon","coordinates":[[[37.03020338097928,-1.2333605823424185],[37.03022566021932,-1.233400711282115],[37.03029257980741,-1.233360609896056],[37.030270300587844,-1.2333204810275586],[37.03020338097928,-1.2333605823424185]]]},"id":"001a000000000001d1a1","properties":{"FID":489468}},{"type":"Feature","geometry":{"type":"Polygon","coordinates":[[[37.035795092363955,-1.2491146243102147],[37.035821874537774,-1.2491725819373494],[37.03588428433577,-1.2491413822934738],[37.03585750218492,-1.249083365708574],[37.035795092363955,-1.2491146243102147]]]},"id":"001a0000000000025e19","properties":{"FID":489724}},{"type":"Feature","geometry":{"type":"Polygon","coordinates":[[[37.0328476006342,-1.2620994857285122],[37.03286996097048,-1.2621485578689786],[37.03299920849384,-1.2620950175917278],[37.03298143492535,-1.2620459875411012],[37.0328476006342,-1.2620994857285122]]]},"id":"001a0000000000023ccf","properties":{"FID":492540}},{"type":"Feature","geometry":{"type":"Polygon","coordinates":[[[37.034015898525944,-1.255379609185081],[37.03406053656875,-1.2554554130533548],[37.03410509267956,-1.255428690345874],[37.034064959419204,-1.255357359721757],[37.034015898525944,-1.255379609185081]]]},"id":"001a0000000000031291","properties":{"FID":492796}},{"type":"Feature","geometry":{"type":"Polygon","coordinates":[[[37.03109077749245,-1.2639812172950753],[37.03111305646076,-1.2640347248878898],[37.03115319134968,-1.2640213555612758],[37.03113091239367,-1.2639678480135284],[37.03109077749245,-1.2639812172950753]]]},"id":"001a0000000000026e13","properties":{"FID":493564}},{"type":"Feature","geometry":{"type":"Polygon","coordinates":[[[37.06640239695268,-1.2611586551069989],[37.066424665097244,-1.2611987903085982],[37.06648704861292,-1.2611630935885378],[37.06646478048749,-1.2611229584517567],[37.06640239695268,-1.2611586551069989]]]},"id":"001a0000000000025ae1","properties":{"FID":494332}},{"type":"Feature","geometry":{"type":"Polygon","coordinates":[[[37.03103720965104,-1.2332892618703084],[37.0310729215497,-1.2333605727587307],[37.031117479490426,-1.2333383058053273],[37.031077344581796,-1.2332669487483026],[37.03103720965104,-1.2332892618703084]]]},"id":"001a000000000002af2f","properties":{"FID":489469}},{"type":"Feature","geometry":{"type":"Polygon","coordinates":[[[37.03788644741487,-1.249096765035236],[37.03793542379697,-1.2492216095142457],[37.03802019053419,-1.249190397091084],[37.03797113230894,-1.2490655541912805],[37.03788644741487,-1.249096765035236]]]},"id":"001a00000000000243f4","properties":{"FID":489725}},{"type":"Feature","geometry":{"type":"Polygon","coordinates":[[[37.02866495019132,-1.2620816573889628],[37.02870959151737,-1.2621886696874067],[37.028798792176744,-1.262148552450521],[37.028758655989094,-1.2620415246237962],[37.02866495019132,-1.2620816573889628]]]},"id":"001a0000000000027b27","properties":{"FID":492541}},{"type":"Feature","geometry":{"type":"Polygon","coordinates":[[[37.0292981991745,-1.2554465241243475],[37.02933383001676,-1.255508956096148],[37.02953893227298,-1.255388562478246],[37.02950330153115,-1.2553261308406392],[37.0292981991745,-1.2554465241243475]]]},"id":"001a00000000000381a7","properties":{"FID":492797}},{"type":"Feature","geometry":{"type":"Polygon","coordinates":[[[37.027831176245286,-1.2640392271635477],[37.02792480120521,-1.2640347747183123],[37.027920296069915,-1.263981264630629],[37.02783117624529,-1.2639857011402715],[37.027831176245286,-1.2640392271635477]]]},"id":"001a000000000001b898","properties":{"FID":493565}},{"type":"Feature","geometry":{"type":"Polygon","coordinates":[[[37.0667279041506,-1.260917831507702],[37.066759095784825,-1.2609802551414775],[37.06679479013195,-1.2609624207776435],[37.06676351664528,-1.2608999985591143],[37.0667279041506,-1.260917831507702]]]},"id":"001a000000000001acae","properties":{"FID":494333}},{"type":"Feature","geometry":{"type":"Polygon","coordinates":[[[37.03198258615901,-1.233280348417422],[37.03201379271178,-1.2333249351952968],[37.03204049437098,-1.2333070899929799],[37.03200928782966,-1.2332625032471665],[37.03198258615901,-1.233280348417422]]]},"id":"001a000000000002015e","properties":{"FID":489470}},{"type":"Feature","geometry":{"type":"Polygon","coordinates":[[[37.03634359259271,-1.2490075863699956],[37.03636586995224,-1.2490878192031],[37.03641492926039,-1.249074494479449],[37.03639265191588,-1.2489942026778178],[37.03634359259271,-1.2490075863699956]]]},"id":"001a0000000000027193","properties":{"FID":489726}},{"type":"Feature","geometry":{"type":"Polygon","coordinates":[[[37.0253340566415,-1.2620727662615039],[37.02535191399252,-1.2621664037706832],[37.025467822838756,-1.2621440966133448],[37.02544554214202,-1.262050473686992],[37.0253340566415,-1.2620727662615039]]]},"id":"001a0000000000033c17","properties":{"FID":492542}},{"type":"Feature","geometry":{"type":"Polygon","coordinates":[[[37.029512229695676,-1.2553127531976207],[37.02953450914736,-1.2553751691616872],[37.02961920376536,-1.2553395131688527],[37.02969505205332,-1.2555223006541507],[37.02973961083789,-1.2555044950372505],[37.0296415650939,-1.2552592315432842],[37.029512229695676,-1.2553127531976207]]]},"id":"001a000000000003af2c","properties":{"FID":492798}},{"type":"Feature","geometry":{"type":"Polygon","coordinates":[[[37.033810808891026,-1.2639767827818371],[37.03385986992261,-1.2640615070581729],[37.03394906426754,-1.2640124675206184],[37.033900003296125,-1.2639277434347653],[37.033810808891026,-1.2639767827818371]]]},"id":"001a0000000000037809","properties":{"FID":493566}},{"type":"Feature","geometry":{"type":"Polygon","coordinates":[[[37.06207700780633,-1.260806340142359],[37.06215732524317,-1.260922275688525],[37.0621929399803,-1.260900013170597],[37.06211270445589,-1.2607840763718092],[37.06207700780633,-1.260806340142359]]]},"id":"001a0000000000035b7c","properties":{"FID":494334}},{"type":"Feature","geometry":{"type":"Polygon","coordinates":[[[37.03223223820632,-1.2332669700105474],[37.032259021692,-1.2333115694125123],[37.032290228126186,-1.2332892244507079],[37.032263444651996,-1.2332491107964252],[37.03223223820632,-1.2332669700105474]]]},"id":"001a00000000000229f5","properties":{"FID":489471}},{"type":"Feature","geometry":{"type":"Polygon","coordinates":[[[37.03641935196767,-1.2489273359867774],[37.03643720659807,-1.2489674304023597],[37.03649519316563,-1.2489406735080384],[37.03647733854947,-1.2489005791481806],[37.03641935196767,-1.2489273359867774]]]},"id":"001a00000000000282de","properties":{"FID":489727}},{"type":"Feature","geometry":{"type":"Polygon","coordinates":[[[37.0342344199128,-1.2620371038657863],[37.03426562549956,-1.2621262556833],[37.034345891776695,-1.2620950319966417],[37.03431018148474,-1.2620103264445965],[37.0342344199128,-1.2620371038657863]]]},"id":"001a0000000000035930","properties":{"FID":492543}},{"type":"Feature","geometry":{"type":"Polygon","coordinates":[[[37.03149654851487,-1.2551878901848361],[37.031541106196144,-1.2552993707079867],[37.03166151008808,-1.2552547979723645],[37.03161695248055,-1.2551433177440228],[37.03149654851487,-1.2551878901848361]]]},"id":"001a000000000002e06f","properties":{"FID":492799}},{"type":"Feature","geometry":{"type":"Polygon","coordinates":[[[37.02792922442868,-1.263976803310724],[37.02794257600901,-1.2640169324233446],[37.028005074478244,-1.2639946241417994],[37.02801842604465,-1.2640347532333913],[37.02812990743305,-1.2639946152448436],[37.02810312242732,-1.2639187895890593],[37.02792922442868,-1.263976803310724]]]},"id":"001a000000000002ed8b","properties":{"FID":493567}},{"type":"Feature","geometry":{"type":"Polygon","coordinates":[[[37.064935304140604,-1.2605878534146089],[37.06495757273529,-1.2606279888661565],[37.06501111557834,-1.2605923213898786],[37.06499326796838,-1.2605566590701027],[37.064935304140604,-1.2605878534146089]]]},"id":"001a00000000000267da","properties":{"FID":494335}}]}